group,month,month_last_day,month_filings,avg_filings,month_diff,month_filings_imputed,baseline_share
White,05/2022,,1843,2356.66666666667,0.782036775106082,0.30214794322829,0.40218105881898
Latinx,05/2022,,3205,4363,0.734586293834518,0.521694731777724,0.447922709050363
Other,05/2022,,3166,4118.33333333333,0.768757588021044,0.0626926870339187,
Black,05/2022,,,,,0.0507719509261487,0.0460187942302487
Female,05/2022,,,,,0.532822637874649,0.520573108008817
