group,month,month_last_day,month_filings,avg_filings,month_diff,month_filings_imputed,baseline_share
White,05/2023,,2264,2356.66666666667,0.960678925035361,0.30236241465265,0.396447870465418
Latinx,05/2023,,3254,4363,0.745817098326839,0.525508399263032,0.447337839669966
Other,05/2023,,3728,4118.33333333333,0.905220558478349,0.122192261840251,
Black,05/2023,,,,,0.0499369242440663,0.056981270941876
Female,05/2023,,,,,0.533443214503206,0.520573108008817
