group,month,month_last_day,month_filings,avg_filings,month_diff,month_filings_imputed,baseline_share
White,02/2023,,2299,2356.66666666667,0.975530410183875,0.30458865248227,0.396447870465418
Latinx,02/2023,,3440,4363,0.788448315379326,0.519952336253651,0.447337839669966
Other,02/2023,,3853,4118.33333333333,0.935572642654796,0.125398518982061,
Black,02/2023,,,,,0.0500604922820192,0.056981270941876
Female,02/2023,,,,,0.534880742129582,0.520573108008817
