group,month,month_last_day,month_filings,avg_filings,month_diff,month_filings_imputed,baseline_share
White,04/2023,,2287,2356.66666666667,0.970438472418671,0.302820153879034,0.396447870465418
Latinx,04/2023,,3316,4363,0.760027504011002,0.523497221628553,0.447337839669966
Other,04/2023,,3768,4118.33333333333,0.914933225414812,0.123236802735627,
Black,04/2023,,,,,0.0504458217567856,0.056981270941876
Female,04/2023,,,,,0.533759983462723,0.520573108008817
