group,month,month_last_day,month_filings,avg_filings,month_diff,month_filings_imputed,baseline_share
White,06/2022,,1917,2356.66666666667,0.813437057991514,0.30214794322829,0.40218105881898
Latinx,06/2022,,3258,4363,0.746733898693559,0.521694731777724,0.447922709050363
Other,06/2022,,3307,4118.33333333333,0.802994738972076,0.0626926870339187,
Black,06/2022,,,,,0.0507719509261487,0.0460187942302487
Female,06/2022,,,,,0.532822637874649,0.520573108008817
