group,month,month_last_day,month_filings,avg_filings,month_diff,month_filings_imputed,baseline_share
White,06/2023,,2211,2356.66666666667,0.938189533239038,0.30071428978089,0.396447870465418
Latinx,06/2023,,3198,4363,0.732981893192757,0.528268588724191,0.447337839669966
Other,06/2023,,3670,4118.33333333333,0.891137191420478,0.121232875516786,
Black,06/2023,,,,,0.049784245978133,0.056981270941876
Female,06/2023,,,,,0.526195314034253,0.520573108008817
