group,month,month_last_day,month_filings,avg_filings,month_diff,month_filings_imputed,baseline_share
White,09/2022,,2102,2356.66666666667,0.891937765205092,0.306432196844312,0.396447870465418
Latinx,09/2022,,3391,4363,0.777217510887004,0.519672845636103,0.447337839669966
Other,09/2022,,3535,4118.33333333333,0.858356940509915,0.123195189230939,
Black,09/2022,,,,,0.0506997682886461,0.056981270941876
Female,09/2022,,,,,0.531397073612655,0.520573108008817
