group,month,month_last_day,month_filings,avg_filings,month_diff,month_filings_imputed,baseline_share
White,03/2023,,2316,2356.66666666667,0.982743988684583,0.303213069972683,0.396447870465418
Latinx,03/2023,,3411,4363,0.781801512720605,0.523029733137214,0.447337839669966
Other,03/2023,,3804,4118.33333333333,0.923674625657629,0.123756461441479,
Black,03/2023,,,,,0.0500007354486237,0.056981270941876
Female,03/2023,,,,,0.533487358218142,0.520573108008817
