group,month,month_last_day,month_filings,avg_filings,month_diff,month_filings_imputed,baseline_share
White,10/2023,,1956,2180.33333333333,0.89711053355756,0.340006817189547,0.396447870465418
Latinx,10/2023,,3438,4440,0.774324324324324,0.469167756120064,0.447337839669966
Other,10/2023,,3490,4217.66666666667,0.827471745831028,0.123621694530009,
Black,10/2023,,,,,0.0672037321603796,0.056981270941876
Female,10/2023,,,,,0.536559056858135,0.520573108008817
