group,month,month_last_day,month_filings,avg_filings,month_diff,month_filings_imputed,baseline_share
White,06/2023,,0,2356.66666666667,0,0.300694818081588,0.396447870465418
Latinx,06/2023,,0,4363,0,0.528305953693495,0.447337839669966
Other,06/2023,,0,4118.33333333333,0,0.121237596471885,
Black,06/2023,,,,,0.049761631753032,0.056981270941876
Female,06/2023,,,,,0.531511404862557,0.520573108008817
