group,month,month_last_day,month_filings,avg_filings,month_diff,month_filings_imputed,baseline_share
White,11/2022,,2221,2356.66666666667,0.942432814710043,0.304882154171067,0.396447870465418
Latinx,11/2022,,3466,4363,0.794407517763007,0.51825459345301,0.447337839669966
Other,11/2022,,3770,4118.33333333333,0.915418858761635,0.126411826821542,
Black,11/2022,,,,,0.0504514255543823,0.056981270941876
Female,11/2022,,,,,0.535509946390614,0.520573108008817
