group,month,month_last_day,month_filings,avg_filings,month_diff,month_filings_imputed,baseline_share
White,10/2022,,2149,2356.66666666667,0.911881188118812,0.307101353546291,0.396447870465418
Latinx,10/2022,,3398,4363,0.778821911528765,0.517409312398484,0.447337839669966
Other,10/2022,,3658,4118.33333333333,0.888223391339539,0.124727016783974,
Black,10/2022,,,,,0.0507623172712507,0.056981270941876
Female,10/2022,,,,,0.531397073612655,0.520573108008817
