group,month,month_last_day,month_filings,avg_filings,month_diff,month_filings_imputed,baseline_share
White,01/2023,,2296,2356.66666666667,0.974257425742574,0.305923826487846,0.396447870465418
Latinx,01/2023,,3478,4363,0.797157918863168,0.518513621123219,0.447337839669966
Other,01/2023,,3887,4118.33333333333,0.943828409550789,0.125157271584242,
Black,01/2023,,,,,0.0504052808046941,0.056981270941876
Female,01/2023,,,,,0.534179984390763,0.520573108008817
