group,month,month_last_day,month_filings,avg_filings,month_diff,month_filings_imputed,baseline_share
White,07/2023,,2217,2356.66666666667,0.940735502121641,0.301017700544656,0.396447870465418
Latinx,07/2023,,3180,4363,0.728856291542517,0.528117027921024,0.447337839669966
Other,07/2023,,3622,4118.33333333333,0.879481991096722,0.1211445854697,
Black,07/2023,,,,,0.04972068606462,0.056981270941876
Female,07/2023,,,,,0.531470841632363,0.520573108008817
