group,month,month_last_day,month_filings,avg_filings,month_diff,month_filings_imputed,baseline_share
White,09/2023,,1975,2180.33333333333,0.905824797431585,0.340006817189547,0.396447870465418
Latinx,09/2023,,3396,4440,0.764864864864865,0.469167756120064,0.447337839669966
Other,09/2023,,3494,4217.66666666667,0.828420137516794,0.123621694530009,
Black,09/2023,,,,,0.0672037321603796,0.056981270941876
Female,09/2023,,,,,0.536559056858135,0.520573108008817
