group,month,month_last_day,month_filings,avg_filings,month_diff,month_filings_imputed,baseline_share
White,08/2022,,2003,2356.66666666667,0.84992927864215,0.309956776887484,0.396447870465418
Latinx,08/2022,,3300,4363,0.756360302544121,0.516385058119851,0.447337839669966
Other,08/2022,,3533,4118.33333333333,0.857871307163092,0.061398262047173,
Black,08/2022,,,,,0.0508616408983185,0.056981270941876
Female,08/2022,,,,,0.528743460561382,0.520573108008817
