group,month,month_last_day,month_filings,avg_filings,month_diff,month_filings_imputed,baseline_share
White,08/2023,,1983,2180.33333333333,0.909493961168017,0.336703988251623,0.396447870465418
Latinx,08/2023,,3409,4440,0.767792792792793,0.472075530167833,0.447337839669966
Other,08/2023,,3570,4217.66666666667,0.846439579546353,0.12560109217764,
Black,08/2023,,,,,0.0656193894029042,0.056981270941876
Female,08/2023,,,,,0.53793010973943,0.520573108008817
