group,month,month_last_day,month_filings,avg_filings,month_diff,month_filings_imputed,baseline_share
White,04/2022,,1764,2356.66666666667,0.748514851485149,0.302585441468254,0.400369357459305
Latinx,04/2022,,3157,4363,0.723584689433876,0.522173115079365,0.451191329182267
Other,04/2022,,3014,4118.33333333333,0.731849453662485,0.0622406994047619,
Black,04/2022,,,,,0.0507600446428571,0.0506907791827714
Female,04/2022,,,,,0.534874911973939,
