month,month_last_day,month_filings,avg_filings,percentage_diff
January,,1337,1230.75,1.08632947389803
February,,1105,1031,1.0717749757517
March,,487,996.75,0.488587910709807
April,,0,997.625,0
May,,1,1172.875,0.000852605776404135
June,,61,1190.125,0.0512551202604769
July,,75,1314,0.0570776255707763
August,08/08/2020,21,398.875,0.0526480727044814
