month,month_last_day,month_filings,avg_filings,percentage_diff
January,,1337,1230.75,1.08632947389803
February,,1105,1031,1.0717749757517
March,,487,996.75,0.488587910709807
April,,0,997.625,0
May,,1,1172.875,0.000852605776404135
June,06/06/2020,18,251.875,0.0714640198511166
