month,month_last_day,month_filings,avg_filings,percentage_diff
January,,7,1269.96904761905,0.0055119453604981
February,,54,1076.42593795094,0.0501660152325884
March,,386,1062.46273448773,0.363306860062353
April,,0,1064.78629148629,0
May,,0,1246.18351370851,0
June,06/06/2020,18,278.154148629149,0.0647123190098403
