month,month_last_day,month_filings,avg_filings,percentage_diff
January,,1337,1230.75,1.08632947389803
February,,1105,1031,1.0717749757517
March,,487,996.75,0.488587910709807
April,,0,997.625,0
May,,1,1172.875,0.000852605776404135
June,,62,1190.125,0.0520953681335994
July,,75,1314,0.0570776255707763
August,,80,1321.625,0.0605315426085312
September,,840,1130.5,0.743034055727554
October,,485,1222.25,0.396809163428104
November,21/11/2020,276,776.875,0.35526950925181
