id,month_date,month_filings,month_rate,month_rate_scale_max,month_diff,pct_white,pct_black,pct_hispanic
13063040202,01/04/2025,235,0.433823529411765,0.780827149716281,1.09512761020882,0.0147329650092081,0.915285451197053,0.0423572744014733
13063040203,01/04/2025,594,0.599798387096774,0.780827149716281,1.26730564430245,0,0.918264379414733,0.0070635721493441
13063040204,01/04/2025,446,0.307216494845361,0.780827149716281,0.520979020979021,0.015818431911967,0.9353507565337,0.0591471801925722
13063040302,01/04/2025,222,0.163011695906433,0.780827149716281,0.645441389290883,0.0841258229700073,0.776152158010241,0.114118507681053
13063040306,01/04/2025,627,0.430431802604524,0.780827149716281,1.14598540145985,0.00754458161865569,0.755829903978052,0.200960219478738
13063040307,01/04/2025,57,0.109848484848485,0.780827149716281,0.734177215189873,0.161290322580645,0.590132827324478,0.187855787476281
13063040308,01/04/2025,181,0.170892018779343,0.780827149716281,1.14465408805031,0.218045112781955,0.659774436090226,0.110902255639098
13063040309,01/04/2025,101,0.133159268929504,0.780827149716281,0.80952380952381,0.0313725490196078,0.806535947712418,0.133333333333333
13063040310,01/04/2025,183,0.296774193548387,0.780827149716281,0.836363636363636,0.2859450726979,0.654281098546042,0.0258481421647819
13063040407,01/04/2025,100,0.201195219123506,0.780827149716281,0.785992217898833,0.167664670658683,0.582834331337325,0.157684630738523
13063040409,01/04/2025,237,0.33758865248227,0.780827149716281,0.773983739837398,0.154829545454545,0.637784090909091,0.0198863636363636
13063040410,01/04/2025,240,0.243434343434343,0.780827149716281,0.909433962264151,0.0273003033367037,0.728008088978767,0.153690596562184
13063040414,01/04/2025,128,0.342175066312997,0.780827149716281,1.22274881516588,0.122340425531915,0.683510638297872,0.194148936170213
13063040416,01/04/2025,181,0.473958333333333,0.780827149716281,1.23389830508475,0.0887728459530026,0.733681462140992,0.177545691906005
13063040417,01/04/2025,572,0.296124031007752,0.780827149716281,0.762982689747004,0.0124095139607032,0.927094105480869,0.047052740434333
13063040418,01/04/2025,12,0.206349206349206,0.780827149716281,0.68421052631579,0,1,0
13063040419,01/04/2025,506,0.41253051261188,0.780827149716281,1.15096481271283,0.134364820846906,0.777687296416938,0.0700325732899023
13063040420,01/04/2025,167,0.371681415929204,0.780827149716281,0.859335038363171,0.11529933481153,0.436807095343681,0.263858093126386
13063040421,01/04/2025,146,0.80327868852459,0.780827149716281,1.08088235294118,0,1,0
13063040422,01/04/2025,670,0.71005291005291,0.780827149716281,1.62273276904474,0,0.891949152542373,0.139830508474576
13063040423,01/04/2025,417,0.396584440227704,0.780827149716281,0.890308839190628,0.0693257359924027,0.864197530864198,0.0854700854700855
13063040424,01/04/2025,706,0.633512544802867,0.780827149716281,1.07856598016781,0.0170403587443946,0.765022421524664,0.138116591928251
13063040425,01/04/2025,174,0.262762762762763,0.780827149716281,0.708502024291498,0,0.769924812030075,0.230075187969925
13063040426,01/04/2025,73,0.191214470284238,0.780827149716281,0.510344827586207,0.116580310880829,0.564766839378238,0.158031088082902
13063040427,01/04/2025,117,0.229571984435798,0.780827149716281,0.907692307692308,0.0253411306042885,0.740740740740741,0.233918128654971
13063040509,01/04/2025,85,0.176229508196721,0.780827149716281,0.796296296296296,0.0574948665297741,0.942505133470226,0.0841889117043121
13063040510,01/04/2025,155,0.206896551724138,0.780827149716281,0.965944272445821,0.0730411686586986,0.861885790172643,0
13063040512,01/04/2025,394,0.429815016322089,0.780827149716281,0.782178217821782,0.0294117647058824,0.930283224400871,0.00980392156862745
13063040513,01/04/2025,97,0.167808219178082,0.780827149716281,0.937799043062201,0.0428816466552316,0.81303602058319,0
13063040518,01/04/2025,230,0.221052631578947,0.780827149716281,0.762376237623762,0.0919540229885057,0.898467432950192,0.010536398467433
13063040519,01/04/2025,902,0.395185995623632,0.780827149716281,0.902548725637181,0.0197022767075306,0.950963222416813,0
13063040521,01/04/2025,116,0.207079646017699,0.780827149716281,1.11428571428571,0.0177304964539007,0.847517730496454,0.159574468085106
13063040522,01/04/2025,492,0.452708907254362,0.780827149716281,0.991951710261569,0.0533088235294118,0.852941176470588,0.0625
13063040523,01/04/2025,109,0.180032733224223,0.780827149716281,0.849420849420849,0.0770491803278689,0.90327868852459,0.0934426229508197
13063040525,01/04/2025,102,0.275401069518717,0.780827149716281,0.891774891774892,0.0884718498659517,0.849865951742627,0.0482573726541555
13063040527,01/04/2025,406,0.534822601839685,0.780827149716281,0.919774011299435,0.0565789473684211,0.925,0
13063040528,01/04/2025,339,0.482954545454546,0.780827149716281,1.12211221122112,0.140825035561878,0.765291607396871,0.0327169274537696
13063040529,01/04/2025,94,0.199579831932773,0.780827149716281,0.931372549019608,0,0.932631578947368,0
13063040530,01/04/2025,445,0.507394766780432,0.780827149716281,0.877952755905512,0.0250569476082005,0.79498861047836,0.0660592255125285
13063040531,01/04/2025,548,0.636152954808807,0.780827149716281,1.24631101021566,0.0696055684454756,0.930394431554524,0.0174013921113689
13063040532,01/04/2025,189,0.390946502057613,0.780827149716281,1.17283950617284,0.0371134020618557,0.901030927835052,0
13063040533,01/04/2025,347,0.316651501364877,0.780827149716281,0.827586206896552,0.00910746812386157,0.913479052823315,0.0992714025500911
13063040534,01/04/2025,247,0.579439252336449,0.780827149716281,0.903460837887067,0.0749414519906323,0.925058548009368,0.0772833723653396
13063040535,01/04/2025,226,0.434034416826004,0.780827149716281,0.655122655122655,0.0574712643678161,0.942528735632184,0
13063040536,01/04/2025,93,0.166371681415929,0.780827149716281,0.8068669527897,0.0620567375886525,0.937943262411348,0
13063040537,01/04/2025,166,0.23422159887798,0.780827149716281,0.767816091954023,0.0365168539325843,0.957865168539326,0.0182584269662921
13063040538,01/04/2025,105,0.263681592039801,0.780827149716281,0.86530612244898,0.0224438902743142,0.977556109725686,0.0673316708229426
13063040606,01/04/2025,174,1.01156069364162,0.780827149716281,0.948509485094851,0.308139534883721,0.691860465116279,0
13063040609,01/04/2025,283,0.318029115341545,0.780827149716281,0.925081433224756,0.0560538116591928,0.827354260089686,0
13063040614,01/04/2025,41,0.148409893992933,0.780827149716281,0.91304347826087,0.205673758865248,0.620567375886525,0.124113475177305
13063040615,01/04/2025,49,0.248756218905473,0.780827149716281,0.909090909090909,0.06,0.7,0.01
13063040617,01/04/2025,182,1.22,0.780827149716281,1.29787234042553,0.161073825503356,0.530201342281879,0.36241610738255
13063040623,01/04/2025,483,0.88,0.780827149716281,1.15375446960667,0.034608378870674,0.610200364298725,0.216757741347905
13063040624,01/04/2025,173,0.935483870967742,0.780827149716281,1.29368029739777,0.259459459459459,0.427027027027027,0.156756756756757
13063040625,01/04/2025,380,0.510723860589812,0.780827149716281,1.06276150627615,0.142281879194631,0.857718120805369,0
13063040626,01/04/2025,88,0.183884297520661,0.780827149716281,0.679389312977099,0,0.886128364389234,0.200828157349897
13063040627,01/04/2025,83,0.17948717948718,0.780827149716281,0.708860759493671,0.233404710920771,0.753747323340471,0
13063040628,01/04/2025,32,0.532258064516129,0.780827149716281,0.825,0.19672131147541,0.80327868852459,0
13063040629,01/04/2025,173,0.325233644859813,0.780827149716281,0.697394789579158,0.157303370786517,0.593632958801498,0.200374531835206
13063040630,01/04/2025,481,0.37597503900156,0.780827149716281,1.02553191489362,0.11943793911007,0.797814207650273,0.0593286494925839
13063040631,01/04/2025,120,0.29368932038835,0.780827149716281,1.00833333333333,0.0535279805352798,0.875912408759124,0.0705596107055961
13063040632,01/04/2025,1308,0.628722382324688,0.780827149716281,0.90619591554171,0.0701585776069198,0.858721768380586,0.0538202787121576
13063040633,01/04/2025,98,0.173989455184534,0.780827149716281,1.02061855670103,0.11443661971831,0.748239436619718,0.0792253521126761
13063040634,01/04/2025,160,0.141850220264317,0.780827149716281,0.955489614243323,0.0811287477954145,0.888888888888889,0.0299823633156966
13063040635,01/04/2025,43,0.15547703180212,0.780827149716281,0.6875,0.148936170212766,0.666666666666667,0.170212765957447
13063040636,01/04/2025,76,0.855555555555556,0.780827149716281,1.07692307692308,0,0.707865168539326,0
13063040637,01/04/2025,291,0.720987654320988,0.780827149716281,0.758441558441558,0.136138613861386,0.863861386138614,0
13063040638,01/04/2025,63,0.215488215488215,0.780827149716281,0.955223880597015,0.135135135135135,0.733108108108108,0
13063040639,01/04/2025,36,1.23333333333333,0.780827149716281,0.732673267326733,0.413793103448276,0.586206896551724,0
13063980000,01/04/2025,0,1,0.780827149716281,0.666666666666667,,,
13067030104,01/04/2025,61,0.0776942355889724,0.780827149716281,1.10714285714286,0.580928481806775,0.328732747804266,0.0727728983688833
13067030107,01/04/2025,46,0.30718954248366,0.780827149716281,1.28767123287671,0.526315789473684,0.177631578947368,0.171052631578947
13067030108,01/04/2025,24,0.107758620689655,0.780827149716281,0.806451612903226,0.852813852813853,0,0.147186147186147
13067030109,01/04/2025,71,0.138195777351248,0.780827149716281,1.05882352941176,0.907692307692308,0,0.0923076923076923
13067030110,01/04/2025,44,0.201793721973094,0.780827149716281,1.2,0.463963963963964,0.301801801801802,0.234234234234234
13067030111,01/04/2025,32,0.121771217712177,0.780827149716281,1.15789473684211,0.67037037037037,0.2,0.12962962962963
13067030112,01/04/2025,153,0.188957055214724,0.780827149716281,1.46666666666667,0.572481572481573,0.341523341523342,0.0663390663390663
13067030113,01/04/2025,48,0.131367292225201,0.780827149716281,1.10112359550562,0.564516129032258,0.263440860215054,0.172043010752688
13067030220,01/04/2025,20,0.338709677419355,0.780827149716281,2.1,0.721311475409836,0.278688524590164,0
13067030233,01/04/2025,6,0.0813953488372093,0.780827149716281,0.274509803921569,0.682352941176471,0.317647058823529,0
13067030235,01/04/2025,8,0.111111111111111,0.780827149716281,0.947368421052632,0.525,0.0875,0.3875
13067030236,01/04/2025,6,0.152173913043478,0.780827149716281,1.16666666666667,0.244444444444444,0.755555555555556,0
13067030240,01/04/2025,38,0.0955882352941176,0.780827149716281,0.75,0.621621621621622,0.147420147420147,0.0368550368550369
13067030241,01/04/2025,7,0.5,0.780827149716281,0.761904761904762,1,0,0
13067030242,01/04/2025,42,0.225130890052356,0.780827149716281,1.16216216216216,0.342105263157895,0,0.468421052631579
13067030243,01/04/2025,34,0.110062893081761,0.780827149716281,1.42857142857143,0.498422712933754,0.0788643533123028,0.422712933753943
13067030244,01/04/2025,17,0.529411764705882,0.780827149716281,1.89473684210526,0,1,0
13067030245,01/04/2025,13,0.0593220338983051,0.780827149716281,0.933333333333333,0.859574468085106,0.140425531914894,0
13067030246,01/04/2025,42,0.241573033707865,0.780827149716281,1.50877192982456,0.909604519774011,0.0903954802259887,0
13067030247,01/04/2025,354,0.303418803418803,0.780827149716281,0.847255369928401,0.644995722840034,0.171086398631309,0.0325064157399487
13067030248,01/04/2025,257,0.125915080527086,0.780827149716281,0.735042735042735,0.44140625,0.42626953125,0.0107421875
13067030249,01/04/2025,168,0.205596107055961,0.780827149716281,1.14576271186441,0.657734470158344,0.342265529841657,0
13067030250,01/04/2025,7,0.666666666666667,0.780827149716281,0.484848484848485,0,0.727272727272727,0.272727272727273
13067030251,01/04/2025,8,0.111111111111111,0.780827149716281,0.857142857142857,1,0,0
13067030252,01/04/2025,5,0.117647058823529,0.780827149716281,0.333333333333333,0.24,0,0.76
13067030253,01/04/2025,11,0.0538116591928251,0.780827149716281,1.84615384615385,1,0,0
13067030254,01/04/2025,16,0.101190476190476,0.780827149716281,0.918918918918919,0.497005988023952,0.502994011976048,0
13067030255,01/04/2025,79,0.087719298245614,0.780827149716281,0.557491289198606,0.457738748627881,0.412733260153677,0.013172338090011
13067030256,01/04/2025,1,2,0.780827149716281,0.307692307692308,,,
13067030257,01/04/2025,129,0.114035087719298,0.780827149716281,1.04838709677419,0.476733977172959,0.402985074626866,0.120280948200176
13067030258,01/04/2025,188,0.324185248713551,0.780827149716281,3.85714285714286,0.721649484536083,0.194158075601375,0.084192439862543
13067030259,01/04/2025,132,0.368421052631579,0.780827149716281,0.988847583643123,0.486111111111111,0.322222222222222,0.191666666666667
13067030260,01/04/2025,46,0.150641025641026,0.780827149716281,0.783333333333333,0.218649517684887,0.360128617363344,0.39871382636656
13067030261,01/04/2025,41,0.149466192170819,0.780827149716281,1.15068493150685,0.532142857142857,0.285714285714286,0.139285714285714
13067030262,01/04/2025,13,0.0945945945945946,0.780827149716281,0.528301886792453,0.666666666666667,0.285714285714286,0.0476190476190476
13067030263,01/04/2025,17,0.105263157894737,0.780827149716281,1.24137931034483,0.676470588235294,0,0.323529411764706
13067030264,01/04/2025,10,0.207547169811321,0.780827149716281,2.75,1,0,0
13067030265,01/04/2025,9,1,0.780827149716281,0.952380952380952,1,0,0
13067030266,01/04/2025,7,0.156862745098039,0.780827149716281,1,0.36,0,0
13067030267,01/04/2025,7,0.150943396226415,0.780827149716281,1.45454545454545,1,0,0
13067030268,01/04/2025,4,0.714285714285714,0.780827149716281,2.5,1,0,0
13067030269,01/04/2025,23,0.521739130434783,0.780827149716281,1,1,0,0
13067030270,01/04/2025,12,1.85714285714286,0.780827149716281,0.553191489361702,1,0,0
13067030271,01/04/2025,17,0.0786026200873363,0.780827149716281,1.33333333333333,0.228070175438597,0.412280701754386,0
13067030272,01/04/2025,20,0.111702127659574,0.780827149716281,1.10526315789474,0.449197860962567,0.401069518716578,0
13067030273,01/04/2025,12,0.117117117117117,0.780827149716281,1.36842105263158,0.854545454545455,0,0
13067030274,01/04/2025,32,0.0870712401055409,0.780827149716281,1.15789473684211,0.338624338624339,0.346560846560847,0.182539682539683
13067030275,01/04/2025,72,0.115323854660348,0.780827149716281,0.802197802197802,0.488924050632911,0.213607594936709,0.0822784810126582
13067030276,01/04/2025,6,0.111111111111111,0.780827149716281,0.823529411764706,0.145161290322581,0.854838709677419,0
13067030277,01/04/2025,17,0.409090909090909,0.780827149716281,0.878048780487805,0.465116279069768,0.534883720930233,0.534883720930233
13067030278,01/04/2025,80,0.123287671232877,0.780827149716281,0.875675675675676,0.524390243902439,0.3125,0.120426829268293
13067030319,01/04/2025,6,0.0432098765432099,0.780827149716281,0.823529411764706,0.819875776397516,0.180124223602484,0
13067030322,01/04/2025,4,0.05,0.780827149716281,0.714285714285714,1,0,0
13067030324,01/04/2025,15,0.108108108108108,0.780827149716281,0.627450980392157,0.693877551020408,0.0884353741496599,0.217687074829932
13067030326,01/04/2025,1,0.0434782608695652,0.780827149716281,0.285714285714286,0.422222222222222,0,0.577777777777778
13067030327,01/04/2025,5,0.0205479452054795,0.780827149716281,0.461538461538462,0.367697594501718,0.615120274914089,0.0171821305841924
13067030329,01/04/2025,11,0.052863436123348,0.780827149716281,0.8,0.84070796460177,0.0929203539823009,0
13067030331,01/04/2025,1,0.0416666666666667,0.780827149716281,0.4,1,0,0
13067030332,01/04/2025,2,0.027027027027027,0.780827149716281,0.857142857142857,0.481818181818182,0.272727272727273,0.245454545454545
13067030334,01/04/2025,6,0.0679611650485437,0.780827149716281,0.933333333333333,0.901960784313725,0,0.0980392156862745
13067030335,01/04/2025,6,0.0569105691056911,0.780827149716281,2.8,0.655737704918033,0.10655737704918,0
13067030337,01/04/2025,2,0.0625,0.780827149716281,0.6,1,0,0
13067030340,01/04/2025,1,0.0327868852459016,0.780827149716281,0.333333333333333,0.766666666666667,0,0.233333333333333
13067030341,01/04/2025,8,0.0681818181818182,0.780827149716281,0.75,0.824427480916031,0.175572519083969,0
13067030342,01/04/2025,2,0.0201342281879195,0.780827149716281,0.4,0.722972972972973,0,0.162162162162162
13067030343,01/04/2025,3,0.129032258064516,0.780827149716281,0.888888888888889,1,0,0
13067030344,01/04/2025,402,0.220338983050847,0.780827149716281,0.876086956521739,0.24671772428884,0.605032822757112,0.0508752735229759
13067030345,01/04/2025,916,0.341654247391952,0.780827149716281,0.948784273150543,0.352217666790906,0.385016772269847,0.0421170331718226
13067030346,01/04/2025,19,0.0518134715025907,0.780827149716281,0.689655172413793,0.61038961038961,0.0831168831168831,0.306493506493506
13067030347,01/04/2025,22,0.0821428571428571,0.780827149716281,1.04545454545455,0.573476702508961,0.0896057347670251,0.336917562724014
13067030348,01/04/2025,18,0.0964467005076142,0.780827149716281,0.64406779661017,0.387755102040816,0.183673469387755,0.11734693877551
13067030349,01/04/2025,19,0.1,0.780827149716281,1.53846153846154,0.658291457286432,0,0.341708542713568
13067030350,01/04/2025,4,0.078125,0.780827149716281,0.4,1,0,0
13067030351,01/04/2025,8,0.176470588235294,0.780827149716281,2,1,0,0
13067030352,01/04/2025,5,0.024896265560166,0.780827149716281,4,0.85,0.15,0
13067030353,01/04/2025,147,0.2368,0.780827149716281,0.797843665768194,0.394230769230769,0.407051282051282,0.0256410256410256
13067030354,01/04/2025,38,0.0975,0.780827149716281,1.27868852459016,0.463659147869674,0.120300751879699,0
13067030355,01/04/2025,137,0.138972809667674,0.780827149716281,0.816568047337278,0.504032258064516,0.388104838709677,0.063508064516129
13067030356,01/04/2025,247,0.11017325633052,0.780827149716281,0.704545454545455,0.492444444444445,0.238666666666667,0.0737777777777778
13067030357,01/04/2025,2,0.1,0.780827149716281,0.75,1,0,0
13067030358,01/04/2025,8,0.126760563380282,0.780827149716281,0.947368421052632,0.757142857142857,0,0.242857142857143
13067030359,01/04/2025,3,0.0317460317460317,0.780827149716281,0.380952380952381,0.92,0,0.08
13067030360,01/04/2025,4,0.238095238095238,0.780827149716281,1.25,1,0,0
13067030361,01/04/2025,52,0.14441416893733,0.780827149716281,2.30434782608696,0.642076502732241,0.16120218579235,0.19672131147541
13067030362,01/04/2025,12,0.191176470588235,0.780827149716281,1.52941176470588,1,0,0
13067030363,01/04/2025,8,0.0508474576271187,0.780827149716281,0.642857142857143,1,0,0
13067030364,01/04/2025,5,0.0689655172413793,0.780827149716281,0.857142857142857,0.906976744186047,0.0930232558139535,0
13067030365,01/04/2025,4,0.0373134328358209,0.780827149716281,0.909090909090909,1,0,0
13067030366,01/04/2025,4,0.0892857142857143,0.780827149716281,1.11111111111111,0.145454545454545,0.2,0
13067030367,01/04/2025,4,0.0442477876106195,0.780827149716281,0.588235294117647,0.455357142857143,0.544642857142857,0
13067030368,01/04/2025,12,0.216666666666667,0.780827149716281,1.1304347826087,1,0,0
13067030369,01/04/2025,0,1,0.780827149716281,0.5,,,
13067030370,01/04/2025,3,0.363636363636364,0.780827149716281,0.8,0,0,0
13067030405,01/04/2025,372,0.200214707461084,0.780827149716281,0.577399380804954,0.370569280343716,0.481740064446831,0.112244897959184
13067030407,01/04/2025,32,0.0513219284603422,0.780827149716281,0.846153846153846,0.593457943925234,0.18380062305296,0.0514018691588785
13067030408,01/04/2025,87,0.20952380952381,0.780827149716281,1.70873786407767,0.298329355608592,0.28400954653938,0.176610978520286
13067030409,01/04/2025,10,0.161764705882353,0.780827149716281,1.46666666666667,0.656716417910448,0,0.343283582089552
13067030410,01/04/2025,102,0.0908289241622575,0.780827149716281,0.393881453154876,0.504854368932039,0.338923212709621,0.0626654898499559
13067030411,01/04/2025,310,0.434965034965035,0.780827149716281,1.10873440285205,0.287114845938375,0.480392156862745,0.235294117647059
13067030412,01/04/2025,400,0.248451053283767,0.780827149716281,0.935822637106184,0.372597644141352,0.367637941723497,0.169249845009299
13067030413,01/04/2025,706,0.341216216216216,0.780827149716281,1.17539484621779,0.434089811685176,0.436986962819894,0.0540801545147272
13067030414,01/04/2025,425,0.324200913242009,0.780827149716281,0.806818181818182,0.1995430312262,0.592536176694593,0.143183549124143
13067030505,01/04/2025,541,0.25374531835206,0.780827149716281,1.05962854349951,0.524121779859485,0.344730679156909,0.0543325526932084
13067030506,01/04/2025,139,0.132827324478178,0.780827149716281,0.546875,0.315289648622982,0.427350427350427,0.176638176638177
13067030507,01/04/2025,11,0.0579710144927536,0.780827149716281,0.545454545454545,0.645631067961165,0.271844660194175,0.0825242718446602
13067030508,01/04/2025,176,0.435960591133005,0.780827149716281,0.850961538461539,0.365432098765432,0.57037037037037,0.0641975308641975
13067030509,01/04/2025,5,0.0923076923076923,0.780827149716281,0.444444444444444,0.40625,0.59375,0
13067030510,01/04/2025,7,0.0284697508896797,0.780827149716281,1.23076923076923,0.503571428571429,0,0
13067030511,01/04/2025,34,0.0833333333333333,0.780827149716281,1.45833333333333,0.460620525059666,0.532219570405728,0
13067030602,01/04/2025,74,0.0857142857142857,0.780827149716281,0.961538461538461,0.82837528604119,0.104118993135011,0.0194508009153318
13067030603,01/04/2025,391,0.229642647920328,0.780827149716281,0.940047961630695,0.458968347010551,0.368112543962485,0.0439624853458382
13067030604,01/04/2025,400,0.387065637065637,0.780827149716281,0.960479041916168,0.473429951690821,0.466666666666667,0
13067030700,01/04/2025,109,0.102707749766573,0.780827149716281,0.912863070539419,0.431775700934579,0.314018691588785,0.245794392523365
13067030800,01/04/2025,92,0.10310421286031,0.780827149716281,1.10059171597633,0.290788013318535,0.241953385127636,0.405105438401776
13067030906,01/04/2025,100,0.154670750382848,0.780827149716281,0.534391534391534,0.168711656441718,0.503067484662577,0.200920245398773
13067030907,01/04/2025,63,0.139433551198257,0.780827149716281,0.53781512605042,0.460698689956332,0.493449781659389,0.0807860262008734
13067030908,01/04/2025,87,0.198198198198198,0.780827149716281,0.911917098445596,0.162528216704289,0.625282167042889,0.212189616252822
13067030909,01/04/2025,46,0.388429752066116,0.780827149716281,1.11904761904762,0.266666666666667,0.475,0.233333333333333
13067030910,01/04/2025,124,0.189969604863222,0.780827149716281,0.912408759124088,0.345509893455099,0.327245053272451,0.216133942161339
13067030911,01/04/2025,111,0.141951837769328,0.780827149716281,0.73202614379085,0.251269035532995,0.671319796954315,0.0774111675126904
13067030912,01/04/2025,208,0.189140271493213,0.780827149716281,0.985849056603774,0.278985507246377,0.327898550724638,0.34963768115942
13067031001,01/04/2025,199,0.168634064080944,0.780827149716281,0.87527352297593,0.153586497890295,0.365400843881857,0.443037974683544
13067031004,01/04/2025,293,0.147442326980943,0.780827149716281,0.927444794952681,0.116407425990968,0.599096838936277,0.268439538384345
13067031005,01/04/2025,71,0.163265306122449,0.780827149716281,1.13385826771654,0.120454545454545,0.543181818181818,0.336363636363636
13067031006,01/04/2025,97,0.109375,0.780827149716281,0.92018779342723,0.0446927374301676,0.23463687150838,0.645810055865922
13067031007,01/04/2025,332,0.215116279069767,0.780827149716281,1.02619414483821,0.110536522301228,0.65158371040724,0.214608920491273
13067031101,01/04/2025,330,0.22244623655914,0.780827149716281,0.970674486803519,0.265635507733692,0.462004034969738,0.255548083389375
13067031110,01/04/2025,59,0.129310344827586,0.780827149716281,1.11111111111111,0.570194384449244,0.213822894168467,0.177105831533477
13067031111,01/04/2025,26,0.0473684210526316,0.780827149716281,0.305084745762712,0.469244288224956,0.43585237258348,0.0263620386643234
13067031112,01/04/2025,158,0.164426059979317,0.780827149716281,1.46543778801843,0.280538302277433,0.5175983436853,0
13067031113,01/04/2025,171,0.282894736842105,0.780827149716281,1.26470588235294,0.14003294892916,0.644151565074135,0.204283360790774
13067031114,01/04/2025,364,0.119750656167979,0.780827149716281,0.751028806584362,0.274040039383,0.359041680341319,0.142763373810305
13067031115,01/04/2025,49,0.116822429906542,0.780827149716281,1.01010101010101,0.206088992974239,0.508196721311475,0.14519906323185
13067031116,01/04/2025,243,0.367469879518072,0.780827149716281,1.01666666666667,0.167420814479638,0.432880844645551,0.358974358974359
13067031117,01/04/2025,45,0.124661246612466,0.780827149716281,0.884615384615385,0.290760869565217,0.494565217391304,0.114130434782609
13067031118,01/04/2025,162,0.213071895424837,0.780827149716281,0.661257606490872,0.418848167539267,0.522251308900524,0
13067031119,01/04/2025,50,0.126550868486352,0.780827149716281,0.451327433628319,0.238805970149254,0.467661691542289,0.221393034825871
13067031120,01/04/2025,23,0.0556844547563805,0.780827149716281,0.872727272727273,0.111627906976744,0.42093023255814,0.125581395348837
13067031121,01/04/2025,174,0.196629213483146,0.780827149716281,0.627240143369176,0.302587176602925,0.507311586051744,0.115860517435321
13067031122,01/04/2025,39,0.112994350282486,0.780827149716281,0.987654320987654,0.515580736543909,0.328611898016997,0.0764872521246459
13067031207,01/04/2025,504,0.231333027943197,0.780827149716281,0.654569021386909,0.448212648945921,0.296975252062328,0.14711274060495
13067031209,01/04/2025,8,0.046875,0.780827149716281,1,0.774869109947644,0.225130890052356,0
13067031212,01/04/2025,7,0.0784313725490196,0.780827149716281,8,1,0,0
13067031213,01/04/2025,261,0.462897526501767,0.780827149716281,1.15418502202643,0.187610619469027,0.573451327433628,0
13067031214,01/04/2025,223,0.195633187772926,0.780827149716281,0.785964912280702,0.555944055944056,0.411713286713287,0
13067031215,01/04/2025,404,0.391682785299807,0.780827149716281,0.909090909090909,0.381413359148112,0.588576960309777,0.0300096805421104
13067031216,01/04/2025,149,0.13077593722755,0.780827149716281,0.691244239631336,0.201570680628272,0.486910994764398,0.0148342059336824
13067031217,01/04/2025,176,0.16358595194085,0.780827149716281,0.547987616099071,0.425531914893617,0.331174838112859,0.0434782608695652
13067031218,01/04/2025,172,0.252186588921283,0.780827149716281,0.800925925925926,0.353284671532847,0.52992700729927,0.0817518248175183
13067031219,01/04/2025,264,0.283119658119658,0.780827149716281,0.852090032154341,0.327272727272727,0.367914438502674,0.0941176470588235
13067031220,01/04/2025,149,0.15511892450879,0.780827149716281,0.694444444444445,0.43064182194617,0.358178053830228,0.082815734989648
13067031221,01/04/2025,137,0.280487804878049,0.780827149716281,1.45263157894737,0.366598778004073,0.505091649694501,0
13067031306,01/04/2025,136,0.184885290148448,0.780827149716281,1.39795918367347,0.0783783783783784,0.714864864864865,0.239189189189189
13067031308,01/04/2025,73,0.131438721136767,0.780827149716281,0.845714285714286,0.355871886120996,0.427046263345196,0.186832740213523
13067031314,01/04/2025,231,0.432835820895522,0.780827149716281,0.887189292543021,0.323364485981308,0.642990654205608,0
13067031315,01/04/2025,40,0.187214611872146,0.780827149716281,1.95238095238095,0.224770642201835,0.688073394495413,0
13067031316,01/04/2025,74,0.3,0.780827149716281,0.837988826815642,0.120481927710843,0.626506024096386,0.140562248995984
13067031317,01/04/2025,122,0.238834951456311,0.780827149716281,1,0.25875486381323,0.640077821011673,0.101167315175097
13067031318,01/04/2025,236,0.275261324041812,0.780827149716281,0.566308243727599,0.0116279069767442,0.791860465116279,0.0895348837209302
13067031319,01/04/2025,414,0.360556038227628,0.780827149716281,0.863683662851197,0.0573913043478261,0.718260869565217,0.261739130434783
13067031320,01/04/2025,306,0.213046495489244,0.780827149716281,0.857541899441341,0,0.909027777777778,0.160416666666667
13067031321,01/04/2025,356,0.836065573770492,0.780827149716281,0.950732356857523,0.117370892018779,0.485915492957747,0.396713615023474
13067031322,01/04/2025,88,0.202272727272727,0.780827149716281,0.757446808510638,0.0341685649202734,0.774487471526196,0.123006833712984
13067031323,01/04/2025,34,0.275590551181102,0.780827149716281,0.769230769230769,0.428571428571429,0.261904761904762,0.30952380952381
13067031324,01/04/2025,36,0.134057971014493,0.780827149716281,0.902439024390244,0.549090909090909,0.0290909090909091,0.349090909090909
13067031325,01/04/2025,23,0.648648648648649,0.780827149716281,1.6,0,1,0
13067031409,01/04/2025,131,0.295964125560538,0.780827149716281,1.0272373540856,0.251685393258427,0.674157303370787,0.114606741573034
13067031410,01/04/2025,41,0.116343490304709,0.780827149716281,0.976744186046512,0.241666666666667,0.511111111111111,0.247222222222222
13067031411,01/04/2025,43,0.126436781609195,0.780827149716281,0.409302325581395,0.400576368876081,0.599423631123919,0
13067031412,01/04/2025,404,0.343220338983051,0.780827149716281,1.2089552238806,0.158608990670059,0.815945716709076,0.0254452926208651
13067031413,01/04/2025,228,0.219769673704415,0.780827149716281,0.809187279151944,0.0528338136407301,0.595581171950048,0.351585014409222
13067031414,01/04/2025,49,0.188679245283019,0.780827149716281,1.0989010989011,0.136363636363636,0.863636363636364,0
13067031415,01/04/2025,33,0.125,0.780827149716281,0.931506849315068,0.169741697416974,0.634686346863469,0.195571955719557
13067031416,01/04/2025,66,0.20059880239521,0.780827149716281,0.765714285714286,0.036036036036036,0.780780780780781,0.183183183183183
13067031417,01/04/2025,94,0.172727272727273,0.780827149716281,1.15151515151515,0.26775956284153,0.635701275045537,0.0965391621129326
13067031506,01/04/2025,73,0.150101419878296,0.780827149716281,0.91358024691358,0.349593495934959,0.524390243902439,0.113821138211382
13067031507,01/04/2025,94,0.304487179487179,0.780827149716281,1.484375,0.0289389067524116,0.842443729903537,0.135048231511254
13067031510,01/04/2025,35,0.138996138996139,0.780827149716281,0.827586206896552,0.12015503875969,0.414728682170543,0.306201550387597
13067031511,01/04/2025,55,0.0886075949367089,0.780827149716281,0.910569105691057,0.358161648177496,0.591125198098257,0
13067031512,01/04/2025,128,0.418831168831169,0.780827149716281,1.68627450980392,0.201954397394137,0.752442996742671,0.0456026058631922
13067031513,01/04/2025,114,0.328571428571429,0.780827149716281,1.34502923976608,0.29512893982808,0.524355300859599,0.180515759312321
13067031514,01/04/2025,17,0.1875,0.780827149716281,0.620689655172414,0.2,0.252631578947368,0.547368421052632
13067031515,01/04/2025,48,0.256544502617801,0.780827149716281,0.924528301886792,0.394736842105263,0.4,0.0947368421052632
13067031516,01/04/2025,15,0.118518518518519,0.780827149716281,0.780487804878049,0.119402985074627,0.776119402985075,0.104477611940299
13067031517,01/04/2025,30,0.19375,0.780827149716281,0.71264367816092,0.371069182389937,0.628930817610063,0
13067031518,01/04/2025,51,0.248803827751196,0.780827149716281,1.11827956989247,0.158653846153846,0.841346153846154,0
13089020100,01/04/2025,3,0.0217391304347826,0.780827149716281,0.666666666666667,0.814207650273224,0.0327868852459016,0.0710382513661202
13089020200,01/04/2025,9,0.0224215246636771,0.780827149716281,0.952380952380952,0.626966292134831,0.0696629213483146,0
13089020300,01/04/2025,4,0.0191570881226054,0.780827149716281,0.714285714285714,0.896153846153846,0.0384615384615385,0.0653846153846154
13089020400,01/04/2025,12,0.0407523510971787,0.780827149716281,1.18181818181818,0.889937106918239,0.0251572327044025,0.0188679245283019
13089020500,01/04/2025,44,0.0652173913043478,0.780827149716281,0.967741935483871,0.359941944847605,0.519593613933237,0.0478955007256894
13089020600,01/04/2025,125,0.327272727272727,0.780827149716281,0.7875,0.294270833333333,0.375,0.213541666666667
13089020700,01/04/2025,153,0.228826151560178,0.780827149716281,0.885057471264368,0.370535714285714,0.305059523809524,0.324404761904762
13089020801,01/04/2025,3,0.0253164556962025,0.780827149716281,0.727272727272727,0.828025477707007,0.10828025477707,0.0636942675159236
13089020802,01/04/2025,96,0.221461187214612,0.780827149716281,0.984771573604061,0.221967963386728,0.736842105263158,0.0411899313501144
13089020901,01/04/2025,59,0.11472275334608,0.780827149716281,0.96,0.578544061302682,0.394636015325671,0
13089020902,01/04/2025,58,0.125265392781316,0.780827149716281,1.20408163265306,0.312765957446809,0.363829787234043,0
13089021101,01/04/2025,18,0.174311926605505,0.780827149716281,4.75,0.388888888888889,0.138888888888889,0.185185185185185
13089021103,01/04/2025,114,0.120671563483736,0.780827149716281,0.502183406113537,0.668067226890756,0.150210084033613,0.0976890756302521
13089021104,01/04/2025,88,0.204597701149425,0.780827149716281,0.81651376146789,0.831797235023042,0.168202764976959,0
13089021204,01/04/2025,84,0.112732095490716,0.780827149716281,1.88888888888889,0.0730411686586986,0.100929614873838,0.800796812749004
13089021208,01/04/2025,149,0.173410404624277,0.780827149716281,0.824175824175824,0.600694444444445,0.167824074074074,0.0231481481481482
13089021210,01/04/2025,5,0.0674157303370787,0.780827149716281,1,1,0,0
13089021211,01/04/2025,15,0.195121951219512,0.780827149716281,2.28571428571429,0.308641975308642,0.37037037037037,0.320987654320988
13089021213,01/04/2025,0,0.0909090909090909,0.780827149716281,0.333333333333333,0,0,0
13089021217,01/04/2025,46,0.154098360655738,0.780827149716281,0.734375,0.194078947368421,0.453947368421053,0.148026315789474
13089021219,01/04/2025,31,0.150234741784038,0.780827149716281,0.65979381443299,0.806603773584906,0.127358490566038,0
13089021220,01/04/2025,144,0.448916408668731,0.780827149716281,0.932475884244373,0.34472049689441,0.65527950310559,0
13089021221,01/04/2025,59,0.0833333333333333,0.780827149716281,0.461538461538462,0.442280945757997,0.340751043115438,0.0945757997218359
13089021222,01/04/2025,136,0.0879332477535302,0.780827149716281,1.25114155251142,0.474630700064226,0.350674373795761,0.0867052023121387
13089021223,01/04/2025,65,0.129158512720157,0.780827149716281,0.602739726027397,0.303921568627451,0.0372549019607843,0
13089021224,01/04/2025,263,0.158940397350993,0.780827149716281,0.818604651162791,0.179518072289157,0.640963855421687,0.0162650602409639
13089021225,01/04/2025,196,0.186200378071834,0.780827149716281,1.19393939393939,0.353831598864711,0.413434247871334,0.119205298013245
13089021226,01/04/2025,163,0.0952934340499709,0.780827149716281,0.777251184834123,0.284883720930233,0.420348837209302,0.0331395348837209
13089021227,01/04/2025,357,0.247408431237042,0.780827149716281,0.974149659863946,0.517289073305671,0.185338865836791,0.00829875518672199
13089021228,01/04/2025,0,1,0.780827149716281,0.5,,,
13089021229,01/04/2025,1,0.25,0.780827149716281,0.4,1,0,0
13089021230,01/04/2025,154,0.129490392648287,0.780827149716281,1.60621761658031,0.204849498327759,0.120401337792642,0.00585284280936455
13089021301,01/04/2025,361,0.262699564586357,0.780827149716281,1.07418397626113,0.279593318809005,0.339143064633261,0.201888162672476
13089021305,01/04/2025,186,0.182083739045764,0.780827149716281,0.720616570327553,0.14327485380117,0.367446393762183,0.447368421052632
13089021306,01/04/2025,381,0.353703703703704,0.780827149716281,1.09142857142857,0.253938832252085,0.181649675625579,0.443002780352178
13089021307,01/04/2025,76,0.147227533460803,0.780827149716281,1.24193548387097,0.306513409961686,0.0996168582375479,0.46360153256705
13089021308,01/04/2025,53,0.0700389105058366,0.780827149716281,0.923076923076923,0.131168831168831,0.268831168831169,0.494805194805195
13089021309,01/04/2025,67,0.161904761904762,0.780827149716281,1.15254237288136,0,0.37708830548926,0.529832935560859
13089021310,01/04/2025,33,0.0543130990415336,0.780827149716281,0.8,0.12,0.0608,0.5088
13089021405,01/04/2025,30,0.0511551155115512,0.780827149716281,0.584905660377359,0.609917355371901,0.152066115702479,0.188429752066116
13089021409,01/04/2025,54,0.0407407407407407,0.780827149716281,0.948275862068965,0.0652335063009637,0.544106745737583,0.289103039288362
13089021410,01/04/2025,212,0.166797180892717,0.780827149716281,1.11227154046997,0.209247648902821,0.240595611285267,0.502351097178683
13089021411,01/04/2025,38,0.0354868061874431,0.780827149716281,0.619047619047619,0.674863387978142,0.170309653916211,0.0500910746812386
13089021412,01/04/2025,9,0.0442477876106195,0.780827149716281,1.66666666666667,0.973333333333333,0.0266666666666667,0.0266666666666667
13089021415,01/04/2025,170,0.177754677754678,0.780827149716281,0.842364532019704,0.68678459937565,0.123829344432882,0.119667013527575
13089021416,01/04/2025,43,0.144736842105263,0.780827149716281,1.33333333333333,0.135313531353135,0.168316831683168,0.64026402640264
13089021417,01/04/2025,256,0.140821917808219,0.780827149716281,1.41208791208791,0.435855263157895,0.167214912280702,0.332236842105263
13089021418,01/04/2025,132,0.144408251900109,0.780827149716281,0.637889688249401,0.318478260869565,0.26195652173913,0.36195652173913
13089021419,01/04/2025,279,0.388888888888889,0.780827149716281,0.934891485809683,0.183588317107093,0.33240611961057,0.200278164116829
13089021420,01/04/2025,40,0.0907079646017699,0.780827149716281,3.15384615384615,0.0864745011086474,0.217294900221729,0.696230598669623
13089021421,01/04/2025,82,0.166332665330661,0.780827149716281,2.10126582278481,0.104417670682731,0.365461847389558,0.552208835341365
13089021502,01/04/2025,304,0.219740634005764,0.780827149716281,0.85195530726257,0.511175198269647,0.213410237923576,0.0418168709444845
13089021503,01/04/2025,366,0.44647201946472,0.780827149716281,0.780021253985122,0.372716199756395,0.295980511571255,0.148599269183922
13089021505,01/04/2025,41,0.0340356564019449,0.780827149716281,0.494117647058824,0.687753446877535,0.180859691808597,0.0397404703974047
13089021506,01/04/2025,13,0.0218068535825545,0.780827149716281,0.254545454545455,0.50390015600624,0.266770670826833,0.0062402496099844
13089021602,01/04/2025,36,0.0677655677655678,0.780827149716281,2.05555555555556,0.579816513761468,0.264220183486239,0.0348623853211009
13089021604,01/04/2025,19,0.273972602739726,0.780827149716281,5,1,0,0
13089021606,01/04/2025,118,0.162568306010929,0.780827149716281,1.06726457399103,0.564979480164159,0.21203830369357,0.102599179206566
13089021607,01/04/2025,97,0.220224719101124,0.780827149716281,0.707581227436823,0.472972972972973,0.25,0.135135135135135
13089021608,01/04/2025,340,0.232764505119454,0.780827149716281,0.796728971962617,0.259562841530055,0.455601092896175,0.069672131147541
13089021609,01/04/2025,25,0.109704641350211,0.780827149716281,0.456140350877193,0.36864406779661,0.317796610169492,0.279661016949153
13089021703,01/04/2025,5,0.0431654676258993,0.780827149716281,4,0.471014492753623,0.36231884057971,0
13089021707,01/04/2025,2,0.130434782608696,0.780827149716281,2,1,0,0
13089021708,01/04/2025,165,0.354700854700855,0.780827149716281,1.00302114803625,0.685224839400428,0.26338329764454,0.0513918629550321
13089021709,01/04/2025,453,0.565379825653798,0.780827149716281,2.92903225806452,0.125935162094763,0.551122194513716,0.117206982543641
13089021710,01/04/2025,37,0.345454545454545,0.780827149716281,1.04109589041096,0.256880733944954,0.743119266055046,0
13089021711,01/04/2025,102,0.365248226950355,0.780827149716281,0.911504424778761,0.580071174377224,0.0925266903914591,0.327402135231317
13089021712,01/04/2025,302,0.341216216216216,0.780827149716281,0.99835255354201,0.276211950394589,0.525366403607666,0.0834272829763247
13089021808,01/04/2025,122,0.26797385620915,0.780827149716281,1.32258064516129,0.22707423580786,0.421397379912664,0.231441048034935
13089021812,01/04/2025,18,0.0683453237410072,0.780827149716281,0.348623853211009,0.0505415162454874,0.324909747292419,0.606498194945848
13089021813,01/04/2025,535,0.533864541832669,0.780827149716281,0.950354609929078,0.0927218344965105,0.662013958125623,0.213359920239282
13089021815,01/04/2025,448,0.29099157485418,0.780827149716281,0.581229773462783,0.0557717250324254,0.671854734111543,0.191309987029831
13089021816,01/04/2025,49,0.234741784037559,0.780827149716281,0.598802395209581,0,0.339622641509434,0.542452830188679
13089021817,01/04/2025,35,0.363636363636364,0.780827149716281,1.38461538461538,0.326530612244898,0.469387755102041,0.204081632653061
13089021818,01/04/2025,75,0.168141592920354,0.780827149716281,0.464831804281346,0.534368070953437,0.272727272727273,0.16629711751663
13089021819,01/04/2025,25,0.213114754098361,0.780827149716281,0.396946564885496,0.0991735537190083,0.900826446280992,0
13089021820,01/04/2025,177,0.194323144104804,0.780827149716281,0.521229868228404,0.186885245901639,0.813114754098361,0
13089021821,01/04/2025,3,0.0287769784172662,0.780827149716281,1.6,1,0,0
13089021822,01/04/2025,7,0.0198511166253102,0.780827149716281,0.5,0.771144278606965,0.0522388059701493,0.131840796019901
13089021823,01/04/2025,237,0.385737439222042,0.780827149716281,1.51592356687898,0.381493506493507,0.404220779220779,0.0649350649350649
13089021824,01/04/2025,119,0.215439856373429,0.780827149716281,1.05263157894737,0.188848920863309,0.564748201438849,0.18705035971223
13089021906,01/04/2025,232,0.284841075794621,0.780827149716281,0.966804979253112,0.0391676866585067,0.960832313341493,0.00122399020807834
13089021908,01/04/2025,531,0.403948367501898,0.780827149716281,1.04827586206897,0.0531914893617021,0.878419452887538,0.013677811550152
13089021910,01/04/2025,250,0.232407407407407,0.780827149716281,1.11804008908686,0.103799814643188,0.846153846153846,0.0500463392029657
13089021911,01/04/2025,755,0.733980582524272,0.780827149716281,2.04600811907984,0.0184645286686103,0.924198250728863,0.0573372206025267
13089021912,01/04/2025,3,0.0952380952380952,0.780827149716281,1.14285714285714,0.707317073170732,0.292682926829268,0
13089021913,01/04/2025,720,0.38805166846071,0.780827149716281,0.690613026819923,0.117932148626817,0.783521809369952,0.0231556273559505
13089021914,01/04/2025,228,0.284119106699752,0.780827149716281,1.06511627906977,0.0919254658385093,0.885714285714286,0.031055900621118
13089021915,01/04/2025,44,0.158450704225352,0.780827149716281,1.23287671232877,0.614840989399293,0.385159010600707,0
13089021916,01/04/2025,186,0.22209026128266,0.780827149716281,0.649305555555556,0.0927467300832342,0.845422116527943,0.00237812128418549
13089021917,01/04/2025,356,0.380597014925373,0.780827149716281,0.614457831325301,0.0490928495197439,0.891141942369264,0.00533617929562433
13089022001,01/04/2025,105,0.149295774647887,0.780827149716281,0.636636636636637,0.552891396332863,0.34132581100141,0.0860366713681241
13089022005,01/04/2025,224,0.208333333333333,0.780827149716281,0.974025974025974,0.136237256719184,0.767377201112141,0.0148285449490269
13089022007,01/04/2025,310,0.336580086580087,0.780827149716281,0.746698679471789,0.0682556879739978,0.617551462621885,0.0314192849404117
13089022010,01/04/2025,10,0.0491071428571429,0.780827149716281,0.956521739130435,0.0852017937219731,0.322869955156951,0.0269058295964126
13089022011,01/04/2025,116,0.10427807486631,0.780827149716281,0.496815286624204,0.0472792149866191,0.605709188224799,0
13089022012,01/04/2025,95,0.136557610241821,0.780827149716281,1.31506849315068,0.0555555555555556,0.282051282051282,0.0170940170940171
13089022013,01/04/2025,521,0.558288770053476,0.780827149716281,0.837881219903692,0.0728051391862955,0.86830835117773,0.0235546038543897
13089022014,01/04/2025,113,0.178125,0.780827149716281,0.631578947368421,0,0.78716744913928,0
13089022015,01/04/2025,10,0.0452674897119342,0.780827149716281,0.785714285714286,0.268595041322314,0.305785123966942,0
13089022016,01/04/2025,111,0.24507658643326,0.780827149716281,0.817518248175183,0.105263157894737,0.798245614035088,0.0460526315789474
13089022100,01/04/2025,130,0.170351105331599,0.780827149716281,0.9812734082397,0.16015625,0.786458333333333,0.00651041666666667
13089022203,01/04/2025,184,0.206473214285714,0.780827149716281,0.822222222222222,0.498324022346369,0.310614525139665,0.0212290502793296
13089022205,01/04/2025,145,0.182728410513141,0.780827149716281,0.610878661087866,0.304511278195489,0.368421052631579,0.107769423558897
13089022206,01/04/2025,250,0.276127612761276,0.780827149716281,1.1952380952381,0.294052863436123,0.229074889867841,0.0429515418502203
13089022302,01/04/2025,59,0.0806451612903226,0.780827149716281,1.36363636363636,0.717362045760431,0.146702557200538,0
13089022303,01/04/2025,53,0.120267260579065,0.780827149716281,0.319526627218935,0.459821428571429,0.513392857142857,0
13089022304,01/04/2025,24,0.0320102432778489,0.780827149716281,0.847457627118644,0.28974358974359,0.155128205128205,0.0884615384615385
13089022401,01/04/2025,21,0.0312056737588653,0.780827149716281,0.289473684210526,0.610795454545455,0.0397727272727273,0.0625
13089022403,01/04/2025,4,0.0568181818181818,0.780827149716281,1.11111111111111,0.540229885057471,0.310344827586207,0
13089022404,01/04/2025,12,0.0152224824355972,0.780827149716281,0.464285714285714,0.559202813599062,0.252051582649472,0.0328253223915592
13089022405,01/04/2025,20,0.0658307210031348,0.780827149716281,7,0.355345911949686,0.119496855345912,0.0283018867924528
13089022501,01/04/2025,60,0.0639412997903564,0.780827149716281,1.15094339622642,0.32109129066107,0.520461699895068,0.10912906610703
13089022502,01/04/2025,1,0.00921658986175115,0.780827149716281,0.5,0.819444444444445,0,0.180555555555556
13089022601,01/04/2025,38,0.0372848948374761,0.780827149716281,0.906976744186047,0.573205741626794,0.31866028708134,0.0593301435406699
13089022602,01/04/2025,2,0.0348837209302326,0.780827149716281,0.4,0.447058823529412,0.152941176470588,0.164705882352941
13089022700,01/04/2025,14,0.0457317073170732,0.780827149716281,0.75,0.281345565749235,0.63302752293578,0.0244648318042813
13089022800,01/04/2025,12,0.0419354838709678,0.780827149716281,1.85714285714286,0.663430420711974,0.148867313915858,0.0129449838187702
13089022900,01/04/2025,131,0.434210526315789,0.780827149716281,0.67175572519084,0.471947194719472,0.442244224422442,0.0495049504950495
13089023000,01/04/2025,9,0.0340136054421769,0.780827149716281,0.512820512820513,0.703071672354949,0.177474402730375,0.068259385665529
13089023101,01/04/2025,177,0.262150220913108,0.780827149716281,1.20677966101695,0.24188790560472,0.715339233038348,0.00737463126843658
13089023102,01/04/2025,119,0.159574468085106,0.780827149716281,0.699708454810496,0.109187749667111,0.870838881491345,0
13089023107,01/04/2025,150,0.219476744186047,0.780827149716281,0.904191616766467,0.243085880640466,0.673944687045124,0.0975254730713246
13089023108,01/04/2025,389,0.358126721763085,0.780827149716281,0.987341772151899,0.104779411764706,0.84375,0.0211397058823529
13089023111,01/04/2025,136,0.528957528957529,0.780827149716281,3.01098901098901,0.104651162790698,0.875968992248062,0
13089023112,01/04/2025,667,0.386127167630058,0.780827149716281,1.21234119782214,0.0688259109311741,0.86871023713129,0.0676691729323308
13089023113,01/04/2025,211,0.204238921001927,0.780827149716281,1.43728813559322,0.182256509161041,0.722275795564127,0
13089023114,01/04/2025,39,0.0985221674876847,0.780827149716281,0.792079207920792,0.0395061728395062,0.851851851851852,0.0592592592592593
13089023115,01/04/2025,0,1,0.780827149716281,1,,,
13089023209,01/04/2025,126,0.319899244332494,0.780827149716281,0.861016949152542,0.123737373737374,0.876262626262626,0.00757575757575758
13089023211,01/04/2025,230,0.357032457496136,0.780827149716281,0.745161290322581,0.0139318885448916,0.851393188854489,0
13089023212,01/04/2025,167,0.276771004942339,0.780827149716281,0.716417910447761,0,0.925742574257426,0.127062706270627
13089023213,01/04/2025,243,0.199346405228758,0.780827149716281,0.919020715630885,0.0588716271463614,0.874080130825838,0
13089023214,01/04/2025,610,0.487240829346093,0.780827149716281,0.932824427480916,0.0598563447725459,0.928172386272945,0
13089023215,01/04/2025,94,0.26685393258427,0.780827149716281,0.87962962962963,0,0.529577464788732,0
13089023216,01/04/2025,96,0.15251572327044,0.780827149716281,0.894009216589862,0,1,0
13089023217,01/04/2025,88,0.231770833333333,0.780827149716281,0.956989247311828,0,1,0
13089023218,01/04/2025,507,0.512096774193548,0.780827149716281,0.878133102852204,0.101917255297679,0.886982845610494,0.00605449041372351
13089023219,01/04/2025,38,0.207446808510638,0.780827149716281,0.728971962616822,0.106951871657754,0.764705882352941,0
13089023220,01/04/2025,67,0.207951070336391,0.780827149716281,1.088,0.122699386503067,0.858895705521472,0.107361963190184
13089023221,01/04/2025,70,0.166666666666667,0.780827149716281,0.80225988700565,0,0.830588235294118,0.110588235294118
13089023222,01/04/2025,386,0.406086044071354,0.780827149716281,1.92059553349876,0,0.963235294117647,0.0367647058823529
13089023311,01/04/2025,58,0.122406639004149,0.780827149716281,0.887218045112782,0.0166320166320166,0.983367983367983,0
13089023313,01/04/2025,149,0.283018867924528,0.780827149716281,0.821917808219178,0,0.98109640831758,0.0189035916824197
13089023315,01/04/2025,170,0.606382978723404,0.780827149716281,1.25735294117647,0.0249110320284698,0.861209964412811,0.113879003558719
13089023317,01/04/2025,295,0.351961950059453,0.780827149716281,1.00851788756388,0.030952380952381,0.926190476190476,0.030952380952381
13089023318,01/04/2025,89,0.355731225296443,0.780827149716281,0.9375,0.0753968253968254,0.884920634920635,0.0396825396825397
13089023319,01/04/2025,277,0.411242603550296,0.780827149716281,1.00724637681159,0,0.902222222222222,0.0503703703703704
13089023320,01/04/2025,849,0.586206896551724,0.780827149716281,0.956668542487338,0,0.970324361628709,0.041407867494824
13089023321,01/04/2025,445,0.352848101265823,0.780827149716281,0.967462039045553,0,1,0.0182106096595408
13089023322,01/04/2025,142,0.21122599704579,0.780827149716281,1.02142857142857,0.0650887573964497,0.869822485207101,0
13089023323,01/04/2025,69,0.619469026548673,0.780827149716281,1.02941176470588,0,1,0
13089023324,01/04/2025,51,0.225108225108225,0.780827149716281,0.838709677419355,0,1,0
13089023325,01/04/2025,80,0.368181818181818,0.780827149716281,1.09459459459459,0,1,0
13089023326,01/04/2025,206,0.452954048140044,0.780827149716281,0.739285714285714,0.195175438596491,0.796052631578947,0.0087719298245614
13089023327,01/04/2025,309,0.32325338894682,0.780827149716281,0.932330827067669,0.0636743215031315,0.936325678496868,0
13089023328,01/04/2025,150,0.203778677462888,0.780827149716281,0.742014742014742,0,0.932432432432432,0
13089023329,01/04/2025,79,0.355555555555556,0.780827149716281,0.92485549132948,0.15625,0.75,0
13089023330,01/04/2025,55,0.674698795180723,0.780827149716281,0.64367816091954,0,1,0
13089023331,01/04/2025,91,0.172932330827068,0.780827149716281,0.769874476987448,0.0414312617702448,0.958568738229755,0.0357815442561205
13089023332,01/04/2025,53,0.213438735177866,0.780827149716281,0.744827586206897,0,1,0
13089023410,01/04/2025,840,0.691043549712408,0.780827149716281,1.04342431761787,0.0518092105263158,0.912828947368421,0
13089023411,01/04/2025,120,0.200663349917081,0.780827149716281,0.648793565683646,0.0581395348837209,0.941860465116279,0
13089023413,01/04/2025,75,0.524137931034483,0.780827149716281,0.980645161290323,0,1,0
13089023422,01/04/2025,150,0.248355263157895,0.780827149716281,0.724220623501199,0.0444810543657331,0.955518945634267,0.0477759472817133
13089023424,01/04/2025,119,0.32258064516129,0.780827149716281,0.661157024793388,0,0.902964959568733,0.0592991913746631
13089023425,01/04/2025,288,0.639380530973451,0.780827149716281,1.07037037037037,0,1,0
13089023426,01/04/2025,82,0.212820512820513,0.780827149716281,0.878306878306878,0,0.994858611825193,0
13089023427,01/04/2025,51,0.269430051813472,0.780827149716281,0.68421052631579,0,0.8125,0.151041666666667
13089023429,01/04/2025,105,0.104125736738703,0.780827149716281,0.686084142394822,0,0.992133726647001,0.0147492625368732
13089023430,01/04/2025,630,0.563392857142857,0.780827149716281,0.781908302354399,0,1,0
13089023431,01/04/2025,347,0.751619870410367,0.780827149716281,1.89645776566758,0,1,0.0822510822510823
13089023432,01/04/2025,75,0.278388278388278,0.780827149716281,0.873563218390805,0,0.856617647058824,0
13089023433,01/04/2025,119,0.217785843920145,0.780827149716281,0.888888888888889,0,0.745454545454546,0.254545454545455
13089023434,01/04/2025,111,0.373333333333333,0.780827149716281,0.777777777777778,0,1,0
13089023435,01/04/2025,353,0.295739348370927,0.780827149716281,0.885,0.0836120401337793,0.916387959866221,0
13089023436,01/04/2025,93,0.357414448669202,0.780827149716281,1.01075268817204,0.0343511450381679,0.965648854961832,0
13089023437,01/04/2025,83,0.388888888888889,0.780827149716281,0.852791878172589,0.0651162790697674,0.934883720930232,0
13089023438,01/04/2025,235,0.347569955817379,0.780827149716281,0.965235173824131,0,0.874631268436578,0.0693215339233038
13089023439,01/04/2025,879,1.19891008174387,0.780827149716281,2.04176334106729,0.0736698499317872,0.926330150068213,0
13089023440,01/04/2025,291,0.350119904076739,0.780827149716281,1.00343642611684,0.078031212484994,0.921968787515006,0
13089023441,01/04/2025,45,0.184738955823293,0.780827149716281,0.621621621621622,0,0.838709677419355,0.092741935483871
13089023442,01/04/2025,257,0.469945355191257,0.780827149716281,1.22857142857143,0,0.970802919708029,0.0291970802919708
13089023443,01/04/2025,111,0.41635687732342,0.780827149716281,0.96551724137931,0.0485074626865672,0.951492537313433,0
13089023444,01/04/2025,316,1.08561643835616,0.780827149716281,1.39955849889625,0.120274914089347,0.745704467353952,0.134020618556701
13089023445,01/04/2025,63,0.385542168674699,0.780827149716281,0.766467065868264,0,1,0
13089023446,01/04/2025,53,0.166666666666667,0.780827149716281,0.534653465346535,0,1,0
13089023447,01/04/2025,46,0.37007874015748,0.780827149716281,1.09302325581395,0,1,0
13089023448,01/04/2025,203,0.408,0.780827149716281,0.983132530120482,0,1,0
13089023501,01/04/2025,347,0.43609022556391,0.780827149716281,1.13725490196078,0.0991217063989962,0.851944792973651,0
13089023504,01/04/2025,122,0.147482014388489,0.780827149716281,0.661290322580645,0.0384153661464586,0.929171668667467,0.0132052821128451
13089023505,01/04/2025,56,0.161931818181818,0.780827149716281,0.991304347826087,0.0170940170940171,0.9002849002849,0.0113960113960114
13089023506,01/04/2025,218,0.347068145800317,0.780827149716281,0.739864864864865,0.104761904761905,0.8,0
13089023507,01/04/2025,157,0.35827664399093,0.780827149716281,0.918604651162791,0,0.906818181818182,0.0363636363636364
13089023601,01/04/2025,21,0.057742782152231,0.780827149716281,0.8,0.405263157894737,0.542105263157895,0.0157894736842105
13089023602,01/04/2025,269,1.07569721115538,0.780827149716281,1.33333333333333,0.088,0.888,0.008
13089023603,01/04/2025,431,0.566186107470511,0.780827149716281,1.74898785425101,0.13254593175853,0.805774278215223,0
13089023701,01/04/2025,265,0.668341708542714,0.780827149716281,0.889632107023411,0.181360201511335,0.695214105793451,0.0428211586901763
13089023702,01/04/2025,305,0.280733944954128,0.780827149716281,1.46762589928058,0.086317722681359,0.905417814508724,0
13089023801,01/04/2025,121,0.332425068119891,0.780827149716281,0.71976401179941,0.265027322404372,0.617486338797814,0.0355191256830601
13089023802,01/04/2025,296,0.35956416464891,0.780827149716281,1.62295081967213,0.140606060606061,0.762424242424243,0.0460606060606061
13089023803,01/04/2025,76,0.106648199445983,0.780827149716281,0.806282722513089,0.216366158113731,0.736477115117892,0.0402219140083218
13089980000,01/04/2025,0,1,0.780827149716281,1,,,
13121000100,01/04/2025,167,0.267942583732057,0.780827149716281,0.859335038363171,0.916932907348243,0,0.0638977635782748
13121000201,01/04/2025,5,0.0169014084507042,0.780827149716281,1.33333333333333,0.864406779661017,0,0.135593220338983
13121000202,01/04/2025,6,0.0226537216828479,0.780827149716281,1.55555555555556,1,0,0
13121000400,01/04/2025,38,0.10655737704918,0.780827149716281,4.33333333333333,0.835616438356164,0.0465753424657534,0.0547945205479452
13121000501,01/04/2025,257,0.272151898734177,0.780827149716281,0.637824474660074,0.526927138331573,0.215417106652587,0.107708553326294
13121000502,01/04/2025,7,0.036697247706422,0.780827149716281,1.6,0.557603686635945,0.442396313364055,0.0967741935483871
13121000601,01/04/2025,482,0.398186314921682,0.780827149716281,0.979716024340771,0.49009900990099,0.216996699669967,0.107260726072607
13121000602,01/04/2025,159,0.129345189975748,0.780827149716281,1.31147540983607,0.434466019417476,0.243527508090615,0.0550161812297735
13121000700,01/04/2025,110,0.74496644295302,0.780827149716281,2.64285714285714,0.418918918918919,0.256756756756757,0.283783783783784
13121001001,01/04/2025,321,0.38748495788207,0.780827149716281,1.20373831775701,0.691566265060241,0.0951807228915663,0.0530120481927711
13121001002,01/04/2025,309,0.644490644490645,0.780827149716281,1.30252100840336,0.402083333333333,0.3,0.075
13121001101,01/04/2025,42,0.0805243445692884,0.780827149716281,0.704918032786885,0.694183864915572,0.165103189493433,0
13121001102,01/04/2025,144,0.0958994708994709,0.780827149716281,0.986394557823129,0.847782925215089,0.0628722700198544,0.0357379219060225
13121001203,01/04/2025,103,0.0579064587973274,0.780827149716281,0.705084745762712,0.622284122562674,0.257938718662953,0.0579387186629526
13121001204,01/04/2025,26,0.039647577092511,0.780827149716281,0.818181818181818,0.838235294117647,0.0367647058823529,0.05
13121001205,01/04/2025,258,0.433110367892977,0.780827149716281,1.60869565217391,0.3785594639866,0.296482412060302,0.0268006700167504
13121001206,01/04/2025,215,0.189640035118525,0.780827149716281,1.7007874015748,0.520210896309315,0.137082601054482,0.0536028119507909
13121001301,01/04/2025,15,0.0150943396226415,0.780827149716281,1.06666666666667,0.868744098205855,0.0151085930122757,0.0670443814919736
13121001302,01/04/2025,45,0.0822898032200358,0.780827149716281,0.601307189542484,0.566308243727599,0.344086021505376,0.021505376344086
13121001400,01/04/2025,17,0.0242914979757085,0.780827149716281,0.461538461538462,0.817567567567568,0.0256756756756757,0.0297297297297297
13121001501,01/04/2025,26,0.026973026973027,0.780827149716281,0.710526315789474,0.711,0.273,0
13121001502,01/04/2025,6,0.0142276422764228,0.780827149716281,0.35,0.794297352342159,0,0.179226069246436
13121001600,01/04/2025,33,0.0367965367965368,0.780827149716281,1.38775510204082,0.867822318526544,0.0812567713976165,0.0173347778981582
13121001701,01/04/2025,71,0.139805825242718,0.780827149716281,0.672897196261682,0.398832684824903,0.507782101167315,0.0603112840466926
13121001702,01/04/2025,59,0.0390625,0.780827149716281,0.96,0.752442996742671,0.221498371335505,0.0182410423452769
13121001801,01/04/2025,186,0.145865834633385,0.780827149716281,1.55833333333333,0.215456674473068,0.63544106167057,0.105386416861827
13121001802,01/04/2025,182,0.230769230769231,0.780827149716281,0.75776397515528,0.32449494949495,0.51010101010101,0.0467171717171717
13121001901,01/04/2025,135,0.781609195402299,0.780827149716281,1.47027027027027,0,0.92485549132948,0.0751445086705202
13121001902,01/04/2025,224,0.30949105914718,0.780827149716281,1.56794425087108,0.212121212121212,0.709366391184573,0.0137741046831956
13121002100,01/04/2025,482,0.886238532110092,0.780827149716281,1.09772727272727,0.154411764705882,0.540441176470588,0
13121002300,01/04/2025,72,0.158695652173913,0.780827149716281,1.25862068965517,0,0.938997821350763,0.0130718954248366
13121002400,01/04/2025,204,0.278154681139756,0.780827149716281,1.07049608355091,0.0597826086956522,0.932065217391304,0
13121002500,01/04/2025,85,0.0876656472986748,0.780827149716281,0.728813559322034,0.0357142857142857,0.877551020408163,0.0530612244897959
13121002600,01/04/2025,86,0.180497925311203,0.780827149716281,1.17567567567568,0,0.925155925155925,0.00207900207900208
13121002801,01/04/2025,116,0.128854625550661,0.780827149716281,0.617414248021108,0.442116868798236,0.405733186328556,0.0584343991179713
13121002802,01/04/2025,453,0.81508078994614,0.780827149716281,1.05581395348837,0.158273381294964,0.733812949640288,0.0485611510791367
13121002900,01/04/2025,62,0.0845637583892617,0.780827149716281,0.67741935483871,0.564516129032258,0.301075268817204,0.021505376344086
13121003000,01/04/2025,38,0.0439684329199549,0.780827149716281,0.484472049689441,0.796839729119639,0.064334085778781,0.0406320541760722
13121003100,01/04/2025,47,0.0594795539033457,0.780827149716281,0.527472527472528,0.390818858560794,0.557071960297767,0.173697270471464
13121003200,01/04/2025,71,0.156862745098039,0.780827149716281,1.87012987012987,0.731441048034935,0.0982532751091703,0.122270742358079
13121003500,01/04/2025,519,0.597014925373134,0.780827149716281,1.61993769470405,0.191954022988506,0.75632183908046,0
13121003600,01/04/2025,97,0.207188160676533,0.780827149716281,0.780876494023904,0.0127118644067797,0.968220338983051,0
13121003700,01/04/2025,87,0.598639455782313,0.780827149716281,1.44262295081967,0,0.856164383561644,0
13121003800,01/04/2025,47,0.207792207792208,0.780827149716281,0.578313253012048,0.091304347826087,0.769565217391304,0.139130434782609
13121003900,01/04/2025,104,0.265822784810127,0.780827149716281,0.878661087866109,0.0177664974619289,0.964467005076142,0.0177664974619289
13121004000,01/04/2025,48,0.0782747603833866,0.780827149716281,0.933333333333333,0.0096,0.9216,0.0352
13121004100,01/04/2025,64,0.22108843537415,0.780827149716281,0.99236641221374,0.0887372013651877,0.911262798634812,0.0443686006825939
13121004200,01/04/2025,173,0.153034300791557,0.780827149716281,0.776785714285714,0,1,0
13121004300,01/04/2025,127,0.342245989304813,0.780827149716281,0.666666666666667,0.0857908847184987,0.914209115281501,0
13121004400,01/04/2025,266,0.2,0.780827149716281,1.068,0.0314842578710645,0.874062968515742,0
13121004800,01/04/2025,318,0.43878954607978,0.780827149716281,0.870395634379263,0.0771349862258953,0.816804407713499,0.0165289256198347
13121004900,01/04/2025,75,0.180094786729858,0.780827149716281,1.04827586206897,0.382422802850356,0.513064133016627,0.0213776722090261
13121005000,01/04/2025,261,0.302191464821223,0.780827149716281,0.707152496626181,0.38568129330254,0.457274826789838,0.0531177829099307
13121005200,01/04/2025,152,0.376847290640394,0.780827149716281,1.34801762114537,0.6,0.288888888888889,0.0691358024691358
13121005300,01/04/2025,83,0.277227722772277,0.780827149716281,1.90909090909091,0.582781456953642,0.360927152317881,0.0198675496688742
13121005501,01/04/2025,488,0.719117647058824,0.780827149716281,1.74021352313167,0.136966126656848,0.795287187039764,0.0515463917525773
13121005503,01/04/2025,472,0.749603803486529,0.780827149716281,1.28010825439783,0,1,0
13121005504,01/04/2025,128,0.44636678200692,0.780827149716281,1.1025641025641,0.107638888888889,0.892361111111111,0
13121005700,01/04/2025,142,0.278752436647173,0.780827149716281,1.1259842519685,0,0.955078125,0
13121005800,01/04/2025,67,0.279835390946502,0.780827149716281,1.15254237288136,0.107438016528926,0.632231404958678,0.0619834710743802
13121006000,01/04/2025,160,0.202770780856423,0.780827149716281,0.825641025641026,0.0327868852459016,0.958385876418663,0
13121006100,01/04/2025,77,0.116591928251121,0.780827149716281,1.18181818181818,0.00748502994011976,0.944610778443114,0.0239520958083832
13121006200,01/04/2025,69,0.2734375,0.780827149716281,1.2962962962963,0.0196078431372549,0.980392156862745,0
13121006300,01/04/2025,122,0.26226012793177,0.780827149716281,0.904411764705882,0.0277777777777778,0.923076923076923,0.0170940170940171
13121006400,01/04/2025,95,0.419213973799127,0.780827149716281,0.868778280542987,0.144736842105263,0.723684210526316,0.131578947368421
13121006500,01/04/2025,102,0.165329052969502,0.780827149716281,1.27160493827161,0.176848874598071,0.821543408360129,0
13121006601,01/04/2025,73,0.290196078431373,0.780827149716281,1.52577319587629,0.145669291338583,0.830708661417323,0.0196850393700787
13121006602,01/04/2025,65,0.252873563218391,0.780827149716281,0.851612903225806,0,1,0
13121006701,01/04/2025,81,0.117142857142857,0.780827149716281,1.26153846153846,0.067238912732475,0.848354792560801,0.0758226037195994
13121006702,01/04/2025,115,0.262443438914027,0.780827149716281,1.38922155688623,0,0.984126984126984,0
13121006801,01/04/2025,0,1,0.780827149716281,1,,,
13121006802,01/04/2025,10,0.0242290748898678,0.780827149716281,0.594594594594595,0.0375275938189845,0.962472406181016,0
13121006900,01/04/2025,142,0.251760563380282,0.780827149716281,1.34272300469484,0.282186948853616,0.62610229276896,0.116402116402116
13121007001,01/04/2025,151,0.168327796234773,0.780827149716281,1.04109589041096,0.0232815964523282,0.966740576496674,0.0354767184035477
13121007002,01/04/2025,119,0.206185567010309,0.780827149716281,0.933852140077821,0,1,0
13121007100,01/04/2025,132,0.258252427184466,0.780827149716281,1.22018348623853,0.0642023346303502,0.900778210116732,0.0350194552529183
13121007200,01/04/2025,148,0.45565749235474,0.780827149716281,1.10780669144981,0.0460122699386503,0.858895705521472,0.0122699386503067
13121007301,01/04/2025,242,0.163967611336032,0.780827149716281,1.07284768211921,0,0.935178933153275,0.0405131667792032
13121007302,01/04/2025,209,0.23972602739726,0.780827149716281,0.740740740740741,0.0605714285714286,0.853714285714286,0
13121007400,01/04/2025,182,0.174119885823026,0.780827149716281,1.06086956521739,0.0361904761904762,0.858095238095238,0.0961904761904762
13121007500,01/04/2025,295,0.303901437371663,0.780827149716281,1.00851788756388,0.0585817060637205,0.883864337101747,0.013360739979445
13121007602,01/04/2025,91,0.159722222222222,0.780827149716281,1.0887573964497,0.0121739130434783,0.987826086956522,0
13121007603,01/04/2025,438,0.234258271077908,0.780827149716281,0.986516853932584,0.0266951414842499,0.94020288307528,0.0282968499733049
13121007604,01/04/2025,441,0.417769376181474,0.780827149716281,0.969298245614035,0.076631977294229,0.902554399243141,0.0075685903500473
13121007703,01/04/2025,72,0.0983827493261455,0.780827149716281,0.263063063063063,0.0229419703103914,0.977058029689609,0
13121007705,01/04/2025,717,0.43914373088685,0.780827149716281,1.795,0.00305997552019584,0.982252141982864,0.00550795593635251
13121007707,01/04/2025,86,0.266871165644172,0.780827149716281,1.52631578947368,0,1,0
13121007708,01/04/2025,412,0.511138613861386,0.780827149716281,1.13305898491084,0,0.973977695167286,0
13121007709,01/04/2025,254,0.358649789029536,0.780827149716281,0.694822888283379,0.143661971830986,0.71830985915493,0
13121007710,01/04/2025,365,0.227188081936685,0.780827149716281,1.46107784431138,0.0149068322981366,0.985093167701863,0
13121007711,01/04/2025,211,0.306801736613604,0.780827149716281,0.824902723735409,0.0478260869565217,0.952173913043478,0
13121007805,01/04/2025,334,0.22758152173913,0.780827149716281,1.20071684587814,0.008837525492862,0.951053704962611,0.0339904826648538
13121007806,01/04/2025,308,0.256006628003314,0.780827149716281,0.889208633093525,0.0182421227197347,0.959369817578773,0
13121007807,01/04/2025,84,0.135135135135135,0.780827149716281,0.53125,0.0222929936305732,0.977707006369427,0
13121007808,01/04/2025,427,0.390154968094804,0.780827149716281,1.86086956521739,0,0.986313868613139,0.0136861313868613
13121007809,01/04/2025,179,0.487804878048781,0.780827149716281,2.1301775147929,0,1,0
13121007810,01/04/2025,576,0.390656736628301,0.780827149716281,1.0359066427289,0.0311653116531165,0.867886178861789,0.0291327913279133
13121007900,01/04/2025,125,0.250497017892644,0.780827149716281,1.60509554140127,0,1,0
13121008000,01/04/2025,136,0.154802259887006,0.780827149716281,1.25114155251142,0.00678733031674208,0.757918552036199,0
13121008103,01/04/2025,518,0.373112868439971,0.780827149716281,1.48710601719198,0,0.941007194244604,0.0546762589928058
13121008104,01/04/2025,223,0.270858524788392,0.780827149716281,1.21739130434783,0,0.970944309927361,0
13121008202,01/04/2025,252,0.474671669793621,0.780827149716281,1.51044776119403,0.0225563909774436,0.926691729323308,0.0507518796992481
13121008203,01/04/2025,126,0.132984293193717,0.780827149716281,1.3956043956044,0,1,0
13121008204,01/04/2025,89,0.164835164835165,0.780827149716281,0.857142857142857,0.0293577981651376,0.970642201834862,0
13121008301,01/04/2025,99,0.177304964539007,0.780827149716281,1.24223602484472,0,1,0
13121008302,01/04/2025,169,0.550161812297735,0.780827149716281,1.67487684729064,0,1,0
13121008400,01/04/2025,223,0.297082228116711,0.780827149716281,1.24791086350975,0.100929614873838,0.869853917662683,0
13121008500,01/04/2025,212,0.46304347826087,0.780827149716281,1.05185185185185,0.106753812636166,0.87363834422658,0
13121008601,01/04/2025,204,0.144163150492264,0.780827149716281,0.755064456721915,0,0.983814215341309,0.0161857846586911
13121008602,01/04/2025,164,0.434210526315789,0.780827149716281,1.35245901639344,0.0316622691292876,0.931398416886544,0
13121008701,01/04/2025,238,0.219467401285583,0.780827149716281,0.881918819188192,0.130514705882353,0.730698529411765,0.0404411764705882
13121008702,01/04/2025,205,0.307922272047833,0.780827149716281,1.12261580381471,0.0269461077844311,0.973053892215569,0
13121008801,01/04/2025,49,0.212765957446809,0.780827149716281,1.53846153846154,0.5,0.5,0
13121008802,01/04/2025,41,0.135922330097087,0.780827149716281,0.694214876033058,0.201298701298701,0.461038961038961,0.275974025974026
13121008903,01/04/2025,353,0.534743202416918,0.780827149716281,1.06626506024096,0.278366111951589,0.53857791225416,0.114977307110439
13121008905,01/04/2025,713,0.363728986245543,0.780827149716281,1.01061571125265,0.515800203873598,0.340978593272171,0.0535168195718654
13121008906,01/04/2025,34,0.380434782608696,0.780827149716281,2.59259259259259,0.483516483516484,0.406593406593407,0.10989010989011
13121008907,01/04/2025,280,0.319681456200228,0.780827149716281,0.924342105263158,0.681093394077449,0.193621867881549,0.0216400911161731
13121008908,01/04/2025,469,0.656424581005587,0.780827149716281,0.989473684210526,0.297902097902098,0.66993006993007,0.0265734265734266
13121008909,01/04/2025,39,0.254777070063694,0.780827149716281,0.459770114942529,0.455128205128205,0.544871794871795,0
13121009001,01/04/2025,295,0.257839721254355,0.780827149716281,0.983388704318937,0.420226678291194,0.342632955536181,0.0784655623365301
13121009002,01/04/2025,0,0.0113636363636364,0.780827149716281,0.666666666666667,0.896551724137931,0,0
13121009103,01/04/2025,130,0.105136436597111,0.780827149716281,0.813664596273292,0.620883534136546,0.171887550200803,0.036144578313253
13121009104,01/04/2025,84,0.0939226519337017,0.780827149716281,0.546623794212219,0.746681415929204,0.173672566371681,0.0785398230088496
13121009105,01/04/2025,51,0.742857142857143,0.780827149716281,1.35064935064935,1,0,0
13121009106,01/04/2025,290,0.341148886283705,0.780827149716281,0.809457579972184,0.352112676056338,0.300469483568075,0.117370892018779
13121009201,01/04/2025,123,0.18960244648318,0.780827149716281,0.818481848184818,0.234303215926493,0.430321592649311,0.218989280245023
13121009202,01/04/2025,215,0.157894736842105,0.780827149716281,0.669767441860465,0.408193123628383,0.382589612289685,0.0907095830285296
13121009203,01/04/2025,347,0.282009724473258,0.780827149716281,0.790909090909091,0.256285482562855,0.689375506893755,0.0770478507704785
13121009301,01/04/2025,8,0.0230179028132992,0.780827149716281,1,0.646153846153846,0.130769230769231,0.182051282051282
13121009302,01/04/2025,45,0.0773109243697479,0.780827149716281,0.657142857142857,0.772727272727273,0.0589225589225589,0.132996632996633
13121009405,01/04/2025,415,0.196504487482286,0.780827149716281,0.949771689497717,0.401228733459357,0.325141776937618,0.0614366729678639
13121009406,01/04/2025,309,0.418353576248313,0.780827149716281,0.793854033290653,0.425675675675676,0.264864864864865,0.236486486486487
13121009407,01/04/2025,95,0.25531914893617,0.780827149716281,0.82051282051282,0.237333333333333,0.397333333333333,0
13121009408,01/04/2025,175,0.178680203045685,0.780827149716281,1.24822695035461,0.397357723577236,0.399390243902439,0.0193089430894309
13121009409,01/04/2025,154,0.228276877761414,0.780827149716281,0.805194805194805,0.635693215339233,0.169616519174041,0.0943952802359882
13121009410,01/04/2025,125,0.154411764705882,0.780827149716281,1.3695652173913,0.666257668711657,0.208588957055215,0.0122699386503067
13121009411,01/04/2025,9,0.0666666666666667,0.780827149716281,0.8,0.724832214765101,0.275167785234899,0
13121009501,01/04/2025,42,0.14527027027027,0.780827149716281,0.452631578947368,0.728813559322034,0.0915254237288136,0.0915254237288136
13121009503,01/04/2025,112,0.156726768377254,0.780827149716281,1.56944444444444,0.598611111111111,0.241666666666667,0
13121009504,01/04/2025,161,0.238586156111929,0.780827149716281,0.388023952095808,0.613569321533923,0.221238938053097,0.100294985250737
13121009601,01/04/2025,294,0.253001715265866,0.780827149716281,1.30242825607064,0.661802575107296,0.124463519313305,0.032618025751073
13121009604,01/04/2025,181,0.333333333333333,0.780827149716281,1.48571428571429,0.662385321100917,0.170642201834862,0.0293577981651376
13121009605,01/04/2025,217,0.146112600536193,0.780827149716281,0.895277207392197,0.563380281690141,0.331321260898726,0.0335345405767941
13121009606,01/04/2025,7,0.137931034482759,0.780827149716281,2.28571428571429,0.754385964912281,0,0.245614035087719
13121009607,01/04/2025,258,0.185264663805436,0.780827149716281,0.818325434439178,0.657838224767359,0.192555476020043,0.0279169649248389
13121009700,01/04/2025,112,1.08653846153846,0.780827149716281,0.949579831932773,0.883495145631068,0,0.116504854368932
13121009802,01/04/2025,15,0.0220994475138122,0.780827149716281,0.60377358490566,0.69432918395574,0.239280774550484,0.0221300138312586
13121009803,01/04/2025,67,0.0864040660736976,0.780827149716281,0.743169398907104,0.83587786259542,0.16412213740458,0
13121009804,01/04/2025,0,0.05,0.780827149716281,0.666666666666667,1,0,0
13121009900,01/04/2025,58,0.107664233576642,0.780827149716281,0.7375,0.912248628884826,0,0.0237659963436929
13121010003,01/04/2025,217,0.310984308131241,0.780827149716281,1.06082725060827,0.707142857142857,0.254285714285714,0
13121010004,01/04/2025,4,0.217391304347826,0.780827149716281,2,1,0,0
13121010005,01/04/2025,2,0.136363636363636,0.780827149716281,1,0.523809523809524,0,0
13121010006,01/04/2025,471,0.294631710362047,0.780827149716281,0.54598033545402,0.661461586508432,0.175515302935665,0.0268582136164897
13121010007,01/04/2025,4,0.028735632183908,0.780827149716281,2,1,0,0
13121010106,01/04/2025,210,0.260493827160494,0.780827149716281,0.799242424242424,0.431396786155748,0.46229913473424,0.0580964153275649
13121010107,01/04/2025,3,0.571428571428571,0.780827149716281,2.66666666666667,1,0,0
13121010108,01/04/2025,40,0.0929705215419501,0.780827149716281,0.569444444444445,0.761363636363636,0.190909090909091,0.0204545454545455
13121010115,01/04/2025,112,0.238396624472574,0.780827149716281,1.08133971291866,0.640591966173362,0.19661733615222,0.0739957716701903
13121010117,01/04/2025,248,0.138564273789649,0.780827149716281,0.748872180451128,0.247216035634744,0.579621380846325,0.0684855233853007
13121010120,01/04/2025,144,0.206552706552707,0.780827149716281,1.01398601398601,0.656205420827389,0.222539229671897,0.0756062767475036
13121010121,01/04/2025,80,0.269102990033223,0.780827149716281,1.33884297520661,0.756666666666667,0.216666666666667,0
13121010124,01/04/2025,223,0.296296296296296,0.780827149716281,0.816029143897996,0.117880794701987,0.786754966887417,0.095364238410596
13121010125,01/04/2025,322,0.337513061650993,0.780827149716281,0.922857142857143,0.315899581589958,0.388075313807531,0.124476987447699
13121010126,01/04/2025,82,0.128086419753086,0.780827149716281,0.530351437699681,0.517774343122102,0.304482225656878,0.160741885625966
13121010127,01/04/2025,91,0.261363636363636,0.780827149716281,0.973544973544973,0.532763532763533,0.210826210826211,0.0484330484330484
13121010128,01/04/2025,0,0.0014265335235378,0.780827149716281,0.5,0.157142857142857,0.387142857142857,0.382857142857143
13121010129,01/04/2025,367,0.219439475253429,0.780827149716281,0.834467120181406,0.444510739856802,0.285799522673031,0.176014319809069
13121010130,01/04/2025,152,0.112005856515373,0.780827149716281,0.610778443113773,0.260805860805861,0.0586080586080586,0.0600732600732601
13121010131,01/04/2025,90,0.108462455303933,0.780827149716281,0.883495145631068,0.402147971360382,0.244630071599045,0.0644391408114559
13121010132,01/04/2025,108,0.0968888888888889,0.780827149716281,0.784172661870504,0.499110320284698,0.339857651245552,0.128113879003559
13121010133,01/04/2025,361,0.242140468227425,0.780827149716281,0.820861678004535,0.532797858099063,0.185408299866131,0.133868808567604
13121010134,01/04/2025,201,0.220283533260633,0.780827149716281,0.722719141323792,0.360262008733625,0.543668122270742,0.0305676855895197
13121010135,01/04/2025,104,0.153733528550512,0.780827149716281,0.731707317073171,0.392961876832845,0.365102639296188,0.227272727272727
13121010136,01/04/2025,71,0.0801781737193764,0.780827149716281,0.549618320610687,0.665551839464883,0.153846153846154,0.180602006688963
13121010137,01/04/2025,81,0.0808678500986193,0.780827149716281,0.836734693877551,0.570582428430405,0.323790720631787,0.0927936821322804
13121010204,01/04/2025,7,0.16,0.780827149716281,1.45454545454545,1,0,0
13121010211,01/04/2025,42,0.138709677419355,0.780827149716281,0.605633802816901,0.566343042071198,0.255663430420712,0.129449838187702
13121010212,01/04/2025,168,0.145189003436426,0.780827149716281,1.352,0.380911435941531,0.0412725709372313,0.531384350816853
13121010213,01/04/2025,106,0.255980861244019,0.780827149716281,0.84251968503937,0.194244604316547,0.587529976019185,0.0767386091127098
13121010214,01/04/2025,157,0.1415770609319,0.780827149716281,0.613592233009709,0.556053811659193,0.219730941704036,0.139910313901345
13121010215,01/04/2025,59,0.287081339712919,0.780827149716281,0.588235294117647,0.836538461538462,0.115384615384615,0.0480769230769231
13121010216,01/04/2025,195,0.298325722983257,0.780827149716281,0.946859903381642,0.254573170731707,0.397865853658537,0.263719512195122
13121010217,01/04/2025,106,0.209393346379648,0.780827149716281,0.606232294617564,0.327450980392157,0.509803921568627,0.113725490196078
13121010218,01/04/2025,128,0.195751138088012,0.780827149716281,0.902097902097902,0.348024316109423,0.515197568389058,0.238601823708207
13121010219,01/04/2025,181,0.170252572497661,0.780827149716281,0.742857142857143,0.359550561797753,0.572097378277154,0.0308988764044944
13121010220,01/04/2025,164,0.320388349514563,0.780827149716281,0.669371196754564,0.591439688715953,0.272373540856031,0.056420233463035
13121010221,01/04/2025,29,0.143540669856459,0.780827149716281,0.576923076923077,0.682692307692308,0,0
13121010222,01/04/2025,3,0.0930232558139535,0.780827149716281,1.33333333333333,1,0,0
13121010223,01/04/2025,2,0.0625,0.780827149716281,1,1,0,0
13121010305,01/04/2025,72,0.222560975609756,0.780827149716281,0.834285714285714,0,0.954128440366972,0
13121010306,01/04/2025,89,0.782608695652174,0.780827149716281,0.746887966804979,0,1,0
13121010307,01/04/2025,127,0.579185520361991,0.780827149716281,0.89198606271777,0,1,0
13121010308,01/04/2025,213,4.36734693877551,0.780827149716281,1.63984674329502,0,1,0
13121010309,01/04/2025,157,0.219140083217753,0.780827149716281,1.61224489795918,0.147222222222222,0.852777777777778,0
13121010310,01/04/2025,99,0.909090909090909,0.780827149716281,0.858369098712446,0,1,0
13121010311,01/04/2025,119,0.289156626506024,0.780827149716281,0.498960498960499,0,1,0
13121010312,01/04/2025,185,1.10714285714286,0.780827149716281,1.55648535564854,0,1,0
13121010313,01/04/2025,458,0.696509863429439,0.780827149716281,0.909811694747274,0,0.980243161094225,0
13121010314,01/04/2025,56,1.72727272727273,0.780827149716281,0.678571428571429,0,1,0
13121010315,01/04/2025,265,0.345006485084306,0.780827149716281,1.24590163934426,0,1,0
13121010401,01/04/2025,97,0.124207858048162,0.780827149716281,0.894977168949772,0.190355329949239,0.725888324873096,0.083756345177665
13121010402,01/04/2025,23,0.124352331606218,0.780827149716281,1.6551724137931,0.708333333333333,0.208333333333333,0.0833333333333333
13121010508,01/04/2025,82,0.348739495798319,0.780827149716281,0.794258373205742,0.0253164556962025,0.936708860759494,0.0379746835443038
13121010517,01/04/2025,171,0.456233421750663,0.780827149716281,0.884318766066838,0,1,0
13121010518,01/04/2025,82,0.178111587982833,0.780827149716281,0.59927797833935,0.139784946236559,0.845161290322581,0
13121010519,01/04/2025,292,0.43928035982009,0.780827149716281,1.30803571428571,0.0555555555555556,0.786786786786787,0.157657657657658
13121010520,01/04/2025,239,0.278099652375435,0.780827149716281,1.23076923076923,0.0394431554524362,0.960556844547564,0
13121010521,01/04/2025,248,1.62745098039216,0.780827149716281,0.855670103092784,0.282894736842105,0.717105263157895,0
13121010522,01/04/2025,522,0.435108153078203,0.780827149716281,0.904844290657439,0.185678601165695,0.717735220649459,0
13121010523,01/04/2025,47,0.161616161616162,0.780827149716281,0.592592592592593,0.195945945945946,0.594594594594595,0.111486486486486
13121010524,01/04/2025,311,0.383763837638376,0.780827149716281,0.723897911832947,0,0.906403940886699,0.020935960591133
13121010525,01/04/2025,314,0.317540322580645,0.780827149716281,0.83223249669749,0,1,0.0373360242179617
13121010526,01/04/2025,309,0.375757575757576,0.780827149716281,1.00486223662885,0,0.913834951456311,0.0861650485436893
13121010527,01/04/2025,308,0.251628664495114,0.780827149716281,1.06003430531732,0.0146699266503667,0.893235533822331,0.0709046454767726
13121010528,01/04/2025,366,0.31940818102698,0.780827149716281,1.10375939849624,0.106271777003484,0.637630662020906,0.0609756097560976
13121010529,01/04/2025,574,1.22601279317697,0.780827149716281,1.42503097893432,0.0683760683760684,0.882478632478632,0
13121010530,01/04/2025,163,0.286713286713287,0.780827149716281,0.881720430107527,0,0.968476357267951,0
13121010531,01/04/2025,97,0.462264150943396,0.780827149716281,0.734082397003745,0.459715639810427,0.540284360189574,0
13121010532,01/04/2025,242,0.588377723970944,0.780827149716281,0.638633377135348,0,1,0
13121010533,01/04/2025,204,0.35042735042735,0.780827149716281,0.813492063492063,0.232876712328767,0.767123287671233,0
13121010534,01/04/2025,300,0.366180048661801,0.780827149716281,0.954041204437401,0.349573690621194,0.549330085261876,0.0925700365408039
13121010535,01/04/2025,46,0.340579710144928,0.780827149716281,0.686131386861314,0,1,0
13121010536,01/04/2025,93,0.291021671826625,0.780827149716281,0.761133603238866,0,1,0
13121010537,01/04/2025,105,0.445378151260504,0.780827149716281,0.776556776556777,0,0.928270042194093,0.0717299578059072
13121010538,01/04/2025,50,0.157894736842105,0.780827149716281,0.703448275862069,0.649068322981366,0.239130434782609,0
13121010539,01/04/2025,206,0.903930131004367,0.780827149716281,1.78448275862069,0.285087719298246,0.714912280701754,0
13121010540,01/04/2025,349,0.570962479608483,0.780827149716281,1.04633781763827,0,1,0
13121010601,01/04/2025,163,0.14841628959276,0.780827149716281,1.21481481481481,0.240942028985507,0.746376811594203,0.0126811594202899
13121010603,01/04/2025,409,0.336065573770492,0.780827149716281,0.638132295719844,0.0196882690730107,0.954060705496308,0
13121010604,01/04/2025,374,0.429061784897025,0.780827149716281,0.543872371283539,0.0378006872852234,0.962199312714777,0
13121010801,01/04/2025,117,0.197324414715719,0.780827149716281,1.15686274509804,0.194304857621441,0.492462311557789,0.0988274706867672
13121010802,01/04/2025,170,0.290816326530612,0.780827149716281,1.11764705882353,0.17717206132879,0.393526405451448,0.359454855195911
13121011000,01/04/2025,142,0.237147595356551,0.780827149716281,1.375,0.0631229235880399,0.762458471760797,0.174418604651163
13121011100,01/04/2025,50,0.114093959731544,0.780827149716281,1.18604651162791,0.340807174887892,0.616591928251121,0
13121011202,01/04/2025,281,0.312292358803987,0.780827149716281,1.31775700934579,0.170731707317073,0.71729490022173,0.111973392461197
13121011203,01/04/2025,133,0.403614457831325,0.780827149716281,0.783625730994152,0.181268882175227,0.610271903323263,0
13121011204,01/04/2025,134,0.296052631578947,0.780827149716281,1.25,0.021978021978022,0.931868131868132,0
13121011301,01/04/2025,77,0.219718309859155,0.780827149716281,0.901734104046243,0.0734463276836158,0.836158192090396,0.0875706214689266
13121011306,01/04/2025,650,0.940751445086705,0.780827149716281,1.03415409054805,0.0159189580318379,0.958031837916064,0.0361794500723589
13121011307,01/04/2025,833,0.513230769230769,0.780827149716281,1.09520682862771,0.0178571428571429,0.95628078817734,0.0061576354679803
13121011308,01/04/2025,219,0.450819672131148,0.780827149716281,0.804387568555759,0,1,0
13121011309,01/04/2025,201,0.179236912156167,0.780827149716281,1.23170731707317,0.0488454706927176,0.91563055062167,0.0364120781527531
13121011310,01/04/2025,372,0.252710027100271,0.780827149716281,0.528703047484054,0.0149152542372881,0.966779661016949,0.0284745762711864
13121011416,01/04/2025,37,0.207650273224044,0.780827149716281,0.904761904761905,0.78021978021978,0.21978021978022,0
13121011417,01/04/2025,9,0.0182815356489945,0.780827149716281,1.81818181818182,0.80952380952381,0.142857142857143,0.0476190476190476
13121011419,01/04/2025,3,0.0114613180515759,0.780827149716281,0.5,0.933908045977011,0.0632183908045977,0
13121011421,01/04/2025,122,0.101905550952775,0.780827149716281,0.734328358208955,0.349917081260365,0.261194029850746,0.2893864013267
13121011422,01/04/2025,25,0.0436974789915966,0.780827149716281,0.234234234234234,0.64983164983165,0.227272727272727,0.00168350168350168
13121011423,01/04/2025,18,0.0493506493506494,0.780827149716281,0.64406779661017,0.611979166666667,0.078125,0.309895833333333
13121011424,01/04/2025,17,0.0489130434782609,0.780827149716281,1.125,0.277929155313351,0.455040871934605,0.267029972752044
13121011426,01/04/2025,5,0.0465116279069768,0.780827149716281,0.857142857142857,0.515625,0.1328125,0.3515625
13121011428,01/04/2025,1,0.0487804878048781,0.780827149716281,0.666666666666667,1,0,0
13121011429,01/04/2025,19,0.0475059382422803,0.780827149716281,2.35294117647059,0.164285714285714,0.238095238095238,0.05
13121011430,01/04/2025,214,0.161897590361446,0.780827149716281,0.828516377649326,0.132629992464205,0.324792765636775,0.489826676714393
13121011431,01/04/2025,77,0.262626262626263,0.780827149716281,2.94339622641509,0.0945945945945946,0.114864864864865,0.790540540540541
13121011432,01/04/2025,169,0.139917695473251,0.780827149716281,0.720338983050847,0.342668863261944,0.348434925864909,0.189456342668863
13121011433,01/04/2025,6,7,0.780827149716281,1.27272727272727,,,
13121011434,01/04/2025,43,0.129032258064516,0.780827149716281,0.651851851851852,0.279411764705882,0.291176470588235,0.361764705882353
13121011435,01/04/2025,192,0.328790459965928,0.780827149716281,1.09348441926346,0.199658703071672,0.409556313993174,0.390784982935154
13121011436,01/04/2025,4,5,0.780827149716281,0.909090909090909,,,
13121011437,01/04/2025,26,0.0507518796992481,0.780827149716281,0.666666666666667,0.623352165725047,0.28060263653484,0.096045197740113
13121011438,01/04/2025,146,0.106676342525399,0.780827149716281,0.693396226415094,0.18082788671024,0.364560639070443,0.124909222948439
13121011439,01/04/2025,71,0.496551724137931,0.780827149716281,0.605042016806723,0.465277777777778,0.138888888888889,0.395833333333333
13121011440,01/04/2025,62,0.381818181818182,0.780827149716281,1.82608695652174,0.432926829268293,0.353658536585366,0.213414634146341
13121011441,01/04/2025,21,0.0561224489795918,0.780827149716281,0.709677419354839,0.892583120204604,0.0818414322250639,0.0255754475703325
13121011442,01/04/2025,24,0.0531914893617021,0.780827149716281,0.609756097560976,0.541577825159915,0.4136460554371,0
13121011443,01/04/2025,13,0.0345679012345679,0.780827149716281,0.622222222222222,0.462871287128713,0.155940594059406,0.185643564356436
13121011444,01/04/2025,1,0.0869565217391304,0.780827149716281,1,1,0,0
13121011445,01/04/2025,3,0.0540540540540541,0.780827149716281,1.33333333333333,1,0,0
13121011446,01/04/2025,0,0.0212765957446809,0.780827149716281,0.222222222222222,0.282608695652174,0,0.717391304347826
13121011505,01/04/2025,2,0.0666666666666667,0.780827149716281,0.666666666666667,1,0,0
13121011507,01/04/2025,1,2,0.780827149716281,1,,,
13121011508,01/04/2025,2,3,0.780827149716281,1.2,,,
13121011509,01/04/2025,2,0.0666666666666667,0.780827149716281,1.2,1,0,0
13121011510,01/04/2025,0,0.0147058823529412,0.780827149716281,0.333333333333333,0.582089552238806,0,0
13121011511,01/04/2025,9,0.0813008130081301,0.780827149716281,2.85714285714286,0.663934426229508,0.336065573770492,0
13121011512,01/04/2025,4,0.0602409638554217,0.780827149716281,1.66666666666667,0.451219512195122,0.134146341463415,0
13121011513,01/04/2025,0,0.0303030303030303,0.780827149716281,0.4,1,0,0
13121011514,01/04/2025,1,0.0425531914893617,0.780827149716281,0.666666666666667,1,0,0
13121011515,01/04/2025,2,3,0.780827149716281,1,,,
13121011612,01/04/2025,4,0.151515151515152,0.780827149716281,0.909090909090909,0.59375,0,0
13121011618,01/04/2025,14,0.0261780104712042,0.780827149716281,0.555555555555556,0.501748251748252,0.227272727272727,0.0192307692307692
13121011624,01/04/2025,2,0.3,0.780827149716281,0.75,1,0,0
13121011627,01/04/2025,18,0.0271816881258941,0.780827149716281,0.475,0.48567335243553,0,0.232091690544413
13121011628,01/04/2025,16,0.0172239108409321,0.780827149716281,0.829268292682927,0.377281947261663,0.110547667342799,0.0953346855983773
13121011629,01/04/2025,4,0.294117647058824,0.780827149716281,1.11111111111111,0,0,1
13121011630,01/04/2025,41,0.111405835543767,0.780827149716281,1.15068493150685,0.484042553191489,0.36968085106383,0
13121011631,01/04/2025,39,0.0364298724954463,0.780827149716281,1.08108108108108,0.746581586144029,0.13947128532361,0.0309936189608022
13121011632,01/04/2025,24,0.0361271676300578,0.780827149716281,1.72413793103448,0.468885672937771,0.133140376266281,0
13121011633,01/04/2025,6,0.05,0.780827149716281,1.07692307692308,0.424460431654676,0.201438848920863,0.37410071942446
13121011634,01/04/2025,13,0.0287474332648871,0.780827149716281,0.491228070175439,0.440329218106996,0.323045267489712,0.0781893004115226
13121011635,01/04/2025,4,0.0427350427350427,0.780827149716281,0.666666666666667,0.344827586206897,0.293103448275862,0
13121011636,01/04/2025,30,0.0431754874651811,0.780827149716281,0.738095238095238,0.375174337517434,0.112970711297071,0.0418410041841004
13121011637,01/04/2025,29,0.13215859030837,0.780827149716281,1.05263157894737,0.623893805309734,0.225663716814159,0
13121011638,01/04/2025,5,0.0238095238095238,0.780827149716281,1.2,0.462151394422311,0.119521912350598,0.119521912350598
13121011639,01/04/2025,62,0.113718411552347,0.780827149716281,0.663157894736842,0.289330922242315,0.269439421338156,0.168173598553345
13121011640,01/04/2025,47,0.0458891013384321,0.780827149716281,0.834782608695652,0.411483253588517,0.15311004784689,0.045933014354067
13121011641,01/04/2025,2,0.214285714285714,0.780827149716281,0.857142857142857,1,0,0
13121011642,01/04/2025,6,0.0355329949238579,0.780827149716281,0.823529411764706,0.454081632653061,0,0.204081632653061
13121011643,01/04/2025,70,0.036522633744856,0.780827149716281,0.840236686390533,0.204837879567679,0.253731343283582,0.0890375707668554
13121011644,01/04/2025,27,0.0602150537634409,0.780827149716281,0.8,0.506465517241379,0.105603448275862,0.209051724137931
13121011645,01/04/2025,41,0.0792452830188679,0.780827149716281,0.943820224719101,0.493383742911153,0.198487712665406,0.183364839319471
13121011646,01/04/2025,70,0.0675547098001903,0.780827149716281,1.36538461538462,0.441904761904762,0.142857142857143,0.164761904761905
13121011647,01/04/2025,130,0.133537206931702,0.780827149716281,1.18552036199095,0.439795918367347,0.204081632653061,0.257142857142857
13121011648,01/04/2025,8,0.28125,0.780827149716281,2.57142857142857,1,0,0
13121011649,01/04/2025,26,0.0950704225352113,0.780827149716281,0.84375,0.731448763250883,0.0459363957597173,0
13121011650,01/04/2025,26,0.0385714285714286,0.780827149716281,1.05882352941176,0.49928469241774,0.0958512160228898,0.0400572246065808
13121011651,01/04/2025,20,0.0833333333333333,0.780827149716281,0.688524590163934,0.294820717131474,0.235059760956175,0.127490039840637
13121011652,01/04/2025,22,0.0455445544554455,0.780827149716281,0.450980392156863,0.432539682539683,0.188492063492064,0.0793650793650794
13121011653,01/04/2025,2,0.04,0.780827149716281,1.5,0,0.662162162162162,0
13121011654,01/04/2025,9,0.0239234449760766,0.780827149716281,0.277777777777778,0.414868105515588,0.39568345323741,0.0959232613908873
13121011655,01/04/2025,2,0.0340909090909091,0.780827149716281,1.5,0.735632183908046,0,0.114942528735632
13121011656,01/04/2025,3,0.16,0.780827149716281,0.727272727272727,0.458333333333333,0.541666666666667,0
13121011657,01/04/2025,6,0.0985915492957746,0.780827149716281,1.16666666666667,1,0,0
13121011658,01/04/2025,18,0.0590062111801242,0.780827149716281,2.23529411764706,0.317757009345794,0.311526479750779,0.214953271028037
13121011659,01/04/2025,8,0.0253521126760563,0.780827149716281,0.3,0.432203389830509,0.0536723163841808,0
13121011660,01/04/2025,7,0.0224719101123596,0.780827149716281,3.2,0.543661971830986,0.0788732394366197,0.245070422535211
13121011661,01/04/2025,1,0.0232558139534884,0.780827149716281,1,0.423529411764706,0,0.576470588235294
13121011801,01/04/2025,310,1.07612456747405,0.780827149716281,0.821664464993395,0.375,0.510416666666667,0.0729166666666667
13121011802,01/04/2025,318,0.664583333333333,0.780827149716281,1.11343804537522,0.173277661795407,0.688935281837161,0.0271398747390397
13121011901,01/04/2025,502,0.606755126658625,0.780827149716281,1.12026726057906,0.141304347826087,0.781400966183575,0.0507246376811594
13121011902,01/04/2025,155,0.226415094339623,0.780827149716281,2.4,0.347383720930233,0.556686046511628,0.0959302325581395
13121012000,01/04/2025,340,0.243223965763195,0.780827149716281,0.994169096209913,0.0392576730906495,0.92790863668808,0.0149892933618844
13121012300,01/04/2025,128,0.154491017964072,0.780827149716281,1.25242718446602,0.0755395683453237,0.781774580335731,0.107913669064748
13121980000,01/04/2025,0,1,0.780827149716281,1,,,
13135050105,01/04/2025,72,0.102240896358543,0.780827149716281,2.08571428571429,0.590462833099579,0.172510518934081,0.273492286115007
13135050110,01/04/2025,44,0.0821167883211679,0.780827149716281,1.25,0.478976234003656,0.129798903107861,0.329067641681901
13135050111,01/04/2025,28,0.128318584070796,0.780827149716281,1.31818181818182,0.342222222222222,0.155555555555556,0.342222222222222
13135050112,01/04/2025,202,0.506234413965087,0.780827149716281,1.25308641975309,0.7375,0.1875,0.075
13135050113,01/04/2025,128,0.234545454545455,0.780827149716281,0.813880126182965,0.522768670309654,0.260473588342441,0.167577413479053
13135050114,01/04/2025,59,0.271493212669683,0.780827149716281,1.08108108108108,0.404545454545455,0.513636363636364,0.0818181818181818
13135050115,01/04/2025,29,0.0712589073634204,0.780827149716281,0.631578947368421,0.276190476190476,0.55952380952381,0.164285714285714
13135050116,01/04/2025,9,0.149253731343284,0.780827149716281,0.869565217391304,1,0,0
13135050117,01/04/2025,14,0.103448275862069,0.780827149716281,1.07142857142857,0.5,0,0.194444444444444
13135050118,01/04/2025,126,0.455197132616488,0.780827149716281,1.18691588785047,0.629496402877698,0.183453237410072,0.219424460431655
13135050119,01/04/2025,34,0.0866336633663366,0.780827149716281,1.32075471698113,0.339950372208437,0.416873449131514,0.109181141439206
13135050120,01/04/2025,10,0.183333333333333,0.780827149716281,0.814814814814815,0.745762711864407,0,0.254237288135593
13135050121,01/04/2025,30,0.209459459459459,0.780827149716281,1.14814814814815,0.700680272108844,0,0
13135050205,01/04/2025,107,0.113924050632911,0.780827149716281,0.724832214765101,0.186906019007392,0.387539598732841,0.178458289334741
13135050215,01/04/2025,218,0.248581157775255,0.780827149716281,0.943965517241379,0.2,0.302272727272727,0.155681818181818
13135050218,01/04/2025,105,0.181818181818182,0.780827149716281,1.54744525547445,0.378006872852234,0.101374570446735,0.446735395189003
13135050219,01/04/2025,47,0.0785597381342062,0.780827149716281,0.592592592592593,0.380327868852459,0.401639344262295,0.152459016393443
13135050221,01/04/2025,188,0.219257540603248,0.780827149716281,0.845637583892617,0.112659698025552,0.300813008130081,0.277584204413473
13135050222,01/04/2025,97,0.111237230419977,0.780827149716281,0.742424242424242,0.142045454545455,0.544318181818182,0.075
13135050223,01/04/2025,228,0.129598189020939,0.780827149716281,0.859287054409006,0.526047565118913,0.210079275198188,0.0288788221970555
13135050224,01/04/2025,49,0.148367952522255,0.780827149716281,0.709219858156028,0.348214285714286,0.214285714285714,0
13135050225,01/04/2025,283,0.354114713216958,0.780827149716281,1.18087318087318,0.652933832709114,0.220973782771536,0.0686641697877653
13135050226,01/04/2025,128,0.177197802197802,0.780827149716281,1.0530612244898,0.489683631361761,0.265474552957359,0.1292984869326
13135050227,01/04/2025,3,0.0125391849529781,0.780827149716281,0.0666666666666667,0.0911949685534591,0.408805031446541,0.0754716981132076
13135050228,01/04/2025,250,0.208126036484245,0.780827149716281,0.546245919477693,0.257261410788382,0.472199170124481,0.147717842323651
13135050229,01/04/2025,313,0.309970384995064,0.780827149716281,1.01948051948052,0.131422924901186,0.586956521739131,0.262845849802372
13135050230,01/04/2025,174,0.227864583333333,0.780827149716281,0.943396226415094,0.0560625814863103,0.33116036505867,0.458930899608866
13135050231,01/04/2025,178,0.203409090909091,0.780827149716281,0.830626450116009,0.145620022753129,0.374288964732651,0.139931740614334
13135050232,01/04/2025,40,1.95238095238095,0.780827149716281,0.581560283687943,1,0,0
13135050233,01/04/2025,9,0.0393700787401575,0.780827149716281,0.555555555555556,0.264822134387352,0.241106719367589,0
13135050234,01/04/2025,7,0.0373831775700935,0.780827149716281,0.4,0.0845070422535211,0.469483568075117,0.375586854460094
13135050235,01/04/2025,48,0.135359116022099,0.780827149716281,1.24050632911392,0.199445983379501,0.578947368421053,0.0692520775623269
13135050236,01/04/2025,134,0.319905213270142,0.780827149716281,0.593406593406593,0.263657957244656,0.418052256532067,0.118764845605701
13135050237,01/04/2025,11,0.100840336134454,0.780827149716281,2,0.711864406779661,0.288135593220339,0
13135050238,01/04/2025,209,0.264150943396226,0.780827149716281,0.843373493975904,0.340050377833753,0.124685138539043,0.248110831234257
13135050239,01/04/2025,6,0.127272727272727,0.780827149716281,0.777777777777778,0.555555555555556,0,0
13135050240,01/04/2025,21,0.328358208955224,0.780827149716281,0.88,0.787878787878788,0,0
13135050241,01/04/2025,23,0.292682926829268,0.780827149716281,0.578313253012048,0.222222222222222,0.123456790123457,0.654320987654321
13135050242,01/04/2025,5,0.0923076923076923,0.780827149716281,0.75,0,1,0
13135050243,01/04/2025,5,0.125,0.780827149716281,0.8,0.340425531914894,0,0
13135050244,01/04/2025,2,0.0576923076923077,0.780827149716281,1,1,0,0
13135050306,01/04/2025,96,0.17962962962963,0.780827149716281,0.475490196078431,0.103896103896104,0,0.838589981447124
13135050308,01/04/2025,7,0.2,0.780827149716281,2,0.692307692307692,0.307692307692308,0
13135050311,01/04/2025,65,0.241758241758242,0.780827149716281,1.25714285714286,0.0882352941176471,0.584558823529412,0
13135050315,01/04/2025,464,0.235323886639676,0.780827149716281,0.568112400733048,0.23493670886076,0.553924050632911,0.146329113924051
13135050317,01/04/2025,522,0.312799043062201,0.780827149716281,0.878991596638656,0.146020347097546,0.55475763016158,0.26032315978456
13135050318,01/04/2025,124,0.126646403242148,0.780827149716281,0.523012552301255,0.172413793103448,0.62474645030426,0.140973630831643
13135050321,01/04/2025,1,0.0175438596491228,0.780827149716281,0.5,1,0,0
13135050322,01/04/2025,1,0.0212765957446809,0.780827149716281,0.266666666666667,0.612903225806452,0.387096774193548,0
13135050323,01/04/2025,3,0.0625,0.780827149716281,0.4,0.492063492063492,0.0317460317460317,0.222222222222222
13135050324,01/04/2025,186,0.172668513388735,0.780827149716281,0.790697674418605,0.215341959334566,0.372458410351201,0.327171903881701
13135050325,01/04/2025,10,0.0279898218829517,0.780827149716281,0.709677419354839,0.137755102040816,0.260204081632653,0.48469387755102
13135050326,01/04/2025,198,0.275242047026279,0.780827149716281,1.09641873278237,0.119113573407202,0.598337950138504,0.256232686980609
13135050327,01/04/2025,149,0.250417362270451,0.780827149716281,1.0989010989011,0.210702341137124,0.287625418060201,0.494983277591973
13135050328,01/04/2025,46,0.0987394957983193,0.780827149716281,0.746031746031746,0.0652631578947368,0.111578947368421,0.690526315789474
13135050329,01/04/2025,61,0.0906432748538012,0.780827149716281,0.409240924092409,0.166910688140556,0.534407027818448,0.35285505124451
13135050330,01/04/2025,26,0.0849056603773585,0.780827149716281,0.870967741935484,0.0851735015772871,0.154574132492114,0.536277602523659
13135050331,01/04/2025,96,0.158756137479542,0.780827149716281,1.19018404907975,0.104918032786885,0.280327868852459,0.511475409836066
13135050332,01/04/2025,191,0.162849872773537,0.780827149716281,0.747081712062257,0.260611205432937,0.51018675721562,0.127334465195246
13135050333,01/04/2025,259,0.175084175084175,0.780827149716281,0.685111989459816,0.204851752021563,0.243935309973046,0.308625336927224
13135050334,01/04/2025,26,0.0263671875,0.780827149716281,0.650602409638554,0.0899315738025416,0.451612903225806,0.421309872922776
13135050335,01/04/2025,165,0.176033934252386,0.780827149716281,1.32270916334661,0.302547770700637,0.367303609341826,0.330148619957537
13135050336,01/04/2025,188,1.00531914893617,0.780827149716281,1.69506726457399,0.508021390374332,0.491978609625669,0
13135050415,01/04/2025,52,0.25,0.780827149716281,0.990654205607477,0.37914691943128,0.582938388625593,0
13135050416,01/04/2025,82,0.193473193473193,0.780827149716281,0.51875,0.0841121495327103,0.626168224299065,0.219626168224299
13135050425,01/04/2025,39,0.5,0.780827149716281,1.70212765957447,0.683544303797468,0.265822784810127,0.0506329113924051
13135050427,01/04/2025,38,0.183098591549296,0.780827149716281,1.39285714285714,0.716981132075472,0,0.283018867924528
13135050430,01/04/2025,199,0.285714285714286,0.780827149716281,1.32450331125828,0.221745350500715,0.643776824034335,0.113018597997139
13135050433,01/04/2025,56,0.102888086642599,0.780827149716281,0.461538461538462,0.226039783001808,0.464737793851718,0.264014466546112
13135050435,01/04/2025,69,0.11326860841424,0.780827149716281,0.880503144654088,0.126418152350081,0.325769854132901,0.576985413290113
13135050437,01/04/2025,208,0.22992299229923,0.780827149716281,1.92626728110599,0.262114537444934,0.43942731277533,0.287444933920705
13135050438,01/04/2025,174,0.186567164179104,0.780827149716281,1.30597014925373,0.0768409818569904,0.257203842049093,0.621131270010672
13135050439,01/04/2025,128,0.167098445595855,0.780827149716281,0.530864197530864,0.0635538261997406,0.752269779507134,0.184176394293126
13135050440,01/04/2025,80,0.0974729241877256,0.780827149716281,1.39655172413793,0.0445783132530121,0.201204819277108,0.716867469879518
13135050441,01/04/2025,284,0.270142180094787,0.780827149716281,0.870229007633588,0.113851992409867,0.594876660341556,0.238140417457306
13135050442,01/04/2025,47,0.198347107438017,0.780827149716281,2.90909090909091,0.16597510373444,0.195020746887967,0.564315352697095
13135050443,01/04/2025,13,0.0721649484536082,0.780827149716281,1.12,0.50259067357513,0.310880829015544,0
13135050444,01/04/2025,18,0.0791666666666667,0.780827149716281,0.655172413793103,0.0753138075313808,0.146443514644351,0.569037656903766
13135050445,01/04/2025,204,0.157329240214889,0.780827149716281,1.00490196078431,0,0.192780337941628,0.774193548387097
13135050446,01/04/2025,413,0.419452887537994,0.780827149716281,1.39629005059022,0.126774847870183,0.163286004056795,0.695740365111562
13135050447,01/04/2025,88,0.132835820895522,0.780827149716281,0.726530612244898,0.159940209267564,0.357249626307922,0.467862481315396
13135050448,01/04/2025,302,0.275705186533212,0.780827149716281,2,0.114754098360656,0.292349726775956,0.530965391621129
13135050449,01/04/2025,109,0.178571428571429,0.780827149716281,1.94690265486726,0.258536585365854,0.0959349593495935,0.547967479674797
13135050450,01/04/2025,16,0.0437017994858612,0.780827149716281,0.453333333333333,0.0335051546391753,0.247422680412371,0.639175257731959
13135050451,01/04/2025,266,0.268341708542714,0.780827149716281,1.22196796338673,0.0935613682092555,0.335010060362173,0.545271629778672
13135050452,01/04/2025,270,0.422118380062305,0.780827149716281,1.1129363449692,0.151326053042122,0.177847113884555,0.658346333853354
13135050453,01/04/2025,213,0.253254437869823,0.780827149716281,0.951111111111111,0.104265402843602,0.364928909952607,0.503554502369668
13135050454,01/04/2025,198,0.301972685887709,0.780827149716281,0.752362948960302,0.103343465045593,0.264437689969605,0.48936170212766
13135050455,01/04/2025,73,0.188775510204082,0.780827149716281,0.896969696969697,0.0971867007672634,0,0.869565217391304
13135050456,01/04/2025,353,0.200680272108844,0.780827149716281,0.789297658862876,0.0697674418604651,0.349971639251276,0.51332955190017
13135050457,01/04/2025,24,0.25,0.780827149716281,0.980392156862745,0.303030303030303,0.696969696969697,0
13135050458,01/04/2025,14,0.078125,0.780827149716281,0.789473684210526,0.408376963350785,0,0.591623036649215
13135050459,01/04/2025,52,0.172638436482085,0.780827149716281,0.757142857142857,0.209150326797386,0.15359477124183,0.38562091503268
13135050460,01/04/2025,97,0.148484848484848,0.780827149716281,1.45185185185185,0.0940819423368741,0.17298937784522,0.570561456752656
13135050461,01/04/2025,18,1,0.780827149716281,0.76,1,0,0
13135050462,01/04/2025,6,0.0736842105263158,0.780827149716281,0.451612903225806,0.75531914893617,0.106382978723404,0.106382978723404
13135050463,01/04/2025,555,0.372654155495979,0.780827149716281,1.04413145539906,0.0409121395036888,0.670020120724346,0.290409121395037
13135050464,01/04/2025,15,0.0451977401129944,0.780827149716281,0.842105263157895,0.419263456090652,0.294617563739377,0.11614730878187
13135050465,01/04/2025,11,0.0916030534351145,0.780827149716281,0.774193548387097,0.153846153846154,0.338461538461539,0.138461538461538
13135050466,01/04/2025,32,0.354838709677419,0.780827149716281,2.12903225806452,1,0,0
13135050520,01/04/2025,173,0.102654867256637,0.780827149716281,1.00578034682081,0.32172373081464,0.498229043683589,0.201889020070838
13135050521,01/04/2025,151,0.177777777777778,0.780827149716281,0.687782805429864,0.381733021077283,0.36768149882904,0.204918032786885
13135050522,01/04/2025,145,0.120263591433278,0.780827149716281,1.48223350253807,0.235779060181369,0.427864798021434,0.290189612530915
13135050526,01/04/2025,250,0.242746615087041,0.780827149716281,0.761760242792109,0.190706679574056,0.450145208131655,0.209099709583737
13135050528,01/04/2025,27,0.285714285714286,0.780827149716281,0.903225806451613,0.711340206185567,0,0.288659793814433
13135050529,01/04/2025,164,0.418781725888325,0.780827149716281,1.63366336633663,0.381679389312977,0.287531806615776,0.216284987277354
13135050530,01/04/2025,40,0.113888888888889,0.780827149716281,0.881720430107527,0.144846796657382,0.526462395543176,0.0612813370473538
13135050536,01/04/2025,215,0.330781010719755,0.780827149716281,0.837209302325582,0.101226993865031,0.714723926380368,0.0797546012269939
13135050537,01/04/2025,390,0.275158339197748,0.780827149716281,0.622611464968153,0.21830985915493,0.465492957746479,0.21056338028169
13135050539,01/04/2025,261,0.25095785440613,0.780827149716281,0.979439252336449,0.0882070949185043,0.560882070949185,0.334611697027804
13135050541,01/04/2025,588,0.281548757170172,0.780827149716281,1.00856164383562,0.152558584409374,0.535150645624103,0.270205643232903
13135050542,01/04/2025,434,0.208133971291866,0.780827149716281,0.898760330578512,0.176639540449976,0.53326950694112,0.198180947821924
13135050549,01/04/2025,53,0.174193548387097,0.780827149716281,1.44,0.252427184466019,0.229773462783172,0.466019417475728
13135050550,01/04/2025,89,0.184049079754601,0.780827149716281,0.769230769230769,0.213114754098361,0.213114754098361,0.51844262295082
13135050551,01/04/2025,53,0.36241610738255,0.780827149716281,1.22727272727273,0,0.804054054054054,0.0540540540540541
13135050552,01/04/2025,24,0.117370892018779,0.780827149716281,1.28205128205128,0.0849056603773585,0.165094339622642,0.523584905660377
13135050553,01/04/2025,15,0.390243902439024,0.780827149716281,0.653061224489796,1,0,0
13135050554,01/04/2025,47,0.0831889081455806,0.780827149716281,1.1566265060241,0.131944444444444,0,0.715277777777778
13135050555,01/04/2025,29,0.267857142857143,0.780827149716281,1.11111111111111,0.207207207207207,0.18018018018018,0.225225225225225
13135050556,01/04/2025,124,0.120772946859903,0.780827149716281,0.874125874125874,0.24468085106383,0.384912959381045,0.237911025145068
13135050557,01/04/2025,28,0.123404255319149,0.780827149716281,1.34883720930233,0.282051282051282,0.239316239316239,0.38034188034188
13135050558,01/04/2025,31,0.149532710280374,0.780827149716281,1.30612244897959,0.291079812206573,0.633802816901409,0
13135050559,01/04/2025,59,0.285714285714286,0.780827149716281,1.08108108108108,0.129186602870813,0.483253588516747,0.311004784688995
13135050560,01/04/2025,86,0.378260869565217,0.780827149716281,0.693227091633466,0.209606986899563,0.506550218340611,0
13135050561,01/04/2025,156,0.242283950617284,0.780827149716281,0.951515151515152,0.25193199381762,0.496136012364761,0.188562596599691
13135050562,01/04/2025,203,0.195965417867435,0.780827149716281,0.925170068027211,0.0625,0.429807692307692,0.424038461538462
13135050563,01/04/2025,92,0.418918918918919,0.780827149716281,2.90625,0.963800904977376,0,0.0361990950226244
13135050564,01/04/2025,560,0.369078947368421,0.780827149716281,0.798576512455516,0.32916392363397,0.551678736010533,0.111257406188282
13135050565,01/04/2025,25,0.12037037037037,0.780827149716281,1.1304347826087,0.316279069767442,0.0604651162790698,0.130232558139535
13135050566,01/04/2025,49,0.609756097560976,0.780827149716281,2.77777777777778,0.345679012345679,0.654320987654321,0
13135050567,01/04/2025,113,0.253897550111359,0.780827149716281,0.714733542319749,0.078125,0.747767857142857,0.100446428571429
13135050568,01/04/2025,64,0.471014492753623,0.780827149716281,1.09243697478992,0.357664233576642,0.496350364963504,0.145985401459854
13135050569,01/04/2025,216,0.294436906377205,0.780827149716281,1.01639344262295,0.0815217391304348,0.673913043478261,0.165760869565217
13135050570,01/04/2025,51,0.12093023255814,0.780827149716281,0.904347826086956,0.137529137529138,0.727272727272727,0.111888111888112
13135050571,01/04/2025,109,0.544554455445545,0.780827149716281,1.09452736318408,0.567164179104478,0.0796019900497513,0.353233830845771
13135050572,01/04/2025,30,0.234848484848485,0.780827149716281,1.14814814814815,0.717557251908397,0,0.282442748091603
13135050573,01/04/2025,13,0.28,0.780827149716281,0.8,1,0,0
13135050574,01/04/2025,254,0.178072625698324,0.780827149716281,0.545454545454545,0.409503843466108,0.417889587700908,0.13696715583508
13135050575,01/04/2025,21,0.144736842105263,0.780827149716281,0.785714285714286,0,0.384105960264901,0.490066225165563
13135050576,01/04/2025,80,0.142105263157895,0.780827149716281,1.6875,0.26713532513181,0.413005272407733,0.309314586994728
13135050577,01/04/2025,116,0.215469613259669,0.780827149716281,0.910505836575875,0.119926199261993,0.254612546125461,0.562730627306273
13135050578,01/04/2025,87,0.371308016877637,0.780827149716281,2.25641025641026,0,0.411016949152542,0
13135050579,01/04/2025,195,0.556818181818182,0.780827149716281,4.35555555555556,0.495726495726496,0.287749287749288,0.216524216524217
13135050580,01/04/2025,39,0.248447204968944,0.780827149716281,1.19402985074627,0.075,0.925,0
13135050581,01/04/2025,65,0.183844011142061,0.780827149716281,1.22222222222222,0.212290502793296,0.659217877094972,0
13135050582,01/04/2025,26,0.27,0.780827149716281,0.84375,1,0,0
13135050583,01/04/2025,38,0.2,0.780827149716281,1.14705882352941,0.412371134020619,0.360824742268041,0.22680412371134
13135050584,01/04/2025,50,1.96153846153846,0.780827149716281,1.47826086956522,0.48,0,0
13135050585,01/04/2025,74,0.241157556270096,0.780827149716281,0.721153846153846,0,0.245161290322581,0.516129032258065
13135050586,01/04/2025,79,0.350877192982456,0.780827149716281,1.0738255033557,0.374449339207049,0.493392070484582,0.13215859030837
13135050587,01/04/2025,61,0.508196721311475,0.780827149716281,1.11711711711712,0.0413223140495868,0.958677685950413,0
13135050588,01/04/2025,63,0.215488215488215,0.780827149716281,1.09401709401709,0,1,0
13135050589,01/04/2025,122,0.778481012658228,0.780827149716281,1.72027972027972,0.286624203821656,0.388535031847134,0.089171974522293
13135050590,01/04/2025,96,0.323333333333333,0.780827149716281,1.13450292397661,0,0.511705685618729,0.357859531772575
13135050591,01/04/2025,26,0.84375,0.780827149716281,1.31707317073171,1,0,0
13135050611,01/04/2025,444,1.21917808219178,0.780827149716281,1.90578158458244,0.296703296703297,0.403846153846154,0.241758241758242
13135050612,01/04/2025,72,0.442424242424243,0.780827149716281,1.37735849056604,0.310975609756098,0.585365853658537,0
13135050613,01/04/2025,30,0.209459459459459,0.780827149716281,1.05084745762712,0.877551020408163,0.122448979591837,0
13135050614,01/04/2025,42,0.108040201005025,0.780827149716281,1.56363636363636,0.0906801007556675,0.413098236775819,0.496221662468514
13135050615,01/04/2025,27,0.25,0.780827149716281,0.777777777777778,0.477477477477478,0.522522522522523,0
13135050616,01/04/2025,22,0.17037037037037,0.780827149716281,0.793103448275862,0.126865671641791,0.738805970149254,0
13135050617,01/04/2025,129,0.528455284552846,0.780827149716281,1.52941176470588,0.240816326530612,0.555102040816327,0
13135050618,01/04/2025,8,0.142857142857143,0.780827149716281,0.5,1,0,0
13135050619,01/04/2025,64,0.15970515970516,0.780827149716281,1.11111111111111,0.541871921182266,0.16256157635468,0.295566502463054
13135050620,01/04/2025,22,0.191666666666667,0.780827149716281,0.58974358974359,0.277310924369748,0.487394957983193,0.235294117647059
13135050621,01/04/2025,3,0.0233918128654971,0.780827149716281,0.333333333333333,0.582352941176471,0.229411764705882,0
13135050622,01/04/2025,50,0.128787878787879,0.780827149716281,1.25925925925926,0.445569620253165,0.0886075949367089,0.382278481012658
13135050623,01/04/2025,87,0.303448275862069,0.780827149716281,1.67619047619048,0.242214532871972,0.757785467128028,0
13135050624,01/04/2025,62,1.75,0.780827149716281,0.961832061068702,0.971428571428571,0.0285714285714286,0
13135050625,01/04/2025,53,1.03846153846154,0.780827149716281,1.125,0,0.372549019607843,0.627450980392157
13135050626,01/04/2025,55,0.333333333333333,0.780827149716281,2.11320754716981,1,0,0
13135050627,01/04/2025,59,0.209059233449477,0.780827149716281,0.983606557377049,0.146853146853147,0.664335664335664,0.188811188811189
13135050628,01/04/2025,67,0.243727598566308,0.780827149716281,1.38775510204082,0.496402877697842,0.359712230215827,0.143884892086331
13135050629,01/04/2025,16,0.283333333333333,0.780827149716281,1.36,0,0,1
13135050630,01/04/2025,79,0.294117647058824,0.780827149716281,0.930232558139535,0.287822878228782,0.402214022140221,0.33210332103321
13135050631,01/04/2025,82,0.258566978193146,0.780827149716281,1.44347826086957,0.61875,0.38125,0
13135050632,01/04/2025,38,1.11428571428571,0.780827149716281,1.06849315068493,1,0,0
13135050633,01/04/2025,211,0.27390180878553,0.780827149716281,1.46206896551724,0.146183699870634,0.509702457956016,0.309184993531695
13135050634,01/04/2025,58,0.122916666666667,0.780827149716281,0.944,0,0.237995824634656,0.194154488517745
13135050635,01/04/2025,16,0.173469387755102,0.780827149716281,2.61538461538462,0,1,0
13135050636,01/04/2025,50,0.221739130434783,0.780827149716281,1.04081632653061,0,0,0
13135050715,01/04/2025,44,0.178571428571429,0.780827149716281,1.32352941176471,0.617529880478088,0.286852589641434,0
13135050719,01/04/2025,258,0.302570093457944,0.780827149716281,1.15625,0.259649122807018,0.622222222222222,0.148538011695906
13135050722,01/04/2025,56,0.349693251533742,0.780827149716281,1.02702702702703,0.253086419753086,0.611111111111111,0.135802469135802
13135050725,01/04/2025,116,0.341107871720117,0.780827149716281,0.793220338983051,0.233918128654971,0.573099415204678,0.116959064327485
13135050729,01/04/2025,168,0.321292775665399,0.780827149716281,0.602495543672014,0.241904761904762,0.575238095238095,0.123809523809524
13135050732,01/04/2025,126,0.285393258426966,0.780827149716281,0.734104046242775,0.141891891891892,0.858108108108108,0
13135050733,01/04/2025,94,0.392561983471074,0.780827149716281,0.844444444444445,0.103734439834025,0.66804979253112,0.228215767634855
13135050734,01/04/2025,126,0.466911764705882,0.780827149716281,0.916967509025271,0.143911439114391,0.856088560885609,0
13135050735,01/04/2025,88,0.307958477508651,0.780827149716281,0.872549019607843,0.0972222222222222,0.628472222222222,0.0902777777777778
13135050736,01/04/2025,157,0.321138211382114,0.780827149716281,0.915942028985507,0.0203665987780041,0.979633401221996,0
13135050737,01/04/2025,31,0.627450980392157,0.780827149716281,0.853333333333333,0.42,0.58,0
13135050738,01/04/2025,102,0.547872340425532,0.780827149716281,0.733096085409253,0,1,0
13135050739,01/04/2025,115,0.277511961722488,0.780827149716281,1.05936073059361,0,1,0
13135050740,01/04/2025,17,0.339622641509434,0.780827149716281,1.05882352941176,1,0,0
13135050741,01/04/2025,72,0.561538461538462,0.780827149716281,1.17741935483871,0.651162790697675,0.348837209302326,0
13135050742,01/04/2025,30,0.264957264957265,0.780827149716281,0.607843137254902,0.172413793103448,0.758620689655172,0.0689655172413793
13135050743,01/04/2025,38,0.333333333333333,0.780827149716281,1.27868852459016,0.491379310344828,0.508620689655172,0
13135050744,01/04/2025,105,0.395522388059701,0.780827149716281,0.925764192139738,0.621722846441948,0.146067415730337,0.142322097378277
13135050745,01/04/2025,210,0.531486146095718,0.780827149716281,1.15616438356164,0.444444444444444,0.414141414141414,0
13135050746,01/04/2025,40,0.0899122807017544,0.780827149716281,1.01234567901235,0.953846153846154,0.0461538461538462,0
13135050747,01/04/2025,269,0.472854640980736,0.780827149716281,0.904522613065327,0.426315789473684,0.410526315789474,0.163157894736842
13135050748,01/04/2025,70,0.455128205128205,0.780827149716281,1.43434343434343,0.0774193548387097,0.92258064516129,0
13135050749,01/04/2025,59,0.295566502463054,0.780827149716281,0.759493670886076,0,0.668316831683168,0.272277227722772
13135050750,01/04/2025,71,0.923076923076923,0.780827149716281,1.32110091743119,0.155844155844156,0.844155844155844,0.506493506493507
13135050751,01/04/2025,125,0.451612903225806,0.780827149716281,1.09565217391304,0.154676258992806,0.845323741007194,0
13135050752,01/04/2025,68,0.225490196078431,0.780827149716281,0.965034965034965,0.101639344262295,0.219672131147541,0.678688524590164
13135050753,01/04/2025,89,0.269461077844311,0.780827149716281,0.913705583756345,0.231231231231231,0.732732732732733,0.036036036036036
13135050754,01/04/2025,48,0.223744292237443,0.780827149716281,0.830508474576271,0.073394495412844,0.926605504587156,0
13135050755,01/04/2025,32,0.388235294117647,0.780827149716281,1.22222222222222,0,1,0
13135050756,01/04/2025,9,0.078125,0.780827149716281,1.42857142857143,0,1,0
13135050757,01/04/2025,18,0.0940594059405941,0.780827149716281,0.883720930232558,0.313432835820896,0.45771144278607,0
13135050758,01/04/2025,118,0.687861271676301,0.780827149716281,1.59731543624161,0.482558139534884,0.180232558139535,0.0813953488372093
13135050759,01/04/2025,42,1,0.780827149716281,1.36507936507937,0.547619047619048,0,0.452380952380952
13135050760,01/04/2025,13,0.0782122905027933,0.780827149716281,0.482758620689655,0.325842696629214,0.48876404494382,0.185393258426966
13135050761,01/04/2025,30,0.364705882352941,0.780827149716281,1.14814814814815,1,0,0
13135050762,01/04/2025,39,0.350877192982456,0.780827149716281,1.6,0.31858407079646,0.31858407079646,0.36283185840708
13135050763,01/04/2025,34,0.174129353233831,0.780827149716281,1.01449275362319,0.28,0.72,0
13135050764,01/04/2025,113,0.338278931750742,0.780827149716281,0.797202797202797,0.395833333333333,0.392857142857143,0.0833333333333333
13135050765,01/04/2025,5,0.12,0.780827149716281,0.666666666666667,0.469387755102041,0,0
