month,month_last_day,month_filings,avg_filings,percentage_diff
January,,1095,2360.66666666667,0.463852019203615
February,,1080,1776,0.608108108108108
March,,638,1971,0.323693556570269
April,,22,1918.5,0.0114672921553297
May,,26,2643,0.00983730609156262
June,13/06/2020,59,349.5,0.168812589413448
