group,month,month_last_day,month_filings,avg_filings,month_diff,month_filings_imputed,baseline_share
White,03/2023,,3113,2340.83333333333,1.32986828052688,,0.488982711879472
Latinx,03/2023,,2969,3270.5,0.907812261122153,,0.316732589662682
Other,03/2023,,4190,3543.83333333333,1.18233551239242,,
Black,03/2023,,,,,,0.106479712012799
Female,03/2023,,,,,,
