group,month,month_last_day,month_filings,avg_filings,month_diff,month_filings_imputed,baseline_share
White,07/2022,,2582,2340.33333333333,1.10326164364051,,0.488982711879472
Latinx,07/2022,,2950,3269.83333333333,0.902186655792854,,0.316732589662682
Other,07/2022,,3522,3541.5,0.994493858534519,,
Black,07/2022,,,,,,0.106479712012799
Female,07/2022,,,,,,
