group,month,month_last_day,month_filings,avg_filings,month_diff,month_filings_imputed,baseline_share
White,11/2022,,2590,2340.33333333333,1.10667996011964,,0.488982711879472
Latinx,11/2022,,2719,3269.83333333333,0.831540853254498,,0.316732589662682
Other,11/2022,,3626,3541.5,1.02385994635042,,
Black,11/2022,,,,,,0.106479712012799
Female,11/2022,,,,,,
