group,month,month_last_day,month_filings,avg_filings,month_diff,month_filings_imputed,baseline_share
White,10/2023,,3552,2340.83333333333,1.51740833036668,,0.488982711879472
Latinx,10/2023,,3719,3270.5,1.13713499464914,,0.316732589662682
Other,10/2023,,4710,3543.83333333333,1.3290692752669,,
Black,10/2023,,,,,,0.106479712012799
Female,10/2023,,,,,,
