group,month,month_last_day,month_filings,avg_filings,month_diff,month_filings_imputed,baseline_share
White,01/2023,,2835,2340.33333333333,1.21136590229312,,0.488982711879472
Latinx,01/2023,,2636,3269.83333333333,0.806157296498293,,0.316732589662682
Other,01/2023,,3869,3541.5,1.09247493999718,,
Black,01/2023,,,,,,0.106479712012799
Female,01/2023,,,,,,
