group,month,month_last_day,month_filings,avg_filings,month_diff,month_filings_imputed,baseline_share
White,06/2023,,0,2340.83333333333,0,,0.488982711879472
Latinx,06/2023,,0,3270.5,0,,0.316732589662682
Other,06/2023,,0,3543.83333333333,0,,
Black,06/2023,,,,,,0.106479712012799
Female,06/2023,,,,,,
