month,month_last_day,month_filings,avg_filings,percentage_diff
January,,1095,845.5,1.29509166173862
February,,1080,707.833333333333,1.52578290558041
March,,638,602,1.05980066445183
April,,22,667.333333333333,0.032967032967033
May,,26,741.666666666667,0.0350561797752809
June,13/06/2020,59,293.166666666667,0.20125071063104
