group,month,month_last_day,month_filings,avg_filings,month_diff,month_filings_imputed,baseline_share
White,09/2022,,2569,2340.33333333333,1.09770687936191,,0.488982711879472
Latinx,09/2022,,2934,3269.83333333333,0.897293440032621,,0.316732589662682
Other,09/2022,,3557,3541.5,1.00437667654948,,
Black,09/2022,,,,,,0.106479712012799
Female,09/2022,,,,,,
