group,month,month_last_day,month_filings,avg_filings,month_diff,month_filings_imputed,baseline_share
White,09/2023,,3503,2340.83333333333,1.49647561409754,,0.488982711879472
Latinx,09/2023,,3394,3270.5,1.03776181012078,,0.316732589662682
Other,09/2023,,4462,3543.83333333333,1.2590885575883,,
Black,09/2023,,,,,,0.106479712012799
Female,09/2023,,,,,,
