group,month,month_last_day,month_filings,avg_filings,month_diff,month_filings_imputed,baseline_share
White,12/2022,,2730,2340.33333333333,1.16650049850449,,0.488982711879472
Latinx,12/2022,,2669,3269.83333333333,0.816249554003772,,0.316732589662682
Other,12/2022,,3773,3541.5,1.06536778201327,,
Black,12/2022,,,,,,0.106479712012799
Female,12/2022,,,,,,
