group,month,month_last_day,month_filings,avg_filings,month_diff,month_filings_imputed,baseline_share
White,05/2023,,3227,2340.83333333333,1.37856888572446,,0.488982711879472
Latinx,05/2023,,2994,3270.5,0.915456352239719,,0.316732589662682
Other,05/2023,,4283,3543.83333333333,1.20857828152189,,
Black,05/2023,,,,,,0.106479712012799
Female,05/2023,,,,,,
