group,month,month_last_day,month_filings,avg_filings,month_diff,month_filings_imputed,baseline_share
White,04/2023,,3202,2340.83333333333,1.36788892844429,,0.488982711879472
Latinx,04/2023,,3010,3270.5,0.920348570554961,,0.316732589662682
Other,04/2023,,4280,3543.83333333333,1.20773174058223,,
Black,04/2023,,,,,,0.106479712012799
Female,04/2023,,,,,,
