group,month,month_last_day,month_filings,avg_filings,month_diff,month_filings_imputed,baseline_share
White,02/2023,,2985,2340.33333333333,1.27545933627688,,0.488982711879472
Latinx,02/2023,,2839,3269.83333333333,0.868239971456241,,0.316732589662682
Other,02/2023,,4070,3541.5,1.14923055202598,,
Black,02/2023,,,,,,0.106479712012799
Female,02/2023,,,,,,
