group,month,month_last_day,month_filings,avg_filings,month_diff,month_filings_imputed,baseline_share
White,05/2022,,2527,2340.33333333333,1.07976071784646,,0.488982711879472
Latinx,05/2022,,3019,3269.83333333333,0.923288648758856,,0.316732589662682
Other,05/2022,,3340,3541.5,0.943103204856699,,
Black,05/2022,,,,,,0.106479712012799
Female,05/2022,,,,,,
