group,month,month_last_day,month_filings,avg_filings,month_diff,month_filings_imputed,baseline_share
White,10/2022,,2579,2340.33333333333,1.10197977496083,,0.488982711879472
Latinx,10/2022,,2779,3269.83333333333,0.84989041235537,,0.316732589662682
Other,10/2022,,3541,3541.5,0.9998588168855,,
Black,10/2022,,,,,,0.106479712012799
Female,10/2022,,,,,,
