group,month,month_last_day,month_filings,avg_filings,month_diff,month_filings_imputed,baseline_share
White,08/2022,,2599,2340.33333333333,1.11052556615867,,0.488982711879472
Latinx,08/2022,,3067,3269.83333333333,0.937968296039553,,0.316732589662682
Other,08/2022,,3527,3541.5,0.995905689679514,,
Black,08/2022,,,,,,0.106479712012799
Female,08/2022,,,,,,
