month,month_last_day,month_filings,avg_filings,percentage_diff
January,,1095,836.666666666667,1.30876494023904
February,,1080,700.5,1.54175588865096
March,,638,595.5,1.07136859781696
April,,22,657.166666666667,0.0334770479330459
May,,26,732.166666666667,0.0355110402913726
June,,130,792.833333333333,0.163968887954593
July,18/07/2020,35,523.833333333333,0.066815144766147
