group,month,month_last_day,month_filings,avg_filings,month_diff,month_filings_imputed,baseline_share
White,06/2022,,2514,2340.33333333333,1.07420595356787,,0.488982711879472
Latinx,06/2022,,2962,3269.83333333333,0.905856567613028,,0.316732589662682
Other,06/2022,,3378,3541.5,0.953833121558662,,
Black,06/2022,,,,,,0.106479712012799
Female,06/2022,,,,,,
