type,GEOID,racial_majority,month,filings_2020,filings_avg,filings_avg_prepandemic_baseline,last_updated
Zip Code,73301,Other,01/2020,0,0,0,
Zip Code,73301,Other,02/2020,0,0,0,
Zip Code,73301,Other,03/2020,0,0,0,
Zip Code,73301,Other,04/2020,0,0,0,
Zip Code,73301,Other,05/2020,0,0,0,
Zip Code,73301,Other,06/2020,0,0,0,
Zip Code,73301,Other,07/2020,0,0,0,
Zip Code,73301,Other,08/2020,0,0,0,
Zip Code,73301,Other,09/2020,0,0,0,
Zip Code,73301,Other,10/2020,0,0,0,
Zip Code,73301,Other,11/2020,0,0,0,
Zip Code,73301,Other,12/2020,0,0,0,
Zip Code,73301,Other,01/2021,0,0,0,
Zip Code,73301,Other,02/2021,0,0,0,
Zip Code,73301,Other,03/2021,0,0,0,
Zip Code,73301,Other,04/2021,0,0,0,
Zip Code,73301,Other,05/2021,0,0,0,
Zip Code,73301,Other,06/2021,0,0,0,
Zip Code,73301,Other,07/2021,0,0,0,
Zip Code,73301,Other,08/2021,0,0,0,
Zip Code,73301,Other,09/2021,0,0,0,
Zip Code,73301,Other,10/2021,0,0,0,
Zip Code,73301,Other,11/2021,0,0,0,
Zip Code,73301,Other,12/2021,0,0,0,
Zip Code,73301,Other,01/2022,0,0,0,
Zip Code,73301,Other,02/2022,0,0,0,
Zip Code,73301,Other,03/2022,0,0,0,
Zip Code,73301,Other,04/2022,0,0,0,
Zip Code,73301,Other,05/2022,0,0,0,
Zip Code,73301,Other,06/2022,0,0,0,
Zip Code,73301,Other,07/2022,0,0,0,
Zip Code,73301,Other,08/2022,0,0,0,
Zip Code,73301,Other,09/2022,0,0,0,
Zip Code,73301,Other,10/2022,0,0,0,
Zip Code,73301,Other,11/2022,0,0,0,
Zip Code,73301,Other,12/2022,0,0,0,
Zip Code,73301,Other,01/2023,0,0,0,
Zip Code,73301,Other,02/2023,0,0,0,
Zip Code,73301,Other,03/2023,0,0,0,
Zip Code,73301,Other,04/2023,0,0,0,
Zip Code,73301,Other,05/2023,0,0,0,
Zip Code,73301,Other,06/2023,0,0,0,
Zip Code,73301,Other,07/2023,0,0,0,
Zip Code,73301,Other,08/2023,0,0,0,
Zip Code,73301,Other,09/2023,0,0,0,
Zip Code,73301,Other,10/2023,0,0,0,
Zip Code,73301,Other,11/2023,0,0,0,
Zip Code,73301,Other,12/2023,0,0,0,
Zip Code,73301,Other,01/2024,0,0,0,
Zip Code,73301,Other,02/2024,0,0,0,
Zip Code,73301,Other,03/2024,0,0,0,
Zip Code,73301,Other,04/2024,0,0,0,
Zip Code,73301,Other,05/2024,0,0,0,
Zip Code,73301,Other,06/2024,0,0,0,
Zip Code,73301,Other,07/2024,0,0,0,
Zip Code,73301,Other,08/2024,0,0,0,
Zip Code,73301,Other,09/2024,0,0,0,
Zip Code,73301,Other,10/2024,0,0,0,
Zip Code,73301,Other,11/2024,0,0,0,
Zip Code,73301,Other,12/2024,0,0,0,
Zip Code,73301,Other,01/2025,0,0,0,
Zip Code,73301,Other,02/2025,0,0,0,
Zip Code,73301,Other,03/2025,0,0,0,
Zip Code,73301,Other,04/2025,0,0,0,
Zip Code,73301,Other,05/2025,0,0,0,
Zip Code,73301,Other,06/2025,0,0,0,
Zip Code,73301,Other,07/2025,0,0,0,
Zip Code,73301,Other,08/2025,0,0,0,2025-08-16
Zip Code,76574,Other,01/2020,0,0,0,
Zip Code,76574,Other,02/2020,0,0,0,
Zip Code,76574,Other,03/2020,0,0,0,
Zip Code,76574,Other,04/2020,0,0,0,
Zip Code,76574,Other,05/2020,0,0,0,
Zip Code,76574,Other,06/2020,0,0,0,
Zip Code,76574,Other,07/2020,0,0,0,
Zip Code,76574,Other,08/2020,0,0,0,
Zip Code,76574,Other,09/2020,0,1,0,
Zip Code,76574,Other,10/2020,0,0,0,
Zip Code,76574,Other,11/2020,0,0,0,
Zip Code,76574,Other,12/2020,0,0,0,
Zip Code,76574,Other,01/2021,0,0,0,
Zip Code,76574,Other,02/2021,0,0,0,
Zip Code,76574,Other,03/2021,0,0,0,
Zip Code,76574,Other,04/2021,0,0,0,
Zip Code,76574,Other,05/2021,0,0,0,
Zip Code,76574,Other,06/2021,0,0,0,
Zip Code,76574,Other,07/2021,0,0,0,
Zip Code,76574,Other,08/2021,0,0,0,
Zip Code,76574,Other,09/2021,0,1,0,
Zip Code,76574,Other,10/2021,0,0,0,
Zip Code,76574,Other,11/2021,0,0,0,
Zip Code,76574,Other,12/2021,0,0,0,
Zip Code,76574,Other,01/2022,0,0,0,
Zip Code,76574,Other,02/2022,0,0,0,
Zip Code,76574,Other,03/2022,0,0,0,
Zip Code,76574,Other,04/2022,0,0,0,
Zip Code,76574,Other,05/2022,0,0,0,
Zip Code,76574,Other,06/2022,0,0,0,
Zip Code,76574,Other,07/2022,0,0,0,
Zip Code,76574,Other,08/2022,0,0,0,
Zip Code,76574,Other,09/2022,0,1,0,
Zip Code,76574,Other,10/2022,0,0,0,
Zip Code,76574,Other,11/2022,0,0,0,
Zip Code,76574,Other,12/2022,0,0,0,
Zip Code,76574,Other,01/2023,0,0,0,
Zip Code,76574,Other,02/2023,0,0,0,
Zip Code,76574,Other,03/2023,0,0,0,
Zip Code,76574,Other,04/2023,0,0,0,
Zip Code,76574,Other,05/2023,0,0,0,
Zip Code,76574,Other,06/2023,0,0,0,
Zip Code,76574,Other,07/2023,0,0,0,
Zip Code,76574,Other,08/2023,0,0,0,
Zip Code,76574,Other,09/2023,0,1,0,
Zip Code,76574,Other,10/2023,0,0,0,
Zip Code,76574,Other,11/2023,0,0,0,
Zip Code,76574,Other,12/2023,0,0,0,
Zip Code,76574,Other,01/2024,0,0,0,
Zip Code,76574,Other,02/2024,0,0,0,
Zip Code,76574,Other,03/2024,0,0,0,
Zip Code,76574,Other,04/2024,0,0,0,
Zip Code,76574,Other,05/2024,0,0,0,
Zip Code,76574,Other,06/2024,0,0,0,
Zip Code,76574,Other,07/2024,0,0,0,
Zip Code,76574,Other,08/2024,0,0,0,
Zip Code,76574,Other,09/2024,0,1,0,
Zip Code,76574,Other,10/2024,0,0,0,
Zip Code,76574,Other,11/2024,0,0,0,
Zip Code,76574,Other,12/2024,0,0,0,
Zip Code,76574,Other,01/2025,0,0,0,
Zip Code,76574,Other,02/2025,0,0,0,
Zip Code,76574,Other,03/2025,0,0,0,
Zip Code,76574,Other,04/2025,0,0,0,
Zip Code,76574,Other,05/2025,0,0,0,
Zip Code,76574,Other,06/2025,0,0,0,
Zip Code,76574,Other,07/2025,0,0,0,
Zip Code,76574,Other,08/2025,0,0,0,2025-08-16
Zip Code,78610,White,01/2020,0,0.5,0.5,
Zip Code,78610,White,02/2020,0,1.5,0.667,
Zip Code,78610,White,03/2020,0,0.5,0,
Zip Code,78610,White,04/2020,0,0.5,0.167,
Zip Code,78610,White,05/2020,0,0,0.5,
Zip Code,78610,White,06/2020,0,0,0.833,
Zip Code,78610,White,07/2020,0,0.5,1,
Zip Code,78610,White,08/2020,0,1,0.5,
Zip Code,78610,White,09/2020,0,0,0.5,
Zip Code,78610,White,10/2020,0,0,1.167,
Zip Code,78610,White,11/2020,0,0,0.833,
Zip Code,78610,White,12/2020,0,0.5,1.167,
Zip Code,78610,White,01/2021,0,0.5,0.5,
Zip Code,78610,White,02/2021,0,1.5,0.667,
Zip Code,78610,White,03/2021,0,0.5,0,
Zip Code,78610,White,04/2021,0,0.5,0.167,
Zip Code,78610,White,05/2021,0,0,0.5,
Zip Code,78610,White,06/2021,0,0,0.833,
Zip Code,78610,White,07/2021,0,0.5,1,
Zip Code,78610,White,08/2021,0,1,0.5,
Zip Code,78610,White,09/2021,0,0,0.5,
Zip Code,78610,White,10/2021,0,0,1.167,
Zip Code,78610,White,11/2021,0,0,0.833,
Zip Code,78610,White,12/2021,0,0.5,1.167,
Zip Code,78610,White,01/2022,0,0.5,0.5,
Zip Code,78610,White,02/2022,0,1.5,0.667,
Zip Code,78610,White,03/2022,0,0.5,0,
Zip Code,78610,White,04/2022,0,0.5,0.167,
Zip Code,78610,White,05/2022,0,0,0.5,
Zip Code,78610,White,06/2022,0,0,0.833,
Zip Code,78610,White,07/2022,0,0.5,1,
Zip Code,78610,White,08/2022,0,1,0.5,
Zip Code,78610,White,09/2022,0,0,0.5,
Zip Code,78610,White,10/2022,0,0,1.167,
Zip Code,78610,White,11/2022,0,0,0.833,
Zip Code,78610,White,12/2022,0,0.5,1.167,
Zip Code,78610,White,01/2023,0,0.5,0.5,
Zip Code,78610,White,02/2023,0,1.5,0.667,
Zip Code,78610,White,03/2023,0,0.5,0,
Zip Code,78610,White,04/2023,0,0.5,0.167,
Zip Code,78610,White,05/2023,0,0,0.5,
Zip Code,78610,White,06/2023,0,0,0.833,
Zip Code,78610,White,07/2023,0,0.5,1,
Zip Code,78610,White,08/2023,0,1,0.5,
Zip Code,78610,White,09/2023,0,0,0.5,
Zip Code,78610,White,10/2023,0,0,1.167,
Zip Code,78610,White,11/2023,0,0,0.833,
Zip Code,78610,White,12/2023,0,0.5,1.167,
Zip Code,78610,White,01/2024,0,0.5,0.5,
Zip Code,78610,White,02/2024,0,1.5,0.667,
Zip Code,78610,White,03/2024,0,0.5,0,
Zip Code,78610,White,04/2024,0,0.5,0.167,
Zip Code,78610,White,05/2024,0,0,0.5,
Zip Code,78610,White,06/2024,0,0,0.833,
Zip Code,78610,White,07/2024,0,0.5,1,
Zip Code,78610,White,08/2024,0,1,0.5,
Zip Code,78610,White,09/2024,0,0,0.5,
Zip Code,78610,White,10/2024,0,0,1.167,
Zip Code,78610,White,11/2024,0,0,0.833,
Zip Code,78610,White,12/2024,0,0.5,1.167,
Zip Code,78610,White,01/2025,0,0.5,0.5,
Zip Code,78610,White,02/2025,0,1.5,0.667,
Zip Code,78610,White,03/2025,0,0.5,0,
Zip Code,78610,White,04/2025,0,0.5,0.167,
Zip Code,78610,White,05/2025,0,0,0.5,
Zip Code,78610,White,06/2025,0,0,0.833,
Zip Code,78610,White,07/2025,0,0.5,1,
Zip Code,78610,White,08/2025,0,0.5,0.167,2025-08-16
Zip Code,78612,Hispanic,01/2020,0,0,0.5,
Zip Code,78612,Hispanic,02/2020,0,0,0.333,
Zip Code,78612,Hispanic,03/2020,0,0,0,
Zip Code,78612,Hispanic,04/2020,0,0,0.5,
Zip Code,78612,Hispanic,05/2020,0,0,0,
Zip Code,78612,Hispanic,06/2020,0,0,0,
Zip Code,78612,Hispanic,07/2020,0,0,0.167,
Zip Code,78612,Hispanic,08/2020,0,0,0.167,
Zip Code,78612,Hispanic,09/2020,0,0,0.5,
Zip Code,78612,Hispanic,10/2020,0,0,0.333,
Zip Code,78612,Hispanic,11/2020,0,0,0.333,
Zip Code,78612,Hispanic,12/2020,0,0,0,
Zip Code,78612,Hispanic,01/2021,0,0,0.5,
Zip Code,78612,Hispanic,02/2021,0,0,0.333,
Zip Code,78612,Hispanic,03/2021,0,0,0,
Zip Code,78612,Hispanic,04/2021,0,0,0.5,
Zip Code,78612,Hispanic,05/2021,0,0,0,
Zip Code,78612,Hispanic,06/2021,0,0,0,
Zip Code,78612,Hispanic,07/2021,0,0,0.167,
Zip Code,78612,Hispanic,08/2021,0,0,0.167,
Zip Code,78612,Hispanic,09/2021,0,0,0.5,
Zip Code,78612,Hispanic,10/2021,0,0,0.333,
Zip Code,78612,Hispanic,11/2021,0,0,0.333,
Zip Code,78612,Hispanic,12/2021,0,0,0,
Zip Code,78612,Hispanic,01/2022,0,0,0.5,
Zip Code,78612,Hispanic,02/2022,0,0,0.333,
Zip Code,78612,Hispanic,03/2022,0,0,0,
Zip Code,78612,Hispanic,04/2022,0,0,0.5,
Zip Code,78612,Hispanic,05/2022,0,0,0,
Zip Code,78612,Hispanic,06/2022,0,0,0,
Zip Code,78612,Hispanic,07/2022,0,0,0.167,
Zip Code,78612,Hispanic,08/2022,0,0,0.167,
Zip Code,78612,Hispanic,09/2022,0,0,0.5,
Zip Code,78612,Hispanic,10/2022,0,0,0.333,
Zip Code,78612,Hispanic,11/2022,0,0,0.333,
Zip Code,78612,Hispanic,12/2022,0,0,0,
Zip Code,78612,Hispanic,01/2023,0,0,0.5,
Zip Code,78612,Hispanic,02/2023,0,0,0.333,
Zip Code,78612,Hispanic,03/2023,0,0,0,
Zip Code,78612,Hispanic,04/2023,0,0,0.5,
Zip Code,78612,Hispanic,05/2023,0,0,0,
Zip Code,78612,Hispanic,06/2023,0,0,0,
Zip Code,78612,Hispanic,07/2023,0,0,0.167,
Zip Code,78612,Hispanic,08/2023,0,0,0.167,
Zip Code,78612,Hispanic,09/2023,0,0,0.5,
Zip Code,78612,Hispanic,10/2023,0,0,0.333,
Zip Code,78612,Hispanic,11/2023,0,0,0.333,
Zip Code,78612,Hispanic,12/2023,0,0,0,
Zip Code,78612,Hispanic,01/2024,0,0,0.5,
Zip Code,78612,Hispanic,02/2024,0,0,0.333,
Zip Code,78612,Hispanic,03/2024,0,0,0,
Zip Code,78612,Hispanic,04/2024,0,0,0.5,
Zip Code,78612,Hispanic,05/2024,0,0,0,
Zip Code,78612,Hispanic,06/2024,0,0,0,
Zip Code,78612,Hispanic,07/2024,0,0,0.167,
Zip Code,78612,Hispanic,08/2024,0,0,0.167,
Zip Code,78612,Hispanic,09/2024,0,0,0.5,
Zip Code,78612,Hispanic,10/2024,0,0,0.333,
Zip Code,78612,Hispanic,11/2024,0,0,0.333,
Zip Code,78612,Hispanic,12/2024,0,0,0,
Zip Code,78612,Hispanic,01/2025,0,0,0.5,
Zip Code,78612,Hispanic,02/2025,0,0,0.333,
Zip Code,78612,Hispanic,03/2025,0,0,0,
Zip Code,78612,Hispanic,04/2025,0,0,0.5,
Zip Code,78612,Hispanic,05/2025,0,0,0,
Zip Code,78612,Hispanic,06/2025,0,0,0,
Zip Code,78612,Hispanic,07/2025,0,0,0.167,
Zip Code,78612,Hispanic,08/2025,0,0,0.167,2025-08-16
Zip Code,78613,White,01/2020,0,0,0.333,
Zip Code,78613,White,02/2020,0,0.5,0.167,
Zip Code,78613,White,03/2020,0,0.5,0.167,
Zip Code,78613,White,04/2020,0,0.5,0.333,
Zip Code,78613,White,05/2020,0,1,0.667,
Zip Code,78613,White,06/2020,0,0.5,0.667,
Zip Code,78613,White,07/2020,0,0,0.5,
Zip Code,78613,White,08/2020,0,0,0.167,
Zip Code,78613,White,09/2020,0,0,0.667,
Zip Code,78613,White,10/2020,0,0,0.5,
Zip Code,78613,White,11/2020,0,0.5,0.667,
Zip Code,78613,White,12/2020,0,0,0.667,
Zip Code,78613,White,01/2021,0,0,0.333,
Zip Code,78613,White,02/2021,0,0.5,0.167,
Zip Code,78613,White,03/2021,0,0.5,0.167,
Zip Code,78613,White,04/2021,0,0.5,0.333,
Zip Code,78613,White,05/2021,0,1,0.667,
Zip Code,78613,White,06/2021,0,0.5,0.667,
Zip Code,78613,White,07/2021,0,0,0.5,
Zip Code,78613,White,08/2021,0,0,0.167,
Zip Code,78613,White,09/2021,0,0,0.667,
Zip Code,78613,White,10/2021,0,0,0.5,
Zip Code,78613,White,11/2021,0,0.5,0.667,
Zip Code,78613,White,12/2021,0,0,0.667,
Zip Code,78613,White,01/2022,0,0,0.333,
Zip Code,78613,White,02/2022,0,0.5,0.167,
Zip Code,78613,White,03/2022,0,0.5,0.167,
Zip Code,78613,White,04/2022,0,0.5,0.333,
Zip Code,78613,White,05/2022,0,1,0.667,
Zip Code,78613,White,06/2022,0,0.5,0.667,
Zip Code,78613,White,07/2022,0,0,0.5,
Zip Code,78613,White,08/2022,0,0,0.167,
Zip Code,78613,White,09/2022,0,0,0.667,
Zip Code,78613,White,10/2022,0,0,0.5,
Zip Code,78613,White,11/2022,0,0.5,0.667,
Zip Code,78613,White,12/2022,0,0,0.667,
Zip Code,78613,White,01/2023,0,0,0.333,
Zip Code,78613,White,02/2023,0,0.5,0.167,
Zip Code,78613,White,03/2023,0,0.5,0.167,
Zip Code,78613,White,04/2023,0,0.5,0.333,
Zip Code,78613,White,05/2023,0,1,0.667,
Zip Code,78613,White,06/2023,0,0.5,0.667,
Zip Code,78613,White,07/2023,0,0,0.5,
Zip Code,78613,White,08/2023,0,0,0.167,
Zip Code,78613,White,09/2023,0,0,0.667,
Zip Code,78613,White,10/2023,0,0,0.5,
Zip Code,78613,White,11/2023,0,0.5,0.667,
Zip Code,78613,White,12/2023,0,0,0.667,
Zip Code,78613,White,01/2024,0,0,0.333,
Zip Code,78613,White,02/2024,0,0.5,0.167,
Zip Code,78613,White,03/2024,0,0.5,0.167,
Zip Code,78613,White,04/2024,0,0.5,0.333,
Zip Code,78613,White,05/2024,0,1,0.667,
Zip Code,78613,White,06/2024,0,0.5,0.667,
Zip Code,78613,White,07/2024,0,0,0.5,
Zip Code,78613,White,08/2024,0,0,0.167,
Zip Code,78613,White,09/2024,0,0,0.667,
Zip Code,78613,White,10/2024,0,0,0.5,
Zip Code,78613,White,11/2024,0,0.5,0.667,
Zip Code,78613,White,12/2024,0,0,0.667,
Zip Code,78613,White,01/2025,0,0,0.333,
Zip Code,78613,White,02/2025,0,0.5,0.167,
Zip Code,78613,White,03/2025,0,0.5,0.167,
Zip Code,78613,White,04/2025,0,0.5,0.333,
Zip Code,78613,White,05/2025,0,1,0.667,
Zip Code,78613,White,06/2025,0,0.5,0.667,
Zip Code,78613,White,07/2025,0,0,0.5,
Zip Code,78613,White,08/2025,0,0,0.167,2025-08-16
Zip Code,78615,White,01/2020,0,0,0.333,
Zip Code,78615,White,02/2020,0,0,0.167,
Zip Code,78615,White,03/2020,0,0,0,
Zip Code,78615,White,04/2020,0,0,0,
Zip Code,78615,White,05/2020,0,0,0.167,
Zip Code,78615,White,06/2020,0,0,0,
Zip Code,78615,White,07/2020,0,0,0.167,
Zip Code,78615,White,08/2020,0,0,0.167,
Zip Code,78615,White,09/2020,0,0,0.167,
Zip Code,78615,White,10/2020,0,0,0.333,
Zip Code,78615,White,11/2020,0,0,0,
Zip Code,78615,White,12/2020,0,0,0.167,
Zip Code,78615,White,01/2021,0,0,0.333,
Zip Code,78615,White,02/2021,0,0,0.167,
Zip Code,78615,White,03/2021,0,0,0,
Zip Code,78615,White,04/2021,0,0,0,
Zip Code,78615,White,05/2021,0,0,0.167,
Zip Code,78615,White,06/2021,0,0,0,
Zip Code,78615,White,07/2021,0,0,0.167,
Zip Code,78615,White,08/2021,0,0,0.167,
Zip Code,78615,White,09/2021,0,0,0.167,
Zip Code,78615,White,10/2021,0,0,0.333,
Zip Code,78615,White,11/2021,0,0,0,
Zip Code,78615,White,12/2021,0,0,0.167,
Zip Code,78615,White,01/2022,0,0,0.333,
Zip Code,78615,White,02/2022,0,0,0.167,
Zip Code,78615,White,03/2022,0,0,0,
Zip Code,78615,White,04/2022,0,0,0,
Zip Code,78615,White,05/2022,0,0,0.167,
Zip Code,78615,White,06/2022,0,0,0,
Zip Code,78615,White,07/2022,0,0,0.167,
Zip Code,78615,White,08/2022,0,0,0.167,
Zip Code,78615,White,09/2022,0,0,0.167,
Zip Code,78615,White,10/2022,0,0,0.333,
Zip Code,78615,White,11/2022,0,0,0,
Zip Code,78615,White,12/2022,0,0,0.167,
Zip Code,78615,White,01/2023,0,0,0.333,
Zip Code,78615,White,02/2023,0,0,0.167,
Zip Code,78615,White,03/2023,0,0,0,
Zip Code,78615,White,04/2023,0,0,0,
Zip Code,78615,White,05/2023,0,0,0.167,
Zip Code,78615,White,06/2023,0,0,0,
Zip Code,78615,White,07/2023,0,0,0.167,
Zip Code,78615,White,08/2023,0,0,0.167,
Zip Code,78615,White,09/2023,0,0,0.167,
Zip Code,78615,White,10/2023,0,0,0.333,
Zip Code,78615,White,11/2023,0,0,0,
Zip Code,78615,White,12/2023,0,0,0.167,
Zip Code,78615,White,01/2024,0,0,0.333,
Zip Code,78615,White,02/2024,0,0,0.167,
Zip Code,78615,White,03/2024,0,0,0,
Zip Code,78615,White,04/2024,0,0,0,
Zip Code,78615,White,05/2024,0,0,0.167,
Zip Code,78615,White,06/2024,0,0,0,
Zip Code,78615,White,07/2024,0,0,0.167,
Zip Code,78615,White,08/2024,0,0,0.167,
Zip Code,78615,White,09/2024,0,0,0.167,
Zip Code,78615,White,10/2024,0,0,0.333,
Zip Code,78615,White,11/2024,0,0,0,
Zip Code,78615,White,12/2024,0,0,0.167,
Zip Code,78615,White,01/2025,0,0,0.333,
Zip Code,78615,White,02/2025,0,0,0.167,
Zip Code,78615,White,03/2025,0,0,0,
Zip Code,78615,White,04/2025,0,0,0,
Zip Code,78615,White,05/2025,0,0,0.167,
Zip Code,78615,White,06/2025,0,0,0,
Zip Code,78615,White,07/2025,0,0,0.167,
Zip Code,78615,White,08/2025,0,0,0,2025-08-16
Zip Code,78616,Hispanic,01/2020,0,0,0,
Zip Code,78616,Hispanic,02/2020,0,0,0,
Zip Code,78616,Hispanic,03/2020,0,0,0,
Zip Code,78616,Hispanic,04/2020,0,0,0.167,
Zip Code,78616,Hispanic,05/2020,0,0,0,
Zip Code,78616,Hispanic,06/2020,0,0,0.333,
Zip Code,78616,Hispanic,07/2020,0,0,0,
Zip Code,78616,Hispanic,08/2020,0,0,0,
Zip Code,78616,Hispanic,09/2020,0,0,0.167,
Zip Code,78616,Hispanic,10/2020,0,0,0,
Zip Code,78616,Hispanic,11/2020,0,0,0,
Zip Code,78616,Hispanic,12/2020,0,0,0,
Zip Code,78616,Hispanic,01/2021,0,0,0,
Zip Code,78616,Hispanic,02/2021,0,0,0,
Zip Code,78616,Hispanic,03/2021,0,0,0,
Zip Code,78616,Hispanic,04/2021,0,0,0.167,
Zip Code,78616,Hispanic,05/2021,0,0,0,
Zip Code,78616,Hispanic,06/2021,0,0,0.333,
Zip Code,78616,Hispanic,07/2021,0,0,0,
Zip Code,78616,Hispanic,08/2021,0,0,0,
Zip Code,78616,Hispanic,09/2021,0,0,0.167,
Zip Code,78616,Hispanic,10/2021,0,0,0,
Zip Code,78616,Hispanic,11/2021,0,0,0,
Zip Code,78616,Hispanic,12/2021,0,0,0,
Zip Code,78616,Hispanic,01/2022,0,0,0,
Zip Code,78616,Hispanic,02/2022,0,0,0,
Zip Code,78616,Hispanic,03/2022,0,0,0,
Zip Code,78616,Hispanic,04/2022,0,0,0.167,
Zip Code,78616,Hispanic,05/2022,0,0,0,
Zip Code,78616,Hispanic,06/2022,0,0,0.333,
Zip Code,78616,Hispanic,07/2022,0,0,0,
Zip Code,78616,Hispanic,08/2022,0,0,0,
Zip Code,78616,Hispanic,09/2022,0,0,0.167,
Zip Code,78616,Hispanic,10/2022,0,0,0,
Zip Code,78616,Hispanic,11/2022,0,0,0,
Zip Code,78616,Hispanic,12/2022,0,0,0,
Zip Code,78616,Hispanic,01/2023,0,0,0,
Zip Code,78616,Hispanic,02/2023,0,0,0,
Zip Code,78616,Hispanic,03/2023,0,0,0,
Zip Code,78616,Hispanic,04/2023,0,0,0.167,
Zip Code,78616,Hispanic,05/2023,0,0,0,
Zip Code,78616,Hispanic,06/2023,0,0,0.333,
Zip Code,78616,Hispanic,07/2023,0,0,0,
Zip Code,78616,Hispanic,08/2023,0,0,0,
Zip Code,78616,Hispanic,09/2023,0,0,0.167,
Zip Code,78616,Hispanic,10/2023,0,0,0,
Zip Code,78616,Hispanic,11/2023,0,0,0,
Zip Code,78616,Hispanic,12/2023,0,0,0,
Zip Code,78616,Hispanic,01/2024,0,0,0,
Zip Code,78616,Hispanic,02/2024,0,0,0,
Zip Code,78616,Hispanic,03/2024,0,0,0,
Zip Code,78616,Hispanic,04/2024,0,0,0.167,
Zip Code,78616,Hispanic,05/2024,0,0,0,
Zip Code,78616,Hispanic,06/2024,0,0,0.333,
Zip Code,78616,Hispanic,07/2024,0,0,0,
Zip Code,78616,Hispanic,08/2024,0,0,0,
Zip Code,78616,Hispanic,09/2024,0,0,0.167,
Zip Code,78616,Hispanic,10/2024,0,0,0,
Zip Code,78616,Hispanic,11/2024,0,0,0,
Zip Code,78616,Hispanic,12/2024,0,0,0,
Zip Code,78616,Hispanic,01/2025,0,0,0,
Zip Code,78616,Hispanic,02/2025,0,0,0,
Zip Code,78616,Hispanic,03/2025,0,0,0,
Zip Code,78616,Hispanic,04/2025,0,0,0.167,
Zip Code,78616,Hispanic,05/2025,0,0,0,
Zip Code,78616,Hispanic,06/2025,0,0,0.333,
Zip Code,78616,Hispanic,07/2025,0,0,0,
Zip Code,78616,Hispanic,08/2025,0,0,0,2025-08-16
Zip Code,78617,Hispanic,01/2020,0,9.5,9,
Zip Code,78617,Hispanic,02/2020,0,5,9,
Zip Code,78617,Hispanic,03/2020,0,5,7,
Zip Code,78617,Hispanic,04/2020,0,10,7.833,
Zip Code,78617,Hispanic,05/2020,0,9.5,9,
Zip Code,78617,Hispanic,06/2020,0,4,11.167,
Zip Code,78617,Hispanic,07/2020,0,12,11.5,
Zip Code,78617,Hispanic,08/2020,0,12,9.333,
Zip Code,78617,Hispanic,09/2020,0,6.5,10.167,
Zip Code,78617,Hispanic,10/2020,0,10,7.833,
Zip Code,78617,Hispanic,11/2020,0,10,9,
Zip Code,78617,Hispanic,12/2020,0,8,7.333,
Zip Code,78617,Hispanic,01/2021,0,9.5,9,
Zip Code,78617,Hispanic,02/2021,0,5,9,
Zip Code,78617,Hispanic,03/2021,0,5,7,
Zip Code,78617,Hispanic,04/2021,0,10,7.833,
Zip Code,78617,Hispanic,05/2021,0,9.5,9,
Zip Code,78617,Hispanic,06/2021,0,4,11.167,
Zip Code,78617,Hispanic,07/2021,0,12,11.5,
Zip Code,78617,Hispanic,08/2021,0,12,9.333,
Zip Code,78617,Hispanic,09/2021,0,6.5,10.167,
Zip Code,78617,Hispanic,10/2021,0,10,7.833,
Zip Code,78617,Hispanic,11/2021,0,10,9,
Zip Code,78617,Hispanic,12/2021,0,8,7.333,
Zip Code,78617,Hispanic,01/2022,0,9.5,9,
Zip Code,78617,Hispanic,02/2022,0,5,9,
Zip Code,78617,Hispanic,03/2022,0,5,7,
Zip Code,78617,Hispanic,04/2022,0,10,7.833,
Zip Code,78617,Hispanic,05/2022,0,9.5,9,
Zip Code,78617,Hispanic,06/2022,0,4,11.167,
Zip Code,78617,Hispanic,07/2022,0,12,11.5,
Zip Code,78617,Hispanic,08/2022,0,12,9.333,
Zip Code,78617,Hispanic,09/2022,0,6.5,10.167,
Zip Code,78617,Hispanic,10/2022,0,10,7.833,
Zip Code,78617,Hispanic,11/2022,0,10,9,
Zip Code,78617,Hispanic,12/2022,0,8,7.333,
Zip Code,78617,Hispanic,01/2023,0,9.5,9,
Zip Code,78617,Hispanic,02/2023,0,5,9,
Zip Code,78617,Hispanic,03/2023,0,5,7,
Zip Code,78617,Hispanic,04/2023,0,10,7.833,
Zip Code,78617,Hispanic,05/2023,0,9.5,9,
Zip Code,78617,Hispanic,06/2023,0,4,11.167,
Zip Code,78617,Hispanic,07/2023,0,12,11.5,
Zip Code,78617,Hispanic,08/2023,0,12,9.333,
Zip Code,78617,Hispanic,09/2023,0,6.5,10.167,
Zip Code,78617,Hispanic,10/2023,0,10,7.833,
Zip Code,78617,Hispanic,11/2023,0,10,9,
Zip Code,78617,Hispanic,12/2023,0,8,7.333,
Zip Code,78617,Hispanic,01/2024,0,9.5,9,
Zip Code,78617,Hispanic,02/2024,0,5,9,
Zip Code,78617,Hispanic,03/2024,0,5,7,
Zip Code,78617,Hispanic,04/2024,0,10,7.833,
Zip Code,78617,Hispanic,05/2024,0,9.5,9,
Zip Code,78617,Hispanic,06/2024,0,4,11.167,
Zip Code,78617,Hispanic,07/2024,0,12,11.5,
Zip Code,78617,Hispanic,08/2024,0,12,9.333,
Zip Code,78617,Hispanic,09/2024,0,6.5,10.167,
Zip Code,78617,Hispanic,10/2024,0,10,7.833,
Zip Code,78617,Hispanic,11/2024,0,10,9,
Zip Code,78617,Hispanic,12/2024,0,8,7.333,
Zip Code,78617,Hispanic,01/2025,0,9.5,9,
Zip Code,78617,Hispanic,02/2025,0,5,9,
Zip Code,78617,Hispanic,03/2025,0,5,7,
Zip Code,78617,Hispanic,04/2025,0,10,7.833,
Zip Code,78617,Hispanic,05/2025,0,9.5,9,
Zip Code,78617,Hispanic,06/2025,0,4,11.167,
Zip Code,78617,Hispanic,07/2025,0,12,11.5,
Zip Code,78617,Hispanic,08/2025,0,3.5,2.833,2025-08-16
Zip Code,78620,White,01/2020,0,0,0,
Zip Code,78620,White,02/2020,0,0,0.333,
Zip Code,78620,White,03/2020,0,0.5,0,
Zip Code,78620,White,04/2020,0,0.5,0.167,
Zip Code,78620,White,05/2020,0,0,0,
Zip Code,78620,White,06/2020,0,0,0.5,
Zip Code,78620,White,07/2020,0,0,0,
Zip Code,78620,White,08/2020,0,0,0.5,
Zip Code,78620,White,09/2020,0,0,0,
Zip Code,78620,White,10/2020,0,0,0.167,
Zip Code,78620,White,11/2020,0,0,0,
Zip Code,78620,White,12/2020,0,0,0,
Zip Code,78620,White,01/2021,0,0,0,
Zip Code,78620,White,02/2021,0,0,0.333,
Zip Code,78620,White,03/2021,0,0.5,0,
Zip Code,78620,White,04/2021,0,0.5,0.167,
Zip Code,78620,White,05/2021,0,0,0,
Zip Code,78620,White,06/2021,0,0,0.5,
Zip Code,78620,White,07/2021,0,0,0,
Zip Code,78620,White,08/2021,0,0,0.5,
Zip Code,78620,White,09/2021,0,0,0,
Zip Code,78620,White,10/2021,0,0,0.167,
Zip Code,78620,White,11/2021,0,0,0,
Zip Code,78620,White,12/2021,0,0,0,
Zip Code,78620,White,01/2022,0,0,0,
Zip Code,78620,White,02/2022,0,0,0.333,
Zip Code,78620,White,03/2022,0,0.5,0,
Zip Code,78620,White,04/2022,0,0.5,0.167,
Zip Code,78620,White,05/2022,0,0,0,
Zip Code,78620,White,06/2022,0,0,0.5,
Zip Code,78620,White,07/2022,0,0,0,
Zip Code,78620,White,08/2022,0,0,0.5,
Zip Code,78620,White,09/2022,0,0,0,
Zip Code,78620,White,10/2022,0,0,0.167,
Zip Code,78620,White,11/2022,0,0,0,
Zip Code,78620,White,12/2022,0,0,0,
Zip Code,78620,White,01/2023,0,0,0,
Zip Code,78620,White,02/2023,0,0,0.333,
Zip Code,78620,White,03/2023,0,0.5,0,
Zip Code,78620,White,04/2023,0,0.5,0.167,
Zip Code,78620,White,05/2023,0,0,0,
Zip Code,78620,White,06/2023,0,0,0.5,
Zip Code,78620,White,07/2023,0,0,0,
Zip Code,78620,White,08/2023,0,0,0.5,
Zip Code,78620,White,09/2023,0,0,0,
Zip Code,78620,White,10/2023,0,0,0.167,
Zip Code,78620,White,11/2023,0,0,0,
Zip Code,78620,White,12/2023,0,0,0,
Zip Code,78620,White,01/2024,0,0,0,
Zip Code,78620,White,02/2024,0,0,0.333,
Zip Code,78620,White,03/2024,0,0.5,0,
Zip Code,78620,White,04/2024,0,0.5,0.167,
Zip Code,78620,White,05/2024,0,0,0,
Zip Code,78620,White,06/2024,0,0,0.5,
Zip Code,78620,White,07/2024,0,0,0,
Zip Code,78620,White,08/2024,0,0,0.5,
Zip Code,78620,White,09/2024,0,0,0,
Zip Code,78620,White,10/2024,0,0,0.167,
Zip Code,78620,White,11/2024,0,0,0,
Zip Code,78620,White,12/2024,0,0,0,
Zip Code,78620,White,01/2025,0,0,0,
Zip Code,78620,White,02/2025,0,0,0.333,
Zip Code,78620,White,03/2025,0,0.5,0,
Zip Code,78620,White,04/2025,0,0.5,0.167,
Zip Code,78620,White,05/2025,0,0,0,
Zip Code,78620,White,06/2025,0,0,0.5,
Zip Code,78620,White,07/2025,0,0,0,
Zip Code,78620,White,08/2025,0,0,0.5,2025-08-16
Zip Code,78621,Other,01/2020,0,2,0.833,
Zip Code,78621,Other,02/2020,0,1,1.167,
Zip Code,78621,Other,03/2020,0,1,1.833,
Zip Code,78621,Other,04/2020,0,0.5,0.5,
Zip Code,78621,Other,05/2020,0,2,1,
Zip Code,78621,Other,06/2020,0,3.5,1.167,
Zip Code,78621,Other,07/2020,0,2,1.833,
Zip Code,78621,Other,08/2020,0,1,0.667,
Zip Code,78621,Other,09/2020,0,2,1.5,
Zip Code,78621,Other,10/2020,0,3.5,1.5,
Zip Code,78621,Other,11/2020,0,2,1,
Zip Code,78621,Other,12/2020,0,3,0.833,
Zip Code,78621,Other,01/2021,0,2,0.833,
Zip Code,78621,Other,02/2021,0,1,1.167,
Zip Code,78621,Other,03/2021,0,1,1.833,
Zip Code,78621,Other,04/2021,0,0.5,0.5,
Zip Code,78621,Other,05/2021,0,2,1,
Zip Code,78621,Other,06/2021,0,3.5,1.167,
Zip Code,78621,Other,07/2021,0,2,1.833,
Zip Code,78621,Other,08/2021,0,1,0.667,
Zip Code,78621,Other,09/2021,0,2,1.5,
Zip Code,78621,Other,10/2021,0,3.5,1.5,
Zip Code,78621,Other,11/2021,0,2,1,
Zip Code,78621,Other,12/2021,0,3,0.833,
Zip Code,78621,Other,01/2022,0,2,0.833,
Zip Code,78621,Other,02/2022,0,1,1.167,
Zip Code,78621,Other,03/2022,0,1,1.833,
Zip Code,78621,Other,04/2022,0,0.5,0.5,
Zip Code,78621,Other,05/2022,0,2,1,
Zip Code,78621,Other,06/2022,0,3.5,1.167,
Zip Code,78621,Other,07/2022,0,2,1.833,
Zip Code,78621,Other,08/2022,0,1,0.667,
Zip Code,78621,Other,09/2022,0,2,1.5,
Zip Code,78621,Other,10/2022,0,3.5,1.5,
Zip Code,78621,Other,11/2022,0,2,1,
Zip Code,78621,Other,12/2022,0,3,0.833,
Zip Code,78621,Other,01/2023,0,2,0.833,
Zip Code,78621,Other,02/2023,0,1,1.167,
Zip Code,78621,Other,03/2023,0,1,1.833,
Zip Code,78621,Other,04/2023,0,0.5,0.5,
Zip Code,78621,Other,05/2023,0,2,1,
Zip Code,78621,Other,06/2023,0,3.5,1.167,
Zip Code,78621,Other,07/2023,0,2,1.833,
Zip Code,78621,Other,08/2023,0,1,0.667,
Zip Code,78621,Other,09/2023,0,2,1.5,
Zip Code,78621,Other,10/2023,0,3.5,1.5,
Zip Code,78621,Other,11/2023,0,2,1,
Zip Code,78621,Other,12/2023,0,3,0.833,
Zip Code,78621,Other,01/2024,0,2,0.833,
Zip Code,78621,Other,02/2024,0,1,1.167,
Zip Code,78621,Other,03/2024,0,1,1.833,
Zip Code,78621,Other,04/2024,0,0.5,0.5,
Zip Code,78621,Other,05/2024,0,2,1,
Zip Code,78621,Other,06/2024,0,3.5,1.167,
Zip Code,78621,Other,07/2024,0,2,1.833,
Zip Code,78621,Other,08/2024,0,1,0.667,
Zip Code,78621,Other,09/2024,0,2,1.5,
Zip Code,78621,Other,10/2024,0,3.5,1.5,
Zip Code,78621,Other,11/2024,0,2,1,
Zip Code,78621,Other,12/2024,0,3,0.833,
Zip Code,78621,Other,01/2025,0,2,0.833,
Zip Code,78621,Other,02/2025,0,1,1.167,
Zip Code,78621,Other,03/2025,0,1,1.833,
Zip Code,78621,Other,04/2025,0,0.5,0.5,
Zip Code,78621,Other,05/2025,0,2,1,
Zip Code,78621,Other,06/2025,0,3.5,1.167,
Zip Code,78621,Other,07/2025,0,2,1.833,
Zip Code,78621,Other,08/2025,0,1,0.333,2025-08-16
Zip Code,78634,White,01/2020,0,0.5,0.167,
Zip Code,78634,White,02/2020,0,0.5,0.333,
Zip Code,78634,White,03/2020,0,0.5,0,
Zip Code,78634,White,04/2020,0,0,0,
Zip Code,78634,White,05/2020,0,0.5,0.167,
Zip Code,78634,White,06/2020,0,0.5,0.5,
Zip Code,78634,White,07/2020,0,0,0.167,
Zip Code,78634,White,08/2020,0,1,0.167,
Zip Code,78634,White,09/2020,0,0,0.167,
Zip Code,78634,White,10/2020,0,0.5,0,
Zip Code,78634,White,11/2020,0,0,0.167,
Zip Code,78634,White,12/2020,0,0.5,0,
Zip Code,78634,White,01/2021,0,0.5,0.167,
Zip Code,78634,White,02/2021,0,0.5,0.333,
Zip Code,78634,White,03/2021,0,0.5,0,
Zip Code,78634,White,04/2021,0,0,0,
Zip Code,78634,White,05/2021,0,0.5,0.167,
Zip Code,78634,White,06/2021,0,0.5,0.5,
Zip Code,78634,White,07/2021,0,0,0.167,
Zip Code,78634,White,08/2021,0,1,0.167,
Zip Code,78634,White,09/2021,0,0,0.167,
Zip Code,78634,White,10/2021,0,0.5,0,
Zip Code,78634,White,11/2021,0,0,0.167,
Zip Code,78634,White,12/2021,0,0.5,0,
Zip Code,78634,White,01/2022,0,0.5,0.167,
Zip Code,78634,White,02/2022,0,0.5,0.333,
Zip Code,78634,White,03/2022,0,0.5,0,
Zip Code,78634,White,04/2022,0,0,0,
Zip Code,78634,White,05/2022,0,0.5,0.167,
Zip Code,78634,White,06/2022,0,0.5,0.5,
Zip Code,78634,White,07/2022,0,0,0.167,
Zip Code,78634,White,08/2022,0,1,0.167,
Zip Code,78634,White,09/2022,0,0,0.167,
Zip Code,78634,White,10/2022,0,0.5,0,
Zip Code,78634,White,11/2022,0,0,0.167,
Zip Code,78634,White,12/2022,0,0.5,0,
Zip Code,78634,White,01/2023,0,0.5,0.167,
Zip Code,78634,White,02/2023,0,0.5,0.333,
Zip Code,78634,White,03/2023,0,0.5,0,
Zip Code,78634,White,04/2023,0,0,0,
Zip Code,78634,White,05/2023,0,0.5,0.167,
Zip Code,78634,White,06/2023,0,0.5,0.5,
Zip Code,78634,White,07/2023,0,0,0.167,
Zip Code,78634,White,08/2023,0,1,0.167,
Zip Code,78634,White,09/2023,0,0,0.167,
Zip Code,78634,White,10/2023,0,0.5,0,
Zip Code,78634,White,11/2023,0,0,0.167,
Zip Code,78634,White,12/2023,0,0.5,0,
Zip Code,78634,White,01/2024,0,0.5,0.167,
Zip Code,78634,White,02/2024,0,0.5,0.333,
Zip Code,78634,White,03/2024,0,0.5,0,
Zip Code,78634,White,04/2024,0,0,0,
Zip Code,78634,White,05/2024,0,0.5,0.167,
Zip Code,78634,White,06/2024,0,0.5,0.5,
Zip Code,78634,White,07/2024,0,0,0.167,
Zip Code,78634,White,08/2024,0,1,0.167,
Zip Code,78634,White,09/2024,0,0,0.167,
Zip Code,78634,White,10/2024,0,0.5,0,
Zip Code,78634,White,11/2024,0,0,0.167,
Zip Code,78634,White,12/2024,0,0.5,0,
Zip Code,78634,White,01/2025,0,0.5,0.167,
Zip Code,78634,White,02/2025,0,0.5,0.333,
Zip Code,78634,White,03/2025,0,0.5,0,
Zip Code,78634,White,04/2025,0,0,0,
Zip Code,78634,White,05/2025,0,0.5,0.167,
Zip Code,78634,White,06/2025,0,0.5,0.5,
Zip Code,78634,White,07/2025,0,0,0.167,
Zip Code,78634,White,08/2025,0,0.5,0,2025-08-16
Zip Code,78640,Hispanic,01/2020,0,0,0.167,
Zip Code,78640,Hispanic,02/2020,0,0,0.167,
Zip Code,78640,Hispanic,03/2020,0,0,0,
Zip Code,78640,Hispanic,04/2020,0,0,0.167,
Zip Code,78640,Hispanic,05/2020,0,0,0,
Zip Code,78640,Hispanic,06/2020,0,0,0.167,
Zip Code,78640,Hispanic,07/2020,0,0,0.167,
Zip Code,78640,Hispanic,08/2020,0,0,0,
Zip Code,78640,Hispanic,09/2020,0,0,0.167,
Zip Code,78640,Hispanic,10/2020,0,0.5,0.5,
Zip Code,78640,Hispanic,11/2020,0,0,0,
Zip Code,78640,Hispanic,12/2020,0,0,0,
Zip Code,78640,Hispanic,01/2021,0,0,0.167,
Zip Code,78640,Hispanic,02/2021,0,0,0.167,
Zip Code,78640,Hispanic,03/2021,0,0,0,
Zip Code,78640,Hispanic,04/2021,0,0,0.167,
Zip Code,78640,Hispanic,05/2021,0,0,0,
Zip Code,78640,Hispanic,06/2021,0,0,0.167,
Zip Code,78640,Hispanic,07/2021,0,0,0.167,
Zip Code,78640,Hispanic,08/2021,0,0,0,
Zip Code,78640,Hispanic,09/2021,0,0,0.167,
Zip Code,78640,Hispanic,10/2021,0,0.5,0.5,
Zip Code,78640,Hispanic,11/2021,0,0,0,
Zip Code,78640,Hispanic,12/2021,0,0,0,
Zip Code,78640,Hispanic,01/2022,0,0,0.167,
Zip Code,78640,Hispanic,02/2022,0,0,0.167,
Zip Code,78640,Hispanic,03/2022,0,0,0,
Zip Code,78640,Hispanic,04/2022,0,0,0.167,
Zip Code,78640,Hispanic,05/2022,0,0,0,
Zip Code,78640,Hispanic,06/2022,0,0,0.167,
Zip Code,78640,Hispanic,07/2022,0,0,0.167,
Zip Code,78640,Hispanic,08/2022,0,0,0,
Zip Code,78640,Hispanic,09/2022,0,0,0.167,
Zip Code,78640,Hispanic,10/2022,0,0.5,0.5,
Zip Code,78640,Hispanic,11/2022,0,0,0,
Zip Code,78640,Hispanic,12/2022,0,0,0,
Zip Code,78640,Hispanic,01/2023,0,0,0.167,
Zip Code,78640,Hispanic,02/2023,0,0,0.167,
Zip Code,78640,Hispanic,03/2023,0,0,0,
Zip Code,78640,Hispanic,04/2023,0,0,0.167,
Zip Code,78640,Hispanic,05/2023,0,0,0,
Zip Code,78640,Hispanic,06/2023,0,0,0.167,
Zip Code,78640,Hispanic,07/2023,0,0,0.167,
Zip Code,78640,Hispanic,08/2023,0,0,0,
Zip Code,78640,Hispanic,09/2023,0,0,0.167,
Zip Code,78640,Hispanic,10/2023,0,0.5,0.5,
Zip Code,78640,Hispanic,11/2023,0,0,0,
Zip Code,78640,Hispanic,12/2023,0,0,0,
Zip Code,78640,Hispanic,01/2024,0,0,0.167,
Zip Code,78640,Hispanic,02/2024,0,0,0.167,
Zip Code,78640,Hispanic,03/2024,0,0,0,
Zip Code,78640,Hispanic,04/2024,0,0,0.167,
Zip Code,78640,Hispanic,05/2024,0,0,0,
Zip Code,78640,Hispanic,06/2024,0,0,0.167,
Zip Code,78640,Hispanic,07/2024,0,0,0.167,
Zip Code,78640,Hispanic,08/2024,0,0,0,
Zip Code,78640,Hispanic,09/2024,0,0,0.167,
Zip Code,78640,Hispanic,10/2024,0,0.5,0.5,
Zip Code,78640,Hispanic,11/2024,0,0,0,
Zip Code,78640,Hispanic,12/2024,0,0,0,
Zip Code,78640,Hispanic,01/2025,0,0,0.167,
Zip Code,78640,Hispanic,02/2025,0,0,0.167,
Zip Code,78640,Hispanic,03/2025,0,0,0,
Zip Code,78640,Hispanic,04/2025,0,0,0.167,
Zip Code,78640,Hispanic,05/2025,0,0,0,
Zip Code,78640,Hispanic,06/2025,0,0,0.167,
Zip Code,78640,Hispanic,07/2025,0,0,0.167,
Zip Code,78640,Hispanic,08/2025,0,0,0,2025-08-16
Zip Code,78641,White,01/2020,0,0,2,
Zip Code,78641,White,02/2020,0,2.5,2.333,
Zip Code,78641,White,03/2020,0,1,2.5,
Zip Code,78641,White,04/2020,0,2,2.167,
Zip Code,78641,White,05/2020,0,3.5,2.5,
Zip Code,78641,White,06/2020,0,1,3.333,
Zip Code,78641,White,07/2020,0,1.5,1.5,
Zip Code,78641,White,08/2020,0,1,2.167,
Zip Code,78641,White,09/2020,0,2,1,
Zip Code,78641,White,10/2020,0,1,2,
Zip Code,78641,White,11/2020,0,2,1.5,
Zip Code,78641,White,12/2020,0,1,1.333,
Zip Code,78641,White,01/2021,0,0,2,
Zip Code,78641,White,02/2021,0,2.5,2.333,
Zip Code,78641,White,03/2021,0,1,2.5,
Zip Code,78641,White,04/2021,0,2,2.167,
Zip Code,78641,White,05/2021,0,3.5,2.5,
Zip Code,78641,White,06/2021,0,1,3.333,
Zip Code,78641,White,07/2021,0,1.5,1.5,
Zip Code,78641,White,08/2021,0,1,2.167,
Zip Code,78641,White,09/2021,0,2,1,
Zip Code,78641,White,10/2021,0,1,2,
Zip Code,78641,White,11/2021,0,2,1.5,
Zip Code,78641,White,12/2021,0,1,1.333,
Zip Code,78641,White,01/2022,0,0,2,
Zip Code,78641,White,02/2022,0,2.5,2.333,
Zip Code,78641,White,03/2022,0,1,2.5,
Zip Code,78641,White,04/2022,0,2,2.167,
Zip Code,78641,White,05/2022,0,3.5,2.5,
Zip Code,78641,White,06/2022,0,1,3.333,
Zip Code,78641,White,07/2022,0,1.5,1.5,
Zip Code,78641,White,08/2022,0,1,2.167,
Zip Code,78641,White,09/2022,0,2,1,
Zip Code,78641,White,10/2022,0,1,2,
Zip Code,78641,White,11/2022,0,2,1.5,
Zip Code,78641,White,12/2022,0,1,1.333,
Zip Code,78641,White,01/2023,0,0,2,
Zip Code,78641,White,02/2023,0,2.5,2.333,
Zip Code,78641,White,03/2023,0,1,2.5,
Zip Code,78641,White,04/2023,0,2,2.167,
Zip Code,78641,White,05/2023,0,3.5,2.5,
Zip Code,78641,White,06/2023,0,1,3.333,
Zip Code,78641,White,07/2023,0,1.5,1.5,
Zip Code,78641,White,08/2023,0,1,2.167,
Zip Code,78641,White,09/2023,0,2,1,
Zip Code,78641,White,10/2023,0,1,2,
Zip Code,78641,White,11/2023,0,2,1.5,
Zip Code,78641,White,12/2023,0,1,1.333,
Zip Code,78641,White,01/2024,0,0,2,
Zip Code,78641,White,02/2024,0,2.5,2.333,
Zip Code,78641,White,03/2024,0,1,2.5,
Zip Code,78641,White,04/2024,0,2,2.167,
Zip Code,78641,White,05/2024,0,3.5,2.5,
Zip Code,78641,White,06/2024,0,1,3.333,
Zip Code,78641,White,07/2024,0,1.5,1.5,
Zip Code,78641,White,08/2024,0,1,2.167,
Zip Code,78641,White,09/2024,0,2,1,
Zip Code,78641,White,10/2024,0,1,2,
Zip Code,78641,White,11/2024,0,2,1.5,
Zip Code,78641,White,12/2024,0,1,1.333,
Zip Code,78641,White,01/2025,0,0,2,
Zip Code,78641,White,02/2025,0,2.5,2.333,
Zip Code,78641,White,03/2025,0,1,2.5,
Zip Code,78641,White,04/2025,0,2,2.167,
Zip Code,78641,White,05/2025,0,3.5,2.5,
Zip Code,78641,White,06/2025,0,1,3.333,
Zip Code,78641,White,07/2025,0,1.5,1.5,
Zip Code,78641,White,08/2025,0,1,1.333,2025-08-16
Zip Code,78642,White,01/2020,0,0,0,
Zip Code,78642,White,02/2020,0,0,0,
Zip Code,78642,White,03/2020,0,0,0,
Zip Code,78642,White,04/2020,0,0,0,
Zip Code,78642,White,05/2020,0,0,0,
Zip Code,78642,White,06/2020,0,0,0,
Zip Code,78642,White,07/2020,0,0,0.167,
Zip Code,78642,White,08/2020,0,0,0,
Zip Code,78642,White,09/2020,0,0,0,
Zip Code,78642,White,10/2020,0,0,0,
Zip Code,78642,White,11/2020,0,0,0,
Zip Code,78642,White,12/2020,0,0,0,
Zip Code,78642,White,01/2021,0,0,0,
Zip Code,78642,White,02/2021,0,0,0,
Zip Code,78642,White,03/2021,0,0,0,
Zip Code,78642,White,04/2021,0,0,0,
Zip Code,78642,White,05/2021,0,0,0,
Zip Code,78642,White,06/2021,0,0,0,
Zip Code,78642,White,07/2021,0,0,0.167,
Zip Code,78642,White,08/2021,0,0,0,
Zip Code,78642,White,09/2021,0,0,0,
Zip Code,78642,White,10/2021,0,0,0,
Zip Code,78642,White,11/2021,0,0,0,
Zip Code,78642,White,12/2021,0,0,0,
Zip Code,78642,White,01/2022,0,0,0,
Zip Code,78642,White,02/2022,0,0,0,
Zip Code,78642,White,03/2022,0,0,0,
Zip Code,78642,White,04/2022,0,0,0,
Zip Code,78642,White,05/2022,0,0,0,
Zip Code,78642,White,06/2022,0,0,0,
Zip Code,78642,White,07/2022,0,0,0.167,
Zip Code,78642,White,08/2022,0,0,0,
Zip Code,78642,White,09/2022,0,0,0,
Zip Code,78642,White,10/2022,0,0,0,
Zip Code,78642,White,11/2022,0,0,0,
Zip Code,78642,White,12/2022,0,0,0,
Zip Code,78642,White,01/2023,0,0,0,
Zip Code,78642,White,02/2023,0,0,0,
Zip Code,78642,White,03/2023,0,0,0,
Zip Code,78642,White,04/2023,0,0,0,
Zip Code,78642,White,05/2023,0,0,0,
Zip Code,78642,White,06/2023,0,0,0,
Zip Code,78642,White,07/2023,0,0,0.167,
Zip Code,78642,White,08/2023,0,0,0,
Zip Code,78642,White,09/2023,0,0,0,
Zip Code,78642,White,10/2023,0,0,0,
Zip Code,78642,White,11/2023,0,0,0,
Zip Code,78642,White,12/2023,0,0,0,
Zip Code,78642,White,01/2024,0,0,0,
Zip Code,78642,White,02/2024,0,0,0,
Zip Code,78642,White,03/2024,0,0,0,
Zip Code,78642,White,04/2024,0,0,0,
Zip Code,78642,White,05/2024,0,0,0,
Zip Code,78642,White,06/2024,0,0,0,
Zip Code,78642,White,07/2024,0,0,0.167,
Zip Code,78642,White,08/2024,0,0,0,
Zip Code,78642,White,09/2024,0,0,0,
Zip Code,78642,White,10/2024,0,0,0,
Zip Code,78642,White,11/2024,0,0,0,
Zip Code,78642,White,12/2024,0,0,0,
Zip Code,78642,White,01/2025,0,0,0,
Zip Code,78642,White,02/2025,0,0,0,
Zip Code,78642,White,03/2025,0,0,0,
Zip Code,78642,White,04/2025,0,0,0,
Zip Code,78642,White,05/2025,0,0,0,
Zip Code,78642,White,06/2025,0,0,0,
Zip Code,78642,White,07/2025,0,0,0.167,
Zip Code,78642,White,08/2025,0,0,0,2025-08-16
Zip Code,78645,White,01/2020,0,3,2.5,
Zip Code,78645,White,02/2020,0,0.5,2,
Zip Code,78645,White,03/2020,0,2.5,3,
Zip Code,78645,White,04/2020,0,3,1.833,
Zip Code,78645,White,05/2020,0,2.5,2.667,
Zip Code,78645,White,06/2020,0,4,2.667,
Zip Code,78645,White,07/2020,0,2.5,2.667,
Zip Code,78645,White,08/2020,0,3,3.167,
Zip Code,78645,White,09/2020,0,1.5,3,
Zip Code,78645,White,10/2020,0,1.5,2.167,
Zip Code,78645,White,11/2020,0,4.5,2.167,
Zip Code,78645,White,12/2020,0,2.5,1.333,
Zip Code,78645,White,01/2021,0,3,2.5,
Zip Code,78645,White,02/2021,0,0.5,2,
Zip Code,78645,White,03/2021,0,2.5,3,
Zip Code,78645,White,04/2021,0,3,1.833,
Zip Code,78645,White,05/2021,0,2.5,2.667,
Zip Code,78645,White,06/2021,0,4,2.667,
Zip Code,78645,White,07/2021,0,2.5,2.667,
Zip Code,78645,White,08/2021,0,3,3.167,
Zip Code,78645,White,09/2021,0,1.5,3,
Zip Code,78645,White,10/2021,0,1.5,2.167,
Zip Code,78645,White,11/2021,0,4.5,2.167,
Zip Code,78645,White,12/2021,0,2.5,1.333,
Zip Code,78645,White,01/2022,0,3,2.5,
Zip Code,78645,White,02/2022,0,0.5,2,
Zip Code,78645,White,03/2022,0,2.5,3,
Zip Code,78645,White,04/2022,0,3,1.833,
Zip Code,78645,White,05/2022,0,2.5,2.667,
Zip Code,78645,White,06/2022,0,4,2.667,
Zip Code,78645,White,07/2022,0,2.5,2.667,
Zip Code,78645,White,08/2022,0,3,3.167,
Zip Code,78645,White,09/2022,0,1.5,3,
Zip Code,78645,White,10/2022,0,1.5,2.167,
Zip Code,78645,White,11/2022,0,4.5,2.167,
Zip Code,78645,White,12/2022,0,2.5,1.333,
Zip Code,78645,White,01/2023,0,3,2.5,
Zip Code,78645,White,02/2023,0,0.5,2,
Zip Code,78645,White,03/2023,0,2.5,3,
Zip Code,78645,White,04/2023,0,3,1.833,
Zip Code,78645,White,05/2023,0,2.5,2.667,
Zip Code,78645,White,06/2023,0,4,2.667,
Zip Code,78645,White,07/2023,0,2.5,2.667,
Zip Code,78645,White,08/2023,0,3,3.167,
Zip Code,78645,White,09/2023,0,1.5,3,
Zip Code,78645,White,10/2023,0,1.5,2.167,
Zip Code,78645,White,11/2023,0,4.5,2.167,
Zip Code,78645,White,12/2023,0,2.5,1.333,
Zip Code,78645,White,01/2024,0,3,2.5,
Zip Code,78645,White,02/2024,0,0.5,2,
Zip Code,78645,White,03/2024,0,2.5,3,
Zip Code,78645,White,04/2024,0,3,1.833,
Zip Code,78645,White,05/2024,0,2.5,2.667,
Zip Code,78645,White,06/2024,0,4,2.667,
Zip Code,78645,White,07/2024,0,2.5,2.667,
Zip Code,78645,White,08/2024,0,3,3.167,
Zip Code,78645,White,09/2024,0,1.5,3,
Zip Code,78645,White,10/2024,0,1.5,2.167,
Zip Code,78645,White,11/2024,0,4.5,2.167,
Zip Code,78645,White,12/2024,0,2.5,1.333,
Zip Code,78645,White,01/2025,0,3,2.5,
Zip Code,78645,White,02/2025,0,0.5,2,
Zip Code,78645,White,03/2025,0,2.5,3,
Zip Code,78645,White,04/2025,0,3,1.833,
Zip Code,78645,White,05/2025,0,2.5,2.667,
Zip Code,78645,White,06/2025,0,4,2.667,
Zip Code,78645,White,07/2025,0,2.5,2.667,
Zip Code,78645,White,08/2025,0,1,1.333,2025-08-16
Zip Code,78652,White,01/2020,0,1.5,0.5,
Zip Code,78652,White,02/2020,0,1,0.667,
Zip Code,78652,White,03/2020,0,1.5,1,
Zip Code,78652,White,04/2020,0,0.5,0.333,
Zip Code,78652,White,05/2020,0,2,0.5,
Zip Code,78652,White,06/2020,0,3,0.333,
Zip Code,78652,White,07/2020,0,0,0.833,
Zip Code,78652,White,08/2020,0,2,0.5,
Zip Code,78652,White,09/2020,0,2.5,1,
Zip Code,78652,White,10/2020,0,1.5,1.167,
Zip Code,78652,White,11/2020,0,1,0.333,
Zip Code,78652,White,12/2020,0,7,0.167,
Zip Code,78652,White,01/2021,0,1.5,0.5,
Zip Code,78652,White,02/2021,0,1,0.667,
Zip Code,78652,White,03/2021,0,1.5,1,
Zip Code,78652,White,04/2021,0,0.5,0.333,
Zip Code,78652,White,05/2021,0,2,0.5,
Zip Code,78652,White,06/2021,0,3,0.333,
Zip Code,78652,White,07/2021,0,0,0.833,
Zip Code,78652,White,08/2021,0,2,0.5,
Zip Code,78652,White,09/2021,0,2.5,1,
Zip Code,78652,White,10/2021,0,1.5,1.167,
Zip Code,78652,White,11/2021,0,1,0.333,
Zip Code,78652,White,12/2021,0,7,0.167,
Zip Code,78652,White,01/2022,0,1.5,0.5,
Zip Code,78652,White,02/2022,0,1,0.667,
Zip Code,78652,White,03/2022,0,1.5,1,
Zip Code,78652,White,04/2022,0,0.5,0.333,
Zip Code,78652,White,05/2022,0,2,0.5,
Zip Code,78652,White,06/2022,0,3,0.333,
Zip Code,78652,White,07/2022,0,0,0.833,
Zip Code,78652,White,08/2022,0,2,0.5,
Zip Code,78652,White,09/2022,0,2.5,1,
Zip Code,78652,White,10/2022,0,1.5,1.167,
Zip Code,78652,White,11/2022,0,1,0.333,
Zip Code,78652,White,12/2022,0,7,0.167,
Zip Code,78652,White,01/2023,0,1.5,0.5,
Zip Code,78652,White,02/2023,0,1,0.667,
Zip Code,78652,White,03/2023,0,1.5,1,
Zip Code,78652,White,04/2023,0,0.5,0.333,
Zip Code,78652,White,05/2023,0,2,0.5,
Zip Code,78652,White,06/2023,0,3,0.333,
Zip Code,78652,White,07/2023,0,0,0.833,
Zip Code,78652,White,08/2023,0,2,0.5,
Zip Code,78652,White,09/2023,0,2.5,1,
Zip Code,78652,White,10/2023,0,1.5,1.167,
Zip Code,78652,White,11/2023,0,1,0.333,
Zip Code,78652,White,12/2023,0,7,0.167,
Zip Code,78652,White,01/2024,0,1.5,0.5,
Zip Code,78652,White,02/2024,0,1,0.667,
Zip Code,78652,White,03/2024,0,1.5,1,
Zip Code,78652,White,04/2024,0,0.5,0.333,
Zip Code,78652,White,05/2024,0,2,0.5,
Zip Code,78652,White,06/2024,0,3,0.333,
Zip Code,78652,White,07/2024,0,0,0.833,
Zip Code,78652,White,08/2024,0,2,0.5,
Zip Code,78652,White,09/2024,0,2.5,1,
Zip Code,78652,White,10/2024,0,1.5,1.167,
Zip Code,78652,White,11/2024,0,1,0.333,
Zip Code,78652,White,12/2024,0,7,0.167,
Zip Code,78652,White,01/2025,0,1.5,0.5,
Zip Code,78652,White,02/2025,0,1,0.667,
Zip Code,78652,White,03/2025,0,1.5,1,
Zip Code,78652,White,04/2025,0,0.5,0.333,
Zip Code,78652,White,05/2025,0,2,0.5,
Zip Code,78652,White,06/2025,0,3,0.333,
Zip Code,78652,White,07/2025,0,0,0.833,
Zip Code,78652,White,08/2025,0,1.5,0.333,2025-08-16
Zip Code,78653,Hispanic,01/2020,0,29.5,4.833,
Zip Code,78653,Hispanic,02/2020,0,20,5.5,
Zip Code,78653,Hispanic,03/2020,0,18,3.5,
Zip Code,78653,Hispanic,04/2020,0,23,4.167,
Zip Code,78653,Hispanic,05/2020,0,21,4.167,
Zip Code,78653,Hispanic,06/2020,0,23,5.667,
Zip Code,78653,Hispanic,07/2020,0,22,4.5,
Zip Code,78653,Hispanic,08/2020,0,19.5,5.167,
Zip Code,78653,Hispanic,09/2020,0,18.5,5.167,
Zip Code,78653,Hispanic,10/2020,0,41.5,2.5,
Zip Code,78653,Hispanic,11/2020,0,26.5,3.5,
Zip Code,78653,Hispanic,12/2020,0,29,5.5,
Zip Code,78653,Hispanic,01/2021,0,29.5,4.833,
Zip Code,78653,Hispanic,02/2021,0,20,5.5,
Zip Code,78653,Hispanic,03/2021,0,18,3.5,
Zip Code,78653,Hispanic,04/2021,0,23,4.167,
Zip Code,78653,Hispanic,05/2021,0,21,4.167,
Zip Code,78653,Hispanic,06/2021,0,23,5.667,
Zip Code,78653,Hispanic,07/2021,0,22,4.5,
Zip Code,78653,Hispanic,08/2021,0,19.5,5.167,
Zip Code,78653,Hispanic,09/2021,0,18.5,5.167,
Zip Code,78653,Hispanic,10/2021,0,41.5,2.5,
Zip Code,78653,Hispanic,11/2021,0,26.5,3.5,
Zip Code,78653,Hispanic,12/2021,0,29,5.5,
Zip Code,78653,Hispanic,01/2022,0,29.5,4.833,
Zip Code,78653,Hispanic,02/2022,0,20,5.5,
Zip Code,78653,Hispanic,03/2022,0,18,3.5,
Zip Code,78653,Hispanic,04/2022,0,23,4.167,
Zip Code,78653,Hispanic,05/2022,0,21,4.167,
Zip Code,78653,Hispanic,06/2022,0,23,5.667,
Zip Code,78653,Hispanic,07/2022,0,22,4.5,
Zip Code,78653,Hispanic,08/2022,0,19.5,5.167,
Zip Code,78653,Hispanic,09/2022,0,18.5,5.167,
Zip Code,78653,Hispanic,10/2022,0,41.5,2.5,
Zip Code,78653,Hispanic,11/2022,0,26.5,3.5,
Zip Code,78653,Hispanic,12/2022,0,29,5.5,
Zip Code,78653,Hispanic,01/2023,0,29.5,4.833,
Zip Code,78653,Hispanic,02/2023,0,20,5.5,
Zip Code,78653,Hispanic,03/2023,0,18,3.5,
Zip Code,78653,Hispanic,04/2023,0,23,4.167,
Zip Code,78653,Hispanic,05/2023,0,21,4.167,
Zip Code,78653,Hispanic,06/2023,0,23,5.667,
Zip Code,78653,Hispanic,07/2023,0,22,4.5,
Zip Code,78653,Hispanic,08/2023,0,19.5,5.167,
Zip Code,78653,Hispanic,09/2023,0,18.5,5.167,
Zip Code,78653,Hispanic,10/2023,0,41.5,2.5,
Zip Code,78653,Hispanic,11/2023,0,26.5,3.5,
Zip Code,78653,Hispanic,12/2023,0,29,5.5,
Zip Code,78653,Hispanic,01/2024,0,29.5,4.833,
Zip Code,78653,Hispanic,02/2024,0,20,5.5,
Zip Code,78653,Hispanic,03/2024,0,18,3.5,
Zip Code,78653,Hispanic,04/2024,0,23,4.167,
Zip Code,78653,Hispanic,05/2024,0,21,4.167,
Zip Code,78653,Hispanic,06/2024,0,23,5.667,
Zip Code,78653,Hispanic,07/2024,0,22,4.5,
Zip Code,78653,Hispanic,08/2024,0,19.5,5.167,
Zip Code,78653,Hispanic,09/2024,0,18.5,5.167,
Zip Code,78653,Hispanic,10/2024,0,41.5,2.5,
Zip Code,78653,Hispanic,11/2024,0,26.5,3.5,
Zip Code,78653,Hispanic,12/2024,0,29,5.5,
Zip Code,78653,Hispanic,01/2025,0,29.5,4.833,
Zip Code,78653,Hispanic,02/2025,0,20,5.5,
Zip Code,78653,Hispanic,03/2025,0,18,3.5,
Zip Code,78653,Hispanic,04/2025,0,23,4.167,
Zip Code,78653,Hispanic,05/2025,0,21,4.167,
Zip Code,78653,Hispanic,06/2025,0,23,5.667,
Zip Code,78653,Hispanic,07/2025,0,22,4.5,
Zip Code,78653,Hispanic,08/2025,0,5.5,3.167,2025-08-16
Zip Code,78654,White,01/2020,0,0,0.167,
Zip Code,78654,White,02/2020,0,0.5,0.167,
Zip Code,78654,White,03/2020,0,0.5,0,
Zip Code,78654,White,04/2020,0,0,0.333,
Zip Code,78654,White,05/2020,0,0,0.167,
Zip Code,78654,White,06/2020,0,0,0.167,
Zip Code,78654,White,07/2020,0,0,0.167,
Zip Code,78654,White,08/2020,0,0,0,
Zip Code,78654,White,09/2020,0,0.5,0.5,
Zip Code,78654,White,10/2020,0,0,0,
Zip Code,78654,White,11/2020,0,0,0.333,
Zip Code,78654,White,12/2020,0,0,0.333,
Zip Code,78654,White,01/2021,0,0,0.167,
Zip Code,78654,White,02/2021,0,0.5,0.167,
Zip Code,78654,White,03/2021,0,0.5,0,
Zip Code,78654,White,04/2021,0,0,0.333,
Zip Code,78654,White,05/2021,0,0,0.167,
Zip Code,78654,White,06/2021,0,0,0.167,
Zip Code,78654,White,07/2021,0,0,0.167,
Zip Code,78654,White,08/2021,0,0,0,
Zip Code,78654,White,09/2021,0,0.5,0.5,
Zip Code,78654,White,10/2021,0,0,0,
Zip Code,78654,White,11/2021,0,0,0.333,
Zip Code,78654,White,12/2021,0,0,0.333,
Zip Code,78654,White,01/2022,0,0,0.167,
Zip Code,78654,White,02/2022,0,0.5,0.167,
Zip Code,78654,White,03/2022,0,0.5,0,
Zip Code,78654,White,04/2022,0,0,0.333,
Zip Code,78654,White,05/2022,0,0,0.167,
Zip Code,78654,White,06/2022,0,0,0.167,
Zip Code,78654,White,07/2022,0,0,0.167,
Zip Code,78654,White,08/2022,0,0,0,
Zip Code,78654,White,09/2022,0,0.5,0.5,
Zip Code,78654,White,10/2022,0,0,0,
Zip Code,78654,White,11/2022,0,0,0.333,
Zip Code,78654,White,12/2022,0,0,0.333,
Zip Code,78654,White,01/2023,0,0,0.167,
Zip Code,78654,White,02/2023,0,0.5,0.167,
Zip Code,78654,White,03/2023,0,0.5,0,
Zip Code,78654,White,04/2023,0,0,0.333,
Zip Code,78654,White,05/2023,0,0,0.167,
Zip Code,78654,White,06/2023,0,0,0.167,
Zip Code,78654,White,07/2023,0,0,0.167,
Zip Code,78654,White,08/2023,0,0,0,
Zip Code,78654,White,09/2023,0,0.5,0.5,
Zip Code,78654,White,10/2023,0,0,0,
Zip Code,78654,White,11/2023,0,0,0.333,
Zip Code,78654,White,12/2023,0,0,0.333,
Zip Code,78654,White,01/2024,0,0,0.167,
Zip Code,78654,White,02/2024,0,0.5,0.167,
Zip Code,78654,White,03/2024,0,0.5,0,
Zip Code,78654,White,04/2024,0,0,0.333,
Zip Code,78654,White,05/2024,0,0,0.167,
Zip Code,78654,White,06/2024,0,0,0.167,
Zip Code,78654,White,07/2024,0,0,0.167,
Zip Code,78654,White,08/2024,0,0,0,
Zip Code,78654,White,09/2024,0,0.5,0.5,
Zip Code,78654,White,10/2024,0,0,0,
Zip Code,78654,White,11/2024,0,0,0.333,
Zip Code,78654,White,12/2024,0,0,0.333,
Zip Code,78654,White,01/2025,0,0,0.167,
Zip Code,78654,White,02/2025,0,0.5,0.167,
Zip Code,78654,White,03/2025,0,0.5,0,
Zip Code,78654,White,04/2025,0,0,0.333,
Zip Code,78654,White,05/2025,0,0,0.167,
Zip Code,78654,White,06/2025,0,0,0.167,
Zip Code,78654,White,07/2025,0,0,0.167,
Zip Code,78654,White,08/2025,0,0,0,2025-08-16
Zip Code,78660,Other,01/2020,0,110.5,58,
Zip Code,78660,Other,02/2020,0,69.5,50.333,
Zip Code,78660,Other,03/2020,0,88,39.833,
Zip Code,78660,Other,04/2020,0,61,49.167,
Zip Code,78660,Other,05/2020,0,73.5,51.333,
Zip Code,78660,Other,06/2020,0,90.5,57.833,
Zip Code,78660,Other,07/2020,0,87.5,62.167,
Zip Code,78660,Other,08/2020,0,83.5,63.833,
Zip Code,78660,Other,09/2020,0,81,64.333,
Zip Code,78660,Other,10/2020,0,109,66.333,
Zip Code,78660,Other,11/2020,0,71,63.167,
Zip Code,78660,Other,12/2020,0,93,63.167,
Zip Code,78660,Other,01/2021,0,110.5,58,
Zip Code,78660,Other,02/2021,0,69,49.667,
Zip Code,78660,Other,03/2021,0,88,39.833,
Zip Code,78660,Other,04/2021,0,61,49.167,
Zip Code,78660,Other,05/2021,0,73.5,51.333,
Zip Code,78660,Other,06/2021,0,90.5,57.833,
Zip Code,78660,Other,07/2021,0,87.5,62.167,
Zip Code,78660,Other,08/2021,0,83.5,63.833,
Zip Code,78660,Other,09/2021,0,81,64.333,
Zip Code,78660,Other,10/2021,0,109,66.333,
Zip Code,78660,Other,11/2021,0,71,63.167,
Zip Code,78660,Other,12/2021,0,93,63.167,
Zip Code,78660,Other,01/2022,0,110.5,58,
Zip Code,78660,Other,02/2022,0,69,49.667,
Zip Code,78660,Other,03/2022,0,88,39.833,
Zip Code,78660,Other,04/2022,0,61,49.167,
Zip Code,78660,Other,05/2022,0,73.5,51.333,
Zip Code,78660,Other,06/2022,0,90.5,57.833,
Zip Code,78660,Other,07/2022,0,87.5,62.167,
Zip Code,78660,Other,08/2022,0,83.5,63.833,
Zip Code,78660,Other,09/2022,0,81,64.333,
Zip Code,78660,Other,10/2022,0,109,66.333,
Zip Code,78660,Other,11/2022,0,71,63.167,
Zip Code,78660,Other,12/2022,0,93,63.167,
Zip Code,78660,Other,01/2023,0,110.5,58,
Zip Code,78660,Other,02/2023,0,69,49.667,
Zip Code,78660,Other,03/2023,0,88,39.833,
Zip Code,78660,Other,04/2023,0,61,49.167,
Zip Code,78660,Other,05/2023,0,73.5,51.333,
Zip Code,78660,Other,06/2023,0,90.5,57.833,
Zip Code,78660,Other,07/2023,0,87.5,62.167,
Zip Code,78660,Other,08/2023,0,83.5,63.833,
Zip Code,78660,Other,09/2023,0,81,64.333,
Zip Code,78660,Other,10/2023,0,109,66.333,
Zip Code,78660,Other,11/2023,0,71,63.167,
Zip Code,78660,Other,12/2023,0,93,63.167,
Zip Code,78660,Other,01/2024,0,110.5,58,
Zip Code,78660,Other,02/2024,0,69.5,50.333,
Zip Code,78660,Other,03/2024,0,88,39.833,
Zip Code,78660,Other,04/2024,0,61,49.167,
Zip Code,78660,Other,05/2024,0,73.5,51.333,
Zip Code,78660,Other,06/2024,0,90.5,57.833,
Zip Code,78660,Other,07/2024,0,87.5,62.167,
Zip Code,78660,Other,08/2024,0,83.5,63.833,
Zip Code,78660,Other,09/2024,0,81,64.333,
Zip Code,78660,Other,10/2024,0,109,66.333,
Zip Code,78660,Other,11/2024,0,71,63.167,
Zip Code,78660,Other,12/2024,0,93,63.167,
Zip Code,78660,Other,01/2025,0,110.5,58,
Zip Code,78660,Other,02/2025,0,69,49.667,
Zip Code,78660,Other,03/2025,0,88,39.833,
Zip Code,78660,Other,04/2025,0,61,49.167,
Zip Code,78660,Other,05/2025,0,73.5,51.333,
Zip Code,78660,Other,06/2025,0,90.5,57.833,
Zip Code,78660,Other,07/2025,0,87.5,62.167,
Zip Code,78660,Other,08/2025,0,39,38.833,2025-08-16
Zip Code,78663,White,01/2020,0,0,0,
Zip Code,78663,White,02/2020,0,0,0,
Zip Code,78663,White,03/2020,0,0.5,0,
Zip Code,78663,White,04/2020,0,0,0,
Zip Code,78663,White,05/2020,0,0,0,
Zip Code,78663,White,06/2020,0,0,0,
Zip Code,78663,White,07/2020,0,0,0.167,
Zip Code,78663,White,08/2020,0,0,0,
Zip Code,78663,White,09/2020,0,0,0,
Zip Code,78663,White,10/2020,0,0,0,
Zip Code,78663,White,11/2020,0,0,0,
Zip Code,78663,White,12/2020,0,0,0,
Zip Code,78663,White,01/2021,0,0,0,
Zip Code,78663,White,02/2021,0,0,0,
Zip Code,78663,White,03/2021,0,0.5,0,
Zip Code,78663,White,04/2021,0,0,0,
Zip Code,78663,White,05/2021,0,0,0,
Zip Code,78663,White,06/2021,0,0,0,
Zip Code,78663,White,07/2021,0,0,0.167,
Zip Code,78663,White,08/2021,0,0,0,
Zip Code,78663,White,09/2021,0,0,0,
Zip Code,78663,White,10/2021,0,0,0,
Zip Code,78663,White,11/2021,0,0,0,
Zip Code,78663,White,12/2021,0,0,0,
Zip Code,78663,White,01/2022,0,0,0,
Zip Code,78663,White,02/2022,0,0,0,
Zip Code,78663,White,03/2022,0,0.5,0,
Zip Code,78663,White,04/2022,0,0,0,
Zip Code,78663,White,05/2022,0,0,0,
Zip Code,78663,White,06/2022,0,0,0,
Zip Code,78663,White,07/2022,0,0,0.167,
Zip Code,78663,White,08/2022,0,0,0,
Zip Code,78663,White,09/2022,0,0,0,
Zip Code,78663,White,10/2022,0,0,0,
Zip Code,78663,White,11/2022,0,0,0,
Zip Code,78663,White,12/2022,0,0,0,
Zip Code,78663,White,01/2023,0,0,0,
Zip Code,78663,White,02/2023,0,0,0,
Zip Code,78663,White,03/2023,0,0.5,0,
Zip Code,78663,White,04/2023,0,0,0,
Zip Code,78663,White,05/2023,0,0,0,
Zip Code,78663,White,06/2023,0,0,0,
Zip Code,78663,White,07/2023,0,0,0.167,
Zip Code,78663,White,08/2023,0,0,0,
Zip Code,78663,White,09/2023,0,0,0,
Zip Code,78663,White,10/2023,0,0,0,
Zip Code,78663,White,11/2023,0,0,0,
Zip Code,78663,White,12/2023,0,0,0,
Zip Code,78663,White,01/2024,0,0,0,
Zip Code,78663,White,02/2024,0,0,0,
Zip Code,78663,White,03/2024,0,0.5,0,
Zip Code,78663,White,04/2024,0,0,0,
Zip Code,78663,White,05/2024,0,0,0,
Zip Code,78663,White,06/2024,0,0,0,
Zip Code,78663,White,07/2024,0,0,0.167,
Zip Code,78663,White,08/2024,0,0,0,
Zip Code,78663,White,09/2024,0,0,0,
Zip Code,78663,White,10/2024,0,0,0,
Zip Code,78663,White,11/2024,0,0,0,
Zip Code,78663,White,12/2024,0,0,0,
Zip Code,78663,White,01/2025,0,0,0,
Zip Code,78663,White,02/2025,0,0,0,
Zip Code,78663,White,03/2025,0,0.5,0,
Zip Code,78663,White,04/2025,0,0,0,
Zip Code,78663,White,05/2025,0,0,0,
Zip Code,78663,White,06/2025,0,0,0,
Zip Code,78663,White,07/2025,0,0,0.167,
Zip Code,78663,White,08/2025,0,0,0,2025-08-16
Zip Code,78664,Other,01/2020,0,7.5,1.167,
Zip Code,78664,Other,02/2020,0,4.5,1.167,
Zip Code,78664,Other,03/2020,0,3.5,0.667,
Zip Code,78664,Other,04/2020,0,5,1.833,
Zip Code,78664,Other,05/2020,0,8,1,
Zip Code,78664,Other,06/2020,0,3,2.333,
Zip Code,78664,Other,07/2020,0,6.5,1,
Zip Code,78664,Other,08/2020,0,10.5,1.5,
Zip Code,78664,Other,09/2020,0,5,1,
Zip Code,78664,Other,10/2020,0,5.5,0.667,
Zip Code,78664,Other,11/2020,0,4.5,0.667,
Zip Code,78664,Other,12/2020,0,4,1.5,
Zip Code,78664,Other,01/2021,0,7.5,1.167,
Zip Code,78664,Other,02/2021,0,4.5,1.167,
Zip Code,78664,Other,03/2021,0,3.5,0.667,
Zip Code,78664,Other,04/2021,0,5,1.833,
Zip Code,78664,Other,05/2021,0,8,1,
Zip Code,78664,Other,06/2021,0,3,2.333,
Zip Code,78664,Other,07/2021,0,6.5,1,
Zip Code,78664,Other,08/2021,0,10.5,1.5,
Zip Code,78664,Other,09/2021,0,5,1,
Zip Code,78664,Other,10/2021,0,5.5,0.667,
Zip Code,78664,Other,11/2021,0,4.5,0.667,
Zip Code,78664,Other,12/2021,0,4,1.5,
Zip Code,78664,Other,01/2022,0,7.5,1.167,
Zip Code,78664,Other,02/2022,0,4.5,1.167,
Zip Code,78664,Other,03/2022,0,3.5,0.667,
Zip Code,78664,Other,04/2022,0,5,1.833,
Zip Code,78664,Other,05/2022,0,8,1,
Zip Code,78664,Other,06/2022,0,3,2.333,
Zip Code,78664,Other,07/2022,0,6.5,1,
Zip Code,78664,Other,08/2022,0,10.5,1.5,
Zip Code,78664,Other,09/2022,0,5,1,
Zip Code,78664,Other,10/2022,0,5.5,0.667,
Zip Code,78664,Other,11/2022,0,4.5,0.667,
Zip Code,78664,Other,12/2022,0,4,1.5,
Zip Code,78664,Other,01/2023,0,7.5,1.167,
Zip Code,78664,Other,02/2023,0,4.5,1.167,
Zip Code,78664,Other,03/2023,0,3.5,0.667,
Zip Code,78664,Other,04/2023,0,5,1.833,
Zip Code,78664,Other,05/2023,0,8,1,
Zip Code,78664,Other,06/2023,0,3,2.333,
Zip Code,78664,Other,07/2023,0,6.5,1,
Zip Code,78664,Other,08/2023,0,10.5,1.5,
Zip Code,78664,Other,09/2023,0,5,1,
Zip Code,78664,Other,10/2023,0,5.5,0.667,
Zip Code,78664,Other,11/2023,0,4.5,0.667,
Zip Code,78664,Other,12/2023,0,4,1.5,
Zip Code,78664,Other,01/2024,0,7.5,1.167,
Zip Code,78664,Other,02/2024,0,4.5,1.167,
Zip Code,78664,Other,03/2024,0,3.5,0.667,
Zip Code,78664,Other,04/2024,0,5,1.833,
Zip Code,78664,Other,05/2024,0,8,1,
Zip Code,78664,Other,06/2024,0,3,2.333,
Zip Code,78664,Other,07/2024,0,6.5,1,
Zip Code,78664,Other,08/2024,0,10.5,1.5,
Zip Code,78664,Other,09/2024,0,5,1,
Zip Code,78664,Other,10/2024,0,5.5,0.667,
Zip Code,78664,Other,11/2024,0,4.5,0.667,
Zip Code,78664,Other,12/2024,0,4,1.5,
Zip Code,78664,Other,01/2025,0,7.5,1.167,
Zip Code,78664,Other,02/2025,0,4.5,1.167,
Zip Code,78664,Other,03/2025,0,3.5,0.667,
Zip Code,78664,Other,04/2025,0,5,1.833,
Zip Code,78664,Other,05/2025,0,8,1,
Zip Code,78664,Other,06/2025,0,3,2.333,
Zip Code,78664,Other,07/2025,0,6.5,1,
Zip Code,78664,Other,08/2025,0,5.5,1,2025-08-16
Zip Code,78669,White,01/2020,0,1.5,1,
Zip Code,78669,White,02/2020,0,1.5,1,
Zip Code,78669,White,03/2020,0,1,0.667,
Zip Code,78669,White,04/2020,0,1,1,
Zip Code,78669,White,05/2020,0,2,1.5,
Zip Code,78669,White,06/2020,0,1.5,0.5,
Zip Code,78669,White,07/2020,0,0.5,2,
Zip Code,78669,White,08/2020,0,0.5,1.333,
Zip Code,78669,White,09/2020,0,0.5,0.5,
Zip Code,78669,White,10/2020,0,0.5,0.667,
Zip Code,78669,White,11/2020,0,0.5,1.167,
Zip Code,78669,White,12/2020,0,3,0.5,
Zip Code,78669,White,01/2021,0,1.5,1,
Zip Code,78669,White,02/2021,0,1.5,1,
Zip Code,78669,White,03/2021,0,1,0.667,
Zip Code,78669,White,04/2021,0,1,1,
Zip Code,78669,White,05/2021,0,2,1.5,
Zip Code,78669,White,06/2021,0,1.5,0.5,
Zip Code,78669,White,07/2021,0,0.5,2,
Zip Code,78669,White,08/2021,0,0.5,1.333,
Zip Code,78669,White,09/2021,0,0.5,0.5,
Zip Code,78669,White,10/2021,0,0.5,0.667,
Zip Code,78669,White,11/2021,0,0.5,1.167,
Zip Code,78669,White,12/2021,0,3,0.5,
Zip Code,78669,White,01/2022,0,1.5,1,
Zip Code,78669,White,02/2022,0,1.5,1,
Zip Code,78669,White,03/2022,0,1,0.667,
Zip Code,78669,White,04/2022,0,1,1,
Zip Code,78669,White,05/2022,0,2,1.5,
Zip Code,78669,White,06/2022,0,1.5,0.5,
Zip Code,78669,White,07/2022,0,0.5,2,
Zip Code,78669,White,08/2022,0,0.5,1.333,
Zip Code,78669,White,09/2022,0,0.5,0.5,
Zip Code,78669,White,10/2022,0,0.5,0.667,
Zip Code,78669,White,11/2022,0,0.5,1.167,
Zip Code,78669,White,12/2022,0,3,0.5,
Zip Code,78669,White,01/2023,0,1.5,1,
Zip Code,78669,White,02/2023,0,1.5,1,
Zip Code,78669,White,03/2023,0,1,0.667,
Zip Code,78669,White,04/2023,0,1,1,
Zip Code,78669,White,05/2023,0,2,1.5,
Zip Code,78669,White,06/2023,0,1.5,0.5,
Zip Code,78669,White,07/2023,0,0.5,2,
Zip Code,78669,White,08/2023,0,0.5,1.333,
Zip Code,78669,White,09/2023,0,0.5,0.5,
Zip Code,78669,White,10/2023,0,0.5,0.667,
Zip Code,78669,White,11/2023,0,0.5,1.167,
Zip Code,78669,White,12/2023,0,3,0.5,
Zip Code,78669,White,01/2024,0,1.5,1,
Zip Code,78669,White,02/2024,0,1.5,1,
Zip Code,78669,White,03/2024,0,1,0.667,
Zip Code,78669,White,04/2024,0,1,1,
Zip Code,78669,White,05/2024,0,2,1.5,
Zip Code,78669,White,06/2024,0,1.5,0.5,
Zip Code,78669,White,07/2024,0,0.5,2,
Zip Code,78669,White,08/2024,0,0.5,1.333,
Zip Code,78669,White,09/2024,0,0.5,0.5,
Zip Code,78669,White,10/2024,0,0.5,0.667,
Zip Code,78669,White,11/2024,0,0.5,1.167,
Zip Code,78669,White,12/2024,0,3,0.5,
Zip Code,78669,White,01/2025,0,1.5,1,
Zip Code,78669,White,02/2025,0,1.5,1,
Zip Code,78669,White,03/2025,0,1,0.667,
Zip Code,78669,White,04/2025,0,1,1,
Zip Code,78669,White,05/2025,0,2,1.5,
Zip Code,78669,White,06/2025,0,1.5,0.5,
Zip Code,78669,White,07/2025,0,0.5,2,
Zip Code,78669,White,08/2025,0,0.5,0.833,2025-08-16
Zip Code,78691,Other,01/2020,0,0,0,
Zip Code,78691,Other,02/2020,0,0,0,
Zip Code,78691,Other,03/2020,0,0,0,
Zip Code,78691,Other,04/2020,0,0,0.167,
Zip Code,78691,Other,05/2020,0,0,0.167,
Zip Code,78691,Other,06/2020,0,0,0,
Zip Code,78691,Other,07/2020,0,0,0,
Zip Code,78691,Other,08/2020,0,0,0,
Zip Code,78691,Other,09/2020,0,0,0.167,
Zip Code,78691,Other,10/2020,0,0,0,
Zip Code,78691,Other,11/2020,0,0,0,
Zip Code,78691,Other,12/2020,0,0,0,
Zip Code,78691,Other,01/2021,0,0,0,
Zip Code,78691,Other,02/2021,0,0,0,
Zip Code,78691,Other,03/2021,0,0,0,
Zip Code,78691,Other,04/2021,0,0,0.167,
Zip Code,78691,Other,05/2021,0,0,0.167,
Zip Code,78691,Other,06/2021,0,0,0,
Zip Code,78691,Other,07/2021,0,0,0,
Zip Code,78691,Other,08/2021,0,0,0,
Zip Code,78691,Other,09/2021,0,0,0.167,
Zip Code,78691,Other,10/2021,0,0,0,
Zip Code,78691,Other,11/2021,0,0,0,
Zip Code,78691,Other,12/2021,0,0,0,
Zip Code,78691,Other,01/2022,0,0,0,
Zip Code,78691,Other,02/2022,0,0,0,
Zip Code,78691,Other,03/2022,0,0,0,
Zip Code,78691,Other,04/2022,0,0,0.167,
Zip Code,78691,Other,05/2022,0,0,0.167,
Zip Code,78691,Other,06/2022,0,0,0,
Zip Code,78691,Other,07/2022,0,0,0,
Zip Code,78691,Other,08/2022,0,0,0,
Zip Code,78691,Other,09/2022,0,0,0.167,
Zip Code,78691,Other,10/2022,0,0,0,
Zip Code,78691,Other,11/2022,0,0,0,
Zip Code,78691,Other,12/2022,0,0,0,
Zip Code,78691,Other,01/2023,0,0,0,
Zip Code,78691,Other,02/2023,0,0,0,
Zip Code,78691,Other,03/2023,0,0,0,
Zip Code,78691,Other,04/2023,0,0,0.167,
Zip Code,78691,Other,05/2023,0,0,0.167,
Zip Code,78691,Other,06/2023,0,0,0,
Zip Code,78691,Other,07/2023,0,0,0,
Zip Code,78691,Other,08/2023,0,0,0,
Zip Code,78691,Other,09/2023,0,0,0.167,
Zip Code,78691,Other,10/2023,0,0,0,
Zip Code,78691,Other,11/2023,0,0,0,
Zip Code,78691,Other,12/2023,0,0,0,
Zip Code,78691,Other,01/2024,0,0,0,
Zip Code,78691,Other,02/2024,0,0,0,
Zip Code,78691,Other,03/2024,0,0,0,
Zip Code,78691,Other,04/2024,0,0,0.167,
Zip Code,78691,Other,05/2024,0,0,0.167,
Zip Code,78691,Other,06/2024,0,0,0,
Zip Code,78691,Other,07/2024,0,0,0,
Zip Code,78691,Other,08/2024,0,0,0,
Zip Code,78691,Other,09/2024,0,0,0.167,
Zip Code,78691,Other,10/2024,0,0,0,
Zip Code,78691,Other,11/2024,0,0,0,
Zip Code,78691,Other,12/2024,0,0,0,
Zip Code,78691,Other,01/2025,0,0,0,
Zip Code,78691,Other,02/2025,0,0,0,
Zip Code,78691,Other,03/2025,0,0,0,
Zip Code,78691,Other,04/2025,0,0,0.167,
Zip Code,78691,Other,05/2025,0,0,0.167,
Zip Code,78691,Other,06/2025,0,0,0,
Zip Code,78691,Other,07/2025,0,0,0,
Zip Code,78691,Other,08/2025,0,0,0,2025-08-16
Zip Code,78701,White,01/2020,0,12,2.667,
Zip Code,78701,White,02/2020,0,10,6.667,
Zip Code,78701,White,03/2020,0,10,5.167,
Zip Code,78701,White,04/2020,0,8,4.333,
Zip Code,78701,White,05/2020,0,17.5,4.5,
Zip Code,78701,White,06/2020,0,15,4,
Zip Code,78701,White,07/2020,0,13.5,4.167,
Zip Code,78701,White,08/2020,0,14,3.667,
Zip Code,78701,White,09/2020,0,13.5,3.167,
Zip Code,78701,White,10/2020,0,14,4,
Zip Code,78701,White,11/2020,0,14.5,4.333,
Zip Code,78701,White,12/2020,0,16,3.833,
Zip Code,78701,White,01/2021,0,12,2.667,
Zip Code,78701,White,02/2021,0,10,6.667,
Zip Code,78701,White,03/2021,0,10,5.167,
Zip Code,78701,White,04/2021,0,8,4.333,
Zip Code,78701,White,05/2021,0,17.5,4.5,
Zip Code,78701,White,06/2021,0,15,4,
Zip Code,78701,White,07/2021,0,13.5,4.167,
Zip Code,78701,White,08/2021,0,14,3.667,
Zip Code,78701,White,09/2021,0,13.5,3.167,
Zip Code,78701,White,10/2021,0,14,4,
Zip Code,78701,White,11/2021,0,14.5,4.333,
Zip Code,78701,White,12/2021,0,16,3.833,
Zip Code,78701,White,01/2022,0,12,2.667,
Zip Code,78701,White,02/2022,0,10,6.667,
Zip Code,78701,White,03/2022,0,10,5.167,
Zip Code,78701,White,04/2022,0,8,4.333,
Zip Code,78701,White,05/2022,0,17.5,4.5,
Zip Code,78701,White,06/2022,0,15,4,
Zip Code,78701,White,07/2022,0,13.5,4.167,
Zip Code,78701,White,08/2022,0,14,3.667,
Zip Code,78701,White,09/2022,0,13.5,3.167,
Zip Code,78701,White,10/2022,0,14,4,
Zip Code,78701,White,11/2022,0,14.5,4.333,
Zip Code,78701,White,12/2022,0,16,3.833,
Zip Code,78701,White,01/2023,0,12,2.667,
Zip Code,78701,White,02/2023,0,10,6.667,
Zip Code,78701,White,03/2023,0,10,5.167,
Zip Code,78701,White,04/2023,0,8,4.333,
Zip Code,78701,White,05/2023,0,17.5,4.5,
Zip Code,78701,White,06/2023,0,15,4,
Zip Code,78701,White,07/2023,0,13.5,4.167,
Zip Code,78701,White,08/2023,0,14,3.667,
Zip Code,78701,White,09/2023,0,13.5,3.167,
Zip Code,78701,White,10/2023,0,14,4,
Zip Code,78701,White,11/2023,0,14.5,4.333,
Zip Code,78701,White,12/2023,0,16,3.833,
Zip Code,78701,White,01/2024,0,12,2.667,
Zip Code,78701,White,02/2024,0,10,6.667,
Zip Code,78701,White,03/2024,0,10,5.167,
Zip Code,78701,White,04/2024,0,8,4.333,
Zip Code,78701,White,05/2024,0,17.5,4.5,
Zip Code,78701,White,06/2024,0,15,4,
Zip Code,78701,White,07/2024,0,13.5,4.167,
Zip Code,78701,White,08/2024,0,14,3.667,
Zip Code,78701,White,09/2024,0,13.5,3.167,
Zip Code,78701,White,10/2024,0,14,4,
Zip Code,78701,White,11/2024,0,14.5,4.333,
Zip Code,78701,White,12/2024,0,16,3.833,
Zip Code,78701,White,01/2025,0,12,2.667,
Zip Code,78701,White,02/2025,0,10,6.667,
Zip Code,78701,White,03/2025,0,10,5.167,
Zip Code,78701,White,04/2025,0,8,4.333,
Zip Code,78701,White,05/2025,0,17.5,4.5,
Zip Code,78701,White,06/2025,0,15,4,
Zip Code,78701,White,07/2025,0,13.5,4.167,
Zip Code,78701,White,08/2025,0,9,1.667,2025-08-16
Zip Code,78702,Other,01/2020,0,15,10.5,
Zip Code,78702,Other,02/2020,0,12.5,10.667,
Zip Code,78702,Other,03/2020,0,12,9.167,
Zip Code,78702,Other,04/2020,0,17.5,8.5,
Zip Code,78702,Other,05/2020,0,22.5,11.333,
Zip Code,78702,Other,06/2020,0,15.5,9.667,
Zip Code,78702,Other,07/2020,0,12.5,11.333,
Zip Code,78702,Other,08/2020,0,16,13,
Zip Code,78702,Other,09/2020,0,17,13.667,
Zip Code,78702,Other,10/2020,0,12,14.333,
Zip Code,78702,Other,11/2020,0,8.5,8.667,
Zip Code,78702,Other,12/2020,0,16,12.833,
Zip Code,78702,Other,01/2021,0,15,10.5,
Zip Code,78702,Other,02/2021,0,12.5,10.5,
Zip Code,78702,Other,03/2021,0,12,9.167,
Zip Code,78702,Other,04/2021,0,17.5,8.5,
Zip Code,78702,Other,05/2021,0,22.5,11.333,
Zip Code,78702,Other,06/2021,0,15.5,9.667,
Zip Code,78702,Other,07/2021,0,12.5,11.333,
Zip Code,78702,Other,08/2021,0,16,13,
Zip Code,78702,Other,09/2021,0,17,13.667,
Zip Code,78702,Other,10/2021,0,12,14.333,
Zip Code,78702,Other,11/2021,0,8.5,8.667,
Zip Code,78702,Other,12/2021,0,16,12.833,
Zip Code,78702,Other,01/2022,0,15,10.5,
Zip Code,78702,Other,02/2022,0,12.5,10.5,
Zip Code,78702,Other,03/2022,0,12,9.167,
Zip Code,78702,Other,04/2022,0,17.5,8.5,
Zip Code,78702,Other,05/2022,0,22.5,11.333,
Zip Code,78702,Other,06/2022,0,15.5,9.667,
Zip Code,78702,Other,07/2022,0,12.5,11.333,
Zip Code,78702,Other,08/2022,0,16,13,
Zip Code,78702,Other,09/2022,0,17,13.667,
Zip Code,78702,Other,10/2022,0,12,14.333,
Zip Code,78702,Other,11/2022,0,8.5,8.667,
Zip Code,78702,Other,12/2022,0,16,12.833,
Zip Code,78702,Other,01/2023,0,15,10.5,
Zip Code,78702,Other,02/2023,0,12.5,10.5,
Zip Code,78702,Other,03/2023,0,12,9.167,
Zip Code,78702,Other,04/2023,0,17.5,8.5,
Zip Code,78702,Other,05/2023,0,22.5,11.333,
Zip Code,78702,Other,06/2023,0,15.5,9.667,
Zip Code,78702,Other,07/2023,0,12.5,11.333,
Zip Code,78702,Other,08/2023,0,16,13,
Zip Code,78702,Other,09/2023,0,17,13.667,
Zip Code,78702,Other,10/2023,0,12,14.333,
Zip Code,78702,Other,11/2023,0,8.5,8.667,
Zip Code,78702,Other,12/2023,0,16,12.833,
Zip Code,78702,Other,01/2024,0,15,10.5,
Zip Code,78702,Other,02/2024,0,12.5,10.667,
Zip Code,78702,Other,03/2024,0,12,9.167,
Zip Code,78702,Other,04/2024,0,17.5,8.5,
Zip Code,78702,Other,05/2024,0,22.5,11.333,
Zip Code,78702,Other,06/2024,0,15.5,9.667,
Zip Code,78702,Other,07/2024,0,12.5,11.333,
Zip Code,78702,Other,08/2024,0,16,13,
Zip Code,78702,Other,09/2024,0,17,13.667,
Zip Code,78702,Other,10/2024,0,12,14.333,
Zip Code,78702,Other,11/2024,0,8.5,8.667,
Zip Code,78702,Other,12/2024,0,16,12.833,
Zip Code,78702,Other,01/2025,0,15,10.5,
Zip Code,78702,Other,02/2025,0,12.5,10.5,
Zip Code,78702,Other,03/2025,0,12,9.167,
Zip Code,78702,Other,04/2025,0,17.5,8.5,
Zip Code,78702,Other,05/2025,0,22.5,11.333,
Zip Code,78702,Other,06/2025,0,15.5,9.667,
Zip Code,78702,Other,07/2025,0,12.5,11.333,
Zip Code,78702,Other,08/2025,0,10,6.667,2025-08-16
Zip Code,78703,White,01/2020,0,2.5,2.167,
Zip Code,78703,White,02/2020,0,0.5,1.833,
Zip Code,78703,White,03/2020,0,2.5,2.5,
Zip Code,78703,White,04/2020,0,1.5,1,
Zip Code,78703,White,05/2020,0,4,1,
Zip Code,78703,White,06/2020,0,1.5,2.167,
Zip Code,78703,White,07/2020,0,3,2.5,
Zip Code,78703,White,08/2020,0,1.5,3.667,
Zip Code,78703,White,09/2020,0,3.5,1.667,
Zip Code,78703,White,10/2020,0,2.5,4.167,
Zip Code,78703,White,11/2020,0,4.5,2,
Zip Code,78703,White,12/2020,0,3,2,
Zip Code,78703,White,01/2021,0,2.5,2.167,
Zip Code,78703,White,02/2021,0,0.5,1.833,
Zip Code,78703,White,03/2021,0,2.5,2.5,
Zip Code,78703,White,04/2021,0,1.5,1,
Zip Code,78703,White,05/2021,0,4,1,
Zip Code,78703,White,06/2021,0,1.5,2.167,
Zip Code,78703,White,07/2021,0,3,2.5,
Zip Code,78703,White,08/2021,0,1.5,3.667,
Zip Code,78703,White,09/2021,0,3.5,1.667,
Zip Code,78703,White,10/2021,0,2.5,4.167,
Zip Code,78703,White,11/2021,0,4.5,2,
Zip Code,78703,White,12/2021,0,3,2,
Zip Code,78703,White,01/2022,0,2.5,2.167,
Zip Code,78703,White,02/2022,0,0.5,1.833,
Zip Code,78703,White,03/2022,0,2.5,2.5,
Zip Code,78703,White,04/2022,0,1.5,1,
Zip Code,78703,White,05/2022,0,4,1,
Zip Code,78703,White,06/2022,0,1.5,2.167,
Zip Code,78703,White,07/2022,0,3,2.5,
Zip Code,78703,White,08/2022,0,1.5,3.667,
Zip Code,78703,White,09/2022,0,3.5,1.667,
Zip Code,78703,White,10/2022,0,2.5,4.167,
Zip Code,78703,White,11/2022,0,4.5,2,
Zip Code,78703,White,12/2022,0,3,2,
Zip Code,78703,White,01/2023,0,2.5,2.167,
Zip Code,78703,White,02/2023,0,0.5,1.833,
Zip Code,78703,White,03/2023,0,2.5,2.5,
Zip Code,78703,White,04/2023,0,1.5,1,
Zip Code,78703,White,05/2023,0,4,1,
Zip Code,78703,White,06/2023,0,1.5,2.167,
Zip Code,78703,White,07/2023,0,3,2.5,
Zip Code,78703,White,08/2023,0,1.5,3.667,
Zip Code,78703,White,09/2023,0,3.5,1.667,
Zip Code,78703,White,10/2023,0,2.5,4.167,
Zip Code,78703,White,11/2023,0,4.5,2,
Zip Code,78703,White,12/2023,0,3,2,
Zip Code,78703,White,01/2024,0,2.5,2.167,
Zip Code,78703,White,02/2024,0,0.5,1.833,
Zip Code,78703,White,03/2024,0,2.5,2.5,
Zip Code,78703,White,04/2024,0,1.5,1,
Zip Code,78703,White,05/2024,0,4,1,
Zip Code,78703,White,06/2024,0,1.5,2.167,
Zip Code,78703,White,07/2024,0,3,2.5,
Zip Code,78703,White,08/2024,0,1.5,3.667,
Zip Code,78703,White,09/2024,0,3.5,1.667,
Zip Code,78703,White,10/2024,0,2.5,4.167,
Zip Code,78703,White,11/2024,0,4.5,2,
Zip Code,78703,White,12/2024,0,3,2,
Zip Code,78703,White,01/2025,0,2.5,2.167,
Zip Code,78703,White,02/2025,0,0.5,1.833,
Zip Code,78703,White,03/2025,0,2.5,2.5,
Zip Code,78703,White,04/2025,0,1.5,1,
Zip Code,78703,White,05/2025,0,4,1,
Zip Code,78703,White,06/2025,0,1.5,2.167,
Zip Code,78703,White,07/2025,0,3,2.5,
Zip Code,78703,White,08/2025,0,1,2.167,2025-08-16
Zip Code,78704,White,01/2020,0,25.5,32.167,
Zip Code,78704,White,02/2020,0,30.5,28.833,
Zip Code,78704,White,03/2020,0,27.5,22.333,
Zip Code,78704,White,04/2020,0,18,22.5,
Zip Code,78704,White,05/2020,0,27.5,24.167,
Zip Code,78704,White,06/2020,0,22,23.167,
Zip Code,78704,White,07/2020,0,21,25.333,
Zip Code,78704,White,08/2020,0,17,31.833,
Zip Code,78704,White,09/2020,0,16,26.5,
Zip Code,78704,White,10/2020,0,21.5,26.5,
Zip Code,78704,White,11/2020,0,30.5,29.333,
Zip Code,78704,White,12/2020,0,21.5,26.333,
Zip Code,78704,White,01/2021,0,25.5,32.167,
Zip Code,78704,White,02/2021,0,30.5,28.833,
Zip Code,78704,White,03/2021,0,27.5,22.333,
Zip Code,78704,White,04/2021,0,18,22.5,
Zip Code,78704,White,05/2021,0,27.5,24.167,
Zip Code,78704,White,06/2021,0,22,23.167,
Zip Code,78704,White,07/2021,0,21,25.333,
Zip Code,78704,White,08/2021,0,17,31.833,
Zip Code,78704,White,09/2021,0,16,26.5,
Zip Code,78704,White,10/2021,0,21.5,26.5,
Zip Code,78704,White,11/2021,0,30.5,29.333,
Zip Code,78704,White,12/2021,0,21.5,26.333,
Zip Code,78704,White,01/2022,0,25.5,32.167,
Zip Code,78704,White,02/2022,0,30.5,28.833,
Zip Code,78704,White,03/2022,0,27.5,22.333,
Zip Code,78704,White,04/2022,0,18,22.5,
Zip Code,78704,White,05/2022,0,27.5,24.167,
Zip Code,78704,White,06/2022,0,22,23.167,
Zip Code,78704,White,07/2022,0,21,25.333,
Zip Code,78704,White,08/2022,0,17,31.833,
Zip Code,78704,White,09/2022,0,16,26.5,
Zip Code,78704,White,10/2022,0,21.5,26.5,
Zip Code,78704,White,11/2022,0,30.5,29.333,
Zip Code,78704,White,12/2022,0,21.5,26.333,
Zip Code,78704,White,01/2023,0,25.5,32.167,
Zip Code,78704,White,02/2023,0,30.5,28.833,
Zip Code,78704,White,03/2023,0,27.5,22.333,
Zip Code,78704,White,04/2023,0,18,22.5,
Zip Code,78704,White,05/2023,0,27.5,24.167,
Zip Code,78704,White,06/2023,0,22,23.167,
Zip Code,78704,White,07/2023,0,21,25.333,
Zip Code,78704,White,08/2023,0,17,31.833,
Zip Code,78704,White,09/2023,0,16,26.5,
Zip Code,78704,White,10/2023,0,21.5,26.5,
Zip Code,78704,White,11/2023,0,30.5,29.333,
Zip Code,78704,White,12/2023,0,21.5,26.333,
Zip Code,78704,White,01/2024,0,25.5,32.167,
Zip Code,78704,White,02/2024,0,30.5,28.833,
Zip Code,78704,White,03/2024,0,27.5,22.333,
Zip Code,78704,White,04/2024,0,18,22.5,
Zip Code,78704,White,05/2024,0,27.5,24.167,
Zip Code,78704,White,06/2024,0,22,23.167,
Zip Code,78704,White,07/2024,0,21,25.333,
Zip Code,78704,White,08/2024,0,17,31.833,
Zip Code,78704,White,09/2024,0,16,26.5,
Zip Code,78704,White,10/2024,0,21.5,26.5,
Zip Code,78704,White,11/2024,0,30.5,29.333,
Zip Code,78704,White,12/2024,0,21.5,26.333,
Zip Code,78704,White,01/2025,0,25.5,32.167,
Zip Code,78704,White,02/2025,0,30.5,28.833,
Zip Code,78704,White,03/2025,0,27.5,22.333,
Zip Code,78704,White,04/2025,0,18,22.5,
Zip Code,78704,White,05/2025,0,27.5,24.167,
Zip Code,78704,White,06/2025,0,22,23.167,
Zip Code,78704,White,07/2025,0,21,25.333,
Zip Code,78704,White,08/2025,0,6.5,19.333,2025-08-16
Zip Code,78705,White,01/2020,0,10.5,8.333,
Zip Code,78705,White,02/2020,0,12.5,5.5,
Zip Code,78705,White,03/2020,0,9,7,
Zip Code,78705,White,04/2020,0,10.5,7.667,
Zip Code,78705,White,05/2020,0,7.5,8.333,
Zip Code,78705,White,06/2020,0,17.5,10,
Zip Code,78705,White,07/2020,0,5.5,8,
Zip Code,78705,White,08/2020,0,3.5,3.833,
Zip Code,78705,White,09/2020,0,4,4.167,
Zip Code,78705,White,10/2020,0,5,5.667,
Zip Code,78705,White,11/2020,0,7,5.5,
Zip Code,78705,White,12/2020,0,15,7,
Zip Code,78705,White,01/2021,0,10.5,8.333,
Zip Code,78705,White,02/2021,0,12,5.5,
Zip Code,78705,White,03/2021,0,9,7,
Zip Code,78705,White,04/2021,0,10.5,7.667,
Zip Code,78705,White,05/2021,0,7.5,8.333,
Zip Code,78705,White,06/2021,0,17.5,10,
Zip Code,78705,White,07/2021,0,5.5,8,
Zip Code,78705,White,08/2021,0,3.5,3.833,
Zip Code,78705,White,09/2021,0,4,4.167,
Zip Code,78705,White,10/2021,0,5,5.667,
Zip Code,78705,White,11/2021,0,7,5.5,
Zip Code,78705,White,12/2021,0,15,7,
Zip Code,78705,White,01/2022,0,10.5,8.333,
Zip Code,78705,White,02/2022,0,12,5.5,
Zip Code,78705,White,03/2022,0,9,7,
Zip Code,78705,White,04/2022,0,10.5,7.667,
Zip Code,78705,White,05/2022,0,7.5,8.333,
Zip Code,78705,White,06/2022,0,17.5,10,
Zip Code,78705,White,07/2022,0,5.5,8,
Zip Code,78705,White,08/2022,0,3.5,3.833,
Zip Code,78705,White,09/2022,0,4,4.167,
Zip Code,78705,White,10/2022,0,5,5.667,
Zip Code,78705,White,11/2022,0,7,5.5,
Zip Code,78705,White,12/2022,0,15,7,
Zip Code,78705,White,01/2023,0,10.5,8.333,
Zip Code,78705,White,02/2023,0,12,5.5,
Zip Code,78705,White,03/2023,0,9,7,
Zip Code,78705,White,04/2023,0,10.5,7.667,
Zip Code,78705,White,05/2023,0,7.5,8.333,
Zip Code,78705,White,06/2023,0,17.5,10,
Zip Code,78705,White,07/2023,0,5.5,8,
Zip Code,78705,White,08/2023,0,3.5,3.833,
Zip Code,78705,White,09/2023,0,4,4.167,
Zip Code,78705,White,10/2023,0,5,5.667,
Zip Code,78705,White,11/2023,0,7,5.5,
Zip Code,78705,White,12/2023,0,15,7,
Zip Code,78705,White,01/2024,0,10.5,8.333,
Zip Code,78705,White,02/2024,0,12.5,5.5,
Zip Code,78705,White,03/2024,0,9,7,
Zip Code,78705,White,04/2024,0,10.5,7.667,
Zip Code,78705,White,05/2024,0,7.5,8.333,
Zip Code,78705,White,06/2024,0,17.5,10,
Zip Code,78705,White,07/2024,0,5.5,8,
Zip Code,78705,White,08/2024,0,3.5,3.833,
Zip Code,78705,White,09/2024,0,4,4.167,
Zip Code,78705,White,10/2024,0,5,5.667,
Zip Code,78705,White,11/2024,0,7,5.5,
Zip Code,78705,White,12/2024,0,15,7,
Zip Code,78705,White,01/2025,0,10.5,8.333,
Zip Code,78705,White,02/2025,0,12,5.5,
Zip Code,78705,White,03/2025,0,9,7,
Zip Code,78705,White,04/2025,0,10.5,7.667,
Zip Code,78705,White,05/2025,0,7.5,8.333,
Zip Code,78705,White,06/2025,0,17.5,10,
Zip Code,78705,White,07/2025,0,5.5,8,
Zip Code,78705,White,08/2025,0,1,1.333,2025-08-16
Zip Code,78708,Other,01/2020,0,0,0,
Zip Code,78708,Other,02/2020,0,0,0,
Zip Code,78708,Other,03/2020,0,0,0.167,
Zip Code,78708,Other,04/2020,0,0,0,
Zip Code,78708,Other,05/2020,0,0,0,
Zip Code,78708,Other,06/2020,0,0,0.167,
Zip Code,78708,Other,07/2020,0,0,0,
Zip Code,78708,Other,08/2020,0,0,0,
Zip Code,78708,Other,09/2020,0,0,0,
Zip Code,78708,Other,10/2020,0,0,0,
Zip Code,78708,Other,11/2020,0,0,0,
Zip Code,78708,Other,12/2020,0,0,0,
Zip Code,78708,Other,01/2021,0,0,0,
Zip Code,78708,Other,02/2021,0,0,0,
Zip Code,78708,Other,03/2021,0,0,0.167,
Zip Code,78708,Other,04/2021,0,0,0,
Zip Code,78708,Other,05/2021,0,0,0,
Zip Code,78708,Other,06/2021,0,0,0.167,
Zip Code,78708,Other,07/2021,0,0,0,
Zip Code,78708,Other,08/2021,0,0,0,
Zip Code,78708,Other,09/2021,0,0,0,
Zip Code,78708,Other,10/2021,0,0,0,
Zip Code,78708,Other,11/2021,0,0,0,
Zip Code,78708,Other,12/2021,0,0,0,
Zip Code,78708,Other,01/2022,0,0,0,
Zip Code,78708,Other,02/2022,0,0,0,
Zip Code,78708,Other,03/2022,0,0,0.167,
Zip Code,78708,Other,04/2022,0,0,0,
Zip Code,78708,Other,05/2022,0,0,0,
Zip Code,78708,Other,06/2022,0,0,0.167,
Zip Code,78708,Other,07/2022,0,0,0,
Zip Code,78708,Other,08/2022,0,0,0,
Zip Code,78708,Other,09/2022,0,0,0,
Zip Code,78708,Other,10/2022,0,0,0,
Zip Code,78708,Other,11/2022,0,0,0,
Zip Code,78708,Other,12/2022,0,0,0,
Zip Code,78708,Other,01/2023,0,0,0,
Zip Code,78708,Other,02/2023,0,0,0,
Zip Code,78708,Other,03/2023,0,0,0.167,
Zip Code,78708,Other,04/2023,0,0,0,
Zip Code,78708,Other,05/2023,0,0,0,
Zip Code,78708,Other,06/2023,0,0,0.167,
Zip Code,78708,Other,07/2023,0,0,0,
Zip Code,78708,Other,08/2023,0,0,0,
Zip Code,78708,Other,09/2023,0,0,0,
Zip Code,78708,Other,10/2023,0,0,0,
Zip Code,78708,Other,11/2023,0,0,0,
Zip Code,78708,Other,12/2023,0,0,0,
Zip Code,78708,Other,01/2024,0,0,0,
Zip Code,78708,Other,02/2024,0,0,0,
Zip Code,78708,Other,03/2024,0,0,0.167,
Zip Code,78708,Other,04/2024,0,0,0,
Zip Code,78708,Other,05/2024,0,0,0,
Zip Code,78708,Other,06/2024,0,0,0.167,
Zip Code,78708,Other,07/2024,0,0,0,
Zip Code,78708,Other,08/2024,0,0,0,
Zip Code,78708,Other,09/2024,0,0,0,
Zip Code,78708,Other,10/2024,0,0,0,
Zip Code,78708,Other,11/2024,0,0,0,
Zip Code,78708,Other,12/2024,0,0,0,
Zip Code,78708,Other,01/2025,0,0,0,
Zip Code,78708,Other,02/2025,0,0,0,
Zip Code,78708,Other,03/2025,0,0,0.167,
Zip Code,78708,Other,04/2025,0,0,0,
Zip Code,78708,Other,05/2025,0,0,0,
Zip Code,78708,Other,06/2025,0,0,0.167,
Zip Code,78708,Other,07/2025,0,0,0,
Zip Code,78708,Other,08/2025,0,0,0,2025-08-16
Zip Code,78709,Other,01/2020,0,0,0,
Zip Code,78709,Other,02/2020,0,0,0,
Zip Code,78709,Other,03/2020,0,0,0.167,
Zip Code,78709,Other,04/2020,0,0,0.167,
Zip Code,78709,Other,05/2020,0,0,0,
Zip Code,78709,Other,06/2020,0,0,0,
Zip Code,78709,Other,07/2020,0,0,0,
Zip Code,78709,Other,08/2020,0,0,0,
Zip Code,78709,Other,09/2020,0,0,0,
Zip Code,78709,Other,10/2020,0,0,0,
Zip Code,78709,Other,11/2020,0,0,0,
Zip Code,78709,Other,12/2020,0,0,0,
Zip Code,78709,Other,01/2021,0,0,0,
Zip Code,78709,Other,02/2021,0,0,0,
Zip Code,78709,Other,03/2021,0,0,0.167,
Zip Code,78709,Other,04/2021,0,0,0.167,
Zip Code,78709,Other,05/2021,0,0,0,
Zip Code,78709,Other,06/2021,0,0,0,
Zip Code,78709,Other,07/2021,0,0,0,
Zip Code,78709,Other,08/2021,0,0,0,
Zip Code,78709,Other,09/2021,0,0,0,
Zip Code,78709,Other,10/2021,0,0,0,
Zip Code,78709,Other,11/2021,0,0,0,
Zip Code,78709,Other,12/2021,0,0,0,
Zip Code,78709,Other,01/2022,0,0,0,
Zip Code,78709,Other,02/2022,0,0,0,
Zip Code,78709,Other,03/2022,0,0,0.167,
Zip Code,78709,Other,04/2022,0,0,0.167,
Zip Code,78709,Other,05/2022,0,0,0,
Zip Code,78709,Other,06/2022,0,0,0,
Zip Code,78709,Other,07/2022,0,0,0,
Zip Code,78709,Other,08/2022,0,0,0,
Zip Code,78709,Other,09/2022,0,0,0,
Zip Code,78709,Other,10/2022,0,0,0,
Zip Code,78709,Other,11/2022,0,0,0,
Zip Code,78709,Other,12/2022,0,0,0,
Zip Code,78709,Other,01/2023,0,0,0,
Zip Code,78709,Other,02/2023,0,0,0,
Zip Code,78709,Other,03/2023,0,0,0.167,
Zip Code,78709,Other,04/2023,0,0,0.167,
Zip Code,78709,Other,05/2023,0,0,0,
Zip Code,78709,Other,06/2023,0,0,0,
Zip Code,78709,Other,07/2023,0,0,0,
Zip Code,78709,Other,08/2023,0,0,0,
Zip Code,78709,Other,09/2023,0,0,0,
Zip Code,78709,Other,10/2023,0,0,0,
Zip Code,78709,Other,11/2023,0,0,0,
Zip Code,78709,Other,12/2023,0,0,0,
Zip Code,78709,Other,01/2024,0,0,0,
Zip Code,78709,Other,02/2024,0,0,0,
Zip Code,78709,Other,03/2024,0,0,0.167,
Zip Code,78709,Other,04/2024,0,0,0.167,
Zip Code,78709,Other,05/2024,0,0,0,
Zip Code,78709,Other,06/2024,0,0,0,
Zip Code,78709,Other,07/2024,0,0,0,
Zip Code,78709,Other,08/2024,0,0,0,
Zip Code,78709,Other,09/2024,0,0,0,
Zip Code,78709,Other,10/2024,0,0,0,
Zip Code,78709,Other,11/2024,0,0,0,
Zip Code,78709,Other,12/2024,0,0,0,
Zip Code,78709,Other,01/2025,0,0,0,
Zip Code,78709,Other,02/2025,0,0,0,
Zip Code,78709,Other,03/2025,0,0,0.167,
Zip Code,78709,Other,04/2025,0,0,0.167,
Zip Code,78709,Other,05/2025,0,0,0,
Zip Code,78709,Other,06/2025,0,0,0,
Zip Code,78709,Other,07/2025,0,0,0,
Zip Code,78709,Other,08/2025,0,0,0,2025-08-16
Zip Code,78710,Other,01/2020,0,0,0,
Zip Code,78710,Other,02/2020,0,0,0,
Zip Code,78710,Other,03/2020,0,0,0,
Zip Code,78710,Other,04/2020,0,0,0,
Zip Code,78710,Other,05/2020,0,0,0,
Zip Code,78710,Other,06/2020,0,0,0,
Zip Code,78710,Other,07/2020,0,0,0,
Zip Code,78710,Other,08/2020,0,0,0,
Zip Code,78710,Other,09/2020,0,0,0,
Zip Code,78710,Other,10/2020,0,0,0,
Zip Code,78710,Other,11/2020,0,0,0,
Zip Code,78710,Other,12/2020,0,0,0,
Zip Code,78710,Other,01/2021,0,0,0,
Zip Code,78710,Other,02/2021,0,0,0,
Zip Code,78710,Other,03/2021,0,0,0,
Zip Code,78710,Other,04/2021,0,0,0,
Zip Code,78710,Other,05/2021,0,0,0,
Zip Code,78710,Other,06/2021,0,0,0,
Zip Code,78710,Other,07/2021,0,0,0,
Zip Code,78710,Other,08/2021,0,0,0,
Zip Code,78710,Other,09/2021,0,0,0,
Zip Code,78710,Other,10/2021,0,0,0,
Zip Code,78710,Other,11/2021,0,0,0,
Zip Code,78710,Other,12/2021,0,0,0,
Zip Code,78710,Other,01/2022,0,0,0,
Zip Code,78710,Other,02/2022,0,0,0,
Zip Code,78710,Other,03/2022,0,0,0,
Zip Code,78710,Other,04/2022,0,0,0,
Zip Code,78710,Other,05/2022,0,0,0,
Zip Code,78710,Other,06/2022,0,0,0,
Zip Code,78710,Other,07/2022,0,0,0,
Zip Code,78710,Other,08/2022,0,0,0,
Zip Code,78710,Other,09/2022,0,0,0,
Zip Code,78710,Other,10/2022,0,0,0,
Zip Code,78710,Other,11/2022,0,0,0,
Zip Code,78710,Other,12/2022,0,0,0,
Zip Code,78710,Other,01/2023,0,0,0,
Zip Code,78710,Other,02/2023,0,0,0,
Zip Code,78710,Other,03/2023,0,0,0,
Zip Code,78710,Other,04/2023,0,0,0,
Zip Code,78710,Other,05/2023,0,0,0,
Zip Code,78710,Other,06/2023,0,0,0,
Zip Code,78710,Other,07/2023,0,0,0,
Zip Code,78710,Other,08/2023,0,0,0,
Zip Code,78710,Other,09/2023,0,0,0,
Zip Code,78710,Other,10/2023,0,0,0,
Zip Code,78710,Other,11/2023,0,0,0,
Zip Code,78710,Other,12/2023,0,0,0,
Zip Code,78710,Other,01/2024,0,0,0,
Zip Code,78710,Other,02/2024,0,0,0,
Zip Code,78710,Other,03/2024,0,0,0,
Zip Code,78710,Other,04/2024,0,0,0,
Zip Code,78710,Other,05/2024,0,0,0,
Zip Code,78710,Other,06/2024,0,0,0,
Zip Code,78710,Other,07/2024,0,0,0,
Zip Code,78710,Other,08/2024,0,0,0,
Zip Code,78710,Other,09/2024,0,0,0,
Zip Code,78710,Other,10/2024,0,0,0,
Zip Code,78710,Other,11/2024,0,0,0,
Zip Code,78710,Other,12/2024,0,0,0,
Zip Code,78710,Other,01/2025,0,0,0,
Zip Code,78710,Other,02/2025,0,0,0,
Zip Code,78710,Other,03/2025,0,0,0,
Zip Code,78710,Other,04/2025,0,0,0,
Zip Code,78710,Other,05/2025,0,0,0,
Zip Code,78710,Other,06/2025,0,0,0,
Zip Code,78710,Other,07/2025,0,0,0,
Zip Code,78710,Other,08/2025,0,0,0,2025-08-16
Zip Code,78711,Other,01/2020,0,0,0,
Zip Code,78711,Other,02/2020,0,0,0,
Zip Code,78711,Other,03/2020,0,0,0,
Zip Code,78711,Other,04/2020,0,0,0,
Zip Code,78711,Other,05/2020,0,0,0,
Zip Code,78711,Other,06/2020,0,0,0,
Zip Code,78711,Other,07/2020,0,0,0,
Zip Code,78711,Other,08/2020,0,0,0,
Zip Code,78711,Other,09/2020,0,0,0,
Zip Code,78711,Other,10/2020,0,0,0,
Zip Code,78711,Other,11/2020,0,0,0,
Zip Code,78711,Other,12/2020,0,0,0,
Zip Code,78711,Other,01/2021,0,0,0,
Zip Code,78711,Other,02/2021,0,0,0,
Zip Code,78711,Other,03/2021,0,0,0,
Zip Code,78711,Other,04/2021,0,0,0,
Zip Code,78711,Other,05/2021,0,0,0,
Zip Code,78711,Other,06/2021,0,0,0,
Zip Code,78711,Other,07/2021,0,0,0,
Zip Code,78711,Other,08/2021,0,0,0,
Zip Code,78711,Other,09/2021,0,0,0,
Zip Code,78711,Other,10/2021,0,0,0,
Zip Code,78711,Other,11/2021,0,0,0,
Zip Code,78711,Other,12/2021,0,0,0,
Zip Code,78711,Other,01/2022,0,0,0,
Zip Code,78711,Other,02/2022,0,0,0,
Zip Code,78711,Other,03/2022,0,0,0,
Zip Code,78711,Other,04/2022,0,0,0,
Zip Code,78711,Other,05/2022,0,0,0,
Zip Code,78711,Other,06/2022,0,0,0,
Zip Code,78711,Other,07/2022,0,0,0,
Zip Code,78711,Other,08/2022,0,0,0,
Zip Code,78711,Other,09/2022,0,0,0,
Zip Code,78711,Other,10/2022,0,0,0,
Zip Code,78711,Other,11/2022,0,0,0,
Zip Code,78711,Other,12/2022,0,0,0,
Zip Code,78711,Other,01/2023,0,0,0,
Zip Code,78711,Other,02/2023,0,0,0,
Zip Code,78711,Other,03/2023,0,0,0,
Zip Code,78711,Other,04/2023,0,0,0,
Zip Code,78711,Other,05/2023,0,0,0,
Zip Code,78711,Other,06/2023,0,0,0,
Zip Code,78711,Other,07/2023,0,0,0,
Zip Code,78711,Other,08/2023,0,0,0,
Zip Code,78711,Other,09/2023,0,0,0,
Zip Code,78711,Other,10/2023,0,0,0,
Zip Code,78711,Other,11/2023,0,0,0,
Zip Code,78711,Other,12/2023,0,0,0,
Zip Code,78711,Other,01/2024,0,0,0,
Zip Code,78711,Other,02/2024,0,0,0,
Zip Code,78711,Other,03/2024,0,0,0,
Zip Code,78711,Other,04/2024,0,0,0,
Zip Code,78711,Other,05/2024,0,0,0,
Zip Code,78711,Other,06/2024,0,0,0,
Zip Code,78711,Other,07/2024,0,0,0,
Zip Code,78711,Other,08/2024,0,0,0,
Zip Code,78711,Other,09/2024,0,0,0,
Zip Code,78711,Other,10/2024,0,0,0,
Zip Code,78711,Other,11/2024,0,0,0,
Zip Code,78711,Other,12/2024,0,0,0,
Zip Code,78711,Other,01/2025,0,0,0,
Zip Code,78711,Other,02/2025,0,0,0,
Zip Code,78711,Other,03/2025,0,0,0,
Zip Code,78711,Other,04/2025,0,0,0,
Zip Code,78711,Other,05/2025,0,0,0,
Zip Code,78711,Other,06/2025,0,0,0,
Zip Code,78711,Other,07/2025,0,0,0,
Zip Code,78711,Other,08/2025,0,0,0,2025-08-16
Zip Code,78712,White,01/2020,0,0,0,
Zip Code,78712,White,02/2020,0,0,0,
Zip Code,78712,White,03/2020,0,0,0,
Zip Code,78712,White,04/2020,0,0,0,
Zip Code,78712,White,05/2020,0,0,0,
Zip Code,78712,White,06/2020,0,0,0,
Zip Code,78712,White,07/2020,0,0,0,
Zip Code,78712,White,08/2020,0,0,0,
Zip Code,78712,White,09/2020,0,0,0,
Zip Code,78712,White,10/2020,0,0,0,
Zip Code,78712,White,11/2020,0,0,0,
Zip Code,78712,White,12/2020,0,0,0,
Zip Code,78712,White,01/2021,0,0,0,
Zip Code,78712,White,02/2021,0,0,0,
Zip Code,78712,White,03/2021,0,0,0,
Zip Code,78712,White,04/2021,0,0,0,
Zip Code,78712,White,05/2021,0,0,0,
Zip Code,78712,White,06/2021,0,0,0,
Zip Code,78712,White,07/2021,0,0,0,
Zip Code,78712,White,08/2021,0,0,0,
Zip Code,78712,White,09/2021,0,0,0,
Zip Code,78712,White,10/2021,0,0,0,
Zip Code,78712,White,11/2021,0,0,0,
Zip Code,78712,White,12/2021,0,0,0,
Zip Code,78712,White,01/2022,0,0,0,
Zip Code,78712,White,02/2022,0,0,0,
Zip Code,78712,White,03/2022,0,0,0,
Zip Code,78712,White,04/2022,0,0,0,
Zip Code,78712,White,05/2022,0,0,0,
Zip Code,78712,White,06/2022,0,0,0,
Zip Code,78712,White,07/2022,0,0,0,
Zip Code,78712,White,08/2022,0,0,0,
Zip Code,78712,White,09/2022,0,0,0,
Zip Code,78712,White,10/2022,0,0,0,
Zip Code,78712,White,11/2022,0,0,0,
Zip Code,78712,White,12/2022,0,0,0,
Zip Code,78712,White,01/2023,0,0,0,
Zip Code,78712,White,02/2023,0,0,0,
Zip Code,78712,White,03/2023,0,0,0,
Zip Code,78712,White,04/2023,0,0,0,
Zip Code,78712,White,05/2023,0,0,0,
Zip Code,78712,White,06/2023,0,0,0,
Zip Code,78712,White,07/2023,0,0,0,
Zip Code,78712,White,08/2023,0,0,0,
Zip Code,78712,White,09/2023,0,0,0,
Zip Code,78712,White,10/2023,0,0,0,
Zip Code,78712,White,11/2023,0,0,0,
Zip Code,78712,White,12/2023,0,0,0,
Zip Code,78712,White,01/2024,0,0,0,
Zip Code,78712,White,02/2024,0,0,0,
Zip Code,78712,White,03/2024,0,0,0,
Zip Code,78712,White,04/2024,0,0,0,
Zip Code,78712,White,05/2024,0,0,0,
Zip Code,78712,White,06/2024,0,0,0,
Zip Code,78712,White,07/2024,0,0,0,
Zip Code,78712,White,08/2024,0,0,0,
Zip Code,78712,White,09/2024,0,0,0,
Zip Code,78712,White,10/2024,0,0,0,
Zip Code,78712,White,11/2024,0,0,0,
Zip Code,78712,White,12/2024,0,0,0,
Zip Code,78712,White,01/2025,0,0,0,
Zip Code,78712,White,02/2025,0,0,0,
Zip Code,78712,White,03/2025,0,0,0,
Zip Code,78712,White,04/2025,0,0,0,
Zip Code,78712,White,05/2025,0,0,0,
Zip Code,78712,White,06/2025,0,0,0,
Zip Code,78712,White,07/2025,0,0,0,
Zip Code,78712,White,08/2025,0,0,0,2025-08-16
Zip Code,78713,Other,01/2020,0,0,0,
Zip Code,78713,Other,02/2020,0,0,0,
Zip Code,78713,Other,03/2020,0,0,0,
Zip Code,78713,Other,04/2020,0,0,0,
Zip Code,78713,Other,05/2020,0,0,0,
Zip Code,78713,Other,06/2020,0,0,0,
Zip Code,78713,Other,07/2020,0,0,0,
Zip Code,78713,Other,08/2020,0,0,0,
Zip Code,78713,Other,09/2020,0,0,0,
Zip Code,78713,Other,10/2020,0,0,0,
Zip Code,78713,Other,11/2020,0,0,0,
Zip Code,78713,Other,12/2020,0,0,0,
Zip Code,78713,Other,01/2021,0,0,0,
Zip Code,78713,Other,02/2021,0,0,0,
Zip Code,78713,Other,03/2021,0,0,0,
Zip Code,78713,Other,04/2021,0,0,0,
Zip Code,78713,Other,05/2021,0,0,0,
Zip Code,78713,Other,06/2021,0,0,0,
Zip Code,78713,Other,07/2021,0,0,0,
Zip Code,78713,Other,08/2021,0,0,0,
Zip Code,78713,Other,09/2021,0,0,0,
Zip Code,78713,Other,10/2021,0,0,0,
Zip Code,78713,Other,11/2021,0,0,0,
Zip Code,78713,Other,12/2021,0,0,0,
Zip Code,78713,Other,01/2022,0,0,0,
Zip Code,78713,Other,02/2022,0,0,0,
Zip Code,78713,Other,03/2022,0,0,0,
Zip Code,78713,Other,04/2022,0,0,0,
Zip Code,78713,Other,05/2022,0,0,0,
Zip Code,78713,Other,06/2022,0,0,0,
Zip Code,78713,Other,07/2022,0,0,0,
Zip Code,78713,Other,08/2022,0,0,0,
Zip Code,78713,Other,09/2022,0,0,0,
Zip Code,78713,Other,10/2022,0,0,0,
Zip Code,78713,Other,11/2022,0,0,0,
Zip Code,78713,Other,12/2022,0,0,0,
Zip Code,78713,Other,01/2023,0,0,0,
Zip Code,78713,Other,02/2023,0,0,0,
Zip Code,78713,Other,03/2023,0,0,0,
Zip Code,78713,Other,04/2023,0,0,0,
Zip Code,78713,Other,05/2023,0,0,0,
Zip Code,78713,Other,06/2023,0,0,0,
Zip Code,78713,Other,07/2023,0,0,0,
Zip Code,78713,Other,08/2023,0,0,0,
Zip Code,78713,Other,09/2023,0,0,0,
Zip Code,78713,Other,10/2023,0,0,0,
Zip Code,78713,Other,11/2023,0,0,0,
Zip Code,78713,Other,12/2023,0,0,0,
Zip Code,78713,Other,01/2024,0,0,0,
Zip Code,78713,Other,02/2024,0,0,0,
Zip Code,78713,Other,03/2024,0,0,0,
Zip Code,78713,Other,04/2024,0,0,0,
Zip Code,78713,Other,05/2024,0,0,0,
Zip Code,78713,Other,06/2024,0,0,0,
Zip Code,78713,Other,07/2024,0,0,0,
Zip Code,78713,Other,08/2024,0,0,0,
Zip Code,78713,Other,09/2024,0,0,0,
Zip Code,78713,Other,10/2024,0,0,0,
Zip Code,78713,Other,11/2024,0,0,0,
Zip Code,78713,Other,12/2024,0,0,0,
Zip Code,78713,Other,01/2025,0,0,0,
Zip Code,78713,Other,02/2025,0,0,0,
Zip Code,78713,Other,03/2025,0,0,0,
Zip Code,78713,Other,04/2025,0,0,0,
Zip Code,78713,Other,05/2025,0,0,0,
Zip Code,78713,Other,06/2025,0,0,0,
Zip Code,78713,Other,07/2025,0,0,0,
Zip Code,78713,Other,08/2025,0,0,0,2025-08-16
Zip Code,78714,Other,01/2020,0,0,0,
Zip Code,78714,Other,02/2020,0,0,0.167,
Zip Code,78714,Other,03/2020,0,0,0,
Zip Code,78714,Other,04/2020,0,0,0,
Zip Code,78714,Other,05/2020,0,0,0,
Zip Code,78714,Other,06/2020,0,0,0,
Zip Code,78714,Other,07/2020,0,0,0,
Zip Code,78714,Other,08/2020,0,0,0,
Zip Code,78714,Other,09/2020,0,0,0,
Zip Code,78714,Other,10/2020,0,0,0,
Zip Code,78714,Other,11/2020,0,0,0,
Zip Code,78714,Other,12/2020,0,0,0,
Zip Code,78714,Other,01/2021,0,0,0,
Zip Code,78714,Other,02/2021,0,0,0.167,
Zip Code,78714,Other,03/2021,0,0,0,
Zip Code,78714,Other,04/2021,0,0,0,
Zip Code,78714,Other,05/2021,0,0,0,
Zip Code,78714,Other,06/2021,0,0,0,
Zip Code,78714,Other,07/2021,0,0,0,
Zip Code,78714,Other,08/2021,0,0,0,
Zip Code,78714,Other,09/2021,0,0,0,
Zip Code,78714,Other,10/2021,0,0,0,
Zip Code,78714,Other,11/2021,0,0,0,
Zip Code,78714,Other,12/2021,0,0,0,
Zip Code,78714,Other,01/2022,0,0,0,
Zip Code,78714,Other,02/2022,0,0,0.167,
Zip Code,78714,Other,03/2022,0,0,0,
Zip Code,78714,Other,04/2022,0,0,0,
Zip Code,78714,Other,05/2022,0,0,0,
Zip Code,78714,Other,06/2022,0,0,0,
Zip Code,78714,Other,07/2022,0,0,0,
Zip Code,78714,Other,08/2022,0,0,0,
Zip Code,78714,Other,09/2022,0,0,0,
Zip Code,78714,Other,10/2022,0,0,0,
Zip Code,78714,Other,11/2022,0,0,0,
Zip Code,78714,Other,12/2022,0,0,0,
Zip Code,78714,Other,01/2023,0,0,0,
Zip Code,78714,Other,02/2023,0,0,0.167,
Zip Code,78714,Other,03/2023,0,0,0,
Zip Code,78714,Other,04/2023,0,0,0,
Zip Code,78714,Other,05/2023,0,0,0,
Zip Code,78714,Other,06/2023,0,0,0,
Zip Code,78714,Other,07/2023,0,0,0,
Zip Code,78714,Other,08/2023,0,0,0,
Zip Code,78714,Other,09/2023,0,0,0,
Zip Code,78714,Other,10/2023,0,0,0,
Zip Code,78714,Other,11/2023,0,0,0,
Zip Code,78714,Other,12/2023,0,0,0,
Zip Code,78714,Other,01/2024,0,0,0,
Zip Code,78714,Other,02/2024,0,0,0.167,
Zip Code,78714,Other,03/2024,0,0,0,
Zip Code,78714,Other,04/2024,0,0,0,
Zip Code,78714,Other,05/2024,0,0,0,
Zip Code,78714,Other,06/2024,0,0,0,
Zip Code,78714,Other,07/2024,0,0,0,
Zip Code,78714,Other,08/2024,0,0,0,
Zip Code,78714,Other,09/2024,0,0,0,
Zip Code,78714,Other,10/2024,0,0,0,
Zip Code,78714,Other,11/2024,0,0,0,
Zip Code,78714,Other,12/2024,0,0,0,
Zip Code,78714,Other,01/2025,0,0,0,
Zip Code,78714,Other,02/2025,0,0,0.167,
Zip Code,78714,Other,03/2025,0,0,0,
Zip Code,78714,Other,04/2025,0,0,0,
Zip Code,78714,Other,05/2025,0,0,0,
Zip Code,78714,Other,06/2025,0,0,0,
Zip Code,78714,Other,07/2025,0,0,0,
Zip Code,78714,Other,08/2025,0,0,0,2025-08-16
Zip Code,78715,Other,01/2020,0,0,0,
Zip Code,78715,Other,02/2020,0,0,0,
Zip Code,78715,Other,03/2020,0,0,0,
Zip Code,78715,Other,04/2020,0,0,0,
Zip Code,78715,Other,05/2020,0,0,0,
Zip Code,78715,Other,06/2020,0,0,0,
Zip Code,78715,Other,07/2020,0,0,0,
Zip Code,78715,Other,08/2020,0,0,0,
Zip Code,78715,Other,09/2020,0,0,0.167,
Zip Code,78715,Other,10/2020,0,0,0,
Zip Code,78715,Other,11/2020,0,0,0,
Zip Code,78715,Other,12/2020,0,0,0,
Zip Code,78715,Other,01/2021,0,0,0,
Zip Code,78715,Other,02/2021,0,0,0,
Zip Code,78715,Other,03/2021,0,0,0,
Zip Code,78715,Other,04/2021,0,0,0,
Zip Code,78715,Other,05/2021,0,0,0,
Zip Code,78715,Other,06/2021,0,0,0,
Zip Code,78715,Other,07/2021,0,0,0,
Zip Code,78715,Other,08/2021,0,0,0,
Zip Code,78715,Other,09/2021,0,0,0.167,
Zip Code,78715,Other,10/2021,0,0,0,
Zip Code,78715,Other,11/2021,0,0,0,
Zip Code,78715,Other,12/2021,0,0,0,
Zip Code,78715,Other,01/2022,0,0,0,
Zip Code,78715,Other,02/2022,0,0,0,
Zip Code,78715,Other,03/2022,0,0,0,
Zip Code,78715,Other,04/2022,0,0,0,
Zip Code,78715,Other,05/2022,0,0,0,
Zip Code,78715,Other,06/2022,0,0,0,
Zip Code,78715,Other,07/2022,0,0,0,
Zip Code,78715,Other,08/2022,0,0,0,
Zip Code,78715,Other,09/2022,0,0,0.167,
Zip Code,78715,Other,10/2022,0,0,0,
Zip Code,78715,Other,11/2022,0,0,0,
Zip Code,78715,Other,12/2022,0,0,0,
Zip Code,78715,Other,01/2023,0,0,0,
Zip Code,78715,Other,02/2023,0,0,0,
Zip Code,78715,Other,03/2023,0,0,0,
Zip Code,78715,Other,04/2023,0,0,0,
Zip Code,78715,Other,05/2023,0,0,0,
Zip Code,78715,Other,06/2023,0,0,0,
Zip Code,78715,Other,07/2023,0,0,0,
Zip Code,78715,Other,08/2023,0,0,0,
Zip Code,78715,Other,09/2023,0,0,0.167,
Zip Code,78715,Other,10/2023,0,0,0,
Zip Code,78715,Other,11/2023,0,0,0,
Zip Code,78715,Other,12/2023,0,0,0,
Zip Code,78715,Other,01/2024,0,0,0,
Zip Code,78715,Other,02/2024,0,0,0,
Zip Code,78715,Other,03/2024,0,0,0,
Zip Code,78715,Other,04/2024,0,0,0,
Zip Code,78715,Other,05/2024,0,0,0,
Zip Code,78715,Other,06/2024,0,0,0,
Zip Code,78715,Other,07/2024,0,0,0,
Zip Code,78715,Other,08/2024,0,0,0,
Zip Code,78715,Other,09/2024,0,0,0.167,
Zip Code,78715,Other,10/2024,0,0,0,
Zip Code,78715,Other,11/2024,0,0,0,
Zip Code,78715,Other,12/2024,0,0,0,
Zip Code,78715,Other,01/2025,0,0,0,
Zip Code,78715,Other,02/2025,0,0,0,
Zip Code,78715,Other,03/2025,0,0,0,
Zip Code,78715,Other,04/2025,0,0,0,
Zip Code,78715,Other,05/2025,0,0,0,
Zip Code,78715,Other,06/2025,0,0,0,
Zip Code,78715,Other,07/2025,0,0,0,
Zip Code,78715,Other,08/2025,0,0,0,2025-08-16
Zip Code,78716,Other,01/2020,0,0,0,
Zip Code,78716,Other,02/2020,0,0,0.167,
Zip Code,78716,Other,03/2020,0,0,0,
Zip Code,78716,Other,04/2020,0,0,0,
Zip Code,78716,Other,05/2020,0,0,0,
Zip Code,78716,Other,06/2020,0,0,0,
Zip Code,78716,Other,07/2020,0,0,0,
Zip Code,78716,Other,08/2020,0,0,0,
Zip Code,78716,Other,09/2020,0,0,0,
Zip Code,78716,Other,10/2020,0,0,0,
Zip Code,78716,Other,11/2020,0,0,0,
Zip Code,78716,Other,12/2020,0,0,0,
Zip Code,78716,Other,01/2021,0,0,0,
Zip Code,78716,Other,02/2021,0,0,0.167,
Zip Code,78716,Other,03/2021,0,0,0,
Zip Code,78716,Other,04/2021,0,0,0,
Zip Code,78716,Other,05/2021,0,0,0,
Zip Code,78716,Other,06/2021,0,0,0,
Zip Code,78716,Other,07/2021,0,0,0,
Zip Code,78716,Other,08/2021,0,0,0,
Zip Code,78716,Other,09/2021,0,0,0,
Zip Code,78716,Other,10/2021,0,0,0,
Zip Code,78716,Other,11/2021,0,0,0,
Zip Code,78716,Other,12/2021,0,0,0,
Zip Code,78716,Other,01/2022,0,0,0,
Zip Code,78716,Other,02/2022,0,0,0.167,
Zip Code,78716,Other,03/2022,0,0,0,
Zip Code,78716,Other,04/2022,0,0,0,
Zip Code,78716,Other,05/2022,0,0,0,
Zip Code,78716,Other,06/2022,0,0,0,
Zip Code,78716,Other,07/2022,0,0,0,
Zip Code,78716,Other,08/2022,0,0,0,
Zip Code,78716,Other,09/2022,0,0,0,
Zip Code,78716,Other,10/2022,0,0,0,
Zip Code,78716,Other,11/2022,0,0,0,
Zip Code,78716,Other,12/2022,0,0,0,
Zip Code,78716,Other,01/2023,0,0,0,
Zip Code,78716,Other,02/2023,0,0,0.167,
Zip Code,78716,Other,03/2023,0,0,0,
Zip Code,78716,Other,04/2023,0,0,0,
Zip Code,78716,Other,05/2023,0,0,0,
Zip Code,78716,Other,06/2023,0,0,0,
Zip Code,78716,Other,07/2023,0,0,0,
Zip Code,78716,Other,08/2023,0,0,0,
Zip Code,78716,Other,09/2023,0,0,0,
Zip Code,78716,Other,10/2023,0,0,0,
Zip Code,78716,Other,11/2023,0,0,0,
Zip Code,78716,Other,12/2023,0,0,0,
Zip Code,78716,Other,01/2024,0,0,0,
Zip Code,78716,Other,02/2024,0,0,0.167,
Zip Code,78716,Other,03/2024,0,0,0,
Zip Code,78716,Other,04/2024,0,0,0,
Zip Code,78716,Other,05/2024,0,0,0,
Zip Code,78716,Other,06/2024,0,0,0,
Zip Code,78716,Other,07/2024,0,0,0,
Zip Code,78716,Other,08/2024,0,0,0,
Zip Code,78716,Other,09/2024,0,0,0,
Zip Code,78716,Other,10/2024,0,0,0,
Zip Code,78716,Other,11/2024,0,0,0,
Zip Code,78716,Other,12/2024,0,0,0,
Zip Code,78716,Other,01/2025,0,0,0,
Zip Code,78716,Other,02/2025,0,0,0.167,
Zip Code,78716,Other,03/2025,0,0,0,
Zip Code,78716,Other,04/2025,0,0,0,
Zip Code,78716,Other,05/2025,0,0,0,
Zip Code,78716,Other,06/2025,0,0,0,
Zip Code,78716,Other,07/2025,0,0,0,
Zip Code,78716,Other,08/2025,0,0,0,2025-08-16
Zip Code,78718,Other,01/2020,0,0,0.167,
Zip Code,78718,Other,02/2020,0,0,0,
Zip Code,78718,Other,03/2020,0,0,0,
Zip Code,78718,Other,04/2020,0,0,0,
Zip Code,78718,Other,05/2020,0,0,0,
Zip Code,78718,Other,06/2020,0,0,0,
Zip Code,78718,Other,07/2020,0,0,0,
Zip Code,78718,Other,08/2020,0,0,0.167,
Zip Code,78718,Other,09/2020,0,0,0,
Zip Code,78718,Other,10/2020,0,0,0,
Zip Code,78718,Other,11/2020,0,0,0,
Zip Code,78718,Other,12/2020,0,0,0,
Zip Code,78718,Other,01/2021,0,0,0.167,
Zip Code,78718,Other,02/2021,0,0,0,
Zip Code,78718,Other,03/2021,0,0,0,
Zip Code,78718,Other,04/2021,0,0,0,
Zip Code,78718,Other,05/2021,0,0,0,
Zip Code,78718,Other,06/2021,0,0,0,
Zip Code,78718,Other,07/2021,0,0,0,
Zip Code,78718,Other,08/2021,0,0,0.167,
Zip Code,78718,Other,09/2021,0,0,0,
Zip Code,78718,Other,10/2021,0,0,0,
Zip Code,78718,Other,11/2021,0,0,0,
Zip Code,78718,Other,12/2021,0,0,0,
Zip Code,78718,Other,01/2022,0,0,0.167,
Zip Code,78718,Other,02/2022,0,0,0,
Zip Code,78718,Other,03/2022,0,0,0,
Zip Code,78718,Other,04/2022,0,0,0,
Zip Code,78718,Other,05/2022,0,0,0,
Zip Code,78718,Other,06/2022,0,0,0,
Zip Code,78718,Other,07/2022,0,0,0,
Zip Code,78718,Other,08/2022,0,0,0.167,
Zip Code,78718,Other,09/2022,0,0,0,
Zip Code,78718,Other,10/2022,0,0,0,
Zip Code,78718,Other,11/2022,0,0,0,
Zip Code,78718,Other,12/2022,0,0,0,
Zip Code,78718,Other,01/2023,0,0,0.167,
Zip Code,78718,Other,02/2023,0,0,0,
Zip Code,78718,Other,03/2023,0,0,0,
Zip Code,78718,Other,04/2023,0,0,0,
Zip Code,78718,Other,05/2023,0,0,0,
Zip Code,78718,Other,06/2023,0,0,0,
Zip Code,78718,Other,07/2023,0,0,0,
Zip Code,78718,Other,08/2023,0,0,0.167,
Zip Code,78718,Other,09/2023,0,0,0,
Zip Code,78718,Other,10/2023,0,0,0,
Zip Code,78718,Other,11/2023,0,0,0,
Zip Code,78718,Other,12/2023,0,0,0,
Zip Code,78718,Other,01/2024,0,0,0.167,
Zip Code,78718,Other,02/2024,0,0,0,
Zip Code,78718,Other,03/2024,0,0,0,
Zip Code,78718,Other,04/2024,0,0,0,
Zip Code,78718,Other,05/2024,0,0,0,
Zip Code,78718,Other,06/2024,0,0,0,
Zip Code,78718,Other,07/2024,0,0,0,
Zip Code,78718,Other,08/2024,0,0,0.167,
Zip Code,78718,Other,09/2024,0,0,0,
Zip Code,78718,Other,10/2024,0,0,0,
Zip Code,78718,Other,11/2024,0,0,0,
Zip Code,78718,Other,12/2024,0,0,0,
Zip Code,78718,Other,01/2025,0,0,0.167,
Zip Code,78718,Other,02/2025,0,0,0,
Zip Code,78718,Other,03/2025,0,0,0,
Zip Code,78718,Other,04/2025,0,0,0,
Zip Code,78718,Other,05/2025,0,0,0,
Zip Code,78718,Other,06/2025,0,0,0,
Zip Code,78718,Other,07/2025,0,0,0,
Zip Code,78718,Other,08/2025,0,0,0,2025-08-16
Zip Code,78719,Hispanic,01/2020,0,0.5,0.833,
Zip Code,78719,Hispanic,02/2020,0,0.5,1,
Zip Code,78719,Hispanic,03/2020,0,1,0.5,
Zip Code,78719,Hispanic,04/2020,0,0.5,1,
Zip Code,78719,Hispanic,05/2020,0,0,0.833,
Zip Code,78719,Hispanic,06/2020,0,0.5,0.5,
Zip Code,78719,Hispanic,07/2020,0,0,0.333,
Zip Code,78719,Hispanic,08/2020,0,0,0.667,
Zip Code,78719,Hispanic,09/2020,0,0,0.833,
Zip Code,78719,Hispanic,10/2020,0,0,0.5,
Zip Code,78719,Hispanic,11/2020,0,0.5,0.5,
Zip Code,78719,Hispanic,12/2020,0,0,0.333,
Zip Code,78719,Hispanic,01/2021,0,0.5,0.833,
Zip Code,78719,Hispanic,02/2021,0,0.5,1,
Zip Code,78719,Hispanic,03/2021,0,1,0.5,
Zip Code,78719,Hispanic,04/2021,0,0.5,1,
Zip Code,78719,Hispanic,05/2021,0,0,0.833,
Zip Code,78719,Hispanic,06/2021,0,0.5,0.5,
Zip Code,78719,Hispanic,07/2021,0,0,0.333,
Zip Code,78719,Hispanic,08/2021,0,0,0.667,
Zip Code,78719,Hispanic,09/2021,0,0,0.833,
Zip Code,78719,Hispanic,10/2021,0,0,0.5,
Zip Code,78719,Hispanic,11/2021,0,0.5,0.5,
Zip Code,78719,Hispanic,12/2021,0,0,0.333,
Zip Code,78719,Hispanic,01/2022,0,0.5,0.833,
Zip Code,78719,Hispanic,02/2022,0,0.5,1,
Zip Code,78719,Hispanic,03/2022,0,1,0.5,
Zip Code,78719,Hispanic,04/2022,0,0.5,1,
Zip Code,78719,Hispanic,05/2022,0,0,0.833,
Zip Code,78719,Hispanic,06/2022,0,0.5,0.5,
Zip Code,78719,Hispanic,07/2022,0,0,0.333,
Zip Code,78719,Hispanic,08/2022,0,0,0.667,
Zip Code,78719,Hispanic,09/2022,0,0,0.833,
Zip Code,78719,Hispanic,10/2022,0,0,0.5,
Zip Code,78719,Hispanic,11/2022,0,0.5,0.5,
Zip Code,78719,Hispanic,12/2022,0,0,0.333,
Zip Code,78719,Hispanic,01/2023,0,0.5,0.833,
Zip Code,78719,Hispanic,02/2023,0,0.5,1,
Zip Code,78719,Hispanic,03/2023,0,1,0.5,
Zip Code,78719,Hispanic,04/2023,0,0.5,1,
Zip Code,78719,Hispanic,05/2023,0,0,0.833,
Zip Code,78719,Hispanic,06/2023,0,0.5,0.5,
Zip Code,78719,Hispanic,07/2023,0,0,0.333,
Zip Code,78719,Hispanic,08/2023,0,0,0.667,
Zip Code,78719,Hispanic,09/2023,0,0,0.833,
Zip Code,78719,Hispanic,10/2023,0,0,0.5,
Zip Code,78719,Hispanic,11/2023,0,0.5,0.5,
Zip Code,78719,Hispanic,12/2023,0,0,0.333,
Zip Code,78719,Hispanic,01/2024,0,0.5,0.833,
Zip Code,78719,Hispanic,02/2024,0,0.5,1,
Zip Code,78719,Hispanic,03/2024,0,1,0.5,
Zip Code,78719,Hispanic,04/2024,0,0.5,1,
Zip Code,78719,Hispanic,05/2024,0,0,0.833,
Zip Code,78719,Hispanic,06/2024,0,0.5,0.5,
Zip Code,78719,Hispanic,07/2024,0,0,0.333,
Zip Code,78719,Hispanic,08/2024,0,0,0.667,
Zip Code,78719,Hispanic,09/2024,0,0,0.833,
Zip Code,78719,Hispanic,10/2024,0,0,0.5,
Zip Code,78719,Hispanic,11/2024,0,0.5,0.5,
Zip Code,78719,Hispanic,12/2024,0,0,0.333,
Zip Code,78719,Hispanic,01/2025,0,0.5,0.833,
Zip Code,78719,Hispanic,02/2025,0,0.5,1,
Zip Code,78719,Hispanic,03/2025,0,1,0.5,
Zip Code,78719,Hispanic,04/2025,0,0.5,1,
Zip Code,78719,Hispanic,05/2025,0,0,0.833,
Zip Code,78719,Hispanic,06/2025,0,0.5,0.5,
Zip Code,78719,Hispanic,07/2025,0,0,0.333,
Zip Code,78719,Hispanic,08/2025,0,0,0.167,2025-08-16
Zip Code,78720,Other,01/2020,0,0,0,
Zip Code,78720,Other,02/2020,0,0,0,
Zip Code,78720,Other,03/2020,0,0,0,
Zip Code,78720,Other,04/2020,0,0,0,
Zip Code,78720,Other,05/2020,0,0,0.167,
Zip Code,78720,Other,06/2020,0,0,0,
Zip Code,78720,Other,07/2020,0,0,0,
Zip Code,78720,Other,08/2020,0,0,0,
Zip Code,78720,Other,09/2020,0,0.5,0,
Zip Code,78720,Other,10/2020,0,0,0.167,
Zip Code,78720,Other,11/2020,0,0,0,
Zip Code,78720,Other,12/2020,0,0,0,
Zip Code,78720,Other,01/2021,0,0,0,
Zip Code,78720,Other,02/2021,0,0,0,
Zip Code,78720,Other,03/2021,0,0,0,
Zip Code,78720,Other,04/2021,0,0,0,
Zip Code,78720,Other,05/2021,0,0,0.167,
Zip Code,78720,Other,06/2021,0,0,0,
Zip Code,78720,Other,07/2021,0,0,0,
Zip Code,78720,Other,08/2021,0,0,0,
Zip Code,78720,Other,09/2021,0,0.5,0,
Zip Code,78720,Other,10/2021,0,0,0.167,
Zip Code,78720,Other,11/2021,0,0,0,
Zip Code,78720,Other,12/2021,0,0,0,
Zip Code,78720,Other,01/2022,0,0,0,
Zip Code,78720,Other,02/2022,0,0,0,
Zip Code,78720,Other,03/2022,0,0,0,
Zip Code,78720,Other,04/2022,0,0,0,
Zip Code,78720,Other,05/2022,0,0,0.167,
Zip Code,78720,Other,06/2022,0,0,0,
Zip Code,78720,Other,07/2022,0,0,0,
Zip Code,78720,Other,08/2022,0,0,0,
Zip Code,78720,Other,09/2022,0,0.5,0,
Zip Code,78720,Other,10/2022,0,0,0.167,
Zip Code,78720,Other,11/2022,0,0,0,
Zip Code,78720,Other,12/2022,0,0,0,
Zip Code,78720,Other,01/2023,0,0,0,
Zip Code,78720,Other,02/2023,0,0,0,
Zip Code,78720,Other,03/2023,0,0,0,
Zip Code,78720,Other,04/2023,0,0,0,
Zip Code,78720,Other,05/2023,0,0,0.167,
Zip Code,78720,Other,06/2023,0,0,0,
Zip Code,78720,Other,07/2023,0,0,0,
Zip Code,78720,Other,08/2023,0,0,0,
Zip Code,78720,Other,09/2023,0,0.5,0,
Zip Code,78720,Other,10/2023,0,0,0.167,
Zip Code,78720,Other,11/2023,0,0,0,
Zip Code,78720,Other,12/2023,0,0,0,
Zip Code,78720,Other,01/2024,0,0,0,
Zip Code,78720,Other,02/2024,0,0,0,
Zip Code,78720,Other,03/2024,0,0,0,
Zip Code,78720,Other,04/2024,0,0,0,
Zip Code,78720,Other,05/2024,0,0,0.167,
Zip Code,78720,Other,06/2024,0,0,0,
Zip Code,78720,Other,07/2024,0,0,0,
Zip Code,78720,Other,08/2024,0,0,0,
Zip Code,78720,Other,09/2024,0,0.5,0,
Zip Code,78720,Other,10/2024,0,0,0.167,
Zip Code,78720,Other,11/2024,0,0,0,
Zip Code,78720,Other,12/2024,0,0,0,
Zip Code,78720,Other,01/2025,0,0,0,
Zip Code,78720,Other,02/2025,0,0,0,
Zip Code,78720,Other,03/2025,0,0,0,
Zip Code,78720,Other,04/2025,0,0,0,
Zip Code,78720,Other,05/2025,0,0,0.167,
Zip Code,78720,Other,06/2025,0,0,0,
Zip Code,78720,Other,07/2025,0,0,0,
Zip Code,78720,Other,08/2025,0,0,0,2025-08-16
Zip Code,78721,Other,01/2020,0,5,8,
Zip Code,78721,Other,02/2020,0,8,7,
Zip Code,78721,Other,03/2020,0,5.5,4.833,
Zip Code,78721,Other,04/2020,0,4,5.333,
Zip Code,78721,Other,05/2020,0,10.5,7.167,
Zip Code,78721,Other,06/2020,0,7.5,7.667,
Zip Code,78721,Other,07/2020,0,9.5,11.167,
Zip Code,78721,Other,08/2020,0,6,10,
Zip Code,78721,Other,09/2020,0,5,7.333,
Zip Code,78721,Other,10/2020,0,9.5,7.833,
Zip Code,78721,Other,11/2020,0,9,6.5,
Zip Code,78721,Other,12/2020,0,5,4.5,
Zip Code,78721,Other,01/2021,0,5,8,
Zip Code,78721,Other,02/2021,0,8,7,
Zip Code,78721,Other,03/2021,0,5.5,4.833,
Zip Code,78721,Other,04/2021,0,4,5.333,
Zip Code,78721,Other,05/2021,0,10.5,7.167,
Zip Code,78721,Other,06/2021,0,7.5,7.667,
Zip Code,78721,Other,07/2021,0,9.5,11.167,
Zip Code,78721,Other,08/2021,0,6,10,
Zip Code,78721,Other,09/2021,0,5,7.333,
Zip Code,78721,Other,10/2021,0,9.5,7.833,
Zip Code,78721,Other,11/2021,0,9,6.5,
Zip Code,78721,Other,12/2021,0,5,4.5,
Zip Code,78721,Other,01/2022,0,5,8,
Zip Code,78721,Other,02/2022,0,8,7,
Zip Code,78721,Other,03/2022,0,5.5,4.833,
Zip Code,78721,Other,04/2022,0,4,5.333,
Zip Code,78721,Other,05/2022,0,10.5,7.167,
Zip Code,78721,Other,06/2022,0,7.5,7.667,
Zip Code,78721,Other,07/2022,0,9.5,11.167,
Zip Code,78721,Other,08/2022,0,6,10,
Zip Code,78721,Other,09/2022,0,5,7.333,
Zip Code,78721,Other,10/2022,0,9.5,7.833,
Zip Code,78721,Other,11/2022,0,9,6.5,
Zip Code,78721,Other,12/2022,0,5,4.5,
Zip Code,78721,Other,01/2023,0,5,8,
Zip Code,78721,Other,02/2023,0,8,7,
Zip Code,78721,Other,03/2023,0,5.5,4.833,
Zip Code,78721,Other,04/2023,0,4,5.333,
Zip Code,78721,Other,05/2023,0,10.5,7.167,
Zip Code,78721,Other,06/2023,0,7.5,7.667,
Zip Code,78721,Other,07/2023,0,9.5,11.167,
Zip Code,78721,Other,08/2023,0,6,10,
Zip Code,78721,Other,09/2023,0,5,7.333,
Zip Code,78721,Other,10/2023,0,9.5,7.833,
Zip Code,78721,Other,11/2023,0,9,6.5,
Zip Code,78721,Other,12/2023,0,5,4.5,
Zip Code,78721,Other,01/2024,0,5,8,
Zip Code,78721,Other,02/2024,0,8,7,
Zip Code,78721,Other,03/2024,0,5.5,4.833,
Zip Code,78721,Other,04/2024,0,4,5.333,
Zip Code,78721,Other,05/2024,0,10.5,7.167,
Zip Code,78721,Other,06/2024,0,7.5,7.667,
Zip Code,78721,Other,07/2024,0,9.5,11.167,
Zip Code,78721,Other,08/2024,0,6,10,
Zip Code,78721,Other,09/2024,0,5,7.333,
Zip Code,78721,Other,10/2024,0,9.5,7.833,
Zip Code,78721,Other,11/2024,0,9,6.5,
Zip Code,78721,Other,12/2024,0,5,4.5,
Zip Code,78721,Other,01/2025,0,5,8,
Zip Code,78721,Other,02/2025,0,8,7,
Zip Code,78721,Other,03/2025,0,5.5,4.833,
Zip Code,78721,Other,04/2025,0,4,5.333,
Zip Code,78721,Other,05/2025,0,10.5,7.167,
Zip Code,78721,Other,06/2025,0,7.5,7.667,
Zip Code,78721,Other,07/2025,0,9.5,11.167,
Zip Code,78721,Other,08/2025,0,3.5,3.833,2025-08-16
Zip Code,78722,White,01/2020,0,7.5,3.833,
Zip Code,78722,White,02/2020,0,4.5,2.5,
Zip Code,78722,White,03/2020,0,6,2.167,
Zip Code,78722,White,04/2020,0,1,2.5,
Zip Code,78722,White,05/2020,0,3.5,4.333,
Zip Code,78722,White,06/2020,0,5.5,3.833,
Zip Code,78722,White,07/2020,0,4,3.167,
Zip Code,78722,White,08/2020,0,3,3.167,
Zip Code,78722,White,09/2020,0,3.5,2.167,
Zip Code,78722,White,10/2020,0,4.5,2.833,
Zip Code,78722,White,11/2020,0,4.5,3.333,
Zip Code,78722,White,12/2020,0,4,6.333,
Zip Code,78722,White,01/2021,0,7.5,3.833,
Zip Code,78722,White,02/2021,0,4.5,2.5,
Zip Code,78722,White,03/2021,0,6,2.167,
Zip Code,78722,White,04/2021,0,1,2.5,
Zip Code,78722,White,05/2021,0,3.5,4.333,
Zip Code,78722,White,06/2021,0,5.5,3.833,
Zip Code,78722,White,07/2021,0,4,3.167,
Zip Code,78722,White,08/2021,0,3,3.167,
Zip Code,78722,White,09/2021,0,3.5,2.167,
Zip Code,78722,White,10/2021,0,4.5,2.833,
Zip Code,78722,White,11/2021,0,4.5,3.333,
Zip Code,78722,White,12/2021,0,4,6.333,
Zip Code,78722,White,01/2022,0,7.5,3.833,
Zip Code,78722,White,02/2022,0,4.5,2.5,
Zip Code,78722,White,03/2022,0,6,2.167,
Zip Code,78722,White,04/2022,0,1,2.5,
Zip Code,78722,White,05/2022,0,3.5,4.333,
Zip Code,78722,White,06/2022,0,5.5,3.833,
Zip Code,78722,White,07/2022,0,4,3.167,
Zip Code,78722,White,08/2022,0,3,3.167,
Zip Code,78722,White,09/2022,0,3.5,2.167,
Zip Code,78722,White,10/2022,0,4.5,2.833,
Zip Code,78722,White,11/2022,0,4.5,3.333,
Zip Code,78722,White,12/2022,0,4,6.333,
Zip Code,78722,White,01/2023,0,7.5,3.833,
Zip Code,78722,White,02/2023,0,4.5,2.5,
Zip Code,78722,White,03/2023,0,6,2.167,
Zip Code,78722,White,04/2023,0,1,2.5,
Zip Code,78722,White,05/2023,0,3.5,4.333,
Zip Code,78722,White,06/2023,0,5.5,3.833,
Zip Code,78722,White,07/2023,0,4,3.167,
Zip Code,78722,White,08/2023,0,3,3.167,
Zip Code,78722,White,09/2023,0,3.5,2.167,
Zip Code,78722,White,10/2023,0,4.5,2.833,
Zip Code,78722,White,11/2023,0,4.5,3.333,
Zip Code,78722,White,12/2023,0,4,6.333,
Zip Code,78722,White,01/2024,0,7.5,3.833,
Zip Code,78722,White,02/2024,0,4.5,2.5,
Zip Code,78722,White,03/2024,0,6,2.167,
Zip Code,78722,White,04/2024,0,1,2.5,
Zip Code,78722,White,05/2024,0,3.5,4.333,
Zip Code,78722,White,06/2024,0,5.5,3.833,
Zip Code,78722,White,07/2024,0,4,3.167,
Zip Code,78722,White,08/2024,0,3,3.167,
Zip Code,78722,White,09/2024,0,3.5,2.167,
Zip Code,78722,White,10/2024,0,4.5,2.833,
Zip Code,78722,White,11/2024,0,4.5,3.333,
Zip Code,78722,White,12/2024,0,4,6.333,
Zip Code,78722,White,01/2025,0,7.5,3.833,
Zip Code,78722,White,02/2025,0,4.5,2.5,
Zip Code,78722,White,03/2025,0,6,2.167,
Zip Code,78722,White,04/2025,0,1,2.5,
Zip Code,78722,White,05/2025,0,3.5,4.333,
Zip Code,78722,White,06/2025,0,5.5,3.833,
Zip Code,78722,White,07/2025,0,4,3.167,
Zip Code,78722,White,08/2025,0,0,2,2025-08-16
Zip Code,78723,Other,01/2020,0,29.5,48.667,
Zip Code,78723,Other,02/2020,0,45.5,40.833,
Zip Code,78723,Other,03/2020,0,36.5,39.167,
Zip Code,78723,Other,04/2020,0,30.5,43.667,
Zip Code,78723,Other,05/2020,0,36.5,48.333,
Zip Code,78723,Other,06/2020,0,34,47.333,
Zip Code,78723,Other,07/2020,0,48,60.167,
Zip Code,78723,Other,08/2020,0,36,49.833,
Zip Code,78723,Other,09/2020,0,44.5,50,
Zip Code,78723,Other,10/2020,0,44,54.333,
Zip Code,78723,Other,11/2020,0,36.5,45,
Zip Code,78723,Other,12/2020,0,43.5,61.167,
Zip Code,78723,Other,01/2021,0,29.5,48.667,
Zip Code,78723,Other,02/2021,0,45.5,40.833,
Zip Code,78723,Other,03/2021,0,36.5,39.167,
Zip Code,78723,Other,04/2021,0,30.5,43.667,
Zip Code,78723,Other,05/2021,0,36.5,48.333,
Zip Code,78723,Other,06/2021,0,34,47.333,
Zip Code,78723,Other,07/2021,0,48,60.167,
Zip Code,78723,Other,08/2021,0,36,49.833,
Zip Code,78723,Other,09/2021,0,44.5,50,
Zip Code,78723,Other,10/2021,0,44,54.333,
Zip Code,78723,Other,11/2021,0,36.5,45,
Zip Code,78723,Other,12/2021,0,43.5,61.167,
Zip Code,78723,Other,01/2022,0,29.5,48.667,
Zip Code,78723,Other,02/2022,0,45.5,40.833,
Zip Code,78723,Other,03/2022,0,36.5,39.167,
Zip Code,78723,Other,04/2022,0,30.5,43.667,
Zip Code,78723,Other,05/2022,0,36.5,48.333,
Zip Code,78723,Other,06/2022,0,34,47.333,
Zip Code,78723,Other,07/2022,0,48,60.167,
Zip Code,78723,Other,08/2022,0,36,49.833,
Zip Code,78723,Other,09/2022,0,44.5,50,
Zip Code,78723,Other,10/2022,0,44,54.333,
Zip Code,78723,Other,11/2022,0,36.5,45,
Zip Code,78723,Other,12/2022,0,43.5,61.167,
Zip Code,78723,Other,01/2023,0,29.5,48.667,
Zip Code,78723,Other,02/2023,0,45.5,40.833,
Zip Code,78723,Other,03/2023,0,36.5,39.167,
Zip Code,78723,Other,04/2023,0,30.5,43.667,
Zip Code,78723,Other,05/2023,0,36.5,48.333,
Zip Code,78723,Other,06/2023,0,34,47.333,
Zip Code,78723,Other,07/2023,0,48,60.167,
Zip Code,78723,Other,08/2023,0,36,49.833,
Zip Code,78723,Other,09/2023,0,44.5,50,
Zip Code,78723,Other,10/2023,0,44,54.333,
Zip Code,78723,Other,11/2023,0,36.5,45,
Zip Code,78723,Other,12/2023,0,43.5,61.167,
Zip Code,78723,Other,01/2024,0,29.5,48.667,
Zip Code,78723,Other,02/2024,0,45.5,40.833,
Zip Code,78723,Other,03/2024,0,36.5,39.167,
Zip Code,78723,Other,04/2024,0,30.5,43.667,
Zip Code,78723,Other,05/2024,0,36.5,48.333,
Zip Code,78723,Other,06/2024,0,34,47.333,
Zip Code,78723,Other,07/2024,0,48,60.167,
Zip Code,78723,Other,08/2024,0,36,49.833,
Zip Code,78723,Other,09/2024,0,44.5,50,
Zip Code,78723,Other,10/2024,0,44,54.333,
Zip Code,78723,Other,11/2024,0,36.5,45,
Zip Code,78723,Other,12/2024,0,43.5,61.167,
Zip Code,78723,Other,01/2025,0,29.5,48.667,
Zip Code,78723,Other,02/2025,0,45.5,40.833,
Zip Code,78723,Other,03/2025,0,36.5,39.167,
Zip Code,78723,Other,04/2025,0,30.5,43.667,
Zip Code,78723,Other,05/2025,0,36.5,48.333,
Zip Code,78723,Other,06/2025,0,34,47.333,
Zip Code,78723,Other,07/2025,0,48,60.167,
Zip Code,78723,Other,08/2025,0,9.5,26.833,2025-08-16
Zip Code,78724,Hispanic,01/2020,0,36,23.667,
Zip Code,78724,Hispanic,02/2020,0,36,19.5,
Zip Code,78724,Hispanic,03/2020,0,30,15,
Zip Code,78724,Hispanic,04/2020,0,36.5,17.833,
Zip Code,78724,Hispanic,05/2020,0,43,23,
Zip Code,78724,Hispanic,06/2020,0,42.5,23.333,
Zip Code,78724,Hispanic,07/2020,0,44.5,26.667,
Zip Code,78724,Hispanic,08/2020,0,48,25.333,
Zip Code,78724,Hispanic,09/2020,0,41,27.833,
Zip Code,78724,Hispanic,10/2020,0,66,22,
Zip Code,78724,Hispanic,11/2020,0,43,22.667,
Zip Code,78724,Hispanic,12/2020,0,45.5,24.833,
Zip Code,78724,Hispanic,01/2021,0,36,23.667,
Zip Code,78724,Hispanic,02/2021,0,36,19.333,
Zip Code,78724,Hispanic,03/2021,0,30,15,
Zip Code,78724,Hispanic,04/2021,0,36.5,17.833,
Zip Code,78724,Hispanic,05/2021,0,43,23,
Zip Code,78724,Hispanic,06/2021,0,42.5,23.333,
Zip Code,78724,Hispanic,07/2021,0,44.5,26.667,
Zip Code,78724,Hispanic,08/2021,0,48,25.333,
Zip Code,78724,Hispanic,09/2021,0,41,27.833,
Zip Code,78724,Hispanic,10/2021,0,66,22,
Zip Code,78724,Hispanic,11/2021,0,43,22.667,
Zip Code,78724,Hispanic,12/2021,0,45.5,24.833,
Zip Code,78724,Hispanic,01/2022,0,36,23.667,
Zip Code,78724,Hispanic,02/2022,0,36,19.333,
Zip Code,78724,Hispanic,03/2022,0,30,15,
Zip Code,78724,Hispanic,04/2022,0,36.5,17.833,
Zip Code,78724,Hispanic,05/2022,0,43,23,
Zip Code,78724,Hispanic,06/2022,0,42.5,23.333,
Zip Code,78724,Hispanic,07/2022,0,44.5,26.667,
Zip Code,78724,Hispanic,08/2022,0,48,25.333,
Zip Code,78724,Hispanic,09/2022,0,41,27.833,
Zip Code,78724,Hispanic,10/2022,0,66,22,
Zip Code,78724,Hispanic,11/2022,0,43,22.667,
Zip Code,78724,Hispanic,12/2022,0,45.5,24.833,
Zip Code,78724,Hispanic,01/2023,0,36,23.667,
Zip Code,78724,Hispanic,02/2023,0,36,19.333,
Zip Code,78724,Hispanic,03/2023,0,30,15,
Zip Code,78724,Hispanic,04/2023,0,36.5,17.833,
Zip Code,78724,Hispanic,05/2023,0,43,23,
Zip Code,78724,Hispanic,06/2023,0,42.5,23.333,
Zip Code,78724,Hispanic,07/2023,0,44.5,26.667,
Zip Code,78724,Hispanic,08/2023,0,48,25.333,
Zip Code,78724,Hispanic,09/2023,0,41,27.833,
Zip Code,78724,Hispanic,10/2023,0,66,22,
Zip Code,78724,Hispanic,11/2023,0,43,22.667,
Zip Code,78724,Hispanic,12/2023,0,45.5,24.833,
Zip Code,78724,Hispanic,01/2024,0,36,23.667,
Zip Code,78724,Hispanic,02/2024,0,36,19.5,
Zip Code,78724,Hispanic,03/2024,0,30,15,
Zip Code,78724,Hispanic,04/2024,0,36.5,17.833,
Zip Code,78724,Hispanic,05/2024,0,43,23,
Zip Code,78724,Hispanic,06/2024,0,42.5,23.333,
Zip Code,78724,Hispanic,07/2024,0,44.5,26.667,
Zip Code,78724,Hispanic,08/2024,0,48,25.333,
Zip Code,78724,Hispanic,09/2024,0,41,27.833,
Zip Code,78724,Hispanic,10/2024,0,66,22,
Zip Code,78724,Hispanic,11/2024,0,43,22.667,
Zip Code,78724,Hispanic,12/2024,0,45.5,24.833,
Zip Code,78724,Hispanic,01/2025,0,36,23.667,
Zip Code,78724,Hispanic,02/2025,0,36,19.333,
Zip Code,78724,Hispanic,03/2025,0,30,15,
Zip Code,78724,Hispanic,04/2025,0,36.5,17.833,
Zip Code,78724,Hispanic,05/2025,0,43,23,
Zip Code,78724,Hispanic,06/2025,0,42.5,23.333,
Zip Code,78724,Hispanic,07/2025,0,44.5,26.667,
Zip Code,78724,Hispanic,08/2025,0,20,15.833,2025-08-16
Zip Code,78725,Hispanic,01/2020,0,3.5,1.833,
Zip Code,78725,Hispanic,02/2020,0,4,3.167,
Zip Code,78725,Hispanic,03/2020,0,5.5,2,
Zip Code,78725,Hispanic,04/2020,0,2.5,1.667,
Zip Code,78725,Hispanic,05/2020,0,4.5,1.667,
Zip Code,78725,Hispanic,06/2020,0,2.5,4.5,
Zip Code,78725,Hispanic,07/2020,0,2,1.833,
Zip Code,78725,Hispanic,08/2020,0,3.5,2,
Zip Code,78725,Hispanic,09/2020,0,4,3.167,
Zip Code,78725,Hispanic,10/2020,0,2,2,
Zip Code,78725,Hispanic,11/2020,0,1.5,2,
Zip Code,78725,Hispanic,12/2020,0,2.5,2.667,
Zip Code,78725,Hispanic,01/2021,0,3.5,1.833,
Zip Code,78725,Hispanic,02/2021,0,3.5,3.167,
Zip Code,78725,Hispanic,03/2021,0,5.5,2,
Zip Code,78725,Hispanic,04/2021,0,2.5,1.667,
Zip Code,78725,Hispanic,05/2021,0,4.5,1.667,
Zip Code,78725,Hispanic,06/2021,0,2.5,4.5,
Zip Code,78725,Hispanic,07/2021,0,2,1.833,
Zip Code,78725,Hispanic,08/2021,0,3.5,2,
Zip Code,78725,Hispanic,09/2021,0,4,3.167,
Zip Code,78725,Hispanic,10/2021,0,2,2,
Zip Code,78725,Hispanic,11/2021,0,1.5,2,
Zip Code,78725,Hispanic,12/2021,0,2.5,2.667,
Zip Code,78725,Hispanic,01/2022,0,3.5,1.833,
Zip Code,78725,Hispanic,02/2022,0,3.5,3.167,
Zip Code,78725,Hispanic,03/2022,0,5.5,2,
Zip Code,78725,Hispanic,04/2022,0,2.5,1.667,
Zip Code,78725,Hispanic,05/2022,0,4.5,1.667,
Zip Code,78725,Hispanic,06/2022,0,2.5,4.5,
Zip Code,78725,Hispanic,07/2022,0,2,1.833,
Zip Code,78725,Hispanic,08/2022,0,3.5,2,
Zip Code,78725,Hispanic,09/2022,0,4,3.167,
Zip Code,78725,Hispanic,10/2022,0,2,2,
Zip Code,78725,Hispanic,11/2022,0,1.5,2,
Zip Code,78725,Hispanic,12/2022,0,2.5,2.667,
Zip Code,78725,Hispanic,01/2023,0,3.5,1.833,
Zip Code,78725,Hispanic,02/2023,0,3.5,3.167,
Zip Code,78725,Hispanic,03/2023,0,5.5,2,
Zip Code,78725,Hispanic,04/2023,0,2.5,1.667,
Zip Code,78725,Hispanic,05/2023,0,4.5,1.667,
Zip Code,78725,Hispanic,06/2023,0,2.5,4.5,
Zip Code,78725,Hispanic,07/2023,0,2,1.833,
Zip Code,78725,Hispanic,08/2023,0,3.5,2,
Zip Code,78725,Hispanic,09/2023,0,4,3.167,
Zip Code,78725,Hispanic,10/2023,0,2,2,
Zip Code,78725,Hispanic,11/2023,0,1.5,2,
Zip Code,78725,Hispanic,12/2023,0,2.5,2.667,
Zip Code,78725,Hispanic,01/2024,0,3.5,1.833,
Zip Code,78725,Hispanic,02/2024,0,4,3.167,
Zip Code,78725,Hispanic,03/2024,0,5.5,2,
Zip Code,78725,Hispanic,04/2024,0,2.5,1.667,
Zip Code,78725,Hispanic,05/2024,0,4.5,1.667,
Zip Code,78725,Hispanic,06/2024,0,2.5,4.5,
Zip Code,78725,Hispanic,07/2024,0,2,1.833,
Zip Code,78725,Hispanic,08/2024,0,3.5,2,
Zip Code,78725,Hispanic,09/2024,0,4,3.167,
Zip Code,78725,Hispanic,10/2024,0,2,2,
Zip Code,78725,Hispanic,11/2024,0,1.5,2,
Zip Code,78725,Hispanic,12/2024,0,2.5,2.667,
Zip Code,78725,Hispanic,01/2025,0,3.5,1.833,
Zip Code,78725,Hispanic,02/2025,0,3.5,3.167,
Zip Code,78725,Hispanic,03/2025,0,5.5,2,
Zip Code,78725,Hispanic,04/2025,0,2.5,1.667,
Zip Code,78725,Hispanic,05/2025,0,4.5,1.667,
Zip Code,78725,Hispanic,06/2025,0,2.5,4.5,
Zip Code,78725,Hispanic,07/2025,0,2,1.833,
Zip Code,78725,Hispanic,08/2025,0,1,0.833,2025-08-16
Zip Code,78726,White,01/2020,0,31.5,14.5,
Zip Code,78726,White,02/2020,0,39,18,
Zip Code,78726,White,03/2020,0,37,10.5,
Zip Code,78726,White,04/2020,0,21.5,13,
Zip Code,78726,White,05/2020,0,40.5,16.833,
Zip Code,78726,White,06/2020,0,40.5,14.5,
Zip Code,78726,White,07/2020,0,36.5,16.333,
Zip Code,78726,White,08/2020,0,43,22.333,
Zip Code,78726,White,09/2020,0,49.5,17,
Zip Code,78726,White,10/2020,0,48.5,21.5,
Zip Code,78726,White,11/2020,0,40.5,17.167,
Zip Code,78726,White,12/2020,0,35,17.167,
Zip Code,78726,White,01/2021,0,31.5,14.5,
Zip Code,78726,White,02/2021,0,36,17.833,
Zip Code,78726,White,03/2021,0,37,10.5,
Zip Code,78726,White,04/2021,0,21.5,13,
Zip Code,78726,White,05/2021,0,40.5,16.833,
Zip Code,78726,White,06/2021,0,40.5,14.5,
Zip Code,78726,White,07/2021,0,36.5,16.333,
Zip Code,78726,White,08/2021,0,43,22.333,
Zip Code,78726,White,09/2021,0,49.5,17,
Zip Code,78726,White,10/2021,0,48.5,21.5,
Zip Code,78726,White,11/2021,0,40.5,17.167,
Zip Code,78726,White,12/2021,0,35,17.167,
Zip Code,78726,White,01/2022,0,31.5,14.5,
Zip Code,78726,White,02/2022,0,36,17.833,
Zip Code,78726,White,03/2022,0,37,10.5,
Zip Code,78726,White,04/2022,0,21.5,13,
Zip Code,78726,White,05/2022,0,40.5,16.833,
Zip Code,78726,White,06/2022,0,40.5,14.5,
Zip Code,78726,White,07/2022,0,36.5,16.333,
Zip Code,78726,White,08/2022,0,43,22.333,
Zip Code,78726,White,09/2022,0,49.5,17,
Zip Code,78726,White,10/2022,0,48.5,21.5,
Zip Code,78726,White,11/2022,0,40.5,17.167,
Zip Code,78726,White,12/2022,0,35,17.167,
Zip Code,78726,White,01/2023,0,31.5,14.5,
Zip Code,78726,White,02/2023,0,36,17.833,
Zip Code,78726,White,03/2023,0,37,10.5,
Zip Code,78726,White,04/2023,0,21.5,13,
Zip Code,78726,White,05/2023,0,40.5,16.833,
Zip Code,78726,White,06/2023,0,40.5,14.5,
Zip Code,78726,White,07/2023,0,36.5,16.333,
Zip Code,78726,White,08/2023,0,43,22.333,
Zip Code,78726,White,09/2023,0,49.5,17,
Zip Code,78726,White,10/2023,0,48.5,21.5,
Zip Code,78726,White,11/2023,0,40.5,17.167,
Zip Code,78726,White,12/2023,0,35,17.167,
Zip Code,78726,White,01/2024,0,31.5,14.5,
Zip Code,78726,White,02/2024,0,39,18,
Zip Code,78726,White,03/2024,0,37,10.5,
Zip Code,78726,White,04/2024,0,21.5,13,
Zip Code,78726,White,05/2024,0,40.5,16.833,
Zip Code,78726,White,06/2024,0,40.5,14.5,
Zip Code,78726,White,07/2024,0,36.5,16.333,
Zip Code,78726,White,08/2024,0,43,22.333,
Zip Code,78726,White,09/2024,0,49.5,17,
Zip Code,78726,White,10/2024,0,48.5,21.5,
Zip Code,78726,White,11/2024,0,40.5,17.167,
Zip Code,78726,White,12/2024,0,35,17.167,
Zip Code,78726,White,01/2025,0,31.5,14.5,
Zip Code,78726,White,02/2025,0,36,17.833,
Zip Code,78726,White,03/2025,0,37,10.5,
Zip Code,78726,White,04/2025,0,21.5,13,
Zip Code,78726,White,05/2025,0,40.5,16.833,
Zip Code,78726,White,06/2025,0,40.5,14.5,
Zip Code,78726,White,07/2025,0,36.5,16.333,
Zip Code,78726,White,08/2025,0,25.5,14.667,2025-08-16
Zip Code,78727,White,01/2020,0,11.5,13.667,
Zip Code,78727,White,02/2020,0,20,10.5,
Zip Code,78727,White,03/2020,0,11,7.667,
Zip Code,78727,White,04/2020,0,12,11,
Zip Code,78727,White,05/2020,0,13.5,16.667,
Zip Code,78727,White,06/2020,0,15,14.333,
Zip Code,78727,White,07/2020,0,22,13.167,
Zip Code,78727,White,08/2020,0,7,13.5,
Zip Code,78727,White,09/2020,0,18,16.333,
Zip Code,78727,White,10/2020,0,13,14.5,
Zip Code,78727,White,11/2020,0,13,13.667,
Zip Code,78727,White,12/2020,0,16.5,12.5,
Zip Code,78727,White,01/2021,0,11.5,13.667,
Zip Code,78727,White,02/2021,0,20,10.5,
Zip Code,78727,White,03/2021,0,11,7.667,
Zip Code,78727,White,04/2021,0,12,11,
Zip Code,78727,White,05/2021,0,13.5,16.667,
Zip Code,78727,White,06/2021,0,15,14.333,
Zip Code,78727,White,07/2021,0,22,13.167,
Zip Code,78727,White,08/2021,0,7,13.5,
Zip Code,78727,White,09/2021,0,18,16.333,
Zip Code,78727,White,10/2021,0,13,14.5,
Zip Code,78727,White,11/2021,0,13,13.667,
Zip Code,78727,White,12/2021,0,16.5,12.5,
Zip Code,78727,White,01/2022,0,11.5,13.667,
Zip Code,78727,White,02/2022,0,20,10.5,
Zip Code,78727,White,03/2022,0,11,7.667,
Zip Code,78727,White,04/2022,0,12,11,
Zip Code,78727,White,05/2022,0,13.5,16.667,
Zip Code,78727,White,06/2022,0,15,14.333,
Zip Code,78727,White,07/2022,0,22,13.167,
Zip Code,78727,White,08/2022,0,7,13.5,
Zip Code,78727,White,09/2022,0,18,16.333,
Zip Code,78727,White,10/2022,0,13,14.5,
Zip Code,78727,White,11/2022,0,13,13.667,
Zip Code,78727,White,12/2022,0,16.5,12.5,
Zip Code,78727,White,01/2023,0,11.5,13.667,
Zip Code,78727,White,02/2023,0,20,10.5,
Zip Code,78727,White,03/2023,0,11,7.667,
Zip Code,78727,White,04/2023,0,12,11,
Zip Code,78727,White,05/2023,0,13.5,16.667,
Zip Code,78727,White,06/2023,0,15,14.333,
Zip Code,78727,White,07/2023,0,22,13.167,
Zip Code,78727,White,08/2023,0,7,13.5,
Zip Code,78727,White,09/2023,0,18,16.333,
Zip Code,78727,White,10/2023,0,13,14.5,
Zip Code,78727,White,11/2023,0,13,13.667,
Zip Code,78727,White,12/2023,0,16.5,12.5,
Zip Code,78727,White,01/2024,0,11.5,13.667,
Zip Code,78727,White,02/2024,0,20,10.5,
Zip Code,78727,White,03/2024,0,11,7.667,
Zip Code,78727,White,04/2024,0,12,11,
Zip Code,78727,White,05/2024,0,13.5,16.667,
Zip Code,78727,White,06/2024,0,15,14.333,
Zip Code,78727,White,07/2024,0,22,13.167,
Zip Code,78727,White,08/2024,0,7,13.5,
Zip Code,78727,White,09/2024,0,18,16.333,
Zip Code,78727,White,10/2024,0,13,14.5,
Zip Code,78727,White,11/2024,0,13,13.667,
Zip Code,78727,White,12/2024,0,16.5,12.5,
Zip Code,78727,White,01/2025,0,11.5,13.667,
Zip Code,78727,White,02/2025,0,20,10.5,
Zip Code,78727,White,03/2025,0,11,7.667,
Zip Code,78727,White,04/2025,0,12,11,
Zip Code,78727,White,05/2025,0,13.5,16.667,
Zip Code,78727,White,06/2025,0,15,14.333,
Zip Code,78727,White,07/2025,0,22,13.167,
Zip Code,78727,White,08/2025,0,2,8.667,2025-08-16
Zip Code,78728,Other,01/2020,0,39,65,
Zip Code,78728,Other,02/2020,0,51.5,55.167,
Zip Code,78728,Other,03/2020,0,42.5,45.167,
Zip Code,78728,Other,04/2020,0,50.5,45.5,
Zip Code,78728,Other,05/2020,0,47,57.167,
Zip Code,78728,Other,06/2020,0,44,62.5,
Zip Code,78728,Other,07/2020,0,48,62.167,
Zip Code,78728,Other,08/2020,0,68.5,67.5,
Zip Code,78728,Other,09/2020,0,65,62.167,
Zip Code,78728,Other,10/2020,0,64.5,68.167,
Zip Code,78728,Other,11/2020,0,64.5,56.667,
Zip Code,78728,Other,12/2020,0,55,58.667,
Zip Code,78728,Other,01/2021,0,39,65,
Zip Code,78728,Other,02/2021,0,51.5,54.5,
Zip Code,78728,Other,03/2021,0,42.5,45.167,
Zip Code,78728,Other,04/2021,0,50.5,45.5,
Zip Code,78728,Other,05/2021,0,47,57.167,
Zip Code,78728,Other,06/2021,0,44,62.5,
Zip Code,78728,Other,07/2021,0,48,62.167,
Zip Code,78728,Other,08/2021,0,68.5,67.5,
Zip Code,78728,Other,09/2021,0,65,62.167,
Zip Code,78728,Other,10/2021,0,64.5,68.167,
Zip Code,78728,Other,11/2021,0,64.5,56.667,
Zip Code,78728,Other,12/2021,0,55,58.667,
Zip Code,78728,Other,01/2022,0,39,65,
Zip Code,78728,Other,02/2022,0,51.5,54.5,
Zip Code,78728,Other,03/2022,0,42.5,45.167,
Zip Code,78728,Other,04/2022,0,50.5,45.5,
Zip Code,78728,Other,05/2022,0,47,57.167,
Zip Code,78728,Other,06/2022,0,44,62.5,
Zip Code,78728,Other,07/2022,0,48,62.167,
Zip Code,78728,Other,08/2022,0,68.5,67.5,
Zip Code,78728,Other,09/2022,0,65,62.167,
Zip Code,78728,Other,10/2022,0,64.5,68.167,
Zip Code,78728,Other,11/2022,0,64.5,56.667,
Zip Code,78728,Other,12/2022,0,55,58.667,
Zip Code,78728,Other,01/2023,0,39,65,
Zip Code,78728,Other,02/2023,0,51.5,54.5,
Zip Code,78728,Other,03/2023,0,42.5,45.167,
Zip Code,78728,Other,04/2023,0,50.5,45.5,
Zip Code,78728,Other,05/2023,0,47,57.167,
Zip Code,78728,Other,06/2023,0,44,62.5,
Zip Code,78728,Other,07/2023,0,48,62.167,
Zip Code,78728,Other,08/2023,0,68.5,67.5,
Zip Code,78728,Other,09/2023,0,65,62.167,
Zip Code,78728,Other,10/2023,0,64.5,68.167,
Zip Code,78728,Other,11/2023,0,64.5,56.667,
Zip Code,78728,Other,12/2023,0,55,58.667,
Zip Code,78728,Other,01/2024,0,39,65,
Zip Code,78728,Other,02/2024,0,51.5,55.167,
Zip Code,78728,Other,03/2024,0,42.5,45.167,
Zip Code,78728,Other,04/2024,0,50.5,45.5,
Zip Code,78728,Other,05/2024,0,47,57.167,
Zip Code,78728,Other,06/2024,0,44,62.5,
Zip Code,78728,Other,07/2024,0,48,62.167,
Zip Code,78728,Other,08/2024,0,68.5,67.5,
Zip Code,78728,Other,09/2024,0,65,62.167,
Zip Code,78728,Other,10/2024,0,64.5,68.167,
Zip Code,78728,Other,11/2024,0,64.5,56.667,
Zip Code,78728,Other,12/2024,0,55,58.667,
Zip Code,78728,Other,01/2025,0,39,65,
Zip Code,78728,Other,02/2025,0,51.5,54.5,
Zip Code,78728,Other,03/2025,0,42.5,45.167,
Zip Code,78728,Other,04/2025,0,50.5,45.5,
Zip Code,78728,Other,05/2025,0,47,57.167,
Zip Code,78728,Other,06/2025,0,44,62.5,
Zip Code,78728,Other,07/2025,0,48,62.167,
Zip Code,78728,Other,08/2025,0,30,37.333,2025-08-16
Zip Code,78729,White,01/2020,0,2.5,1.667,
Zip Code,78729,White,02/2020,0,4,1.667,
Zip Code,78729,White,03/2020,0,3.5,1.667,
Zip Code,78729,White,04/2020,0,4,2.333,
Zip Code,78729,White,05/2020,0,2,1.5,
Zip Code,78729,White,06/2020,0,4.5,2.5,
Zip Code,78729,White,07/2020,0,4,2.667,
Zip Code,78729,White,08/2020,0,4,3.5,
Zip Code,78729,White,09/2020,0,4,3.167,
Zip Code,78729,White,10/2020,0,3,2.667,
Zip Code,78729,White,11/2020,0,5,5.167,
Zip Code,78729,White,12/2020,0,3.5,3.5,
Zip Code,78729,White,01/2021,0,2.5,1.667,
Zip Code,78729,White,02/2021,0,4,1.667,
Zip Code,78729,White,03/2021,0,3.5,1.667,
Zip Code,78729,White,04/2021,0,4,2.333,
Zip Code,78729,White,05/2021,0,2,1.5,
Zip Code,78729,White,06/2021,0,4.5,2.5,
Zip Code,78729,White,07/2021,0,4,2.667,
Zip Code,78729,White,08/2021,0,4,3.5,
Zip Code,78729,White,09/2021,0,4,3.167,
Zip Code,78729,White,10/2021,0,3,2.667,
Zip Code,78729,White,11/2021,0,5,5.167,
Zip Code,78729,White,12/2021,0,3.5,3.5,
Zip Code,78729,White,01/2022,0,2.5,1.667,
Zip Code,78729,White,02/2022,0,4,1.667,
Zip Code,78729,White,03/2022,0,3.5,1.667,
Zip Code,78729,White,04/2022,0,4,2.333,
Zip Code,78729,White,05/2022,0,2,1.5,
Zip Code,78729,White,06/2022,0,4.5,2.5,
Zip Code,78729,White,07/2022,0,4,2.667,
Zip Code,78729,White,08/2022,0,4,3.5,
Zip Code,78729,White,09/2022,0,4,3.167,
Zip Code,78729,White,10/2022,0,3,2.667,
Zip Code,78729,White,11/2022,0,5,5.167,
Zip Code,78729,White,12/2022,0,3.5,3.5,
Zip Code,78729,White,01/2023,0,2.5,1.667,
Zip Code,78729,White,02/2023,0,4,1.667,
Zip Code,78729,White,03/2023,0,3.5,1.667,
Zip Code,78729,White,04/2023,0,4,2.333,
Zip Code,78729,White,05/2023,0,2,1.5,
Zip Code,78729,White,06/2023,0,4.5,2.5,
Zip Code,78729,White,07/2023,0,4,2.667,
Zip Code,78729,White,08/2023,0,4,3.5,
Zip Code,78729,White,09/2023,0,4,3.167,
Zip Code,78729,White,10/2023,0,3,2.667,
Zip Code,78729,White,11/2023,0,5,5.167,
Zip Code,78729,White,12/2023,0,3.5,3.5,
Zip Code,78729,White,01/2024,0,2.5,1.667,
Zip Code,78729,White,02/2024,0,4,1.667,
Zip Code,78729,White,03/2024,0,3.5,1.667,
Zip Code,78729,White,04/2024,0,4,2.333,
Zip Code,78729,White,05/2024,0,2,1.5,
Zip Code,78729,White,06/2024,0,4.5,2.5,
Zip Code,78729,White,07/2024,0,4,2.667,
Zip Code,78729,White,08/2024,0,4,3.5,
Zip Code,78729,White,09/2024,0,4,3.167,
Zip Code,78729,White,10/2024,0,3,2.667,
Zip Code,78729,White,11/2024,0,5,5.167,
Zip Code,78729,White,12/2024,0,3.5,3.5,
Zip Code,78729,White,01/2025,0,2.5,1.667,
Zip Code,78729,White,02/2025,0,4,1.667,
Zip Code,78729,White,03/2025,0,3.5,1.667,
Zip Code,78729,White,04/2025,0,4,2.333,
Zip Code,78729,White,05/2025,0,2,1.5,
Zip Code,78729,White,06/2025,0,4.5,2.5,
Zip Code,78729,White,07/2025,0,4,2.667,
Zip Code,78729,White,08/2025,0,4,2.333,2025-08-16
Zip Code,78730,White,01/2020,0,4.5,3.5,
Zip Code,78730,White,02/2020,0,4.5,1.5,
Zip Code,78730,White,03/2020,0,4,1.667,
Zip Code,78730,White,04/2020,0,3,3,
Zip Code,78730,White,05/2020,0,3.5,1.667,
Zip Code,78730,White,06/2020,0,3.5,3.667,
Zip Code,78730,White,07/2020,0,1.5,3.5,
Zip Code,78730,White,08/2020,0,0.5,3.5,
Zip Code,78730,White,09/2020,0,1,2.167,
Zip Code,78730,White,10/2020,0,1.5,2.333,
Zip Code,78730,White,11/2020,0,0,2.667,
Zip Code,78730,White,12/2020,0,4.5,2.333,
Zip Code,78730,White,01/2021,0,4.5,3.5,
Zip Code,78730,White,02/2021,0,4.5,1.5,
Zip Code,78730,White,03/2021,0,4,1.667,
Zip Code,78730,White,04/2021,0,3,3,
Zip Code,78730,White,05/2021,0,3.5,1.667,
Zip Code,78730,White,06/2021,0,3.5,3.667,
Zip Code,78730,White,07/2021,0,1.5,3.5,
Zip Code,78730,White,08/2021,0,0.5,3.5,
Zip Code,78730,White,09/2021,0,1,2.167,
Zip Code,78730,White,10/2021,0,1.5,2.333,
Zip Code,78730,White,11/2021,0,0,2.667,
Zip Code,78730,White,12/2021,0,4.5,2.333,
Zip Code,78730,White,01/2022,0,4.5,3.5,
Zip Code,78730,White,02/2022,0,4.5,1.5,
Zip Code,78730,White,03/2022,0,4,1.667,
Zip Code,78730,White,04/2022,0,3,3,
Zip Code,78730,White,05/2022,0,3.5,1.667,
Zip Code,78730,White,06/2022,0,3.5,3.667,
Zip Code,78730,White,07/2022,0,1.5,3.5,
Zip Code,78730,White,08/2022,0,0.5,3.5,
Zip Code,78730,White,09/2022,0,1,2.167,
Zip Code,78730,White,10/2022,0,1.5,2.333,
Zip Code,78730,White,11/2022,0,0,2.667,
Zip Code,78730,White,12/2022,0,4.5,2.333,
Zip Code,78730,White,01/2023,0,4.5,3.5,
Zip Code,78730,White,02/2023,0,4.5,1.5,
Zip Code,78730,White,03/2023,0,4,1.667,
Zip Code,78730,White,04/2023,0,3,3,
Zip Code,78730,White,05/2023,0,3.5,1.667,
Zip Code,78730,White,06/2023,0,3.5,3.667,
Zip Code,78730,White,07/2023,0,1.5,3.5,
Zip Code,78730,White,08/2023,0,0.5,3.5,
Zip Code,78730,White,09/2023,0,1,2.167,
Zip Code,78730,White,10/2023,0,1.5,2.333,
Zip Code,78730,White,11/2023,0,0,2.667,
Zip Code,78730,White,12/2023,0,4.5,2.333,
Zip Code,78730,White,01/2024,0,4.5,3.5,
Zip Code,78730,White,02/2024,0,4.5,1.5,
Zip Code,78730,White,03/2024,0,4,1.667,
Zip Code,78730,White,04/2024,0,3,3,
Zip Code,78730,White,05/2024,0,3.5,1.667,
Zip Code,78730,White,06/2024,0,3.5,3.667,
Zip Code,78730,White,07/2024,0,1.5,3.5,
Zip Code,78730,White,08/2024,0,0.5,3.5,
Zip Code,78730,White,09/2024,0,1,2.167,
Zip Code,78730,White,10/2024,0,1.5,2.333,
Zip Code,78730,White,11/2024,0,0,2.667,
Zip Code,78730,White,12/2024,0,4.5,2.333,
Zip Code,78730,White,01/2025,0,4.5,3.5,
Zip Code,78730,White,02/2025,0,4.5,1.5,
Zip Code,78730,White,03/2025,0,4,1.667,
Zip Code,78730,White,04/2025,0,3,3,
Zip Code,78730,White,05/2025,0,3.5,1.667,
Zip Code,78730,White,06/2025,0,3.5,3.667,
Zip Code,78730,White,07/2025,0,1.5,3.5,
Zip Code,78730,White,08/2025,0,0,2.5,2025-08-16
Zip Code,78731,White,01/2020,0,5,4.333,
Zip Code,78731,White,02/2020,0,7,3.333,
Zip Code,78731,White,03/2020,0,8.5,4.167,
Zip Code,78731,White,04/2020,0,7.5,4.167,
Zip Code,78731,White,05/2020,0,8.5,4.833,
Zip Code,78731,White,06/2020,0,11,5.5,
Zip Code,78731,White,07/2020,0,7.5,3.667,
Zip Code,78731,White,08/2020,0,10,4.5,
Zip Code,78731,White,09/2020,0,4,4,
Zip Code,78731,White,10/2020,0,7.5,3.333,
Zip Code,78731,White,11/2020,0,7.5,3.167,
Zip Code,78731,White,12/2020,0,6,2.833,
Zip Code,78731,White,01/2021,0,5,4.333,
Zip Code,78731,White,02/2021,0,7,3.333,
Zip Code,78731,White,03/2021,0,8.5,4.167,
Zip Code,78731,White,04/2021,0,7.5,4.167,
Zip Code,78731,White,05/2021,0,8.5,4.833,
Zip Code,78731,White,06/2021,0,11,5.5,
Zip Code,78731,White,07/2021,0,7.5,3.667,
Zip Code,78731,White,08/2021,0,10,4.5,
Zip Code,78731,White,09/2021,0,4,4,
Zip Code,78731,White,10/2021,0,7.5,3.333,
Zip Code,78731,White,11/2021,0,7.5,3.167,
Zip Code,78731,White,12/2021,0,6,2.833,
Zip Code,78731,White,01/2022,0,5,4.333,
Zip Code,78731,White,02/2022,0,7,3.333,
Zip Code,78731,White,03/2022,0,8.5,4.167,
Zip Code,78731,White,04/2022,0,7.5,4.167,
Zip Code,78731,White,05/2022,0,8.5,4.833,
Zip Code,78731,White,06/2022,0,11,5.5,
Zip Code,78731,White,07/2022,0,7.5,3.667,
Zip Code,78731,White,08/2022,0,10,4.5,
Zip Code,78731,White,09/2022,0,4,4,
Zip Code,78731,White,10/2022,0,7.5,3.333,
Zip Code,78731,White,11/2022,0,7.5,3.167,
Zip Code,78731,White,12/2022,0,6,2.833,
Zip Code,78731,White,01/2023,0,5,4.333,
Zip Code,78731,White,02/2023,0,7,3.333,
Zip Code,78731,White,03/2023,0,8.5,4.167,
Zip Code,78731,White,04/2023,0,7.5,4.167,
Zip Code,78731,White,05/2023,0,8.5,4.833,
Zip Code,78731,White,06/2023,0,11,5.5,
Zip Code,78731,White,07/2023,0,7.5,3.667,
Zip Code,78731,White,08/2023,0,10,4.5,
Zip Code,78731,White,09/2023,0,4,4,
Zip Code,78731,White,10/2023,0,7.5,3.333,
Zip Code,78731,White,11/2023,0,7.5,3.167,
Zip Code,78731,White,12/2023,0,6,2.833,
Zip Code,78731,White,01/2024,0,5,4.333,
Zip Code,78731,White,02/2024,0,7,3.333,
Zip Code,78731,White,03/2024,0,8.5,4.167,
Zip Code,78731,White,04/2024,0,7.5,4.167,
Zip Code,78731,White,05/2024,0,8.5,4.833,
Zip Code,78731,White,06/2024,0,11,5.5,
Zip Code,78731,White,07/2024,0,7.5,3.667,
Zip Code,78731,White,08/2024,0,10,4.5,
Zip Code,78731,White,09/2024,0,4,4,
Zip Code,78731,White,10/2024,0,7.5,3.333,
Zip Code,78731,White,11/2024,0,7.5,3.167,
Zip Code,78731,White,12/2024,0,6,2.833,
Zip Code,78731,White,01/2025,0,5,4.333,
Zip Code,78731,White,02/2025,0,7,3.333,
Zip Code,78731,White,03/2025,0,8.5,4.167,
Zip Code,78731,White,04/2025,0,7.5,4.167,
Zip Code,78731,White,05/2025,0,8.5,4.833,
Zip Code,78731,White,06/2025,0,11,5.5,
Zip Code,78731,White,07/2025,0,7.5,3.667,
Zip Code,78731,White,08/2025,0,7,1.5,2025-08-16
Zip Code,78732,White,01/2020,0,13.5,2.833,
Zip Code,78732,White,02/2020,0,7,3.667,
Zip Code,78732,White,03/2020,0,6,3,
Zip Code,78732,White,04/2020,0,7,2.5,
Zip Code,78732,White,05/2020,0,6,3.333,
Zip Code,78732,White,06/2020,0,2,4.333,
Zip Code,78732,White,07/2020,0,3.5,3.5,
Zip Code,78732,White,08/2020,0,2,4.333,
Zip Code,78732,White,09/2020,0,1.5,3.5,
Zip Code,78732,White,10/2020,0,4.5,5.833,
Zip Code,78732,White,11/2020,0,18,2.833,
Zip Code,78732,White,12/2020,0,9,4.333,
Zip Code,78732,White,01/2021,0,13.5,2.833,
Zip Code,78732,White,02/2021,0,7,3.667,
Zip Code,78732,White,03/2021,0,6,3,
Zip Code,78732,White,04/2021,0,7,2.5,
Zip Code,78732,White,05/2021,0,6,3.333,
Zip Code,78732,White,06/2021,0,2,4.333,
Zip Code,78732,White,07/2021,0,3.5,3.5,
Zip Code,78732,White,08/2021,0,2,4.333,
Zip Code,78732,White,09/2021,0,1.5,3.5,
Zip Code,78732,White,10/2021,0,4.5,5.833,
Zip Code,78732,White,11/2021,0,18,2.833,
Zip Code,78732,White,12/2021,0,9,4.333,
Zip Code,78732,White,01/2022,0,13.5,2.833,
Zip Code,78732,White,02/2022,0,7,3.667,
Zip Code,78732,White,03/2022,0,6,3,
Zip Code,78732,White,04/2022,0,7,2.5,
Zip Code,78732,White,05/2022,0,6,3.333,
Zip Code,78732,White,06/2022,0,2,4.333,
Zip Code,78732,White,07/2022,0,3.5,3.5,
Zip Code,78732,White,08/2022,0,2,4.333,
Zip Code,78732,White,09/2022,0,1.5,3.5,
Zip Code,78732,White,10/2022,0,4.5,5.833,
Zip Code,78732,White,11/2022,0,18,2.833,
Zip Code,78732,White,12/2022,0,9,4.333,
Zip Code,78732,White,01/2023,0,13.5,2.833,
Zip Code,78732,White,02/2023,0,7,3.667,
Zip Code,78732,White,03/2023,0,6,3,
Zip Code,78732,White,04/2023,0,7,2.5,
Zip Code,78732,White,05/2023,0,6,3.333,
Zip Code,78732,White,06/2023,0,2,4.333,
Zip Code,78732,White,07/2023,0,3.5,3.5,
Zip Code,78732,White,08/2023,0,2,4.333,
Zip Code,78732,White,09/2023,0,1.5,3.5,
Zip Code,78732,White,10/2023,0,4.5,5.833,
Zip Code,78732,White,11/2023,0,18,2.833,
Zip Code,78732,White,12/2023,0,9,4.333,
Zip Code,78732,White,01/2024,0,13.5,2.833,
Zip Code,78732,White,02/2024,0,7,3.667,
Zip Code,78732,White,03/2024,0,6,3,
Zip Code,78732,White,04/2024,0,7,2.5,
Zip Code,78732,White,05/2024,0,6,3.333,
Zip Code,78732,White,06/2024,0,2,4.333,
Zip Code,78732,White,07/2024,0,3.5,3.5,
Zip Code,78732,White,08/2024,0,2,4.333,
Zip Code,78732,White,09/2024,0,1.5,3.5,
Zip Code,78732,White,10/2024,0,4.5,5.833,
Zip Code,78732,White,11/2024,0,18,2.833,
Zip Code,78732,White,12/2024,0,9,4.333,
Zip Code,78732,White,01/2025,0,13.5,2.833,
Zip Code,78732,White,02/2025,0,7,3.667,
Zip Code,78732,White,03/2025,0,6,3,
Zip Code,78732,White,04/2025,0,7,2.5,
Zip Code,78732,White,05/2025,0,6,3.333,
Zip Code,78732,White,06/2025,0,2,4.333,
Zip Code,78732,White,07/2025,0,3.5,3.5,
Zip Code,78732,White,08/2025,0,0,1.667,2025-08-16
Zip Code,78733,White,01/2020,0,0,0.5,
Zip Code,78733,White,02/2020,0,0.5,0.5,
Zip Code,78733,White,03/2020,0,1.5,0.667,
Zip Code,78733,White,04/2020,0,0,0.333,
Zip Code,78733,White,05/2020,0,0.5,0.667,
Zip Code,78733,White,06/2020,0,0.5,0.333,
Zip Code,78733,White,07/2020,0,0.5,1,
Zip Code,78733,White,08/2020,0,0,0.167,
Zip Code,78733,White,09/2020,0,1.5,0.667,
Zip Code,78733,White,10/2020,0,0,0.167,
Zip Code,78733,White,11/2020,0,1.5,0.5,
Zip Code,78733,White,12/2020,0,1,0.667,
Zip Code,78733,White,01/2021,0,0,0.5,
Zip Code,78733,White,02/2021,0,0.5,0.5,
Zip Code,78733,White,03/2021,0,1.5,0.667,
Zip Code,78733,White,04/2021,0,0,0.333,
Zip Code,78733,White,05/2021,0,0.5,0.667,
Zip Code,78733,White,06/2021,0,0.5,0.333,
Zip Code,78733,White,07/2021,0,0.5,1,
Zip Code,78733,White,08/2021,0,0,0.167,
Zip Code,78733,White,09/2021,0,1.5,0.667,
Zip Code,78733,White,10/2021,0,0,0.167,
Zip Code,78733,White,11/2021,0,1.5,0.5,
Zip Code,78733,White,12/2021,0,1,0.667,
Zip Code,78733,White,01/2022,0,0,0.5,
Zip Code,78733,White,02/2022,0,0.5,0.5,
Zip Code,78733,White,03/2022,0,1.5,0.667,
Zip Code,78733,White,04/2022,0,0,0.333,
Zip Code,78733,White,05/2022,0,0.5,0.667,
Zip Code,78733,White,06/2022,0,0.5,0.333,
Zip Code,78733,White,07/2022,0,0.5,1,
Zip Code,78733,White,08/2022,0,0,0.167,
Zip Code,78733,White,09/2022,0,1.5,0.667,
Zip Code,78733,White,10/2022,0,0,0.167,
Zip Code,78733,White,11/2022,0,1.5,0.5,
Zip Code,78733,White,12/2022,0,1,0.667,
Zip Code,78733,White,01/2023,0,0,0.5,
Zip Code,78733,White,02/2023,0,0.5,0.5,
Zip Code,78733,White,03/2023,0,1.5,0.667,
Zip Code,78733,White,04/2023,0,0,0.333,
Zip Code,78733,White,05/2023,0,0.5,0.667,
Zip Code,78733,White,06/2023,0,0.5,0.333,
Zip Code,78733,White,07/2023,0,0.5,1,
Zip Code,78733,White,08/2023,0,0,0.167,
Zip Code,78733,White,09/2023,0,1.5,0.667,
Zip Code,78733,White,10/2023,0,0,0.167,
Zip Code,78733,White,11/2023,0,1.5,0.5,
Zip Code,78733,White,12/2023,0,1,0.667,
Zip Code,78733,White,01/2024,0,0,0.5,
Zip Code,78733,White,02/2024,0,0.5,0.5,
Zip Code,78733,White,03/2024,0,1.5,0.667,
Zip Code,78733,White,04/2024,0,0,0.333,
Zip Code,78733,White,05/2024,0,0.5,0.667,
Zip Code,78733,White,06/2024,0,0.5,0.333,
Zip Code,78733,White,07/2024,0,0.5,1,
Zip Code,78733,White,08/2024,0,0,0.167,
Zip Code,78733,White,09/2024,0,1.5,0.667,
Zip Code,78733,White,10/2024,0,0,0.167,
Zip Code,78733,White,11/2024,0,1.5,0.5,
Zip Code,78733,White,12/2024,0,1,0.667,
Zip Code,78733,White,01/2025,0,0,0.5,
Zip Code,78733,White,02/2025,0,0.5,0.5,
Zip Code,78733,White,03/2025,0,1.5,0.667,
Zip Code,78733,White,04/2025,0,0,0.333,
Zip Code,78733,White,05/2025,0,0.5,0.667,
Zip Code,78733,White,06/2025,0,0.5,0.333,
Zip Code,78733,White,07/2025,0,0.5,1,
Zip Code,78733,White,08/2025,0,0,0,2025-08-16
Zip Code,78734,White,01/2020,0,4,2.167,
Zip Code,78734,White,02/2020,0,2.5,3.167,
Zip Code,78734,White,03/2020,0,1.5,3.167,
Zip Code,78734,White,04/2020,0,3.5,4.167,
Zip Code,78734,White,05/2020,0,2,3.333,
Zip Code,78734,White,06/2020,0,3,3.667,
Zip Code,78734,White,07/2020,0,1.5,4.167,
Zip Code,78734,White,08/2020,0,4,4.5,
Zip Code,78734,White,09/2020,0,3,3.333,
Zip Code,78734,White,10/2020,0,3,4.333,
Zip Code,78734,White,11/2020,0,4,2.833,
Zip Code,78734,White,12/2020,0,1.5,3.5,
Zip Code,78734,White,01/2021,0,4,2.167,
Zip Code,78734,White,02/2021,0,2.5,3.167,
Zip Code,78734,White,03/2021,0,1.5,3.167,
Zip Code,78734,White,04/2021,0,3.5,4.167,
Zip Code,78734,White,05/2021,0,2,3.333,
Zip Code,78734,White,06/2021,0,3,3.667,
Zip Code,78734,White,07/2021,0,1.5,4.167,
Zip Code,78734,White,08/2021,0,4,4.5,
Zip Code,78734,White,09/2021,0,3,3.333,
Zip Code,78734,White,10/2021,0,3,4.333,
Zip Code,78734,White,11/2021,0,4,2.833,
Zip Code,78734,White,12/2021,0,1.5,3.5,
Zip Code,78734,White,01/2022,0,4,2.167,
Zip Code,78734,White,02/2022,0,2.5,3.167,
Zip Code,78734,White,03/2022,0,1.5,3.167,
Zip Code,78734,White,04/2022,0,3.5,4.167,
Zip Code,78734,White,05/2022,0,2,3.333,
Zip Code,78734,White,06/2022,0,3,3.667,
Zip Code,78734,White,07/2022,0,1.5,4.167,
Zip Code,78734,White,08/2022,0,4,4.5,
Zip Code,78734,White,09/2022,0,3,3.333,
Zip Code,78734,White,10/2022,0,3,4.333,
Zip Code,78734,White,11/2022,0,4,2.833,
Zip Code,78734,White,12/2022,0,1.5,3.5,
Zip Code,78734,White,01/2023,0,4,2.167,
Zip Code,78734,White,02/2023,0,2.5,3.167,
Zip Code,78734,White,03/2023,0,1.5,3.167,
Zip Code,78734,White,04/2023,0,3.5,4.167,
Zip Code,78734,White,05/2023,0,2,3.333,
Zip Code,78734,White,06/2023,0,3,3.667,
Zip Code,78734,White,07/2023,0,1.5,4.167,
Zip Code,78734,White,08/2023,0,4,4.5,
Zip Code,78734,White,09/2023,0,3,3.333,
Zip Code,78734,White,10/2023,0,3,4.333,
Zip Code,78734,White,11/2023,0,4,2.833,
Zip Code,78734,White,12/2023,0,1.5,3.5,
Zip Code,78734,White,01/2024,0,4,2.167,
Zip Code,78734,White,02/2024,0,2.5,3.167,
Zip Code,78734,White,03/2024,0,1.5,3.167,
Zip Code,78734,White,04/2024,0,3.5,4.167,
Zip Code,78734,White,05/2024,0,2,3.333,
Zip Code,78734,White,06/2024,0,3,3.667,
Zip Code,78734,White,07/2024,0,1.5,4.167,
Zip Code,78734,White,08/2024,0,4,4.5,
Zip Code,78734,White,09/2024,0,3,3.333,
Zip Code,78734,White,10/2024,0,3,4.333,
Zip Code,78734,White,11/2024,0,4,2.833,
Zip Code,78734,White,12/2024,0,1.5,3.5,
Zip Code,78734,White,01/2025,0,4,2.167,
Zip Code,78734,White,02/2025,0,2.5,3.167,
Zip Code,78734,White,03/2025,0,1.5,3.167,
Zip Code,78734,White,04/2025,0,3.5,4.167,
Zip Code,78734,White,05/2025,0,2,3.333,
Zip Code,78734,White,06/2025,0,3,3.667,
Zip Code,78734,White,07/2025,0,1.5,4.167,
Zip Code,78734,White,08/2025,0,1.5,2.5,2025-08-16
Zip Code,78735,White,01/2020,0,5.5,7.167,
Zip Code,78735,White,02/2020,0,11.5,4,
Zip Code,78735,White,03/2020,0,9,4.167,
Zip Code,78735,White,04/2020,0,5,5.333,
Zip Code,78735,White,05/2020,0,6.5,5.333,
Zip Code,78735,White,06/2020,0,10,6.167,
Zip Code,78735,White,07/2020,0,5,6,
Zip Code,78735,White,08/2020,0,12,5.333,
Zip Code,78735,White,09/2020,0,7.5,5.333,
Zip Code,78735,White,10/2020,0,10,7.333,
Zip Code,78735,White,11/2020,0,9.5,6.5,
Zip Code,78735,White,12/2020,0,3,5.5,
Zip Code,78735,White,01/2021,0,5.5,7.167,
Zip Code,78735,White,02/2021,0,11.5,4,
Zip Code,78735,White,03/2021,0,9,4.167,
Zip Code,78735,White,04/2021,0,5,5.333,
Zip Code,78735,White,05/2021,0,6.5,5.333,
Zip Code,78735,White,06/2021,0,10,6.167,
Zip Code,78735,White,07/2021,0,5,6,
Zip Code,78735,White,08/2021,0,12,5.333,
Zip Code,78735,White,09/2021,0,7.5,5.333,
Zip Code,78735,White,10/2021,0,10,7.333,
Zip Code,78735,White,11/2021,0,9.5,6.5,
Zip Code,78735,White,12/2021,0,3,5.5,
Zip Code,78735,White,01/2022,0,5.5,7.167,
Zip Code,78735,White,02/2022,0,11.5,4,
Zip Code,78735,White,03/2022,0,9,4.167,
Zip Code,78735,White,04/2022,0,5,5.333,
Zip Code,78735,White,05/2022,0,6.5,5.333,
Zip Code,78735,White,06/2022,0,10,6.167,
Zip Code,78735,White,07/2022,0,5,6,
Zip Code,78735,White,08/2022,0,12,5.333,
Zip Code,78735,White,09/2022,0,7.5,5.333,
Zip Code,78735,White,10/2022,0,10,7.333,
Zip Code,78735,White,11/2022,0,9.5,6.5,
Zip Code,78735,White,12/2022,0,3,5.5,
Zip Code,78735,White,01/2023,0,5.5,7.167,
Zip Code,78735,White,02/2023,0,11.5,4,
Zip Code,78735,White,03/2023,0,9,4.167,
Zip Code,78735,White,04/2023,0,5,5.333,
Zip Code,78735,White,05/2023,0,6.5,5.333,
Zip Code,78735,White,06/2023,0,10,6.167,
Zip Code,78735,White,07/2023,0,5,6,
Zip Code,78735,White,08/2023,0,12,5.333,
Zip Code,78735,White,09/2023,0,7.5,5.333,
Zip Code,78735,White,10/2023,0,10,7.333,
Zip Code,78735,White,11/2023,0,9.5,6.5,
Zip Code,78735,White,12/2023,0,3,5.5,
Zip Code,78735,White,01/2024,0,5.5,7.167,
Zip Code,78735,White,02/2024,0,11.5,4,
Zip Code,78735,White,03/2024,0,9,4.167,
Zip Code,78735,White,04/2024,0,5,5.333,
Zip Code,78735,White,05/2024,0,6.5,5.333,
Zip Code,78735,White,06/2024,0,10,6.167,
Zip Code,78735,White,07/2024,0,5,6,
Zip Code,78735,White,08/2024,0,12,5.333,
Zip Code,78735,White,09/2024,0,7.5,5.333,
Zip Code,78735,White,10/2024,0,10,7.333,
Zip Code,78735,White,11/2024,0,9.5,6.5,
Zip Code,78735,White,12/2024,0,3,5.5,
Zip Code,78735,White,01/2025,0,5.5,7.167,
Zip Code,78735,White,02/2025,0,11.5,4,
Zip Code,78735,White,03/2025,0,9,4.167,
Zip Code,78735,White,04/2025,0,5,5.333,
Zip Code,78735,White,05/2025,0,6.5,5.333,
Zip Code,78735,White,06/2025,0,10,6.167,
Zip Code,78735,White,07/2025,0,5,6,
Zip Code,78735,White,08/2025,0,6,2.667,2025-08-16
Zip Code,78736,White,01/2020,0,2,1.667,
Zip Code,78736,White,02/2020,0,3,1.833,
Zip Code,78736,White,03/2020,0,0.5,1.167,
Zip Code,78736,White,04/2020,0,3.5,1,
Zip Code,78736,White,05/2020,0,3.5,0.5,
Zip Code,78736,White,06/2020,0,1,2.167,
Zip Code,78736,White,07/2020,0,4,0.667,
Zip Code,78736,White,08/2020,0,1.5,1.5,
Zip Code,78736,White,09/2020,0,1.5,2.667,
Zip Code,78736,White,10/2020,0,3.5,1.833,
Zip Code,78736,White,11/2020,0,1,2.833,
Zip Code,78736,White,12/2020,0,1,1.833,
Zip Code,78736,White,01/2021,0,2,1.667,
Zip Code,78736,White,02/2021,0,3,1.833,
Zip Code,78736,White,03/2021,0,0.5,1.167,
Zip Code,78736,White,04/2021,0,3.5,1,
Zip Code,78736,White,05/2021,0,3.5,0.5,
Zip Code,78736,White,06/2021,0,1,2.167,
Zip Code,78736,White,07/2021,0,4,0.667,
Zip Code,78736,White,08/2021,0,1.5,1.5,
Zip Code,78736,White,09/2021,0,1.5,2.667,
Zip Code,78736,White,10/2021,0,3.5,1.833,
Zip Code,78736,White,11/2021,0,1,2.833,
Zip Code,78736,White,12/2021,0,1,1.833,
Zip Code,78736,White,01/2022,0,2,1.667,
Zip Code,78736,White,02/2022,0,3,1.833,
Zip Code,78736,White,03/2022,0,0.5,1.167,
Zip Code,78736,White,04/2022,0,3.5,1,
Zip Code,78736,White,05/2022,0,3.5,0.5,
Zip Code,78736,White,06/2022,0,1,2.167,
Zip Code,78736,White,07/2022,0,4,0.667,
Zip Code,78736,White,08/2022,0,1.5,1.5,
Zip Code,78736,White,09/2022,0,1.5,2.667,
Zip Code,78736,White,10/2022,0,3.5,1.833,
Zip Code,78736,White,11/2022,0,1,2.833,
Zip Code,78736,White,12/2022,0,1,1.833,
Zip Code,78736,White,01/2023,0,2,1.667,
Zip Code,78736,White,02/2023,0,3,1.833,
Zip Code,78736,White,03/2023,0,0.5,1.167,
Zip Code,78736,White,04/2023,0,3.5,1,
Zip Code,78736,White,05/2023,0,3.5,0.5,
Zip Code,78736,White,06/2023,0,1,2.167,
Zip Code,78736,White,07/2023,0,4,0.667,
Zip Code,78736,White,08/2023,0,1.5,1.5,
Zip Code,78736,White,09/2023,0,1.5,2.667,
Zip Code,78736,White,10/2023,0,3.5,1.833,
Zip Code,78736,White,11/2023,0,1,2.833,
Zip Code,78736,White,12/2023,0,1,1.833,
Zip Code,78736,White,01/2024,0,2,1.667,
Zip Code,78736,White,02/2024,0,3,1.833,
Zip Code,78736,White,03/2024,0,0.5,1.167,
Zip Code,78736,White,04/2024,0,3.5,1,
Zip Code,78736,White,05/2024,0,3.5,0.5,
Zip Code,78736,White,06/2024,0,1,2.167,
Zip Code,78736,White,07/2024,0,4,0.667,
Zip Code,78736,White,08/2024,0,1.5,1.5,
Zip Code,78736,White,09/2024,0,1.5,2.667,
Zip Code,78736,White,10/2024,0,3.5,1.833,
Zip Code,78736,White,11/2024,0,1,2.833,
Zip Code,78736,White,12/2024,0,1,1.833,
Zip Code,78736,White,01/2025,0,2,1.667,
Zip Code,78736,White,02/2025,0,3,1.833,
Zip Code,78736,White,03/2025,0,0.5,1.167,
Zip Code,78736,White,04/2025,0,3.5,1,
Zip Code,78736,White,05/2025,0,3.5,0.5,
Zip Code,78736,White,06/2025,0,1,2.167,
Zip Code,78736,White,07/2025,0,4,0.667,
Zip Code,78736,White,08/2025,0,1,0.667,2025-08-16
Zip Code,78737,White,01/2020,0,0,0.667,
Zip Code,78737,White,02/2020,0,0,0.667,
Zip Code,78737,White,03/2020,0,0,0.333,
Zip Code,78737,White,04/2020,0,0,0.333,
Zip Code,78737,White,05/2020,0,0,0.833,
Zip Code,78737,White,06/2020,0,0,0.5,
Zip Code,78737,White,07/2020,0,0,1,
Zip Code,78737,White,08/2020,0,0,0.167,
Zip Code,78737,White,09/2020,0,0,0.167,
Zip Code,78737,White,10/2020,0,0,0.333,
Zip Code,78737,White,11/2020,0,0,0.167,
Zip Code,78737,White,12/2020,0,0.5,0.167,
Zip Code,78737,White,01/2021,0,0,0.667,
Zip Code,78737,White,02/2021,0,0,0.667,
Zip Code,78737,White,03/2021,0,0,0.333,
Zip Code,78737,White,04/2021,0,0,0.333,
Zip Code,78737,White,05/2021,0,0,0.833,
Zip Code,78737,White,06/2021,0,0,0.5,
Zip Code,78737,White,07/2021,0,0,1,
Zip Code,78737,White,08/2021,0,0,0.167,
Zip Code,78737,White,09/2021,0,0,0.167,
Zip Code,78737,White,10/2021,0,0,0.333,
Zip Code,78737,White,11/2021,0,0,0.167,
Zip Code,78737,White,12/2021,0,0.5,0.167,
Zip Code,78737,White,01/2022,0,0,0.667,
Zip Code,78737,White,02/2022,0,0,0.667,
Zip Code,78737,White,03/2022,0,0,0.333,
Zip Code,78737,White,04/2022,0,0,0.333,
Zip Code,78737,White,05/2022,0,0,0.833,
Zip Code,78737,White,06/2022,0,0,0.5,
Zip Code,78737,White,07/2022,0,0,1,
Zip Code,78737,White,08/2022,0,0,0.167,
Zip Code,78737,White,09/2022,0,0,0.167,
Zip Code,78737,White,10/2022,0,0,0.333,
Zip Code,78737,White,11/2022,0,0,0.167,
Zip Code,78737,White,12/2022,0,0.5,0.167,
Zip Code,78737,White,01/2023,0,0,0.667,
Zip Code,78737,White,02/2023,0,0,0.667,
Zip Code,78737,White,03/2023,0,0,0.333,
Zip Code,78737,White,04/2023,0,0,0.333,
Zip Code,78737,White,05/2023,0,0,0.833,
Zip Code,78737,White,06/2023,0,0,0.5,
Zip Code,78737,White,07/2023,0,0,1,
Zip Code,78737,White,08/2023,0,0,0.167,
Zip Code,78737,White,09/2023,0,0,0.167,
Zip Code,78737,White,10/2023,0,0,0.333,
Zip Code,78737,White,11/2023,0,0,0.167,
Zip Code,78737,White,12/2023,0,0.5,0.167,
Zip Code,78737,White,01/2024,0,0,0.667,
Zip Code,78737,White,02/2024,0,0,0.667,
Zip Code,78737,White,03/2024,0,0,0.333,
Zip Code,78737,White,04/2024,0,0,0.333,
Zip Code,78737,White,05/2024,0,0,0.833,
Zip Code,78737,White,06/2024,0,0,0.5,
Zip Code,78737,White,07/2024,0,0,1,
Zip Code,78737,White,08/2024,0,0,0.167,
Zip Code,78737,White,09/2024,0,0,0.167,
Zip Code,78737,White,10/2024,0,0,0.333,
Zip Code,78737,White,11/2024,0,0,0.167,
Zip Code,78737,White,12/2024,0,0.5,0.167,
Zip Code,78737,White,01/2025,0,0,0.667,
Zip Code,78737,White,02/2025,0,0,0.667,
Zip Code,78737,White,03/2025,0,0,0.333,
Zip Code,78737,White,04/2025,0,0,0.333,
Zip Code,78737,White,05/2025,0,0,0.833,
Zip Code,78737,White,06/2025,0,0,0.5,
Zip Code,78737,White,07/2025,0,0,1,
Zip Code,78737,White,08/2025,0,0,0,2025-08-16
Zip Code,78738,White,01/2020,0,7.5,6,
Zip Code,78738,White,02/2020,0,3,4.167,
Zip Code,78738,White,03/2020,0,5,4.333,
Zip Code,78738,White,04/2020,0,1.5,4,
Zip Code,78738,White,05/2020,0,2.5,2.833,
Zip Code,78738,White,06/2020,0,4,3.333,
Zip Code,78738,White,07/2020,0,6,4,
Zip Code,78738,White,08/2020,0,6,4.5,
Zip Code,78738,White,09/2020,0,5,3.667,
Zip Code,78738,White,10/2020,0,4.5,4.667,
Zip Code,78738,White,11/2020,0,4,3.5,
Zip Code,78738,White,12/2020,0,3,3.167,
Zip Code,78738,White,01/2021,0,7.5,6,
Zip Code,78738,White,02/2021,0,3,4.167,
Zip Code,78738,White,03/2021,0,5,4.333,
Zip Code,78738,White,04/2021,0,1.5,4,
Zip Code,78738,White,05/2021,0,2.5,2.833,
Zip Code,78738,White,06/2021,0,4,3.333,
Zip Code,78738,White,07/2021,0,6,4,
Zip Code,78738,White,08/2021,0,6,4.5,
Zip Code,78738,White,09/2021,0,5,3.667,
Zip Code,78738,White,10/2021,0,4.5,4.667,
Zip Code,78738,White,11/2021,0,4,3.5,
Zip Code,78738,White,12/2021,0,3,3.167,
Zip Code,78738,White,01/2022,0,7.5,6,
Zip Code,78738,White,02/2022,0,3,4.167,
Zip Code,78738,White,03/2022,0,5,4.333,
Zip Code,78738,White,04/2022,0,1.5,4,
Zip Code,78738,White,05/2022,0,2.5,2.833,
Zip Code,78738,White,06/2022,0,4,3.333,
Zip Code,78738,White,07/2022,0,6,4,
Zip Code,78738,White,08/2022,0,6,4.5,
Zip Code,78738,White,09/2022,0,5,3.667,
Zip Code,78738,White,10/2022,0,4.5,4.667,
Zip Code,78738,White,11/2022,0,4,3.5,
Zip Code,78738,White,12/2022,0,3,3.167,
Zip Code,78738,White,01/2023,0,7.5,6,
Zip Code,78738,White,02/2023,0,3,4.167,
Zip Code,78738,White,03/2023,0,5,4.333,
Zip Code,78738,White,04/2023,0,1.5,4,
Zip Code,78738,White,05/2023,0,2.5,2.833,
Zip Code,78738,White,06/2023,0,4,3.333,
Zip Code,78738,White,07/2023,0,6,4,
Zip Code,78738,White,08/2023,0,6,4.5,
Zip Code,78738,White,09/2023,0,5,3.667,
Zip Code,78738,White,10/2023,0,4.5,4.667,
Zip Code,78738,White,11/2023,0,4,3.5,
Zip Code,78738,White,12/2023,0,3,3.167,
Zip Code,78738,White,01/2024,0,7.5,6,
Zip Code,78738,White,02/2024,0,3,4.167,
Zip Code,78738,White,03/2024,0,5,4.333,
Zip Code,78738,White,04/2024,0,1.5,4,
Zip Code,78738,White,05/2024,0,2.5,2.833,
Zip Code,78738,White,06/2024,0,4,3.333,
Zip Code,78738,White,07/2024,0,6,4,
Zip Code,78738,White,08/2024,0,6,4.5,
Zip Code,78738,White,09/2024,0,5,3.667,
Zip Code,78738,White,10/2024,0,4.5,4.667,
Zip Code,78738,White,11/2024,0,4,3.5,
Zip Code,78738,White,12/2024,0,3,3.167,
Zip Code,78738,White,01/2025,0,7.5,6,
Zip Code,78738,White,02/2025,0,3,4.167,
Zip Code,78738,White,03/2025,0,5,4.333,
Zip Code,78738,White,04/2025,0,1.5,4,
Zip Code,78738,White,05/2025,0,2.5,2.833,
Zip Code,78738,White,06/2025,0,4,3.333,
Zip Code,78738,White,07/2025,0,6,4,
Zip Code,78738,White,08/2025,0,2,2.667,2025-08-16
Zip Code,78739,White,01/2020,0,0.5,0.167,
Zip Code,78739,White,02/2020,0,0.5,0.833,
Zip Code,78739,White,03/2020,0,0.5,0.667,
Zip Code,78739,White,04/2020,0,0,0.333,
Zip Code,78739,White,05/2020,0,0,0,
Zip Code,78739,White,06/2020,0,0.5,0.333,
Zip Code,78739,White,07/2020,0,0.5,0.333,
Zip Code,78739,White,08/2020,0,0,0.5,
Zip Code,78739,White,09/2020,0,0,0.333,
Zip Code,78739,White,10/2020,0,0,0.667,
Zip Code,78739,White,11/2020,0,1,0.333,
Zip Code,78739,White,12/2020,0,0,0.667,
Zip Code,78739,White,01/2021,0,0.5,0.167,
Zip Code,78739,White,02/2021,0,0.5,0.833,
Zip Code,78739,White,03/2021,0,0.5,0.667,
Zip Code,78739,White,04/2021,0,0,0.333,
Zip Code,78739,White,05/2021,0,0,0,
Zip Code,78739,White,06/2021,0,0.5,0.333,
Zip Code,78739,White,07/2021,0,0.5,0.333,
Zip Code,78739,White,08/2021,0,0,0.5,
Zip Code,78739,White,09/2021,0,0,0.333,
Zip Code,78739,White,10/2021,0,0,0.667,
Zip Code,78739,White,11/2021,0,1,0.333,
Zip Code,78739,White,12/2021,0,0,0.667,
Zip Code,78739,White,01/2022,0,0.5,0.167,
Zip Code,78739,White,02/2022,0,0.5,0.833,
Zip Code,78739,White,03/2022,0,0.5,0.667,
Zip Code,78739,White,04/2022,0,0,0.333,
Zip Code,78739,White,05/2022,0,0,0,
Zip Code,78739,White,06/2022,0,0.5,0.333,
Zip Code,78739,White,07/2022,0,0.5,0.333,
Zip Code,78739,White,08/2022,0,0,0.5,
Zip Code,78739,White,09/2022,0,0,0.333,
Zip Code,78739,White,10/2022,0,0,0.667,
Zip Code,78739,White,11/2022,0,1,0.333,
Zip Code,78739,White,12/2022,0,0,0.667,
Zip Code,78739,White,01/2023,0,0.5,0.167,
Zip Code,78739,White,02/2023,0,0.5,0.833,
Zip Code,78739,White,03/2023,0,0.5,0.667,
Zip Code,78739,White,04/2023,0,0,0.333,
Zip Code,78739,White,05/2023,0,0,0,
Zip Code,78739,White,06/2023,0,0.5,0.333,
Zip Code,78739,White,07/2023,0,0.5,0.333,
Zip Code,78739,White,08/2023,0,0,0.5,
Zip Code,78739,White,09/2023,0,0,0.333,
Zip Code,78739,White,10/2023,0,0,0.667,
Zip Code,78739,White,11/2023,0,1,0.333,
Zip Code,78739,White,12/2023,0,0,0.667,
Zip Code,78739,White,01/2024,0,0.5,0.167,
Zip Code,78739,White,02/2024,0,0.5,0.833,
Zip Code,78739,White,03/2024,0,0.5,0.667,
Zip Code,78739,White,04/2024,0,0,0.333,
Zip Code,78739,White,05/2024,0,0,0,
Zip Code,78739,White,06/2024,0,0.5,0.333,
Zip Code,78739,White,07/2024,0,0.5,0.333,
Zip Code,78739,White,08/2024,0,0,0.5,
Zip Code,78739,White,09/2024,0,0,0.333,
Zip Code,78739,White,10/2024,0,0,0.667,
Zip Code,78739,White,11/2024,0,1,0.333,
Zip Code,78739,White,12/2024,0,0,0.667,
Zip Code,78739,White,01/2025,0,0.5,0.167,
Zip Code,78739,White,02/2025,0,0.5,0.833,
Zip Code,78739,White,03/2025,0,0.5,0.667,
Zip Code,78739,White,04/2025,0,0,0.333,
Zip Code,78739,White,05/2025,0,0,0,
Zip Code,78739,White,06/2025,0,0.5,0.333,
Zip Code,78739,White,07/2025,0,0.5,0.333,
Zip Code,78739,White,08/2025,0,0,0.333,2025-08-16
Zip Code,78741,Other,01/2020,0,86.5,102.333,
Zip Code,78741,Other,02/2020,0,86.5,83.333,
Zip Code,78741,Other,03/2020,0,83,73.833,
Zip Code,78741,Other,04/2020,0,80,81.333,
Zip Code,78741,Other,05/2020,0,72,89.833,
Zip Code,78741,Other,06/2020,0,90,95.833,
Zip Code,78741,Other,07/2020,0,92,95,
Zip Code,78741,Other,08/2020,0,57.5,73.333,
Zip Code,78741,Other,09/2020,0,74.5,80,
Zip Code,78741,Other,10/2020,0,48,98.833,
Zip Code,78741,Other,11/2020,0,50,81,
Zip Code,78741,Other,12/2020,0,42.5,99.167,
Zip Code,78741,Other,01/2021,0,86.5,102.333,
Zip Code,78741,Other,02/2021,0,85.5,83.167,
Zip Code,78741,Other,03/2021,0,83,73.833,
Zip Code,78741,Other,04/2021,0,80,81.333,
Zip Code,78741,Other,05/2021,0,72,89.833,
Zip Code,78741,Other,06/2021,0,90,95.833,
Zip Code,78741,Other,07/2021,0,92,95,
Zip Code,78741,Other,08/2021,0,57.5,73.333,
Zip Code,78741,Other,09/2021,0,74.5,80,
Zip Code,78741,Other,10/2021,0,48,98.833,
Zip Code,78741,Other,11/2021,0,50,81,
Zip Code,78741,Other,12/2021,0,42.5,99.167,
Zip Code,78741,Other,01/2022,0,86.5,102.333,
Zip Code,78741,Other,02/2022,0,85.5,83.167,
Zip Code,78741,Other,03/2022,0,83,73.833,
Zip Code,78741,Other,04/2022,0,80,81.333,
Zip Code,78741,Other,05/2022,0,72,89.833,
Zip Code,78741,Other,06/2022,0,90,95.833,
Zip Code,78741,Other,07/2022,0,92,95,
Zip Code,78741,Other,08/2022,0,57.5,73.333,
Zip Code,78741,Other,09/2022,0,74.5,80,
Zip Code,78741,Other,10/2022,0,48,98.833,
Zip Code,78741,Other,11/2022,0,50,81,
Zip Code,78741,Other,12/2022,0,42.5,99.167,
Zip Code,78741,Other,01/2023,0,86.5,102.333,
Zip Code,78741,Other,02/2023,0,85.5,83.167,
Zip Code,78741,Other,03/2023,0,83,73.833,
Zip Code,78741,Other,04/2023,0,80,81.333,
Zip Code,78741,Other,05/2023,0,72,89.833,
Zip Code,78741,Other,06/2023,0,90,95.833,
Zip Code,78741,Other,07/2023,0,92,95,
Zip Code,78741,Other,08/2023,0,57.5,73.333,
Zip Code,78741,Other,09/2023,0,74.5,80,
Zip Code,78741,Other,10/2023,0,48,98.833,
Zip Code,78741,Other,11/2023,0,50,81,
Zip Code,78741,Other,12/2023,0,42.5,99.167,
Zip Code,78741,Other,01/2024,0,86.5,102.333,
Zip Code,78741,Other,02/2024,0,86.5,83.333,
Zip Code,78741,Other,03/2024,0,83,73.833,
Zip Code,78741,Other,04/2024,0,80,81.333,
Zip Code,78741,Other,05/2024,0,72,89.833,
Zip Code,78741,Other,06/2024,0,90,95.833,
Zip Code,78741,Other,07/2024,0,92,95,
Zip Code,78741,Other,08/2024,0,57.5,73.333,
Zip Code,78741,Other,09/2024,0,74.5,80,
Zip Code,78741,Other,10/2024,0,48,98.833,
Zip Code,78741,Other,11/2024,0,50,81,
Zip Code,78741,Other,12/2024,0,42.5,99.167,
Zip Code,78741,Other,01/2025,0,86.5,102.333,
Zip Code,78741,Other,02/2025,0,85.5,83.167,
Zip Code,78741,Other,03/2025,0,83,73.833,
Zip Code,78741,Other,04/2025,0,80,81.333,
Zip Code,78741,Other,05/2025,0,72,89.833,
Zip Code,78741,Other,06/2025,0,90,95.833,
Zip Code,78741,Other,07/2025,0,92,95,
Zip Code,78741,Other,08/2025,0,31.5,36.667,2025-08-16
Zip Code,78742,Hispanic,01/2020,0,0,0.167,
Zip Code,78742,Hispanic,02/2020,0,0,0.333,
Zip Code,78742,Hispanic,03/2020,0,0,1,
Zip Code,78742,Hispanic,04/2020,0,1,0,
Zip Code,78742,Hispanic,05/2020,0,0.5,0.5,
Zip Code,78742,Hispanic,06/2020,0,0,0.333,
Zip Code,78742,Hispanic,07/2020,0,0.5,1.333,
Zip Code,78742,Hispanic,08/2020,0,0,0.333,
Zip Code,78742,Hispanic,09/2020,0,0,1,
Zip Code,78742,Hispanic,10/2020,0,0,0.5,
Zip Code,78742,Hispanic,11/2020,0,0,0.5,
Zip Code,78742,Hispanic,12/2020,0,0,0.167,
Zip Code,78742,Hispanic,01/2021,0,0,0.167,
Zip Code,78742,Hispanic,02/2021,0,0,0.333,
Zip Code,78742,Hispanic,03/2021,0,0,1,
Zip Code,78742,Hispanic,04/2021,0,1,0,
Zip Code,78742,Hispanic,05/2021,0,0.5,0.5,
Zip Code,78742,Hispanic,06/2021,0,0,0.333,
Zip Code,78742,Hispanic,07/2021,0,0.5,1.333,
Zip Code,78742,Hispanic,08/2021,0,0,0.333,
Zip Code,78742,Hispanic,09/2021,0,0,1,
Zip Code,78742,Hispanic,10/2021,0,0,0.5,
Zip Code,78742,Hispanic,11/2021,0,0,0.5,
Zip Code,78742,Hispanic,12/2021,0,0,0.167,
Zip Code,78742,Hispanic,01/2022,0,0,0.167,
Zip Code,78742,Hispanic,02/2022,0,0,0.333,
Zip Code,78742,Hispanic,03/2022,0,0,1,
Zip Code,78742,Hispanic,04/2022,0,1,0,
Zip Code,78742,Hispanic,05/2022,0,0.5,0.5,
Zip Code,78742,Hispanic,06/2022,0,0,0.333,
Zip Code,78742,Hispanic,07/2022,0,0.5,1.333,
Zip Code,78742,Hispanic,08/2022,0,0,0.333,
Zip Code,78742,Hispanic,09/2022,0,0,1,
Zip Code,78742,Hispanic,10/2022,0,0,0.5,
Zip Code,78742,Hispanic,11/2022,0,0,0.5,
Zip Code,78742,Hispanic,12/2022,0,0,0.167,
Zip Code,78742,Hispanic,01/2023,0,0,0.167,
Zip Code,78742,Hispanic,02/2023,0,0,0.333,
Zip Code,78742,Hispanic,03/2023,0,0,1,
Zip Code,78742,Hispanic,04/2023,0,1,0,
Zip Code,78742,Hispanic,05/2023,0,0.5,0.5,
Zip Code,78742,Hispanic,06/2023,0,0,0.333,
Zip Code,78742,Hispanic,07/2023,0,0.5,1.333,
Zip Code,78742,Hispanic,08/2023,0,0,0.333,
Zip Code,78742,Hispanic,09/2023,0,0,1,
Zip Code,78742,Hispanic,10/2023,0,0,0.5,
Zip Code,78742,Hispanic,11/2023,0,0,0.5,
Zip Code,78742,Hispanic,12/2023,0,0,0.167,
Zip Code,78742,Hispanic,01/2024,0,0,0.167,
Zip Code,78742,Hispanic,02/2024,0,0,0.333,
Zip Code,78742,Hispanic,03/2024,0,0,1,
Zip Code,78742,Hispanic,04/2024,0,1,0,
Zip Code,78742,Hispanic,05/2024,0,0.5,0.5,
Zip Code,78742,Hispanic,06/2024,0,0,0.333,
Zip Code,78742,Hispanic,07/2024,0,0.5,1.333,
Zip Code,78742,Hispanic,08/2024,0,0,0.333,
Zip Code,78742,Hispanic,09/2024,0,0,1,
Zip Code,78742,Hispanic,10/2024,0,0,0.5,
Zip Code,78742,Hispanic,11/2024,0,0,0.5,
Zip Code,78742,Hispanic,12/2024,0,0,0.167,
Zip Code,78742,Hispanic,01/2025,0,0,0.167,
Zip Code,78742,Hispanic,02/2025,0,0,0.333,
Zip Code,78742,Hispanic,03/2025,0,0,1,
Zip Code,78742,Hispanic,04/2025,0,1,0,
Zip Code,78742,Hispanic,05/2025,0,0.5,0.5,
Zip Code,78742,Hispanic,06/2025,0,0,0.333,
Zip Code,78742,Hispanic,07/2025,0,0.5,1.333,
Zip Code,78742,Hispanic,08/2025,0,0,0.167,2025-08-16
Zip Code,78744,Hispanic,01/2020,0,53.5,42.667,
Zip Code,78744,Hispanic,02/2020,0,52,41.833,
Zip Code,78744,Hispanic,03/2020,0,34.5,31.333,
Zip Code,78744,Hispanic,04/2020,0,50.5,29.833,
Zip Code,78744,Hispanic,05/2020,0,32.5,39.167,
Zip Code,78744,Hispanic,06/2020,0,48,39.667,
Zip Code,78744,Hispanic,07/2020,0,50,42.5,
Zip Code,78744,Hispanic,08/2020,0,25.5,44,
Zip Code,78744,Hispanic,09/2020,0,19.5,46.5,
Zip Code,78744,Hispanic,10/2020,0,13,42.333,
Zip Code,78744,Hispanic,11/2020,0,27.5,40,
Zip Code,78744,Hispanic,12/2020,0,23.5,41.5,
Zip Code,78744,Hispanic,01/2021,0,53.5,42.667,
Zip Code,78744,Hispanic,02/2021,0,52,41.667,
Zip Code,78744,Hispanic,03/2021,0,34.5,31.333,
Zip Code,78744,Hispanic,04/2021,0,50.5,29.833,
Zip Code,78744,Hispanic,05/2021,0,32.5,39.167,
Zip Code,78744,Hispanic,06/2021,0,48,39.667,
Zip Code,78744,Hispanic,07/2021,0,50,42.5,
Zip Code,78744,Hispanic,08/2021,0,25.5,44,
Zip Code,78744,Hispanic,09/2021,0,19.5,46.5,
Zip Code,78744,Hispanic,10/2021,0,13,42.333,
Zip Code,78744,Hispanic,11/2021,0,27.5,40,
Zip Code,78744,Hispanic,12/2021,0,23.5,41.5,
Zip Code,78744,Hispanic,01/2022,0,53.5,42.667,
Zip Code,78744,Hispanic,02/2022,0,52,41.667,
Zip Code,78744,Hispanic,03/2022,0,34.5,31.333,
Zip Code,78744,Hispanic,04/2022,0,50.5,29.833,
Zip Code,78744,Hispanic,05/2022,0,32.5,39.167,
Zip Code,78744,Hispanic,06/2022,0,48,39.667,
Zip Code,78744,Hispanic,07/2022,0,50,42.5,
Zip Code,78744,Hispanic,08/2022,0,25.5,44,
Zip Code,78744,Hispanic,09/2022,0,19.5,46.5,
Zip Code,78744,Hispanic,10/2022,0,13,42.333,
Zip Code,78744,Hispanic,11/2022,0,27.5,40,
Zip Code,78744,Hispanic,12/2022,0,23.5,41.5,
Zip Code,78744,Hispanic,01/2023,0,53.5,42.667,
Zip Code,78744,Hispanic,02/2023,0,52,41.667,
Zip Code,78744,Hispanic,03/2023,0,34.5,31.333,
Zip Code,78744,Hispanic,04/2023,0,50.5,29.833,
Zip Code,78744,Hispanic,05/2023,0,32.5,39.167,
Zip Code,78744,Hispanic,06/2023,0,48,39.667,
Zip Code,78744,Hispanic,07/2023,0,50,42.5,
Zip Code,78744,Hispanic,08/2023,0,25.5,44,
Zip Code,78744,Hispanic,09/2023,0,19.5,46.5,
Zip Code,78744,Hispanic,10/2023,0,13,42.333,
Zip Code,78744,Hispanic,11/2023,0,27.5,40,
Zip Code,78744,Hispanic,12/2023,0,23.5,41.5,
Zip Code,78744,Hispanic,01/2024,0,53.5,42.667,
Zip Code,78744,Hispanic,02/2024,0,52,41.833,
Zip Code,78744,Hispanic,03/2024,0,34.5,31.333,
Zip Code,78744,Hispanic,04/2024,0,50.5,29.833,
Zip Code,78744,Hispanic,05/2024,0,32.5,39.167,
Zip Code,78744,Hispanic,06/2024,0,48,39.667,
Zip Code,78744,Hispanic,07/2024,0,50,42.5,
Zip Code,78744,Hispanic,08/2024,0,25.5,44,
Zip Code,78744,Hispanic,09/2024,0,19.5,46.5,
Zip Code,78744,Hispanic,10/2024,0,13,42.333,
Zip Code,78744,Hispanic,11/2024,0,27.5,40,
Zip Code,78744,Hispanic,12/2024,0,23.5,41.5,
Zip Code,78744,Hispanic,01/2025,0,53.5,42.667,
Zip Code,78744,Hispanic,02/2025,0,52,41.667,
Zip Code,78744,Hispanic,03/2025,0,34.5,31.333,
Zip Code,78744,Hispanic,04/2025,0,50.5,29.833,
Zip Code,78744,Hispanic,05/2025,0,32.5,39.167,
Zip Code,78744,Hispanic,06/2025,0,48,39.667,
Zip Code,78744,Hispanic,07/2025,0,50,42.5,
Zip Code,78744,Hispanic,08/2025,0,16.5,21.833,2025-08-16
Zip Code,78745,White,01/2020,0,38.5,48.167,
Zip Code,78745,White,02/2020,0,36.5,40.5,
Zip Code,78745,White,03/2020,0,41.5,33.5,
Zip Code,78745,White,04/2020,0,36.5,34.333,
Zip Code,78745,White,05/2020,0,44,39.833,
Zip Code,78745,White,06/2020,0,48.5,39.5,
Zip Code,78745,White,07/2020,0,49,38.333,
Zip Code,78745,White,08/2020,0,38.5,49,
Zip Code,78745,White,09/2020,0,54.5,36.333,
Zip Code,78745,White,10/2020,0,55,44.5,
Zip Code,78745,White,11/2020,0,39,37,
Zip Code,78745,White,12/2020,0,48.5,38.167,
Zip Code,78745,White,01/2021,0,38.5,48.167,
Zip Code,78745,White,02/2021,0,36,40.333,
Zip Code,78745,White,03/2021,0,41.5,33.5,
Zip Code,78745,White,04/2021,0,36.5,34.333,
Zip Code,78745,White,05/2021,0,44,39.833,
Zip Code,78745,White,06/2021,0,48.5,39.5,
Zip Code,78745,White,07/2021,0,49,38.333,
Zip Code,78745,White,08/2021,0,38.5,49,
Zip Code,78745,White,09/2021,0,54.5,36.333,
Zip Code,78745,White,10/2021,0,55,44.5,
Zip Code,78745,White,11/2021,0,39,37,
Zip Code,78745,White,12/2021,0,48.5,38.167,
Zip Code,78745,White,01/2022,0,38.5,48.167,
Zip Code,78745,White,02/2022,0,36,40.333,
Zip Code,78745,White,03/2022,0,41.5,33.5,
Zip Code,78745,White,04/2022,0,36.5,34.333,
Zip Code,78745,White,05/2022,0,44,39.833,
Zip Code,78745,White,06/2022,0,48.5,39.5,
Zip Code,78745,White,07/2022,0,49,38.333,
Zip Code,78745,White,08/2022,0,38.5,49,
Zip Code,78745,White,09/2022,0,54.5,36.333,
Zip Code,78745,White,10/2022,0,55,44.5,
Zip Code,78745,White,11/2022,0,39,37,
Zip Code,78745,White,12/2022,0,48.5,38.167,
Zip Code,78745,White,01/2023,0,38.5,48.167,
Zip Code,78745,White,02/2023,0,36,40.333,
Zip Code,78745,White,03/2023,0,41.5,33.5,
Zip Code,78745,White,04/2023,0,36.5,34.333,
Zip Code,78745,White,05/2023,0,44,39.833,
Zip Code,78745,White,06/2023,0,48.5,39.5,
Zip Code,78745,White,07/2023,0,49,38.333,
Zip Code,78745,White,08/2023,0,38.5,49,
Zip Code,78745,White,09/2023,0,54.5,36.333,
Zip Code,78745,White,10/2023,0,55,44.5,
Zip Code,78745,White,11/2023,0,39,37,
Zip Code,78745,White,12/2023,0,48.5,38.167,
Zip Code,78745,White,01/2024,0,38.5,48.167,
Zip Code,78745,White,02/2024,0,36.5,40.5,
Zip Code,78745,White,03/2024,0,41.5,33.5,
Zip Code,78745,White,04/2024,0,36.5,34.333,
Zip Code,78745,White,05/2024,0,44,39.833,
Zip Code,78745,White,06/2024,0,48.5,39.5,
Zip Code,78745,White,07/2024,0,49,38.333,
Zip Code,78745,White,08/2024,0,38.5,49,
Zip Code,78745,White,09/2024,0,54.5,36.333,
Zip Code,78745,White,10/2024,0,55,44.5,
Zip Code,78745,White,11/2024,0,39,37,
Zip Code,78745,White,12/2024,0,48.5,38.167,
Zip Code,78745,White,01/2025,0,38.5,48.167,
Zip Code,78745,White,02/2025,0,36,40.333,
Zip Code,78745,White,03/2025,0,41.5,33.5,
Zip Code,78745,White,04/2025,0,36.5,34.333,
Zip Code,78745,White,05/2025,0,44,39.833,
Zip Code,78745,White,06/2025,0,48.5,39.5,
Zip Code,78745,White,07/2025,0,49,38.333,
Zip Code,78745,White,08/2025,0,15.5,26,2025-08-16
Zip Code,78746,White,01/2020,0,2.5,3.167,
Zip Code,78746,White,02/2020,0,6,2.333,
Zip Code,78746,White,03/2020,0,1.5,1.833,
Zip Code,78746,White,04/2020,0,3,1.667,
Zip Code,78746,White,05/2020,0,3,1.833,
Zip Code,78746,White,06/2020,0,4,2.667,
Zip Code,78746,White,07/2020,0,1.5,1.333,
Zip Code,78746,White,08/2020,0,2.5,1.833,
Zip Code,78746,White,09/2020,0,4,2.167,
Zip Code,78746,White,10/2020,0,3,2.667,
Zip Code,78746,White,11/2020,0,3.5,3,
Zip Code,78746,White,12/2020,0,3,3.167,
Zip Code,78746,White,01/2021,0,2.5,3.167,
Zip Code,78746,White,02/2021,0,6,2.333,
Zip Code,78746,White,03/2021,0,1.5,1.833,
Zip Code,78746,White,04/2021,0,3,1.667,
Zip Code,78746,White,05/2021,0,3,1.833,
Zip Code,78746,White,06/2021,0,4,2.667,
Zip Code,78746,White,07/2021,0,1.5,1.333,
Zip Code,78746,White,08/2021,0,2.5,1.833,
Zip Code,78746,White,09/2021,0,4,2.167,
Zip Code,78746,White,10/2021,0,3,2.667,
Zip Code,78746,White,11/2021,0,3.5,3,
Zip Code,78746,White,12/2021,0,3,3.167,
Zip Code,78746,White,01/2022,0,2.5,3.167,
Zip Code,78746,White,02/2022,0,6,2.333,
Zip Code,78746,White,03/2022,0,1.5,1.833,
Zip Code,78746,White,04/2022,0,3,1.667,
Zip Code,78746,White,05/2022,0,3,1.833,
Zip Code,78746,White,06/2022,0,4,2.667,
Zip Code,78746,White,07/2022,0,1.5,1.333,
Zip Code,78746,White,08/2022,0,2.5,1.833,
Zip Code,78746,White,09/2022,0,4,2.167,
Zip Code,78746,White,10/2022,0,3,2.667,
Zip Code,78746,White,11/2022,0,3.5,3,
Zip Code,78746,White,12/2022,0,3,3.167,
Zip Code,78746,White,01/2023,0,2.5,3.167,
Zip Code,78746,White,02/2023,0,6,2.333,
Zip Code,78746,White,03/2023,0,1.5,1.833,
Zip Code,78746,White,04/2023,0,3,1.667,
Zip Code,78746,White,05/2023,0,3,1.833,
Zip Code,78746,White,06/2023,0,4,2.667,
Zip Code,78746,White,07/2023,0,1.5,1.333,
Zip Code,78746,White,08/2023,0,2.5,1.833,
Zip Code,78746,White,09/2023,0,4,2.167,
Zip Code,78746,White,10/2023,0,3,2.667,
Zip Code,78746,White,11/2023,0,3.5,3,
Zip Code,78746,White,12/2023,0,3,3.167,
Zip Code,78746,White,01/2024,0,2.5,3.167,
Zip Code,78746,White,02/2024,0,6,2.333,
Zip Code,78746,White,03/2024,0,1.5,1.833,
Zip Code,78746,White,04/2024,0,3,1.667,
Zip Code,78746,White,05/2024,0,3,1.833,
Zip Code,78746,White,06/2024,0,4,2.667,
Zip Code,78746,White,07/2024,0,1.5,1.333,
Zip Code,78746,White,08/2024,0,2.5,1.833,
Zip Code,78746,White,09/2024,0,4,2.167,
Zip Code,78746,White,10/2024,0,3,2.667,
Zip Code,78746,White,11/2024,0,3.5,3,
Zip Code,78746,White,12/2024,0,3,3.167,
Zip Code,78746,White,01/2025,0,2.5,3.167,
Zip Code,78746,White,02/2025,0,6,2.333,
Zip Code,78746,White,03/2025,0,1.5,1.833,
Zip Code,78746,White,04/2025,0,3,1.667,
Zip Code,78746,White,05/2025,0,3,1.833,
Zip Code,78746,White,06/2025,0,4,2.667,
Zip Code,78746,White,07/2025,0,1.5,1.333,
Zip Code,78746,White,08/2025,0,2,0.833,2025-08-16
Zip Code,78747,Hispanic,01/2020,0,32,16.333,
Zip Code,78747,Hispanic,02/2020,0,25,8.667,
Zip Code,78747,Hispanic,03/2020,0,14.5,8,
Zip Code,78747,Hispanic,04/2020,0,16,9.667,
Zip Code,78747,Hispanic,05/2020,0,16,9.833,
Zip Code,78747,Hispanic,06/2020,0,19.5,15.833,
Zip Code,78747,Hispanic,07/2020,0,26.5,15.5,
Zip Code,78747,Hispanic,08/2020,0,16,18.333,
Zip Code,78747,Hispanic,09/2020,0,13.5,16.167,
Zip Code,78747,Hispanic,10/2020,0,10,13.833,
Zip Code,78747,Hispanic,11/2020,0,12.5,13.5,
Zip Code,78747,Hispanic,12/2020,0,11.5,14,
Zip Code,78747,Hispanic,01/2021,0,32,16.333,
Zip Code,78747,Hispanic,02/2021,0,25,8.5,
Zip Code,78747,Hispanic,03/2021,0,14.5,8,
Zip Code,78747,Hispanic,04/2021,0,16,9.667,
Zip Code,78747,Hispanic,05/2021,0,16,9.833,
Zip Code,78747,Hispanic,06/2021,0,19.5,15.833,
Zip Code,78747,Hispanic,07/2021,0,26.5,15.5,
Zip Code,78747,Hispanic,08/2021,0,16,18.333,
Zip Code,78747,Hispanic,09/2021,0,13.5,16.167,
Zip Code,78747,Hispanic,10/2021,0,10,13.833,
Zip Code,78747,Hispanic,11/2021,0,12.5,13.5,
Zip Code,78747,Hispanic,12/2021,0,11.5,14,
Zip Code,78747,Hispanic,01/2022,0,32,16.333,
Zip Code,78747,Hispanic,02/2022,0,25,8.5,
Zip Code,78747,Hispanic,03/2022,0,14.5,8,
Zip Code,78747,Hispanic,04/2022,0,16,9.667,
Zip Code,78747,Hispanic,05/2022,0,16,9.833,
Zip Code,78747,Hispanic,06/2022,0,19.5,15.833,
Zip Code,78747,Hispanic,07/2022,0,26.5,15.5,
Zip Code,78747,Hispanic,08/2022,0,16,18.333,
Zip Code,78747,Hispanic,09/2022,0,13.5,16.167,
Zip Code,78747,Hispanic,10/2022,0,10,13.833,
Zip Code,78747,Hispanic,11/2022,0,12.5,13.5,
Zip Code,78747,Hispanic,12/2022,0,11.5,14,
Zip Code,78747,Hispanic,01/2023,0,32,16.333,
Zip Code,78747,Hispanic,02/2023,0,25,8.5,
Zip Code,78747,Hispanic,03/2023,0,14.5,8,
Zip Code,78747,Hispanic,04/2023,0,16,9.667,
Zip Code,78747,Hispanic,05/2023,0,16,9.833,
Zip Code,78747,Hispanic,06/2023,0,19.5,15.833,
Zip Code,78747,Hispanic,07/2023,0,26.5,15.5,
Zip Code,78747,Hispanic,08/2023,0,16,18.333,
Zip Code,78747,Hispanic,09/2023,0,13.5,16.167,
Zip Code,78747,Hispanic,10/2023,0,10,13.833,
Zip Code,78747,Hispanic,11/2023,0,12.5,13.5,
Zip Code,78747,Hispanic,12/2023,0,11.5,14,
Zip Code,78747,Hispanic,01/2024,0,32,16.333,
Zip Code,78747,Hispanic,02/2024,0,25,8.667,
Zip Code,78747,Hispanic,03/2024,0,14.5,8,
Zip Code,78747,Hispanic,04/2024,0,16,9.667,
Zip Code,78747,Hispanic,05/2024,0,16,9.833,
Zip Code,78747,Hispanic,06/2024,0,19.5,15.833,
Zip Code,78747,Hispanic,07/2024,0,26.5,15.5,
Zip Code,78747,Hispanic,08/2024,0,16,18.333,
Zip Code,78747,Hispanic,09/2024,0,13.5,16.167,
Zip Code,78747,Hispanic,10/2024,0,10,13.833,
Zip Code,78747,Hispanic,11/2024,0,12.5,13.5,
Zip Code,78747,Hispanic,12/2024,0,11.5,14,
Zip Code,78747,Hispanic,01/2025,0,32,16.333,
Zip Code,78747,Hispanic,02/2025,0,25,8.5,
Zip Code,78747,Hispanic,03/2025,0,14.5,8,
Zip Code,78747,Hispanic,04/2025,0,16,9.667,
Zip Code,78747,Hispanic,05/2025,0,16,9.833,
Zip Code,78747,Hispanic,06/2025,0,19.5,15.833,
Zip Code,78747,Hispanic,07/2025,0,26.5,15.5,
Zip Code,78747,Hispanic,08/2025,0,10,11.833,2025-08-16
Zip Code,78748,Other,01/2020,0,29.5,26,
Zip Code,78748,Other,02/2020,0,32.5,24.5,
Zip Code,78748,Other,03/2020,0,29.5,20.833,
Zip Code,78748,Other,04/2020,0,20.5,23.5,
Zip Code,78748,Other,05/2020,0,31,24,
Zip Code,78748,Other,06/2020,0,30,26.5,
Zip Code,78748,Other,07/2020,0,29.5,28.167,
Zip Code,78748,Other,08/2020,0,33.5,29.833,
Zip Code,78748,Other,09/2020,0,23.5,28,
Zip Code,78748,Other,10/2020,0,31.5,24,
Zip Code,78748,Other,11/2020,0,33,23.667,
Zip Code,78748,Other,12/2020,0,26.5,27,
Zip Code,78748,Other,01/2021,0,29.5,26,
Zip Code,78748,Other,02/2021,0,32,24.167,
Zip Code,78748,Other,03/2021,0,29.5,20.833,
Zip Code,78748,Other,04/2021,0,20.5,23.5,
Zip Code,78748,Other,05/2021,0,31,24,
Zip Code,78748,Other,06/2021,0,30,26.5,
Zip Code,78748,Other,07/2021,0,29.5,28.167,
Zip Code,78748,Other,08/2021,0,33.5,29.833,
Zip Code,78748,Other,09/2021,0,23.5,28,
Zip Code,78748,Other,10/2021,0,31.5,24,
Zip Code,78748,Other,11/2021,0,33,23.667,
Zip Code,78748,Other,12/2021,0,26.5,27,
Zip Code,78748,Other,01/2022,0,29.5,26,
Zip Code,78748,Other,02/2022,0,32,24.167,
Zip Code,78748,Other,03/2022,0,29.5,20.833,
Zip Code,78748,Other,04/2022,0,20.5,23.5,
Zip Code,78748,Other,05/2022,0,31,24,
Zip Code,78748,Other,06/2022,0,30,26.5,
Zip Code,78748,Other,07/2022,0,29.5,28.167,
Zip Code,78748,Other,08/2022,0,33.5,29.833,
Zip Code,78748,Other,09/2022,0,23.5,28,
Zip Code,78748,Other,10/2022,0,31.5,24,
Zip Code,78748,Other,11/2022,0,33,23.667,
Zip Code,78748,Other,12/2022,0,26.5,27,
Zip Code,78748,Other,01/2023,0,29.5,26,
Zip Code,78748,Other,02/2023,0,32,24.167,
Zip Code,78748,Other,03/2023,0,29.5,20.833,
Zip Code,78748,Other,04/2023,0,20.5,23.5,
Zip Code,78748,Other,05/2023,0,31,24,
Zip Code,78748,Other,06/2023,0,30,26.5,
Zip Code,78748,Other,07/2023,0,29.5,28.167,
Zip Code,78748,Other,08/2023,0,33.5,29.833,
Zip Code,78748,Other,09/2023,0,23.5,28,
Zip Code,78748,Other,10/2023,0,31.5,24,
Zip Code,78748,Other,11/2023,0,33,23.667,
Zip Code,78748,Other,12/2023,0,26.5,27,
Zip Code,78748,Other,01/2024,0,29.5,26,
Zip Code,78748,Other,02/2024,0,32.5,24.5,
Zip Code,78748,Other,03/2024,0,29.5,20.833,
Zip Code,78748,Other,04/2024,0,20.5,23.5,
Zip Code,78748,Other,05/2024,0,31,24,
Zip Code,78748,Other,06/2024,0,30,26.5,
Zip Code,78748,Other,07/2024,0,29.5,28.167,
Zip Code,78748,Other,08/2024,0,33.5,29.833,
Zip Code,78748,Other,09/2024,0,23.5,28,
Zip Code,78748,Other,10/2024,0,31.5,24,
Zip Code,78748,Other,11/2024,0,33,23.667,
Zip Code,78748,Other,12/2024,0,26.5,27,
Zip Code,78748,Other,01/2025,0,29.5,26,
Zip Code,78748,Other,02/2025,0,32,24.167,
Zip Code,78748,Other,03/2025,0,29.5,20.833,
Zip Code,78748,Other,04/2025,0,20.5,23.5,
Zip Code,78748,Other,05/2025,0,31,24,
Zip Code,78748,Other,06/2025,0,30,26.5,
Zip Code,78748,Other,07/2025,0,29.5,28.167,
Zip Code,78748,Other,08/2025,0,14.5,13.833,2025-08-16
Zip Code,78749,White,01/2020,0,14,6,
Zip Code,78749,White,02/2020,0,6,5.167,
Zip Code,78749,White,03/2020,0,9,7.333,
Zip Code,78749,White,04/2020,0,9,5.167,
Zip Code,78749,White,05/2020,0,8.5,6,
Zip Code,78749,White,06/2020,0,7.5,6.5,
Zip Code,78749,White,07/2020,0,5,5.333,
Zip Code,78749,White,08/2020,0,9.5,7.5,
Zip Code,78749,White,09/2020,0,11.5,7.5,
Zip Code,78749,White,10/2020,0,11.5,6.5,
Zip Code,78749,White,11/2020,0,9.5,6,
Zip Code,78749,White,12/2020,0,10.5,8.667,
Zip Code,78749,White,01/2021,0,14,6,
Zip Code,78749,White,02/2021,0,5.5,5.167,
Zip Code,78749,White,03/2021,0,9,7.333,
Zip Code,78749,White,04/2021,0,9,5.167,
Zip Code,78749,White,05/2021,0,8.5,6,
Zip Code,78749,White,06/2021,0,7.5,6.5,
Zip Code,78749,White,07/2021,0,5,5.333,
Zip Code,78749,White,08/2021,0,9.5,7.5,
Zip Code,78749,White,09/2021,0,11.5,7.5,
Zip Code,78749,White,10/2021,0,11.5,6.5,
Zip Code,78749,White,11/2021,0,9.5,6,
Zip Code,78749,White,12/2021,0,10.5,8.667,
Zip Code,78749,White,01/2022,0,14,6,
Zip Code,78749,White,02/2022,0,5.5,5.167,
Zip Code,78749,White,03/2022,0,9,7.333,
Zip Code,78749,White,04/2022,0,9,5.167,
Zip Code,78749,White,05/2022,0,8.5,6,
Zip Code,78749,White,06/2022,0,7.5,6.5,
Zip Code,78749,White,07/2022,0,5,5.333,
Zip Code,78749,White,08/2022,0,9.5,7.5,
Zip Code,78749,White,09/2022,0,11.5,7.5,
Zip Code,78749,White,10/2022,0,11.5,6.5,
Zip Code,78749,White,11/2022,0,9.5,6,
Zip Code,78749,White,12/2022,0,10.5,8.667,
Zip Code,78749,White,01/2023,0,14,6,
Zip Code,78749,White,02/2023,0,5.5,5.167,
Zip Code,78749,White,03/2023,0,9,7.333,
Zip Code,78749,White,04/2023,0,9,5.167,
Zip Code,78749,White,05/2023,0,8.5,6,
Zip Code,78749,White,06/2023,0,7.5,6.5,
Zip Code,78749,White,07/2023,0,5,5.333,
Zip Code,78749,White,08/2023,0,9.5,7.5,
Zip Code,78749,White,09/2023,0,11.5,7.5,
Zip Code,78749,White,10/2023,0,11.5,6.5,
Zip Code,78749,White,11/2023,0,9.5,6,
Zip Code,78749,White,12/2023,0,10.5,8.667,
Zip Code,78749,White,01/2024,0,14,6,
Zip Code,78749,White,02/2024,0,6,5.167,
Zip Code,78749,White,03/2024,0,9,7.333,
Zip Code,78749,White,04/2024,0,9,5.167,
Zip Code,78749,White,05/2024,0,8.5,6,
Zip Code,78749,White,06/2024,0,7.5,6.5,
Zip Code,78749,White,07/2024,0,5,5.333,
Zip Code,78749,White,08/2024,0,9.5,7.5,
Zip Code,78749,White,09/2024,0,11.5,7.5,
Zip Code,78749,White,10/2024,0,11.5,6.5,
Zip Code,78749,White,11/2024,0,9.5,6,
Zip Code,78749,White,12/2024,0,10.5,8.667,
Zip Code,78749,White,01/2025,0,14,6,
Zip Code,78749,White,02/2025,0,5.5,5.167,
Zip Code,78749,White,03/2025,0,9,7.333,
Zip Code,78749,White,04/2025,0,9,5.167,
Zip Code,78749,White,05/2025,0,8.5,6,
Zip Code,78749,White,06/2025,0,7.5,6.5,
Zip Code,78749,White,07/2025,0,5,5.333,
Zip Code,78749,White,08/2025,0,5.5,2.167,2025-08-16
Zip Code,78750,White,01/2020,0,1.5,4,
Zip Code,78750,White,02/2020,0,6,2.167,
Zip Code,78750,White,03/2020,0,5,2,
Zip Code,78750,White,04/2020,0,2.5,3.667,
Zip Code,78750,White,05/2020,0,0,2,
Zip Code,78750,White,06/2020,0,2.5,4.333,
Zip Code,78750,White,07/2020,0,5,2.833,
Zip Code,78750,White,08/2020,0,1.5,2.667,
Zip Code,78750,White,09/2020,0,4.5,3.5,
Zip Code,78750,White,10/2020,0,12,3.5,
Zip Code,78750,White,11/2020,0,3.5,1.833,
Zip Code,78750,White,12/2020,0,4,3.5,
Zip Code,78750,White,01/2021,0,1.5,4,
Zip Code,78750,White,02/2021,0,6,2,
Zip Code,78750,White,03/2021,0,5,2,
Zip Code,78750,White,04/2021,0,2.5,3.667,
Zip Code,78750,White,05/2021,0,0,2,
Zip Code,78750,White,06/2021,0,2.5,4.333,
Zip Code,78750,White,07/2021,0,5,2.833,
Zip Code,78750,White,08/2021,0,1.5,2.667,
Zip Code,78750,White,09/2021,0,4.5,3.5,
Zip Code,78750,White,10/2021,0,12,3.5,
Zip Code,78750,White,11/2021,0,3.5,1.833,
Zip Code,78750,White,12/2021,0,4,3.5,
Zip Code,78750,White,01/2022,0,1.5,4,
Zip Code,78750,White,02/2022,0,6,2,
Zip Code,78750,White,03/2022,0,5,2,
Zip Code,78750,White,04/2022,0,2.5,3.667,
Zip Code,78750,White,05/2022,0,0,2,
Zip Code,78750,White,06/2022,0,2.5,4.333,
Zip Code,78750,White,07/2022,0,5,2.833,
Zip Code,78750,White,08/2022,0,1.5,2.667,
Zip Code,78750,White,09/2022,0,4.5,3.5,
Zip Code,78750,White,10/2022,0,12,3.5,
Zip Code,78750,White,11/2022,0,3.5,1.833,
Zip Code,78750,White,12/2022,0,4,3.5,
Zip Code,78750,White,01/2023,0,1.5,4,
Zip Code,78750,White,02/2023,0,6,2,
Zip Code,78750,White,03/2023,0,5,2,
Zip Code,78750,White,04/2023,0,2.5,3.667,
Zip Code,78750,White,05/2023,0,0,2,
Zip Code,78750,White,06/2023,0,2.5,4.333,
Zip Code,78750,White,07/2023,0,5,2.833,
Zip Code,78750,White,08/2023,0,1.5,2.667,
Zip Code,78750,White,09/2023,0,4.5,3.5,
Zip Code,78750,White,10/2023,0,12,3.5,
Zip Code,78750,White,11/2023,0,3.5,1.833,
Zip Code,78750,White,12/2023,0,4,3.5,
Zip Code,78750,White,01/2024,0,1.5,4,
Zip Code,78750,White,02/2024,0,6,2.167,
Zip Code,78750,White,03/2024,0,5,2,
Zip Code,78750,White,04/2024,0,2.5,3.667,
Zip Code,78750,White,05/2024,0,0,2,
Zip Code,78750,White,06/2024,0,2.5,4.333,
Zip Code,78750,White,07/2024,0,5,2.833,
Zip Code,78750,White,08/2024,0,1.5,2.667,
Zip Code,78750,White,09/2024,0,4.5,3.5,
Zip Code,78750,White,10/2024,0,12,3.5,
Zip Code,78750,White,11/2024,0,3.5,1.833,
Zip Code,78750,White,12/2024,0,4,3.5,
Zip Code,78750,White,01/2025,0,1.5,4,
Zip Code,78750,White,02/2025,0,6,2,
Zip Code,78750,White,03/2025,0,5,2,
Zip Code,78750,White,04/2025,0,2.5,3.667,
Zip Code,78750,White,05/2025,0,0,2,
Zip Code,78750,White,06/2025,0,2.5,4.333,
Zip Code,78750,White,07/2025,0,5,2.833,
Zip Code,78750,White,08/2025,0,1,1.833,2025-08-16
Zip Code,78751,White,01/2020,0,12.5,7.5,
Zip Code,78751,White,02/2020,0,14.5,7.667,
Zip Code,78751,White,03/2020,0,9.5,7.667,
Zip Code,78751,White,04/2020,0,9.5,7.5,
Zip Code,78751,White,05/2020,0,13,9.167,
Zip Code,78751,White,06/2020,0,12.5,6.667,
Zip Code,78751,White,07/2020,0,9,8.333,
Zip Code,78751,White,08/2020,0,11,6.833,
Zip Code,78751,White,09/2020,0,9.5,6.667,
Zip Code,78751,White,10/2020,0,12,6.833,
Zip Code,78751,White,11/2020,0,13,7.667,
Zip Code,78751,White,12/2020,0,10.5,8.167,
Zip Code,78751,White,01/2021,0,12.5,7.5,
Zip Code,78751,White,02/2021,0,14.5,7.667,
Zip Code,78751,White,03/2021,0,9.5,7.667,
Zip Code,78751,White,04/2021,0,9.5,7.5,
Zip Code,78751,White,05/2021,0,13,9.167,
Zip Code,78751,White,06/2021,0,12.5,6.667,
Zip Code,78751,White,07/2021,0,9,8.333,
Zip Code,78751,White,08/2021,0,11,6.833,
Zip Code,78751,White,09/2021,0,9.5,6.667,
Zip Code,78751,White,10/2021,0,12,6.833,
Zip Code,78751,White,11/2021,0,13,7.667,
Zip Code,78751,White,12/2021,0,10.5,8.167,
Zip Code,78751,White,01/2022,0,12.5,7.5,
Zip Code,78751,White,02/2022,0,14.5,7.667,
Zip Code,78751,White,03/2022,0,9.5,7.667,
Zip Code,78751,White,04/2022,0,9.5,7.5,
Zip Code,78751,White,05/2022,0,13,9.167,
Zip Code,78751,White,06/2022,0,12.5,6.667,
Zip Code,78751,White,07/2022,0,9,8.333,
Zip Code,78751,White,08/2022,0,11,6.833,
Zip Code,78751,White,09/2022,0,9.5,6.667,
Zip Code,78751,White,10/2022,0,12,6.833,
Zip Code,78751,White,11/2022,0,13,7.667,
Zip Code,78751,White,12/2022,0,10.5,8.167,
Zip Code,78751,White,01/2023,0,12.5,7.5,
Zip Code,78751,White,02/2023,0,14.5,7.667,
Zip Code,78751,White,03/2023,0,9.5,7.667,
Zip Code,78751,White,04/2023,0,9.5,7.5,
Zip Code,78751,White,05/2023,0,13,9.167,
Zip Code,78751,White,06/2023,0,12.5,6.667,
Zip Code,78751,White,07/2023,0,9,8.333,
Zip Code,78751,White,08/2023,0,11,6.833,
Zip Code,78751,White,09/2023,0,9.5,6.667,
Zip Code,78751,White,10/2023,0,12,6.833,
Zip Code,78751,White,11/2023,0,13,7.667,
Zip Code,78751,White,12/2023,0,10.5,8.167,
Zip Code,78751,White,01/2024,0,12.5,7.5,
Zip Code,78751,White,02/2024,0,14.5,7.667,
Zip Code,78751,White,03/2024,0,9.5,7.667,
Zip Code,78751,White,04/2024,0,9.5,7.5,
Zip Code,78751,White,05/2024,0,13,9.167,
Zip Code,78751,White,06/2024,0,12.5,6.667,
Zip Code,78751,White,07/2024,0,9,8.333,
Zip Code,78751,White,08/2024,0,11,6.833,
Zip Code,78751,White,09/2024,0,9.5,6.667,
Zip Code,78751,White,10/2024,0,12,6.833,
Zip Code,78751,White,11/2024,0,13,7.667,
Zip Code,78751,White,12/2024,0,10.5,8.167,
Zip Code,78751,White,01/2025,0,12.5,7.5,
Zip Code,78751,White,02/2025,0,14.5,7.667,
Zip Code,78751,White,03/2025,0,9.5,7.667,
Zip Code,78751,White,04/2025,0,9.5,7.5,
Zip Code,78751,White,05/2025,0,13,9.167,
Zip Code,78751,White,06/2025,0,12.5,6.667,
Zip Code,78751,White,07/2025,0,9,8.333,
Zip Code,78751,White,08/2025,0,6,3.667,2025-08-16
Zip Code,78752,Other,01/2020,0,17,29.5,
Zip Code,78752,Other,02/2020,0,20,19.167,
Zip Code,78752,Other,03/2020,0,27,15.833,
Zip Code,78752,Other,04/2020,0,18,21.5,
Zip Code,78752,Other,05/2020,0,13.5,23.667,
Zip Code,78752,Other,06/2020,0,8.5,32.833,
Zip Code,78752,Other,07/2020,0,21.5,31.5,
Zip Code,78752,Other,08/2020,0,13.5,25.167,
Zip Code,78752,Other,09/2020,0,24,22,
Zip Code,78752,Other,10/2020,0,22,23.5,
Zip Code,78752,Other,11/2020,0,18.5,25.333,
Zip Code,78752,Other,12/2020,0,17,18.833,
Zip Code,78752,Other,01/2021,0,17,29.5,
Zip Code,78752,Other,02/2021,0,17.5,19.167,
Zip Code,78752,Other,03/2021,0,27,15.833,
Zip Code,78752,Other,04/2021,0,18,21.5,
Zip Code,78752,Other,05/2021,0,13.5,23.667,
Zip Code,78752,Other,06/2021,0,8.5,32.833,
Zip Code,78752,Other,07/2021,0,21.5,31.5,
Zip Code,78752,Other,08/2021,0,13.5,25.167,
Zip Code,78752,Other,09/2021,0,24,22,
Zip Code,78752,Other,10/2021,0,22,23.5,
Zip Code,78752,Other,11/2021,0,18.5,25.333,
Zip Code,78752,Other,12/2021,0,17,18.833,
Zip Code,78752,Other,01/2022,0,17,29.5,
Zip Code,78752,Other,02/2022,0,17.5,19.167,
Zip Code,78752,Other,03/2022,0,27,15.833,
Zip Code,78752,Other,04/2022,0,18,21.5,
Zip Code,78752,Other,05/2022,0,13.5,23.667,
Zip Code,78752,Other,06/2022,0,8.5,32.833,
Zip Code,78752,Other,07/2022,0,21.5,31.5,
Zip Code,78752,Other,08/2022,0,13.5,25.167,
Zip Code,78752,Other,09/2022,0,24,22,
Zip Code,78752,Other,10/2022,0,22,23.5,
Zip Code,78752,Other,11/2022,0,18.5,25.333,
Zip Code,78752,Other,12/2022,0,17,18.833,
Zip Code,78752,Other,01/2023,0,17,29.5,
Zip Code,78752,Other,02/2023,0,17.5,19.167,
Zip Code,78752,Other,03/2023,0,27,15.833,
Zip Code,78752,Other,04/2023,0,18,21.5,
Zip Code,78752,Other,05/2023,0,13.5,23.667,
Zip Code,78752,Other,06/2023,0,8.5,32.833,
Zip Code,78752,Other,07/2023,0,21.5,31.5,
Zip Code,78752,Other,08/2023,0,13.5,25.167,
Zip Code,78752,Other,09/2023,0,24,22,
Zip Code,78752,Other,10/2023,0,22,23.5,
Zip Code,78752,Other,11/2023,0,18.5,25.333,
Zip Code,78752,Other,12/2023,0,17,18.833,
Zip Code,78752,Other,01/2024,0,17,29.5,
Zip Code,78752,Other,02/2024,0,20,19.167,
Zip Code,78752,Other,03/2024,0,27,15.833,
Zip Code,78752,Other,04/2024,0,18,21.5,
Zip Code,78752,Other,05/2024,0,13.5,23.667,
Zip Code,78752,Other,06/2024,0,8.5,32.833,
Zip Code,78752,Other,07/2024,0,21.5,31.5,
Zip Code,78752,Other,08/2024,0,13.5,25.167,
Zip Code,78752,Other,09/2024,0,24,22,
Zip Code,78752,Other,10/2024,0,22,23.5,
Zip Code,78752,Other,11/2024,0,18.5,25.333,
Zip Code,78752,Other,12/2024,0,17,18.833,
Zip Code,78752,Other,01/2025,0,17,29.5,
Zip Code,78752,Other,02/2025,0,17.5,19.167,
Zip Code,78752,Other,03/2025,0,27,15.833,
Zip Code,78752,Other,04/2025,0,18,21.5,
Zip Code,78752,Other,05/2025,0,13.5,23.667,
Zip Code,78752,Other,06/2025,0,8.5,32.833,
Zip Code,78752,Other,07/2025,0,21.5,31.5,
Zip Code,78752,Other,08/2025,0,5.5,15.167,2025-08-16
Zip Code,78753,Hispanic,01/2020,0,90,85.333,
Zip Code,78753,Hispanic,02/2020,0,91.5,64,
Zip Code,78753,Hispanic,03/2020,0,95,50,
Zip Code,78753,Hispanic,04/2020,0,74,66.167,
Zip Code,78753,Hispanic,05/2020,0,98.5,63.333,
Zip Code,78753,Hispanic,06/2020,0,88.5,71.667,
Zip Code,78753,Hispanic,07/2020,0,84.5,77.333,
Zip Code,78753,Hispanic,08/2020,0,92,75,
Zip Code,78753,Hispanic,09/2020,0,98.5,78.833,
Zip Code,78753,Hispanic,10/2020,0,119,82.333,
Zip Code,78753,Hispanic,11/2020,0,78,72.333,
Zip Code,78753,Hispanic,12/2020,0,99.5,73.167,
Zip Code,78753,Hispanic,01/2021,0,90,85.333,
Zip Code,78753,Hispanic,02/2021,0,84,64,
Zip Code,78753,Hispanic,03/2021,0,95,50,
Zip Code,78753,Hispanic,04/2021,0,74,66.167,
Zip Code,78753,Hispanic,05/2021,0,98.5,63.333,
Zip Code,78753,Hispanic,06/2021,0,88.5,71.667,
Zip Code,78753,Hispanic,07/2021,0,84.5,77.333,
Zip Code,78753,Hispanic,08/2021,0,92,75,
Zip Code,78753,Hispanic,09/2021,0,98.5,78.833,
Zip Code,78753,Hispanic,10/2021,0,119,82.333,
Zip Code,78753,Hispanic,11/2021,0,78,72.333,
Zip Code,78753,Hispanic,12/2021,0,99.5,73.167,
Zip Code,78753,Hispanic,01/2022,0,90,85.333,
Zip Code,78753,Hispanic,02/2022,0,84,64,
Zip Code,78753,Hispanic,03/2022,0,95,50,
Zip Code,78753,Hispanic,04/2022,0,74,66.167,
Zip Code,78753,Hispanic,05/2022,0,98.5,63.333,
Zip Code,78753,Hispanic,06/2022,0,88.5,71.667,
Zip Code,78753,Hispanic,07/2022,0,84.5,77.333,
Zip Code,78753,Hispanic,08/2022,0,92,75,
Zip Code,78753,Hispanic,09/2022,0,98.5,78.833,
Zip Code,78753,Hispanic,10/2022,0,119,82.333,
Zip Code,78753,Hispanic,11/2022,0,78,72.333,
Zip Code,78753,Hispanic,12/2022,0,99.5,73.167,
Zip Code,78753,Hispanic,01/2023,0,90,85.333,
Zip Code,78753,Hispanic,02/2023,0,84,64,
Zip Code,78753,Hispanic,03/2023,0,95,50,
Zip Code,78753,Hispanic,04/2023,0,74,66.167,
Zip Code,78753,Hispanic,05/2023,0,98.5,63.333,
Zip Code,78753,Hispanic,06/2023,0,88.5,71.667,
Zip Code,78753,Hispanic,07/2023,0,84.5,77.333,
Zip Code,78753,Hispanic,08/2023,0,92,75,
Zip Code,78753,Hispanic,09/2023,0,98.5,78.833,
Zip Code,78753,Hispanic,10/2023,0,119,82.333,
Zip Code,78753,Hispanic,11/2023,0,78,72.333,
Zip Code,78753,Hispanic,12/2023,0,99.5,73.167,
Zip Code,78753,Hispanic,01/2024,0,90,85.333,
Zip Code,78753,Hispanic,02/2024,0,91.5,64,
Zip Code,78753,Hispanic,03/2024,0,95,50,
Zip Code,78753,Hispanic,04/2024,0,74,66.167,
Zip Code,78753,Hispanic,05/2024,0,98.5,63.333,
Zip Code,78753,Hispanic,06/2024,0,88.5,71.667,
Zip Code,78753,Hispanic,07/2024,0,84.5,77.333,
Zip Code,78753,Hispanic,08/2024,0,92,75,
Zip Code,78753,Hispanic,09/2024,0,98.5,78.833,
Zip Code,78753,Hispanic,10/2024,0,119,82.333,
Zip Code,78753,Hispanic,11/2024,0,78,72.333,
Zip Code,78753,Hispanic,12/2024,0,99.5,73.167,
Zip Code,78753,Hispanic,01/2025,0,90,85.333,
Zip Code,78753,Hispanic,02/2025,0,84,64,
Zip Code,78753,Hispanic,03/2025,0,95,50,
Zip Code,78753,Hispanic,04/2025,0,74,66.167,
Zip Code,78753,Hispanic,05/2025,0,98.5,63.333,
Zip Code,78753,Hispanic,06/2025,0,88.5,71.667,
Zip Code,78753,Hispanic,07/2025,0,84.5,77.333,
Zip Code,78753,Hispanic,08/2025,0,48.5,36.167,2025-08-16
Zip Code,78754,Other,01/2020,0,24,22.333,
Zip Code,78754,Other,02/2020,0,29,14.167,
Zip Code,78754,Other,03/2020,0,26,15.667,
Zip Code,78754,Other,04/2020,0,19.5,16.333,
Zip Code,78754,Other,05/2020,0,23,15.333,
Zip Code,78754,Other,06/2020,0,30.5,19.667,
Zip Code,78754,Other,07/2020,0,32,23,
Zip Code,78754,Other,08/2020,0,30.5,22,
Zip Code,78754,Other,09/2020,0,25.5,20.833,
Zip Code,78754,Other,10/2020,0,37.5,21.833,
Zip Code,78754,Other,11/2020,0,31.5,21.667,
Zip Code,78754,Other,12/2020,0,27.5,19.5,
Zip Code,78754,Other,01/2021,0,24,22.333,
Zip Code,78754,Other,02/2021,0,29,14.167,
Zip Code,78754,Other,03/2021,0,26,15.667,
Zip Code,78754,Other,04/2021,0,19.5,16.333,
Zip Code,78754,Other,05/2021,0,23,15.333,
Zip Code,78754,Other,06/2021,0,30.5,19.667,
Zip Code,78754,Other,07/2021,0,32,23,
Zip Code,78754,Other,08/2021,0,30.5,22,
Zip Code,78754,Other,09/2021,0,25.5,20.833,
Zip Code,78754,Other,10/2021,0,37.5,21.833,
Zip Code,78754,Other,11/2021,0,31.5,21.667,
Zip Code,78754,Other,12/2021,0,27.5,19.5,
Zip Code,78754,Other,01/2022,0,24,22.333,
Zip Code,78754,Other,02/2022,0,29,14.167,
Zip Code,78754,Other,03/2022,0,26,15.667,
Zip Code,78754,Other,04/2022,0,19.5,16.333,
Zip Code,78754,Other,05/2022,0,23,15.333,
Zip Code,78754,Other,06/2022,0,30.5,19.667,
Zip Code,78754,Other,07/2022,0,32,23,
Zip Code,78754,Other,08/2022,0,30.5,22,
Zip Code,78754,Other,09/2022,0,25.5,20.833,
Zip Code,78754,Other,10/2022,0,37.5,21.833,
Zip Code,78754,Other,11/2022,0,31.5,21.667,
Zip Code,78754,Other,12/2022,0,27.5,19.5,
Zip Code,78754,Other,01/2023,0,24,22.333,
Zip Code,78754,Other,02/2023,0,29,14.167,
Zip Code,78754,Other,03/2023,0,26,15.667,
Zip Code,78754,Other,04/2023,0,19.5,16.333,
Zip Code,78754,Other,05/2023,0,23,15.333,
Zip Code,78754,Other,06/2023,0,30.5,19.667,
Zip Code,78754,Other,07/2023,0,32,23,
Zip Code,78754,Other,08/2023,0,30.5,22,
Zip Code,78754,Other,09/2023,0,25.5,20.833,
Zip Code,78754,Other,10/2023,0,37.5,21.833,
Zip Code,78754,Other,11/2023,0,31.5,21.667,
Zip Code,78754,Other,12/2023,0,27.5,19.5,
Zip Code,78754,Other,01/2024,0,24,22.333,
Zip Code,78754,Other,02/2024,0,29,14.167,
Zip Code,78754,Other,03/2024,0,26,15.667,
Zip Code,78754,Other,04/2024,0,19.5,16.333,
Zip Code,78754,Other,05/2024,0,23,15.333,
Zip Code,78754,Other,06/2024,0,30.5,19.667,
Zip Code,78754,Other,07/2024,0,32,23,
Zip Code,78754,Other,08/2024,0,30.5,22,
Zip Code,78754,Other,09/2024,0,25.5,20.833,
Zip Code,78754,Other,10/2024,0,37.5,21.833,
Zip Code,78754,Other,11/2024,0,31.5,21.667,
Zip Code,78754,Other,12/2024,0,27.5,19.5,
Zip Code,78754,Other,01/2025,0,24,22.333,
Zip Code,78754,Other,02/2025,0,29,14.167,
Zip Code,78754,Other,03/2025,0,26,15.667,
Zip Code,78754,Other,04/2025,0,19.5,16.333,
Zip Code,78754,Other,05/2025,0,23,15.333,
Zip Code,78754,Other,06/2025,0,30.5,19.667,
Zip Code,78754,Other,07/2025,0,32,23,
Zip Code,78754,Other,08/2025,0,12,7.5,2025-08-16
Zip Code,78755,Other,01/2020,0,0,0,
Zip Code,78755,Other,02/2020,0,0,0,
Zip Code,78755,Other,03/2020,0,0,0,
Zip Code,78755,Other,04/2020,0,0,0,
Zip Code,78755,Other,05/2020,0,0,0,
Zip Code,78755,Other,06/2020,0,0,0,
Zip Code,78755,Other,07/2020,0,0,0,
Zip Code,78755,Other,08/2020,0,0,0.167,
Zip Code,78755,Other,09/2020,0,0,0,
Zip Code,78755,Other,10/2020,0,0,0,
Zip Code,78755,Other,11/2020,0,0,0,
Zip Code,78755,Other,12/2020,0,0,0,
Zip Code,78755,Other,01/2021,0,0,0,
Zip Code,78755,Other,02/2021,0,0,0,
Zip Code,78755,Other,03/2021,0,0,0,
Zip Code,78755,Other,04/2021,0,0,0,
Zip Code,78755,Other,05/2021,0,0,0,
Zip Code,78755,Other,06/2021,0,0,0,
Zip Code,78755,Other,07/2021,0,0,0,
Zip Code,78755,Other,08/2021,0,0,0.167,
Zip Code,78755,Other,09/2021,0,0,0,
Zip Code,78755,Other,10/2021,0,0,0,
Zip Code,78755,Other,11/2021,0,0,0,
Zip Code,78755,Other,12/2021,0,0,0,
Zip Code,78755,Other,01/2022,0,0,0,
Zip Code,78755,Other,02/2022,0,0,0,
Zip Code,78755,Other,03/2022,0,0,0,
Zip Code,78755,Other,04/2022,0,0,0,
Zip Code,78755,Other,05/2022,0,0,0,
Zip Code,78755,Other,06/2022,0,0,0,
Zip Code,78755,Other,07/2022,0,0,0,
Zip Code,78755,Other,08/2022,0,0,0.167,
Zip Code,78755,Other,09/2022,0,0,0,
Zip Code,78755,Other,10/2022,0,0,0,
Zip Code,78755,Other,11/2022,0,0,0,
Zip Code,78755,Other,12/2022,0,0,0,
Zip Code,78755,Other,01/2023,0,0,0,
Zip Code,78755,Other,02/2023,0,0,0,
Zip Code,78755,Other,03/2023,0,0,0,
Zip Code,78755,Other,04/2023,0,0,0,
Zip Code,78755,Other,05/2023,0,0,0,
Zip Code,78755,Other,06/2023,0,0,0,
Zip Code,78755,Other,07/2023,0,0,0,
Zip Code,78755,Other,08/2023,0,0,0.167,
Zip Code,78755,Other,09/2023,0,0,0,
Zip Code,78755,Other,10/2023,0,0,0,
Zip Code,78755,Other,11/2023,0,0,0,
Zip Code,78755,Other,12/2023,0,0,0,
Zip Code,78755,Other,01/2024,0,0,0,
Zip Code,78755,Other,02/2024,0,0,0,
Zip Code,78755,Other,03/2024,0,0,0,
Zip Code,78755,Other,04/2024,0,0,0,
Zip Code,78755,Other,05/2024,0,0,0,
Zip Code,78755,Other,06/2024,0,0,0,
Zip Code,78755,Other,07/2024,0,0,0,
Zip Code,78755,Other,08/2024,0,0,0.167,
Zip Code,78755,Other,09/2024,0,0,0,
Zip Code,78755,Other,10/2024,0,0,0,
Zip Code,78755,Other,11/2024,0,0,0,
Zip Code,78755,Other,12/2024,0,0,0,
Zip Code,78755,Other,01/2025,0,0,0,
Zip Code,78755,Other,02/2025,0,0,0,
Zip Code,78755,Other,03/2025,0,0,0,
Zip Code,78755,Other,04/2025,0,0,0,
Zip Code,78755,Other,05/2025,0,0,0,
Zip Code,78755,Other,06/2025,0,0,0,
Zip Code,78755,Other,07/2025,0,0,0,
Zip Code,78755,Other,08/2025,0,0,0,2025-08-16
Zip Code,78756,White,01/2020,0,4.5,1.833,
Zip Code,78756,White,02/2020,0,3.5,0.833,
Zip Code,78756,White,03/2020,0,3.5,1.333,
Zip Code,78756,White,04/2020,0,2,1.5,
Zip Code,78756,White,05/2020,0,3,2.167,
Zip Code,78756,White,06/2020,0,6.5,2.333,
Zip Code,78756,White,07/2020,0,5,2.833,
Zip Code,78756,White,08/2020,0,9.5,1.667,
Zip Code,78756,White,09/2020,0,3.5,2.333,
Zip Code,78756,White,10/2020,0,5,2.833,
Zip Code,78756,White,11/2020,0,2,2.333,
Zip Code,78756,White,12/2020,0,2.5,3.5,
Zip Code,78756,White,01/2021,0,4.5,1.833,
Zip Code,78756,White,02/2021,0,3.5,0.833,
Zip Code,78756,White,03/2021,0,3.5,1.333,
Zip Code,78756,White,04/2021,0,2,1.5,
Zip Code,78756,White,05/2021,0,3,2.167,
Zip Code,78756,White,06/2021,0,6.5,2.333,
Zip Code,78756,White,07/2021,0,5,2.833,
Zip Code,78756,White,08/2021,0,9.5,1.667,
Zip Code,78756,White,09/2021,0,3.5,2.333,
Zip Code,78756,White,10/2021,0,5,2.833,
Zip Code,78756,White,11/2021,0,2,2.333,
Zip Code,78756,White,12/2021,0,2.5,3.5,
Zip Code,78756,White,01/2022,0,4.5,1.833,
Zip Code,78756,White,02/2022,0,3.5,0.833,
Zip Code,78756,White,03/2022,0,3.5,1.333,
Zip Code,78756,White,04/2022,0,2,1.5,
Zip Code,78756,White,05/2022,0,3,2.167,
Zip Code,78756,White,06/2022,0,6.5,2.333,
Zip Code,78756,White,07/2022,0,5,2.833,
Zip Code,78756,White,08/2022,0,9.5,1.667,
Zip Code,78756,White,09/2022,0,3.5,2.333,
Zip Code,78756,White,10/2022,0,5,2.833,
Zip Code,78756,White,11/2022,0,2,2.333,
Zip Code,78756,White,12/2022,0,2.5,3.5,
Zip Code,78756,White,01/2023,0,4.5,1.833,
Zip Code,78756,White,02/2023,0,3.5,0.833,
Zip Code,78756,White,03/2023,0,3.5,1.333,
Zip Code,78756,White,04/2023,0,2,1.5,
Zip Code,78756,White,05/2023,0,3,2.167,
Zip Code,78756,White,06/2023,0,6.5,2.333,
Zip Code,78756,White,07/2023,0,5,2.833,
Zip Code,78756,White,08/2023,0,9.5,1.667,
Zip Code,78756,White,09/2023,0,3.5,2.333,
Zip Code,78756,White,10/2023,0,5,2.833,
Zip Code,78756,White,11/2023,0,2,2.333,
Zip Code,78756,White,12/2023,0,2.5,3.5,
Zip Code,78756,White,01/2024,0,4.5,1.833,
Zip Code,78756,White,02/2024,0,3.5,0.833,
Zip Code,78756,White,03/2024,0,3.5,1.333,
Zip Code,78756,White,04/2024,0,2,1.5,
Zip Code,78756,White,05/2024,0,3,2.167,
Zip Code,78756,White,06/2024,0,6.5,2.333,
Zip Code,78756,White,07/2024,0,5,2.833,
Zip Code,78756,White,08/2024,0,9.5,1.667,
Zip Code,78756,White,09/2024,0,3.5,2.333,
Zip Code,78756,White,10/2024,0,5,2.833,
Zip Code,78756,White,11/2024,0,2,2.333,
Zip Code,78756,White,12/2024,0,2.5,3.5,
Zip Code,78756,White,01/2025,0,4.5,1.833,
Zip Code,78756,White,02/2025,0,3.5,0.833,
Zip Code,78756,White,03/2025,0,3.5,1.333,
Zip Code,78756,White,04/2025,0,2,1.5,
Zip Code,78756,White,05/2025,0,3,2.167,
Zip Code,78756,White,06/2025,0,6.5,2.333,
Zip Code,78756,White,07/2025,0,5,2.833,
Zip Code,78756,White,08/2025,0,5,1.333,2025-08-16
Zip Code,78757,White,01/2020,0,8,9,
Zip Code,78757,White,02/2020,0,8.5,5.5,
Zip Code,78757,White,03/2020,0,8.5,5.833,
Zip Code,78757,White,04/2020,0,4.5,7.5,
Zip Code,78757,White,05/2020,0,6.5,6,
Zip Code,78757,White,06/2020,0,5.5,5.5,
Zip Code,78757,White,07/2020,0,11,6.5,
Zip Code,78757,White,08/2020,0,10.5,8.333,
Zip Code,78757,White,09/2020,0,13,9,
Zip Code,78757,White,10/2020,0,7,6,
Zip Code,78757,White,11/2020,0,6,5.833,
Zip Code,78757,White,12/2020,0,7.5,8.667,
Zip Code,78757,White,01/2021,0,8,9,
Zip Code,78757,White,02/2021,0,8.5,5.5,
Zip Code,78757,White,03/2021,0,8.5,5.833,
Zip Code,78757,White,04/2021,0,4.5,7.5,
Zip Code,78757,White,05/2021,0,6.5,6,
Zip Code,78757,White,06/2021,0,5.5,5.5,
Zip Code,78757,White,07/2021,0,11,6.5,
Zip Code,78757,White,08/2021,0,10.5,8.333,
Zip Code,78757,White,09/2021,0,13,9,
Zip Code,78757,White,10/2021,0,7,6,
Zip Code,78757,White,11/2021,0,6,5.833,
Zip Code,78757,White,12/2021,0,7.5,8.667,
Zip Code,78757,White,01/2022,0,8,9,
Zip Code,78757,White,02/2022,0,8.5,5.5,
Zip Code,78757,White,03/2022,0,8.5,5.833,
Zip Code,78757,White,04/2022,0,4.5,7.5,
Zip Code,78757,White,05/2022,0,6.5,6,
Zip Code,78757,White,06/2022,0,5.5,5.5,
Zip Code,78757,White,07/2022,0,11,6.5,
Zip Code,78757,White,08/2022,0,10.5,8.333,
Zip Code,78757,White,09/2022,0,13,9,
Zip Code,78757,White,10/2022,0,7,6,
Zip Code,78757,White,11/2022,0,6,5.833,
Zip Code,78757,White,12/2022,0,7.5,8.667,
Zip Code,78757,White,01/2023,0,8,9,
Zip Code,78757,White,02/2023,0,8.5,5.5,
Zip Code,78757,White,03/2023,0,8.5,5.833,
Zip Code,78757,White,04/2023,0,4.5,7.5,
Zip Code,78757,White,05/2023,0,6.5,6,
Zip Code,78757,White,06/2023,0,5.5,5.5,
Zip Code,78757,White,07/2023,0,11,6.5,
Zip Code,78757,White,08/2023,0,10.5,8.333,
Zip Code,78757,White,09/2023,0,13,9,
Zip Code,78757,White,10/2023,0,7,6,
Zip Code,78757,White,11/2023,0,6,5.833,
Zip Code,78757,White,12/2023,0,7.5,8.667,
Zip Code,78757,White,01/2024,0,8,9,
Zip Code,78757,White,02/2024,0,8.5,5.5,
Zip Code,78757,White,03/2024,0,8.5,5.833,
Zip Code,78757,White,04/2024,0,4.5,7.5,
Zip Code,78757,White,05/2024,0,6.5,6,
Zip Code,78757,White,06/2024,0,5.5,5.5,
Zip Code,78757,White,07/2024,0,11,6.5,
Zip Code,78757,White,08/2024,0,10.5,8.333,
Zip Code,78757,White,09/2024,0,13,9,
Zip Code,78757,White,10/2024,0,7,6,
Zip Code,78757,White,11/2024,0,6,5.833,
Zip Code,78757,White,12/2024,0,7.5,8.667,
Zip Code,78757,White,01/2025,0,8,9,
Zip Code,78757,White,02/2025,0,8.5,5.5,
Zip Code,78757,White,03/2025,0,8.5,5.833,
Zip Code,78757,White,04/2025,0,4.5,7.5,
Zip Code,78757,White,05/2025,0,6.5,6,
Zip Code,78757,White,06/2025,0,5.5,5.5,
Zip Code,78757,White,07/2025,0,11,6.5,
Zip Code,78757,White,08/2025,0,4.5,5,2025-08-16
Zip Code,78758,Other,01/2020,0,72,66.333,
Zip Code,78758,Other,02/2020,0,83,54.167,
Zip Code,78758,Other,03/2020,0,82.5,44,
Zip Code,78758,Other,04/2020,0,72,48.5,
Zip Code,78758,Other,05/2020,0,74,57.167,
Zip Code,78758,Other,06/2020,0,75,59.833,
Zip Code,78758,Other,07/2020,0,73.5,57.667,
Zip Code,78758,Other,08/2020,0,72.5,65.333,
Zip Code,78758,Other,09/2020,0,82.5,64.833,
Zip Code,78758,Other,10/2020,0,80,71.667,
Zip Code,78758,Other,11/2020,0,91,59.833,
Zip Code,78758,Other,12/2020,0,83,55.5,
Zip Code,78758,Other,01/2021,0,72,66.333,
Zip Code,78758,Other,02/2021,0,79.5,53.667,
Zip Code,78758,Other,03/2021,0,82.5,44,
Zip Code,78758,Other,04/2021,0,72,48.5,
Zip Code,78758,Other,05/2021,0,74,57.167,
Zip Code,78758,Other,06/2021,0,75,59.833,
Zip Code,78758,Other,07/2021,0,73.5,57.667,
Zip Code,78758,Other,08/2021,0,72.5,65.333,
Zip Code,78758,Other,09/2021,0,82.5,64.833,
Zip Code,78758,Other,10/2021,0,80,71.667,
Zip Code,78758,Other,11/2021,0,91,59.833,
Zip Code,78758,Other,12/2021,0,83,55.5,
Zip Code,78758,Other,01/2022,0,72,66.333,
Zip Code,78758,Other,02/2022,0,79.5,53.667,
Zip Code,78758,Other,03/2022,0,82.5,44,
Zip Code,78758,Other,04/2022,0,72,48.5,
Zip Code,78758,Other,05/2022,0,74,57.167,
Zip Code,78758,Other,06/2022,0,75,59.833,
Zip Code,78758,Other,07/2022,0,73.5,57.667,
Zip Code,78758,Other,08/2022,0,72.5,65.333,
Zip Code,78758,Other,09/2022,0,82.5,64.833,
Zip Code,78758,Other,10/2022,0,80,71.667,
Zip Code,78758,Other,11/2022,0,91,59.833,
Zip Code,78758,Other,12/2022,0,83,55.5,
Zip Code,78758,Other,01/2023,0,72,66.333,
Zip Code,78758,Other,02/2023,0,79.5,53.667,
Zip Code,78758,Other,03/2023,0,82.5,44,
Zip Code,78758,Other,04/2023,0,72,48.5,
Zip Code,78758,Other,05/2023,0,74,57.167,
Zip Code,78758,Other,06/2023,0,75,59.833,
Zip Code,78758,Other,07/2023,0,73.5,57.667,
Zip Code,78758,Other,08/2023,0,72.5,65.333,
Zip Code,78758,Other,09/2023,0,82.5,64.833,
Zip Code,78758,Other,10/2023,0,80,71.667,
Zip Code,78758,Other,11/2023,0,91,59.833,
Zip Code,78758,Other,12/2023,0,83,55.5,
Zip Code,78758,Other,01/2024,0,72,66.333,
Zip Code,78758,Other,02/2024,0,83,54.167,
Zip Code,78758,Other,03/2024,0,82.5,44,
Zip Code,78758,Other,04/2024,0,72,48.5,
Zip Code,78758,Other,05/2024,0,74,57.167,
Zip Code,78758,Other,06/2024,0,75,59.833,
Zip Code,78758,Other,07/2024,0,73.5,57.667,
Zip Code,78758,Other,08/2024,0,72.5,65.333,
Zip Code,78758,Other,09/2024,0,82.5,64.833,
Zip Code,78758,Other,10/2024,0,80,71.667,
Zip Code,78758,Other,11/2024,0,91,59.833,
Zip Code,78758,Other,12/2024,0,83,55.5,
Zip Code,78758,Other,01/2025,0,72,66.333,
Zip Code,78758,Other,02/2025,0,79.5,53.667,
Zip Code,78758,Other,03/2025,0,82.5,44,
Zip Code,78758,Other,04/2025,0,72,48.5,
Zip Code,78758,Other,05/2025,0,74,57.167,
Zip Code,78758,Other,06/2025,0,75,59.833,
Zip Code,78758,Other,07/2025,0,73.5,57.667,
Zip Code,78758,Other,08/2025,0,46,33.667,2025-08-16
Zip Code,78759,White,01/2020,0,28,17.667,
Zip Code,78759,White,02/2020,0,31,14.333,
Zip Code,78759,White,03/2020,0,26.5,16.833,
Zip Code,78759,White,04/2020,0,31.5,15.667,
Zip Code,78759,White,05/2020,0,32.5,16.667,
Zip Code,78759,White,06/2020,0,31.5,14.833,
Zip Code,78759,White,07/2020,0,35,18.333,
Zip Code,78759,White,08/2020,0,40.5,19,
Zip Code,78759,White,09/2020,0,46,19,
Zip Code,78759,White,10/2020,0,25,20.5,
Zip Code,78759,White,11/2020,0,44,20,
Zip Code,78759,White,12/2020,0,38,17.667,
Zip Code,78759,White,01/2021,0,28,17.667,
Zip Code,78759,White,02/2021,0,30.5,14.333,
Zip Code,78759,White,03/2021,0,26.5,16.833,
Zip Code,78759,White,04/2021,0,31.5,15.667,
Zip Code,78759,White,05/2021,0,32.5,16.667,
Zip Code,78759,White,06/2021,0,31.5,14.833,
Zip Code,78759,White,07/2021,0,35,18.333,
Zip Code,78759,White,08/2021,0,40.5,19,
Zip Code,78759,White,09/2021,0,46,19,
Zip Code,78759,White,10/2021,0,25,20.5,
Zip Code,78759,White,11/2021,0,44,20,
Zip Code,78759,White,12/2021,0,38,17.667,
Zip Code,78759,White,01/2022,0,28,17.667,
Zip Code,78759,White,02/2022,0,30.5,14.333,
Zip Code,78759,White,03/2022,0,26.5,16.833,
Zip Code,78759,White,04/2022,0,31.5,15.667,
Zip Code,78759,White,05/2022,0,32.5,16.667,
Zip Code,78759,White,06/2022,0,31.5,14.833,
Zip Code,78759,White,07/2022,0,35,18.333,
Zip Code,78759,White,08/2022,0,40.5,19,
Zip Code,78759,White,09/2022,0,46,19,
Zip Code,78759,White,10/2022,0,25,20.5,
Zip Code,78759,White,11/2022,0,44,20,
Zip Code,78759,White,12/2022,0,38,17.667,
Zip Code,78759,White,01/2023,0,28,17.667,
Zip Code,78759,White,02/2023,0,30.5,14.333,
Zip Code,78759,White,03/2023,0,26.5,16.833,
Zip Code,78759,White,04/2023,0,31.5,15.667,
Zip Code,78759,White,05/2023,0,32.5,16.667,
Zip Code,78759,White,06/2023,0,31.5,14.833,
Zip Code,78759,White,07/2023,0,35,18.333,
Zip Code,78759,White,08/2023,0,40.5,19,
Zip Code,78759,White,09/2023,0,46,19,
Zip Code,78759,White,10/2023,0,25,20.5,
Zip Code,78759,White,11/2023,0,44,20,
Zip Code,78759,White,12/2023,0,38,17.667,
Zip Code,78759,White,01/2024,0,28,17.667,
Zip Code,78759,White,02/2024,0,31,14.333,
Zip Code,78759,White,03/2024,0,26.5,16.833,
Zip Code,78759,White,04/2024,0,31.5,15.667,
Zip Code,78759,White,05/2024,0,32.5,16.667,
Zip Code,78759,White,06/2024,0,31.5,14.833,
Zip Code,78759,White,07/2024,0,35,18.333,
Zip Code,78759,White,08/2024,0,40.5,19,
Zip Code,78759,White,09/2024,0,46,19,
Zip Code,78759,White,10/2024,0,25,20.5,
Zip Code,78759,White,11/2024,0,44,20,
Zip Code,78759,White,12/2024,0,38,17.667,
Zip Code,78759,White,01/2025,0,28,17.667,
Zip Code,78759,White,02/2025,0,30.5,14.333,
Zip Code,78759,White,03/2025,0,26.5,16.833,
Zip Code,78759,White,04/2025,0,31.5,15.667,
Zip Code,78759,White,05/2025,0,32.5,16.667,
Zip Code,78759,White,06/2025,0,31.5,14.833,
Zip Code,78759,White,07/2025,0,35,18.333,
Zip Code,78759,White,08/2025,0,18,12.5,2025-08-16
Zip Code,78760,Other,01/2020,0,0,0,
Zip Code,78760,Other,02/2020,0,0,0.167,
Zip Code,78760,Other,03/2020,0,0,0.167,
Zip Code,78760,Other,04/2020,0,4,0,
Zip Code,78760,Other,05/2020,0,0,0,
Zip Code,78760,Other,06/2020,0,0,0.167,
Zip Code,78760,Other,07/2020,0,0,0.167,
Zip Code,78760,Other,08/2020,0,0,0,
Zip Code,78760,Other,09/2020,0,0,0,
Zip Code,78760,Other,10/2020,0,0,0,
Zip Code,78760,Other,11/2020,0,0,0,
Zip Code,78760,Other,12/2020,0,0,0.167,
Zip Code,78760,Other,01/2021,0,0,0,
Zip Code,78760,Other,02/2021,0,0,0.167,
Zip Code,78760,Other,03/2021,0,0,0.167,
Zip Code,78760,Other,04/2021,0,4,0,
Zip Code,78760,Other,05/2021,0,0,0,
Zip Code,78760,Other,06/2021,0,0,0.167,
Zip Code,78760,Other,07/2021,0,0,0.167,
Zip Code,78760,Other,08/2021,0,0,0,
Zip Code,78760,Other,09/2021,0,0,0,
Zip Code,78760,Other,10/2021,0,0,0,
Zip Code,78760,Other,11/2021,0,0,0,
Zip Code,78760,Other,12/2021,0,0,0.167,
Zip Code,78760,Other,01/2022,0,0,0,
Zip Code,78760,Other,02/2022,0,0,0.167,
Zip Code,78760,Other,03/2022,0,0,0.167,
Zip Code,78760,Other,04/2022,0,4,0,
Zip Code,78760,Other,05/2022,0,0,0,
Zip Code,78760,Other,06/2022,0,0,0.167,
Zip Code,78760,Other,07/2022,0,0,0.167,
Zip Code,78760,Other,08/2022,0,0,0,
Zip Code,78760,Other,09/2022,0,0,0,
Zip Code,78760,Other,10/2022,0,0,0,
Zip Code,78760,Other,11/2022,0,0,0,
Zip Code,78760,Other,12/2022,0,0,0.167,
Zip Code,78760,Other,01/2023,0,0,0,
Zip Code,78760,Other,02/2023,0,0,0.167,
Zip Code,78760,Other,03/2023,0,0,0.167,
Zip Code,78760,Other,04/2023,0,4,0,
Zip Code,78760,Other,05/2023,0,0,0,
Zip Code,78760,Other,06/2023,0,0,0.167,
Zip Code,78760,Other,07/2023,0,0,0.167,
Zip Code,78760,Other,08/2023,0,0,0,
Zip Code,78760,Other,09/2023,0,0,0,
Zip Code,78760,Other,10/2023,0,0,0,
Zip Code,78760,Other,11/2023,0,0,0,
Zip Code,78760,Other,12/2023,0,0,0.167,
Zip Code,78760,Other,01/2024,0,0,0,
Zip Code,78760,Other,02/2024,0,0,0.167,
Zip Code,78760,Other,03/2024,0,0,0.167,
Zip Code,78760,Other,04/2024,0,4,0,
Zip Code,78760,Other,05/2024,0,0,0,
Zip Code,78760,Other,06/2024,0,0,0.167,
Zip Code,78760,Other,07/2024,0,0,0.167,
Zip Code,78760,Other,08/2024,0,0,0,
Zip Code,78760,Other,09/2024,0,0,0,
Zip Code,78760,Other,10/2024,0,0,0,
Zip Code,78760,Other,11/2024,0,0,0,
Zip Code,78760,Other,12/2024,0,0,0.167,
Zip Code,78760,Other,01/2025,0,0,0,
Zip Code,78760,Other,02/2025,0,0,0.167,
Zip Code,78760,Other,03/2025,0,0,0.167,
Zip Code,78760,Other,04/2025,0,4,0,
Zip Code,78760,Other,05/2025,0,0,0,
Zip Code,78760,Other,06/2025,0,0,0.167,
Zip Code,78760,Other,07/2025,0,0,0.167,
Zip Code,78760,Other,08/2025,0,0,0,2025-08-16
Zip Code,78761,Other,01/2020,0,0,0,
Zip Code,78761,Other,02/2020,0,0,0,
Zip Code,78761,Other,03/2020,0,0.5,0.167,
Zip Code,78761,Other,04/2020,0,0,0.167,
Zip Code,78761,Other,05/2020,0,0,0,
Zip Code,78761,Other,06/2020,0,0,0,
Zip Code,78761,Other,07/2020,0,0,0,
Zip Code,78761,Other,08/2020,0,0,0,
Zip Code,78761,Other,09/2020,0,0,0,
Zip Code,78761,Other,10/2020,0,0,0.333,
Zip Code,78761,Other,11/2020,0,0,0,
Zip Code,78761,Other,12/2020,0,0,0,
Zip Code,78761,Other,01/2021,0,0,0,
Zip Code,78761,Other,02/2021,0,0,0,
Zip Code,78761,Other,03/2021,0,0.5,0.167,
Zip Code,78761,Other,04/2021,0,0,0.167,
Zip Code,78761,Other,05/2021,0,0,0,
Zip Code,78761,Other,06/2021,0,0,0,
Zip Code,78761,Other,07/2021,0,0,0,
Zip Code,78761,Other,08/2021,0,0,0,
Zip Code,78761,Other,09/2021,0,0,0,
Zip Code,78761,Other,10/2021,0,0,0.333,
Zip Code,78761,Other,11/2021,0,0,0,
Zip Code,78761,Other,12/2021,0,0,0,
Zip Code,78761,Other,01/2022,0,0,0,
Zip Code,78761,Other,02/2022,0,0,0,
Zip Code,78761,Other,03/2022,0,0.5,0.167,
Zip Code,78761,Other,04/2022,0,0,0.167,
Zip Code,78761,Other,05/2022,0,0,0,
Zip Code,78761,Other,06/2022,0,0,0,
Zip Code,78761,Other,07/2022,0,0,0,
Zip Code,78761,Other,08/2022,0,0,0,
Zip Code,78761,Other,09/2022,0,0,0,
Zip Code,78761,Other,10/2022,0,0,0.333,
Zip Code,78761,Other,11/2022,0,0,0,
Zip Code,78761,Other,12/2022,0,0,0,
Zip Code,78761,Other,01/2023,0,0,0,
Zip Code,78761,Other,02/2023,0,0,0,
Zip Code,78761,Other,03/2023,0,0.5,0.167,
Zip Code,78761,Other,04/2023,0,0,0.167,
Zip Code,78761,Other,05/2023,0,0,0,
Zip Code,78761,Other,06/2023,0,0,0,
Zip Code,78761,Other,07/2023,0,0,0,
Zip Code,78761,Other,08/2023,0,0,0,
Zip Code,78761,Other,09/2023,0,0,0,
Zip Code,78761,Other,10/2023,0,0,0.333,
Zip Code,78761,Other,11/2023,0,0,0,
Zip Code,78761,Other,12/2023,0,0,0,
Zip Code,78761,Other,01/2024,0,0,0,
Zip Code,78761,Other,02/2024,0,0,0,
Zip Code,78761,Other,03/2024,0,0.5,0.167,
Zip Code,78761,Other,04/2024,0,0,0.167,
Zip Code,78761,Other,05/2024,0,0,0,
Zip Code,78761,Other,06/2024,0,0,0,
Zip Code,78761,Other,07/2024,0,0,0,
Zip Code,78761,Other,08/2024,0,0,0,
Zip Code,78761,Other,09/2024,0,0,0,
Zip Code,78761,Other,10/2024,0,0,0.333,
Zip Code,78761,Other,11/2024,0,0,0,
Zip Code,78761,Other,12/2024,0,0,0,
Zip Code,78761,Other,01/2025,0,0,0,
Zip Code,78761,Other,02/2025,0,0,0,
Zip Code,78761,Other,03/2025,0,0.5,0.167,
Zip Code,78761,Other,04/2025,0,0,0.167,
Zip Code,78761,Other,05/2025,0,0,0,
Zip Code,78761,Other,06/2025,0,0,0,
Zip Code,78761,Other,07/2025,0,0,0,
Zip Code,78761,Other,08/2025,0,0,0,2025-08-16
Zip Code,78762,Other,01/2020,0,0,0,
Zip Code,78762,Other,02/2020,0,0,0,
Zip Code,78762,Other,03/2020,0,0,0,
Zip Code,78762,Other,04/2020,0,0,0,
Zip Code,78762,Other,05/2020,0,0,0,
Zip Code,78762,Other,06/2020,0,0,0,
Zip Code,78762,Other,07/2020,0,0,0.167,
Zip Code,78762,Other,08/2020,0,0,0,
Zip Code,78762,Other,09/2020,0,0,0,
Zip Code,78762,Other,10/2020,0,0,0,
Zip Code,78762,Other,11/2020,0,0,0,
Zip Code,78762,Other,12/2020,0,0,0,
Zip Code,78762,Other,01/2021,0,0,0,
Zip Code,78762,Other,02/2021,0,0,0,
Zip Code,78762,Other,03/2021,0,0,0,
Zip Code,78762,Other,04/2021,0,0,0,
Zip Code,78762,Other,05/2021,0,0,0,
Zip Code,78762,Other,06/2021,0,0,0,
Zip Code,78762,Other,07/2021,0,0,0.167,
Zip Code,78762,Other,08/2021,0,0,0,
Zip Code,78762,Other,09/2021,0,0,0,
Zip Code,78762,Other,10/2021,0,0,0,
Zip Code,78762,Other,11/2021,0,0,0,
Zip Code,78762,Other,12/2021,0,0,0,
Zip Code,78762,Other,01/2022,0,0,0,
Zip Code,78762,Other,02/2022,0,0,0,
Zip Code,78762,Other,03/2022,0,0,0,
Zip Code,78762,Other,04/2022,0,0,0,
Zip Code,78762,Other,05/2022,0,0,0,
Zip Code,78762,Other,06/2022,0,0,0,
Zip Code,78762,Other,07/2022,0,0,0.167,
Zip Code,78762,Other,08/2022,0,0,0,
Zip Code,78762,Other,09/2022,0,0,0,
Zip Code,78762,Other,10/2022,0,0,0,
Zip Code,78762,Other,11/2022,0,0,0,
Zip Code,78762,Other,12/2022,0,0,0,
Zip Code,78762,Other,01/2023,0,0,0,
Zip Code,78762,Other,02/2023,0,0,0,
Zip Code,78762,Other,03/2023,0,0,0,
Zip Code,78762,Other,04/2023,0,0,0,
Zip Code,78762,Other,05/2023,0,0,0,
Zip Code,78762,Other,06/2023,0,0,0,
Zip Code,78762,Other,07/2023,0,0,0.167,
Zip Code,78762,Other,08/2023,0,0,0,
Zip Code,78762,Other,09/2023,0,0,0,
Zip Code,78762,Other,10/2023,0,0,0,
Zip Code,78762,Other,11/2023,0,0,0,
Zip Code,78762,Other,12/2023,0,0,0,
Zip Code,78762,Other,01/2024,0,0,0,
Zip Code,78762,Other,02/2024,0,0,0,
Zip Code,78762,Other,03/2024,0,0,0,
Zip Code,78762,Other,04/2024,0,0,0,
Zip Code,78762,Other,05/2024,0,0,0,
Zip Code,78762,Other,06/2024,0,0,0,
Zip Code,78762,Other,07/2024,0,0,0.167,
Zip Code,78762,Other,08/2024,0,0,0,
Zip Code,78762,Other,09/2024,0,0,0,
Zip Code,78762,Other,10/2024,0,0,0,
Zip Code,78762,Other,11/2024,0,0,0,
Zip Code,78762,Other,12/2024,0,0,0,
Zip Code,78762,Other,01/2025,0,0,0,
Zip Code,78762,Other,02/2025,0,0,0,
Zip Code,78762,Other,03/2025,0,0,0,
Zip Code,78762,Other,04/2025,0,0,0,
Zip Code,78762,Other,05/2025,0,0,0,
Zip Code,78762,Other,06/2025,0,0,0,
Zip Code,78762,Other,07/2025,0,0,0.167,
Zip Code,78762,Other,08/2025,0,0,0,2025-08-16
Zip Code,78763,Other,01/2020,0,0,0,
Zip Code,78763,Other,02/2020,0,0,0,
Zip Code,78763,Other,03/2020,0,0,0,
Zip Code,78763,Other,04/2020,0,0,0,
Zip Code,78763,Other,05/2020,0,0,0,
Zip Code,78763,Other,06/2020,0,0,0,
Zip Code,78763,Other,07/2020,0,0,0,
Zip Code,78763,Other,08/2020,0,0,0,
Zip Code,78763,Other,09/2020,0,0,0,
Zip Code,78763,Other,10/2020,0,0,0,
Zip Code,78763,Other,11/2020,0,0,0,
Zip Code,78763,Other,12/2020,0,0,0,
Zip Code,78763,Other,01/2021,0,0,0,
Zip Code,78763,Other,02/2021,0,0,0,
Zip Code,78763,Other,03/2021,0,0,0,
Zip Code,78763,Other,04/2021,0,0,0,
Zip Code,78763,Other,05/2021,0,0,0,
Zip Code,78763,Other,06/2021,0,0,0,
Zip Code,78763,Other,07/2021,0,0,0,
Zip Code,78763,Other,08/2021,0,0,0,
Zip Code,78763,Other,09/2021,0,0,0,
Zip Code,78763,Other,10/2021,0,0,0,
Zip Code,78763,Other,11/2021,0,0,0,
Zip Code,78763,Other,12/2021,0,0,0,
Zip Code,78763,Other,01/2022,0,0,0,
Zip Code,78763,Other,02/2022,0,0,0,
Zip Code,78763,Other,03/2022,0,0,0,
Zip Code,78763,Other,04/2022,0,0,0,
Zip Code,78763,Other,05/2022,0,0,0,
Zip Code,78763,Other,06/2022,0,0,0,
Zip Code,78763,Other,07/2022,0,0,0,
Zip Code,78763,Other,08/2022,0,0,0,
Zip Code,78763,Other,09/2022,0,0,0,
Zip Code,78763,Other,10/2022,0,0,0,
Zip Code,78763,Other,11/2022,0,0,0,
Zip Code,78763,Other,12/2022,0,0,0,
Zip Code,78763,Other,01/2023,0,0,0,
Zip Code,78763,Other,02/2023,0,0,0,
Zip Code,78763,Other,03/2023,0,0,0,
Zip Code,78763,Other,04/2023,0,0,0,
Zip Code,78763,Other,05/2023,0,0,0,
Zip Code,78763,Other,06/2023,0,0,0,
Zip Code,78763,Other,07/2023,0,0,0,
Zip Code,78763,Other,08/2023,0,0,0,
Zip Code,78763,Other,09/2023,0,0,0,
Zip Code,78763,Other,10/2023,0,0,0,
Zip Code,78763,Other,11/2023,0,0,0,
Zip Code,78763,Other,12/2023,0,0,0,
Zip Code,78763,Other,01/2024,0,0,0,
Zip Code,78763,Other,02/2024,0,0,0,
Zip Code,78763,Other,03/2024,0,0,0,
Zip Code,78763,Other,04/2024,0,0,0,
Zip Code,78763,Other,05/2024,0,0,0,
Zip Code,78763,Other,06/2024,0,0,0,
Zip Code,78763,Other,07/2024,0,0,0,
Zip Code,78763,Other,08/2024,0,0,0,
Zip Code,78763,Other,09/2024,0,0,0,
Zip Code,78763,Other,10/2024,0,0,0,
Zip Code,78763,Other,11/2024,0,0,0,
Zip Code,78763,Other,12/2024,0,0,0,
Zip Code,78763,Other,01/2025,0,0,0,
Zip Code,78763,Other,02/2025,0,0,0,
Zip Code,78763,Other,03/2025,0,0,0,
Zip Code,78763,Other,04/2025,0,0,0,
Zip Code,78763,Other,05/2025,0,0,0,
Zip Code,78763,Other,06/2025,0,0,0,
Zip Code,78763,Other,07/2025,0,0,0,
Zip Code,78763,Other,08/2025,0,0,0,2025-08-16
Zip Code,78764,Other,01/2020,0,0,0,
Zip Code,78764,Other,02/2020,0,0,0,
Zip Code,78764,Other,03/2020,0,0,0,
Zip Code,78764,Other,04/2020,0,0,0,
Zip Code,78764,Other,05/2020,0,0,0,
Zip Code,78764,Other,06/2020,0,0,0,
Zip Code,78764,Other,07/2020,0,0,0,
Zip Code,78764,Other,08/2020,0,0.5,0,
Zip Code,78764,Other,09/2020,0,0,0,
Zip Code,78764,Other,10/2020,0,0,0,
Zip Code,78764,Other,11/2020,0,0,0,
Zip Code,78764,Other,12/2020,0,0,0,
Zip Code,78764,Other,01/2021,0,0,0,
Zip Code,78764,Other,02/2021,0,0,0,
Zip Code,78764,Other,03/2021,0,0,0,
Zip Code,78764,Other,04/2021,0,0,0,
Zip Code,78764,Other,05/2021,0,0,0,
Zip Code,78764,Other,06/2021,0,0,0,
Zip Code,78764,Other,07/2021,0,0,0,
Zip Code,78764,Other,08/2021,0,0.5,0,
Zip Code,78764,Other,09/2021,0,0,0,
Zip Code,78764,Other,10/2021,0,0,0,
Zip Code,78764,Other,11/2021,0,0,0,
Zip Code,78764,Other,12/2021,0,0,0,
Zip Code,78764,Other,01/2022,0,0,0,
Zip Code,78764,Other,02/2022,0,0,0,
Zip Code,78764,Other,03/2022,0,0,0,
Zip Code,78764,Other,04/2022,0,0,0,
Zip Code,78764,Other,05/2022,0,0,0,
Zip Code,78764,Other,06/2022,0,0,0,
Zip Code,78764,Other,07/2022,0,0,0,
Zip Code,78764,Other,08/2022,0,0.5,0,
Zip Code,78764,Other,09/2022,0,0,0,
Zip Code,78764,Other,10/2022,0,0,0,
Zip Code,78764,Other,11/2022,0,0,0,
Zip Code,78764,Other,12/2022,0,0,0,
Zip Code,78764,Other,01/2023,0,0,0,
Zip Code,78764,Other,02/2023,0,0,0,
Zip Code,78764,Other,03/2023,0,0,0,
Zip Code,78764,Other,04/2023,0,0,0,
Zip Code,78764,Other,05/2023,0,0,0,
Zip Code,78764,Other,06/2023,0,0,0,
Zip Code,78764,Other,07/2023,0,0,0,
Zip Code,78764,Other,08/2023,0,0.5,0,
Zip Code,78764,Other,09/2023,0,0,0,
Zip Code,78764,Other,10/2023,0,0,0,
Zip Code,78764,Other,11/2023,0,0,0,
Zip Code,78764,Other,12/2023,0,0,0,
Zip Code,78764,Other,01/2024,0,0,0,
Zip Code,78764,Other,02/2024,0,0,0,
Zip Code,78764,Other,03/2024,0,0,0,
Zip Code,78764,Other,04/2024,0,0,0,
Zip Code,78764,Other,05/2024,0,0,0,
Zip Code,78764,Other,06/2024,0,0,0,
Zip Code,78764,Other,07/2024,0,0,0,
Zip Code,78764,Other,08/2024,0,0.5,0,
Zip Code,78764,Other,09/2024,0,0,0,
Zip Code,78764,Other,10/2024,0,0,0,
Zip Code,78764,Other,11/2024,0,0,0,
Zip Code,78764,Other,12/2024,0,0,0,
Zip Code,78764,Other,01/2025,0,0,0,
Zip Code,78764,Other,02/2025,0,0,0,
Zip Code,78764,Other,03/2025,0,0,0,
Zip Code,78764,Other,04/2025,0,0,0,
Zip Code,78764,Other,05/2025,0,0,0,
Zip Code,78764,Other,06/2025,0,0,0,
Zip Code,78764,Other,07/2025,0,0,0,
Zip Code,78764,Other,08/2025,0,0.5,0,2025-08-16
Zip Code,78765,Other,01/2020,0,0,0,
Zip Code,78765,Other,02/2020,0,0,0.167,
Zip Code,78765,Other,03/2020,0,0,0,
Zip Code,78765,Other,04/2020,0,0,0.167,
Zip Code,78765,Other,05/2020,0,0,0,
Zip Code,78765,Other,06/2020,0,0,0,
Zip Code,78765,Other,07/2020,0,0,0,
Zip Code,78765,Other,08/2020,0,0,0.167,
Zip Code,78765,Other,09/2020,0,0,0,
Zip Code,78765,Other,10/2020,0,0,0,
Zip Code,78765,Other,11/2020,0,0,0,
Zip Code,78765,Other,12/2020,0,0,0,
Zip Code,78765,Other,01/2021,0,0,0,
Zip Code,78765,Other,02/2021,0,0,0.167,
Zip Code,78765,Other,03/2021,0,0,0,
Zip Code,78765,Other,04/2021,0,0,0.167,
Zip Code,78765,Other,05/2021,0,0,0,
Zip Code,78765,Other,06/2021,0,0,0,
Zip Code,78765,Other,07/2021,0,0,0,
Zip Code,78765,Other,08/2021,0,0,0.167,
Zip Code,78765,Other,09/2021,0,0,0,
Zip Code,78765,Other,10/2021,0,0,0,
Zip Code,78765,Other,11/2021,0,0,0,
Zip Code,78765,Other,12/2021,0,0,0,
Zip Code,78765,Other,01/2022,0,0,0,
Zip Code,78765,Other,02/2022,0,0,0.167,
Zip Code,78765,Other,03/2022,0,0,0,
Zip Code,78765,Other,04/2022,0,0,0.167,
Zip Code,78765,Other,05/2022,0,0,0,
Zip Code,78765,Other,06/2022,0,0,0,
Zip Code,78765,Other,07/2022,0,0,0,
Zip Code,78765,Other,08/2022,0,0,0.167,
Zip Code,78765,Other,09/2022,0,0,0,
Zip Code,78765,Other,10/2022,0,0,0,
Zip Code,78765,Other,11/2022,0,0,0,
Zip Code,78765,Other,12/2022,0,0,0,
Zip Code,78765,Other,01/2023,0,0,0,
Zip Code,78765,Other,02/2023,0,0,0.167,
Zip Code,78765,Other,03/2023,0,0,0,
Zip Code,78765,Other,04/2023,0,0,0.167,
Zip Code,78765,Other,05/2023,0,0,0,
Zip Code,78765,Other,06/2023,0,0,0,
Zip Code,78765,Other,07/2023,0,0,0,
Zip Code,78765,Other,08/2023,0,0,0.167,
Zip Code,78765,Other,09/2023,0,0,0,
Zip Code,78765,Other,10/2023,0,0,0,
Zip Code,78765,Other,11/2023,0,0,0,
Zip Code,78765,Other,12/2023,0,0,0,
Zip Code,78765,Other,01/2024,0,0,0,
Zip Code,78765,Other,02/2024,0,0,0.167,
Zip Code,78765,Other,03/2024,0,0,0,
Zip Code,78765,Other,04/2024,0,0,0.167,
Zip Code,78765,Other,05/2024,0,0,0,
Zip Code,78765,Other,06/2024,0,0,0,
Zip Code,78765,Other,07/2024,0,0,0,
Zip Code,78765,Other,08/2024,0,0,0.167,
Zip Code,78765,Other,09/2024,0,0,0,
Zip Code,78765,Other,10/2024,0,0,0,
Zip Code,78765,Other,11/2024,0,0,0,
Zip Code,78765,Other,12/2024,0,0,0,
Zip Code,78765,Other,01/2025,0,0,0,
Zip Code,78765,Other,02/2025,0,0,0.167,
Zip Code,78765,Other,03/2025,0,0,0,
Zip Code,78765,Other,04/2025,0,0,0.167,
Zip Code,78765,Other,05/2025,0,0,0,
Zip Code,78765,Other,06/2025,0,0,0,
Zip Code,78765,Other,07/2025,0,0,0,
Zip Code,78765,Other,08/2025,0,0,0,2025-08-16
Zip Code,78766,Other,01/2020,0,0,0,
Zip Code,78766,Other,02/2020,0,0,0,
Zip Code,78766,Other,03/2020,0,0,0,
Zip Code,78766,Other,04/2020,0,0,0,
Zip Code,78766,Other,05/2020,0,0,0,
Zip Code,78766,Other,06/2020,0,0,0,
Zip Code,78766,Other,07/2020,0,0,0,
Zip Code,78766,Other,08/2020,0,0,0,
Zip Code,78766,Other,09/2020,0,0,0,
Zip Code,78766,Other,10/2020,0,0,0,
Zip Code,78766,Other,11/2020,0,0,0,
Zip Code,78766,Other,12/2020,0,0,0,
Zip Code,78766,Other,01/2021,0,0,0,
Zip Code,78766,Other,02/2021,0,0,0,
Zip Code,78766,Other,03/2021,0,0,0,
Zip Code,78766,Other,04/2021,0,0,0,
Zip Code,78766,Other,05/2021,0,0,0,
Zip Code,78766,Other,06/2021,0,0,0,
Zip Code,78766,Other,07/2021,0,0,0,
Zip Code,78766,Other,08/2021,0,0,0,
Zip Code,78766,Other,09/2021,0,0,0,
Zip Code,78766,Other,10/2021,0,0,0,
Zip Code,78766,Other,11/2021,0,0,0,
Zip Code,78766,Other,12/2021,0,0,0,
Zip Code,78766,Other,01/2022,0,0,0,
Zip Code,78766,Other,02/2022,0,0,0,
Zip Code,78766,Other,03/2022,0,0,0,
Zip Code,78766,Other,04/2022,0,0,0,
Zip Code,78766,Other,05/2022,0,0,0,
Zip Code,78766,Other,06/2022,0,0,0,
Zip Code,78766,Other,07/2022,0,0,0,
Zip Code,78766,Other,08/2022,0,0,0,
Zip Code,78766,Other,09/2022,0,0,0,
Zip Code,78766,Other,10/2022,0,0,0,
Zip Code,78766,Other,11/2022,0,0,0,
Zip Code,78766,Other,12/2022,0,0,0,
Zip Code,78766,Other,01/2023,0,0,0,
Zip Code,78766,Other,02/2023,0,0,0,
Zip Code,78766,Other,03/2023,0,0,0,
Zip Code,78766,Other,04/2023,0,0,0,
Zip Code,78766,Other,05/2023,0,0,0,
Zip Code,78766,Other,06/2023,0,0,0,
Zip Code,78766,Other,07/2023,0,0,0,
Zip Code,78766,Other,08/2023,0,0,0,
Zip Code,78766,Other,09/2023,0,0,0,
Zip Code,78766,Other,10/2023,0,0,0,
Zip Code,78766,Other,11/2023,0,0,0,
Zip Code,78766,Other,12/2023,0,0,0,
Zip Code,78766,Other,01/2024,0,0,0,
Zip Code,78766,Other,02/2024,0,0,0,
Zip Code,78766,Other,03/2024,0,0,0,
Zip Code,78766,Other,04/2024,0,0,0,
Zip Code,78766,Other,05/2024,0,0,0,
Zip Code,78766,Other,06/2024,0,0,0,
Zip Code,78766,Other,07/2024,0,0,0,
Zip Code,78766,Other,08/2024,0,0,0,
Zip Code,78766,Other,09/2024,0,0,0,
Zip Code,78766,Other,10/2024,0,0,0,
Zip Code,78766,Other,11/2024,0,0,0,
Zip Code,78766,Other,12/2024,0,0,0,
Zip Code,78766,Other,01/2025,0,0,0,
Zip Code,78766,Other,02/2025,0,0,0,
Zip Code,78766,Other,03/2025,0,0,0,
Zip Code,78766,Other,04/2025,0,0,0,
Zip Code,78766,Other,05/2025,0,0,0,
Zip Code,78766,Other,06/2025,0,0,0,
Zip Code,78766,Other,07/2025,0,0,0,
Zip Code,78766,Other,08/2025,0,0,0,2025-08-16
Zip Code,78767,Other,01/2020,0,0,0,
Zip Code,78767,Other,02/2020,0,0,0,
Zip Code,78767,Other,03/2020,0,0,0,
Zip Code,78767,Other,04/2020,0,0,0,
Zip Code,78767,Other,05/2020,0,0,0.167,
Zip Code,78767,Other,06/2020,0,0,0,
Zip Code,78767,Other,07/2020,0,0,0,
Zip Code,78767,Other,08/2020,0,0,0,
Zip Code,78767,Other,09/2020,0,0,0,
Zip Code,78767,Other,10/2020,0,0,0,
Zip Code,78767,Other,11/2020,0,0,0,
Zip Code,78767,Other,12/2020,0,0,0,
Zip Code,78767,Other,01/2021,0,0,0,
Zip Code,78767,Other,02/2021,0,0,0,
Zip Code,78767,Other,03/2021,0,0,0,
Zip Code,78767,Other,04/2021,0,0,0,
Zip Code,78767,Other,05/2021,0,0,0.167,
Zip Code,78767,Other,06/2021,0,0,0,
Zip Code,78767,Other,07/2021,0,0,0,
Zip Code,78767,Other,08/2021,0,0,0,
Zip Code,78767,Other,09/2021,0,0,0,
Zip Code,78767,Other,10/2021,0,0,0,
Zip Code,78767,Other,11/2021,0,0,0,
Zip Code,78767,Other,12/2021,0,0,0,
Zip Code,78767,Other,01/2022,0,0,0,
Zip Code,78767,Other,02/2022,0,0,0,
Zip Code,78767,Other,03/2022,0,0,0,
Zip Code,78767,Other,04/2022,0,0,0,
Zip Code,78767,Other,05/2022,0,0,0.167,
Zip Code,78767,Other,06/2022,0,0,0,
Zip Code,78767,Other,07/2022,0,0,0,
Zip Code,78767,Other,08/2022,0,0,0,
Zip Code,78767,Other,09/2022,0,0,0,
Zip Code,78767,Other,10/2022,0,0,0,
Zip Code,78767,Other,11/2022,0,0,0,
Zip Code,78767,Other,12/2022,0,0,0,
Zip Code,78767,Other,01/2023,0,0,0,
Zip Code,78767,Other,02/2023,0,0,0,
Zip Code,78767,Other,03/2023,0,0,0,
Zip Code,78767,Other,04/2023,0,0,0,
Zip Code,78767,Other,05/2023,0,0,0.167,
Zip Code,78767,Other,06/2023,0,0,0,
Zip Code,78767,Other,07/2023,0,0,0,
Zip Code,78767,Other,08/2023,0,0,0,
Zip Code,78767,Other,09/2023,0,0,0,
Zip Code,78767,Other,10/2023,0,0,0,
Zip Code,78767,Other,11/2023,0,0,0,
Zip Code,78767,Other,12/2023,0,0,0,
Zip Code,78767,Other,01/2024,0,0,0,
Zip Code,78767,Other,02/2024,0,0,0,
Zip Code,78767,Other,03/2024,0,0,0,
Zip Code,78767,Other,04/2024,0,0,0,
Zip Code,78767,Other,05/2024,0,0,0.167,
Zip Code,78767,Other,06/2024,0,0,0,
Zip Code,78767,Other,07/2024,0,0,0,
Zip Code,78767,Other,08/2024,0,0,0,
Zip Code,78767,Other,09/2024,0,0,0,
Zip Code,78767,Other,10/2024,0,0,0,
Zip Code,78767,Other,11/2024,0,0,0,
Zip Code,78767,Other,12/2024,0,0,0,
Zip Code,78767,Other,01/2025,0,0,0,
Zip Code,78767,Other,02/2025,0,0,0,
Zip Code,78767,Other,03/2025,0,0,0,
Zip Code,78767,Other,04/2025,0,0,0,
Zip Code,78767,Other,05/2025,0,0,0.167,
Zip Code,78767,Other,06/2025,0,0,0,
Zip Code,78767,Other,07/2025,0,0,0,
Zip Code,78767,Other,08/2025,0,0,0,2025-08-16
Zip Code,78768,Other,01/2020,0,0,0,
Zip Code,78768,Other,02/2020,0,0,0,
Zip Code,78768,Other,03/2020,0,0,0.167,
Zip Code,78768,Other,04/2020,0,0,0,
Zip Code,78768,Other,05/2020,0,0,0,
Zip Code,78768,Other,06/2020,0,0,0.333,
Zip Code,78768,Other,07/2020,0,0,0,
Zip Code,78768,Other,08/2020,0,0,0,
Zip Code,78768,Other,09/2020,0,0,0.167,
Zip Code,78768,Other,10/2020,0,0,0,
Zip Code,78768,Other,11/2020,0,0,0,
Zip Code,78768,Other,12/2020,0,0,0,
Zip Code,78768,Other,01/2021,0,0,0,
Zip Code,78768,Other,02/2021,0,0,0,
Zip Code,78768,Other,03/2021,0,0,0.167,
Zip Code,78768,Other,04/2021,0,0,0,
Zip Code,78768,Other,05/2021,0,0,0,
Zip Code,78768,Other,06/2021,0,0,0.333,
Zip Code,78768,Other,07/2021,0,0,0,
Zip Code,78768,Other,08/2021,0,0,0,
Zip Code,78768,Other,09/2021,0,0,0.167,
Zip Code,78768,Other,10/2021,0,0,0,
Zip Code,78768,Other,11/2021,0,0,0,
Zip Code,78768,Other,12/2021,0,0,0,
Zip Code,78768,Other,01/2022,0,0,0,
Zip Code,78768,Other,02/2022,0,0,0,
Zip Code,78768,Other,03/2022,0,0,0.167,
Zip Code,78768,Other,04/2022,0,0,0,
Zip Code,78768,Other,05/2022,0,0,0,
Zip Code,78768,Other,06/2022,0,0,0.333,
Zip Code,78768,Other,07/2022,0,0,0,
Zip Code,78768,Other,08/2022,0,0,0,
Zip Code,78768,Other,09/2022,0,0,0.167,
Zip Code,78768,Other,10/2022,0,0,0,
Zip Code,78768,Other,11/2022,0,0,0,
Zip Code,78768,Other,12/2022,0,0,0,
Zip Code,78768,Other,01/2023,0,0,0,
Zip Code,78768,Other,02/2023,0,0,0,
Zip Code,78768,Other,03/2023,0,0,0.167,
Zip Code,78768,Other,04/2023,0,0,0,
Zip Code,78768,Other,05/2023,0,0,0,
Zip Code,78768,Other,06/2023,0,0,0.333,
Zip Code,78768,Other,07/2023,0,0,0,
Zip Code,78768,Other,08/2023,0,0,0,
Zip Code,78768,Other,09/2023,0,0,0.167,
Zip Code,78768,Other,10/2023,0,0,0,
Zip Code,78768,Other,11/2023,0,0,0,
Zip Code,78768,Other,12/2023,0,0,0,
Zip Code,78768,Other,01/2024,0,0,0,
Zip Code,78768,Other,02/2024,0,0,0,
Zip Code,78768,Other,03/2024,0,0,0.167,
Zip Code,78768,Other,04/2024,0,0,0,
Zip Code,78768,Other,05/2024,0,0,0,
Zip Code,78768,Other,06/2024,0,0,0.333,
Zip Code,78768,Other,07/2024,0,0,0,
Zip Code,78768,Other,08/2024,0,0,0,
Zip Code,78768,Other,09/2024,0,0,0.167,
Zip Code,78768,Other,10/2024,0,0,0,
Zip Code,78768,Other,11/2024,0,0,0,
Zip Code,78768,Other,12/2024,0,0,0,
Zip Code,78768,Other,01/2025,0,0,0,
Zip Code,78768,Other,02/2025,0,0,0,
Zip Code,78768,Other,03/2025,0,0,0.167,
Zip Code,78768,Other,04/2025,0,0,0,
Zip Code,78768,Other,05/2025,0,0,0,
Zip Code,78768,Other,06/2025,0,0,0.333,
Zip Code,78768,Other,07/2025,0,0,0,
Zip Code,78768,Other,08/2025,0,0,0,2025-08-16
Zip Code,78772,Other,01/2020,0,0,0,
Zip Code,78772,Other,02/2020,0,0,0,
Zip Code,78772,Other,03/2020,0,0,0,
Zip Code,78772,Other,04/2020,0,0,0,
Zip Code,78772,Other,05/2020,0,0,0,
Zip Code,78772,Other,06/2020,0,0,0,
Zip Code,78772,Other,07/2020,0,0,0,
Zip Code,78772,Other,08/2020,0,0,0,
Zip Code,78772,Other,09/2020,0,0,0,
Zip Code,78772,Other,10/2020,0,0,0,
Zip Code,78772,Other,11/2020,0,0,0,
Zip Code,78772,Other,12/2020,0,0,0,
Zip Code,78772,Other,01/2021,0,0,0,
Zip Code,78772,Other,02/2021,0,0,0,
Zip Code,78772,Other,03/2021,0,0,0,
Zip Code,78772,Other,04/2021,0,0,0,
Zip Code,78772,Other,05/2021,0,0,0,
Zip Code,78772,Other,06/2021,0,0,0,
Zip Code,78772,Other,07/2021,0,0,0,
Zip Code,78772,Other,08/2021,0,0,0,
Zip Code,78772,Other,09/2021,0,0,0,
Zip Code,78772,Other,10/2021,0,0,0,
Zip Code,78772,Other,11/2021,0,0,0,
Zip Code,78772,Other,12/2021,0,0,0,
Zip Code,78772,Other,01/2022,0,0,0,
Zip Code,78772,Other,02/2022,0,0,0,
Zip Code,78772,Other,03/2022,0,0,0,
Zip Code,78772,Other,04/2022,0,0,0,
Zip Code,78772,Other,05/2022,0,0,0,
Zip Code,78772,Other,06/2022,0,0,0,
Zip Code,78772,Other,07/2022,0,0,0,
Zip Code,78772,Other,08/2022,0,0,0,
Zip Code,78772,Other,09/2022,0,0,0,
Zip Code,78772,Other,10/2022,0,0,0,
Zip Code,78772,Other,11/2022,0,0,0,
Zip Code,78772,Other,12/2022,0,0,0,
Zip Code,78772,Other,01/2023,0,0,0,
Zip Code,78772,Other,02/2023,0,0,0,
Zip Code,78772,Other,03/2023,0,0,0,
Zip Code,78772,Other,04/2023,0,0,0,
Zip Code,78772,Other,05/2023,0,0,0,
Zip Code,78772,Other,06/2023,0,0,0,
Zip Code,78772,Other,07/2023,0,0,0,
Zip Code,78772,Other,08/2023,0,0,0,
Zip Code,78772,Other,09/2023,0,0,0,
Zip Code,78772,Other,10/2023,0,0,0,
Zip Code,78772,Other,11/2023,0,0,0,
Zip Code,78772,Other,12/2023,0,0,0,
Zip Code,78772,Other,01/2024,0,0,0,
Zip Code,78772,Other,02/2024,0,0,0,
Zip Code,78772,Other,03/2024,0,0,0,
Zip Code,78772,Other,04/2024,0,0,0,
Zip Code,78772,Other,05/2024,0,0,0,
Zip Code,78772,Other,06/2024,0,0,0,
Zip Code,78772,Other,07/2024,0,0,0,
Zip Code,78772,Other,08/2024,0,0,0,
Zip Code,78772,Other,09/2024,0,0,0,
Zip Code,78772,Other,10/2024,0,0,0,
Zip Code,78772,Other,11/2024,0,0,0,
Zip Code,78772,Other,12/2024,0,0,0,
Zip Code,78772,Other,01/2025,0,0,0,
Zip Code,78772,Other,02/2025,0,0,0,
Zip Code,78772,Other,03/2025,0,0,0,
Zip Code,78772,Other,04/2025,0,0,0,
Zip Code,78772,Other,05/2025,0,0,0,
Zip Code,78772,Other,06/2025,0,0,0,
Zip Code,78772,Other,07/2025,0,0,0,
Zip Code,78772,Other,08/2025,0,0,0,2025-08-16
Zip Code,78774,Other,01/2020,0,0,0,
Zip Code,78774,Other,02/2020,0,0,0,
Zip Code,78774,Other,03/2020,0,0,0,
Zip Code,78774,Other,04/2020,0,0,0,
Zip Code,78774,Other,05/2020,0,0,0,
Zip Code,78774,Other,06/2020,0,0,0,
Zip Code,78774,Other,07/2020,0,0,0,
Zip Code,78774,Other,08/2020,0,0,0,
Zip Code,78774,Other,09/2020,0,0,0,
Zip Code,78774,Other,10/2020,0,0,0,
Zip Code,78774,Other,11/2020,0,0,0,
Zip Code,78774,Other,12/2020,0,0,0,
Zip Code,78774,Other,01/2021,0,0,0,
Zip Code,78774,Other,02/2021,0,0,0,
Zip Code,78774,Other,03/2021,0,0,0,
Zip Code,78774,Other,04/2021,0,0,0,
Zip Code,78774,Other,05/2021,0,0,0,
Zip Code,78774,Other,06/2021,0,0,0,
Zip Code,78774,Other,07/2021,0,0,0,
Zip Code,78774,Other,08/2021,0,0,0,
Zip Code,78774,Other,09/2021,0,0,0,
Zip Code,78774,Other,10/2021,0,0,0,
Zip Code,78774,Other,11/2021,0,0,0,
Zip Code,78774,Other,12/2021,0,0,0,
Zip Code,78774,Other,01/2022,0,0,0,
Zip Code,78774,Other,02/2022,0,0,0,
Zip Code,78774,Other,03/2022,0,0,0,
Zip Code,78774,Other,04/2022,0,0,0,
Zip Code,78774,Other,05/2022,0,0,0,
Zip Code,78774,Other,06/2022,0,0,0,
Zip Code,78774,Other,07/2022,0,0,0,
Zip Code,78774,Other,08/2022,0,0,0,
Zip Code,78774,Other,09/2022,0,0,0,
Zip Code,78774,Other,10/2022,0,0,0,
Zip Code,78774,Other,11/2022,0,0,0,
Zip Code,78774,Other,12/2022,0,0,0,
Zip Code,78774,Other,01/2023,0,0,0,
Zip Code,78774,Other,02/2023,0,0,0,
Zip Code,78774,Other,03/2023,0,0,0,
Zip Code,78774,Other,04/2023,0,0,0,
Zip Code,78774,Other,05/2023,0,0,0,
Zip Code,78774,Other,06/2023,0,0,0,
Zip Code,78774,Other,07/2023,0,0,0,
Zip Code,78774,Other,08/2023,0,0,0,
Zip Code,78774,Other,09/2023,0,0,0,
Zip Code,78774,Other,10/2023,0,0,0,
Zip Code,78774,Other,11/2023,0,0,0,
Zip Code,78774,Other,12/2023,0,0,0,
Zip Code,78774,Other,01/2024,0,0,0,
Zip Code,78774,Other,02/2024,0,0,0,
Zip Code,78774,Other,03/2024,0,0,0,
Zip Code,78774,Other,04/2024,0,0,0,
Zip Code,78774,Other,05/2024,0,0,0,
Zip Code,78774,Other,06/2024,0,0,0,
Zip Code,78774,Other,07/2024,0,0,0,
Zip Code,78774,Other,08/2024,0,0,0,
Zip Code,78774,Other,09/2024,0,0,0,
Zip Code,78774,Other,10/2024,0,0,0,
Zip Code,78774,Other,11/2024,0,0,0,
Zip Code,78774,Other,12/2024,0,0,0,
Zip Code,78774,Other,01/2025,0,0,0,
Zip Code,78774,Other,02/2025,0,0,0,
Zip Code,78774,Other,03/2025,0,0,0,
Zip Code,78774,Other,04/2025,0,0,0,
Zip Code,78774,Other,05/2025,0,0,0,
Zip Code,78774,Other,06/2025,0,0,0,
Zip Code,78774,Other,07/2025,0,0,0,
Zip Code,78774,Other,08/2025,0,0,0,2025-08-16
Zip Code,78778,Other,01/2020,0,0,0,
Zip Code,78778,Other,02/2020,0,0,0,
Zip Code,78778,Other,03/2020,0,0,0,
Zip Code,78778,Other,04/2020,0,0,0,
Zip Code,78778,Other,05/2020,0,0,0,
Zip Code,78778,Other,06/2020,0,0,0,
Zip Code,78778,Other,07/2020,0,0,0,
Zip Code,78778,Other,08/2020,0,0,0,
Zip Code,78778,Other,09/2020,0,0,0,
Zip Code,78778,Other,10/2020,0,0,0,
Zip Code,78778,Other,11/2020,0,0,0,
Zip Code,78778,Other,12/2020,0,0,0,
Zip Code,78778,Other,01/2021,0,0,0,
Zip Code,78778,Other,02/2021,0,0,0,
Zip Code,78778,Other,03/2021,0,0,0,
Zip Code,78778,Other,04/2021,0,0,0,
Zip Code,78778,Other,05/2021,0,0,0,
Zip Code,78778,Other,06/2021,0,0,0,
Zip Code,78778,Other,07/2021,0,0,0,
Zip Code,78778,Other,08/2021,0,0,0,
Zip Code,78778,Other,09/2021,0,0,0,
Zip Code,78778,Other,10/2021,0,0,0,
Zip Code,78778,Other,11/2021,0,0,0,
Zip Code,78778,Other,12/2021,0,0,0,
Zip Code,78778,Other,01/2022,0,0,0,
Zip Code,78778,Other,02/2022,0,0,0,
Zip Code,78778,Other,03/2022,0,0,0,
Zip Code,78778,Other,04/2022,0,0,0,
Zip Code,78778,Other,05/2022,0,0,0,
Zip Code,78778,Other,06/2022,0,0,0,
Zip Code,78778,Other,07/2022,0,0,0,
Zip Code,78778,Other,08/2022,0,0,0,
Zip Code,78778,Other,09/2022,0,0,0,
Zip Code,78778,Other,10/2022,0,0,0,
Zip Code,78778,Other,11/2022,0,0,0,
Zip Code,78778,Other,12/2022,0,0,0,
Zip Code,78778,Other,01/2023,0,0,0,
Zip Code,78778,Other,02/2023,0,0,0,
Zip Code,78778,Other,03/2023,0,0,0,
Zip Code,78778,Other,04/2023,0,0,0,
Zip Code,78778,Other,05/2023,0,0,0,
Zip Code,78778,Other,06/2023,0,0,0,
Zip Code,78778,Other,07/2023,0,0,0,
Zip Code,78778,Other,08/2023,0,0,0,
Zip Code,78778,Other,09/2023,0,0,0,
Zip Code,78778,Other,10/2023,0,0,0,
Zip Code,78778,Other,11/2023,0,0,0,
Zip Code,78778,Other,12/2023,0,0,0,
Zip Code,78778,Other,01/2024,0,0,0,
Zip Code,78778,Other,02/2024,0,0,0,
Zip Code,78778,Other,03/2024,0,0,0,
Zip Code,78778,Other,04/2024,0,0,0,
Zip Code,78778,Other,05/2024,0,0,0,
Zip Code,78778,Other,06/2024,0,0,0,
Zip Code,78778,Other,07/2024,0,0,0,
Zip Code,78778,Other,08/2024,0,0,0,
Zip Code,78778,Other,09/2024,0,0,0,
Zip Code,78778,Other,10/2024,0,0,0,
Zip Code,78778,Other,11/2024,0,0,0,
Zip Code,78778,Other,12/2024,0,0,0,
Zip Code,78778,Other,01/2025,0,0,0,
Zip Code,78778,Other,02/2025,0,0,0,
Zip Code,78778,Other,03/2025,0,0,0,
Zip Code,78778,Other,04/2025,0,0,0,
Zip Code,78778,Other,05/2025,0,0,0,
Zip Code,78778,Other,06/2025,0,0,0,
Zip Code,78778,Other,07/2025,0,0,0,
Zip Code,78778,Other,08/2025,0,0,0,2025-08-16
Zip Code,78779,Other,01/2020,0,0,0,
Zip Code,78779,Other,02/2020,0,0,0,
Zip Code,78779,Other,03/2020,0,0,0,
Zip Code,78779,Other,04/2020,0,0,0,
Zip Code,78779,Other,05/2020,0,0,0,
Zip Code,78779,Other,06/2020,0,0,0,
Zip Code,78779,Other,07/2020,0,0,0,
Zip Code,78779,Other,08/2020,0,0,0,
Zip Code,78779,Other,09/2020,0,0,0,
Zip Code,78779,Other,10/2020,0,0,0,
Zip Code,78779,Other,11/2020,0,0,0,
Zip Code,78779,Other,12/2020,0,0,0,
Zip Code,78779,Other,01/2021,0,0,0,
Zip Code,78779,Other,02/2021,0,0,0,
Zip Code,78779,Other,03/2021,0,0,0,
Zip Code,78779,Other,04/2021,0,0,0,
Zip Code,78779,Other,05/2021,0,0,0,
Zip Code,78779,Other,06/2021,0,0,0,
Zip Code,78779,Other,07/2021,0,0,0,
Zip Code,78779,Other,08/2021,0,0,0,
Zip Code,78779,Other,09/2021,0,0,0,
Zip Code,78779,Other,10/2021,0,0,0,
Zip Code,78779,Other,11/2021,0,0,0,
Zip Code,78779,Other,12/2021,0,0,0,
Zip Code,78779,Other,01/2022,0,0,0,
Zip Code,78779,Other,02/2022,0,0,0,
Zip Code,78779,Other,03/2022,0,0,0,
Zip Code,78779,Other,04/2022,0,0,0,
Zip Code,78779,Other,05/2022,0,0,0,
Zip Code,78779,Other,06/2022,0,0,0,
Zip Code,78779,Other,07/2022,0,0,0,
Zip Code,78779,Other,08/2022,0,0,0,
Zip Code,78779,Other,09/2022,0,0,0,
Zip Code,78779,Other,10/2022,0,0,0,
Zip Code,78779,Other,11/2022,0,0,0,
Zip Code,78779,Other,12/2022,0,0,0,
Zip Code,78779,Other,01/2023,0,0,0,
Zip Code,78779,Other,02/2023,0,0,0,
Zip Code,78779,Other,03/2023,0,0,0,
Zip Code,78779,Other,04/2023,0,0,0,
Zip Code,78779,Other,05/2023,0,0,0,
Zip Code,78779,Other,06/2023,0,0,0,
Zip Code,78779,Other,07/2023,0,0,0,
Zip Code,78779,Other,08/2023,0,0,0,
Zip Code,78779,Other,09/2023,0,0,0,
Zip Code,78779,Other,10/2023,0,0,0,
Zip Code,78779,Other,11/2023,0,0,0,
Zip Code,78779,Other,12/2023,0,0,0,
Zip Code,78779,Other,01/2024,0,0,0,
Zip Code,78779,Other,02/2024,0,0,0,
Zip Code,78779,Other,03/2024,0,0,0,
Zip Code,78779,Other,04/2024,0,0,0,
Zip Code,78779,Other,05/2024,0,0,0,
Zip Code,78779,Other,06/2024,0,0,0,
Zip Code,78779,Other,07/2024,0,0,0,
Zip Code,78779,Other,08/2024,0,0,0,
Zip Code,78779,Other,09/2024,0,0,0,
Zip Code,78779,Other,10/2024,0,0,0,
Zip Code,78779,Other,11/2024,0,0,0,
Zip Code,78779,Other,12/2024,0,0,0,
Zip Code,78779,Other,01/2025,0,0,0,
Zip Code,78779,Other,02/2025,0,0,0,
Zip Code,78779,Other,03/2025,0,0,0,
Zip Code,78779,Other,04/2025,0,0,0,
Zip Code,78779,Other,05/2025,0,0,0,
Zip Code,78779,Other,06/2025,0,0,0,
Zip Code,78779,Other,07/2025,0,0,0,
Zip Code,78779,Other,08/2025,0,0,0,2025-08-16
Zip Code,78799,Other,01/2020,0,0,0,
Zip Code,78799,Other,02/2020,0,0,0,
Zip Code,78799,Other,03/2020,0,0,0,
Zip Code,78799,Other,04/2020,0,0,0,
Zip Code,78799,Other,05/2020,0,0,0,
Zip Code,78799,Other,06/2020,0,0,0,
Zip Code,78799,Other,07/2020,0,0,0,
Zip Code,78799,Other,08/2020,0,0,0,
Zip Code,78799,Other,09/2020,0,0,0,
Zip Code,78799,Other,10/2020,0,0,0,
Zip Code,78799,Other,11/2020,0,0,0,
Zip Code,78799,Other,12/2020,0,0,0,
Zip Code,78799,Other,01/2021,0,0,0,
Zip Code,78799,Other,02/2021,0,0,0,
Zip Code,78799,Other,03/2021,0,0,0,
Zip Code,78799,Other,04/2021,0,0,0,
Zip Code,78799,Other,05/2021,0,0,0,
Zip Code,78799,Other,06/2021,0,0,0,
Zip Code,78799,Other,07/2021,0,0,0,
Zip Code,78799,Other,08/2021,0,0,0,
Zip Code,78799,Other,09/2021,0,0,0,
Zip Code,78799,Other,10/2021,0,0,0,
Zip Code,78799,Other,11/2021,0,0,0,
Zip Code,78799,Other,12/2021,0,0,0,
Zip Code,78799,Other,01/2022,0,0,0,
Zip Code,78799,Other,02/2022,0,0,0,
Zip Code,78799,Other,03/2022,0,0,0,
Zip Code,78799,Other,04/2022,0,0,0,
Zip Code,78799,Other,05/2022,0,0,0,
Zip Code,78799,Other,06/2022,0,0,0,
Zip Code,78799,Other,07/2022,0,0,0,
Zip Code,78799,Other,08/2022,0,0,0,
Zip Code,78799,Other,09/2022,0,0,0,
Zip Code,78799,Other,10/2022,0,0,0,
Zip Code,78799,Other,11/2022,0,0,0,
Zip Code,78799,Other,12/2022,0,0,0,
Zip Code,78799,Other,01/2023,0,0,0,
Zip Code,78799,Other,02/2023,0,0,0,
Zip Code,78799,Other,03/2023,0,0,0,
Zip Code,78799,Other,04/2023,0,0,0,
Zip Code,78799,Other,05/2023,0,0,0,
Zip Code,78799,Other,06/2023,0,0,0,
Zip Code,78799,Other,07/2023,0,0,0,
Zip Code,78799,Other,08/2023,0,0,0,
Zip Code,78799,Other,09/2023,0,0,0,
Zip Code,78799,Other,10/2023,0,0,0,
Zip Code,78799,Other,11/2023,0,0,0,
Zip Code,78799,Other,12/2023,0,0,0,
Zip Code,78799,Other,01/2024,0,0,0,
Zip Code,78799,Other,02/2024,0,0,0,
Zip Code,78799,Other,03/2024,0,0,0,
Zip Code,78799,Other,04/2024,0,0,0,
Zip Code,78799,Other,05/2024,0,0,0,
Zip Code,78799,Other,06/2024,0,0,0,
Zip Code,78799,Other,07/2024,0,0,0,
Zip Code,78799,Other,08/2024,0,0,0,
Zip Code,78799,Other,09/2024,0,0,0,
Zip Code,78799,Other,10/2024,0,0,0,
Zip Code,78799,Other,11/2024,0,0,0,
Zip Code,78799,Other,12/2024,0,0,0,
Zip Code,78799,Other,01/2025,0,0,0,
Zip Code,78799,Other,02/2025,0,0,0,
Zip Code,78799,Other,03/2025,0,0,0,
Zip Code,78799,Other,04/2025,0,0,0,
Zip Code,78799,Other,05/2025,0,0,0,
Zip Code,78799,Other,06/2025,0,0,0,
Zip Code,78799,Other,07/2025,0,0,0,
Zip Code,78799,Other,08/2025,0,0,0,2025-08-16
Zip Code,sealed,,01/2020,1101,2.5,4.667,
Zip Code,sealed,,02/2020,1084,4,3.167,
Zip Code,sealed,,03/2020,639,3.5,2.833,
Zip Code,sealed,,04/2020,23,6.5,4.833,
Zip Code,sealed,,05/2020,28,5,5.167,
Zip Code,sealed,,06/2020,130,5.5,10.667,
Zip Code,sealed,,07/2020,67,7,7.667,
Zip Code,sealed,,08/2020,49,8,4.667,
Zip Code,sealed,,09/2020,69,6.5,8.5,
Zip Code,sealed,,10/2020,77,9.5,4,
Zip Code,sealed,,11/2020,62,6.5,4.167,
Zip Code,sealed,,12/2020,66,7.5,4.667,
Zip Code,sealed,,01/2021,78,2.5,4.667,
Zip Code,sealed,,02/2021,54,4,3.167,
Zip Code,sealed,,03/2021,100,3.5,2.833,
Zip Code,sealed,,04/2021,108,6.5,4.833,
Zip Code,sealed,,05/2021,104,5,5.167,
Zip Code,sealed,,06/2021,112,5.5,10.667,
Zip Code,sealed,,07/2021,141,7,7.667,
Zip Code,sealed,,08/2021,162,8,4.667,
Zip Code,sealed,,09/2021,170,6.5,8.5,
Zip Code,sealed,,10/2021,186,9.5,4,
Zip Code,sealed,,11/2021,245,6.5,4.167,
Zip Code,sealed,,12/2021,290,7.5,4.667,
Zip Code,sealed,,01/2022,464,2.5,4.667,
Zip Code,sealed,,02/2022,734,4,3.167,
Zip Code,sealed,,03/2022,1061,3.5,2.833,
Zip Code,sealed,,04/2022,999,6.5,4.833,
Zip Code,sealed,,05/2022,789,5,5.167,
Zip Code,sealed,,06/2022,741,5.5,10.667,
Zip Code,sealed,,07/2022,781,7,7.667,
Zip Code,sealed,,08/2022,882,8,4.667,
Zip Code,sealed,,09/2022,805,6.5,8.5,
Zip Code,sealed,,10/2022,851,9.5,4,
Zip Code,sealed,,11/2022,577,6.5,4.167,
Zip Code,sealed,,12/2022,516,7.5,4.667,
Zip Code,sealed,,01/2023,711,2.5,4.667,
Zip Code,sealed,,02/2023,777,4,3.167,
Zip Code,sealed,,03/2023,791,3.5,2.833,
Zip Code,sealed,,04/2023,811,6.5,4.833,
Zip Code,sealed,,05/2023,779,5,5.167,
Zip Code,sealed,,06/2023,937,5.5,10.667,
Zip Code,sealed,,07/2023,828,7,7.667,
Zip Code,sealed,,08/2023,746,8,4.667,
Zip Code,sealed,,09/2023,633,6.5,8.5,
Zip Code,sealed,,10/2023,882,9.5,4,
Zip Code,sealed,,11/2023,812,6.5,4.167,
Zip Code,sealed,,12/2023,744,7.5,4.667,
Zip Code,sealed,,01/2024,1203,2.5,4.667,
Zip Code,sealed,,02/2024,1148,4,3.167,
Zip Code,sealed,,03/2024,1012,3.5,2.833,
Zip Code,sealed,,04/2024,824,6.5,4.833,
Zip Code,sealed,,05/2024,1051,5,5.167,
Zip Code,sealed,,06/2024,967,5.5,10.667,
Zip Code,sealed,,07/2024,1125,7,7.667,
Zip Code,sealed,,08/2024,1084,8,4.667,
Zip Code,sealed,,09/2024,1266,6.5,8.5,
Zip Code,sealed,,10/2024,1159,9.5,4,
Zip Code,sealed,,11/2024,1030,6.5,4.167,
Zip Code,sealed,,12/2024,1108,7.5,4.667,
Zip Code,sealed,,01/2025,1287,2.5,4.667,
Zip Code,sealed,,02/2025,1248,4,3.167,
Zip Code,sealed,,03/2025,1235,3.5,2.833,
Zip Code,sealed,,04/2025,1112,6.5,4.833,
Zip Code,sealed,,05/2025,1140,5,5.167,
Zip Code,sealed,,06/2025,1204,5.5,10.667,
Zip Code,sealed,,07/2025,1300,7,7.667,
Zip Code,sealed,,08/2025,95,4.5,2.833,2025-08-16
