month,month_last_day,month_filings,avg_filings,percentage_diff
January,,1097,836.666666666667,1.31115537848606
February,,1080,700.5,1.54175588865096
March,,638,595.5,1.07136859781696
April,,22,657.166666666667,0.0334770479330459
May,,26,732.166666666667,0.0355110402913726
June,,130,792.833333333333,0.163968887954593
July,,59,823,0.0716889428918591
August,,48,822.5,0.0583586626139818
September,,66,800.166666666667,0.0824828160799834
October,03/10/2020,6,34.1666666666667,0.175609756097561
