month,month_last_day,month_filings,avg_filings,percentage_diff
January,,1095,877,1.24857468643101
February,,1080,589,1.83361629881155
March,,638,617,1.03403565640194
April,,22,668,0.032934131736527
May,,25,735,0.0340136054421769
June,06/06/2020,20,64,0.3125
