group,month,month_last_day,month_filings,avg_filings,month_diff,month_filings_imputed,baseline_share
White,08/2023,,3497,2340.83333333333,1.4939124243503,,0.488982711879472
Latinx,08/2023,,3173,3270.5,0.970188044641492,,0.316732589662682
Other,08/2023,,4435,3543.83333333333,1.25146968913135,,
Black,08/2023,,,,,,0.106479712012799
Female,08/2023,,,,,,
