group,month,month_last_day,month_filings,avg_filings,month_diff,month_filings_imputed
White,04/2022,,2629,2340.33333333333,1.12334425295542,
Latinx,04/2022,,3055,3269.83333333333,0.934298384219379,
Other,04/2022,,3410,3541.5,0.96286884088663,
Black,04/2022,,,,,
Female,04/2022,,,,,
