group,month,month_last_day,month_filings,avg_filings,month_diff,month_filings_imputed,baseline_share
White,04/2022,,814,2514.66666666667,0.323700954400848,,0.579061856522475
Other,04/2022,,469,2415.66666666667,0.194149303159928,,
Black,04/2022,,356,2343.5,0.151909537017282,,0.141654625557599
Latinx,04/2022,,178,592.5,0.30042194092827,,0.15347787913745
Female,04/2022,,,,,,
