group,month,month_last_day,month_filings,avg_filings,month_diff,month_filings_imputed,baseline_share
White,06/2022,,992,2514.66666666667,0.394485683987275,,
Other,06/2022,,571,2415.66666666667,0.23637367186422,,
Black,06/2022,,465,2343.5,0.198421164924259,,
Latinx,06/2022,,199,592.5,0.335864978902954,,
Female,06/2022,,,,,,
