month,month_last_day,month_filings,avg_filings,percentage_diff
January,,625,619.25,1.00928542591845
February,,589,635.5,0.926829268292683
March,,454,676.25,0.671349353049908
April,,95,592.333333333333,0.160382667416995
May,,4,634.416666666667,0.00630500459739919
June,06/06/2020,0,104.25,0
