month,month_last_day,month_filings,avg_filings,percentage_diff
January,,625,619.25,1.00928542591845
February,,589,635.5,0.926829268292683
March,,454,676.25,0.671349353049908
April,,95,592.333333333333,0.160382667416995
May,30/05/2020,4,613.25,0.00652262535670607
