group,month,month_last_day,month_filings,avg_filings,month_diff,month_filings_imputed,baseline_share
White,11/2022,,2713,2514.66666666667,1.07887062566278,0.27918366002306,0.562909942442281
Other,11/2022,,2160,2415.66666666667,0.89416310197323,0.118443090100478,
Black,11/2022,,1888,2343.5,0.805632600810753,0.322625926535991,0.135974900439167
Latinx,11/2022,,508,592.5,0.857383966244726,0.279747323340471,0.15190273920177
Female,11/2022,,,,,0.643771839562793,0.527117352290562
