group,month,month_last_day,month_filings,avg_filings,month_diff,month_filings_imputed,baseline_share
White,11/2022,,1632,2429.75,0.67167404053915,0.42395836699466,0.562909942442281
Other,11/2022,,2029,2576.83333333333,0.787400556238277,0.108011307607311,
Black,11/2022,,1625,2033.75,0.799016594960049,0.204960764893367,0.135974900439167
Latinx,11/2022,,642,722,0.889196675900277,0.263069560504663,0.15190273920177
Female,11/2022,,,,,0.499865415454952,0.527117352290562
