group,month,month_last_day,month_filings,avg_filings,month_diff,month_filings_imputed,baseline_share
White,11/2022,,976,2514.66666666667,0.388123011664899,0.420727314670773,0.562909942442281
Other,11/2022,,1455,2415.66666666667,0.602318200634746,0.109888762975978,
Black,11/2022,,1905,2343.5,0.812886707915511,0.203703815502492,0.135974900439167
Latinx,11/2022,,453,592.5,0.764556962025316,0.265680106850758,0.15190273920177
Female,11/2022,,,,,0.49991823072616,0.527117352290562
