group,month,month_last_day,month_filings,avg_filings,month_diff,month_filings_imputed,baseline_share
White,05/2022,,894,2514.66666666667,0.355514316012725,,
Other,05/2022,,504,2415.66666666667,0.208638057127087,,
Black,05/2022,,409,2343.5,0.174525282696821,,
Latinx,05/2022,,188,592.5,0.317299578059072,,
Female,05/2022,,,,,,
