group,month,month_last_day,month_filings,avg_filings,month_diff,month_filings_imputed,baseline_share
White,08/2022,,1098,2514.66666666667,0.436638388123012,,0.562909942442281
Other,08/2022,,650,2415.66666666667,0.269076859390092,,
Black,08/2022,,532,2343.5,0.227010881160657,,0.135974900439167
Latinx,08/2022,,219,592.5,0.369620253164557,,0.15190273920177
Female,08/2022,,,,,,0.527117352290562
