group,month,month_last_day,month_filings,avg_filings,month_diff,month_filings_imputed,baseline_share
White,10/2022,,1419,2514.66666666667,0.564289501590668,,0.562909942442281
Other,10/2022,,1030,2415.66666666667,0.426383331033531,,
Black,10/2022,,831,2343.5,0.354597823767869,,0.135974900439167
Latinx,10/2022,,272,592.5,0.459071729957806,,0.15190273920177
Female,10/2022,,,,,,0.527117352290562
