group,month,month_last_day,month_filings,avg_filings,month_diff,month_filings_imputed,baseline_share
White,09/2022,,1151,2514.66666666667,0.45771474019088,,0.562909942442281
Other,09/2022,,730,2415.66666666667,0.302194011315027,,
Black,09/2022,,591,2343.5,0.252186899935993,,0.135974900439167
Latinx,09/2022,,239,592.5,0.40337552742616,,0.15190273920177
Female,09/2022,,,,,,0.527117352290562
