group,month,month_last_day,month_filings,avg_filings,month_diff,month_filings_imputed,baseline_share
White,07/2022,,1072,2514.66666666667,0.426299045599152,,
Other,07/2022,,621,2415.66666666667,0.257071891817304,,
Black,07/2022,,520,2343.5,0.221890334969063,,
Latinx,07/2022,,216,592.5,0.364556962025316,,
Female,07/2022,,,,,,
