group,month,month_last_day,month_filings,avg_filings,month_diff,month_filings_imputed,baseline_share
White,11/2022,,1711,2514.66666666667,0.680408271474019,,0.562909942442281
Other,11/2022,,1271,2415.66666666667,0.526148751207396,,
Black,11/2022,,1051,2343.5,0.448474503947088,,0.135974900439167
Latinx,11/2022,,313,592.5,0.528270042194093,,0.15190273920177
Female,11/2022,,,,,,0.527117352290562
