group,month,month_last_day,month_filings,avg_filings,month_diff,month_filings_imputed,baseline_share
White,09/2022,,924,843,1.09608540925267,0.27795530098832,0.435730762964043
Black,09/2022,,81,105.333333333333,0.768987341772152,0.360278751123091,0.186869163286482
Latinx,09/2022,,1201,1022.33333333333,1.1747636126508,0.311938903863432,0.301403812676334
Other,09/2022,,2253,2014.33333333333,1.1184841965911,0.0498270440251573,
Female,09/2022,,,,,0.585631449350456,0.526666696965428
