group,month,month_last_day,month_filings,avg_filings,month_diff,month_filings_imputed,baseline_share
White,02/2023,,895,843,1.06168446026097,0.27708275241736,0.435730762964043
Black,02/2023,,98,105.333333333333,0.930379746835443,0.360429952777153,0.186869163286482
Latinx,02/2023,,1178,1022.33333333333,1.15226605803717,0.311229592984034,0.301403812676334
Other,02/2023,,2286,2014.33333333333,1.1348667880192,0.0512577018214527,
Female,02/2023,,,,,0.581831403402135,0.526666696965428
