group,month,month_last_day,month_filings,avg_filings,month_diff,month_filings_imputed,baseline_share
White,06/2022,,924,843,1.09608540925267,0.272960197934596,0.390572237548346
Black,06/2022,,78,105.333333333333,0.740506329113924,0.361207831325301,0.19797210393081
Latinx,06/2022,,1173,1022.33333333333,1.14737528529508,0.317103485370052,0.340697447177898
Other,06/2022,,2330,2014.33333333333,1.15671024325666,0.0243642426850258,
Female,06/2022,,,,,0.581261666009034,0.526666696965428
