group,month,month_last_day,month_filings,avg_filings,month_diff,month_filings_imputed,baseline_share
White,10/2023,,939,883.666666666667,1.06261788004527,,0.435730762964043
Black,10/2023,,85,105.333333333333,0.806962025316456,,0.186869163286482
Latinx,10/2023,,1080,1122.33333333333,0.962280962280962,,0.301403812676334
Other,10/2023,,2106,1873.66666666667,1.12399928838285,,
Female,10/2023,,,,,,0.526666696965428
