group,month,month_last_day,month_filings,avg_filings,month_diff,month_filings_imputed,baseline_share
White,03/2023,,886,843,1.05100830367734,0.275353672316384,0.435730762964043
Black,03/2023,,95,105.333333333333,0.901898734177215,0.360979661016949,0.186869163286482
Latinx,03/2023,,1178,1022.33333333333,1.15226605803717,0.312463276836158,0.301403812676334
Other,03/2023,,2275,2014.33333333333,1.12940592420983,0.0512033898305084,
Female,03/2023,,,,,0.581298984675026,0.526666696965428
