group,month,month_last_day,month_filings,avg_filings,month_diff,month_filings_imputed,baseline_share
White,05/2023,,895,843,1.06168446026097,0.275613688040018,0.435730762964043
Black,05/2023,,91,105.333333333333,0.863924050632912,0.35625079581628,0.186869163286482
Latinx,05/2023,,1176,1022.33333333333,1.15030974894033,0.318891314233743,0.301403812676334
Other,05/2023,,2245,2014.33333333333,1.11451265927519,0.049244201909959,
Female,05/2023,,,,,0.578497821666623,0.526666696965428
