group,month,month_last_day,month_filings,avg_filings,month_diff,month_filings_imputed,baseline_share
White,01/2023,,911,843,1.08066429418743,0.279147401433692,0.435730762964043
Black,01/2023,,98,105.333333333333,0.930379746835443,0.358907930107527,0.186869163286482
Latinx,01/2023,,1184,1022.33333333333,1.15813498532768,0.311628136200717,0.301403812676334
Other,01/2023,,2282,2014.33333333333,1.13288101936124,0.0503165322580645,
Female,01/2023,,,,,0.581706087883583,0.526666696965428
