group,month,month_last_day,month_filings,avg_filings,month_diff,month_filings_imputed,baseline_share
White,11/2022,,884,843,1.04863582443654,0.273833445415826,0.435730762964043
Black,11/2022,,83,105.333333333333,0.787974683544304,0.360915265635508,0.186869163286482
Latinx,11/2022,,1217,1022.33333333333,1.1904140854255,0.315847567809908,0.301403812676334
Other,11/2022,,2281,2014.33333333333,1.13238457719676,0.0494037211387581,
Female,11/2022,,,,,0.583887504035271,0.526666696965428
