group,month,month_last_day,month_filings,avg_filings,month_diff,month_filings_imputed,baseline_share
White,04/2022,,978,843,1.16014234875445,0.278251817015819,0.390572237548346
Black,04/2022,,79,105.333333333333,0.75,0.353870457460453,0.19797210393081
Latinx,04/2022,,1138,1022.33333333333,1.11313987610042,0.31918255664814,0.340697447177898
Other,04/2022,,2411,2014.33333333333,1.19692205858018,0.0243475844377939,
Female,04/2022,,,,,0.583638346892182,0.526666696965428
