group,month,month_last_day,month_filings,avg_filings,month_diff,month_filings_imputed,baseline_share
White,09/2023,,936,883.666666666667,1.05922293474161,,0.435730762964043
Black,09/2023,,94,105.333333333333,0.892405063291139,,0.186869163286482
Latinx,09/2023,,1089,1122.33333333333,0.97029997029997,,0.301403812676334
Other,09/2023,,2082,1873.66666666667,1.11119017968333,,
Female,09/2023,,,,,,0.526666696965428
