group,month,month_last_day,month_filings,avg_filings,month_diff,month_filings_imputed,baseline_share
White,01/2023,,911,843,1.08066429418743,0.276935730337079,0.435730762964043
Black,01/2023,,98,105.333333333333,0.930379746835443,0.357570561797753,0.186869163286482
Latinx,01/2023,,1184,1022.33333333333,1.15813498532768,0.31545595505618,0.301403812676334
Other,01/2023,,2282,2014.33333333333,1.13288101936124,0.0500377528089888,
Female,01/2023,,,,,0.577956668990665,0.526666696965428
