group,month,month_last_day,month_filings,avg_filings,month_diff,month_filings_imputed,baseline_share
White,06/2023,,861,843,1.02135231316726,0.275446552406906,0.435730762964043
Black,06/2023,,95,105.333333333333,0.901898734177215,0.360391963046073,0.186869163286482
Latinx,06/2023,,928,1022.33333333333,0.907727420932507,0.318827898472411,0.301403812676334
Other,06/2023,,1673,2014.33333333333,0.830547741188152,0.04533358607461,
Female,06/2023,,,,,0.569509067069394,0.526666696965428
