type,GEOID,racial_majority,month,filings_2020,filings_avg,filings_avg_prepandemic_baseline,last_updated
Census Tract,09001010101,White,01/2020,0,0.5,0,
Census Tract,09001010101,White,02/2020,0,0,0.667,
Census Tract,09001010101,White,03/2020,0,0.5,0.667,
Census Tract,09001010101,White,04/2020,0,1,0,
Census Tract,09001010101,White,05/2020,0,0.5,0,
Census Tract,09001010101,White,06/2020,0,0,0.333,
Census Tract,09001010101,White,07/2020,0,0,0.333,
Census Tract,09001010101,White,08/2020,1,0.5,0,
Census Tract,09001010101,White,09/2020,0,0,0.667,
Census Tract,09001010101,White,10/2020,0,0,0.667,
Census Tract,09001010101,White,11/2020,0,1,0.333,
Census Tract,09001010101,White,12/2020,0,0.5,0,
Census Tract,09001010101,White,01/2021,0,0.5,0,
Census Tract,09001010101,White,02/2021,1,0,0.667,
Census Tract,09001010101,White,03/2021,0,0.5,0.667,
Census Tract,09001010101,White,04/2021,0,1,0,
Census Tract,09001010101,White,05/2021,0,0.5,0,
Census Tract,09001010101,White,06/2021,1,0,0.333,
Census Tract,09001010101,White,07/2021,0,0,0.333,
Census Tract,09001010101,White,08/2021,1,0.5,0,
Census Tract,09001010101,White,09/2021,1,0,0.667,
Census Tract,09001010101,White,10/2021,0,0,0.667,
Census Tract,09001010101,White,11/2021,1,1,0.333,
Census Tract,09001010101,White,12/2021,1,0.5,0,
Census Tract,09001010101,White,01/2022,0,0.5,0,
Census Tract,09001010101,White,02/2022,0,0,0.667,
Census Tract,09001010101,White,03/2022,0,0.5,0.667,
Census Tract,09001010101,White,04/2022,0,1,0,
Census Tract,09001010101,White,05/2022,1,0.5,0,
Census Tract,09001010101,White,06/2022,0,0,0.333,
Census Tract,09001010101,White,07/2022,0,0,0.333,
Census Tract,09001010101,White,08/2022,0,0.5,0,
Census Tract,09001010101,White,09/2022,0,0,0.667,
Census Tract,09001010101,White,10/2022,1,0,0.667,
Census Tract,09001010101,White,11/2022,0,1,0.333,
Census Tract,09001010101,White,12/2022,0,0.5,0,
Census Tract,09001010101,White,01/2023,0,0.5,0,
Census Tract,09001010101,White,02/2023,0,0,0.667,
Census Tract,09001010101,White,03/2023,1,0.5,0.667,
Census Tract,09001010101,White,04/2023,2,1,0,
Census Tract,09001010101,White,05/2023,0,0.5,0,
Census Tract,09001010101,White,06/2023,0,0,0.333,
Census Tract,09001010101,White,07/2023,0,0,0.333,
Census Tract,09001010101,White,08/2023,1,0.5,0,
Census Tract,09001010101,White,09/2023,0,0,0.667,
Census Tract,09001010101,White,10/2023,0,0,0.667,
Census Tract,09001010101,White,11/2023,1,1,0.333,
Census Tract,09001010101,White,12/2023,1,0.5,0,
Census Tract,09001010101,White,01/2024,1,0.5,0,
Census Tract,09001010101,White,02/2024,0,0,0.667,
Census Tract,09001010101,White,03/2024,0,0.5,0.667,
Census Tract,09001010101,White,04/2024,0,1,0,
Census Tract,09001010101,White,05/2024,1,0.5,0,
Census Tract,09001010101,White,06/2024,0,0,0.333,
Census Tract,09001010101,White,07/2024,0,0,0.333,
Census Tract,09001010101,White,08/2024,0,0.5,0,
Census Tract,09001010101,White,09/2024,0,0,0.667,
Census Tract,09001010101,White,10/2024,0,0,0.667,
Census Tract,09001010101,White,11/2024,1,1,0.333,
Census Tract,09001010101,White,12/2024,0,0.5,0,
Census Tract,09001010101,White,01/2025,0,0.5,0,
Census Tract,09001010101,White,02/2025,0,0,0.667,
Census Tract,09001010101,White,03/2025,0,0.5,0.667,
Census Tract,09001010101,White,04/2025,0,1,0,
Census Tract,09001010101,White,05/2025,1,0.5,0,
Census Tract,09001010101,White,06/2025,1,0,0.333,
Census Tract,09001010101,White,07/2025,0,0,0.333,
Census Tract,09001010101,White,08/2025,0,0.5,0,
Census Tract,09001010101,White,09/2025,0,0,0.667,
Census Tract,09001010101,White,10/2025,0,0,0.667,2025-10-04
Census Tract,09001010102,White,01/2020,0,0,0,
Census Tract,09001010102,White,02/2020,0,0,0,
Census Tract,09001010102,White,03/2020,0,0,0,
Census Tract,09001010102,White,04/2020,0,0,0.333,
Census Tract,09001010102,White,05/2020,0,0,0.333,
Census Tract,09001010102,White,06/2020,0,0,0,
Census Tract,09001010102,White,07/2020,0,0,0,
Census Tract,09001010102,White,08/2020,0,0,0.333,
Census Tract,09001010102,White,09/2020,0,0,0.333,
Census Tract,09001010102,White,10/2020,0,0,0,
Census Tract,09001010102,White,11/2020,0,0,0,
Census Tract,09001010102,White,12/2020,1,0,0,
Census Tract,09001010102,White,01/2021,0,0,0,
Census Tract,09001010102,White,02/2021,0,0,0,
Census Tract,09001010102,White,03/2021,0,0,0,
Census Tract,09001010102,White,04/2021,2,0,0.333,
Census Tract,09001010102,White,05/2021,0,0,0.333,
Census Tract,09001010102,White,06/2021,0,0,0,
Census Tract,09001010102,White,07/2021,0,0,0,
Census Tract,09001010102,White,08/2021,0,0,0.333,
Census Tract,09001010102,White,09/2021,0,0,0.333,
Census Tract,09001010102,White,10/2021,0,0,0,
Census Tract,09001010102,White,11/2021,0,0,0,
Census Tract,09001010102,White,12/2021,1,0,0,
Census Tract,09001010102,White,01/2022,0,0,0,
Census Tract,09001010102,White,02/2022,0,0,0,
Census Tract,09001010102,White,03/2022,0,0,0,
Census Tract,09001010102,White,04/2022,0,0,0.333,
Census Tract,09001010102,White,05/2022,1,0,0.333,
Census Tract,09001010102,White,06/2022,1,0,0,
Census Tract,09001010102,White,07/2022,1,0,0,
Census Tract,09001010102,White,08/2022,1,0,0.333,
Census Tract,09001010102,White,09/2022,0,0,0.333,
Census Tract,09001010102,White,10/2022,0,0,0,
Census Tract,09001010102,White,11/2022,0,0,0,
Census Tract,09001010102,White,12/2022,0,0,0,
Census Tract,09001010102,White,01/2023,0,0,0,
Census Tract,09001010102,White,02/2023,0,0,0,
Census Tract,09001010102,White,03/2023,0,0,0,
Census Tract,09001010102,White,04/2023,0,0,0.333,
Census Tract,09001010102,White,05/2023,0,0,0.333,
Census Tract,09001010102,White,06/2023,0,0,0,
Census Tract,09001010102,White,07/2023,0,0,0,
Census Tract,09001010102,White,08/2023,0,0,0.333,
Census Tract,09001010102,White,09/2023,0,0,0.333,
Census Tract,09001010102,White,10/2023,0,0,0,
Census Tract,09001010102,White,11/2023,0,0,0,
Census Tract,09001010102,White,12/2023,0,0,0,
Census Tract,09001010102,White,01/2024,0,0,0,
Census Tract,09001010102,White,02/2024,0,0,0,
Census Tract,09001010102,White,03/2024,0,0,0,
Census Tract,09001010102,White,04/2024,0,0,0.333,
Census Tract,09001010102,White,05/2024,0,0,0.333,
Census Tract,09001010102,White,06/2024,0,0,0,
Census Tract,09001010102,White,07/2024,0,0,0,
Census Tract,09001010102,White,08/2024,0,0,0.333,
Census Tract,09001010102,White,09/2024,0,0,0.333,
Census Tract,09001010102,White,10/2024,0,0,0,
Census Tract,09001010102,White,11/2024,0,0,0,
Census Tract,09001010102,White,12/2024,0,0,0,
Census Tract,09001010102,White,01/2025,0,0,0,
Census Tract,09001010102,White,02/2025,0,0,0,
Census Tract,09001010102,White,03/2025,0,0,0,
Census Tract,09001010102,White,04/2025,0,0,0.333,
Census Tract,09001010102,White,05/2025,0,0,0.333,
Census Tract,09001010102,White,06/2025,0,0,0,
Census Tract,09001010102,White,07/2025,0,0,0,
Census Tract,09001010102,White,08/2025,0,0,0.333,
Census Tract,09001010102,White,09/2025,0,0,0.333,
Census Tract,09001010102,White,10/2025,0,0,0,2025-10-04
Census Tract,09001010201,White,01/2020,0,0,0,
Census Tract,09001010201,White,02/2020,0,0,0,
Census Tract,09001010201,White,03/2020,0,0,0,
Census Tract,09001010201,White,04/2020,0,0,0,
Census Tract,09001010201,White,05/2020,0,0,0,
Census Tract,09001010201,White,06/2020,0,0,0.667,
Census Tract,09001010201,White,07/2020,0,0,0,
Census Tract,09001010201,White,08/2020,0,0,0.333,
Census Tract,09001010201,White,09/2020,1,0,0,
Census Tract,09001010201,White,10/2020,0,0,0,
Census Tract,09001010201,White,11/2020,0,0,0,
Census Tract,09001010201,White,12/2020,0,0,0.667,
Census Tract,09001010201,White,01/2021,0,0,0,
Census Tract,09001010201,White,02/2021,0,0,0,
Census Tract,09001010201,White,03/2021,0,0,0,
Census Tract,09001010201,White,04/2021,0,0,0,
Census Tract,09001010201,White,05/2021,0,0,0,
Census Tract,09001010201,White,06/2021,0,0,0.667,
Census Tract,09001010201,White,07/2021,0,0,0,
Census Tract,09001010201,White,08/2021,1,0,0.333,
Census Tract,09001010201,White,09/2021,0,0,0,
Census Tract,09001010201,White,10/2021,0,0,0,
Census Tract,09001010201,White,11/2021,0,0,0,
Census Tract,09001010201,White,12/2021,0,0,0.667,
Census Tract,09001010201,White,01/2022,0,0,0,
Census Tract,09001010201,White,02/2022,0,0,0,
Census Tract,09001010201,White,03/2022,0,0,0,
Census Tract,09001010201,White,04/2022,0,0,0,
Census Tract,09001010201,White,05/2022,0,0,0,
Census Tract,09001010201,White,06/2022,0,0,0.667,
Census Tract,09001010201,White,07/2022,0,0,0,
Census Tract,09001010201,White,08/2022,0,0,0.333,
Census Tract,09001010201,White,09/2022,0,0,0,
Census Tract,09001010201,White,10/2022,0,0,0,
Census Tract,09001010201,White,11/2022,0,0,0,
Census Tract,09001010201,White,12/2022,0,0,0.667,
Census Tract,09001010201,White,01/2023,0,0,0,
Census Tract,09001010201,White,02/2023,0,0,0,
Census Tract,09001010201,White,03/2023,0,0,0,
Census Tract,09001010201,White,04/2023,0,0,0,
Census Tract,09001010201,White,05/2023,0,0,0,
Census Tract,09001010201,White,06/2023,0,0,0.667,
Census Tract,09001010201,White,07/2023,0,0,0,
Census Tract,09001010201,White,08/2023,0,0,0.333,
Census Tract,09001010201,White,09/2023,0,0,0,
Census Tract,09001010201,White,10/2023,0,0,0,
Census Tract,09001010201,White,11/2023,0,0,0,
Census Tract,09001010201,White,12/2023,0,0,0.667,
Census Tract,09001010201,White,01/2024,0,0,0,
Census Tract,09001010201,White,02/2024,0,0,0,
Census Tract,09001010201,White,03/2024,0,0,0,
Census Tract,09001010201,White,04/2024,0,0,0,
Census Tract,09001010201,White,05/2024,0,0,0,
Census Tract,09001010201,White,06/2024,0,0,0.667,
Census Tract,09001010201,White,07/2024,0,0,0,
Census Tract,09001010201,White,08/2024,0,0,0.333,
Census Tract,09001010201,White,09/2024,0,0,0,
Census Tract,09001010201,White,10/2024,0,0,0,
Census Tract,09001010201,White,11/2024,0,0,0,
Census Tract,09001010201,White,12/2024,0,0,0.667,
Census Tract,09001010201,White,01/2025,0,0,0,
Census Tract,09001010201,White,02/2025,0,0,0,
Census Tract,09001010201,White,03/2025,0,0,0,
Census Tract,09001010201,White,04/2025,0,0,0,
Census Tract,09001010201,White,05/2025,0,0,0,
Census Tract,09001010201,White,06/2025,0,0,0.667,
Census Tract,09001010201,White,07/2025,0,0,0,
Census Tract,09001010201,White,08/2025,0,0,0.333,
Census Tract,09001010201,White,09/2025,0,0,0,
Census Tract,09001010201,White,10/2025,0,0,0,2025-10-04
Census Tract,09001010202,White,01/2020,0,0,0.667,
Census Tract,09001010202,White,02/2020,1,1,0.333,
Census Tract,09001010202,White,03/2020,0,0,0.333,
Census Tract,09001010202,White,04/2020,0,0,0.333,
Census Tract,09001010202,White,05/2020,0,0,1.667,
Census Tract,09001010202,White,06/2020,0,0.5,0.667,
Census Tract,09001010202,White,07/2020,0,1,0.333,
Census Tract,09001010202,White,08/2020,0,0,0.667,
Census Tract,09001010202,White,09/2020,0,0.5,1,
Census Tract,09001010202,White,10/2020,0,0,0,
Census Tract,09001010202,White,11/2020,0,0,0.667,
Census Tract,09001010202,White,12/2020,0,0.5,1,
Census Tract,09001010202,White,01/2021,1,0,0.667,
Census Tract,09001010202,White,02/2021,0,1,0.333,
Census Tract,09001010202,White,03/2021,0,0,0.333,
Census Tract,09001010202,White,04/2021,0,0,0.333,
Census Tract,09001010202,White,05/2021,0,0,1.667,
Census Tract,09001010202,White,06/2021,0,0.5,0.667,
Census Tract,09001010202,White,07/2021,0,1,0.333,
Census Tract,09001010202,White,08/2021,0,0,0.667,
Census Tract,09001010202,White,09/2021,0,0.5,1,
Census Tract,09001010202,White,10/2021,0,0,0,
Census Tract,09001010202,White,11/2021,1,0,0.667,
Census Tract,09001010202,White,12/2021,3,0.5,1,
Census Tract,09001010202,White,01/2022,0,0,0.667,
Census Tract,09001010202,White,02/2022,0,1,0.333,
Census Tract,09001010202,White,03/2022,0,0,0.333,
Census Tract,09001010202,White,04/2022,0,0,0.333,
Census Tract,09001010202,White,05/2022,1,0,1.667,
Census Tract,09001010202,White,06/2022,0,0.5,0.667,
Census Tract,09001010202,White,07/2022,0,1,0.333,
Census Tract,09001010202,White,08/2022,2,0,0.667,
Census Tract,09001010202,White,09/2022,0,0.5,1,
Census Tract,09001010202,White,10/2022,0,0,0,
Census Tract,09001010202,White,11/2022,0,0,0.667,
Census Tract,09001010202,White,12/2022,0,0.5,1,
Census Tract,09001010202,White,01/2023,0,0,0.667,
Census Tract,09001010202,White,02/2023,1,1,0.333,
Census Tract,09001010202,White,03/2023,0,0,0.333,
Census Tract,09001010202,White,04/2023,0,0,0.333,
Census Tract,09001010202,White,05/2023,0,0,1.667,
Census Tract,09001010202,White,06/2023,1,0.5,0.667,
Census Tract,09001010202,White,07/2023,0,1,0.333,
Census Tract,09001010202,White,08/2023,0,0,0.667,
Census Tract,09001010202,White,09/2023,0,0.5,1,
Census Tract,09001010202,White,10/2023,0,0,0,
Census Tract,09001010202,White,11/2023,0,0,0.667,
Census Tract,09001010202,White,12/2023,0,0.5,1,
Census Tract,09001010202,White,01/2024,0,0,0.667,
Census Tract,09001010202,White,02/2024,1,1,0.333,
Census Tract,09001010202,White,03/2024,0,0,0.333,
Census Tract,09001010202,White,04/2024,0,0,0.333,
Census Tract,09001010202,White,05/2024,0,0,1.667,
Census Tract,09001010202,White,06/2024,0,0.5,0.667,
Census Tract,09001010202,White,07/2024,2,1,0.333,
Census Tract,09001010202,White,08/2024,0,0,0.667,
Census Tract,09001010202,White,09/2024,1,0.5,1,
Census Tract,09001010202,White,10/2024,0,0,0,
Census Tract,09001010202,White,11/2024,0,0,0.667,
Census Tract,09001010202,White,12/2024,1,0.5,1,
Census Tract,09001010202,White,01/2025,0,0,0.667,
Census Tract,09001010202,White,02/2025,0,1,0.333,
Census Tract,09001010202,White,03/2025,1,0,0.333,
Census Tract,09001010202,White,04/2025,1,0,0.333,
Census Tract,09001010202,White,05/2025,1,0,1.667,
Census Tract,09001010202,White,06/2025,1,0.5,0.667,
Census Tract,09001010202,White,07/2025,0,1,0.333,
Census Tract,09001010202,White,08/2025,0,0,0.667,
Census Tract,09001010202,White,09/2025,0,0.5,1,
Census Tract,09001010202,White,10/2025,0,0,0,2025-10-04
Census Tract,09001010300,White,01/2020,0,1,0.667,
Census Tract,09001010300,White,02/2020,0,1,0.333,
Census Tract,09001010300,White,03/2020,0,1,0,
Census Tract,09001010300,White,04/2020,0,0.5,0.667,
Census Tract,09001010300,White,05/2020,0,0.5,0.333,
Census Tract,09001010300,White,06/2020,0,1,0.333,
Census Tract,09001010300,White,07/2020,0,1.5,0.333,
Census Tract,09001010300,White,08/2020,0,0,0.667,
Census Tract,09001010300,White,09/2020,0,0.5,0,
Census Tract,09001010300,White,10/2020,0,0,0.333,
Census Tract,09001010300,White,11/2020,0,0,0,
Census Tract,09001010300,White,12/2020,0,0,0,
Census Tract,09001010300,White,01/2021,0,1,0.667,
Census Tract,09001010300,White,02/2021,0,1,0.333,
Census Tract,09001010300,White,03/2021,0,1,0,
Census Tract,09001010300,White,04/2021,0,0.5,0.667,
Census Tract,09001010300,White,05/2021,0,0.5,0.333,
Census Tract,09001010300,White,06/2021,0,1,0.333,
Census Tract,09001010300,White,07/2021,0,1.5,0.333,
Census Tract,09001010300,White,08/2021,0,0,0.667,
Census Tract,09001010300,White,09/2021,1,0.5,0,
Census Tract,09001010300,White,10/2021,0,0,0.333,
Census Tract,09001010300,White,11/2021,0,0,0,
Census Tract,09001010300,White,12/2021,0,0,0,
Census Tract,09001010300,White,01/2022,0,1,0.667,
Census Tract,09001010300,White,02/2022,1,1,0.333,
Census Tract,09001010300,White,03/2022,2,1,0,
Census Tract,09001010300,White,04/2022,1,0.5,0.667,
Census Tract,09001010300,White,05/2022,0,0.5,0.333,
Census Tract,09001010300,White,06/2022,2,1,0.333,
Census Tract,09001010300,White,07/2022,0,1.5,0.333,
Census Tract,09001010300,White,08/2022,0,0,0.667,
Census Tract,09001010300,White,09/2022,1,0.5,0,
Census Tract,09001010300,White,10/2022,0,0,0.333,
Census Tract,09001010300,White,11/2022,0,0,0,
Census Tract,09001010300,White,12/2022,0,0,0,
Census Tract,09001010300,White,01/2023,2,1,0.667,
Census Tract,09001010300,White,02/2023,1,1,0.333,
Census Tract,09001010300,White,03/2023,1,1,0,
Census Tract,09001010300,White,04/2023,1,0.5,0.667,
Census Tract,09001010300,White,05/2023,0,0.5,0.333,
Census Tract,09001010300,White,06/2023,1,1,0.333,
Census Tract,09001010300,White,07/2023,3,1.5,0.333,
Census Tract,09001010300,White,08/2023,0,0,0.667,
Census Tract,09001010300,White,09/2023,1,0.5,0,
Census Tract,09001010300,White,10/2023,0,0,0.333,
Census Tract,09001010300,White,11/2023,0,0,0,
Census Tract,09001010300,White,12/2023,0,0,0,
Census Tract,09001010300,White,01/2024,0,1,0.667,
Census Tract,09001010300,White,02/2024,1,1,0.333,
Census Tract,09001010300,White,03/2024,1,1,0,
Census Tract,09001010300,White,04/2024,0,0.5,0.667,
Census Tract,09001010300,White,05/2024,1,0.5,0.333,
Census Tract,09001010300,White,06/2024,1,1,0.333,
Census Tract,09001010300,White,07/2024,0,1.5,0.333,
Census Tract,09001010300,White,08/2024,0,0,0.667,
Census Tract,09001010300,White,09/2024,0,0.5,0,
Census Tract,09001010300,White,10/2024,0,0,0.333,
Census Tract,09001010300,White,11/2024,0,0,0,
Census Tract,09001010300,White,12/2024,0,0,0,
Census Tract,09001010300,White,01/2025,0,1,0.667,
Census Tract,09001010300,White,02/2025,1,1,0.333,
Census Tract,09001010300,White,03/2025,1,1,0,
Census Tract,09001010300,White,04/2025,0,0.5,0.667,
Census Tract,09001010300,White,05/2025,0,0.5,0.333,
Census Tract,09001010300,White,06/2025,2,1,0.333,
Census Tract,09001010300,White,07/2025,0,1.5,0.333,
Census Tract,09001010300,White,08/2025,0,0,0.667,
Census Tract,09001010300,White,09/2025,0,0.5,0,
Census Tract,09001010300,White,10/2025,0,0,0.333,2025-10-04
Census Tract,09001010400,White,01/2020,0,1,0.667,
Census Tract,09001010400,White,02/2020,0,0,0.667,
Census Tract,09001010400,White,03/2020,1,0.5,0.667,
Census Tract,09001010400,White,04/2020,0,1,0.667,
Census Tract,09001010400,White,05/2020,0,0,0.667,
Census Tract,09001010400,White,06/2020,0,0.5,0.667,
Census Tract,09001010400,White,07/2020,1,1,1,
Census Tract,09001010400,White,08/2020,0,0.5,1,
Census Tract,09001010400,White,09/2020,0,0.5,0.333,
Census Tract,09001010400,White,10/2020,0,0,0.667,
Census Tract,09001010400,White,11/2020,0,0,0.333,
Census Tract,09001010400,White,12/2020,0,0,0.667,
Census Tract,09001010400,White,01/2021,0,1,0.667,
Census Tract,09001010400,White,02/2021,0,0,0.667,
Census Tract,09001010400,White,03/2021,0,0.5,0.667,
Census Tract,09001010400,White,04/2021,0,1,0.667,
Census Tract,09001010400,White,05/2021,0,0,0.667,
Census Tract,09001010400,White,06/2021,0,0.5,0.667,
Census Tract,09001010400,White,07/2021,0,1,1,
Census Tract,09001010400,White,08/2021,1,0.5,1,
Census Tract,09001010400,White,09/2021,0,0.5,0.333,
Census Tract,09001010400,White,10/2021,0,0,0.667,
Census Tract,09001010400,White,11/2021,0,0,0.333,
Census Tract,09001010400,White,12/2021,2,0,0.667,
Census Tract,09001010400,White,01/2022,2,1,0.667,
Census Tract,09001010400,White,02/2022,1,0,0.667,
Census Tract,09001010400,White,03/2022,1,0.5,0.667,
Census Tract,09001010400,White,04/2022,1,1,0.667,
Census Tract,09001010400,White,05/2022,2,0,0.667,
Census Tract,09001010400,White,06/2022,0,0.5,0.667,
Census Tract,09001010400,White,07/2022,1,1,1,
Census Tract,09001010400,White,08/2022,1,0.5,1,
Census Tract,09001010400,White,09/2022,0,0.5,0.333,
Census Tract,09001010400,White,10/2022,1,0,0.667,
Census Tract,09001010400,White,11/2022,0,0,0.333,
Census Tract,09001010400,White,12/2022,1,0,0.667,
Census Tract,09001010400,White,01/2023,2,1,0.667,
Census Tract,09001010400,White,02/2023,0,0,0.667,
Census Tract,09001010400,White,03/2023,1,0.5,0.667,
Census Tract,09001010400,White,04/2023,1,1,0.667,
Census Tract,09001010400,White,05/2023,0,0,0.667,
Census Tract,09001010400,White,06/2023,1,0.5,0.667,
Census Tract,09001010400,White,07/2023,1,1,1,
Census Tract,09001010400,White,08/2023,1,0.5,1,
Census Tract,09001010400,White,09/2023,0,0.5,0.333,
Census Tract,09001010400,White,10/2023,0,0,0.667,
Census Tract,09001010400,White,11/2023,0,0,0.333,
Census Tract,09001010400,White,12/2023,0,0,0.667,
Census Tract,09001010400,White,01/2024,0,1,0.667,
Census Tract,09001010400,White,02/2024,0,0,0.667,
Census Tract,09001010400,White,03/2024,0,0.5,0.667,
Census Tract,09001010400,White,04/2024,1,1,0.667,
Census Tract,09001010400,White,05/2024,0,0,0.667,
Census Tract,09001010400,White,06/2024,0,0.5,0.667,
Census Tract,09001010400,White,07/2024,1,1,1,
Census Tract,09001010400,White,08/2024,0,0.5,1,
Census Tract,09001010400,White,09/2024,1,0.5,0.333,
Census Tract,09001010400,White,10/2024,0,0,0.667,
Census Tract,09001010400,White,11/2024,0,0,0.333,
Census Tract,09001010400,White,12/2024,0,0,0.667,
Census Tract,09001010400,White,01/2025,0,1,0.667,
Census Tract,09001010400,White,02/2025,0,0,0.667,
Census Tract,09001010400,White,03/2025,0,0.5,0.667,
Census Tract,09001010400,White,04/2025,0,1,0.667,
Census Tract,09001010400,White,05/2025,0,0,0.667,
Census Tract,09001010400,White,06/2025,0,0.5,0.667,
Census Tract,09001010400,White,07/2025,2,1,1,
Census Tract,09001010400,White,08/2025,0,0.5,1,
Census Tract,09001010400,White,09/2025,0,0.5,0.333,
Census Tract,09001010400,White,10/2025,1,0,0,2025-10-04
Census Tract,09001010500,White,01/2020,6,2.5,3.333,
Census Tract,09001010500,White,02/2020,0,2,2,
Census Tract,09001010500,White,03/2020,2,2,2.667,
Census Tract,09001010500,White,04/2020,1,2,2,
Census Tract,09001010500,White,05/2020,0,2,1.333,
Census Tract,09001010500,White,06/2020,0,0.5,1.333,
Census Tract,09001010500,White,07/2020,0,3.5,2.333,
Census Tract,09001010500,White,08/2020,1,1.5,2.667,
Census Tract,09001010500,White,09/2020,1,4.5,1.333,
Census Tract,09001010500,White,10/2020,1,1.5,0.667,
Census Tract,09001010500,White,11/2020,0,2,2.333,
Census Tract,09001010500,White,12/2020,0,5,2.667,
Census Tract,09001010500,White,01/2021,1,2.5,3.333,
Census Tract,09001010500,White,02/2021,0,2,2,
Census Tract,09001010500,White,03/2021,0,2,2.667,
Census Tract,09001010500,White,04/2021,0,2,2,
Census Tract,09001010500,White,05/2021,1,2,1.333,
Census Tract,09001010500,White,06/2021,0,0.5,1.333,
Census Tract,09001010500,White,07/2021,1,3.5,2.333,
Census Tract,09001010500,White,08/2021,0,1.5,2.667,
Census Tract,09001010500,White,09/2021,7,4.5,1.333,
Census Tract,09001010500,White,10/2021,4,1.5,0.667,
Census Tract,09001010500,White,11/2021,4,2,2.333,
Census Tract,09001010500,White,12/2021,3,5,2.667,
Census Tract,09001010500,White,01/2022,3,2.5,3.333,
Census Tract,09001010500,White,02/2022,3,2,2,
Census Tract,09001010500,White,03/2022,5,2,2.667,
Census Tract,09001010500,White,04/2022,6,2,2,
Census Tract,09001010500,White,05/2022,0,2,1.333,
Census Tract,09001010500,White,06/2022,3,0.5,1.333,
Census Tract,09001010500,White,07/2022,1,3.5,2.333,
Census Tract,09001010500,White,08/2022,3,1.5,2.667,
Census Tract,09001010500,White,09/2022,4,4.5,1.333,
Census Tract,09001010500,White,10/2022,3,1.5,0.667,
Census Tract,09001010500,White,11/2022,0,2,2.333,
Census Tract,09001010500,White,12/2022,0,5,2.667,
Census Tract,09001010500,White,01/2023,4,2.5,3.333,
Census Tract,09001010500,White,02/2023,2,2,2,
Census Tract,09001010500,White,03/2023,1,2,2.667,
Census Tract,09001010500,White,04/2023,2,2,2,
Census Tract,09001010500,White,05/2023,1,2,1.333,
Census Tract,09001010500,White,06/2023,0,0.5,1.333,
Census Tract,09001010500,White,07/2023,2,3.5,2.333,
Census Tract,09001010500,White,08/2023,2,1.5,2.667,
Census Tract,09001010500,White,09/2023,2,4.5,1.333,
Census Tract,09001010500,White,10/2023,1,1.5,0.667,
Census Tract,09001010500,White,11/2023,4,2,2.333,
Census Tract,09001010500,White,12/2023,7,5,2.667,
Census Tract,09001010500,White,01/2024,1,2.5,3.333,
Census Tract,09001010500,White,02/2024,2,2,2,
Census Tract,09001010500,White,03/2024,3,2,2.667,
Census Tract,09001010500,White,04/2024,2,2,2,
Census Tract,09001010500,White,05/2024,3,2,1.333,
Census Tract,09001010500,White,06/2024,1,0.5,1.333,
Census Tract,09001010500,White,07/2024,5,3.5,2.333,
Census Tract,09001010500,White,08/2024,1,1.5,2.667,
Census Tract,09001010500,White,09/2024,7,4.5,1.333,
Census Tract,09001010500,White,10/2024,2,1.5,0.667,
Census Tract,09001010500,White,11/2024,0,2,2.333,
Census Tract,09001010500,White,12/2024,3,5,2.667,
Census Tract,09001010500,White,01/2025,4,2.5,3.333,
Census Tract,09001010500,White,02/2025,0,2,2,
Census Tract,09001010500,White,03/2025,2,2,2.667,
Census Tract,09001010500,White,04/2025,3,2,2,
Census Tract,09001010500,White,05/2025,2,2,1.333,
Census Tract,09001010500,White,06/2025,3,0.5,1.333,
Census Tract,09001010500,White,07/2025,3,3.5,2.333,
Census Tract,09001010500,White,08/2025,0,1.5,2.667,
Census Tract,09001010500,White,09/2025,3,4.5,1.333,
Census Tract,09001010500,White,10/2025,0,0.5,0,2025-10-04
Census Tract,09001010600,White,01/2020,0,0.5,1.333,
Census Tract,09001010600,White,02/2020,0,2.5,1.333,
Census Tract,09001010600,White,03/2020,0,0.5,0.333,
Census Tract,09001010600,White,04/2020,0,0.5,0.667,
Census Tract,09001010600,White,05/2020,0,0,2.333,
Census Tract,09001010600,White,06/2020,0,0,1,
Census Tract,09001010600,White,07/2020,0,1.5,0.667,
Census Tract,09001010600,White,08/2020,0,0,0.667,
Census Tract,09001010600,White,09/2020,0,1,0.333,
Census Tract,09001010600,White,10/2020,0,1,0,
Census Tract,09001010600,White,11/2020,2,0.5,0.333,
Census Tract,09001010600,White,12/2020,0,0.5,0.667,
Census Tract,09001010600,White,01/2021,0,0.5,1.333,
Census Tract,09001010600,White,02/2021,0,2.5,1.333,
Census Tract,09001010600,White,03/2021,1,0.5,0.333,
Census Tract,09001010600,White,04/2021,1,0.5,0.667,
Census Tract,09001010600,White,05/2021,0,0,2.333,
Census Tract,09001010600,White,06/2021,0,0,1,
Census Tract,09001010600,White,07/2021,0,1.5,0.667,
Census Tract,09001010600,White,08/2021,0,0,0.667,
Census Tract,09001010600,White,09/2021,2,1,0.333,
Census Tract,09001010600,White,10/2021,0,1,0,
Census Tract,09001010600,White,11/2021,0,0.5,0.333,
Census Tract,09001010600,White,12/2021,0,0.5,0.667,
Census Tract,09001010600,White,01/2022,1,0.5,1.333,
Census Tract,09001010600,White,02/2022,1,2.5,1.333,
Census Tract,09001010600,White,03/2022,2,0.5,0.333,
Census Tract,09001010600,White,04/2022,0,0.5,0.667,
Census Tract,09001010600,White,05/2022,1,0,2.333,
Census Tract,09001010600,White,06/2022,0,0,1,
Census Tract,09001010600,White,07/2022,2,1.5,0.667,
Census Tract,09001010600,White,08/2022,1,0,0.667,
Census Tract,09001010600,White,09/2022,2,1,0.333,
Census Tract,09001010600,White,10/2022,1,1,0,
Census Tract,09001010600,White,11/2022,3,0.5,0.333,
Census Tract,09001010600,White,12/2022,1,0.5,0.667,
Census Tract,09001010600,White,01/2023,1,0.5,1.333,
Census Tract,09001010600,White,02/2023,5,2.5,1.333,
Census Tract,09001010600,White,03/2023,1,0.5,0.333,
Census Tract,09001010600,White,04/2023,0,0.5,0.667,
Census Tract,09001010600,White,05/2023,0,0,2.333,
Census Tract,09001010600,White,06/2023,0,0,1,
Census Tract,09001010600,White,07/2023,2,1.5,0.667,
Census Tract,09001010600,White,08/2023,0,0,0.667,
Census Tract,09001010600,White,09/2023,2,1,0.333,
Census Tract,09001010600,White,10/2023,1,1,0,
Census Tract,09001010600,White,11/2023,1,0.5,0.333,
Census Tract,09001010600,White,12/2023,0,0.5,0.667,
Census Tract,09001010600,White,01/2024,0,0.5,1.333,
Census Tract,09001010600,White,02/2024,0,2.5,1.333,
Census Tract,09001010600,White,03/2024,0,0.5,0.333,
Census Tract,09001010600,White,04/2024,1,0.5,0.667,
Census Tract,09001010600,White,05/2024,0,0,2.333,
Census Tract,09001010600,White,06/2024,0,0,1,
Census Tract,09001010600,White,07/2024,1,1.5,0.667,
Census Tract,09001010600,White,08/2024,0,0,0.667,
Census Tract,09001010600,White,09/2024,0,1,0.333,
Census Tract,09001010600,White,10/2024,1,1,0,
Census Tract,09001010600,White,11/2024,0,0.5,0.333,
Census Tract,09001010600,White,12/2024,1,0.5,0.667,
Census Tract,09001010600,White,01/2025,0,0.5,1.333,
Census Tract,09001010600,White,02/2025,0,2.5,1.333,
Census Tract,09001010600,White,03/2025,2,0.5,0.333,
Census Tract,09001010600,White,04/2025,1,0.5,0.667,
Census Tract,09001010600,White,05/2025,0,0,2.333,
Census Tract,09001010600,White,06/2025,1,0,1,
Census Tract,09001010600,White,07/2025,1,1.5,0.667,
Census Tract,09001010600,White,08/2025,0,0,0.667,
Census Tract,09001010600,White,09/2025,0,1,0.333,
Census Tract,09001010600,White,10/2025,0,0,0,2025-10-04
Census Tract,09001010700,White,01/2020,0,1.5,2,
Census Tract,09001010700,White,02/2020,0,3,1,
Census Tract,09001010700,White,03/2020,1,2.5,0.333,
Census Tract,09001010700,White,04/2020,0,1,1.333,
Census Tract,09001010700,White,05/2020,0,0,1.667,
Census Tract,09001010700,White,06/2020,0,1.5,0.333,
Census Tract,09001010700,White,07/2020,1,1.5,0.667,
Census Tract,09001010700,White,08/2020,0,0.5,1,
Census Tract,09001010700,White,09/2020,1,0.5,0.667,
Census Tract,09001010700,White,10/2020,2,1,0.333,
Census Tract,09001010700,White,11/2020,0,1.5,0.333,
Census Tract,09001010700,White,12/2020,1,0.5,0.667,
Census Tract,09001010700,White,01/2021,0,1.5,2,
Census Tract,09001010700,White,02/2021,1,3,1,
Census Tract,09001010700,White,03/2021,1,2.5,0.333,
Census Tract,09001010700,White,04/2021,0,1,1.333,
Census Tract,09001010700,White,05/2021,0,0,1.667,
Census Tract,09001010700,White,06/2021,0,1.5,0.333,
Census Tract,09001010700,White,07/2021,0,1.5,0.667,
Census Tract,09001010700,White,08/2021,1,0.5,1,
Census Tract,09001010700,White,09/2021,7,0.5,0.667,
Census Tract,09001010700,White,10/2021,2,1,0.333,
Census Tract,09001010700,White,11/2021,7,1.5,0.333,
Census Tract,09001010700,White,12/2021,1,0.5,0.667,
Census Tract,09001010700,White,01/2022,1,1.5,2,
Census Tract,09001010700,White,02/2022,2,3,1,
Census Tract,09001010700,White,03/2022,2,2.5,0.333,
Census Tract,09001010700,White,04/2022,0,1,1.333,
Census Tract,09001010700,White,05/2022,0,0,1.667,
Census Tract,09001010700,White,06/2022,1,1.5,0.333,
Census Tract,09001010700,White,07/2022,3,1.5,0.667,
Census Tract,09001010700,White,08/2022,7,0.5,1,
Census Tract,09001010700,White,09/2022,0,0.5,0.667,
Census Tract,09001010700,White,10/2022,1,1,0.333,
Census Tract,09001010700,White,11/2022,1,1.5,0.333,
Census Tract,09001010700,White,12/2022,0,0.5,0.667,
Census Tract,09001010700,White,01/2023,1,1.5,2,
Census Tract,09001010700,White,02/2023,3,3,1,
Census Tract,09001010700,White,03/2023,2,2.5,0.333,
Census Tract,09001010700,White,04/2023,0,1,1.333,
Census Tract,09001010700,White,05/2023,0,0,1.667,
Census Tract,09001010700,White,06/2023,0,1.5,0.333,
Census Tract,09001010700,White,07/2023,0,1.5,0.667,
Census Tract,09001010700,White,08/2023,1,0.5,1,
Census Tract,09001010700,White,09/2023,0,0.5,0.667,
Census Tract,09001010700,White,10/2023,1,1,0.333,
Census Tract,09001010700,White,11/2023,3,1.5,0.333,
Census Tract,09001010700,White,12/2023,1,0.5,0.667,
Census Tract,09001010700,White,01/2024,2,1.5,2,
Census Tract,09001010700,White,02/2024,3,3,1,
Census Tract,09001010700,White,03/2024,3,2.5,0.333,
Census Tract,09001010700,White,04/2024,2,1,1.333,
Census Tract,09001010700,White,05/2024,0,0,1.667,
Census Tract,09001010700,White,06/2024,3,1.5,0.333,
Census Tract,09001010700,White,07/2024,3,1.5,0.667,
Census Tract,09001010700,White,08/2024,0,0.5,1,
Census Tract,09001010700,White,09/2024,1,0.5,0.667,
Census Tract,09001010700,White,10/2024,1,1,0.333,
Census Tract,09001010700,White,11/2024,0,1.5,0.333,
Census Tract,09001010700,White,12/2024,0,0.5,0.667,
Census Tract,09001010700,White,01/2025,3,1.5,2,
Census Tract,09001010700,White,02/2025,0,3,1,
Census Tract,09001010700,White,03/2025,1,2.5,0.333,
Census Tract,09001010700,White,04/2025,4,1,1.333,
Census Tract,09001010700,White,05/2025,2,0,1.667,
Census Tract,09001010700,White,06/2025,1,1.5,0.333,
Census Tract,09001010700,White,07/2025,0,1.5,0.667,
Census Tract,09001010700,White,08/2025,0,0.5,1,
Census Tract,09001010700,White,09/2025,0,0.5,0.667,
Census Tract,09001010700,White,10/2025,0,0.5,0,2025-10-04
Census Tract,09001010800,White,01/2020,0,0,0.333,
Census Tract,09001010800,White,02/2020,1,0,0,
Census Tract,09001010800,White,03/2020,0,0,0.333,
Census Tract,09001010800,White,04/2020,0,0.5,0,
Census Tract,09001010800,White,05/2020,0,0.5,0,
Census Tract,09001010800,White,06/2020,0,0.5,0,
Census Tract,09001010800,White,07/2020,0,0.5,0.333,
Census Tract,09001010800,White,08/2020,0,0.5,0,
Census Tract,09001010800,White,09/2020,0,0,0.333,
Census Tract,09001010800,White,10/2020,0,0,1,
Census Tract,09001010800,White,11/2020,0,0,0,
Census Tract,09001010800,White,12/2020,0,0,0,
Census Tract,09001010800,White,01/2021,1,0,0.333,
Census Tract,09001010800,White,02/2021,0,0,0,
Census Tract,09001010800,White,03/2021,1,0,0.333,
Census Tract,09001010800,White,04/2021,0,0.5,0,
Census Tract,09001010800,White,05/2021,0,0.5,0,
Census Tract,09001010800,White,06/2021,0,0.5,0,
Census Tract,09001010800,White,07/2021,0,0.5,0.333,
Census Tract,09001010800,White,08/2021,0,0.5,0,
Census Tract,09001010800,White,09/2021,1,0,0.333,
Census Tract,09001010800,White,10/2021,0,0,1,
Census Tract,09001010800,White,11/2021,0,0,0,
Census Tract,09001010800,White,12/2021,0,0,0,
Census Tract,09001010800,White,01/2022,0,0,0.333,
Census Tract,09001010800,White,02/2022,0,0,0,
Census Tract,09001010800,White,03/2022,0,0,0.333,
Census Tract,09001010800,White,04/2022,1,0.5,0,
Census Tract,09001010800,White,05/2022,1,0.5,0,
Census Tract,09001010800,White,06/2022,0,0.5,0,
Census Tract,09001010800,White,07/2022,0,0.5,0.333,
Census Tract,09001010800,White,08/2022,1,0.5,0,
Census Tract,09001010800,White,09/2022,0,0,0.333,
Census Tract,09001010800,White,10/2022,0,0,1,
Census Tract,09001010800,White,11/2022,0,0,0,
Census Tract,09001010800,White,12/2022,1,0,0,
Census Tract,09001010800,White,01/2023,0,0,0.333,
Census Tract,09001010800,White,02/2023,0,0,0,
Census Tract,09001010800,White,03/2023,0,0,0.333,
Census Tract,09001010800,White,04/2023,0,0.5,0,
Census Tract,09001010800,White,05/2023,0,0.5,0,
Census Tract,09001010800,White,06/2023,1,0.5,0,
Census Tract,09001010800,White,07/2023,0,0.5,0.333,
Census Tract,09001010800,White,08/2023,1,0.5,0,
Census Tract,09001010800,White,09/2023,0,0,0.333,
Census Tract,09001010800,White,10/2023,0,0,1,
Census Tract,09001010800,White,11/2023,0,0,0,
Census Tract,09001010800,White,12/2023,0,0,0,
Census Tract,09001010800,White,01/2024,0,0,0.333,
Census Tract,09001010800,White,02/2024,0,0,0,
Census Tract,09001010800,White,03/2024,0,0,0.333,
Census Tract,09001010800,White,04/2024,1,0.5,0,
Census Tract,09001010800,White,05/2024,1,0.5,0,
Census Tract,09001010800,White,06/2024,0,0.5,0,
Census Tract,09001010800,White,07/2024,1,0.5,0.333,
Census Tract,09001010800,White,08/2024,0,0.5,0,
Census Tract,09001010800,White,09/2024,0,0,0.333,
Census Tract,09001010800,White,10/2024,0,0,1,
Census Tract,09001010800,White,11/2024,0,0,0,
Census Tract,09001010800,White,12/2024,0,0,0,
Census Tract,09001010800,White,01/2025,0,0,0.333,
Census Tract,09001010800,White,02/2025,1,0,0,
Census Tract,09001010800,White,03/2025,0,0,0.333,
Census Tract,09001010800,White,04/2025,0,0.5,0,
Census Tract,09001010800,White,05/2025,0,0.5,0,
Census Tract,09001010800,White,06/2025,0,0.5,0,
Census Tract,09001010800,White,07/2025,0,0.5,0.333,
Census Tract,09001010800,White,08/2025,0,0.5,0,
Census Tract,09001010800,White,09/2025,0,0,0.333,
Census Tract,09001010800,White,10/2025,0,0,0.333,2025-10-04
Census Tract,09001010900,White,01/2020,1,0,0.667,
Census Tract,09001010900,White,02/2020,0,0,0.333,
Census Tract,09001010900,White,03/2020,1,1.5,1,
Census Tract,09001010900,White,04/2020,0,0,1,
Census Tract,09001010900,White,05/2020,0,0.5,0,
Census Tract,09001010900,White,06/2020,0,0,0.667,
Census Tract,09001010900,White,07/2020,0,1,1.333,
Census Tract,09001010900,White,08/2020,0,0.5,0.333,
Census Tract,09001010900,White,09/2020,0,1,0.333,
Census Tract,09001010900,White,10/2020,0,0.5,1,
Census Tract,09001010900,White,11/2020,1,0.5,0,
Census Tract,09001010900,White,12/2020,0,1.5,0,
Census Tract,09001010900,White,01/2021,0,0,0.667,
Census Tract,09001010900,White,02/2021,0,0,0.333,
Census Tract,09001010900,White,03/2021,0,1.5,1,
Census Tract,09001010900,White,04/2021,0,0,1,
Census Tract,09001010900,White,05/2021,0,0.5,0,
Census Tract,09001010900,White,06/2021,0,0,0.667,
Census Tract,09001010900,White,07/2021,0,1,1.333,
Census Tract,09001010900,White,08/2021,0,0.5,0.333,
Census Tract,09001010900,White,09/2021,2,1,0.333,
Census Tract,09001010900,White,10/2021,0,0.5,1,
Census Tract,09001010900,White,11/2021,0,0.5,0,
Census Tract,09001010900,White,12/2021,1,1.5,0,
Census Tract,09001010900,White,01/2022,0,0,0.667,
Census Tract,09001010900,White,02/2022,0,0,0.333,
Census Tract,09001010900,White,03/2022,1,1.5,1,
Census Tract,09001010900,White,04/2022,1,0,1,
Census Tract,09001010900,White,05/2022,2,0.5,0,
Census Tract,09001010900,White,06/2022,0,0,0.667,
Census Tract,09001010900,White,07/2022,1,1,1.333,
Census Tract,09001010900,White,08/2022,1,0.5,0.333,
Census Tract,09001010900,White,09/2022,0,1,0.333,
Census Tract,09001010900,White,10/2022,0,0.5,1,
Census Tract,09001010900,White,11/2022,0,0.5,0,
Census Tract,09001010900,White,12/2022,0,1.5,0,
Census Tract,09001010900,White,01/2023,0,0,0.667,
Census Tract,09001010900,White,02/2023,0,0,0.333,
Census Tract,09001010900,White,03/2023,2,1.5,1,
Census Tract,09001010900,White,04/2023,0,0,1,
Census Tract,09001010900,White,05/2023,1,0.5,0,
Census Tract,09001010900,White,06/2023,0,0,0.667,
Census Tract,09001010900,White,07/2023,2,1,1.333,
Census Tract,09001010900,White,08/2023,1,0.5,0.333,
Census Tract,09001010900,White,09/2023,0,1,0.333,
Census Tract,09001010900,White,10/2023,0,0.5,1,
Census Tract,09001010900,White,11/2023,0,0.5,0,
Census Tract,09001010900,White,12/2023,0,1.5,0,
Census Tract,09001010900,White,01/2024,0,0,0.667,
Census Tract,09001010900,White,02/2024,0,0,0.333,
Census Tract,09001010900,White,03/2024,1,1.5,1,
Census Tract,09001010900,White,04/2024,0,0,1,
Census Tract,09001010900,White,05/2024,0,0.5,0,
Census Tract,09001010900,White,06/2024,0,0,0.667,
Census Tract,09001010900,White,07/2024,0,1,1.333,
Census Tract,09001010900,White,08/2024,0,0.5,0.333,
Census Tract,09001010900,White,09/2024,2,1,0.333,
Census Tract,09001010900,White,10/2024,1,0.5,1,
Census Tract,09001010900,White,11/2024,1,0.5,0,
Census Tract,09001010900,White,12/2024,3,1.5,0,
Census Tract,09001010900,White,01/2025,1,0,0.667,
Census Tract,09001010900,White,02/2025,0,0,0.333,
Census Tract,09001010900,White,03/2025,1,1.5,1,
Census Tract,09001010900,White,04/2025,0,0,1,
Census Tract,09001010900,White,05/2025,1,0.5,0,
Census Tract,09001010900,White,06/2025,0,0,0.667,
Census Tract,09001010900,White,07/2025,1,1,1.333,
Census Tract,09001010900,White,08/2025,0,0.5,0.333,
Census Tract,09001010900,White,09/2025,1,1,0.333,
Census Tract,09001010900,White,10/2025,0,0.5,0.333,2025-10-04
Census Tract,09001011000,White,01/2020,0,0.5,0,
Census Tract,09001011000,White,02/2020,0,0,0.667,
Census Tract,09001011000,White,03/2020,0,0,0.333,
Census Tract,09001011000,White,04/2020,0,0,0.667,
Census Tract,09001011000,White,05/2020,0,0.5,0,
Census Tract,09001011000,White,06/2020,0,0,0.333,
Census Tract,09001011000,White,07/2020,1,0.5,0,
Census Tract,09001011000,White,08/2020,0,0,1,
Census Tract,09001011000,White,09/2020,0,0,0,
Census Tract,09001011000,White,10/2020,0,0.5,0.333,
Census Tract,09001011000,White,11/2020,0,0,0,
Census Tract,09001011000,White,12/2020,0,0,0,
Census Tract,09001011000,White,01/2021,0,0.5,0,
Census Tract,09001011000,White,02/2021,0,0,0.667,
Census Tract,09001011000,White,03/2021,0,0,0.333,
Census Tract,09001011000,White,04/2021,0,0,0.667,
Census Tract,09001011000,White,05/2021,0,0.5,0,
Census Tract,09001011000,White,06/2021,0,0,0.333,
Census Tract,09001011000,White,07/2021,0,0.5,0,
Census Tract,09001011000,White,08/2021,0,0,1,
Census Tract,09001011000,White,09/2021,0,0,0,
Census Tract,09001011000,White,10/2021,0,0.5,0.333,
Census Tract,09001011000,White,11/2021,0,0,0,
Census Tract,09001011000,White,12/2021,1,0,0,
Census Tract,09001011000,White,01/2022,0,0.5,0,
Census Tract,09001011000,White,02/2022,0,0,0.667,
Census Tract,09001011000,White,03/2022,0,0,0.333,
Census Tract,09001011000,White,04/2022,0,0,0.667,
Census Tract,09001011000,White,05/2022,0,0.5,0,
Census Tract,09001011000,White,06/2022,0,0,0.333,
Census Tract,09001011000,White,07/2022,1,0.5,0,
Census Tract,09001011000,White,08/2022,0,0,1,
Census Tract,09001011000,White,09/2022,0,0,0,
Census Tract,09001011000,White,10/2022,1,0.5,0.333,
Census Tract,09001011000,White,11/2022,1,0,0,
Census Tract,09001011000,White,12/2022,0,0,0,
Census Tract,09001011000,White,01/2023,0,0.5,0,
Census Tract,09001011000,White,02/2023,0,0,0.667,
Census Tract,09001011000,White,03/2023,0,0,0.333,
Census Tract,09001011000,White,04/2023,0,0,0.667,
Census Tract,09001011000,White,05/2023,1,0.5,0,
Census Tract,09001011000,White,06/2023,0,0,0.333,
Census Tract,09001011000,White,07/2023,1,0.5,0,
Census Tract,09001011000,White,08/2023,0,0,1,
Census Tract,09001011000,White,09/2023,0,0,0,
Census Tract,09001011000,White,10/2023,0,0.5,0.333,
Census Tract,09001011000,White,11/2023,0,0,0,
Census Tract,09001011000,White,12/2023,0,0,0,
Census Tract,09001011000,White,01/2024,1,0.5,0,
Census Tract,09001011000,White,02/2024,0,0,0.667,
Census Tract,09001011000,White,03/2024,0,0,0.333,
Census Tract,09001011000,White,04/2024,0,0,0.667,
Census Tract,09001011000,White,05/2024,0,0.5,0,
Census Tract,09001011000,White,06/2024,0,0,0.333,
Census Tract,09001011000,White,07/2024,0,0.5,0,
Census Tract,09001011000,White,08/2024,0,0,1,
Census Tract,09001011000,White,09/2024,0,0,0,
Census Tract,09001011000,White,10/2024,1,0.5,0.333,
Census Tract,09001011000,White,11/2024,0,0,0,
Census Tract,09001011000,White,12/2024,0,0,0,
Census Tract,09001011000,White,01/2025,0,0.5,0,
Census Tract,09001011000,White,02/2025,0,0,0.667,
Census Tract,09001011000,White,03/2025,0,0,0.333,
Census Tract,09001011000,White,04/2025,0,0,0.667,
Census Tract,09001011000,White,05/2025,0,0.5,0,
Census Tract,09001011000,White,06/2025,0,0,0.333,
Census Tract,09001011000,White,07/2025,1,0.5,0,
Census Tract,09001011000,White,08/2025,0,0,1,
Census Tract,09001011000,White,09/2025,0,0,0,
Census Tract,09001011000,White,10/2025,1,0,0,2025-10-04
Census Tract,09001011100,White,01/2020,0,0,0,
Census Tract,09001011100,White,02/2020,0,0,0,
Census Tract,09001011100,White,03/2020,0,0,0,
Census Tract,09001011100,White,04/2020,0,0,0.333,
Census Tract,09001011100,White,05/2020,0,0,0,
Census Tract,09001011100,White,06/2020,0,0,0.333,
Census Tract,09001011100,White,07/2020,0,0,0.333,
Census Tract,09001011100,White,08/2020,0,0,0,
Census Tract,09001011100,White,09/2020,0,0.5,0,
Census Tract,09001011100,White,10/2020,0,0,0,
Census Tract,09001011100,White,11/2020,1,0,0,
Census Tract,09001011100,White,12/2020,0,0,0,
Census Tract,09001011100,White,01/2021,0,0,0,
Census Tract,09001011100,White,02/2021,0,0,0,
Census Tract,09001011100,White,03/2021,0,0,0,
Census Tract,09001011100,White,04/2021,0,0,0.333,
Census Tract,09001011100,White,05/2021,0,0,0,
Census Tract,09001011100,White,06/2021,0,0,0.333,
Census Tract,09001011100,White,07/2021,0,0,0.333,
Census Tract,09001011100,White,08/2021,0,0,0,
Census Tract,09001011100,White,09/2021,0,0.5,0,
Census Tract,09001011100,White,10/2021,0,0,0,
Census Tract,09001011100,White,11/2021,0,0,0,
Census Tract,09001011100,White,12/2021,0,0,0,
Census Tract,09001011100,White,01/2022,0,0,0,
Census Tract,09001011100,White,02/2022,1,0,0,
Census Tract,09001011100,White,03/2022,0,0,0,
Census Tract,09001011100,White,04/2022,0,0,0.333,
Census Tract,09001011100,White,05/2022,0,0,0,
Census Tract,09001011100,White,06/2022,0,0,0.333,
Census Tract,09001011100,White,07/2022,0,0,0.333,
Census Tract,09001011100,White,08/2022,0,0,0,
Census Tract,09001011100,White,09/2022,0,0.5,0,
Census Tract,09001011100,White,10/2022,0,0,0,
Census Tract,09001011100,White,11/2022,0,0,0,
Census Tract,09001011100,White,12/2022,0,0,0,
Census Tract,09001011100,White,01/2023,0,0,0,
Census Tract,09001011100,White,02/2023,0,0,0,
Census Tract,09001011100,White,03/2023,0,0,0,
Census Tract,09001011100,White,04/2023,0,0,0.333,
Census Tract,09001011100,White,05/2023,0,0,0,
Census Tract,09001011100,White,06/2023,0,0,0.333,
Census Tract,09001011100,White,07/2023,0,0,0.333,
Census Tract,09001011100,White,08/2023,0,0,0,
Census Tract,09001011100,White,09/2023,1,0.5,0,
Census Tract,09001011100,White,10/2023,0,0,0,
Census Tract,09001011100,White,11/2023,0,0,0,
Census Tract,09001011100,White,12/2023,0,0,0,
Census Tract,09001011100,White,01/2024,0,0,0,
Census Tract,09001011100,White,02/2024,0,0,0,
Census Tract,09001011100,White,03/2024,0,0,0,
Census Tract,09001011100,White,04/2024,0,0,0.333,
Census Tract,09001011100,White,05/2024,0,0,0,
Census Tract,09001011100,White,06/2024,0,0,0.333,
Census Tract,09001011100,White,07/2024,0,0,0.333,
Census Tract,09001011100,White,08/2024,0,0,0,
Census Tract,09001011100,White,09/2024,0,0.5,0,
Census Tract,09001011100,White,10/2024,0,0,0,
Census Tract,09001011100,White,11/2024,0,0,0,
Census Tract,09001011100,White,12/2024,0,0,0,
Census Tract,09001011100,White,01/2025,0,0,0,
Census Tract,09001011100,White,02/2025,0,0,0,
Census Tract,09001011100,White,03/2025,0,0,0,
Census Tract,09001011100,White,04/2025,0,0,0.333,
Census Tract,09001011100,White,05/2025,0,0,0,
Census Tract,09001011100,White,06/2025,1,0,0.333,
Census Tract,09001011100,White,07/2025,0,0,0.333,
Census Tract,09001011100,White,08/2025,0,0,0,
Census Tract,09001011100,White,09/2025,0,0.5,0,
Census Tract,09001011100,White,10/2025,0,0,0,2025-10-04
Census Tract,09001011200,White,01/2020,0,0,0,
Census Tract,09001011200,White,02/2020,0,0,0.667,
Census Tract,09001011200,White,03/2020,0,0.5,0,
Census Tract,09001011200,White,04/2020,0,0,0.333,
Census Tract,09001011200,White,05/2020,0,0,1,
Census Tract,09001011200,White,06/2020,1,0,0,
Census Tract,09001011200,White,07/2020,0,0,0,
Census Tract,09001011200,White,08/2020,0,0,0.333,
Census Tract,09001011200,White,09/2020,0,0.5,1,
Census Tract,09001011200,White,10/2020,0,0,0,
Census Tract,09001011200,White,11/2020,0,0,0,
Census Tract,09001011200,White,12/2020,0,0,0,
Census Tract,09001011200,White,01/2021,0,0,0,
Census Tract,09001011200,White,02/2021,0,0,0.667,
Census Tract,09001011200,White,03/2021,0,0.5,0,
Census Tract,09001011200,White,04/2021,0,0,0.333,
Census Tract,09001011200,White,05/2021,0,0,1,
Census Tract,09001011200,White,06/2021,0,0,0,
Census Tract,09001011200,White,07/2021,0,0,0,
Census Tract,09001011200,White,08/2021,0,0,0.333,
Census Tract,09001011200,White,09/2021,0,0.5,1,
Census Tract,09001011200,White,10/2021,0,0,0,
Census Tract,09001011200,White,11/2021,0,0,0,
Census Tract,09001011200,White,12/2021,0,0,0,
Census Tract,09001011200,White,01/2022,0,0,0,
Census Tract,09001011200,White,02/2022,0,0,0.667,
Census Tract,09001011200,White,03/2022,0,0.5,0,
Census Tract,09001011200,White,04/2022,0,0,0.333,
Census Tract,09001011200,White,05/2022,0,0,1,
Census Tract,09001011200,White,06/2022,0,0,0,
Census Tract,09001011200,White,07/2022,0,0,0,
Census Tract,09001011200,White,08/2022,0,0,0.333,
Census Tract,09001011200,White,09/2022,0,0.5,1,
Census Tract,09001011200,White,10/2022,0,0,0,
Census Tract,09001011200,White,11/2022,0,0,0,
Census Tract,09001011200,White,12/2022,0,0,0,
Census Tract,09001011200,White,01/2023,0,0,0,
Census Tract,09001011200,White,02/2023,0,0,0.667,
Census Tract,09001011200,White,03/2023,0,0.5,0,
Census Tract,09001011200,White,04/2023,0,0,0.333,
Census Tract,09001011200,White,05/2023,0,0,1,
Census Tract,09001011200,White,06/2023,0,0,0,
Census Tract,09001011200,White,07/2023,0,0,0,
Census Tract,09001011200,White,08/2023,0,0,0.333,
Census Tract,09001011200,White,09/2023,1,0.5,1,
Census Tract,09001011200,White,10/2023,0,0,0,
Census Tract,09001011200,White,11/2023,0,0,0,
Census Tract,09001011200,White,12/2023,0,0,0,
Census Tract,09001011200,White,01/2024,0,0,0,
Census Tract,09001011200,White,02/2024,0,0,0.667,
Census Tract,09001011200,White,03/2024,1,0.5,0,
Census Tract,09001011200,White,04/2024,0,0,0.333,
Census Tract,09001011200,White,05/2024,0,0,1,
Census Tract,09001011200,White,06/2024,0,0,0,
Census Tract,09001011200,White,07/2024,0,0,0,
Census Tract,09001011200,White,08/2024,0,0,0.333,
Census Tract,09001011200,White,09/2024,0,0.5,1,
Census Tract,09001011200,White,10/2024,0,0,0,
Census Tract,09001011200,White,11/2024,0,0,0,
Census Tract,09001011200,White,12/2024,0,0,0,
Census Tract,09001011200,White,01/2025,0,0,0,
Census Tract,09001011200,White,02/2025,0,0,0.667,
Census Tract,09001011200,White,03/2025,1,0.5,0,
Census Tract,09001011200,White,04/2025,1,0,0.333,
Census Tract,09001011200,White,05/2025,0,0,1,
Census Tract,09001011200,White,06/2025,0,0,0,
Census Tract,09001011200,White,07/2025,0,0,0,
Census Tract,09001011200,White,08/2025,0,0,0.333,
Census Tract,09001011200,White,09/2025,0,0.5,1,
Census Tract,09001011200,White,10/2025,0,0,0,2025-10-04
Census Tract,09001011300,Hispanic,01/2020,1,0.5,0.333,
Census Tract,09001011300,Hispanic,02/2020,3,1,1,
Census Tract,09001011300,Hispanic,03/2020,2,1,1,
Census Tract,09001011300,Hispanic,04/2020,0,0.5,0.667,
Census Tract,09001011300,Hispanic,05/2020,0,1.5,0,
Census Tract,09001011300,Hispanic,06/2020,0,0.5,1,
Census Tract,09001011300,Hispanic,07/2020,0,0,0.333,
Census Tract,09001011300,Hispanic,08/2020,0,0.5,1,
Census Tract,09001011300,Hispanic,09/2020,1,0,0.667,
Census Tract,09001011300,Hispanic,10/2020,1,0,0.333,
Census Tract,09001011300,Hispanic,11/2020,0,0.5,0,
Census Tract,09001011300,Hispanic,12/2020,0,0.5,0.667,
Census Tract,09001011300,Hispanic,01/2021,0,0.5,0.333,
Census Tract,09001011300,Hispanic,02/2021,0,1,1,
Census Tract,09001011300,Hispanic,03/2021,1,1,1,
Census Tract,09001011300,Hispanic,04/2021,0,0.5,0.667,
Census Tract,09001011300,Hispanic,05/2021,0,1.5,0,
Census Tract,09001011300,Hispanic,06/2021,0,0.5,1,
Census Tract,09001011300,Hispanic,07/2021,0,0,0.333,
Census Tract,09001011300,Hispanic,08/2021,0,0.5,1,
Census Tract,09001011300,Hispanic,09/2021,1,0,0.667,
Census Tract,09001011300,Hispanic,10/2021,2,0,0.333,
Census Tract,09001011300,Hispanic,11/2021,0,0.5,0,
Census Tract,09001011300,Hispanic,12/2021,1,0.5,0.667,
Census Tract,09001011300,Hispanic,01/2022,1,0.5,0.333,
Census Tract,09001011300,Hispanic,02/2022,0,1,1,
Census Tract,09001011300,Hispanic,03/2022,2,1,1,
Census Tract,09001011300,Hispanic,04/2022,1,0.5,0.667,
Census Tract,09001011300,Hispanic,05/2022,0,1.5,0,
Census Tract,09001011300,Hispanic,06/2022,0,0.5,1,
Census Tract,09001011300,Hispanic,07/2022,0,0,0.333,
Census Tract,09001011300,Hispanic,08/2022,0,0.5,1,
Census Tract,09001011300,Hispanic,09/2022,0,0,0.667,
Census Tract,09001011300,Hispanic,10/2022,0,0,0.333,
Census Tract,09001011300,Hispanic,11/2022,1,0.5,0,
Census Tract,09001011300,Hispanic,12/2022,0,0.5,0.667,
Census Tract,09001011300,Hispanic,01/2023,1,0.5,0.333,
Census Tract,09001011300,Hispanic,02/2023,1,1,1,
Census Tract,09001011300,Hispanic,03/2023,1,1,1,
Census Tract,09001011300,Hispanic,04/2023,1,0.5,0.667,
Census Tract,09001011300,Hispanic,05/2023,3,1.5,0,
Census Tract,09001011300,Hispanic,06/2023,0,0.5,1,
Census Tract,09001011300,Hispanic,07/2023,0,0,0.333,
Census Tract,09001011300,Hispanic,08/2023,1,0.5,1,
Census Tract,09001011300,Hispanic,09/2023,0,0,0.667,
Census Tract,09001011300,Hispanic,10/2023,0,0,0.333,
Census Tract,09001011300,Hispanic,11/2023,0,0.5,0,
Census Tract,09001011300,Hispanic,12/2023,1,0.5,0.667,
Census Tract,09001011300,Hispanic,01/2024,0,0.5,0.333,
Census Tract,09001011300,Hispanic,02/2024,1,1,1,
Census Tract,09001011300,Hispanic,03/2024,1,1,1,
Census Tract,09001011300,Hispanic,04/2024,0,0.5,0.667,
Census Tract,09001011300,Hispanic,05/2024,0,1.5,0,
Census Tract,09001011300,Hispanic,06/2024,1,0.5,1,
Census Tract,09001011300,Hispanic,07/2024,0,0,0.333,
Census Tract,09001011300,Hispanic,08/2024,0,0.5,1,
Census Tract,09001011300,Hispanic,09/2024,0,0,0.667,
Census Tract,09001011300,Hispanic,10/2024,0,0,0.333,
Census Tract,09001011300,Hispanic,11/2024,1,0.5,0,
Census Tract,09001011300,Hispanic,12/2024,0,0.5,0.667,
Census Tract,09001011300,Hispanic,01/2025,1,0.5,0.333,
Census Tract,09001011300,Hispanic,02/2025,0,1,1,
Census Tract,09001011300,Hispanic,03/2025,1,1,1,
Census Tract,09001011300,Hispanic,04/2025,0,0.5,0.667,
Census Tract,09001011300,Hispanic,05/2025,1,1.5,0,
Census Tract,09001011300,Hispanic,06/2025,1,0.5,1,
Census Tract,09001011300,Hispanic,07/2025,0,0,0.333,
Census Tract,09001011300,Hispanic,08/2025,0,0.5,1,
Census Tract,09001011300,Hispanic,09/2025,0,0,0.667,
Census Tract,09001011300,Hispanic,10/2025,0,0,0,2025-10-04
Census Tract,09001020101,Other,01/2020,2,2,2.333,
Census Tract,09001020101,Other,02/2020,2,2,1.667,
Census Tract,09001020101,Other,03/2020,2,3,1.333,
Census Tract,09001020101,Other,04/2020,1,0.5,1.667,
Census Tract,09001020101,Other,05/2020,0,2.5,0.333,
Census Tract,09001020101,Other,06/2020,0,2.5,0,
Census Tract,09001020101,Other,07/2020,0,0.5,2.667,
Census Tract,09001020101,Other,08/2020,0,3.5,1.333,
Census Tract,09001020101,Other,09/2020,0,4,1.333,
Census Tract,09001020101,Other,10/2020,0,3,0.333,
Census Tract,09001020101,Other,11/2020,0,1.5,1.333,
Census Tract,09001020101,Other,12/2020,0,3,0,
Census Tract,09001020101,Other,01/2021,0,2,2.333,
Census Tract,09001020101,Other,02/2021,1,2,1.667,
Census Tract,09001020101,Other,03/2021,0,3,1.333,
Census Tract,09001020101,Other,04/2021,0,0.5,1.667,
Census Tract,09001020101,Other,05/2021,0,2.5,0.333,
Census Tract,09001020101,Other,06/2021,1,2.5,0,
Census Tract,09001020101,Other,07/2021,2,0.5,2.667,
Census Tract,09001020101,Other,08/2021,0,3.5,1.333,
Census Tract,09001020101,Other,09/2021,0,4,1.333,
Census Tract,09001020101,Other,10/2021,0,3,0.333,
Census Tract,09001020101,Other,11/2021,1,1.5,1.333,
Census Tract,09001020101,Other,12/2021,1,3,0,
Census Tract,09001020101,Other,01/2022,2,2,2.333,
Census Tract,09001020101,Other,02/2022,3,2,1.667,
Census Tract,09001020101,Other,03/2022,1,3,1.333,
Census Tract,09001020101,Other,04/2022,1,0.5,1.667,
Census Tract,09001020101,Other,05/2022,0,2.5,0.333,
Census Tract,09001020101,Other,06/2022,1,2.5,0,
Census Tract,09001020101,Other,07/2022,1,0.5,2.667,
Census Tract,09001020101,Other,08/2022,2,3.5,1.333,
Census Tract,09001020101,Other,09/2022,0,4,1.333,
Census Tract,09001020101,Other,10/2022,2,3,0.333,
Census Tract,09001020101,Other,11/2022,5,1.5,1.333,
Census Tract,09001020101,Other,12/2022,1,3,0,
Census Tract,09001020101,Other,01/2023,3,2,2.333,
Census Tract,09001020101,Other,02/2023,1,2,1.667,
Census Tract,09001020101,Other,03/2023,0,3,1.333,
Census Tract,09001020101,Other,04/2023,1,0.5,1.667,
Census Tract,09001020101,Other,05/2023,3,2.5,0.333,
Census Tract,09001020101,Other,06/2023,2,2.5,0,
Census Tract,09001020101,Other,07/2023,1,0.5,2.667,
Census Tract,09001020101,Other,08/2023,3,3.5,1.333,
Census Tract,09001020101,Other,09/2023,1,4,1.333,
Census Tract,09001020101,Other,10/2023,1,3,0.333,
Census Tract,09001020101,Other,11/2023,1,1.5,1.333,
Census Tract,09001020101,Other,12/2023,1,3,0,
Census Tract,09001020101,Other,01/2024,1,2,2.333,
Census Tract,09001020101,Other,02/2024,3,2,1.667,
Census Tract,09001020101,Other,03/2024,6,3,1.333,
Census Tract,09001020101,Other,04/2024,0,0.5,1.667,
Census Tract,09001020101,Other,05/2024,2,2.5,0.333,
Census Tract,09001020101,Other,06/2024,3,2.5,0,
Census Tract,09001020101,Other,07/2024,0,0.5,2.667,
Census Tract,09001020101,Other,08/2024,4,3.5,1.333,
Census Tract,09001020101,Other,09/2024,7,4,1.333,
Census Tract,09001020101,Other,10/2024,5,3,0.333,
Census Tract,09001020101,Other,11/2024,2,1.5,1.333,
Census Tract,09001020101,Other,12/2024,5,3,0,
Census Tract,09001020101,Other,01/2025,1,2,2.333,
Census Tract,09001020101,Other,02/2025,0,2,1.667,
Census Tract,09001020101,Other,03/2025,3,3,1.333,
Census Tract,09001020101,Other,04/2025,1,0.5,1.667,
Census Tract,09001020101,Other,05/2025,2,2.5,0.333,
Census Tract,09001020101,Other,06/2025,3,2.5,0,
Census Tract,09001020101,Other,07/2025,1,0.5,2.667,
Census Tract,09001020101,Other,08/2025,0,3.5,1.333,
Census Tract,09001020101,Other,09/2025,2,4,1.333,
Census Tract,09001020101,Other,10/2025,0,1,0.333,2025-10-04
Census Tract,09001020102,Other,01/2020,2,6.5,1.333,
Census Tract,09001020102,Other,02/2020,3,2.5,2.333,
Census Tract,09001020102,Other,03/2020,0,4,1.667,
Census Tract,09001020102,Other,04/2020,0,5.5,1,
Census Tract,09001020102,Other,05/2020,0,5.5,0.667,
Census Tract,09001020102,Other,06/2020,0,7.5,2.667,
Census Tract,09001020102,Other,07/2020,0,8.5,2.667,
Census Tract,09001020102,Other,08/2020,0,5,1,
Census Tract,09001020102,Other,09/2020,0,2.5,2.667,
Census Tract,09001020102,Other,10/2020,0,4,1.667,
Census Tract,09001020102,Other,11/2020,2,2.5,2.333,
Census Tract,09001020102,Other,12/2020,1,7.5,3.667,
Census Tract,09001020102,Other,01/2021,1,6.5,1.333,
Census Tract,09001020102,Other,02/2021,2,2.5,2.333,
Census Tract,09001020102,Other,03/2021,1,4,1.667,
Census Tract,09001020102,Other,04/2021,0,5.5,1,
Census Tract,09001020102,Other,05/2021,2,5.5,0.667,
Census Tract,09001020102,Other,06/2021,1,7.5,2.667,
Census Tract,09001020102,Other,07/2021,1,8.5,2.667,
Census Tract,09001020102,Other,08/2021,1,5,1,
Census Tract,09001020102,Other,09/2021,3,2.5,2.667,
Census Tract,09001020102,Other,10/2021,4,4,1.667,
Census Tract,09001020102,Other,11/2021,1,2.5,2.333,
Census Tract,09001020102,Other,12/2021,3,7.5,3.667,
Census Tract,09001020102,Other,01/2022,6,6.5,1.333,
Census Tract,09001020102,Other,02/2022,1,2.5,2.333,
Census Tract,09001020102,Other,03/2022,4,4,1.667,
Census Tract,09001020102,Other,04/2022,9,5.5,1,
Census Tract,09001020102,Other,05/2022,4,5.5,0.667,
Census Tract,09001020102,Other,06/2022,2,7.5,2.667,
Census Tract,09001020102,Other,07/2022,2,8.5,2.667,
Census Tract,09001020102,Other,08/2022,7,5,1,
Census Tract,09001020102,Other,09/2022,6,2.5,2.667,
Census Tract,09001020102,Other,10/2022,3,4,1.667,
Census Tract,09001020102,Other,11/2022,7,2.5,2.333,
Census Tract,09001020102,Other,12/2022,4,7.5,3.667,
Census Tract,09001020102,Other,01/2023,7,6.5,1.333,
Census Tract,09001020102,Other,02/2023,2,2.5,2.333,
Census Tract,09001020102,Other,03/2023,2,4,1.667,
Census Tract,09001020102,Other,04/2023,3,5.5,1,
Census Tract,09001020102,Other,05/2023,5,5.5,0.667,
Census Tract,09001020102,Other,06/2023,6,7.5,2.667,
Census Tract,09001020102,Other,07/2023,9,8.5,2.667,
Census Tract,09001020102,Other,08/2023,6,5,1,
Census Tract,09001020102,Other,09/2023,1,2.5,2.667,
Census Tract,09001020102,Other,10/2023,3,4,1.667,
Census Tract,09001020102,Other,11/2023,3,2.5,2.333,
Census Tract,09001020102,Other,12/2023,6,7.5,3.667,
Census Tract,09001020102,Other,01/2024,6,6.5,1.333,
Census Tract,09001020102,Other,02/2024,3,2.5,2.333,
Census Tract,09001020102,Other,03/2024,6,4,1.667,
Census Tract,09001020102,Other,04/2024,8,5.5,1,
Census Tract,09001020102,Other,05/2024,6,5.5,0.667,
Census Tract,09001020102,Other,06/2024,9,7.5,2.667,
Census Tract,09001020102,Other,07/2024,8,8.5,2.667,
Census Tract,09001020102,Other,08/2024,4,5,1,
Census Tract,09001020102,Other,09/2024,4,2.5,2.667,
Census Tract,09001020102,Other,10/2024,5,4,1.667,
Census Tract,09001020102,Other,11/2024,2,2.5,2.333,
Census Tract,09001020102,Other,12/2024,9,7.5,3.667,
Census Tract,09001020102,Other,01/2025,8,6.5,1.333,
Census Tract,09001020102,Other,02/2025,3,2.5,2.333,
Census Tract,09001020102,Other,03/2025,6,4,1.667,
Census Tract,09001020102,Other,04/2025,5,5.5,1,
Census Tract,09001020102,Other,05/2025,8,5.5,0.667,
Census Tract,09001020102,Other,06/2025,6,7.5,2.667,
Census Tract,09001020102,Other,07/2025,0,8.5,2.667,
Census Tract,09001020102,Other,08/2025,0,5,1,
Census Tract,09001020102,Other,09/2025,1,2.5,2.667,
Census Tract,09001020102,Other,10/2025,2,1,0,2025-10-04
Census Tract,09001020200,White,01/2020,0,0,0,
Census Tract,09001020200,White,02/2020,0,0,0,
Census Tract,09001020200,White,03/2020,0,0,0.333,
Census Tract,09001020200,White,04/2020,0,0,0,
Census Tract,09001020200,White,05/2020,0,0,0.333,
Census Tract,09001020200,White,06/2020,0,0,0.333,
Census Tract,09001020200,White,07/2020,0,0,0.333,
Census Tract,09001020200,White,08/2020,0,0,0.333,
Census Tract,09001020200,White,09/2020,0,1,0,
Census Tract,09001020200,White,10/2020,0,0,0,
Census Tract,09001020200,White,11/2020,0,0,0.333,
Census Tract,09001020200,White,12/2020,0,0,0.333,
Census Tract,09001020200,White,01/2021,0,0,0,
Census Tract,09001020200,White,02/2021,1,0,0,
Census Tract,09001020200,White,03/2021,0,0,0.333,
Census Tract,09001020200,White,04/2021,0,0,0,
Census Tract,09001020200,White,05/2021,0,0,0.333,
Census Tract,09001020200,White,06/2021,0,0,0.333,
Census Tract,09001020200,White,07/2021,0,0,0.333,
Census Tract,09001020200,White,08/2021,0,0,0.333,
Census Tract,09001020200,White,09/2021,0,1,0,
Census Tract,09001020200,White,10/2021,0,0,0,
Census Tract,09001020200,White,11/2021,0,0,0.333,
Census Tract,09001020200,White,12/2021,0,0,0.333,
Census Tract,09001020200,White,01/2022,1,0,0,
Census Tract,09001020200,White,02/2022,0,0,0,
Census Tract,09001020200,White,03/2022,0,0,0.333,
Census Tract,09001020200,White,04/2022,1,0,0,
Census Tract,09001020200,White,05/2022,3,0,0.333,
Census Tract,09001020200,White,06/2022,0,0,0.333,
Census Tract,09001020200,White,07/2022,0,0,0.333,
Census Tract,09001020200,White,08/2022,1,0,0.333,
Census Tract,09001020200,White,09/2022,0,1,0,
Census Tract,09001020200,White,10/2022,0,0,0,
Census Tract,09001020200,White,11/2022,0,0,0.333,
Census Tract,09001020200,White,12/2022,0,0,0.333,
Census Tract,09001020200,White,01/2023,0,0,0,
Census Tract,09001020200,White,02/2023,0,0,0,
Census Tract,09001020200,White,03/2023,0,0,0.333,
Census Tract,09001020200,White,04/2023,0,0,0,
Census Tract,09001020200,White,05/2023,0,0,0.333,
Census Tract,09001020200,White,06/2023,0,0,0.333,
Census Tract,09001020200,White,07/2023,0,0,0.333,
Census Tract,09001020200,White,08/2023,0,0,0.333,
Census Tract,09001020200,White,09/2023,0,1,0,
Census Tract,09001020200,White,10/2023,0,0,0,
Census Tract,09001020200,White,11/2023,0,0,0.333,
Census Tract,09001020200,White,12/2023,0,0,0.333,
Census Tract,09001020200,White,01/2024,0,0,0,
Census Tract,09001020200,White,02/2024,0,0,0,
Census Tract,09001020200,White,03/2024,0,0,0.333,
Census Tract,09001020200,White,04/2024,0,0,0,
Census Tract,09001020200,White,05/2024,0,0,0.333,
Census Tract,09001020200,White,06/2024,0,0,0.333,
Census Tract,09001020200,White,07/2024,0,0,0.333,
Census Tract,09001020200,White,08/2024,0,0,0.333,
Census Tract,09001020200,White,09/2024,2,1,0,
Census Tract,09001020200,White,10/2024,0,0,0,
Census Tract,09001020200,White,11/2024,0,0,0.333,
Census Tract,09001020200,White,12/2024,0,0,0.333,
Census Tract,09001020200,White,01/2025,0,0,0,
Census Tract,09001020200,White,02/2025,0,0,0,
Census Tract,09001020200,White,03/2025,0,0,0.333,
Census Tract,09001020200,White,04/2025,1,0,0,
Census Tract,09001020200,White,05/2025,0,0,0.333,
Census Tract,09001020200,White,06/2025,2,0,0.333,
Census Tract,09001020200,White,07/2025,2,0,0.333,
Census Tract,09001020200,White,08/2025,0,0,0.333,
Census Tract,09001020200,White,09/2025,0,1,0,
Census Tract,09001020200,White,10/2025,0,0,0,2025-10-04
Census Tract,09001020301,White,01/2020,0,0,0,
Census Tract,09001020301,White,02/2020,0,0,0.333,
Census Tract,09001020301,White,03/2020,0,0.5,0,
Census Tract,09001020301,White,04/2020,0,0,0,
Census Tract,09001020301,White,05/2020,0,0,0.667,
Census Tract,09001020301,White,06/2020,0,0.5,0,
Census Tract,09001020301,White,07/2020,0,0.5,0.333,
Census Tract,09001020301,White,08/2020,0,0,0.333,
Census Tract,09001020301,White,09/2020,0,0.5,0.333,
Census Tract,09001020301,White,10/2020,1,0.5,1,
Census Tract,09001020301,White,11/2020,0,0,0,
Census Tract,09001020301,White,12/2020,0,0,0,
Census Tract,09001020301,White,01/2021,1,0,0,
Census Tract,09001020301,White,02/2021,0,0,0.333,
Census Tract,09001020301,White,03/2021,1,0.5,0,
Census Tract,09001020301,White,04/2021,1,0,0,
Census Tract,09001020301,White,05/2021,1,0,0.667,
Census Tract,09001020301,White,06/2021,0,0.5,0,
Census Tract,09001020301,White,07/2021,0,0.5,0.333,
Census Tract,09001020301,White,08/2021,0,0,0.333,
Census Tract,09001020301,White,09/2021,0,0.5,0.333,
Census Tract,09001020301,White,10/2021,1,0.5,1,
Census Tract,09001020301,White,11/2021,0,0,0,
Census Tract,09001020301,White,12/2021,0,0,0,
Census Tract,09001020301,White,01/2022,0,0,0,
Census Tract,09001020301,White,02/2022,0,0,0.333,
Census Tract,09001020301,White,03/2022,0,0.5,0,
Census Tract,09001020301,White,04/2022,0,0,0,
Census Tract,09001020301,White,05/2022,0,0,0.667,
Census Tract,09001020301,White,06/2022,0,0.5,0,
Census Tract,09001020301,White,07/2022,0,0.5,0.333,
Census Tract,09001020301,White,08/2022,2,0,0.333,
Census Tract,09001020301,White,09/2022,0,0.5,0.333,
Census Tract,09001020301,White,10/2022,1,0.5,1,
Census Tract,09001020301,White,11/2022,0,0,0,
Census Tract,09001020301,White,12/2022,0,0,0,
Census Tract,09001020301,White,01/2023,0,0,0,
Census Tract,09001020301,White,02/2023,0,0,0.333,
Census Tract,09001020301,White,03/2023,0,0.5,0,
Census Tract,09001020301,White,04/2023,0,0,0,
Census Tract,09001020301,White,05/2023,0,0,0.667,
Census Tract,09001020301,White,06/2023,0,0.5,0,
Census Tract,09001020301,White,07/2023,0,0.5,0.333,
Census Tract,09001020301,White,08/2023,0,0,0.333,
Census Tract,09001020301,White,09/2023,1,0.5,0.333,
Census Tract,09001020301,White,10/2023,0,0.5,1,
Census Tract,09001020301,White,11/2023,0,0,0,
Census Tract,09001020301,White,12/2023,0,0,0,
Census Tract,09001020301,White,01/2024,0,0,0,
Census Tract,09001020301,White,02/2024,0,0,0.333,
Census Tract,09001020301,White,03/2024,1,0.5,0,
Census Tract,09001020301,White,04/2024,0,0,0,
Census Tract,09001020301,White,05/2024,0,0,0.667,
Census Tract,09001020301,White,06/2024,1,0.5,0,
Census Tract,09001020301,White,07/2024,1,0.5,0.333,
Census Tract,09001020301,White,08/2024,0,0,0.333,
Census Tract,09001020301,White,09/2024,0,0.5,0.333,
Census Tract,09001020301,White,10/2024,1,0.5,1,
Census Tract,09001020301,White,11/2024,0,0,0,
Census Tract,09001020301,White,12/2024,0,0,0,
Census Tract,09001020301,White,01/2025,0,0,0,
Census Tract,09001020301,White,02/2025,1,0,0.333,
Census Tract,09001020301,White,03/2025,0,0.5,0,
Census Tract,09001020301,White,04/2025,0,0,0,
Census Tract,09001020301,White,05/2025,0,0,0.667,
Census Tract,09001020301,White,06/2025,0,0.5,0,
Census Tract,09001020301,White,07/2025,0,0.5,0.333,
Census Tract,09001020301,White,08/2025,0,0,0.333,
Census Tract,09001020301,White,09/2025,0,0.5,0.333,
Census Tract,09001020301,White,10/2025,0,0,0,2025-10-04
Census Tract,09001020302,White,01/2020,0,0.5,0,
Census Tract,09001020302,White,02/2020,0,0.5,0,
Census Tract,09001020302,White,03/2020,0,0.5,0,
Census Tract,09001020302,White,04/2020,0,0.5,0.333,
Census Tract,09001020302,White,05/2020,0,0,0.333,
Census Tract,09001020302,White,06/2020,0,0,0.333,
Census Tract,09001020302,White,07/2020,0,0,0.333,
Census Tract,09001020302,White,08/2020,0,0.5,0,
Census Tract,09001020302,White,09/2020,0,0,0.333,
Census Tract,09001020302,White,10/2020,0,0,0,
Census Tract,09001020302,White,11/2020,0,0,1,
Census Tract,09001020302,White,12/2020,0,0,0,
Census Tract,09001020302,White,01/2021,0,0.5,0,
Census Tract,09001020302,White,02/2021,0,0.5,0,
Census Tract,09001020302,White,03/2021,0,0.5,0,
Census Tract,09001020302,White,04/2021,0,0.5,0.333,
Census Tract,09001020302,White,05/2021,0,0,0.333,
Census Tract,09001020302,White,06/2021,0,0,0.333,
Census Tract,09001020302,White,07/2021,0,0,0.333,
Census Tract,09001020302,White,08/2021,0,0.5,0,
Census Tract,09001020302,White,09/2021,0,0,0.333,
Census Tract,09001020302,White,10/2021,0,0,0,
Census Tract,09001020302,White,11/2021,1,0,1,
Census Tract,09001020302,White,12/2021,0,0,0,
Census Tract,09001020302,White,01/2022,1,0.5,0,
Census Tract,09001020302,White,02/2022,0,0.5,0,
Census Tract,09001020302,White,03/2022,0,0.5,0,
Census Tract,09001020302,White,04/2022,1,0.5,0.333,
Census Tract,09001020302,White,05/2022,0,0,0.333,
Census Tract,09001020302,White,06/2022,2,0,0.333,
Census Tract,09001020302,White,07/2022,0,0,0.333,
Census Tract,09001020302,White,08/2022,0,0.5,0,
Census Tract,09001020302,White,09/2022,0,0,0.333,
Census Tract,09001020302,White,10/2022,0,0,0,
Census Tract,09001020302,White,11/2022,1,0,1,
Census Tract,09001020302,White,12/2022,0,0,0,
Census Tract,09001020302,White,01/2023,1,0.5,0,
Census Tract,09001020302,White,02/2023,1,0.5,0,
Census Tract,09001020302,White,03/2023,0,0.5,0,
Census Tract,09001020302,White,04/2023,1,0.5,0.333,
Census Tract,09001020302,White,05/2023,0,0,0.333,
Census Tract,09001020302,White,06/2023,0,0,0.333,
Census Tract,09001020302,White,07/2023,0,0,0.333,
Census Tract,09001020302,White,08/2023,0,0.5,0,
Census Tract,09001020302,White,09/2023,0,0,0.333,
Census Tract,09001020302,White,10/2023,0,0,0,
Census Tract,09001020302,White,11/2023,0,0,1,
Census Tract,09001020302,White,12/2023,0,0,0,
Census Tract,09001020302,White,01/2024,0,0.5,0,
Census Tract,09001020302,White,02/2024,0,0.5,0,
Census Tract,09001020302,White,03/2024,1,0.5,0,
Census Tract,09001020302,White,04/2024,0,0.5,0.333,
Census Tract,09001020302,White,05/2024,0,0,0.333,
Census Tract,09001020302,White,06/2024,0,0,0.333,
Census Tract,09001020302,White,07/2024,0,0,0.333,
Census Tract,09001020302,White,08/2024,1,0.5,0,
Census Tract,09001020302,White,09/2024,0,0,0.333,
Census Tract,09001020302,White,10/2024,0,0,0,
Census Tract,09001020302,White,11/2024,0,0,1,
Census Tract,09001020302,White,12/2024,0,0,0,
Census Tract,09001020302,White,01/2025,0,0.5,0,
Census Tract,09001020302,White,02/2025,0,0.5,0,
Census Tract,09001020302,White,03/2025,0,0.5,0,
Census Tract,09001020302,White,04/2025,0,0.5,0.333,
Census Tract,09001020302,White,05/2025,0,0,0.333,
Census Tract,09001020302,White,06/2025,0,0,0.333,
Census Tract,09001020302,White,07/2025,0,0,0.333,
Census Tract,09001020302,White,08/2025,0,0.5,0,
Census Tract,09001020302,White,09/2025,0,0,0.333,
Census Tract,09001020302,White,10/2025,0,0,0,2025-10-04
Census Tract,09001020400,White,01/2020,0,0.5,0,
Census Tract,09001020400,White,02/2020,0,0,0,
Census Tract,09001020400,White,03/2020,0,0,0.333,
Census Tract,09001020400,White,04/2020,0,0,0.667,
Census Tract,09001020400,White,05/2020,0,0.5,0.333,
Census Tract,09001020400,White,06/2020,0,0.5,0,
Census Tract,09001020400,White,07/2020,0,0.5,0,
Census Tract,09001020400,White,08/2020,0,0,0,
Census Tract,09001020400,White,09/2020,0,0,0.333,
Census Tract,09001020400,White,10/2020,0,0.5,0.333,
Census Tract,09001020400,White,11/2020,1,0.5,0,
Census Tract,09001020400,White,12/2020,0,0,0.667,
Census Tract,09001020400,White,01/2021,0,0.5,0,
Census Tract,09001020400,White,02/2021,0,0,0,
Census Tract,09001020400,White,03/2021,0,0,0.333,
Census Tract,09001020400,White,04/2021,1,0,0.667,
Census Tract,09001020400,White,05/2021,0,0.5,0.333,
Census Tract,09001020400,White,06/2021,0,0.5,0,
Census Tract,09001020400,White,07/2021,0,0.5,0,
Census Tract,09001020400,White,08/2021,0,0,0,
Census Tract,09001020400,White,09/2021,0,0,0.333,
Census Tract,09001020400,White,10/2021,0,0.5,0.333,
Census Tract,09001020400,White,11/2021,0,0.5,0,
Census Tract,09001020400,White,12/2021,0,0,0.667,
Census Tract,09001020400,White,01/2022,0,0.5,0,
Census Tract,09001020400,White,02/2022,1,0,0,
Census Tract,09001020400,White,03/2022,0,0,0.333,
Census Tract,09001020400,White,04/2022,0,0,0.667,
Census Tract,09001020400,White,05/2022,1,0.5,0.333,
Census Tract,09001020400,White,06/2022,0,0.5,0,
Census Tract,09001020400,White,07/2022,0,0.5,0,
Census Tract,09001020400,White,08/2022,1,0,0,
Census Tract,09001020400,White,09/2022,0,0,0.333,
Census Tract,09001020400,White,10/2022,1,0.5,0.333,
Census Tract,09001020400,White,11/2022,0,0.5,0,
Census Tract,09001020400,White,12/2022,0,0,0.667,
Census Tract,09001020400,White,01/2023,1,0.5,0,
Census Tract,09001020400,White,02/2023,0,0,0,
Census Tract,09001020400,White,03/2023,0,0,0.333,
Census Tract,09001020400,White,04/2023,0,0,0.667,
Census Tract,09001020400,White,05/2023,1,0.5,0.333,
Census Tract,09001020400,White,06/2023,1,0.5,0,
Census Tract,09001020400,White,07/2023,0,0.5,0,
Census Tract,09001020400,White,08/2023,0,0,0,
Census Tract,09001020400,White,09/2023,0,0,0.333,
Census Tract,09001020400,White,10/2023,1,0.5,0.333,
Census Tract,09001020400,White,11/2023,0,0.5,0,
Census Tract,09001020400,White,12/2023,0,0,0.667,
Census Tract,09001020400,White,01/2024,0,0.5,0,
Census Tract,09001020400,White,02/2024,0,0,0,
Census Tract,09001020400,White,03/2024,0,0,0.333,
Census Tract,09001020400,White,04/2024,0,0,0.667,
Census Tract,09001020400,White,05/2024,0,0.5,0.333,
Census Tract,09001020400,White,06/2024,0,0.5,0,
Census Tract,09001020400,White,07/2024,1,0.5,0,
Census Tract,09001020400,White,08/2024,0,0,0,
Census Tract,09001020400,White,09/2024,0,0,0.333,
Census Tract,09001020400,White,10/2024,0,0.5,0.333,
Census Tract,09001020400,White,11/2024,1,0.5,0,
Census Tract,09001020400,White,12/2024,0,0,0.667,
Census Tract,09001020400,White,01/2025,0,0.5,0,
Census Tract,09001020400,White,02/2025,0,0,0,
Census Tract,09001020400,White,03/2025,1,0,0.333,
Census Tract,09001020400,White,04/2025,1,0,0.667,
Census Tract,09001020400,White,05/2025,0,0.5,0.333,
Census Tract,09001020400,White,06/2025,0,0.5,0,
Census Tract,09001020400,White,07/2025,0,0.5,0,
Census Tract,09001020400,White,08/2025,0,0,0,
Census Tract,09001020400,White,09/2025,0,0,0.333,
Census Tract,09001020400,White,10/2025,0,0,0,2025-10-04
Census Tract,09001020500,White,01/2020,0,0,0.333,
Census Tract,09001020500,White,02/2020,0,0.5,0.667,
Census Tract,09001020500,White,03/2020,0,1.5,0,
Census Tract,09001020500,White,04/2020,0,0,0,
Census Tract,09001020500,White,05/2020,0,0,0.333,
Census Tract,09001020500,White,06/2020,0,0,1.333,
Census Tract,09001020500,White,07/2020,0,0.5,0.333,
Census Tract,09001020500,White,08/2020,0,0,0,
Census Tract,09001020500,White,09/2020,0,0.5,0.333,
Census Tract,09001020500,White,10/2020,0,0,0.667,
Census Tract,09001020500,White,11/2020,0,0,0,
Census Tract,09001020500,White,12/2020,0,0,0.333,
Census Tract,09001020500,White,01/2021,0,0,0.333,
Census Tract,09001020500,White,02/2021,0,0.5,0.667,
Census Tract,09001020500,White,03/2021,0,1.5,0,
Census Tract,09001020500,White,04/2021,0,0,0,
Census Tract,09001020500,White,05/2021,0,0,0.333,
Census Tract,09001020500,White,06/2021,0,0,1.333,
Census Tract,09001020500,White,07/2021,0,0.5,0.333,
Census Tract,09001020500,White,08/2021,1,0,0,
Census Tract,09001020500,White,09/2021,0,0.5,0.333,
Census Tract,09001020500,White,10/2021,0,0,0.667,
Census Tract,09001020500,White,11/2021,0,0,0,
Census Tract,09001020500,White,12/2021,1,0,0.333,
Census Tract,09001020500,White,01/2022,0,0,0.333,
Census Tract,09001020500,White,02/2022,0,0.5,0.667,
Census Tract,09001020500,White,03/2022,0,1.5,0,
Census Tract,09001020500,White,04/2022,0,0,0,
Census Tract,09001020500,White,05/2022,0,0,0.333,
Census Tract,09001020500,White,06/2022,0,0,1.333,
Census Tract,09001020500,White,07/2022,0,0.5,0.333,
Census Tract,09001020500,White,08/2022,0,0,0,
Census Tract,09001020500,White,09/2022,0,0.5,0.333,
Census Tract,09001020500,White,10/2022,0,0,0.667,
Census Tract,09001020500,White,11/2022,0,0,0,
Census Tract,09001020500,White,12/2022,1,0,0.333,
Census Tract,09001020500,White,01/2023,0,0,0.333,
Census Tract,09001020500,White,02/2023,0,0.5,0.667,
Census Tract,09001020500,White,03/2023,1,1.5,0,
Census Tract,09001020500,White,04/2023,0,0,0,
Census Tract,09001020500,White,05/2023,0,0,0.333,
Census Tract,09001020500,White,06/2023,0,0,1.333,
Census Tract,09001020500,White,07/2023,0,0.5,0.333,
Census Tract,09001020500,White,08/2023,0,0,0,
Census Tract,09001020500,White,09/2023,1,0.5,0.333,
Census Tract,09001020500,White,10/2023,0,0,0.667,
Census Tract,09001020500,White,11/2023,0,0,0,
Census Tract,09001020500,White,12/2023,0,0,0.333,
Census Tract,09001020500,White,01/2024,0,0,0.333,
Census Tract,09001020500,White,02/2024,1,0.5,0.667,
Census Tract,09001020500,White,03/2024,2,1.5,0,
Census Tract,09001020500,White,04/2024,0,0,0,
Census Tract,09001020500,White,05/2024,0,0,0.333,
Census Tract,09001020500,White,06/2024,0,0,1.333,
Census Tract,09001020500,White,07/2024,1,0.5,0.333,
Census Tract,09001020500,White,08/2024,0,0,0,
Census Tract,09001020500,White,09/2024,0,0.5,0.333,
Census Tract,09001020500,White,10/2024,0,0,0.667,
Census Tract,09001020500,White,11/2024,0,0,0,
Census Tract,09001020500,White,12/2024,0,0,0.333,
Census Tract,09001020500,White,01/2025,0,0,0.333,
Census Tract,09001020500,White,02/2025,0,0.5,0.667,
Census Tract,09001020500,White,03/2025,0,1.5,0,
Census Tract,09001020500,White,04/2025,0,0,0,
Census Tract,09001020500,White,05/2025,0,0,0.333,
Census Tract,09001020500,White,06/2025,0,0,1.333,
Census Tract,09001020500,White,07/2025,0,0.5,0.333,
Census Tract,09001020500,White,08/2025,0,0,0,
Census Tract,09001020500,White,09/2025,0,0.5,0.333,
Census Tract,09001020500,White,10/2025,0,0,0.333,2025-10-04
Census Tract,09001020600,White,01/2020,0,0.5,0,
Census Tract,09001020600,White,02/2020,0,0,0,
Census Tract,09001020600,White,03/2020,0,0.5,0,
Census Tract,09001020600,White,04/2020,0,0,0,
Census Tract,09001020600,White,05/2020,0,0.5,1,
Census Tract,09001020600,White,06/2020,0,0,0,
Census Tract,09001020600,White,07/2020,0,1,0.333,
Census Tract,09001020600,White,08/2020,0,0,0.667,
Census Tract,09001020600,White,09/2020,0,0,0.667,
Census Tract,09001020600,White,10/2020,0,0.5,0.667,
Census Tract,09001020600,White,11/2020,0,1,0.667,
Census Tract,09001020600,White,12/2020,0,0,1,
Census Tract,09001020600,White,01/2021,0,0.5,0,
Census Tract,09001020600,White,02/2021,0,0,0,
Census Tract,09001020600,White,03/2021,0,0.5,0,
Census Tract,09001020600,White,04/2021,0,0,0,
Census Tract,09001020600,White,05/2021,0,0.5,1,
Census Tract,09001020600,White,06/2021,0,0,0,
Census Tract,09001020600,White,07/2021,0,1,0.333,
Census Tract,09001020600,White,08/2021,0,0,0.667,
Census Tract,09001020600,White,09/2021,0,0,0.667,
Census Tract,09001020600,White,10/2021,0,0.5,0.667,
Census Tract,09001020600,White,11/2021,0,1,0.667,
Census Tract,09001020600,White,12/2021,0,0,1,
Census Tract,09001020600,White,01/2022,1,0.5,0,
Census Tract,09001020600,White,02/2022,0,0,0,
Census Tract,09001020600,White,03/2022,0,0.5,0,
Census Tract,09001020600,White,04/2022,0,0,0,
Census Tract,09001020600,White,05/2022,0,0.5,1,
Census Tract,09001020600,White,06/2022,1,0,0,
Census Tract,09001020600,White,07/2022,1,1,0.333,
Census Tract,09001020600,White,08/2022,1,0,0.667,
Census Tract,09001020600,White,09/2022,0,0,0.667,
Census Tract,09001020600,White,10/2022,0,0.5,0.667,
Census Tract,09001020600,White,11/2022,1,1,0.667,
Census Tract,09001020600,White,12/2022,1,0,1,
Census Tract,09001020600,White,01/2023,1,0.5,0,
Census Tract,09001020600,White,02/2023,0,0,0,
Census Tract,09001020600,White,03/2023,0,0.5,0,
Census Tract,09001020600,White,04/2023,0,0,0,
Census Tract,09001020600,White,05/2023,1,0.5,1,
Census Tract,09001020600,White,06/2023,0,0,0,
Census Tract,09001020600,White,07/2023,1,1,0.333,
Census Tract,09001020600,White,08/2023,0,0,0.667,
Census Tract,09001020600,White,09/2023,0,0,0.667,
Census Tract,09001020600,White,10/2023,0,0.5,0.667,
Census Tract,09001020600,White,11/2023,2,1,0.667,
Census Tract,09001020600,White,12/2023,0,0,1,
Census Tract,09001020600,White,01/2024,0,0.5,0,
Census Tract,09001020600,White,02/2024,0,0,0,
Census Tract,09001020600,White,03/2024,1,0.5,0,
Census Tract,09001020600,White,04/2024,0,0,0,
Census Tract,09001020600,White,05/2024,0,0.5,1,
Census Tract,09001020600,White,06/2024,0,0,0,
Census Tract,09001020600,White,07/2024,1,1,0.333,
Census Tract,09001020600,White,08/2024,0,0,0.667,
Census Tract,09001020600,White,09/2024,0,0,0.667,
Census Tract,09001020600,White,10/2024,1,0.5,0.667,
Census Tract,09001020600,White,11/2024,0,1,0.667,
Census Tract,09001020600,White,12/2024,0,0,1,
Census Tract,09001020600,White,01/2025,1,0.5,0,
Census Tract,09001020600,White,02/2025,0,0,0,
Census Tract,09001020600,White,03/2025,1,0.5,0,
Census Tract,09001020600,White,04/2025,0,0,0,
Census Tract,09001020600,White,05/2025,0,0.5,1,
Census Tract,09001020600,White,06/2025,0,0,0,
Census Tract,09001020600,White,07/2025,0,1,0.333,
Census Tract,09001020600,White,08/2025,0,0,0.667,
Census Tract,09001020600,White,09/2025,0,0,0.667,
Census Tract,09001020600,White,10/2025,0,0,0,2025-10-04
Census Tract,09001020700,White,01/2020,1,1,0,
Census Tract,09001020700,White,02/2020,0,0,0,
Census Tract,09001020700,White,03/2020,0,0,0,
Census Tract,09001020700,White,04/2020,0,0,0.333,
Census Tract,09001020700,White,05/2020,0,0.5,0.333,
Census Tract,09001020700,White,06/2020,0,0,0,
Census Tract,09001020700,White,07/2020,0,0,0,
Census Tract,09001020700,White,08/2020,0,0.5,0.333,
Census Tract,09001020700,White,09/2020,0,0.5,0.667,
Census Tract,09001020700,White,10/2020,0,0.5,0.333,
Census Tract,09001020700,White,11/2020,0,0.5,0.667,
Census Tract,09001020700,White,12/2020,0,0,0.667,
Census Tract,09001020700,White,01/2021,0,1,0,
Census Tract,09001020700,White,02/2021,0,0,0,
Census Tract,09001020700,White,03/2021,0,0,0,
Census Tract,09001020700,White,04/2021,0,0,0.333,
Census Tract,09001020700,White,05/2021,0,0.5,0.333,
Census Tract,09001020700,White,06/2021,0,0,0,
Census Tract,09001020700,White,07/2021,0,0,0,
Census Tract,09001020700,White,08/2021,0,0.5,0.333,
Census Tract,09001020700,White,09/2021,0,0.5,0.667,
Census Tract,09001020700,White,10/2021,0,0.5,0.333,
Census Tract,09001020700,White,11/2021,2,0.5,0.667,
Census Tract,09001020700,White,12/2021,0,0,0.667,
Census Tract,09001020700,White,01/2022,0,1,0,
Census Tract,09001020700,White,02/2022,0,0,0,
Census Tract,09001020700,White,03/2022,0,0,0,
Census Tract,09001020700,White,04/2022,1,0,0.333,
Census Tract,09001020700,White,05/2022,0,0.5,0.333,
Census Tract,09001020700,White,06/2022,0,0,0,
Census Tract,09001020700,White,07/2022,0,0,0,
Census Tract,09001020700,White,08/2022,0,0.5,0.333,
Census Tract,09001020700,White,09/2022,1,0.5,0.667,
Census Tract,09001020700,White,10/2022,0,0.5,0.333,
Census Tract,09001020700,White,11/2022,1,0.5,0.667,
Census Tract,09001020700,White,12/2022,1,0,0.667,
Census Tract,09001020700,White,01/2023,2,1,0,
Census Tract,09001020700,White,02/2023,0,0,0,
Census Tract,09001020700,White,03/2023,0,0,0,
Census Tract,09001020700,White,04/2023,0,0,0.333,
Census Tract,09001020700,White,05/2023,1,0.5,0.333,
Census Tract,09001020700,White,06/2023,0,0,0,
Census Tract,09001020700,White,07/2023,0,0,0,
Census Tract,09001020700,White,08/2023,1,0.5,0.333,
Census Tract,09001020700,White,09/2023,1,0.5,0.667,
Census Tract,09001020700,White,10/2023,0,0.5,0.333,
Census Tract,09001020700,White,11/2023,1,0.5,0.667,
Census Tract,09001020700,White,12/2023,0,0,0.667,
Census Tract,09001020700,White,01/2024,0,1,0,
Census Tract,09001020700,White,02/2024,0,0,0,
Census Tract,09001020700,White,03/2024,0,0,0,
Census Tract,09001020700,White,04/2024,0,0,0.333,
Census Tract,09001020700,White,05/2024,0,0.5,0.333,
Census Tract,09001020700,White,06/2024,0,0,0,
Census Tract,09001020700,White,07/2024,0,0,0,
Census Tract,09001020700,White,08/2024,0,0.5,0.333,
Census Tract,09001020700,White,09/2024,0,0.5,0.667,
Census Tract,09001020700,White,10/2024,1,0.5,0.333,
Census Tract,09001020700,White,11/2024,0,0.5,0.667,
Census Tract,09001020700,White,12/2024,0,0,0.667,
Census Tract,09001020700,White,01/2025,0,1,0,
Census Tract,09001020700,White,02/2025,0,0,0,
Census Tract,09001020700,White,03/2025,0,0,0,
Census Tract,09001020700,White,04/2025,1,0,0.333,
Census Tract,09001020700,White,05/2025,1,0.5,0.333,
Census Tract,09001020700,White,06/2025,0,0,0,
Census Tract,09001020700,White,07/2025,1,0,0,
Census Tract,09001020700,White,08/2025,0,0.5,0.333,
Census Tract,09001020700,White,09/2025,0,0.5,0.667,
Census Tract,09001020700,White,10/2025,0,0,0,2025-10-04
Census Tract,09001020800,White,01/2020,0,0,0.333,
Census Tract,09001020800,White,02/2020,0,0.5,0.333,
Census Tract,09001020800,White,03/2020,0,0,0,
Census Tract,09001020800,White,04/2020,0,0,0.333,
Census Tract,09001020800,White,05/2020,0,0,0,
Census Tract,09001020800,White,06/2020,0,1,0,
Census Tract,09001020800,White,07/2020,0,0.5,0.667,
Census Tract,09001020800,White,08/2020,0,0,0.667,
Census Tract,09001020800,White,09/2020,0,0,0,
Census Tract,09001020800,White,10/2020,0,0,0,
Census Tract,09001020800,White,11/2020,0,0,0.333,
Census Tract,09001020800,White,12/2020,0,0,0,
Census Tract,09001020800,White,01/2021,0,0,0.333,
Census Tract,09001020800,White,02/2021,0,0.5,0.333,
Census Tract,09001020800,White,03/2021,0,0,0,
Census Tract,09001020800,White,04/2021,0,0,0.333,
Census Tract,09001020800,White,05/2021,0,0,0,
Census Tract,09001020800,White,06/2021,1,1,0,
Census Tract,09001020800,White,07/2021,0,0.5,0.667,
Census Tract,09001020800,White,08/2021,0,0,0.667,
Census Tract,09001020800,White,09/2021,0,0,0,
Census Tract,09001020800,White,10/2021,0,0,0,
Census Tract,09001020800,White,11/2021,0,0,0.333,
Census Tract,09001020800,White,12/2021,0,0,0,
Census Tract,09001020800,White,01/2022,0,0,0.333,
Census Tract,09001020800,White,02/2022,0,0.5,0.333,
Census Tract,09001020800,White,03/2022,1,0,0,
Census Tract,09001020800,White,04/2022,0,0,0.333,
Census Tract,09001020800,White,05/2022,0,0,0,
Census Tract,09001020800,White,06/2022,0,1,0,
Census Tract,09001020800,White,07/2022,1,0.5,0.667,
Census Tract,09001020800,White,08/2022,0,0,0.667,
Census Tract,09001020800,White,09/2022,0,0,0,
Census Tract,09001020800,White,10/2022,0,0,0,
Census Tract,09001020800,White,11/2022,0,0,0.333,
Census Tract,09001020800,White,12/2022,0,0,0,
Census Tract,09001020800,White,01/2023,0,0,0.333,
Census Tract,09001020800,White,02/2023,1,0.5,0.333,
Census Tract,09001020800,White,03/2023,0,0,0,
Census Tract,09001020800,White,04/2023,0,0,0.333,
Census Tract,09001020800,White,05/2023,0,0,0,
Census Tract,09001020800,White,06/2023,2,1,0,
Census Tract,09001020800,White,07/2023,0,0.5,0.667,
Census Tract,09001020800,White,08/2023,0,0,0.667,
Census Tract,09001020800,White,09/2023,0,0,0,
Census Tract,09001020800,White,10/2023,0,0,0,
Census Tract,09001020800,White,11/2023,0,0,0.333,
Census Tract,09001020800,White,12/2023,0,0,0,
Census Tract,09001020800,White,01/2024,0,0,0.333,
Census Tract,09001020800,White,02/2024,0,0.5,0.333,
Census Tract,09001020800,White,03/2024,0,0,0,
Census Tract,09001020800,White,04/2024,0,0,0.333,
Census Tract,09001020800,White,05/2024,0,0,0,
Census Tract,09001020800,White,06/2024,0,1,0,
Census Tract,09001020800,White,07/2024,1,0.5,0.667,
Census Tract,09001020800,White,08/2024,0,0,0.667,
Census Tract,09001020800,White,09/2024,0,0,0,
Census Tract,09001020800,White,10/2024,0,0,0,
Census Tract,09001020800,White,11/2024,0,0,0.333,
Census Tract,09001020800,White,12/2024,0,0,0,
Census Tract,09001020800,White,01/2025,1,0,0.333,
Census Tract,09001020800,White,02/2025,0,0.5,0.333,
Census Tract,09001020800,White,03/2025,0,0,0,
Census Tract,09001020800,White,04/2025,0,0,0.333,
Census Tract,09001020800,White,05/2025,0,0,0,
Census Tract,09001020800,White,06/2025,1,1,0,
Census Tract,09001020800,White,07/2025,0,0.5,0.667,
Census Tract,09001020800,White,08/2025,0,0,0.667,
Census Tract,09001020800,White,09/2025,0,0,0,
Census Tract,09001020800,White,10/2025,0,0,0,2025-10-04
Census Tract,09001020900,White,01/2020,1,2,1.667,
Census Tract,09001020900,White,02/2020,0,0.5,0.333,
Census Tract,09001020900,White,03/2020,1,1.5,2,
Census Tract,09001020900,White,04/2020,0,2.5,1.667,
Census Tract,09001020900,White,05/2020,0,1.5,0.667,
Census Tract,09001020900,White,06/2020,0,1.5,0.667,
Census Tract,09001020900,White,07/2020,0,1.5,1,
Census Tract,09001020900,White,08/2020,0,1.5,2,
Census Tract,09001020900,White,09/2020,0,2.5,1.333,
Census Tract,09001020900,White,10/2020,1,2,1.667,
Census Tract,09001020900,White,11/2020,1,1,1.333,
Census Tract,09001020900,White,12/2020,1,1,0.667,
Census Tract,09001020900,White,01/2021,0,2,1.667,
Census Tract,09001020900,White,02/2021,0,0.5,0.333,
Census Tract,09001020900,White,03/2021,0,1.5,2,
Census Tract,09001020900,White,04/2021,3,2.5,1.667,
Census Tract,09001020900,White,05/2021,1,1.5,0.667,
Census Tract,09001020900,White,06/2021,0,1.5,0.667,
Census Tract,09001020900,White,07/2021,0,1.5,1,
Census Tract,09001020900,White,08/2021,1,1.5,2,
Census Tract,09001020900,White,09/2021,3,2.5,1.333,
Census Tract,09001020900,White,10/2021,1,2,1.667,
Census Tract,09001020900,White,11/2021,0,1,1.333,
Census Tract,09001020900,White,12/2021,1,1,0.667,
Census Tract,09001020900,White,01/2022,0,2,1.667,
Census Tract,09001020900,White,02/2022,0,0.5,0.333,
Census Tract,09001020900,White,03/2022,1,1.5,2,
Census Tract,09001020900,White,04/2022,1,2.5,1.667,
Census Tract,09001020900,White,05/2022,0,1.5,0.667,
Census Tract,09001020900,White,06/2022,0,1.5,0.667,
Census Tract,09001020900,White,07/2022,0,1.5,1,
Census Tract,09001020900,White,08/2022,2,1.5,2,
Census Tract,09001020900,White,09/2022,4,2.5,1.333,
Census Tract,09001020900,White,10/2022,0,2,1.667,
Census Tract,09001020900,White,11/2022,2,1,1.333,
Census Tract,09001020900,White,12/2022,0,1,0.667,
Census Tract,09001020900,White,01/2023,4,2,1.667,
Census Tract,09001020900,White,02/2023,0,0.5,0.333,
Census Tract,09001020900,White,03/2023,3,1.5,2,
Census Tract,09001020900,White,04/2023,3,2.5,1.667,
Census Tract,09001020900,White,05/2023,0,1.5,0.667,
Census Tract,09001020900,White,06/2023,3,1.5,0.667,
Census Tract,09001020900,White,07/2023,1,1.5,1,
Census Tract,09001020900,White,08/2023,2,1.5,2,
Census Tract,09001020900,White,09/2023,5,2.5,1.333,
Census Tract,09001020900,White,10/2023,2,2,1.667,
Census Tract,09001020900,White,11/2023,2,1,1.333,
Census Tract,09001020900,White,12/2023,0,1,0.667,
Census Tract,09001020900,White,01/2024,0,2,1.667,
Census Tract,09001020900,White,02/2024,1,0.5,0.333,
Census Tract,09001020900,White,03/2024,0,1.5,2,
Census Tract,09001020900,White,04/2024,2,2.5,1.667,
Census Tract,09001020900,White,05/2024,3,1.5,0.667,
Census Tract,09001020900,White,06/2024,0,1.5,0.667,
Census Tract,09001020900,White,07/2024,2,1.5,1,
Census Tract,09001020900,White,08/2024,1,1.5,2,
Census Tract,09001020900,White,09/2024,0,2.5,1.333,
Census Tract,09001020900,White,10/2024,2,2,1.667,
Census Tract,09001020900,White,11/2024,0,1,1.333,
Census Tract,09001020900,White,12/2024,2,1,0.667,
Census Tract,09001020900,White,01/2025,0,2,1.667,
Census Tract,09001020900,White,02/2025,0,0.5,0.333,
Census Tract,09001020900,White,03/2025,0,1.5,2,
Census Tract,09001020900,White,04/2025,1,2.5,1.667,
Census Tract,09001020900,White,05/2025,0,1.5,0.667,
Census Tract,09001020900,White,06/2025,0,1.5,0.667,
Census Tract,09001020900,White,07/2025,0,1.5,1,
Census Tract,09001020900,White,08/2025,0,1.5,2,
Census Tract,09001020900,White,09/2025,0,2.5,1.333,
Census Tract,09001020900,White,10/2025,0,0,0.333,2025-10-04
Census Tract,09001021000,White,01/2020,0,0,0,
Census Tract,09001021000,White,02/2020,0,0.5,1,
Census Tract,09001021000,White,03/2020,0,1,0.333,
Census Tract,09001021000,White,04/2020,0,0.5,0,
Census Tract,09001021000,White,05/2020,0,0,0,
Census Tract,09001021000,White,06/2020,0,0.5,0.667,
Census Tract,09001021000,White,07/2020,0,0,0,
Census Tract,09001021000,White,08/2020,0,0,0.333,
Census Tract,09001021000,White,09/2020,0,1,0.333,
Census Tract,09001021000,White,10/2020,1,0.5,0,
Census Tract,09001021000,White,11/2020,0,0,0,
Census Tract,09001021000,White,12/2020,0,0,0,
Census Tract,09001021000,White,01/2021,0,0,0,
Census Tract,09001021000,White,02/2021,0,0.5,1,
Census Tract,09001021000,White,03/2021,0,1,0.333,
Census Tract,09001021000,White,04/2021,0,0.5,0,
Census Tract,09001021000,White,05/2021,0,0,0,
Census Tract,09001021000,White,06/2021,0,0.5,0.667,
Census Tract,09001021000,White,07/2021,0,0,0,
Census Tract,09001021000,White,08/2021,0,0,0.333,
Census Tract,09001021000,White,09/2021,1,1,0.333,
Census Tract,09001021000,White,10/2021,0,0.5,0,
Census Tract,09001021000,White,11/2021,0,0,0,
Census Tract,09001021000,White,12/2021,0,0,0,
Census Tract,09001021000,White,01/2022,0,0,0,
Census Tract,09001021000,White,02/2022,0,0.5,1,
Census Tract,09001021000,White,03/2022,0,1,0.333,
Census Tract,09001021000,White,04/2022,0,0.5,0,
Census Tract,09001021000,White,05/2022,0,0,0,
Census Tract,09001021000,White,06/2022,1,0.5,0.667,
Census Tract,09001021000,White,07/2022,0,0,0,
Census Tract,09001021000,White,08/2022,0,0,0.333,
Census Tract,09001021000,White,09/2022,0,1,0.333,
Census Tract,09001021000,White,10/2022,0,0.5,0,
Census Tract,09001021000,White,11/2022,1,0,0,
Census Tract,09001021000,White,12/2022,0,0,0,
Census Tract,09001021000,White,01/2023,0,0,0,
Census Tract,09001021000,White,02/2023,1,0.5,1,
Census Tract,09001021000,White,03/2023,1,1,0.333,
Census Tract,09001021000,White,04/2023,0,0.5,0,
Census Tract,09001021000,White,05/2023,0,0,0,
Census Tract,09001021000,White,06/2023,1,0.5,0.667,
Census Tract,09001021000,White,07/2023,0,0,0,
Census Tract,09001021000,White,08/2023,0,0,0.333,
Census Tract,09001021000,White,09/2023,1,1,0.333,
Census Tract,09001021000,White,10/2023,0,0.5,0,
Census Tract,09001021000,White,11/2023,0,0,0,
Census Tract,09001021000,White,12/2023,0,0,0,
Census Tract,09001021000,White,01/2024,0,0,0,
Census Tract,09001021000,White,02/2024,0,0.5,1,
Census Tract,09001021000,White,03/2024,1,1,0.333,
Census Tract,09001021000,White,04/2024,1,0.5,0,
Census Tract,09001021000,White,05/2024,0,0,0,
Census Tract,09001021000,White,06/2024,0,0.5,0.667,
Census Tract,09001021000,White,07/2024,0,0,0,
Census Tract,09001021000,White,08/2024,0,0,0.333,
Census Tract,09001021000,White,09/2024,1,1,0.333,
Census Tract,09001021000,White,10/2024,1,0.5,0,
Census Tract,09001021000,White,11/2024,0,0,0,
Census Tract,09001021000,White,12/2024,0,0,0,
Census Tract,09001021000,White,01/2025,0,0,0,
Census Tract,09001021000,White,02/2025,0,0.5,1,
Census Tract,09001021000,White,03/2025,0,1,0.333,
Census Tract,09001021000,White,04/2025,1,0.5,0,
Census Tract,09001021000,White,05/2025,0,0,0,
Census Tract,09001021000,White,06/2025,0,0.5,0.667,
Census Tract,09001021000,White,07/2025,0,0,0,
Census Tract,09001021000,White,08/2025,0,0,0.333,
Census Tract,09001021000,White,09/2025,0,1,0.333,
Census Tract,09001021000,White,10/2025,0,0,0,2025-10-04
Census Tract,09001021100,Other,01/2020,1,2.5,0.667,
Census Tract,09001021100,Other,02/2020,3,1,0.333,
Census Tract,09001021100,Other,03/2020,1,2.5,1.333,
Census Tract,09001021100,Other,04/2020,0,2,1.667,
Census Tract,09001021100,Other,05/2020,0,2.5,0.667,
Census Tract,09001021100,Other,06/2020,0,2,1.333,
Census Tract,09001021100,Other,07/2020,0,1,1,
Census Tract,09001021100,Other,08/2020,0,1,2,
Census Tract,09001021100,Other,09/2020,0,2,0.667,
Census Tract,09001021100,Other,10/2020,0,3,2,
Census Tract,09001021100,Other,11/2020,0,1,0.667,
Census Tract,09001021100,Other,12/2020,0,1.5,1,
Census Tract,09001021100,Other,01/2021,1,2.5,0.667,
Census Tract,09001021100,Other,02/2021,0,1,0.333,
Census Tract,09001021100,Other,03/2021,1,2.5,1.333,
Census Tract,09001021100,Other,04/2021,0,2,1.667,
Census Tract,09001021100,Other,05/2021,1,2.5,0.667,
Census Tract,09001021100,Other,06/2021,0,2,1.333,
Census Tract,09001021100,Other,07/2021,1,1,1,
Census Tract,09001021100,Other,08/2021,0,1,2,
Census Tract,09001021100,Other,09/2021,1,2,0.667,
Census Tract,09001021100,Other,10/2021,0,3,2,
Census Tract,09001021100,Other,11/2021,2,1,0.667,
Census Tract,09001021100,Other,12/2021,1,1.5,1,
Census Tract,09001021100,Other,01/2022,1,2.5,0.667,
Census Tract,09001021100,Other,02/2022,3,1,0.333,
Census Tract,09001021100,Other,03/2022,6,2.5,1.333,
Census Tract,09001021100,Other,04/2022,2,2,1.667,
Census Tract,09001021100,Other,05/2022,0,2.5,0.667,
Census Tract,09001021100,Other,06/2022,1,2,1.333,
Census Tract,09001021100,Other,07/2022,5,1,1,
Census Tract,09001021100,Other,08/2022,2,1,2,
Census Tract,09001021100,Other,09/2022,5,2,0.667,
Census Tract,09001021100,Other,10/2022,2,3,2,
Census Tract,09001021100,Other,11/2022,1,1,0.667,
Census Tract,09001021100,Other,12/2022,1,1.5,1,
Census Tract,09001021100,Other,01/2023,3,2.5,0.667,
Census Tract,09001021100,Other,02/2023,1,1,0.333,
Census Tract,09001021100,Other,03/2023,4,2.5,1.333,
Census Tract,09001021100,Other,04/2023,1,2,1.667,
Census Tract,09001021100,Other,05/2023,3,2.5,0.667,
Census Tract,09001021100,Other,06/2023,1,2,1.333,
Census Tract,09001021100,Other,07/2023,2,1,1,
Census Tract,09001021100,Other,08/2023,1,1,2,
Census Tract,09001021100,Other,09/2023,3,2,0.667,
Census Tract,09001021100,Other,10/2023,4,3,2,
Census Tract,09001021100,Other,11/2023,1,1,0.667,
Census Tract,09001021100,Other,12/2023,1,1.5,1,
Census Tract,09001021100,Other,01/2024,2,2.5,0.667,
Census Tract,09001021100,Other,02/2024,1,1,0.333,
Census Tract,09001021100,Other,03/2024,1,2.5,1.333,
Census Tract,09001021100,Other,04/2024,3,2,1.667,
Census Tract,09001021100,Other,05/2024,2,2.5,0.667,
Census Tract,09001021100,Other,06/2024,3,2,1.333,
Census Tract,09001021100,Other,07/2024,0,1,1,
Census Tract,09001021100,Other,08/2024,1,1,2,
Census Tract,09001021100,Other,09/2024,1,2,0.667,
Census Tract,09001021100,Other,10/2024,2,3,2,
Census Tract,09001021100,Other,11/2024,1,1,0.667,
Census Tract,09001021100,Other,12/2024,2,1.5,1,
Census Tract,09001021100,Other,01/2025,0,2.5,0.667,
Census Tract,09001021100,Other,02/2025,0,1,0.333,
Census Tract,09001021100,Other,03/2025,4,2.5,1.333,
Census Tract,09001021100,Other,04/2025,0,2,1.667,
Census Tract,09001021100,Other,05/2025,0,2.5,0.667,
Census Tract,09001021100,Other,06/2025,2,2,1.333,
Census Tract,09001021100,Other,07/2025,2,1,1,
Census Tract,09001021100,Other,08/2025,0,1,2,
Census Tract,09001021100,Other,09/2025,1,2,0.667,
Census Tract,09001021100,Other,10/2025,0,1,0.333,2025-10-04
Census Tract,09001021200,White,01/2020,0,0,0,
Census Tract,09001021200,White,02/2020,1,0.5,0,
Census Tract,09001021200,White,03/2020,0,1,0.333,
Census Tract,09001021200,White,04/2020,0,1,0,
Census Tract,09001021200,White,05/2020,0,0,0,
Census Tract,09001021200,White,06/2020,0,0,0.333,
Census Tract,09001021200,White,07/2020,0,0.5,1,
Census Tract,09001021200,White,08/2020,0,0,0.333,
Census Tract,09001021200,White,09/2020,0,0,1,
Census Tract,09001021200,White,10/2020,0,0,0,
Census Tract,09001021200,White,11/2020,0,0.5,0,
Census Tract,09001021200,White,12/2020,0,0,0,
Census Tract,09001021200,White,01/2021,0,0,0,
Census Tract,09001021200,White,02/2021,1,0.5,0,
Census Tract,09001021200,White,03/2021,0,1,0.333,
Census Tract,09001021200,White,04/2021,0,1,0,
Census Tract,09001021200,White,05/2021,0,0,0,
Census Tract,09001021200,White,06/2021,0,0,0.333,
Census Tract,09001021200,White,07/2021,0,0.5,1,
Census Tract,09001021200,White,08/2021,0,0,0.333,
Census Tract,09001021200,White,09/2021,0,0,1,
Census Tract,09001021200,White,10/2021,1,0,0,
Census Tract,09001021200,White,11/2021,0,0.5,0,
Census Tract,09001021200,White,12/2021,0,0,0,
Census Tract,09001021200,White,01/2022,0,0,0,
Census Tract,09001021200,White,02/2022,0,0.5,0,
Census Tract,09001021200,White,03/2022,0,1,0.333,
Census Tract,09001021200,White,04/2022,1,1,0,
Census Tract,09001021200,White,05/2022,0,0,0,
Census Tract,09001021200,White,06/2022,0,0,0.333,
Census Tract,09001021200,White,07/2022,1,0.5,1,
Census Tract,09001021200,White,08/2022,0,0,0.333,
Census Tract,09001021200,White,09/2022,0,0,1,
Census Tract,09001021200,White,10/2022,0,0,0,
Census Tract,09001021200,White,11/2022,0,0.5,0,
Census Tract,09001021200,White,12/2022,0,0,0,
Census Tract,09001021200,White,01/2023,0,0,0,
Census Tract,09001021200,White,02/2023,0,0.5,0,
Census Tract,09001021200,White,03/2023,0,1,0.333,
Census Tract,09001021200,White,04/2023,1,1,0,
Census Tract,09001021200,White,05/2023,0,0,0,
Census Tract,09001021200,White,06/2023,0,0,0.333,
Census Tract,09001021200,White,07/2023,0,0.5,1,
Census Tract,09001021200,White,08/2023,0,0,0.333,
Census Tract,09001021200,White,09/2023,0,0,1,
Census Tract,09001021200,White,10/2023,0,0,0,
Census Tract,09001021200,White,11/2023,1,0.5,0,
Census Tract,09001021200,White,12/2023,0,0,0,
Census Tract,09001021200,White,01/2024,0,0,0,
Census Tract,09001021200,White,02/2024,1,0.5,0,
Census Tract,09001021200,White,03/2024,2,1,0.333,
Census Tract,09001021200,White,04/2024,1,1,0,
Census Tract,09001021200,White,05/2024,0,0,0,
Census Tract,09001021200,White,06/2024,0,0,0.333,
Census Tract,09001021200,White,07/2024,1,0.5,1,
Census Tract,09001021200,White,08/2024,0,0,0.333,
Census Tract,09001021200,White,09/2024,0,0,1,
Census Tract,09001021200,White,10/2024,0,0,0,
Census Tract,09001021200,White,11/2024,0,0.5,0,
Census Tract,09001021200,White,12/2024,0,0,0,
Census Tract,09001021200,White,01/2025,0,0,0,
Census Tract,09001021200,White,02/2025,0,0.5,0,
Census Tract,09001021200,White,03/2025,1,1,0.333,
Census Tract,09001021200,White,04/2025,1,1,0,
Census Tract,09001021200,White,05/2025,1,0,0,
Census Tract,09001021200,White,06/2025,0,0,0.333,
Census Tract,09001021200,White,07/2025,0,0.5,1,
Census Tract,09001021200,White,08/2025,0,0,0.333,
Census Tract,09001021200,White,09/2025,1,0,1,
Census Tract,09001021200,White,10/2025,0,0,0,2025-10-04
Census Tract,09001021300,Other,01/2020,0,0,1,
Census Tract,09001021300,Other,02/2020,1,1,0.667,
Census Tract,09001021300,Other,03/2020,0,1.5,1.667,
Census Tract,09001021300,Other,04/2020,0,1.5,1,
Census Tract,09001021300,Other,05/2020,0,0.5,0.667,
Census Tract,09001021300,Other,06/2020,0,0.5,0.333,
Census Tract,09001021300,Other,07/2020,1,1.5,0.667,
Census Tract,09001021300,Other,08/2020,0,0,1.667,
Census Tract,09001021300,Other,09/2020,0,0.5,0,
Census Tract,09001021300,Other,10/2020,0,0,1.667,
Census Tract,09001021300,Other,11/2020,0,0,0.667,
Census Tract,09001021300,Other,12/2020,0,0,1,
Census Tract,09001021300,Other,01/2021,1,0,1,
Census Tract,09001021300,Other,02/2021,0,1,0.667,
Census Tract,09001021300,Other,03/2021,0,1.5,1.667,
Census Tract,09001021300,Other,04/2021,1,1.5,1,
Census Tract,09001021300,Other,05/2021,0,0.5,0.667,
Census Tract,09001021300,Other,06/2021,0,0.5,0.333,
Census Tract,09001021300,Other,07/2021,0,1.5,0.667,
Census Tract,09001021300,Other,08/2021,0,0,1.667,
Census Tract,09001021300,Other,09/2021,1,0.5,0,
Census Tract,09001021300,Other,10/2021,0,0,1.667,
Census Tract,09001021300,Other,11/2021,0,0,0.667,
Census Tract,09001021300,Other,12/2021,1,0,1,
Census Tract,09001021300,Other,01/2022,1,0,1,
Census Tract,09001021300,Other,02/2022,2,1,0.667,
Census Tract,09001021300,Other,03/2022,2,1.5,1.667,
Census Tract,09001021300,Other,04/2022,0,1.5,1,
Census Tract,09001021300,Other,05/2022,1,0.5,0.667,
Census Tract,09001021300,Other,06/2022,0,0.5,0.333,
Census Tract,09001021300,Other,07/2022,1,1.5,0.667,
Census Tract,09001021300,Other,08/2022,1,0,1.667,
Census Tract,09001021300,Other,09/2022,2,0.5,0,
Census Tract,09001021300,Other,10/2022,0,0,1.667,
Census Tract,09001021300,Other,11/2022,0,0,0.667,
Census Tract,09001021300,Other,12/2022,0,0,1,
Census Tract,09001021300,Other,01/2023,0,0,1,
Census Tract,09001021300,Other,02/2023,0,1,0.667,
Census Tract,09001021300,Other,03/2023,1,1.5,1.667,
Census Tract,09001021300,Other,04/2023,2,1.5,1,
Census Tract,09001021300,Other,05/2023,0,0.5,0.667,
Census Tract,09001021300,Other,06/2023,0,0.5,0.333,
Census Tract,09001021300,Other,07/2023,1,1.5,0.667,
Census Tract,09001021300,Other,08/2023,0,0,1.667,
Census Tract,09001021300,Other,09/2023,1,0.5,0,
Census Tract,09001021300,Other,10/2023,0,0,1.667,
Census Tract,09001021300,Other,11/2023,0,0,0.667,
Census Tract,09001021300,Other,12/2023,0,0,1,
Census Tract,09001021300,Other,01/2024,0,0,1,
Census Tract,09001021300,Other,02/2024,2,1,0.667,
Census Tract,09001021300,Other,03/2024,2,1.5,1.667,
Census Tract,09001021300,Other,04/2024,1,1.5,1,
Census Tract,09001021300,Other,05/2024,1,0.5,0.667,
Census Tract,09001021300,Other,06/2024,1,0.5,0.333,
Census Tract,09001021300,Other,07/2024,2,1.5,0.667,
Census Tract,09001021300,Other,08/2024,0,0,1.667,
Census Tract,09001021300,Other,09/2024,0,0.5,0,
Census Tract,09001021300,Other,10/2024,0,0,1.667,
Census Tract,09001021300,Other,11/2024,0,0,0.667,
Census Tract,09001021300,Other,12/2024,0,0,1,
Census Tract,09001021300,Other,01/2025,2,0,1,
Census Tract,09001021300,Other,02/2025,2,1,0.667,
Census Tract,09001021300,Other,03/2025,0,1.5,1.667,
Census Tract,09001021300,Other,04/2025,0,1.5,1,
Census Tract,09001021300,Other,05/2025,1,0.5,0.667,
Census Tract,09001021300,Other,06/2025,1,0.5,0.333,
Census Tract,09001021300,Other,07/2025,0,1.5,0.667,
Census Tract,09001021300,Other,08/2025,0,0,1.667,
Census Tract,09001021300,Other,09/2025,2,0.5,0,
Census Tract,09001021300,Other,10/2025,0,0,0.333,2025-10-04
Census Tract,09001021401,Hispanic,01/2020,0,2,1.667,
Census Tract,09001021401,Hispanic,02/2020,0,1,2,
Census Tract,09001021401,Hispanic,03/2020,1,2.5,1.333,
Census Tract,09001021401,Hispanic,04/2020,0,3,2,
Census Tract,09001021401,Hispanic,05/2020,0,1.5,0,
Census Tract,09001021401,Hispanic,06/2020,0,1,1.667,
Census Tract,09001021401,Hispanic,07/2020,0,2,0.667,
Census Tract,09001021401,Hispanic,08/2020,0,1.5,1.333,
Census Tract,09001021401,Hispanic,09/2020,0,0.5,0.667,
Census Tract,09001021401,Hispanic,10/2020,0,1.5,0.667,
Census Tract,09001021401,Hispanic,11/2020,0,1,1.667,
Census Tract,09001021401,Hispanic,12/2020,1,1.5,1.667,
Census Tract,09001021401,Hispanic,01/2021,0,2,1.667,
Census Tract,09001021401,Hispanic,02/2021,1,1,2,
Census Tract,09001021401,Hispanic,03/2021,1,2.5,1.333,
Census Tract,09001021401,Hispanic,04/2021,0,3,2,
Census Tract,09001021401,Hispanic,05/2021,0,1.5,0,
Census Tract,09001021401,Hispanic,06/2021,0,1,1.667,
Census Tract,09001021401,Hispanic,07/2021,0,2,0.667,
Census Tract,09001021401,Hispanic,08/2021,3,1.5,1.333,
Census Tract,09001021401,Hispanic,09/2021,1,0.5,0.667,
Census Tract,09001021401,Hispanic,10/2021,0,1.5,0.667,
Census Tract,09001021401,Hispanic,11/2021,0,1,1.667,
Census Tract,09001021401,Hispanic,12/2021,0,1.5,1.667,
Census Tract,09001021401,Hispanic,01/2022,0,2,1.667,
Census Tract,09001021401,Hispanic,02/2022,1,1,2,
Census Tract,09001021401,Hispanic,03/2022,4,2.5,1.333,
Census Tract,09001021401,Hispanic,04/2022,1,3,2,
Census Tract,09001021401,Hispanic,05/2022,2,1.5,0,
Census Tract,09001021401,Hispanic,06/2022,0,1,1.667,
Census Tract,09001021401,Hispanic,07/2022,3,2,0.667,
Census Tract,09001021401,Hispanic,08/2022,2,1.5,1.333,
Census Tract,09001021401,Hispanic,09/2022,1,0.5,0.667,
Census Tract,09001021401,Hispanic,10/2022,0,1.5,0.667,
Census Tract,09001021401,Hispanic,11/2022,3,1,1.667,
Census Tract,09001021401,Hispanic,12/2022,2,1.5,1.667,
Census Tract,09001021401,Hispanic,01/2023,3,2,1.667,
Census Tract,09001021401,Hispanic,02/2023,2,1,2,
Census Tract,09001021401,Hispanic,03/2023,0,2.5,1.333,
Census Tract,09001021401,Hispanic,04/2023,1,3,2,
Census Tract,09001021401,Hispanic,05/2023,2,1.5,0,
Census Tract,09001021401,Hispanic,06/2023,0,1,1.667,
Census Tract,09001021401,Hispanic,07/2023,2,2,0.667,
Census Tract,09001021401,Hispanic,08/2023,1,1.5,1.333,
Census Tract,09001021401,Hispanic,09/2023,1,0.5,0.667,
Census Tract,09001021401,Hispanic,10/2023,3,1.5,0.667,
Census Tract,09001021401,Hispanic,11/2023,1,1,1.667,
Census Tract,09001021401,Hispanic,12/2023,1,1.5,1.667,
Census Tract,09001021401,Hispanic,01/2024,1,2,1.667,
Census Tract,09001021401,Hispanic,02/2024,0,1,2,
Census Tract,09001021401,Hispanic,03/2024,5,2.5,1.333,
Census Tract,09001021401,Hispanic,04/2024,5,3,2,
Census Tract,09001021401,Hispanic,05/2024,1,1.5,0,
Census Tract,09001021401,Hispanic,06/2024,2,1,1.667,
Census Tract,09001021401,Hispanic,07/2024,2,2,0.667,
Census Tract,09001021401,Hispanic,08/2024,2,1.5,1.333,
Census Tract,09001021401,Hispanic,09/2024,0,0.5,0.667,
Census Tract,09001021401,Hispanic,10/2024,0,1.5,0.667,
Census Tract,09001021401,Hispanic,11/2024,1,1,1.667,
Census Tract,09001021401,Hispanic,12/2024,2,1.5,1.667,
Census Tract,09001021401,Hispanic,01/2025,2,2,1.667,
Census Tract,09001021401,Hispanic,02/2025,4,1,2,
Census Tract,09001021401,Hispanic,03/2025,1,2.5,1.333,
Census Tract,09001021401,Hispanic,04/2025,2,3,2,
Census Tract,09001021401,Hispanic,05/2025,5,1.5,0,
Census Tract,09001021401,Hispanic,06/2025,2,1,1.667,
Census Tract,09001021401,Hispanic,07/2025,3,2,0.667,
Census Tract,09001021401,Hispanic,08/2025,0,1.5,1.333,
Census Tract,09001021401,Hispanic,09/2025,1,0.5,0.667,
Census Tract,09001021401,Hispanic,10/2025,0,0.5,0.333,2025-10-04
Census Tract,09001021402,Other,01/2020,5,1,4,
Census Tract,09001021402,Other,02/2020,2,4.5,2,
Census Tract,09001021402,Other,03/2020,8,15,2.333,
Census Tract,09001021402,Other,04/2020,0,9,4.333,
Census Tract,09001021402,Other,05/2020,0,10.5,1,
Census Tract,09001021402,Other,06/2020,0,1.5,2.667,
Census Tract,09001021402,Other,07/2020,0,6.5,3,
Census Tract,09001021402,Other,08/2020,0,4.5,3.333,
Census Tract,09001021402,Other,09/2020,0,16.5,4,
Census Tract,09001021402,Other,10/2020,0,8.5,1,
Census Tract,09001021402,Other,11/2020,0,4,1.333,
Census Tract,09001021402,Other,12/2020,1,8.5,3.333,
Census Tract,09001021402,Other,01/2021,0,1,4,
Census Tract,09001021402,Other,02/2021,0,4.5,2,
Census Tract,09001021402,Other,03/2021,2,15,2.333,
Census Tract,09001021402,Other,04/2021,0,9,4.333,
Census Tract,09001021402,Other,05/2021,4,10.5,1,
Census Tract,09001021402,Other,06/2021,3,1.5,2.667,
Census Tract,09001021402,Other,07/2021,0,6.5,3,
Census Tract,09001021402,Other,08/2021,0,4.5,3.333,
Census Tract,09001021402,Other,09/2021,3,16.5,4,
Census Tract,09001021402,Other,10/2021,0,8.5,1,
Census Tract,09001021402,Other,11/2021,0,4,1.333,
Census Tract,09001021402,Other,12/2021,1,8.5,3.333,
Census Tract,09001021402,Other,01/2022,1,1,4,
Census Tract,09001021402,Other,02/2022,0,4.5,2,
Census Tract,09001021402,Other,03/2022,2,15,2.333,
Census Tract,09001021402,Other,04/2022,1,9,4.333,
Census Tract,09001021402,Other,05/2022,10,10.5,1,
Census Tract,09001021402,Other,06/2022,2,1.5,2.667,
Census Tract,09001021402,Other,07/2022,2,6.5,3,
Census Tract,09001021402,Other,08/2022,9,4.5,3.333,
Census Tract,09001021402,Other,09/2022,11,16.5,4,
Census Tract,09001021402,Other,10/2022,18,8.5,1,
Census Tract,09001021402,Other,11/2022,2,4,1.333,
Census Tract,09001021402,Other,12/2022,0,8.5,3.333,
Census Tract,09001021402,Other,01/2023,2,1,4,
Census Tract,09001021402,Other,02/2023,8,4.5,2,
Census Tract,09001021402,Other,03/2023,13,15,2.333,
Census Tract,09001021402,Other,04/2023,13,9,4.333,
Census Tract,09001021402,Other,05/2023,11,10.5,1,
Census Tract,09001021402,Other,06/2023,2,1.5,2.667,
Census Tract,09001021402,Other,07/2023,11,6.5,3,
Census Tract,09001021402,Other,08/2023,2,4.5,3.333,
Census Tract,09001021402,Other,09/2023,5,16.5,4,
Census Tract,09001021402,Other,10/2023,9,8.5,1,
Census Tract,09001021402,Other,11/2023,3,4,1.333,
Census Tract,09001021402,Other,12/2023,1,8.5,3.333,
Census Tract,09001021402,Other,01/2024,0,1,4,
Census Tract,09001021402,Other,02/2024,1,4.5,2,
Census Tract,09001021402,Other,03/2024,17,15,2.333,
Census Tract,09001021402,Other,04/2024,5,9,4.333,
Census Tract,09001021402,Other,05/2024,10,10.5,1,
Census Tract,09001021402,Other,06/2024,1,1.5,2.667,
Census Tract,09001021402,Other,07/2024,2,6.5,3,
Census Tract,09001021402,Other,08/2024,7,4.5,3.333,
Census Tract,09001021402,Other,09/2024,28,16.5,4,
Census Tract,09001021402,Other,10/2024,8,8.5,1,
Census Tract,09001021402,Other,11/2024,5,4,1.333,
Census Tract,09001021402,Other,12/2024,16,8.5,3.333,
Census Tract,09001021402,Other,01/2025,9,1,4,
Census Tract,09001021402,Other,02/2025,6,4.5,2,
Census Tract,09001021402,Other,03/2025,5,15,2.333,
Census Tract,09001021402,Other,04/2025,2,9,4.333,
Census Tract,09001021402,Other,05/2025,3,10.5,1,
Census Tract,09001021402,Other,06/2025,9,1.5,2.667,
Census Tract,09001021402,Other,07/2025,8,6.5,3,
Census Tract,09001021402,Other,08/2025,0,4.5,3.333,
Census Tract,09001021402,Other,09/2025,4,16.5,4,
Census Tract,09001021402,Other,10/2025,0,1.5,0.333,2025-10-04
Census Tract,09001021501,Hispanic,01/2020,5,5,1.333,
Census Tract,09001021501,Hispanic,02/2020,4,3,0,
Census Tract,09001021501,Hispanic,03/2020,5,8,2.333,
Census Tract,09001021501,Hispanic,04/2020,0,15.5,3.667,
Census Tract,09001021501,Hispanic,05/2020,0,10.5,3,
Census Tract,09001021501,Hispanic,06/2020,0,4,2.667,
Census Tract,09001021501,Hispanic,07/2020,0,4.5,2.667,
Census Tract,09001021501,Hispanic,08/2020,0,2.5,2.667,
Census Tract,09001021501,Hispanic,09/2020,0,3,1,
Census Tract,09001021501,Hispanic,10/2020,0,6,2.333,
Census Tract,09001021501,Hispanic,11/2020,2,5,4,
Census Tract,09001021501,Hispanic,12/2020,0,8.5,1.333,
Census Tract,09001021501,Hispanic,01/2021,2,5,1.333,
Census Tract,09001021501,Hispanic,02/2021,0,3,0,
Census Tract,09001021501,Hispanic,03/2021,0,8,2.333,
Census Tract,09001021501,Hispanic,04/2021,2,15.5,3.667,
Census Tract,09001021501,Hispanic,05/2021,1,10.5,3,
Census Tract,09001021501,Hispanic,06/2021,2,4,2.667,
Census Tract,09001021501,Hispanic,07/2021,0,4.5,2.667,
Census Tract,09001021501,Hispanic,08/2021,2,2.5,2.667,
Census Tract,09001021501,Hispanic,09/2021,1,3,1,
Census Tract,09001021501,Hispanic,10/2021,2,6,2.333,
Census Tract,09001021501,Hispanic,11/2021,2,5,4,
Census Tract,09001021501,Hispanic,12/2021,1,8.5,1.333,
Census Tract,09001021501,Hispanic,01/2022,2,5,1.333,
Census Tract,09001021501,Hispanic,02/2022,3,3,0,
Census Tract,09001021501,Hispanic,03/2022,2,8,2.333,
Census Tract,09001021501,Hispanic,04/2022,2,15.5,3.667,
Census Tract,09001021501,Hispanic,05/2022,3,10.5,3,
Census Tract,09001021501,Hispanic,06/2022,25,4,2.667,
Census Tract,09001021501,Hispanic,07/2022,7,4.5,2.667,
Census Tract,09001021501,Hispanic,08/2022,1,2.5,2.667,
Census Tract,09001021501,Hispanic,09/2022,2,3,1,
Census Tract,09001021501,Hispanic,10/2022,3,6,2.333,
Census Tract,09001021501,Hispanic,11/2022,2,5,4,
Census Tract,09001021501,Hispanic,12/2022,4,8.5,1.333,
Census Tract,09001021501,Hispanic,01/2023,5,5,1.333,
Census Tract,09001021501,Hispanic,02/2023,1,3,0,
Census Tract,09001021501,Hispanic,03/2023,6,8,2.333,
Census Tract,09001021501,Hispanic,04/2023,21,15.5,3.667,
Census Tract,09001021501,Hispanic,05/2023,8,10.5,3,
Census Tract,09001021501,Hispanic,06/2023,5,4,2.667,
Census Tract,09001021501,Hispanic,07/2023,4,4.5,2.667,
Census Tract,09001021501,Hispanic,08/2023,2,2.5,2.667,
Census Tract,09001021501,Hispanic,09/2023,2,3,1,
Census Tract,09001021501,Hispanic,10/2023,4,6,2.333,
Census Tract,09001021501,Hispanic,11/2023,6,5,4,
Census Tract,09001021501,Hispanic,12/2023,4,8.5,1.333,
Census Tract,09001021501,Hispanic,01/2024,5,5,1.333,
Census Tract,09001021501,Hispanic,02/2024,5,3,0,
Census Tract,09001021501,Hispanic,03/2024,10,8,2.333,
Census Tract,09001021501,Hispanic,04/2024,10,15.5,3.667,
Census Tract,09001021501,Hispanic,05/2024,13,10.5,3,
Census Tract,09001021501,Hispanic,06/2024,3,4,2.667,
Census Tract,09001021501,Hispanic,07/2024,5,4.5,2.667,
Census Tract,09001021501,Hispanic,08/2024,3,2.5,2.667,
Census Tract,09001021501,Hispanic,09/2024,4,3,1,
Census Tract,09001021501,Hispanic,10/2024,8,6,2.333,
Census Tract,09001021501,Hispanic,11/2024,4,5,4,
Census Tract,09001021501,Hispanic,12/2024,13,8.5,1.333,
Census Tract,09001021501,Hispanic,01/2025,4,5,1.333,
Census Tract,09001021501,Hispanic,02/2025,6,3,0,
Census Tract,09001021501,Hispanic,03/2025,6,8,2.333,
Census Tract,09001021501,Hispanic,04/2025,4,15.5,3.667,
Census Tract,09001021501,Hispanic,05/2025,8,10.5,3,
Census Tract,09001021501,Hispanic,06/2025,13,4,2.667,
Census Tract,09001021501,Hispanic,07/2025,4,4.5,2.667,
Census Tract,09001021501,Hispanic,08/2025,0,2.5,2.667,
Census Tract,09001021501,Hispanic,09/2025,11,3,1,
Census Tract,09001021501,Hispanic,10/2025,0,2,0.667,2025-10-04
Census Tract,09001021502,Hispanic,01/2020,4,0.5,0.667,
Census Tract,09001021502,Hispanic,02/2020,4,2,2.333,
Census Tract,09001021502,Hispanic,03/2020,2,0.5,1,
Census Tract,09001021502,Hispanic,04/2020,1,7,3,
Census Tract,09001021502,Hispanic,05/2020,0,2,0.333,
Census Tract,09001021502,Hispanic,06/2020,0,4.5,2.333,
Census Tract,09001021502,Hispanic,07/2020,2,1.5,2,
Census Tract,09001021502,Hispanic,08/2020,0,3.5,3.333,
Census Tract,09001021502,Hispanic,09/2020,0,3.5,2,
Census Tract,09001021502,Hispanic,10/2020,0,7,1.667,
Census Tract,09001021502,Hispanic,11/2020,0,3,2,
Census Tract,09001021502,Hispanic,12/2020,0,4.5,2,
Census Tract,09001021502,Hispanic,01/2021,1,0.5,0.667,
Census Tract,09001021502,Hispanic,02/2021,1,2,2.333,
Census Tract,09001021502,Hispanic,03/2021,0,0.5,1,
Census Tract,09001021502,Hispanic,04/2021,0,7,3,
Census Tract,09001021502,Hispanic,05/2021,1,2,0.333,
Census Tract,09001021502,Hispanic,06/2021,1,4.5,2.333,
Census Tract,09001021502,Hispanic,07/2021,1,1.5,2,
Census Tract,09001021502,Hispanic,08/2021,0,3.5,3.333,
Census Tract,09001021502,Hispanic,09/2021,4,3.5,2,
Census Tract,09001021502,Hispanic,10/2021,3,7,1.667,
Census Tract,09001021502,Hispanic,11/2021,2,3,2,
Census Tract,09001021502,Hispanic,12/2021,1,4.5,2,
Census Tract,09001021502,Hispanic,01/2022,0,0.5,0.667,
Census Tract,09001021502,Hispanic,02/2022,1,2,2.333,
Census Tract,09001021502,Hispanic,03/2022,5,0.5,1,
Census Tract,09001021502,Hispanic,04/2022,3,7,3,
Census Tract,09001021502,Hispanic,05/2022,4,2,0.333,
Census Tract,09001021502,Hispanic,06/2022,2,4.5,2.333,
Census Tract,09001021502,Hispanic,07/2022,2,1.5,2,
Census Tract,09001021502,Hispanic,08/2022,2,3.5,3.333,
Census Tract,09001021502,Hispanic,09/2022,2,3.5,2,
Census Tract,09001021502,Hispanic,10/2022,3,7,1.667,
Census Tract,09001021502,Hispanic,11/2022,1,3,2,
Census Tract,09001021502,Hispanic,12/2022,6,4.5,2,
Census Tract,09001021502,Hispanic,01/2023,1,0.5,0.667,
Census Tract,09001021502,Hispanic,02/2023,2,2,2.333,
Census Tract,09001021502,Hispanic,03/2023,1,0.5,1,
Census Tract,09001021502,Hispanic,04/2023,11,7,3,
Census Tract,09001021502,Hispanic,05/2023,2,2,0.333,
Census Tract,09001021502,Hispanic,06/2023,4,4.5,2.333,
Census Tract,09001021502,Hispanic,07/2023,1,1.5,2,
Census Tract,09001021502,Hispanic,08/2023,3,3.5,3.333,
Census Tract,09001021502,Hispanic,09/2023,2,3.5,2,
Census Tract,09001021502,Hispanic,10/2023,11,7,1.667,
Census Tract,09001021502,Hispanic,11/2023,4,3,2,
Census Tract,09001021502,Hispanic,12/2023,4,4.5,2,
Census Tract,09001021502,Hispanic,01/2024,0,0.5,0.667,
Census Tract,09001021502,Hispanic,02/2024,2,2,2.333,
Census Tract,09001021502,Hispanic,03/2024,0,0.5,1,
Census Tract,09001021502,Hispanic,04/2024,3,7,3,
Census Tract,09001021502,Hispanic,05/2024,2,2,0.333,
Census Tract,09001021502,Hispanic,06/2024,5,4.5,2.333,
Census Tract,09001021502,Hispanic,07/2024,2,1.5,2,
Census Tract,09001021502,Hispanic,08/2024,4,3.5,3.333,
Census Tract,09001021502,Hispanic,09/2024,5,3.5,2,
Census Tract,09001021502,Hispanic,10/2024,3,7,1.667,
Census Tract,09001021502,Hispanic,11/2024,2,3,2,
Census Tract,09001021502,Hispanic,12/2024,5,4.5,2,
Census Tract,09001021502,Hispanic,01/2025,1,0.5,0.667,
Census Tract,09001021502,Hispanic,02/2025,5,2,2.333,
Census Tract,09001021502,Hispanic,03/2025,2,0.5,1,
Census Tract,09001021502,Hispanic,04/2025,3,7,3,
Census Tract,09001021502,Hispanic,05/2025,1,2,0.333,
Census Tract,09001021502,Hispanic,06/2025,4,4.5,2.333,
Census Tract,09001021502,Hispanic,07/2025,3,1.5,2,
Census Tract,09001021502,Hispanic,08/2025,1,3.5,3.333,
Census Tract,09001021502,Hispanic,09/2025,1,3.5,2,
Census Tract,09001021502,Hispanic,10/2025,1,1,0,2025-10-04
Census Tract,09001021601,Other,01/2020,2,3,1.333,
Census Tract,09001021601,Other,02/2020,3,2.5,1,
Census Tract,09001021601,Other,03/2020,1,1.5,1.667,
Census Tract,09001021601,Other,04/2020,0,1.5,0.333,
Census Tract,09001021601,Other,05/2020,0,2,2,
Census Tract,09001021601,Other,06/2020,0,1.5,1.333,
Census Tract,09001021601,Other,07/2020,0,4.5,2,
Census Tract,09001021601,Other,08/2020,0,1,2.667,
Census Tract,09001021601,Other,09/2020,0,4,1.333,
Census Tract,09001021601,Other,10/2020,1,2.5,1.667,
Census Tract,09001021601,Other,11/2020,1,3.5,3.667,
Census Tract,09001021601,Other,12/2020,0,4.5,0.667,
Census Tract,09001021601,Other,01/2021,1,3,1.333,
Census Tract,09001021601,Other,02/2021,2,2.5,1,
Census Tract,09001021601,Other,03/2021,1,1.5,1.667,
Census Tract,09001021601,Other,04/2021,0,1.5,0.333,
Census Tract,09001021601,Other,05/2021,1,2,2,
Census Tract,09001021601,Other,06/2021,1,1.5,1.333,
Census Tract,09001021601,Other,07/2021,0,4.5,2,
Census Tract,09001021601,Other,08/2021,0,1,2.667,
Census Tract,09001021601,Other,09/2021,0,4,1.333,
Census Tract,09001021601,Other,10/2021,1,2.5,1.667,
Census Tract,09001021601,Other,11/2021,3,3.5,3.667,
Census Tract,09001021601,Other,12/2021,2,4.5,0.667,
Census Tract,09001021601,Other,01/2022,5,3,1.333,
Census Tract,09001021601,Other,02/2022,2,2.5,1,
Census Tract,09001021601,Other,03/2022,6,1.5,1.667,
Census Tract,09001021601,Other,04/2022,10,1.5,0.333,
Census Tract,09001021601,Other,05/2022,0,2,2,
Census Tract,09001021601,Other,06/2022,2,1.5,1.333,
Census Tract,09001021601,Other,07/2022,4,4.5,2,
Census Tract,09001021601,Other,08/2022,5,1,2.667,
Census Tract,09001021601,Other,09/2022,3,4,1.333,
Census Tract,09001021601,Other,10/2022,3,2.5,1.667,
Census Tract,09001021601,Other,11/2022,2,3.5,3.667,
Census Tract,09001021601,Other,12/2022,3,4.5,0.667,
Census Tract,09001021601,Other,01/2023,4,3,1.333,
Census Tract,09001021601,Other,02/2023,2,2.5,1,
Census Tract,09001021601,Other,03/2023,1,1.5,1.667,
Census Tract,09001021601,Other,04/2023,2,1.5,0.333,
Census Tract,09001021601,Other,05/2023,2,2,2,
Census Tract,09001021601,Other,06/2023,3,1.5,1.333,
Census Tract,09001021601,Other,07/2023,6,4.5,2,
Census Tract,09001021601,Other,08/2023,0,1,2.667,
Census Tract,09001021601,Other,09/2023,3,4,1.333,
Census Tract,09001021601,Other,10/2023,2,2.5,1.667,
Census Tract,09001021601,Other,11/2023,3,3.5,3.667,
Census Tract,09001021601,Other,12/2023,5,4.5,0.667,
Census Tract,09001021601,Other,01/2024,2,3,1.333,
Census Tract,09001021601,Other,02/2024,3,2.5,1,
Census Tract,09001021601,Other,03/2024,2,1.5,1.667,
Census Tract,09001021601,Other,04/2024,1,1.5,0.333,
Census Tract,09001021601,Other,05/2024,2,2,2,
Census Tract,09001021601,Other,06/2024,0,1.5,1.333,
Census Tract,09001021601,Other,07/2024,3,4.5,2,
Census Tract,09001021601,Other,08/2024,2,1,2.667,
Census Tract,09001021601,Other,09/2024,5,4,1.333,
Census Tract,09001021601,Other,10/2024,3,2.5,1.667,
Census Tract,09001021601,Other,11/2024,4,3.5,3.667,
Census Tract,09001021601,Other,12/2024,4,4.5,0.667,
Census Tract,09001021601,Other,01/2025,3,3,1.333,
Census Tract,09001021601,Other,02/2025,3,2.5,1,
Census Tract,09001021601,Other,03/2025,1,1.5,1.667,
Census Tract,09001021601,Other,04/2025,1,1.5,0.333,
Census Tract,09001021601,Other,05/2025,2,2,2,
Census Tract,09001021601,Other,06/2025,0,1.5,1.333,
Census Tract,09001021601,Other,07/2025,3,4.5,2,
Census Tract,09001021601,Other,08/2025,0,1,2.667,
Census Tract,09001021601,Other,09/2025,4,4,1.333,
Census Tract,09001021601,Other,10/2025,1,0.5,0,2025-10-04
Census Tract,09001021602,Other,01/2020,2,11,3.667,
Census Tract,09001021602,Other,02/2020,4,6.5,2.667,
Census Tract,09001021602,Other,03/2020,4,4,4.333,
Census Tract,09001021602,Other,04/2020,0,9,2.333,
Census Tract,09001021602,Other,05/2020,0,6,1.333,
Census Tract,09001021602,Other,06/2020,0,7,2.667,
Census Tract,09001021602,Other,07/2020,0,7,3.333,
Census Tract,09001021602,Other,08/2020,0,12.5,3.667,
Census Tract,09001021602,Other,09/2020,0,13,5,
Census Tract,09001021602,Other,10/2020,1,12,5.333,
Census Tract,09001021602,Other,11/2020,4,11.5,3.667,
Census Tract,09001021602,Other,12/2020,0,7.5,7.667,
Census Tract,09001021602,Other,01/2021,0,11,3.667,
Census Tract,09001021602,Other,02/2021,0,6.5,2.667,
Census Tract,09001021602,Other,03/2021,2,4,4.333,
Census Tract,09001021602,Other,04/2021,0,9,2.333,
Census Tract,09001021602,Other,05/2021,0,6,1.333,
Census Tract,09001021602,Other,06/2021,4,7,2.667,
Census Tract,09001021602,Other,07/2021,1,7,3.333,
Census Tract,09001021602,Other,08/2021,1,12.5,3.667,
Census Tract,09001021602,Other,09/2021,4,13,5,
Census Tract,09001021602,Other,10/2021,2,12,5.333,
Census Tract,09001021602,Other,11/2021,1,11.5,3.667,
Census Tract,09001021602,Other,12/2021,2,7.5,7.667,
Census Tract,09001021602,Other,01/2022,4,11,3.667,
Census Tract,09001021602,Other,02/2022,3,6.5,2.667,
Census Tract,09001021602,Other,03/2022,7,4,4.333,
Census Tract,09001021602,Other,04/2022,10,9,2.333,
Census Tract,09001021602,Other,05/2022,5,6,1.333,
Census Tract,09001021602,Other,06/2022,3,7,2.667,
Census Tract,09001021602,Other,07/2022,15,7,3.333,
Census Tract,09001021602,Other,08/2022,10,12.5,3.667,
Census Tract,09001021602,Other,09/2022,7,13,5,
Census Tract,09001021602,Other,10/2022,2,12,5.333,
Census Tract,09001021602,Other,11/2022,4,11.5,3.667,
Census Tract,09001021602,Other,12/2022,13,7.5,7.667,
Census Tract,09001021602,Other,01/2023,14,11,3.667,
Census Tract,09001021602,Other,02/2023,2,6.5,2.667,
Census Tract,09001021602,Other,03/2023,5,4,4.333,
Census Tract,09001021602,Other,04/2023,8,9,2.333,
Census Tract,09001021602,Other,05/2023,4,6,1.333,
Census Tract,09001021602,Other,06/2023,6,7,2.667,
Census Tract,09001021602,Other,07/2023,7,7,3.333,
Census Tract,09001021602,Other,08/2023,20,12.5,3.667,
Census Tract,09001021602,Other,09/2023,18,13,5,
Census Tract,09001021602,Other,10/2023,11,12,5.333,
Census Tract,09001021602,Other,11/2023,21,11.5,3.667,
Census Tract,09001021602,Other,12/2023,4,7.5,7.667,
Census Tract,09001021602,Other,01/2024,8,11,3.667,
Census Tract,09001021602,Other,02/2024,11,6.5,2.667,
Census Tract,09001021602,Other,03/2024,3,4,4.333,
Census Tract,09001021602,Other,04/2024,10,9,2.333,
Census Tract,09001021602,Other,05/2024,8,6,1.333,
Census Tract,09001021602,Other,06/2024,8,7,2.667,
Census Tract,09001021602,Other,07/2024,7,7,3.333,
Census Tract,09001021602,Other,08/2024,5,12.5,3.667,
Census Tract,09001021602,Other,09/2024,8,13,5,
Census Tract,09001021602,Other,10/2024,13,12,5.333,
Census Tract,09001021602,Other,11/2024,2,11.5,3.667,
Census Tract,09001021602,Other,12/2024,11,7.5,7.667,
Census Tract,09001021602,Other,01/2025,12,11,3.667,
Census Tract,09001021602,Other,02/2025,4,6.5,2.667,
Census Tract,09001021602,Other,03/2025,10,4,4.333,
Census Tract,09001021602,Other,04/2025,8,9,2.333,
Census Tract,09001021602,Other,05/2025,5,6,1.333,
Census Tract,09001021602,Other,06/2025,7,7,2.667,
Census Tract,09001021602,Other,07/2025,6,7,3.333,
Census Tract,09001021602,Other,08/2025,0,12.5,3.667,
Census Tract,09001021602,Other,09/2025,2,13,5,
Census Tract,09001021602,Other,10/2025,1,3.5,1.333,2025-10-04
Census Tract,09001021701,Other,01/2020,0,3,3.333,
Census Tract,09001021701,Other,02/2020,2,1.5,1.333,
Census Tract,09001021701,Other,03/2020,4,2,3.667,
Census Tract,09001021701,Other,04/2020,0,2.5,3.333,
Census Tract,09001021701,Other,05/2020,0,4,3.333,
Census Tract,09001021701,Other,06/2020,0,3.5,3.667,
Census Tract,09001021701,Other,07/2020,2,1,2.667,
Census Tract,09001021701,Other,08/2020,0,3.5,1.667,
Census Tract,09001021701,Other,09/2020,0,2.5,2.667,
Census Tract,09001021701,Other,10/2020,0,1,2.333,
Census Tract,09001021701,Other,11/2020,1,0.5,2.667,
Census Tract,09001021701,Other,12/2020,0,3,3,
Census Tract,09001021701,Other,01/2021,1,3,3.333,
Census Tract,09001021701,Other,02/2021,0,1.5,1.333,
Census Tract,09001021701,Other,03/2021,0,2,3.667,
Census Tract,09001021701,Other,04/2021,0,2.5,3.333,
Census Tract,09001021701,Other,05/2021,0,4,3.333,
Census Tract,09001021701,Other,06/2021,1,3.5,3.667,
Census Tract,09001021701,Other,07/2021,0,1,2.667,
Census Tract,09001021701,Other,08/2021,0,3.5,1.667,
Census Tract,09001021701,Other,09/2021,1,2.5,2.667,
Census Tract,09001021701,Other,10/2021,1,1,2.333,
Census Tract,09001021701,Other,11/2021,2,0.5,2.667,
Census Tract,09001021701,Other,12/2021,0,3,3,
Census Tract,09001021701,Other,01/2022,0,3,3.333,
Census Tract,09001021701,Other,02/2022,0,1.5,1.333,
Census Tract,09001021701,Other,03/2022,8,2,3.667,
Census Tract,09001021701,Other,04/2022,3,2.5,3.333,
Census Tract,09001021701,Other,05/2022,1,4,3.333,
Census Tract,09001021701,Other,06/2022,4,3.5,3.667,
Census Tract,09001021701,Other,07/2022,3,1,2.667,
Census Tract,09001021701,Other,08/2022,2,3.5,1.667,
Census Tract,09001021701,Other,09/2022,0,2.5,2.667,
Census Tract,09001021701,Other,10/2022,2,1,2.333,
Census Tract,09001021701,Other,11/2022,1,0.5,2.667,
Census Tract,09001021701,Other,12/2022,1,3,3,
Census Tract,09001021701,Other,01/2023,3,3,3.333,
Census Tract,09001021701,Other,02/2023,3,1.5,1.333,
Census Tract,09001021701,Other,03/2023,2,2,3.667,
Census Tract,09001021701,Other,04/2023,3,2.5,3.333,
Census Tract,09001021701,Other,05/2023,4,4,3.333,
Census Tract,09001021701,Other,06/2023,4,3.5,3.667,
Census Tract,09001021701,Other,07/2023,0,1,2.667,
Census Tract,09001021701,Other,08/2023,3,3.5,1.667,
Census Tract,09001021701,Other,09/2023,3,2.5,2.667,
Census Tract,09001021701,Other,10/2023,2,1,2.333,
Census Tract,09001021701,Other,11/2023,0,0.5,2.667,
Census Tract,09001021701,Other,12/2023,4,3,3,
Census Tract,09001021701,Other,01/2024,3,3,3.333,
Census Tract,09001021701,Other,02/2024,0,1.5,1.333,
Census Tract,09001021701,Other,03/2024,2,2,3.667,
Census Tract,09001021701,Other,04/2024,2,2.5,3.333,
Census Tract,09001021701,Other,05/2024,4,4,3.333,
Census Tract,09001021701,Other,06/2024,3,3.5,3.667,
Census Tract,09001021701,Other,07/2024,2,1,2.667,
Census Tract,09001021701,Other,08/2024,4,3.5,1.667,
Census Tract,09001021701,Other,09/2024,2,2.5,2.667,
Census Tract,09001021701,Other,10/2024,0,1,2.333,
Census Tract,09001021701,Other,11/2024,1,0.5,2.667,
Census Tract,09001021701,Other,12/2024,2,3,3,
Census Tract,09001021701,Other,01/2025,4,3,3.333,
Census Tract,09001021701,Other,02/2025,3,1.5,1.333,
Census Tract,09001021701,Other,03/2025,3,2,3.667,
Census Tract,09001021701,Other,04/2025,0,2.5,3.333,
Census Tract,09001021701,Other,05/2025,1,4,3.333,
Census Tract,09001021701,Other,06/2025,3,3.5,3.667,
Census Tract,09001021701,Other,07/2025,1,1,2.667,
Census Tract,09001021701,Other,08/2025,0,3.5,1.667,
Census Tract,09001021701,Other,09/2025,0,2.5,2.667,
Census Tract,09001021701,Other,10/2025,0,0,0.333,2025-10-04
Census Tract,09001021702,Other,01/2020,5,1,2,
Census Tract,09001021702,Other,02/2020,1,3,4.333,
Census Tract,09001021702,Other,03/2020,3,3.5,2.667,
Census Tract,09001021702,Other,04/2020,0,1.5,1.333,
Census Tract,09001021702,Other,05/2020,0,4,3,
Census Tract,09001021702,Other,06/2020,0,3,4,
Census Tract,09001021702,Other,07/2020,0,3.5,2.667,
Census Tract,09001021702,Other,08/2020,0,3,1.667,
Census Tract,09001021702,Other,09/2020,0,3.5,3.667,
Census Tract,09001021702,Other,10/2020,0,5,3,
Census Tract,09001021702,Other,11/2020,0,4,2,
Census Tract,09001021702,Other,12/2020,0,5,2.333,
Census Tract,09001021702,Other,01/2021,0,1,2,
Census Tract,09001021702,Other,02/2021,1,2.5,4.333,
Census Tract,09001021702,Other,03/2021,2,3.5,2.667,
Census Tract,09001021702,Other,04/2021,0,1.5,1.333,
Census Tract,09001021702,Other,05/2021,0,4,3,
Census Tract,09001021702,Other,06/2021,0,3,4,
Census Tract,09001021702,Other,07/2021,1,3.5,2.667,
Census Tract,09001021702,Other,08/2021,2,3,1.667,
Census Tract,09001021702,Other,09/2021,2,3.5,3.667,
Census Tract,09001021702,Other,10/2021,1,5,3,
Census Tract,09001021702,Other,11/2021,1,4,2,
Census Tract,09001021702,Other,12/2021,2,5,2.333,
Census Tract,09001021702,Other,01/2022,1,1,2,
Census Tract,09001021702,Other,02/2022,9,2.5,4.333,
Census Tract,09001021702,Other,03/2022,7,3.5,2.667,
Census Tract,09001021702,Other,04/2022,4,1.5,1.333,
Census Tract,09001021702,Other,05/2022,2,4,3,
Census Tract,09001021702,Other,06/2022,4,3,4,
Census Tract,09001021702,Other,07/2022,0,3.5,2.667,
Census Tract,09001021702,Other,08/2022,4,3,1.667,
Census Tract,09001021702,Other,09/2022,1,3.5,3.667,
Census Tract,09001021702,Other,10/2022,2,5,3,
Census Tract,09001021702,Other,11/2022,7,4,2,
Census Tract,09001021702,Other,12/2022,9,5,2.333,
Census Tract,09001021702,Other,01/2023,1,1,2,
Census Tract,09001021702,Other,02/2023,3,2.5,4.333,
Census Tract,09001021702,Other,03/2023,4,3.5,2.667,
Census Tract,09001021702,Other,04/2023,2,1.5,1.333,
Census Tract,09001021702,Other,05/2023,6,4,3,
Census Tract,09001021702,Other,06/2023,5,3,4,
Census Tract,09001021702,Other,07/2023,4,3.5,2.667,
Census Tract,09001021702,Other,08/2023,1,3,1.667,
Census Tract,09001021702,Other,09/2023,4,3.5,3.667,
Census Tract,09001021702,Other,10/2023,3,5,3,
Census Tract,09001021702,Other,11/2023,2,4,2,
Census Tract,09001021702,Other,12/2023,6,5,2.333,
Census Tract,09001021702,Other,01/2024,1,1,2,
Census Tract,09001021702,Other,02/2024,3,3,4.333,
Census Tract,09001021702,Other,03/2024,3,3.5,2.667,
Census Tract,09001021702,Other,04/2024,1,1.5,1.333,
Census Tract,09001021702,Other,05/2024,2,4,3,
Census Tract,09001021702,Other,06/2024,1,3,4,
Census Tract,09001021702,Other,07/2024,3,3.5,2.667,
Census Tract,09001021702,Other,08/2024,5,3,1.667,
Census Tract,09001021702,Other,09/2024,3,3.5,3.667,
Census Tract,09001021702,Other,10/2024,7,5,3,
Census Tract,09001021702,Other,11/2024,6,4,2,
Census Tract,09001021702,Other,12/2024,4,5,2.333,
Census Tract,09001021702,Other,01/2025,5,1,2,
Census Tract,09001021702,Other,02/2025,1,2.5,4.333,
Census Tract,09001021702,Other,03/2025,9,3.5,2.667,
Census Tract,09001021702,Other,04/2025,5,1.5,1.333,
Census Tract,09001021702,Other,05/2025,10,4,3,
Census Tract,09001021702,Other,06/2025,2,3,4,
Census Tract,09001021702,Other,07/2025,4,3.5,2.667,
Census Tract,09001021702,Other,08/2025,0,3,1.667,
Census Tract,09001021702,Other,09/2025,4,3.5,3.667,
Census Tract,09001021702,Other,10/2025,0,0,0,2025-10-04
Census Tract,09001021801,Other,01/2020,0,1,1,
Census Tract,09001021801,Other,02/2020,2,0,0,
Census Tract,09001021801,Other,03/2020,3,1.5,1,
Census Tract,09001021801,Other,04/2020,0,1,1.333,
Census Tract,09001021801,Other,05/2020,0,0.5,0.667,
Census Tract,09001021801,Other,06/2020,0,2,0.667,
Census Tract,09001021801,Other,07/2020,0,0.5,1.333,
Census Tract,09001021801,Other,08/2020,0,1.5,1,
Census Tract,09001021801,Other,09/2020,0,3.5,1,
Census Tract,09001021801,Other,10/2020,0,3,1.667,
Census Tract,09001021801,Other,11/2020,1,0,1.667,
Census Tract,09001021801,Other,12/2020,0,0,1.333,
Census Tract,09001021801,Other,01/2021,0,1,1,
Census Tract,09001021801,Other,02/2021,1,0,0,
Census Tract,09001021801,Other,03/2021,1,1.5,1,
Census Tract,09001021801,Other,04/2021,0,1,1.333,
Census Tract,09001021801,Other,05/2021,1,0.5,0.667,
Census Tract,09001021801,Other,06/2021,0,2,0.667,
Census Tract,09001021801,Other,07/2021,0,0.5,1.333,
Census Tract,09001021801,Other,08/2021,1,1.5,1,
Census Tract,09001021801,Other,09/2021,1,3.5,1,
Census Tract,09001021801,Other,10/2021,1,3,1.667,
Census Tract,09001021801,Other,11/2021,1,0,1.667,
Census Tract,09001021801,Other,12/2021,0,0,1.333,
Census Tract,09001021801,Other,01/2022,1,1,1,
Census Tract,09001021801,Other,02/2022,3,0,0,
Census Tract,09001021801,Other,03/2022,1,1.5,1,
Census Tract,09001021801,Other,04/2022,3,1,1.333,
Census Tract,09001021801,Other,05/2022,0,0.5,0.667,
Census Tract,09001021801,Other,06/2022,2,2,0.667,
Census Tract,09001021801,Other,07/2022,0,0.5,1.333,
Census Tract,09001021801,Other,08/2022,3,1.5,1,
Census Tract,09001021801,Other,09/2022,1,3.5,1,
Census Tract,09001021801,Other,10/2022,1,3,1.667,
Census Tract,09001021801,Other,11/2022,1,0,1.667,
Census Tract,09001021801,Other,12/2022,0,0,1.333,
Census Tract,09001021801,Other,01/2023,0,1,1,
Census Tract,09001021801,Other,02/2023,0,0,0,
Census Tract,09001021801,Other,03/2023,1,1.5,1,
Census Tract,09001021801,Other,04/2023,1,1,1.333,
Census Tract,09001021801,Other,05/2023,1,0.5,0.667,
Census Tract,09001021801,Other,06/2023,3,2,0.667,
Census Tract,09001021801,Other,07/2023,0,0.5,1.333,
Census Tract,09001021801,Other,08/2023,3,1.5,1,
Census Tract,09001021801,Other,09/2023,5,3.5,1,
Census Tract,09001021801,Other,10/2023,4,3,1.667,
Census Tract,09001021801,Other,11/2023,0,0,1.667,
Census Tract,09001021801,Other,12/2023,0,0,1.333,
Census Tract,09001021801,Other,01/2024,2,1,1,
Census Tract,09001021801,Other,02/2024,0,0,0,
Census Tract,09001021801,Other,03/2024,2,1.5,1,
Census Tract,09001021801,Other,04/2024,1,1,1.333,
Census Tract,09001021801,Other,05/2024,0,0.5,0.667,
Census Tract,09001021801,Other,06/2024,1,2,0.667,
Census Tract,09001021801,Other,07/2024,1,0.5,1.333,
Census Tract,09001021801,Other,08/2024,0,1.5,1,
Census Tract,09001021801,Other,09/2024,2,3.5,1,
Census Tract,09001021801,Other,10/2024,2,3,1.667,
Census Tract,09001021801,Other,11/2024,0,0,1.667,
Census Tract,09001021801,Other,12/2024,0,0,1.333,
Census Tract,09001021801,Other,01/2025,0,1,1,
Census Tract,09001021801,Other,02/2025,0,0,0,
Census Tract,09001021801,Other,03/2025,1,1.5,1,
Census Tract,09001021801,Other,04/2025,0,1,1.333,
Census Tract,09001021801,Other,05/2025,1,0.5,0.667,
Census Tract,09001021801,Other,06/2025,3,2,0.667,
Census Tract,09001021801,Other,07/2025,1,0.5,1.333,
Census Tract,09001021801,Other,08/2025,0,1.5,1,
Census Tract,09001021801,Other,09/2025,2,3.5,1,
Census Tract,09001021801,Other,10/2025,0,1,0,2025-10-04
Census Tract,09001021802,Other,01/2020,8,4,5.333,
Census Tract,09001021802,Other,02/2020,4,3,1.667,
Census Tract,09001021802,Other,03/2020,5,7.5,3.667,
Census Tract,09001021802,Other,04/2020,0,4,2.333,
Census Tract,09001021802,Other,05/2020,0,8,3,
Census Tract,09001021802,Other,06/2020,0,3.5,1.333,
Census Tract,09001021802,Other,07/2020,0,3.5,3.333,
Census Tract,09001021802,Other,08/2020,1,7.5,2.667,
Census Tract,09001021802,Other,09/2020,0,2.5,3.333,
Census Tract,09001021802,Other,10/2020,1,5,4.333,
Census Tract,09001021802,Other,11/2020,0,5,0.667,
Census Tract,09001021802,Other,12/2020,0,5,1.333,
Census Tract,09001021802,Other,01/2021,1,4,5.333,
Census Tract,09001021802,Other,02/2021,0,3,1.667,
Census Tract,09001021802,Other,03/2021,0,7.5,3.667,
Census Tract,09001021802,Other,04/2021,1,4,2.333,
Census Tract,09001021802,Other,05/2021,1,8,3,
Census Tract,09001021802,Other,06/2021,1,3.5,1.333,
Census Tract,09001021802,Other,07/2021,2,3.5,3.333,
Census Tract,09001021802,Other,08/2021,1,7.5,2.667,
Census Tract,09001021802,Other,09/2021,0,2.5,3.333,
Census Tract,09001021802,Other,10/2021,2,5,4.333,
Census Tract,09001021802,Other,11/2021,0,5,0.667,
Census Tract,09001021802,Other,12/2021,1,5,1.333,
Census Tract,09001021802,Other,01/2022,1,4,5.333,
Census Tract,09001021802,Other,02/2022,1,3,1.667,
Census Tract,09001021802,Other,03/2022,7,7.5,3.667,
Census Tract,09001021802,Other,04/2022,2,4,2.333,
Census Tract,09001021802,Other,05/2022,6,8,3,
Census Tract,09001021802,Other,06/2022,1,3.5,1.333,
Census Tract,09001021802,Other,07/2022,3,3.5,3.333,
Census Tract,09001021802,Other,08/2022,6,7.5,2.667,
Census Tract,09001021802,Other,09/2022,8,2.5,3.333,
Census Tract,09001021802,Other,10/2022,9,5,4.333,
Census Tract,09001021802,Other,11/2022,10,5,0.667,
Census Tract,09001021802,Other,12/2022,4,5,1.333,
Census Tract,09001021802,Other,01/2023,5,4,5.333,
Census Tract,09001021802,Other,02/2023,2,3,1.667,
Census Tract,09001021802,Other,03/2023,4,7.5,3.667,
Census Tract,09001021802,Other,04/2023,2,4,2.333,
Census Tract,09001021802,Other,05/2023,8,8,3,
Census Tract,09001021802,Other,06/2023,6,3.5,1.333,
Census Tract,09001021802,Other,07/2023,1,3.5,3.333,
Census Tract,09001021802,Other,08/2023,9,7.5,2.667,
Census Tract,09001021802,Other,09/2023,3,2.5,3.333,
Census Tract,09001021802,Other,10/2023,5,5,4.333,
Census Tract,09001021802,Other,11/2023,7,5,0.667,
Census Tract,09001021802,Other,12/2023,6,5,1.333,
Census Tract,09001021802,Other,01/2024,3,4,5.333,
Census Tract,09001021802,Other,02/2024,4,3,1.667,
Census Tract,09001021802,Other,03/2024,11,7.5,3.667,
Census Tract,09001021802,Other,04/2024,6,4,2.333,
Census Tract,09001021802,Other,05/2024,8,8,3,
Census Tract,09001021802,Other,06/2024,1,3.5,1.333,
Census Tract,09001021802,Other,07/2024,6,3.5,3.333,
Census Tract,09001021802,Other,08/2024,6,7.5,2.667,
Census Tract,09001021802,Other,09/2024,2,2.5,3.333,
Census Tract,09001021802,Other,10/2024,5,5,4.333,
Census Tract,09001021802,Other,11/2024,3,5,0.667,
Census Tract,09001021802,Other,12/2024,4,5,1.333,
Census Tract,09001021802,Other,01/2025,2,4,5.333,
Census Tract,09001021802,Other,02/2025,0,3,1.667,
Census Tract,09001021802,Other,03/2025,4,7.5,3.667,
Census Tract,09001021802,Other,04/2025,5,4,2.333,
Census Tract,09001021802,Other,05/2025,4,8,3,
Census Tract,09001021802,Other,06/2025,2,3.5,1.333,
Census Tract,09001021802,Other,07/2025,3,3.5,3.333,
Census Tract,09001021802,Other,08/2025,0,7.5,2.667,
Census Tract,09001021802,Other,09/2025,2,2.5,3.333,
Census Tract,09001021802,Other,10/2025,0,1,1.333,2025-10-04
Census Tract,09001021900,White,01/2020,1,0.5,1.333,
Census Tract,09001021900,White,02/2020,3,1,1,
Census Tract,09001021900,White,03/2020,0,2.5,1,
Census Tract,09001021900,White,04/2020,0,2.5,1.333,
Census Tract,09001021900,White,05/2020,0,0.5,1.667,
Census Tract,09001021900,White,06/2020,0,0.5,1.333,
Census Tract,09001021900,White,07/2020,0,1.5,1,
Census Tract,09001021900,White,08/2020,0,1,2,
Census Tract,09001021900,White,09/2020,0,2,3,
Census Tract,09001021900,White,10/2020,1,2.5,1.333,
Census Tract,09001021900,White,11/2020,1,1.5,2,
Census Tract,09001021900,White,12/2020,0,3,1.333,
Census Tract,09001021900,White,01/2021,0,0.5,1.333,
Census Tract,09001021900,White,02/2021,1,1,1,
Census Tract,09001021900,White,03/2021,0,2.5,1,
Census Tract,09001021900,White,04/2021,0,2.5,1.333,
Census Tract,09001021900,White,05/2021,0,0.5,1.667,
Census Tract,09001021900,White,06/2021,1,0.5,1.333,
Census Tract,09001021900,White,07/2021,0,1.5,1,
Census Tract,09001021900,White,08/2021,0,1,2,
Census Tract,09001021900,White,09/2021,1,2,3,
Census Tract,09001021900,White,10/2021,0,2.5,1.333,
Census Tract,09001021900,White,11/2021,0,1.5,2,
Census Tract,09001021900,White,12/2021,1,3,1.333,
Census Tract,09001021900,White,01/2022,0,0.5,1.333,
Census Tract,09001021900,White,02/2022,4,1,1,
Census Tract,09001021900,White,03/2022,4,2.5,1,
Census Tract,09001021900,White,04/2022,1,2.5,1.333,
Census Tract,09001021900,White,05/2022,1,0.5,1.667,
Census Tract,09001021900,White,06/2022,3,0.5,1.333,
Census Tract,09001021900,White,07/2022,4,1.5,1,
Census Tract,09001021900,White,08/2022,3,1,2,
Census Tract,09001021900,White,09/2022,2,2,3,
Census Tract,09001021900,White,10/2022,1,2.5,1.333,
Census Tract,09001021900,White,11/2022,3,1.5,2,
Census Tract,09001021900,White,12/2022,1,3,1.333,
Census Tract,09001021900,White,01/2023,1,0.5,1.333,
Census Tract,09001021900,White,02/2023,2,1,1,
Census Tract,09001021900,White,03/2023,3,2.5,1,
Census Tract,09001021900,White,04/2023,2,2.5,1.333,
Census Tract,09001021900,White,05/2023,0,0.5,1.667,
Census Tract,09001021900,White,06/2023,0,0.5,1.333,
Census Tract,09001021900,White,07/2023,2,1.5,1,
Census Tract,09001021900,White,08/2023,1,1,2,
Census Tract,09001021900,White,09/2023,0,2,3,
Census Tract,09001021900,White,10/2023,5,2.5,1.333,
Census Tract,09001021900,White,11/2023,2,1.5,2,
Census Tract,09001021900,White,12/2023,1,3,1.333,
Census Tract,09001021900,White,01/2024,0,0.5,1.333,
Census Tract,09001021900,White,02/2024,0,1,1,
Census Tract,09001021900,White,03/2024,2,2.5,1,
Census Tract,09001021900,White,04/2024,3,2.5,1.333,
Census Tract,09001021900,White,05/2024,1,0.5,1.667,
Census Tract,09001021900,White,06/2024,1,0.5,1.333,
Census Tract,09001021900,White,07/2024,1,1.5,1,
Census Tract,09001021900,White,08/2024,1,1,2,
Census Tract,09001021900,White,09/2024,4,2,3,
Census Tract,09001021900,White,10/2024,0,2.5,1.333,
Census Tract,09001021900,White,11/2024,1,1.5,2,
Census Tract,09001021900,White,12/2024,5,3,1.333,
Census Tract,09001021900,White,01/2025,3,0.5,1.333,
Census Tract,09001021900,White,02/2025,0,1,1,
Census Tract,09001021900,White,03/2025,2,2.5,1,
Census Tract,09001021900,White,04/2025,0,2.5,1.333,
Census Tract,09001021900,White,05/2025,1,0.5,1.667,
Census Tract,09001021900,White,06/2025,2,0.5,1.333,
Census Tract,09001021900,White,07/2025,2,1.5,1,
Census Tract,09001021900,White,08/2025,0,1,2,
Census Tract,09001021900,White,09/2025,1,2,3,
Census Tract,09001021900,White,10/2025,0,0,0,2025-10-04
Census Tract,09001022000,Other,01/2020,2,2.5,3.667,
Census Tract,09001022000,Other,02/2020,0,3.5,1.333,
Census Tract,09001022000,Other,03/2020,3,3,2.667,
Census Tract,09001022000,Other,04/2020,0,5,1.333,
Census Tract,09001022000,Other,05/2020,0,2,3,
Census Tract,09001022000,Other,06/2020,0,1,3.667,
Census Tract,09001022000,Other,07/2020,0,1.5,3.667,
Census Tract,09001022000,Other,08/2020,0,4,3.333,
Census Tract,09001022000,Other,09/2020,0,2.5,2,
Census Tract,09001022000,Other,10/2020,1,2,3,
Census Tract,09001022000,Other,11/2020,0,2.5,1.667,
Census Tract,09001022000,Other,12/2020,1,2,1,
Census Tract,09001022000,Other,01/2021,2,2.5,3.667,
Census Tract,09001022000,Other,02/2021,0,3.5,1.333,
Census Tract,09001022000,Other,03/2021,1,3,2.667,
Census Tract,09001022000,Other,04/2021,1,5,1.333,
Census Tract,09001022000,Other,05/2021,0,2,3,
Census Tract,09001022000,Other,06/2021,0,1,3.667,
Census Tract,09001022000,Other,07/2021,0,1.5,3.667,
Census Tract,09001022000,Other,08/2021,3,4,3.333,
Census Tract,09001022000,Other,09/2021,0,2.5,2,
Census Tract,09001022000,Other,10/2021,2,2,3,
Census Tract,09001022000,Other,11/2021,2,2.5,1.667,
Census Tract,09001022000,Other,12/2021,0,2,1,
Census Tract,09001022000,Other,01/2022,1,2.5,3.667,
Census Tract,09001022000,Other,02/2022,0,3.5,1.333,
Census Tract,09001022000,Other,03/2022,5,3,2.667,
Census Tract,09001022000,Other,04/2022,1,5,1.333,
Census Tract,09001022000,Other,05/2022,0,2,3,
Census Tract,09001022000,Other,06/2022,0,1,3.667,
Census Tract,09001022000,Other,07/2022,4,1.5,3.667,
Census Tract,09001022000,Other,08/2022,2,4,3.333,
Census Tract,09001022000,Other,09/2022,1,2.5,2,
Census Tract,09001022000,Other,10/2022,5,2,3,
Census Tract,09001022000,Other,11/2022,1,2.5,1.667,
Census Tract,09001022000,Other,12/2022,1,2,1,
Census Tract,09001022000,Other,01/2023,3,2.5,3.667,
Census Tract,09001022000,Other,02/2023,3,3.5,1.333,
Census Tract,09001022000,Other,03/2023,4,3,2.667,
Census Tract,09001022000,Other,04/2023,2,5,1.333,
Census Tract,09001022000,Other,05/2023,1,2,3,
Census Tract,09001022000,Other,06/2023,1,1,3.667,
Census Tract,09001022000,Other,07/2023,2,1.5,3.667,
Census Tract,09001022000,Other,08/2023,6,4,3.333,
Census Tract,09001022000,Other,09/2023,3,2.5,2,
Census Tract,09001022000,Other,10/2023,4,2,3,
Census Tract,09001022000,Other,11/2023,2,2.5,1.667,
Census Tract,09001022000,Other,12/2023,2,2,1,
Census Tract,09001022000,Other,01/2024,2,2.5,3.667,
Census Tract,09001022000,Other,02/2024,4,3.5,1.333,
Census Tract,09001022000,Other,03/2024,2,3,2.667,
Census Tract,09001022000,Other,04/2024,8,5,1.333,
Census Tract,09001022000,Other,05/2024,3,2,3,
Census Tract,09001022000,Other,06/2024,1,1,3.667,
Census Tract,09001022000,Other,07/2024,1,1.5,3.667,
Census Tract,09001022000,Other,08/2024,2,4,3.333,
Census Tract,09001022000,Other,09/2024,2,2.5,2,
Census Tract,09001022000,Other,10/2024,0,2,3,
Census Tract,09001022000,Other,11/2024,3,2.5,1.667,
Census Tract,09001022000,Other,12/2024,2,2,1,
Census Tract,09001022000,Other,01/2025,1,2.5,3.667,
Census Tract,09001022000,Other,02/2025,1,3.5,1.333,
Census Tract,09001022000,Other,03/2025,2,3,2.667,
Census Tract,09001022000,Other,04/2025,0,5,1.333,
Census Tract,09001022000,Other,05/2025,1,2,3,
Census Tract,09001022000,Other,06/2025,2,1,3.667,
Census Tract,09001022000,Other,07/2025,4,1.5,3.667,
Census Tract,09001022000,Other,08/2025,0,4,3.333,
Census Tract,09001022000,Other,09/2025,2,2.5,2,
Census Tract,09001022000,Other,10/2025,0,0,1.333,2025-10-04
Census Tract,09001022101,Hispanic,01/2020,0,2,1.667,
Census Tract,09001022101,Hispanic,02/2020,0,0,3.333,
Census Tract,09001022101,Hispanic,03/2020,4,0.5,1,
Census Tract,09001022101,Hispanic,04/2020,0,1,1.333,
Census Tract,09001022101,Hispanic,05/2020,0,2,2.333,
Census Tract,09001022101,Hispanic,06/2020,0,1,2.667,
Census Tract,09001022101,Hispanic,07/2020,0,1.5,1.667,
Census Tract,09001022101,Hispanic,08/2020,0,0.5,1.667,
Census Tract,09001022101,Hispanic,09/2020,0,0.5,1,
Census Tract,09001022101,Hispanic,10/2020,1,1,2,
Census Tract,09001022101,Hispanic,11/2020,1,1,0.667,
Census Tract,09001022101,Hispanic,12/2020,0,2,1,
Census Tract,09001022101,Hispanic,01/2021,1,2,1.667,
Census Tract,09001022101,Hispanic,02/2021,0,0,3.333,
Census Tract,09001022101,Hispanic,03/2021,1,0.5,1,
Census Tract,09001022101,Hispanic,04/2021,2,1,1.333,
Census Tract,09001022101,Hispanic,05/2021,0,2,2.333,
Census Tract,09001022101,Hispanic,06/2021,0,1,2.667,
Census Tract,09001022101,Hispanic,07/2021,0,1.5,1.667,
Census Tract,09001022101,Hispanic,08/2021,1,0.5,1.667,
Census Tract,09001022101,Hispanic,09/2021,1,0.5,1,
Census Tract,09001022101,Hispanic,10/2021,0,1,2,
Census Tract,09001022101,Hispanic,11/2021,1,1,0.667,
Census Tract,09001022101,Hispanic,12/2021,0,2,1,
Census Tract,09001022101,Hispanic,01/2022,0,2,1.667,
Census Tract,09001022101,Hispanic,02/2022,2,0,3.333,
Census Tract,09001022101,Hispanic,03/2022,1,0.5,1,
Census Tract,09001022101,Hispanic,04/2022,4,1,1.333,
Census Tract,09001022101,Hispanic,05/2022,1,2,2.333,
Census Tract,09001022101,Hispanic,06/2022,0,1,2.667,
Census Tract,09001022101,Hispanic,07/2022,1,1.5,1.667,
Census Tract,09001022101,Hispanic,08/2022,2,0.5,1.667,
Census Tract,09001022101,Hispanic,09/2022,1,0.5,1,
Census Tract,09001022101,Hispanic,10/2022,2,1,2,
Census Tract,09001022101,Hispanic,11/2022,3,1,0.667,
Census Tract,09001022101,Hispanic,12/2022,0,2,1,
Census Tract,09001022101,Hispanic,01/2023,4,2,1.667,
Census Tract,09001022101,Hispanic,02/2023,0,0,3.333,
Census Tract,09001022101,Hispanic,03/2023,0,0.5,1,
Census Tract,09001022101,Hispanic,04/2023,2,1,1.333,
Census Tract,09001022101,Hispanic,05/2023,2,2,2.333,
Census Tract,09001022101,Hispanic,06/2023,1,1,2.667,
Census Tract,09001022101,Hispanic,07/2023,2,1.5,1.667,
Census Tract,09001022101,Hispanic,08/2023,0,0.5,1.667,
Census Tract,09001022101,Hispanic,09/2023,0,0.5,1,
Census Tract,09001022101,Hispanic,10/2023,1,1,2,
Census Tract,09001022101,Hispanic,11/2023,1,1,0.667,
Census Tract,09001022101,Hispanic,12/2023,2,2,1,
Census Tract,09001022101,Hispanic,01/2024,0,2,1.667,
Census Tract,09001022101,Hispanic,02/2024,0,0,3.333,
Census Tract,09001022101,Hispanic,03/2024,1,0.5,1,
Census Tract,09001022101,Hispanic,04/2024,0,1,1.333,
Census Tract,09001022101,Hispanic,05/2024,2,2,2.333,
Census Tract,09001022101,Hispanic,06/2024,1,1,2.667,
Census Tract,09001022101,Hispanic,07/2024,1,1.5,1.667,
Census Tract,09001022101,Hispanic,08/2024,1,0.5,1.667,
Census Tract,09001022101,Hispanic,09/2024,1,0.5,1,
Census Tract,09001022101,Hispanic,10/2024,1,1,2,
Census Tract,09001022101,Hispanic,11/2024,1,1,0.667,
Census Tract,09001022101,Hispanic,12/2024,2,2,1,
Census Tract,09001022101,Hispanic,01/2025,1,2,1.667,
Census Tract,09001022101,Hispanic,02/2025,0,0,3.333,
Census Tract,09001022101,Hispanic,03/2025,2,0.5,1,
Census Tract,09001022101,Hispanic,04/2025,4,1,1.333,
Census Tract,09001022101,Hispanic,05/2025,0,2,2.333,
Census Tract,09001022101,Hispanic,06/2025,0,1,2.667,
Census Tract,09001022101,Hispanic,07/2025,2,1.5,1.667,
Census Tract,09001022101,Hispanic,08/2025,0,0.5,1.667,
Census Tract,09001022101,Hispanic,09/2025,1,0.5,1,
Census Tract,09001022101,Hispanic,10/2025,0,0,0,2025-10-04
Census Tract,09001022102,Other,01/2020,0,1.5,0.333,
Census Tract,09001022102,Other,02/2020,2,0,1,
Census Tract,09001022102,Other,03/2020,4,0.5,1.667,
Census Tract,09001022102,Other,04/2020,0,0,1.333,
Census Tract,09001022102,Other,05/2020,0,1,0.667,
Census Tract,09001022102,Other,06/2020,0,1.5,3,
Census Tract,09001022102,Other,07/2020,0,0,1.333,
Census Tract,09001022102,Other,08/2020,0,1,1.333,
Census Tract,09001022102,Other,09/2020,0,2,1.333,
Census Tract,09001022102,Other,10/2020,3,2,0.667,
Census Tract,09001022102,Other,11/2020,0,1.5,0.667,
Census Tract,09001022102,Other,12/2020,1,0.5,1,
Census Tract,09001022102,Other,01/2021,3,1.5,0.333,
Census Tract,09001022102,Other,02/2021,0,0,1,
Census Tract,09001022102,Other,03/2021,3,0.5,1.667,
Census Tract,09001022102,Other,04/2021,1,0,1.333,
Census Tract,09001022102,Other,05/2021,0,1,0.667,
Census Tract,09001022102,Other,06/2021,1,1.5,3,
Census Tract,09001022102,Other,07/2021,0,0,1.333,
Census Tract,09001022102,Other,08/2021,0,1,1.333,
Census Tract,09001022102,Other,09/2021,0,2,1.333,
Census Tract,09001022102,Other,10/2021,2,2,0.667,
Census Tract,09001022102,Other,11/2021,2,1.5,0.667,
Census Tract,09001022102,Other,12/2021,2,0.5,1,
Census Tract,09001022102,Other,01/2022,2,1.5,0.333,
Census Tract,09001022102,Other,02/2022,0,0,1,
Census Tract,09001022102,Other,03/2022,2,0.5,1.667,
Census Tract,09001022102,Other,04/2022,1,0,1.333,
Census Tract,09001022102,Other,05/2022,2,1,0.667,
Census Tract,09001022102,Other,06/2022,0,1.5,3,
Census Tract,09001022102,Other,07/2022,3,0,1.333,
Census Tract,09001022102,Other,08/2022,0,1,1.333,
Census Tract,09001022102,Other,09/2022,0,2,1.333,
Census Tract,09001022102,Other,10/2022,0,2,0.667,
Census Tract,09001022102,Other,11/2022,1,1.5,0.667,
Census Tract,09001022102,Other,12/2022,1,0.5,1,
Census Tract,09001022102,Other,01/2023,1,1.5,0.333,
Census Tract,09001022102,Other,02/2023,0,0,1,
Census Tract,09001022102,Other,03/2023,0,0.5,1.667,
Census Tract,09001022102,Other,04/2023,0,0,1.333,
Census Tract,09001022102,Other,05/2023,2,1,0.667,
Census Tract,09001022102,Other,06/2023,3,1.5,3,
Census Tract,09001022102,Other,07/2023,0,0,1.333,
Census Tract,09001022102,Other,08/2023,0,1,1.333,
Census Tract,09001022102,Other,09/2023,2,2,1.333,
Census Tract,09001022102,Other,10/2023,2,2,0.667,
Census Tract,09001022102,Other,11/2023,3,1.5,0.667,
Census Tract,09001022102,Other,12/2023,0,0.5,1,
Census Tract,09001022102,Other,01/2024,2,1.5,0.333,
Census Tract,09001022102,Other,02/2024,0,0,1,
Census Tract,09001022102,Other,03/2024,1,0.5,1.667,
Census Tract,09001022102,Other,04/2024,0,0,1.333,
Census Tract,09001022102,Other,05/2024,0,1,0.667,
Census Tract,09001022102,Other,06/2024,0,1.5,3,
Census Tract,09001022102,Other,07/2024,0,0,1.333,
Census Tract,09001022102,Other,08/2024,2,1,1.333,
Census Tract,09001022102,Other,09/2024,2,2,1.333,
Census Tract,09001022102,Other,10/2024,2,2,0.667,
Census Tract,09001022102,Other,11/2024,0,1.5,0.667,
Census Tract,09001022102,Other,12/2024,1,0.5,1,
Census Tract,09001022102,Other,01/2025,0,1.5,0.333,
Census Tract,09001022102,Other,02/2025,1,0,1,
Census Tract,09001022102,Other,03/2025,2,0.5,1.667,
Census Tract,09001022102,Other,04/2025,3,0,1.333,
Census Tract,09001022102,Other,05/2025,1,1,0.667,
Census Tract,09001022102,Other,06/2025,1,1.5,3,
Census Tract,09001022102,Other,07/2025,1,0,1.333,
Census Tract,09001022102,Other,08/2025,0,1,1.333,
Census Tract,09001022102,Other,09/2025,1,2,1.333,
Census Tract,09001022102,Other,10/2025,0,1.5,0,2025-10-04
Census Tract,09001022201,White,01/2020,1,3.5,2,
Census Tract,09001022201,White,02/2020,2,7,2.667,
Census Tract,09001022201,White,03/2020,3,2.5,4.333,
Census Tract,09001022201,White,04/2020,0,2,2.667,
Census Tract,09001022201,White,05/2020,0,4.5,2.667,
Census Tract,09001022201,White,06/2020,0,5,2,
Census Tract,09001022201,White,07/2020,0,1.5,3.667,
Census Tract,09001022201,White,08/2020,0,4,1.667,
Census Tract,09001022201,White,09/2020,0,8,2.333,
Census Tract,09001022201,White,10/2020,0,5.5,4.333,
Census Tract,09001022201,White,11/2020,0,3.5,3,
Census Tract,09001022201,White,12/2020,1,6.5,8,
Census Tract,09001022201,White,01/2021,0,3.5,2,
Census Tract,09001022201,White,02/2021,0,7,2.667,
Census Tract,09001022201,White,03/2021,3,2.5,4.333,
Census Tract,09001022201,White,04/2021,3,2,2.667,
Census Tract,09001022201,White,05/2021,0,4.5,2.667,
Census Tract,09001022201,White,06/2021,2,5,2,
Census Tract,09001022201,White,07/2021,0,1.5,3.667,
Census Tract,09001022201,White,08/2021,0,4,1.667,
Census Tract,09001022201,White,09/2021,0,8,2.333,
Census Tract,09001022201,White,10/2021,2,5.5,4.333,
Census Tract,09001022201,White,11/2021,4,3.5,3,
Census Tract,09001022201,White,12/2021,6,6.5,8,
Census Tract,09001022201,White,01/2022,1,3.5,2,
Census Tract,09001022201,White,02/2022,4,7,2.667,
Census Tract,09001022201,White,03/2022,10,2.5,4.333,
Census Tract,09001022201,White,04/2022,5,2,2.667,
Census Tract,09001022201,White,05/2022,9,4.5,2.667,
Census Tract,09001022201,White,06/2022,1,5,2,
Census Tract,09001022201,White,07/2022,4,1.5,3.667,
Census Tract,09001022201,White,08/2022,3,4,1.667,
Census Tract,09001022201,White,09/2022,6,8,2.333,
Census Tract,09001022201,White,10/2022,2,5.5,4.333,
Census Tract,09001022201,White,11/2022,3,3.5,3,
Census Tract,09001022201,White,12/2022,10,6.5,8,
Census Tract,09001022201,White,01/2023,3,3.5,2,
Census Tract,09001022201,White,02/2023,5,7,2.667,
Census Tract,09001022201,White,03/2023,3,2.5,4.333,
Census Tract,09001022201,White,04/2023,1,2,2.667,
Census Tract,09001022201,White,05/2023,5,4.5,2.667,
Census Tract,09001022201,White,06/2023,6,5,2,
Census Tract,09001022201,White,07/2023,3,1.5,3.667,
Census Tract,09001022201,White,08/2023,4,4,1.667,
Census Tract,09001022201,White,09/2023,8,8,2.333,
Census Tract,09001022201,White,10/2023,8,5.5,4.333,
Census Tract,09001022201,White,11/2023,5,3.5,3,
Census Tract,09001022201,White,12/2023,6,6.5,8,
Census Tract,09001022201,White,01/2024,4,3.5,2,
Census Tract,09001022201,White,02/2024,9,7,2.667,
Census Tract,09001022201,White,03/2024,2,2.5,4.333,
Census Tract,09001022201,White,04/2024,3,2,2.667,
Census Tract,09001022201,White,05/2024,4,4.5,2.667,
Census Tract,09001022201,White,06/2024,4,5,2,
Census Tract,09001022201,White,07/2024,0,1.5,3.667,
Census Tract,09001022201,White,08/2024,4,4,1.667,
Census Tract,09001022201,White,09/2024,8,8,2.333,
Census Tract,09001022201,White,10/2024,3,5.5,4.333,
Census Tract,09001022201,White,11/2024,2,3.5,3,
Census Tract,09001022201,White,12/2024,7,6.5,8,
Census Tract,09001022201,White,01/2025,3,3.5,2,
Census Tract,09001022201,White,02/2025,3,7,2.667,
Census Tract,09001022201,White,03/2025,4,2.5,4.333,
Census Tract,09001022201,White,04/2025,8,2,2.667,
Census Tract,09001022201,White,05/2025,3,4.5,2.667,
Census Tract,09001022201,White,06/2025,1,5,2,
Census Tract,09001022201,White,07/2025,2,1.5,3.667,
Census Tract,09001022201,White,08/2025,0,4,1.667,
Census Tract,09001022201,White,09/2025,4,8,2.333,
Census Tract,09001022201,White,10/2025,3,2.5,1.333,2025-10-04
Census Tract,09001022202,Other,01/2020,1,11.5,1.333,
Census Tract,09001022202,Other,02/2020,2,8,3.333,
Census Tract,09001022202,Other,03/2020,3,4.5,1.333,
Census Tract,09001022202,Other,04/2020,1,6,1.333,
Census Tract,09001022202,Other,05/2020,0,9.5,2,
Census Tract,09001022202,Other,06/2020,0,8,0.667,
Census Tract,09001022202,Other,07/2020,0,5,3,
Census Tract,09001022202,Other,08/2020,0,10,1.667,
Census Tract,09001022202,Other,09/2020,0,10,3.667,
Census Tract,09001022202,Other,10/2020,1,13,3.333,
Census Tract,09001022202,Other,11/2020,2,10,1,
Census Tract,09001022202,Other,12/2020,1,5,1.667,
Census Tract,09001022202,Other,01/2021,2,11.5,1.333,
Census Tract,09001022202,Other,02/2021,0,8,3.333,
Census Tract,09001022202,Other,03/2021,2,4.5,1.333,
Census Tract,09001022202,Other,04/2021,1,6,1.333,
Census Tract,09001022202,Other,05/2021,0,9.5,2,
Census Tract,09001022202,Other,06/2021,2,8,0.667,
Census Tract,09001022202,Other,07/2021,0,5,3,
Census Tract,09001022202,Other,08/2021,0,10,1.667,
Census Tract,09001022202,Other,09/2021,2,10,3.667,
Census Tract,09001022202,Other,10/2021,1,13,3.333,
Census Tract,09001022202,Other,11/2021,0,10,1,
Census Tract,09001022202,Other,12/2021,13,5,1.667,
Census Tract,09001022202,Other,01/2022,4,11.5,1.333,
Census Tract,09001022202,Other,02/2022,7,8,3.333,
Census Tract,09001022202,Other,03/2022,11,4.5,1.333,
Census Tract,09001022202,Other,04/2022,10,6,1.333,
Census Tract,09001022202,Other,05/2022,3,9.5,2,
Census Tract,09001022202,Other,06/2022,9,8,0.667,
Census Tract,09001022202,Other,07/2022,11,5,3,
Census Tract,09001022202,Other,08/2022,3,10,1.667,
Census Tract,09001022202,Other,09/2022,16,10,3.667,
Census Tract,09001022202,Other,10/2022,7,13,3.333,
Census Tract,09001022202,Other,11/2022,11,10,1,
Census Tract,09001022202,Other,12/2022,7,5,1.667,
Census Tract,09001022202,Other,01/2023,10,11.5,1.333,
Census Tract,09001022202,Other,02/2023,10,8,3.333,
Census Tract,09001022202,Other,03/2023,4,4.5,1.333,
Census Tract,09001022202,Other,04/2023,9,6,1.333,
Census Tract,09001022202,Other,05/2023,15,9.5,2,
Census Tract,09001022202,Other,06/2023,11,8,0.667,
Census Tract,09001022202,Other,07/2023,5,5,3,
Census Tract,09001022202,Other,08/2023,16,10,1.667,
Census Tract,09001022202,Other,09/2023,14,10,3.667,
Census Tract,09001022202,Other,10/2023,19,13,3.333,
Census Tract,09001022202,Other,11/2023,12,10,1,
Census Tract,09001022202,Other,12/2023,9,5,1.667,
Census Tract,09001022202,Other,01/2024,13,11.5,1.333,
Census Tract,09001022202,Other,02/2024,6,8,3.333,
Census Tract,09001022202,Other,03/2024,5,4.5,1.333,
Census Tract,09001022202,Other,04/2024,3,6,1.333,
Census Tract,09001022202,Other,05/2024,4,9.5,2,
Census Tract,09001022202,Other,06/2024,5,8,0.667,
Census Tract,09001022202,Other,07/2024,5,5,3,
Census Tract,09001022202,Other,08/2024,4,10,1.667,
Census Tract,09001022202,Other,09/2024,6,10,3.667,
Census Tract,09001022202,Other,10/2024,7,13,3.333,
Census Tract,09001022202,Other,11/2024,8,10,1,
Census Tract,09001022202,Other,12/2024,1,5,1.667,
Census Tract,09001022202,Other,01/2025,3,11.5,1.333,
Census Tract,09001022202,Other,02/2025,5,8,3.333,
Census Tract,09001022202,Other,03/2025,8,4.5,1.333,
Census Tract,09001022202,Other,04/2025,14,6,1.333,
Census Tract,09001022202,Other,05/2025,4,9.5,2,
Census Tract,09001022202,Other,06/2025,4,8,0.667,
Census Tract,09001022202,Other,07/2025,3,5,3,
Census Tract,09001022202,Other,08/2025,0,10,1.667,
Census Tract,09001022202,Other,09/2025,0,10,3.667,
Census Tract,09001022202,Other,10/2025,0,3,1.333,2025-10-04
Census Tract,09001022300,Other,01/2020,4,7,2.333,
Census Tract,09001022300,Other,02/2020,1,2.5,2.333,
Census Tract,09001022300,Other,03/2020,8,3,3.333,
Census Tract,09001022300,Other,04/2020,1,9,3.333,
Census Tract,09001022300,Other,05/2020,0,1,1.333,
Census Tract,09001022300,Other,06/2020,0,2.5,2.333,
Census Tract,09001022300,Other,07/2020,0,5,1.667,
Census Tract,09001022300,Other,08/2020,1,3.5,2.667,
Census Tract,09001022300,Other,09/2020,0,5.5,2.333,
Census Tract,09001022300,Other,10/2020,0,5.5,4,
Census Tract,09001022300,Other,11/2020,1,4.5,2.333,
Census Tract,09001022300,Other,12/2020,2,5.5,3.333,
Census Tract,09001022300,Other,01/2021,2,7,2.333,
Census Tract,09001022300,Other,02/2021,1,2.5,2.333,
Census Tract,09001022300,Other,03/2021,0,3,3.333,
Census Tract,09001022300,Other,04/2021,1,9,3.333,
Census Tract,09001022300,Other,05/2021,0,1,1.333,
Census Tract,09001022300,Other,06/2021,0,2.5,2.333,
Census Tract,09001022300,Other,07/2021,1,5,1.667,
Census Tract,09001022300,Other,08/2021,0,3.5,2.667,
Census Tract,09001022300,Other,09/2021,1,5.5,2.333,
Census Tract,09001022300,Other,10/2021,0,5.5,4,
Census Tract,09001022300,Other,11/2021,1,4.5,2.333,
Census Tract,09001022300,Other,12/2021,4,5.5,3.333,
Census Tract,09001022300,Other,01/2022,3,7,2.333,
Census Tract,09001022300,Other,02/2022,3,2.5,2.333,
Census Tract,09001022300,Other,03/2022,5,3,3.333,
Census Tract,09001022300,Other,04/2022,2,9,3.333,
Census Tract,09001022300,Other,05/2022,11,1,1.333,
Census Tract,09001022300,Other,06/2022,10,2.5,2.333,
Census Tract,09001022300,Other,07/2022,6,5,1.667,
Census Tract,09001022300,Other,08/2022,9,3.5,2.667,
Census Tract,09001022300,Other,09/2022,3,5.5,2.333,
Census Tract,09001022300,Other,10/2022,6,5.5,4,
Census Tract,09001022300,Other,11/2022,4,4.5,2.333,
Census Tract,09001022300,Other,12/2022,8,5.5,3.333,
Census Tract,09001022300,Other,01/2023,7,7,2.333,
Census Tract,09001022300,Other,02/2023,2,2.5,2.333,
Census Tract,09001022300,Other,03/2023,1,3,3.333,
Census Tract,09001022300,Other,04/2023,15,9,3.333,
Census Tract,09001022300,Other,05/2023,2,1,1.333,
Census Tract,09001022300,Other,06/2023,2,2.5,2.333,
Census Tract,09001022300,Other,07/2023,7,5,1.667,
Census Tract,09001022300,Other,08/2023,1,3.5,2.667,
Census Tract,09001022300,Other,09/2023,2,5.5,2.333,
Census Tract,09001022300,Other,10/2023,7,5.5,4,
Census Tract,09001022300,Other,11/2023,6,4.5,2.333,
Census Tract,09001022300,Other,12/2023,5,5.5,3.333,
Census Tract,09001022300,Other,01/2024,7,7,2.333,
Census Tract,09001022300,Other,02/2024,3,2.5,2.333,
Census Tract,09001022300,Other,03/2024,5,3,3.333,
Census Tract,09001022300,Other,04/2024,3,9,3.333,
Census Tract,09001022300,Other,05/2024,0,1,1.333,
Census Tract,09001022300,Other,06/2024,3,2.5,2.333,
Census Tract,09001022300,Other,07/2024,3,5,1.667,
Census Tract,09001022300,Other,08/2024,6,3.5,2.667,
Census Tract,09001022300,Other,09/2024,9,5.5,2.333,
Census Tract,09001022300,Other,10/2024,4,5.5,4,
Census Tract,09001022300,Other,11/2024,3,4.5,2.333,
Census Tract,09001022300,Other,12/2024,6,5.5,3.333,
Census Tract,09001022300,Other,01/2025,1,7,2.333,
Census Tract,09001022300,Other,02/2025,1,2.5,2.333,
Census Tract,09001022300,Other,03/2025,2,3,3.333,
Census Tract,09001022300,Other,04/2025,3,9,3.333,
Census Tract,09001022300,Other,05/2025,2,1,1.333,
Census Tract,09001022300,Other,06/2025,6,2.5,2.333,
Census Tract,09001022300,Other,07/2025,1,5,1.667,
Census Tract,09001022300,Other,08/2025,0,3.5,2.667,
Census Tract,09001022300,Other,09/2025,1,5.5,2.333,
Census Tract,09001022300,Other,10/2025,1,1,1,2025-10-04
Census Tract,09001022400,White,01/2020,0,0,0,
Census Tract,09001022400,White,02/2020,0,1,0.333,
Census Tract,09001022400,White,03/2020,1,0.5,0.667,
Census Tract,09001022400,White,04/2020,0,0,0,
Census Tract,09001022400,White,05/2020,0,0,0,
Census Tract,09001022400,White,06/2020,0,0.5,0,
Census Tract,09001022400,White,07/2020,0,0,0,
Census Tract,09001022400,White,08/2020,0,0.5,0,
Census Tract,09001022400,White,09/2020,0,0,0,
Census Tract,09001022400,White,10/2020,0,0,0,
Census Tract,09001022400,White,11/2020,0,0,0.333,
Census Tract,09001022400,White,12/2020,0,0,0.667,
Census Tract,09001022400,White,01/2021,0,0,0,
Census Tract,09001022400,White,02/2021,0,1,0.333,
Census Tract,09001022400,White,03/2021,1,0.5,0.667,
Census Tract,09001022400,White,04/2021,0,0,0,
Census Tract,09001022400,White,05/2021,0,0,0,
Census Tract,09001022400,White,06/2021,1,0.5,0,
Census Tract,09001022400,White,07/2021,0,0,0,
Census Tract,09001022400,White,08/2021,0,0.5,0,
Census Tract,09001022400,White,09/2021,0,0,0,
Census Tract,09001022400,White,10/2021,0,0,0,
Census Tract,09001022400,White,11/2021,1,0,0.333,
Census Tract,09001022400,White,12/2021,0,0,0.667,
Census Tract,09001022400,White,01/2022,1,0,0,
Census Tract,09001022400,White,02/2022,0,1,0.333,
Census Tract,09001022400,White,03/2022,1,0.5,0.667,
Census Tract,09001022400,White,04/2022,0,0,0,
Census Tract,09001022400,White,05/2022,0,0,0,
Census Tract,09001022400,White,06/2022,2,0.5,0,
Census Tract,09001022400,White,07/2022,0,0,0,
Census Tract,09001022400,White,08/2022,0,0.5,0,
Census Tract,09001022400,White,09/2022,0,0,0,
Census Tract,09001022400,White,10/2022,0,0,0,
Census Tract,09001022400,White,11/2022,0,0,0.333,
Census Tract,09001022400,White,12/2022,0,0,0.667,
Census Tract,09001022400,White,01/2023,0,0,0,
Census Tract,09001022400,White,02/2023,1,1,0.333,
Census Tract,09001022400,White,03/2023,1,0.5,0.667,
Census Tract,09001022400,White,04/2023,0,0,0,
Census Tract,09001022400,White,05/2023,0,0,0,
Census Tract,09001022400,White,06/2023,1,0.5,0,
Census Tract,09001022400,White,07/2023,0,0,0,
Census Tract,09001022400,White,08/2023,0,0.5,0,
Census Tract,09001022400,White,09/2023,0,0,0,
Census Tract,09001022400,White,10/2023,0,0,0,
Census Tract,09001022400,White,11/2023,0,0,0.333,
Census Tract,09001022400,White,12/2023,0,0,0.667,
Census Tract,09001022400,White,01/2024,0,0,0,
Census Tract,09001022400,White,02/2024,1,1,0.333,
Census Tract,09001022400,White,03/2024,0,0.5,0.667,
Census Tract,09001022400,White,04/2024,0,0,0,
Census Tract,09001022400,White,05/2024,0,0,0,
Census Tract,09001022400,White,06/2024,0,0.5,0,
Census Tract,09001022400,White,07/2024,0,0,0,
Census Tract,09001022400,White,08/2024,1,0.5,0,
Census Tract,09001022400,White,09/2024,0,0,0,
Census Tract,09001022400,White,10/2024,0,0,0,
Census Tract,09001022400,White,11/2024,0,0,0.333,
Census Tract,09001022400,White,12/2024,0,0,0.667,
Census Tract,09001022400,White,01/2025,0,0,0,
Census Tract,09001022400,White,02/2025,0,1,0.333,
Census Tract,09001022400,White,03/2025,0,0.5,0.667,
Census Tract,09001022400,White,04/2025,0,0,0,
Census Tract,09001022400,White,05/2025,0,0,0,
Census Tract,09001022400,White,06/2025,0,0.5,0,
Census Tract,09001022400,White,07/2025,0,0,0,
Census Tract,09001022400,White,08/2025,0,0.5,0,
Census Tract,09001022400,White,09/2025,0,0,0,
Census Tract,09001022400,White,10/2025,0,0,0,2025-10-04
Census Tract,09001030100,White,01/2020,1,0,0,
Census Tract,09001030100,White,02/2020,0,0.5,0,
Census Tract,09001030100,White,03/2020,0,0,0,
Census Tract,09001030100,White,04/2020,0,0,0,
Census Tract,09001030100,White,05/2020,0,0.5,1,
Census Tract,09001030100,White,06/2020,0,0.5,0,
Census Tract,09001030100,White,07/2020,0,0,0,
Census Tract,09001030100,White,08/2020,0,0.5,0,
Census Tract,09001030100,White,09/2020,0,0,0,
Census Tract,09001030100,White,10/2020,0,0,0,
Census Tract,09001030100,White,11/2020,0,0,0.333,
Census Tract,09001030100,White,12/2020,0,0,0,
Census Tract,09001030100,White,01/2021,0,0,0,
Census Tract,09001030100,White,02/2021,1,0.5,0,
Census Tract,09001030100,White,03/2021,0,0,0,
Census Tract,09001030100,White,04/2021,0,0,0,
Census Tract,09001030100,White,05/2021,0,0.5,1,
Census Tract,09001030100,White,06/2021,0,0.5,0,
Census Tract,09001030100,White,07/2021,0,0,0,
Census Tract,09001030100,White,08/2021,0,0.5,0,
Census Tract,09001030100,White,09/2021,0,0,0,
Census Tract,09001030100,White,10/2021,0,0,0,
Census Tract,09001030100,White,11/2021,0,0,0.333,
Census Tract,09001030100,White,12/2021,0,0,0,
Census Tract,09001030100,White,01/2022,0,0,0,
Census Tract,09001030100,White,02/2022,0,0.5,0,
Census Tract,09001030100,White,03/2022,1,0,0,
Census Tract,09001030100,White,04/2022,0,0,0,
Census Tract,09001030100,White,05/2022,0,0.5,1,
Census Tract,09001030100,White,06/2022,0,0.5,0,
Census Tract,09001030100,White,07/2022,0,0,0,
Census Tract,09001030100,White,08/2022,0,0.5,0,
Census Tract,09001030100,White,09/2022,0,0,0,
Census Tract,09001030100,White,10/2022,0,0,0,
Census Tract,09001030100,White,11/2022,0,0,0.333,
Census Tract,09001030100,White,12/2022,0,0,0,
Census Tract,09001030100,White,01/2023,0,0,0,
Census Tract,09001030100,White,02/2023,1,0.5,0,
Census Tract,09001030100,White,03/2023,0,0,0,
Census Tract,09001030100,White,04/2023,0,0,0,
Census Tract,09001030100,White,05/2023,0,0.5,1,
Census Tract,09001030100,White,06/2023,1,0.5,0,
Census Tract,09001030100,White,07/2023,0,0,0,
Census Tract,09001030100,White,08/2023,1,0.5,0,
Census Tract,09001030100,White,09/2023,0,0,0,
Census Tract,09001030100,White,10/2023,0,0,0,
Census Tract,09001030100,White,11/2023,0,0,0.333,
Census Tract,09001030100,White,12/2023,0,0,0,
Census Tract,09001030100,White,01/2024,0,0,0,
Census Tract,09001030100,White,02/2024,0,0.5,0,
Census Tract,09001030100,White,03/2024,0,0,0,
Census Tract,09001030100,White,04/2024,0,0,0,
Census Tract,09001030100,White,05/2024,1,0.5,1,
Census Tract,09001030100,White,06/2024,0,0.5,0,
Census Tract,09001030100,White,07/2024,0,0,0,
Census Tract,09001030100,White,08/2024,0,0.5,0,
Census Tract,09001030100,White,09/2024,0,0,0,
Census Tract,09001030100,White,10/2024,0,0,0,
Census Tract,09001030100,White,11/2024,0,0,0.333,
Census Tract,09001030100,White,12/2024,0,0,0,
Census Tract,09001030100,White,01/2025,0,0,0,
Census Tract,09001030100,White,02/2025,0,0.5,0,
Census Tract,09001030100,White,03/2025,0,0,0,
Census Tract,09001030100,White,04/2025,1,0,0,
Census Tract,09001030100,White,05/2025,1,0.5,1,
Census Tract,09001030100,White,06/2025,0,0.5,0,
Census Tract,09001030100,White,07/2025,0,0,0,
Census Tract,09001030100,White,08/2025,0,0.5,0,
Census Tract,09001030100,White,09/2025,0,0,0,
Census Tract,09001030100,White,10/2025,0,0,0,2025-10-04
Census Tract,09001030200,White,01/2020,0,0.5,0,
Census Tract,09001030200,White,02/2020,2,0,0,
Census Tract,09001030200,White,03/2020,1,0,0,
Census Tract,09001030200,White,04/2020,0,0,0,
Census Tract,09001030200,White,05/2020,0,0,0,
Census Tract,09001030200,White,06/2020,0,1,0.667,
Census Tract,09001030200,White,07/2020,0,0,0,
Census Tract,09001030200,White,08/2020,0,0,0,
Census Tract,09001030200,White,09/2020,0,0,0.333,
Census Tract,09001030200,White,10/2020,0,0,0,
Census Tract,09001030200,White,11/2020,0,0.5,0,
Census Tract,09001030200,White,12/2020,0,0,0,
Census Tract,09001030200,White,01/2021,0,0.5,0,
Census Tract,09001030200,White,02/2021,0,0,0,
Census Tract,09001030200,White,03/2021,0,0,0,
Census Tract,09001030200,White,04/2021,0,0,0,
Census Tract,09001030200,White,05/2021,0,0,0,
Census Tract,09001030200,White,06/2021,0,1,0.667,
Census Tract,09001030200,White,07/2021,0,0,0,
Census Tract,09001030200,White,08/2021,0,0,0,
Census Tract,09001030200,White,09/2021,0,0,0.333,
Census Tract,09001030200,White,10/2021,0,0,0,
Census Tract,09001030200,White,11/2021,0,0.5,0,
Census Tract,09001030200,White,12/2021,1,0,0,
Census Tract,09001030200,White,01/2022,0,0.5,0,
Census Tract,09001030200,White,02/2022,0,0,0,
Census Tract,09001030200,White,03/2022,0,0,0,
Census Tract,09001030200,White,04/2022,0,0,0,
Census Tract,09001030200,White,05/2022,0,0,0,
Census Tract,09001030200,White,06/2022,0,1,0.667,
Census Tract,09001030200,White,07/2022,0,0,0,
Census Tract,09001030200,White,08/2022,0,0,0,
Census Tract,09001030200,White,09/2022,0,0,0.333,
Census Tract,09001030200,White,10/2022,0,0,0,
Census Tract,09001030200,White,11/2022,0,0.5,0,
Census Tract,09001030200,White,12/2022,0,0,0,
Census Tract,09001030200,White,01/2023,0,0.5,0,
Census Tract,09001030200,White,02/2023,0,0,0,
Census Tract,09001030200,White,03/2023,0,0,0,
Census Tract,09001030200,White,04/2023,0,0,0,
Census Tract,09001030200,White,05/2023,0,0,0,
Census Tract,09001030200,White,06/2023,2,1,0.667,
Census Tract,09001030200,White,07/2023,0,0,0,
Census Tract,09001030200,White,08/2023,0,0,0,
Census Tract,09001030200,White,09/2023,0,0,0.333,
Census Tract,09001030200,White,10/2023,0,0,0,
Census Tract,09001030200,White,11/2023,1,0.5,0,
Census Tract,09001030200,White,12/2023,0,0,0,
Census Tract,09001030200,White,01/2024,1,0.5,0,
Census Tract,09001030200,White,02/2024,0,0,0,
Census Tract,09001030200,White,03/2024,0,0,0,
Census Tract,09001030200,White,04/2024,0,0,0,
Census Tract,09001030200,White,05/2024,0,0,0,
Census Tract,09001030200,White,06/2024,0,1,0.667,
Census Tract,09001030200,White,07/2024,0,0,0,
Census Tract,09001030200,White,08/2024,0,0,0,
Census Tract,09001030200,White,09/2024,0,0,0.333,
Census Tract,09001030200,White,10/2024,0,0,0,
Census Tract,09001030200,White,11/2024,0,0.5,0,
Census Tract,09001030200,White,12/2024,0,0,0,
Census Tract,09001030200,White,01/2025,0,0.5,0,
Census Tract,09001030200,White,02/2025,0,0,0,
Census Tract,09001030200,White,03/2025,0,0,0,
Census Tract,09001030200,White,04/2025,0,0,0,
Census Tract,09001030200,White,05/2025,0,0,0,
Census Tract,09001030200,White,06/2025,0,1,0.667,
Census Tract,09001030200,White,07/2025,0,0,0,
Census Tract,09001030200,White,08/2025,0,0,0,
Census Tract,09001030200,White,09/2025,0,0,0.333,
Census Tract,09001030200,White,10/2025,0,0,0,2025-10-04
Census Tract,09001030300,White,01/2020,0,0,0,
Census Tract,09001030300,White,02/2020,0,0,0,
Census Tract,09001030300,White,03/2020,0,0,0,
Census Tract,09001030300,White,04/2020,0,0,0,
Census Tract,09001030300,White,05/2020,0,0,0,
Census Tract,09001030300,White,06/2020,0,0,0,
Census Tract,09001030300,White,07/2020,0,0,0,
Census Tract,09001030300,White,08/2020,0,0,0.333,
Census Tract,09001030300,White,09/2020,0,0,0,
Census Tract,09001030300,White,10/2020,0,0,0,
Census Tract,09001030300,White,11/2020,1,0,0,
Census Tract,09001030300,White,12/2020,0,0,0,
Census Tract,09001030300,White,01/2021,0,0,0,
Census Tract,09001030300,White,02/2021,0,0,0,
Census Tract,09001030300,White,03/2021,0,0,0,
Census Tract,09001030300,White,04/2021,1,0,0,
Census Tract,09001030300,White,05/2021,1,0,0,
Census Tract,09001030300,White,06/2021,0,0,0,
Census Tract,09001030300,White,07/2021,0,0,0,
Census Tract,09001030300,White,08/2021,0,0,0.333,
Census Tract,09001030300,White,09/2021,0,0,0,
Census Tract,09001030300,White,10/2021,0,0,0,
Census Tract,09001030300,White,11/2021,0,0,0,
Census Tract,09001030300,White,12/2021,0,0,0,
Census Tract,09001030300,White,01/2022,1,0,0,
Census Tract,09001030300,White,02/2022,0,0,0,
Census Tract,09001030300,White,03/2022,0,0,0,
Census Tract,09001030300,White,04/2022,0,0,0,
Census Tract,09001030300,White,05/2022,0,0,0,
Census Tract,09001030300,White,06/2022,0,0,0,
Census Tract,09001030300,White,07/2022,0,0,0,
Census Tract,09001030300,White,08/2022,0,0,0.333,
Census Tract,09001030300,White,09/2022,0,0,0,
Census Tract,09001030300,White,10/2022,0,0,0,
Census Tract,09001030300,White,11/2022,0,0,0,
Census Tract,09001030300,White,12/2022,0,0,0,
Census Tract,09001030300,White,01/2023,0,0,0,
Census Tract,09001030300,White,02/2023,0,0,0,
Census Tract,09001030300,White,03/2023,0,0,0,
Census Tract,09001030300,White,04/2023,0,0,0,
Census Tract,09001030300,White,05/2023,0,0,0,
Census Tract,09001030300,White,06/2023,0,0,0,
Census Tract,09001030300,White,07/2023,0,0,0,
Census Tract,09001030300,White,08/2023,0,0,0.333,
Census Tract,09001030300,White,09/2023,0,0,0,
Census Tract,09001030300,White,10/2023,0,0,0,
Census Tract,09001030300,White,11/2023,0,0,0,
Census Tract,09001030300,White,12/2023,0,0,0,
Census Tract,09001030300,White,01/2024,0,0,0,
Census Tract,09001030300,White,02/2024,0,0,0,
Census Tract,09001030300,White,03/2024,0,0,0,
Census Tract,09001030300,White,04/2024,0,0,0,
Census Tract,09001030300,White,05/2024,0,0,0,
Census Tract,09001030300,White,06/2024,0,0,0,
Census Tract,09001030300,White,07/2024,0,0,0,
Census Tract,09001030300,White,08/2024,0,0,0.333,
Census Tract,09001030300,White,09/2024,0,0,0,
Census Tract,09001030300,White,10/2024,0,0,0,
Census Tract,09001030300,White,11/2024,0,0,0,
Census Tract,09001030300,White,12/2024,0,0,0,
Census Tract,09001030300,White,01/2025,0,0,0,
Census Tract,09001030300,White,02/2025,0,0,0,
Census Tract,09001030300,White,03/2025,0,0,0,
Census Tract,09001030300,White,04/2025,0,0,0,
Census Tract,09001030300,White,05/2025,0,0,0,
Census Tract,09001030300,White,06/2025,0,0,0,
Census Tract,09001030300,White,07/2025,0,0,0,
Census Tract,09001030300,White,08/2025,0,0,0.333,
Census Tract,09001030300,White,09/2025,0,0,0,
Census Tract,09001030300,White,10/2025,0,0,0,2025-10-04
Census Tract,09001030400,White,01/2020,1,0,0.667,
Census Tract,09001030400,White,02/2020,0,0,1,
Census Tract,09001030400,White,03/2020,0,0.5,1,
Census Tract,09001030400,White,04/2020,0,0.5,0.333,
Census Tract,09001030400,White,05/2020,0,0,0.333,
Census Tract,09001030400,White,06/2020,0,0.5,1.333,
Census Tract,09001030400,White,07/2020,0,0,0.333,
Census Tract,09001030400,White,08/2020,0,0,1.333,
Census Tract,09001030400,White,09/2020,0,0,2,
Census Tract,09001030400,White,10/2020,0,0,0.667,
Census Tract,09001030400,White,11/2020,0,0.5,0.667,
Census Tract,09001030400,White,12/2020,0,0.5,1.667,
Census Tract,09001030400,White,01/2021,0,0,0.667,
Census Tract,09001030400,White,02/2021,0,0,1,
Census Tract,09001030400,White,03/2021,0,0.5,1,
Census Tract,09001030400,White,04/2021,0,0.5,0.333,
Census Tract,09001030400,White,05/2021,0,0,0.333,
Census Tract,09001030400,White,06/2021,0,0.5,1.333,
Census Tract,09001030400,White,07/2021,0,0,0.333,
Census Tract,09001030400,White,08/2021,0,0,1.333,
Census Tract,09001030400,White,09/2021,0,0,2,
Census Tract,09001030400,White,10/2021,1,0,0.667,
Census Tract,09001030400,White,11/2021,0,0.5,0.667,
Census Tract,09001030400,White,12/2021,1,0.5,1.667,
Census Tract,09001030400,White,01/2022,0,0,0.667,
Census Tract,09001030400,White,02/2022,1,0,1,
Census Tract,09001030400,White,03/2022,1,0.5,1,
Census Tract,09001030400,White,04/2022,0,0.5,0.333,
Census Tract,09001030400,White,05/2022,1,0,0.333,
Census Tract,09001030400,White,06/2022,0,0.5,1.333,
Census Tract,09001030400,White,07/2022,0,0,0.333,
Census Tract,09001030400,White,08/2022,0,0,1.333,
Census Tract,09001030400,White,09/2022,0,0,2,
Census Tract,09001030400,White,10/2022,0,0,0.667,
Census Tract,09001030400,White,11/2022,0,0.5,0.667,
Census Tract,09001030400,White,12/2022,0,0.5,1.667,
Census Tract,09001030400,White,01/2023,0,0,0.667,
Census Tract,09001030400,White,02/2023,0,0,1,
Census Tract,09001030400,White,03/2023,1,0.5,1,
Census Tract,09001030400,White,04/2023,1,0.5,0.333,
Census Tract,09001030400,White,05/2023,0,0,0.333,
Census Tract,09001030400,White,06/2023,1,0.5,1.333,
Census Tract,09001030400,White,07/2023,0,0,0.333,
Census Tract,09001030400,White,08/2023,0,0,1.333,
Census Tract,09001030400,White,09/2023,0,0,2,
Census Tract,09001030400,White,10/2023,0,0,0.667,
Census Tract,09001030400,White,11/2023,0,0.5,0.667,
Census Tract,09001030400,White,12/2023,0,0.5,1.667,
Census Tract,09001030400,White,01/2024,0,0,0.667,
Census Tract,09001030400,White,02/2024,0,0,1,
Census Tract,09001030400,White,03/2024,0,0.5,1,
Census Tract,09001030400,White,04/2024,0,0.5,0.333,
Census Tract,09001030400,White,05/2024,0,0,0.333,
Census Tract,09001030400,White,06/2024,0,0.5,1.333,
Census Tract,09001030400,White,07/2024,0,0,0.333,
Census Tract,09001030400,White,08/2024,0,0,1.333,
Census Tract,09001030400,White,09/2024,0,0,2,
Census Tract,09001030400,White,10/2024,0,0,0.667,
Census Tract,09001030400,White,11/2024,1,0.5,0.667,
Census Tract,09001030400,White,12/2024,1,0.5,1.667,
Census Tract,09001030400,White,01/2025,0,0,0.667,
Census Tract,09001030400,White,02/2025,0,0,1,
Census Tract,09001030400,White,03/2025,0,0.5,1,
Census Tract,09001030400,White,04/2025,0,0.5,0.333,
Census Tract,09001030400,White,05/2025,0,0,0.333,
Census Tract,09001030400,White,06/2025,0,0.5,1.333,
Census Tract,09001030400,White,07/2025,0,0,0.333,
Census Tract,09001030400,White,08/2025,0,0,1.333,
Census Tract,09001030400,White,09/2025,0,0,2,
Census Tract,09001030400,White,10/2025,0,0,0,2025-10-04
Census Tract,09001030500,White,01/2020,0,0,0,
Census Tract,09001030500,White,02/2020,0,0,0,
Census Tract,09001030500,White,03/2020,0,0,0.333,
Census Tract,09001030500,White,04/2020,0,0,0,
Census Tract,09001030500,White,05/2020,0,0,0,
Census Tract,09001030500,White,06/2020,0,0.5,0,
Census Tract,09001030500,White,07/2020,0,0.5,0.333,
Census Tract,09001030500,White,08/2020,0,0.5,0.333,
Census Tract,09001030500,White,09/2020,0,0.5,0.333,
Census Tract,09001030500,White,10/2020,1,0,0.333,
Census Tract,09001030500,White,11/2020,0,0,0,
Census Tract,09001030500,White,12/2020,0,0,0,
Census Tract,09001030500,White,01/2021,0,0,0,
Census Tract,09001030500,White,02/2021,0,0,0,
Census Tract,09001030500,White,03/2021,0,0,0.333,
Census Tract,09001030500,White,04/2021,0,0,0,
Census Tract,09001030500,White,05/2021,0,0,0,
Census Tract,09001030500,White,06/2021,0,0.5,0,
Census Tract,09001030500,White,07/2021,0,0.5,0.333,
Census Tract,09001030500,White,08/2021,0,0.5,0.333,
Census Tract,09001030500,White,09/2021,0,0.5,0.333,
Census Tract,09001030500,White,10/2021,0,0,0.333,
Census Tract,09001030500,White,11/2021,0,0,0,
Census Tract,09001030500,White,12/2021,0,0,0,
Census Tract,09001030500,White,01/2022,0,0,0,
Census Tract,09001030500,White,02/2022,0,0,0,
Census Tract,09001030500,White,03/2022,0,0,0.333,
Census Tract,09001030500,White,04/2022,1,0,0,
Census Tract,09001030500,White,05/2022,1,0,0,
Census Tract,09001030500,White,06/2022,0,0.5,0,
Census Tract,09001030500,White,07/2022,1,0.5,0.333,
Census Tract,09001030500,White,08/2022,0,0.5,0.333,
Census Tract,09001030500,White,09/2022,1,0.5,0.333,
Census Tract,09001030500,White,10/2022,0,0,0.333,
Census Tract,09001030500,White,11/2022,0,0,0,
Census Tract,09001030500,White,12/2022,0,0,0,
Census Tract,09001030500,White,01/2023,0,0,0,
Census Tract,09001030500,White,02/2023,0,0,0,
Census Tract,09001030500,White,03/2023,0,0,0.333,
Census Tract,09001030500,White,04/2023,0,0,0,
Census Tract,09001030500,White,05/2023,0,0,0,
Census Tract,09001030500,White,06/2023,1,0.5,0,
Census Tract,09001030500,White,07/2023,0,0.5,0.333,
Census Tract,09001030500,White,08/2023,0,0.5,0.333,
Census Tract,09001030500,White,09/2023,0,0.5,0.333,
Census Tract,09001030500,White,10/2023,0,0,0.333,
Census Tract,09001030500,White,11/2023,0,0,0,
Census Tract,09001030500,White,12/2023,0,0,0,
Census Tract,09001030500,White,01/2024,0,0,0,
Census Tract,09001030500,White,02/2024,0,0,0,
Census Tract,09001030500,White,03/2024,0,0,0.333,
Census Tract,09001030500,White,04/2024,0,0,0,
Census Tract,09001030500,White,05/2024,0,0,0,
Census Tract,09001030500,White,06/2024,0,0.5,0,
Census Tract,09001030500,White,07/2024,1,0.5,0.333,
Census Tract,09001030500,White,08/2024,1,0.5,0.333,
Census Tract,09001030500,White,09/2024,1,0.5,0.333,
Census Tract,09001030500,White,10/2024,0,0,0.333,
Census Tract,09001030500,White,11/2024,0,0,0,
Census Tract,09001030500,White,12/2024,0,0,0,
Census Tract,09001030500,White,01/2025,2,0,0,
Census Tract,09001030500,White,02/2025,0,0,0,
Census Tract,09001030500,White,03/2025,0,0,0.333,
Census Tract,09001030500,White,04/2025,0,0,0,
Census Tract,09001030500,White,05/2025,0,0,0,
Census Tract,09001030500,White,06/2025,0,0.5,0,
Census Tract,09001030500,White,07/2025,0,0.5,0.333,
Census Tract,09001030500,White,08/2025,0,0.5,0.333,
Census Tract,09001030500,White,09/2025,0,0.5,0.333,
Census Tract,09001030500,White,10/2025,0,0,0,2025-10-04
Census Tract,09001035101,White,01/2020,0,0,0.333,
Census Tract,09001035101,White,02/2020,0,0.5,1,
Census Tract,09001035101,White,03/2020,1,1,0.333,
Census Tract,09001035101,White,04/2020,0,1,1.333,
Census Tract,09001035101,White,05/2020,0,0,0.667,
Census Tract,09001035101,White,06/2020,0,0.5,0.667,
Census Tract,09001035101,White,07/2020,0,0.5,0,
Census Tract,09001035101,White,08/2020,0,2,1.333,
Census Tract,09001035101,White,09/2020,0,0,0.333,
Census Tract,09001035101,White,10/2020,0,0,0.667,
Census Tract,09001035101,White,11/2020,0,1,0.333,
Census Tract,09001035101,White,12/2020,0,1,0.667,
Census Tract,09001035101,White,01/2021,0,0,0.333,
Census Tract,09001035101,White,02/2021,0,0.5,1,
Census Tract,09001035101,White,03/2021,0,1,0.333,
Census Tract,09001035101,White,04/2021,1,1,1.333,
Census Tract,09001035101,White,05/2021,1,0,0.667,
Census Tract,09001035101,White,06/2021,0,0.5,0.667,
Census Tract,09001035101,White,07/2021,0,0.5,0,
Census Tract,09001035101,White,08/2021,0,2,1.333,
Census Tract,09001035101,White,09/2021,0,0,0.333,
Census Tract,09001035101,White,10/2021,0,0,0.667,
Census Tract,09001035101,White,11/2021,0,1,0.333,
Census Tract,09001035101,White,12/2021,0,1,0.667,
Census Tract,09001035101,White,01/2022,0,0,0.333,
Census Tract,09001035101,White,02/2022,0,0.5,1,
Census Tract,09001035101,White,03/2022,2,1,0.333,
Census Tract,09001035101,White,04/2022,3,1,1.333,
Census Tract,09001035101,White,05/2022,0,0,0.667,
Census Tract,09001035101,White,06/2022,1,0.5,0.667,
Census Tract,09001035101,White,07/2022,2,0.5,0,
Census Tract,09001035101,White,08/2022,1,2,1.333,
Census Tract,09001035101,White,09/2022,1,0,0.333,
Census Tract,09001035101,White,10/2022,0,0,0.667,
Census Tract,09001035101,White,11/2022,1,1,0.333,
Census Tract,09001035101,White,12/2022,2,1,0.667,
Census Tract,09001035101,White,01/2023,0,0,0.333,
Census Tract,09001035101,White,02/2023,0,0.5,1,
Census Tract,09001035101,White,03/2023,2,1,0.333,
Census Tract,09001035101,White,04/2023,2,1,1.333,
Census Tract,09001035101,White,05/2023,0,0,0.667,
Census Tract,09001035101,White,06/2023,1,0.5,0.667,
Census Tract,09001035101,White,07/2023,1,0.5,0,
Census Tract,09001035101,White,08/2023,1,2,1.333,
Census Tract,09001035101,White,09/2023,0,0,0.333,
Census Tract,09001035101,White,10/2023,0,0,0.667,
Census Tract,09001035101,White,11/2023,2,1,0.333,
Census Tract,09001035101,White,12/2023,0,1,0.667,
Census Tract,09001035101,White,01/2024,0,0,0.333,
Census Tract,09001035101,White,02/2024,1,0.5,1,
Census Tract,09001035101,White,03/2024,0,1,0.333,
Census Tract,09001035101,White,04/2024,0,1,1.333,
Census Tract,09001035101,White,05/2024,0,0,0.667,
Census Tract,09001035101,White,06/2024,0,0.5,0.667,
Census Tract,09001035101,White,07/2024,0,0.5,0,
Census Tract,09001035101,White,08/2024,3,2,1.333,
Census Tract,09001035101,White,09/2024,0,0,0.333,
Census Tract,09001035101,White,10/2024,0,0,0.667,
Census Tract,09001035101,White,11/2024,0,1,0.333,
Census Tract,09001035101,White,12/2024,2,1,0.667,
Census Tract,09001035101,White,01/2025,0,0,0.333,
Census Tract,09001035101,White,02/2025,0,0.5,1,
Census Tract,09001035101,White,03/2025,3,1,0.333,
Census Tract,09001035101,White,04/2025,2,1,1.333,
Census Tract,09001035101,White,05/2025,1,0,0.667,
Census Tract,09001035101,White,06/2025,0,0.5,0.667,
Census Tract,09001035101,White,07/2025,0,0.5,0,
Census Tract,09001035101,White,08/2025,0,2,1.333,
Census Tract,09001035101,White,09/2025,0,0,0.333,
Census Tract,09001035101,White,10/2025,0,0,0,2025-10-04
Census Tract,09001035102,White,01/2020,0,0.5,0,
Census Tract,09001035102,White,02/2020,0,0,0,
Census Tract,09001035102,White,03/2020,0,0,0,
Census Tract,09001035102,White,04/2020,0,0,0,
Census Tract,09001035102,White,05/2020,0,0.5,0.333,
Census Tract,09001035102,White,06/2020,0,0,0,
Census Tract,09001035102,White,07/2020,0,0.5,0,
Census Tract,09001035102,White,08/2020,0,0,0,
Census Tract,09001035102,White,09/2020,0,0,0,
Census Tract,09001035102,White,10/2020,0,0,0.333,
Census Tract,09001035102,White,11/2020,1,0,0.333,
Census Tract,09001035102,White,12/2020,0,0,0.333,
Census Tract,09001035102,White,01/2021,0,0.5,0,
Census Tract,09001035102,White,02/2021,0,0,0,
Census Tract,09001035102,White,03/2021,0,0,0,
Census Tract,09001035102,White,04/2021,0,0,0,
Census Tract,09001035102,White,05/2021,0,0.5,0.333,
Census Tract,09001035102,White,06/2021,0,0,0,
Census Tract,09001035102,White,07/2021,0,0.5,0,
Census Tract,09001035102,White,08/2021,1,0,0,
Census Tract,09001035102,White,09/2021,0,0,0,
Census Tract,09001035102,White,10/2021,0,0,0.333,
Census Tract,09001035102,White,11/2021,1,0,0.333,
Census Tract,09001035102,White,12/2021,1,0,0.333,
Census Tract,09001035102,White,01/2022,0,0.5,0,
Census Tract,09001035102,White,02/2022,0,0,0,
Census Tract,09001035102,White,03/2022,0,0,0,
Census Tract,09001035102,White,04/2022,0,0,0,
Census Tract,09001035102,White,05/2022,0,0.5,0.333,
Census Tract,09001035102,White,06/2022,1,0,0,
Census Tract,09001035102,White,07/2022,0,0.5,0,
Census Tract,09001035102,White,08/2022,1,0,0,
Census Tract,09001035102,White,09/2022,0,0,0,
Census Tract,09001035102,White,10/2022,0,0,0.333,
Census Tract,09001035102,White,11/2022,0,0,0.333,
Census Tract,09001035102,White,12/2022,0,0,0.333,
Census Tract,09001035102,White,01/2023,1,0.5,0,
Census Tract,09001035102,White,02/2023,0,0,0,
Census Tract,09001035102,White,03/2023,0,0,0,
Census Tract,09001035102,White,04/2023,0,0,0,
Census Tract,09001035102,White,05/2023,0,0.5,0.333,
Census Tract,09001035102,White,06/2023,0,0,0,
Census Tract,09001035102,White,07/2023,0,0.5,0,
Census Tract,09001035102,White,08/2023,0,0,0,
Census Tract,09001035102,White,09/2023,0,0,0,
Census Tract,09001035102,White,10/2023,0,0,0.333,
Census Tract,09001035102,White,11/2023,0,0,0.333,
Census Tract,09001035102,White,12/2023,0,0,0.333,
Census Tract,09001035102,White,01/2024,0,0.5,0,
Census Tract,09001035102,White,02/2024,0,0,0,
Census Tract,09001035102,White,03/2024,0,0,0,
Census Tract,09001035102,White,04/2024,0,0,0,
Census Tract,09001035102,White,05/2024,1,0.5,0.333,
Census Tract,09001035102,White,06/2024,0,0,0,
Census Tract,09001035102,White,07/2024,1,0.5,0,
Census Tract,09001035102,White,08/2024,0,0,0,
Census Tract,09001035102,White,09/2024,0,0,0,
Census Tract,09001035102,White,10/2024,0,0,0.333,
Census Tract,09001035102,White,11/2024,0,0,0.333,
Census Tract,09001035102,White,12/2024,0,0,0.333,
Census Tract,09001035102,White,01/2025,0,0.5,0,
Census Tract,09001035102,White,02/2025,0,0,0,
Census Tract,09001035102,White,03/2025,0,0,0,
Census Tract,09001035102,White,04/2025,0,0,0,
Census Tract,09001035102,White,05/2025,0,0.5,0.333,
Census Tract,09001035102,White,06/2025,0,0,0,
Census Tract,09001035102,White,07/2025,0,0.5,0,
Census Tract,09001035102,White,08/2025,0,0,0,
Census Tract,09001035102,White,09/2025,0,0,0,
Census Tract,09001035102,White,10/2025,0,0,0,2025-10-04
Census Tract,09001035200,White,01/2020,0,1,0,
Census Tract,09001035200,White,02/2020,0,0,0,
Census Tract,09001035200,White,03/2020,0,0,0.333,
Census Tract,09001035200,White,04/2020,0,0.5,0,
Census Tract,09001035200,White,05/2020,0,0,0,
Census Tract,09001035200,White,06/2020,0,1.5,0,
Census Tract,09001035200,White,07/2020,0,0,0,
Census Tract,09001035200,White,08/2020,0,0,0,
Census Tract,09001035200,White,09/2020,0,0.5,0.333,
Census Tract,09001035200,White,10/2020,0,0,0.333,
Census Tract,09001035200,White,11/2020,0,1,0,
Census Tract,09001035200,White,12/2020,0,0,0,
Census Tract,09001035200,White,01/2021,0,1,0,
Census Tract,09001035200,White,02/2021,0,0,0,
Census Tract,09001035200,White,03/2021,0,0,0.333,
Census Tract,09001035200,White,04/2021,0,0.5,0,
Census Tract,09001035200,White,05/2021,0,0,0,
Census Tract,09001035200,White,06/2021,2,1.5,0,
Census Tract,09001035200,White,07/2021,1,0,0,
Census Tract,09001035200,White,08/2021,0,0,0,
Census Tract,09001035200,White,09/2021,0,0.5,0.333,
Census Tract,09001035200,White,10/2021,1,0,0.333,
Census Tract,09001035200,White,11/2021,0,1,0,
Census Tract,09001035200,White,12/2021,0,0,0,
Census Tract,09001035200,White,01/2022,0,1,0,
Census Tract,09001035200,White,02/2022,2,0,0,
Census Tract,09001035200,White,03/2022,1,0,0.333,
Census Tract,09001035200,White,04/2022,0,0.5,0,
Census Tract,09001035200,White,05/2022,0,0,0,
Census Tract,09001035200,White,06/2022,1,1.5,0,
Census Tract,09001035200,White,07/2022,0,0,0,
Census Tract,09001035200,White,08/2022,0,0,0,
Census Tract,09001035200,White,09/2022,1,0.5,0.333,
Census Tract,09001035200,White,10/2022,0,0,0.333,
Census Tract,09001035200,White,11/2022,0,1,0,
Census Tract,09001035200,White,12/2022,0,0,0,
Census Tract,09001035200,White,01/2023,1,1,0,
Census Tract,09001035200,White,02/2023,0,0,0,
Census Tract,09001035200,White,03/2023,0,0,0.333,
Census Tract,09001035200,White,04/2023,1,0.5,0,
Census Tract,09001035200,White,05/2023,0,0,0,
Census Tract,09001035200,White,06/2023,2,1.5,0,
Census Tract,09001035200,White,07/2023,0,0,0,
Census Tract,09001035200,White,08/2023,0,0,0,
Census Tract,09001035200,White,09/2023,1,0.5,0.333,
Census Tract,09001035200,White,10/2023,0,0,0.333,
Census Tract,09001035200,White,11/2023,2,1,0,
Census Tract,09001035200,White,12/2023,0,0,0,
Census Tract,09001035200,White,01/2024,1,1,0,
Census Tract,09001035200,White,02/2024,0,0,0,
Census Tract,09001035200,White,03/2024,0,0,0.333,
Census Tract,09001035200,White,04/2024,0,0.5,0,
Census Tract,09001035200,White,05/2024,0,0,0,
Census Tract,09001035200,White,06/2024,1,1.5,0,
Census Tract,09001035200,White,07/2024,0,0,0,
Census Tract,09001035200,White,08/2024,0,0,0,
Census Tract,09001035200,White,09/2024,0,0.5,0.333,
Census Tract,09001035200,White,10/2024,0,0,0.333,
Census Tract,09001035200,White,11/2024,0,1,0,
Census Tract,09001035200,White,12/2024,0,0,0,
Census Tract,09001035200,White,01/2025,1,1,0,
Census Tract,09001035200,White,02/2025,0,0,0,
Census Tract,09001035200,White,03/2025,0,0,0.333,
Census Tract,09001035200,White,04/2025,0,0.5,0,
Census Tract,09001035200,White,05/2025,0,0,0,
Census Tract,09001035200,White,06/2025,0,1.5,0,
Census Tract,09001035200,White,07/2025,0,0,0,
Census Tract,09001035200,White,08/2025,0,0,0,
Census Tract,09001035200,White,09/2025,0,0.5,0.333,
Census Tract,09001035200,White,10/2025,0,0,0.333,2025-10-04
Census Tract,09001035300,White,01/2020,0,0.5,0,
Census Tract,09001035300,White,02/2020,0,0,0,
Census Tract,09001035300,White,03/2020,0,0.5,0,
Census Tract,09001035300,White,04/2020,0,0,0,
Census Tract,09001035300,White,05/2020,0,1,0,
Census Tract,09001035300,White,06/2020,0,0,0,
Census Tract,09001035300,White,07/2020,0,0.5,0,
Census Tract,09001035300,White,08/2020,0,0,0,
Census Tract,09001035300,White,09/2020,0,0,0.333,
Census Tract,09001035300,White,10/2020,0,0,0,
Census Tract,09001035300,White,11/2020,0,0,0,
Census Tract,09001035300,White,12/2020,0,0,0,
Census Tract,09001035300,White,01/2021,0,0.5,0,
Census Tract,09001035300,White,02/2021,0,0,0,
Census Tract,09001035300,White,03/2021,0,0.5,0,
Census Tract,09001035300,White,04/2021,0,0,0,
Census Tract,09001035300,White,05/2021,0,1,0,
Census Tract,09001035300,White,06/2021,0,0,0,
Census Tract,09001035300,White,07/2021,0,0.5,0,
Census Tract,09001035300,White,08/2021,0,0,0,
Census Tract,09001035300,White,09/2021,0,0,0.333,
Census Tract,09001035300,White,10/2021,0,0,0,
Census Tract,09001035300,White,11/2021,0,0,0,
Census Tract,09001035300,White,12/2021,0,0,0,
Census Tract,09001035300,White,01/2022,0,0.5,0,
Census Tract,09001035300,White,02/2022,0,0,0,
Census Tract,09001035300,White,03/2022,1,0.5,0,
Census Tract,09001035300,White,04/2022,1,0,0,
Census Tract,09001035300,White,05/2022,0,1,0,
Census Tract,09001035300,White,06/2022,0,0,0,
Census Tract,09001035300,White,07/2022,0,0.5,0,
Census Tract,09001035300,White,08/2022,1,0,0,
Census Tract,09001035300,White,09/2022,1,0,0.333,
Census Tract,09001035300,White,10/2022,4,0,0,
Census Tract,09001035300,White,11/2022,0,0,0,
Census Tract,09001035300,White,12/2022,1,0,0,
Census Tract,09001035300,White,01/2023,1,0.5,0,
Census Tract,09001035300,White,02/2023,0,0,0,
Census Tract,09001035300,White,03/2023,1,0.5,0,
Census Tract,09001035300,White,04/2023,0,0,0,
Census Tract,09001035300,White,05/2023,0,1,0,
Census Tract,09001035300,White,06/2023,0,0,0,
Census Tract,09001035300,White,07/2023,1,0.5,0,
Census Tract,09001035300,White,08/2023,0,0,0,
Census Tract,09001035300,White,09/2023,0,0,0.333,
Census Tract,09001035300,White,10/2023,0,0,0,
Census Tract,09001035300,White,11/2023,0,0,0,
Census Tract,09001035300,White,12/2023,0,0,0,
Census Tract,09001035300,White,01/2024,0,0.5,0,
Census Tract,09001035300,White,02/2024,0,0,0,
Census Tract,09001035300,White,03/2024,0,0.5,0,
Census Tract,09001035300,White,04/2024,0,0,0,
Census Tract,09001035300,White,05/2024,2,1,0,
Census Tract,09001035300,White,06/2024,0,0,0,
Census Tract,09001035300,White,07/2024,0,0.5,0,
Census Tract,09001035300,White,08/2024,0,0,0,
Census Tract,09001035300,White,09/2024,0,0,0.333,
Census Tract,09001035300,White,10/2024,0,0,0,
Census Tract,09001035300,White,11/2024,0,0,0,
Census Tract,09001035300,White,12/2024,0,0,0,
Census Tract,09001035300,White,01/2025,0,0.5,0,
Census Tract,09001035300,White,02/2025,0,0,0,
Census Tract,09001035300,White,03/2025,0,0.5,0,
Census Tract,09001035300,White,04/2025,0,0,0,
Census Tract,09001035300,White,05/2025,0,1,0,
Census Tract,09001035300,White,06/2025,0,0,0,
Census Tract,09001035300,White,07/2025,0,0.5,0,
Census Tract,09001035300,White,08/2025,0,0,0,
Census Tract,09001035300,White,09/2025,0,0,0.333,
Census Tract,09001035300,White,10/2025,0,0,0,2025-10-04
Census Tract,09001035400,White,01/2020,0,0,0,
Census Tract,09001035400,White,02/2020,0,0,0.333,
Census Tract,09001035400,White,03/2020,0,0,0.333,
Census Tract,09001035400,White,04/2020,0,0.5,0,
Census Tract,09001035400,White,05/2020,0,0,0.667,
Census Tract,09001035400,White,06/2020,0,1,0,
Census Tract,09001035400,White,07/2020,0,0,0,
Census Tract,09001035400,White,08/2020,0,0,0.333,
Census Tract,09001035400,White,09/2020,0,0.5,0,
Census Tract,09001035400,White,10/2020,0,0.5,0.333,
Census Tract,09001035400,White,11/2020,1,0.5,0.667,
Census Tract,09001035400,White,12/2020,0,0,0,
Census Tract,09001035400,White,01/2021,1,0,0,
Census Tract,09001035400,White,02/2021,1,0,0.333,
Census Tract,09001035400,White,03/2021,0,0,0.333,
Census Tract,09001035400,White,04/2021,0,0.5,0,
Census Tract,09001035400,White,05/2021,0,0,0.667,
Census Tract,09001035400,White,06/2021,0,1,0,
Census Tract,09001035400,White,07/2021,0,0,0,
Census Tract,09001035400,White,08/2021,0,0,0.333,
Census Tract,09001035400,White,09/2021,0,0.5,0,
Census Tract,09001035400,White,10/2021,0,0.5,0.333,
Census Tract,09001035400,White,11/2021,1,0.5,0.667,
Census Tract,09001035400,White,12/2021,0,0,0,
Census Tract,09001035400,White,01/2022,0,0,0,
Census Tract,09001035400,White,02/2022,2,0,0.333,
Census Tract,09001035400,White,03/2022,0,0,0.333,
Census Tract,09001035400,White,04/2022,0,0.5,0,
Census Tract,09001035400,White,05/2022,0,0,0.667,
Census Tract,09001035400,White,06/2022,0,1,0,
Census Tract,09001035400,White,07/2022,0,0,0,
Census Tract,09001035400,White,08/2022,0,0,0.333,
Census Tract,09001035400,White,09/2022,0,0.5,0,
Census Tract,09001035400,White,10/2022,0,0.5,0.333,
Census Tract,09001035400,White,11/2022,1,0.5,0.667,
Census Tract,09001035400,White,12/2022,0,0,0,
Census Tract,09001035400,White,01/2023,0,0,0,
Census Tract,09001035400,White,02/2023,0,0,0.333,
Census Tract,09001035400,White,03/2023,0,0,0.333,
Census Tract,09001035400,White,04/2023,1,0.5,0,
Census Tract,09001035400,White,05/2023,0,0,0.667,
Census Tract,09001035400,White,06/2023,0,1,0,
Census Tract,09001035400,White,07/2023,0,0,0,
Census Tract,09001035400,White,08/2023,0,0,0.333,
Census Tract,09001035400,White,09/2023,1,0.5,0,
Census Tract,09001035400,White,10/2023,1,0.5,0.333,
Census Tract,09001035400,White,11/2023,1,0.5,0.667,
Census Tract,09001035400,White,12/2023,0,0,0,
Census Tract,09001035400,White,01/2024,0,0,0,
Census Tract,09001035400,White,02/2024,0,0,0.333,
Census Tract,09001035400,White,03/2024,0,0,0.333,
Census Tract,09001035400,White,04/2024,0,0.5,0,
Census Tract,09001035400,White,05/2024,0,0,0.667,
Census Tract,09001035400,White,06/2024,2,1,0,
Census Tract,09001035400,White,07/2024,0,0,0,
Census Tract,09001035400,White,08/2024,0,0,0.333,
Census Tract,09001035400,White,09/2024,0,0.5,0,
Census Tract,09001035400,White,10/2024,0,0.5,0.333,
Census Tract,09001035400,White,11/2024,0,0.5,0.667,
Census Tract,09001035400,White,12/2024,0,0,0,
Census Tract,09001035400,White,01/2025,0,0,0,
Census Tract,09001035400,White,02/2025,0,0,0.333,
Census Tract,09001035400,White,03/2025,0,0,0.333,
Census Tract,09001035400,White,04/2025,0,0.5,0,
Census Tract,09001035400,White,05/2025,0,0,0.667,
Census Tract,09001035400,White,06/2025,0,1,0,
Census Tract,09001035400,White,07/2025,1,0,0,
Census Tract,09001035400,White,08/2025,0,0,0.333,
Census Tract,09001035400,White,09/2025,0,0.5,0,
Census Tract,09001035400,White,10/2025,0,0,0,2025-10-04
Census Tract,09001042500,White,01/2020,0,0.5,0.333,
Census Tract,09001042500,White,02/2020,0,0.5,0,
Census Tract,09001042500,White,03/2020,0,0.5,0.667,
Census Tract,09001042500,White,04/2020,0,0,0,
Census Tract,09001042500,White,05/2020,0,0,1.667,
Census Tract,09001042500,White,06/2020,0,0,0.667,
Census Tract,09001042500,White,07/2020,0,0,0.667,
Census Tract,09001042500,White,08/2020,0,0.5,0,
Census Tract,09001042500,White,09/2020,0,0,1,
Census Tract,09001042500,White,10/2020,0,0,0.333,
Census Tract,09001042500,White,11/2020,0,0.5,0.667,
Census Tract,09001042500,White,12/2020,0,0,0.333,
Census Tract,09001042500,White,01/2021,0,0.5,0.333,
Census Tract,09001042500,White,02/2021,0,0.5,0,
Census Tract,09001042500,White,03/2021,0,0.5,0.667,
Census Tract,09001042500,White,04/2021,0,0,0,
Census Tract,09001042500,White,05/2021,0,0,1.667,
Census Tract,09001042500,White,06/2021,0,0,0.667,
Census Tract,09001042500,White,07/2021,0,0,0.667,
Census Tract,09001042500,White,08/2021,0,0.5,0,
Census Tract,09001042500,White,09/2021,1,0,1,
Census Tract,09001042500,White,10/2021,0,0,0.333,
Census Tract,09001042500,White,11/2021,0,0.5,0.667,
Census Tract,09001042500,White,12/2021,0,0,0.333,
Census Tract,09001042500,White,01/2022,0,0.5,0.333,
Census Tract,09001042500,White,02/2022,0,0.5,0,
Census Tract,09001042500,White,03/2022,1,0.5,0.667,
Census Tract,09001042500,White,04/2022,0,0,0,
Census Tract,09001042500,White,05/2022,0,0,1.667,
Census Tract,09001042500,White,06/2022,0,0,0.667,
Census Tract,09001042500,White,07/2022,1,0,0.667,
Census Tract,09001042500,White,08/2022,2,0.5,0,
Census Tract,09001042500,White,09/2022,0,0,1,
Census Tract,09001042500,White,10/2022,0,0,0.333,
Census Tract,09001042500,White,11/2022,0,0.5,0.667,
Census Tract,09001042500,White,12/2022,0,0,0.333,
Census Tract,09001042500,White,01/2023,1,0.5,0.333,
Census Tract,09001042500,White,02/2023,0,0.5,0,
Census Tract,09001042500,White,03/2023,0,0.5,0.667,
Census Tract,09001042500,White,04/2023,0,0,0,
Census Tract,09001042500,White,05/2023,0,0,1.667,
Census Tract,09001042500,White,06/2023,0,0,0.667,
Census Tract,09001042500,White,07/2023,0,0,0.667,
Census Tract,09001042500,White,08/2023,1,0.5,0,
Census Tract,09001042500,White,09/2023,0,0,1,
Census Tract,09001042500,White,10/2023,0,0,0.333,
Census Tract,09001042500,White,11/2023,1,0.5,0.667,
Census Tract,09001042500,White,12/2023,0,0,0.333,
Census Tract,09001042500,White,01/2024,0,0.5,0.333,
Census Tract,09001042500,White,02/2024,1,0.5,0,
Census Tract,09001042500,White,03/2024,1,0.5,0.667,
Census Tract,09001042500,White,04/2024,0,0,0,
Census Tract,09001042500,White,05/2024,0,0,1.667,
Census Tract,09001042500,White,06/2024,0,0,0.667,
Census Tract,09001042500,White,07/2024,0,0,0.667,
Census Tract,09001042500,White,08/2024,0,0.5,0,
Census Tract,09001042500,White,09/2024,0,0,1,
Census Tract,09001042500,White,10/2024,0,0,0.333,
Census Tract,09001042500,White,11/2024,0,0.5,0.667,
Census Tract,09001042500,White,12/2024,0,0,0.333,
Census Tract,09001042500,White,01/2025,0,0.5,0.333,
Census Tract,09001042500,White,02/2025,0,0.5,0,
Census Tract,09001042500,White,03/2025,0,0.5,0.667,
Census Tract,09001042500,White,04/2025,1,0,0,
Census Tract,09001042500,White,05/2025,0,0,1.667,
Census Tract,09001042500,White,06/2025,0,0,0.667,
Census Tract,09001042500,White,07/2025,0,0,0.667,
Census Tract,09001042500,White,08/2025,0,0.5,0,
Census Tract,09001042500,White,09/2025,0,0,1,
Census Tract,09001042500,White,10/2025,0,0,0,2025-10-04
Census Tract,09001042600,White,01/2020,0,1,0,
Census Tract,09001042600,White,02/2020,1,1.5,3,
Census Tract,09001042600,White,03/2020,0,4,0.667,
Census Tract,09001042600,White,04/2020,0,1.5,1.667,
Census Tract,09001042600,White,05/2020,0,1,1.667,
Census Tract,09001042600,White,06/2020,0,2.5,1.333,
Census Tract,09001042600,White,07/2020,0,4,0.333,
Census Tract,09001042600,White,08/2020,0,0.5,2.333,
Census Tract,09001042600,White,09/2020,0,1.5,2.667,
Census Tract,09001042600,White,10/2020,0,4,1,
Census Tract,09001042600,White,11/2020,0,0,0.667,
Census Tract,09001042600,White,12/2020,0,2,1,
Census Tract,09001042600,White,01/2021,0,1,0,
Census Tract,09001042600,White,02/2021,0,1.5,3,
Census Tract,09001042600,White,03/2021,1,4,0.667,
Census Tract,09001042600,White,04/2021,2,1.5,1.667,
Census Tract,09001042600,White,05/2021,0,1,1.667,
Census Tract,09001042600,White,06/2021,0,2.5,1.333,
Census Tract,09001042600,White,07/2021,0,4,0.333,
Census Tract,09001042600,White,08/2021,0,0.5,2.333,
Census Tract,09001042600,White,09/2021,0,1.5,2.667,
Census Tract,09001042600,White,10/2021,1,4,1,
Census Tract,09001042600,White,11/2021,1,0,0.667,
Census Tract,09001042600,White,12/2021,1,2,1,
Census Tract,09001042600,White,01/2022,3,1,0,
Census Tract,09001042600,White,02/2022,1,1.5,3,
Census Tract,09001042600,White,03/2022,4,4,0.667,
Census Tract,09001042600,White,04/2022,0,1.5,1.667,
Census Tract,09001042600,White,05/2022,5,1,1.667,
Census Tract,09001042600,White,06/2022,0,2.5,1.333,
Census Tract,09001042600,White,07/2022,0,4,0.333,
Census Tract,09001042600,White,08/2022,0,0.5,2.333,
Census Tract,09001042600,White,09/2022,0,1.5,2.667,
Census Tract,09001042600,White,10/2022,0,4,1,
Census Tract,09001042600,White,11/2022,2,0,0.667,
Census Tract,09001042600,White,12/2022,3,2,1,
Census Tract,09001042600,White,01/2023,0,1,0,
Census Tract,09001042600,White,02/2023,0,1.5,3,
Census Tract,09001042600,White,03/2023,3,4,0.667,
Census Tract,09001042600,White,04/2023,1,1.5,1.667,
Census Tract,09001042600,White,05/2023,2,1,1.667,
Census Tract,09001042600,White,06/2023,4,2.5,1.333,
Census Tract,09001042600,White,07/2023,4,4,0.333,
Census Tract,09001042600,White,08/2023,1,0.5,2.333,
Census Tract,09001042600,White,09/2023,2,1.5,2.667,
Census Tract,09001042600,White,10/2023,4,4,1,
Census Tract,09001042600,White,11/2023,0,0,0.667,
Census Tract,09001042600,White,12/2023,1,2,1,
Census Tract,09001042600,White,01/2024,2,1,0,
Census Tract,09001042600,White,02/2024,3,1.5,3,
Census Tract,09001042600,White,03/2024,5,4,0.667,
Census Tract,09001042600,White,04/2024,2,1.5,1.667,
Census Tract,09001042600,White,05/2024,0,1,1.667,
Census Tract,09001042600,White,06/2024,1,2.5,1.333,
Census Tract,09001042600,White,07/2024,4,4,0.333,
Census Tract,09001042600,White,08/2024,0,0.5,2.333,
Census Tract,09001042600,White,09/2024,1,1.5,2.667,
Census Tract,09001042600,White,10/2024,4,4,1,
Census Tract,09001042600,White,11/2024,0,0,0.667,
Census Tract,09001042600,White,12/2024,3,2,1,
Census Tract,09001042600,White,01/2025,3,1,0,
Census Tract,09001042600,White,02/2025,3,1.5,3,
Census Tract,09001042600,White,03/2025,0,4,0.667,
Census Tract,09001042600,White,04/2025,2,1.5,1.667,
Census Tract,09001042600,White,05/2025,1,1,1.667,
Census Tract,09001042600,White,06/2025,2,2.5,1.333,
Census Tract,09001042600,White,07/2025,0,4,0.333,
Census Tract,09001042600,White,08/2025,0,0.5,2.333,
Census Tract,09001042600,White,09/2025,0,1.5,2.667,
Census Tract,09001042600,White,10/2025,0,1,0.667,2025-10-04
Census Tract,09001042700,White,01/2020,1,11,0.667,
Census Tract,09001042700,White,02/2020,4,3,0,
Census Tract,09001042700,White,03/2020,0,4.5,0.667,
Census Tract,09001042700,White,04/2020,1,2.5,0.667,
Census Tract,09001042700,White,05/2020,0,6.5,1,
Census Tract,09001042700,White,06/2020,0,5.5,1.333,
Census Tract,09001042700,White,07/2020,1,5.5,1,
Census Tract,09001042700,White,08/2020,0,3.5,0.333,
Census Tract,09001042700,White,09/2020,0,3.5,0.333,
Census Tract,09001042700,White,10/2020,0,7,0.333,
Census Tract,09001042700,White,11/2020,0,2,1,
Census Tract,09001042700,White,12/2020,0,8,1.333,
Census Tract,09001042700,White,01/2021,1,11,0.667,
Census Tract,09001042700,White,02/2021,0,3,0,
Census Tract,09001042700,White,03/2021,0,4.5,0.667,
Census Tract,09001042700,White,04/2021,0,2.5,0.667,
Census Tract,09001042700,White,05/2021,1,6.5,1,
Census Tract,09001042700,White,06/2021,2,5.5,1.333,
Census Tract,09001042700,White,07/2021,0,5.5,1,
Census Tract,09001042700,White,08/2021,0,3.5,0.333,
Census Tract,09001042700,White,09/2021,0,3.5,0.333,
Census Tract,09001042700,White,10/2021,4,7,0.333,
Census Tract,09001042700,White,11/2021,4,2,1,
Census Tract,09001042700,White,12/2021,0,8,1.333,
Census Tract,09001042700,White,01/2022,9,11,0.667,
Census Tract,09001042700,White,02/2022,2,3,0,
Census Tract,09001042700,White,03/2022,4,4.5,0.667,
Census Tract,09001042700,White,04/2022,2,2.5,0.667,
Census Tract,09001042700,White,05/2022,1,6.5,1,
Census Tract,09001042700,White,06/2022,7,5.5,1.333,
Census Tract,09001042700,White,07/2022,3,5.5,1,
Census Tract,09001042700,White,08/2022,5,3.5,0.333,
Census Tract,09001042700,White,09/2022,25,3.5,0.333,
Census Tract,09001042700,White,10/2022,11,7,0.333,
Census Tract,09001042700,White,11/2022,4,2,1,
Census Tract,09001042700,White,12/2022,5,8,1.333,
Census Tract,09001042700,White,01/2023,9,11,0.667,
Census Tract,09001042700,White,02/2023,2,3,0,
Census Tract,09001042700,White,03/2023,5,4.5,0.667,
Census Tract,09001042700,White,04/2023,1,2.5,0.667,
Census Tract,09001042700,White,05/2023,7,6.5,1,
Census Tract,09001042700,White,06/2023,7,5.5,1.333,
Census Tract,09001042700,White,07/2023,8,5.5,1,
Census Tract,09001042700,White,08/2023,5,3.5,0.333,
Census Tract,09001042700,White,09/2023,2,3.5,0.333,
Census Tract,09001042700,White,10/2023,6,7,0.333,
Census Tract,09001042700,White,11/2023,3,2,1,
Census Tract,09001042700,White,12/2023,10,8,1.333,
Census Tract,09001042700,White,01/2024,13,11,0.667,
Census Tract,09001042700,White,02/2024,4,3,0,
Census Tract,09001042700,White,03/2024,4,4.5,0.667,
Census Tract,09001042700,White,04/2024,4,2.5,0.667,
Census Tract,09001042700,White,05/2024,6,6.5,1,
Census Tract,09001042700,White,06/2024,4,5.5,1.333,
Census Tract,09001042700,White,07/2024,3,5.5,1,
Census Tract,09001042700,White,08/2024,2,3.5,0.333,
Census Tract,09001042700,White,09/2024,5,3.5,0.333,
Census Tract,09001042700,White,10/2024,8,7,0.333,
Census Tract,09001042700,White,11/2024,1,2,1,
Census Tract,09001042700,White,12/2024,6,8,1.333,
Census Tract,09001042700,White,01/2025,2,11,0.667,
Census Tract,09001042700,White,02/2025,4,3,0,
Census Tract,09001042700,White,03/2025,5,4.5,0.667,
Census Tract,09001042700,White,04/2025,9,2.5,0.667,
Census Tract,09001042700,White,05/2025,4,6.5,1,
Census Tract,09001042700,White,06/2025,6,5.5,1.333,
Census Tract,09001042700,White,07/2025,4,5.5,1,
Census Tract,09001042700,White,08/2025,0,3.5,0.333,
Census Tract,09001042700,White,09/2025,6,3.5,0.333,
Census Tract,09001042700,White,10/2025,1,0,0,2025-10-04
Census Tract,09001042800,White,01/2020,0,0,1.333,
Census Tract,09001042800,White,02/2020,0,2.5,0.333,
Census Tract,09001042800,White,03/2020,0,1,1,
Census Tract,09001042800,White,04/2020,0,0.5,1,
Census Tract,09001042800,White,05/2020,0,1,0.333,
Census Tract,09001042800,White,06/2020,0,0,1,
Census Tract,09001042800,White,07/2020,0,1,1,
Census Tract,09001042800,White,08/2020,0,1.5,0.333,
Census Tract,09001042800,White,09/2020,0,0,0,
Census Tract,09001042800,White,10/2020,0,0.5,0.667,
Census Tract,09001042800,White,11/2020,0,1,0.333,
Census Tract,09001042800,White,12/2020,1,0,0.333,
Census Tract,09001042800,White,01/2021,0,0,1.333,
Census Tract,09001042800,White,02/2021,0,2.5,0.333,
Census Tract,09001042800,White,03/2021,0,1,1,
Census Tract,09001042800,White,04/2021,0,0.5,1,
Census Tract,09001042800,White,05/2021,0,1,0.333,
Census Tract,09001042800,White,06/2021,0,0,1,
Census Tract,09001042800,White,07/2021,0,1,1,
Census Tract,09001042800,White,08/2021,0,1.5,0.333,
Census Tract,09001042800,White,09/2021,1,0,0,
Census Tract,09001042800,White,10/2021,1,0.5,0.667,
Census Tract,09001042800,White,11/2021,1,1,0.333,
Census Tract,09001042800,White,12/2021,0,0,0.333,
Census Tract,09001042800,White,01/2022,1,0,1.333,
Census Tract,09001042800,White,02/2022,2,2.5,0.333,
Census Tract,09001042800,White,03/2022,2,1,1,
Census Tract,09001042800,White,04/2022,2,0.5,1,
Census Tract,09001042800,White,05/2022,1,1,0.333,
Census Tract,09001042800,White,06/2022,0,0,1,
Census Tract,09001042800,White,07/2022,0,1,1,
Census Tract,09001042800,White,08/2022,1,1.5,0.333,
Census Tract,09001042800,White,09/2022,3,0,0,
Census Tract,09001042800,White,10/2022,3,0.5,0.667,
Census Tract,09001042800,White,11/2022,0,1,0.333,
Census Tract,09001042800,White,12/2022,1,0,0.333,
Census Tract,09001042800,White,01/2023,0,0,1.333,
Census Tract,09001042800,White,02/2023,5,2.5,0.333,
Census Tract,09001042800,White,03/2023,1,1,1,
Census Tract,09001042800,White,04/2023,1,0.5,1,
Census Tract,09001042800,White,05/2023,1,1,0.333,
Census Tract,09001042800,White,06/2023,0,0,1,
Census Tract,09001042800,White,07/2023,1,1,1,
Census Tract,09001042800,White,08/2023,2,1.5,0.333,
Census Tract,09001042800,White,09/2023,0,0,0,
Census Tract,09001042800,White,10/2023,1,0.5,0.667,
Census Tract,09001042800,White,11/2023,2,1,0.333,
Census Tract,09001042800,White,12/2023,0,0,0.333,
Census Tract,09001042800,White,01/2024,0,0,1.333,
Census Tract,09001042800,White,02/2024,0,2.5,0.333,
Census Tract,09001042800,White,03/2024,1,1,1,
Census Tract,09001042800,White,04/2024,0,0.5,1,
Census Tract,09001042800,White,05/2024,1,1,0.333,
Census Tract,09001042800,White,06/2024,0,0,1,
Census Tract,09001042800,White,07/2024,1,1,1,
Census Tract,09001042800,White,08/2024,1,1.5,0.333,
Census Tract,09001042800,White,09/2024,0,0,0,
Census Tract,09001042800,White,10/2024,0,0.5,0.667,
Census Tract,09001042800,White,11/2024,0,1,0.333,
Census Tract,09001042800,White,12/2024,0,0,0.333,
Census Tract,09001042800,White,01/2025,1,0,1.333,
Census Tract,09001042800,White,02/2025,0,2.5,0.333,
Census Tract,09001042800,White,03/2025,1,1,1,
Census Tract,09001042800,White,04/2025,0,0.5,1,
Census Tract,09001042800,White,05/2025,1,1,0.333,
Census Tract,09001042800,White,06/2025,0,0,1,
Census Tract,09001042800,White,07/2025,0,1,1,
Census Tract,09001042800,White,08/2025,0,1.5,0.333,
Census Tract,09001042800,White,09/2025,2,0,0,
Census Tract,09001042800,White,10/2025,0,0,0,2025-10-04
Census Tract,09001042900,White,01/2020,0,0,0.667,
Census Tract,09001042900,White,02/2020,0,0,0,
Census Tract,09001042900,White,03/2020,1,0,0.667,
Census Tract,09001042900,White,04/2020,0,0,0.667,
Census Tract,09001042900,White,05/2020,0,0.5,0,
Census Tract,09001042900,White,06/2020,0,0,0,
Census Tract,09001042900,White,07/2020,0,0.5,0.333,
Census Tract,09001042900,White,08/2020,0,0,0,
Census Tract,09001042900,White,09/2020,0,0,0,
Census Tract,09001042900,White,10/2020,0,0,0,
Census Tract,09001042900,White,11/2020,0,0,0,
Census Tract,09001042900,White,12/2020,1,0,0,
Census Tract,09001042900,White,01/2021,0,0,0.667,
Census Tract,09001042900,White,02/2021,0,0,0,
Census Tract,09001042900,White,03/2021,1,0,0.667,
Census Tract,09001042900,White,04/2021,0,0,0.667,
Census Tract,09001042900,White,05/2021,0,0.5,0,
Census Tract,09001042900,White,06/2021,3,0,0,
Census Tract,09001042900,White,07/2021,2,0.5,0.333,
Census Tract,09001042900,White,08/2021,0,0,0,
Census Tract,09001042900,White,09/2021,0,0,0,
Census Tract,09001042900,White,10/2021,0,0,0,
Census Tract,09001042900,White,11/2021,0,0,0,
Census Tract,09001042900,White,12/2021,0,0,0,
Census Tract,09001042900,White,01/2022,0,0,0.667,
Census Tract,09001042900,White,02/2022,0,0,0,
Census Tract,09001042900,White,03/2022,1,0,0.667,
Census Tract,09001042900,White,04/2022,1,0,0.667,
Census Tract,09001042900,White,05/2022,0,0.5,0,
Census Tract,09001042900,White,06/2022,1,0,0,
Census Tract,09001042900,White,07/2022,1,0.5,0.333,
Census Tract,09001042900,White,08/2022,0,0,0,
Census Tract,09001042900,White,09/2022,0,0,0,
Census Tract,09001042900,White,10/2022,0,0,0,
Census Tract,09001042900,White,11/2022,0,0,0,
Census Tract,09001042900,White,12/2022,1,0,0,
Census Tract,09001042900,White,01/2023,0,0,0.667,
Census Tract,09001042900,White,02/2023,0,0,0,
Census Tract,09001042900,White,03/2023,0,0,0.667,
Census Tract,09001042900,White,04/2023,0,0,0.667,
Census Tract,09001042900,White,05/2023,1,0.5,0,
Census Tract,09001042900,White,06/2023,0,0,0,
Census Tract,09001042900,White,07/2023,1,0.5,0.333,
Census Tract,09001042900,White,08/2023,0,0,0,
Census Tract,09001042900,White,09/2023,0,0,0,
Census Tract,09001042900,White,10/2023,0,0,0,
Census Tract,09001042900,White,11/2023,0,0,0,
Census Tract,09001042900,White,12/2023,0,0,0,
Census Tract,09001042900,White,01/2024,0,0,0.667,
Census Tract,09001042900,White,02/2024,0,0,0,
Census Tract,09001042900,White,03/2024,0,0,0.667,
Census Tract,09001042900,White,04/2024,0,0,0.667,
Census Tract,09001042900,White,05/2024,0,0.5,0,
Census Tract,09001042900,White,06/2024,0,0,0,
Census Tract,09001042900,White,07/2024,0,0.5,0.333,
Census Tract,09001042900,White,08/2024,0,0,0,
Census Tract,09001042900,White,09/2024,0,0,0,
Census Tract,09001042900,White,10/2024,0,0,0,
Census Tract,09001042900,White,11/2024,0,0,0,
Census Tract,09001042900,White,12/2024,0,0,0,
Census Tract,09001042900,White,01/2025,0,0,0.667,
Census Tract,09001042900,White,02/2025,0,0,0,
Census Tract,09001042900,White,03/2025,0,0,0.667,
Census Tract,09001042900,White,04/2025,0,0,0.667,
Census Tract,09001042900,White,05/2025,0,0.5,0,
Census Tract,09001042900,White,06/2025,0,0,0,
Census Tract,09001042900,White,07/2025,0,0.5,0.333,
Census Tract,09001042900,White,08/2025,0,0,0,
Census Tract,09001042900,White,09/2025,0,0,0,
Census Tract,09001042900,White,10/2025,0,0,0,2025-10-04
Census Tract,09001043000,White,01/2020,0,0,1,
Census Tract,09001043000,White,02/2020,0,0,1.333,
Census Tract,09001043000,White,03/2020,1,0.5,0.333,
Census Tract,09001043000,White,04/2020,0,0,0.333,
Census Tract,09001043000,White,05/2020,0,1,0,
Census Tract,09001043000,White,06/2020,0,0,1,
Census Tract,09001043000,White,07/2020,0,1,0.333,
Census Tract,09001043000,White,08/2020,0,1,0.333,
Census Tract,09001043000,White,09/2020,0,0.5,0.667,
Census Tract,09001043000,White,10/2020,0,0,1,
Census Tract,09001043000,White,11/2020,0,0.5,0.333,
Census Tract,09001043000,White,12/2020,2,0.5,0,
Census Tract,09001043000,White,01/2021,0,0,1,
Census Tract,09001043000,White,02/2021,0,0,1.333,
Census Tract,09001043000,White,03/2021,0,0.5,0.333,
Census Tract,09001043000,White,04/2021,0,0,0.333,
Census Tract,09001043000,White,05/2021,0,1,0,
Census Tract,09001043000,White,06/2021,0,0,1,
Census Tract,09001043000,White,07/2021,1,1,0.333,
Census Tract,09001043000,White,08/2021,0,1,0.333,
Census Tract,09001043000,White,09/2021,0,0.5,0.667,
Census Tract,09001043000,White,10/2021,0,0,1,
Census Tract,09001043000,White,11/2021,0,0.5,0.333,
Census Tract,09001043000,White,12/2021,1,0.5,0,
Census Tract,09001043000,White,01/2022,1,0,1,
Census Tract,09001043000,White,02/2022,0,0,1.333,
Census Tract,09001043000,White,03/2022,1,0.5,0.333,
Census Tract,09001043000,White,04/2022,0,0,0.333,
Census Tract,09001043000,White,05/2022,0,1,0,
Census Tract,09001043000,White,06/2022,1,0,1,
Census Tract,09001043000,White,07/2022,0,1,0.333,
Census Tract,09001043000,White,08/2022,0,1,0.333,
Census Tract,09001043000,White,09/2022,0,0.5,0.667,
Census Tract,09001043000,White,10/2022,0,0,1,
Census Tract,09001043000,White,11/2022,0,0.5,0.333,
Census Tract,09001043000,White,12/2022,0,0.5,0,
Census Tract,09001043000,White,01/2023,0,0,1,
Census Tract,09001043000,White,02/2023,0,0,1.333,
Census Tract,09001043000,White,03/2023,1,0.5,0.333,
Census Tract,09001043000,White,04/2023,0,0,0.333,
Census Tract,09001043000,White,05/2023,2,1,0,
Census Tract,09001043000,White,06/2023,0,0,1,
Census Tract,09001043000,White,07/2023,2,1,0.333,
Census Tract,09001043000,White,08/2023,1,1,0.333,
Census Tract,09001043000,White,09/2023,1,0.5,0.667,
Census Tract,09001043000,White,10/2023,0,0,1,
Census Tract,09001043000,White,11/2023,0,0.5,0.333,
Census Tract,09001043000,White,12/2023,1,0.5,0,
Census Tract,09001043000,White,01/2024,0,0,1,
Census Tract,09001043000,White,02/2024,0,0,1.333,
Census Tract,09001043000,White,03/2024,0,0.5,0.333,
Census Tract,09001043000,White,04/2024,0,0,0.333,
Census Tract,09001043000,White,05/2024,0,1,0,
Census Tract,09001043000,White,06/2024,0,0,1,
Census Tract,09001043000,White,07/2024,0,1,0.333,
Census Tract,09001043000,White,08/2024,1,1,0.333,
Census Tract,09001043000,White,09/2024,0,0.5,0.667,
Census Tract,09001043000,White,10/2024,0,0,1,
Census Tract,09001043000,White,11/2024,1,0.5,0.333,
Census Tract,09001043000,White,12/2024,0,0.5,0,
Census Tract,09001043000,White,01/2025,1,0,1,
Census Tract,09001043000,White,02/2025,0,0,1.333,
Census Tract,09001043000,White,03/2025,0,0.5,0.333,
Census Tract,09001043000,White,04/2025,1,0,0.333,
Census Tract,09001043000,White,05/2025,0,1,0,
Census Tract,09001043000,White,06/2025,1,0,1,
Census Tract,09001043000,White,07/2025,0,1,0.333,
Census Tract,09001043000,White,08/2025,0,1,0.333,
Census Tract,09001043000,White,09/2025,0,0.5,0.667,
Census Tract,09001043000,White,10/2025,0,0,0,2025-10-04
Census Tract,09001043100,White,01/2020,0,4.5,0,
Census Tract,09001043100,White,02/2020,0,0.5,1,
Census Tract,09001043100,White,03/2020,0,0,2,
Census Tract,09001043100,White,04/2020,0,2,2,
Census Tract,09001043100,White,05/2020,0,1,0.667,
Census Tract,09001043100,White,06/2020,0,1,1,
Census Tract,09001043100,White,07/2020,0,2,0,
Census Tract,09001043100,White,08/2020,0,2,0,
Census Tract,09001043100,White,09/2020,0,0,0.667,
Census Tract,09001043100,White,10/2020,0,2,1.667,
Census Tract,09001043100,White,11/2020,0,1.5,2.333,
Census Tract,09001043100,White,12/2020,1,2,1,
Census Tract,09001043100,White,01/2021,0,4.5,0,
Census Tract,09001043100,White,02/2021,1,0.5,1,
Census Tract,09001043100,White,03/2021,0,0,2,
Census Tract,09001043100,White,04/2021,2,2,2,
Census Tract,09001043100,White,05/2021,0,1,0.667,
Census Tract,09001043100,White,06/2021,0,1,1,
Census Tract,09001043100,White,07/2021,0,2,0,
Census Tract,09001043100,White,08/2021,0,2,0,
Census Tract,09001043100,White,09/2021,1,0,0.667,
Census Tract,09001043100,White,10/2021,1,2,1.667,
Census Tract,09001043100,White,11/2021,2,1.5,2.333,
Census Tract,09001043100,White,12/2021,0,2,1,
Census Tract,09001043100,White,01/2022,2,4.5,0,
Census Tract,09001043100,White,02/2022,2,0.5,1,
Census Tract,09001043100,White,03/2022,5,0,2,
Census Tract,09001043100,White,04/2022,3,2,2,
Census Tract,09001043100,White,05/2022,0,1,0.667,
Census Tract,09001043100,White,06/2022,0,1,1,
Census Tract,09001043100,White,07/2022,0,2,0,
Census Tract,09001043100,White,08/2022,0,2,0,
Census Tract,09001043100,White,09/2022,0,0,0.667,
Census Tract,09001043100,White,10/2022,0,2,1.667,
Census Tract,09001043100,White,11/2022,1,1.5,2.333,
Census Tract,09001043100,White,12/2022,0,2,1,
Census Tract,09001043100,White,01/2023,9,4.5,0,
Census Tract,09001043100,White,02/2023,0,0.5,1,
Census Tract,09001043100,White,03/2023,0,0,2,
Census Tract,09001043100,White,04/2023,2,2,2,
Census Tract,09001043100,White,05/2023,0,1,0.667,
Census Tract,09001043100,White,06/2023,2,1,1,
Census Tract,09001043100,White,07/2023,1,2,0,
Census Tract,09001043100,White,08/2023,4,2,0,
Census Tract,09001043100,White,09/2023,0,0,0.667,
Census Tract,09001043100,White,10/2023,2,2,1.667,
Census Tract,09001043100,White,11/2023,2,1.5,2.333,
Census Tract,09001043100,White,12/2023,4,2,1,
Census Tract,09001043100,White,01/2024,0,4.5,0,
Census Tract,09001043100,White,02/2024,1,0.5,1,
Census Tract,09001043100,White,03/2024,0,0,2,
Census Tract,09001043100,White,04/2024,2,2,2,
Census Tract,09001043100,White,05/2024,2,1,0.667,
Census Tract,09001043100,White,06/2024,0,1,1,
Census Tract,09001043100,White,07/2024,3,2,0,
Census Tract,09001043100,White,08/2024,0,2,0,
Census Tract,09001043100,White,09/2024,0,0,0.667,
Census Tract,09001043100,White,10/2024,2,2,1.667,
Census Tract,09001043100,White,11/2024,1,1.5,2.333,
Census Tract,09001043100,White,12/2024,0,2,1,
Census Tract,09001043100,White,01/2025,5,4.5,0,
Census Tract,09001043100,White,02/2025,1,0.5,1,
Census Tract,09001043100,White,03/2025,3,0,2,
Census Tract,09001043100,White,04/2025,1,2,2,
Census Tract,09001043100,White,05/2025,1,1,0.667,
Census Tract,09001043100,White,06/2025,0,1,1,
Census Tract,09001043100,White,07/2025,1,2,0,
Census Tract,09001043100,White,08/2025,0,2,0,
Census Tract,09001043100,White,09/2025,0,0,0.667,
Census Tract,09001043100,White,10/2025,0,0,0.333,2025-10-04
Census Tract,09001043200,Other,01/2020,1,0.5,1.667,
Census Tract,09001043200,Other,02/2020,0,4,2.333,
Census Tract,09001043200,Other,03/2020,1,0.5,1.333,
Census Tract,09001043200,Other,04/2020,0,0.5,1,
Census Tract,09001043200,Other,05/2020,0,3.5,0.333,
Census Tract,09001043200,Other,06/2020,0,1.5,1,
Census Tract,09001043200,Other,07/2020,0,1.5,3,
Census Tract,09001043200,Other,08/2020,0,2,1,
Census Tract,09001043200,Other,09/2020,0,1.5,1.333,
Census Tract,09001043200,Other,10/2020,0,0.5,1.667,
Census Tract,09001043200,Other,11/2020,0,3.5,2,
Census Tract,09001043200,Other,12/2020,0,0,0.667,
Census Tract,09001043200,Other,01/2021,0,0.5,1.667,
Census Tract,09001043200,Other,02/2021,0,4,2.333,
Census Tract,09001043200,Other,03/2021,0,0.5,1.333,
Census Tract,09001043200,Other,04/2021,3,0.5,1,
Census Tract,09001043200,Other,05/2021,0,3.5,0.333,
Census Tract,09001043200,Other,06/2021,0,1.5,1,
Census Tract,09001043200,Other,07/2021,0,1.5,3,
Census Tract,09001043200,Other,08/2021,0,2,1,
Census Tract,09001043200,Other,09/2021,0,1.5,1.333,
Census Tract,09001043200,Other,10/2021,0,0.5,1.667,
Census Tract,09001043200,Other,11/2021,0,3.5,2,
Census Tract,09001043200,Other,12/2021,1,0,0.667,
Census Tract,09001043200,Other,01/2022,0,0.5,1.667,
Census Tract,09001043200,Other,02/2022,0,4,2.333,
Census Tract,09001043200,Other,03/2022,1,0.5,1.333,
Census Tract,09001043200,Other,04/2022,3,0.5,1,
Census Tract,09001043200,Other,05/2022,0,3.5,0.333,
Census Tract,09001043200,Other,06/2022,2,1.5,1,
Census Tract,09001043200,Other,07/2022,0,1.5,3,
Census Tract,09001043200,Other,08/2022,5,2,1,
Census Tract,09001043200,Other,09/2022,0,1.5,1.333,
Census Tract,09001043200,Other,10/2022,0,0.5,1.667,
Census Tract,09001043200,Other,11/2022,2,3.5,2,
Census Tract,09001043200,Other,12/2022,1,0,0.667,
Census Tract,09001043200,Other,01/2023,1,0.5,1.667,
Census Tract,09001043200,Other,02/2023,6,4,2.333,
Census Tract,09001043200,Other,03/2023,1,0.5,1.333,
Census Tract,09001043200,Other,04/2023,1,0.5,1,
Census Tract,09001043200,Other,05/2023,6,3.5,0.333,
Census Tract,09001043200,Other,06/2023,3,1.5,1,
Census Tract,09001043200,Other,07/2023,2,1.5,3,
Census Tract,09001043200,Other,08/2023,3,2,1,
Census Tract,09001043200,Other,09/2023,0,1.5,1.333,
Census Tract,09001043200,Other,10/2023,0,0.5,1.667,
Census Tract,09001043200,Other,11/2023,1,3.5,2,
Census Tract,09001043200,Other,12/2023,0,0,0.667,
Census Tract,09001043200,Other,01/2024,0,0.5,1.667,
Census Tract,09001043200,Other,02/2024,2,4,2.333,
Census Tract,09001043200,Other,03/2024,0,0.5,1.333,
Census Tract,09001043200,Other,04/2024,0,0.5,1,
Census Tract,09001043200,Other,05/2024,1,3.5,0.333,
Census Tract,09001043200,Other,06/2024,0,1.5,1,
Census Tract,09001043200,Other,07/2024,1,1.5,3,
Census Tract,09001043200,Other,08/2024,1,2,1,
Census Tract,09001043200,Other,09/2024,3,1.5,1.333,
Census Tract,09001043200,Other,10/2024,1,0.5,1.667,
Census Tract,09001043200,Other,11/2024,6,3.5,2,
Census Tract,09001043200,Other,12/2024,0,0,0.667,
Census Tract,09001043200,Other,01/2025,0,0.5,1.667,
Census Tract,09001043200,Other,02/2025,1,4,2.333,
Census Tract,09001043200,Other,03/2025,0,0.5,1.333,
Census Tract,09001043200,Other,04/2025,1,0.5,1,
Census Tract,09001043200,Other,05/2025,1,3.5,0.333,
Census Tract,09001043200,Other,06/2025,1,1.5,1,
Census Tract,09001043200,Other,07/2025,1,1.5,3,
Census Tract,09001043200,Other,08/2025,0,2,1,
Census Tract,09001043200,Other,09/2025,0,1.5,1.333,
Census Tract,09001043200,Other,10/2025,0,0,0,2025-10-04
Census Tract,09001043300,Other,01/2020,0,0,0.333,
Census Tract,09001043300,Other,02/2020,0,0,1,
Census Tract,09001043300,Other,03/2020,0,0.5,0.333,
Census Tract,09001043300,Other,04/2020,0,0.5,1,
Census Tract,09001043300,Other,05/2020,0,0,1.667,
Census Tract,09001043300,Other,06/2020,0,0,0.333,
Census Tract,09001043300,Other,07/2020,0,1,0.667,
Census Tract,09001043300,Other,08/2020,0,1,0.667,
Census Tract,09001043300,Other,09/2020,0,0,0.333,
Census Tract,09001043300,Other,10/2020,0,1,0.333,
Census Tract,09001043300,Other,11/2020,0,0,0.667,
Census Tract,09001043300,Other,12/2020,0,0,0.333,
Census Tract,09001043300,Other,01/2021,0,0,0.333,
Census Tract,09001043300,Other,02/2021,1,0,1,
Census Tract,09001043300,Other,03/2021,0,0.5,0.333,
Census Tract,09001043300,Other,04/2021,0,0.5,1,
Census Tract,09001043300,Other,05/2021,0,0,1.667,
Census Tract,09001043300,Other,06/2021,0,0,0.333,
Census Tract,09001043300,Other,07/2021,0,1,0.667,
Census Tract,09001043300,Other,08/2021,1,1,0.667,
Census Tract,09001043300,Other,09/2021,0,0,0.333,
Census Tract,09001043300,Other,10/2021,0,1,0.333,
Census Tract,09001043300,Other,11/2021,0,0,0.667,
Census Tract,09001043300,Other,12/2021,1,0,0.333,
Census Tract,09001043300,Other,01/2022,0,0,0.333,
Census Tract,09001043300,Other,02/2022,0,0,1,
Census Tract,09001043300,Other,03/2022,1,0.5,0.333,
Census Tract,09001043300,Other,04/2022,0,0.5,1,
Census Tract,09001043300,Other,05/2022,1,0,1.667,
Census Tract,09001043300,Other,06/2022,4,0,0.333,
Census Tract,09001043300,Other,07/2022,1,1,0.667,
Census Tract,09001043300,Other,08/2022,1,1,0.667,
Census Tract,09001043300,Other,09/2022,0,0,0.333,
Census Tract,09001043300,Other,10/2022,0,1,0.333,
Census Tract,09001043300,Other,11/2022,0,0,0.667,
Census Tract,09001043300,Other,12/2022,0,0,0.333,
Census Tract,09001043300,Other,01/2023,0,0,0.333,
Census Tract,09001043300,Other,02/2023,0,0,1,
Census Tract,09001043300,Other,03/2023,0,0.5,0.333,
Census Tract,09001043300,Other,04/2023,1,0.5,1,
Census Tract,09001043300,Other,05/2023,0,0,1.667,
Census Tract,09001043300,Other,06/2023,0,0,0.333,
Census Tract,09001043300,Other,07/2023,0,1,0.667,
Census Tract,09001043300,Other,08/2023,0,1,0.667,
Census Tract,09001043300,Other,09/2023,0,0,0.333,
Census Tract,09001043300,Other,10/2023,1,1,0.333,
Census Tract,09001043300,Other,11/2023,0,0,0.667,
Census Tract,09001043300,Other,12/2023,0,0,0.333,
Census Tract,09001043300,Other,01/2024,0,0,0.333,
Census Tract,09001043300,Other,02/2024,0,0,1,
Census Tract,09001043300,Other,03/2024,1,0.5,0.333,
Census Tract,09001043300,Other,04/2024,0,0.5,1,
Census Tract,09001043300,Other,05/2024,0,0,1.667,
Census Tract,09001043300,Other,06/2024,0,0,0.333,
Census Tract,09001043300,Other,07/2024,2,1,0.667,
Census Tract,09001043300,Other,08/2024,2,1,0.667,
Census Tract,09001043300,Other,09/2024,0,0,0.333,
Census Tract,09001043300,Other,10/2024,1,1,0.333,
Census Tract,09001043300,Other,11/2024,0,0,0.667,
Census Tract,09001043300,Other,12/2024,0,0,0.333,
Census Tract,09001043300,Other,01/2025,0,0,0.333,
Census Tract,09001043300,Other,02/2025,0,0,1,
Census Tract,09001043300,Other,03/2025,2,0.5,0.333,
Census Tract,09001043300,Other,04/2025,1,0.5,1,
Census Tract,09001043300,Other,05/2025,0,0,1.667,
Census Tract,09001043300,Other,06/2025,0,0,0.333,
Census Tract,09001043300,Other,07/2025,0,1,0.667,
Census Tract,09001043300,Other,08/2025,0,1,0.667,
Census Tract,09001043300,Other,09/2025,1,0,0.333,
Census Tract,09001043300,Other,10/2025,0,0,0,2025-10-04
Census Tract,09001043400,Other,01/2020,0,2.5,5,
Census Tract,09001043400,Other,02/2020,5,5,1.667,
Census Tract,09001043400,Other,03/2020,4,3.5,1.667,
Census Tract,09001043400,Other,04/2020,0,2.5,2.667,
Census Tract,09001043400,Other,05/2020,0,1.5,1.667,
Census Tract,09001043400,Other,06/2020,0,2.5,2.333,
Census Tract,09001043400,Other,07/2020,0,2.5,4,
Census Tract,09001043400,Other,08/2020,0,3.5,3.667,
Census Tract,09001043400,Other,09/2020,0,2,3,
Census Tract,09001043400,Other,10/2020,0,2.5,2.667,
Census Tract,09001043400,Other,11/2020,4,2,1.667,
Census Tract,09001043400,Other,12/2020,1,2.5,2.333,
Census Tract,09001043400,Other,01/2021,1,2.5,5,
Census Tract,09001043400,Other,02/2021,0,5,1.667,
Census Tract,09001043400,Other,03/2021,0,3.5,1.667,
Census Tract,09001043400,Other,04/2021,2,2.5,2.667,
Census Tract,09001043400,Other,05/2021,1,1.5,1.667,
Census Tract,09001043400,Other,06/2021,2,2.5,2.333,
Census Tract,09001043400,Other,07/2021,1,2.5,4,
Census Tract,09001043400,Other,08/2021,0,3.5,3.667,
Census Tract,09001043400,Other,09/2021,0,2,3,
Census Tract,09001043400,Other,10/2021,3,2.5,2.667,
Census Tract,09001043400,Other,11/2021,2,2,1.667,
Census Tract,09001043400,Other,12/2021,2,2.5,2.333,
Census Tract,09001043400,Other,01/2022,1,2.5,5,
Census Tract,09001043400,Other,02/2022,1,5,1.667,
Census Tract,09001043400,Other,03/2022,3,3.5,1.667,
Census Tract,09001043400,Other,04/2022,6,2.5,2.667,
Census Tract,09001043400,Other,05/2022,2,1.5,1.667,
Census Tract,09001043400,Other,06/2022,4,2.5,2.333,
Census Tract,09001043400,Other,07/2022,6,2.5,4,
Census Tract,09001043400,Other,08/2022,0,3.5,3.667,
Census Tract,09001043400,Other,09/2022,5,2,3,
Census Tract,09001043400,Other,10/2022,1,2.5,2.667,
Census Tract,09001043400,Other,11/2022,1,2,1.667,
Census Tract,09001043400,Other,12/2022,1,2.5,2.333,
Census Tract,09001043400,Other,01/2023,3,2.5,5,
Census Tract,09001043400,Other,02/2023,8,5,1.667,
Census Tract,09001043400,Other,03/2023,7,3.5,1.667,
Census Tract,09001043400,Other,04/2023,4,2.5,2.667,
Census Tract,09001043400,Other,05/2023,1,1.5,1.667,
Census Tract,09001043400,Other,06/2023,2,2.5,2.333,
Census Tract,09001043400,Other,07/2023,1,2.5,4,
Census Tract,09001043400,Other,08/2023,4,3.5,3.667,
Census Tract,09001043400,Other,09/2023,3,2,3,
Census Tract,09001043400,Other,10/2023,1,2.5,2.667,
Census Tract,09001043400,Other,11/2023,3,2,1.667,
Census Tract,09001043400,Other,12/2023,1,2.5,2.333,
Census Tract,09001043400,Other,01/2024,2,2.5,5,
Census Tract,09001043400,Other,02/2024,2,5,1.667,
Census Tract,09001043400,Other,03/2024,0,3.5,1.667,
Census Tract,09001043400,Other,04/2024,1,2.5,2.667,
Census Tract,09001043400,Other,05/2024,2,1.5,1.667,
Census Tract,09001043400,Other,06/2024,3,2.5,2.333,
Census Tract,09001043400,Other,07/2024,4,2.5,4,
Census Tract,09001043400,Other,08/2024,3,3.5,3.667,
Census Tract,09001043400,Other,09/2024,1,2,3,
Census Tract,09001043400,Other,10/2024,4,2.5,2.667,
Census Tract,09001043400,Other,11/2024,1,2,1.667,
Census Tract,09001043400,Other,12/2024,4,2.5,2.333,
Census Tract,09001043400,Other,01/2025,0,2.5,5,
Census Tract,09001043400,Other,02/2025,2,5,1.667,
Census Tract,09001043400,Other,03/2025,1,3.5,1.667,
Census Tract,09001043400,Other,04/2025,2,2.5,2.667,
Census Tract,09001043400,Other,05/2025,1,1.5,1.667,
Census Tract,09001043400,Other,06/2025,0,2.5,2.333,
Census Tract,09001043400,Other,07/2025,2,2.5,4,
Census Tract,09001043400,Other,08/2025,0,3.5,3.667,
Census Tract,09001043400,Other,09/2025,2,2,3,
Census Tract,09001043400,Other,10/2025,0,1.5,0.667,2025-10-04
Census Tract,09001043500,White,01/2020,0,0,0,
Census Tract,09001043500,White,02/2020,0,0,0.333,
Census Tract,09001043500,White,03/2020,1,0,0.333,
Census Tract,09001043500,White,04/2020,0,0,0,
Census Tract,09001043500,White,05/2020,0,0,0,
Census Tract,09001043500,White,06/2020,0,0,0,
Census Tract,09001043500,White,07/2020,0,0,0.333,
Census Tract,09001043500,White,08/2020,0,0.5,0.667,
Census Tract,09001043500,White,09/2020,1,1,1.333,
Census Tract,09001043500,White,10/2020,1,0,1.333,
Census Tract,09001043500,White,11/2020,0,0,0.667,
Census Tract,09001043500,White,12/2020,0,0,0.333,
Census Tract,09001043500,White,01/2021,1,0,0,
Census Tract,09001043500,White,02/2021,0,0,0.333,
Census Tract,09001043500,White,03/2021,0,0,0.333,
Census Tract,09001043500,White,04/2021,0,0,0,
Census Tract,09001043500,White,05/2021,0,0,0,
Census Tract,09001043500,White,06/2021,0,0,0,
Census Tract,09001043500,White,07/2021,0,0,0.333,
Census Tract,09001043500,White,08/2021,0,0.5,0.667,
Census Tract,09001043500,White,09/2021,0,1,1.333,
Census Tract,09001043500,White,10/2021,0,0,1.333,
Census Tract,09001043500,White,11/2021,0,0,0.667,
Census Tract,09001043500,White,12/2021,0,0,0.333,
Census Tract,09001043500,White,01/2022,0,0,0,
Census Tract,09001043500,White,02/2022,0,0,0.333,
Census Tract,09001043500,White,03/2022,1,0,0.333,
Census Tract,09001043500,White,04/2022,1,0,0,
Census Tract,09001043500,White,05/2022,0,0,0,
Census Tract,09001043500,White,06/2022,0,0,0,
Census Tract,09001043500,White,07/2022,0,0,0.333,
Census Tract,09001043500,White,08/2022,0,0.5,0.667,
Census Tract,09001043500,White,09/2022,1,1,1.333,
Census Tract,09001043500,White,10/2022,2,0,1.333,
Census Tract,09001043500,White,11/2022,0,0,0.667,
Census Tract,09001043500,White,12/2022,0,0,0.333,
Census Tract,09001043500,White,01/2023,0,0,0,
Census Tract,09001043500,White,02/2023,0,0,0.333,
Census Tract,09001043500,White,03/2023,0,0,0.333,
Census Tract,09001043500,White,04/2023,0,0,0,
Census Tract,09001043500,White,05/2023,0,0,0,
Census Tract,09001043500,White,06/2023,0,0,0,
Census Tract,09001043500,White,07/2023,0,0,0.333,
Census Tract,09001043500,White,08/2023,0,0.5,0.667,
Census Tract,09001043500,White,09/2023,0,1,1.333,
Census Tract,09001043500,White,10/2023,0,0,1.333,
Census Tract,09001043500,White,11/2023,0,0,0.667,
Census Tract,09001043500,White,12/2023,0,0,0.333,
Census Tract,09001043500,White,01/2024,0,0,0,
Census Tract,09001043500,White,02/2024,0,0,0.333,
Census Tract,09001043500,White,03/2024,0,0,0.333,
Census Tract,09001043500,White,04/2024,0,0,0,
Census Tract,09001043500,White,05/2024,0,0,0,
Census Tract,09001043500,White,06/2024,0,0,0,
Census Tract,09001043500,White,07/2024,0,0,0.333,
Census Tract,09001043500,White,08/2024,1,0.5,0.667,
Census Tract,09001043500,White,09/2024,2,1,1.333,
Census Tract,09001043500,White,10/2024,0,0,1.333,
Census Tract,09001043500,White,11/2024,0,0,0.667,
Census Tract,09001043500,White,12/2024,0,0,0.333,
Census Tract,09001043500,White,01/2025,0,0,0,
Census Tract,09001043500,White,02/2025,0,0,0.333,
Census Tract,09001043500,White,03/2025,0,0,0.333,
Census Tract,09001043500,White,04/2025,0,0,0,
Census Tract,09001043500,White,05/2025,0,0,0,
Census Tract,09001043500,White,06/2025,0,0,0,
Census Tract,09001043500,White,07/2025,0,0,0.333,
Census Tract,09001043500,White,08/2025,0,0.5,0.667,
Census Tract,09001043500,White,09/2025,0,1,1.333,
Census Tract,09001043500,White,10/2025,0,0,0,2025-10-04
Census Tract,09001043600,White,01/2020,0,0,1,
Census Tract,09001043600,White,02/2020,1,0.5,0.667,
Census Tract,09001043600,White,03/2020,0,0.5,0,
Census Tract,09001043600,White,04/2020,1,0.5,0,
Census Tract,09001043600,White,05/2020,0,0.5,0.333,
Census Tract,09001043600,White,06/2020,0,0.5,0.333,
Census Tract,09001043600,White,07/2020,0,0,1,
Census Tract,09001043600,White,08/2020,0,0.5,0.333,
Census Tract,09001043600,White,09/2020,0,0.5,0.333,
Census Tract,09001043600,White,10/2020,1,0,0.333,
Census Tract,09001043600,White,11/2020,1,0,0,
Census Tract,09001043600,White,12/2020,0,1,0,
Census Tract,09001043600,White,01/2021,0,0,1,
Census Tract,09001043600,White,02/2021,0,0.5,0.667,
Census Tract,09001043600,White,03/2021,0,0.5,0,
Census Tract,09001043600,White,04/2021,0,0.5,0,
Census Tract,09001043600,White,05/2021,0,0.5,0.333,
Census Tract,09001043600,White,06/2021,0,0.5,0.333,
Census Tract,09001043600,White,07/2021,0,0,1,
Census Tract,09001043600,White,08/2021,0,0.5,0.333,
Census Tract,09001043600,White,09/2021,0,0.5,0.333,
Census Tract,09001043600,White,10/2021,0,0,0.333,
Census Tract,09001043600,White,11/2021,1,0,0,
Census Tract,09001043600,White,12/2021,0,1,0,
Census Tract,09001043600,White,01/2022,1,0,1,
Census Tract,09001043600,White,02/2022,1,0.5,0.667,
Census Tract,09001043600,White,03/2022,0,0.5,0,
Census Tract,09001043600,White,04/2022,1,0.5,0,
Census Tract,09001043600,White,05/2022,0,0.5,0.333,
Census Tract,09001043600,White,06/2022,0,0.5,0.333,
Census Tract,09001043600,White,07/2022,0,0,1,
Census Tract,09001043600,White,08/2022,0,0.5,0.333,
Census Tract,09001043600,White,09/2022,3,0.5,0.333,
Census Tract,09001043600,White,10/2022,0,0,0.333,
Census Tract,09001043600,White,11/2022,0,0,0,
Census Tract,09001043600,White,12/2022,1,1,0,
Census Tract,09001043600,White,01/2023,0,0,1,
Census Tract,09001043600,White,02/2023,0,0.5,0.667,
Census Tract,09001043600,White,03/2023,0,0.5,0,
Census Tract,09001043600,White,04/2023,0,0.5,0,
Census Tract,09001043600,White,05/2023,1,0.5,0.333,
Census Tract,09001043600,White,06/2023,0,0.5,0.333,
Census Tract,09001043600,White,07/2023,0,0,1,
Census Tract,09001043600,White,08/2023,0,0.5,0.333,
Census Tract,09001043600,White,09/2023,1,0.5,0.333,
Census Tract,09001043600,White,10/2023,0,0,0.333,
Census Tract,09001043600,White,11/2023,0,0,0,
Census Tract,09001043600,White,12/2023,1,1,0,
Census Tract,09001043600,White,01/2024,0,0,1,
Census Tract,09001043600,White,02/2024,1,0.5,0.667,
Census Tract,09001043600,White,03/2024,1,0.5,0,
Census Tract,09001043600,White,04/2024,1,0.5,0,
Census Tract,09001043600,White,05/2024,0,0.5,0.333,
Census Tract,09001043600,White,06/2024,1,0.5,0.333,
Census Tract,09001043600,White,07/2024,0,0,1,
Census Tract,09001043600,White,08/2024,1,0.5,0.333,
Census Tract,09001043600,White,09/2024,0,0.5,0.333,
Census Tract,09001043600,White,10/2024,0,0,0.333,
Census Tract,09001043600,White,11/2024,0,0,0,
Census Tract,09001043600,White,12/2024,1,1,0,
Census Tract,09001043600,White,01/2025,0,0,1,
Census Tract,09001043600,White,02/2025,0,0.5,0.667,
Census Tract,09001043600,White,03/2025,0,0.5,0,
Census Tract,09001043600,White,04/2025,3,0.5,0,
Census Tract,09001043600,White,05/2025,0,0.5,0.333,
Census Tract,09001043600,White,06/2025,0,0.5,0.333,
Census Tract,09001043600,White,07/2025,0,0,1,
Census Tract,09001043600,White,08/2025,0,0.5,0.333,
Census Tract,09001043600,White,09/2025,0,0.5,0.333,
Census Tract,09001043600,White,10/2025,0,0,0,2025-10-04
Census Tract,09001043700,Other,01/2020,4,4.5,5,
Census Tract,09001043700,Other,02/2020,2,3.5,3.333,
Census Tract,09001043700,Other,03/2020,4,4.5,3.667,
Census Tract,09001043700,Other,04/2020,2,6.5,4.333,
Census Tract,09001043700,Other,05/2020,0,4,4.667,
Census Tract,09001043700,Other,06/2020,1,1.5,4.333,
Census Tract,09001043700,Other,07/2020,0,4.5,5.333,
Census Tract,09001043700,Other,08/2020,0,6,5,
Census Tract,09001043700,Other,09/2020,0,6,5.333,
Census Tract,09001043700,Other,10/2020,1,5,4.667,
Census Tract,09001043700,Other,11/2020,1,1.5,1.667,
Census Tract,09001043700,Other,12/2020,0,1.5,5.333,
Census Tract,09001043700,Other,01/2021,0,4.5,5,
Census Tract,09001043700,Other,02/2021,1,3.5,3.333,
Census Tract,09001043700,Other,03/2021,1,4.5,3.667,
Census Tract,09001043700,Other,04/2021,0,6.5,4.333,
Census Tract,09001043700,Other,05/2021,1,4,4.667,
Census Tract,09001043700,Other,06/2021,0,1.5,4.333,
Census Tract,09001043700,Other,07/2021,1,4.5,5.333,
Census Tract,09001043700,Other,08/2021,3,6,5,
Census Tract,09001043700,Other,09/2021,2,6,5.333,
Census Tract,09001043700,Other,10/2021,0,5,4.667,
Census Tract,09001043700,Other,11/2021,1,1.5,1.667,
Census Tract,09001043700,Other,12/2021,7,1.5,5.333,
Census Tract,09001043700,Other,01/2022,0,4.5,5,
Census Tract,09001043700,Other,02/2022,0,3.5,3.333,
Census Tract,09001043700,Other,03/2022,3,4.5,3.667,
Census Tract,09001043700,Other,04/2022,5,6.5,4.333,
Census Tract,09001043700,Other,05/2022,5,4,4.667,
Census Tract,09001043700,Other,06/2022,2,1.5,4.333,
Census Tract,09001043700,Other,07/2022,14,4.5,5.333,
Census Tract,09001043700,Other,08/2022,15,6,5,
Census Tract,09001043700,Other,09/2022,2,6,5.333,
Census Tract,09001043700,Other,10/2022,2,5,4.667,
Census Tract,09001043700,Other,11/2022,6,1.5,1.667,
Census Tract,09001043700,Other,12/2022,4,1.5,5.333,
Census Tract,09001043700,Other,01/2023,4,4.5,5,
Census Tract,09001043700,Other,02/2023,1,3.5,3.333,
Census Tract,09001043700,Other,03/2023,2,4.5,3.667,
Census Tract,09001043700,Other,04/2023,6,6.5,4.333,
Census Tract,09001043700,Other,05/2023,7,4,4.667,
Census Tract,09001043700,Other,06/2023,1,1.5,4.333,
Census Tract,09001043700,Other,07/2023,7,4.5,5.333,
Census Tract,09001043700,Other,08/2023,7,6,5,
Census Tract,09001043700,Other,09/2023,1,6,5.333,
Census Tract,09001043700,Other,10/2023,6,5,4.667,
Census Tract,09001043700,Other,11/2023,2,1.5,1.667,
Census Tract,09001043700,Other,12/2023,1,1.5,5.333,
Census Tract,09001043700,Other,01/2024,5,4.5,5,
Census Tract,09001043700,Other,02/2024,6,3.5,3.333,
Census Tract,09001043700,Other,03/2024,7,4.5,3.667,
Census Tract,09001043700,Other,04/2024,7,6.5,4.333,
Census Tract,09001043700,Other,05/2024,1,4,4.667,
Census Tract,09001043700,Other,06/2024,2,1.5,4.333,
Census Tract,09001043700,Other,07/2024,2,4.5,5.333,
Census Tract,09001043700,Other,08/2024,5,6,5,
Census Tract,09001043700,Other,09/2024,11,6,5.333,
Census Tract,09001043700,Other,10/2024,4,5,4.667,
Census Tract,09001043700,Other,11/2024,1,1.5,1.667,
Census Tract,09001043700,Other,12/2024,2,1.5,5.333,
Census Tract,09001043700,Other,01/2025,3,4.5,5,
Census Tract,09001043700,Other,02/2025,2,3.5,3.333,
Census Tract,09001043700,Other,03/2025,1,4.5,3.667,
Census Tract,09001043700,Other,04/2025,1,6.5,4.333,
Census Tract,09001043700,Other,05/2025,3,4,4.667,
Census Tract,09001043700,Other,06/2025,5,1.5,4.333,
Census Tract,09001043700,Other,07/2025,3,4.5,5.333,
Census Tract,09001043700,Other,08/2025,0,6,5,
Census Tract,09001043700,Other,09/2025,2,6,5.333,
Census Tract,09001043700,Other,10/2025,0,0.5,0.333,2025-10-04
Census Tract,09001043800,Hispanic,01/2020,2,3.5,3,
Census Tract,09001043800,Hispanic,02/2020,3,3.5,4,
Census Tract,09001043800,Hispanic,03/2020,6,2,2.333,
Census Tract,09001043800,Hispanic,04/2020,0,2,2.667,
Census Tract,09001043800,Hispanic,05/2020,0,2,2,
Census Tract,09001043800,Hispanic,06/2020,0,4,3,
Census Tract,09001043800,Hispanic,07/2020,0,3,4,
Census Tract,09001043800,Hispanic,08/2020,0,1.5,4.667,
Census Tract,09001043800,Hispanic,09/2020,0,4,2.333,
Census Tract,09001043800,Hispanic,10/2020,2,6.5,3.667,
Census Tract,09001043800,Hispanic,11/2020,0,4.5,3.667,
Census Tract,09001043800,Hispanic,12/2020,0,5.5,2.333,
Census Tract,09001043800,Hispanic,01/2021,1,3.5,3,
Census Tract,09001043800,Hispanic,02/2021,2,3.5,4,
Census Tract,09001043800,Hispanic,03/2021,2,2,2.333,
Census Tract,09001043800,Hispanic,04/2021,0,2,2.667,
Census Tract,09001043800,Hispanic,05/2021,2,2,2,
Census Tract,09001043800,Hispanic,06/2021,0,4,3,
Census Tract,09001043800,Hispanic,07/2021,0,3,4,
Census Tract,09001043800,Hispanic,08/2021,0,1.5,4.667,
Census Tract,09001043800,Hispanic,09/2021,5,4,2.333,
Census Tract,09001043800,Hispanic,10/2021,2,6.5,3.667,
Census Tract,09001043800,Hispanic,11/2021,0,4.5,3.667,
Census Tract,09001043800,Hispanic,12/2021,2,5.5,2.333,
Census Tract,09001043800,Hispanic,01/2022,5,3.5,3,
Census Tract,09001043800,Hispanic,02/2022,4,3.5,4,
Census Tract,09001043800,Hispanic,03/2022,6,2,2.333,
Census Tract,09001043800,Hispanic,04/2022,5,2,2.667,
Census Tract,09001043800,Hispanic,05/2022,7,2,2,
Census Tract,09001043800,Hispanic,06/2022,1,4,3,
Census Tract,09001043800,Hispanic,07/2022,2,3,4,
Census Tract,09001043800,Hispanic,08/2022,3,1.5,4.667,
Census Tract,09001043800,Hispanic,09/2022,1,4,2.333,
Census Tract,09001043800,Hispanic,10/2022,0,6.5,3.667,
Census Tract,09001043800,Hispanic,11/2022,1,4.5,3.667,
Census Tract,09001043800,Hispanic,12/2022,1,5.5,2.333,
Census Tract,09001043800,Hispanic,01/2023,2,3.5,3,
Census Tract,09001043800,Hispanic,02/2023,3,3.5,4,
Census Tract,09001043800,Hispanic,03/2023,1,2,2.333,
Census Tract,09001043800,Hispanic,04/2023,3,2,2.667,
Census Tract,09001043800,Hispanic,05/2023,1,2,2,
Census Tract,09001043800,Hispanic,06/2023,7,4,3,
Census Tract,09001043800,Hispanic,07/2023,5,3,4,
Census Tract,09001043800,Hispanic,08/2023,3,1.5,4.667,
Census Tract,09001043800,Hispanic,09/2023,2,4,2.333,
Census Tract,09001043800,Hispanic,10/2023,5,6.5,3.667,
Census Tract,09001043800,Hispanic,11/2023,9,4.5,3.667,
Census Tract,09001043800,Hispanic,12/2023,5,5.5,2.333,
Census Tract,09001043800,Hispanic,01/2024,5,3.5,3,
Census Tract,09001043800,Hispanic,02/2024,4,3.5,4,
Census Tract,09001043800,Hispanic,03/2024,3,2,2.333,
Census Tract,09001043800,Hispanic,04/2024,1,2,2.667,
Census Tract,09001043800,Hispanic,05/2024,3,2,2,
Census Tract,09001043800,Hispanic,06/2024,1,4,3,
Census Tract,09001043800,Hispanic,07/2024,1,3,4,
Census Tract,09001043800,Hispanic,08/2024,0,1.5,4.667,
Census Tract,09001043800,Hispanic,09/2024,6,4,2.333,
Census Tract,09001043800,Hispanic,10/2024,8,6.5,3.667,
Census Tract,09001043800,Hispanic,11/2024,0,4.5,3.667,
Census Tract,09001043800,Hispanic,12/2024,6,5.5,2.333,
Census Tract,09001043800,Hispanic,01/2025,4,3.5,3,
Census Tract,09001043800,Hispanic,02/2025,3,3.5,4,
Census Tract,09001043800,Hispanic,03/2025,3,2,2.333,
Census Tract,09001043800,Hispanic,04/2025,3,2,2.667,
Census Tract,09001043800,Hispanic,05/2025,4,2,2,
Census Tract,09001043800,Hispanic,06/2025,4,4,3,
Census Tract,09001043800,Hispanic,07/2025,2,3,4,
Census Tract,09001043800,Hispanic,08/2025,0,1.5,4.667,
Census Tract,09001043800,Hispanic,09/2025,1,4,2.333,
Census Tract,09001043800,Hispanic,10/2025,0,1,1.333,2025-10-04
Census Tract,09001043900,Other,01/2020,3,0,1.333,
Census Tract,09001043900,Other,02/2020,1,0,0.667,
Census Tract,09001043900,Other,03/2020,1,0,1,
Census Tract,09001043900,Other,04/2020,0,1.5,1,
Census Tract,09001043900,Other,05/2020,0,0.5,0.333,
Census Tract,09001043900,Other,06/2020,0,0.5,0,
Census Tract,09001043900,Other,07/2020,0,1,0.333,
Census Tract,09001043900,Other,08/2020,0,1,1,
Census Tract,09001043900,Other,09/2020,0,0,0.333,
Census Tract,09001043900,Other,10/2020,1,2.5,1,
Census Tract,09001043900,Other,11/2020,1,0.5,0.333,
Census Tract,09001043900,Other,12/2020,0,0.5,1,
Census Tract,09001043900,Other,01/2021,1,0,1.333,
Census Tract,09001043900,Other,02/2021,0,0,0.667,
Census Tract,09001043900,Other,03/2021,1,0,1,
Census Tract,09001043900,Other,04/2021,0,1.5,1,
Census Tract,09001043900,Other,05/2021,1,0.5,0.333,
Census Tract,09001043900,Other,06/2021,0,0.5,0,
Census Tract,09001043900,Other,07/2021,0,1,0.333,
Census Tract,09001043900,Other,08/2021,1,1,1,
Census Tract,09001043900,Other,09/2021,2,0,0.333,
Census Tract,09001043900,Other,10/2021,1,2.5,1,
Census Tract,09001043900,Other,11/2021,2,0.5,0.333,
Census Tract,09001043900,Other,12/2021,0,0.5,1,
Census Tract,09001043900,Other,01/2022,0,0,1.333,
Census Tract,09001043900,Other,02/2022,0,0,0.667,
Census Tract,09001043900,Other,03/2022,0,0,1,
Census Tract,09001043900,Other,04/2022,1,1.5,1,
Census Tract,09001043900,Other,05/2022,1,0.5,0.333,
Census Tract,09001043900,Other,06/2022,0,0.5,0,
Census Tract,09001043900,Other,07/2022,0,1,0.333,
Census Tract,09001043900,Other,08/2022,2,1,1,
Census Tract,09001043900,Other,09/2022,1,0,0.333,
Census Tract,09001043900,Other,10/2022,1,2.5,1,
Census Tract,09001043900,Other,11/2022,0,0.5,0.333,
Census Tract,09001043900,Other,12/2022,1,0.5,1,
Census Tract,09001043900,Other,01/2023,0,0,1.333,
Census Tract,09001043900,Other,02/2023,0,0,0.667,
Census Tract,09001043900,Other,03/2023,0,0,1,
Census Tract,09001043900,Other,04/2023,2,1.5,1,
Census Tract,09001043900,Other,05/2023,1,0.5,0.333,
Census Tract,09001043900,Other,06/2023,0,0.5,0,
Census Tract,09001043900,Other,07/2023,1,1,0.333,
Census Tract,09001043900,Other,08/2023,0,1,1,
Census Tract,09001043900,Other,09/2023,0,0,0.333,
Census Tract,09001043900,Other,10/2023,3,2.5,1,
Census Tract,09001043900,Other,11/2023,0,0.5,0.333,
Census Tract,09001043900,Other,12/2023,0,0.5,1,
Census Tract,09001043900,Other,01/2024,0,0,1.333,
Census Tract,09001043900,Other,02/2024,0,0,0.667,
Census Tract,09001043900,Other,03/2024,0,0,1,
Census Tract,09001043900,Other,04/2024,1,1.5,1,
Census Tract,09001043900,Other,05/2024,0,0.5,0.333,
Census Tract,09001043900,Other,06/2024,1,0.5,0,
Census Tract,09001043900,Other,07/2024,1,1,0.333,
Census Tract,09001043900,Other,08/2024,2,1,1,
Census Tract,09001043900,Other,09/2024,0,0,0.333,
Census Tract,09001043900,Other,10/2024,2,2.5,1,
Census Tract,09001043900,Other,11/2024,1,0.5,0.333,
Census Tract,09001043900,Other,12/2024,1,0.5,1,
Census Tract,09001043900,Other,01/2025,0,0,1.333,
Census Tract,09001043900,Other,02/2025,1,0,0.667,
Census Tract,09001043900,Other,03/2025,1,0,1,
Census Tract,09001043900,Other,04/2025,1,1.5,1,
Census Tract,09001043900,Other,05/2025,0,0.5,0.333,
Census Tract,09001043900,Other,06/2025,0,0.5,0,
Census Tract,09001043900,Other,07/2025,2,1,0.333,
Census Tract,09001043900,Other,08/2025,0,1,1,
Census Tract,09001043900,Other,09/2025,0,0,0.333,
Census Tract,09001043900,Other,10/2025,0,0.5,0,2025-10-04
Census Tract,09001044000,Other,01/2020,1,2,2,
Census Tract,09001044000,Other,02/2020,1,4,1.333,
Census Tract,09001044000,Other,03/2020,4,2,3.333,
Census Tract,09001044000,Other,04/2020,0,1,2.333,
Census Tract,09001044000,Other,05/2020,0,2,3,
Census Tract,09001044000,Other,06/2020,0,2,3.333,
Census Tract,09001044000,Other,07/2020,0,1.5,3.333,
Census Tract,09001044000,Other,08/2020,0,3,3,
Census Tract,09001044000,Other,09/2020,2,1.5,2.667,
Census Tract,09001044000,Other,10/2020,0,2.5,4,
Census Tract,09001044000,Other,11/2020,2,2.5,2,
Census Tract,09001044000,Other,12/2020,0,1,1,
Census Tract,09001044000,Other,01/2021,0,2,2,
Census Tract,09001044000,Other,02/2021,1,4,1.333,
Census Tract,09001044000,Other,03/2021,1,2,3.333,
Census Tract,09001044000,Other,04/2021,1,1,2.333,
Census Tract,09001044000,Other,05/2021,3,2,3,
Census Tract,09001044000,Other,06/2021,0,2,3.333,
Census Tract,09001044000,Other,07/2021,1,1.5,3.333,
Census Tract,09001044000,Other,08/2021,1,3,3,
Census Tract,09001044000,Other,09/2021,1,1.5,2.667,
Census Tract,09001044000,Other,10/2021,3,2.5,4,
Census Tract,09001044000,Other,11/2021,3,2.5,2,
Census Tract,09001044000,Other,12/2021,1,1,1,
Census Tract,09001044000,Other,01/2022,0,2,2,
Census Tract,09001044000,Other,02/2022,1,4,1.333,
Census Tract,09001044000,Other,03/2022,4,2,3.333,
Census Tract,09001044000,Other,04/2022,2,1,2.333,
Census Tract,09001044000,Other,05/2022,7,2,3,
Census Tract,09001044000,Other,06/2022,3,2,3.333,
Census Tract,09001044000,Other,07/2022,3,1.5,3.333,
Census Tract,09001044000,Other,08/2022,4,3,3,
Census Tract,09001044000,Other,09/2022,4,1.5,2.667,
Census Tract,09001044000,Other,10/2022,4,2.5,4,
Census Tract,09001044000,Other,11/2022,0,2.5,2,
Census Tract,09001044000,Other,12/2022,2,1,1,
Census Tract,09001044000,Other,01/2023,0,2,2,
Census Tract,09001044000,Other,02/2023,6,4,1.333,
Census Tract,09001044000,Other,03/2023,1,2,3.333,
Census Tract,09001044000,Other,04/2023,1,1,2.333,
Census Tract,09001044000,Other,05/2023,3,2,3,
Census Tract,09001044000,Other,06/2023,3,2,3.333,
Census Tract,09001044000,Other,07/2023,1,1.5,3.333,
Census Tract,09001044000,Other,08/2023,4,3,3,
Census Tract,09001044000,Other,09/2023,1,1.5,2.667,
Census Tract,09001044000,Other,10/2023,4,2.5,4,
Census Tract,09001044000,Other,11/2023,5,2.5,2,
Census Tract,09001044000,Other,12/2023,2,1,1,
Census Tract,09001044000,Other,01/2024,4,2,2,
Census Tract,09001044000,Other,02/2024,2,4,1.333,
Census Tract,09001044000,Other,03/2024,3,2,3.333,
Census Tract,09001044000,Other,04/2024,1,1,2.333,
Census Tract,09001044000,Other,05/2024,1,2,3,
Census Tract,09001044000,Other,06/2024,1,2,3.333,
Census Tract,09001044000,Other,07/2024,2,1.5,3.333,
Census Tract,09001044000,Other,08/2024,2,3,3,
Census Tract,09001044000,Other,09/2024,2,1.5,2.667,
Census Tract,09001044000,Other,10/2024,1,2.5,4,
Census Tract,09001044000,Other,11/2024,0,2.5,2,
Census Tract,09001044000,Other,12/2024,0,1,1,
Census Tract,09001044000,Other,01/2025,1,2,2,
Census Tract,09001044000,Other,02/2025,2,4,1.333,
Census Tract,09001044000,Other,03/2025,3,2,3.333,
Census Tract,09001044000,Other,04/2025,1,1,2.333,
Census Tract,09001044000,Other,05/2025,4,2,3,
Census Tract,09001044000,Other,06/2025,1,2,3.333,
Census Tract,09001044000,Other,07/2025,3,1.5,3.333,
Census Tract,09001044000,Other,08/2025,0,3,3,
Census Tract,09001044000,Other,09/2025,3,1.5,2.667,
Census Tract,09001044000,Other,10/2025,0,0,0,2025-10-04
Census Tract,09001044100,Other,01/2020,1,1,0.667,
Census Tract,09001044100,Other,02/2020,1,2.5,3,
Census Tract,09001044100,Other,03/2020,0,2,0.667,
Census Tract,09001044100,Other,04/2020,0,0.5,2.333,
Census Tract,09001044100,Other,05/2020,0,5.5,2,
Census Tract,09001044100,Other,06/2020,0,3,0.667,
Census Tract,09001044100,Other,07/2020,0,4,1,
Census Tract,09001044100,Other,08/2020,0,2.5,0,
Census Tract,09001044100,Other,09/2020,0,5,2.333,
Census Tract,09001044100,Other,10/2020,1,2.5,1,
Census Tract,09001044100,Other,11/2020,0,3,2,
Census Tract,09001044100,Other,12/2020,1,5,1.333,
Census Tract,09001044100,Other,01/2021,0,1,0.667,
Census Tract,09001044100,Other,02/2021,0,2,3,
Census Tract,09001044100,Other,03/2021,0,2,0.667,
Census Tract,09001044100,Other,04/2021,3,0.5,2.333,
Census Tract,09001044100,Other,05/2021,1,5.5,2,
Census Tract,09001044100,Other,06/2021,0,3,0.667,
Census Tract,09001044100,Other,07/2021,0,4,1,
Census Tract,09001044100,Other,08/2021,0,2.5,0,
Census Tract,09001044100,Other,09/2021,0,5,2.333,
Census Tract,09001044100,Other,10/2021,1,2.5,1,
Census Tract,09001044100,Other,11/2021,2,3,2,
Census Tract,09001044100,Other,12/2021,1,5,1.333,
Census Tract,09001044100,Other,01/2022,1,1,0.667,
Census Tract,09001044100,Other,02/2022,2,2,3,
Census Tract,09001044100,Other,03/2022,3,2,0.667,
Census Tract,09001044100,Other,04/2022,1,0.5,2.333,
Census Tract,09001044100,Other,05/2022,3,5.5,2,
Census Tract,09001044100,Other,06/2022,1,3,0.667,
Census Tract,09001044100,Other,07/2022,2,4,1,
Census Tract,09001044100,Other,08/2022,4,2.5,0,
Census Tract,09001044100,Other,09/2022,2,5,2.333,
Census Tract,09001044100,Other,10/2022,2,2.5,1,
Census Tract,09001044100,Other,11/2022,2,3,2,
Census Tract,09001044100,Other,12/2022,2,5,1.333,
Census Tract,09001044100,Other,01/2023,0,1,0.667,
Census Tract,09001044100,Other,02/2023,2,2,3,
Census Tract,09001044100,Other,03/2023,0,2,0.667,
Census Tract,09001044100,Other,04/2023,1,0.5,2.333,
Census Tract,09001044100,Other,05/2023,2,5.5,2,
Census Tract,09001044100,Other,06/2023,2,3,0.667,
Census Tract,09001044100,Other,07/2023,1,4,1,
Census Tract,09001044100,Other,08/2023,1,2.5,0,
Census Tract,09001044100,Other,09/2023,5,5,2.333,
Census Tract,09001044100,Other,10/2023,2,2.5,1,
Census Tract,09001044100,Other,11/2023,2,3,2,
Census Tract,09001044100,Other,12/2023,6,5,1.333,
Census Tract,09001044100,Other,01/2024,2,1,0.667,
Census Tract,09001044100,Other,02/2024,3,2.5,3,
Census Tract,09001044100,Other,03/2024,4,2,0.667,
Census Tract,09001044100,Other,04/2024,0,0.5,2.333,
Census Tract,09001044100,Other,05/2024,9,5.5,2,
Census Tract,09001044100,Other,06/2024,4,3,0.667,
Census Tract,09001044100,Other,07/2024,7,4,1,
Census Tract,09001044100,Other,08/2024,4,2.5,0,
Census Tract,09001044100,Other,09/2024,5,5,2.333,
Census Tract,09001044100,Other,10/2024,3,2.5,1,
Census Tract,09001044100,Other,11/2024,4,3,2,
Census Tract,09001044100,Other,12/2024,4,5,1.333,
Census Tract,09001044100,Other,01/2025,3,1,0.667,
Census Tract,09001044100,Other,02/2025,4,2,3,
Census Tract,09001044100,Other,03/2025,2,2,0.667,
Census Tract,09001044100,Other,04/2025,4,0.5,2.333,
Census Tract,09001044100,Other,05/2025,2,5.5,2,
Census Tract,09001044100,Other,06/2025,3,3,0.667,
Census Tract,09001044100,Other,07/2025,3,4,1,
Census Tract,09001044100,Other,08/2025,0,2.5,0,
Census Tract,09001044100,Other,09/2025,2,5,2.333,
Census Tract,09001044100,Other,10/2025,0,0.5,0,2025-10-04
Census Tract,09001044200,White,01/2020,2,1.5,1,
Census Tract,09001044200,White,02/2020,2,1,0.667,
Census Tract,09001044200,White,03/2020,0,1.5,0.667,
Census Tract,09001044200,White,04/2020,0,0.5,1,
Census Tract,09001044200,White,05/2020,0,1.5,2,
Census Tract,09001044200,White,06/2020,0,1,1.333,
Census Tract,09001044200,White,07/2020,1,2,1,
Census Tract,09001044200,White,08/2020,0,2,1,
Census Tract,09001044200,White,09/2020,0,3.5,1.333,
Census Tract,09001044200,White,10/2020,1,1,2.667,
Census Tract,09001044200,White,11/2020,0,1,1.667,
Census Tract,09001044200,White,12/2020,1,0.5,2,
Census Tract,09001044200,White,01/2021,0,1.5,1,
Census Tract,09001044200,White,02/2021,0,1,0.667,
Census Tract,09001044200,White,03/2021,0,1.5,0.667,
Census Tract,09001044200,White,04/2021,1,0.5,1,
Census Tract,09001044200,White,05/2021,0,1.5,2,
Census Tract,09001044200,White,06/2021,0,1,1.333,
Census Tract,09001044200,White,07/2021,0,2,1,
Census Tract,09001044200,White,08/2021,1,2,1,
Census Tract,09001044200,White,09/2021,1,3.5,1.333,
Census Tract,09001044200,White,10/2021,1,1,2.667,
Census Tract,09001044200,White,11/2021,2,1,1.667,
Census Tract,09001044200,White,12/2021,2,0.5,2,
Census Tract,09001044200,White,01/2022,0,1.5,1,
Census Tract,09001044200,White,02/2022,0,1,0.667,
Census Tract,09001044200,White,03/2022,1,1.5,0.667,
Census Tract,09001044200,White,04/2022,1,0.5,1,
Census Tract,09001044200,White,05/2022,0,1.5,2,
Census Tract,09001044200,White,06/2022,1,1,1.333,
Census Tract,09001044200,White,07/2022,2,2,1,
Census Tract,09001044200,White,08/2022,5,2,1,
Census Tract,09001044200,White,09/2022,3,3.5,1.333,
Census Tract,09001044200,White,10/2022,1,1,2.667,
Census Tract,09001044200,White,11/2022,3,1,1.667,
Census Tract,09001044200,White,12/2022,2,0.5,2,
Census Tract,09001044200,White,01/2023,2,1.5,1,
Census Tract,09001044200,White,02/2023,2,1,0.667,
Census Tract,09001044200,White,03/2023,1,1.5,0.667,
Census Tract,09001044200,White,04/2023,1,0.5,1,
Census Tract,09001044200,White,05/2023,2,1.5,2,
Census Tract,09001044200,White,06/2023,1,1,1.333,
Census Tract,09001044200,White,07/2023,3,2,1,
Census Tract,09001044200,White,08/2023,3,2,1,
Census Tract,09001044200,White,09/2023,3,3.5,1.333,
Census Tract,09001044200,White,10/2023,1,1,2.667,
Census Tract,09001044200,White,11/2023,2,1,1.667,
Census Tract,09001044200,White,12/2023,0,0.5,2,
Census Tract,09001044200,White,01/2024,1,1.5,1,
Census Tract,09001044200,White,02/2024,0,1,0.667,
Census Tract,09001044200,White,03/2024,2,1.5,0.667,
Census Tract,09001044200,White,04/2024,0,0.5,1,
Census Tract,09001044200,White,05/2024,1,1.5,2,
Census Tract,09001044200,White,06/2024,1,1,1.333,
Census Tract,09001044200,White,07/2024,1,2,1,
Census Tract,09001044200,White,08/2024,1,2,1,
Census Tract,09001044200,White,09/2024,4,3.5,1.333,
Census Tract,09001044200,White,10/2024,1,1,2.667,
Census Tract,09001044200,White,11/2024,0,1,1.667,
Census Tract,09001044200,White,12/2024,1,0.5,2,
Census Tract,09001044200,White,01/2025,1,1.5,1,
Census Tract,09001044200,White,02/2025,2,1,0.667,
Census Tract,09001044200,White,03/2025,3,1.5,0.667,
Census Tract,09001044200,White,04/2025,0,0.5,1,
Census Tract,09001044200,White,05/2025,0,1.5,2,
Census Tract,09001044200,White,06/2025,4,1,1.333,
Census Tract,09001044200,White,07/2025,2,2,1,
Census Tract,09001044200,White,08/2025,0,2,1,
Census Tract,09001044200,White,09/2025,2,3.5,1.333,
Census Tract,09001044200,White,10/2025,0,0,0,2025-10-04
Census Tract,09001044300,White,01/2020,0,0,1.667,
Census Tract,09001044300,White,02/2020,0,0,1.333,
Census Tract,09001044300,White,03/2020,1,2,0.667,
Census Tract,09001044300,White,04/2020,0,0.5,0.333,
Census Tract,09001044300,White,05/2020,0,2,0.667,
Census Tract,09001044300,White,06/2020,0,1,1.667,
Census Tract,09001044300,White,07/2020,0,1,1,
Census Tract,09001044300,White,08/2020,0,1,1.667,
Census Tract,09001044300,White,09/2020,0,1.5,3.333,
Census Tract,09001044300,White,10/2020,0,0.5,1.333,
Census Tract,09001044300,White,11/2020,3,1.5,0.333,
Census Tract,09001044300,White,12/2020,0,2,1,
Census Tract,09001044300,White,01/2021,0,0,1.667,
Census Tract,09001044300,White,02/2021,0,0,1.333,
Census Tract,09001044300,White,03/2021,0,2,0.667,
Census Tract,09001044300,White,04/2021,0,0.5,0.333,
Census Tract,09001044300,White,05/2021,0,2,0.667,
Census Tract,09001044300,White,06/2021,1,1,1.667,
Census Tract,09001044300,White,07/2021,0,1,1,
Census Tract,09001044300,White,08/2021,1,1,1.667,
Census Tract,09001044300,White,09/2021,1,1.5,3.333,
Census Tract,09001044300,White,10/2021,0,0.5,1.333,
Census Tract,09001044300,White,11/2021,0,1.5,0.333,
Census Tract,09001044300,White,12/2021,1,2,1,
Census Tract,09001044300,White,01/2022,1,0,1.667,
Census Tract,09001044300,White,02/2022,5,0,1.333,
Census Tract,09001044300,White,03/2022,3,2,0.667,
Census Tract,09001044300,White,04/2022,0,0.5,0.333,
Census Tract,09001044300,White,05/2022,0,2,0.667,
Census Tract,09001044300,White,06/2022,0,1,1.667,
Census Tract,09001044300,White,07/2022,1,1,1,
Census Tract,09001044300,White,08/2022,0,1,1.667,
Census Tract,09001044300,White,09/2022,4,1.5,3.333,
Census Tract,09001044300,White,10/2022,3,0.5,1.333,
Census Tract,09001044300,White,11/2022,0,1.5,0.333,
Census Tract,09001044300,White,12/2022,0,2,1,
Census Tract,09001044300,White,01/2023,0,0,1.667,
Census Tract,09001044300,White,02/2023,0,0,1.333,
Census Tract,09001044300,White,03/2023,4,2,0.667,
Census Tract,09001044300,White,04/2023,0,0.5,0.333,
Census Tract,09001044300,White,05/2023,2,2,0.667,
Census Tract,09001044300,White,06/2023,1,1,1.667,
Census Tract,09001044300,White,07/2023,0,1,1,
Census Tract,09001044300,White,08/2023,2,1,1.667,
Census Tract,09001044300,White,09/2023,2,1.5,3.333,
Census Tract,09001044300,White,10/2023,1,0.5,1.333,
Census Tract,09001044300,White,11/2023,3,1.5,0.333,
Census Tract,09001044300,White,12/2023,4,2,1,
Census Tract,09001044300,White,01/2024,0,0,1.667,
Census Tract,09001044300,White,02/2024,0,0,1.333,
Census Tract,09001044300,White,03/2024,0,2,0.667,
Census Tract,09001044300,White,04/2024,1,0.5,0.333,
Census Tract,09001044300,White,05/2024,2,2,0.667,
Census Tract,09001044300,White,06/2024,1,1,1.667,
Census Tract,09001044300,White,07/2024,2,1,1,
Census Tract,09001044300,White,08/2024,0,1,1.667,
Census Tract,09001044300,White,09/2024,1,1.5,3.333,
Census Tract,09001044300,White,10/2024,0,0.5,1.333,
Census Tract,09001044300,White,11/2024,0,1.5,0.333,
Census Tract,09001044300,White,12/2024,0,2,1,
Census Tract,09001044300,White,01/2025,0,0,1.667,
Census Tract,09001044300,White,02/2025,2,0,1.333,
Census Tract,09001044300,White,03/2025,1,2,0.667,
Census Tract,09001044300,White,04/2025,3,0.5,0.333,
Census Tract,09001044300,White,05/2025,2,2,0.667,
Census Tract,09001044300,White,06/2025,2,1,1.667,
Census Tract,09001044300,White,07/2025,1,1,1,
Census Tract,09001044300,White,08/2025,0,1,1.667,
Census Tract,09001044300,White,09/2025,1,1.5,3.333,
Census Tract,09001044300,White,10/2025,0,0,0,2025-10-04
Census Tract,09001044400,Other,01/2020,3,2,3.333,
Census Tract,09001044400,Other,02/2020,0,2,1.333,
Census Tract,09001044400,Other,03/2020,1,0.5,1,
Census Tract,09001044400,Other,04/2020,0,0.5,2.333,
Census Tract,09001044400,Other,05/2020,0,2.5,2.333,
Census Tract,09001044400,Other,06/2020,0,0.5,1,
Census Tract,09001044400,Other,07/2020,1,2,2.667,
Census Tract,09001044400,Other,08/2020,0,0.5,1.333,
Census Tract,09001044400,Other,09/2020,0,1.5,1.333,
Census Tract,09001044400,Other,10/2020,0,0.5,3,
Census Tract,09001044400,Other,11/2020,0,0.5,2.333,
Census Tract,09001044400,Other,12/2020,0,0,1.333,
Census Tract,09001044400,Other,01/2021,1,2,3.333,
Census Tract,09001044400,Other,02/2021,0,2,1.333,
Census Tract,09001044400,Other,03/2021,0,0.5,1,
Census Tract,09001044400,Other,04/2021,1,0.5,2.333,
Census Tract,09001044400,Other,05/2021,0,2.5,2.333,
Census Tract,09001044400,Other,06/2021,1,0.5,1,
Census Tract,09001044400,Other,07/2021,0,2,2.667,
Census Tract,09001044400,Other,08/2021,1,0.5,1.333,
Census Tract,09001044400,Other,09/2021,0,1.5,1.333,
Census Tract,09001044400,Other,10/2021,1,0.5,3,
Census Tract,09001044400,Other,11/2021,0,0.5,2.333,
Census Tract,09001044400,Other,12/2021,0,0,1.333,
Census Tract,09001044400,Other,01/2022,0,2,3.333,
Census Tract,09001044400,Other,02/2022,0,2,1.333,
Census Tract,09001044400,Other,03/2022,0,0.5,1,
Census Tract,09001044400,Other,04/2022,2,0.5,2.333,
Census Tract,09001044400,Other,05/2022,2,2.5,2.333,
Census Tract,09001044400,Other,06/2022,2,0.5,1,
Census Tract,09001044400,Other,07/2022,1,2,2.667,
Census Tract,09001044400,Other,08/2022,1,0.5,1.333,
Census Tract,09001044400,Other,09/2022,1,1.5,1.333,
Census Tract,09001044400,Other,10/2022,2,0.5,3,
Census Tract,09001044400,Other,11/2022,1,0.5,2.333,
Census Tract,09001044400,Other,12/2022,0,0,1.333,
Census Tract,09001044400,Other,01/2023,2,2,3.333,
Census Tract,09001044400,Other,02/2023,4,2,1.333,
Census Tract,09001044400,Other,03/2023,1,0.5,1,
Census Tract,09001044400,Other,04/2023,1,0.5,2.333,
Census Tract,09001044400,Other,05/2023,5,2.5,2.333,
Census Tract,09001044400,Other,06/2023,0,0.5,1,
Census Tract,09001044400,Other,07/2023,4,2,2.667,
Census Tract,09001044400,Other,08/2023,0,0.5,1.333,
Census Tract,09001044400,Other,09/2023,1,1.5,1.333,
Census Tract,09001044400,Other,10/2023,0,0.5,3,
Census Tract,09001044400,Other,11/2023,0,0.5,2.333,
Census Tract,09001044400,Other,12/2023,0,0,1.333,
Census Tract,09001044400,Other,01/2024,2,2,3.333,
Census Tract,09001044400,Other,02/2024,0,2,1.333,
Census Tract,09001044400,Other,03/2024,0,0.5,1,
Census Tract,09001044400,Other,04/2024,0,0.5,2.333,
Census Tract,09001044400,Other,05/2024,0,2.5,2.333,
Census Tract,09001044400,Other,06/2024,1,0.5,1,
Census Tract,09001044400,Other,07/2024,0,2,2.667,
Census Tract,09001044400,Other,08/2024,1,0.5,1.333,
Census Tract,09001044400,Other,09/2024,2,1.5,1.333,
Census Tract,09001044400,Other,10/2024,1,0.5,3,
Census Tract,09001044400,Other,11/2024,1,0.5,2.333,
Census Tract,09001044400,Other,12/2024,0,0,1.333,
Census Tract,09001044400,Other,01/2025,0,2,3.333,
Census Tract,09001044400,Other,02/2025,0,2,1.333,
Census Tract,09001044400,Other,03/2025,2,0.5,1,
Census Tract,09001044400,Other,04/2025,1,0.5,2.333,
Census Tract,09001044400,Other,05/2025,0,2.5,2.333,
Census Tract,09001044400,Other,06/2025,0,0.5,1,
Census Tract,09001044400,Other,07/2025,1,2,2.667,
Census Tract,09001044400,Other,08/2025,0,0.5,1.333,
Census Tract,09001044400,Other,09/2025,0,1.5,1.333,
Census Tract,09001044400,Other,10/2025,0,0,0.333,2025-10-04
Census Tract,09001044500,Other,01/2020,7,1.5,3.667,
Census Tract,09001044500,Other,02/2020,5,7,3,
Census Tract,09001044500,Other,03/2020,4,2.5,0.667,
Census Tract,09001044500,Other,04/2020,0,2,2.333,
Census Tract,09001044500,Other,05/2020,0,3,3.667,
Census Tract,09001044500,Other,06/2020,0,1,2,
Census Tract,09001044500,Other,07/2020,0,2,2,
Census Tract,09001044500,Other,08/2020,0,2.5,2,
Census Tract,09001044500,Other,09/2020,0,3,4.333,
Census Tract,09001044500,Other,10/2020,0,3,1,
Census Tract,09001044500,Other,11/2020,0,6,3.333,
Census Tract,09001044500,Other,12/2020,0,0.5,2,
Census Tract,09001044500,Other,01/2021,1,1.5,3.667,
Census Tract,09001044500,Other,02/2021,0,7,3,
Census Tract,09001044500,Other,03/2021,1,2.5,0.667,
Census Tract,09001044500,Other,04/2021,1,2,2.333,
Census Tract,09001044500,Other,05/2021,0,3,3.667,
Census Tract,09001044500,Other,06/2021,2,1,2,
Census Tract,09001044500,Other,07/2021,2,2,2,
Census Tract,09001044500,Other,08/2021,2,2.5,2,
Census Tract,09001044500,Other,09/2021,0,3,4.333,
Census Tract,09001044500,Other,10/2021,4,3,1,
Census Tract,09001044500,Other,11/2021,5,6,3.333,
Census Tract,09001044500,Other,12/2021,1,0.5,2,
Census Tract,09001044500,Other,01/2022,2,1.5,3.667,
Census Tract,09001044500,Other,02/2022,1,7,3,
Census Tract,09001044500,Other,03/2022,1,2.5,0.667,
Census Tract,09001044500,Other,04/2022,5,2,2.333,
Census Tract,09001044500,Other,05/2022,0,3,3.667,
Census Tract,09001044500,Other,06/2022,0,1,2,
Census Tract,09001044500,Other,07/2022,3,2,2,
Census Tract,09001044500,Other,08/2022,6,2.5,2,
Census Tract,09001044500,Other,09/2022,3,3,4.333,
Census Tract,09001044500,Other,10/2022,1,3,1,
Census Tract,09001044500,Other,11/2022,2,6,3.333,
Census Tract,09001044500,Other,12/2022,3,0.5,2,
Census Tract,09001044500,Other,01/2023,2,1.5,3.667,
Census Tract,09001044500,Other,02/2023,10,7,3,
Census Tract,09001044500,Other,03/2023,3,2.5,0.667,
Census Tract,09001044500,Other,04/2023,2,2,2.333,
Census Tract,09001044500,Other,05/2023,6,3,3.667,
Census Tract,09001044500,Other,06/2023,0,1,2,
Census Tract,09001044500,Other,07/2023,2,2,2,
Census Tract,09001044500,Other,08/2023,5,2.5,2,
Census Tract,09001044500,Other,09/2023,4,3,4.333,
Census Tract,09001044500,Other,10/2023,3,3,1,
Census Tract,09001044500,Other,11/2023,3,6,3.333,
Census Tract,09001044500,Other,12/2023,0,0.5,2,
Census Tract,09001044500,Other,01/2024,1,1.5,3.667,
Census Tract,09001044500,Other,02/2024,4,7,3,
Census Tract,09001044500,Other,03/2024,2,2.5,0.667,
Census Tract,09001044500,Other,04/2024,2,2,2.333,
Census Tract,09001044500,Other,05/2024,0,3,3.667,
Census Tract,09001044500,Other,06/2024,2,1,2,
Census Tract,09001044500,Other,07/2024,2,2,2,
Census Tract,09001044500,Other,08/2024,0,2.5,2,
Census Tract,09001044500,Other,09/2024,2,3,4.333,
Census Tract,09001044500,Other,10/2024,3,3,1,
Census Tract,09001044500,Other,11/2024,9,6,3.333,
Census Tract,09001044500,Other,12/2024,1,0.5,2,
Census Tract,09001044500,Other,01/2025,1,1.5,3.667,
Census Tract,09001044500,Other,02/2025,0,7,3,
Census Tract,09001044500,Other,03/2025,4,2.5,0.667,
Census Tract,09001044500,Other,04/2025,2,2,2.333,
Census Tract,09001044500,Other,05/2025,3,3,3.667,
Census Tract,09001044500,Other,06/2025,0,1,2,
Census Tract,09001044500,Other,07/2025,0,2,2,
Census Tract,09001044500,Other,08/2025,0,2.5,2,
Census Tract,09001044500,Other,09/2025,1,3,4.333,
Census Tract,09001044500,Other,10/2025,0,0,0,2025-10-04
Census Tract,09001044600,White,01/2020,0,0,0,
Census Tract,09001044600,White,02/2020,0,0,0,
Census Tract,09001044600,White,03/2020,0,0,0,
Census Tract,09001044600,White,04/2020,0,0,0,
Census Tract,09001044600,White,05/2020,0,0,0.333,
Census Tract,09001044600,White,06/2020,0,0.5,0,
Census Tract,09001044600,White,07/2020,0,0,0,
Census Tract,09001044600,White,08/2020,0,0,0,
Census Tract,09001044600,White,09/2020,0,0,0,
Census Tract,09001044600,White,10/2020,0,0.5,0,
Census Tract,09001044600,White,11/2020,0,0,0,
Census Tract,09001044600,White,12/2020,0,0,0.333,
Census Tract,09001044600,White,01/2021,0,0,0,
Census Tract,09001044600,White,02/2021,0,0,0,
Census Tract,09001044600,White,03/2021,0,0,0,
Census Tract,09001044600,White,04/2021,0,0,0,
Census Tract,09001044600,White,05/2021,0,0,0.333,
Census Tract,09001044600,White,06/2021,1,0.5,0,
Census Tract,09001044600,White,07/2021,0,0,0,
Census Tract,09001044600,White,08/2021,0,0,0,
Census Tract,09001044600,White,09/2021,0,0,0,
Census Tract,09001044600,White,10/2021,0,0.5,0,
Census Tract,09001044600,White,11/2021,0,0,0,
Census Tract,09001044600,White,12/2021,1,0,0.333,
Census Tract,09001044600,White,01/2022,0,0,0,
Census Tract,09001044600,White,02/2022,0,0,0,
Census Tract,09001044600,White,03/2022,0,0,0,
Census Tract,09001044600,White,04/2022,0,0,0,
Census Tract,09001044600,White,05/2022,0,0,0.333,
Census Tract,09001044600,White,06/2022,0,0.5,0,
Census Tract,09001044600,White,07/2022,1,0,0,
Census Tract,09001044600,White,08/2022,0,0,0,
Census Tract,09001044600,White,09/2022,0,0,0,
Census Tract,09001044600,White,10/2022,0,0.5,0,
Census Tract,09001044600,White,11/2022,0,0,0,
Census Tract,09001044600,White,12/2022,0,0,0.333,
Census Tract,09001044600,White,01/2023,0,0,0,
Census Tract,09001044600,White,02/2023,0,0,0,
Census Tract,09001044600,White,03/2023,0,0,0,
Census Tract,09001044600,White,04/2023,0,0,0,
Census Tract,09001044600,White,05/2023,0,0,0.333,
Census Tract,09001044600,White,06/2023,0,0.5,0,
Census Tract,09001044600,White,07/2023,0,0,0,
Census Tract,09001044600,White,08/2023,0,0,0,
Census Tract,09001044600,White,09/2023,0,0,0,
Census Tract,09001044600,White,10/2023,0,0.5,0,
Census Tract,09001044600,White,11/2023,0,0,0,
Census Tract,09001044600,White,12/2023,0,0,0.333,
Census Tract,09001044600,White,01/2024,0,0,0,
Census Tract,09001044600,White,02/2024,0,0,0,
Census Tract,09001044600,White,03/2024,0,0,0,
Census Tract,09001044600,White,04/2024,0,0,0,
Census Tract,09001044600,White,05/2024,0,0,0.333,
Census Tract,09001044600,White,06/2024,1,0.5,0,
Census Tract,09001044600,White,07/2024,0,0,0,
Census Tract,09001044600,White,08/2024,0,0,0,
Census Tract,09001044600,White,09/2024,0,0,0,
Census Tract,09001044600,White,10/2024,1,0.5,0,
Census Tract,09001044600,White,11/2024,0,0,0,
Census Tract,09001044600,White,12/2024,0,0,0.333,
Census Tract,09001044600,White,01/2025,0,0,0,
Census Tract,09001044600,White,02/2025,0,0,0,
Census Tract,09001044600,White,03/2025,0,0,0,
Census Tract,09001044600,White,04/2025,0,0,0,
Census Tract,09001044600,White,05/2025,0,0,0.333,
Census Tract,09001044600,White,06/2025,0,0.5,0,
Census Tract,09001044600,White,07/2025,0,0,0,
Census Tract,09001044600,White,08/2025,0,0,0,
Census Tract,09001044600,White,09/2025,0,0,0,
Census Tract,09001044600,White,10/2025,0,0,0,2025-10-04
Census Tract,09001045101,White,01/2020,0,0,0.333,
Census Tract,09001045101,White,02/2020,0,0,0,
Census Tract,09001045101,White,03/2020,0,0,0.333,
Census Tract,09001045101,White,04/2020,0,0,0,
Census Tract,09001045101,White,05/2020,0,0,0,
Census Tract,09001045101,White,06/2020,0,0.5,0,
Census Tract,09001045101,White,07/2020,0,0,0.333,
Census Tract,09001045101,White,08/2020,0,0,0,
Census Tract,09001045101,White,09/2020,0,0,0,
Census Tract,09001045101,White,10/2020,0,0,0,
Census Tract,09001045101,White,11/2020,0,0,0.333,
Census Tract,09001045101,White,12/2020,0,0,0.333,
Census Tract,09001045101,White,01/2021,0,0,0.333,
Census Tract,09001045101,White,02/2021,0,0,0,
Census Tract,09001045101,White,03/2021,1,0,0.333,
Census Tract,09001045101,White,04/2021,0,0,0,
Census Tract,09001045101,White,05/2021,0,0,0,
Census Tract,09001045101,White,06/2021,0,0.5,0,
Census Tract,09001045101,White,07/2021,0,0,0.333,
Census Tract,09001045101,White,08/2021,0,0,0,
Census Tract,09001045101,White,09/2021,0,0,0,
Census Tract,09001045101,White,10/2021,0,0,0,
Census Tract,09001045101,White,11/2021,0,0,0.333,
Census Tract,09001045101,White,12/2021,0,0,0.333,
Census Tract,09001045101,White,01/2022,0,0,0.333,
Census Tract,09001045101,White,02/2022,0,0,0,
Census Tract,09001045101,White,03/2022,0,0,0.333,
Census Tract,09001045101,White,04/2022,0,0,0,
Census Tract,09001045101,White,05/2022,2,0,0,
Census Tract,09001045101,White,06/2022,0,0.5,0,
Census Tract,09001045101,White,07/2022,0,0,0.333,
Census Tract,09001045101,White,08/2022,0,0,0,
Census Tract,09001045101,White,09/2022,1,0,0,
Census Tract,09001045101,White,10/2022,0,0,0,
Census Tract,09001045101,White,11/2022,0,0,0.333,
Census Tract,09001045101,White,12/2022,0,0,0.333,
Census Tract,09001045101,White,01/2023,0,0,0.333,
Census Tract,09001045101,White,02/2023,0,0,0,
Census Tract,09001045101,White,03/2023,0,0,0.333,
Census Tract,09001045101,White,04/2023,0,0,0,
Census Tract,09001045101,White,05/2023,0,0,0,
Census Tract,09001045101,White,06/2023,1,0.5,0,
Census Tract,09001045101,White,07/2023,0,0,0.333,
Census Tract,09001045101,White,08/2023,0,0,0,
Census Tract,09001045101,White,09/2023,0,0,0,
Census Tract,09001045101,White,10/2023,0,0,0,
Census Tract,09001045101,White,11/2023,0,0,0.333,
Census Tract,09001045101,White,12/2023,0,0,0.333,
Census Tract,09001045101,White,01/2024,0,0,0.333,
Census Tract,09001045101,White,02/2024,0,0,0,
Census Tract,09001045101,White,03/2024,0,0,0.333,
Census Tract,09001045101,White,04/2024,0,0,0,
Census Tract,09001045101,White,05/2024,0,0,0,
Census Tract,09001045101,White,06/2024,0,0.5,0,
Census Tract,09001045101,White,07/2024,0,0,0.333,
Census Tract,09001045101,White,08/2024,0,0,0,
Census Tract,09001045101,White,09/2024,0,0,0,
Census Tract,09001045101,White,10/2024,0,0,0,
Census Tract,09001045101,White,11/2024,0,0,0.333,
Census Tract,09001045101,White,12/2024,0,0,0.333,
Census Tract,09001045101,White,01/2025,0,0,0.333,
Census Tract,09001045101,White,02/2025,0,0,0,
Census Tract,09001045101,White,03/2025,0,0,0.333,
Census Tract,09001045101,White,04/2025,0,0,0,
Census Tract,09001045101,White,05/2025,0,0,0,
Census Tract,09001045101,White,06/2025,0,0.5,0,
Census Tract,09001045101,White,07/2025,0,0,0.333,
Census Tract,09001045101,White,08/2025,0,0,0,
Census Tract,09001045101,White,09/2025,0,0,0,
Census Tract,09001045101,White,10/2025,0,0,0,2025-10-04
Census Tract,09001045102,White,01/2020,0,0,0,
Census Tract,09001045102,White,02/2020,0,0.5,0.333,
Census Tract,09001045102,White,03/2020,0,0,0.667,
Census Tract,09001045102,White,04/2020,0,0,0.667,
Census Tract,09001045102,White,05/2020,0,0,0.333,
Census Tract,09001045102,White,06/2020,0,0,0.333,
Census Tract,09001045102,White,07/2020,0,0.5,0.667,
Census Tract,09001045102,White,08/2020,0,0,0,
Census Tract,09001045102,White,09/2020,0,0,0,
Census Tract,09001045102,White,10/2020,0,0,0.333,
Census Tract,09001045102,White,11/2020,0,0,0,
Census Tract,09001045102,White,12/2020,0,1,0.333,
Census Tract,09001045102,White,01/2021,0,0,0,
Census Tract,09001045102,White,02/2021,0,0.5,0.333,
Census Tract,09001045102,White,03/2021,2,0,0.667,
Census Tract,09001045102,White,04/2021,0,0,0.667,
Census Tract,09001045102,White,05/2021,0,0,0.333,
Census Tract,09001045102,White,06/2021,0,0,0.333,
Census Tract,09001045102,White,07/2021,0,0.5,0.667,
Census Tract,09001045102,White,08/2021,1,0,0,
Census Tract,09001045102,White,09/2021,0,0,0,
Census Tract,09001045102,White,10/2021,0,0,0.333,
Census Tract,09001045102,White,11/2021,0,0,0,
Census Tract,09001045102,White,12/2021,0,1,0.333,
Census Tract,09001045102,White,01/2022,0,0,0,
Census Tract,09001045102,White,02/2022,0,0.5,0.333,
Census Tract,09001045102,White,03/2022,0,0,0.667,
Census Tract,09001045102,White,04/2022,0,0,0.667,
Census Tract,09001045102,White,05/2022,1,0,0.333,
Census Tract,09001045102,White,06/2022,0,0,0.333,
Census Tract,09001045102,White,07/2022,0,0.5,0.667,
Census Tract,09001045102,White,08/2022,1,0,0,
Census Tract,09001045102,White,09/2022,0,0,0,
Census Tract,09001045102,White,10/2022,0,0,0.333,
Census Tract,09001045102,White,11/2022,0,0,0,
Census Tract,09001045102,White,12/2022,0,1,0.333,
Census Tract,09001045102,White,01/2023,0,0,0,
Census Tract,09001045102,White,02/2023,0,0.5,0.333,
Census Tract,09001045102,White,03/2023,0,0,0.667,
Census Tract,09001045102,White,04/2023,0,0,0.667,
Census Tract,09001045102,White,05/2023,0,0,0.333,
Census Tract,09001045102,White,06/2023,0,0,0.333,
Census Tract,09001045102,White,07/2023,0,0.5,0.667,
Census Tract,09001045102,White,08/2023,0,0,0,
Census Tract,09001045102,White,09/2023,0,0,0,
Census Tract,09001045102,White,10/2023,0,0,0.333,
Census Tract,09001045102,White,11/2023,0,0,0,
Census Tract,09001045102,White,12/2023,0,1,0.333,
Census Tract,09001045102,White,01/2024,0,0,0,
Census Tract,09001045102,White,02/2024,1,0.5,0.333,
Census Tract,09001045102,White,03/2024,0,0,0.667,
Census Tract,09001045102,White,04/2024,0,0,0.667,
Census Tract,09001045102,White,05/2024,0,0,0.333,
Census Tract,09001045102,White,06/2024,0,0,0.333,
Census Tract,09001045102,White,07/2024,1,0.5,0.667,
Census Tract,09001045102,White,08/2024,0,0,0,
Census Tract,09001045102,White,09/2024,0,0,0,
Census Tract,09001045102,White,10/2024,0,0,0.333,
Census Tract,09001045102,White,11/2024,0,0,0,
Census Tract,09001045102,White,12/2024,2,1,0.333,
Census Tract,09001045102,White,01/2025,0,0,0,
Census Tract,09001045102,White,02/2025,0,0.5,0.333,
Census Tract,09001045102,White,03/2025,0,0,0.667,
Census Tract,09001045102,White,04/2025,0,0,0.667,
Census Tract,09001045102,White,05/2025,0,0,0.333,
Census Tract,09001045102,White,06/2025,0,0,0.333,
Census Tract,09001045102,White,07/2025,0,0.5,0.667,
Census Tract,09001045102,White,08/2025,0,0,0,
Census Tract,09001045102,White,09/2025,1,0,0,
Census Tract,09001045102,White,10/2025,0,0,0,2025-10-04
Census Tract,09001045200,White,01/2020,0,0,1.333,
Census Tract,09001045200,White,02/2020,1,0.5,0,
Census Tract,09001045200,White,03/2020,1,0.5,0.333,
Census Tract,09001045200,White,04/2020,0,0.5,0.333,
Census Tract,09001045200,White,05/2020,0,0,0,
Census Tract,09001045200,White,06/2020,0,1,1,
Census Tract,09001045200,White,07/2020,0,0,0.333,
Census Tract,09001045200,White,08/2020,0,1,1.333,
Census Tract,09001045200,White,09/2020,0,0,0.333,
Census Tract,09001045200,White,10/2020,0,0.5,0.333,
Census Tract,09001045200,White,11/2020,0,0.5,0,
Census Tract,09001045200,White,12/2020,0,0.5,0.333,
Census Tract,09001045200,White,01/2021,0,0,1.333,
Census Tract,09001045200,White,02/2021,1,0.5,0,
Census Tract,09001045200,White,03/2021,0,0.5,0.333,
Census Tract,09001045200,White,04/2021,0,0.5,0.333,
Census Tract,09001045200,White,05/2021,0,0,0,
Census Tract,09001045200,White,06/2021,0,1,1,
Census Tract,09001045200,White,07/2021,0,0,0.333,
Census Tract,09001045200,White,08/2021,0,1,1.333,
Census Tract,09001045200,White,09/2021,0,0,0.333,
Census Tract,09001045200,White,10/2021,0,0.5,0.333,
Census Tract,09001045200,White,11/2021,0,0.5,0,
Census Tract,09001045200,White,12/2021,0,0.5,0.333,
Census Tract,09001045200,White,01/2022,0,0,1.333,
Census Tract,09001045200,White,02/2022,2,0.5,0,
Census Tract,09001045200,White,03/2022,0,0.5,0.333,
Census Tract,09001045200,White,04/2022,0,0.5,0.333,
Census Tract,09001045200,White,05/2022,1,0,0,
Census Tract,09001045200,White,06/2022,1,1,1,
Census Tract,09001045200,White,07/2022,1,0,0.333,
Census Tract,09001045200,White,08/2022,0,1,1.333,
Census Tract,09001045200,White,09/2022,1,0,0.333,
Census Tract,09001045200,White,10/2022,2,0.5,0.333,
Census Tract,09001045200,White,11/2022,0,0.5,0,
Census Tract,09001045200,White,12/2022,0,0.5,0.333,
Census Tract,09001045200,White,01/2023,0,0,1.333,
Census Tract,09001045200,White,02/2023,1,0.5,0,
Census Tract,09001045200,White,03/2023,0,0.5,0.333,
Census Tract,09001045200,White,04/2023,1,0.5,0.333,
Census Tract,09001045200,White,05/2023,0,0,0,
Census Tract,09001045200,White,06/2023,2,1,1,
Census Tract,09001045200,White,07/2023,0,0,0.333,
Census Tract,09001045200,White,08/2023,2,1,1.333,
Census Tract,09001045200,White,09/2023,0,0,0.333,
Census Tract,09001045200,White,10/2023,1,0.5,0.333,
Census Tract,09001045200,White,11/2023,1,0.5,0,
Census Tract,09001045200,White,12/2023,1,0.5,0.333,
Census Tract,09001045200,White,01/2024,0,0,1.333,
Census Tract,09001045200,White,02/2024,0,0.5,0,
Census Tract,09001045200,White,03/2024,1,0.5,0.333,
Census Tract,09001045200,White,04/2024,0,0.5,0.333,
Census Tract,09001045200,White,05/2024,0,0,0,
Census Tract,09001045200,White,06/2024,0,1,1,
Census Tract,09001045200,White,07/2024,0,0,0.333,
Census Tract,09001045200,White,08/2024,0,1,1.333,
Census Tract,09001045200,White,09/2024,0,0,0.333,
Census Tract,09001045200,White,10/2024,0,0.5,0.333,
Census Tract,09001045200,White,11/2024,0,0.5,0,
Census Tract,09001045200,White,12/2024,0,0.5,0.333,
Census Tract,09001045200,White,01/2025,0,0,1.333,
Census Tract,09001045200,White,02/2025,0,0.5,0,
Census Tract,09001045200,White,03/2025,2,0.5,0.333,
Census Tract,09001045200,White,04/2025,0,0.5,0.333,
Census Tract,09001045200,White,05/2025,0,0,0,
Census Tract,09001045200,White,06/2025,0,1,1,
Census Tract,09001045200,White,07/2025,1,0,0.333,
Census Tract,09001045200,White,08/2025,0,1,1.333,
Census Tract,09001045200,White,09/2025,0,0,0.333,
Census Tract,09001045200,White,10/2025,0,0,0,2025-10-04
Census Tract,09001045300,White,01/2020,0,0,0,
Census Tract,09001045300,White,02/2020,0,0,0,
Census Tract,09001045300,White,03/2020,0,0,0,
Census Tract,09001045300,White,04/2020,0,0.5,0,
Census Tract,09001045300,White,05/2020,0,0,0,
Census Tract,09001045300,White,06/2020,0,0.5,0.333,
Census Tract,09001045300,White,07/2020,0,0,0,
Census Tract,09001045300,White,08/2020,0,0,0.333,
Census Tract,09001045300,White,09/2020,0,0,0.333,
Census Tract,09001045300,White,10/2020,0,0,0,
Census Tract,09001045300,White,11/2020,0,0,0.333,
Census Tract,09001045300,White,12/2020,0,0,0,
Census Tract,09001045300,White,01/2021,0,0,0,
Census Tract,09001045300,White,02/2021,0,0,0,
Census Tract,09001045300,White,03/2021,0,0,0,
Census Tract,09001045300,White,04/2021,0,0.5,0,
Census Tract,09001045300,White,05/2021,0,0,0,
Census Tract,09001045300,White,06/2021,0,0.5,0.333,
Census Tract,09001045300,White,07/2021,0,0,0,
Census Tract,09001045300,White,08/2021,0,0,0.333,
Census Tract,09001045300,White,09/2021,0,0,0.333,
Census Tract,09001045300,White,10/2021,0,0,0,
Census Tract,09001045300,White,11/2021,0,0,0.333,
Census Tract,09001045300,White,12/2021,0,0,0,
Census Tract,09001045300,White,01/2022,0,0,0,
Census Tract,09001045300,White,02/2022,0,0,0,
Census Tract,09001045300,White,03/2022,0,0,0,
Census Tract,09001045300,White,04/2022,0,0.5,0,
Census Tract,09001045300,White,05/2022,0,0,0,
Census Tract,09001045300,White,06/2022,0,0.5,0.333,
Census Tract,09001045300,White,07/2022,0,0,0,
Census Tract,09001045300,White,08/2022,1,0,0.333,
Census Tract,09001045300,White,09/2022,0,0,0.333,
Census Tract,09001045300,White,10/2022,0,0,0,
Census Tract,09001045300,White,11/2022,0,0,0.333,
Census Tract,09001045300,White,12/2022,0,0,0,
Census Tract,09001045300,White,01/2023,0,0,0,
Census Tract,09001045300,White,02/2023,0,0,0,
Census Tract,09001045300,White,03/2023,0,0,0,
Census Tract,09001045300,White,04/2023,0,0.5,0,
Census Tract,09001045300,White,05/2023,0,0,0,
Census Tract,09001045300,White,06/2023,1,0.5,0.333,
Census Tract,09001045300,White,07/2023,0,0,0,
Census Tract,09001045300,White,08/2023,0,0,0.333,
Census Tract,09001045300,White,09/2023,0,0,0.333,
Census Tract,09001045300,White,10/2023,0,0,0,
Census Tract,09001045300,White,11/2023,0,0,0.333,
Census Tract,09001045300,White,12/2023,0,0,0,
Census Tract,09001045300,White,01/2024,0,0,0,
Census Tract,09001045300,White,02/2024,0,0,0,
Census Tract,09001045300,White,03/2024,0,0,0,
Census Tract,09001045300,White,04/2024,1,0.5,0,
Census Tract,09001045300,White,05/2024,0,0,0,
Census Tract,09001045300,White,06/2024,0,0.5,0.333,
Census Tract,09001045300,White,07/2024,0,0,0,
Census Tract,09001045300,White,08/2024,0,0,0.333,
Census Tract,09001045300,White,09/2024,0,0,0.333,
Census Tract,09001045300,White,10/2024,0,0,0,
Census Tract,09001045300,White,11/2024,0,0,0.333,
Census Tract,09001045300,White,12/2024,0,0,0,
Census Tract,09001045300,White,01/2025,0,0,0,
Census Tract,09001045300,White,02/2025,0,0,0,
Census Tract,09001045300,White,03/2025,0,0,0,
Census Tract,09001045300,White,04/2025,0,0.5,0,
Census Tract,09001045300,White,05/2025,0,0,0,
Census Tract,09001045300,White,06/2025,0,0.5,0.333,
Census Tract,09001045300,White,07/2025,0,0,0,
Census Tract,09001045300,White,08/2025,0,0,0.333,
Census Tract,09001045300,White,09/2025,0,0,0.333,
Census Tract,09001045300,White,10/2025,0,0,0,2025-10-04
Census Tract,09001045400,White,01/2020,0,1,0,
Census Tract,09001045400,White,02/2020,0,0,0.333,
Census Tract,09001045400,White,03/2020,1,1,0.667,
Census Tract,09001045400,White,04/2020,1,1,0.333,
Census Tract,09001045400,White,05/2020,0,0,0.667,
Census Tract,09001045400,White,06/2020,0,0,0.333,
Census Tract,09001045400,White,07/2020,0,0.5,0.333,
Census Tract,09001045400,White,08/2020,0,1,0,
Census Tract,09001045400,White,09/2020,0,1,0.333,
Census Tract,09001045400,White,10/2020,0,0.5,0.333,
Census Tract,09001045400,White,11/2020,0,0,0,
Census Tract,09001045400,White,12/2020,0,0,0.333,
Census Tract,09001045400,White,01/2021,0,1,0,
Census Tract,09001045400,White,02/2021,2,0,0.333,
Census Tract,09001045400,White,03/2021,0,1,0.667,
Census Tract,09001045400,White,04/2021,0,1,0.333,
Census Tract,09001045400,White,05/2021,0,0,0.667,
Census Tract,09001045400,White,06/2021,0,0,0.333,
Census Tract,09001045400,White,07/2021,0,0.5,0.333,
Census Tract,09001045400,White,08/2021,0,1,0,
Census Tract,09001045400,White,09/2021,0,1,0.333,
Census Tract,09001045400,White,10/2021,0,0.5,0.333,
Census Tract,09001045400,White,11/2021,0,0,0,
Census Tract,09001045400,White,12/2021,1,0,0.333,
Census Tract,09001045400,White,01/2022,0,1,0,
Census Tract,09001045400,White,02/2022,2,0,0.333,
Census Tract,09001045400,White,03/2022,0,1,0.667,
Census Tract,09001045400,White,04/2022,2,1,0.333,
Census Tract,09001045400,White,05/2022,0,0,0.667,
Census Tract,09001045400,White,06/2022,0,0,0.333,
Census Tract,09001045400,White,07/2022,0,0.5,0.333,
Census Tract,09001045400,White,08/2022,0,1,0,
Census Tract,09001045400,White,09/2022,0,1,0.333,
Census Tract,09001045400,White,10/2022,0,0.5,0.333,
Census Tract,09001045400,White,11/2022,0,0,0,
Census Tract,09001045400,White,12/2022,2,0,0.333,
Census Tract,09001045400,White,01/2023,1,1,0,
Census Tract,09001045400,White,02/2023,0,0,0.333,
Census Tract,09001045400,White,03/2023,1,1,0.667,
Census Tract,09001045400,White,04/2023,1,1,0.333,
Census Tract,09001045400,White,05/2023,0,0,0.667,
Census Tract,09001045400,White,06/2023,0,0,0.333,
Census Tract,09001045400,White,07/2023,1,0.5,0.333,
Census Tract,09001045400,White,08/2023,2,1,0,
Census Tract,09001045400,White,09/2023,1,1,0.333,
Census Tract,09001045400,White,10/2023,1,0.5,0.333,
Census Tract,09001045400,White,11/2023,0,0,0,
Census Tract,09001045400,White,12/2023,0,0,0.333,
Census Tract,09001045400,White,01/2024,1,1,0,
Census Tract,09001045400,White,02/2024,0,0,0.333,
Census Tract,09001045400,White,03/2024,1,1,0.667,
Census Tract,09001045400,White,04/2024,1,1,0.333,
Census Tract,09001045400,White,05/2024,0,0,0.667,
Census Tract,09001045400,White,06/2024,0,0,0.333,
Census Tract,09001045400,White,07/2024,0,0.5,0.333,
Census Tract,09001045400,White,08/2024,0,1,0,
Census Tract,09001045400,White,09/2024,1,1,0.333,
Census Tract,09001045400,White,10/2024,0,0.5,0.333,
Census Tract,09001045400,White,11/2024,0,0,0,
Census Tract,09001045400,White,12/2024,0,0,0.333,
Census Tract,09001045400,White,01/2025,1,1,0,
Census Tract,09001045400,White,02/2025,0,0,0.333,
Census Tract,09001045400,White,03/2025,0,1,0.667,
Census Tract,09001045400,White,04/2025,0,1,0.333,
Census Tract,09001045400,White,05/2025,0,0,0.667,
Census Tract,09001045400,White,06/2025,0,0,0.333,
Census Tract,09001045400,White,07/2025,0,0.5,0.333,
Census Tract,09001045400,White,08/2025,0,1,0,
Census Tract,09001045400,White,09/2025,2,1,0.333,
Census Tract,09001045400,White,10/2025,0,0.5,0,2025-10-04
Census Tract,09001050100,White,01/2020,1,0,0,
Census Tract,09001050100,White,02/2020,0,0.5,0,
Census Tract,09001050100,White,03/2020,0,0,0.667,
Census Tract,09001050100,White,04/2020,0,0,0.667,
Census Tract,09001050100,White,05/2020,0,0,0.333,
Census Tract,09001050100,White,06/2020,0,0,0.333,
Census Tract,09001050100,White,07/2020,0,0,0.333,
Census Tract,09001050100,White,08/2020,0,0,0.333,
Census Tract,09001050100,White,09/2020,0,0,0,
Census Tract,09001050100,White,10/2020,0,0,0.333,
Census Tract,09001050100,White,11/2020,0,0,0.333,
Census Tract,09001050100,White,12/2020,0,0.5,0,
Census Tract,09001050100,White,01/2021,0,0,0,
Census Tract,09001050100,White,02/2021,0,0.5,0,
Census Tract,09001050100,White,03/2021,1,0,0.667,
Census Tract,09001050100,White,04/2021,2,0,0.667,
Census Tract,09001050100,White,05/2021,0,0,0.333,
Census Tract,09001050100,White,06/2021,0,0,0.333,
Census Tract,09001050100,White,07/2021,0,0,0.333,
Census Tract,09001050100,White,08/2021,0,0,0.333,
Census Tract,09001050100,White,09/2021,1,0,0,
Census Tract,09001050100,White,10/2021,0,0,0.333,
Census Tract,09001050100,White,11/2021,1,0,0.333,
Census Tract,09001050100,White,12/2021,1,0.5,0,
Census Tract,09001050100,White,01/2022,0,0,0,
Census Tract,09001050100,White,02/2022,0,0.5,0,
Census Tract,09001050100,White,03/2022,0,0,0.667,
Census Tract,09001050100,White,04/2022,1,0,0.667,
Census Tract,09001050100,White,05/2022,0,0,0.333,
Census Tract,09001050100,White,06/2022,0,0,0.333,
Census Tract,09001050100,White,07/2022,0,0,0.333,
Census Tract,09001050100,White,08/2022,0,0,0.333,
Census Tract,09001050100,White,09/2022,0,0,0,
Census Tract,09001050100,White,10/2022,1,0,0.333,
Census Tract,09001050100,White,11/2022,0,0,0.333,
Census Tract,09001050100,White,12/2022,0,0.5,0,
Census Tract,09001050100,White,01/2023,0,0,0,
Census Tract,09001050100,White,02/2023,0,0.5,0,
Census Tract,09001050100,White,03/2023,0,0,0.667,
Census Tract,09001050100,White,04/2023,0,0,0.667,
Census Tract,09001050100,White,05/2023,0,0,0.333,
Census Tract,09001050100,White,06/2023,0,0,0.333,
Census Tract,09001050100,White,07/2023,0,0,0.333,
Census Tract,09001050100,White,08/2023,0,0,0.333,
Census Tract,09001050100,White,09/2023,0,0,0,
Census Tract,09001050100,White,10/2023,0,0,0.333,
Census Tract,09001050100,White,11/2023,0,0,0.333,
Census Tract,09001050100,White,12/2023,1,0.5,0,
Census Tract,09001050100,White,01/2024,0,0,0,
Census Tract,09001050100,White,02/2024,1,0.5,0,
Census Tract,09001050100,White,03/2024,0,0,0.667,
Census Tract,09001050100,White,04/2024,0,0,0.667,
Census Tract,09001050100,White,05/2024,0,0,0.333,
Census Tract,09001050100,White,06/2024,0,0,0.333,
Census Tract,09001050100,White,07/2024,0,0,0.333,
Census Tract,09001050100,White,08/2024,0,0,0.333,
Census Tract,09001050100,White,09/2024,0,0,0,
Census Tract,09001050100,White,10/2024,0,0,0.333,
Census Tract,09001050100,White,11/2024,0,0,0.333,
Census Tract,09001050100,White,12/2024,0,0.5,0,
Census Tract,09001050100,White,01/2025,0,0,0,
Census Tract,09001050100,White,02/2025,0,0.5,0,
Census Tract,09001050100,White,03/2025,0,0,0.667,
Census Tract,09001050100,White,04/2025,0,0,0.667,
Census Tract,09001050100,White,05/2025,0,0,0.333,
Census Tract,09001050100,White,06/2025,0,0,0.333,
Census Tract,09001050100,White,07/2025,0,0,0.333,
Census Tract,09001050100,White,08/2025,0,0,0.333,
Census Tract,09001050100,White,09/2025,0,0,0,
Census Tract,09001050100,White,10/2025,0,0,0,2025-10-04
Census Tract,09001050200,White,01/2020,0,1.5,0.333,
Census Tract,09001050200,White,02/2020,0,0,0,
Census Tract,09001050200,White,03/2020,0,0,0.333,
Census Tract,09001050200,White,04/2020,0,0,0,
Census Tract,09001050200,White,05/2020,0,0.5,1,
Census Tract,09001050200,White,06/2020,0,0.5,0.667,
Census Tract,09001050200,White,07/2020,0,0,1,
Census Tract,09001050200,White,08/2020,0,1,0,
Census Tract,09001050200,White,09/2020,1,0,0,
Census Tract,09001050200,White,10/2020,0,1,0.667,
Census Tract,09001050200,White,11/2020,1,0,0.667,
Census Tract,09001050200,White,12/2020,0,0,1,
Census Tract,09001050200,White,01/2021,0,1.5,0.333,
Census Tract,09001050200,White,02/2021,1,0,0,
Census Tract,09001050200,White,03/2021,0,0,0.333,
Census Tract,09001050200,White,04/2021,0,0,0,
Census Tract,09001050200,White,05/2021,0,0.5,1,
Census Tract,09001050200,White,06/2021,0,0.5,0.667,
Census Tract,09001050200,White,07/2021,2,0,1,
Census Tract,09001050200,White,08/2021,0,1,0,
Census Tract,09001050200,White,09/2021,0,0,0,
Census Tract,09001050200,White,10/2021,0,1,0.667,
Census Tract,09001050200,White,11/2021,0,0,0.667,
Census Tract,09001050200,White,12/2021,0,0,1,
Census Tract,09001050200,White,01/2022,0,1.5,0.333,
Census Tract,09001050200,White,02/2022,0,0,0,
Census Tract,09001050200,White,03/2022,0,0,0.333,
Census Tract,09001050200,White,04/2022,0,0,0,
Census Tract,09001050200,White,05/2022,0,0.5,1,
Census Tract,09001050200,White,06/2022,0,0.5,0.667,
Census Tract,09001050200,White,07/2022,1,0,1,
Census Tract,09001050200,White,08/2022,0,1,0,
Census Tract,09001050200,White,09/2022,0,0,0,
Census Tract,09001050200,White,10/2022,1,1,0.667,
Census Tract,09001050200,White,11/2022,0,0,0.667,
Census Tract,09001050200,White,12/2022,0,0,1,
Census Tract,09001050200,White,01/2023,0,1.5,0.333,
Census Tract,09001050200,White,02/2023,0,0,0,
Census Tract,09001050200,White,03/2023,0,0,0.333,
Census Tract,09001050200,White,04/2023,0,0,0,
Census Tract,09001050200,White,05/2023,1,0.5,1,
Census Tract,09001050200,White,06/2023,1,0.5,0.667,
Census Tract,09001050200,White,07/2023,0,0,1,
Census Tract,09001050200,White,08/2023,2,1,0,
Census Tract,09001050200,White,09/2023,0,0,0,
Census Tract,09001050200,White,10/2023,0,1,0.667,
Census Tract,09001050200,White,11/2023,0,0,0.667,
Census Tract,09001050200,White,12/2023,0,0,1,
Census Tract,09001050200,White,01/2024,3,1.5,0.333,
Census Tract,09001050200,White,02/2024,0,0,0,
Census Tract,09001050200,White,03/2024,0,0,0.333,
Census Tract,09001050200,White,04/2024,0,0,0,
Census Tract,09001050200,White,05/2024,0,0.5,1,
Census Tract,09001050200,White,06/2024,0,0.5,0.667,
Census Tract,09001050200,White,07/2024,0,0,1,
Census Tract,09001050200,White,08/2024,0,1,0,
Census Tract,09001050200,White,09/2024,0,0,0,
Census Tract,09001050200,White,10/2024,2,1,0.667,
Census Tract,09001050200,White,11/2024,0,0,0.667,
Census Tract,09001050200,White,12/2024,0,0,1,
Census Tract,09001050200,White,01/2025,0,1.5,0.333,
Census Tract,09001050200,White,02/2025,0,0,0,
Census Tract,09001050200,White,03/2025,0,0,0.333,
Census Tract,09001050200,White,04/2025,0,0,0,
Census Tract,09001050200,White,05/2025,0,0.5,1,
Census Tract,09001050200,White,06/2025,0,0.5,0.667,
Census Tract,09001050200,White,07/2025,0,0,1,
Census Tract,09001050200,White,08/2025,0,1,0,
Census Tract,09001050200,White,09/2025,0,0,0,
Census Tract,09001050200,White,10/2025,0,0,0,2025-10-04
Census Tract,09001050301,White,01/2020,1,0,0.333,
Census Tract,09001050301,White,02/2020,1,1,0.333,
Census Tract,09001050301,White,03/2020,0,0,1.333,
Census Tract,09001050301,White,04/2020,0,0,1.333,
Census Tract,09001050301,White,05/2020,0,0.5,1.333,
Census Tract,09001050301,White,06/2020,0,0.5,0.333,
Census Tract,09001050301,White,07/2020,0,3.5,0,
Census Tract,09001050301,White,08/2020,0,2,0.333,
Census Tract,09001050301,White,09/2020,0,0,0.333,
Census Tract,09001050301,White,10/2020,1,1,0.333,
Census Tract,09001050301,White,11/2020,3,0,0.333,
Census Tract,09001050301,White,12/2020,0,0,0.667,
Census Tract,09001050301,White,01/2021,1,0,0.333,
Census Tract,09001050301,White,02/2021,0,1,0.333,
Census Tract,09001050301,White,03/2021,0,0,1.333,
Census Tract,09001050301,White,04/2021,0,0,1.333,
Census Tract,09001050301,White,05/2021,0,0.5,1.333,
Census Tract,09001050301,White,06/2021,1,0.5,0.333,
Census Tract,09001050301,White,07/2021,0,3.5,0,
Census Tract,09001050301,White,08/2021,0,2,0.333,
Census Tract,09001050301,White,09/2021,1,0,0.333,
Census Tract,09001050301,White,10/2021,4,1,0.333,
Census Tract,09001050301,White,11/2021,0,0,0.333,
Census Tract,09001050301,White,12/2021,1,0,0.667,
Census Tract,09001050301,White,01/2022,1,0,0.333,
Census Tract,09001050301,White,02/2022,1,1,0.333,
Census Tract,09001050301,White,03/2022,0,0,1.333,
Census Tract,09001050301,White,04/2022,1,0,1.333,
Census Tract,09001050301,White,05/2022,1,0.5,1.333,
Census Tract,09001050301,White,06/2022,2,0.5,0.333,
Census Tract,09001050301,White,07/2022,1,3.5,0,
Census Tract,09001050301,White,08/2022,3,2,0.333,
Census Tract,09001050301,White,09/2022,0,0,0.333,
Census Tract,09001050301,White,10/2022,1,1,0.333,
Census Tract,09001050301,White,11/2022,0,0,0.333,
Census Tract,09001050301,White,12/2022,1,0,0.667,
Census Tract,09001050301,White,01/2023,0,0,0.333,
Census Tract,09001050301,White,02/2023,0,1,0.333,
Census Tract,09001050301,White,03/2023,0,0,1.333,
Census Tract,09001050301,White,04/2023,0,0,1.333,
Census Tract,09001050301,White,05/2023,1,0.5,1.333,
Census Tract,09001050301,White,06/2023,1,0.5,0.333,
Census Tract,09001050301,White,07/2023,7,3.5,0,
Census Tract,09001050301,White,08/2023,2,2,0.333,
Census Tract,09001050301,White,09/2023,0,0,0.333,
Census Tract,09001050301,White,10/2023,1,1,0.333,
Census Tract,09001050301,White,11/2023,0,0,0.333,
Census Tract,09001050301,White,12/2023,0,0,0.667,
Census Tract,09001050301,White,01/2024,0,0,0.333,
Census Tract,09001050301,White,02/2024,2,1,0.333,
Census Tract,09001050301,White,03/2024,0,0,1.333,
Census Tract,09001050301,White,04/2024,0,0,1.333,
Census Tract,09001050301,White,05/2024,0,0.5,1.333,
Census Tract,09001050301,White,06/2024,0,0.5,0.333,
Census Tract,09001050301,White,07/2024,0,3.5,0,
Census Tract,09001050301,White,08/2024,2,2,0.333,
Census Tract,09001050301,White,09/2024,0,0,0.333,
Census Tract,09001050301,White,10/2024,1,1,0.333,
Census Tract,09001050301,White,11/2024,0,0,0.333,
Census Tract,09001050301,White,12/2024,0,0,0.667,
Census Tract,09001050301,White,01/2025,0,0,0.333,
Census Tract,09001050301,White,02/2025,0,1,0.333,
Census Tract,09001050301,White,03/2025,0,0,1.333,
Census Tract,09001050301,White,04/2025,1,0,1.333,
Census Tract,09001050301,White,05/2025,0,0.5,1.333,
Census Tract,09001050301,White,06/2025,1,0.5,0.333,
Census Tract,09001050301,White,07/2025,0,3.5,0,
Census Tract,09001050301,White,08/2025,0,2,0.333,
Census Tract,09001050301,White,09/2025,0,0,0.333,
Census Tract,09001050301,White,10/2025,0,0.5,0,2025-10-04
Census Tract,09001050302,White,01/2020,0,0,0,
Census Tract,09001050302,White,02/2020,0,1,0,
Census Tract,09001050302,White,03/2020,0,0,0.333,
Census Tract,09001050302,White,04/2020,0,0.5,0,
Census Tract,09001050302,White,05/2020,0,0,0.333,
Census Tract,09001050302,White,06/2020,0,0,0.333,
Census Tract,09001050302,White,07/2020,0,1.5,0,
Census Tract,09001050302,White,08/2020,0,0,0.333,
Census Tract,09001050302,White,09/2020,0,0,0,
Census Tract,09001050302,White,10/2020,1,1.5,0,
Census Tract,09001050302,White,11/2020,0,0,0,
Census Tract,09001050302,White,12/2020,0,0,0,
Census Tract,09001050302,White,01/2021,0,0,0,
Census Tract,09001050302,White,02/2021,0,1,0,
Census Tract,09001050302,White,03/2021,0,0,0.333,
Census Tract,09001050302,White,04/2021,0,0.5,0,
Census Tract,09001050302,White,05/2021,0,0,0.333,
Census Tract,09001050302,White,06/2021,0,0,0.333,
Census Tract,09001050302,White,07/2021,0,1.5,0,
Census Tract,09001050302,White,08/2021,0,0,0.333,
Census Tract,09001050302,White,09/2021,0,0,0,
Census Tract,09001050302,White,10/2021,0,1.5,0,
Census Tract,09001050302,White,11/2021,1,0,0,
Census Tract,09001050302,White,12/2021,1,0,0,
Census Tract,09001050302,White,01/2022,0,0,0,
Census Tract,09001050302,White,02/2022,0,1,0,
Census Tract,09001050302,White,03/2022,0,0,0.333,
Census Tract,09001050302,White,04/2022,0,0.5,0,
Census Tract,09001050302,White,05/2022,1,0,0.333,
Census Tract,09001050302,White,06/2022,0,0,0.333,
Census Tract,09001050302,White,07/2022,1,1.5,0,
Census Tract,09001050302,White,08/2022,0,0,0.333,
Census Tract,09001050302,White,09/2022,0,0,0,
Census Tract,09001050302,White,10/2022,0,1.5,0,
Census Tract,09001050302,White,11/2022,1,0,0,
Census Tract,09001050302,White,12/2022,0,0,0,
Census Tract,09001050302,White,01/2023,0,0,0,
Census Tract,09001050302,White,02/2023,2,1,0,
Census Tract,09001050302,White,03/2023,0,0,0.333,
Census Tract,09001050302,White,04/2023,1,0.5,0,
Census Tract,09001050302,White,05/2023,0,0,0.333,
Census Tract,09001050302,White,06/2023,0,0,0.333,
Census Tract,09001050302,White,07/2023,0,1.5,0,
Census Tract,09001050302,White,08/2023,0,0,0.333,
Census Tract,09001050302,White,09/2023,0,0,0,
Census Tract,09001050302,White,10/2023,0,1.5,0,
Census Tract,09001050302,White,11/2023,0,0,0,
Census Tract,09001050302,White,12/2023,0,0,0,
Census Tract,09001050302,White,01/2024,0,0,0,
Census Tract,09001050302,White,02/2024,0,1,0,
Census Tract,09001050302,White,03/2024,0,0,0.333,
Census Tract,09001050302,White,04/2024,0,0.5,0,
Census Tract,09001050302,White,05/2024,0,0,0.333,
Census Tract,09001050302,White,06/2024,0,0,0.333,
Census Tract,09001050302,White,07/2024,3,1.5,0,
Census Tract,09001050302,White,08/2024,0,0,0.333,
Census Tract,09001050302,White,09/2024,0,0,0,
Census Tract,09001050302,White,10/2024,3,1.5,0,
Census Tract,09001050302,White,11/2024,0,0,0,
Census Tract,09001050302,White,12/2024,0,0,0,
Census Tract,09001050302,White,01/2025,1,0,0,
Census Tract,09001050302,White,02/2025,0,1,0,
Census Tract,09001050302,White,03/2025,0,0,0.333,
Census Tract,09001050302,White,04/2025,0,0.5,0,
Census Tract,09001050302,White,05/2025,0,0,0.333,
Census Tract,09001050302,White,06/2025,0,0,0.333,
Census Tract,09001050302,White,07/2025,0,1.5,0,
Census Tract,09001050302,White,08/2025,0,0,0.333,
Census Tract,09001050302,White,09/2025,0,0,0,
Census Tract,09001050302,White,10/2025,0,0,0,2025-10-04
Census Tract,09001050400,White,01/2020,3,0.5,0.333,
Census Tract,09001050400,White,02/2020,1,0,0.667,
Census Tract,09001050400,White,03/2020,0,0,0,
Census Tract,09001050400,White,04/2020,0,0.5,0.667,
Census Tract,09001050400,White,05/2020,0,0,0.667,
Census Tract,09001050400,White,06/2020,0,0,0.667,
Census Tract,09001050400,White,07/2020,0,1,1.667,
Census Tract,09001050400,White,08/2020,0,0.5,0.333,
Census Tract,09001050400,White,09/2020,0,0.5,0,
Census Tract,09001050400,White,10/2020,0,0.5,0.667,
Census Tract,09001050400,White,11/2020,1,0,0.333,
Census Tract,09001050400,White,12/2020,1,0,0.667,
Census Tract,09001050400,White,01/2021,1,0.5,0.333,
Census Tract,09001050400,White,02/2021,0,0,0.667,
Census Tract,09001050400,White,03/2021,2,0,0,
Census Tract,09001050400,White,04/2021,0,0.5,0.667,
Census Tract,09001050400,White,05/2021,1,0,0.667,
Census Tract,09001050400,White,06/2021,0,0,0.667,
Census Tract,09001050400,White,07/2021,0,1,1.667,
Census Tract,09001050400,White,08/2021,0,0.5,0.333,
Census Tract,09001050400,White,09/2021,0,0.5,0,
Census Tract,09001050400,White,10/2021,0,0.5,0.667,
Census Tract,09001050400,White,11/2021,0,0,0.333,
Census Tract,09001050400,White,12/2021,0,0,0.667,
Census Tract,09001050400,White,01/2022,1,0.5,0.333,
Census Tract,09001050400,White,02/2022,1,0,0.667,
Census Tract,09001050400,White,03/2022,1,0,0,
Census Tract,09001050400,White,04/2022,0,0.5,0.667,
Census Tract,09001050400,White,05/2022,1,0,0.667,
Census Tract,09001050400,White,06/2022,0,0,0.667,
Census Tract,09001050400,White,07/2022,0,1,1.667,
Census Tract,09001050400,White,08/2022,0,0.5,0.333,
Census Tract,09001050400,White,09/2022,1,0.5,0,
Census Tract,09001050400,White,10/2022,0,0.5,0.667,
Census Tract,09001050400,White,11/2022,0,0,0.333,
Census Tract,09001050400,White,12/2022,1,0,0.667,
Census Tract,09001050400,White,01/2023,0,0.5,0.333,
Census Tract,09001050400,White,02/2023,0,0,0.667,
Census Tract,09001050400,White,03/2023,0,0,0,
Census Tract,09001050400,White,04/2023,1,0.5,0.667,
Census Tract,09001050400,White,05/2023,0,0,0.667,
Census Tract,09001050400,White,06/2023,0,0,0.667,
Census Tract,09001050400,White,07/2023,1,1,1.667,
Census Tract,09001050400,White,08/2023,0,0.5,0.333,
Census Tract,09001050400,White,09/2023,0,0.5,0,
Census Tract,09001050400,White,10/2023,1,0.5,0.667,
Census Tract,09001050400,White,11/2023,0,0,0.333,
Census Tract,09001050400,White,12/2023,0,0,0.667,
Census Tract,09001050400,White,01/2024,1,0.5,0.333,
Census Tract,09001050400,White,02/2024,0,0,0.667,
Census Tract,09001050400,White,03/2024,0,0,0,
Census Tract,09001050400,White,04/2024,0,0.5,0.667,
Census Tract,09001050400,White,05/2024,0,0,0.667,
Census Tract,09001050400,White,06/2024,0,0,0.667,
Census Tract,09001050400,White,07/2024,1,1,1.667,
Census Tract,09001050400,White,08/2024,1,0.5,0.333,
Census Tract,09001050400,White,09/2024,1,0.5,0,
Census Tract,09001050400,White,10/2024,0,0.5,0.667,
Census Tract,09001050400,White,11/2024,0,0,0.333,
Census Tract,09001050400,White,12/2024,0,0,0.667,
Census Tract,09001050400,White,01/2025,1,0.5,0.333,
Census Tract,09001050400,White,02/2025,0,0,0.667,
Census Tract,09001050400,White,03/2025,1,0,0,
Census Tract,09001050400,White,04/2025,2,0.5,0.667,
Census Tract,09001050400,White,05/2025,0,0,0.667,
Census Tract,09001050400,White,06/2025,0,0,0.667,
Census Tract,09001050400,White,07/2025,0,1,1.667,
Census Tract,09001050400,White,08/2025,0,0.5,0.333,
Census Tract,09001050400,White,09/2025,1,0.5,0,
Census Tract,09001050400,White,10/2025,0,0.5,0,2025-10-04
Census Tract,09001050500,White,01/2020,0,0,0,
Census Tract,09001050500,White,02/2020,0,0.5,0.333,
Census Tract,09001050500,White,03/2020,1,0.5,1.667,
Census Tract,09001050500,White,04/2020,0,0.5,0.333,
Census Tract,09001050500,White,05/2020,0,1,0,
Census Tract,09001050500,White,06/2020,0,0,0.333,
Census Tract,09001050500,White,07/2020,0,2.5,0,
Census Tract,09001050500,White,08/2020,0,0.5,0,
Census Tract,09001050500,White,09/2020,0,1.5,0,
Census Tract,09001050500,White,10/2020,0,0,0,
Census Tract,09001050500,White,11/2020,0,0.5,0,
Census Tract,09001050500,White,12/2020,1,2.5,1,
Census Tract,09001050500,White,01/2021,0,0,0,
Census Tract,09001050500,White,02/2021,0,0.5,0.333,
Census Tract,09001050500,White,03/2021,0,0.5,1.667,
Census Tract,09001050500,White,04/2021,0,0.5,0.333,
Census Tract,09001050500,White,05/2021,0,1,0,
Census Tract,09001050500,White,06/2021,0,0,0.333,
Census Tract,09001050500,White,07/2021,0,2.5,0,
Census Tract,09001050500,White,08/2021,1,0.5,0,
Census Tract,09001050500,White,09/2021,0,1.5,0,
Census Tract,09001050500,White,10/2021,1,0,0,
Census Tract,09001050500,White,11/2021,0,0.5,0,
Census Tract,09001050500,White,12/2021,1,2.5,1,
Census Tract,09001050500,White,01/2022,0,0,0,
Census Tract,09001050500,White,02/2022,0,0.5,0.333,
Census Tract,09001050500,White,03/2022,0,0.5,1.667,
Census Tract,09001050500,White,04/2022,3,0.5,0.333,
Census Tract,09001050500,White,05/2022,0,1,0,
Census Tract,09001050500,White,06/2022,2,0,0.333,
Census Tract,09001050500,White,07/2022,0,2.5,0,
Census Tract,09001050500,White,08/2022,1,0.5,0,
Census Tract,09001050500,White,09/2022,0,1.5,0,
Census Tract,09001050500,White,10/2022,3,0,0,
Census Tract,09001050500,White,11/2022,0,0.5,0,
Census Tract,09001050500,White,12/2022,0,2.5,1,
Census Tract,09001050500,White,01/2023,0,0,0,
Census Tract,09001050500,White,02/2023,1,0.5,0.333,
Census Tract,09001050500,White,03/2023,0,0.5,1.667,
Census Tract,09001050500,White,04/2023,0,0.5,0.333,
Census Tract,09001050500,White,05/2023,1,1,0,
Census Tract,09001050500,White,06/2023,0,0,0.333,
Census Tract,09001050500,White,07/2023,4,2.5,0,
Census Tract,09001050500,White,08/2023,1,0.5,0,
Census Tract,09001050500,White,09/2023,1,1.5,0,
Census Tract,09001050500,White,10/2023,0,0,0,
Census Tract,09001050500,White,11/2023,1,0.5,0,
Census Tract,09001050500,White,12/2023,0,2.5,1,
Census Tract,09001050500,White,01/2024,0,0,0,
Census Tract,09001050500,White,02/2024,0,0.5,0.333,
Census Tract,09001050500,White,03/2024,1,0.5,1.667,
Census Tract,09001050500,White,04/2024,1,0.5,0.333,
Census Tract,09001050500,White,05/2024,1,1,0,
Census Tract,09001050500,White,06/2024,0,0,0.333,
Census Tract,09001050500,White,07/2024,1,2.5,0,
Census Tract,09001050500,White,08/2024,0,0.5,0,
Census Tract,09001050500,White,09/2024,2,1.5,0,
Census Tract,09001050500,White,10/2024,0,0,0,
Census Tract,09001050500,White,11/2024,0,0.5,0,
Census Tract,09001050500,White,12/2024,5,2.5,1,
Census Tract,09001050500,White,01/2025,1,0,0,
Census Tract,09001050500,White,02/2025,0,0.5,0.333,
Census Tract,09001050500,White,03/2025,0,0.5,1.667,
Census Tract,09001050500,White,04/2025,0,0.5,0.333,
Census Tract,09001050500,White,05/2025,0,1,0,
Census Tract,09001050500,White,06/2025,0,0,0.333,
Census Tract,09001050500,White,07/2025,0,2.5,0,
Census Tract,09001050500,White,08/2025,0,0.5,0,
Census Tract,09001050500,White,09/2025,2,1.5,0,
Census Tract,09001050500,White,10/2025,0,0,0,2025-10-04
Census Tract,09001050600,White,01/2020,0,0,0,
Census Tract,09001050600,White,02/2020,0,0.5,0,
Census Tract,09001050600,White,03/2020,0,1,0,
Census Tract,09001050600,White,04/2020,0,0,0.333,
Census Tract,09001050600,White,05/2020,0,0,0,
Census Tract,09001050600,White,06/2020,0,0.5,0,
Census Tract,09001050600,White,07/2020,0,0,0,
Census Tract,09001050600,White,08/2020,0,1,0,
Census Tract,09001050600,White,09/2020,1,0,0,
Census Tract,09001050600,White,10/2020,0,0,0,
Census Tract,09001050600,White,11/2020,0,0,0,
Census Tract,09001050600,White,12/2020,0,0,0,
Census Tract,09001050600,White,01/2021,0,0,0,
Census Tract,09001050600,White,02/2021,0,0.5,0,
Census Tract,09001050600,White,03/2021,0,1,0,
Census Tract,09001050600,White,04/2021,0,0,0.333,
Census Tract,09001050600,White,05/2021,0,0,0,
Census Tract,09001050600,White,06/2021,0,0.5,0,
Census Tract,09001050600,White,07/2021,0,0,0,
Census Tract,09001050600,White,08/2021,0,1,0,
Census Tract,09001050600,White,09/2021,0,0,0,
Census Tract,09001050600,White,10/2021,0,0,0,
Census Tract,09001050600,White,11/2021,0,0,0,
Census Tract,09001050600,White,12/2021,1,0,0,
Census Tract,09001050600,White,01/2022,0,0,0,
Census Tract,09001050600,White,02/2022,0,0.5,0,
Census Tract,09001050600,White,03/2022,0,1,0,
Census Tract,09001050600,White,04/2022,0,0,0.333,
Census Tract,09001050600,White,05/2022,0,0,0,
Census Tract,09001050600,White,06/2022,0,0.5,0,
Census Tract,09001050600,White,07/2022,0,0,0,
Census Tract,09001050600,White,08/2022,0,1,0,
Census Tract,09001050600,White,09/2022,0,0,0,
Census Tract,09001050600,White,10/2022,0,0,0,
Census Tract,09001050600,White,11/2022,0,0,0,
Census Tract,09001050600,White,12/2022,0,0,0,
Census Tract,09001050600,White,01/2023,0,0,0,
Census Tract,09001050600,White,02/2023,1,0.5,0,
Census Tract,09001050600,White,03/2023,1,1,0,
Census Tract,09001050600,White,04/2023,0,0,0.333,
Census Tract,09001050600,White,05/2023,0,0,0,
Census Tract,09001050600,White,06/2023,0,0.5,0,
Census Tract,09001050600,White,07/2023,0,0,0,
Census Tract,09001050600,White,08/2023,1,1,0,
Census Tract,09001050600,White,09/2023,0,0,0,
Census Tract,09001050600,White,10/2023,0,0,0,
Census Tract,09001050600,White,11/2023,0,0,0,
Census Tract,09001050600,White,12/2023,0,0,0,
Census Tract,09001050600,White,01/2024,0,0,0,
Census Tract,09001050600,White,02/2024,0,0.5,0,
Census Tract,09001050600,White,03/2024,1,1,0,
Census Tract,09001050600,White,04/2024,0,0,0.333,
Census Tract,09001050600,White,05/2024,0,0,0,
Census Tract,09001050600,White,06/2024,1,0.5,0,
Census Tract,09001050600,White,07/2024,0,0,0,
Census Tract,09001050600,White,08/2024,1,1,0,
Census Tract,09001050600,White,09/2024,0,0,0,
Census Tract,09001050600,White,10/2024,0,0,0,
Census Tract,09001050600,White,11/2024,0,0,0,
Census Tract,09001050600,White,12/2024,0,0,0,
Census Tract,09001050600,White,01/2025,0,0,0,
Census Tract,09001050600,White,02/2025,0,0.5,0,
Census Tract,09001050600,White,03/2025,0,1,0,
Census Tract,09001050600,White,04/2025,0,0,0.333,
Census Tract,09001050600,White,05/2025,0,0,0,
Census Tract,09001050600,White,06/2025,1,0.5,0,
Census Tract,09001050600,White,07/2025,0,0,0,
Census Tract,09001050600,White,08/2025,0,1,0,
Census Tract,09001050600,White,09/2025,1,0,0,
Census Tract,09001050600,White,10/2025,0,0,0,2025-10-04
Census Tract,09001055100,White,01/2020,0,1,0.333,
Census Tract,09001055100,White,02/2020,0,0,0.333,
Census Tract,09001055100,White,03/2020,0,0,0.333,
Census Tract,09001055100,White,04/2020,0,0,0.333,
Census Tract,09001055100,White,05/2020,0,0,0.333,
Census Tract,09001055100,White,06/2020,0,0.5,0,
Census Tract,09001055100,White,07/2020,0,0.5,0,
Census Tract,09001055100,White,08/2020,0,0,0,
Census Tract,09001055100,White,09/2020,0,1,1,
Census Tract,09001055100,White,10/2020,0,0,1,
Census Tract,09001055100,White,11/2020,0,1,0.333,
Census Tract,09001055100,White,12/2020,0,0,0,
Census Tract,09001055100,White,01/2021,0,1,0.333,
Census Tract,09001055100,White,02/2021,0,0,0.333,
Census Tract,09001055100,White,03/2021,1,0,0.333,
Census Tract,09001055100,White,04/2021,0,0,0.333,
Census Tract,09001055100,White,05/2021,0,0,0.333,
Census Tract,09001055100,White,06/2021,0,0.5,0,
Census Tract,09001055100,White,07/2021,0,0.5,0,
Census Tract,09001055100,White,08/2021,0,0,0,
Census Tract,09001055100,White,09/2021,0,1,1,
Census Tract,09001055100,White,10/2021,0,0,1,
Census Tract,09001055100,White,11/2021,0,1,0.333,
Census Tract,09001055100,White,12/2021,0,0,0,
Census Tract,09001055100,White,01/2022,0,1,0.333,
Census Tract,09001055100,White,02/2022,0,0,0.333,
Census Tract,09001055100,White,03/2022,0,0,0.333,
Census Tract,09001055100,White,04/2022,0,0,0.333,
Census Tract,09001055100,White,05/2022,0,0,0.333,
Census Tract,09001055100,White,06/2022,1,0.5,0,
Census Tract,09001055100,White,07/2022,0,0.5,0,
Census Tract,09001055100,White,08/2022,2,0,0,
Census Tract,09001055100,White,09/2022,0,1,1,
Census Tract,09001055100,White,10/2022,0,0,1,
Census Tract,09001055100,White,11/2022,0,1,0.333,
Census Tract,09001055100,White,12/2022,0,0,0,
Census Tract,09001055100,White,01/2023,1,1,0.333,
Census Tract,09001055100,White,02/2023,0,0,0.333,
Census Tract,09001055100,White,03/2023,0,0,0.333,
Census Tract,09001055100,White,04/2023,0,0,0.333,
Census Tract,09001055100,White,05/2023,0,0,0.333,
Census Tract,09001055100,White,06/2023,1,0.5,0,
Census Tract,09001055100,White,07/2023,0,0.5,0,
Census Tract,09001055100,White,08/2023,0,0,0,
Census Tract,09001055100,White,09/2023,0,1,1,
Census Tract,09001055100,White,10/2023,0,0,1,
Census Tract,09001055100,White,11/2023,1,1,0.333,
Census Tract,09001055100,White,12/2023,0,0,0,
Census Tract,09001055100,White,01/2024,1,1,0.333,
Census Tract,09001055100,White,02/2024,0,0,0.333,
Census Tract,09001055100,White,03/2024,0,0,0.333,
Census Tract,09001055100,White,04/2024,0,0,0.333,
Census Tract,09001055100,White,05/2024,0,0,0.333,
Census Tract,09001055100,White,06/2024,0,0.5,0,
Census Tract,09001055100,White,07/2024,1,0.5,0,
Census Tract,09001055100,White,08/2024,0,0,0,
Census Tract,09001055100,White,09/2024,2,1,1,
Census Tract,09001055100,White,10/2024,0,0,1,
Census Tract,09001055100,White,11/2024,1,1,0.333,
Census Tract,09001055100,White,12/2024,0,0,0,
Census Tract,09001055100,White,01/2025,0,1,0.333,
Census Tract,09001055100,White,02/2025,0,0,0.333,
Census Tract,09001055100,White,03/2025,0,0,0.333,
Census Tract,09001055100,White,04/2025,0,0,0.333,
Census Tract,09001055100,White,05/2025,0,0,0.333,
Census Tract,09001055100,White,06/2025,0,0.5,0,
Census Tract,09001055100,White,07/2025,1,0.5,0,
Census Tract,09001055100,White,08/2025,0,0,0,
Census Tract,09001055100,White,09/2025,1,1,1,
Census Tract,09001055100,White,10/2025,0,0,0.333,2025-10-04
Census Tract,09001055200,White,01/2020,1,0,0.333,
Census Tract,09001055200,White,02/2020,0,0,0,
Census Tract,09001055200,White,03/2020,1,0,0.333,
Census Tract,09001055200,White,04/2020,0,0,0,
Census Tract,09001055200,White,05/2020,0,0.5,0,
Census Tract,09001055200,White,06/2020,0,0,0,
Census Tract,09001055200,White,07/2020,0,0.5,0,
Census Tract,09001055200,White,08/2020,0,0,0,
Census Tract,09001055200,White,09/2020,0,0,0,
Census Tract,09001055200,White,10/2020,0,0,0.333,
Census Tract,09001055200,White,11/2020,0,0,0.667,
Census Tract,09001055200,White,12/2020,1,0,0,
Census Tract,09001055200,White,01/2021,0,0,0.333,
Census Tract,09001055200,White,02/2021,0,0,0,
Census Tract,09001055200,White,03/2021,0,0,0.333,
Census Tract,09001055200,White,04/2021,0,0,0,
Census Tract,09001055200,White,05/2021,0,0.5,0,
Census Tract,09001055200,White,06/2021,0,0,0,
Census Tract,09001055200,White,07/2021,0,0.5,0,
Census Tract,09001055200,White,08/2021,1,0,0,
Census Tract,09001055200,White,09/2021,0,0,0,
Census Tract,09001055200,White,10/2021,0,0,0.333,
Census Tract,09001055200,White,11/2021,2,0,0.667,
Census Tract,09001055200,White,12/2021,0,0,0,
Census Tract,09001055200,White,01/2022,1,0,0.333,
Census Tract,09001055200,White,02/2022,1,0,0,
Census Tract,09001055200,White,03/2022,0,0,0.333,
Census Tract,09001055200,White,04/2022,1,0,0,
Census Tract,09001055200,White,05/2022,0,0.5,0,
Census Tract,09001055200,White,06/2022,0,0,0,
Census Tract,09001055200,White,07/2022,1,0.5,0,
Census Tract,09001055200,White,08/2022,0,0,0,
Census Tract,09001055200,White,09/2022,0,0,0,
Census Tract,09001055200,White,10/2022,0,0,0.333,
Census Tract,09001055200,White,11/2022,0,0,0.667,
Census Tract,09001055200,White,12/2022,0,0,0,
Census Tract,09001055200,White,01/2023,0,0,0.333,
Census Tract,09001055200,White,02/2023,0,0,0,
Census Tract,09001055200,White,03/2023,0,0,0.333,
Census Tract,09001055200,White,04/2023,0,0,0,
Census Tract,09001055200,White,05/2023,1,0.5,0,
Census Tract,09001055200,White,06/2023,0,0,0,
Census Tract,09001055200,White,07/2023,1,0.5,0,
Census Tract,09001055200,White,08/2023,0,0,0,
Census Tract,09001055200,White,09/2023,0,0,0,
Census Tract,09001055200,White,10/2023,0,0,0.333,
Census Tract,09001055200,White,11/2023,0,0,0.667,
Census Tract,09001055200,White,12/2023,0,0,0,
Census Tract,09001055200,White,01/2024,0,0,0.333,
Census Tract,09001055200,White,02/2024,0,0,0,
Census Tract,09001055200,White,03/2024,0,0,0.333,
Census Tract,09001055200,White,04/2024,0,0,0,
Census Tract,09001055200,White,05/2024,0,0.5,0,
Census Tract,09001055200,White,06/2024,0,0,0,
Census Tract,09001055200,White,07/2024,0,0.5,0,
Census Tract,09001055200,White,08/2024,0,0,0,
Census Tract,09001055200,White,09/2024,0,0,0,
Census Tract,09001055200,White,10/2024,0,0,0.333,
Census Tract,09001055200,White,11/2024,0,0,0.667,
Census Tract,09001055200,White,12/2024,0,0,0,
Census Tract,09001055200,White,01/2025,0,0,0.333,
Census Tract,09001055200,White,02/2025,0,0,0,
Census Tract,09001055200,White,03/2025,0,0,0.333,
Census Tract,09001055200,White,04/2025,0,0,0,
Census Tract,09001055200,White,05/2025,0,0.5,0,
Census Tract,09001055200,White,06/2025,0,0,0,
Census Tract,09001055200,White,07/2025,0,0.5,0,
Census Tract,09001055200,White,08/2025,0,0,0,
Census Tract,09001055200,White,09/2025,0,0,0,
Census Tract,09001055200,White,10/2025,0,0,0,2025-10-04
Census Tract,09001060100,White,01/2020,0,0,0,
Census Tract,09001060100,White,02/2020,0,0,0,
Census Tract,09001060100,White,03/2020,0,0,0,
Census Tract,09001060100,White,04/2020,0,0,0.333,
Census Tract,09001060100,White,05/2020,0,0,0.333,
Census Tract,09001060100,White,06/2020,0,0.5,0,
Census Tract,09001060100,White,07/2020,0,0.5,0,
Census Tract,09001060100,White,08/2020,0,0,0,
Census Tract,09001060100,White,09/2020,0,1,0,
Census Tract,09001060100,White,10/2020,0,0.5,0,
Census Tract,09001060100,White,11/2020,0,0.5,0.333,
Census Tract,09001060100,White,12/2020,0,0,0,
Census Tract,09001060100,White,01/2021,0,0,0,
Census Tract,09001060100,White,02/2021,0,0,0,
Census Tract,09001060100,White,03/2021,0,0,0,
Census Tract,09001060100,White,04/2021,0,0,0.333,
Census Tract,09001060100,White,05/2021,0,0,0.333,
Census Tract,09001060100,White,06/2021,0,0.5,0,
Census Tract,09001060100,White,07/2021,0,0.5,0,
Census Tract,09001060100,White,08/2021,0,0,0,
Census Tract,09001060100,White,09/2021,0,1,0,
Census Tract,09001060100,White,10/2021,0,0.5,0,
Census Tract,09001060100,White,11/2021,0,0.5,0.333,
Census Tract,09001060100,White,12/2021,0,0,0,
Census Tract,09001060100,White,01/2022,0,0,0,
Census Tract,09001060100,White,02/2022,0,0,0,
Census Tract,09001060100,White,03/2022,0,0,0,
Census Tract,09001060100,White,04/2022,0,0,0.333,
Census Tract,09001060100,White,05/2022,0,0,0.333,
Census Tract,09001060100,White,06/2022,0,0.5,0,
Census Tract,09001060100,White,07/2022,0,0.5,0,
Census Tract,09001060100,White,08/2022,0,0,0,
Census Tract,09001060100,White,09/2022,0,1,0,
Census Tract,09001060100,White,10/2022,0,0.5,0,
Census Tract,09001060100,White,11/2022,0,0.5,0.333,
Census Tract,09001060100,White,12/2022,0,0,0,
Census Tract,09001060100,White,01/2023,0,0,0,
Census Tract,09001060100,White,02/2023,0,0,0,
Census Tract,09001060100,White,03/2023,0,0,0,
Census Tract,09001060100,White,04/2023,0,0,0.333,
Census Tract,09001060100,White,05/2023,0,0,0.333,
Census Tract,09001060100,White,06/2023,1,0.5,0,
Census Tract,09001060100,White,07/2023,0,0.5,0,
Census Tract,09001060100,White,08/2023,0,0,0,
Census Tract,09001060100,White,09/2023,0,1,0,
Census Tract,09001060100,White,10/2023,1,0.5,0,
Census Tract,09001060100,White,11/2023,0,0.5,0.333,
Census Tract,09001060100,White,12/2023,0,0,0,
Census Tract,09001060100,White,01/2024,0,0,0,
Census Tract,09001060100,White,02/2024,0,0,0,
Census Tract,09001060100,White,03/2024,0,0,0,
Census Tract,09001060100,White,04/2024,0,0,0.333,
Census Tract,09001060100,White,05/2024,0,0,0.333,
Census Tract,09001060100,White,06/2024,0,0.5,0,
Census Tract,09001060100,White,07/2024,1,0.5,0,
Census Tract,09001060100,White,08/2024,0,0,0,
Census Tract,09001060100,White,09/2024,2,1,0,
Census Tract,09001060100,White,10/2024,0,0.5,0,
Census Tract,09001060100,White,11/2024,1,0.5,0.333,
Census Tract,09001060100,White,12/2024,0,0,0,
Census Tract,09001060100,White,01/2025,0,0,0,
Census Tract,09001060100,White,02/2025,0,0,0,
Census Tract,09001060100,White,03/2025,0,0,0,
Census Tract,09001060100,White,04/2025,0,0,0.333,
Census Tract,09001060100,White,05/2025,0,0,0.333,
Census Tract,09001060100,White,06/2025,0,0.5,0,
Census Tract,09001060100,White,07/2025,0,0.5,0,
Census Tract,09001060100,White,08/2025,0,0,0,
Census Tract,09001060100,White,09/2025,0,1,0,
Census Tract,09001060100,White,10/2025,0,0,0,2025-10-04
Census Tract,09001060200,White,01/2020,1,0,0,
Census Tract,09001060200,White,02/2020,0,0.5,0.333,
Census Tract,09001060200,White,03/2020,0,0,0.333,
Census Tract,09001060200,White,04/2020,0,0,0,
Census Tract,09001060200,White,05/2020,0,0,0,
Census Tract,09001060200,White,06/2020,0,0,0,
Census Tract,09001060200,White,07/2020,0,1,0.333,
Census Tract,09001060200,White,08/2020,0,0.5,0.333,
Census Tract,09001060200,White,09/2020,0,0.5,0.333,
Census Tract,09001060200,White,10/2020,0,0,0.333,
Census Tract,09001060200,White,11/2020,0,0,0,
Census Tract,09001060200,White,12/2020,0,0,0,
Census Tract,09001060200,White,01/2021,0,0,0,
Census Tract,09001060200,White,02/2021,0,0.5,0.333,
Census Tract,09001060200,White,03/2021,0,0,0.333,
Census Tract,09001060200,White,04/2021,0,0,0,
Census Tract,09001060200,White,05/2021,0,0,0,
Census Tract,09001060200,White,06/2021,0,0,0,
Census Tract,09001060200,White,07/2021,0,1,0.333,
Census Tract,09001060200,White,08/2021,1,0.5,0.333,
Census Tract,09001060200,White,09/2021,0,0.5,0.333,
Census Tract,09001060200,White,10/2021,0,0,0.333,
Census Tract,09001060200,White,11/2021,0,0,0,
Census Tract,09001060200,White,12/2021,0,0,0,
Census Tract,09001060200,White,01/2022,0,0,0,
Census Tract,09001060200,White,02/2022,0,0.5,0.333,
Census Tract,09001060200,White,03/2022,0,0,0.333,
Census Tract,09001060200,White,04/2022,0,0,0,
Census Tract,09001060200,White,05/2022,0,0,0,
Census Tract,09001060200,White,06/2022,0,0,0,
Census Tract,09001060200,White,07/2022,0,1,0.333,
Census Tract,09001060200,White,08/2022,0,0.5,0.333,
Census Tract,09001060200,White,09/2022,0,0.5,0.333,
Census Tract,09001060200,White,10/2022,0,0,0.333,
Census Tract,09001060200,White,11/2022,0,0,0,
Census Tract,09001060200,White,12/2022,0,0,0,
Census Tract,09001060200,White,01/2023,0,0,0,
Census Tract,09001060200,White,02/2023,0,0.5,0.333,
Census Tract,09001060200,White,03/2023,0,0,0.333,
Census Tract,09001060200,White,04/2023,0,0,0,
Census Tract,09001060200,White,05/2023,0,0,0,
Census Tract,09001060200,White,06/2023,0,0,0,
Census Tract,09001060200,White,07/2023,0,1,0.333,
Census Tract,09001060200,White,08/2023,0,0.5,0.333,
Census Tract,09001060200,White,09/2023,1,0.5,0.333,
Census Tract,09001060200,White,10/2023,0,0,0.333,
Census Tract,09001060200,White,11/2023,0,0,0,
Census Tract,09001060200,White,12/2023,0,0,0,
Census Tract,09001060200,White,01/2024,0,0,0,
Census Tract,09001060200,White,02/2024,1,0.5,0.333,
Census Tract,09001060200,White,03/2024,0,0,0.333,
Census Tract,09001060200,White,04/2024,0,0,0,
Census Tract,09001060200,White,05/2024,0,0,0,
Census Tract,09001060200,White,06/2024,0,0,0,
Census Tract,09001060200,White,07/2024,2,1,0.333,
Census Tract,09001060200,White,08/2024,1,0.5,0.333,
Census Tract,09001060200,White,09/2024,0,0.5,0.333,
Census Tract,09001060200,White,10/2024,0,0,0.333,
Census Tract,09001060200,White,11/2024,0,0,0,
Census Tract,09001060200,White,12/2024,0,0,0,
Census Tract,09001060200,White,01/2025,0,0,0,
Census Tract,09001060200,White,02/2025,0,0.5,0.333,
Census Tract,09001060200,White,03/2025,0,0,0.333,
Census Tract,09001060200,White,04/2025,0,0,0,
Census Tract,09001060200,White,05/2025,0,0,0,
Census Tract,09001060200,White,06/2025,0,0,0,
Census Tract,09001060200,White,07/2025,0,1,0.333,
Census Tract,09001060200,White,08/2025,0,0.5,0.333,
Census Tract,09001060200,White,09/2025,1,0.5,0.333,
Census Tract,09001060200,White,10/2025,0,0,0.333,2025-10-04
Census Tract,09001060300,White,01/2020,1,0,0,
Census Tract,09001060300,White,02/2020,0,0,0,
Census Tract,09001060300,White,03/2020,0,1,0,
Census Tract,09001060300,White,04/2020,0,0,0.333,
Census Tract,09001060300,White,05/2020,0,0,0,
Census Tract,09001060300,White,06/2020,0,0,0,
Census Tract,09001060300,White,07/2020,0,0,0.333,
Census Tract,09001060300,White,08/2020,1,0.5,0.333,
Census Tract,09001060300,White,09/2020,0,0,0,
Census Tract,09001060300,White,10/2020,0,0,0,
Census Tract,09001060300,White,11/2020,0,0.5,0,
Census Tract,09001060300,White,12/2020,0,0,0,
Census Tract,09001060300,White,01/2021,0,0,0,
Census Tract,09001060300,White,02/2021,0,0,0,
Census Tract,09001060300,White,03/2021,0,1,0,
Census Tract,09001060300,White,04/2021,0,0,0.333,
Census Tract,09001060300,White,05/2021,0,0,0,
Census Tract,09001060300,White,06/2021,0,0,0,
Census Tract,09001060300,White,07/2021,0,0,0.333,
Census Tract,09001060300,White,08/2021,0,0.5,0.333,
Census Tract,09001060300,White,09/2021,0,0,0,
Census Tract,09001060300,White,10/2021,0,0,0,
Census Tract,09001060300,White,11/2021,0,0.5,0,
Census Tract,09001060300,White,12/2021,0,0,0,
Census Tract,09001060300,White,01/2022,0,0,0,
Census Tract,09001060300,White,02/2022,1,0,0,
Census Tract,09001060300,White,03/2022,0,1,0,
Census Tract,09001060300,White,04/2022,0,0,0.333,
Census Tract,09001060300,White,05/2022,0,0,0,
Census Tract,09001060300,White,06/2022,0,0,0,
Census Tract,09001060300,White,07/2022,0,0,0.333,
Census Tract,09001060300,White,08/2022,0,0.5,0.333,
Census Tract,09001060300,White,09/2022,0,0,0,
Census Tract,09001060300,White,10/2022,0,0,0,
Census Tract,09001060300,White,11/2022,1,0.5,0,
Census Tract,09001060300,White,12/2022,0,0,0,
Census Tract,09001060300,White,01/2023,0,0,0,
Census Tract,09001060300,White,02/2023,0,0,0,
Census Tract,09001060300,White,03/2023,0,1,0,
Census Tract,09001060300,White,04/2023,0,0,0.333,
Census Tract,09001060300,White,05/2023,0,0,0,
Census Tract,09001060300,White,06/2023,0,0,0,
Census Tract,09001060300,White,07/2023,0,0,0.333,
Census Tract,09001060300,White,08/2023,0,0.5,0.333,
Census Tract,09001060300,White,09/2023,0,0,0,
Census Tract,09001060300,White,10/2023,0,0,0,
Census Tract,09001060300,White,11/2023,1,0.5,0,
Census Tract,09001060300,White,12/2023,0,0,0,
Census Tract,09001060300,White,01/2024,0,0,0,
Census Tract,09001060300,White,02/2024,0,0,0,
Census Tract,09001060300,White,03/2024,2,1,0,
Census Tract,09001060300,White,04/2024,0,0,0.333,
Census Tract,09001060300,White,05/2024,0,0,0,
Census Tract,09001060300,White,06/2024,0,0,0,
Census Tract,09001060300,White,07/2024,0,0,0.333,
Census Tract,09001060300,White,08/2024,1,0.5,0.333,
Census Tract,09001060300,White,09/2024,0,0,0,
Census Tract,09001060300,White,10/2024,0,0,0,
Census Tract,09001060300,White,11/2024,0,0.5,0,
Census Tract,09001060300,White,12/2024,0,0,0,
Census Tract,09001060300,White,01/2025,0,0,0,
Census Tract,09001060300,White,02/2025,0,0,0,
Census Tract,09001060300,White,03/2025,0,1,0,
Census Tract,09001060300,White,04/2025,0,0,0.333,
Census Tract,09001060300,White,05/2025,0,0,0,
Census Tract,09001060300,White,06/2025,0,0,0,
Census Tract,09001060300,White,07/2025,0,0,0.333,
Census Tract,09001060300,White,08/2025,0,0.5,0.333,
Census Tract,09001060300,White,09/2025,0,0,0,
Census Tract,09001060300,White,10/2025,0,0,0,2025-10-04
Census Tract,09001060400,White,01/2020,0,0,0,
Census Tract,09001060400,White,02/2020,0,0,0,
Census Tract,09001060400,White,03/2020,0,0.5,0,
Census Tract,09001060400,White,04/2020,0,0,0.333,
Census Tract,09001060400,White,05/2020,0,0,0.333,
Census Tract,09001060400,White,06/2020,0,1,0,
Census Tract,09001060400,White,07/2020,0,0,0,
Census Tract,09001060400,White,08/2020,0,0,0.667,
Census Tract,09001060400,White,09/2020,0,0,0,
Census Tract,09001060400,White,10/2020,2,0,0,
Census Tract,09001060400,White,11/2020,0,0,0,
Census Tract,09001060400,White,12/2020,0,0.5,0.333,
Census Tract,09001060400,White,01/2021,1,0,0,
Census Tract,09001060400,White,02/2021,1,0,0,
Census Tract,09001060400,White,03/2021,1,0.5,0,
Census Tract,09001060400,White,04/2021,0,0,0.333,
Census Tract,09001060400,White,05/2021,0,0,0.333,
Census Tract,09001060400,White,06/2021,0,1,0,
Census Tract,09001060400,White,07/2021,1,0,0,
Census Tract,09001060400,White,08/2021,1,0,0.667,
Census Tract,09001060400,White,09/2021,1,0,0,
Census Tract,09001060400,White,10/2021,0,0,0,
Census Tract,09001060400,White,11/2021,0,0,0,
Census Tract,09001060400,White,12/2021,0,0.5,0.333,
Census Tract,09001060400,White,01/2022,0,0,0,
Census Tract,09001060400,White,02/2022,0,0,0,
Census Tract,09001060400,White,03/2022,1,0.5,0,
Census Tract,09001060400,White,04/2022,0,0,0.333,
Census Tract,09001060400,White,05/2022,0,0,0.333,
Census Tract,09001060400,White,06/2022,0,1,0,
Census Tract,09001060400,White,07/2022,0,0,0,
Census Tract,09001060400,White,08/2022,0,0,0.667,
Census Tract,09001060400,White,09/2022,0,0,0,
Census Tract,09001060400,White,10/2022,0,0,0,
Census Tract,09001060400,White,11/2022,0,0,0,
Census Tract,09001060400,White,12/2022,0,0.5,0.333,
Census Tract,09001060400,White,01/2023,0,0,0,
Census Tract,09001060400,White,02/2023,0,0,0,
Census Tract,09001060400,White,03/2023,1,0.5,0,
Census Tract,09001060400,White,04/2023,0,0,0.333,
Census Tract,09001060400,White,05/2023,0,0,0.333,
Census Tract,09001060400,White,06/2023,1,1,0,
Census Tract,09001060400,White,07/2023,0,0,0,
Census Tract,09001060400,White,08/2023,0,0,0.667,
Census Tract,09001060400,White,09/2023,0,0,0,
Census Tract,09001060400,White,10/2023,0,0,0,
Census Tract,09001060400,White,11/2023,0,0,0,
Census Tract,09001060400,White,12/2023,0,0.5,0.333,
Census Tract,09001060400,White,01/2024,0,0,0,
Census Tract,09001060400,White,02/2024,0,0,0,
Census Tract,09001060400,White,03/2024,0,0.5,0,
Census Tract,09001060400,White,04/2024,0,0,0.333,
Census Tract,09001060400,White,05/2024,0,0,0.333,
Census Tract,09001060400,White,06/2024,1,1,0,
Census Tract,09001060400,White,07/2024,0,0,0,
Census Tract,09001060400,White,08/2024,0,0,0.667,
Census Tract,09001060400,White,09/2024,0,0,0,
Census Tract,09001060400,White,10/2024,0,0,0,
Census Tract,09001060400,White,11/2024,0,0,0,
Census Tract,09001060400,White,12/2024,1,0.5,0.333,
Census Tract,09001060400,White,01/2025,0,0,0,
Census Tract,09001060400,White,02/2025,0,0,0,
Census Tract,09001060400,White,03/2025,0,0.5,0,
Census Tract,09001060400,White,04/2025,1,0,0.333,
Census Tract,09001060400,White,05/2025,0,0,0.333,
Census Tract,09001060400,White,06/2025,0,1,0,
Census Tract,09001060400,White,07/2025,0,0,0,
Census Tract,09001060400,White,08/2025,0,0,0.667,
Census Tract,09001060400,White,09/2025,0,0,0,
Census Tract,09001060400,White,10/2025,0,0,0,2025-10-04
Census Tract,09001060500,White,01/2020,0,0,0,
Census Tract,09001060500,White,02/2020,0,0,0,
Census Tract,09001060500,White,03/2020,0,0,0.333,
Census Tract,09001060500,White,04/2020,0,0,0.333,
Census Tract,09001060500,White,05/2020,0,0,0,
Census Tract,09001060500,White,06/2020,0,0,0,
Census Tract,09001060500,White,07/2020,0,0,0.333,
Census Tract,09001060500,White,08/2020,0,0,0.333,
Census Tract,09001060500,White,09/2020,0,0,0.333,
Census Tract,09001060500,White,10/2020,0,0,0.333,
Census Tract,09001060500,White,11/2020,0,0,0,
Census Tract,09001060500,White,12/2020,0,0,0,
Census Tract,09001060500,White,01/2021,0,0,0,
Census Tract,09001060500,White,02/2021,0,0,0,
Census Tract,09001060500,White,03/2021,0,0,0.333,
Census Tract,09001060500,White,04/2021,0,0,0.333,
Census Tract,09001060500,White,05/2021,0,0,0,
Census Tract,09001060500,White,06/2021,0,0,0,
Census Tract,09001060500,White,07/2021,0,0,0.333,
Census Tract,09001060500,White,08/2021,1,0,0.333,
Census Tract,09001060500,White,09/2021,0,0,0.333,
Census Tract,09001060500,White,10/2021,0,0,0.333,
Census Tract,09001060500,White,11/2021,0,0,0,
Census Tract,09001060500,White,12/2021,0,0,0,
Census Tract,09001060500,White,01/2022,0,0,0,
Census Tract,09001060500,White,02/2022,0,0,0,
Census Tract,09001060500,White,03/2022,1,0,0.333,
Census Tract,09001060500,White,04/2022,0,0,0.333,
Census Tract,09001060500,White,05/2022,0,0,0,
Census Tract,09001060500,White,06/2022,0,0,0,
Census Tract,09001060500,White,07/2022,0,0,0.333,
Census Tract,09001060500,White,08/2022,0,0,0.333,
Census Tract,09001060500,White,09/2022,0,0,0.333,
Census Tract,09001060500,White,10/2022,0,0,0.333,
Census Tract,09001060500,White,11/2022,0,0,0,
Census Tract,09001060500,White,12/2022,0,0,0,
Census Tract,09001060500,White,01/2023,0,0,0,
Census Tract,09001060500,White,02/2023,0,0,0,
Census Tract,09001060500,White,03/2023,0,0,0.333,
Census Tract,09001060500,White,04/2023,0,0,0.333,
Census Tract,09001060500,White,05/2023,0,0,0,
Census Tract,09001060500,White,06/2023,0,0,0,
Census Tract,09001060500,White,07/2023,0,0,0.333,
Census Tract,09001060500,White,08/2023,0,0,0.333,
Census Tract,09001060500,White,09/2023,0,0,0.333,
Census Tract,09001060500,White,10/2023,0,0,0.333,
Census Tract,09001060500,White,11/2023,0,0,0,
Census Tract,09001060500,White,12/2023,0,0,0,
Census Tract,09001060500,White,01/2024,0,0,0,
Census Tract,09001060500,White,02/2024,0,0,0,
Census Tract,09001060500,White,03/2024,0,0,0.333,
Census Tract,09001060500,White,04/2024,0,0,0.333,
Census Tract,09001060500,White,05/2024,0,0,0,
Census Tract,09001060500,White,06/2024,0,0,0,
Census Tract,09001060500,White,07/2024,0,0,0.333,
Census Tract,09001060500,White,08/2024,0,0,0.333,
Census Tract,09001060500,White,09/2024,0,0,0.333,
Census Tract,09001060500,White,10/2024,0,0,0.333,
Census Tract,09001060500,White,11/2024,0,0,0,
Census Tract,09001060500,White,12/2024,0,0,0,
Census Tract,09001060500,White,01/2025,0,0,0,
Census Tract,09001060500,White,02/2025,0,0,0,
Census Tract,09001060500,White,03/2025,0,0,0.333,
Census Tract,09001060500,White,04/2025,0,0,0.333,
Census Tract,09001060500,White,05/2025,0,0,0,
Census Tract,09001060500,White,06/2025,0,0,0,
Census Tract,09001060500,White,07/2025,0,0,0.333,
Census Tract,09001060500,White,08/2025,0,0,0.333,
Census Tract,09001060500,White,09/2025,0,0,0.333,
Census Tract,09001060500,White,10/2025,0,0,0.333,2025-10-04
Census Tract,09001060600,White,01/2020,1,0,0,
Census Tract,09001060600,White,02/2020,0,0,0,
Census Tract,09001060600,White,03/2020,0,0.5,1,
Census Tract,09001060600,White,04/2020,0,0,0.333,
Census Tract,09001060600,White,05/2020,0,0,0,
Census Tract,09001060600,White,06/2020,0,1,0.667,
Census Tract,09001060600,White,07/2020,0,0,1,
Census Tract,09001060600,White,08/2020,0,0,0,
Census Tract,09001060600,White,09/2020,0,0,0,
Census Tract,09001060600,White,10/2020,0,0,1,
Census Tract,09001060600,White,11/2020,0,0,0,
Census Tract,09001060600,White,12/2020,1,0,0,
Census Tract,09001060600,White,01/2021,0,0,0,
Census Tract,09001060600,White,02/2021,0,0,0,
Census Tract,09001060600,White,03/2021,1,0.5,1,
Census Tract,09001060600,White,04/2021,0,0,0.333,
Census Tract,09001060600,White,05/2021,0,0,0,
Census Tract,09001060600,White,06/2021,0,1,0.667,
Census Tract,09001060600,White,07/2021,0,0,1,
Census Tract,09001060600,White,08/2021,1,0,0,
Census Tract,09001060600,White,09/2021,0,0,0,
Census Tract,09001060600,White,10/2021,0,0,1,
Census Tract,09001060600,White,11/2021,0,0,0,
Census Tract,09001060600,White,12/2021,0,0,0,
Census Tract,09001060600,White,01/2022,0,0,0,
Census Tract,09001060600,White,02/2022,0,0,0,
Census Tract,09001060600,White,03/2022,0,0.5,1,
Census Tract,09001060600,White,04/2022,0,0,0.333,
Census Tract,09001060600,White,05/2022,0,0,0,
Census Tract,09001060600,White,06/2022,0,1,0.667,
Census Tract,09001060600,White,07/2022,0,0,1,
Census Tract,09001060600,White,08/2022,0,0,0,
Census Tract,09001060600,White,09/2022,0,0,0,
Census Tract,09001060600,White,10/2022,0,0,1,
Census Tract,09001060600,White,11/2022,0,0,0,
Census Tract,09001060600,White,12/2022,1,0,0,
Census Tract,09001060600,White,01/2023,0,0,0,
Census Tract,09001060600,White,02/2023,0,0,0,
Census Tract,09001060600,White,03/2023,0,0.5,1,
Census Tract,09001060600,White,04/2023,0,0,0.333,
Census Tract,09001060600,White,05/2023,0,0,0,
Census Tract,09001060600,White,06/2023,1,1,0.667,
Census Tract,09001060600,White,07/2023,0,0,1,
Census Tract,09001060600,White,08/2023,0,0,0,
Census Tract,09001060600,White,09/2023,0,0,0,
Census Tract,09001060600,White,10/2023,0,0,1,
Census Tract,09001060600,White,11/2023,0,0,0,
Census Tract,09001060600,White,12/2023,0,0,0,
Census Tract,09001060600,White,01/2024,0,0,0,
Census Tract,09001060600,White,02/2024,0,0,0,
Census Tract,09001060600,White,03/2024,1,0.5,1,
Census Tract,09001060600,White,04/2024,0,0,0.333,
Census Tract,09001060600,White,05/2024,0,0,0,
Census Tract,09001060600,White,06/2024,1,1,0.667,
Census Tract,09001060600,White,07/2024,0,0,1,
Census Tract,09001060600,White,08/2024,0,0,0,
Census Tract,09001060600,White,09/2024,0,0,0,
Census Tract,09001060600,White,10/2024,0,0,1,
Census Tract,09001060600,White,11/2024,0,0,0,
Census Tract,09001060600,White,12/2024,0,0,0,
Census Tract,09001060600,White,01/2025,0,0,0,
Census Tract,09001060600,White,02/2025,0,0,0,
Census Tract,09001060600,White,03/2025,0,0.5,1,
Census Tract,09001060600,White,04/2025,0,0,0.333,
Census Tract,09001060600,White,05/2025,0,0,0,
Census Tract,09001060600,White,06/2025,0,1,0.667,
Census Tract,09001060600,White,07/2025,1,0,1,
Census Tract,09001060600,White,08/2025,0,0,0,
Census Tract,09001060600,White,09/2025,0,0,0,
Census Tract,09001060600,White,10/2025,0,0,0,2025-10-04
Census Tract,09001060700,White,01/2020,0,0.5,0,
Census Tract,09001060700,White,02/2020,0,0,0,
Census Tract,09001060700,White,03/2020,0,0,0.333,
Census Tract,09001060700,White,04/2020,0,0.5,0,
Census Tract,09001060700,White,05/2020,0,0,0,
Census Tract,09001060700,White,06/2020,0,0,0.333,
Census Tract,09001060700,White,07/2020,0,0,0,
Census Tract,09001060700,White,08/2020,0,0,0,
Census Tract,09001060700,White,09/2020,0,0,0,
Census Tract,09001060700,White,10/2020,0,0.5,0,
Census Tract,09001060700,White,11/2020,0,0,0,
Census Tract,09001060700,White,12/2020,1,0,0.333,
Census Tract,09001060700,White,01/2021,1,0.5,0,
Census Tract,09001060700,White,02/2021,0,0,0,
Census Tract,09001060700,White,03/2021,0,0,0.333,
Census Tract,09001060700,White,04/2021,1,0.5,0,
Census Tract,09001060700,White,05/2021,0,0,0,
Census Tract,09001060700,White,06/2021,1,0,0.333,
Census Tract,09001060700,White,07/2021,0,0,0,
Census Tract,09001060700,White,08/2021,1,0,0,
Census Tract,09001060700,White,09/2021,0,0,0,
Census Tract,09001060700,White,10/2021,0,0.5,0,
Census Tract,09001060700,White,11/2021,0,0,0,
Census Tract,09001060700,White,12/2021,0,0,0.333,
Census Tract,09001060700,White,01/2022,3,0.5,0,
Census Tract,09001060700,White,02/2022,0,0,0,
Census Tract,09001060700,White,03/2022,0,0,0.333,
Census Tract,09001060700,White,04/2022,0,0.5,0,
Census Tract,09001060700,White,05/2022,1,0,0,
Census Tract,09001060700,White,06/2022,1,0,0.333,
Census Tract,09001060700,White,07/2022,0,0,0,
Census Tract,09001060700,White,08/2022,0,0,0,
Census Tract,09001060700,White,09/2022,0,0,0,
Census Tract,09001060700,White,10/2022,0,0.5,0,
Census Tract,09001060700,White,11/2022,0,0,0,
Census Tract,09001060700,White,12/2022,0,0,0.333,
Census Tract,09001060700,White,01/2023,1,0.5,0,
Census Tract,09001060700,White,02/2023,0,0,0,
Census Tract,09001060700,White,03/2023,0,0,0.333,
Census Tract,09001060700,White,04/2023,1,0.5,0,
Census Tract,09001060700,White,05/2023,0,0,0,
Census Tract,09001060700,White,06/2023,0,0,0.333,
Census Tract,09001060700,White,07/2023,0,0,0,
Census Tract,09001060700,White,08/2023,0,0,0,
Census Tract,09001060700,White,09/2023,0,0,0,
Census Tract,09001060700,White,10/2023,0,0.5,0,
Census Tract,09001060700,White,11/2023,0,0,0,
Census Tract,09001060700,White,12/2023,0,0,0.333,
Census Tract,09001060700,White,01/2024,0,0.5,0,
Census Tract,09001060700,White,02/2024,0,0,0,
Census Tract,09001060700,White,03/2024,0,0,0.333,
Census Tract,09001060700,White,04/2024,0,0.5,0,
Census Tract,09001060700,White,05/2024,0,0,0,
Census Tract,09001060700,White,06/2024,0,0,0.333,
Census Tract,09001060700,White,07/2024,0,0,0,
Census Tract,09001060700,White,08/2024,0,0,0,
Census Tract,09001060700,White,09/2024,0,0,0,
Census Tract,09001060700,White,10/2024,1,0.5,0,
Census Tract,09001060700,White,11/2024,0,0,0,
Census Tract,09001060700,White,12/2024,0,0,0.333,
Census Tract,09001060700,White,01/2025,0,0.5,0,
Census Tract,09001060700,White,02/2025,0,0,0,
Census Tract,09001060700,White,03/2025,1,0,0.333,
Census Tract,09001060700,White,04/2025,0,0.5,0,
Census Tract,09001060700,White,05/2025,1,0,0,
Census Tract,09001060700,White,06/2025,1,0,0.333,
Census Tract,09001060700,White,07/2025,0,0,0,
Census Tract,09001060700,White,08/2025,0,0,0,
Census Tract,09001060700,White,09/2025,0,0,0,
Census Tract,09001060700,White,10/2025,0,0,0,2025-10-04
Census Tract,09001060800,White,01/2020,0,0.5,0,
Census Tract,09001060800,White,02/2020,0,0,0,
Census Tract,09001060800,White,03/2020,0,0,0,
Census Tract,09001060800,White,04/2020,0,0,0,
Census Tract,09001060800,White,05/2020,0,0,0,
Census Tract,09001060800,White,06/2020,0,0.5,0,
Census Tract,09001060800,White,07/2020,0,0,0,
Census Tract,09001060800,White,08/2020,0,0,0.333,
Census Tract,09001060800,White,09/2020,0,0,0.333,
Census Tract,09001060800,White,10/2020,0,0.5,0.333,
Census Tract,09001060800,White,11/2020,0,0,0,
Census Tract,09001060800,White,12/2020,0,0,0,
Census Tract,09001060800,White,01/2021,0,0.5,0,
Census Tract,09001060800,White,02/2021,0,0,0,
Census Tract,09001060800,White,03/2021,0,0,0,
Census Tract,09001060800,White,04/2021,0,0,0,
Census Tract,09001060800,White,05/2021,0,0,0,
Census Tract,09001060800,White,06/2021,0,0.5,0,
Census Tract,09001060800,White,07/2021,0,0,0,
Census Tract,09001060800,White,08/2021,0,0,0.333,
Census Tract,09001060800,White,09/2021,0,0,0.333,
Census Tract,09001060800,White,10/2021,0,0.5,0.333,
Census Tract,09001060800,White,11/2021,0,0,0,
Census Tract,09001060800,White,12/2021,0,0,0,
Census Tract,09001060800,White,01/2022,0,0.5,0,
Census Tract,09001060800,White,02/2022,0,0,0,
Census Tract,09001060800,White,03/2022,0,0,0,
Census Tract,09001060800,White,04/2022,0,0,0,
Census Tract,09001060800,White,05/2022,0,0,0,
Census Tract,09001060800,White,06/2022,0,0.5,0,
Census Tract,09001060800,White,07/2022,0,0,0,
Census Tract,09001060800,White,08/2022,0,0,0.333,
Census Tract,09001060800,White,09/2022,0,0,0.333,
Census Tract,09001060800,White,10/2022,0,0.5,0.333,
Census Tract,09001060800,White,11/2022,0,0,0,
Census Tract,09001060800,White,12/2022,0,0,0,
Census Tract,09001060800,White,01/2023,1,0.5,0,
Census Tract,09001060800,White,02/2023,0,0,0,
Census Tract,09001060800,White,03/2023,0,0,0,
Census Tract,09001060800,White,04/2023,0,0,0,
Census Tract,09001060800,White,05/2023,0,0,0,
Census Tract,09001060800,White,06/2023,1,0.5,0,
Census Tract,09001060800,White,07/2023,0,0,0,
Census Tract,09001060800,White,08/2023,0,0,0.333,
Census Tract,09001060800,White,09/2023,0,0,0.333,
Census Tract,09001060800,White,10/2023,1,0.5,0.333,
Census Tract,09001060800,White,11/2023,0,0,0,
Census Tract,09001060800,White,12/2023,0,0,0,
Census Tract,09001060800,White,01/2024,0,0.5,0,
Census Tract,09001060800,White,02/2024,0,0,0,
Census Tract,09001060800,White,03/2024,0,0,0,
Census Tract,09001060800,White,04/2024,0,0,0,
Census Tract,09001060800,White,05/2024,0,0,0,
Census Tract,09001060800,White,06/2024,0,0.5,0,
Census Tract,09001060800,White,07/2024,0,0,0,
Census Tract,09001060800,White,08/2024,0,0,0.333,
Census Tract,09001060800,White,09/2024,0,0,0.333,
Census Tract,09001060800,White,10/2024,0,0.5,0.333,
Census Tract,09001060800,White,11/2024,0,0,0,
Census Tract,09001060800,White,12/2024,0,0,0,
Census Tract,09001060800,White,01/2025,0,0.5,0,
Census Tract,09001060800,White,02/2025,0,0,0,
Census Tract,09001060800,White,03/2025,1,0,0,
Census Tract,09001060800,White,04/2025,0,0,0,
Census Tract,09001060800,White,05/2025,0,0,0,
Census Tract,09001060800,White,06/2025,0,0.5,0,
Census Tract,09001060800,White,07/2025,0,0,0,
Census Tract,09001060800,White,08/2025,0,0,0.333,
Census Tract,09001060800,White,09/2025,1,0,0.333,
Census Tract,09001060800,White,10/2025,0,0,0,2025-10-04
Census Tract,09001060900,White,01/2020,0,0.5,0.333,
Census Tract,09001060900,White,02/2020,1,0,0,
Census Tract,09001060900,White,03/2020,0,0,0,
Census Tract,09001060900,White,04/2020,0,0,0,
Census Tract,09001060900,White,05/2020,0,0,0.333,
Census Tract,09001060900,White,06/2020,0,0,0,
Census Tract,09001060900,White,07/2020,0,0,0.333,
Census Tract,09001060900,White,08/2020,0,0.5,0,
Census Tract,09001060900,White,09/2020,0,0,0,
Census Tract,09001060900,White,10/2020,0,0,0,
Census Tract,09001060900,White,11/2020,0,0,0.333,
Census Tract,09001060900,White,12/2020,0,0,0,
Census Tract,09001060900,White,01/2021,0,0.5,0.333,
Census Tract,09001060900,White,02/2021,0,0,0,
Census Tract,09001060900,White,03/2021,0,0,0,
Census Tract,09001060900,White,04/2021,0,0,0,
Census Tract,09001060900,White,05/2021,0,0,0.333,
Census Tract,09001060900,White,06/2021,0,0,0,
Census Tract,09001060900,White,07/2021,0,0,0.333,
Census Tract,09001060900,White,08/2021,0,0.5,0,
Census Tract,09001060900,White,09/2021,0,0,0,
Census Tract,09001060900,White,10/2021,0,0,0,
Census Tract,09001060900,White,11/2021,0,0,0.333,
Census Tract,09001060900,White,12/2021,0,0,0,
Census Tract,09001060900,White,01/2022,0,0.5,0.333,
Census Tract,09001060900,White,02/2022,0,0,0,
Census Tract,09001060900,White,03/2022,0,0,0,
Census Tract,09001060900,White,04/2022,0,0,0,
Census Tract,09001060900,White,05/2022,0,0,0.333,
Census Tract,09001060900,White,06/2022,0,0,0,
Census Tract,09001060900,White,07/2022,0,0,0.333,
Census Tract,09001060900,White,08/2022,0,0.5,0,
Census Tract,09001060900,White,09/2022,0,0,0,
Census Tract,09001060900,White,10/2022,1,0,0,
Census Tract,09001060900,White,11/2022,0,0,0.333,
Census Tract,09001060900,White,12/2022,0,0,0,
Census Tract,09001060900,White,01/2023,0,0.5,0.333,
Census Tract,09001060900,White,02/2023,0,0,0,
Census Tract,09001060900,White,03/2023,0,0,0,
Census Tract,09001060900,White,04/2023,0,0,0,
Census Tract,09001060900,White,05/2023,0,0,0.333,
Census Tract,09001060900,White,06/2023,0,0,0,
Census Tract,09001060900,White,07/2023,0,0,0.333,
Census Tract,09001060900,White,08/2023,0,0.5,0,
Census Tract,09001060900,White,09/2023,0,0,0,
Census Tract,09001060900,White,10/2023,0,0,0,
Census Tract,09001060900,White,11/2023,0,0,0.333,
Census Tract,09001060900,White,12/2023,0,0,0,
Census Tract,09001060900,White,01/2024,1,0.5,0.333,
Census Tract,09001060900,White,02/2024,0,0,0,
Census Tract,09001060900,White,03/2024,0,0,0,
Census Tract,09001060900,White,04/2024,0,0,0,
Census Tract,09001060900,White,05/2024,0,0,0.333,
Census Tract,09001060900,White,06/2024,0,0,0,
Census Tract,09001060900,White,07/2024,0,0,0.333,
Census Tract,09001060900,White,08/2024,1,0.5,0,
Census Tract,09001060900,White,09/2024,0,0,0,
Census Tract,09001060900,White,10/2024,0,0,0,
Census Tract,09001060900,White,11/2024,0,0,0.333,
Census Tract,09001060900,White,12/2024,0,0,0,
Census Tract,09001060900,White,01/2025,0,0.5,0.333,
Census Tract,09001060900,White,02/2025,0,0,0,
Census Tract,09001060900,White,03/2025,0,0,0,
Census Tract,09001060900,White,04/2025,0,0,0,
Census Tract,09001060900,White,05/2025,0,0,0.333,
Census Tract,09001060900,White,06/2025,0,0,0,
Census Tract,09001060900,White,07/2025,0,0,0.333,
Census Tract,09001060900,White,08/2025,0,0.5,0,
Census Tract,09001060900,White,09/2025,0,0,0,
Census Tract,09001060900,White,10/2025,0,0,0,2025-10-04
Census Tract,09001061000,White,01/2020,0,0.5,0.333,
Census Tract,09001061000,White,02/2020,1,0,0,
Census Tract,09001061000,White,03/2020,0,0,0.667,
Census Tract,09001061000,White,04/2020,0,0.5,0.667,
Census Tract,09001061000,White,05/2020,0,0.5,0.667,
Census Tract,09001061000,White,06/2020,0,0.5,0.333,
Census Tract,09001061000,White,07/2020,0,0,0,
Census Tract,09001061000,White,08/2020,0,0,1,
Census Tract,09001061000,White,09/2020,0,2.5,0.667,
Census Tract,09001061000,White,10/2020,0,0.5,1,
Census Tract,09001061000,White,11/2020,2,3,0.667,
Census Tract,09001061000,White,12/2020,1,0.5,0.333,
Census Tract,09001061000,White,01/2021,0,0.5,0.333,
Census Tract,09001061000,White,02/2021,1,0,0,
Census Tract,09001061000,White,03/2021,0,0,0.667,
Census Tract,09001061000,White,04/2021,0,0.5,0.667,
Census Tract,09001061000,White,05/2021,1,0.5,0.667,
Census Tract,09001061000,White,06/2021,1,0.5,0.333,
Census Tract,09001061000,White,07/2021,0,0,0,
Census Tract,09001061000,White,08/2021,1,0,1,
Census Tract,09001061000,White,09/2021,1,2.5,0.667,
Census Tract,09001061000,White,10/2021,0,0.5,1,
Census Tract,09001061000,White,11/2021,1,3,0.667,
Census Tract,09001061000,White,12/2021,1,0.5,0.333,
Census Tract,09001061000,White,01/2022,0,0.5,0.333,
Census Tract,09001061000,White,02/2022,1,0,0,
Census Tract,09001061000,White,03/2022,0,0,0.667,
Census Tract,09001061000,White,04/2022,2,0.5,0.667,
Census Tract,09001061000,White,05/2022,0,0.5,0.667,
Census Tract,09001061000,White,06/2022,2,0.5,0.333,
Census Tract,09001061000,White,07/2022,1,0,0,
Census Tract,09001061000,White,08/2022,3,0,1,
Census Tract,09001061000,White,09/2022,0,2.5,0.667,
Census Tract,09001061000,White,10/2022,4,0.5,1,
Census Tract,09001061000,White,11/2022,2,3,0.667,
Census Tract,09001061000,White,12/2022,0,0.5,0.333,
Census Tract,09001061000,White,01/2023,1,0.5,0.333,
Census Tract,09001061000,White,02/2023,0,0,0,
Census Tract,09001061000,White,03/2023,0,0,0.667,
Census Tract,09001061000,White,04/2023,1,0.5,0.667,
Census Tract,09001061000,White,05/2023,0,0.5,0.667,
Census Tract,09001061000,White,06/2023,1,0.5,0.333,
Census Tract,09001061000,White,07/2023,0,0,0,
Census Tract,09001061000,White,08/2023,0,0,1,
Census Tract,09001061000,White,09/2023,3,2.5,0.667,
Census Tract,09001061000,White,10/2023,1,0.5,1,
Census Tract,09001061000,White,11/2023,4,3,0.667,
Census Tract,09001061000,White,12/2023,0,0.5,0.333,
Census Tract,09001061000,White,01/2024,0,0.5,0.333,
Census Tract,09001061000,White,02/2024,0,0,0,
Census Tract,09001061000,White,03/2024,0,0,0.667,
Census Tract,09001061000,White,04/2024,0,0.5,0.667,
Census Tract,09001061000,White,05/2024,1,0.5,0.667,
Census Tract,09001061000,White,06/2024,0,0.5,0.333,
Census Tract,09001061000,White,07/2024,0,0,0,
Census Tract,09001061000,White,08/2024,0,0,1,
Census Tract,09001061000,White,09/2024,2,2.5,0.667,
Census Tract,09001061000,White,10/2024,0,0.5,1,
Census Tract,09001061000,White,11/2024,2,3,0.667,
Census Tract,09001061000,White,12/2024,1,0.5,0.333,
Census Tract,09001061000,White,01/2025,2,0.5,0.333,
Census Tract,09001061000,White,02/2025,0,0,0,
Census Tract,09001061000,White,03/2025,1,0,0.667,
Census Tract,09001061000,White,04/2025,1,0.5,0.667,
Census Tract,09001061000,White,05/2025,1,0.5,0.667,
Census Tract,09001061000,White,06/2025,1,0.5,0.333,
Census Tract,09001061000,White,07/2025,0,0,0,
Census Tract,09001061000,White,08/2025,0,0,1,
Census Tract,09001061000,White,09/2025,0,2.5,0.667,
Census Tract,09001061000,White,10/2025,0,0,0.333,2025-10-04
Census Tract,09001061100,White,01/2020,1,0.5,0,
Census Tract,09001061100,White,02/2020,1,0.5,0.667,
Census Tract,09001061100,White,03/2020,0,0.5,0,
Census Tract,09001061100,White,04/2020,0,0,0.667,
Census Tract,09001061100,White,05/2020,0,0,0,
Census Tract,09001061100,White,06/2020,0,1,0,
Census Tract,09001061100,White,07/2020,0,0,0,
Census Tract,09001061100,White,08/2020,0,0,0,
Census Tract,09001061100,White,09/2020,1,0,0,
Census Tract,09001061100,White,10/2020,0,0,0,
Census Tract,09001061100,White,11/2020,0,0,0,
Census Tract,09001061100,White,12/2020,0,0,0,
Census Tract,09001061100,White,01/2021,0,0.5,0,
Census Tract,09001061100,White,02/2021,0,0.5,0.667,
Census Tract,09001061100,White,03/2021,0,0.5,0,
Census Tract,09001061100,White,04/2021,0,0,0.667,
Census Tract,09001061100,White,05/2021,0,0,0,
Census Tract,09001061100,White,06/2021,0,1,0,
Census Tract,09001061100,White,07/2021,0,0,0,
Census Tract,09001061100,White,08/2021,1,0,0,
Census Tract,09001061100,White,09/2021,0,0,0,
Census Tract,09001061100,White,10/2021,0,0,0,
Census Tract,09001061100,White,11/2021,0,0,0,
Census Tract,09001061100,White,12/2021,0,0,0,
Census Tract,09001061100,White,01/2022,2,0.5,0,
Census Tract,09001061100,White,02/2022,0,0.5,0.667,
Census Tract,09001061100,White,03/2022,0,0.5,0,
Census Tract,09001061100,White,04/2022,0,0,0.667,
Census Tract,09001061100,White,05/2022,0,0,0,
Census Tract,09001061100,White,06/2022,0,1,0,
Census Tract,09001061100,White,07/2022,0,0,0,
Census Tract,09001061100,White,08/2022,0,0,0,
Census Tract,09001061100,White,09/2022,1,0,0,
Census Tract,09001061100,White,10/2022,0,0,0,
Census Tract,09001061100,White,11/2022,0,0,0,
Census Tract,09001061100,White,12/2022,1,0,0,
Census Tract,09001061100,White,01/2023,1,0.5,0,
Census Tract,09001061100,White,02/2023,1,0.5,0.667,
Census Tract,09001061100,White,03/2023,1,0.5,0,
Census Tract,09001061100,White,04/2023,0,0,0.667,
Census Tract,09001061100,White,05/2023,0,0,0,
Census Tract,09001061100,White,06/2023,1,1,0,
Census Tract,09001061100,White,07/2023,0,0,0,
Census Tract,09001061100,White,08/2023,0,0,0,
Census Tract,09001061100,White,09/2023,0,0,0,
Census Tract,09001061100,White,10/2023,0,0,0,
Census Tract,09001061100,White,11/2023,0,0,0,
Census Tract,09001061100,White,12/2023,0,0,0,
Census Tract,09001061100,White,01/2024,0,0.5,0,
Census Tract,09001061100,White,02/2024,0,0.5,0.667,
Census Tract,09001061100,White,03/2024,0,0.5,0,
Census Tract,09001061100,White,04/2024,0,0,0.667,
Census Tract,09001061100,White,05/2024,0,0,0,
Census Tract,09001061100,White,06/2024,1,1,0,
Census Tract,09001061100,White,07/2024,0,0,0,
Census Tract,09001061100,White,08/2024,0,0,0,
Census Tract,09001061100,White,09/2024,0,0,0,
Census Tract,09001061100,White,10/2024,0,0,0,
Census Tract,09001061100,White,11/2024,0,0,0,
Census Tract,09001061100,White,12/2024,0,0,0,
Census Tract,09001061100,White,01/2025,0,0.5,0,
Census Tract,09001061100,White,02/2025,1,0.5,0.667,
Census Tract,09001061100,White,03/2025,0,0.5,0,
Census Tract,09001061100,White,04/2025,0,0,0.667,
Census Tract,09001061100,White,05/2025,0,0,0,
Census Tract,09001061100,White,06/2025,0,1,0,
Census Tract,09001061100,White,07/2025,0,0,0,
Census Tract,09001061100,White,08/2025,0,0,0,
Census Tract,09001061100,White,09/2025,0,0,0,
Census Tract,09001061100,White,10/2025,0,0,0,2025-10-04
Census Tract,09001061200,White,01/2020,1,0.5,0.333,
Census Tract,09001061200,White,02/2020,0,0,0.667,
Census Tract,09001061200,White,03/2020,0,0.5,0.667,
Census Tract,09001061200,White,04/2020,0,0,0.333,
Census Tract,09001061200,White,05/2020,0,0,0.333,
Census Tract,09001061200,White,06/2020,0,1,0.333,
Census Tract,09001061200,White,07/2020,0,0,0,
Census Tract,09001061200,White,08/2020,0,0.5,0.667,
Census Tract,09001061200,White,09/2020,0,0,0,
Census Tract,09001061200,White,10/2020,0,1,0.333,
Census Tract,09001061200,White,11/2020,0,0,0.667,
Census Tract,09001061200,White,12/2020,0,0,0.333,
Census Tract,09001061200,White,01/2021,0,0.5,0.333,
Census Tract,09001061200,White,02/2021,0,0,0.667,
Census Tract,09001061200,White,03/2021,0,0.5,0.667,
Census Tract,09001061200,White,04/2021,0,0,0.333,
Census Tract,09001061200,White,05/2021,1,0,0.333,
Census Tract,09001061200,White,06/2021,1,1,0.333,
Census Tract,09001061200,White,07/2021,0,0,0,
Census Tract,09001061200,White,08/2021,1,0.5,0.667,
Census Tract,09001061200,White,09/2021,0,0,0,
Census Tract,09001061200,White,10/2021,0,1,0.333,
Census Tract,09001061200,White,11/2021,0,0,0.667,
Census Tract,09001061200,White,12/2021,0,0,0.333,
Census Tract,09001061200,White,01/2022,0,0.5,0.333,
Census Tract,09001061200,White,02/2022,0,0,0.667,
Census Tract,09001061200,White,03/2022,0,0.5,0.667,
Census Tract,09001061200,White,04/2022,1,0,0.333,
Census Tract,09001061200,White,05/2022,2,0,0.333,
Census Tract,09001061200,White,06/2022,0,1,0.333,
Census Tract,09001061200,White,07/2022,0,0,0,
Census Tract,09001061200,White,08/2022,0,0.5,0.667,
Census Tract,09001061200,White,09/2022,0,0,0,
Census Tract,09001061200,White,10/2022,1,1,0.333,
Census Tract,09001061200,White,11/2022,0,0,0.667,
Census Tract,09001061200,White,12/2022,0,0,0.333,
Census Tract,09001061200,White,01/2023,0,0.5,0.333,
Census Tract,09001061200,White,02/2023,0,0,0.667,
Census Tract,09001061200,White,03/2023,1,0.5,0.667,
Census Tract,09001061200,White,04/2023,0,0,0.333,
Census Tract,09001061200,White,05/2023,0,0,0.333,
Census Tract,09001061200,White,06/2023,0,1,0.333,
Census Tract,09001061200,White,07/2023,0,0,0,
Census Tract,09001061200,White,08/2023,0,0.5,0.667,
Census Tract,09001061200,White,09/2023,0,0,0,
Census Tract,09001061200,White,10/2023,0,1,0.333,
Census Tract,09001061200,White,11/2023,0,0,0.667,
Census Tract,09001061200,White,12/2023,0,0,0.333,
Census Tract,09001061200,White,01/2024,1,0.5,0.333,
Census Tract,09001061200,White,02/2024,0,0,0.667,
Census Tract,09001061200,White,03/2024,0,0.5,0.667,
Census Tract,09001061200,White,04/2024,0,0,0.333,
Census Tract,09001061200,White,05/2024,0,0,0.333,
Census Tract,09001061200,White,06/2024,2,1,0.333,
Census Tract,09001061200,White,07/2024,0,0,0,
Census Tract,09001061200,White,08/2024,1,0.5,0.667,
Census Tract,09001061200,White,09/2024,0,0,0,
Census Tract,09001061200,White,10/2024,2,1,0.333,
Census Tract,09001061200,White,11/2024,0,0,0.667,
Census Tract,09001061200,White,12/2024,0,0,0.333,
Census Tract,09001061200,White,01/2025,0,0.5,0.333,
Census Tract,09001061200,White,02/2025,0,0,0.667,
Census Tract,09001061200,White,03/2025,1,0.5,0.667,
Census Tract,09001061200,White,04/2025,0,0,0.333,
Census Tract,09001061200,White,05/2025,0,0,0.333,
Census Tract,09001061200,White,06/2025,0,1,0.333,
Census Tract,09001061200,White,07/2025,1,0,0,
Census Tract,09001061200,White,08/2025,0,0.5,0.667,
Census Tract,09001061200,White,09/2025,1,0,0,
Census Tract,09001061200,White,10/2025,0,0,0,2025-10-04
Census Tract,09001061300,White,01/2020,1,0,0.333,
Census Tract,09001061300,White,02/2020,0,0,0,
Census Tract,09001061300,White,03/2020,0,0.5,0,
Census Tract,09001061300,White,04/2020,0,1,0,
Census Tract,09001061300,White,05/2020,0,0.5,0.667,
Census Tract,09001061300,White,06/2020,0,2,0.333,
Census Tract,09001061300,White,07/2020,0,0.5,0.333,
Census Tract,09001061300,White,08/2020,0,0,0,
Census Tract,09001061300,White,09/2020,0,0.5,0.667,
Census Tract,09001061300,White,10/2020,0,1,0,
Census Tract,09001061300,White,11/2020,1,0,0,
Census Tract,09001061300,White,12/2020,0,0,0.667,
Census Tract,09001061300,White,01/2021,0,0,0.333,
Census Tract,09001061300,White,02/2021,0,0,0,
Census Tract,09001061300,White,03/2021,0,0.5,0,
Census Tract,09001061300,White,04/2021,0,1,0,
Census Tract,09001061300,White,05/2021,0,0.5,0.667,
Census Tract,09001061300,White,06/2021,0,2,0.333,
Census Tract,09001061300,White,07/2021,0,0.5,0.333,
Census Tract,09001061300,White,08/2021,0,0,0,
Census Tract,09001061300,White,09/2021,0,0.5,0.667,
Census Tract,09001061300,White,10/2021,0,1,0,
Census Tract,09001061300,White,11/2021,0,0,0,
Census Tract,09001061300,White,12/2021,1,0,0.667,
Census Tract,09001061300,White,01/2022,1,0,0.333,
Census Tract,09001061300,White,02/2022,0,0,0,
Census Tract,09001061300,White,03/2022,2,0.5,0,
Census Tract,09001061300,White,04/2022,3,1,0,
Census Tract,09001061300,White,05/2022,0,0.5,0.667,
Census Tract,09001061300,White,06/2022,2,2,0.333,
Census Tract,09001061300,White,07/2022,0,0.5,0.333,
Census Tract,09001061300,White,08/2022,0,0,0,
Census Tract,09001061300,White,09/2022,0,0.5,0.667,
Census Tract,09001061300,White,10/2022,0,1,0,
Census Tract,09001061300,White,11/2022,0,0,0,
Census Tract,09001061300,White,12/2022,0,0,0.667,
Census Tract,09001061300,White,01/2023,0,0,0.333,
Census Tract,09001061300,White,02/2023,0,0,0,
Census Tract,09001061300,White,03/2023,1,0.5,0,
Census Tract,09001061300,White,04/2023,1,1,0,
Census Tract,09001061300,White,05/2023,0,0.5,0.667,
Census Tract,09001061300,White,06/2023,2,2,0.333,
Census Tract,09001061300,White,07/2023,0,0.5,0.333,
Census Tract,09001061300,White,08/2023,0,0,0,
Census Tract,09001061300,White,09/2023,1,0.5,0.667,
Census Tract,09001061300,White,10/2023,2,1,0,
Census Tract,09001061300,White,11/2023,0,0,0,
Census Tract,09001061300,White,12/2023,0,0,0.667,
Census Tract,09001061300,White,01/2024,0,0,0.333,
Census Tract,09001061300,White,02/2024,0,0,0,
Census Tract,09001061300,White,03/2024,0,0.5,0,
Census Tract,09001061300,White,04/2024,1,1,0,
Census Tract,09001061300,White,05/2024,1,0.5,0.667,
Census Tract,09001061300,White,06/2024,2,2,0.333,
Census Tract,09001061300,White,07/2024,1,0.5,0.333,
Census Tract,09001061300,White,08/2024,0,0,0,
Census Tract,09001061300,White,09/2024,0,0.5,0.667,
Census Tract,09001061300,White,10/2024,0,1,0,
Census Tract,09001061300,White,11/2024,0,0,0,
Census Tract,09001061300,White,12/2024,0,0,0.667,
Census Tract,09001061300,White,01/2025,0,0,0.333,
Census Tract,09001061300,White,02/2025,1,0,0,
Census Tract,09001061300,White,03/2025,0,0.5,0,
Census Tract,09001061300,White,04/2025,0,1,0,
Census Tract,09001061300,White,05/2025,0,0.5,0.667,
Census Tract,09001061300,White,06/2025,0,2,0.333,
Census Tract,09001061300,White,07/2025,0,0.5,0.333,
Census Tract,09001061300,White,08/2025,0,0,0,
Census Tract,09001061300,White,09/2025,0,0.5,0.667,
Census Tract,09001061300,White,10/2025,0,0,0,2025-10-04
Census Tract,09001061400,White,01/2020,1,0.5,1,
Census Tract,09001061400,White,02/2020,1,0.5,0.667,
Census Tract,09001061400,White,03/2020,1,0,1,
Census Tract,09001061400,White,04/2020,0,1,0.667,
Census Tract,09001061400,White,05/2020,0,0.5,1,
Census Tract,09001061400,White,06/2020,0,2,1.333,
Census Tract,09001061400,White,07/2020,1,0.5,0.667,
Census Tract,09001061400,White,08/2020,1,1.5,1,
Census Tract,09001061400,White,09/2020,0,1.5,2,
Census Tract,09001061400,White,10/2020,0,1,1,
Census Tract,09001061400,White,11/2020,1,1.5,0.667,
Census Tract,09001061400,White,12/2020,0,1,0,
Census Tract,09001061400,White,01/2021,0,0.5,1,
Census Tract,09001061400,White,02/2021,1,0.5,0.667,
Census Tract,09001061400,White,03/2021,1,0,1,
Census Tract,09001061400,White,04/2021,0,1,0.667,
Census Tract,09001061400,White,05/2021,1,0.5,1,
Census Tract,09001061400,White,06/2021,1,2,1.333,
Census Tract,09001061400,White,07/2021,0,0.5,0.667,
Census Tract,09001061400,White,08/2021,0,1.5,1,
Census Tract,09001061400,White,09/2021,0,1.5,2,
Census Tract,09001061400,White,10/2021,2,1,1,
Census Tract,09001061400,White,11/2021,2,1.5,0.667,
Census Tract,09001061400,White,12/2021,2,1,0,
Census Tract,09001061400,White,01/2022,0,0.5,1,
Census Tract,09001061400,White,02/2022,0,0.5,0.667,
Census Tract,09001061400,White,03/2022,2,0,1,
Census Tract,09001061400,White,04/2022,1,1,0.667,
Census Tract,09001061400,White,05/2022,0,0.5,1,
Census Tract,09001061400,White,06/2022,1,2,1.333,
Census Tract,09001061400,White,07/2022,1,0.5,0.667,
Census Tract,09001061400,White,08/2022,3,1.5,1,
Census Tract,09001061400,White,09/2022,1,1.5,2,
Census Tract,09001061400,White,10/2022,0,1,1,
Census Tract,09001061400,White,11/2022,2,1.5,0.667,
Census Tract,09001061400,White,12/2022,0,1,0,
Census Tract,09001061400,White,01/2023,0,0.5,1,
Census Tract,09001061400,White,02/2023,1,0.5,0.667,
Census Tract,09001061400,White,03/2023,0,0,1,
Census Tract,09001061400,White,04/2023,1,1,0.667,
Census Tract,09001061400,White,05/2023,1,0.5,1,
Census Tract,09001061400,White,06/2023,3,2,1.333,
Census Tract,09001061400,White,07/2023,0,0.5,0.667,
Census Tract,09001061400,White,08/2023,2,1.5,1,
Census Tract,09001061400,White,09/2023,2,1.5,2,
Census Tract,09001061400,White,10/2023,1,1,1,
Census Tract,09001061400,White,11/2023,2,1.5,0.667,
Census Tract,09001061400,White,12/2023,0,1,0,
Census Tract,09001061400,White,01/2024,1,0.5,1,
Census Tract,09001061400,White,02/2024,0,0.5,0.667,
Census Tract,09001061400,White,03/2024,0,0,1,
Census Tract,09001061400,White,04/2024,1,1,0.667,
Census Tract,09001061400,White,05/2024,0,0.5,1,
Census Tract,09001061400,White,06/2024,1,2,1.333,
Census Tract,09001061400,White,07/2024,1,0.5,0.667,
Census Tract,09001061400,White,08/2024,1,1.5,1,
Census Tract,09001061400,White,09/2024,1,1.5,2,
Census Tract,09001061400,White,10/2024,1,1,1,
Census Tract,09001061400,White,11/2024,1,1.5,0.667,
Census Tract,09001061400,White,12/2024,2,1,0,
Census Tract,09001061400,White,01/2025,1,0.5,1,
Census Tract,09001061400,White,02/2025,1,0.5,0.667,
Census Tract,09001061400,White,03/2025,2,0,1,
Census Tract,09001061400,White,04/2025,0,1,0.667,
Census Tract,09001061400,White,05/2025,0,0.5,1,
Census Tract,09001061400,White,06/2025,0,2,1.333,
Census Tract,09001061400,White,07/2025,1,0.5,0.667,
Census Tract,09001061400,White,08/2025,0,1.5,1,
Census Tract,09001061400,White,09/2025,1,1.5,2,
Census Tract,09001061400,White,10/2025,0,0,0,2025-10-04
Census Tract,09001061500,White,01/2020,0,1.5,0.667,
Census Tract,09001061500,White,02/2020,0,0,0,
Census Tract,09001061500,White,03/2020,1,0,0.333,
Census Tract,09001061500,White,04/2020,0,0.5,0.333,
Census Tract,09001061500,White,05/2020,0,0,0.667,
Census Tract,09001061500,White,06/2020,0,0.5,0.667,
Census Tract,09001061500,White,07/2020,0,0.5,1.667,
Census Tract,09001061500,White,08/2020,0,0.5,0.667,
Census Tract,09001061500,White,09/2020,0,0,0.333,
Census Tract,09001061500,White,10/2020,0,0,0.667,
Census Tract,09001061500,White,11/2020,1,0,0.333,
Census Tract,09001061500,White,12/2020,0,0.5,1,
Census Tract,09001061500,White,01/2021,0,1.5,0.667,
Census Tract,09001061500,White,02/2021,0,0,0,
Census Tract,09001061500,White,03/2021,1,0,0.333,
Census Tract,09001061500,White,04/2021,1,0.5,0.333,
Census Tract,09001061500,White,05/2021,0,0,0.667,
Census Tract,09001061500,White,06/2021,0,0.5,0.667,
Census Tract,09001061500,White,07/2021,0,0.5,1.667,
Census Tract,09001061500,White,08/2021,1,0.5,0.667,
Census Tract,09001061500,White,09/2021,0,0,0.333,
Census Tract,09001061500,White,10/2021,0,0,0.667,
Census Tract,09001061500,White,11/2021,0,0,0.333,
Census Tract,09001061500,White,12/2021,0,0.5,1,
Census Tract,09001061500,White,01/2022,0,1.5,0.667,
Census Tract,09001061500,White,02/2022,0,0,0,
Census Tract,09001061500,White,03/2022,2,0,0.333,
Census Tract,09001061500,White,04/2022,0,0.5,0.333,
Census Tract,09001061500,White,05/2022,1,0,0.667,
Census Tract,09001061500,White,06/2022,0,0.5,0.667,
Census Tract,09001061500,White,07/2022,0,0.5,1.667,
Census Tract,09001061500,White,08/2022,1,0.5,0.667,
Census Tract,09001061500,White,09/2022,1,0,0.333,
Census Tract,09001061500,White,10/2022,0,0,0.667,
Census Tract,09001061500,White,11/2022,0,0,0.333,
Census Tract,09001061500,White,12/2022,0,0.5,1,
Census Tract,09001061500,White,01/2023,2,1.5,0.667,
Census Tract,09001061500,White,02/2023,0,0,0,
Census Tract,09001061500,White,03/2023,0,0,0.333,
Census Tract,09001061500,White,04/2023,0,0.5,0.333,
Census Tract,09001061500,White,05/2023,0,0,0.667,
Census Tract,09001061500,White,06/2023,0,0.5,0.667,
Census Tract,09001061500,White,07/2023,0,0.5,1.667,
Census Tract,09001061500,White,08/2023,0,0.5,0.667,
Census Tract,09001061500,White,09/2023,0,0,0.333,
Census Tract,09001061500,White,10/2023,0,0,0.667,
Census Tract,09001061500,White,11/2023,0,0,0.333,
Census Tract,09001061500,White,12/2023,0,0.5,1,
Census Tract,09001061500,White,01/2024,1,1.5,0.667,
Census Tract,09001061500,White,02/2024,0,0,0,
Census Tract,09001061500,White,03/2024,0,0,0.333,
Census Tract,09001061500,White,04/2024,1,0.5,0.333,
Census Tract,09001061500,White,05/2024,0,0,0.667,
Census Tract,09001061500,White,06/2024,1,0.5,0.667,
Census Tract,09001061500,White,07/2024,1,0.5,1.667,
Census Tract,09001061500,White,08/2024,1,0.5,0.667,
Census Tract,09001061500,White,09/2024,0,0,0.333,
Census Tract,09001061500,White,10/2024,0,0,0.667,
Census Tract,09001061500,White,11/2024,0,0,0.333,
Census Tract,09001061500,White,12/2024,1,0.5,1,
Census Tract,09001061500,White,01/2025,0,1.5,0.667,
Census Tract,09001061500,White,02/2025,0,0,0,
Census Tract,09001061500,White,03/2025,1,0,0.333,
Census Tract,09001061500,White,04/2025,0,0.5,0.333,
Census Tract,09001061500,White,05/2025,0,0,0.667,
Census Tract,09001061500,White,06/2025,1,0.5,0.667,
Census Tract,09001061500,White,07/2025,4,0.5,1.667,
Census Tract,09001061500,White,08/2025,0,0.5,0.667,
Census Tract,09001061500,White,09/2025,0,0,0.333,
Census Tract,09001061500,White,10/2025,0,0,0.333,2025-10-04
Census Tract,09001061600,White,01/2020,2,0.5,0,
Census Tract,09001061600,White,02/2020,0,0,1.667,
Census Tract,09001061600,White,03/2020,0,0,1,
Census Tract,09001061600,White,04/2020,0,0,0,
Census Tract,09001061600,White,05/2020,0,0,1.333,
Census Tract,09001061600,White,06/2020,0,0,1,
Census Tract,09001061600,White,07/2020,0,1,0,
Census Tract,09001061600,White,08/2020,1,0,0,
Census Tract,09001061600,White,09/2020,1,0,0.333,
Census Tract,09001061600,White,10/2020,0,0,0.333,
Census Tract,09001061600,White,11/2020,0,1.5,0.333,
Census Tract,09001061600,White,12/2020,1,1,0.667,
Census Tract,09001061600,White,01/2021,0,0.5,0,
Census Tract,09001061600,White,02/2021,0,0,1.667,
Census Tract,09001061600,White,03/2021,0,0,1,
Census Tract,09001061600,White,04/2021,1,0,0,
Census Tract,09001061600,White,05/2021,0,0,1.333,
Census Tract,09001061600,White,06/2021,0,0,1,
Census Tract,09001061600,White,07/2021,0,1,0,
Census Tract,09001061600,White,08/2021,0,0,0,
Census Tract,09001061600,White,09/2021,1,0,0.333,
Census Tract,09001061600,White,10/2021,0,0,0.333,
Census Tract,09001061600,White,11/2021,0,1.5,0.333,
Census Tract,09001061600,White,12/2021,1,1,0.667,
Census Tract,09001061600,White,01/2022,0,0.5,0,
Census Tract,09001061600,White,02/2022,0,0,1.667,
Census Tract,09001061600,White,03/2022,0,0,1,
Census Tract,09001061600,White,04/2022,0,0,0,
Census Tract,09001061600,White,05/2022,1,0,1.333,
Census Tract,09001061600,White,06/2022,1,0,1,
Census Tract,09001061600,White,07/2022,1,1,0,
Census Tract,09001061600,White,08/2022,2,0,0,
Census Tract,09001061600,White,09/2022,3,0,0.333,
Census Tract,09001061600,White,10/2022,0,0,0.333,
Census Tract,09001061600,White,11/2022,2,1.5,0.333,
Census Tract,09001061600,White,12/2022,1,1,0.667,
Census Tract,09001061600,White,01/2023,1,0.5,0,
Census Tract,09001061600,White,02/2023,0,0,1.667,
Census Tract,09001061600,White,03/2023,0,0,1,
Census Tract,09001061600,White,04/2023,0,0,0,
Census Tract,09001061600,White,05/2023,0,0,1.333,
Census Tract,09001061600,White,06/2023,0,0,1,
Census Tract,09001061600,White,07/2023,1,1,0,
Census Tract,09001061600,White,08/2023,0,0,0,
Census Tract,09001061600,White,09/2023,0,0,0.333,
Census Tract,09001061600,White,10/2023,0,0,0.333,
Census Tract,09001061600,White,11/2023,2,1.5,0.333,
Census Tract,09001061600,White,12/2023,2,1,0.667,
Census Tract,09001061600,White,01/2024,0,0.5,0,
Census Tract,09001061600,White,02/2024,0,0,1.667,
Census Tract,09001061600,White,03/2024,0,0,1,
Census Tract,09001061600,White,04/2024,0,0,0,
Census Tract,09001061600,White,05/2024,0,0,1.333,
Census Tract,09001061600,White,06/2024,0,0,1,
Census Tract,09001061600,White,07/2024,1,1,0,
Census Tract,09001061600,White,08/2024,0,0,0,
Census Tract,09001061600,White,09/2024,0,0,0.333,
Census Tract,09001061600,White,10/2024,0,0,0.333,
Census Tract,09001061600,White,11/2024,1,1.5,0.333,
Census Tract,09001061600,White,12/2024,0,1,0.667,
Census Tract,09001061600,White,01/2025,1,0.5,0,
Census Tract,09001061600,White,02/2025,1,0,1.667,
Census Tract,09001061600,White,03/2025,1,0,1,
Census Tract,09001061600,White,04/2025,0,0,0,
Census Tract,09001061600,White,05/2025,1,0,1.333,
Census Tract,09001061600,White,06/2025,0,0,1,
Census Tract,09001061600,White,07/2025,0,1,0,
Census Tract,09001061600,White,08/2025,0,0,0,
Census Tract,09001061600,White,09/2025,0,0,0.333,
Census Tract,09001061600,White,10/2025,0,0,0,2025-10-04
Census Tract,09001070100,White,01/2020,2,3.5,2.667,
Census Tract,09001070100,White,02/2020,3,2.5,1.667,
Census Tract,09001070100,White,03/2020,2,2,2,
Census Tract,09001070100,White,04/2020,1,1.5,1.333,
Census Tract,09001070100,White,05/2020,0,2.5,1,
Census Tract,09001070100,White,06/2020,2,1.5,4.333,
Census Tract,09001070100,White,07/2020,1,1.5,3,
Census Tract,09001070100,White,08/2020,1,2,2,
Census Tract,09001070100,White,09/2020,0,2.5,1.667,
Census Tract,09001070100,White,10/2020,2,4.5,4,
Census Tract,09001070100,White,11/2020,0,0,3,
Census Tract,09001070100,White,12/2020,0,3,2.667,
Census Tract,09001070100,White,01/2021,1,3.5,2.667,
Census Tract,09001070100,White,02/2021,0,2.5,1.667,
Census Tract,09001070100,White,03/2021,1,2,2,
Census Tract,09001070100,White,04/2021,3,1.5,1.333,
Census Tract,09001070100,White,05/2021,0,2.5,1,
Census Tract,09001070100,White,06/2021,0,1.5,4.333,
Census Tract,09001070100,White,07/2021,2,1.5,3,
Census Tract,09001070100,White,08/2021,1,2,2,
Census Tract,09001070100,White,09/2021,2,2.5,1.667,
Census Tract,09001070100,White,10/2021,0,4.5,4,
Census Tract,09001070100,White,11/2021,2,0,3,
Census Tract,09001070100,White,12/2021,2,3,2.667,
Census Tract,09001070100,White,01/2022,3,3.5,2.667,
Census Tract,09001070100,White,02/2022,1,2.5,1.667,
Census Tract,09001070100,White,03/2022,5,2,2,
Census Tract,09001070100,White,04/2022,6,1.5,1.333,
Census Tract,09001070100,White,05/2022,3,2.5,1,
Census Tract,09001070100,White,06/2022,5,1.5,4.333,
Census Tract,09001070100,White,07/2022,6,1.5,3,
Census Tract,09001070100,White,08/2022,4,2,2,
Census Tract,09001070100,White,09/2022,5,2.5,1.667,
Census Tract,09001070100,White,10/2022,3,4.5,4,
Census Tract,09001070100,White,11/2022,4,0,3,
Census Tract,09001070100,White,12/2022,4,3,2.667,
Census Tract,09001070100,White,01/2023,3,3.5,2.667,
Census Tract,09001070100,White,02/2023,3,2.5,1.667,
Census Tract,09001070100,White,03/2023,1,2,2,
Census Tract,09001070100,White,04/2023,2,1.5,1.333,
Census Tract,09001070100,White,05/2023,4,2.5,1,
Census Tract,09001070100,White,06/2023,2,1.5,4.333,
Census Tract,09001070100,White,07/2023,1,1.5,3,
Census Tract,09001070100,White,08/2023,3,2,2,
Census Tract,09001070100,White,09/2023,3,2.5,1.667,
Census Tract,09001070100,White,10/2023,6,4.5,4,
Census Tract,09001070100,White,11/2023,0,0,3,
Census Tract,09001070100,White,12/2023,4,3,2.667,
Census Tract,09001070100,White,01/2024,4,3.5,2.667,
Census Tract,09001070100,White,02/2024,2,2.5,1.667,
Census Tract,09001070100,White,03/2024,3,2,2,
Census Tract,09001070100,White,04/2024,1,1.5,1.333,
Census Tract,09001070100,White,05/2024,1,2.5,1,
Census Tract,09001070100,White,06/2024,1,1.5,4.333,
Census Tract,09001070100,White,07/2024,2,1.5,3,
Census Tract,09001070100,White,08/2024,1,2,2,
Census Tract,09001070100,White,09/2024,2,2.5,1.667,
Census Tract,09001070100,White,10/2024,3,4.5,4,
Census Tract,09001070100,White,11/2024,0,0,3,
Census Tract,09001070100,White,12/2024,2,3,2.667,
Census Tract,09001070100,White,01/2025,4,3.5,2.667,
Census Tract,09001070100,White,02/2025,1,2.5,1.667,
Census Tract,09001070100,White,03/2025,1,2,2,
Census Tract,09001070100,White,04/2025,1,1.5,1.333,
Census Tract,09001070100,White,05/2025,1,2.5,1,
Census Tract,09001070100,White,06/2025,0,1.5,4.333,
Census Tract,09001070100,White,07/2025,3,1.5,3,
Census Tract,09001070100,White,08/2025,0,2,2,
Census Tract,09001070100,White,09/2025,2,2.5,1.667,
Census Tract,09001070100,White,10/2025,0,1,0,2025-10-04
Census Tract,09001070200,Other,01/2020,4,3.5,3.667,
Census Tract,09001070200,Other,02/2020,5,4.5,3.667,
Census Tract,09001070200,Other,03/2020,4,3.5,3.667,
Census Tract,09001070200,Other,04/2020,0,4,3,
Census Tract,09001070200,Other,05/2020,0,2,4.667,
Census Tract,09001070200,Other,06/2020,0,1,5.333,
Census Tract,09001070200,Other,07/2020,0,6.5,3.667,
Census Tract,09001070200,Other,08/2020,1,6,3,
Census Tract,09001070200,Other,09/2020,1,1.5,2.667,
Census Tract,09001070200,Other,10/2020,4,2.5,3.333,
Census Tract,09001070200,Other,11/2020,0,4.5,4,
Census Tract,09001070200,Other,12/2020,0,4,5.667,
Census Tract,09001070200,Other,01/2021,0,3.5,3.667,
Census Tract,09001070200,Other,02/2021,2,4.5,3.667,
Census Tract,09001070200,Other,03/2021,3,3.5,3.667,
Census Tract,09001070200,Other,04/2021,2,4,3,
Census Tract,09001070200,Other,05/2021,2,2,4.667,
Census Tract,09001070200,Other,06/2021,0,1,5.333,
Census Tract,09001070200,Other,07/2021,3,6.5,3.667,
Census Tract,09001070200,Other,08/2021,3,6,3,
Census Tract,09001070200,Other,09/2021,0,1.5,2.667,
Census Tract,09001070200,Other,10/2021,2,2.5,3.333,
Census Tract,09001070200,Other,11/2021,3,4.5,4,
Census Tract,09001070200,Other,12/2021,1,4,5.667,
Census Tract,09001070200,Other,01/2022,1,3.5,3.667,
Census Tract,09001070200,Other,02/2022,3,4.5,3.667,
Census Tract,09001070200,Other,03/2022,8,3.5,3.667,
Census Tract,09001070200,Other,04/2022,6,4,3,
Census Tract,09001070200,Other,05/2022,4,2,4.667,
Census Tract,09001070200,Other,06/2022,5,1,5.333,
Census Tract,09001070200,Other,07/2022,5,6.5,3.667,
Census Tract,09001070200,Other,08/2022,8,6,3,
Census Tract,09001070200,Other,09/2022,3,1.5,2.667,
Census Tract,09001070200,Other,10/2022,7,2.5,3.333,
Census Tract,09001070200,Other,11/2022,5,4.5,4,
Census Tract,09001070200,Other,12/2022,4,4,5.667,
Census Tract,09001070200,Other,01/2023,5,3.5,3.667,
Census Tract,09001070200,Other,02/2023,3,4.5,3.667,
Census Tract,09001070200,Other,03/2023,2,3.5,3.667,
Census Tract,09001070200,Other,04/2023,5,4,3,
Census Tract,09001070200,Other,05/2023,1,2,4.667,
Census Tract,09001070200,Other,06/2023,1,1,5.333,
Census Tract,09001070200,Other,07/2023,4,6.5,3.667,
Census Tract,09001070200,Other,08/2023,5,6,3,
Census Tract,09001070200,Other,09/2023,0,1.5,2.667,
Census Tract,09001070200,Other,10/2023,0,2.5,3.333,
Census Tract,09001070200,Other,11/2023,2,4.5,4,
Census Tract,09001070200,Other,12/2023,6,4,5.667,
Census Tract,09001070200,Other,01/2024,2,3.5,3.667,
Census Tract,09001070200,Other,02/2024,6,4.5,3.667,
Census Tract,09001070200,Other,03/2024,5,3.5,3.667,
Census Tract,09001070200,Other,04/2024,3,4,3,
Census Tract,09001070200,Other,05/2024,3,2,4.667,
Census Tract,09001070200,Other,06/2024,1,1,5.333,
Census Tract,09001070200,Other,07/2024,9,6.5,3.667,
Census Tract,09001070200,Other,08/2024,7,6,3,
Census Tract,09001070200,Other,09/2024,3,1.5,2.667,
Census Tract,09001070200,Other,10/2024,5,2.5,3.333,
Census Tract,09001070200,Other,11/2024,7,4.5,4,
Census Tract,09001070200,Other,12/2024,2,4,5.667,
Census Tract,09001070200,Other,01/2025,3,3.5,3.667,
Census Tract,09001070200,Other,02/2025,5,4.5,3.667,
Census Tract,09001070200,Other,03/2025,11,3.5,3.667,
Census Tract,09001070200,Other,04/2025,9,4,3,
Census Tract,09001070200,Other,05/2025,1,2,4.667,
Census Tract,09001070200,Other,06/2025,1,1,5.333,
Census Tract,09001070200,Other,07/2025,2,6.5,3.667,
Census Tract,09001070200,Other,08/2025,0,6,3,
Census Tract,09001070200,Other,09/2025,3,1.5,2.667,
Census Tract,09001070200,Other,10/2025,0,0,1,2025-10-04
Census Tract,09001070300,Hispanic,01/2020,0,0,6.667,
Census Tract,09001070300,Hispanic,02/2020,0,3,3,
Census Tract,09001070300,Hispanic,03/2020,4,2,3.667,
Census Tract,09001070300,Hispanic,04/2020,0,9,5,
Census Tract,09001070300,Hispanic,05/2020,0,11,2.333,
Census Tract,09001070300,Hispanic,06/2020,0,4.5,3.333,
Census Tract,09001070300,Hispanic,07/2020,0,4,4.667,
Census Tract,09001070300,Hispanic,08/2020,0,9.5,2,
Census Tract,09001070300,Hispanic,09/2020,1,2.5,6,
Census Tract,09001070300,Hispanic,10/2020,0,4,2.333,
Census Tract,09001070300,Hispanic,11/2020,0,6,4.333,
Census Tract,09001070300,Hispanic,12/2020,0,3,11.333,
Census Tract,09001070300,Hispanic,01/2021,0,0,6.667,
Census Tract,09001070300,Hispanic,02/2021,0,3,3,
Census Tract,09001070300,Hispanic,03/2021,2,2,3.667,
Census Tract,09001070300,Hispanic,04/2021,1,9,5,
Census Tract,09001070300,Hispanic,05/2021,0,11,2.333,
Census Tract,09001070300,Hispanic,06/2021,1,4.5,3.333,
Census Tract,09001070300,Hispanic,07/2021,0,4,4.667,
Census Tract,09001070300,Hispanic,08/2021,1,9.5,2,
Census Tract,09001070300,Hispanic,09/2021,0,2.5,6,
Census Tract,09001070300,Hispanic,10/2021,3,4,2.333,
Census Tract,09001070300,Hispanic,11/2021,0,6,4.333,
Census Tract,09001070300,Hispanic,12/2021,0,3,11.333,
Census Tract,09001070300,Hispanic,01/2022,2,0,6.667,
Census Tract,09001070300,Hispanic,02/2022,1,3,3,
Census Tract,09001070300,Hispanic,03/2022,2,2,3.667,
Census Tract,09001070300,Hispanic,04/2022,1,9,5,
Census Tract,09001070300,Hispanic,05/2022,6,11,2.333,
Census Tract,09001070300,Hispanic,06/2022,0,4.5,3.333,
Census Tract,09001070300,Hispanic,07/2022,4,4,4.667,
Census Tract,09001070300,Hispanic,08/2022,5,9.5,2,
Census Tract,09001070300,Hispanic,09/2022,0,2.5,6,
Census Tract,09001070300,Hispanic,10/2022,3,4,2.333,
Census Tract,09001070300,Hispanic,11/2022,24,6,4.333,
Census Tract,09001070300,Hispanic,12/2022,0,3,11.333,
Census Tract,09001070300,Hispanic,01/2023,0,0,6.667,
Census Tract,09001070300,Hispanic,02/2023,0,3,3,
Census Tract,09001070300,Hispanic,03/2023,2,2,3.667,
Census Tract,09001070300,Hispanic,04/2023,18,9,5,
Census Tract,09001070300,Hispanic,05/2023,17,11,2.333,
Census Tract,09001070300,Hispanic,06/2023,7,4.5,3.333,
Census Tract,09001070300,Hispanic,07/2023,1,4,4.667,
Census Tract,09001070300,Hispanic,08/2023,17,9.5,2,
Census Tract,09001070300,Hispanic,09/2023,5,2.5,6,
Census Tract,09001070300,Hispanic,10/2023,6,4,2.333,
Census Tract,09001070300,Hispanic,11/2023,0,6,4.333,
Census Tract,09001070300,Hispanic,12/2023,2,3,11.333,
Census Tract,09001070300,Hispanic,01/2024,0,0,6.667,
Census Tract,09001070300,Hispanic,02/2024,6,3,3,
Census Tract,09001070300,Hispanic,03/2024,2,2,3.667,
Census Tract,09001070300,Hispanic,04/2024,0,9,5,
Census Tract,09001070300,Hispanic,05/2024,5,11,2.333,
Census Tract,09001070300,Hispanic,06/2024,2,4.5,3.333,
Census Tract,09001070300,Hispanic,07/2024,7,4,4.667,
Census Tract,09001070300,Hispanic,08/2024,2,9.5,2,
Census Tract,09001070300,Hispanic,09/2024,0,2.5,6,
Census Tract,09001070300,Hispanic,10/2024,2,4,2.333,
Census Tract,09001070300,Hispanic,11/2024,12,6,4.333,
Census Tract,09001070300,Hispanic,12/2024,4,3,11.333,
Census Tract,09001070300,Hispanic,01/2025,3,0,6.667,
Census Tract,09001070300,Hispanic,02/2025,4,3,3,
Census Tract,09001070300,Hispanic,03/2025,2,2,3.667,
Census Tract,09001070300,Hispanic,04/2025,0,9,5,
Census Tract,09001070300,Hispanic,05/2025,0,11,2.333,
Census Tract,09001070300,Hispanic,06/2025,0,4.5,3.333,
Census Tract,09001070300,Hispanic,07/2025,3,4,4.667,
Census Tract,09001070300,Hispanic,08/2025,0,9.5,2,
Census Tract,09001070300,Hispanic,09/2025,1,2.5,6,
Census Tract,09001070300,Hispanic,10/2025,0,0,0,2025-10-04
Census Tract,09001070400,Other,01/2020,2,0.5,1.667,
Census Tract,09001070400,Other,02/2020,1,1.5,1.667,
Census Tract,09001070400,Other,03/2020,0,2,3.333,
Census Tract,09001070400,Other,04/2020,0,2,0.333,
Census Tract,09001070400,Other,05/2020,0,0.5,1.667,
Census Tract,09001070400,Other,06/2020,0,1,0.667,
Census Tract,09001070400,Other,07/2020,0,2.5,1.333,
Census Tract,09001070400,Other,08/2020,0,3,1.333,
Census Tract,09001070400,Other,09/2020,0,3.5,1.333,
Census Tract,09001070400,Other,10/2020,0,2,2,
Census Tract,09001070400,Other,11/2020,1,0.5,3,
Census Tract,09001070400,Other,12/2020,1,3,2.333,
Census Tract,09001070400,Other,01/2021,2,0.5,1.667,
Census Tract,09001070400,Other,02/2021,0,1.5,1.667,
Census Tract,09001070400,Other,03/2021,0,2,3.333,
Census Tract,09001070400,Other,04/2021,1,2,0.333,
Census Tract,09001070400,Other,05/2021,0,0.5,1.667,
Census Tract,09001070400,Other,06/2021,0,1,0.667,
Census Tract,09001070400,Other,07/2021,0,2.5,1.333,
Census Tract,09001070400,Other,08/2021,0,3,1.333,
Census Tract,09001070400,Other,09/2021,0,3.5,1.333,
Census Tract,09001070400,Other,10/2021,0,2,2,
Census Tract,09001070400,Other,11/2021,0,0.5,3,
Census Tract,09001070400,Other,12/2021,1,3,2.333,
Census Tract,09001070400,Other,01/2022,1,0.5,1.667,
Census Tract,09001070400,Other,02/2022,1,1.5,1.667,
Census Tract,09001070400,Other,03/2022,1,2,3.333,
Census Tract,09001070400,Other,04/2022,1,2,0.333,
Census Tract,09001070400,Other,05/2022,2,0.5,1.667,
Census Tract,09001070400,Other,06/2022,0,1,0.667,
Census Tract,09001070400,Other,07/2022,1,2.5,1.333,
Census Tract,09001070400,Other,08/2022,1,3,1.333,
Census Tract,09001070400,Other,09/2022,0,3.5,1.333,
Census Tract,09001070400,Other,10/2022,3,2,2,
Census Tract,09001070400,Other,11/2022,1,0.5,3,
Census Tract,09001070400,Other,12/2022,2,3,2.333,
Census Tract,09001070400,Other,01/2023,1,0.5,1.667,
Census Tract,09001070400,Other,02/2023,2,1.5,1.667,
Census Tract,09001070400,Other,03/2023,3,2,3.333,
Census Tract,09001070400,Other,04/2023,2,2,0.333,
Census Tract,09001070400,Other,05/2023,1,0.5,1.667,
Census Tract,09001070400,Other,06/2023,0,1,0.667,
Census Tract,09001070400,Other,07/2023,3,2.5,1.333,
Census Tract,09001070400,Other,08/2023,3,3,1.333,
Census Tract,09001070400,Other,09/2023,3,3.5,1.333,
Census Tract,09001070400,Other,10/2023,3,2,2,
Census Tract,09001070400,Other,11/2023,1,0.5,3,
Census Tract,09001070400,Other,12/2023,4,3,2.333,
Census Tract,09001070400,Other,01/2024,0,0.5,1.667,
Census Tract,09001070400,Other,02/2024,1,1.5,1.667,
Census Tract,09001070400,Other,03/2024,1,2,3.333,
Census Tract,09001070400,Other,04/2024,2,2,0.333,
Census Tract,09001070400,Other,05/2024,0,0.5,1.667,
Census Tract,09001070400,Other,06/2024,2,1,0.667,
Census Tract,09001070400,Other,07/2024,2,2.5,1.333,
Census Tract,09001070400,Other,08/2024,3,3,1.333,
Census Tract,09001070400,Other,09/2024,4,3.5,1.333,
Census Tract,09001070400,Other,10/2024,1,2,2,
Census Tract,09001070400,Other,11/2024,0,0.5,3,
Census Tract,09001070400,Other,12/2024,2,3,2.333,
Census Tract,09001070400,Other,01/2025,2,0.5,1.667,
Census Tract,09001070400,Other,02/2025,2,1.5,1.667,
Census Tract,09001070400,Other,03/2025,2,2,3.333,
Census Tract,09001070400,Other,04/2025,2,2,0.333,
Census Tract,09001070400,Other,05/2025,3,0.5,1.667,
Census Tract,09001070400,Other,06/2025,1,1,0.667,
Census Tract,09001070400,Other,07/2025,2,2.5,1.333,
Census Tract,09001070400,Other,08/2025,0,3,1.333,
Census Tract,09001070400,Other,09/2025,0,3.5,1.333,
Census Tract,09001070400,Other,10/2025,0,0,0.333,2025-10-04
Census Tract,09001070500,Other,01/2020,5,5.5,4.333,
Census Tract,09001070500,Other,02/2020,2,3,4,
Census Tract,09001070500,Other,03/2020,4,4.5,5,
Census Tract,09001070500,Other,04/2020,0,7,2.333,
Census Tract,09001070500,Other,05/2020,0,5.5,4.667,
Census Tract,09001070500,Other,06/2020,0,7,2.333,
Census Tract,09001070500,Other,07/2020,0,4.5,4,
Census Tract,09001070500,Other,08/2020,1,8.5,2,
Census Tract,09001070500,Other,09/2020,3,4,5,
Census Tract,09001070500,Other,10/2020,1,4.5,1,
Census Tract,09001070500,Other,11/2020,1,9,3.333,
Census Tract,09001070500,Other,12/2020,0,6.5,4.333,
Census Tract,09001070500,Other,01/2021,0,5.5,4.333,
Census Tract,09001070500,Other,02/2021,2,3,4,
Census Tract,09001070500,Other,03/2021,5,4.5,5,
Census Tract,09001070500,Other,04/2021,3,7,2.333,
Census Tract,09001070500,Other,05/2021,2,5.5,4.667,
Census Tract,09001070500,Other,06/2021,4,7,2.333,
Census Tract,09001070500,Other,07/2021,1,4.5,4,
Census Tract,09001070500,Other,08/2021,0,8.5,2,
Census Tract,09001070500,Other,09/2021,4,4,5,
Census Tract,09001070500,Other,10/2021,0,4.5,1,
Census Tract,09001070500,Other,11/2021,2,9,3.333,
Census Tract,09001070500,Other,12/2021,4,6.5,4.333,
Census Tract,09001070500,Other,01/2022,2,5.5,4.333,
Census Tract,09001070500,Other,02/2022,4,3,4,
Census Tract,09001070500,Other,03/2022,10,4.5,5,
Census Tract,09001070500,Other,04/2022,8,7,2.333,
Census Tract,09001070500,Other,05/2022,3,5.5,4.667,
Census Tract,09001070500,Other,06/2022,1,7,2.333,
Census Tract,09001070500,Other,07/2022,8,4.5,4,
Census Tract,09001070500,Other,08/2022,8,8.5,2,
Census Tract,09001070500,Other,09/2022,3,4,5,
Census Tract,09001070500,Other,10/2022,3,4.5,1,
Census Tract,09001070500,Other,11/2022,8,9,3.333,
Census Tract,09001070500,Other,12/2022,8,6.5,4.333,
Census Tract,09001070500,Other,01/2023,6,5.5,4.333,
Census Tract,09001070500,Other,02/2023,3,3,4,
Census Tract,09001070500,Other,03/2023,8,4.5,5,
Census Tract,09001070500,Other,04/2023,4,7,2.333,
Census Tract,09001070500,Other,05/2023,3,5.5,4.667,
Census Tract,09001070500,Other,06/2023,6,7,2.333,
Census Tract,09001070500,Other,07/2023,5,4.5,4,
Census Tract,09001070500,Other,08/2023,9,8.5,2,
Census Tract,09001070500,Other,09/2023,5,4,5,
Census Tract,09001070500,Other,10/2023,5,4.5,1,
Census Tract,09001070500,Other,11/2023,12,9,3.333,
Census Tract,09001070500,Other,12/2023,3,6.5,4.333,
Census Tract,09001070500,Other,01/2024,5,5.5,4.333,
Census Tract,09001070500,Other,02/2024,3,3,4,
Census Tract,09001070500,Other,03/2024,1,4.5,5,
Census Tract,09001070500,Other,04/2024,10,7,2.333,
Census Tract,09001070500,Other,05/2024,8,5.5,4.667,
Census Tract,09001070500,Other,06/2024,8,7,2.333,
Census Tract,09001070500,Other,07/2024,4,4.5,4,
Census Tract,09001070500,Other,08/2024,8,8.5,2,
Census Tract,09001070500,Other,09/2024,3,4,5,
Census Tract,09001070500,Other,10/2024,4,4.5,1,
Census Tract,09001070500,Other,11/2024,6,9,3.333,
Census Tract,09001070500,Other,12/2024,10,6.5,4.333,
Census Tract,09001070500,Other,01/2025,2,5.5,4.333,
Census Tract,09001070500,Other,02/2025,6,3,4,
Census Tract,09001070500,Other,03/2025,6,4.5,5,
Census Tract,09001070500,Other,04/2025,2,7,2.333,
Census Tract,09001070500,Other,05/2025,6,5.5,4.667,
Census Tract,09001070500,Other,06/2025,2,7,2.333,
Census Tract,09001070500,Other,07/2025,2,4.5,4,
Census Tract,09001070500,Other,08/2025,0,8.5,2,
Census Tract,09001070500,Other,09/2025,1,4,5,
Census Tract,09001070500,Other,10/2025,0,0.5,0,2025-10-04
Census Tract,09001070600,Other,01/2020,8,8,4.333,
Census Tract,09001070600,Other,02/2020,4,7.5,3.667,
Census Tract,09001070600,Other,03/2020,3,8.5,5,
Census Tract,09001070600,Other,04/2020,0,11,4,
Census Tract,09001070600,Other,05/2020,0,9.5,6,
Census Tract,09001070600,Other,06/2020,0,10.5,7,
Census Tract,09001070600,Other,07/2020,0,9.5,6,
Census Tract,09001070600,Other,08/2020,2,7,5.667,
Census Tract,09001070600,Other,09/2020,2,11.5,3.333,
Census Tract,09001070600,Other,10/2020,0,13.5,4.667,
Census Tract,09001070600,Other,11/2020,2,7.5,5.333,
Census Tract,09001070600,Other,12/2020,2,13.5,5,
Census Tract,09001070600,Other,01/2021,2,8,4.333,
Census Tract,09001070600,Other,02/2021,2,7.5,3.667,
Census Tract,09001070600,Other,03/2021,5,8.5,5,
Census Tract,09001070600,Other,04/2021,7,11,4,
Census Tract,09001070600,Other,05/2021,0,9.5,6,
Census Tract,09001070600,Other,06/2021,2,10.5,7,
Census Tract,09001070600,Other,07/2021,0,9.5,6,
Census Tract,09001070600,Other,08/2021,0,7,5.667,
Census Tract,09001070600,Other,09/2021,1,11.5,3.333,
Census Tract,09001070600,Other,10/2021,3,13.5,4.667,
Census Tract,09001070600,Other,11/2021,3,7.5,5.333,
Census Tract,09001070600,Other,12/2021,0,13.5,5,
Census Tract,09001070600,Other,01/2022,11,8,4.333,
Census Tract,09001070600,Other,02/2022,4,7.5,3.667,
Census Tract,09001070600,Other,03/2022,9,8.5,5,
Census Tract,09001070600,Other,04/2022,7,11,4,
Census Tract,09001070600,Other,05/2022,7,9.5,6,
Census Tract,09001070600,Other,06/2022,19,10.5,7,
Census Tract,09001070600,Other,07/2022,16,9.5,6,
Census Tract,09001070600,Other,08/2022,9,7,5.667,
Census Tract,09001070600,Other,09/2022,4,11.5,3.333,
Census Tract,09001070600,Other,10/2022,5,13.5,4.667,
Census Tract,09001070600,Other,11/2022,6,7.5,5.333,
Census Tract,09001070600,Other,12/2022,13,13.5,5,
Census Tract,09001070600,Other,01/2023,11,8,4.333,
Census Tract,09001070600,Other,02/2023,10,7.5,3.667,
Census Tract,09001070600,Other,03/2023,9,8.5,5,
Census Tract,09001070600,Other,04/2023,17,11,4,
Census Tract,09001070600,Other,05/2023,8,9.5,6,
Census Tract,09001070600,Other,06/2023,6,10.5,7,
Census Tract,09001070600,Other,07/2023,7,9.5,6,
Census Tract,09001070600,Other,08/2023,6,7,5.667,
Census Tract,09001070600,Other,09/2023,10,11.5,3.333,
Census Tract,09001070600,Other,10/2023,19,13.5,4.667,
Census Tract,09001070600,Other,11/2023,10,7.5,5.333,
Census Tract,09001070600,Other,12/2023,10,13.5,5,
Census Tract,09001070600,Other,01/2024,5,8,4.333,
Census Tract,09001070600,Other,02/2024,5,7.5,3.667,
Census Tract,09001070600,Other,03/2024,8,8.5,5,
Census Tract,09001070600,Other,04/2024,5,11,4,
Census Tract,09001070600,Other,05/2024,11,9.5,6,
Census Tract,09001070600,Other,06/2024,15,10.5,7,
Census Tract,09001070600,Other,07/2024,12,9.5,6,
Census Tract,09001070600,Other,08/2024,8,7,5.667,
Census Tract,09001070600,Other,09/2024,13,11.5,3.333,
Census Tract,09001070600,Other,10/2024,8,13.5,4.667,
Census Tract,09001070600,Other,11/2024,5,7.5,5.333,
Census Tract,09001070600,Other,12/2024,17,13.5,5,
Census Tract,09001070600,Other,01/2025,14,8,4.333,
Census Tract,09001070600,Other,02/2025,16,7.5,3.667,
Census Tract,09001070600,Other,03/2025,8,8.5,5,
Census Tract,09001070600,Other,04/2025,6,11,4,
Census Tract,09001070600,Other,05/2025,11,9.5,6,
Census Tract,09001070600,Other,06/2025,4,10.5,7,
Census Tract,09001070600,Other,07/2025,8,9.5,6,
Census Tract,09001070600,Other,08/2025,0,7,5.667,
Census Tract,09001070600,Other,09/2025,5,11.5,3.333,
Census Tract,09001070600,Other,10/2025,1,1,1,2025-10-04
Census Tract,09001070900,Hispanic,01/2020,7,7,3.333,
Census Tract,09001070900,Hispanic,02/2020,1,5.5,4.333,
Census Tract,09001070900,Hispanic,03/2020,1,2.5,3.333,
Census Tract,09001070900,Hispanic,04/2020,0,6,7,
Census Tract,09001070900,Hispanic,05/2020,0,2,2,
Census Tract,09001070900,Hispanic,06/2020,0,6,3.333,
Census Tract,09001070900,Hispanic,07/2020,1,3.5,7.333,
Census Tract,09001070900,Hispanic,08/2020,0,4.5,5.667,
Census Tract,09001070900,Hispanic,09/2020,2,4.5,4.333,
Census Tract,09001070900,Hispanic,10/2020,1,11.5,4.667,
Census Tract,09001070900,Hispanic,11/2020,1,6,6,
Census Tract,09001070900,Hispanic,12/2020,2,7,2.333,
Census Tract,09001070900,Hispanic,01/2021,0,7,3.333,
Census Tract,09001070900,Hispanic,02/2021,3,5.5,4.333,
Census Tract,09001070900,Hispanic,03/2021,0,2.5,3.333,
Census Tract,09001070900,Hispanic,04/2021,4,6,7,
Census Tract,09001070900,Hispanic,05/2021,2,2,2,
Census Tract,09001070900,Hispanic,06/2021,1,6,3.333,
Census Tract,09001070900,Hispanic,07/2021,4,3.5,7.333,
Census Tract,09001070900,Hispanic,08/2021,2,4.5,5.667,
Census Tract,09001070900,Hispanic,09/2021,2,4.5,4.333,
Census Tract,09001070900,Hispanic,10/2021,1,11.5,4.667,
Census Tract,09001070900,Hispanic,11/2021,4,6,6,
Census Tract,09001070900,Hispanic,12/2021,7,7,2.333,
Census Tract,09001070900,Hispanic,01/2022,8,7,3.333,
Census Tract,09001070900,Hispanic,02/2022,1,5.5,4.333,
Census Tract,09001070900,Hispanic,03/2022,7,2.5,3.333,
Census Tract,09001070900,Hispanic,04/2022,5,6,7,
Census Tract,09001070900,Hispanic,05/2022,7,2,2,
Census Tract,09001070900,Hispanic,06/2022,3,6,3.333,
Census Tract,09001070900,Hispanic,07/2022,5,3.5,7.333,
Census Tract,09001070900,Hispanic,08/2022,3,4.5,5.667,
Census Tract,09001070900,Hispanic,09/2022,6,4.5,4.333,
Census Tract,09001070900,Hispanic,10/2022,5,11.5,4.667,
Census Tract,09001070900,Hispanic,11/2022,3,6,6,
Census Tract,09001070900,Hispanic,12/2022,5,7,2.333,
Census Tract,09001070900,Hispanic,01/2023,6,7,3.333,
Census Tract,09001070900,Hispanic,02/2023,6,5.5,4.333,
Census Tract,09001070900,Hispanic,03/2023,4,2.5,3.333,
Census Tract,09001070900,Hispanic,04/2023,6,6,7,
Census Tract,09001070900,Hispanic,05/2023,1,2,2,
Census Tract,09001070900,Hispanic,06/2023,6,6,3.333,
Census Tract,09001070900,Hispanic,07/2023,3,3.5,7.333,
Census Tract,09001070900,Hispanic,08/2023,4,4.5,5.667,
Census Tract,09001070900,Hispanic,09/2023,3,4.5,4.333,
Census Tract,09001070900,Hispanic,10/2023,17,11.5,4.667,
Census Tract,09001070900,Hispanic,11/2023,6,6,6,
Census Tract,09001070900,Hispanic,12/2023,3,7,2.333,
Census Tract,09001070900,Hispanic,01/2024,8,7,3.333,
Census Tract,09001070900,Hispanic,02/2024,5,5.5,4.333,
Census Tract,09001070900,Hispanic,03/2024,1,2.5,3.333,
Census Tract,09001070900,Hispanic,04/2024,6,6,7,
Census Tract,09001070900,Hispanic,05/2024,3,2,2,
Census Tract,09001070900,Hispanic,06/2024,6,6,3.333,
Census Tract,09001070900,Hispanic,07/2024,4,3.5,7.333,
Census Tract,09001070900,Hispanic,08/2024,5,4.5,5.667,
Census Tract,09001070900,Hispanic,09/2024,6,4.5,4.333,
Census Tract,09001070900,Hispanic,10/2024,6,11.5,4.667,
Census Tract,09001070900,Hispanic,11/2024,6,6,6,
Census Tract,09001070900,Hispanic,12/2024,11,7,2.333,
Census Tract,09001070900,Hispanic,01/2025,5,7,3.333,
Census Tract,09001070900,Hispanic,02/2025,3,5.5,4.333,
Census Tract,09001070900,Hispanic,03/2025,3,2.5,3.333,
Census Tract,09001070900,Hispanic,04/2025,2,6,7,
Census Tract,09001070900,Hispanic,05/2025,1,2,2,
Census Tract,09001070900,Hispanic,06/2025,0,6,3.333,
Census Tract,09001070900,Hispanic,07/2025,2,3.5,7.333,
Census Tract,09001070900,Hispanic,08/2025,0,4.5,5.667,
Census Tract,09001070900,Hispanic,09/2025,6,4.5,4.333,
Census Tract,09001070900,Hispanic,10/2025,1,0.5,0.333,2025-10-04
Census Tract,09001071000,Hispanic,01/2020,3,7,3.667,
Census Tract,09001071000,Hispanic,02/2020,5,5,3,
Census Tract,09001071000,Hispanic,03/2020,2,3.5,5,
Census Tract,09001071000,Hispanic,04/2020,1,3,4,
Census Tract,09001071000,Hispanic,05/2020,0,1.5,7,
Census Tract,09001071000,Hispanic,06/2020,0,4.5,5,
Census Tract,09001071000,Hispanic,07/2020,0,3.5,4,
Census Tract,09001071000,Hispanic,08/2020,0,3.5,5,
Census Tract,09001071000,Hispanic,09/2020,0,4.5,4,
Census Tract,09001071000,Hispanic,10/2020,0,5.5,9,
Census Tract,09001071000,Hispanic,11/2020,1,3,3,
Census Tract,09001071000,Hispanic,12/2020,5,2.5,4,
Census Tract,09001071000,Hispanic,01/2021,1,7,3.667,
Census Tract,09001071000,Hispanic,02/2021,4,5,3,
Census Tract,09001071000,Hispanic,03/2021,1,3.5,5,
Census Tract,09001071000,Hispanic,04/2021,1,3,4,
Census Tract,09001071000,Hispanic,05/2021,1,1.5,7,
Census Tract,09001071000,Hispanic,06/2021,0,4.5,5,
Census Tract,09001071000,Hispanic,07/2021,2,3.5,4,
Census Tract,09001071000,Hispanic,08/2021,0,3.5,5,
Census Tract,09001071000,Hispanic,09/2021,2,4.5,4,
Census Tract,09001071000,Hispanic,10/2021,2,5.5,9,
Census Tract,09001071000,Hispanic,11/2021,7,3,3,
Census Tract,09001071000,Hispanic,12/2021,2,2.5,4,
Census Tract,09001071000,Hispanic,01/2022,2,7,3.667,
Census Tract,09001071000,Hispanic,02/2022,3,5,3,
Census Tract,09001071000,Hispanic,03/2022,5,3.5,5,
Census Tract,09001071000,Hispanic,04/2022,1,3,4,
Census Tract,09001071000,Hispanic,05/2022,3,1.5,7,
Census Tract,09001071000,Hispanic,06/2022,3,4.5,5,
Census Tract,09001071000,Hispanic,07/2022,3,3.5,4,
Census Tract,09001071000,Hispanic,08/2022,1,3.5,5,
Census Tract,09001071000,Hispanic,09/2022,6,4.5,4,
Census Tract,09001071000,Hispanic,10/2022,5,5.5,9,
Census Tract,09001071000,Hispanic,11/2022,7,3,3,
Census Tract,09001071000,Hispanic,12/2022,6,2.5,4,
Census Tract,09001071000,Hispanic,01/2023,7,7,3.667,
Census Tract,09001071000,Hispanic,02/2023,6,5,3,
Census Tract,09001071000,Hispanic,03/2023,3,3.5,5,
Census Tract,09001071000,Hispanic,04/2023,3,3,4,
Census Tract,09001071000,Hispanic,05/2023,1,1.5,7,
Census Tract,09001071000,Hispanic,06/2023,7,4.5,5,
Census Tract,09001071000,Hispanic,07/2023,2,3.5,4,
Census Tract,09001071000,Hispanic,08/2023,3,3.5,5,
Census Tract,09001071000,Hispanic,09/2023,5,4.5,4,
Census Tract,09001071000,Hispanic,10/2023,6,5.5,9,
Census Tract,09001071000,Hispanic,11/2023,5,3,3,
Census Tract,09001071000,Hispanic,12/2023,2,2.5,4,
Census Tract,09001071000,Hispanic,01/2024,7,7,3.667,
Census Tract,09001071000,Hispanic,02/2024,4,5,3,
Census Tract,09001071000,Hispanic,03/2024,4,3.5,5,
Census Tract,09001071000,Hispanic,04/2024,3,3,4,
Census Tract,09001071000,Hispanic,05/2024,2,1.5,7,
Census Tract,09001071000,Hispanic,06/2024,2,4.5,5,
Census Tract,09001071000,Hispanic,07/2024,5,3.5,4,
Census Tract,09001071000,Hispanic,08/2024,4,3.5,5,
Census Tract,09001071000,Hispanic,09/2024,4,4.5,4,
Census Tract,09001071000,Hispanic,10/2024,5,5.5,9,
Census Tract,09001071000,Hispanic,11/2024,1,3,3,
Census Tract,09001071000,Hispanic,12/2024,3,2.5,4,
Census Tract,09001071000,Hispanic,01/2025,2,7,3.667,
Census Tract,09001071000,Hispanic,02/2025,7,5,3,
Census Tract,09001071000,Hispanic,03/2025,1,3.5,5,
Census Tract,09001071000,Hispanic,04/2025,2,3,4,
Census Tract,09001071000,Hispanic,05/2025,6,1.5,7,
Census Tract,09001071000,Hispanic,06/2025,5,4.5,5,
Census Tract,09001071000,Hispanic,07/2025,3,3.5,4,
Census Tract,09001071000,Hispanic,08/2025,0,3.5,5,
Census Tract,09001071000,Hispanic,09/2025,2,4.5,4,
Census Tract,09001071000,Hispanic,10/2025,0,1,0.667,2025-10-04
Census Tract,09001071100,Hispanic,01/2020,2,6,6,
Census Tract,09001071100,Hispanic,02/2020,6,4.5,4.667,
Census Tract,09001071100,Hispanic,03/2020,7,9.5,1.667,
Census Tract,09001071100,Hispanic,04/2020,0,4.5,3.667,
Census Tract,09001071100,Hispanic,05/2020,0,3.5,6.667,
Census Tract,09001071100,Hispanic,06/2020,0,8,5,
Census Tract,09001071100,Hispanic,07/2020,0,5,7.333,
Census Tract,09001071100,Hispanic,08/2020,1,4.5,5.667,
Census Tract,09001071100,Hispanic,09/2020,0,5.5,3.667,
Census Tract,09001071100,Hispanic,10/2020,3,5.5,6.333,
Census Tract,09001071100,Hispanic,11/2020,2,4.5,3.667,
Census Tract,09001071100,Hispanic,12/2020,1,4.5,5,
Census Tract,09001071100,Hispanic,01/2021,2,6,6,
Census Tract,09001071100,Hispanic,02/2021,0,4.5,4.667,
Census Tract,09001071100,Hispanic,03/2021,0,9.5,1.667,
Census Tract,09001071100,Hispanic,04/2021,2,4.5,3.667,
Census Tract,09001071100,Hispanic,05/2021,3,3.5,6.667,
Census Tract,09001071100,Hispanic,06/2021,2,8,5,
Census Tract,09001071100,Hispanic,07/2021,1,5,7.333,
Census Tract,09001071100,Hispanic,08/2021,3,4.5,5.667,
Census Tract,09001071100,Hispanic,09/2021,2,5.5,3.667,
Census Tract,09001071100,Hispanic,10/2021,3,5.5,6.333,
Census Tract,09001071100,Hispanic,11/2021,4,4.5,3.667,
Census Tract,09001071100,Hispanic,12/2021,2,4.5,5,
Census Tract,09001071100,Hispanic,01/2022,6,6,6,
Census Tract,09001071100,Hispanic,02/2022,3,4.5,4.667,
Census Tract,09001071100,Hispanic,03/2022,4,9.5,1.667,
Census Tract,09001071100,Hispanic,04/2022,12,4.5,3.667,
Census Tract,09001071100,Hispanic,05/2022,5,3.5,6.667,
Census Tract,09001071100,Hispanic,06/2022,12,8,5,
Census Tract,09001071100,Hispanic,07/2022,6,5,7.333,
Census Tract,09001071100,Hispanic,08/2022,6,4.5,5.667,
Census Tract,09001071100,Hispanic,09/2022,5,5.5,3.667,
Census Tract,09001071100,Hispanic,10/2022,7,5.5,6.333,
Census Tract,09001071100,Hispanic,11/2022,5,4.5,3.667,
Census Tract,09001071100,Hispanic,12/2022,6,4.5,5,
Census Tract,09001071100,Hispanic,01/2023,6,6,6,
Census Tract,09001071100,Hispanic,02/2023,3,4.5,4.667,
Census Tract,09001071100,Hispanic,03/2023,8,9.5,1.667,
Census Tract,09001071100,Hispanic,04/2023,5,4.5,3.667,
Census Tract,09001071100,Hispanic,05/2023,3,3.5,6.667,
Census Tract,09001071100,Hispanic,06/2023,10,8,5,
Census Tract,09001071100,Hispanic,07/2023,5,5,7.333,
Census Tract,09001071100,Hispanic,08/2023,4,4.5,5.667,
Census Tract,09001071100,Hispanic,09/2023,4,5.5,3.667,
Census Tract,09001071100,Hispanic,10/2023,8,5.5,6.333,
Census Tract,09001071100,Hispanic,11/2023,6,4.5,3.667,
Census Tract,09001071100,Hispanic,12/2023,6,4.5,5,
Census Tract,09001071100,Hispanic,01/2024,6,6,6,
Census Tract,09001071100,Hispanic,02/2024,6,4.5,4.667,
Census Tract,09001071100,Hispanic,03/2024,11,9.5,1.667,
Census Tract,09001071100,Hispanic,04/2024,4,4.5,3.667,
Census Tract,09001071100,Hispanic,05/2024,4,3.5,6.667,
Census Tract,09001071100,Hispanic,06/2024,6,8,5,
Census Tract,09001071100,Hispanic,07/2024,5,5,7.333,
Census Tract,09001071100,Hispanic,08/2024,5,4.5,5.667,
Census Tract,09001071100,Hispanic,09/2024,7,5.5,3.667,
Census Tract,09001071100,Hispanic,10/2024,3,5.5,6.333,
Census Tract,09001071100,Hispanic,11/2024,3,4.5,3.667,
Census Tract,09001071100,Hispanic,12/2024,3,4.5,5,
Census Tract,09001071100,Hispanic,01/2025,5,6,6,
Census Tract,09001071100,Hispanic,02/2025,3,4.5,4.667,
Census Tract,09001071100,Hispanic,03/2025,6,9.5,1.667,
Census Tract,09001071100,Hispanic,04/2025,8,4.5,3.667,
Census Tract,09001071100,Hispanic,05/2025,5,3.5,6.667,
Census Tract,09001071100,Hispanic,06/2025,7,8,5,
Census Tract,09001071100,Hispanic,07/2025,3,5,7.333,
Census Tract,09001071100,Hispanic,08/2025,0,4.5,5.667,
Census Tract,09001071100,Hispanic,09/2025,4,5.5,3.667,
Census Tract,09001071100,Hispanic,10/2025,0,1,1.667,2025-10-04
Census Tract,09001071200,Other,01/2020,6,11.5,9.667,
Census Tract,09001071200,Other,02/2020,9,12.5,10.333,
Census Tract,09001071200,Other,03/2020,5,8,9.667,
Census Tract,09001071200,Other,04/2020,0,6,10,
Census Tract,09001071200,Other,05/2020,1,6.5,10.333,
Census Tract,09001071200,Other,06/2020,0,12.5,7,
Census Tract,09001071200,Other,07/2020,0,10.5,11,
Census Tract,09001071200,Other,08/2020,0,10,10.667,
Census Tract,09001071200,Other,09/2020,2,10,9.333,
Census Tract,09001071200,Other,10/2020,0,11,9.667,
Census Tract,09001071200,Other,11/2020,5,15,9,
Census Tract,09001071200,Other,12/2020,0,7.5,9.667,
Census Tract,09001071200,Other,01/2021,7,11.5,9.667,
Census Tract,09001071200,Other,02/2021,6,12.5,10.333,
Census Tract,09001071200,Other,03/2021,6,8,9.667,
Census Tract,09001071200,Other,04/2021,4,6,10,
Census Tract,09001071200,Other,05/2021,5,6.5,10.333,
Census Tract,09001071200,Other,06/2021,4,12.5,7,
Census Tract,09001071200,Other,07/2021,2,10.5,11,
Census Tract,09001071200,Other,08/2021,0,10,10.667,
Census Tract,09001071200,Other,09/2021,9,10,9.333,
Census Tract,09001071200,Other,10/2021,4,11,9.667,
Census Tract,09001071200,Other,11/2021,3,15,9,
Census Tract,09001071200,Other,12/2021,0,7.5,9.667,
Census Tract,09001071200,Other,01/2022,5,11.5,9.667,
Census Tract,09001071200,Other,02/2022,2,12.5,10.333,
Census Tract,09001071200,Other,03/2022,11,8,9.667,
Census Tract,09001071200,Other,04/2022,5,6,10,
Census Tract,09001071200,Other,05/2022,14,6.5,10.333,
Census Tract,09001071200,Other,06/2022,15,12.5,7,
Census Tract,09001071200,Other,07/2022,6,10.5,11,
Census Tract,09001071200,Other,08/2022,14,10,10.667,
Census Tract,09001071200,Other,09/2022,7,10,9.333,
Census Tract,09001071200,Other,10/2022,14,11,9.667,
Census Tract,09001071200,Other,11/2022,10,15,9,
Census Tract,09001071200,Other,12/2022,9,7.5,9.667,
Census Tract,09001071200,Other,01/2023,12,11.5,9.667,
Census Tract,09001071200,Other,02/2023,11,12.5,10.333,
Census Tract,09001071200,Other,03/2023,10,8,9.667,
Census Tract,09001071200,Other,04/2023,5,6,10,
Census Tract,09001071200,Other,05/2023,8,6.5,10.333,
Census Tract,09001071200,Other,06/2023,11,12.5,7,
Census Tract,09001071200,Other,07/2023,13,10.5,11,
Census Tract,09001071200,Other,08/2023,11,10,10.667,
Census Tract,09001071200,Other,09/2023,10,10,9.333,
Census Tract,09001071200,Other,10/2023,9,11,9.667,
Census Tract,09001071200,Other,11/2023,15,15,9,
Census Tract,09001071200,Other,12/2023,3,7.5,9.667,
Census Tract,09001071200,Other,01/2024,11,11.5,9.667,
Census Tract,09001071200,Other,02/2024,14,12.5,10.333,
Census Tract,09001071200,Other,03/2024,6,8,9.667,
Census Tract,09001071200,Other,04/2024,7,6,10,
Census Tract,09001071200,Other,05/2024,5,6.5,10.333,
Census Tract,09001071200,Other,06/2024,14,12.5,7,
Census Tract,09001071200,Other,07/2024,8,10.5,11,
Census Tract,09001071200,Other,08/2024,9,10,10.667,
Census Tract,09001071200,Other,09/2024,10,10,9.333,
Census Tract,09001071200,Other,10/2024,13,11,9.667,
Census Tract,09001071200,Other,11/2024,15,15,9,
Census Tract,09001071200,Other,12/2024,12,7.5,9.667,
Census Tract,09001071200,Other,01/2025,7,11.5,9.667,
Census Tract,09001071200,Other,02/2025,8,12.5,10.333,
Census Tract,09001071200,Other,03/2025,12,8,9.667,
Census Tract,09001071200,Other,04/2025,5,6,10,
Census Tract,09001071200,Other,05/2025,4,6.5,10.333,
Census Tract,09001071200,Other,06/2025,8,12.5,7,
Census Tract,09001071200,Other,07/2025,6,10.5,11,
Census Tract,09001071200,Other,08/2025,0,10,10.667,
Census Tract,09001071200,Other,09/2025,6,10,9.333,
Census Tract,09001071200,Other,10/2025,0,0.5,1.667,2025-10-04
Census Tract,09001071300,Other,01/2020,10,17,11,
Census Tract,09001071300,Other,02/2020,7,15.5,10.333,
Census Tract,09001071300,Other,03/2020,5,10.5,9.333,
Census Tract,09001071300,Other,04/2020,0,9,7.667,
Census Tract,09001071300,Other,05/2020,0,14,11.333,
Census Tract,09001071300,Other,06/2020,0,10.5,10,
Census Tract,09001071300,Other,07/2020,0,6,11.333,
Census Tract,09001071300,Other,08/2020,0,12,9.667,
Census Tract,09001071300,Other,09/2020,9,12.5,8.333,
Census Tract,09001071300,Other,10/2020,1,9.5,11.333,
Census Tract,09001071300,Other,11/2020,5,15,15,
Census Tract,09001071300,Other,12/2020,2,10,12,
Census Tract,09001071300,Other,01/2021,10,17,11,
Census Tract,09001071300,Other,02/2021,4,15,10.333,
Census Tract,09001071300,Other,03/2021,7,10.5,9.333,
Census Tract,09001071300,Other,04/2021,1,9,7.667,
Census Tract,09001071300,Other,05/2021,5,14,11.333,
Census Tract,09001071300,Other,06/2021,2,10.5,10,
Census Tract,09001071300,Other,07/2021,5,6,11.333,
Census Tract,09001071300,Other,08/2021,2,12,9.667,
Census Tract,09001071300,Other,09/2021,8,12.5,8.333,
Census Tract,09001071300,Other,10/2021,6,9.5,11.333,
Census Tract,09001071300,Other,11/2021,3,15,15,
Census Tract,09001071300,Other,12/2021,1,10,12,
Census Tract,09001071300,Other,01/2022,18,17,11,
Census Tract,09001071300,Other,02/2022,4,15,10.333,
Census Tract,09001071300,Other,03/2022,18,10.5,9.333,
Census Tract,09001071300,Other,04/2022,17,9,7.667,
Census Tract,09001071300,Other,05/2022,14,14,11.333,
Census Tract,09001071300,Other,06/2022,14,10.5,10,
Census Tract,09001071300,Other,07/2022,15,6,11.333,
Census Tract,09001071300,Other,08/2022,11,12,9.667,
Census Tract,09001071300,Other,09/2022,16,12.5,8.333,
Census Tract,09001071300,Other,10/2022,13,9.5,11.333,
Census Tract,09001071300,Other,11/2022,12,15,15,
Census Tract,09001071300,Other,12/2022,7,10,12,
Census Tract,09001071300,Other,01/2023,16,17,11,
Census Tract,09001071300,Other,02/2023,14,15,10.333,
Census Tract,09001071300,Other,03/2023,12,10.5,9.333,
Census Tract,09001071300,Other,04/2023,6,9,7.667,
Census Tract,09001071300,Other,05/2023,10,14,11.333,
Census Tract,09001071300,Other,06/2023,13,10.5,10,
Census Tract,09001071300,Other,07/2023,5,6,11.333,
Census Tract,09001071300,Other,08/2023,11,12,9.667,
Census Tract,09001071300,Other,09/2023,15,12.5,8.333,
Census Tract,09001071300,Other,10/2023,11,9.5,11.333,
Census Tract,09001071300,Other,11/2023,22,15,15,
Census Tract,09001071300,Other,12/2023,9,10,12,
Census Tract,09001071300,Other,01/2024,18,17,11,
Census Tract,09001071300,Other,02/2024,17,15.5,10.333,
Census Tract,09001071300,Other,03/2024,9,10.5,9.333,
Census Tract,09001071300,Other,04/2024,12,9,7.667,
Census Tract,09001071300,Other,05/2024,18,14,11.333,
Census Tract,09001071300,Other,06/2024,8,10.5,10,
Census Tract,09001071300,Other,07/2024,7,6,11.333,
Census Tract,09001071300,Other,08/2024,13,12,9.667,
Census Tract,09001071300,Other,09/2024,10,12.5,8.333,
Census Tract,09001071300,Other,10/2024,8,9.5,11.333,
Census Tract,09001071300,Other,11/2024,8,15,15,
Census Tract,09001071300,Other,12/2024,11,10,12,
Census Tract,09001071300,Other,01/2025,7,17,11,
Census Tract,09001071300,Other,02/2025,12,15,10.333,
Census Tract,09001071300,Other,03/2025,5,10.5,9.333,
Census Tract,09001071300,Other,04/2025,11,9,7.667,
Census Tract,09001071300,Other,05/2025,8,14,11.333,
Census Tract,09001071300,Other,06/2025,5,10.5,10,
Census Tract,09001071300,Other,07/2025,6,6,11.333,
Census Tract,09001071300,Other,08/2025,0,12,9.667,
Census Tract,09001071300,Other,09/2025,7,12.5,8.333,
Census Tract,09001071300,Other,10/2025,1,2.5,2,2025-10-04
Census Tract,09001071400,Hispanic,01/2020,5,3,4,
Census Tract,09001071400,Hispanic,02/2020,3,6.5,6.333,
Census Tract,09001071400,Hispanic,03/2020,2,3.5,3,
Census Tract,09001071400,Hispanic,04/2020,0,1.5,3,
Census Tract,09001071400,Hispanic,05/2020,0,4,2,
Census Tract,09001071400,Hispanic,06/2020,0,6.5,2,
Census Tract,09001071400,Hispanic,07/2020,1,3.5,4.667,
Census Tract,09001071400,Hispanic,08/2020,0,2.5,7,
Census Tract,09001071400,Hispanic,09/2020,1,2.5,1,
Census Tract,09001071400,Hispanic,10/2020,1,3.5,1.333,
Census Tract,09001071400,Hispanic,11/2020,1,2.5,2.333,
Census Tract,09001071400,Hispanic,12/2020,0,3.5,4.667,
Census Tract,09001071400,Hispanic,01/2021,4,3,4,
Census Tract,09001071400,Hispanic,02/2021,4,6.5,6.333,
Census Tract,09001071400,Hispanic,03/2021,1,3.5,3,
Census Tract,09001071400,Hispanic,04/2021,1,1.5,3,
Census Tract,09001071400,Hispanic,05/2021,2,4,2,
Census Tract,09001071400,Hispanic,06/2021,4,6.5,2,
Census Tract,09001071400,Hispanic,07/2021,0,3.5,4.667,
Census Tract,09001071400,Hispanic,08/2021,0,2.5,7,
Census Tract,09001071400,Hispanic,09/2021,0,2.5,1,
Census Tract,09001071400,Hispanic,10/2021,0,3.5,1.333,
Census Tract,09001071400,Hispanic,11/2021,2,2.5,2.333,
Census Tract,09001071400,Hispanic,12/2021,1,3.5,4.667,
Census Tract,09001071400,Hispanic,01/2022,5,3,4,
Census Tract,09001071400,Hispanic,02/2022,1,6.5,6.333,
Census Tract,09001071400,Hispanic,03/2022,5,3.5,3,
Census Tract,09001071400,Hispanic,04/2022,4,1.5,3,
Census Tract,09001071400,Hispanic,05/2022,1,4,2,
Census Tract,09001071400,Hispanic,06/2022,5,6.5,2,
Census Tract,09001071400,Hispanic,07/2022,4,3.5,4.667,
Census Tract,09001071400,Hispanic,08/2022,5,2.5,7,
Census Tract,09001071400,Hispanic,09/2022,3,2.5,1,
Census Tract,09001071400,Hispanic,10/2022,3,3.5,1.333,
Census Tract,09001071400,Hispanic,11/2022,5,2.5,2.333,
Census Tract,09001071400,Hispanic,12/2022,7,3.5,4.667,
Census Tract,09001071400,Hispanic,01/2023,2,3,4,
Census Tract,09001071400,Hispanic,02/2023,8,6.5,6.333,
Census Tract,09001071400,Hispanic,03/2023,5,3.5,3,
Census Tract,09001071400,Hispanic,04/2023,2,1.5,3,
Census Tract,09001071400,Hispanic,05/2023,3,4,2,
Census Tract,09001071400,Hispanic,06/2023,3,6.5,2,
Census Tract,09001071400,Hispanic,07/2023,3,3.5,4.667,
Census Tract,09001071400,Hispanic,08/2023,3,2.5,7,
Census Tract,09001071400,Hispanic,09/2023,2,2.5,1,
Census Tract,09001071400,Hispanic,10/2023,2,3.5,1.333,
Census Tract,09001071400,Hispanic,11/2023,4,2.5,2.333,
Census Tract,09001071400,Hispanic,12/2023,4,3.5,4.667,
Census Tract,09001071400,Hispanic,01/2024,4,3,4,
Census Tract,09001071400,Hispanic,02/2024,5,6.5,6.333,
Census Tract,09001071400,Hispanic,03/2024,2,3.5,3,
Census Tract,09001071400,Hispanic,04/2024,1,1.5,3,
Census Tract,09001071400,Hispanic,05/2024,5,4,2,
Census Tract,09001071400,Hispanic,06/2024,10,6.5,2,
Census Tract,09001071400,Hispanic,07/2024,4,3.5,4.667,
Census Tract,09001071400,Hispanic,08/2024,2,2.5,7,
Census Tract,09001071400,Hispanic,09/2024,3,2.5,1,
Census Tract,09001071400,Hispanic,10/2024,5,3.5,1.333,
Census Tract,09001071400,Hispanic,11/2024,1,2.5,2.333,
Census Tract,09001071400,Hispanic,12/2024,3,3.5,4.667,
Census Tract,09001071400,Hispanic,01/2025,4,3,4,
Census Tract,09001071400,Hispanic,02/2025,2,6.5,6.333,
Census Tract,09001071400,Hispanic,03/2025,3,3.5,3,
Census Tract,09001071400,Hispanic,04/2025,3,1.5,3,
Census Tract,09001071400,Hispanic,05/2025,2,4,2,
Census Tract,09001071400,Hispanic,06/2025,3,6.5,2,
Census Tract,09001071400,Hispanic,07/2025,2,3.5,4.667,
Census Tract,09001071400,Hispanic,08/2025,0,2.5,7,
Census Tract,09001071400,Hispanic,09/2025,1,2.5,1,
Census Tract,09001071400,Hispanic,10/2025,1,0.5,0.333,2025-10-04
Census Tract,09001071600,Hispanic,01/2020,1,6,3.667,
Census Tract,09001071600,Hispanic,02/2020,1,3.5,6.333,
Census Tract,09001071600,Hispanic,03/2020,13,7,8,
Census Tract,09001071600,Hispanic,04/2020,1,2,9.333,
Census Tract,09001071600,Hispanic,05/2020,0,10,4.333,
Census Tract,09001071600,Hispanic,06/2020,0,5,2.667,
Census Tract,09001071600,Hispanic,07/2020,0,7,9.667,
Census Tract,09001071600,Hispanic,08/2020,0,7,8.667,
Census Tract,09001071600,Hispanic,09/2020,0,3.5,7.333,
Census Tract,09001071600,Hispanic,10/2020,0,8.5,6.333,
Census Tract,09001071600,Hispanic,11/2020,0,7,3.667,
Census Tract,09001071600,Hispanic,12/2020,2,6,6.333,
Census Tract,09001071600,Hispanic,01/2021,0,6,3.667,
Census Tract,09001071600,Hispanic,02/2021,1,3.5,6.333,
Census Tract,09001071600,Hispanic,03/2021,1,7,8,
Census Tract,09001071600,Hispanic,04/2021,1,2,9.333,
Census Tract,09001071600,Hispanic,05/2021,0,10,4.333,
Census Tract,09001071600,Hispanic,06/2021,0,5,2.667,
Census Tract,09001071600,Hispanic,07/2021,0,7,9.667,
Census Tract,09001071600,Hispanic,08/2021,3,7,8.667,
Census Tract,09001071600,Hispanic,09/2021,1,3.5,7.333,
Census Tract,09001071600,Hispanic,10/2021,1,8.5,6.333,
Census Tract,09001071600,Hispanic,11/2021,7,7,3.667,
Census Tract,09001071600,Hispanic,12/2021,2,6,6.333,
Census Tract,09001071600,Hispanic,01/2022,1,6,3.667,
Census Tract,09001071600,Hispanic,02/2022,2,3.5,6.333,
Census Tract,09001071600,Hispanic,03/2022,9,7,8,
Census Tract,09001071600,Hispanic,04/2022,9,2,9.333,
Census Tract,09001071600,Hispanic,05/2022,25,10,4.333,
Census Tract,09001071600,Hispanic,06/2022,3,5,2.667,
Census Tract,09001071600,Hispanic,07/2022,3,7,9.667,
Census Tract,09001071600,Hispanic,08/2022,7,7,8.667,
Census Tract,09001071600,Hispanic,09/2022,3,3.5,7.333,
Census Tract,09001071600,Hispanic,10/2022,6,8.5,6.333,
Census Tract,09001071600,Hispanic,11/2022,11,7,3.667,
Census Tract,09001071600,Hispanic,12/2022,5,6,6.333,
Census Tract,09001071600,Hispanic,01/2023,7,6,3.667,
Census Tract,09001071600,Hispanic,02/2023,1,3.5,6.333,
Census Tract,09001071600,Hispanic,03/2023,6,7,8,
Census Tract,09001071600,Hispanic,04/2023,2,2,9.333,
Census Tract,09001071600,Hispanic,05/2023,10,10,4.333,
Census Tract,09001071600,Hispanic,06/2023,5,5,2.667,
Census Tract,09001071600,Hispanic,07/2023,9,7,9.667,
Census Tract,09001071600,Hispanic,08/2023,11,7,8.667,
Census Tract,09001071600,Hispanic,09/2023,3,3.5,7.333,
Census Tract,09001071600,Hispanic,10/2023,6,8.5,6.333,
Census Tract,09001071600,Hispanic,11/2023,4,7,3.667,
Census Tract,09001071600,Hispanic,12/2023,4,6,6.333,
Census Tract,09001071600,Hispanic,01/2024,5,6,3.667,
Census Tract,09001071600,Hispanic,02/2024,6,3.5,6.333,
Census Tract,09001071600,Hispanic,03/2024,8,7,8,
Census Tract,09001071600,Hispanic,04/2024,2,2,9.333,
Census Tract,09001071600,Hispanic,05/2024,10,10,4.333,
Census Tract,09001071600,Hispanic,06/2024,5,5,2.667,
Census Tract,09001071600,Hispanic,07/2024,5,7,9.667,
Census Tract,09001071600,Hispanic,08/2024,3,7,8.667,
Census Tract,09001071600,Hispanic,09/2024,4,3.5,7.333,
Census Tract,09001071600,Hispanic,10/2024,11,8.5,6.333,
Census Tract,09001071600,Hispanic,11/2024,10,7,3.667,
Census Tract,09001071600,Hispanic,12/2024,8,6,6.333,
Census Tract,09001071600,Hispanic,01/2025,6,6,3.667,
Census Tract,09001071600,Hispanic,02/2025,9,3.5,6.333,
Census Tract,09001071600,Hispanic,03/2025,2,7,8,
Census Tract,09001071600,Hispanic,04/2025,2,2,9.333,
Census Tract,09001071600,Hispanic,05/2025,4,10,4.333,
Census Tract,09001071600,Hispanic,06/2025,0,5,2.667,
Census Tract,09001071600,Hispanic,07/2025,1,7,9.667,
Census Tract,09001071600,Hispanic,08/2025,0,7,8.667,
Census Tract,09001071600,Hispanic,09/2025,2,3.5,7.333,
Census Tract,09001071600,Hispanic,10/2025,1,0.5,0.667,2025-10-04
Census Tract,09001071900,Other,01/2020,7,6.5,7.667,
Census Tract,09001071900,Other,02/2020,3,7.5,6.333,
Census Tract,09001071900,Other,03/2020,3,4,6,
Census Tract,09001071900,Other,04/2020,0,9,3.667,
Census Tract,09001071900,Other,05/2020,0,3.5,4.667,
Census Tract,09001071900,Other,06/2020,0,14.5,8,
Census Tract,09001071900,Other,07/2020,0,4.5,6.333,
Census Tract,09001071900,Other,08/2020,0,9,6,
Census Tract,09001071900,Other,09/2020,0,8.5,4.333,
Census Tract,09001071900,Other,10/2020,2,8.5,6.333,
Census Tract,09001071900,Other,11/2020,1,7,5,
Census Tract,09001071900,Other,12/2020,3,6,5.333,
Census Tract,09001071900,Other,01/2021,3,6.5,7.667,
Census Tract,09001071900,Other,02/2021,1,7.5,6.333,
Census Tract,09001071900,Other,03/2021,3,4,6,
Census Tract,09001071900,Other,04/2021,1,9,3.667,
Census Tract,09001071900,Other,05/2021,6,3.5,4.667,
Census Tract,09001071900,Other,06/2021,0,14.5,8,
Census Tract,09001071900,Other,07/2021,3,4.5,6.333,
Census Tract,09001071900,Other,08/2021,0,9,6,
Census Tract,09001071900,Other,09/2021,6,8.5,4.333,
Census Tract,09001071900,Other,10/2021,0,8.5,6.333,
Census Tract,09001071900,Other,11/2021,2,7,5,
Census Tract,09001071900,Other,12/2021,3,6,5.333,
Census Tract,09001071900,Other,01/2022,3,6.5,7.667,
Census Tract,09001071900,Other,02/2022,2,7.5,6.333,
Census Tract,09001071900,Other,03/2022,21,4,6,
Census Tract,09001071900,Other,04/2022,5,9,3.667,
Census Tract,09001071900,Other,05/2022,15,3.5,4.667,
Census Tract,09001071900,Other,06/2022,10,14.5,8,
Census Tract,09001071900,Other,07/2022,8,4.5,6.333,
Census Tract,09001071900,Other,08/2022,5,9,6,
Census Tract,09001071900,Other,09/2022,3,8.5,4.333,
Census Tract,09001071900,Other,10/2022,4,8.5,6.333,
Census Tract,09001071900,Other,11/2022,8,7,5,
Census Tract,09001071900,Other,12/2022,6,6,5.333,
Census Tract,09001071900,Other,01/2023,5,6.5,7.667,
Census Tract,09001071900,Other,02/2023,6,7.5,6.333,
Census Tract,09001071900,Other,03/2023,3,4,6,
Census Tract,09001071900,Other,04/2023,7,9,3.667,
Census Tract,09001071900,Other,05/2023,2,3.5,4.667,
Census Tract,09001071900,Other,06/2023,24,14.5,8,
Census Tract,09001071900,Other,07/2023,5,4.5,6.333,
Census Tract,09001071900,Other,08/2023,8,9,6,
Census Tract,09001071900,Other,09/2023,11,8.5,4.333,
Census Tract,09001071900,Other,10/2023,12,8.5,6.333,
Census Tract,09001071900,Other,11/2023,9,7,5,
Census Tract,09001071900,Other,12/2023,5,6,5.333,
Census Tract,09001071900,Other,01/2024,8,6.5,7.667,
Census Tract,09001071900,Other,02/2024,9,7.5,6.333,
Census Tract,09001071900,Other,03/2024,5,4,6,
Census Tract,09001071900,Other,04/2024,11,9,3.667,
Census Tract,09001071900,Other,05/2024,5,3.5,4.667,
Census Tract,09001071900,Other,06/2024,5,14.5,8,
Census Tract,09001071900,Other,07/2024,4,4.5,6.333,
Census Tract,09001071900,Other,08/2024,10,9,6,
Census Tract,09001071900,Other,09/2024,6,8.5,4.333,
Census Tract,09001071900,Other,10/2024,5,8.5,6.333,
Census Tract,09001071900,Other,11/2024,5,7,5,
Census Tract,09001071900,Other,12/2024,7,6,5.333,
Census Tract,09001071900,Other,01/2025,5,6.5,7.667,
Census Tract,09001071900,Other,02/2025,9,7.5,6.333,
Census Tract,09001071900,Other,03/2025,7,4,6,
Census Tract,09001071900,Other,04/2025,2,9,3.667,
Census Tract,09001071900,Other,05/2025,4,3.5,4.667,
Census Tract,09001071900,Other,06/2025,3,14.5,8,
Census Tract,09001071900,Other,07/2025,4,4.5,6.333,
Census Tract,09001071900,Other,08/2025,0,9,6,
Census Tract,09001071900,Other,09/2025,6,8.5,4.333,
Census Tract,09001071900,Other,10/2025,0,3.5,1.333,2025-10-04
Census Tract,09001072000,Other,01/2020,2,3,4.667,
Census Tract,09001072000,Other,02/2020,5,0.5,6,
Census Tract,09001072000,Other,03/2020,2,1.5,2.667,
Census Tract,09001072000,Other,04/2020,0,4.5,2,
Census Tract,09001072000,Other,05/2020,0,3.5,3,
Census Tract,09001072000,Other,06/2020,0,3,1,
Census Tract,09001072000,Other,07/2020,1,1.5,3,
Census Tract,09001072000,Other,08/2020,1,1,2.667,
Census Tract,09001072000,Other,09/2020,1,3,2.333,
Census Tract,09001072000,Other,10/2020,0,3,5,
Census Tract,09001072000,Other,11/2020,1,2,5.667,
Census Tract,09001072000,Other,12/2020,0,2,2,
Census Tract,09001072000,Other,01/2021,1,3,4.667,
Census Tract,09001072000,Other,02/2021,0,0.5,6,
Census Tract,09001072000,Other,03/2021,3,1.5,2.667,
Census Tract,09001072000,Other,04/2021,3,4.5,2,
Census Tract,09001072000,Other,05/2021,0,3.5,3,
Census Tract,09001072000,Other,06/2021,2,3,1,
Census Tract,09001072000,Other,07/2021,1,1.5,3,
Census Tract,09001072000,Other,08/2021,1,1,2.667,
Census Tract,09001072000,Other,09/2021,2,3,2.333,
Census Tract,09001072000,Other,10/2021,0,3,5,
Census Tract,09001072000,Other,11/2021,0,2,5.667,
Census Tract,09001072000,Other,12/2021,1,2,2,
Census Tract,09001072000,Other,01/2022,4,3,4.667,
Census Tract,09001072000,Other,02/2022,2,0.5,6,
Census Tract,09001072000,Other,03/2022,7,1.5,2.667,
Census Tract,09001072000,Other,04/2022,5,4.5,2,
Census Tract,09001072000,Other,05/2022,3,3.5,3,
Census Tract,09001072000,Other,06/2022,1,3,1,
Census Tract,09001072000,Other,07/2022,2,1.5,3,
Census Tract,09001072000,Other,08/2022,2,1,2.667,
Census Tract,09001072000,Other,09/2022,7,3,2.333,
Census Tract,09001072000,Other,10/2022,3,3,5,
Census Tract,09001072000,Other,11/2022,2,2,5.667,
Census Tract,09001072000,Other,12/2022,1,2,2,
Census Tract,09001072000,Other,01/2023,1,3,4.667,
Census Tract,09001072000,Other,02/2023,0,0.5,6,
Census Tract,09001072000,Other,03/2023,2,1.5,2.667,
Census Tract,09001072000,Other,04/2023,4,4.5,2,
Census Tract,09001072000,Other,05/2023,5,3.5,3,
Census Tract,09001072000,Other,06/2023,3,3,1,
Census Tract,09001072000,Other,07/2023,2,1.5,3,
Census Tract,09001072000,Other,08/2023,1,1,2.667,
Census Tract,09001072000,Other,09/2023,0,3,2.333,
Census Tract,09001072000,Other,10/2023,5,3,5,
Census Tract,09001072000,Other,11/2023,2,2,5.667,
Census Tract,09001072000,Other,12/2023,1,2,2,
Census Tract,09001072000,Other,01/2024,5,3,4.667,
Census Tract,09001072000,Other,02/2024,1,0.5,6,
Census Tract,09001072000,Other,03/2024,1,1.5,2.667,
Census Tract,09001072000,Other,04/2024,5,4.5,2,
Census Tract,09001072000,Other,05/2024,2,3.5,3,
Census Tract,09001072000,Other,06/2024,3,3,1,
Census Tract,09001072000,Other,07/2024,1,1.5,3,
Census Tract,09001072000,Other,08/2024,1,1,2.667,
Census Tract,09001072000,Other,09/2024,6,3,2.333,
Census Tract,09001072000,Other,10/2024,1,3,5,
Census Tract,09001072000,Other,11/2024,2,2,5.667,
Census Tract,09001072000,Other,12/2024,3,2,2,
Census Tract,09001072000,Other,01/2025,2,3,4.667,
Census Tract,09001072000,Other,02/2025,3,0.5,6,
Census Tract,09001072000,Other,03/2025,2,1.5,2.667,
Census Tract,09001072000,Other,04/2025,3,4.5,2,
Census Tract,09001072000,Other,05/2025,3,3.5,3,
Census Tract,09001072000,Other,06/2025,2,3,1,
Census Tract,09001072000,Other,07/2025,2,1.5,3,
Census Tract,09001072000,Other,08/2025,0,1,2.667,
Census Tract,09001072000,Other,09/2025,2,3,2.333,
Census Tract,09001072000,Other,10/2025,0,1,1.333,2025-10-04
Census Tract,09001072100,Other,01/2020,5,2.5,4,
Census Tract,09001072100,Other,02/2020,2,4,6.333,
Census Tract,09001072100,Other,03/2020,3,3.5,4.333,
Census Tract,09001072100,Other,04/2020,0,4.5,5.333,
Census Tract,09001072100,Other,05/2020,0,2,3,
Census Tract,09001072100,Other,06/2020,0,3,6.667,
Census Tract,09001072100,Other,07/2020,1,4.5,7,
Census Tract,09001072100,Other,08/2020,1,3.5,3.667,
Census Tract,09001072100,Other,09/2020,0,4,4.667,
Census Tract,09001072100,Other,10/2020,2,2,5,
Census Tract,09001072100,Other,11/2020,1,3,4.333,
Census Tract,09001072100,Other,12/2020,1,5,5.667,
Census Tract,09001072100,Other,01/2021,1,2.5,4,
Census Tract,09001072100,Other,02/2021,0,4,6.333,
Census Tract,09001072100,Other,03/2021,1,3.5,4.333,
Census Tract,09001072100,Other,04/2021,1,4.5,5.333,
Census Tract,09001072100,Other,05/2021,2,2,3,
Census Tract,09001072100,Other,06/2021,1,3,6.667,
Census Tract,09001072100,Other,07/2021,1,4.5,7,
Census Tract,09001072100,Other,08/2021,0,3.5,3.667,
Census Tract,09001072100,Other,09/2021,4,4,4.667,
Census Tract,09001072100,Other,10/2021,5,2,5,
Census Tract,09001072100,Other,11/2021,4,3,4.333,
Census Tract,09001072100,Other,12/2021,3,5,5.667,
Census Tract,09001072100,Other,01/2022,1,2.5,4,
Census Tract,09001072100,Other,02/2022,2,4,6.333,
Census Tract,09001072100,Other,03/2022,2,3.5,4.333,
Census Tract,09001072100,Other,04/2022,5,4.5,5.333,
Census Tract,09001072100,Other,05/2022,2,2,3,
Census Tract,09001072100,Other,06/2022,6,3,6.667,
Census Tract,09001072100,Other,07/2022,5,4.5,7,
Census Tract,09001072100,Other,08/2022,8,3.5,3.667,
Census Tract,09001072100,Other,09/2022,4,4,4.667,
Census Tract,09001072100,Other,10/2022,7,2,5,
Census Tract,09001072100,Other,11/2022,3,3,4.333,
Census Tract,09001072100,Other,12/2022,4,5,5.667,
Census Tract,09001072100,Other,01/2023,3,2.5,4,
Census Tract,09001072100,Other,02/2023,4,4,6.333,
Census Tract,09001072100,Other,03/2023,7,3.5,4.333,
Census Tract,09001072100,Other,04/2023,6,4.5,5.333,
Census Tract,09001072100,Other,05/2023,4,2,3,
Census Tract,09001072100,Other,06/2023,3,3,6.667,
Census Tract,09001072100,Other,07/2023,3,4.5,7,
Census Tract,09001072100,Other,08/2023,4,3.5,3.667,
Census Tract,09001072100,Other,09/2023,5,4,4.667,
Census Tract,09001072100,Other,10/2023,2,2,5,
Census Tract,09001072100,Other,11/2023,3,3,4.333,
Census Tract,09001072100,Other,12/2023,5,5,5.667,
Census Tract,09001072100,Other,01/2024,2,2.5,4,
Census Tract,09001072100,Other,02/2024,4,4,6.333,
Census Tract,09001072100,Other,03/2024,0,3.5,4.333,
Census Tract,09001072100,Other,04/2024,3,4.5,5.333,
Census Tract,09001072100,Other,05/2024,0,2,3,
Census Tract,09001072100,Other,06/2024,3,3,6.667,
Census Tract,09001072100,Other,07/2024,6,4.5,7,
Census Tract,09001072100,Other,08/2024,3,3.5,3.667,
Census Tract,09001072100,Other,09/2024,3,4,4.667,
Census Tract,09001072100,Other,10/2024,2,2,5,
Census Tract,09001072100,Other,11/2024,3,3,4.333,
Census Tract,09001072100,Other,12/2024,5,5,5.667,
Census Tract,09001072100,Other,01/2025,3,2.5,4,
Census Tract,09001072100,Other,02/2025,1,4,6.333,
Census Tract,09001072100,Other,03/2025,4,3.5,4.333,
Census Tract,09001072100,Other,04/2025,2,4.5,5.333,
Census Tract,09001072100,Other,05/2025,1,2,3,
Census Tract,09001072100,Other,06/2025,2,3,6.667,
Census Tract,09001072100,Other,07/2025,2,4.5,7,
Census Tract,09001072100,Other,08/2025,0,3.5,3.667,
Census Tract,09001072100,Other,09/2025,4,4,4.667,
Census Tract,09001072100,Other,10/2025,0,0.5,0,2025-10-04
Census Tract,09001072200,Other,01/2020,3,1,0.667,
Census Tract,09001072200,Other,02/2020,1,1,1,
Census Tract,09001072200,Other,03/2020,1,1,3.667,
Census Tract,09001072200,Other,04/2020,0,0.5,1.667,
Census Tract,09001072200,Other,05/2020,0,2,1.667,
Census Tract,09001072200,Other,06/2020,0,1.5,5.333,
Census Tract,09001072200,Other,07/2020,0,0.5,1.333,
Census Tract,09001072200,Other,08/2020,0,1,2.667,
Census Tract,09001072200,Other,09/2020,0,0.5,3.333,
Census Tract,09001072200,Other,10/2020,0,1.5,2.667,
Census Tract,09001072200,Other,11/2020,1,1,2,
Census Tract,09001072200,Other,12/2020,3,1.5,1.333,
Census Tract,09001072200,Other,01/2021,0,1,0.667,
Census Tract,09001072200,Other,02/2021,4,1,1,
Census Tract,09001072200,Other,03/2021,2,1,3.667,
Census Tract,09001072200,Other,04/2021,0,0.5,1.667,
Census Tract,09001072200,Other,05/2021,0,2,1.667,
Census Tract,09001072200,Other,06/2021,0,1.5,5.333,
Census Tract,09001072200,Other,07/2021,1,0.5,1.333,
Census Tract,09001072200,Other,08/2021,3,1,2.667,
Census Tract,09001072200,Other,09/2021,1,0.5,3.333,
Census Tract,09001072200,Other,10/2021,0,1.5,2.667,
Census Tract,09001072200,Other,11/2021,2,1,2,
Census Tract,09001072200,Other,12/2021,1,1.5,1.333,
Census Tract,09001072200,Other,01/2022,2,1,0.667,
Census Tract,09001072200,Other,02/2022,0,1,1,
Census Tract,09001072200,Other,03/2022,2,1,3.667,
Census Tract,09001072200,Other,04/2022,0,0.5,1.667,
Census Tract,09001072200,Other,05/2022,1,2,1.667,
Census Tract,09001072200,Other,06/2022,0,1.5,5.333,
Census Tract,09001072200,Other,07/2022,2,0.5,1.333,
Census Tract,09001072200,Other,08/2022,1,1,2.667,
Census Tract,09001072200,Other,09/2022,1,0.5,3.333,
Census Tract,09001072200,Other,10/2022,1,1.5,2.667,
Census Tract,09001072200,Other,11/2022,1,1,2,
Census Tract,09001072200,Other,12/2022,0,1.5,1.333,
Census Tract,09001072200,Other,01/2023,2,1,0.667,
Census Tract,09001072200,Other,02/2023,2,1,1,
Census Tract,09001072200,Other,03/2023,0,1,3.667,
Census Tract,09001072200,Other,04/2023,0,0.5,1.667,
Census Tract,09001072200,Other,05/2023,1,2,1.667,
Census Tract,09001072200,Other,06/2023,2,1.5,5.333,
Census Tract,09001072200,Other,07/2023,0,0.5,1.333,
Census Tract,09001072200,Other,08/2023,1,1,2.667,
Census Tract,09001072200,Other,09/2023,0,0.5,3.333,
Census Tract,09001072200,Other,10/2023,2,1.5,2.667,
Census Tract,09001072200,Other,11/2023,0,1,2,
Census Tract,09001072200,Other,12/2023,2,1.5,1.333,
Census Tract,09001072200,Other,01/2024,0,1,0.667,
Census Tract,09001072200,Other,02/2024,0,1,1,
Census Tract,09001072200,Other,03/2024,2,1,3.667,
Census Tract,09001072200,Other,04/2024,1,0.5,1.667,
Census Tract,09001072200,Other,05/2024,3,2,1.667,
Census Tract,09001072200,Other,06/2024,1,1.5,5.333,
Census Tract,09001072200,Other,07/2024,1,0.5,1.333,
Census Tract,09001072200,Other,08/2024,1,1,2.667,
Census Tract,09001072200,Other,09/2024,1,0.5,3.333,
Census Tract,09001072200,Other,10/2024,1,1.5,2.667,
Census Tract,09001072200,Other,11/2024,2,1,2,
Census Tract,09001072200,Other,12/2024,1,1.5,1.333,
Census Tract,09001072200,Other,01/2025,3,1,0.667,
Census Tract,09001072200,Other,02/2025,0,1,1,
Census Tract,09001072200,Other,03/2025,0,1,3.667,
Census Tract,09001072200,Other,04/2025,1,0.5,1.667,
Census Tract,09001072200,Other,05/2025,4,2,1.667,
Census Tract,09001072200,Other,06/2025,2,1.5,5.333,
Census Tract,09001072200,Other,07/2025,0,0.5,1.333,
Census Tract,09001072200,Other,08/2025,0,1,2.667,
Census Tract,09001072200,Other,09/2025,3,0.5,3.333,
Census Tract,09001072200,Other,10/2025,2,1,0.333,2025-10-04
Census Tract,09001072300,Other,01/2020,1,2,2.667,
Census Tract,09001072300,Other,02/2020,1,1,2.333,
Census Tract,09001072300,Other,03/2020,3,3.5,2.667,
Census Tract,09001072300,Other,04/2020,1,4.5,2.667,
Census Tract,09001072300,Other,05/2020,1,2,4,
Census Tract,09001072300,Other,06/2020,0,3.5,3,
Census Tract,09001072300,Other,07/2020,0,1.5,2.667,
Census Tract,09001072300,Other,08/2020,0,1.5,2.333,
Census Tract,09001072300,Other,09/2020,1,1,2.667,
Census Tract,09001072300,Other,10/2020,2,3.5,2,
Census Tract,09001072300,Other,11/2020,0,1.5,2,
Census Tract,09001072300,Other,12/2020,2,1,2.333,
Census Tract,09001072300,Other,01/2021,1,2,2.667,
Census Tract,09001072300,Other,02/2021,0,1,2.333,
Census Tract,09001072300,Other,03/2021,2,3.5,2.667,
Census Tract,09001072300,Other,04/2021,0,4.5,2.667,
Census Tract,09001072300,Other,05/2021,1,2,4,
Census Tract,09001072300,Other,06/2021,0,3.5,3,
Census Tract,09001072300,Other,07/2021,2,1.5,2.667,
Census Tract,09001072300,Other,08/2021,1,1.5,2.333,
Census Tract,09001072300,Other,09/2021,1,1,2.667,
Census Tract,09001072300,Other,10/2021,1,3.5,2,
Census Tract,09001072300,Other,11/2021,0,1.5,2,
Census Tract,09001072300,Other,12/2021,1,1,2.333,
Census Tract,09001072300,Other,01/2022,2,2,2.667,
Census Tract,09001072300,Other,02/2022,1,1,2.333,
Census Tract,09001072300,Other,03/2022,2,3.5,2.667,
Census Tract,09001072300,Other,04/2022,4,4.5,2.667,
Census Tract,09001072300,Other,05/2022,3,2,4,
Census Tract,09001072300,Other,06/2022,0,3.5,3,
Census Tract,09001072300,Other,07/2022,4,1.5,2.667,
Census Tract,09001072300,Other,08/2022,1,1.5,2.333,
Census Tract,09001072300,Other,09/2022,3,1,2.667,
Census Tract,09001072300,Other,10/2022,4,3.5,2,
Census Tract,09001072300,Other,11/2022,0,1.5,2,
Census Tract,09001072300,Other,12/2022,3,1,2.333,
Census Tract,09001072300,Other,01/2023,2,2,2.667,
Census Tract,09001072300,Other,02/2023,2,1,2.333,
Census Tract,09001072300,Other,03/2023,4,3.5,2.667,
Census Tract,09001072300,Other,04/2023,4,4.5,2.667,
Census Tract,09001072300,Other,05/2023,1,2,4,
Census Tract,09001072300,Other,06/2023,4,3.5,3,
Census Tract,09001072300,Other,07/2023,2,1.5,2.667,
Census Tract,09001072300,Other,08/2023,1,1.5,2.333,
Census Tract,09001072300,Other,09/2023,1,1,2.667,
Census Tract,09001072300,Other,10/2023,5,3.5,2,
Census Tract,09001072300,Other,11/2023,3,1.5,2,
Census Tract,09001072300,Other,12/2023,0,1,2.333,
Census Tract,09001072300,Other,01/2024,2,2,2.667,
Census Tract,09001072300,Other,02/2024,0,1,2.333,
Census Tract,09001072300,Other,03/2024,3,3.5,2.667,
Census Tract,09001072300,Other,04/2024,5,4.5,2.667,
Census Tract,09001072300,Other,05/2024,3,2,4,
Census Tract,09001072300,Other,06/2024,3,3.5,3,
Census Tract,09001072300,Other,07/2024,1,1.5,2.667,
Census Tract,09001072300,Other,08/2024,2,1.5,2.333,
Census Tract,09001072300,Other,09/2024,1,1,2.667,
Census Tract,09001072300,Other,10/2024,2,3.5,2,
Census Tract,09001072300,Other,11/2024,0,1.5,2,
Census Tract,09001072300,Other,12/2024,2,1,2.333,
Census Tract,09001072300,Other,01/2025,2,2,2.667,
Census Tract,09001072300,Other,02/2025,2,1,2.333,
Census Tract,09001072300,Other,03/2025,1,3.5,2.667,
Census Tract,09001072300,Other,04/2025,1,4.5,2.667,
Census Tract,09001072300,Other,05/2025,1,2,4,
Census Tract,09001072300,Other,06/2025,3,3.5,3,
Census Tract,09001072300,Other,07/2025,3,1.5,2.667,
Census Tract,09001072300,Other,08/2025,0,1.5,2.333,
Census Tract,09001072300,Other,09/2025,0,1,2.667,
Census Tract,09001072300,Other,10/2025,1,0.5,0.333,2025-10-04
Census Tract,09001072400,Hispanic,01/2020,2,0.5,0.667,
Census Tract,09001072400,Hispanic,02/2020,0,1,1.333,
Census Tract,09001072400,Hispanic,03/2020,1,0.5,0.333,
Census Tract,09001072400,Hispanic,04/2020,0,0.5,2,
Census Tract,09001072400,Hispanic,05/2020,1,1.5,1.333,
Census Tract,09001072400,Hispanic,06/2020,0,1,1.667,
Census Tract,09001072400,Hispanic,07/2020,0,0.5,1.333,
Census Tract,09001072400,Hispanic,08/2020,0,1.5,2.667,
Census Tract,09001072400,Hispanic,09/2020,1,1.5,2.667,
Census Tract,09001072400,Hispanic,10/2020,0,2,3,
Census Tract,09001072400,Hispanic,11/2020,0,1.5,2.667,
Census Tract,09001072400,Hispanic,12/2020,2,0.5,1,
Census Tract,09001072400,Hispanic,01/2021,1,0.5,0.667,
Census Tract,09001072400,Hispanic,02/2021,0,1,1.333,
Census Tract,09001072400,Hispanic,03/2021,4,0.5,0.333,
Census Tract,09001072400,Hispanic,04/2021,1,0.5,2,
Census Tract,09001072400,Hispanic,05/2021,0,1.5,1.333,
Census Tract,09001072400,Hispanic,06/2021,0,1,1.667,
Census Tract,09001072400,Hispanic,07/2021,0,0.5,1.333,
Census Tract,09001072400,Hispanic,08/2021,0,1.5,2.667,
Census Tract,09001072400,Hispanic,09/2021,0,1.5,2.667,
Census Tract,09001072400,Hispanic,10/2021,1,2,3,
Census Tract,09001072400,Hispanic,11/2021,2,1.5,2.667,
Census Tract,09001072400,Hispanic,12/2021,2,0.5,1,
Census Tract,09001072400,Hispanic,01/2022,0,0.5,0.667,
Census Tract,09001072400,Hispanic,02/2022,1,1,1.333,
Census Tract,09001072400,Hispanic,03/2022,3,0.5,0.333,
Census Tract,09001072400,Hispanic,04/2022,2,0.5,2,
Census Tract,09001072400,Hispanic,05/2022,2,1.5,1.333,
Census Tract,09001072400,Hispanic,06/2022,1,1,1.667,
Census Tract,09001072400,Hispanic,07/2022,3,0.5,1.333,
Census Tract,09001072400,Hispanic,08/2022,0,1.5,2.667,
Census Tract,09001072400,Hispanic,09/2022,3,1.5,2.667,
Census Tract,09001072400,Hispanic,10/2022,1,2,3,
Census Tract,09001072400,Hispanic,11/2022,1,1.5,2.667,
Census Tract,09001072400,Hispanic,12/2022,2,0.5,1,
Census Tract,09001072400,Hispanic,01/2023,1,0.5,0.667,
Census Tract,09001072400,Hispanic,02/2023,2,1,1.333,
Census Tract,09001072400,Hispanic,03/2023,1,0.5,0.333,
Census Tract,09001072400,Hispanic,04/2023,0,0.5,2,
Census Tract,09001072400,Hispanic,05/2023,2,1.5,1.333,
Census Tract,09001072400,Hispanic,06/2023,2,1,1.667,
Census Tract,09001072400,Hispanic,07/2023,0,0.5,1.333,
Census Tract,09001072400,Hispanic,08/2023,2,1.5,2.667,
Census Tract,09001072400,Hispanic,09/2023,1,1.5,2.667,
Census Tract,09001072400,Hispanic,10/2023,3,2,3,
Census Tract,09001072400,Hispanic,11/2023,1,1.5,2.667,
Census Tract,09001072400,Hispanic,12/2023,0,0.5,1,
Census Tract,09001072400,Hispanic,01/2024,0,0.5,0.667,
Census Tract,09001072400,Hispanic,02/2024,0,1,1.333,
Census Tract,09001072400,Hispanic,03/2024,0,0.5,0.333,
Census Tract,09001072400,Hispanic,04/2024,1,0.5,2,
Census Tract,09001072400,Hispanic,05/2024,1,1.5,1.333,
Census Tract,09001072400,Hispanic,06/2024,0,1,1.667,
Census Tract,09001072400,Hispanic,07/2024,1,0.5,1.333,
Census Tract,09001072400,Hispanic,08/2024,1,1.5,2.667,
Census Tract,09001072400,Hispanic,09/2024,2,1.5,2.667,
Census Tract,09001072400,Hispanic,10/2024,1,2,3,
Census Tract,09001072400,Hispanic,11/2024,2,1.5,2.667,
Census Tract,09001072400,Hispanic,12/2024,1,0.5,1,
Census Tract,09001072400,Hispanic,01/2025,0,0.5,0.667,
Census Tract,09001072400,Hispanic,02/2025,1,1,1.333,
Census Tract,09001072400,Hispanic,03/2025,0,0.5,0.333,
Census Tract,09001072400,Hispanic,04/2025,0,0.5,2,
Census Tract,09001072400,Hispanic,05/2025,1,1.5,1.333,
Census Tract,09001072400,Hispanic,06/2025,1,1,1.667,
Census Tract,09001072400,Hispanic,07/2025,2,0.5,1.333,
Census Tract,09001072400,Hispanic,08/2025,0,1.5,2.667,
Census Tract,09001072400,Hispanic,09/2025,0,1.5,2.667,
Census Tract,09001072400,Hispanic,10/2025,0,0,0.333,2025-10-04
Census Tract,09001072500,Other,01/2020,1,0.5,2.667,
Census Tract,09001072500,Other,02/2020,2,2,2.667,
Census Tract,09001072500,Other,03/2020,1,1,2,
Census Tract,09001072500,Other,04/2020,0,1,1,
Census Tract,09001072500,Other,05/2020,0,2,3.667,
Census Tract,09001072500,Other,06/2020,0,1.5,2.333,
Census Tract,09001072500,Other,07/2020,0,0,2,
Census Tract,09001072500,Other,08/2020,0,2,2.333,
Census Tract,09001072500,Other,09/2020,2,1.5,3.667,
Census Tract,09001072500,Other,10/2020,2,0.5,3,
Census Tract,09001072500,Other,11/2020,0,1,2.667,
Census Tract,09001072500,Other,12/2020,1,1.5,3.667,
Census Tract,09001072500,Other,01/2021,0,0.5,2.667,
Census Tract,09001072500,Other,02/2021,0,2,2.667,
Census Tract,09001072500,Other,03/2021,0,1,2,
Census Tract,09001072500,Other,04/2021,0,1,1,
Census Tract,09001072500,Other,05/2021,1,2,3.667,
Census Tract,09001072500,Other,06/2021,0,1.5,2.333,
Census Tract,09001072500,Other,07/2021,0,0,2,
Census Tract,09001072500,Other,08/2021,0,2,2.333,
Census Tract,09001072500,Other,09/2021,6,1.5,3.667,
Census Tract,09001072500,Other,10/2021,2,0.5,3,
Census Tract,09001072500,Other,11/2021,3,1,2.667,
Census Tract,09001072500,Other,12/2021,1,1.5,3.667,
Census Tract,09001072500,Other,01/2022,0,0.5,2.667,
Census Tract,09001072500,Other,02/2022,2,2,2.667,
Census Tract,09001072500,Other,03/2022,6,1,2,
Census Tract,09001072500,Other,04/2022,2,1,1,
Census Tract,09001072500,Other,05/2022,2,2,3.667,
Census Tract,09001072500,Other,06/2022,1,1.5,2.333,
Census Tract,09001072500,Other,07/2022,1,0,2,
Census Tract,09001072500,Other,08/2022,0,2,2.333,
Census Tract,09001072500,Other,09/2022,4,1.5,3.667,
Census Tract,09001072500,Other,10/2022,4,0.5,3,
Census Tract,09001072500,Other,11/2022,0,1,2.667,
Census Tract,09001072500,Other,12/2022,2,1.5,3.667,
Census Tract,09001072500,Other,01/2023,0,0.5,2.667,
Census Tract,09001072500,Other,02/2023,2,2,2.667,
Census Tract,09001072500,Other,03/2023,1,1,2,
Census Tract,09001072500,Other,04/2023,1,1,1,
Census Tract,09001072500,Other,05/2023,1,2,3.667,
Census Tract,09001072500,Other,06/2023,1,1.5,2.333,
Census Tract,09001072500,Other,07/2023,0,0,2,
Census Tract,09001072500,Other,08/2023,1,2,2.333,
Census Tract,09001072500,Other,09/2023,1,1.5,3.667,
Census Tract,09001072500,Other,10/2023,1,0.5,3,
Census Tract,09001072500,Other,11/2023,0,1,2.667,
Census Tract,09001072500,Other,12/2023,1,1.5,3.667,
Census Tract,09001072500,Other,01/2024,1,0.5,2.667,
Census Tract,09001072500,Other,02/2024,2,2,2.667,
Census Tract,09001072500,Other,03/2024,1,1,2,
Census Tract,09001072500,Other,04/2024,1,1,1,
Census Tract,09001072500,Other,05/2024,3,2,3.667,
Census Tract,09001072500,Other,06/2024,2,1.5,2.333,
Census Tract,09001072500,Other,07/2024,0,0,2,
Census Tract,09001072500,Other,08/2024,3,2,2.333,
Census Tract,09001072500,Other,09/2024,2,1.5,3.667,
Census Tract,09001072500,Other,10/2024,0,0.5,3,
Census Tract,09001072500,Other,11/2024,2,1,2.667,
Census Tract,09001072500,Other,12/2024,2,1.5,3.667,
Census Tract,09001072500,Other,01/2025,1,0.5,2.667,
Census Tract,09001072500,Other,02/2025,1,2,2.667,
Census Tract,09001072500,Other,03/2025,0,1,2,
Census Tract,09001072500,Other,04/2025,2,1,1,
Census Tract,09001072500,Other,05/2025,0,2,3.667,
Census Tract,09001072500,Other,06/2025,0,1.5,2.333,
Census Tract,09001072500,Other,07/2025,4,0,2,
Census Tract,09001072500,Other,08/2025,0,2,2.333,
Census Tract,09001072500,Other,09/2025,2,1.5,3.667,
Census Tract,09001072500,Other,10/2025,1,0,1,2025-10-04
Census Tract,09001072600,White,01/2020,2,2,1,
Census Tract,09001072600,White,02/2020,4,3,3.333,
Census Tract,09001072600,White,03/2020,3,3,0.667,
Census Tract,09001072600,White,04/2020,1,2.5,1.667,
Census Tract,09001072600,White,05/2020,0,2.5,1.333,
Census Tract,09001072600,White,06/2020,0,3,3,
Census Tract,09001072600,White,07/2020,0,0,3,
Census Tract,09001072600,White,08/2020,0,1.5,1.333,
Census Tract,09001072600,White,09/2020,0,2.5,2.333,
Census Tract,09001072600,White,10/2020,0,4.5,2,
Census Tract,09001072600,White,11/2020,0,0.5,2.333,
Census Tract,09001072600,White,12/2020,3,3,2.333,
Census Tract,09001072600,White,01/2021,0,2,1,
Census Tract,09001072600,White,02/2021,0,3,3.333,
Census Tract,09001072600,White,03/2021,1,3,0.667,
Census Tract,09001072600,White,04/2021,3,2.5,1.667,
Census Tract,09001072600,White,05/2021,1,2.5,1.333,
Census Tract,09001072600,White,06/2021,3,3,3,
Census Tract,09001072600,White,07/2021,0,0,3,
Census Tract,09001072600,White,08/2021,0,1.5,1.333,
Census Tract,09001072600,White,09/2021,3,2.5,2.333,
Census Tract,09001072600,White,10/2021,1,4.5,2,
Census Tract,09001072600,White,11/2021,1,0.5,2.333,
Census Tract,09001072600,White,12/2021,1,3,2.333,
Census Tract,09001072600,White,01/2022,0,2,1,
Census Tract,09001072600,White,02/2022,0,3,3.333,
Census Tract,09001072600,White,03/2022,4,3,0.667,
Census Tract,09001072600,White,04/2022,5,2.5,1.667,
Census Tract,09001072600,White,05/2022,4,2.5,1.333,
Census Tract,09001072600,White,06/2022,3,3,3,
Census Tract,09001072600,White,07/2022,1,0,3,
Census Tract,09001072600,White,08/2022,1,1.5,1.333,
Census Tract,09001072600,White,09/2022,3,2.5,2.333,
Census Tract,09001072600,White,10/2022,3,4.5,2,
Census Tract,09001072600,White,11/2022,4,0.5,2.333,
Census Tract,09001072600,White,12/2022,1,3,2.333,
Census Tract,09001072600,White,01/2023,1,2,1,
Census Tract,09001072600,White,02/2023,2,3,3.333,
Census Tract,09001072600,White,03/2023,2,3,0.667,
Census Tract,09001072600,White,04/2023,1,2.5,1.667,
Census Tract,09001072600,White,05/2023,2,2.5,1.333,
Census Tract,09001072600,White,06/2023,4,3,3,
Census Tract,09001072600,White,07/2023,0,0,3,
Census Tract,09001072600,White,08/2023,2,1.5,1.333,
Census Tract,09001072600,White,09/2023,2,2.5,2.333,
Census Tract,09001072600,White,10/2023,4,4.5,2,
Census Tract,09001072600,White,11/2023,0,0.5,2.333,
Census Tract,09001072600,White,12/2023,5,3,2.333,
Census Tract,09001072600,White,01/2024,3,2,1,
Census Tract,09001072600,White,02/2024,4,3,3.333,
Census Tract,09001072600,White,03/2024,4,3,0.667,
Census Tract,09001072600,White,04/2024,4,2.5,1.667,
Census Tract,09001072600,White,05/2024,3,2.5,1.333,
Census Tract,09001072600,White,06/2024,2,3,3,
Census Tract,09001072600,White,07/2024,0,0,3,
Census Tract,09001072600,White,08/2024,1,1.5,1.333,
Census Tract,09001072600,White,09/2024,3,2.5,2.333,
Census Tract,09001072600,White,10/2024,5,4.5,2,
Census Tract,09001072600,White,11/2024,1,0.5,2.333,
Census Tract,09001072600,White,12/2024,1,3,2.333,
Census Tract,09001072600,White,01/2025,2,2,1,
Census Tract,09001072600,White,02/2025,2,3,3.333,
Census Tract,09001072600,White,03/2025,1,3,0.667,
Census Tract,09001072600,White,04/2025,1,2.5,1.667,
Census Tract,09001072600,White,05/2025,3,2.5,1.333,
Census Tract,09001072600,White,06/2025,4,3,3,
Census Tract,09001072600,White,07/2025,1,0,3,
Census Tract,09001072600,White,08/2025,0,1.5,1.333,
Census Tract,09001072600,White,09/2025,3,2.5,2.333,
Census Tract,09001072600,White,10/2025,0,0,1,2025-10-04
Census Tract,09001072700,Other,01/2020,1,0.5,1,
Census Tract,09001072700,Other,02/2020,1,0.5,0.667,
Census Tract,09001072700,Other,03/2020,0,0.5,1.333,
Census Tract,09001072700,Other,04/2020,0,1.5,1,
Census Tract,09001072700,Other,05/2020,1,1.5,1.333,
Census Tract,09001072700,Other,06/2020,0,2,1,
Census Tract,09001072700,Other,07/2020,0,1,1.667,
Census Tract,09001072700,Other,08/2020,0,2.5,0.667,
Census Tract,09001072700,Other,09/2020,0,1.5,1.333,
Census Tract,09001072700,Other,10/2020,0,1,1.667,
Census Tract,09001072700,Other,11/2020,1,1,0.333,
Census Tract,09001072700,Other,12/2020,1,0.5,1,
Census Tract,09001072700,Other,01/2021,0,0.5,1,
Census Tract,09001072700,Other,02/2021,0,0.5,0.667,
Census Tract,09001072700,Other,03/2021,1,0.5,1.333,
Census Tract,09001072700,Other,04/2021,1,1.5,1,
Census Tract,09001072700,Other,05/2021,0,1.5,1.333,
Census Tract,09001072700,Other,06/2021,0,2,1,
Census Tract,09001072700,Other,07/2021,0,1,1.667,
Census Tract,09001072700,Other,08/2021,0,2.5,0.667,
Census Tract,09001072700,Other,09/2021,1,1.5,1.333,
Census Tract,09001072700,Other,10/2021,2,1,1.667,
Census Tract,09001072700,Other,11/2021,0,1,0.333,
Census Tract,09001072700,Other,12/2021,0,0.5,1,
Census Tract,09001072700,Other,01/2022,0,0.5,1,
Census Tract,09001072700,Other,02/2022,2,0.5,0.667,
Census Tract,09001072700,Other,03/2022,1,0.5,1.333,
Census Tract,09001072700,Other,04/2022,1,1.5,1,
Census Tract,09001072700,Other,05/2022,1,1.5,1.333,
Census Tract,09001072700,Other,06/2022,2,2,1,
Census Tract,09001072700,Other,07/2022,2,1,1.667,
Census Tract,09001072700,Other,08/2022,2,2.5,0.667,
Census Tract,09001072700,Other,09/2022,1,1.5,1.333,
Census Tract,09001072700,Other,10/2022,0,1,1.667,
Census Tract,09001072700,Other,11/2022,0,1,0.333,
Census Tract,09001072700,Other,12/2022,0,0.5,1,
Census Tract,09001072700,Other,01/2023,0,0.5,1,
Census Tract,09001072700,Other,02/2023,1,0.5,0.667,
Census Tract,09001072700,Other,03/2023,1,0.5,1.333,
Census Tract,09001072700,Other,04/2023,0,1.5,1,
Census Tract,09001072700,Other,05/2023,0,1.5,1.333,
Census Tract,09001072700,Other,06/2023,1,2,1,
Census Tract,09001072700,Other,07/2023,1,1,1.667,
Census Tract,09001072700,Other,08/2023,3,2.5,0.667,
Census Tract,09001072700,Other,09/2023,1,1.5,1.333,
Census Tract,09001072700,Other,10/2023,1,1,1.667,
Census Tract,09001072700,Other,11/2023,2,1,0.333,
Census Tract,09001072700,Other,12/2023,1,0.5,1,
Census Tract,09001072700,Other,01/2024,1,0.5,1,
Census Tract,09001072700,Other,02/2024,0,0.5,0.667,
Census Tract,09001072700,Other,03/2024,0,0.5,1.333,
Census Tract,09001072700,Other,04/2024,3,1.5,1,
Census Tract,09001072700,Other,05/2024,3,1.5,1.333,
Census Tract,09001072700,Other,06/2024,3,2,1,
Census Tract,09001072700,Other,07/2024,1,1,1.667,
Census Tract,09001072700,Other,08/2024,2,2.5,0.667,
Census Tract,09001072700,Other,09/2024,2,1.5,1.333,
Census Tract,09001072700,Other,10/2024,1,1,1.667,
Census Tract,09001072700,Other,11/2024,0,1,0.333,
Census Tract,09001072700,Other,12/2024,0,0.5,1,
Census Tract,09001072700,Other,01/2025,2,0.5,1,
Census Tract,09001072700,Other,02/2025,1,0.5,0.667,
Census Tract,09001072700,Other,03/2025,3,0.5,1.333,
Census Tract,09001072700,Other,04/2025,0,1.5,1,
Census Tract,09001072700,Other,05/2025,5,1.5,1.333,
Census Tract,09001072700,Other,06/2025,1,2,1,
Census Tract,09001072700,Other,07/2025,3,1,1.667,
Census Tract,09001072700,Other,08/2025,0,2.5,0.667,
Census Tract,09001072700,Other,09/2025,3,1.5,1.333,
Census Tract,09001072700,Other,10/2025,0,0.5,0.667,2025-10-04
Census Tract,09001072800,Other,01/2020,1,3,5,
Census Tract,09001072800,Other,02/2020,2,5,4.667,
Census Tract,09001072800,Other,03/2020,11,2.5,3.667,
Census Tract,09001072800,Other,04/2020,0,2,6,
Census Tract,09001072800,Other,05/2020,0,2,3.667,
Census Tract,09001072800,Other,06/2020,0,3.5,4.667,
Census Tract,09001072800,Other,07/2020,0,3.5,6,
Census Tract,09001072800,Other,08/2020,0,5.5,3.667,
Census Tract,09001072800,Other,09/2020,0,2.5,4,
Census Tract,09001072800,Other,10/2020,2,3.5,2,
Census Tract,09001072800,Other,11/2020,0,4,2,
Census Tract,09001072800,Other,12/2020,0,2,5,
Census Tract,09001072800,Other,01/2021,0,3,5,
Census Tract,09001072800,Other,02/2021,0,5,4.667,
Census Tract,09001072800,Other,03/2021,1,2.5,3.667,
Census Tract,09001072800,Other,04/2021,1,2,6,
Census Tract,09001072800,Other,05/2021,1,2,3.667,
Census Tract,09001072800,Other,06/2021,1,3.5,4.667,
Census Tract,09001072800,Other,07/2021,0,3.5,6,
Census Tract,09001072800,Other,08/2021,1,5.5,3.667,
Census Tract,09001072800,Other,09/2021,5,2.5,4,
Census Tract,09001072800,Other,10/2021,2,3.5,2,
Census Tract,09001072800,Other,11/2021,0,4,2,
Census Tract,09001072800,Other,12/2021,1,2,5,
Census Tract,09001072800,Other,01/2022,0,3,5,
Census Tract,09001072800,Other,02/2022,1,5,4.667,
Census Tract,09001072800,Other,03/2022,5,2.5,3.667,
Census Tract,09001072800,Other,04/2022,2,2,6,
Census Tract,09001072800,Other,05/2022,7,2,3.667,
Census Tract,09001072800,Other,06/2022,10,3.5,4.667,
Census Tract,09001072800,Other,07/2022,3,3.5,6,
Census Tract,09001072800,Other,08/2022,4,5.5,3.667,
Census Tract,09001072800,Other,09/2022,3,2.5,4,
Census Tract,09001072800,Other,10/2022,8,3.5,2,
Census Tract,09001072800,Other,11/2022,5,4,2,
Census Tract,09001072800,Other,12/2022,2,2,5,
Census Tract,09001072800,Other,01/2023,1,3,5,
Census Tract,09001072800,Other,02/2023,7,5,4.667,
Census Tract,09001072800,Other,03/2023,3,2.5,3.667,
Census Tract,09001072800,Other,04/2023,2,2,6,
Census Tract,09001072800,Other,05/2023,0,2,3.667,
Census Tract,09001072800,Other,06/2023,4,3.5,4.667,
Census Tract,09001072800,Other,07/2023,3,3.5,6,
Census Tract,09001072800,Other,08/2023,7,5.5,3.667,
Census Tract,09001072800,Other,09/2023,4,2.5,4,
Census Tract,09001072800,Other,10/2023,1,3.5,2,
Census Tract,09001072800,Other,11/2023,0,4,2,
Census Tract,09001072800,Other,12/2023,2,2,5,
Census Tract,09001072800,Other,01/2024,5,3,5,
Census Tract,09001072800,Other,02/2024,3,5,4.667,
Census Tract,09001072800,Other,03/2024,2,2.5,3.667,
Census Tract,09001072800,Other,04/2024,2,2,6,
Census Tract,09001072800,Other,05/2024,4,2,3.667,
Census Tract,09001072800,Other,06/2024,3,3.5,4.667,
Census Tract,09001072800,Other,07/2024,4,3.5,6,
Census Tract,09001072800,Other,08/2024,4,5.5,3.667,
Census Tract,09001072800,Other,09/2024,1,2.5,4,
Census Tract,09001072800,Other,10/2024,6,3.5,2,
Census Tract,09001072800,Other,11/2024,8,4,2,
Census Tract,09001072800,Other,12/2024,2,2,5,
Census Tract,09001072800,Other,01/2025,1,3,5,
Census Tract,09001072800,Other,02/2025,2,5,4.667,
Census Tract,09001072800,Other,03/2025,2,2.5,3.667,
Census Tract,09001072800,Other,04/2025,1,2,6,
Census Tract,09001072800,Other,05/2025,2,2,3.667,
Census Tract,09001072800,Other,06/2025,0,3.5,4.667,
Census Tract,09001072800,Other,07/2025,2,3.5,6,
Census Tract,09001072800,Other,08/2025,0,5.5,3.667,
Census Tract,09001072800,Other,09/2025,0,2.5,4,
Census Tract,09001072800,Other,10/2025,0,0.5,0,2025-10-04
Census Tract,09001072900,Black,01/2020,2,1.5,3,
Census Tract,09001072900,Black,02/2020,0,1.5,2.333,
Census Tract,09001072900,Black,03/2020,2,0.5,2,
Census Tract,09001072900,Black,04/2020,0,0.5,1.667,
Census Tract,09001072900,Black,05/2020,0,1,2.667,
Census Tract,09001072900,Black,06/2020,0,2.5,3.333,
Census Tract,09001072900,Black,07/2020,1,2,3,
Census Tract,09001072900,Black,08/2020,0,3.5,2.333,
Census Tract,09001072900,Black,09/2020,0,0.5,4.333,
Census Tract,09001072900,Black,10/2020,0,4.5,2.667,
Census Tract,09001072900,Black,11/2020,0,2.5,2,
Census Tract,09001072900,Black,12/2020,0,3,1.333,
Census Tract,09001072900,Black,01/2021,1,1.5,3,
Census Tract,09001072900,Black,02/2021,0,1.5,2.333,
Census Tract,09001072900,Black,03/2021,2,0.5,2,
Census Tract,09001072900,Black,04/2021,1,0.5,1.667,
Census Tract,09001072900,Black,05/2021,1,1,2.667,
Census Tract,09001072900,Black,06/2021,1,2.5,3.333,
Census Tract,09001072900,Black,07/2021,0,2,3,
Census Tract,09001072900,Black,08/2021,2,3.5,2.333,
Census Tract,09001072900,Black,09/2021,0,0.5,4.333,
Census Tract,09001072900,Black,10/2021,2,4.5,2.667,
Census Tract,09001072900,Black,11/2021,0,2.5,2,
Census Tract,09001072900,Black,12/2021,4,3,1.333,
Census Tract,09001072900,Black,01/2022,1,1.5,3,
Census Tract,09001072900,Black,02/2022,0,1.5,2.333,
Census Tract,09001072900,Black,03/2022,3,0.5,2,
Census Tract,09001072900,Black,04/2022,3,0.5,1.667,
Census Tract,09001072900,Black,05/2022,1,1,2.667,
Census Tract,09001072900,Black,06/2022,3,2.5,3.333,
Census Tract,09001072900,Black,07/2022,1,2,3,
Census Tract,09001072900,Black,08/2022,6,3.5,2.333,
Census Tract,09001072900,Black,09/2022,4,0.5,4.333,
Census Tract,09001072900,Black,10/2022,2,4.5,2.667,
Census Tract,09001072900,Black,11/2022,3,2.5,2,
Census Tract,09001072900,Black,12/2022,1,3,1.333,
Census Tract,09001072900,Black,01/2023,1,1.5,3,
Census Tract,09001072900,Black,02/2023,3,1.5,2.333,
Census Tract,09001072900,Black,03/2023,0,0.5,2,
Census Tract,09001072900,Black,04/2023,0,0.5,1.667,
Census Tract,09001072900,Black,05/2023,0,1,2.667,
Census Tract,09001072900,Black,06/2023,2,2.5,3.333,
Census Tract,09001072900,Black,07/2023,0,2,3,
Census Tract,09001072900,Black,08/2023,6,3.5,2.333,
Census Tract,09001072900,Black,09/2023,0,0.5,4.333,
Census Tract,09001072900,Black,10/2023,4,4.5,2.667,
Census Tract,09001072900,Black,11/2023,2,2.5,2,
Census Tract,09001072900,Black,12/2023,5,3,1.333,
Census Tract,09001072900,Black,01/2024,2,1.5,3,
Census Tract,09001072900,Black,02/2024,0,1.5,2.333,
Census Tract,09001072900,Black,03/2024,1,0.5,2,
Census Tract,09001072900,Black,04/2024,1,0.5,1.667,
Census Tract,09001072900,Black,05/2024,2,1,2.667,
Census Tract,09001072900,Black,06/2024,3,2.5,3.333,
Census Tract,09001072900,Black,07/2024,4,2,3,
Census Tract,09001072900,Black,08/2024,1,3.5,2.333,
Census Tract,09001072900,Black,09/2024,1,0.5,4.333,
Census Tract,09001072900,Black,10/2024,5,4.5,2.667,
Census Tract,09001072900,Black,11/2024,3,2.5,2,
Census Tract,09001072900,Black,12/2024,1,3,1.333,
Census Tract,09001072900,Black,01/2025,2,1.5,3,
Census Tract,09001072900,Black,02/2025,1,1.5,2.333,
Census Tract,09001072900,Black,03/2025,3,0.5,2,
Census Tract,09001072900,Black,04/2025,1,0.5,1.667,
Census Tract,09001072900,Black,05/2025,3,1,2.667,
Census Tract,09001072900,Black,06/2025,4,2.5,3.333,
Census Tract,09001072900,Black,07/2025,0,2,3,
Census Tract,09001072900,Black,08/2025,0,3.5,2.333,
Census Tract,09001072900,Black,09/2025,0,0.5,4.333,
Census Tract,09001072900,Black,10/2025,0,2,0,2025-10-04
Census Tract,09001073000,Other,01/2020,0,0.5,0.667,
Census Tract,09001073000,Other,02/2020,0,0,0.667,
Census Tract,09001073000,Other,03/2020,0,0,0.333,
Census Tract,09001073000,Other,04/2020,1,1,0.667,
Census Tract,09001073000,Other,05/2020,0,0,1.333,
Census Tract,09001073000,Other,06/2020,0,0,0.667,
Census Tract,09001073000,Other,07/2020,0,1,2,
Census Tract,09001073000,Other,08/2020,0,1,2,
Census Tract,09001073000,Other,09/2020,0,0.5,0.333,
Census Tract,09001073000,Other,10/2020,0,1,0.333,
Census Tract,09001073000,Other,11/2020,0,0,1,
Census Tract,09001073000,Other,12/2020,0,1,0.333,
Census Tract,09001073000,Other,01/2021,0,0.5,0.667,
Census Tract,09001073000,Other,02/2021,1,0,0.667,
Census Tract,09001073000,Other,03/2021,0,0,0.333,
Census Tract,09001073000,Other,04/2021,1,1,0.667,
Census Tract,09001073000,Other,05/2021,0,0,1.333,
Census Tract,09001073000,Other,06/2021,0,0,0.667,
Census Tract,09001073000,Other,07/2021,0,1,2,
Census Tract,09001073000,Other,08/2021,0,1,2,
Census Tract,09001073000,Other,09/2021,0,0.5,0.333,
Census Tract,09001073000,Other,10/2021,1,1,0.333,
Census Tract,09001073000,Other,11/2021,3,0,1,
Census Tract,09001073000,Other,12/2021,1,1,0.333,
Census Tract,09001073000,Other,01/2022,1,0.5,0.667,
Census Tract,09001073000,Other,02/2022,0,0,0.667,
Census Tract,09001073000,Other,03/2022,2,0,0.333,
Census Tract,09001073000,Other,04/2022,1,1,0.667,
Census Tract,09001073000,Other,05/2022,2,0,1.333,
Census Tract,09001073000,Other,06/2022,0,0,0.667,
Census Tract,09001073000,Other,07/2022,2,1,2,
Census Tract,09001073000,Other,08/2022,2,1,2,
Census Tract,09001073000,Other,09/2022,0,0.5,0.333,
Census Tract,09001073000,Other,10/2022,0,1,0.333,
Census Tract,09001073000,Other,11/2022,2,0,1,
Census Tract,09001073000,Other,12/2022,1,1,0.333,
Census Tract,09001073000,Other,01/2023,0,0.5,0.667,
Census Tract,09001073000,Other,02/2023,0,0,0.667,
Census Tract,09001073000,Other,03/2023,0,0,0.333,
Census Tract,09001073000,Other,04/2023,1,1,0.667,
Census Tract,09001073000,Other,05/2023,0,0,1.333,
Census Tract,09001073000,Other,06/2023,0,0,0.667,
Census Tract,09001073000,Other,07/2023,1,1,2,
Census Tract,09001073000,Other,08/2023,1,1,2,
Census Tract,09001073000,Other,09/2023,0,0.5,0.333,
Census Tract,09001073000,Other,10/2023,0,1,0.333,
Census Tract,09001073000,Other,11/2023,0,0,1,
Census Tract,09001073000,Other,12/2023,2,1,0.333,
Census Tract,09001073000,Other,01/2024,1,0.5,0.667,
Census Tract,09001073000,Other,02/2024,0,0,0.667,
Census Tract,09001073000,Other,03/2024,0,0,0.333,
Census Tract,09001073000,Other,04/2024,1,1,0.667,
Census Tract,09001073000,Other,05/2024,0,0,1.333,
Census Tract,09001073000,Other,06/2024,0,0,0.667,
Census Tract,09001073000,Other,07/2024,1,1,2,
Census Tract,09001073000,Other,08/2024,1,1,2,
Census Tract,09001073000,Other,09/2024,1,0.5,0.333,
Census Tract,09001073000,Other,10/2024,2,1,0.333,
Census Tract,09001073000,Other,11/2024,0,0,1,
Census Tract,09001073000,Other,12/2024,0,1,0.333,
Census Tract,09001073000,Other,01/2025,0,0.5,0.667,
Census Tract,09001073000,Other,02/2025,1,0,0.667,
Census Tract,09001073000,Other,03/2025,0,0,0.333,
Census Tract,09001073000,Other,04/2025,0,1,0.667,
Census Tract,09001073000,Other,05/2025,0,0,1.333,
Census Tract,09001073000,Other,06/2025,0,0,0.667,
Census Tract,09001073000,Other,07/2025,1,1,2,
Census Tract,09001073000,Other,08/2025,0,1,2,
Census Tract,09001073000,Other,09/2025,1,0.5,0.333,
Census Tract,09001073000,Other,10/2025,0,0,0.333,2025-10-04
Census Tract,09001073100,Hispanic,01/2020,2,1,5,
Census Tract,09001073100,Hispanic,02/2020,4,2,4,
Census Tract,09001073100,Hispanic,03/2020,2,5,4,
Census Tract,09001073100,Hispanic,04/2020,0,2,2,
Census Tract,09001073100,Hispanic,05/2020,0,3,4,
Census Tract,09001073100,Hispanic,06/2020,0,1.5,4.667,
Census Tract,09001073100,Hispanic,07/2020,0,3,3.667,
Census Tract,09001073100,Hispanic,08/2020,1,2.5,3.667,
Census Tract,09001073100,Hispanic,09/2020,0,3.5,5.667,
Census Tract,09001073100,Hispanic,10/2020,4,2.5,5,
Census Tract,09001073100,Hispanic,11/2020,2,1.5,5.333,
Census Tract,09001073100,Hispanic,12/2020,0,5,4.667,
Census Tract,09001073100,Hispanic,01/2021,0,1,5,
Census Tract,09001073100,Hispanic,02/2021,1,2,4,
Census Tract,09001073100,Hispanic,03/2021,2,5,4,
Census Tract,09001073100,Hispanic,04/2021,3,2,2,
Census Tract,09001073100,Hispanic,05/2021,3,3,4,
Census Tract,09001073100,Hispanic,06/2021,3,1.5,4.667,
Census Tract,09001073100,Hispanic,07/2021,0,3,3.667,
Census Tract,09001073100,Hispanic,08/2021,0,2.5,3.667,
Census Tract,09001073100,Hispanic,09/2021,3,3.5,5.667,
Census Tract,09001073100,Hispanic,10/2021,3,2.5,5,
Census Tract,09001073100,Hispanic,11/2021,4,1.5,5.333,
Census Tract,09001073100,Hispanic,12/2021,2,5,4.667,
Census Tract,09001073100,Hispanic,01/2022,3,1,5,
Census Tract,09001073100,Hispanic,02/2022,0,2,4,
Census Tract,09001073100,Hispanic,03/2022,7,5,4,
Census Tract,09001073100,Hispanic,04/2022,5,2,2,
Census Tract,09001073100,Hispanic,05/2022,2,3,4,
Census Tract,09001073100,Hispanic,06/2022,4,1.5,4.667,
Census Tract,09001073100,Hispanic,07/2022,5,3,3.667,
Census Tract,09001073100,Hispanic,08/2022,4,2.5,3.667,
Census Tract,09001073100,Hispanic,09/2022,6,3.5,5.667,
Census Tract,09001073100,Hispanic,10/2022,2,2.5,5,
Census Tract,09001073100,Hispanic,11/2022,4,1.5,5.333,
Census Tract,09001073100,Hispanic,12/2022,6,5,4.667,
Census Tract,09001073100,Hispanic,01/2023,1,1,5,
Census Tract,09001073100,Hispanic,02/2023,2,2,4,
Census Tract,09001073100,Hispanic,03/2023,5,5,4,
Census Tract,09001073100,Hispanic,04/2023,0,2,2,
Census Tract,09001073100,Hispanic,05/2023,2,3,4,
Census Tract,09001073100,Hispanic,06/2023,1,1.5,4.667,
Census Tract,09001073100,Hispanic,07/2023,3,3,3.667,
Census Tract,09001073100,Hispanic,08/2023,5,2.5,3.667,
Census Tract,09001073100,Hispanic,09/2023,2,3.5,5.667,
Census Tract,09001073100,Hispanic,10/2023,2,2.5,5,
Census Tract,09001073100,Hispanic,11/2023,3,1.5,5.333,
Census Tract,09001073100,Hispanic,12/2023,8,5,4.667,
Census Tract,09001073100,Hispanic,01/2024,1,1,5,
Census Tract,09001073100,Hispanic,02/2024,2,2,4,
Census Tract,09001073100,Hispanic,03/2024,5,5,4,
Census Tract,09001073100,Hispanic,04/2024,4,2,2,
Census Tract,09001073100,Hispanic,05/2024,4,3,4,
Census Tract,09001073100,Hispanic,06/2024,2,1.5,4.667,
Census Tract,09001073100,Hispanic,07/2024,3,3,3.667,
Census Tract,09001073100,Hispanic,08/2024,0,2.5,3.667,
Census Tract,09001073100,Hispanic,09/2024,5,3.5,5.667,
Census Tract,09001073100,Hispanic,10/2024,3,2.5,5,
Census Tract,09001073100,Hispanic,11/2024,0,1.5,5.333,
Census Tract,09001073100,Hispanic,12/2024,2,5,4.667,
Census Tract,09001073100,Hispanic,01/2025,3,1,5,
Census Tract,09001073100,Hispanic,02/2025,1,2,4,
Census Tract,09001073100,Hispanic,03/2025,0,5,4,
Census Tract,09001073100,Hispanic,04/2025,0,2,2,
Census Tract,09001073100,Hispanic,05/2025,1,3,4,
Census Tract,09001073100,Hispanic,06/2025,2,1.5,4.667,
Census Tract,09001073100,Hispanic,07/2025,4,3,3.667,
Census Tract,09001073100,Hispanic,08/2025,0,2.5,3.667,
Census Tract,09001073100,Hispanic,09/2025,6,3.5,5.667,
Census Tract,09001073100,Hispanic,10/2025,0,1.5,0.333,2025-10-04
Census Tract,09001073200,Hispanic,01/2020,2,4,4.333,
Census Tract,09001073200,Hispanic,02/2020,2,7.5,3,
Census Tract,09001073200,Hispanic,03/2020,5,2.5,4.667,
Census Tract,09001073200,Hispanic,04/2020,0,3.5,4.333,
Census Tract,09001073200,Hispanic,05/2020,0,3,4.667,
Census Tract,09001073200,Hispanic,06/2020,0,3,3.667,
Census Tract,09001073200,Hispanic,07/2020,0,3,3.667,
Census Tract,09001073200,Hispanic,08/2020,0,3.5,5.667,
Census Tract,09001073200,Hispanic,09/2020,0,3,2.333,
Census Tract,09001073200,Hispanic,10/2020,0,3,4,
Census Tract,09001073200,Hispanic,11/2020,0,2,2,
Census Tract,09001073200,Hispanic,12/2020,1,1.5,4,
Census Tract,09001073200,Hispanic,01/2021,3,4,4.333,
Census Tract,09001073200,Hispanic,02/2021,0,7.5,3,
Census Tract,09001073200,Hispanic,03/2021,5,2.5,4.667,
Census Tract,09001073200,Hispanic,04/2021,1,3.5,4.333,
Census Tract,09001073200,Hispanic,05/2021,1,3,4.667,
Census Tract,09001073200,Hispanic,06/2021,4,3,3.667,
Census Tract,09001073200,Hispanic,07/2021,0,3,3.667,
Census Tract,09001073200,Hispanic,08/2021,0,3.5,5.667,
Census Tract,09001073200,Hispanic,09/2021,3,3,2.333,
Census Tract,09001073200,Hispanic,10/2021,1,3,4,
Census Tract,09001073200,Hispanic,11/2021,2,2,2,
Census Tract,09001073200,Hispanic,12/2021,3,1.5,4,
Census Tract,09001073200,Hispanic,01/2022,4,4,4.333,
Census Tract,09001073200,Hispanic,02/2022,1,7.5,3,
Census Tract,09001073200,Hispanic,03/2022,6,2.5,4.667,
Census Tract,09001073200,Hispanic,04/2022,5,3.5,4.333,
Census Tract,09001073200,Hispanic,05/2022,3,3,4.667,
Census Tract,09001073200,Hispanic,06/2022,4,3,3.667,
Census Tract,09001073200,Hispanic,07/2022,4,3,3.667,
Census Tract,09001073200,Hispanic,08/2022,5,3.5,5.667,
Census Tract,09001073200,Hispanic,09/2022,1,3,2.333,
Census Tract,09001073200,Hispanic,10/2022,7,3,4,
Census Tract,09001073200,Hispanic,11/2022,9,2,2,
Census Tract,09001073200,Hispanic,12/2022,0,1.5,4,
Census Tract,09001073200,Hispanic,01/2023,2,4,4.333,
Census Tract,09001073200,Hispanic,02/2023,9,7.5,3,
Census Tract,09001073200,Hispanic,03/2023,4,2.5,4.667,
Census Tract,09001073200,Hispanic,04/2023,3,3.5,4.333,
Census Tract,09001073200,Hispanic,05/2023,2,3,4.667,
Census Tract,09001073200,Hispanic,06/2023,4,3,3.667,
Census Tract,09001073200,Hispanic,07/2023,5,3,3.667,
Census Tract,09001073200,Hispanic,08/2023,3,3.5,5.667,
Census Tract,09001073200,Hispanic,09/2023,4,3,2.333,
Census Tract,09001073200,Hispanic,10/2023,3,3,4,
Census Tract,09001073200,Hispanic,11/2023,3,2,2,
Census Tract,09001073200,Hispanic,12/2023,3,1.5,4,
Census Tract,09001073200,Hispanic,01/2024,6,4,4.333,
Census Tract,09001073200,Hispanic,02/2024,6,7.5,3,
Census Tract,09001073200,Hispanic,03/2024,1,2.5,4.667,
Census Tract,09001073200,Hispanic,04/2024,4,3.5,4.333,
Census Tract,09001073200,Hispanic,05/2024,4,3,4.667,
Census Tract,09001073200,Hispanic,06/2024,2,3,3.667,
Census Tract,09001073200,Hispanic,07/2024,1,3,3.667,
Census Tract,09001073200,Hispanic,08/2024,4,3.5,5.667,
Census Tract,09001073200,Hispanic,09/2024,2,3,2.333,
Census Tract,09001073200,Hispanic,10/2024,3,3,4,
Census Tract,09001073200,Hispanic,11/2024,1,2,2,
Census Tract,09001073200,Hispanic,12/2024,0,1.5,4,
Census Tract,09001073200,Hispanic,01/2025,6,4,4.333,
Census Tract,09001073200,Hispanic,02/2025,0,7.5,3,
Census Tract,09001073200,Hispanic,03/2025,5,2.5,4.667,
Census Tract,09001073200,Hispanic,04/2025,2,3.5,4.333,
Census Tract,09001073200,Hispanic,05/2025,2,3,4.667,
Census Tract,09001073200,Hispanic,06/2025,1,3,3.667,
Census Tract,09001073200,Hispanic,07/2025,6,3,3.667,
Census Tract,09001073200,Hispanic,08/2025,0,3.5,5.667,
Census Tract,09001073200,Hispanic,09/2025,3,3,2.333,
Census Tract,09001073200,Hispanic,10/2025,0,0,0.333,2025-10-04
Census Tract,09001073300,Other,01/2020,11,3.5,4,
Census Tract,09001073300,Other,02/2020,1,5,5.333,
Census Tract,09001073300,Other,03/2020,3,3.5,7.667,
Census Tract,09001073300,Other,04/2020,0,1.5,6.667,
Census Tract,09001073300,Other,05/2020,0,5.5,8,
Census Tract,09001073300,Other,06/2020,0,8,4,
Census Tract,09001073300,Other,07/2020,1,3.5,9.667,
Census Tract,09001073300,Other,08/2020,0,3.5,4.333,
Census Tract,09001073300,Other,09/2020,0,6,5.333,
Census Tract,09001073300,Other,10/2020,0,6,7,
Census Tract,09001073300,Other,11/2020,2,5,4.333,
Census Tract,09001073300,Other,12/2020,4,7.5,6.667,
Census Tract,09001073300,Other,01/2021,2,3.5,4,
Census Tract,09001073300,Other,02/2021,1,4.5,5.333,
Census Tract,09001073300,Other,03/2021,5,3.5,7.667,
Census Tract,09001073300,Other,04/2021,7,1.5,6.667,
Census Tract,09001073300,Other,05/2021,3,5.5,8,
Census Tract,09001073300,Other,06/2021,0,8,4,
Census Tract,09001073300,Other,07/2021,0,3.5,9.667,
Census Tract,09001073300,Other,08/2021,2,3.5,4.333,
Census Tract,09001073300,Other,09/2021,2,6,5.333,
Census Tract,09001073300,Other,10/2021,1,6,7,
Census Tract,09001073300,Other,11/2021,1,5,4.333,
Census Tract,09001073300,Other,12/2021,2,7.5,6.667,
Census Tract,09001073300,Other,01/2022,3,3.5,4,
Census Tract,09001073300,Other,02/2022,4,4.5,5.333,
Census Tract,09001073300,Other,03/2022,10,3.5,7.667,
Census Tract,09001073300,Other,04/2022,5,1.5,6.667,
Census Tract,09001073300,Other,05/2022,2,5.5,8,
Census Tract,09001073300,Other,06/2022,7,8,4,
Census Tract,09001073300,Other,07/2022,6,3.5,9.667,
Census Tract,09001073300,Other,08/2022,7,3.5,4.333,
Census Tract,09001073300,Other,09/2022,6,6,5.333,
Census Tract,09001073300,Other,10/2022,14,6,7,
Census Tract,09001073300,Other,11/2022,13,5,4.333,
Census Tract,09001073300,Other,12/2022,4,7.5,6.667,
Census Tract,09001073300,Other,01/2023,1,3.5,4,
Census Tract,09001073300,Other,02/2023,6,4.5,5.333,
Census Tract,09001073300,Other,03/2023,4,3.5,7.667,
Census Tract,09001073300,Other,04/2023,1,1.5,6.667,
Census Tract,09001073300,Other,05/2023,6,5.5,8,
Census Tract,09001073300,Other,06/2023,8,8,4,
Census Tract,09001073300,Other,07/2023,2,3.5,9.667,
Census Tract,09001073300,Other,08/2023,4,3.5,4.333,
Census Tract,09001073300,Other,09/2023,8,6,5.333,
Census Tract,09001073300,Other,10/2023,5,6,7,
Census Tract,09001073300,Other,11/2023,3,5,4.333,
Census Tract,09001073300,Other,12/2023,12,7.5,6.667,
Census Tract,09001073300,Other,01/2024,6,3.5,4,
Census Tract,09001073300,Other,02/2024,4,5,5.333,
Census Tract,09001073300,Other,03/2024,3,3.5,7.667,
Census Tract,09001073300,Other,04/2024,2,1.5,6.667,
Census Tract,09001073300,Other,05/2024,5,5.5,8,
Census Tract,09001073300,Other,06/2024,8,8,4,
Census Tract,09001073300,Other,07/2024,5,3.5,9.667,
Census Tract,09001073300,Other,08/2024,3,3.5,4.333,
Census Tract,09001073300,Other,09/2024,4,6,5.333,
Census Tract,09001073300,Other,10/2024,7,6,7,
Census Tract,09001073300,Other,11/2024,7,5,4.333,
Census Tract,09001073300,Other,12/2024,3,7.5,6.667,
Census Tract,09001073300,Other,01/2025,7,3.5,4,
Census Tract,09001073300,Other,02/2025,3,4.5,5.333,
Census Tract,09001073300,Other,03/2025,4,3.5,7.667,
Census Tract,09001073300,Other,04/2025,3,1.5,6.667,
Census Tract,09001073300,Other,05/2025,1,5.5,8,
Census Tract,09001073300,Other,06/2025,8,8,4,
Census Tract,09001073300,Other,07/2025,1,3.5,9.667,
Census Tract,09001073300,Other,08/2025,0,3.5,4.333,
Census Tract,09001073300,Other,09/2025,3,6,5.333,
Census Tract,09001073300,Other,10/2025,0,1,2,2025-10-04
Census Tract,09001073400,Hispanic,01/2020,2,3.5,3,
Census Tract,09001073400,Hispanic,02/2020,2,4,4,
Census Tract,09001073400,Hispanic,03/2020,4,2.5,3.667,
Census Tract,09001073400,Hispanic,04/2020,0,3,2.333,
Census Tract,09001073400,Hispanic,05/2020,0,3.5,5,
Census Tract,09001073400,Hispanic,06/2020,0,4,3,
Census Tract,09001073400,Hispanic,07/2020,0,4.5,3,
Census Tract,09001073400,Hispanic,08/2020,0,3.5,4.667,
Census Tract,09001073400,Hispanic,09/2020,2,4.5,4.667,
Census Tract,09001073400,Hispanic,10/2020,1,4.5,6.333,
Census Tract,09001073400,Hispanic,11/2020,1,2,2.333,
Census Tract,09001073400,Hispanic,12/2020,0,5.5,0.333,
Census Tract,09001073400,Hispanic,01/2021,4,3.5,3,
Census Tract,09001073400,Hispanic,02/2021,2,4,4,
Census Tract,09001073400,Hispanic,03/2021,5,2.5,3.667,
Census Tract,09001073400,Hispanic,04/2021,0,3,2.333,
Census Tract,09001073400,Hispanic,05/2021,2,3.5,5,
Census Tract,09001073400,Hispanic,06/2021,2,4,3,
Census Tract,09001073400,Hispanic,07/2021,1,4.5,3,
Census Tract,09001073400,Hispanic,08/2021,2,3.5,4.667,
Census Tract,09001073400,Hispanic,09/2021,3,4.5,4.667,
Census Tract,09001073400,Hispanic,10/2021,4,4.5,6.333,
Census Tract,09001073400,Hispanic,11/2021,4,2,2.333,
Census Tract,09001073400,Hispanic,12/2021,2,5.5,0.333,
Census Tract,09001073400,Hispanic,01/2022,2,3.5,3,
Census Tract,09001073400,Hispanic,02/2022,3,4,4,
Census Tract,09001073400,Hispanic,03/2022,2,2.5,3.667,
Census Tract,09001073400,Hispanic,04/2022,2,3,2.333,
Census Tract,09001073400,Hispanic,05/2022,4,3.5,5,
Census Tract,09001073400,Hispanic,06/2022,4,4,3,
Census Tract,09001073400,Hispanic,07/2022,2,4.5,3,
Census Tract,09001073400,Hispanic,08/2022,2,3.5,4.667,
Census Tract,09001073400,Hispanic,09/2022,6,4.5,4.667,
Census Tract,09001073400,Hispanic,10/2022,2,4.5,6.333,
Census Tract,09001073400,Hispanic,11/2022,10,2,2.333,
Census Tract,09001073400,Hispanic,12/2022,1,5.5,0.333,
Census Tract,09001073400,Hispanic,01/2023,6,3.5,3,
Census Tract,09001073400,Hispanic,02/2023,3,4,4,
Census Tract,09001073400,Hispanic,03/2023,3,2.5,3.667,
Census Tract,09001073400,Hispanic,04/2023,3,3,2.333,
Census Tract,09001073400,Hispanic,05/2023,4,3.5,5,
Census Tract,09001073400,Hispanic,06/2023,4,4,3,
Census Tract,09001073400,Hispanic,07/2023,5,4.5,3,
Census Tract,09001073400,Hispanic,08/2023,3,3.5,4.667,
Census Tract,09001073400,Hispanic,09/2023,7,4.5,4.667,
Census Tract,09001073400,Hispanic,10/2023,5,4.5,6.333,
Census Tract,09001073400,Hispanic,11/2023,1,2,2.333,
Census Tract,09001073400,Hispanic,12/2023,7,5.5,0.333,
Census Tract,09001073400,Hispanic,01/2024,1,3.5,3,
Census Tract,09001073400,Hispanic,02/2024,5,4,4,
Census Tract,09001073400,Hispanic,03/2024,2,2.5,3.667,
Census Tract,09001073400,Hispanic,04/2024,3,3,2.333,
Census Tract,09001073400,Hispanic,05/2024,3,3.5,5,
Census Tract,09001073400,Hispanic,06/2024,4,4,3,
Census Tract,09001073400,Hispanic,07/2024,4,4.5,3,
Census Tract,09001073400,Hispanic,08/2024,4,3.5,4.667,
Census Tract,09001073400,Hispanic,09/2024,2,4.5,4.667,
Census Tract,09001073400,Hispanic,10/2024,4,4.5,6.333,
Census Tract,09001073400,Hispanic,11/2024,3,2,2.333,
Census Tract,09001073400,Hispanic,12/2024,4,5.5,0.333,
Census Tract,09001073400,Hispanic,01/2025,1,3.5,3,
Census Tract,09001073400,Hispanic,02/2025,1,4,4,
Census Tract,09001073400,Hispanic,03/2025,1,2.5,3.667,
Census Tract,09001073400,Hispanic,04/2025,1,3,2.333,
Census Tract,09001073400,Hispanic,05/2025,1,3.5,5,
Census Tract,09001073400,Hispanic,06/2025,3,4,3,
Census Tract,09001073400,Hispanic,07/2025,2,4.5,3,
Census Tract,09001073400,Hispanic,08/2025,0,3.5,4.667,
Census Tract,09001073400,Hispanic,09/2025,5,4.5,4.667,
Census Tract,09001073400,Hispanic,10/2025,0,1,1,2025-10-04
Census Tract,09001073500,Hispanic,01/2020,4,3.5,8,
Census Tract,09001073500,Hispanic,02/2020,3,8,4,
Census Tract,09001073500,Hispanic,03/2020,1,5,1.667,
Census Tract,09001073500,Hispanic,04/2020,0,4.5,4.667,
Census Tract,09001073500,Hispanic,05/2020,0,6,4.333,
Census Tract,09001073500,Hispanic,06/2020,0,6,10.333,
Census Tract,09001073500,Hispanic,07/2020,0,3.5,7.333,
Census Tract,09001073500,Hispanic,08/2020,0,6.5,5.667,
Census Tract,09001073500,Hispanic,09/2020,0,7,6.667,
Census Tract,09001073500,Hispanic,10/2020,0,9,9.333,
Census Tract,09001073500,Hispanic,11/2020,1,4.5,6,
Census Tract,09001073500,Hispanic,12/2020,4,4,7.333,
Census Tract,09001073500,Hispanic,01/2021,2,3.5,8,
Census Tract,09001073500,Hispanic,02/2021,0,7.5,4,
Census Tract,09001073500,Hispanic,03/2021,3,5,1.667,
Census Tract,09001073500,Hispanic,04/2021,6,4.5,4.667,
Census Tract,09001073500,Hispanic,05/2021,2,6,4.333,
Census Tract,09001073500,Hispanic,06/2021,3,6,10.333,
Census Tract,09001073500,Hispanic,07/2021,3,3.5,7.333,
Census Tract,09001073500,Hispanic,08/2021,1,6.5,5.667,
Census Tract,09001073500,Hispanic,09/2021,5,7,6.667,
Census Tract,09001073500,Hispanic,10/2021,2,9,9.333,
Census Tract,09001073500,Hispanic,11/2021,3,4.5,6,
Census Tract,09001073500,Hispanic,12/2021,2,4,7.333,
Census Tract,09001073500,Hispanic,01/2022,5,3.5,8,
Census Tract,09001073500,Hispanic,02/2022,5,7.5,4,
Census Tract,09001073500,Hispanic,03/2022,8,5,1.667,
Census Tract,09001073500,Hispanic,04/2022,11,4.5,4.667,
Census Tract,09001073500,Hispanic,05/2022,9,6,4.333,
Census Tract,09001073500,Hispanic,06/2022,2,6,10.333,
Census Tract,09001073500,Hispanic,07/2022,4,3.5,7.333,
Census Tract,09001073500,Hispanic,08/2022,6,6.5,5.667,
Census Tract,09001073500,Hispanic,09/2022,5,7,6.667,
Census Tract,09001073500,Hispanic,10/2022,8,9,9.333,
Census Tract,09001073500,Hispanic,11/2022,10,4.5,6,
Census Tract,09001073500,Hispanic,12/2022,4,4,7.333,
Census Tract,09001073500,Hispanic,01/2023,2,3.5,8,
Census Tract,09001073500,Hispanic,02/2023,8,7.5,4,
Census Tract,09001073500,Hispanic,03/2023,6,5,1.667,
Census Tract,09001073500,Hispanic,04/2023,4,4.5,4.667,
Census Tract,09001073500,Hispanic,05/2023,8,6,4.333,
Census Tract,09001073500,Hispanic,06/2023,10,6,10.333,
Census Tract,09001073500,Hispanic,07/2023,6,3.5,7.333,
Census Tract,09001073500,Hispanic,08/2023,6,6.5,5.667,
Census Tract,09001073500,Hispanic,09/2023,11,7,6.667,
Census Tract,09001073500,Hispanic,10/2023,8,9,9.333,
Census Tract,09001073500,Hispanic,11/2023,7,4.5,6,
Census Tract,09001073500,Hispanic,12/2023,5,4,7.333,
Census Tract,09001073500,Hispanic,01/2024,5,3.5,8,
Census Tract,09001073500,Hispanic,02/2024,8,8,4,
Census Tract,09001073500,Hispanic,03/2024,4,5,1.667,
Census Tract,09001073500,Hispanic,04/2024,5,4.5,4.667,
Census Tract,09001073500,Hispanic,05/2024,4,6,4.333,
Census Tract,09001073500,Hispanic,06/2024,2,6,10.333,
Census Tract,09001073500,Hispanic,07/2024,1,3.5,7.333,
Census Tract,09001073500,Hispanic,08/2024,7,6.5,5.667,
Census Tract,09001073500,Hispanic,09/2024,3,7,6.667,
Census Tract,09001073500,Hispanic,10/2024,10,9,9.333,
Census Tract,09001073500,Hispanic,11/2024,2,4.5,6,
Census Tract,09001073500,Hispanic,12/2024,3,4,7.333,
Census Tract,09001073500,Hispanic,01/2025,7,3.5,8,
Census Tract,09001073500,Hispanic,02/2025,1,7.5,4,
Census Tract,09001073500,Hispanic,03/2025,5,5,1.667,
Census Tract,09001073500,Hispanic,04/2025,5,4.5,4.667,
Census Tract,09001073500,Hispanic,05/2025,5,6,4.333,
Census Tract,09001073500,Hispanic,06/2025,4,6,10.333,
Census Tract,09001073500,Hispanic,07/2025,3,3.5,7.333,
Census Tract,09001073500,Hispanic,08/2025,0,6.5,5.667,
Census Tract,09001073500,Hispanic,09/2025,2,7,6.667,
Census Tract,09001073500,Hispanic,10/2025,0,2.5,0.667,2025-10-04
Census Tract,09001073600,Hispanic,01/2020,7,6.5,4,
Census Tract,09001073600,Hispanic,02/2020,4,5.5,4.667,
Census Tract,09001073600,Hispanic,03/2020,4,4,5,
Census Tract,09001073600,Hispanic,04/2020,0,4.5,3.333,
Census Tract,09001073600,Hispanic,05/2020,0,2,4,
Census Tract,09001073600,Hispanic,06/2020,0,2.5,2.667,
Census Tract,09001073600,Hispanic,07/2020,0,4.5,5,
Census Tract,09001073600,Hispanic,08/2020,0,4.5,4.667,
Census Tract,09001073600,Hispanic,09/2020,0,6.5,3,
Census Tract,09001073600,Hispanic,10/2020,1,6,2.333,
Census Tract,09001073600,Hispanic,11/2020,0,2,4.333,
Census Tract,09001073600,Hispanic,12/2020,1,3,4.667,
Census Tract,09001073600,Hispanic,01/2021,2,6.5,4,
Census Tract,09001073600,Hispanic,02/2021,0,5.5,4.667,
Census Tract,09001073600,Hispanic,03/2021,3,4,5,
Census Tract,09001073600,Hispanic,04/2021,1,4.5,3.333,
Census Tract,09001073600,Hispanic,05/2021,0,2,4,
Census Tract,09001073600,Hispanic,06/2021,6,2.5,2.667,
Census Tract,09001073600,Hispanic,07/2021,0,4.5,5,
Census Tract,09001073600,Hispanic,08/2021,1,4.5,4.667,
Census Tract,09001073600,Hispanic,09/2021,1,6.5,3,
Census Tract,09001073600,Hispanic,10/2021,1,6,2.333,
Census Tract,09001073600,Hispanic,11/2021,1,2,4.333,
Census Tract,09001073600,Hispanic,12/2021,3,3,4.667,
Census Tract,09001073600,Hispanic,01/2022,5,6.5,4,
Census Tract,09001073600,Hispanic,02/2022,6,5.5,4.667,
Census Tract,09001073600,Hispanic,03/2022,6,4,5,
Census Tract,09001073600,Hispanic,04/2022,3,4.5,3.333,
Census Tract,09001073600,Hispanic,05/2022,5,2,4,
Census Tract,09001073600,Hispanic,06/2022,4,2.5,2.667,
Census Tract,09001073600,Hispanic,07/2022,2,4.5,5,
Census Tract,09001073600,Hispanic,08/2022,2,4.5,4.667,
Census Tract,09001073600,Hispanic,09/2022,6,6.5,3,
Census Tract,09001073600,Hispanic,10/2022,4,6,2.333,
Census Tract,09001073600,Hispanic,11/2022,4,2,4.333,
Census Tract,09001073600,Hispanic,12/2022,5,3,4.667,
Census Tract,09001073600,Hispanic,01/2023,8,6.5,4,
Census Tract,09001073600,Hispanic,02/2023,3,5.5,4.667,
Census Tract,09001073600,Hispanic,03/2023,2,4,5,
Census Tract,09001073600,Hispanic,04/2023,5,4.5,3.333,
Census Tract,09001073600,Hispanic,05/2023,2,2,4,
Census Tract,09001073600,Hispanic,06/2023,4,2.5,2.667,
Census Tract,09001073600,Hispanic,07/2023,4,4.5,5,
Census Tract,09001073600,Hispanic,08/2023,6,4.5,4.667,
Census Tract,09001073600,Hispanic,09/2023,4,6.5,3,
Census Tract,09001073600,Hispanic,10/2023,6,6,2.333,
Census Tract,09001073600,Hispanic,11/2023,3,2,4.333,
Census Tract,09001073600,Hispanic,12/2023,3,3,4.667,
Census Tract,09001073600,Hispanic,01/2024,5,6.5,4,
Census Tract,09001073600,Hispanic,02/2024,8,5.5,4.667,
Census Tract,09001073600,Hispanic,03/2024,6,4,5,
Census Tract,09001073600,Hispanic,04/2024,4,4.5,3.333,
Census Tract,09001073600,Hispanic,05/2024,2,2,4,
Census Tract,09001073600,Hispanic,06/2024,1,2.5,2.667,
Census Tract,09001073600,Hispanic,07/2024,5,4.5,5,
Census Tract,09001073600,Hispanic,08/2024,3,4.5,4.667,
Census Tract,09001073600,Hispanic,09/2024,9,6.5,3,
Census Tract,09001073600,Hispanic,10/2024,6,6,2.333,
Census Tract,09001073600,Hispanic,11/2024,1,2,4.333,
Census Tract,09001073600,Hispanic,12/2024,3,3,4.667,
Census Tract,09001073600,Hispanic,01/2025,3,6.5,4,
Census Tract,09001073600,Hispanic,02/2025,5,5.5,4.667,
Census Tract,09001073600,Hispanic,03/2025,4,4,5,
Census Tract,09001073600,Hispanic,04/2025,6,4.5,3.333,
Census Tract,09001073600,Hispanic,05/2025,1,2,4,
Census Tract,09001073600,Hispanic,06/2025,0,2.5,2.667,
Census Tract,09001073600,Hispanic,07/2025,2,4.5,5,
Census Tract,09001073600,Hispanic,08/2025,0,4.5,4.667,
Census Tract,09001073600,Hispanic,09/2025,2,6.5,3,
Census Tract,09001073600,Hispanic,10/2025,1,2.5,0.333,2025-10-04
Census Tract,09001073700,Other,01/2020,4,9.5,7,
Census Tract,09001073700,Other,02/2020,6,6.5,4.667,
Census Tract,09001073700,Other,03/2020,2,4.5,7.333,
Census Tract,09001073700,Other,04/2020,1,6,6.667,
Census Tract,09001073700,Other,05/2020,0,8,10.333,
Census Tract,09001073700,Other,06/2020,0,12.5,5,
Census Tract,09001073700,Other,07/2020,1,5,7.333,
Census Tract,09001073700,Other,08/2020,1,8,6.667,
Census Tract,09001073700,Other,09/2020,0,6,7.667,
Census Tract,09001073700,Other,10/2020,1,6,13.333,
Census Tract,09001073700,Other,11/2020,2,8,9.667,
Census Tract,09001073700,Other,12/2020,3,6.5,7.667,
Census Tract,09001073700,Other,01/2021,6,9.5,7,
Census Tract,09001073700,Other,02/2021,2,6.5,4.667,
Census Tract,09001073700,Other,03/2021,2,4.5,7.333,
Census Tract,09001073700,Other,04/2021,3,6,6.667,
Census Tract,09001073700,Other,05/2021,3,8,10.333,
Census Tract,09001073700,Other,06/2021,9,12.5,5,
Census Tract,09001073700,Other,07/2021,4,5,7.333,
Census Tract,09001073700,Other,08/2021,2,8,6.667,
Census Tract,09001073700,Other,09/2021,3,6,7.667,
Census Tract,09001073700,Other,10/2021,5,6,13.333,
Census Tract,09001073700,Other,11/2021,1,8,9.667,
Census Tract,09001073700,Other,12/2021,5,6.5,7.667,
Census Tract,09001073700,Other,01/2022,7,9.5,7,
Census Tract,09001073700,Other,02/2022,4,6.5,4.667,
Census Tract,09001073700,Other,03/2022,8,4.5,7.333,
Census Tract,09001073700,Other,04/2022,6,6,6.667,
Census Tract,09001073700,Other,05/2022,10,8,10.333,
Census Tract,09001073700,Other,06/2022,7,12.5,5,
Census Tract,09001073700,Other,07/2022,8,5,7.333,
Census Tract,09001073700,Other,08/2022,11,8,6.667,
Census Tract,09001073700,Other,09/2022,8,6,7.667,
Census Tract,09001073700,Other,10/2022,13,6,13.333,
Census Tract,09001073700,Other,11/2022,8,8,9.667,
Census Tract,09001073700,Other,12/2022,11,6.5,7.667,
Census Tract,09001073700,Other,01/2023,13,9.5,7,
Census Tract,09001073700,Other,02/2023,7,6.5,4.667,
Census Tract,09001073700,Other,03/2023,5,4.5,7.333,
Census Tract,09001073700,Other,04/2023,1,6,6.667,
Census Tract,09001073700,Other,05/2023,11,8,10.333,
Census Tract,09001073700,Other,06/2023,7,12.5,5,
Census Tract,09001073700,Other,07/2023,6,5,7.333,
Census Tract,09001073700,Other,08/2023,8,8,6.667,
Census Tract,09001073700,Other,09/2023,7,6,7.667,
Census Tract,09001073700,Other,10/2023,6,6,13.333,
Census Tract,09001073700,Other,11/2023,7,8,9.667,
Census Tract,09001073700,Other,12/2023,10,6.5,7.667,
Census Tract,09001073700,Other,01/2024,6,9.5,7,
Census Tract,09001073700,Other,02/2024,6,6.5,4.667,
Census Tract,09001073700,Other,03/2024,4,4.5,7.333,
Census Tract,09001073700,Other,04/2024,11,6,6.667,
Census Tract,09001073700,Other,05/2024,5,8,10.333,
Census Tract,09001073700,Other,06/2024,18,12.5,5,
Census Tract,09001073700,Other,07/2024,4,5,7.333,
Census Tract,09001073700,Other,08/2024,8,8,6.667,
Census Tract,09001073700,Other,09/2024,5,6,7.667,
Census Tract,09001073700,Other,10/2024,6,6,13.333,
Census Tract,09001073700,Other,11/2024,9,8,9.667,
Census Tract,09001073700,Other,12/2024,3,6.5,7.667,
Census Tract,09001073700,Other,01/2025,5,9.5,7,
Census Tract,09001073700,Other,02/2025,6,6.5,4.667,
Census Tract,09001073700,Other,03/2025,6,4.5,7.333,
Census Tract,09001073700,Other,04/2025,4,6,6.667,
Census Tract,09001073700,Other,05/2025,8,8,10.333,
Census Tract,09001073700,Other,06/2025,5,12.5,5,
Census Tract,09001073700,Other,07/2025,4,5,7.333,
Census Tract,09001073700,Other,08/2025,0,8,6.667,
Census Tract,09001073700,Other,09/2025,5,6,7.667,
Census Tract,09001073700,Other,10/2025,0,1,2.333,2025-10-04
Census Tract,09001073800,Hispanic,01/2020,6,7,5.333,
Census Tract,09001073800,Hispanic,02/2020,5,7,5,
Census Tract,09001073800,Hispanic,03/2020,2,6,6.667,
Census Tract,09001073800,Hispanic,04/2020,1,3.5,4,
Census Tract,09001073800,Hispanic,05/2020,0,4.5,7,
Census Tract,09001073800,Hispanic,06/2020,0,5,6.333,
Census Tract,09001073800,Hispanic,07/2020,1,5.5,10,
Census Tract,09001073800,Hispanic,08/2020,0,7,6.333,
Census Tract,09001073800,Hispanic,09/2020,1,4.5,7,
Census Tract,09001073800,Hispanic,10/2020,1,5.5,5.667,
Census Tract,09001073800,Hispanic,11/2020,0,7,5.333,
Census Tract,09001073800,Hispanic,12/2020,3,7,5,
Census Tract,09001073800,Hispanic,01/2021,1,7,5.333,
Census Tract,09001073800,Hispanic,02/2021,1,7,5,
Census Tract,09001073800,Hispanic,03/2021,4,6,6.667,
Census Tract,09001073800,Hispanic,04/2021,2,3.5,4,
Census Tract,09001073800,Hispanic,05/2021,0,4.5,7,
Census Tract,09001073800,Hispanic,06/2021,9,5,6.333,
Census Tract,09001073800,Hispanic,07/2021,1,5.5,10,
Census Tract,09001073800,Hispanic,08/2021,1,7,6.333,
Census Tract,09001073800,Hispanic,09/2021,2,4.5,7,
Census Tract,09001073800,Hispanic,10/2021,1,5.5,5.667,
Census Tract,09001073800,Hispanic,11/2021,3,7,5.333,
Census Tract,09001073800,Hispanic,12/2021,3,7,5,
Census Tract,09001073800,Hispanic,01/2022,7,7,5.333,
Census Tract,09001073800,Hispanic,02/2022,3,7,5,
Census Tract,09001073800,Hispanic,03/2022,6,6,6.667,
Census Tract,09001073800,Hispanic,04/2022,3,3.5,4,
Census Tract,09001073800,Hispanic,05/2022,9,4.5,7,
Census Tract,09001073800,Hispanic,06/2022,4,5,6.333,
Census Tract,09001073800,Hispanic,07/2022,7,5.5,10,
Census Tract,09001073800,Hispanic,08/2022,5,7,6.333,
Census Tract,09001073800,Hispanic,09/2022,6,4.5,7,
Census Tract,09001073800,Hispanic,10/2022,12,5.5,5.667,
Census Tract,09001073800,Hispanic,11/2022,7,7,5.333,
Census Tract,09001073800,Hispanic,12/2022,6,7,5,
Census Tract,09001073800,Hispanic,01/2023,2,7,5.333,
Census Tract,09001073800,Hispanic,02/2023,7,7,5,
Census Tract,09001073800,Hispanic,03/2023,4,6,6.667,
Census Tract,09001073800,Hispanic,04/2023,5,3.5,4,
Census Tract,09001073800,Hispanic,05/2023,5,4.5,7,
Census Tract,09001073800,Hispanic,06/2023,4,5,6.333,
Census Tract,09001073800,Hispanic,07/2023,5,5.5,10,
Census Tract,09001073800,Hispanic,08/2023,7,7,6.333,
Census Tract,09001073800,Hispanic,09/2023,5,4.5,7,
Census Tract,09001073800,Hispanic,10/2023,8,5.5,5.667,
Census Tract,09001073800,Hispanic,11/2023,7,7,5.333,
Census Tract,09001073800,Hispanic,12/2023,14,7,5,
Census Tract,09001073800,Hispanic,01/2024,12,7,5.333,
Census Tract,09001073800,Hispanic,02/2024,7,7,5,
Census Tract,09001073800,Hispanic,03/2024,8,6,6.667,
Census Tract,09001073800,Hispanic,04/2024,2,3.5,4,
Census Tract,09001073800,Hispanic,05/2024,4,4.5,7,
Census Tract,09001073800,Hispanic,06/2024,6,5,6.333,
Census Tract,09001073800,Hispanic,07/2024,6,5.5,10,
Census Tract,09001073800,Hispanic,08/2024,7,7,6.333,
Census Tract,09001073800,Hispanic,09/2024,4,4.5,7,
Census Tract,09001073800,Hispanic,10/2024,3,5.5,5.667,
Census Tract,09001073800,Hispanic,11/2024,7,7,5.333,
Census Tract,09001073800,Hispanic,12/2024,0,7,5,
Census Tract,09001073800,Hispanic,01/2025,1,7,5.333,
Census Tract,09001073800,Hispanic,02/2025,6,7,5,
Census Tract,09001073800,Hispanic,03/2025,4,6,6.667,
Census Tract,09001073800,Hispanic,04/2025,2,3.5,4,
Census Tract,09001073800,Hispanic,05/2025,5,4.5,7,
Census Tract,09001073800,Hispanic,06/2025,4,5,6.333,
Census Tract,09001073800,Hispanic,07/2025,0,5.5,10,
Census Tract,09001073800,Hispanic,08/2025,0,7,6.333,
Census Tract,09001073800,Hispanic,09/2025,4,4.5,7,
Census Tract,09001073800,Hispanic,10/2025,0,2,0.333,2025-10-04
Census Tract,09001073900,Hispanic,01/2020,4,2,6.667,
Census Tract,09001073900,Hispanic,02/2020,1,10,1.667,
Census Tract,09001073900,Hispanic,03/2020,4,4,6.333,
Census Tract,09001073900,Hispanic,04/2020,0,5.5,8.333,
Census Tract,09001073900,Hispanic,05/2020,0,9,5,
Census Tract,09001073900,Hispanic,06/2020,0,6,7,
Census Tract,09001073900,Hispanic,07/2020,0,4,5.333,
Census Tract,09001073900,Hispanic,08/2020,0,6,7.333,
Census Tract,09001073900,Hispanic,09/2020,1,6,8.333,
Census Tract,09001073900,Hispanic,10/2020,2,3.5,7.333,
Census Tract,09001073900,Hispanic,11/2020,1,6,8.667,
Census Tract,09001073900,Hispanic,12/2020,1,6,7.667,
Census Tract,09001073900,Hispanic,01/2021,3,2,6.667,
Census Tract,09001073900,Hispanic,02/2021,0,10,1.667,
Census Tract,09001073900,Hispanic,03/2021,1,4,6.333,
Census Tract,09001073900,Hispanic,04/2021,4,5.5,8.333,
Census Tract,09001073900,Hispanic,05/2021,0,9,5,
Census Tract,09001073900,Hispanic,06/2021,1,6,7,
Census Tract,09001073900,Hispanic,07/2021,3,4,5.333,
Census Tract,09001073900,Hispanic,08/2021,10,6,7.333,
Census Tract,09001073900,Hispanic,09/2021,1,6,8.333,
Census Tract,09001073900,Hispanic,10/2021,4,3.5,7.333,
Census Tract,09001073900,Hispanic,11/2021,0,6,8.667,
Census Tract,09001073900,Hispanic,12/2021,5,6,7.667,
Census Tract,09001073900,Hispanic,01/2022,2,2,6.667,
Census Tract,09001073900,Hispanic,02/2022,7,10,1.667,
Census Tract,09001073900,Hispanic,03/2022,10,4,6.333,
Census Tract,09001073900,Hispanic,04/2022,4,5.5,8.333,
Census Tract,09001073900,Hispanic,05/2022,6,9,5,
Census Tract,09001073900,Hispanic,06/2022,11,6,7,
Census Tract,09001073900,Hispanic,07/2022,19,4,5.333,
Census Tract,09001073900,Hispanic,08/2022,3,6,7.333,
Census Tract,09001073900,Hispanic,09/2022,4,6,8.333,
Census Tract,09001073900,Hispanic,10/2022,1,3.5,7.333,
Census Tract,09001073900,Hispanic,11/2022,4,6,8.667,
Census Tract,09001073900,Hispanic,12/2022,1,6,7.667,
Census Tract,09001073900,Hispanic,01/2023,2,2,6.667,
Census Tract,09001073900,Hispanic,02/2023,7,10,1.667,
Census Tract,09001073900,Hispanic,03/2023,3,4,6.333,
Census Tract,09001073900,Hispanic,04/2023,7,5.5,8.333,
Census Tract,09001073900,Hispanic,05/2023,14,9,5,
Census Tract,09001073900,Hispanic,06/2023,9,6,7,
Census Tract,09001073900,Hispanic,07/2023,3,4,5.333,
Census Tract,09001073900,Hispanic,08/2023,6,6,7.333,
Census Tract,09001073900,Hispanic,09/2023,5,6,8.333,
Census Tract,09001073900,Hispanic,10/2023,3,3.5,7.333,
Census Tract,09001073900,Hispanic,11/2023,8,6,8.667,
Census Tract,09001073900,Hispanic,12/2023,4,6,7.667,
Census Tract,09001073900,Hispanic,01/2024,2,2,6.667,
Census Tract,09001073900,Hispanic,02/2024,13,10,1.667,
Census Tract,09001073900,Hispanic,03/2024,5,4,6.333,
Census Tract,09001073900,Hispanic,04/2024,4,5.5,8.333,
Census Tract,09001073900,Hispanic,05/2024,4,9,5,
Census Tract,09001073900,Hispanic,06/2024,3,6,7,
Census Tract,09001073900,Hispanic,07/2024,5,4,5.333,
Census Tract,09001073900,Hispanic,08/2024,6,6,7.333,
Census Tract,09001073900,Hispanic,09/2024,7,6,8.333,
Census Tract,09001073900,Hispanic,10/2024,4,3.5,7.333,
Census Tract,09001073900,Hispanic,11/2024,4,6,8.667,
Census Tract,09001073900,Hispanic,12/2024,8,6,7.667,
Census Tract,09001073900,Hispanic,01/2025,6,2,6.667,
Census Tract,09001073900,Hispanic,02/2025,3,10,1.667,
Census Tract,09001073900,Hispanic,03/2025,6,4,6.333,
Census Tract,09001073900,Hispanic,04/2025,3,5.5,8.333,
Census Tract,09001073900,Hispanic,05/2025,2,9,5,
Census Tract,09001073900,Hispanic,06/2025,5,6,7,
Census Tract,09001073900,Hispanic,07/2025,1,4,5.333,
Census Tract,09001073900,Hispanic,08/2025,0,6,7.333,
Census Tract,09001073900,Hispanic,09/2025,8,6,8.333,
Census Tract,09001073900,Hispanic,10/2025,0,0.5,0,2025-10-04
Census Tract,09001074000,Hispanic,01/2020,6,1.5,3.667,
Census Tract,09001074000,Hispanic,02/2020,6,5.5,5.333,
Census Tract,09001074000,Hispanic,03/2020,1,6,3,
Census Tract,09001074000,Hispanic,04/2020,0,9,3.333,
Census Tract,09001074000,Hispanic,05/2020,0,4.5,5,
Census Tract,09001074000,Hispanic,06/2020,0,7.5,3.667,
Census Tract,09001074000,Hispanic,07/2020,0,4,7,
Census Tract,09001074000,Hispanic,08/2020,0,5.5,5.333,
Census Tract,09001074000,Hispanic,09/2020,0,1.5,4.667,
Census Tract,09001074000,Hispanic,10/2020,1,6.5,3,
Census Tract,09001074000,Hispanic,11/2020,0,4,4.667,
Census Tract,09001074000,Hispanic,12/2020,0,1.5,4.333,
Census Tract,09001074000,Hispanic,01/2021,3,1.5,3.667,
Census Tract,09001074000,Hispanic,02/2021,1,5.5,5.333,
Census Tract,09001074000,Hispanic,03/2021,2,6,3,
Census Tract,09001074000,Hispanic,04/2021,3,9,3.333,
Census Tract,09001074000,Hispanic,05/2021,4,4.5,5,
Census Tract,09001074000,Hispanic,06/2021,2,7.5,3.667,
Census Tract,09001074000,Hispanic,07/2021,3,4,7,
Census Tract,09001074000,Hispanic,08/2021,2,5.5,5.333,
Census Tract,09001074000,Hispanic,09/2021,3,1.5,4.667,
Census Tract,09001074000,Hispanic,10/2021,0,6.5,3,
Census Tract,09001074000,Hispanic,11/2021,1,4,4.667,
Census Tract,09001074000,Hispanic,12/2021,2,1.5,4.333,
Census Tract,09001074000,Hispanic,01/2022,1,1.5,3.667,
Census Tract,09001074000,Hispanic,02/2022,2,5.5,5.333,
Census Tract,09001074000,Hispanic,03/2022,14,6,3,
Census Tract,09001074000,Hispanic,04/2022,4,9,3.333,
Census Tract,09001074000,Hispanic,05/2022,5,4.5,5,
Census Tract,09001074000,Hispanic,06/2022,2,7.5,3.667,
Census Tract,09001074000,Hispanic,07/2022,3,4,7,
Census Tract,09001074000,Hispanic,08/2022,6,5.5,5.333,
Census Tract,09001074000,Hispanic,09/2022,1,1.5,4.667,
Census Tract,09001074000,Hispanic,10/2022,6,6.5,3,
Census Tract,09001074000,Hispanic,11/2022,5,4,4.667,
Census Tract,09001074000,Hispanic,12/2022,9,1.5,4.333,
Census Tract,09001074000,Hispanic,01/2023,1,1.5,3.667,
Census Tract,09001074000,Hispanic,02/2023,8,5.5,5.333,
Census Tract,09001074000,Hispanic,03/2023,3,6,3,
Census Tract,09001074000,Hispanic,04/2023,6,9,3.333,
Census Tract,09001074000,Hispanic,05/2023,5,4.5,5,
Census Tract,09001074000,Hispanic,06/2023,10,7.5,3.667,
Census Tract,09001074000,Hispanic,07/2023,2,4,7,
Census Tract,09001074000,Hispanic,08/2023,5,5.5,5.333,
Census Tract,09001074000,Hispanic,09/2023,3,1.5,4.667,
Census Tract,09001074000,Hispanic,10/2023,8,6.5,3,
Census Tract,09001074000,Hispanic,11/2023,3,4,4.667,
Census Tract,09001074000,Hispanic,12/2023,2,1.5,4.333,
Census Tract,09001074000,Hispanic,01/2024,2,1.5,3.667,
Census Tract,09001074000,Hispanic,02/2024,3,5.5,5.333,
Census Tract,09001074000,Hispanic,03/2024,9,6,3,
Census Tract,09001074000,Hispanic,04/2024,12,9,3.333,
Census Tract,09001074000,Hispanic,05/2024,4,4.5,5,
Census Tract,09001074000,Hispanic,06/2024,5,7.5,3.667,
Census Tract,09001074000,Hispanic,07/2024,6,4,7,
Census Tract,09001074000,Hispanic,08/2024,6,5.5,5.333,
Census Tract,09001074000,Hispanic,09/2024,0,1.5,4.667,
Census Tract,09001074000,Hispanic,10/2024,5,6.5,3,
Census Tract,09001074000,Hispanic,11/2024,5,4,4.667,
Census Tract,09001074000,Hispanic,12/2024,1,1.5,4.333,
Census Tract,09001074000,Hispanic,01/2025,5,1.5,3.667,
Census Tract,09001074000,Hispanic,02/2025,7,5.5,5.333,
Census Tract,09001074000,Hispanic,03/2025,9,6,3,
Census Tract,09001074000,Hispanic,04/2025,5,9,3.333,
Census Tract,09001074000,Hispanic,05/2025,1,4.5,5,
Census Tract,09001074000,Hispanic,06/2025,6,7.5,3.667,
Census Tract,09001074000,Hispanic,07/2025,1,4,7,
Census Tract,09001074000,Hispanic,08/2025,0,5.5,5.333,
Census Tract,09001074000,Hispanic,09/2025,5,1.5,4.667,
Census Tract,09001074000,Hispanic,10/2025,0,0.5,1,2025-10-04
Census Tract,09001074300,Hispanic,01/2020,16,4.5,11.333,
Census Tract,09001074300,Hispanic,02/2020,11,8.5,5.667,
Census Tract,09001074300,Hispanic,03/2020,5,5.5,6,
Census Tract,09001074300,Hispanic,04/2020,0,6,7.667,
Census Tract,09001074300,Hispanic,05/2020,0,6.5,9.667,
Census Tract,09001074300,Hispanic,06/2020,0,7.5,10.333,
Census Tract,09001074300,Hispanic,07/2020,0,11,8,
Census Tract,09001074300,Hispanic,08/2020,1,10.5,11.667,
Census Tract,09001074300,Hispanic,09/2020,3,8.5,9,
Census Tract,09001074300,Hispanic,10/2020,3,6.5,10.667,
Census Tract,09001074300,Hispanic,11/2020,4,5.5,11.333,
Census Tract,09001074300,Hispanic,12/2020,1,3,8.333,
Census Tract,09001074300,Hispanic,01/2021,7,4.5,11.333,
Census Tract,09001074300,Hispanic,02/2021,4,8.5,5.667,
Census Tract,09001074300,Hispanic,03/2021,7,5.5,6,
Census Tract,09001074300,Hispanic,04/2021,4,6,7.667,
Census Tract,09001074300,Hispanic,05/2021,5,6.5,9.667,
Census Tract,09001074300,Hispanic,06/2021,3,7.5,10.333,
Census Tract,09001074300,Hispanic,07/2021,6,11,8,
Census Tract,09001074300,Hispanic,08/2021,0,10.5,11.667,
Census Tract,09001074300,Hispanic,09/2021,4,8.5,9,
Census Tract,09001074300,Hispanic,10/2021,4,6.5,10.667,
Census Tract,09001074300,Hispanic,11/2021,7,5.5,11.333,
Census Tract,09001074300,Hispanic,12/2021,4,3,8.333,
Census Tract,09001074300,Hispanic,01/2022,3,4.5,11.333,
Census Tract,09001074300,Hispanic,02/2022,5,8.5,5.667,
Census Tract,09001074300,Hispanic,03/2022,11,5.5,6,
Census Tract,09001074300,Hispanic,04/2022,11,6,7.667,
Census Tract,09001074300,Hispanic,05/2022,3,6.5,9.667,
Census Tract,09001074300,Hispanic,06/2022,8,7.5,10.333,
Census Tract,09001074300,Hispanic,07/2022,10,11,8,
Census Tract,09001074300,Hispanic,08/2022,12,10.5,11.667,
Census Tract,09001074300,Hispanic,09/2022,12,8.5,9,
Census Tract,09001074300,Hispanic,10/2022,12,6.5,10.667,
Census Tract,09001074300,Hispanic,11/2022,19,5.5,11.333,
Census Tract,09001074300,Hispanic,12/2022,6,3,8.333,
Census Tract,09001074300,Hispanic,01/2023,6,4.5,11.333,
Census Tract,09001074300,Hispanic,02/2023,12,8.5,5.667,
Census Tract,09001074300,Hispanic,03/2023,7,5.5,6,
Census Tract,09001074300,Hispanic,04/2023,5,6,7.667,
Census Tract,09001074300,Hispanic,05/2023,10,6.5,9.667,
Census Tract,09001074300,Hispanic,06/2023,8,7.5,10.333,
Census Tract,09001074300,Hispanic,07/2023,6,11,8,
Census Tract,09001074300,Hispanic,08/2023,9,10.5,11.667,
Census Tract,09001074300,Hispanic,09/2023,14,8.5,9,
Census Tract,09001074300,Hispanic,10/2023,8,6.5,10.667,
Census Tract,09001074300,Hispanic,11/2023,5,5.5,11.333,
Census Tract,09001074300,Hispanic,12/2023,4,3,8.333,
Census Tract,09001074300,Hispanic,01/2024,3,4.5,11.333,
Census Tract,09001074300,Hispanic,02/2024,5,8.5,5.667,
Census Tract,09001074300,Hispanic,03/2024,4,5.5,6,
Census Tract,09001074300,Hispanic,04/2024,7,6,7.667,
Census Tract,09001074300,Hispanic,05/2024,3,6.5,9.667,
Census Tract,09001074300,Hispanic,06/2024,7,7.5,10.333,
Census Tract,09001074300,Hispanic,07/2024,16,11,8,
Census Tract,09001074300,Hispanic,08/2024,12,10.5,11.667,
Census Tract,09001074300,Hispanic,09/2024,3,8.5,9,
Census Tract,09001074300,Hispanic,10/2024,5,6.5,10.667,
Census Tract,09001074300,Hispanic,11/2024,6,5.5,11.333,
Census Tract,09001074300,Hispanic,12/2024,2,3,8.333,
Census Tract,09001074300,Hispanic,01/2025,10,4.5,11.333,
Census Tract,09001074300,Hispanic,02/2025,10,8.5,5.667,
Census Tract,09001074300,Hispanic,03/2025,6,5.5,6,
Census Tract,09001074300,Hispanic,04/2025,8,6,7.667,
Census Tract,09001074300,Hispanic,05/2025,7,6.5,9.667,
Census Tract,09001074300,Hispanic,06/2025,1,7.5,10.333,
Census Tract,09001074300,Hispanic,07/2025,6,11,8,
Census Tract,09001074300,Hispanic,08/2025,0,10.5,11.667,
Census Tract,09001074300,Hispanic,09/2025,7,8.5,9,
Census Tract,09001074300,Hispanic,10/2025,0,1,0.333,2025-10-04
Census Tract,09001074400,Other,01/2020,7,3.5,9,
Census Tract,09001074400,Other,02/2020,6,6,9,
Census Tract,09001074400,Other,03/2020,12,8.5,5.333,
Census Tract,09001074400,Other,04/2020,0,4.5,6,
Census Tract,09001074400,Other,05/2020,0,6,13,
Census Tract,09001074400,Other,06/2020,0,4.5,8.333,
Census Tract,09001074400,Other,07/2020,0,10,9.333,
Census Tract,09001074400,Other,08/2020,0,6,8.667,
Census Tract,09001074400,Other,09/2020,1,6.5,8.667,
Census Tract,09001074400,Other,10/2020,1,7,8.333,
Census Tract,09001074400,Other,11/2020,3,8,5,
Census Tract,09001074400,Other,12/2020,3,9,6.333,
Census Tract,09001074400,Other,01/2021,2,3.5,9,
Census Tract,09001074400,Other,02/2021,2,6,9,
Census Tract,09001074400,Other,03/2021,6,8.5,5.333,
Census Tract,09001074400,Other,04/2021,7,4.5,6,
Census Tract,09001074400,Other,05/2021,1,6,13,
Census Tract,09001074400,Other,06/2021,1,4.5,8.333,
Census Tract,09001074400,Other,07/2021,2,10,9.333,
Census Tract,09001074400,Other,08/2021,4,6,8.667,
Census Tract,09001074400,Other,09/2021,4,6.5,8.667,
Census Tract,09001074400,Other,10/2021,2,7,8.333,
Census Tract,09001074400,Other,11/2021,1,8,5,
Census Tract,09001074400,Other,12/2021,1,9,6.333,
Census Tract,09001074400,Other,01/2022,2,3.5,9,
Census Tract,09001074400,Other,02/2022,7,6,9,
Census Tract,09001074400,Other,03/2022,12,8.5,5.333,
Census Tract,09001074400,Other,04/2022,10,4.5,6,
Census Tract,09001074400,Other,05/2022,6,6,13,
Census Tract,09001074400,Other,06/2022,9,4.5,8.333,
Census Tract,09001074400,Other,07/2022,12,10,9.333,
Census Tract,09001074400,Other,08/2022,7,6,8.667,
Census Tract,09001074400,Other,09/2022,3,6.5,8.667,
Census Tract,09001074400,Other,10/2022,10,7,8.333,
Census Tract,09001074400,Other,11/2022,8,8,5,
Census Tract,09001074400,Other,12/2022,12,9,6.333,
Census Tract,09001074400,Other,01/2023,3,3.5,9,
Census Tract,09001074400,Other,02/2023,7,6,9,
Census Tract,09001074400,Other,03/2023,12,8.5,5.333,
Census Tract,09001074400,Other,04/2023,5,4.5,6,
Census Tract,09001074400,Other,05/2023,4,6,13,
Census Tract,09001074400,Other,06/2023,4,4.5,8.333,
Census Tract,09001074400,Other,07/2023,12,10,9.333,
Census Tract,09001074400,Other,08/2023,11,6,8.667,
Census Tract,09001074400,Other,09/2023,5,6.5,8.667,
Census Tract,09001074400,Other,10/2023,6,7,8.333,
Census Tract,09001074400,Other,11/2023,10,8,5,
Census Tract,09001074400,Other,12/2023,13,9,6.333,
Census Tract,09001074400,Other,01/2024,4,3.5,9,
Census Tract,09001074400,Other,02/2024,5,6,9,
Census Tract,09001074400,Other,03/2024,5,8.5,5.333,
Census Tract,09001074400,Other,04/2024,4,4.5,6,
Census Tract,09001074400,Other,05/2024,8,6,13,
Census Tract,09001074400,Other,06/2024,5,4.5,8.333,
Census Tract,09001074400,Other,07/2024,8,10,9.333,
Census Tract,09001074400,Other,08/2024,1,6,8.667,
Census Tract,09001074400,Other,09/2024,8,6.5,8.667,
Census Tract,09001074400,Other,10/2024,8,7,8.333,
Census Tract,09001074400,Other,11/2024,6,8,5,
Census Tract,09001074400,Other,12/2024,5,9,6.333,
Census Tract,09001074400,Other,01/2025,4,3.5,9,
Census Tract,09001074400,Other,02/2025,9,6,9,
Census Tract,09001074400,Other,03/2025,6,8.5,5.333,
Census Tract,09001074400,Other,04/2025,2,4.5,6,
Census Tract,09001074400,Other,05/2025,5,6,13,
Census Tract,09001074400,Other,06/2025,5,4.5,8.333,
Census Tract,09001074400,Other,07/2025,8,10,9.333,
Census Tract,09001074400,Other,08/2025,0,6,8.667,
Census Tract,09001074400,Other,09/2025,5,6.5,8.667,
Census Tract,09001074400,Other,10/2025,1,1,1.333,2025-10-04
Census Tract,09001080100,Other,01/2020,0,0.5,2.667,
Census Tract,09001080100,Other,02/2020,1,1.5,2.667,
Census Tract,09001080100,Other,03/2020,0,1,2.333,
Census Tract,09001080100,Other,04/2020,0,5.5,2,
Census Tract,09001080100,Other,05/2020,0,5,2,
Census Tract,09001080100,Other,06/2020,0,1.5,3,
Census Tract,09001080100,Other,07/2020,0,1.5,1,
Census Tract,09001080100,Other,08/2020,0,3.5,4.333,
Census Tract,09001080100,Other,09/2020,0,0,1,
Census Tract,09001080100,Other,10/2020,0,1.5,2,
Census Tract,09001080100,Other,11/2020,3,1.5,2.667,
Census Tract,09001080100,Other,12/2020,1,1,2,
Census Tract,09001080100,Other,01/2021,2,0.5,2.667,
Census Tract,09001080100,Other,02/2021,0,1.5,2.667,
Census Tract,09001080100,Other,03/2021,1,1,2.333,
Census Tract,09001080100,Other,04/2021,0,5.5,2,
Census Tract,09001080100,Other,05/2021,2,5,2,
Census Tract,09001080100,Other,06/2021,0,1.5,3,
Census Tract,09001080100,Other,07/2021,0,1.5,1,
Census Tract,09001080100,Other,08/2021,2,3.5,4.333,
Census Tract,09001080100,Other,09/2021,1,0,1,
Census Tract,09001080100,Other,10/2021,1,1.5,2,
Census Tract,09001080100,Other,11/2021,3,1.5,2.667,
Census Tract,09001080100,Other,12/2021,1,1,2,
Census Tract,09001080100,Other,01/2022,0,0.5,2.667,
Census Tract,09001080100,Other,02/2022,0,1.5,2.667,
Census Tract,09001080100,Other,03/2022,5,1,2.333,
Census Tract,09001080100,Other,04/2022,2,5.5,2,
Census Tract,09001080100,Other,05/2022,3,5,2,
Census Tract,09001080100,Other,06/2022,2,1.5,3,
Census Tract,09001080100,Other,07/2022,1,1.5,1,
Census Tract,09001080100,Other,08/2022,3,3.5,4.333,
Census Tract,09001080100,Other,09/2022,2,0,1,
Census Tract,09001080100,Other,10/2022,3,1.5,2,
Census Tract,09001080100,Other,11/2022,0,1.5,2.667,
Census Tract,09001080100,Other,12/2022,1,1,2,
Census Tract,09001080100,Other,01/2023,0,0.5,2.667,
Census Tract,09001080100,Other,02/2023,1,1.5,2.667,
Census Tract,09001080100,Other,03/2023,2,1,2.333,
Census Tract,09001080100,Other,04/2023,2,5.5,2,
Census Tract,09001080100,Other,05/2023,3,5,2,
Census Tract,09001080100,Other,06/2023,3,1.5,3,
Census Tract,09001080100,Other,07/2023,2,1.5,1,
Census Tract,09001080100,Other,08/2023,3,3.5,4.333,
Census Tract,09001080100,Other,09/2023,0,0,1,
Census Tract,09001080100,Other,10/2023,1,1.5,2,
Census Tract,09001080100,Other,11/2023,2,1.5,2.667,
Census Tract,09001080100,Other,12/2023,1,1,2,
Census Tract,09001080100,Other,01/2024,1,0.5,2.667,
Census Tract,09001080100,Other,02/2024,2,1.5,2.667,
Census Tract,09001080100,Other,03/2024,0,1,2.333,
Census Tract,09001080100,Other,04/2024,9,5.5,2,
Census Tract,09001080100,Other,05/2024,7,5,2,
Census Tract,09001080100,Other,06/2024,0,1.5,3,
Census Tract,09001080100,Other,07/2024,1,1.5,1,
Census Tract,09001080100,Other,08/2024,4,3.5,4.333,
Census Tract,09001080100,Other,09/2024,0,0,1,
Census Tract,09001080100,Other,10/2024,2,1.5,2,
Census Tract,09001080100,Other,11/2024,1,1.5,2.667,
Census Tract,09001080100,Other,12/2024,1,1,2,
Census Tract,09001080100,Other,01/2025,1,0.5,2.667,
Census Tract,09001080100,Other,02/2025,3,1.5,2.667,
Census Tract,09001080100,Other,03/2025,0,1,2.333,
Census Tract,09001080100,Other,04/2025,1,5.5,2,
Census Tract,09001080100,Other,05/2025,3,5,2,
Census Tract,09001080100,Other,06/2025,0,1.5,3,
Census Tract,09001080100,Other,07/2025,2,1.5,1,
Census Tract,09001080100,Other,08/2025,0,3.5,4.333,
Census Tract,09001080100,Other,09/2025,3,0,1,
Census Tract,09001080100,Other,10/2025,0,0.5,0,2025-10-04
Census Tract,09001080200,Other,01/2020,2,2.5,1.667,
Census Tract,09001080200,Other,02/2020,0,0.5,1.667,
Census Tract,09001080200,Other,03/2020,1,2,2,
Census Tract,09001080200,Other,04/2020,0,2.5,2.667,
Census Tract,09001080200,Other,05/2020,0,2,1.667,
Census Tract,09001080200,Other,06/2020,0,2,3.333,
Census Tract,09001080200,Other,07/2020,0,1.5,4.667,
Census Tract,09001080200,Other,08/2020,0,4,3.667,
Census Tract,09001080200,Other,09/2020,2,3,2,
Census Tract,09001080200,Other,10/2020,0,2.5,4,
Census Tract,09001080200,Other,11/2020,0,1,1.667,
Census Tract,09001080200,Other,12/2020,2,1,3.333,
Census Tract,09001080200,Other,01/2021,2,2.5,1.667,
Census Tract,09001080200,Other,02/2021,2,0.5,1.667,
Census Tract,09001080200,Other,03/2021,3,2,2,
Census Tract,09001080200,Other,04/2021,0,2.5,2.667,
Census Tract,09001080200,Other,05/2021,1,2,1.667,
Census Tract,09001080200,Other,06/2021,3,2,3.333,
Census Tract,09001080200,Other,07/2021,0,1.5,4.667,
Census Tract,09001080200,Other,08/2021,1,4,3.667,
Census Tract,09001080200,Other,09/2021,5,3,2,
Census Tract,09001080200,Other,10/2021,0,2.5,4,
Census Tract,09001080200,Other,11/2021,2,1,1.667,
Census Tract,09001080200,Other,12/2021,0,1,3.333,
Census Tract,09001080200,Other,01/2022,3,2.5,1.667,
Census Tract,09001080200,Other,02/2022,1,0.5,1.667,
Census Tract,09001080200,Other,03/2022,6,2,2,
Census Tract,09001080200,Other,04/2022,3,2.5,2.667,
Census Tract,09001080200,Other,05/2022,1,2,1.667,
Census Tract,09001080200,Other,06/2022,2,2,3.333,
Census Tract,09001080200,Other,07/2022,3,1.5,4.667,
Census Tract,09001080200,Other,08/2022,1,4,3.667,
Census Tract,09001080200,Other,09/2022,4,3,2,
Census Tract,09001080200,Other,10/2022,5,2.5,4,
Census Tract,09001080200,Other,11/2022,2,1,1.667,
Census Tract,09001080200,Other,12/2022,2,1,3.333,
Census Tract,09001080200,Other,01/2023,3,2.5,1.667,
Census Tract,09001080200,Other,02/2023,1,0.5,1.667,
Census Tract,09001080200,Other,03/2023,3,2,2,
Census Tract,09001080200,Other,04/2023,4,2.5,2.667,
Census Tract,09001080200,Other,05/2023,3,2,1.667,
Census Tract,09001080200,Other,06/2023,4,2,3.333,
Census Tract,09001080200,Other,07/2023,0,1.5,4.667,
Census Tract,09001080200,Other,08/2023,6,4,3.667,
Census Tract,09001080200,Other,09/2023,5,3,2,
Census Tract,09001080200,Other,10/2023,2,2.5,4,
Census Tract,09001080200,Other,11/2023,1,1,1.667,
Census Tract,09001080200,Other,12/2023,2,1,3.333,
Census Tract,09001080200,Other,01/2024,2,2.5,1.667,
Census Tract,09001080200,Other,02/2024,0,0.5,1.667,
Census Tract,09001080200,Other,03/2024,1,2,2,
Census Tract,09001080200,Other,04/2024,1,2.5,2.667,
Census Tract,09001080200,Other,05/2024,1,2,1.667,
Census Tract,09001080200,Other,06/2024,0,2,3.333,
Census Tract,09001080200,Other,07/2024,3,1.5,4.667,
Census Tract,09001080200,Other,08/2024,2,4,3.667,
Census Tract,09001080200,Other,09/2024,1,3,2,
Census Tract,09001080200,Other,10/2024,3,2.5,4,
Census Tract,09001080200,Other,11/2024,1,1,1.667,
Census Tract,09001080200,Other,12/2024,0,1,3.333,
Census Tract,09001080200,Other,01/2025,2,2.5,1.667,
Census Tract,09001080200,Other,02/2025,2,0.5,1.667,
Census Tract,09001080200,Other,03/2025,0,2,2,
Census Tract,09001080200,Other,04/2025,1,2.5,2.667,
Census Tract,09001080200,Other,05/2025,2,2,1.667,
Census Tract,09001080200,Other,06/2025,1,2,3.333,
Census Tract,09001080200,Other,07/2025,1,1.5,4.667,
Census Tract,09001080200,Other,08/2025,0,4,3.667,
Census Tract,09001080200,Other,09/2025,4,3,2,
Census Tract,09001080200,Other,10/2025,1,0.5,1.333,2025-10-04
Census Tract,09001080400,Black,01/2020,5,6,7,
Census Tract,09001080400,Black,02/2020,4,2,5,
Census Tract,09001080400,Black,03/2020,2,6,4,
Census Tract,09001080400,Black,04/2020,0,4,2.333,
Census Tract,09001080400,Black,05/2020,0,4,9,
Census Tract,09001080400,Black,06/2020,0,3,8,
Census Tract,09001080400,Black,07/2020,0,4.5,10.667,
Census Tract,09001080400,Black,08/2020,2,7.5,6.667,
Census Tract,09001080400,Black,09/2020,1,9,7.333,
Census Tract,09001080400,Black,10/2020,0,6,6.333,
Census Tract,09001080400,Black,11/2020,2,5,5.667,
Census Tract,09001080400,Black,12/2020,0,5,2.667,
Census Tract,09001080400,Black,01/2021,1,6,7,
Census Tract,09001080400,Black,02/2021,1,2,5,
Census Tract,09001080400,Black,03/2021,2,6,4,
Census Tract,09001080400,Black,04/2021,4,4,2.333,
Census Tract,09001080400,Black,05/2021,1,4,9,
Census Tract,09001080400,Black,06/2021,4,3,8,
Census Tract,09001080400,Black,07/2021,0,4.5,10.667,
Census Tract,09001080400,Black,08/2021,2,7.5,6.667,
Census Tract,09001080400,Black,09/2021,4,9,7.333,
Census Tract,09001080400,Black,10/2021,2,6,6.333,
Census Tract,09001080400,Black,11/2021,3,5,5.667,
Census Tract,09001080400,Black,12/2021,1,5,2.667,
Census Tract,09001080400,Black,01/2022,3,6,7,
Census Tract,09001080400,Black,02/2022,4,2,5,
Census Tract,09001080400,Black,03/2022,2,6,4,
Census Tract,09001080400,Black,04/2022,1,4,2.333,
Census Tract,09001080400,Black,05/2022,2,4,9,
Census Tract,09001080400,Black,06/2022,3,3,8,
Census Tract,09001080400,Black,07/2022,5,4.5,10.667,
Census Tract,09001080400,Black,08/2022,2,7.5,6.667,
Census Tract,09001080400,Black,09/2022,14,9,7.333,
Census Tract,09001080400,Black,10/2022,2,6,6.333,
Census Tract,09001080400,Black,11/2022,0,5,5.667,
Census Tract,09001080400,Black,12/2022,1,5,2.667,
Census Tract,09001080400,Black,01/2023,6,6,7,
Census Tract,09001080400,Black,02/2023,2,2,5,
Census Tract,09001080400,Black,03/2023,10,6,4,
Census Tract,09001080400,Black,04/2023,3,4,2.333,
Census Tract,09001080400,Black,05/2023,3,4,9,
Census Tract,09001080400,Black,06/2023,2,3,8,
Census Tract,09001080400,Black,07/2023,6,4.5,10.667,
Census Tract,09001080400,Black,08/2023,8,7.5,6.667,
Census Tract,09001080400,Black,09/2023,14,9,7.333,
Census Tract,09001080400,Black,10/2023,8,6,6.333,
Census Tract,09001080400,Black,11/2023,8,5,5.667,
Census Tract,09001080400,Black,12/2023,5,5,2.667,
Census Tract,09001080400,Black,01/2024,6,6,7,
Census Tract,09001080400,Black,02/2024,2,2,5,
Census Tract,09001080400,Black,03/2024,2,6,4,
Census Tract,09001080400,Black,04/2024,5,4,2.333,
Census Tract,09001080400,Black,05/2024,5,4,9,
Census Tract,09001080400,Black,06/2024,4,3,8,
Census Tract,09001080400,Black,07/2024,3,4.5,10.667,
Census Tract,09001080400,Black,08/2024,7,7.5,6.667,
Census Tract,09001080400,Black,09/2024,4,9,7.333,
Census Tract,09001080400,Black,10/2024,4,6,6.333,
Census Tract,09001080400,Black,11/2024,2,5,5.667,
Census Tract,09001080400,Black,12/2024,5,5,2.667,
Census Tract,09001080400,Black,01/2025,4,6,7,
Census Tract,09001080400,Black,02/2025,3,2,5,
Census Tract,09001080400,Black,03/2025,2,6,4,
Census Tract,09001080400,Black,04/2025,4,4,2.333,
Census Tract,09001080400,Black,05/2025,5,4,9,
Census Tract,09001080400,Black,06/2025,2,3,8,
Census Tract,09001080400,Black,07/2025,3,4.5,10.667,
Census Tract,09001080400,Black,08/2025,0,7.5,6.667,
Census Tract,09001080400,Black,09/2025,4,9,7.333,
Census Tract,09001080400,Black,10/2025,0,1,0.333,2025-10-04
Census Tract,09001080500,White,01/2020,2,1.5,0.333,
Census Tract,09001080500,White,02/2020,1,1,0.333,
Census Tract,09001080500,White,03/2020,0,0,0.333,
Census Tract,09001080500,White,04/2020,0,0.5,0.667,
Census Tract,09001080500,White,05/2020,1,0.5,0.667,
Census Tract,09001080500,White,06/2020,0,1.5,0.667,
Census Tract,09001080500,White,07/2020,0,0,0,
Census Tract,09001080500,White,08/2020,0,0.5,0.667,
Census Tract,09001080500,White,09/2020,0,1.5,0.333,
Census Tract,09001080500,White,10/2020,0,0,0.333,
Census Tract,09001080500,White,11/2020,0,0.5,0.667,
Census Tract,09001080500,White,12/2020,1,0.5,0,
Census Tract,09001080500,White,01/2021,0,1.5,0.333,
Census Tract,09001080500,White,02/2021,1,1,0.333,
Census Tract,09001080500,White,03/2021,1,0,0.333,
Census Tract,09001080500,White,04/2021,0,0.5,0.667,
Census Tract,09001080500,White,05/2021,0,0.5,0.667,
Census Tract,09001080500,White,06/2021,1,1.5,0.667,
Census Tract,09001080500,White,07/2021,0,0,0,
Census Tract,09001080500,White,08/2021,0,0.5,0.667,
Census Tract,09001080500,White,09/2021,1,1.5,0.333,
Census Tract,09001080500,White,10/2021,1,0,0.333,
Census Tract,09001080500,White,11/2021,2,0.5,0.667,
Census Tract,09001080500,White,12/2021,2,0.5,0,
Census Tract,09001080500,White,01/2022,0,1.5,0.333,
Census Tract,09001080500,White,02/2022,0,1,0.333,
Census Tract,09001080500,White,03/2022,5,0,0.333,
Census Tract,09001080500,White,04/2022,1,0.5,0.667,
Census Tract,09001080500,White,05/2022,0,0.5,0.667,
Census Tract,09001080500,White,06/2022,0,1.5,0.667,
Census Tract,09001080500,White,07/2022,0,0,0,
Census Tract,09001080500,White,08/2022,4,0.5,0.667,
Census Tract,09001080500,White,09/2022,1,1.5,0.333,
Census Tract,09001080500,White,10/2022,0,0,0.333,
Census Tract,09001080500,White,11/2022,2,0.5,0.667,
Census Tract,09001080500,White,12/2022,0,0.5,0,
Census Tract,09001080500,White,01/2023,1,1.5,0.333,
Census Tract,09001080500,White,02/2023,1,1,0.333,
Census Tract,09001080500,White,03/2023,0,0,0.333,
Census Tract,09001080500,White,04/2023,0,0.5,0.667,
Census Tract,09001080500,White,05/2023,0,0.5,0.667,
Census Tract,09001080500,White,06/2023,2,1.5,0.667,
Census Tract,09001080500,White,07/2023,0,0,0,
Census Tract,09001080500,White,08/2023,1,0.5,0.667,
Census Tract,09001080500,White,09/2023,1,1.5,0.333,
Census Tract,09001080500,White,10/2023,0,0,0.333,
Census Tract,09001080500,White,11/2023,0,0.5,0.667,
Census Tract,09001080500,White,12/2023,0,0.5,0,
Census Tract,09001080500,White,01/2024,2,1.5,0.333,
Census Tract,09001080500,White,02/2024,1,1,0.333,
Census Tract,09001080500,White,03/2024,0,0,0.333,
Census Tract,09001080500,White,04/2024,1,0.5,0.667,
Census Tract,09001080500,White,05/2024,1,0.5,0.667,
Census Tract,09001080500,White,06/2024,1,1.5,0.667,
Census Tract,09001080500,White,07/2024,0,0,0,
Census Tract,09001080500,White,08/2024,0,0.5,0.667,
Census Tract,09001080500,White,09/2024,2,1.5,0.333,
Census Tract,09001080500,White,10/2024,0,0,0.333,
Census Tract,09001080500,White,11/2024,1,0.5,0.667,
Census Tract,09001080500,White,12/2024,1,0.5,0,
Census Tract,09001080500,White,01/2025,2,1.5,0.333,
Census Tract,09001080500,White,02/2025,2,1,0.333,
Census Tract,09001080500,White,03/2025,2,0,0.333,
Census Tract,09001080500,White,04/2025,1,0.5,0.667,
Census Tract,09001080500,White,05/2025,3,0.5,0.667,
Census Tract,09001080500,White,06/2025,0,1.5,0.667,
Census Tract,09001080500,White,07/2025,0,0,0,
Census Tract,09001080500,White,08/2025,0,0.5,0.667,
Census Tract,09001080500,White,09/2025,1,1.5,0.333,
Census Tract,09001080500,White,10/2025,0,0,0.333,2025-10-04
Census Tract,09001080600,White,01/2020,0,1.5,1.667,
Census Tract,09001080600,White,02/2020,4,2,1,
Census Tract,09001080600,White,03/2020,1,1,0.333,
Census Tract,09001080600,White,04/2020,0,2.5,1.667,
Census Tract,09001080600,White,05/2020,0,1.5,2.333,
Census Tract,09001080600,White,06/2020,0,0.5,1.667,
Census Tract,09001080600,White,07/2020,0,1.5,0.667,
Census Tract,09001080600,White,08/2020,0,2.5,3.333,
Census Tract,09001080600,White,09/2020,0,0.5,0.667,
Census Tract,09001080600,White,10/2020,0,1,0.667,
Census Tract,09001080600,White,11/2020,0,0,1,
Census Tract,09001080600,White,12/2020,0,2,0,
Census Tract,09001080600,White,01/2021,1,1.5,1.667,
Census Tract,09001080600,White,02/2021,0,2,1,
Census Tract,09001080600,White,03/2021,0,1,0.333,
Census Tract,09001080600,White,04/2021,0,2.5,1.667,
Census Tract,09001080600,White,05/2021,0,1.5,2.333,
Census Tract,09001080600,White,06/2021,0,0.5,1.667,
Census Tract,09001080600,White,07/2021,0,1.5,0.667,
Census Tract,09001080600,White,08/2021,0,2.5,3.333,
Census Tract,09001080600,White,09/2021,1,0.5,0.667,
Census Tract,09001080600,White,10/2021,4,1,0.667,
Census Tract,09001080600,White,11/2021,2,0,1,
Census Tract,09001080600,White,12/2021,0,2,0,
Census Tract,09001080600,White,01/2022,0,1.5,1.667,
Census Tract,09001080600,White,02/2022,2,2,1,
Census Tract,09001080600,White,03/2022,2,1,0.333,
Census Tract,09001080600,White,04/2022,2,2.5,1.667,
Census Tract,09001080600,White,05/2022,3,1.5,2.333,
Census Tract,09001080600,White,06/2022,0,0.5,1.667,
Census Tract,09001080600,White,07/2022,3,1.5,0.667,
Census Tract,09001080600,White,08/2022,1,2.5,3.333,
Census Tract,09001080600,White,09/2022,2,0.5,0.667,
Census Tract,09001080600,White,10/2022,1,1,0.667,
Census Tract,09001080600,White,11/2022,0,0,1,
Census Tract,09001080600,White,12/2022,2,2,0,
Census Tract,09001080600,White,01/2023,3,1.5,1.667,
Census Tract,09001080600,White,02/2023,1,2,1,
Census Tract,09001080600,White,03/2023,1,1,0.333,
Census Tract,09001080600,White,04/2023,3,2.5,1.667,
Census Tract,09001080600,White,05/2023,2,1.5,2.333,
Census Tract,09001080600,White,06/2023,1,0.5,1.667,
Census Tract,09001080600,White,07/2023,0,1.5,0.667,
Census Tract,09001080600,White,08/2023,4,2.5,3.333,
Census Tract,09001080600,White,09/2023,0,0.5,0.667,
Census Tract,09001080600,White,10/2023,1,1,0.667,
Census Tract,09001080600,White,11/2023,0,0,1,
Census Tract,09001080600,White,12/2023,2,2,0,
Census Tract,09001080600,White,01/2024,0,1.5,1.667,
Census Tract,09001080600,White,02/2024,3,2,1,
Census Tract,09001080600,White,03/2024,1,1,0.333,
Census Tract,09001080600,White,04/2024,2,2.5,1.667,
Census Tract,09001080600,White,05/2024,1,1.5,2.333,
Census Tract,09001080600,White,06/2024,0,0.5,1.667,
Census Tract,09001080600,White,07/2024,3,1.5,0.667,
Census Tract,09001080600,White,08/2024,1,2.5,3.333,
Census Tract,09001080600,White,09/2024,1,0.5,0.667,
Census Tract,09001080600,White,10/2024,1,1,0.667,
Census Tract,09001080600,White,11/2024,0,0,1,
Census Tract,09001080600,White,12/2024,2,2,0,
Census Tract,09001080600,White,01/2025,1,1.5,1.667,
Census Tract,09001080600,White,02/2025,1,2,1,
Census Tract,09001080600,White,03/2025,1,1,0.333,
Census Tract,09001080600,White,04/2025,2,2.5,1.667,
Census Tract,09001080600,White,05/2025,1,1.5,2.333,
Census Tract,09001080600,White,06/2025,1,0.5,1.667,
Census Tract,09001080600,White,07/2025,0,1.5,0.667,
Census Tract,09001080600,White,08/2025,0,2.5,3.333,
Census Tract,09001080600,White,09/2025,2,0.5,0.667,
Census Tract,09001080600,White,10/2025,0,0,0,2025-10-04
Census Tract,09001080700,White,01/2020,0,0.5,0.333,
Census Tract,09001080700,White,02/2020,1,1.5,0.667,
Census Tract,09001080700,White,03/2020,0,0.5,1.333,
Census Tract,09001080700,White,04/2020,0,0,1.333,
Census Tract,09001080700,White,05/2020,0,1,0.667,
Census Tract,09001080700,White,06/2020,0,1,1.667,
Census Tract,09001080700,White,07/2020,0,1.5,1,
Census Tract,09001080700,White,08/2020,1,0.5,1.333,
Census Tract,09001080700,White,09/2020,0,0.5,0,
Census Tract,09001080700,White,10/2020,1,1,0.333,
Census Tract,09001080700,White,11/2020,0,0,1,
Census Tract,09001080700,White,12/2020,0,1,1,
Census Tract,09001080700,White,01/2021,0,0.5,0.333,
Census Tract,09001080700,White,02/2021,0,1.5,0.667,
Census Tract,09001080700,White,03/2021,0,0.5,1.333,
Census Tract,09001080700,White,04/2021,1,0,1.333,
Census Tract,09001080700,White,05/2021,1,1,0.667,
Census Tract,09001080700,White,06/2021,0,1,1.667,
Census Tract,09001080700,White,07/2021,0,1.5,1,
Census Tract,09001080700,White,08/2021,0,0.5,1.333,
Census Tract,09001080700,White,09/2021,0,0.5,0,
Census Tract,09001080700,White,10/2021,3,1,0.333,
Census Tract,09001080700,White,11/2021,1,0,1,
Census Tract,09001080700,White,12/2021,0,1,1,
Census Tract,09001080700,White,01/2022,0,0.5,0.333,
Census Tract,09001080700,White,02/2022,1,1.5,0.667,
Census Tract,09001080700,White,03/2022,0,0.5,1.333,
Census Tract,09001080700,White,04/2022,1,0,1.333,
Census Tract,09001080700,White,05/2022,0,1,0.667,
Census Tract,09001080700,White,06/2022,3,1,1.667,
Census Tract,09001080700,White,07/2022,2,1.5,1,
Census Tract,09001080700,White,08/2022,3,0.5,1.333,
Census Tract,09001080700,White,09/2022,1,0.5,0,
Census Tract,09001080700,White,10/2022,2,1,0.333,
Census Tract,09001080700,White,11/2022,2,0,1,
Census Tract,09001080700,White,12/2022,0,1,1,
Census Tract,09001080700,White,01/2023,1,0.5,0.333,
Census Tract,09001080700,White,02/2023,1,1.5,0.667,
Census Tract,09001080700,White,03/2023,1,0.5,1.333,
Census Tract,09001080700,White,04/2023,0,0,1.333,
Census Tract,09001080700,White,05/2023,1,1,0.667,
Census Tract,09001080700,White,06/2023,1,1,1.667,
Census Tract,09001080700,White,07/2023,3,1.5,1,
Census Tract,09001080700,White,08/2023,1,0.5,1.333,
Census Tract,09001080700,White,09/2023,0,0.5,0,
Census Tract,09001080700,White,10/2023,2,1,0.333,
Census Tract,09001080700,White,11/2023,0,0,1,
Census Tract,09001080700,White,12/2023,1,1,1,
Census Tract,09001080700,White,01/2024,0,0.5,0.333,
Census Tract,09001080700,White,02/2024,2,1.5,0.667,
Census Tract,09001080700,White,03/2024,0,0.5,1.333,
Census Tract,09001080700,White,04/2024,0,0,1.333,
Census Tract,09001080700,White,05/2024,1,1,0.667,
Census Tract,09001080700,White,06/2024,1,1,1.667,
Census Tract,09001080700,White,07/2024,0,1.5,1,
Census Tract,09001080700,White,08/2024,0,0.5,1.333,
Census Tract,09001080700,White,09/2024,1,0.5,0,
Census Tract,09001080700,White,10/2024,0,1,0.333,
Census Tract,09001080700,White,11/2024,0,0,1,
Census Tract,09001080700,White,12/2024,1,1,1,
Census Tract,09001080700,White,01/2025,2,0.5,0.333,
Census Tract,09001080700,White,02/2025,1,1.5,0.667,
Census Tract,09001080700,White,03/2025,3,0.5,1.333,
Census Tract,09001080700,White,04/2025,1,0,1.333,
Census Tract,09001080700,White,05/2025,0,1,0.667,
Census Tract,09001080700,White,06/2025,1,1,1.667,
Census Tract,09001080700,White,07/2025,1,1.5,1,
Census Tract,09001080700,White,08/2025,0,0.5,1.333,
Census Tract,09001080700,White,09/2025,1,0.5,0,
Census Tract,09001080700,White,10/2025,0,0.5,0,2025-10-04
Census Tract,09001080800,White,01/2020,1,0,0,
Census Tract,09001080800,White,02/2020,0,0.5,0.667,
Census Tract,09001080800,White,03/2020,0,0.5,0,
Census Tract,09001080800,White,04/2020,0,0.5,0,
Census Tract,09001080800,White,05/2020,0,0,0.667,
Census Tract,09001080800,White,06/2020,0,0,0.333,
Census Tract,09001080800,White,07/2020,0,0.5,0,
Census Tract,09001080800,White,08/2020,0,1,0.667,
Census Tract,09001080800,White,09/2020,0,0,0.333,
Census Tract,09001080800,White,10/2020,0,0,1,
Census Tract,09001080800,White,11/2020,0,0.5,0.333,
Census Tract,09001080800,White,12/2020,0,0.5,1,
Census Tract,09001080800,White,01/2021,0,0,0,
Census Tract,09001080800,White,02/2021,0,0.5,0.667,
Census Tract,09001080800,White,03/2021,0,0.5,0,
Census Tract,09001080800,White,04/2021,0,0.5,0,
Census Tract,09001080800,White,05/2021,0,0,0.667,
Census Tract,09001080800,White,06/2021,0,0,0.333,
Census Tract,09001080800,White,07/2021,0,0.5,0,
Census Tract,09001080800,White,08/2021,0,1,0.667,
Census Tract,09001080800,White,09/2021,0,0,0.333,
Census Tract,09001080800,White,10/2021,1,0,1,
Census Tract,09001080800,White,11/2021,0,0.5,0.333,
Census Tract,09001080800,White,12/2021,0,0.5,1,
Census Tract,09001080800,White,01/2022,0,0,0,
Census Tract,09001080800,White,02/2022,0,0.5,0.667,
Census Tract,09001080800,White,03/2022,2,0.5,0,
Census Tract,09001080800,White,04/2022,0,0.5,0,
Census Tract,09001080800,White,05/2022,1,0,0.667,
Census Tract,09001080800,White,06/2022,0,0,0.333,
Census Tract,09001080800,White,07/2022,0,0.5,0,
Census Tract,09001080800,White,08/2022,0,1,0.667,
Census Tract,09001080800,White,09/2022,0,0,0.333,
Census Tract,09001080800,White,10/2022,0,0,1,
Census Tract,09001080800,White,11/2022,1,0.5,0.333,
Census Tract,09001080800,White,12/2022,0,0.5,1,
Census Tract,09001080800,White,01/2023,0,0,0,
Census Tract,09001080800,White,02/2023,1,0.5,0.667,
Census Tract,09001080800,White,03/2023,0,0.5,0,
Census Tract,09001080800,White,04/2023,0,0.5,0,
Census Tract,09001080800,White,05/2023,0,0,0.667,
Census Tract,09001080800,White,06/2023,0,0,0.333,
Census Tract,09001080800,White,07/2023,0,0.5,0,
Census Tract,09001080800,White,08/2023,0,1,0.667,
Census Tract,09001080800,White,09/2023,0,0,0.333,
Census Tract,09001080800,White,10/2023,0,0,1,
Census Tract,09001080800,White,11/2023,0,0.5,0.333,
Census Tract,09001080800,White,12/2023,1,0.5,1,
Census Tract,09001080800,White,01/2024,0,0,0,
Census Tract,09001080800,White,02/2024,0,0.5,0.667,
Census Tract,09001080800,White,03/2024,1,0.5,0,
Census Tract,09001080800,White,04/2024,1,0.5,0,
Census Tract,09001080800,White,05/2024,0,0,0.667,
Census Tract,09001080800,White,06/2024,0,0,0.333,
Census Tract,09001080800,White,07/2024,1,0.5,0,
Census Tract,09001080800,White,08/2024,2,1,0.667,
Census Tract,09001080800,White,09/2024,0,0,0.333,
Census Tract,09001080800,White,10/2024,0,0,1,
Census Tract,09001080800,White,11/2024,1,0.5,0.333,
Census Tract,09001080800,White,12/2024,0,0.5,1,
Census Tract,09001080800,White,01/2025,0,0,0,
Census Tract,09001080800,White,02/2025,0,0.5,0.667,
Census Tract,09001080800,White,03/2025,1,0.5,0,
Census Tract,09001080800,White,04/2025,0,0.5,0,
Census Tract,09001080800,White,05/2025,0,0,0.667,
Census Tract,09001080800,White,06/2025,0,0,0.333,
Census Tract,09001080800,White,07/2025,0,0.5,0,
Census Tract,09001080800,White,08/2025,0,1,0.667,
Census Tract,09001080800,White,09/2025,0,0,0.333,
Census Tract,09001080800,White,10/2025,0,0,0.333,2025-10-04
Census Tract,09001080900,White,01/2020,0,0,1.333,
Census Tract,09001080900,White,02/2020,0,1,0.667,
Census Tract,09001080900,White,03/2020,0,1.5,0,
Census Tract,09001080900,White,04/2020,0,0,1,
Census Tract,09001080900,White,05/2020,0,1.5,1,
Census Tract,09001080900,White,06/2020,0,1.5,0.667,
Census Tract,09001080900,White,07/2020,0,0.5,0.667,
Census Tract,09001080900,White,08/2020,0,1,0.667,
Census Tract,09001080900,White,09/2020,0,0,0.333,
Census Tract,09001080900,White,10/2020,0,1.5,0,
Census Tract,09001080900,White,11/2020,0,1,1.333,
Census Tract,09001080900,White,12/2020,0,0,0.667,
Census Tract,09001080900,White,01/2021,0,0,1.333,
Census Tract,09001080900,White,02/2021,1,1,0.667,
Census Tract,09001080900,White,03/2021,0,1.5,0,
Census Tract,09001080900,White,04/2021,0,0,1,
Census Tract,09001080900,White,05/2021,0,1.5,1,
Census Tract,09001080900,White,06/2021,0,1.5,0.667,
Census Tract,09001080900,White,07/2021,0,0.5,0.667,
Census Tract,09001080900,White,08/2021,0,1,0.667,
Census Tract,09001080900,White,09/2021,2,0,0.333,
Census Tract,09001080900,White,10/2021,3,1.5,0,
Census Tract,09001080900,White,11/2021,3,1,1.333,
Census Tract,09001080900,White,12/2021,0,0,0.667,
Census Tract,09001080900,White,01/2022,2,0,1.333,
Census Tract,09001080900,White,02/2022,1,1,0.667,
Census Tract,09001080900,White,03/2022,0,1.5,0,
Census Tract,09001080900,White,04/2022,1,0,1,
Census Tract,09001080900,White,05/2022,0,1.5,1,
Census Tract,09001080900,White,06/2022,0,1.5,0.667,
Census Tract,09001080900,White,07/2022,0,0.5,0.667,
Census Tract,09001080900,White,08/2022,0,1,0.667,
Census Tract,09001080900,White,09/2022,0,0,0.333,
Census Tract,09001080900,White,10/2022,0,1.5,0,
Census Tract,09001080900,White,11/2022,0,1,1.333,
Census Tract,09001080900,White,12/2022,0,0,0.667,
Census Tract,09001080900,White,01/2023,0,0,1.333,
Census Tract,09001080900,White,02/2023,1,1,0.667,
Census Tract,09001080900,White,03/2023,1,1.5,0,
Census Tract,09001080900,White,04/2023,0,0,1,
Census Tract,09001080900,White,05/2023,3,1.5,1,
Census Tract,09001080900,White,06/2023,2,1.5,0.667,
Census Tract,09001080900,White,07/2023,1,0.5,0.667,
Census Tract,09001080900,White,08/2023,0,1,0.667,
Census Tract,09001080900,White,09/2023,0,0,0.333,
Census Tract,09001080900,White,10/2023,3,1.5,0,
Census Tract,09001080900,White,11/2023,1,1,1.333,
Census Tract,09001080900,White,12/2023,0,0,0.667,
Census Tract,09001080900,White,01/2024,0,0,1.333,
Census Tract,09001080900,White,02/2024,1,1,0.667,
Census Tract,09001080900,White,03/2024,2,1.5,0,
Census Tract,09001080900,White,04/2024,0,0,1,
Census Tract,09001080900,White,05/2024,0,1.5,1,
Census Tract,09001080900,White,06/2024,1,1.5,0.667,
Census Tract,09001080900,White,07/2024,0,0.5,0.667,
Census Tract,09001080900,White,08/2024,2,1,0.667,
Census Tract,09001080900,White,09/2024,0,0,0.333,
Census Tract,09001080900,White,10/2024,0,1.5,0,
Census Tract,09001080900,White,11/2024,1,1,1.333,
Census Tract,09001080900,White,12/2024,0,0,0.667,
Census Tract,09001080900,White,01/2025,0,0,1.333,
Census Tract,09001080900,White,02/2025,1,1,0.667,
Census Tract,09001080900,White,03/2025,0,1.5,0,
Census Tract,09001080900,White,04/2025,0,0,1,
Census Tract,09001080900,White,05/2025,1,1.5,1,
Census Tract,09001080900,White,06/2025,0,1.5,0.667,
Census Tract,09001080900,White,07/2025,0,0.5,0.667,
Census Tract,09001080900,White,08/2025,0,1,0.667,
Census Tract,09001080900,White,09/2025,3,0,0.333,
Census Tract,09001080900,White,10/2025,0,0,0,2025-10-04
Census Tract,09001081000,White,01/2020,1,0,0.667,
Census Tract,09001081000,White,02/2020,0,0,0.667,
Census Tract,09001081000,White,03/2020,0,1,0.667,
Census Tract,09001081000,White,04/2020,0,1.5,0,
Census Tract,09001081000,White,05/2020,0,1,0.333,
Census Tract,09001081000,White,06/2020,0,0,0.333,
Census Tract,09001081000,White,07/2020,0,0.5,0.667,
Census Tract,09001081000,White,08/2020,0,0,1,
Census Tract,09001081000,White,09/2020,0,0.5,1,
Census Tract,09001081000,White,10/2020,0,0,0,
Census Tract,09001081000,White,11/2020,0,0,0.667,
Census Tract,09001081000,White,12/2020,0,0.5,0,
Census Tract,09001081000,White,01/2021,0,0,0.667,
Census Tract,09001081000,White,02/2021,0,0,0.667,
Census Tract,09001081000,White,03/2021,0,1,0.667,
Census Tract,09001081000,White,04/2021,1,1.5,0,
Census Tract,09001081000,White,05/2021,1,1,0.333,
Census Tract,09001081000,White,06/2021,1,0,0.333,
Census Tract,09001081000,White,07/2021,0,0.5,0.667,
Census Tract,09001081000,White,08/2021,1,0,1,
Census Tract,09001081000,White,09/2021,1,0.5,1,
Census Tract,09001081000,White,10/2021,1,0,0,
Census Tract,09001081000,White,11/2021,0,0,0.667,
Census Tract,09001081000,White,12/2021,0,0.5,0,
Census Tract,09001081000,White,01/2022,1,0,0.667,
Census Tract,09001081000,White,02/2022,0,0,0.667,
Census Tract,09001081000,White,03/2022,3,1,0.667,
Census Tract,09001081000,White,04/2022,0,1.5,0,
Census Tract,09001081000,White,05/2022,1,1,0.333,
Census Tract,09001081000,White,06/2022,1,0,0.333,
Census Tract,09001081000,White,07/2022,0,0.5,0.667,
Census Tract,09001081000,White,08/2022,0,0,1,
Census Tract,09001081000,White,09/2022,0,0.5,1,
Census Tract,09001081000,White,10/2022,2,0,0,
Census Tract,09001081000,White,11/2022,1,0,0.667,
Census Tract,09001081000,White,12/2022,0,0.5,0,
Census Tract,09001081000,White,01/2023,0,0,0.667,
Census Tract,09001081000,White,02/2023,0,0,0.667,
Census Tract,09001081000,White,03/2023,2,1,0.667,
Census Tract,09001081000,White,04/2023,1,1.5,0,
Census Tract,09001081000,White,05/2023,1,1,0.333,
Census Tract,09001081000,White,06/2023,0,0,0.333,
Census Tract,09001081000,White,07/2023,1,0.5,0.667,
Census Tract,09001081000,White,08/2023,0,0,1,
Census Tract,09001081000,White,09/2023,1,0.5,1,
Census Tract,09001081000,White,10/2023,0,0,0,
Census Tract,09001081000,White,11/2023,0,0,0.667,
Census Tract,09001081000,White,12/2023,1,0.5,0,
Census Tract,09001081000,White,01/2024,0,0,0.667,
Census Tract,09001081000,White,02/2024,0,0,0.667,
Census Tract,09001081000,White,03/2024,0,1,0.667,
Census Tract,09001081000,White,04/2024,2,1.5,0,
Census Tract,09001081000,White,05/2024,1,1,0.333,
Census Tract,09001081000,White,06/2024,0,0,0.333,
Census Tract,09001081000,White,07/2024,0,0.5,0.667,
Census Tract,09001081000,White,08/2024,0,0,1,
Census Tract,09001081000,White,09/2024,0,0.5,1,
Census Tract,09001081000,White,10/2024,0,0,0,
Census Tract,09001081000,White,11/2024,0,0,0.667,
Census Tract,09001081000,White,12/2024,0,0.5,0,
Census Tract,09001081000,White,01/2025,0,0,0.667,
Census Tract,09001081000,White,02/2025,0,0,0.667,
Census Tract,09001081000,White,03/2025,1,1,0.667,
Census Tract,09001081000,White,04/2025,0,1.5,0,
Census Tract,09001081000,White,05/2025,0,1,0.333,
Census Tract,09001081000,White,06/2025,0,0,0.333,
Census Tract,09001081000,White,07/2025,0,0.5,0.667,
Census Tract,09001081000,White,08/2025,0,0,1,
Census Tract,09001081000,White,09/2025,0,0.5,1,
Census Tract,09001081000,White,10/2025,0,0,0,2025-10-04
Census Tract,09001081100,White,01/2020,0,0,0,
Census Tract,09001081100,White,02/2020,0,0.5,0.333,
Census Tract,09001081100,White,03/2020,1,0,0,
Census Tract,09001081100,White,04/2020,0,0.5,0,
Census Tract,09001081100,White,05/2020,0,0,0.333,
Census Tract,09001081100,White,06/2020,0,0,0.667,
Census Tract,09001081100,White,07/2020,0,0.5,1.333,
Census Tract,09001081100,White,08/2020,0,0.5,0.333,
Census Tract,09001081100,White,09/2020,0,1,0.333,
Census Tract,09001081100,White,10/2020,0,0,0.333,
Census Tract,09001081100,White,11/2020,1,0,0.667,
Census Tract,09001081100,White,12/2020,0,0,0,
Census Tract,09001081100,White,01/2021,1,0,0,
Census Tract,09001081100,White,02/2021,0,0.5,0.333,
Census Tract,09001081100,White,03/2021,1,0,0,
Census Tract,09001081100,White,04/2021,0,0.5,0,
Census Tract,09001081100,White,05/2021,0,0,0.333,
Census Tract,09001081100,White,06/2021,0,0,0.667,
Census Tract,09001081100,White,07/2021,0,0.5,1.333,
Census Tract,09001081100,White,08/2021,0,0.5,0.333,
Census Tract,09001081100,White,09/2021,1,1,0.333,
Census Tract,09001081100,White,10/2021,0,0,0.333,
Census Tract,09001081100,White,11/2021,0,0,0.667,
Census Tract,09001081100,White,12/2021,0,0,0,
Census Tract,09001081100,White,01/2022,0,0,0,
Census Tract,09001081100,White,02/2022,0,0.5,0.333,
Census Tract,09001081100,White,03/2022,0,0,0,
Census Tract,09001081100,White,04/2022,0,0.5,0,
Census Tract,09001081100,White,05/2022,0,0,0.333,
Census Tract,09001081100,White,06/2022,1,0,0.667,
Census Tract,09001081100,White,07/2022,0,0.5,1.333,
Census Tract,09001081100,White,08/2022,2,0.5,0.333,
Census Tract,09001081100,White,09/2022,0,1,0.333,
Census Tract,09001081100,White,10/2022,0,0,0.333,
Census Tract,09001081100,White,11/2022,0,0,0.667,
Census Tract,09001081100,White,12/2022,0,0,0,
Census Tract,09001081100,White,01/2023,0,0,0,
Census Tract,09001081100,White,02/2023,0,0.5,0.333,
Census Tract,09001081100,White,03/2023,0,0,0,
Census Tract,09001081100,White,04/2023,0,0.5,0,
Census Tract,09001081100,White,05/2023,0,0,0.333,
Census Tract,09001081100,White,06/2023,0,0,0.667,
Census Tract,09001081100,White,07/2023,1,0.5,1.333,
Census Tract,09001081100,White,08/2023,1,0.5,0.333,
Census Tract,09001081100,White,09/2023,0,1,0.333,
Census Tract,09001081100,White,10/2023,0,0,0.333,
Census Tract,09001081100,White,11/2023,0,0,0.667,
Census Tract,09001081100,White,12/2023,0,0,0,
Census Tract,09001081100,White,01/2024,0,0,0,
Census Tract,09001081100,White,02/2024,1,0.5,0.333,
Census Tract,09001081100,White,03/2024,0,0,0,
Census Tract,09001081100,White,04/2024,1,0.5,0,
Census Tract,09001081100,White,05/2024,0,0,0.333,
Census Tract,09001081100,White,06/2024,0,0,0.667,
Census Tract,09001081100,White,07/2024,0,0.5,1.333,
Census Tract,09001081100,White,08/2024,0,0.5,0.333,
Census Tract,09001081100,White,09/2024,2,1,0.333,
Census Tract,09001081100,White,10/2024,0,0,0.333,
Census Tract,09001081100,White,11/2024,0,0,0.667,
Census Tract,09001081100,White,12/2024,0,0,0,
Census Tract,09001081100,White,01/2025,0,0,0,
Census Tract,09001081100,White,02/2025,0,0.5,0.333,
Census Tract,09001081100,White,03/2025,0,0,0,
Census Tract,09001081100,White,04/2025,1,0.5,0,
Census Tract,09001081100,White,05/2025,1,0,0.333,
Census Tract,09001081100,White,06/2025,0,0,0.667,
Census Tract,09001081100,White,07/2025,0,0.5,1.333,
Census Tract,09001081100,White,08/2025,0,0.5,0.333,
Census Tract,09001081100,White,09/2025,0,1,0.333,
Census Tract,09001081100,White,10/2025,0,0,0,2025-10-04
Census Tract,09001081200,White,01/2020,0,0.5,1,
Census Tract,09001081200,White,02/2020,3,0.5,1,
Census Tract,09001081200,White,03/2020,1,0,0.333,
Census Tract,09001081200,White,04/2020,0,0.5,0.667,
Census Tract,09001081200,White,05/2020,0,0,0.333,
Census Tract,09001081200,White,06/2020,0,1,1,
Census Tract,09001081200,White,07/2020,0,1,0.333,
Census Tract,09001081200,White,08/2020,0,2.5,1,
Census Tract,09001081200,White,09/2020,0,0,0.333,
Census Tract,09001081200,White,10/2020,0,1,0.667,
Census Tract,09001081200,White,11/2020,0,1,0.333,
Census Tract,09001081200,White,12/2020,1,0.5,0.667,
Census Tract,09001081200,White,01/2021,0,0.5,1,
Census Tract,09001081200,White,02/2021,0,0.5,1,
Census Tract,09001081200,White,03/2021,2,0,0.333,
Census Tract,09001081200,White,04/2021,0,0.5,0.667,
Census Tract,09001081200,White,05/2021,0,0,0.333,
Census Tract,09001081200,White,06/2021,0,1,1,
Census Tract,09001081200,White,07/2021,0,1,0.333,
Census Tract,09001081200,White,08/2021,0,2.5,1,
Census Tract,09001081200,White,09/2021,1,0,0.333,
Census Tract,09001081200,White,10/2021,1,1,0.667,
Census Tract,09001081200,White,11/2021,1,1,0.333,
Census Tract,09001081200,White,12/2021,0,0.5,0.667,
Census Tract,09001081200,White,01/2022,0,0.5,1,
Census Tract,09001081200,White,02/2022,0,0.5,1,
Census Tract,09001081200,White,03/2022,0,0,0.333,
Census Tract,09001081200,White,04/2022,0,0.5,0.667,
Census Tract,09001081200,White,05/2022,1,0,0.333,
Census Tract,09001081200,White,06/2022,2,1,1,
Census Tract,09001081200,White,07/2022,1,1,0.333,
Census Tract,09001081200,White,08/2022,0,2.5,1,
Census Tract,09001081200,White,09/2022,1,0,0.333,
Census Tract,09001081200,White,10/2022,1,1,0.667,
Census Tract,09001081200,White,11/2022,1,1,0.333,
Census Tract,09001081200,White,12/2022,1,0.5,0.667,
Census Tract,09001081200,White,01/2023,0,0.5,1,
Census Tract,09001081200,White,02/2023,0,0.5,1,
Census Tract,09001081200,White,03/2023,0,0,0.333,
Census Tract,09001081200,White,04/2023,0,0.5,0.667,
Census Tract,09001081200,White,05/2023,0,0,0.333,
Census Tract,09001081200,White,06/2023,1,1,1,
Census Tract,09001081200,White,07/2023,0,1,0.333,
Census Tract,09001081200,White,08/2023,2,2.5,1,
Census Tract,09001081200,White,09/2023,0,0,0.333,
Census Tract,09001081200,White,10/2023,2,1,0.667,
Census Tract,09001081200,White,11/2023,0,1,0.333,
Census Tract,09001081200,White,12/2023,0,0.5,0.667,
Census Tract,09001081200,White,01/2024,1,0.5,1,
Census Tract,09001081200,White,02/2024,1,0.5,1,
Census Tract,09001081200,White,03/2024,0,0,0.333,
Census Tract,09001081200,White,04/2024,1,0.5,0.667,
Census Tract,09001081200,White,05/2024,0,0,0.333,
Census Tract,09001081200,White,06/2024,1,1,1,
Census Tract,09001081200,White,07/2024,2,1,0.333,
Census Tract,09001081200,White,08/2024,3,2.5,1,
Census Tract,09001081200,White,09/2024,0,0,0.333,
Census Tract,09001081200,White,10/2024,0,1,0.667,
Census Tract,09001081200,White,11/2024,2,1,0.333,
Census Tract,09001081200,White,12/2024,1,0.5,0.667,
Census Tract,09001081200,White,01/2025,1,0.5,1,
Census Tract,09001081200,White,02/2025,0,0.5,1,
Census Tract,09001081200,White,03/2025,1,0,0.333,
Census Tract,09001081200,White,04/2025,0,0.5,0.667,
Census Tract,09001081200,White,05/2025,0,0,0.333,
Census Tract,09001081200,White,06/2025,1,1,1,
Census Tract,09001081200,White,07/2025,0,1,0.333,
Census Tract,09001081200,White,08/2025,0,2.5,1,
Census Tract,09001081200,White,09/2025,0,0,0.333,
Census Tract,09001081200,White,10/2025,0,0.5,0,2025-10-04
Census Tract,09001081300,White,01/2020,0,0.5,0.667,
Census Tract,09001081300,White,02/2020,0,0,1.333,
Census Tract,09001081300,White,03/2020,0,0.5,0.667,
Census Tract,09001081300,White,04/2020,0,0,0.333,
Census Tract,09001081300,White,05/2020,0,0.5,2,
Census Tract,09001081300,White,06/2020,0,0.5,0,
Census Tract,09001081300,White,07/2020,0,1,0.667,
Census Tract,09001081300,White,08/2020,0,0.5,1.667,
Census Tract,09001081300,White,09/2020,0,0.5,0.333,
Census Tract,09001081300,White,10/2020,0,0.5,0,
Census Tract,09001081300,White,11/2020,1,0,0.667,
Census Tract,09001081300,White,12/2020,0,0.5,0,
Census Tract,09001081300,White,01/2021,1,0.5,0.667,
Census Tract,09001081300,White,02/2021,1,0,1.333,
Census Tract,09001081300,White,03/2021,0,0.5,0.667,
Census Tract,09001081300,White,04/2021,0,0,0.333,
Census Tract,09001081300,White,05/2021,1,0.5,2,
Census Tract,09001081300,White,06/2021,1,0.5,0,
Census Tract,09001081300,White,07/2021,0,1,0.667,
Census Tract,09001081300,White,08/2021,0,0.5,1.667,
Census Tract,09001081300,White,09/2021,0,0.5,0.333,
Census Tract,09001081300,White,10/2021,0,0.5,0,
Census Tract,09001081300,White,11/2021,0,0,0.667,
Census Tract,09001081300,White,12/2021,2,0.5,0,
Census Tract,09001081300,White,01/2022,0,0.5,0.667,
Census Tract,09001081300,White,02/2022,0,0,1.333,
Census Tract,09001081300,White,03/2022,1,0.5,0.667,
Census Tract,09001081300,White,04/2022,3,0,0.333,
Census Tract,09001081300,White,05/2022,0,0.5,2,
Census Tract,09001081300,White,06/2022,0,0.5,0,
Census Tract,09001081300,White,07/2022,2,1,0.667,
Census Tract,09001081300,White,08/2022,0,0.5,1.667,
Census Tract,09001081300,White,09/2022,0,0.5,0.333,
Census Tract,09001081300,White,10/2022,0,0.5,0,
Census Tract,09001081300,White,11/2022,0,0,0.667,
Census Tract,09001081300,White,12/2022,1,0.5,0,
Census Tract,09001081300,White,01/2023,0,0.5,0.667,
Census Tract,09001081300,White,02/2023,0,0,1.333,
Census Tract,09001081300,White,03/2023,0,0.5,0.667,
Census Tract,09001081300,White,04/2023,0,0,0.333,
Census Tract,09001081300,White,05/2023,0,0.5,2,
Census Tract,09001081300,White,06/2023,0,0.5,0,
Census Tract,09001081300,White,07/2023,1,1,0.667,
Census Tract,09001081300,White,08/2023,1,0.5,1.667,
Census Tract,09001081300,White,09/2023,0,0.5,0.333,
Census Tract,09001081300,White,10/2023,0,0.5,0,
Census Tract,09001081300,White,11/2023,0,0,0.667,
Census Tract,09001081300,White,12/2023,1,0.5,0,
Census Tract,09001081300,White,01/2024,1,0.5,0.667,
Census Tract,09001081300,White,02/2024,0,0,1.333,
Census Tract,09001081300,White,03/2024,1,0.5,0.667,
Census Tract,09001081300,White,04/2024,0,0,0.333,
Census Tract,09001081300,White,05/2024,1,0.5,2,
Census Tract,09001081300,White,06/2024,1,0.5,0,
Census Tract,09001081300,White,07/2024,1,1,0.667,
Census Tract,09001081300,White,08/2024,0,0.5,1.667,
Census Tract,09001081300,White,09/2024,1,0.5,0.333,
Census Tract,09001081300,White,10/2024,1,0.5,0,
Census Tract,09001081300,White,11/2024,0,0,0.667,
Census Tract,09001081300,White,12/2024,0,0.5,0,
Census Tract,09001081300,White,01/2025,0,0.5,0.667,
Census Tract,09001081300,White,02/2025,2,0,1.333,
Census Tract,09001081300,White,03/2025,0,0.5,0.667,
Census Tract,09001081300,White,04/2025,0,0,0.333,
Census Tract,09001081300,White,05/2025,0,0.5,2,
Census Tract,09001081300,White,06/2025,0,0.5,0,
Census Tract,09001081300,White,07/2025,0,1,0.667,
Census Tract,09001081300,White,08/2025,0,0.5,1.667,
Census Tract,09001081300,White,09/2025,0,0.5,0.333,
Census Tract,09001081300,White,10/2025,0,0,0,2025-10-04
Census Tract,09001090100,White,01/2020,0,0,0,
Census Tract,09001090100,White,02/2020,0,0,0,
Census Tract,09001090100,White,03/2020,0,0,0,
Census Tract,09001090100,White,04/2020,0,0,0,
Census Tract,09001090100,White,05/2020,0,0,0,
Census Tract,09001090100,White,06/2020,0,0,0,
Census Tract,09001090100,White,07/2020,0,0,0,
Census Tract,09001090100,White,08/2020,0,0,0,
Census Tract,09001090100,White,09/2020,0,0,0,
Census Tract,09001090100,White,10/2020,0,0,0.333,
Census Tract,09001090100,White,11/2020,0,0,0,
Census Tract,09001090100,White,12/2020,0,0,0,
Census Tract,09001090100,White,01/2021,0,0,0,
Census Tract,09001090100,White,02/2021,0,0,0,
Census Tract,09001090100,White,03/2021,0,0,0,
Census Tract,09001090100,White,04/2021,0,0,0,
Census Tract,09001090100,White,05/2021,0,0,0,
Census Tract,09001090100,White,06/2021,0,0,0,
Census Tract,09001090100,White,07/2021,0,0,0,
Census Tract,09001090100,White,08/2021,0,0,0,
Census Tract,09001090100,White,09/2021,1,0,0,
Census Tract,09001090100,White,10/2021,0,0,0.333,
Census Tract,09001090100,White,11/2021,0,0,0,
Census Tract,09001090100,White,12/2021,0,0,0,
Census Tract,09001090100,White,01/2022,0,0,0,
Census Tract,09001090100,White,02/2022,0,0,0,
Census Tract,09001090100,White,03/2022,0,0,0,
Census Tract,09001090100,White,04/2022,0,0,0,
Census Tract,09001090100,White,05/2022,0,0,0,
Census Tract,09001090100,White,06/2022,0,0,0,
Census Tract,09001090100,White,07/2022,0,0,0,
Census Tract,09001090100,White,08/2022,0,0,0,
Census Tract,09001090100,White,09/2022,0,0,0,
Census Tract,09001090100,White,10/2022,0,0,0.333,
Census Tract,09001090100,White,11/2022,1,0,0,
Census Tract,09001090100,White,12/2022,0,0,0,
Census Tract,09001090100,White,01/2023,0,0,0,
Census Tract,09001090100,White,02/2023,0,0,0,
Census Tract,09001090100,White,03/2023,0,0,0,
Census Tract,09001090100,White,04/2023,0,0,0,
Census Tract,09001090100,White,05/2023,0,0,0,
Census Tract,09001090100,White,06/2023,0,0,0,
Census Tract,09001090100,White,07/2023,0,0,0,
Census Tract,09001090100,White,08/2023,0,0,0,
Census Tract,09001090100,White,09/2023,0,0,0,
Census Tract,09001090100,White,10/2023,0,0,0.333,
Census Tract,09001090100,White,11/2023,0,0,0,
Census Tract,09001090100,White,12/2023,0,0,0,
Census Tract,09001090100,White,01/2024,0,0,0,
Census Tract,09001090100,White,02/2024,0,0,0,
Census Tract,09001090100,White,03/2024,0,0,0,
Census Tract,09001090100,White,04/2024,0,0,0,
Census Tract,09001090100,White,05/2024,0,0,0,
Census Tract,09001090100,White,06/2024,0,0,0,
Census Tract,09001090100,White,07/2024,0,0,0,
Census Tract,09001090100,White,08/2024,0,0,0,
Census Tract,09001090100,White,09/2024,0,0,0,
Census Tract,09001090100,White,10/2024,0,0,0.333,
Census Tract,09001090100,White,11/2024,0,0,0,
Census Tract,09001090100,White,12/2024,0,0,0,
Census Tract,09001090100,White,01/2025,0,0,0,
Census Tract,09001090100,White,02/2025,0,0,0,
Census Tract,09001090100,White,03/2025,0,0,0,
Census Tract,09001090100,White,04/2025,1,0,0,
Census Tract,09001090100,White,05/2025,0,0,0,
Census Tract,09001090100,White,06/2025,0,0,0,
Census Tract,09001090100,White,07/2025,1,0,0,
Census Tract,09001090100,White,08/2025,0,0,0,
Census Tract,09001090100,White,09/2025,0,0,0,
Census Tract,09001090100,White,10/2025,0,0,0,2025-10-04
Census Tract,09001090200,White,01/2020,0,0.5,0,
Census Tract,09001090200,White,02/2020,0,0.5,0.333,
Census Tract,09001090200,White,03/2020,0,0,0,
Census Tract,09001090200,White,04/2020,0,0,0.333,
Census Tract,09001090200,White,05/2020,0,0,0.333,
Census Tract,09001090200,White,06/2020,0,1,1,
Census Tract,09001090200,White,07/2020,0,0,0.667,
Census Tract,09001090200,White,08/2020,0,0.5,0.333,
Census Tract,09001090200,White,09/2020,0,2.5,0,
Census Tract,09001090200,White,10/2020,0,0.5,0.333,
Census Tract,09001090200,White,11/2020,0,0.5,0.333,
Census Tract,09001090200,White,12/2020,2,0,0.667,
Census Tract,09001090200,White,01/2021,0,0.5,0,
Census Tract,09001090200,White,02/2021,0,0.5,0.333,
Census Tract,09001090200,White,03/2021,0,0,0,
Census Tract,09001090200,White,04/2021,0,0,0.333,
Census Tract,09001090200,White,05/2021,0,0,0.333,
Census Tract,09001090200,White,06/2021,0,1,1,
Census Tract,09001090200,White,07/2021,0,0,0.667,
Census Tract,09001090200,White,08/2021,0,0.5,0.333,
Census Tract,09001090200,White,09/2021,0,2.5,0,
Census Tract,09001090200,White,10/2021,0,0.5,0.333,
Census Tract,09001090200,White,11/2021,0,0.5,0.333,
Census Tract,09001090200,White,12/2021,0,0,0.667,
Census Tract,09001090200,White,01/2022,0,0.5,0,
Census Tract,09001090200,White,02/2022,0,0.5,0.333,
Census Tract,09001090200,White,03/2022,0,0,0,
Census Tract,09001090200,White,04/2022,1,0,0.333,
Census Tract,09001090200,White,05/2022,1,0,0.333,
Census Tract,09001090200,White,06/2022,0,1,1,
Census Tract,09001090200,White,07/2022,0,0,0.667,
Census Tract,09001090200,White,08/2022,0,0.5,0.333,
Census Tract,09001090200,White,09/2022,0,2.5,0,
Census Tract,09001090200,White,10/2022,1,0.5,0.333,
Census Tract,09001090200,White,11/2022,1,0.5,0.333,
Census Tract,09001090200,White,12/2022,0,0,0.667,
Census Tract,09001090200,White,01/2023,0,0.5,0,
Census Tract,09001090200,White,02/2023,0,0.5,0.333,
Census Tract,09001090200,White,03/2023,0,0,0,
Census Tract,09001090200,White,04/2023,0,0,0.333,
Census Tract,09001090200,White,05/2023,0,0,0.333,
Census Tract,09001090200,White,06/2023,1,1,1,
Census Tract,09001090200,White,07/2023,0,0,0.667,
Census Tract,09001090200,White,08/2023,1,0.5,0.333,
Census Tract,09001090200,White,09/2023,4,2.5,0,
Census Tract,09001090200,White,10/2023,1,0.5,0.333,
Census Tract,09001090200,White,11/2023,0,0.5,0.333,
Census Tract,09001090200,White,12/2023,0,0,0.667,
Census Tract,09001090200,White,01/2024,1,0.5,0,
Census Tract,09001090200,White,02/2024,1,0.5,0.333,
Census Tract,09001090200,White,03/2024,0,0,0,
Census Tract,09001090200,White,04/2024,0,0,0.333,
Census Tract,09001090200,White,05/2024,0,0,0.333,
Census Tract,09001090200,White,06/2024,1,1,1,
Census Tract,09001090200,White,07/2024,0,0,0.667,
Census Tract,09001090200,White,08/2024,0,0.5,0.333,
Census Tract,09001090200,White,09/2024,1,2.5,0,
Census Tract,09001090200,White,10/2024,0,0.5,0.333,
Census Tract,09001090200,White,11/2024,1,0.5,0.333,
Census Tract,09001090200,White,12/2024,0,0,0.667,
Census Tract,09001090200,White,01/2025,0,0.5,0,
Census Tract,09001090200,White,02/2025,1,0.5,0.333,
Census Tract,09001090200,White,03/2025,0,0,0,
Census Tract,09001090200,White,04/2025,1,0,0.333,
Census Tract,09001090200,White,05/2025,0,0,0.333,
Census Tract,09001090200,White,06/2025,0,1,1,
Census Tract,09001090200,White,07/2025,0,0,0.667,
Census Tract,09001090200,White,08/2025,0,0.5,0.333,
Census Tract,09001090200,White,09/2025,0,2.5,0,
Census Tract,09001090200,White,10/2025,0,0,0,2025-10-04
Census Tract,09001090300,White,01/2020,0,0,0,
Census Tract,09001090300,White,02/2020,0,0,0,
Census Tract,09001090300,White,03/2020,0,0,0,
Census Tract,09001090300,White,04/2020,0,0,1,
Census Tract,09001090300,White,05/2020,0,0,0,
Census Tract,09001090300,White,06/2020,0,0,0.333,
Census Tract,09001090300,White,07/2020,0,0,0,
Census Tract,09001090300,White,08/2020,0,0.5,0.333,
Census Tract,09001090300,White,09/2020,0,1,0.333,
Census Tract,09001090300,White,10/2020,0,1,0.333,
Census Tract,09001090300,White,11/2020,0,0,0.333,
Census Tract,09001090300,White,12/2020,0,0.5,0,
Census Tract,09001090300,White,01/2021,0,0,0,
Census Tract,09001090300,White,02/2021,0,0,0,
Census Tract,09001090300,White,03/2021,0,0,0,
Census Tract,09001090300,White,04/2021,1,0,1,
Census Tract,09001090300,White,05/2021,0,0,0,
Census Tract,09001090300,White,06/2021,0,0,0.333,
Census Tract,09001090300,White,07/2021,0,0,0,
Census Tract,09001090300,White,08/2021,0,0.5,0.333,
Census Tract,09001090300,White,09/2021,1,1,0.333,
Census Tract,09001090300,White,10/2021,0,1,0.333,
Census Tract,09001090300,White,11/2021,0,0,0.333,
Census Tract,09001090300,White,12/2021,0,0.5,0,
Census Tract,09001090300,White,01/2022,1,0,0,
Census Tract,09001090300,White,02/2022,0,0,0,
Census Tract,09001090300,White,03/2022,2,0,0,
Census Tract,09001090300,White,04/2022,0,0,1,
Census Tract,09001090300,White,05/2022,0,0,0,
Census Tract,09001090300,White,06/2022,0,0,0.333,
Census Tract,09001090300,White,07/2022,3,0,0,
Census Tract,09001090300,White,08/2022,0,0.5,0.333,
Census Tract,09001090300,White,09/2022,0,1,0.333,
Census Tract,09001090300,White,10/2022,2,1,0.333,
Census Tract,09001090300,White,11/2022,0,0,0.333,
Census Tract,09001090300,White,12/2022,0,0.5,0,
Census Tract,09001090300,White,01/2023,0,0,0,
Census Tract,09001090300,White,02/2023,0,0,0,
Census Tract,09001090300,White,03/2023,0,0,0,
Census Tract,09001090300,White,04/2023,0,0,1,
Census Tract,09001090300,White,05/2023,0,0,0,
Census Tract,09001090300,White,06/2023,0,0,0.333,
Census Tract,09001090300,White,07/2023,0,0,0,
Census Tract,09001090300,White,08/2023,0,0.5,0.333,
Census Tract,09001090300,White,09/2023,0,1,0.333,
Census Tract,09001090300,White,10/2023,0,1,0.333,
Census Tract,09001090300,White,11/2023,0,0,0.333,
Census Tract,09001090300,White,12/2023,0,0.5,0,
Census Tract,09001090300,White,01/2024,0,0,0,
Census Tract,09001090300,White,02/2024,0,0,0,
Census Tract,09001090300,White,03/2024,0,0,0,
Census Tract,09001090300,White,04/2024,0,0,1,
Census Tract,09001090300,White,05/2024,0,0,0,
Census Tract,09001090300,White,06/2024,0,0,0.333,
Census Tract,09001090300,White,07/2024,0,0,0,
Census Tract,09001090300,White,08/2024,1,0.5,0.333,
Census Tract,09001090300,White,09/2024,2,1,0.333,
Census Tract,09001090300,White,10/2024,2,1,0.333,
Census Tract,09001090300,White,11/2024,0,0,0.333,
Census Tract,09001090300,White,12/2024,1,0.5,0,
Census Tract,09001090300,White,01/2025,3,0,0,
Census Tract,09001090300,White,02/2025,3,0,0,
Census Tract,09001090300,White,03/2025,1,0,0,
Census Tract,09001090300,White,04/2025,2,0,1,
Census Tract,09001090300,White,05/2025,0,0,0,
Census Tract,09001090300,White,06/2025,1,0,0.333,
Census Tract,09001090300,White,07/2025,1,0,0,
Census Tract,09001090300,White,08/2025,0,0.5,0.333,
Census Tract,09001090300,White,09/2025,5,1,0.333,
Census Tract,09001090300,White,10/2025,0,0,0.333,2025-10-04
Census Tract,09001090400,White,01/2020,0,1,2.667,
Census Tract,09001090400,White,02/2020,1,3,2,
Census Tract,09001090400,White,03/2020,1,6.5,1.333,
Census Tract,09001090400,White,04/2020,1,2,1.667,
Census Tract,09001090400,White,05/2020,0,3.5,2,
Census Tract,09001090400,White,06/2020,0,1,2.333,
Census Tract,09001090400,White,07/2020,0,1.5,2.667,
Census Tract,09001090400,White,08/2020,0,6.5,1.667,
Census Tract,09001090400,White,09/2020,0,2.5,1,
Census Tract,09001090400,White,10/2020,0,5,0.333,
Census Tract,09001090400,White,11/2020,0,0.5,2,
Census Tract,09001090400,White,12/2020,1,1,4.667,
Census Tract,09001090400,White,01/2021,1,1,2.667,
Census Tract,09001090400,White,02/2021,1,3,2,
Census Tract,09001090400,White,03/2021,3,6.5,1.333,
Census Tract,09001090400,White,04/2021,2,2,1.667,
Census Tract,09001090400,White,05/2021,0,3.5,2,
Census Tract,09001090400,White,06/2021,1,1,2.333,
Census Tract,09001090400,White,07/2021,2,1.5,2.667,
Census Tract,09001090400,White,08/2021,2,6.5,1.667,
Census Tract,09001090400,White,09/2021,2,2.5,1,
Census Tract,09001090400,White,10/2021,3,5,0.333,
Census Tract,09001090400,White,11/2021,1,0.5,2,
Census Tract,09001090400,White,12/2021,1,1,4.667,
Census Tract,09001090400,White,01/2022,2,1,2.667,
Census Tract,09001090400,White,02/2022,1,3,2,
Census Tract,09001090400,White,03/2022,3,6.5,1.333,
Census Tract,09001090400,White,04/2022,2,2,1.667,
Census Tract,09001090400,White,05/2022,2,3.5,2,
Census Tract,09001090400,White,06/2022,0,1,2.333,
Census Tract,09001090400,White,07/2022,1,1.5,2.667,
Census Tract,09001090400,White,08/2022,0,6.5,1.667,
Census Tract,09001090400,White,09/2022,2,2.5,1,
Census Tract,09001090400,White,10/2022,1,5,0.333,
Census Tract,09001090400,White,11/2022,1,0.5,2,
Census Tract,09001090400,White,12/2022,3,1,4.667,
Census Tract,09001090400,White,01/2023,1,1,2.667,
Census Tract,09001090400,White,02/2023,4,3,2,
Census Tract,09001090400,White,03/2023,5,6.5,1.333,
Census Tract,09001090400,White,04/2023,2,2,1.667,
Census Tract,09001090400,White,05/2023,3,3.5,2,
Census Tract,09001090400,White,06/2023,0,1,2.333,
Census Tract,09001090400,White,07/2023,1,1.5,2.667,
Census Tract,09001090400,White,08/2023,3,6.5,1.667,
Census Tract,09001090400,White,09/2023,1,2.5,1,
Census Tract,09001090400,White,10/2023,4,5,0.333,
Census Tract,09001090400,White,11/2023,0,0.5,2,
Census Tract,09001090400,White,12/2023,1,1,4.667,
Census Tract,09001090400,White,01/2024,1,1,2.667,
Census Tract,09001090400,White,02/2024,2,3,2,
Census Tract,09001090400,White,03/2024,8,6.5,1.333,
Census Tract,09001090400,White,04/2024,2,2,1.667,
Census Tract,09001090400,White,05/2024,4,3.5,2,
Census Tract,09001090400,White,06/2024,2,1,2.333,
Census Tract,09001090400,White,07/2024,2,1.5,2.667,
Census Tract,09001090400,White,08/2024,10,6.5,1.667,
Census Tract,09001090400,White,09/2024,4,2.5,1,
Census Tract,09001090400,White,10/2024,6,5,0.333,
Census Tract,09001090400,White,11/2024,1,0.5,2,
Census Tract,09001090400,White,12/2024,1,1,4.667,
Census Tract,09001090400,White,01/2025,9,1,2.667,
Census Tract,09001090400,White,02/2025,0,3,2,
Census Tract,09001090400,White,03/2025,2,6.5,1.333,
Census Tract,09001090400,White,04/2025,1,2,1.667,
Census Tract,09001090400,White,05/2025,2,3.5,2,
Census Tract,09001090400,White,06/2025,1,1,2.333,
Census Tract,09001090400,White,07/2025,1,1.5,2.667,
Census Tract,09001090400,White,08/2025,0,6.5,1.667,
Census Tract,09001090400,White,09/2025,4,2.5,1,
Census Tract,09001090400,White,10/2025,0,0,0,2025-10-04
Census Tract,09001090500,White,01/2020,0,0.5,0,
Census Tract,09001090500,White,02/2020,0,0,0,
Census Tract,09001090500,White,03/2020,0,0.5,0.333,
Census Tract,09001090500,White,04/2020,0,0,0.333,
Census Tract,09001090500,White,05/2020,0,0,0.333,
Census Tract,09001090500,White,06/2020,0,0,1.333,
Census Tract,09001090500,White,07/2020,0,0,1.667,
Census Tract,09001090500,White,08/2020,0,0.5,1.333,
Census Tract,09001090500,White,09/2020,0,0,0,
Census Tract,09001090500,White,10/2020,0,0,0.333,
Census Tract,09001090500,White,11/2020,0,0,0.333,
Census Tract,09001090500,White,12/2020,0,0.5,0.333,
Census Tract,09001090500,White,01/2021,1,0.5,0,
Census Tract,09001090500,White,02/2021,0,0,0,
Census Tract,09001090500,White,03/2021,1,0.5,0.333,
Census Tract,09001090500,White,04/2021,0,0,0.333,
Census Tract,09001090500,White,05/2021,0,0,0.333,
Census Tract,09001090500,White,06/2021,1,0,1.333,
Census Tract,09001090500,White,07/2021,0,0,1.667,
Census Tract,09001090500,White,08/2021,0,0.5,1.333,
Census Tract,09001090500,White,09/2021,0,0,0,
Census Tract,09001090500,White,10/2021,1,0,0.333,
Census Tract,09001090500,White,11/2021,0,0,0.333,
Census Tract,09001090500,White,12/2021,0,0.5,0.333,
Census Tract,09001090500,White,01/2022,1,0.5,0,
Census Tract,09001090500,White,02/2022,0,0,0,
Census Tract,09001090500,White,03/2022,1,0.5,0.333,
Census Tract,09001090500,White,04/2022,0,0,0.333,
Census Tract,09001090500,White,05/2022,1,0,0.333,
Census Tract,09001090500,White,06/2022,0,0,1.333,
Census Tract,09001090500,White,07/2022,0,0,1.667,
Census Tract,09001090500,White,08/2022,1,0.5,1.333,
Census Tract,09001090500,White,09/2022,0,0,0,
Census Tract,09001090500,White,10/2022,0,0,0.333,
Census Tract,09001090500,White,11/2022,0,0,0.333,
Census Tract,09001090500,White,12/2022,0,0.5,0.333,
Census Tract,09001090500,White,01/2023,1,0.5,0,
Census Tract,09001090500,White,02/2023,0,0,0,
Census Tract,09001090500,White,03/2023,0,0.5,0.333,
Census Tract,09001090500,White,04/2023,0,0,0.333,
Census Tract,09001090500,White,05/2023,0,0,0.333,
Census Tract,09001090500,White,06/2023,0,0,1.333,
Census Tract,09001090500,White,07/2023,0,0,1.667,
Census Tract,09001090500,White,08/2023,1,0.5,1.333,
Census Tract,09001090500,White,09/2023,0,0,0,
Census Tract,09001090500,White,10/2023,0,0,0.333,
Census Tract,09001090500,White,11/2023,0,0,0.333,
Census Tract,09001090500,White,12/2023,0,0.5,0.333,
Census Tract,09001090500,White,01/2024,0,0.5,0,
Census Tract,09001090500,White,02/2024,0,0,0,
Census Tract,09001090500,White,03/2024,1,0.5,0.333,
Census Tract,09001090500,White,04/2024,0,0,0.333,
Census Tract,09001090500,White,05/2024,0,0,0.333,
Census Tract,09001090500,White,06/2024,0,0,1.333,
Census Tract,09001090500,White,07/2024,0,0,1.667,
Census Tract,09001090500,White,08/2024,0,0.5,1.333,
Census Tract,09001090500,White,09/2024,0,0,0,
Census Tract,09001090500,White,10/2024,0,0,0.333,
Census Tract,09001090500,White,11/2024,0,0,0.333,
Census Tract,09001090500,White,12/2024,1,0.5,0.333,
Census Tract,09001090500,White,01/2025,2,0.5,0,
Census Tract,09001090500,White,02/2025,0,0,0,
Census Tract,09001090500,White,03/2025,1,0.5,0.333,
Census Tract,09001090500,White,04/2025,0,0,0.333,
Census Tract,09001090500,White,05/2025,0,0,0.333,
Census Tract,09001090500,White,06/2025,3,0,1.333,
Census Tract,09001090500,White,07/2025,0,0,1.667,
Census Tract,09001090500,White,08/2025,0,0.5,1.333,
Census Tract,09001090500,White,09/2025,2,0,0,
Census Tract,09001090500,White,10/2025,0,0,0,2025-10-04
Census Tract,09001090600,White,01/2020,0,0,0,
Census Tract,09001090600,White,02/2020,1,0.5,0.667,
Census Tract,09001090600,White,03/2020,0,0.5,0,
Census Tract,09001090600,White,04/2020,0,0,0,
Census Tract,09001090600,White,05/2020,0,0,0,
Census Tract,09001090600,White,06/2020,0,0.5,0,
Census Tract,09001090600,White,07/2020,0,0,0.333,
Census Tract,09001090600,White,08/2020,0,0,0,
Census Tract,09001090600,White,09/2020,0,0,0,
Census Tract,09001090600,White,10/2020,0,0.5,0.333,
Census Tract,09001090600,White,11/2020,0,0,0,
Census Tract,09001090600,White,12/2020,0,0,0,
Census Tract,09001090600,White,01/2021,0,0,0,
Census Tract,09001090600,White,02/2021,0,0.5,0.667,
Census Tract,09001090600,White,03/2021,0,0.5,0,
Census Tract,09001090600,White,04/2021,0,0,0,
Census Tract,09001090600,White,05/2021,0,0,0,
Census Tract,09001090600,White,06/2021,0,0.5,0,
Census Tract,09001090600,White,07/2021,1,0,0.333,
Census Tract,09001090600,White,08/2021,1,0,0,
Census Tract,09001090600,White,09/2021,0,0,0,
Census Tract,09001090600,White,10/2021,1,0.5,0.333,
Census Tract,09001090600,White,11/2021,0,0,0,
Census Tract,09001090600,White,12/2021,0,0,0,
Census Tract,09001090600,White,01/2022,0,0,0,
Census Tract,09001090600,White,02/2022,0,0.5,0.667,
Census Tract,09001090600,White,03/2022,0,0.5,0,
Census Tract,09001090600,White,04/2022,1,0,0,
Census Tract,09001090600,White,05/2022,0,0,0,
Census Tract,09001090600,White,06/2022,1,0.5,0,
Census Tract,09001090600,White,07/2022,0,0,0.333,
Census Tract,09001090600,White,08/2022,0,0,0,
Census Tract,09001090600,White,09/2022,0,0,0,
Census Tract,09001090600,White,10/2022,2,0.5,0.333,
Census Tract,09001090600,White,11/2022,0,0,0,
Census Tract,09001090600,White,12/2022,1,0,0,
Census Tract,09001090600,White,01/2023,0,0,0,
Census Tract,09001090600,White,02/2023,0,0.5,0.667,
Census Tract,09001090600,White,03/2023,1,0.5,0,
Census Tract,09001090600,White,04/2023,0,0,0,
Census Tract,09001090600,White,05/2023,0,0,0,
Census Tract,09001090600,White,06/2023,1,0.5,0,
Census Tract,09001090600,White,07/2023,0,0,0.333,
Census Tract,09001090600,White,08/2023,0,0,0,
Census Tract,09001090600,White,09/2023,0,0,0,
Census Tract,09001090600,White,10/2023,1,0.5,0.333,
Census Tract,09001090600,White,11/2023,0,0,0,
Census Tract,09001090600,White,12/2023,0,0,0,
Census Tract,09001090600,White,01/2024,0,0,0,
Census Tract,09001090600,White,02/2024,1,0.5,0.667,
Census Tract,09001090600,White,03/2024,0,0.5,0,
Census Tract,09001090600,White,04/2024,0,0,0,
Census Tract,09001090600,White,05/2024,0,0,0,
Census Tract,09001090600,White,06/2024,0,0.5,0,
Census Tract,09001090600,White,07/2024,0,0,0.333,
Census Tract,09001090600,White,08/2024,0,0,0,
Census Tract,09001090600,White,09/2024,0,0,0,
Census Tract,09001090600,White,10/2024,0,0.5,0.333,
Census Tract,09001090600,White,11/2024,0,0,0,
Census Tract,09001090600,White,12/2024,0,0,0,
Census Tract,09001090600,White,01/2025,0,0,0,
Census Tract,09001090600,White,02/2025,0,0.5,0.667,
Census Tract,09001090600,White,03/2025,0,0.5,0,
Census Tract,09001090600,White,04/2025,0,0,0,
Census Tract,09001090600,White,05/2025,0,0,0,
Census Tract,09001090600,White,06/2025,0,0.5,0,
Census Tract,09001090600,White,07/2025,0,0,0.333,
Census Tract,09001090600,White,08/2025,0,0,0,
Census Tract,09001090600,White,09/2025,1,0,0,
Census Tract,09001090600,White,10/2025,0,0.5,0,2025-10-04
Census Tract,09001090700,White,01/2020,0,0.5,0,
Census Tract,09001090700,White,02/2020,0,0,0.333,
Census Tract,09001090700,White,03/2020,0,0,0.333,
Census Tract,09001090700,White,04/2020,1,0,0.333,
Census Tract,09001090700,White,05/2020,0,0.5,0,
Census Tract,09001090700,White,06/2020,0,0,0.333,
Census Tract,09001090700,White,07/2020,0,0,0.333,
Census Tract,09001090700,White,08/2020,0,0,0.333,
Census Tract,09001090700,White,09/2020,0,0,0.333,
Census Tract,09001090700,White,10/2020,0,0,0.333,
Census Tract,09001090700,White,11/2020,0,0,0,
Census Tract,09001090700,White,12/2020,0,0,0,
Census Tract,09001090700,White,01/2021,0,0.5,0,
Census Tract,09001090700,White,02/2021,0,0,0.333,
Census Tract,09001090700,White,03/2021,0,0,0.333,
Census Tract,09001090700,White,04/2021,0,0,0.333,
Census Tract,09001090700,White,05/2021,0,0.5,0,
Census Tract,09001090700,White,06/2021,0,0,0.333,
Census Tract,09001090700,White,07/2021,0,0,0.333,
Census Tract,09001090700,White,08/2021,0,0,0.333,
Census Tract,09001090700,White,09/2021,0,0,0.333,
Census Tract,09001090700,White,10/2021,0,0,0.333,
Census Tract,09001090700,White,11/2021,0,0,0,
Census Tract,09001090700,White,12/2021,0,0,0,
Census Tract,09001090700,White,01/2022,0,0.5,0,
Census Tract,09001090700,White,02/2022,0,0,0.333,
Census Tract,09001090700,White,03/2022,0,0,0.333,
Census Tract,09001090700,White,04/2022,0,0,0.333,
Census Tract,09001090700,White,05/2022,0,0.5,0,
Census Tract,09001090700,White,06/2022,1,0,0.333,
Census Tract,09001090700,White,07/2022,0,0,0.333,
Census Tract,09001090700,White,08/2022,0,0,0.333,
Census Tract,09001090700,White,09/2022,0,0,0.333,
Census Tract,09001090700,White,10/2022,0,0,0.333,
Census Tract,09001090700,White,11/2022,0,0,0,
Census Tract,09001090700,White,12/2022,0,0,0,
Census Tract,09001090700,White,01/2023,1,0.5,0,
Census Tract,09001090700,White,02/2023,0,0,0.333,
Census Tract,09001090700,White,03/2023,0,0,0.333,
Census Tract,09001090700,White,04/2023,0,0,0.333,
Census Tract,09001090700,White,05/2023,0,0.5,0,
Census Tract,09001090700,White,06/2023,0,0,0.333,
Census Tract,09001090700,White,07/2023,0,0,0.333,
Census Tract,09001090700,White,08/2023,0,0,0.333,
Census Tract,09001090700,White,09/2023,0,0,0.333,
Census Tract,09001090700,White,10/2023,0,0,0.333,
Census Tract,09001090700,White,11/2023,0,0,0,
Census Tract,09001090700,White,12/2023,0,0,0,
Census Tract,09001090700,White,01/2024,0,0.5,0,
Census Tract,09001090700,White,02/2024,0,0,0.333,
Census Tract,09001090700,White,03/2024,0,0,0.333,
Census Tract,09001090700,White,04/2024,0,0,0.333,
Census Tract,09001090700,White,05/2024,1,0.5,0,
Census Tract,09001090700,White,06/2024,0,0,0.333,
Census Tract,09001090700,White,07/2024,0,0,0.333,
Census Tract,09001090700,White,08/2024,0,0,0.333,
Census Tract,09001090700,White,09/2024,0,0,0.333,
Census Tract,09001090700,White,10/2024,0,0,0.333,
Census Tract,09001090700,White,11/2024,0,0,0,
Census Tract,09001090700,White,12/2024,0,0,0,
Census Tract,09001090700,White,01/2025,0,0.5,0,
Census Tract,09001090700,White,02/2025,1,0,0.333,
Census Tract,09001090700,White,03/2025,0,0,0.333,
Census Tract,09001090700,White,04/2025,0,0,0.333,
Census Tract,09001090700,White,05/2025,0,0.5,0,
Census Tract,09001090700,White,06/2025,0,0,0.333,
Census Tract,09001090700,White,07/2025,1,0,0.333,
Census Tract,09001090700,White,08/2025,0,0,0.333,
Census Tract,09001090700,White,09/2025,0,0,0.333,
Census Tract,09001090700,White,10/2025,0,0,0,2025-10-04
Census Tract,09001100100,White,01/2020,1,0.5,1,
Census Tract,09001100100,White,02/2020,0,0,0.333,
Census Tract,09001100100,White,03/2020,1,0,0.667,
Census Tract,09001100100,White,04/2020,0,0,1,
Census Tract,09001100100,White,05/2020,0,1,0.667,
Census Tract,09001100100,White,06/2020,0,0,0.667,
Census Tract,09001100100,White,07/2020,1,0,0.333,
Census Tract,09001100100,White,08/2020,0,0.5,0.333,
Census Tract,09001100100,White,09/2020,0,0,0.333,
Census Tract,09001100100,White,10/2020,0,0,0.333,
Census Tract,09001100100,White,11/2020,0,0.5,0.333,
Census Tract,09001100100,White,12/2020,2,1,0,
Census Tract,09001100100,White,01/2021,0,0.5,1,
Census Tract,09001100100,White,02/2021,0,0,0.333,
Census Tract,09001100100,White,03/2021,0,0,0.667,
Census Tract,09001100100,White,04/2021,0,0,1,
Census Tract,09001100100,White,05/2021,0,1,0.667,
Census Tract,09001100100,White,06/2021,0,0,0.667,
Census Tract,09001100100,White,07/2021,1,0,0.333,
Census Tract,09001100100,White,08/2021,1,0.5,0.333,
Census Tract,09001100100,White,09/2021,0,0,0.333,
Census Tract,09001100100,White,10/2021,1,0,0.333,
Census Tract,09001100100,White,11/2021,0,0.5,0.333,
Census Tract,09001100100,White,12/2021,1,1,0,
Census Tract,09001100100,White,01/2022,0,0.5,1,
Census Tract,09001100100,White,02/2022,1,0,0.333,
Census Tract,09001100100,White,03/2022,1,0,0.667,
Census Tract,09001100100,White,04/2022,1,0,1,
Census Tract,09001100100,White,05/2022,0,1,0.667,
Census Tract,09001100100,White,06/2022,1,0,0.667,
Census Tract,09001100100,White,07/2022,2,0,0.333,
Census Tract,09001100100,White,08/2022,1,0.5,0.333,
Census Tract,09001100100,White,09/2022,1,0,0.333,
Census Tract,09001100100,White,10/2022,0,0,0.333,
Census Tract,09001100100,White,11/2022,1,0.5,0.333,
Census Tract,09001100100,White,12/2022,0,1,0,
Census Tract,09001100100,White,01/2023,0,0.5,1,
Census Tract,09001100100,White,02/2023,0,0,0.333,
Census Tract,09001100100,White,03/2023,0,0,0.667,
Census Tract,09001100100,White,04/2023,0,0,1,
Census Tract,09001100100,White,05/2023,1,1,0.667,
Census Tract,09001100100,White,06/2023,0,0,0.667,
Census Tract,09001100100,White,07/2023,0,0,0.333,
Census Tract,09001100100,White,08/2023,1,0.5,0.333,
Census Tract,09001100100,White,09/2023,0,0,0.333,
Census Tract,09001100100,White,10/2023,0,0,0.333,
Census Tract,09001100100,White,11/2023,0,0.5,0.333,
Census Tract,09001100100,White,12/2023,0,1,0,
Census Tract,09001100100,White,01/2024,1,0.5,1,
Census Tract,09001100100,White,02/2024,0,0,0.333,
Census Tract,09001100100,White,03/2024,0,0,0.667,
Census Tract,09001100100,White,04/2024,0,0,1,
Census Tract,09001100100,White,05/2024,1,1,0.667,
Census Tract,09001100100,White,06/2024,0,0,0.667,
Census Tract,09001100100,White,07/2024,0,0,0.333,
Census Tract,09001100100,White,08/2024,0,0.5,0.333,
Census Tract,09001100100,White,09/2024,0,0,0.333,
Census Tract,09001100100,White,10/2024,0,0,0.333,
Census Tract,09001100100,White,11/2024,1,0.5,0.333,
Census Tract,09001100100,White,12/2024,2,1,0,
Census Tract,09001100100,White,01/2025,0,0.5,1,
Census Tract,09001100100,White,02/2025,0,0,0.333,
Census Tract,09001100100,White,03/2025,0,0,0.667,
Census Tract,09001100100,White,04/2025,0,0,1,
Census Tract,09001100100,White,05/2025,0,1,0.667,
Census Tract,09001100100,White,06/2025,0,0,0.667,
Census Tract,09001100100,White,07/2025,0,0,0.333,
Census Tract,09001100100,White,08/2025,0,0.5,0.333,
Census Tract,09001100100,White,09/2025,0,0,0.333,
Census Tract,09001100100,White,10/2025,0,0,0,2025-10-04
Census Tract,09001100200,White,01/2020,0,0.5,0,
Census Tract,09001100200,White,02/2020,0,0.5,0.333,
Census Tract,09001100200,White,03/2020,0,0,0.667,
Census Tract,09001100200,White,04/2020,0,0.5,0,
Census Tract,09001100200,White,05/2020,0,0.5,0.667,
Census Tract,09001100200,White,06/2020,0,0.5,0.667,
Census Tract,09001100200,White,07/2020,0,0.5,0.333,
Census Tract,09001100200,White,08/2020,0,0,0,
Census Tract,09001100200,White,09/2020,0,0,0.333,
Census Tract,09001100200,White,10/2020,1,0,0.667,
Census Tract,09001100200,White,11/2020,0,0,0,
Census Tract,09001100200,White,12/2020,0,0.5,1,
Census Tract,09001100200,White,01/2021,0,0.5,0,
Census Tract,09001100200,White,02/2021,0,0.5,0.333,
Census Tract,09001100200,White,03/2021,0,0,0.667,
Census Tract,09001100200,White,04/2021,0,0.5,0,
Census Tract,09001100200,White,05/2021,1,0.5,0.667,
Census Tract,09001100200,White,06/2021,0,0.5,0.667,
Census Tract,09001100200,White,07/2021,0,0.5,0.333,
Census Tract,09001100200,White,08/2021,0,0,0,
Census Tract,09001100200,White,09/2021,0,0,0.333,
Census Tract,09001100200,White,10/2021,0,0,0.667,
Census Tract,09001100200,White,11/2021,0,0,0,
Census Tract,09001100200,White,12/2021,0,0.5,1,
Census Tract,09001100200,White,01/2022,0,0.5,0,
Census Tract,09001100200,White,02/2022,0,0.5,0.333,
Census Tract,09001100200,White,03/2022,2,0,0.667,
Census Tract,09001100200,White,04/2022,0,0.5,0,
Census Tract,09001100200,White,05/2022,0,0.5,0.667,
Census Tract,09001100200,White,06/2022,0,0.5,0.667,
Census Tract,09001100200,White,07/2022,1,0.5,0.333,
Census Tract,09001100200,White,08/2022,0,0,0,
Census Tract,09001100200,White,09/2022,1,0,0.333,
Census Tract,09001100200,White,10/2022,0,0,0.667,
Census Tract,09001100200,White,11/2022,1,0,0,
Census Tract,09001100200,White,12/2022,0,0.5,1,
Census Tract,09001100200,White,01/2023,1,0.5,0,
Census Tract,09001100200,White,02/2023,1,0.5,0.333,
Census Tract,09001100200,White,03/2023,0,0,0.667,
Census Tract,09001100200,White,04/2023,1,0.5,0,
Census Tract,09001100200,White,05/2023,0,0.5,0.667,
Census Tract,09001100200,White,06/2023,0,0.5,0.667,
Census Tract,09001100200,White,07/2023,1,0.5,0.333,
Census Tract,09001100200,White,08/2023,0,0,0,
Census Tract,09001100200,White,09/2023,0,0,0.333,
Census Tract,09001100200,White,10/2023,0,0,0.667,
Census Tract,09001100200,White,11/2023,0,0,0,
Census Tract,09001100200,White,12/2023,0,0.5,1,
Census Tract,09001100200,White,01/2024,0,0.5,0,
Census Tract,09001100200,White,02/2024,0,0.5,0.333,
Census Tract,09001100200,White,03/2024,0,0,0.667,
Census Tract,09001100200,White,04/2024,0,0.5,0,
Census Tract,09001100200,White,05/2024,1,0.5,0.667,
Census Tract,09001100200,White,06/2024,1,0.5,0.667,
Census Tract,09001100200,White,07/2024,0,0.5,0.333,
Census Tract,09001100200,White,08/2024,0,0,0,
Census Tract,09001100200,White,09/2024,0,0,0.333,
Census Tract,09001100200,White,10/2024,0,0,0.667,
Census Tract,09001100200,White,11/2024,0,0,0,
Census Tract,09001100200,White,12/2024,1,0.5,1,
Census Tract,09001100200,White,01/2025,0,0.5,0,
Census Tract,09001100200,White,02/2025,1,0.5,0.333,
Census Tract,09001100200,White,03/2025,0,0,0.667,
Census Tract,09001100200,White,04/2025,0,0.5,0,
Census Tract,09001100200,White,05/2025,0,0.5,0.667,
Census Tract,09001100200,White,06/2025,0,0.5,0.667,
Census Tract,09001100200,White,07/2025,0,0.5,0.333,
Census Tract,09001100200,White,08/2025,0,0,0,
Census Tract,09001100200,White,09/2025,0,0,0.333,
Census Tract,09001100200,White,10/2025,0,0,0,2025-10-04
Census Tract,09001100300,White,01/2020,0,0,0.667,
Census Tract,09001100300,White,02/2020,1,0,1.333,
Census Tract,09001100300,White,03/2020,1,0,0,
Census Tract,09001100300,White,04/2020,0,0,0.333,
Census Tract,09001100300,White,05/2020,0,0,0.333,
Census Tract,09001100300,White,06/2020,0,0.5,0.667,
Census Tract,09001100300,White,07/2020,0,0,0,
Census Tract,09001100300,White,08/2020,1,0.5,0.333,
Census Tract,09001100300,White,09/2020,0,0,1,
Census Tract,09001100300,White,10/2020,0,0,1.333,
Census Tract,09001100300,White,11/2020,0,0,0.667,
Census Tract,09001100300,White,12/2020,0,0,1,
Census Tract,09001100300,White,01/2021,0,0,0.667,
Census Tract,09001100300,White,02/2021,0,0,1.333,
Census Tract,09001100300,White,03/2021,0,0,0,
Census Tract,09001100300,White,04/2021,0,0,0.333,
Census Tract,09001100300,White,05/2021,0,0,0.333,
Census Tract,09001100300,White,06/2021,0,0.5,0.667,
Census Tract,09001100300,White,07/2021,0,0,0,
Census Tract,09001100300,White,08/2021,1,0.5,0.333,
Census Tract,09001100300,White,09/2021,0,0,1,
Census Tract,09001100300,White,10/2021,1,0,1.333,
Census Tract,09001100300,White,11/2021,0,0,0.667,
Census Tract,09001100300,White,12/2021,0,0,1,
Census Tract,09001100300,White,01/2022,1,0,0.667,
Census Tract,09001100300,White,02/2022,0,0,1.333,
Census Tract,09001100300,White,03/2022,0,0,0,
Census Tract,09001100300,White,04/2022,1,0,0.333,
Census Tract,09001100300,White,05/2022,0,0,0.333,
Census Tract,09001100300,White,06/2022,0,0.5,0.667,
Census Tract,09001100300,White,07/2022,0,0,0,
Census Tract,09001100300,White,08/2022,0,0.5,0.333,
Census Tract,09001100300,White,09/2022,0,0,1,
Census Tract,09001100300,White,10/2022,1,0,1.333,
Census Tract,09001100300,White,11/2022,0,0,0.667,
Census Tract,09001100300,White,12/2022,1,0,1,
Census Tract,09001100300,White,01/2023,0,0,0.667,
Census Tract,09001100300,White,02/2023,0,0,1.333,
Census Tract,09001100300,White,03/2023,0,0,0,
Census Tract,09001100300,White,04/2023,0,0,0.333,
Census Tract,09001100300,White,05/2023,0,0,0.333,
Census Tract,09001100300,White,06/2023,0,0.5,0.667,
Census Tract,09001100300,White,07/2023,0,0,0,
Census Tract,09001100300,White,08/2023,1,0.5,0.333,
Census Tract,09001100300,White,09/2023,0,0,1,
Census Tract,09001100300,White,10/2023,0,0,1.333,
Census Tract,09001100300,White,11/2023,0,0,0.667,
Census Tract,09001100300,White,12/2023,0,0,1,
Census Tract,09001100300,White,01/2024,0,0,0.667,
Census Tract,09001100300,White,02/2024,0,0,1.333,
Census Tract,09001100300,White,03/2024,0,0,0,
Census Tract,09001100300,White,04/2024,0,0,0.333,
Census Tract,09001100300,White,05/2024,0,0,0.333,
Census Tract,09001100300,White,06/2024,1,0.5,0.667,
Census Tract,09001100300,White,07/2024,0,0,0,
Census Tract,09001100300,White,08/2024,0,0.5,0.333,
Census Tract,09001100300,White,09/2024,0,0,1,
Census Tract,09001100300,White,10/2024,0,0,1.333,
Census Tract,09001100300,White,11/2024,0,0,0.667,
Census Tract,09001100300,White,12/2024,0,0,1,
Census Tract,09001100300,White,01/2025,0,0,0.667,
Census Tract,09001100300,White,02/2025,0,0,1.333,
Census Tract,09001100300,White,03/2025,0,0,0,
Census Tract,09001100300,White,04/2025,0,0,0.333,
Census Tract,09001100300,White,05/2025,0,0,0.333,
Census Tract,09001100300,White,06/2025,1,0.5,0.667,
Census Tract,09001100300,White,07/2025,0,0,0,
Census Tract,09001100300,White,08/2025,0,0.5,0.333,
Census Tract,09001100300,White,09/2025,1,0,1,
Census Tract,09001100300,White,10/2025,0,0,0,2025-10-04
Census Tract,09001105100,White,01/2020,1,0.5,0,
Census Tract,09001105100,White,02/2020,0,0,0,
Census Tract,09001105100,White,03/2020,0,0,0.333,
Census Tract,09001105100,White,04/2020,0,0,0,
Census Tract,09001105100,White,05/2020,0,0,0,
Census Tract,09001105100,White,06/2020,0,0,0,
Census Tract,09001105100,White,07/2020,0,1,0.667,
Census Tract,09001105100,White,08/2020,0,0,0.667,
Census Tract,09001105100,White,09/2020,0,0,0.333,
Census Tract,09001105100,White,10/2020,0,0.5,0.333,
Census Tract,09001105100,White,11/2020,0,0,0,
Census Tract,09001105100,White,12/2020,0,1,0,
Census Tract,09001105100,White,01/2021,0,0.5,0,
Census Tract,09001105100,White,02/2021,1,0,0,
Census Tract,09001105100,White,03/2021,0,0,0.333,
Census Tract,09001105100,White,04/2021,0,0,0,
Census Tract,09001105100,White,05/2021,0,0,0,
Census Tract,09001105100,White,06/2021,0,0,0,
Census Tract,09001105100,White,07/2021,1,1,0.667,
Census Tract,09001105100,White,08/2021,0,0,0.667,
Census Tract,09001105100,White,09/2021,0,0,0.333,
Census Tract,09001105100,White,10/2021,0,0.5,0.333,
Census Tract,09001105100,White,11/2021,0,0,0,
Census Tract,09001105100,White,12/2021,0,1,0,
Census Tract,09001105100,White,01/2022,0,0.5,0,
Census Tract,09001105100,White,02/2022,0,0,0,
Census Tract,09001105100,White,03/2022,0,0,0.333,
Census Tract,09001105100,White,04/2022,1,0,0,
Census Tract,09001105100,White,05/2022,0,0,0,
Census Tract,09001105100,White,06/2022,2,0,0,
Census Tract,09001105100,White,07/2022,1,1,0.667,
Census Tract,09001105100,White,08/2022,1,0,0.667,
Census Tract,09001105100,White,09/2022,1,0,0.333,
Census Tract,09001105100,White,10/2022,0,0.5,0.333,
Census Tract,09001105100,White,11/2022,0,0,0,
Census Tract,09001105100,White,12/2022,1,1,0,
Census Tract,09001105100,White,01/2023,0,0.5,0,
Census Tract,09001105100,White,02/2023,0,0,0,
Census Tract,09001105100,White,03/2023,0,0,0.333,
Census Tract,09001105100,White,04/2023,0,0,0,
Census Tract,09001105100,White,05/2023,0,0,0,
Census Tract,09001105100,White,06/2023,0,0,0,
Census Tract,09001105100,White,07/2023,0,1,0.667,
Census Tract,09001105100,White,08/2023,0,0,0.667,
Census Tract,09001105100,White,09/2023,0,0,0.333,
Census Tract,09001105100,White,10/2023,0,0.5,0.333,
Census Tract,09001105100,White,11/2023,0,0,0,
Census Tract,09001105100,White,12/2023,0,1,0,
Census Tract,09001105100,White,01/2024,1,0.5,0,
Census Tract,09001105100,White,02/2024,0,0,0,
Census Tract,09001105100,White,03/2024,0,0,0.333,
Census Tract,09001105100,White,04/2024,0,0,0,
Census Tract,09001105100,White,05/2024,0,0,0,
Census Tract,09001105100,White,06/2024,0,0,0,
Census Tract,09001105100,White,07/2024,2,1,0.667,
Census Tract,09001105100,White,08/2024,0,0,0.667,
Census Tract,09001105100,White,09/2024,0,0,0.333,
Census Tract,09001105100,White,10/2024,1,0.5,0.333,
Census Tract,09001105100,White,11/2024,0,0,0,
Census Tract,09001105100,White,12/2024,2,1,0,
Census Tract,09001105100,White,01/2025,0,0.5,0,
Census Tract,09001105100,White,02/2025,0,0,0,
Census Tract,09001105100,White,03/2025,0,0,0.333,
Census Tract,09001105100,White,04/2025,0,0,0,
Census Tract,09001105100,White,05/2025,0,0,0,
Census Tract,09001105100,White,06/2025,0,0,0,
Census Tract,09001105100,White,07/2025,0,1,0.667,
Census Tract,09001105100,White,08/2025,0,0,0.667,
Census Tract,09001105100,White,09/2025,0,0,0.333,
Census Tract,09001105100,White,10/2025,0,0,0,2025-10-04
Census Tract,09001105200,White,01/2020,0,0.5,0,
Census Tract,09001105200,White,02/2020,0,0,1,
Census Tract,09001105200,White,03/2020,0,0,0,
Census Tract,09001105200,White,04/2020,0,0,0.333,
Census Tract,09001105200,White,05/2020,0,0,0,
Census Tract,09001105200,White,06/2020,0,0.5,0.667,
Census Tract,09001105200,White,07/2020,0,1.5,0,
Census Tract,09001105200,White,08/2020,0,0,0.333,
Census Tract,09001105200,White,09/2020,0,0.5,0.333,
Census Tract,09001105200,White,10/2020,0,0,0.333,
Census Tract,09001105200,White,11/2020,0,0,0.333,
Census Tract,09001105200,White,12/2020,0,0,0.333,
Census Tract,09001105200,White,01/2021,0,0.5,0,
Census Tract,09001105200,White,02/2021,0,0,1,
Census Tract,09001105200,White,03/2021,0,0,0,
Census Tract,09001105200,White,04/2021,0,0,0.333,
Census Tract,09001105200,White,05/2021,0,0,0,
Census Tract,09001105200,White,06/2021,0,0.5,0.667,
Census Tract,09001105200,White,07/2021,1,1.5,0,
Census Tract,09001105200,White,08/2021,0,0,0.333,
Census Tract,09001105200,White,09/2021,1,0.5,0.333,
Census Tract,09001105200,White,10/2021,0,0,0.333,
Census Tract,09001105200,White,11/2021,0,0,0.333,
Census Tract,09001105200,White,12/2021,1,0,0.333,
Census Tract,09001105200,White,01/2022,0,0.5,0,
Census Tract,09001105200,White,02/2022,0,0,1,
Census Tract,09001105200,White,03/2022,2,0,0,
Census Tract,09001105200,White,04/2022,1,0,0.333,
Census Tract,09001105200,White,05/2022,1,0,0,
Census Tract,09001105200,White,06/2022,1,0.5,0.667,
Census Tract,09001105200,White,07/2022,0,1.5,0,
Census Tract,09001105200,White,08/2022,0,0,0.333,
Census Tract,09001105200,White,09/2022,2,0.5,0.333,
Census Tract,09001105200,White,10/2022,0,0,0.333,
Census Tract,09001105200,White,11/2022,0,0,0.333,
Census Tract,09001105200,White,12/2022,1,0,0.333,
Census Tract,09001105200,White,01/2023,0,0.5,0,
Census Tract,09001105200,White,02/2023,0,0,1,
Census Tract,09001105200,White,03/2023,0,0,0,
Census Tract,09001105200,White,04/2023,0,0,0.333,
Census Tract,09001105200,White,05/2023,0,0,0,
Census Tract,09001105200,White,06/2023,1,0.5,0.667,
Census Tract,09001105200,White,07/2023,0,1.5,0,
Census Tract,09001105200,White,08/2023,0,0,0.333,
Census Tract,09001105200,White,09/2023,0,0.5,0.333,
Census Tract,09001105200,White,10/2023,0,0,0.333,
Census Tract,09001105200,White,11/2023,0,0,0.333,
Census Tract,09001105200,White,12/2023,0,0,0.333,
Census Tract,09001105200,White,01/2024,1,0.5,0,
Census Tract,09001105200,White,02/2024,0,0,1,
Census Tract,09001105200,White,03/2024,0,0,0,
Census Tract,09001105200,White,04/2024,0,0,0.333,
Census Tract,09001105200,White,05/2024,0,0,0,
Census Tract,09001105200,White,06/2024,0,0.5,0.667,
Census Tract,09001105200,White,07/2024,3,1.5,0,
Census Tract,09001105200,White,08/2024,0,0,0.333,
Census Tract,09001105200,White,09/2024,1,0.5,0.333,
Census Tract,09001105200,White,10/2024,0,0,0.333,
Census Tract,09001105200,White,11/2024,0,0,0.333,
Census Tract,09001105200,White,12/2024,0,0,0.333,
Census Tract,09001105200,White,01/2025,1,0.5,0,
Census Tract,09001105200,White,02/2025,1,0,1,
Census Tract,09001105200,White,03/2025,1,0,0,
Census Tract,09001105200,White,04/2025,0,0,0.333,
Census Tract,09001105200,White,05/2025,2,0,0,
Census Tract,09001105200,White,06/2025,0,0.5,0.667,
Census Tract,09001105200,White,07/2025,0,1.5,0,
Census Tract,09001105200,White,08/2025,0,0,0.333,
Census Tract,09001105200,White,09/2025,0,0.5,0.333,
Census Tract,09001105200,White,10/2025,0,0,0.333,2025-10-04
Census Tract,09001110100,White,01/2020,0,0,0.333,
Census Tract,09001110100,White,02/2020,0,0,0,
Census Tract,09001110100,White,03/2020,0,0,0,
Census Tract,09001110100,White,04/2020,0,0,0,
Census Tract,09001110100,White,05/2020,0,0,0,
Census Tract,09001110100,White,06/2020,0,0,0,
Census Tract,09001110100,White,07/2020,0,0,0,
Census Tract,09001110100,White,08/2020,0,0,0,
Census Tract,09001110100,White,09/2020,0,0,0.333,
Census Tract,09001110100,White,10/2020,0,0,0,
Census Tract,09001110100,White,11/2020,0,0,0,
Census Tract,09001110100,White,12/2020,0,0,0,
Census Tract,09001110100,White,01/2021,0,0,0.333,
Census Tract,09001110100,White,02/2021,0,0,0,
Census Tract,09001110100,White,03/2021,0,0,0,
Census Tract,09001110100,White,04/2021,0,0,0,
Census Tract,09001110100,White,05/2021,0,0,0,
Census Tract,09001110100,White,06/2021,0,0,0,
Census Tract,09001110100,White,07/2021,0,0,0,
Census Tract,09001110100,White,08/2021,0,0,0,
Census Tract,09001110100,White,09/2021,0,0,0.333,
Census Tract,09001110100,White,10/2021,0,0,0,
Census Tract,09001110100,White,11/2021,0,0,0,
Census Tract,09001110100,White,12/2021,0,0,0,
Census Tract,09001110100,White,01/2022,0,0,0.333,
Census Tract,09001110100,White,02/2022,0,0,0,
Census Tract,09001110100,White,03/2022,0,0,0,
Census Tract,09001110100,White,04/2022,0,0,0,
Census Tract,09001110100,White,05/2022,0,0,0,
Census Tract,09001110100,White,06/2022,0,0,0,
Census Tract,09001110100,White,07/2022,0,0,0,
Census Tract,09001110100,White,08/2022,0,0,0,
Census Tract,09001110100,White,09/2022,0,0,0.333,
Census Tract,09001110100,White,10/2022,0,0,0,
Census Tract,09001110100,White,11/2022,0,0,0,
Census Tract,09001110100,White,12/2022,0,0,0,
Census Tract,09001110100,White,01/2023,0,0,0.333,
Census Tract,09001110100,White,02/2023,0,0,0,
Census Tract,09001110100,White,03/2023,0,0,0,
Census Tract,09001110100,White,04/2023,0,0,0,
Census Tract,09001110100,White,05/2023,0,0,0,
Census Tract,09001110100,White,06/2023,0,0,0,
Census Tract,09001110100,White,07/2023,0,0,0,
Census Tract,09001110100,White,08/2023,0,0,0,
Census Tract,09001110100,White,09/2023,0,0,0.333,
Census Tract,09001110100,White,10/2023,0,0,0,
Census Tract,09001110100,White,11/2023,0,0,0,
Census Tract,09001110100,White,12/2023,0,0,0,
Census Tract,09001110100,White,01/2024,0,0,0.333,
Census Tract,09001110100,White,02/2024,0,0,0,
Census Tract,09001110100,White,03/2024,0,0,0,
Census Tract,09001110100,White,04/2024,0,0,0,
Census Tract,09001110100,White,05/2024,0,0,0,
Census Tract,09001110100,White,06/2024,0,0,0,
Census Tract,09001110100,White,07/2024,0,0,0,
Census Tract,09001110100,White,08/2024,0,0,0,
Census Tract,09001110100,White,09/2024,0,0,0.333,
Census Tract,09001110100,White,10/2024,0,0,0,
Census Tract,09001110100,White,11/2024,0,0,0,
Census Tract,09001110100,White,12/2024,0,0,0,
Census Tract,09001110100,White,01/2025,0,0,0.333,
Census Tract,09001110100,White,02/2025,0,0,0,
Census Tract,09001110100,White,03/2025,0,0,0,
Census Tract,09001110100,White,04/2025,0,0,0,
Census Tract,09001110100,White,05/2025,0,0,0,
Census Tract,09001110100,White,06/2025,0,0,0,
Census Tract,09001110100,White,07/2025,0,0,0,
Census Tract,09001110100,White,08/2025,0,0,0,
Census Tract,09001110100,White,09/2025,0,0,0.333,
Census Tract,09001110100,White,10/2025,0,0,0,2025-10-04
Census Tract,09001110201,White,01/2020,0,0,0,
Census Tract,09001110201,White,02/2020,0,0,0,
Census Tract,09001110201,White,03/2020,0,0,0,
Census Tract,09001110201,White,04/2020,0,0,0,
Census Tract,09001110201,White,05/2020,0,0,0,
Census Tract,09001110201,White,06/2020,0,0,0,
Census Tract,09001110201,White,07/2020,0,0,0,
Census Tract,09001110201,White,08/2020,0,0,0,
Census Tract,09001110201,White,09/2020,0,0,0,
Census Tract,09001110201,White,10/2020,0,0,0,
Census Tract,09001110201,White,11/2020,0,0,0,
Census Tract,09001110201,White,12/2020,0,0.5,0,
Census Tract,09001110201,White,01/2021,0,0,0,
Census Tract,09001110201,White,02/2021,0,0,0,
Census Tract,09001110201,White,03/2021,0,0,0,
Census Tract,09001110201,White,04/2021,0,0,0,
Census Tract,09001110201,White,05/2021,0,0,0,
Census Tract,09001110201,White,06/2021,0,0,0,
Census Tract,09001110201,White,07/2021,0,0,0,
Census Tract,09001110201,White,08/2021,0,0,0,
Census Tract,09001110201,White,09/2021,0,0,0,
Census Tract,09001110201,White,10/2021,0,0,0,
Census Tract,09001110201,White,11/2021,0,0,0,
Census Tract,09001110201,White,12/2021,0,0.5,0,
Census Tract,09001110201,White,01/2022,0,0,0,
Census Tract,09001110201,White,02/2022,0,0,0,
Census Tract,09001110201,White,03/2022,0,0,0,
Census Tract,09001110201,White,04/2022,0,0,0,
Census Tract,09001110201,White,05/2022,0,0,0,
Census Tract,09001110201,White,06/2022,0,0,0,
Census Tract,09001110201,White,07/2022,0,0,0,
Census Tract,09001110201,White,08/2022,0,0,0,
Census Tract,09001110201,White,09/2022,0,0,0,
Census Tract,09001110201,White,10/2022,0,0,0,
Census Tract,09001110201,White,11/2022,0,0,0,
Census Tract,09001110201,White,12/2022,0,0.5,0,
Census Tract,09001110201,White,01/2023,0,0,0,
Census Tract,09001110201,White,02/2023,0,0,0,
Census Tract,09001110201,White,03/2023,0,0,0,
Census Tract,09001110201,White,04/2023,0,0,0,
Census Tract,09001110201,White,05/2023,0,0,0,
Census Tract,09001110201,White,06/2023,0,0,0,
Census Tract,09001110201,White,07/2023,0,0,0,
Census Tract,09001110201,White,08/2023,0,0,0,
Census Tract,09001110201,White,09/2023,0,0,0,
Census Tract,09001110201,White,10/2023,0,0,0,
Census Tract,09001110201,White,11/2023,0,0,0,
Census Tract,09001110201,White,12/2023,1,0.5,0,
Census Tract,09001110201,White,01/2024,0,0,0,
Census Tract,09001110201,White,02/2024,0,0,0,
Census Tract,09001110201,White,03/2024,0,0,0,
Census Tract,09001110201,White,04/2024,0,0,0,
Census Tract,09001110201,White,05/2024,0,0,0,
Census Tract,09001110201,White,06/2024,0,0,0,
Census Tract,09001110201,White,07/2024,0,0,0,
Census Tract,09001110201,White,08/2024,0,0,0,
Census Tract,09001110201,White,09/2024,0,0,0,
Census Tract,09001110201,White,10/2024,0,0,0,
Census Tract,09001110201,White,11/2024,0,0,0,
Census Tract,09001110201,White,12/2024,0,0.5,0,
Census Tract,09001110201,White,01/2025,0,0,0,
Census Tract,09001110201,White,02/2025,0,0,0,
Census Tract,09001110201,White,03/2025,0,0,0,
Census Tract,09001110201,White,04/2025,0,0,0,
Census Tract,09001110201,White,05/2025,0,0,0,
Census Tract,09001110201,White,06/2025,0,0,0,
Census Tract,09001110201,White,07/2025,0,0,0,
Census Tract,09001110201,White,08/2025,0,0,0,
Census Tract,09001110201,White,09/2025,0,0,0,
Census Tract,09001110201,White,10/2025,0,0,0,2025-10-04
Census Tract,09001110202,White,01/2020,0,0,0,
Census Tract,09001110202,White,02/2020,0,0,0,
Census Tract,09001110202,White,03/2020,0,0,0,
Census Tract,09001110202,White,04/2020,0,0,0,
Census Tract,09001110202,White,05/2020,0,0,0,
Census Tract,09001110202,White,06/2020,0,0,0,
Census Tract,09001110202,White,07/2020,0,0,0.333,
Census Tract,09001110202,White,08/2020,0,0,0,
Census Tract,09001110202,White,09/2020,0,0,0,
Census Tract,09001110202,White,10/2020,0,0,0,
Census Tract,09001110202,White,11/2020,0,0,0,
Census Tract,09001110202,White,12/2020,0,0,0,
Census Tract,09001110202,White,01/2021,0,0,0,
Census Tract,09001110202,White,02/2021,0,0,0,
Census Tract,09001110202,White,03/2021,0,0,0,
Census Tract,09001110202,White,04/2021,0,0,0,
Census Tract,09001110202,White,05/2021,0,0,0,
Census Tract,09001110202,White,06/2021,0,0,0,
Census Tract,09001110202,White,07/2021,0,0,0.333,
Census Tract,09001110202,White,08/2021,0,0,0,
Census Tract,09001110202,White,09/2021,0,0,0,
Census Tract,09001110202,White,10/2021,0,0,0,
Census Tract,09001110202,White,11/2021,0,0,0,
Census Tract,09001110202,White,12/2021,0,0,0,
Census Tract,09001110202,White,01/2022,0,0,0,
Census Tract,09001110202,White,02/2022,0,0,0,
Census Tract,09001110202,White,03/2022,0,0,0,
Census Tract,09001110202,White,04/2022,0,0,0,
Census Tract,09001110202,White,05/2022,0,0,0,
Census Tract,09001110202,White,06/2022,0,0,0,
Census Tract,09001110202,White,07/2022,0,0,0.333,
Census Tract,09001110202,White,08/2022,0,0,0,
Census Tract,09001110202,White,09/2022,0,0,0,
Census Tract,09001110202,White,10/2022,0,0,0,
Census Tract,09001110202,White,11/2022,0,0,0,
Census Tract,09001110202,White,12/2022,0,0,0,
Census Tract,09001110202,White,01/2023,0,0,0,
Census Tract,09001110202,White,02/2023,0,0,0,
Census Tract,09001110202,White,03/2023,0,0,0,
Census Tract,09001110202,White,04/2023,0,0,0,
Census Tract,09001110202,White,05/2023,0,0,0,
Census Tract,09001110202,White,06/2023,0,0,0,
Census Tract,09001110202,White,07/2023,0,0,0.333,
Census Tract,09001110202,White,08/2023,0,0,0,
Census Tract,09001110202,White,09/2023,0,0,0,
Census Tract,09001110202,White,10/2023,0,0,0,
Census Tract,09001110202,White,11/2023,0,0,0,
Census Tract,09001110202,White,12/2023,0,0,0,
Census Tract,09001110202,White,01/2024,0,0,0,
Census Tract,09001110202,White,02/2024,0,0,0,
Census Tract,09001110202,White,03/2024,0,0,0,
Census Tract,09001110202,White,04/2024,0,0,0,
Census Tract,09001110202,White,05/2024,0,0,0,
Census Tract,09001110202,White,06/2024,0,0,0,
Census Tract,09001110202,White,07/2024,0,0,0.333,
Census Tract,09001110202,White,08/2024,0,0,0,
Census Tract,09001110202,White,09/2024,0,0,0,
Census Tract,09001110202,White,10/2024,0,0,0,
Census Tract,09001110202,White,11/2024,0,0,0,
Census Tract,09001110202,White,12/2024,0,0,0,
Census Tract,09001110202,White,01/2025,0,0,0,
Census Tract,09001110202,White,02/2025,0,0,0,
Census Tract,09001110202,White,03/2025,0,0,0,
Census Tract,09001110202,White,04/2025,0,0,0,
Census Tract,09001110202,White,05/2025,0,0,0,
Census Tract,09001110202,White,06/2025,0,0,0,
Census Tract,09001110202,White,07/2025,0,0,0.333,
Census Tract,09001110202,White,08/2025,0,0,0,
Census Tract,09001110202,White,09/2025,0,0,0,
Census Tract,09001110202,White,10/2025,0,0,0,2025-10-04
Census Tract,09001110301,White,01/2020,0,1,0,
Census Tract,09001110301,White,02/2020,0,0,0,
Census Tract,09001110301,White,03/2020,0,0,0,
Census Tract,09001110301,White,04/2020,0,0,0,
Census Tract,09001110301,White,05/2020,0,0,0,
Census Tract,09001110301,White,06/2020,0,0,0,
Census Tract,09001110301,White,07/2020,0,0,0.333,
Census Tract,09001110301,White,08/2020,0,0,0,
Census Tract,09001110301,White,09/2020,0,0,0,
Census Tract,09001110301,White,10/2020,0,0,0,
Census Tract,09001110301,White,11/2020,0,0,0,
Census Tract,09001110301,White,12/2020,0,0,0.333,
Census Tract,09001110301,White,01/2021,0,1,0,
Census Tract,09001110301,White,02/2021,0,0,0,
Census Tract,09001110301,White,03/2021,0,0,0,
Census Tract,09001110301,White,04/2021,0,0,0,
Census Tract,09001110301,White,05/2021,0,0,0,
Census Tract,09001110301,White,06/2021,0,0,0,
Census Tract,09001110301,White,07/2021,0,0,0.333,
Census Tract,09001110301,White,08/2021,1,0,0,
Census Tract,09001110301,White,09/2021,0,0,0,
Census Tract,09001110301,White,10/2021,0,0,0,
Census Tract,09001110301,White,11/2021,0,0,0,
Census Tract,09001110301,White,12/2021,0,0,0.333,
Census Tract,09001110301,White,01/2022,0,1,0,
Census Tract,09001110301,White,02/2022,0,0,0,
Census Tract,09001110301,White,03/2022,0,0,0,
Census Tract,09001110301,White,04/2022,0,0,0,
Census Tract,09001110301,White,05/2022,0,0,0,
Census Tract,09001110301,White,06/2022,0,0,0,
Census Tract,09001110301,White,07/2022,0,0,0.333,
Census Tract,09001110301,White,08/2022,0,0,0,
Census Tract,09001110301,White,09/2022,0,0,0,
Census Tract,09001110301,White,10/2022,0,0,0,
Census Tract,09001110301,White,11/2022,0,0,0,
Census Tract,09001110301,White,12/2022,0,0,0.333,
Census Tract,09001110301,White,01/2023,2,1,0,
Census Tract,09001110301,White,02/2023,0,0,0,
Census Tract,09001110301,White,03/2023,0,0,0,
Census Tract,09001110301,White,04/2023,0,0,0,
Census Tract,09001110301,White,05/2023,0,0,0,
Census Tract,09001110301,White,06/2023,0,0,0,
Census Tract,09001110301,White,07/2023,0,0,0.333,
Census Tract,09001110301,White,08/2023,0,0,0,
Census Tract,09001110301,White,09/2023,0,0,0,
Census Tract,09001110301,White,10/2023,0,0,0,
Census Tract,09001110301,White,11/2023,0,0,0,
Census Tract,09001110301,White,12/2023,0,0,0.333,
Census Tract,09001110301,White,01/2024,0,1,0,
Census Tract,09001110301,White,02/2024,0,0,0,
Census Tract,09001110301,White,03/2024,0,0,0,
Census Tract,09001110301,White,04/2024,0,0,0,
Census Tract,09001110301,White,05/2024,0,0,0,
Census Tract,09001110301,White,06/2024,0,0,0,
Census Tract,09001110301,White,07/2024,0,0,0.333,
Census Tract,09001110301,White,08/2024,0,0,0,
Census Tract,09001110301,White,09/2024,0,0,0,
Census Tract,09001110301,White,10/2024,0,0,0,
Census Tract,09001110301,White,11/2024,0,0,0,
Census Tract,09001110301,White,12/2024,0,0,0.333,
Census Tract,09001110301,White,01/2025,0,1,0,
Census Tract,09001110301,White,02/2025,0,0,0,
Census Tract,09001110301,White,03/2025,0,0,0,
Census Tract,09001110301,White,04/2025,0,0,0,
Census Tract,09001110301,White,05/2025,0,0,0,
Census Tract,09001110301,White,06/2025,0,0,0,
Census Tract,09001110301,White,07/2025,0,0,0.333,
Census Tract,09001110301,White,08/2025,0,0,0,
Census Tract,09001110301,White,09/2025,0,0,0,
Census Tract,09001110301,White,10/2025,0,0,0,2025-10-04
Census Tract,09001110302,White,01/2020,0,0,1,
Census Tract,09001110302,White,02/2020,0,0,0,
Census Tract,09001110302,White,03/2020,0,0,0.333,
Census Tract,09001110302,White,04/2020,0,0,0.333,
Census Tract,09001110302,White,05/2020,0,0,0.667,
Census Tract,09001110302,White,06/2020,0,0,0.667,
Census Tract,09001110302,White,07/2020,0,0,0.667,
Census Tract,09001110302,White,08/2020,0,0,0.333,
Census Tract,09001110302,White,09/2020,0,0,0,
Census Tract,09001110302,White,10/2020,0,0,0.667,
Census Tract,09001110302,White,11/2020,0,0,0,
Census Tract,09001110302,White,12/2020,0,0,0.667,
Census Tract,09001110302,White,01/2021,0,0,1,
Census Tract,09001110302,White,02/2021,0,0,0,
Census Tract,09001110302,White,03/2021,0,0,0.333,
Census Tract,09001110302,White,04/2021,0,0,0.333,
Census Tract,09001110302,White,05/2021,0,0,0.667,
Census Tract,09001110302,White,06/2021,0,0,0.667,
Census Tract,09001110302,White,07/2021,0,0,0.667,
Census Tract,09001110302,White,08/2021,0,0,0.333,
Census Tract,09001110302,White,09/2021,0,0,0,
Census Tract,09001110302,White,10/2021,0,0,0.667,
Census Tract,09001110302,White,11/2021,0,0,0,
Census Tract,09001110302,White,12/2021,0,0,0.667,
Census Tract,09001110302,White,01/2022,0,0,1,
Census Tract,09001110302,White,02/2022,0,0,0,
Census Tract,09001110302,White,03/2022,0,0,0.333,
Census Tract,09001110302,White,04/2022,0,0,0.333,
Census Tract,09001110302,White,05/2022,0,0,0.667,
Census Tract,09001110302,White,06/2022,0,0,0.667,
Census Tract,09001110302,White,07/2022,0,0,0.667,
Census Tract,09001110302,White,08/2022,0,0,0.333,
Census Tract,09001110302,White,09/2022,0,0,0,
Census Tract,09001110302,White,10/2022,0,0,0.667,
Census Tract,09001110302,White,11/2022,0,0,0,
Census Tract,09001110302,White,12/2022,0,0,0.667,
Census Tract,09001110302,White,01/2023,0,0,1,
Census Tract,09001110302,White,02/2023,0,0,0,
Census Tract,09001110302,White,03/2023,0,0,0.333,
Census Tract,09001110302,White,04/2023,0,0,0.333,
Census Tract,09001110302,White,05/2023,0,0,0.667,
Census Tract,09001110302,White,06/2023,0,0,0.667,
Census Tract,09001110302,White,07/2023,0,0,0.667,
Census Tract,09001110302,White,08/2023,0,0,0.333,
Census Tract,09001110302,White,09/2023,0,0,0,
Census Tract,09001110302,White,10/2023,0,0,0.667,
Census Tract,09001110302,White,11/2023,0,0,0,
Census Tract,09001110302,White,12/2023,0,0,0.667,
Census Tract,09001110302,White,01/2024,0,0,1,
Census Tract,09001110302,White,02/2024,0,0,0,
Census Tract,09001110302,White,03/2024,0,0,0.333,
Census Tract,09001110302,White,04/2024,0,0,0.333,
Census Tract,09001110302,White,05/2024,0,0,0.667,
Census Tract,09001110302,White,06/2024,0,0,0.667,
Census Tract,09001110302,White,07/2024,0,0,0.667,
Census Tract,09001110302,White,08/2024,0,0,0.333,
Census Tract,09001110302,White,09/2024,0,0,0,
Census Tract,09001110302,White,10/2024,0,0,0.667,
Census Tract,09001110302,White,11/2024,0,0,0,
Census Tract,09001110302,White,12/2024,0,0,0.667,
Census Tract,09001110302,White,01/2025,0,0,1,
Census Tract,09001110302,White,02/2025,0,0,0,
Census Tract,09001110302,White,03/2025,0,0,0.333,
Census Tract,09001110302,White,04/2025,0,0,0.333,
Census Tract,09001110302,White,05/2025,0,0,0.667,
Census Tract,09001110302,White,06/2025,0,0,0.667,
Census Tract,09001110302,White,07/2025,0,0,0.667,
Census Tract,09001110302,White,08/2025,0,0,0.333,
Census Tract,09001110302,White,09/2025,0,0,0,
Census Tract,09001110302,White,10/2025,0,0,0,2025-10-04
Census Tract,09001110400,White,01/2020,0,0,0,
Census Tract,09001110400,White,02/2020,0,0,0,
Census Tract,09001110400,White,03/2020,0,0,0,
Census Tract,09001110400,White,04/2020,0,0,0,
Census Tract,09001110400,White,05/2020,0,0,0,
Census Tract,09001110400,White,06/2020,0,0,0,
Census Tract,09001110400,White,07/2020,0,0,0,
Census Tract,09001110400,White,08/2020,0,0,0,
Census Tract,09001110400,White,09/2020,0,0,0,
Census Tract,09001110400,White,10/2020,0,0,0,
Census Tract,09001110400,White,11/2020,0,0,0,
Census Tract,09001110400,White,12/2020,0,0,0,
Census Tract,09001110400,White,01/2021,0,0,0,
Census Tract,09001110400,White,02/2021,0,0,0,
Census Tract,09001110400,White,03/2021,0,0,0,
Census Tract,09001110400,White,04/2021,0,0,0,
Census Tract,09001110400,White,05/2021,0,0,0,
Census Tract,09001110400,White,06/2021,0,0,0,
Census Tract,09001110400,White,07/2021,0,0,0,
Census Tract,09001110400,White,08/2021,0,0,0,
Census Tract,09001110400,White,09/2021,0,0,0,
Census Tract,09001110400,White,10/2021,0,0,0,
Census Tract,09001110400,White,11/2021,0,0,0,
Census Tract,09001110400,White,12/2021,0,0,0,
Census Tract,09001110400,White,01/2022,0,0,0,
Census Tract,09001110400,White,02/2022,0,0,0,
Census Tract,09001110400,White,03/2022,0,0,0,
Census Tract,09001110400,White,04/2022,0,0,0,
Census Tract,09001110400,White,05/2022,0,0,0,
Census Tract,09001110400,White,06/2022,0,0,0,
Census Tract,09001110400,White,07/2022,0,0,0,
Census Tract,09001110400,White,08/2022,0,0,0,
Census Tract,09001110400,White,09/2022,0,0,0,
Census Tract,09001110400,White,10/2022,0,0,0,
Census Tract,09001110400,White,11/2022,0,0,0,
Census Tract,09001110400,White,12/2022,0,0,0,
Census Tract,09001110400,White,01/2023,0,0,0,
Census Tract,09001110400,White,02/2023,0,0,0,
Census Tract,09001110400,White,03/2023,0,0,0,
Census Tract,09001110400,White,04/2023,0,0,0,
Census Tract,09001110400,White,05/2023,0,0,0,
Census Tract,09001110400,White,06/2023,0,0,0,
Census Tract,09001110400,White,07/2023,0,0,0,
Census Tract,09001110400,White,08/2023,0,0,0,
Census Tract,09001110400,White,09/2023,0,0,0,
Census Tract,09001110400,White,10/2023,0,0,0,
Census Tract,09001110400,White,11/2023,0,0,0,
Census Tract,09001110400,White,12/2023,0,0,0,
Census Tract,09001110400,White,01/2024,0,0,0,
Census Tract,09001110400,White,02/2024,0,0,0,
Census Tract,09001110400,White,03/2024,0,0,0,
Census Tract,09001110400,White,04/2024,0,0,0,
Census Tract,09001110400,White,05/2024,0,0,0,
Census Tract,09001110400,White,06/2024,0,0,0,
Census Tract,09001110400,White,07/2024,0,0,0,
Census Tract,09001110400,White,08/2024,0,0,0,
Census Tract,09001110400,White,09/2024,0,0,0,
Census Tract,09001110400,White,10/2024,0,0,0,
Census Tract,09001110400,White,11/2024,0,0,0,
Census Tract,09001110400,White,12/2024,0,0,0,
Census Tract,09001110400,White,01/2025,0,0,0,
Census Tract,09001110400,White,02/2025,0,0,0,
Census Tract,09001110400,White,03/2025,0,0,0,
Census Tract,09001110400,White,04/2025,0,0,0,
Census Tract,09001110400,White,05/2025,0,0,0,
Census Tract,09001110400,White,06/2025,0,0,0,
Census Tract,09001110400,White,07/2025,0,0,0,
Census Tract,09001110400,White,08/2025,0,0,0,
Census Tract,09001110400,White,09/2025,0,0,0,
Census Tract,09001110400,White,10/2025,0,0,0,2025-10-04
Census Tract,09001110500,White,01/2020,0,0,1,
Census Tract,09001110500,White,02/2020,0,0,0.667,
Census Tract,09001110500,White,03/2020,0,0,0.333,
Census Tract,09001110500,White,04/2020,0,0,1.333,
Census Tract,09001110500,White,05/2020,0,0,1.333,
Census Tract,09001110500,White,06/2020,0,0,0,
Census Tract,09001110500,White,07/2020,0,0,0.333,
Census Tract,09001110500,White,08/2020,0,0,1.333,
Census Tract,09001110500,White,09/2020,0,0,1,
Census Tract,09001110500,White,10/2020,0,0,2.333,
Census Tract,09001110500,White,11/2020,0,0,2,
Census Tract,09001110500,White,12/2020,0,0,1,
Census Tract,09001110500,White,01/2021,0,0,1,
Census Tract,09001110500,White,02/2021,0,0,0.667,
Census Tract,09001110500,White,03/2021,0,0,0.333,
Census Tract,09001110500,White,04/2021,0,0,1.333,
Census Tract,09001110500,White,05/2021,0,0,1.333,
Census Tract,09001110500,White,06/2021,0,0,0,
Census Tract,09001110500,White,07/2021,0,0,0.333,
Census Tract,09001110500,White,08/2021,0,0,1.333,
Census Tract,09001110500,White,09/2021,0,0,1,
Census Tract,09001110500,White,10/2021,0,0,2.333,
Census Tract,09001110500,White,11/2021,0,0,2,
Census Tract,09001110500,White,12/2021,0,0,1,
Census Tract,09001110500,White,01/2022,0,0,1,
Census Tract,09001110500,White,02/2022,0,0,0.667,
Census Tract,09001110500,White,03/2022,0,0,0.333,
Census Tract,09001110500,White,04/2022,0,0,1.333,
Census Tract,09001110500,White,05/2022,0,0,1.333,
Census Tract,09001110500,White,06/2022,0,0,0,
Census Tract,09001110500,White,07/2022,0,0,0.333,
Census Tract,09001110500,White,08/2022,0,0,1.333,
Census Tract,09001110500,White,09/2022,0,0,1,
Census Tract,09001110500,White,10/2022,0,0,2.333,
Census Tract,09001110500,White,11/2022,0,0,2,
Census Tract,09001110500,White,12/2022,0,0,1,
Census Tract,09001110500,White,01/2023,0,0,1,
Census Tract,09001110500,White,02/2023,0,0,0.667,
Census Tract,09001110500,White,03/2023,0,0,0.333,
Census Tract,09001110500,White,04/2023,0,0,1.333,
Census Tract,09001110500,White,05/2023,0,0,1.333,
Census Tract,09001110500,White,06/2023,0,0,0,
Census Tract,09001110500,White,07/2023,0,0,0.333,
Census Tract,09001110500,White,08/2023,0,0,1.333,
Census Tract,09001110500,White,09/2023,0,0,1,
Census Tract,09001110500,White,10/2023,0,0,2.333,
Census Tract,09001110500,White,11/2023,0,0,2,
Census Tract,09001110500,White,12/2023,0,0,1,
Census Tract,09001110500,White,01/2024,0,0,1,
Census Tract,09001110500,White,02/2024,0,0,0.667,
Census Tract,09001110500,White,03/2024,0,0,0.333,
Census Tract,09001110500,White,04/2024,0,0,1.333,
Census Tract,09001110500,White,05/2024,0,0,1.333,
Census Tract,09001110500,White,06/2024,0,0,0,
Census Tract,09001110500,White,07/2024,0,0,0.333,
Census Tract,09001110500,White,08/2024,0,0,1.333,
Census Tract,09001110500,White,09/2024,0,0,1,
Census Tract,09001110500,White,10/2024,0,0,2.333,
Census Tract,09001110500,White,11/2024,0,0,2,
Census Tract,09001110500,White,12/2024,0,0,1,
Census Tract,09001110500,White,01/2025,0,0,1,
Census Tract,09001110500,White,02/2025,0,0,0.667,
Census Tract,09001110500,White,03/2025,0,0,0.333,
Census Tract,09001110500,White,04/2025,0,0,1.333,
Census Tract,09001110500,White,05/2025,0,0,1.333,
Census Tract,09001110500,White,06/2025,0,0,0,
Census Tract,09001110500,White,07/2025,0,0,0.333,
Census Tract,09001110500,White,08/2025,0,0,1.333,
Census Tract,09001110500,White,09/2025,0,0,1,
Census Tract,09001110500,White,10/2025,0,0,0.667,2025-10-04
Census Tract,09001110601,White,01/2020,0,0,0,
Census Tract,09001110601,White,02/2020,0,0,0,
Census Tract,09001110601,White,03/2020,0,0,0,
Census Tract,09001110601,White,04/2020,0,0,0,
Census Tract,09001110601,White,05/2020,0,0,0,
Census Tract,09001110601,White,06/2020,0,0,0,
Census Tract,09001110601,White,07/2020,0,0,0,
Census Tract,09001110601,White,08/2020,0,0,0,
Census Tract,09001110601,White,09/2020,0,0,0,
Census Tract,09001110601,White,10/2020,0,0,0,
Census Tract,09001110601,White,11/2020,0,0,0,
Census Tract,09001110601,White,12/2020,0,0,0,
Census Tract,09001110601,White,01/2021,0,0,0,
Census Tract,09001110601,White,02/2021,0,0,0,
Census Tract,09001110601,White,03/2021,0,0,0,
Census Tract,09001110601,White,04/2021,0,0,0,
Census Tract,09001110601,White,05/2021,0,0,0,
Census Tract,09001110601,White,06/2021,0,0,0,
Census Tract,09001110601,White,07/2021,0,0,0,
Census Tract,09001110601,White,08/2021,0,0,0,
Census Tract,09001110601,White,09/2021,0,0,0,
Census Tract,09001110601,White,10/2021,0,0,0,
Census Tract,09001110601,White,11/2021,0,0,0,
Census Tract,09001110601,White,12/2021,0,0,0,
Census Tract,09001110601,White,01/2022,0,0,0,
Census Tract,09001110601,White,02/2022,0,0,0,
Census Tract,09001110601,White,03/2022,0,0,0,
Census Tract,09001110601,White,04/2022,0,0,0,
Census Tract,09001110601,White,05/2022,0,0,0,
Census Tract,09001110601,White,06/2022,0,0,0,
Census Tract,09001110601,White,07/2022,0,0,0,
Census Tract,09001110601,White,08/2022,0,0,0,
Census Tract,09001110601,White,09/2022,0,0,0,
Census Tract,09001110601,White,10/2022,0,0,0,
Census Tract,09001110601,White,11/2022,0,0,0,
Census Tract,09001110601,White,12/2022,0,0,0,
Census Tract,09001110601,White,01/2023,0,0,0,
Census Tract,09001110601,White,02/2023,0,0,0,
Census Tract,09001110601,White,03/2023,0,0,0,
Census Tract,09001110601,White,04/2023,0,0,0,
Census Tract,09001110601,White,05/2023,0,0,0,
Census Tract,09001110601,White,06/2023,0,0,0,
Census Tract,09001110601,White,07/2023,0,0,0,
Census Tract,09001110601,White,08/2023,0,0,0,
Census Tract,09001110601,White,09/2023,0,0,0,
Census Tract,09001110601,White,10/2023,0,0,0,
Census Tract,09001110601,White,11/2023,0,0,0,
Census Tract,09001110601,White,12/2023,0,0,0,
Census Tract,09001110601,White,01/2024,0,0,0,
Census Tract,09001110601,White,02/2024,0,0,0,
Census Tract,09001110601,White,03/2024,0,0,0,
Census Tract,09001110601,White,04/2024,0,0,0,
Census Tract,09001110601,White,05/2024,0,0,0,
Census Tract,09001110601,White,06/2024,0,0,0,
Census Tract,09001110601,White,07/2024,0,0,0,
Census Tract,09001110601,White,08/2024,0,0,0,
Census Tract,09001110601,White,09/2024,0,0,0,
Census Tract,09001110601,White,10/2024,0,0,0,
Census Tract,09001110601,White,11/2024,0,0,0,
Census Tract,09001110601,White,12/2024,0,0,0,
Census Tract,09001110601,White,01/2025,0,0,0,
Census Tract,09001110601,White,02/2025,0,0,0,
Census Tract,09001110601,White,03/2025,0,0,0,
Census Tract,09001110601,White,04/2025,0,0,0,
Census Tract,09001110601,White,05/2025,0,0,0,
Census Tract,09001110601,White,06/2025,0,0,0,
Census Tract,09001110601,White,07/2025,0,0,0,
Census Tract,09001110601,White,08/2025,0,0,0,
Census Tract,09001110601,White,09/2025,0,0,0,
Census Tract,09001110601,White,10/2025,0,0,0,2025-10-04
Census Tract,09001110602,White,01/2020,0,0,0,
Census Tract,09001110602,White,02/2020,0,0,0,
Census Tract,09001110602,White,03/2020,0,0,0,
Census Tract,09001110602,White,04/2020,0,0,0,
Census Tract,09001110602,White,05/2020,0,0,0,
Census Tract,09001110602,White,06/2020,0,0,0,
Census Tract,09001110602,White,07/2020,0,0,0,
Census Tract,09001110602,White,08/2020,0,0,0,
Census Tract,09001110602,White,09/2020,0,0,0.333,
Census Tract,09001110602,White,10/2020,0,0,0,
Census Tract,09001110602,White,11/2020,0,0,0,
Census Tract,09001110602,White,12/2020,0,0,0,
Census Tract,09001110602,White,01/2021,0,0,0,
Census Tract,09001110602,White,02/2021,0,0,0,
Census Tract,09001110602,White,03/2021,0,0,0,
Census Tract,09001110602,White,04/2021,0,0,0,
Census Tract,09001110602,White,05/2021,0,0,0,
Census Tract,09001110602,White,06/2021,0,0,0,
Census Tract,09001110602,White,07/2021,0,0,0,
Census Tract,09001110602,White,08/2021,0,0,0,
Census Tract,09001110602,White,09/2021,0,0,0.333,
Census Tract,09001110602,White,10/2021,0,0,0,
Census Tract,09001110602,White,11/2021,0,0,0,
Census Tract,09001110602,White,12/2021,0,0,0,
Census Tract,09001110602,White,01/2022,0,0,0,
Census Tract,09001110602,White,02/2022,0,0,0,
Census Tract,09001110602,White,03/2022,0,0,0,
Census Tract,09001110602,White,04/2022,0,0,0,
Census Tract,09001110602,White,05/2022,0,0,0,
Census Tract,09001110602,White,06/2022,0,0,0,
Census Tract,09001110602,White,07/2022,0,0,0,
Census Tract,09001110602,White,08/2022,0,0,0,
Census Tract,09001110602,White,09/2022,0,0,0.333,
Census Tract,09001110602,White,10/2022,0,0,0,
Census Tract,09001110602,White,11/2022,0,0,0,
Census Tract,09001110602,White,12/2022,0,0,0,
Census Tract,09001110602,White,01/2023,0,0,0,
Census Tract,09001110602,White,02/2023,0,0,0,
Census Tract,09001110602,White,03/2023,0,0,0,
Census Tract,09001110602,White,04/2023,0,0,0,
Census Tract,09001110602,White,05/2023,0,0,0,
Census Tract,09001110602,White,06/2023,0,0,0,
Census Tract,09001110602,White,07/2023,0,0,0,
Census Tract,09001110602,White,08/2023,0,0,0,
Census Tract,09001110602,White,09/2023,0,0,0.333,
Census Tract,09001110602,White,10/2023,0,0,0,
Census Tract,09001110602,White,11/2023,0,0,0,
Census Tract,09001110602,White,12/2023,0,0,0,
Census Tract,09001110602,White,01/2024,0,0,0,
Census Tract,09001110602,White,02/2024,0,0,0,
Census Tract,09001110602,White,03/2024,0,0,0,
Census Tract,09001110602,White,04/2024,0,0,0,
Census Tract,09001110602,White,05/2024,0,0,0,
Census Tract,09001110602,White,06/2024,0,0,0,
Census Tract,09001110602,White,07/2024,0,0,0,
Census Tract,09001110602,White,08/2024,0,0,0,
Census Tract,09001110602,White,09/2024,0,0,0.333,
Census Tract,09001110602,White,10/2024,0,0,0,
Census Tract,09001110602,White,11/2024,0,0,0,
Census Tract,09001110602,White,12/2024,0,0,0,
Census Tract,09001110602,White,01/2025,0,0,0,
Census Tract,09001110602,White,02/2025,0,0,0,
Census Tract,09001110602,White,03/2025,0,0,0,
Census Tract,09001110602,White,04/2025,0,0,0,
Census Tract,09001110602,White,05/2025,0,0,0,
Census Tract,09001110602,White,06/2025,0,0,0,
Census Tract,09001110602,White,07/2025,0,0,0,
Census Tract,09001110602,White,08/2025,0,0,0,
Census Tract,09001110602,White,09/2025,0,0,0.333,
Census Tract,09001110602,White,10/2025,0,0,0,2025-10-04
Census Tract,09001200100,White,01/2020,1,0.5,0,
Census Tract,09001200100,White,02/2020,1,1,1.333,
Census Tract,09001200100,White,03/2020,0,1,0.333,
Census Tract,09001200100,White,04/2020,1,2,0.667,
Census Tract,09001200100,White,05/2020,0,0,1,
Census Tract,09001200100,White,06/2020,1,0,1.667,
Census Tract,09001200100,White,07/2020,0,0.5,0.333,
Census Tract,09001200100,White,08/2020,0,1,1,
Census Tract,09001200100,White,09/2020,0,0.5,0.667,
Census Tract,09001200100,White,10/2020,1,1,0.667,
Census Tract,09001200100,White,11/2020,0,0,1.333,
Census Tract,09001200100,White,12/2020,0,0,0,
Census Tract,09001200100,White,01/2021,1,0.5,0,
Census Tract,09001200100,White,02/2021,1,1,1.333,
Census Tract,09001200100,White,03/2021,2,1,0.333,
Census Tract,09001200100,White,04/2021,1,2,0.667,
Census Tract,09001200100,White,05/2021,0,0,1,
Census Tract,09001200100,White,06/2021,0,0,1.667,
Census Tract,09001200100,White,07/2021,1,0.5,0.333,
Census Tract,09001200100,White,08/2021,4,1,1,
Census Tract,09001200100,White,09/2021,0,0.5,0.667,
Census Tract,09001200100,White,10/2021,1,1,0.667,
Census Tract,09001200100,White,11/2021,1,0,1.333,
Census Tract,09001200100,White,12/2021,0,0,0,
Census Tract,09001200100,White,01/2022,2,0.5,0,
Census Tract,09001200100,White,02/2022,0,1,1.333,
Census Tract,09001200100,White,03/2022,2,1,0.333,
Census Tract,09001200100,White,04/2022,0,2,0.667,
Census Tract,09001200100,White,05/2022,1,0,1,
Census Tract,09001200100,White,06/2022,1,0,1.667,
Census Tract,09001200100,White,07/2022,1,0.5,0.333,
Census Tract,09001200100,White,08/2022,1,1,1,
Census Tract,09001200100,White,09/2022,2,0.5,0.667,
Census Tract,09001200100,White,10/2022,1,1,0.667,
Census Tract,09001200100,White,11/2022,1,0,1.333,
Census Tract,09001200100,White,12/2022,1,0,0,
Census Tract,09001200100,White,01/2023,0,0.5,0,
Census Tract,09001200100,White,02/2023,2,1,1.333,
Census Tract,09001200100,White,03/2023,0,1,0.333,
Census Tract,09001200100,White,04/2023,2,2,0.667,
Census Tract,09001200100,White,05/2023,0,0,1,
Census Tract,09001200100,White,06/2023,0,0,1.667,
Census Tract,09001200100,White,07/2023,0,0.5,0.333,
Census Tract,09001200100,White,08/2023,0,1,1,
Census Tract,09001200100,White,09/2023,0,0.5,0.667,
Census Tract,09001200100,White,10/2023,0,1,0.667,
Census Tract,09001200100,White,11/2023,0,0,1.333,
Census Tract,09001200100,White,12/2023,0,0,0,
Census Tract,09001200100,White,01/2024,1,0.5,0,
Census Tract,09001200100,White,02/2024,0,1,1.333,
Census Tract,09001200100,White,03/2024,2,1,0.333,
Census Tract,09001200100,White,04/2024,2,2,0.667,
Census Tract,09001200100,White,05/2024,0,0,1,
Census Tract,09001200100,White,06/2024,0,0,1.667,
Census Tract,09001200100,White,07/2024,1,0.5,0.333,
Census Tract,09001200100,White,08/2024,2,1,1,
Census Tract,09001200100,White,09/2024,1,0.5,0.667,
Census Tract,09001200100,White,10/2024,2,1,0.667,
Census Tract,09001200100,White,11/2024,0,0,1.333,
Census Tract,09001200100,White,12/2024,0,0,0,
Census Tract,09001200100,White,01/2025,0,0.5,0,
Census Tract,09001200100,White,02/2025,0,1,1.333,
Census Tract,09001200100,White,03/2025,0,1,0.333,
Census Tract,09001200100,White,04/2025,0,2,0.667,
Census Tract,09001200100,White,05/2025,0,0,1,
Census Tract,09001200100,White,06/2025,1,0,1.667,
Census Tract,09001200100,White,07/2025,0,0.5,0.333,
Census Tract,09001200100,White,08/2025,0,1,1,
Census Tract,09001200100,White,09/2025,0,0.5,0.667,
Census Tract,09001200100,White,10/2025,0,0.5,0,2025-10-04
Census Tract,09001200200,White,01/2020,0,1,0.667,
Census Tract,09001200200,White,02/2020,1,1.5,1,
Census Tract,09001200200,White,03/2020,4,2,2,
Census Tract,09001200200,White,04/2020,0,2,2,
Census Tract,09001200200,White,05/2020,0,0.5,1.667,
Census Tract,09001200200,White,06/2020,0,0,0.667,
Census Tract,09001200200,White,07/2020,0,4,1.333,
Census Tract,09001200200,White,08/2020,0,1,2.333,
Census Tract,09001200200,White,09/2020,0,2.5,1.667,
Census Tract,09001200200,White,10/2020,1,0,1.333,
Census Tract,09001200200,White,11/2020,1,1,2,
Census Tract,09001200200,White,12/2020,1,1.5,1.333,
Census Tract,09001200200,White,01/2021,0,1,0.667,
Census Tract,09001200200,White,02/2021,0,1.5,1,
Census Tract,09001200200,White,03/2021,4,2,2,
Census Tract,09001200200,White,04/2021,1,2,2,
Census Tract,09001200200,White,05/2021,1,0.5,1.667,
Census Tract,09001200200,White,06/2021,0,0,0.667,
Census Tract,09001200200,White,07/2021,0,4,1.333,
Census Tract,09001200200,White,08/2021,0,1,2.333,
Census Tract,09001200200,White,09/2021,3,2.5,1.667,
Census Tract,09001200200,White,10/2021,2,0,1.333,
Census Tract,09001200200,White,11/2021,1,1,2,
Census Tract,09001200200,White,12/2021,0,1.5,1.333,
Census Tract,09001200200,White,01/2022,1,1,0.667,
Census Tract,09001200200,White,02/2022,0,1.5,1,
Census Tract,09001200200,White,03/2022,2,2,2,
Census Tract,09001200200,White,04/2022,2,2,2,
Census Tract,09001200200,White,05/2022,1,0.5,1.667,
Census Tract,09001200200,White,06/2022,3,0,0.667,
Census Tract,09001200200,White,07/2022,1,4,1.333,
Census Tract,09001200200,White,08/2022,1,1,2.333,
Census Tract,09001200200,White,09/2022,1,2.5,1.667,
Census Tract,09001200200,White,10/2022,1,0,1.333,
Census Tract,09001200200,White,11/2022,1,1,2,
Census Tract,09001200200,White,12/2022,0,1.5,1.333,
Census Tract,09001200200,White,01/2023,0,1,0.667,
Census Tract,09001200200,White,02/2023,0,1.5,1,
Census Tract,09001200200,White,03/2023,3,2,2,
Census Tract,09001200200,White,04/2023,0,2,2,
Census Tract,09001200200,White,05/2023,1,0.5,1.667,
Census Tract,09001200200,White,06/2023,0,0,0.667,
Census Tract,09001200200,White,07/2023,1,4,1.333,
Census Tract,09001200200,White,08/2023,0,1,2.333,
Census Tract,09001200200,White,09/2023,1,2.5,1.667,
Census Tract,09001200200,White,10/2023,0,0,1.333,
Census Tract,09001200200,White,11/2023,1,1,2,
Census Tract,09001200200,White,12/2023,2,1.5,1.333,
Census Tract,09001200200,White,01/2024,2,1,0.667,
Census Tract,09001200200,White,02/2024,3,1.5,1,
Census Tract,09001200200,White,03/2024,1,2,2,
Census Tract,09001200200,White,04/2024,4,2,2,
Census Tract,09001200200,White,05/2024,0,0.5,1.667,
Census Tract,09001200200,White,06/2024,0,0,0.667,
Census Tract,09001200200,White,07/2024,7,4,1.333,
Census Tract,09001200200,White,08/2024,2,1,2.333,
Census Tract,09001200200,White,09/2024,4,2.5,1.667,
Census Tract,09001200200,White,10/2024,0,0,1.333,
Census Tract,09001200200,White,11/2024,1,1,2,
Census Tract,09001200200,White,12/2024,1,1.5,1.333,
Census Tract,09001200200,White,01/2025,0,1,0.667,
Census Tract,09001200200,White,02/2025,1,1.5,1,
Census Tract,09001200200,White,03/2025,2,2,2,
Census Tract,09001200200,White,04/2025,2,2,2,
Census Tract,09001200200,White,05/2025,2,0.5,1.667,
Census Tract,09001200200,White,06/2025,1,0,0.667,
Census Tract,09001200200,White,07/2025,1,4,1.333,
Census Tract,09001200200,White,08/2025,0,1,2.333,
Census Tract,09001200200,White,09/2025,0,2.5,1.667,
Census Tract,09001200200,White,10/2025,0,0,0,2025-10-04
Census Tract,09001200301,White,01/2020,0,0,0.667,
Census Tract,09001200301,White,02/2020,0,0.5,0,
Census Tract,09001200301,White,03/2020,0,0,0,
Census Tract,09001200301,White,04/2020,0,0.5,0.667,
Census Tract,09001200301,White,05/2020,0,0,0,
Census Tract,09001200301,White,06/2020,0,0,0.333,
Census Tract,09001200301,White,07/2020,0,0,1,
Census Tract,09001200301,White,08/2020,0,0.5,0.333,
Census Tract,09001200301,White,09/2020,0,1,0.667,
Census Tract,09001200301,White,10/2020,0,0,0.333,
Census Tract,09001200301,White,11/2020,0,0.5,0,
Census Tract,09001200301,White,12/2020,0,0,0,
Census Tract,09001200301,White,01/2021,0,0,0.667,
Census Tract,09001200301,White,02/2021,0,0.5,0,
Census Tract,09001200301,White,03/2021,0,0,0,
Census Tract,09001200301,White,04/2021,0,0.5,0.667,
Census Tract,09001200301,White,05/2021,0,0,0,
Census Tract,09001200301,White,06/2021,1,0,0.333,
Census Tract,09001200301,White,07/2021,0,0,1,
Census Tract,09001200301,White,08/2021,0,0.5,0.333,
Census Tract,09001200301,White,09/2021,0,1,0.667,
Census Tract,09001200301,White,10/2021,0,0,0.333,
Census Tract,09001200301,White,11/2021,0,0.5,0,
Census Tract,09001200301,White,12/2021,1,0,0,
Census Tract,09001200301,White,01/2022,0,0,0.667,
Census Tract,09001200301,White,02/2022,0,0.5,0,
Census Tract,09001200301,White,03/2022,0,0,0,
Census Tract,09001200301,White,04/2022,0,0.5,0.667,
Census Tract,09001200301,White,05/2022,0,0,0,
Census Tract,09001200301,White,06/2022,0,0,0.333,
Census Tract,09001200301,White,07/2022,1,0,1,
Census Tract,09001200301,White,08/2022,0,0.5,0.333,
Census Tract,09001200301,White,09/2022,0,1,0.667,
Census Tract,09001200301,White,10/2022,0,0,0.333,
Census Tract,09001200301,White,11/2022,0,0.5,0,
Census Tract,09001200301,White,12/2022,0,0,0,
Census Tract,09001200301,White,01/2023,0,0,0.667,
Census Tract,09001200301,White,02/2023,1,0.5,0,
Census Tract,09001200301,White,03/2023,0,0,0,
Census Tract,09001200301,White,04/2023,0,0.5,0.667,
Census Tract,09001200301,White,05/2023,0,0,0,
Census Tract,09001200301,White,06/2023,0,0,0.333,
Census Tract,09001200301,White,07/2023,0,0,1,
Census Tract,09001200301,White,08/2023,0,0.5,0.333,
Census Tract,09001200301,White,09/2023,1,1,0.667,
Census Tract,09001200301,White,10/2023,0,0,0.333,
Census Tract,09001200301,White,11/2023,1,0.5,0,
Census Tract,09001200301,White,12/2023,0,0,0,
Census Tract,09001200301,White,01/2024,0,0,0.667,
Census Tract,09001200301,White,02/2024,0,0.5,0,
Census Tract,09001200301,White,03/2024,0,0,0,
Census Tract,09001200301,White,04/2024,1,0.5,0.667,
Census Tract,09001200301,White,05/2024,0,0,0,
Census Tract,09001200301,White,06/2024,0,0,0.333,
Census Tract,09001200301,White,07/2024,0,0,1,
Census Tract,09001200301,White,08/2024,1,0.5,0.333,
Census Tract,09001200301,White,09/2024,1,1,0.667,
Census Tract,09001200301,White,10/2024,0,0,0.333,
Census Tract,09001200301,White,11/2024,0,0.5,0,
Census Tract,09001200301,White,12/2024,0,0,0,
Census Tract,09001200301,White,01/2025,1,0,0.667,
Census Tract,09001200301,White,02/2025,0,0.5,0,
Census Tract,09001200301,White,03/2025,1,0,0,
Census Tract,09001200301,White,04/2025,0,0.5,0.667,
Census Tract,09001200301,White,05/2025,2,0,0,
Census Tract,09001200301,White,06/2025,0,0,0.333,
Census Tract,09001200301,White,07/2025,0,0,1,
Census Tract,09001200301,White,08/2025,0,0.5,0.333,
Census Tract,09001200301,White,09/2025,0,1,0.667,
Census Tract,09001200301,White,10/2025,0,0,0.333,2025-10-04
Census Tract,09001200302,White,01/2020,0,0,0,
Census Tract,09001200302,White,02/2020,1,0.5,0.333,
Census Tract,09001200302,White,03/2020,0,0,0,
Census Tract,09001200302,White,04/2020,0,2,0,
Census Tract,09001200302,White,05/2020,0,0,0,
Census Tract,09001200302,White,06/2020,0,1.5,0,
Census Tract,09001200302,White,07/2020,0,0,0.667,
Census Tract,09001200302,White,08/2020,0,0,0.333,
Census Tract,09001200302,White,09/2020,0,1,0.333,
Census Tract,09001200302,White,10/2020,0,0,0.667,
Census Tract,09001200302,White,11/2020,1,0,0.667,
Census Tract,09001200302,White,12/2020,0,0.5,1,
Census Tract,09001200302,White,01/2021,1,0,0,
Census Tract,09001200302,White,02/2021,0,0.5,0.333,
Census Tract,09001200302,White,03/2021,0,0,0,
Census Tract,09001200302,White,04/2021,0,2,0,
Census Tract,09001200302,White,05/2021,0,0,0,
Census Tract,09001200302,White,06/2021,0,1.5,0,
Census Tract,09001200302,White,07/2021,0,0,0.667,
Census Tract,09001200302,White,08/2021,0,0,0.333,
Census Tract,09001200302,White,09/2021,1,1,0.333,
Census Tract,09001200302,White,10/2021,1,0,0.667,
Census Tract,09001200302,White,11/2021,1,0,0.667,
Census Tract,09001200302,White,12/2021,0,0.5,1,
Census Tract,09001200302,White,01/2022,1,0,0,
Census Tract,09001200302,White,02/2022,0,0.5,0.333,
Census Tract,09001200302,White,03/2022,1,0,0,
Census Tract,09001200302,White,04/2022,0,2,0,
Census Tract,09001200302,White,05/2022,1,0,0,
Census Tract,09001200302,White,06/2022,0,1.5,0,
Census Tract,09001200302,White,07/2022,1,0,0.667,
Census Tract,09001200302,White,08/2022,2,0,0.333,
Census Tract,09001200302,White,09/2022,0,1,0.333,
Census Tract,09001200302,White,10/2022,0,0,0.667,
Census Tract,09001200302,White,11/2022,0,0,0.667,
Census Tract,09001200302,White,12/2022,0,0.5,1,
Census Tract,09001200302,White,01/2023,0,0,0,
Census Tract,09001200302,White,02/2023,0,0.5,0.333,
Census Tract,09001200302,White,03/2023,0,0,0,
Census Tract,09001200302,White,04/2023,2,2,0,
Census Tract,09001200302,White,05/2023,0,0,0,
Census Tract,09001200302,White,06/2023,1,1.5,0,
Census Tract,09001200302,White,07/2023,0,0,0.667,
Census Tract,09001200302,White,08/2023,0,0,0.333,
Census Tract,09001200302,White,09/2023,1,1,0.333,
Census Tract,09001200302,White,10/2023,0,0,0.667,
Census Tract,09001200302,White,11/2023,0,0,0.667,
Census Tract,09001200302,White,12/2023,0,0.5,1,
Census Tract,09001200302,White,01/2024,0,0,0,
Census Tract,09001200302,White,02/2024,1,0.5,0.333,
Census Tract,09001200302,White,03/2024,0,0,0,
Census Tract,09001200302,White,04/2024,2,2,0,
Census Tract,09001200302,White,05/2024,0,0,0,
Census Tract,09001200302,White,06/2024,2,1.5,0,
Census Tract,09001200302,White,07/2024,0,0,0.667,
Census Tract,09001200302,White,08/2024,0,0,0.333,
Census Tract,09001200302,White,09/2024,1,1,0.333,
Census Tract,09001200302,White,10/2024,0,0,0.667,
Census Tract,09001200302,White,11/2024,0,0,0.667,
Census Tract,09001200302,White,12/2024,1,0.5,1,
Census Tract,09001200302,White,01/2025,0,0,0,
Census Tract,09001200302,White,02/2025,1,0.5,0.333,
Census Tract,09001200302,White,03/2025,1,0,0,
Census Tract,09001200302,White,04/2025,0,2,0,
Census Tract,09001200302,White,05/2025,0,0,0,
Census Tract,09001200302,White,06/2025,0,1.5,0,
Census Tract,09001200302,White,07/2025,1,0,0.667,
Census Tract,09001200302,White,08/2025,0,0,0.333,
Census Tract,09001200302,White,09/2025,1,1,0.333,
Census Tract,09001200302,White,10/2025,0,0,0,2025-10-04
Census Tract,09001205100,White,01/2020,1,1,0,
Census Tract,09001205100,White,02/2020,4,2,0,
Census Tract,09001205100,White,03/2020,1,2.5,0.667,
Census Tract,09001205100,White,04/2020,3,0,1.333,
Census Tract,09001205100,White,05/2020,0,0.5,1.333,
Census Tract,09001205100,White,06/2020,0,3,1,
Census Tract,09001205100,White,07/2020,0,1,1.667,
Census Tract,09001205100,White,08/2020,1,1.5,0.333,
Census Tract,09001205100,White,09/2020,0,1.5,2,
Census Tract,09001205100,White,10/2020,0,1,0.667,
Census Tract,09001205100,White,11/2020,0,1,0,
Census Tract,09001205100,White,12/2020,1,0.5,2,
Census Tract,09001205100,White,01/2021,0,1,0,
Census Tract,09001205100,White,02/2021,0,1,0,
Census Tract,09001205100,White,03/2021,0,2.5,0.667,
Census Tract,09001205100,White,04/2021,1,0,1.333,
Census Tract,09001205100,White,05/2021,1,0.5,1.333,
Census Tract,09001205100,White,06/2021,0,3,1,
Census Tract,09001205100,White,07/2021,1,1,1.667,
Census Tract,09001205100,White,08/2021,2,1.5,0.333,
Census Tract,09001205100,White,09/2021,1,1.5,2,
Census Tract,09001205100,White,10/2021,0,1,0.667,
Census Tract,09001205100,White,11/2021,1,1,0,
Census Tract,09001205100,White,12/2021,0,0.5,2,
Census Tract,09001205100,White,01/2022,0,1,0,
Census Tract,09001205100,White,02/2022,1,1,0,
Census Tract,09001205100,White,03/2022,0,2.5,0.667,
Census Tract,09001205100,White,04/2022,2,0,1.333,
Census Tract,09001205100,White,05/2022,1,0.5,1.333,
Census Tract,09001205100,White,06/2022,2,3,1,
Census Tract,09001205100,White,07/2022,2,1,1.667,
Census Tract,09001205100,White,08/2022,1,1.5,0.333,
Census Tract,09001205100,White,09/2022,0,1.5,2,
Census Tract,09001205100,White,10/2022,2,1,0.667,
Census Tract,09001205100,White,11/2022,1,1,0,
Census Tract,09001205100,White,12/2022,1,0.5,2,
Census Tract,09001205100,White,01/2023,1,1,0,
Census Tract,09001205100,White,02/2023,2,1,0,
Census Tract,09001205100,White,03/2023,4,2.5,0.667,
Census Tract,09001205100,White,04/2023,0,0,1.333,
Census Tract,09001205100,White,05/2023,0,0.5,1.333,
Census Tract,09001205100,White,06/2023,4,3,1,
Census Tract,09001205100,White,07/2023,0,1,1.667,
Census Tract,09001205100,White,08/2023,1,1.5,0.333,
Census Tract,09001205100,White,09/2023,2,1.5,2,
Census Tract,09001205100,White,10/2023,2,1,0.667,
Census Tract,09001205100,White,11/2023,0,1,0,
Census Tract,09001205100,White,12/2023,1,0.5,2,
Census Tract,09001205100,White,01/2024,1,1,0,
Census Tract,09001205100,White,02/2024,2,2,0,
Census Tract,09001205100,White,03/2024,1,2.5,0.667,
Census Tract,09001205100,White,04/2024,0,0,1.333,
Census Tract,09001205100,White,05/2024,1,0.5,1.333,
Census Tract,09001205100,White,06/2024,2,3,1,
Census Tract,09001205100,White,07/2024,2,1,1.667,
Census Tract,09001205100,White,08/2024,2,1.5,0.333,
Census Tract,09001205100,White,09/2024,1,1.5,2,
Census Tract,09001205100,White,10/2024,0,1,0.667,
Census Tract,09001205100,White,11/2024,2,1,0,
Census Tract,09001205100,White,12/2024,0,0.5,2,
Census Tract,09001205100,White,01/2025,2,1,0,
Census Tract,09001205100,White,02/2025,2,1,0,
Census Tract,09001205100,White,03/2025,1,2.5,0.667,
Census Tract,09001205100,White,04/2025,0,0,1.333,
Census Tract,09001205100,White,05/2025,0,0.5,1.333,
Census Tract,09001205100,White,06/2025,1,3,1,
Census Tract,09001205100,White,07/2025,0,1,1.667,
Census Tract,09001205100,White,08/2025,0,1.5,0.333,
Census Tract,09001205100,White,09/2025,3,1.5,2,
Census Tract,09001205100,White,10/2025,0,0.5,0,2025-10-04
Census Tract,09001205200,White,01/2020,2,0,0,
Census Tract,09001205200,White,02/2020,0,0,0,
Census Tract,09001205200,White,03/2020,1,0,0,
Census Tract,09001205200,White,04/2020,0,0,1,
Census Tract,09001205200,White,05/2020,0,0,0,
Census Tract,09001205200,White,06/2020,0,0,1,
Census Tract,09001205200,White,07/2020,0,0,1,
Census Tract,09001205200,White,08/2020,0,0.5,0,
Census Tract,09001205200,White,09/2020,0,1,0,
Census Tract,09001205200,White,10/2020,0,0,0.333,
Census Tract,09001205200,White,11/2020,0,0,0.667,
Census Tract,09001205200,White,12/2020,0,0,0.667,
Census Tract,09001205200,White,01/2021,0,0,0,
Census Tract,09001205200,White,02/2021,0,0,0,
Census Tract,09001205200,White,03/2021,0,0,0,
Census Tract,09001205200,White,04/2021,0,0,1,
Census Tract,09001205200,White,05/2021,0,0,0,
Census Tract,09001205200,White,06/2021,0,0,1,
Census Tract,09001205200,White,07/2021,1,0,1,
Census Tract,09001205200,White,08/2021,1,0.5,0,
Census Tract,09001205200,White,09/2021,1,1,0,
Census Tract,09001205200,White,10/2021,1,0,0.333,
Census Tract,09001205200,White,11/2021,0,0,0.667,
Census Tract,09001205200,White,12/2021,0,0,0.667,
Census Tract,09001205200,White,01/2022,0,0,0,
Census Tract,09001205200,White,02/2022,0,0,0,
Census Tract,09001205200,White,03/2022,2,0,0,
Census Tract,09001205200,White,04/2022,1,0,1,
Census Tract,09001205200,White,05/2022,0,0,0,
Census Tract,09001205200,White,06/2022,1,0,1,
Census Tract,09001205200,White,07/2022,1,0,1,
Census Tract,09001205200,White,08/2022,0,0.5,0,
Census Tract,09001205200,White,09/2022,1,1,0,
Census Tract,09001205200,White,10/2022,0,0,0.333,
Census Tract,09001205200,White,11/2022,1,0,0.667,
Census Tract,09001205200,White,12/2022,0,0,0.667,
Census Tract,09001205200,White,01/2023,0,0,0,
Census Tract,09001205200,White,02/2023,0,0,0,
Census Tract,09001205200,White,03/2023,0,0,0,
Census Tract,09001205200,White,04/2023,0,0,1,
Census Tract,09001205200,White,05/2023,0,0,0,
Census Tract,09001205200,White,06/2023,0,0,1,
Census Tract,09001205200,White,07/2023,0,0,1,
Census Tract,09001205200,White,08/2023,1,0.5,0,
Census Tract,09001205200,White,09/2023,2,1,0,
Census Tract,09001205200,White,10/2023,0,0,0.333,
Census Tract,09001205200,White,11/2023,0,0,0.667,
Census Tract,09001205200,White,12/2023,0,0,0.667,
Census Tract,09001205200,White,01/2024,0,0,0,
Census Tract,09001205200,White,02/2024,0,0,0,
Census Tract,09001205200,White,03/2024,0,0,0,
Census Tract,09001205200,White,04/2024,0,0,1,
Census Tract,09001205200,White,05/2024,0,0,0,
Census Tract,09001205200,White,06/2024,0,0,1,
Census Tract,09001205200,White,07/2024,0,0,1,
Census Tract,09001205200,White,08/2024,0,0.5,0,
Census Tract,09001205200,White,09/2024,0,1,0,
Census Tract,09001205200,White,10/2024,0,0,0.333,
Census Tract,09001205200,White,11/2024,0,0,0.667,
Census Tract,09001205200,White,12/2024,0,0,0.667,
Census Tract,09001205200,White,01/2025,0,0,0,
Census Tract,09001205200,White,02/2025,0,0,0,
Census Tract,09001205200,White,03/2025,0,0,0,
Census Tract,09001205200,White,04/2025,0,0,1,
Census Tract,09001205200,White,05/2025,0,0,0,
Census Tract,09001205200,White,06/2025,0,0,1,
Census Tract,09001205200,White,07/2025,0,0,1,
Census Tract,09001205200,White,08/2025,0,0.5,0,
Census Tract,09001205200,White,09/2025,0,1,0,
Census Tract,09001205200,White,10/2025,0,0,0,2025-10-04
Census Tract,09001205300,White,01/2020,0,0.5,1,
Census Tract,09001205300,White,02/2020,1,0.5,0.333,
Census Tract,09001205300,White,03/2020,0,0.5,1.667,
Census Tract,09001205300,White,04/2020,0,0,0.333,
Census Tract,09001205300,White,05/2020,0,1.5,0,
Census Tract,09001205300,White,06/2020,0,1,0.333,
Census Tract,09001205300,White,07/2020,0,1,0.667,
Census Tract,09001205300,White,08/2020,1,2,1,
Census Tract,09001205300,White,09/2020,0,0.5,0.667,
Census Tract,09001205300,White,10/2020,0,1.5,0.667,
Census Tract,09001205300,White,11/2020,0,1,1.333,
Census Tract,09001205300,White,12/2020,0,0.5,1,
Census Tract,09001205300,White,01/2021,0,0.5,1,
Census Tract,09001205300,White,02/2021,0,0.5,0.333,
Census Tract,09001205300,White,03/2021,0,0.5,1.667,
Census Tract,09001205300,White,04/2021,0,0,0.333,
Census Tract,09001205300,White,05/2021,1,1.5,0,
Census Tract,09001205300,White,06/2021,1,1,0.333,
Census Tract,09001205300,White,07/2021,1,1,0.667,
Census Tract,09001205300,White,08/2021,0,2,1,
Census Tract,09001205300,White,09/2021,2,0.5,0.667,
Census Tract,09001205300,White,10/2021,0,1.5,0.667,
Census Tract,09001205300,White,11/2021,3,1,1.333,
Census Tract,09001205300,White,12/2021,2,0.5,1,
Census Tract,09001205300,White,01/2022,0,0.5,1,
Census Tract,09001205300,White,02/2022,1,0.5,0.333,
Census Tract,09001205300,White,03/2022,0,0.5,1.667,
Census Tract,09001205300,White,04/2022,0,0,0.333,
Census Tract,09001205300,White,05/2022,0,1.5,0,
Census Tract,09001205300,White,06/2022,1,1,0.333,
Census Tract,09001205300,White,07/2022,0,1,0.667,
Census Tract,09001205300,White,08/2022,1,2,1,
Census Tract,09001205300,White,09/2022,0,0.5,0.667,
Census Tract,09001205300,White,10/2022,1,1.5,0.667,
Census Tract,09001205300,White,11/2022,1,1,1.333,
Census Tract,09001205300,White,12/2022,0,0.5,1,
Census Tract,09001205300,White,01/2023,0,0.5,1,
Census Tract,09001205300,White,02/2023,0,0.5,0.333,
Census Tract,09001205300,White,03/2023,1,0.5,1.667,
Census Tract,09001205300,White,04/2023,0,0,0.333,
Census Tract,09001205300,White,05/2023,2,1.5,0,
Census Tract,09001205300,White,06/2023,2,1,0.333,
Census Tract,09001205300,White,07/2023,0,1,0.667,
Census Tract,09001205300,White,08/2023,3,2,1,
Census Tract,09001205300,White,09/2023,0,0.5,0.667,
Census Tract,09001205300,White,10/2023,1,1.5,0.667,
Census Tract,09001205300,White,11/2023,1,1,1.333,
Census Tract,09001205300,White,12/2023,1,0.5,1,
Census Tract,09001205300,White,01/2024,1,0.5,1,
Census Tract,09001205300,White,02/2024,1,0.5,0.333,
Census Tract,09001205300,White,03/2024,0,0.5,1.667,
Census Tract,09001205300,White,04/2024,0,0,0.333,
Census Tract,09001205300,White,05/2024,1,1.5,0,
Census Tract,09001205300,White,06/2024,0,1,0.333,
Census Tract,09001205300,White,07/2024,2,1,0.667,
Census Tract,09001205300,White,08/2024,1,2,1,
Census Tract,09001205300,White,09/2024,1,0.5,0.667,
Census Tract,09001205300,White,10/2024,2,1.5,0.667,
Census Tract,09001205300,White,11/2024,1,1,1.333,
Census Tract,09001205300,White,12/2024,0,0.5,1,
Census Tract,09001205300,White,01/2025,1,0.5,1,
Census Tract,09001205300,White,02/2025,0,0.5,0.333,
Census Tract,09001205300,White,03/2025,1,0.5,1.667,
Census Tract,09001205300,White,04/2025,1,0,0.333,
Census Tract,09001205300,White,05/2025,0,1.5,0,
Census Tract,09001205300,White,06/2025,0,1,0.333,
Census Tract,09001205300,White,07/2025,1,1,0.667,
Census Tract,09001205300,White,08/2025,0,2,1,
Census Tract,09001205300,White,09/2025,1,0.5,0.667,
Census Tract,09001205300,White,10/2025,0,0,0,2025-10-04
Census Tract,09001210101,Other,01/2020,2,3,2.667,
Census Tract,09001210101,Other,02/2020,0,0,3.333,
Census Tract,09001210101,Other,03/2020,1,1.5,1.667,
Census Tract,09001210101,Other,04/2020,0,2.5,4,
Census Tract,09001210101,Other,05/2020,0,0.5,3,
Census Tract,09001210101,Other,06/2020,0,1.5,3.333,
Census Tract,09001210101,Other,07/2020,1,1,4,
Census Tract,09001210101,Other,08/2020,0,2,3.667,
Census Tract,09001210101,Other,09/2020,0,2,4.333,
Census Tract,09001210101,Other,10/2020,0,1,4.333,
Census Tract,09001210101,Other,11/2020,0,1,3.667,
Census Tract,09001210101,Other,12/2020,1,0.5,3,
Census Tract,09001210101,Other,01/2021,0,3,2.667,
Census Tract,09001210101,Other,02/2021,0,0,3.333,
Census Tract,09001210101,Other,03/2021,0,1.5,1.667,
Census Tract,09001210101,Other,04/2021,0,2.5,4,
Census Tract,09001210101,Other,05/2021,0,0.5,3,
Census Tract,09001210101,Other,06/2021,0,1.5,3.333,
Census Tract,09001210101,Other,07/2021,0,1,4,
Census Tract,09001210101,Other,08/2021,1,2,3.667,
Census Tract,09001210101,Other,09/2021,1,2,4.333,
Census Tract,09001210101,Other,10/2021,1,1,4.333,
Census Tract,09001210101,Other,11/2021,1,1,3.667,
Census Tract,09001210101,Other,12/2021,2,0.5,3,
Census Tract,09001210101,Other,01/2022,0,3,2.667,
Census Tract,09001210101,Other,02/2022,1,0,3.333,
Census Tract,09001210101,Other,03/2022,2,1.5,1.667,
Census Tract,09001210101,Other,04/2022,3,2.5,4,
Census Tract,09001210101,Other,05/2022,2,0.5,3,
Census Tract,09001210101,Other,06/2022,0,1.5,3.333,
Census Tract,09001210101,Other,07/2022,1,1,4,
Census Tract,09001210101,Other,08/2022,1,2,3.667,
Census Tract,09001210101,Other,09/2022,3,2,4.333,
Census Tract,09001210101,Other,10/2022,1,1,4.333,
Census Tract,09001210101,Other,11/2022,0,1,3.667,
Census Tract,09001210101,Other,12/2022,1,0.5,3,
Census Tract,09001210101,Other,01/2023,3,3,2.667,
Census Tract,09001210101,Other,02/2023,0,0,3.333,
Census Tract,09001210101,Other,03/2023,2,1.5,1.667,
Census Tract,09001210101,Other,04/2023,1,2.5,4,
Census Tract,09001210101,Other,05/2023,0,0.5,3,
Census Tract,09001210101,Other,06/2023,1,1.5,3.333,
Census Tract,09001210101,Other,07/2023,0,1,4,
Census Tract,09001210101,Other,08/2023,2,2,3.667,
Census Tract,09001210101,Other,09/2023,2,2,4.333,
Census Tract,09001210101,Other,10/2023,1,1,4.333,
Census Tract,09001210101,Other,11/2023,2,1,3.667,
Census Tract,09001210101,Other,12/2023,1,0.5,3,
Census Tract,09001210101,Other,01/2024,3,3,2.667,
Census Tract,09001210101,Other,02/2024,0,0,3.333,
Census Tract,09001210101,Other,03/2024,1,1.5,1.667,
Census Tract,09001210101,Other,04/2024,4,2.5,4,
Census Tract,09001210101,Other,05/2024,1,0.5,3,
Census Tract,09001210101,Other,06/2024,2,1.5,3.333,
Census Tract,09001210101,Other,07/2024,2,1,4,
Census Tract,09001210101,Other,08/2024,2,2,3.667,
Census Tract,09001210101,Other,09/2024,2,2,4.333,
Census Tract,09001210101,Other,10/2024,1,1,4.333,
Census Tract,09001210101,Other,11/2024,0,1,3.667,
Census Tract,09001210101,Other,12/2024,0,0.5,3,
Census Tract,09001210101,Other,01/2025,0,3,2.667,
Census Tract,09001210101,Other,02/2025,0,0,3.333,
Census Tract,09001210101,Other,03/2025,4,1.5,1.667,
Census Tract,09001210101,Other,04/2025,0,2.5,4,
Census Tract,09001210101,Other,05/2025,0,0.5,3,
Census Tract,09001210101,Other,06/2025,4,1.5,3.333,
Census Tract,09001210101,Other,07/2025,0,1,4,
Census Tract,09001210101,Other,08/2025,0,2,3.667,
Census Tract,09001210101,Other,09/2025,1,2,4.333,
Census Tract,09001210101,Other,10/2025,0,0.5,1,2025-10-04
Census Tract,09001210102,Other,01/2020,3,2.5,0.667,
Census Tract,09001210102,Other,02/2020,5,2,2,
Census Tract,09001210102,Other,03/2020,1,1,1.667,
Census Tract,09001210102,Other,04/2020,0,0.5,2,
Census Tract,09001210102,Other,05/2020,0,1.5,1,
Census Tract,09001210102,Other,06/2020,0,0.5,2.333,
Census Tract,09001210102,Other,07/2020,1,1.5,0.667,
Census Tract,09001210102,Other,08/2020,0,2,2,
Census Tract,09001210102,Other,09/2020,0,2,0.667,
Census Tract,09001210102,Other,10/2020,1,0.5,3.667,
Census Tract,09001210102,Other,11/2020,2,1,1,
Census Tract,09001210102,Other,12/2020,0,2,1.667,
Census Tract,09001210102,Other,01/2021,0,2.5,0.667,
Census Tract,09001210102,Other,02/2021,0,2,2,
Census Tract,09001210102,Other,03/2021,0,1,1.667,
Census Tract,09001210102,Other,04/2021,1,0.5,2,
Census Tract,09001210102,Other,05/2021,1,1.5,1,
Census Tract,09001210102,Other,06/2021,2,0.5,2.333,
Census Tract,09001210102,Other,07/2021,1,1.5,0.667,
Census Tract,09001210102,Other,08/2021,0,2,2,
Census Tract,09001210102,Other,09/2021,4,2,0.667,
Census Tract,09001210102,Other,10/2021,0,0.5,3.667,
Census Tract,09001210102,Other,11/2021,0,1,1,
Census Tract,09001210102,Other,12/2021,1,2,1.667,
Census Tract,09001210102,Other,01/2022,0,2.5,0.667,
Census Tract,09001210102,Other,02/2022,1,2,2,
Census Tract,09001210102,Other,03/2022,2,1,1.667,
Census Tract,09001210102,Other,04/2022,5,0.5,2,
Census Tract,09001210102,Other,05/2022,3,1.5,1,
Census Tract,09001210102,Other,06/2022,5,0.5,2.333,
Census Tract,09001210102,Other,07/2022,2,1.5,0.667,
Census Tract,09001210102,Other,08/2022,2,2,2,
Census Tract,09001210102,Other,09/2022,2,2,0.667,
Census Tract,09001210102,Other,10/2022,2,0.5,3.667,
Census Tract,09001210102,Other,11/2022,3,1,1,
Census Tract,09001210102,Other,12/2022,0,2,1.667,
Census Tract,09001210102,Other,01/2023,1,2.5,0.667,
Census Tract,09001210102,Other,02/2023,1,2,2,
Census Tract,09001210102,Other,03/2023,0,1,1.667,
Census Tract,09001210102,Other,04/2023,0,0.5,2,
Census Tract,09001210102,Other,05/2023,0,1.5,1,
Census Tract,09001210102,Other,06/2023,0,0.5,2.333,
Census Tract,09001210102,Other,07/2023,1,1.5,0.667,
Census Tract,09001210102,Other,08/2023,2,2,2,
Census Tract,09001210102,Other,09/2023,2,2,0.667,
Census Tract,09001210102,Other,10/2023,1,0.5,3.667,
Census Tract,09001210102,Other,11/2023,2,1,1,
Census Tract,09001210102,Other,12/2023,3,2,1.667,
Census Tract,09001210102,Other,01/2024,4,2.5,0.667,
Census Tract,09001210102,Other,02/2024,3,2,2,
Census Tract,09001210102,Other,03/2024,2,1,1.667,
Census Tract,09001210102,Other,04/2024,1,0.5,2,
Census Tract,09001210102,Other,05/2024,3,1.5,1,
Census Tract,09001210102,Other,06/2024,1,0.5,2.333,
Census Tract,09001210102,Other,07/2024,2,1.5,0.667,
Census Tract,09001210102,Other,08/2024,2,2,2,
Census Tract,09001210102,Other,09/2024,2,2,0.667,
Census Tract,09001210102,Other,10/2024,0,0.5,3.667,
Census Tract,09001210102,Other,11/2024,0,1,1,
Census Tract,09001210102,Other,12/2024,1,2,1.667,
Census Tract,09001210102,Other,01/2025,4,2.5,0.667,
Census Tract,09001210102,Other,02/2025,0,2,2,
Census Tract,09001210102,Other,03/2025,2,1,1.667,
Census Tract,09001210102,Other,04/2025,3,0.5,2,
Census Tract,09001210102,Other,05/2025,0,1.5,1,
Census Tract,09001210102,Other,06/2025,2,0.5,2.333,
Census Tract,09001210102,Other,07/2025,1,1.5,0.667,
Census Tract,09001210102,Other,08/2025,0,2,2,
Census Tract,09001210102,Other,09/2025,0,2,0.667,
Census Tract,09001210102,Other,10/2025,0,0,0.333,2025-10-04
Census Tract,09001210201,Hispanic,01/2020,1,1,2,
Census Tract,09001210201,Hispanic,02/2020,2,0,0,
Census Tract,09001210201,Hispanic,03/2020,0,0,0.667,
Census Tract,09001210201,Hispanic,04/2020,0,0.5,1.667,
Census Tract,09001210201,Hispanic,05/2020,0,0.5,1.667,
Census Tract,09001210201,Hispanic,06/2020,0,1,0.333,
Census Tract,09001210201,Hispanic,07/2020,0,1,0.667,
Census Tract,09001210201,Hispanic,08/2020,0,1,1,
Census Tract,09001210201,Hispanic,09/2020,1,0.5,1,
Census Tract,09001210201,Hispanic,10/2020,0,2,1.333,
Census Tract,09001210201,Hispanic,11/2020,0,1.5,1.333,
Census Tract,09001210201,Hispanic,12/2020,1,0,1.667,
Census Tract,09001210201,Hispanic,01/2021,0,1,2,
Census Tract,09001210201,Hispanic,02/2021,0,0,0,
Census Tract,09001210201,Hispanic,03/2021,1,0,0.667,
Census Tract,09001210201,Hispanic,04/2021,2,0.5,1.667,
Census Tract,09001210201,Hispanic,05/2021,2,0.5,1.667,
Census Tract,09001210201,Hispanic,06/2021,0,1,0.333,
Census Tract,09001210201,Hispanic,07/2021,0,1,0.667,
Census Tract,09001210201,Hispanic,08/2021,0,1,1,
Census Tract,09001210201,Hispanic,09/2021,0,0.5,1,
Census Tract,09001210201,Hispanic,10/2021,1,2,1.333,
Census Tract,09001210201,Hispanic,11/2021,0,1.5,1.333,
Census Tract,09001210201,Hispanic,12/2021,0,0,1.667,
Census Tract,09001210201,Hispanic,01/2022,0,1,2,
Census Tract,09001210201,Hispanic,02/2022,1,0,0,
Census Tract,09001210201,Hispanic,03/2022,2,0,0.667,
Census Tract,09001210201,Hispanic,04/2022,3,0.5,1.667,
Census Tract,09001210201,Hispanic,05/2022,2,0.5,1.667,
Census Tract,09001210201,Hispanic,06/2022,1,1,0.333,
Census Tract,09001210201,Hispanic,07/2022,3,1,0.667,
Census Tract,09001210201,Hispanic,08/2022,2,1,1,
Census Tract,09001210201,Hispanic,09/2022,1,0.5,1,
Census Tract,09001210201,Hispanic,10/2022,0,2,1.333,
Census Tract,09001210201,Hispanic,11/2022,2,1.5,1.333,
Census Tract,09001210201,Hispanic,12/2022,1,0,1.667,
Census Tract,09001210201,Hispanic,01/2023,0,1,2,
Census Tract,09001210201,Hispanic,02/2023,0,0,0,
Census Tract,09001210201,Hispanic,03/2023,0,0,0.667,
Census Tract,09001210201,Hispanic,04/2023,0,0.5,1.667,
Census Tract,09001210201,Hispanic,05/2023,1,0.5,1.667,
Census Tract,09001210201,Hispanic,06/2023,2,1,0.333,
Census Tract,09001210201,Hispanic,07/2023,0,1,0.667,
Census Tract,09001210201,Hispanic,08/2023,1,1,1,
Census Tract,09001210201,Hispanic,09/2023,1,0.5,1,
Census Tract,09001210201,Hispanic,10/2023,2,2,1.333,
Census Tract,09001210201,Hispanic,11/2023,0,1.5,1.333,
Census Tract,09001210201,Hispanic,12/2023,0,0,1.667,
Census Tract,09001210201,Hispanic,01/2024,2,1,2,
Census Tract,09001210201,Hispanic,02/2024,0,0,0,
Census Tract,09001210201,Hispanic,03/2024,0,0,0.667,
Census Tract,09001210201,Hispanic,04/2024,1,0.5,1.667,
Census Tract,09001210201,Hispanic,05/2024,0,0.5,1.667,
Census Tract,09001210201,Hispanic,06/2024,0,1,0.333,
Census Tract,09001210201,Hispanic,07/2024,2,1,0.667,
Census Tract,09001210201,Hispanic,08/2024,1,1,1,
Census Tract,09001210201,Hispanic,09/2024,0,0.5,1,
Census Tract,09001210201,Hispanic,10/2024,2,2,1.333,
Census Tract,09001210201,Hispanic,11/2024,3,1.5,1.333,
Census Tract,09001210201,Hispanic,12/2024,0,0,1.667,
Census Tract,09001210201,Hispanic,01/2025,0,1,2,
Census Tract,09001210201,Hispanic,02/2025,0,0,0,
Census Tract,09001210201,Hispanic,03/2025,3,0,0.667,
Census Tract,09001210201,Hispanic,04/2025,0,0.5,1.667,
Census Tract,09001210201,Hispanic,05/2025,0,0.5,1.667,
Census Tract,09001210201,Hispanic,06/2025,1,1,0.333,
Census Tract,09001210201,Hispanic,07/2025,0,1,0.667,
Census Tract,09001210201,Hispanic,08/2025,0,1,1,
Census Tract,09001210201,Hispanic,09/2025,2,0.5,1,
Census Tract,09001210201,Hispanic,10/2025,0,0.5,0,2025-10-04
Census Tract,09001210202,Hispanic,01/2020,1,1,1.333,
Census Tract,09001210202,Hispanic,02/2020,1,0.5,1,
Census Tract,09001210202,Hispanic,03/2020,1,0.5,0.333,
Census Tract,09001210202,Hispanic,04/2020,0,0.5,0.667,
Census Tract,09001210202,Hispanic,05/2020,0,0.5,0.667,
Census Tract,09001210202,Hispanic,06/2020,0,0,2,
Census Tract,09001210202,Hispanic,07/2020,0,0.5,1.333,
Census Tract,09001210202,Hispanic,08/2020,0,1,1.333,
Census Tract,09001210202,Hispanic,09/2020,0,0.5,0.667,
Census Tract,09001210202,Hispanic,10/2020,0,0.5,1,
Census Tract,09001210202,Hispanic,11/2020,0,1,0,
Census Tract,09001210202,Hispanic,12/2020,0,0,1.333,
Census Tract,09001210202,Hispanic,01/2021,0,1,1.333,
Census Tract,09001210202,Hispanic,02/2021,0,0.5,1,
Census Tract,09001210202,Hispanic,03/2021,1,0.5,0.333,
Census Tract,09001210202,Hispanic,04/2021,0,0.5,0.667,
Census Tract,09001210202,Hispanic,05/2021,0,0.5,0.667,
Census Tract,09001210202,Hispanic,06/2021,0,0,2,
Census Tract,09001210202,Hispanic,07/2021,0,0.5,1.333,
Census Tract,09001210202,Hispanic,08/2021,1,1,1.333,
Census Tract,09001210202,Hispanic,09/2021,0,0.5,0.667,
Census Tract,09001210202,Hispanic,10/2021,4,0.5,1,
Census Tract,09001210202,Hispanic,11/2021,0,1,0,
Census Tract,09001210202,Hispanic,12/2021,0,0,1.333,
Census Tract,09001210202,Hispanic,01/2022,0,1,1.333,
Census Tract,09001210202,Hispanic,02/2022,0,0.5,1,
Census Tract,09001210202,Hispanic,03/2022,5,0.5,0.333,
Census Tract,09001210202,Hispanic,04/2022,2,0.5,0.667,
Census Tract,09001210202,Hispanic,05/2022,0,0.5,0.667,
Census Tract,09001210202,Hispanic,06/2022,1,0,2,
Census Tract,09001210202,Hispanic,07/2022,0,0.5,1.333,
Census Tract,09001210202,Hispanic,08/2022,0,1,1.333,
Census Tract,09001210202,Hispanic,09/2022,0,0.5,0.667,
Census Tract,09001210202,Hispanic,10/2022,1,0.5,1,
Census Tract,09001210202,Hispanic,11/2022,0,1,0,
Census Tract,09001210202,Hispanic,12/2022,1,0,1.333,
Census Tract,09001210202,Hispanic,01/2023,2,1,1.333,
Census Tract,09001210202,Hispanic,02/2023,1,0.5,1,
Census Tract,09001210202,Hispanic,03/2023,0,0.5,0.333,
Census Tract,09001210202,Hispanic,04/2023,0,0.5,0.667,
Census Tract,09001210202,Hispanic,05/2023,1,0.5,0.667,
Census Tract,09001210202,Hispanic,06/2023,0,0,2,
Census Tract,09001210202,Hispanic,07/2023,1,0.5,1.333,
Census Tract,09001210202,Hispanic,08/2023,0,1,1.333,
Census Tract,09001210202,Hispanic,09/2023,1,0.5,0.667,
Census Tract,09001210202,Hispanic,10/2023,1,0.5,1,
Census Tract,09001210202,Hispanic,11/2023,1,1,0,
Census Tract,09001210202,Hispanic,12/2023,0,0,1.333,
Census Tract,09001210202,Hispanic,01/2024,0,1,1.333,
Census Tract,09001210202,Hispanic,02/2024,0,0.5,1,
Census Tract,09001210202,Hispanic,03/2024,1,0.5,0.333,
Census Tract,09001210202,Hispanic,04/2024,1,0.5,0.667,
Census Tract,09001210202,Hispanic,05/2024,0,0.5,0.667,
Census Tract,09001210202,Hispanic,06/2024,0,0,2,
Census Tract,09001210202,Hispanic,07/2024,0,0.5,1.333,
Census Tract,09001210202,Hispanic,08/2024,2,1,1.333,
Census Tract,09001210202,Hispanic,09/2024,0,0.5,0.667,
Census Tract,09001210202,Hispanic,10/2024,0,0.5,1,
Census Tract,09001210202,Hispanic,11/2024,1,1,0,
Census Tract,09001210202,Hispanic,12/2024,0,0,1.333,
Census Tract,09001210202,Hispanic,01/2025,0,1,1.333,
Census Tract,09001210202,Hispanic,02/2025,1,0.5,1,
Census Tract,09001210202,Hispanic,03/2025,1,0.5,0.333,
Census Tract,09001210202,Hispanic,04/2025,0,0.5,0.667,
Census Tract,09001210202,Hispanic,05/2025,1,0.5,0.667,
Census Tract,09001210202,Hispanic,06/2025,1,0,2,
Census Tract,09001210202,Hispanic,07/2025,2,0.5,1.333,
Census Tract,09001210202,Hispanic,08/2025,0,1,1.333,
Census Tract,09001210202,Hispanic,09/2025,1,0.5,0.667,
Census Tract,09001210202,Hispanic,10/2025,0,0,0,2025-10-04
Census Tract,09001210300,Other,01/2020,1,0,1.333,
Census Tract,09001210300,Other,02/2020,1,2,0.333,
Census Tract,09001210300,Other,03/2020,0,3,2,
Census Tract,09001210300,Other,04/2020,0,0.5,2.333,
Census Tract,09001210300,Other,05/2020,0,3.5,1.667,
Census Tract,09001210300,Other,06/2020,0,0,1.333,
Census Tract,09001210300,Other,07/2020,0,1,1.667,
Census Tract,09001210300,Other,08/2020,0,3,2.333,
Census Tract,09001210300,Other,09/2020,0,1,1.333,
Census Tract,09001210300,Other,10/2020,0,2,3.333,
Census Tract,09001210300,Other,11/2020,0,1.5,2,
Census Tract,09001210300,Other,12/2020,0,2,0.333,
Census Tract,09001210300,Other,01/2021,0,0,1.333,
Census Tract,09001210300,Other,02/2021,0,2,0.333,
Census Tract,09001210300,Other,03/2021,0,3,2,
Census Tract,09001210300,Other,04/2021,0,0.5,2.333,
Census Tract,09001210300,Other,05/2021,0,3.5,1.667,
Census Tract,09001210300,Other,06/2021,2,0,1.333,
Census Tract,09001210300,Other,07/2021,0,1,1.667,
Census Tract,09001210300,Other,08/2021,0,3,2.333,
Census Tract,09001210300,Other,09/2021,1,1,1.333,
Census Tract,09001210300,Other,10/2021,2,2,3.333,
Census Tract,09001210300,Other,11/2021,1,1.5,2,
Census Tract,09001210300,Other,12/2021,1,2,0.333,
Census Tract,09001210300,Other,01/2022,1,0,1.333,
Census Tract,09001210300,Other,02/2022,0,2,0.333,
Census Tract,09001210300,Other,03/2022,2,3,2,
Census Tract,09001210300,Other,04/2022,4,0.5,2.333,
Census Tract,09001210300,Other,05/2022,4,3.5,1.667,
Census Tract,09001210300,Other,06/2022,0,0,1.333,
Census Tract,09001210300,Other,07/2022,1,1,1.667,
Census Tract,09001210300,Other,08/2022,0,3,2.333,
Census Tract,09001210300,Other,09/2022,0,1,1.333,
Census Tract,09001210300,Other,10/2022,4,2,3.333,
Census Tract,09001210300,Other,11/2022,0,1.5,2,
Census Tract,09001210300,Other,12/2022,1,2,0.333,
Census Tract,09001210300,Other,01/2023,0,0,1.333,
Census Tract,09001210300,Other,02/2023,2,2,0.333,
Census Tract,09001210300,Other,03/2023,5,3,2,
Census Tract,09001210300,Other,04/2023,1,0.5,2.333,
Census Tract,09001210300,Other,05/2023,2,3.5,1.667,
Census Tract,09001210300,Other,06/2023,0,0,1.333,
Census Tract,09001210300,Other,07/2023,0,1,1.667,
Census Tract,09001210300,Other,08/2023,5,3,2.333,
Census Tract,09001210300,Other,09/2023,2,1,1.333,
Census Tract,09001210300,Other,10/2023,0,2,3.333,
Census Tract,09001210300,Other,11/2023,3,1.5,2,
Census Tract,09001210300,Other,12/2023,1,2,0.333,
Census Tract,09001210300,Other,01/2024,0,0,1.333,
Census Tract,09001210300,Other,02/2024,2,2,0.333,
Census Tract,09001210300,Other,03/2024,1,3,2,
Census Tract,09001210300,Other,04/2024,0,0.5,2.333,
Census Tract,09001210300,Other,05/2024,5,3.5,1.667,
Census Tract,09001210300,Other,06/2024,0,0,1.333,
Census Tract,09001210300,Other,07/2024,2,1,1.667,
Census Tract,09001210300,Other,08/2024,1,3,2.333,
Census Tract,09001210300,Other,09/2024,0,1,1.333,
Census Tract,09001210300,Other,10/2024,4,2,3.333,
Census Tract,09001210300,Other,11/2024,0,1.5,2,
Census Tract,09001210300,Other,12/2024,3,2,0.333,
Census Tract,09001210300,Other,01/2025,1,0,1.333,
Census Tract,09001210300,Other,02/2025,1,2,0.333,
Census Tract,09001210300,Other,03/2025,1,3,2,
Census Tract,09001210300,Other,04/2025,0,0.5,2.333,
Census Tract,09001210300,Other,05/2025,1,3.5,1.667,
Census Tract,09001210300,Other,06/2025,2,0,1.333,
Census Tract,09001210300,Other,07/2025,0,1,1.667,
Census Tract,09001210300,Other,08/2025,0,3,2.333,
Census Tract,09001210300,Other,09/2025,0,1,1.333,
Census Tract,09001210300,Other,10/2025,0,0.5,0,2025-10-04
Census Tract,09001210401,Other,01/2020,1,2.5,2,
Census Tract,09001210401,Other,02/2020,3,0.5,0.667,
Census Tract,09001210401,Other,03/2020,0,0,0.333,
Census Tract,09001210401,Other,04/2020,0,1.5,0.667,
Census Tract,09001210401,Other,05/2020,0,1,1.667,
Census Tract,09001210401,Other,06/2020,0,1.5,0.667,
Census Tract,09001210401,Other,07/2020,0,0.5,1.333,
Census Tract,09001210401,Other,08/2020,0,1.5,0.667,
Census Tract,09001210401,Other,09/2020,0,1,0.667,
Census Tract,09001210401,Other,10/2020,0,1,2,
Census Tract,09001210401,Other,11/2020,0,0,1.333,
Census Tract,09001210401,Other,12/2020,0,0.5,0.333,
Census Tract,09001210401,Other,01/2021,0,2.5,2,
Census Tract,09001210401,Other,02/2021,0,0.5,0.667,
Census Tract,09001210401,Other,03/2021,0,0,0.333,
Census Tract,09001210401,Other,04/2021,0,1.5,0.667,
Census Tract,09001210401,Other,05/2021,1,1,1.667,
Census Tract,09001210401,Other,06/2021,0,1.5,0.667,
Census Tract,09001210401,Other,07/2021,0,0.5,1.333,
Census Tract,09001210401,Other,08/2021,0,1.5,0.667,
Census Tract,09001210401,Other,09/2021,3,1,0.667,
Census Tract,09001210401,Other,10/2021,2,1,2,
Census Tract,09001210401,Other,11/2021,0,0,1.333,
Census Tract,09001210401,Other,12/2021,1,0.5,0.333,
Census Tract,09001210401,Other,01/2022,1,2.5,2,
Census Tract,09001210401,Other,02/2022,3,0.5,0.667,
Census Tract,09001210401,Other,03/2022,0,0,0.333,
Census Tract,09001210401,Other,04/2022,0,1.5,0.667,
Census Tract,09001210401,Other,05/2022,1,1,1.667,
Census Tract,09001210401,Other,06/2022,2,1.5,0.667,
Census Tract,09001210401,Other,07/2022,0,0.5,1.333,
Census Tract,09001210401,Other,08/2022,5,1.5,0.667,
Census Tract,09001210401,Other,09/2022,1,1,0.667,
Census Tract,09001210401,Other,10/2022,3,1,2,
Census Tract,09001210401,Other,11/2022,1,0,1.333,
Census Tract,09001210401,Other,12/2022,0,0.5,0.333,
Census Tract,09001210401,Other,01/2023,2,2.5,2,
Census Tract,09001210401,Other,02/2023,1,0.5,0.667,
Census Tract,09001210401,Other,03/2023,0,0,0.333,
Census Tract,09001210401,Other,04/2023,1,1.5,0.667,
Census Tract,09001210401,Other,05/2023,1,1,1.667,
Census Tract,09001210401,Other,06/2023,1,1.5,0.667,
Census Tract,09001210401,Other,07/2023,1,0.5,1.333,
Census Tract,09001210401,Other,08/2023,2,1.5,0.667,
Census Tract,09001210401,Other,09/2023,0,1,0.667,
Census Tract,09001210401,Other,10/2023,1,1,2,
Census Tract,09001210401,Other,11/2023,0,0,1.333,
Census Tract,09001210401,Other,12/2023,1,0.5,0.333,
Census Tract,09001210401,Other,01/2024,3,2.5,2,
Census Tract,09001210401,Other,02/2024,0,0.5,0.667,
Census Tract,09001210401,Other,03/2024,0,0,0.333,
Census Tract,09001210401,Other,04/2024,2,1.5,0.667,
Census Tract,09001210401,Other,05/2024,1,1,1.667,
Census Tract,09001210401,Other,06/2024,2,1.5,0.667,
Census Tract,09001210401,Other,07/2024,0,0.5,1.333,
Census Tract,09001210401,Other,08/2024,1,1.5,0.667,
Census Tract,09001210401,Other,09/2024,2,1,0.667,
Census Tract,09001210401,Other,10/2024,1,1,2,
Census Tract,09001210401,Other,11/2024,0,0,1.333,
Census Tract,09001210401,Other,12/2024,0,0.5,0.333,
Census Tract,09001210401,Other,01/2025,0,2.5,2,
Census Tract,09001210401,Other,02/2025,1,0.5,0.667,
Census Tract,09001210401,Other,03/2025,0,0,0.333,
Census Tract,09001210401,Other,04/2025,0,1.5,0.667,
Census Tract,09001210401,Other,05/2025,1,1,1.667,
Census Tract,09001210401,Other,06/2025,2,1.5,0.667,
Census Tract,09001210401,Other,07/2025,2,0.5,1.333,
Census Tract,09001210401,Other,08/2025,0,1.5,0.667,
Census Tract,09001210401,Other,09/2025,0,1,0.667,
Census Tract,09001210401,Other,10/2025,0,0.5,0,2025-10-04
Census Tract,09001210402,Other,01/2020,2,0.5,3.333,
Census Tract,09001210402,Other,02/2020,0,1,3.667,
Census Tract,09001210402,Other,03/2020,0,0,1.667,
Census Tract,09001210402,Other,04/2020,0,0.5,2.333,
Census Tract,09001210402,Other,05/2020,1,1.5,1.333,
Census Tract,09001210402,Other,06/2020,0,1.5,1,
Census Tract,09001210402,Other,07/2020,0,0,1.333,
Census Tract,09001210402,Other,08/2020,3,0.5,1,
Census Tract,09001210402,Other,09/2020,0,0,1.333,
Census Tract,09001210402,Other,10/2020,0,1.5,1.333,
Census Tract,09001210402,Other,11/2020,0,1,2.333,
Census Tract,09001210402,Other,12/2020,1,1,2,
Census Tract,09001210402,Other,01/2021,0,0.5,3.333,
Census Tract,09001210402,Other,02/2021,0,1,3.667,
Census Tract,09001210402,Other,03/2021,1,0,1.667,
Census Tract,09001210402,Other,04/2021,0,0.5,2.333,
Census Tract,09001210402,Other,05/2021,1,1.5,1.333,
Census Tract,09001210402,Other,06/2021,1,1.5,1,
Census Tract,09001210402,Other,07/2021,1,0,1.333,
Census Tract,09001210402,Other,08/2021,1,0.5,1,
Census Tract,09001210402,Other,09/2021,0,0,1.333,
Census Tract,09001210402,Other,10/2021,2,1.5,1.333,
Census Tract,09001210402,Other,11/2021,2,1,2.333,
Census Tract,09001210402,Other,12/2021,2,1,2,
Census Tract,09001210402,Other,01/2022,0,0.5,3.333,
Census Tract,09001210402,Other,02/2022,0,1,3.667,
Census Tract,09001210402,Other,03/2022,2,0,1.667,
Census Tract,09001210402,Other,04/2022,0,0.5,2.333,
Census Tract,09001210402,Other,05/2022,2,1.5,1.333,
Census Tract,09001210402,Other,06/2022,2,1.5,1,
Census Tract,09001210402,Other,07/2022,1,0,1.333,
Census Tract,09001210402,Other,08/2022,1,0.5,1,
Census Tract,09001210402,Other,09/2022,2,0,1.333,
Census Tract,09001210402,Other,10/2022,0,1.5,1.333,
Census Tract,09001210402,Other,11/2022,0,1,2.333,
Census Tract,09001210402,Other,12/2022,2,1,2,
Census Tract,09001210402,Other,01/2023,0,0.5,3.333,
Census Tract,09001210402,Other,02/2023,0,1,3.667,
Census Tract,09001210402,Other,03/2023,0,0,1.667,
Census Tract,09001210402,Other,04/2023,1,0.5,2.333,
Census Tract,09001210402,Other,05/2023,2,1.5,1.333,
Census Tract,09001210402,Other,06/2023,2,1.5,1,
Census Tract,09001210402,Other,07/2023,0,0,1.333,
Census Tract,09001210402,Other,08/2023,1,0.5,1,
Census Tract,09001210402,Other,09/2023,0,0,1.333,
Census Tract,09001210402,Other,10/2023,3,1.5,1.333,
Census Tract,09001210402,Other,11/2023,1,1,2.333,
Census Tract,09001210402,Other,12/2023,2,1,2,
Census Tract,09001210402,Other,01/2024,1,0.5,3.333,
Census Tract,09001210402,Other,02/2024,2,1,3.667,
Census Tract,09001210402,Other,03/2024,0,0,1.667,
Census Tract,09001210402,Other,04/2024,0,0.5,2.333,
Census Tract,09001210402,Other,05/2024,1,1.5,1.333,
Census Tract,09001210402,Other,06/2024,1,1.5,1,
Census Tract,09001210402,Other,07/2024,0,0,1.333,
Census Tract,09001210402,Other,08/2024,0,0.5,1,
Census Tract,09001210402,Other,09/2024,0,0,1.333,
Census Tract,09001210402,Other,10/2024,0,1.5,1.333,
Census Tract,09001210402,Other,11/2024,1,1,2.333,
Census Tract,09001210402,Other,12/2024,0,1,2,
Census Tract,09001210402,Other,01/2025,2,0.5,3.333,
Census Tract,09001210402,Other,02/2025,0,1,3.667,
Census Tract,09001210402,Other,03/2025,1,0,1.667,
Census Tract,09001210402,Other,04/2025,2,0.5,2.333,
Census Tract,09001210402,Other,05/2025,0,1.5,1.333,
Census Tract,09001210402,Other,06/2025,2,1.5,1,
Census Tract,09001210402,Other,07/2025,3,0,1.333,
Census Tract,09001210402,Other,08/2025,0,0.5,1,
Census Tract,09001210402,Other,09/2025,0,0,1.333,
Census Tract,09001210402,Other,10/2025,0,0.5,0,2025-10-04
Census Tract,09001210501,White,01/2020,1,0.5,0,
Census Tract,09001210501,White,02/2020,0,1,1,
Census Tract,09001210501,White,03/2020,1,0,0,
Census Tract,09001210501,White,04/2020,0,0.5,0,
Census Tract,09001210501,White,05/2020,0,0,0.333,
Census Tract,09001210501,White,06/2020,0,1,0,
Census Tract,09001210501,White,07/2020,0,0.5,0.333,
Census Tract,09001210501,White,08/2020,0,0,1.333,
Census Tract,09001210501,White,09/2020,0,0,0.667,
Census Tract,09001210501,White,10/2020,0,1,0.333,
Census Tract,09001210501,White,11/2020,1,0.5,0.333,
Census Tract,09001210501,White,12/2020,1,0,0.333,
Census Tract,09001210501,White,01/2021,1,0.5,0,
Census Tract,09001210501,White,02/2021,0,1,1,
Census Tract,09001210501,White,03/2021,0,0,0,
Census Tract,09001210501,White,04/2021,0,0.5,0,
Census Tract,09001210501,White,05/2021,0,0,0.333,
Census Tract,09001210501,White,06/2021,0,1,0,
Census Tract,09001210501,White,07/2021,0,0.5,0.333,
Census Tract,09001210501,White,08/2021,0,0,1.333,
Census Tract,09001210501,White,09/2021,0,0,0.667,
Census Tract,09001210501,White,10/2021,0,1,0.333,
Census Tract,09001210501,White,11/2021,1,0.5,0.333,
Census Tract,09001210501,White,12/2021,0,0,0.333,
Census Tract,09001210501,White,01/2022,0,0.5,0,
Census Tract,09001210501,White,02/2022,0,1,1,
Census Tract,09001210501,White,03/2022,0,0,0,
Census Tract,09001210501,White,04/2022,0,0.5,0,
Census Tract,09001210501,White,05/2022,0,0,0.333,
Census Tract,09001210501,White,06/2022,2,1,0,
Census Tract,09001210501,White,07/2022,0,0.5,0.333,
Census Tract,09001210501,White,08/2022,1,0,1.333,
Census Tract,09001210501,White,09/2022,1,0,0.667,
Census Tract,09001210501,White,10/2022,0,1,0.333,
Census Tract,09001210501,White,11/2022,1,0.5,0.333,
Census Tract,09001210501,White,12/2022,0,0,0.333,
Census Tract,09001210501,White,01/2023,0,0.5,0,
Census Tract,09001210501,White,02/2023,1,1,1,
Census Tract,09001210501,White,03/2023,0,0,0,
Census Tract,09001210501,White,04/2023,0,0.5,0,
Census Tract,09001210501,White,05/2023,0,0,0.333,
Census Tract,09001210501,White,06/2023,0,1,0,
Census Tract,09001210501,White,07/2023,0,0.5,0.333,
Census Tract,09001210501,White,08/2023,0,0,1.333,
Census Tract,09001210501,White,09/2023,0,0,0.667,
Census Tract,09001210501,White,10/2023,1,1,0.333,
Census Tract,09001210501,White,11/2023,0,0.5,0.333,
Census Tract,09001210501,White,12/2023,0,0,0.333,
Census Tract,09001210501,White,01/2024,1,0.5,0,
Census Tract,09001210501,White,02/2024,1,1,1,
Census Tract,09001210501,White,03/2024,0,0,0,
Census Tract,09001210501,White,04/2024,1,0.5,0,
Census Tract,09001210501,White,05/2024,0,0,0.333,
Census Tract,09001210501,White,06/2024,2,1,0,
Census Tract,09001210501,White,07/2024,1,0.5,0.333,
Census Tract,09001210501,White,08/2024,0,0,1.333,
Census Tract,09001210501,White,09/2024,0,0,0.667,
Census Tract,09001210501,White,10/2024,1,1,0.333,
Census Tract,09001210501,White,11/2024,1,0.5,0.333,
Census Tract,09001210501,White,12/2024,0,0,0.333,
Census Tract,09001210501,White,01/2025,0,0.5,0,
Census Tract,09001210501,White,02/2025,0,1,1,
Census Tract,09001210501,White,03/2025,0,0,0,
Census Tract,09001210501,White,04/2025,1,0.5,0,
Census Tract,09001210501,White,05/2025,1,0,0.333,
Census Tract,09001210501,White,06/2025,0,1,0,
Census Tract,09001210501,White,07/2025,0,0.5,0.333,
Census Tract,09001210501,White,08/2025,0,0,1.333,
Census Tract,09001210501,White,09/2025,0,0,0.667,
Census Tract,09001210501,White,10/2025,0,0,0,2025-10-04
Census Tract,09001210502,White,01/2020,0,0.5,1,
Census Tract,09001210502,White,02/2020,0,0.5,5.333,
Census Tract,09001210502,White,03/2020,0,0,1.667,
Census Tract,09001210502,White,04/2020,0,0.5,2.333,
Census Tract,09001210502,White,05/2020,0,1.5,1.667,
Census Tract,09001210502,White,06/2020,0,1,1.333,
Census Tract,09001210502,White,07/2020,0,0,2.667,
Census Tract,09001210502,White,08/2020,0,0,1,
Census Tract,09001210502,White,09/2020,1,0,1.667,
Census Tract,09001210502,White,10/2020,0,1,3.667,
Census Tract,09001210502,White,11/2020,0,0,3,
Census Tract,09001210502,White,12/2020,1,1.5,2,
Census Tract,09001210502,White,01/2021,0,0.5,1,
Census Tract,09001210502,White,02/2021,0,0.5,5.333,
Census Tract,09001210502,White,03/2021,0,0,1.667,
Census Tract,09001210502,White,04/2021,1,0.5,2.333,
Census Tract,09001210502,White,05/2021,0,1.5,1.667,
Census Tract,09001210502,White,06/2021,0,1,1.333,
Census Tract,09001210502,White,07/2021,1,0,2.667,
Census Tract,09001210502,White,08/2021,0,0,1,
Census Tract,09001210502,White,09/2021,1,0,1.667,
Census Tract,09001210502,White,10/2021,0,1,3.667,
Census Tract,09001210502,White,11/2021,1,0,3,
Census Tract,09001210502,White,12/2021,0,1.5,2,
Census Tract,09001210502,White,01/2022,1,0.5,1,
Census Tract,09001210502,White,02/2022,0,0.5,5.333,
Census Tract,09001210502,White,03/2022,0,0,1.667,
Census Tract,09001210502,White,04/2022,0,0.5,2.333,
Census Tract,09001210502,White,05/2022,0,1.5,1.667,
Census Tract,09001210502,White,06/2022,2,1,1.333,
Census Tract,09001210502,White,07/2022,1,0,2.667,
Census Tract,09001210502,White,08/2022,2,0,1,
Census Tract,09001210502,White,09/2022,0,0,1.667,
Census Tract,09001210502,White,10/2022,2,1,3.667,
Census Tract,09001210502,White,11/2022,3,0,3,
Census Tract,09001210502,White,12/2022,0,1.5,2,
Census Tract,09001210502,White,01/2023,0,0.5,1,
Census Tract,09001210502,White,02/2023,1,0.5,5.333,
Census Tract,09001210502,White,03/2023,0,0,1.667,
Census Tract,09001210502,White,04/2023,0,0.5,2.333,
Census Tract,09001210502,White,05/2023,2,1.5,1.667,
Census Tract,09001210502,White,06/2023,1,1,1.333,
Census Tract,09001210502,White,07/2023,0,0,2.667,
Census Tract,09001210502,White,08/2023,0,0,1,
Census Tract,09001210502,White,09/2023,0,0,1.667,
Census Tract,09001210502,White,10/2023,0,1,3.667,
Census Tract,09001210502,White,11/2023,0,0,3,
Census Tract,09001210502,White,12/2023,1,1.5,2,
Census Tract,09001210502,White,01/2024,1,0.5,1,
Census Tract,09001210502,White,02/2024,0,0.5,5.333,
Census Tract,09001210502,White,03/2024,0,0,1.667,
Census Tract,09001210502,White,04/2024,1,0.5,2.333,
Census Tract,09001210502,White,05/2024,1,1.5,1.667,
Census Tract,09001210502,White,06/2024,1,1,1.333,
Census Tract,09001210502,White,07/2024,0,0,2.667,
Census Tract,09001210502,White,08/2024,0,0,1,
Census Tract,09001210502,White,09/2024,0,0,1.667,
Census Tract,09001210502,White,10/2024,2,1,3.667,
Census Tract,09001210502,White,11/2024,0,0,3,
Census Tract,09001210502,White,12/2024,2,1.5,2,
Census Tract,09001210502,White,01/2025,0,0.5,1,
Census Tract,09001210502,White,02/2025,1,0.5,5.333,
Census Tract,09001210502,White,03/2025,3,0,1.667,
Census Tract,09001210502,White,04/2025,1,0.5,2.333,
Census Tract,09001210502,White,05/2025,2,1.5,1.667,
Census Tract,09001210502,White,06/2025,1,1,1.333,
Census Tract,09001210502,White,07/2025,1,0,2.667,
Census Tract,09001210502,White,08/2025,0,0,1,
Census Tract,09001210502,White,09/2025,0,0,1.667,
Census Tract,09001210502,White,10/2025,1,0,1,2025-10-04
Census Tract,09001210600,Other,01/2020,1,1.5,0.667,
Census Tract,09001210600,Other,02/2020,2,1.5,2.667,
Census Tract,09001210600,Other,03/2020,0,0.5,2,
Census Tract,09001210600,Other,04/2020,0,1.5,1,
Census Tract,09001210600,Other,05/2020,0,1,2.333,
Census Tract,09001210600,Other,06/2020,0,1.5,2.333,
Census Tract,09001210600,Other,07/2020,2,1.5,2.667,
Census Tract,09001210600,Other,08/2020,0,2,3,
Census Tract,09001210600,Other,09/2020,0,1.5,2.667,
Census Tract,09001210600,Other,10/2020,0,3,3,
Census Tract,09001210600,Other,11/2020,0,3,2.667,
Census Tract,09001210600,Other,12/2020,0,2,0.667,
Census Tract,09001210600,Other,01/2021,1,1.5,0.667,
Census Tract,09001210600,Other,02/2021,0,1.5,2.667,
Census Tract,09001210600,Other,03/2021,0,0.5,2,
Census Tract,09001210600,Other,04/2021,0,1.5,1,
Census Tract,09001210600,Other,05/2021,0,1,2.333,
Census Tract,09001210600,Other,06/2021,2,1.5,2.333,
Census Tract,09001210600,Other,07/2021,0,1.5,2.667,
Census Tract,09001210600,Other,08/2021,1,2,3,
Census Tract,09001210600,Other,09/2021,3,1.5,2.667,
Census Tract,09001210600,Other,10/2021,1,3,3,
Census Tract,09001210600,Other,11/2021,2,3,2.667,
Census Tract,09001210600,Other,12/2021,2,2,0.667,
Census Tract,09001210600,Other,01/2022,0,1.5,0.667,
Census Tract,09001210600,Other,02/2022,2,1.5,2.667,
Census Tract,09001210600,Other,03/2022,2,0.5,2,
Census Tract,09001210600,Other,04/2022,2,1.5,1,
Census Tract,09001210600,Other,05/2022,3,1,2.333,
Census Tract,09001210600,Other,06/2022,1,1.5,2.333,
Census Tract,09001210600,Other,07/2022,2,1.5,2.667,
Census Tract,09001210600,Other,08/2022,8,2,3,
Census Tract,09001210600,Other,09/2022,1,1.5,2.667,
Census Tract,09001210600,Other,10/2022,2,3,3,
Census Tract,09001210600,Other,11/2022,2,3,2.667,
Census Tract,09001210600,Other,12/2022,1,2,0.667,
Census Tract,09001210600,Other,01/2023,2,1.5,0.667,
Census Tract,09001210600,Other,02/2023,1,1.5,2.667,
Census Tract,09001210600,Other,03/2023,0,0.5,2,
Census Tract,09001210600,Other,04/2023,1,1.5,1,
Census Tract,09001210600,Other,05/2023,2,1,2.333,
Census Tract,09001210600,Other,06/2023,3,1.5,2.333,
Census Tract,09001210600,Other,07/2023,1,1.5,2.667,
Census Tract,09001210600,Other,08/2023,3,2,3,
Census Tract,09001210600,Other,09/2023,3,1.5,2.667,
Census Tract,09001210600,Other,10/2023,5,3,3,
Census Tract,09001210600,Other,11/2023,2,3,2.667,
Census Tract,09001210600,Other,12/2023,4,2,0.667,
Census Tract,09001210600,Other,01/2024,1,1.5,0.667,
Census Tract,09001210600,Other,02/2024,2,1.5,2.667,
Census Tract,09001210600,Other,03/2024,1,0.5,2,
Census Tract,09001210600,Other,04/2024,2,1.5,1,
Census Tract,09001210600,Other,05/2024,0,1,2.333,
Census Tract,09001210600,Other,06/2024,0,1.5,2.333,
Census Tract,09001210600,Other,07/2024,2,1.5,2.667,
Census Tract,09001210600,Other,08/2024,1,2,3,
Census Tract,09001210600,Other,09/2024,0,1.5,2.667,
Census Tract,09001210600,Other,10/2024,1,3,3,
Census Tract,09001210600,Other,11/2024,4,3,2.667,
Census Tract,09001210600,Other,12/2024,0,2,0.667,
Census Tract,09001210600,Other,01/2025,1,1.5,0.667,
Census Tract,09001210600,Other,02/2025,1,1.5,2.667,
Census Tract,09001210600,Other,03/2025,0,0.5,2,
Census Tract,09001210600,Other,04/2025,2,1.5,1,
Census Tract,09001210600,Other,05/2025,1,1,2.333,
Census Tract,09001210600,Other,06/2025,1,1.5,2.333,
Census Tract,09001210600,Other,07/2025,1,1.5,2.667,
Census Tract,09001210600,Other,08/2025,0,2,3,
Census Tract,09001210600,Other,09/2025,0,1.5,2.667,
Census Tract,09001210600,Other,10/2025,0,0.5,0.667,2025-10-04
Census Tract,09001210701,Hispanic,01/2020,2,0,3.333,
Census Tract,09001210701,Hispanic,02/2020,2,1.5,1.333,
Census Tract,09001210701,Hispanic,03/2020,0,1,3.333,
Census Tract,09001210701,Hispanic,04/2020,0,2,2.667,
Census Tract,09001210701,Hispanic,05/2020,0,1.5,0.333,
Census Tract,09001210701,Hispanic,06/2020,0,1.5,2,
Census Tract,09001210701,Hispanic,07/2020,0,1.5,1.667,
Census Tract,09001210701,Hispanic,08/2020,0,0.5,4,
Census Tract,09001210701,Hispanic,09/2020,0,0.5,1.667,
Census Tract,09001210701,Hispanic,10/2020,0,3.5,2.333,
Census Tract,09001210701,Hispanic,11/2020,0,1.5,1,
Census Tract,09001210701,Hispanic,12/2020,0,0.5,1.667,
Census Tract,09001210701,Hispanic,01/2021,0,0,3.333,
Census Tract,09001210701,Hispanic,02/2021,0,1.5,1.333,
Census Tract,09001210701,Hispanic,03/2021,2,1,3.333,
Census Tract,09001210701,Hispanic,04/2021,0,2,2.667,
Census Tract,09001210701,Hispanic,05/2021,0,1.5,0.333,
Census Tract,09001210701,Hispanic,06/2021,1,1.5,2,
Census Tract,09001210701,Hispanic,07/2021,0,1.5,1.667,
Census Tract,09001210701,Hispanic,08/2021,1,0.5,4,
Census Tract,09001210701,Hispanic,09/2021,0,0.5,1.667,
Census Tract,09001210701,Hispanic,10/2021,2,3.5,2.333,
Census Tract,09001210701,Hispanic,11/2021,0,1.5,1,
Census Tract,09001210701,Hispanic,12/2021,1,0.5,1.667,
Census Tract,09001210701,Hispanic,01/2022,0,0,3.333,
Census Tract,09001210701,Hispanic,02/2022,1,1.5,1.333,
Census Tract,09001210701,Hispanic,03/2022,1,1,3.333,
Census Tract,09001210701,Hispanic,04/2022,1,2,2.667,
Census Tract,09001210701,Hispanic,05/2022,1,1.5,0.333,
Census Tract,09001210701,Hispanic,06/2022,0,1.5,2,
Census Tract,09001210701,Hispanic,07/2022,0,1.5,1.667,
Census Tract,09001210701,Hispanic,08/2022,4,0.5,4,
Census Tract,09001210701,Hispanic,09/2022,3,0.5,1.667,
Census Tract,09001210701,Hispanic,10/2022,5,3.5,2.333,
Census Tract,09001210701,Hispanic,11/2022,1,1.5,1,
Census Tract,09001210701,Hispanic,12/2022,0,0.5,1.667,
Census Tract,09001210701,Hispanic,01/2023,0,0,3.333,
Census Tract,09001210701,Hispanic,02/2023,2,1.5,1.333,
Census Tract,09001210701,Hispanic,03/2023,2,1,3.333,
Census Tract,09001210701,Hispanic,04/2023,2,2,2.667,
Census Tract,09001210701,Hispanic,05/2023,2,1.5,0.333,
Census Tract,09001210701,Hispanic,06/2023,2,1.5,2,
Census Tract,09001210701,Hispanic,07/2023,3,1.5,1.667,
Census Tract,09001210701,Hispanic,08/2023,0,0.5,4,
Census Tract,09001210701,Hispanic,09/2023,0,0.5,1.667,
Census Tract,09001210701,Hispanic,10/2023,4,3.5,2.333,
Census Tract,09001210701,Hispanic,11/2023,2,1.5,1,
Census Tract,09001210701,Hispanic,12/2023,1,0.5,1.667,
Census Tract,09001210701,Hispanic,01/2024,0,0,3.333,
Census Tract,09001210701,Hispanic,02/2024,1,1.5,1.333,
Census Tract,09001210701,Hispanic,03/2024,0,1,3.333,
Census Tract,09001210701,Hispanic,04/2024,2,2,2.667,
Census Tract,09001210701,Hispanic,05/2024,1,1.5,0.333,
Census Tract,09001210701,Hispanic,06/2024,1,1.5,2,
Census Tract,09001210701,Hispanic,07/2024,0,1.5,1.667,
Census Tract,09001210701,Hispanic,08/2024,1,0.5,4,
Census Tract,09001210701,Hispanic,09/2024,1,0.5,1.667,
Census Tract,09001210701,Hispanic,10/2024,3,3.5,2.333,
Census Tract,09001210701,Hispanic,11/2024,1,1.5,1,
Census Tract,09001210701,Hispanic,12/2024,0,0.5,1.667,
Census Tract,09001210701,Hispanic,01/2025,2,0,3.333,
Census Tract,09001210701,Hispanic,02/2025,1,1.5,1.333,
Census Tract,09001210701,Hispanic,03/2025,1,1,3.333,
Census Tract,09001210701,Hispanic,04/2025,2,2,2.667,
Census Tract,09001210701,Hispanic,05/2025,2,1.5,0.333,
Census Tract,09001210701,Hispanic,06/2025,1,1.5,2,
Census Tract,09001210701,Hispanic,07/2025,1,1.5,1.667,
Census Tract,09001210701,Hispanic,08/2025,0,0.5,4,
Census Tract,09001210701,Hispanic,09/2025,1,0.5,1.667,
Census Tract,09001210701,Hispanic,10/2025,0,0.5,0,2025-10-04
Census Tract,09001210702,White,01/2020,0,0,0,
Census Tract,09001210702,White,02/2020,0,0.5,0.667,
Census Tract,09001210702,White,03/2020,1,1.5,0.667,
Census Tract,09001210702,White,04/2020,0,2,1,
Census Tract,09001210702,White,05/2020,0,0.5,0.667,
Census Tract,09001210702,White,06/2020,0,0.5,1,
Census Tract,09001210702,White,07/2020,0,0,1.333,
Census Tract,09001210702,White,08/2020,0,1.5,0.667,
Census Tract,09001210702,White,09/2020,0,0.5,0.667,
Census Tract,09001210702,White,10/2020,0,1.5,1.667,
Census Tract,09001210702,White,11/2020,1,0,0,
Census Tract,09001210702,White,12/2020,0,0,1,
Census Tract,09001210702,White,01/2021,0,0,0,
Census Tract,09001210702,White,02/2021,0,0.5,0.667,
Census Tract,09001210702,White,03/2021,0,1.5,0.667,
Census Tract,09001210702,White,04/2021,0,2,1,
Census Tract,09001210702,White,05/2021,0,0.5,0.667,
Census Tract,09001210702,White,06/2021,1,0.5,1,
Census Tract,09001210702,White,07/2021,0,0,1.333,
Census Tract,09001210702,White,08/2021,0,1.5,0.667,
Census Tract,09001210702,White,09/2021,0,0.5,0.667,
Census Tract,09001210702,White,10/2021,0,1.5,1.667,
Census Tract,09001210702,White,11/2021,0,0,0,
Census Tract,09001210702,White,12/2021,1,0,1,
Census Tract,09001210702,White,01/2022,0,0,0,
Census Tract,09001210702,White,02/2022,0,0.5,0.667,
Census Tract,09001210702,White,03/2022,0,1.5,0.667,
Census Tract,09001210702,White,04/2022,0,2,1,
Census Tract,09001210702,White,05/2022,3,0.5,0.667,
Census Tract,09001210702,White,06/2022,0,0.5,1,
Census Tract,09001210702,White,07/2022,0,0,1.333,
Census Tract,09001210702,White,08/2022,3,1.5,0.667,
Census Tract,09001210702,White,09/2022,3,0.5,0.667,
Census Tract,09001210702,White,10/2022,1,1.5,1.667,
Census Tract,09001210702,White,11/2022,1,0,0,
Census Tract,09001210702,White,12/2022,1,0,1,
Census Tract,09001210702,White,01/2023,0,0,0,
Census Tract,09001210702,White,02/2023,0,0.5,0.667,
Census Tract,09001210702,White,03/2023,0,1.5,0.667,
Census Tract,09001210702,White,04/2023,1,2,1,
Census Tract,09001210702,White,05/2023,0,0.5,0.667,
Census Tract,09001210702,White,06/2023,1,0.5,1,
Census Tract,09001210702,White,07/2023,0,0,1.333,
Census Tract,09001210702,White,08/2023,2,1.5,0.667,
Census Tract,09001210702,White,09/2023,0,0.5,0.667,
Census Tract,09001210702,White,10/2023,1,1.5,1.667,
Census Tract,09001210702,White,11/2023,0,0,0,
Census Tract,09001210702,White,12/2023,0,0,1,
Census Tract,09001210702,White,01/2024,0,0,0,
Census Tract,09001210702,White,02/2024,1,0.5,0.667,
Census Tract,09001210702,White,03/2024,3,1.5,0.667,
Census Tract,09001210702,White,04/2024,3,2,1,
Census Tract,09001210702,White,05/2024,1,0.5,0.667,
Census Tract,09001210702,White,06/2024,0,0.5,1,
Census Tract,09001210702,White,07/2024,0,0,1.333,
Census Tract,09001210702,White,08/2024,1,1.5,0.667,
Census Tract,09001210702,White,09/2024,1,0.5,0.667,
Census Tract,09001210702,White,10/2024,2,1.5,1.667,
Census Tract,09001210702,White,11/2024,0,0,0,
Census Tract,09001210702,White,12/2024,0,0,1,
Census Tract,09001210702,White,01/2025,1,0,0,
Census Tract,09001210702,White,02/2025,1,0.5,0.667,
Census Tract,09001210702,White,03/2025,0,1.5,0.667,
Census Tract,09001210702,White,04/2025,1,2,1,
Census Tract,09001210702,White,05/2025,0,0.5,0.667,
Census Tract,09001210702,White,06/2025,0,0.5,1,
Census Tract,09001210702,White,07/2025,0,0,1.333,
Census Tract,09001210702,White,08/2025,0,1.5,0.667,
Census Tract,09001210702,White,09/2025,1,0.5,0.667,
Census Tract,09001210702,White,10/2025,0,0,0.667,2025-10-04
Census Tract,09001210800,White,01/2020,0,0.5,1.667,
Census Tract,09001210800,White,02/2020,2,1.5,0.333,
Census Tract,09001210800,White,03/2020,0,0.5,2.667,
Census Tract,09001210800,White,04/2020,0,3.5,2,
Census Tract,09001210800,White,05/2020,0,1,0.333,
Census Tract,09001210800,White,06/2020,0,0.5,1.667,
Census Tract,09001210800,White,07/2020,0,0.5,2.333,
Census Tract,09001210800,White,08/2020,0,1,1,
Census Tract,09001210800,White,09/2020,1,0.5,0.333,
Census Tract,09001210800,White,10/2020,0,3,1.667,
Census Tract,09001210800,White,11/2020,0,0,0.333,
Census Tract,09001210800,White,12/2020,0,1.5,1,
Census Tract,09001210800,White,01/2021,1,0.5,1.667,
Census Tract,09001210800,White,02/2021,0,1.5,0.333,
Census Tract,09001210800,White,03/2021,1,0.5,2.667,
Census Tract,09001210800,White,04/2021,0,3.5,2,
Census Tract,09001210800,White,05/2021,1,1,0.333,
Census Tract,09001210800,White,06/2021,0,0.5,1.667,
Census Tract,09001210800,White,07/2021,0,0.5,2.333,
Census Tract,09001210800,White,08/2021,1,1,1,
Census Tract,09001210800,White,09/2021,0,0.5,0.333,
Census Tract,09001210800,White,10/2021,0,3,1.667,
Census Tract,09001210800,White,11/2021,1,0,0.333,
Census Tract,09001210800,White,12/2021,1,1.5,1,
Census Tract,09001210800,White,01/2022,1,0.5,1.667,
Census Tract,09001210800,White,02/2022,0,1.5,0.333,
Census Tract,09001210800,White,03/2022,0,0.5,2.667,
Census Tract,09001210800,White,04/2022,1,3.5,2,
Census Tract,09001210800,White,05/2022,1,1,0.333,
Census Tract,09001210800,White,06/2022,0,0.5,1.667,
Census Tract,09001210800,White,07/2022,0,0.5,2.333,
Census Tract,09001210800,White,08/2022,0,1,1,
Census Tract,09001210800,White,09/2022,0,0.5,0.333,
Census Tract,09001210800,White,10/2022,0,3,1.667,
Census Tract,09001210800,White,11/2022,1,0,0.333,
Census Tract,09001210800,White,12/2022,0,1.5,1,
Census Tract,09001210800,White,01/2023,1,0.5,1.667,
Census Tract,09001210800,White,02/2023,1,1.5,0.333,
Census Tract,09001210800,White,03/2023,1,0.5,2.667,
Census Tract,09001210800,White,04/2023,6,3.5,2,
Census Tract,09001210800,White,05/2023,1,1,0.333,
Census Tract,09001210800,White,06/2023,1,0.5,1.667,
Census Tract,09001210800,White,07/2023,1,0.5,2.333,
Census Tract,09001210800,White,08/2023,1,1,1,
Census Tract,09001210800,White,09/2023,0,0.5,0.333,
Census Tract,09001210800,White,10/2023,1,3,1.667,
Census Tract,09001210800,White,11/2023,0,0,0.333,
Census Tract,09001210800,White,12/2023,2,1.5,1,
Census Tract,09001210800,White,01/2024,0,0.5,1.667,
Census Tract,09001210800,White,02/2024,2,1.5,0.333,
Census Tract,09001210800,White,03/2024,0,0.5,2.667,
Census Tract,09001210800,White,04/2024,1,3.5,2,
Census Tract,09001210800,White,05/2024,1,1,0.333,
Census Tract,09001210800,White,06/2024,0,0.5,1.667,
Census Tract,09001210800,White,07/2024,0,0.5,2.333,
Census Tract,09001210800,White,08/2024,1,1,1,
Census Tract,09001210800,White,09/2024,1,0.5,0.333,
Census Tract,09001210800,White,10/2024,5,3,1.667,
Census Tract,09001210800,White,11/2024,0,0,0.333,
Census Tract,09001210800,White,12/2024,1,1.5,1,
Census Tract,09001210800,White,01/2025,0,0.5,1.667,
Census Tract,09001210800,White,02/2025,1,1.5,0.333,
Census Tract,09001210800,White,03/2025,0,0.5,2.667,
Census Tract,09001210800,White,04/2025,1,3.5,2,
Census Tract,09001210800,White,05/2025,1,1,0.333,
Census Tract,09001210800,White,06/2025,0,0.5,1.667,
Census Tract,09001210800,White,07/2025,1,0.5,2.333,
Census Tract,09001210800,White,08/2025,0,1,1,
Census Tract,09001210800,White,09/2025,0,0.5,0.333,
Census Tract,09001210800,White,10/2025,0,0.5,0.667,2025-10-04
Census Tract,09001210900,White,01/2020,1,1.5,0.333,
Census Tract,09001210900,White,02/2020,1,3,0.333,
Census Tract,09001210900,White,03/2020,2,3,1,
Census Tract,09001210900,White,04/2020,0,1,2.333,
Census Tract,09001210900,White,05/2020,0,1,0.667,
Census Tract,09001210900,White,06/2020,0,1.5,1,
Census Tract,09001210900,White,07/2020,0,3,1.333,
Census Tract,09001210900,White,08/2020,0,3,0.333,
Census Tract,09001210900,White,09/2020,0,2.5,2.333,
Census Tract,09001210900,White,10/2020,0,3.5,3,
Census Tract,09001210900,White,11/2020,0,2.5,0,
Census Tract,09001210900,White,12/2020,0,3,2.333,
Census Tract,09001210900,White,01/2021,0,1.5,0.333,
Census Tract,09001210900,White,02/2021,0,3,0.333,
Census Tract,09001210900,White,03/2021,1,3,1,
Census Tract,09001210900,White,04/2021,0,1,2.333,
Census Tract,09001210900,White,05/2021,1,1,0.667,
Census Tract,09001210900,White,06/2021,0,1.5,1,
Census Tract,09001210900,White,07/2021,0,3,1.333,
Census Tract,09001210900,White,08/2021,0,3,0.333,
Census Tract,09001210900,White,09/2021,1,2.5,2.333,
Census Tract,09001210900,White,10/2021,0,3.5,3,
Census Tract,09001210900,White,11/2021,1,2.5,0,
Census Tract,09001210900,White,12/2021,1,3,2.333,
Census Tract,09001210900,White,01/2022,0,1.5,0.333,
Census Tract,09001210900,White,02/2022,0,3,0.333,
Census Tract,09001210900,White,03/2022,1,3,1,
Census Tract,09001210900,White,04/2022,3,1,2.333,
Census Tract,09001210900,White,05/2022,2,1,0.667,
Census Tract,09001210900,White,06/2022,4,1.5,1,
Census Tract,09001210900,White,07/2022,0,3,1.333,
Census Tract,09001210900,White,08/2022,1,3,0.333,
Census Tract,09001210900,White,09/2022,1,2.5,2.333,
Census Tract,09001210900,White,10/2022,2,3.5,3,
Census Tract,09001210900,White,11/2022,1,2.5,0,
Census Tract,09001210900,White,12/2022,1,3,2.333,
Census Tract,09001210900,White,01/2023,2,1.5,0.333,
Census Tract,09001210900,White,02/2023,6,3,0.333,
Census Tract,09001210900,White,03/2023,3,3,1,
Census Tract,09001210900,White,04/2023,0,1,2.333,
Census Tract,09001210900,White,05/2023,0,1,0.667,
Census Tract,09001210900,White,06/2023,3,1.5,1,
Census Tract,09001210900,White,07/2023,3,3,1.333,
Census Tract,09001210900,White,08/2023,4,3,0.333,
Census Tract,09001210900,White,09/2023,4,2.5,2.333,
Census Tract,09001210900,White,10/2023,3,3.5,3,
Census Tract,09001210900,White,11/2023,4,2.5,0,
Census Tract,09001210900,White,12/2023,4,3,2.333,
Census Tract,09001210900,White,01/2024,1,1.5,0.333,
Census Tract,09001210900,White,02/2024,0,3,0.333,
Census Tract,09001210900,White,03/2024,3,3,1,
Census Tract,09001210900,White,04/2024,2,1,2.333,
Census Tract,09001210900,White,05/2024,2,1,0.667,
Census Tract,09001210900,White,06/2024,0,1.5,1,
Census Tract,09001210900,White,07/2024,3,3,1.333,
Census Tract,09001210900,White,08/2024,2,3,0.333,
Census Tract,09001210900,White,09/2024,1,2.5,2.333,
Census Tract,09001210900,White,10/2024,4,3.5,3,
Census Tract,09001210900,White,11/2024,1,2.5,0,
Census Tract,09001210900,White,12/2024,2,3,2.333,
Census Tract,09001210900,White,01/2025,2,1.5,0.333,
Census Tract,09001210900,White,02/2025,4,3,0.333,
Census Tract,09001210900,White,03/2025,5,3,1,
Census Tract,09001210900,White,04/2025,3,1,2.333,
Census Tract,09001210900,White,05/2025,2,1,0.667,
Census Tract,09001210900,White,06/2025,3,1.5,1,
Census Tract,09001210900,White,07/2025,6,3,1.333,
Census Tract,09001210900,White,08/2025,0,3,0.333,
Census Tract,09001210900,White,09/2025,1,2.5,2.333,
Census Tract,09001210900,White,10/2025,0,3.5,0.667,2025-10-04
Census Tract,09001211000,White,01/2020,0,2,0.333,
Census Tract,09001211000,White,02/2020,0,0,1,
Census Tract,09001211000,White,03/2020,0,0,1,
Census Tract,09001211000,White,04/2020,0,1,1,
Census Tract,09001211000,White,05/2020,0,0,0.667,
Census Tract,09001211000,White,06/2020,0,0.5,0.667,
Census Tract,09001211000,White,07/2020,0,3,0,
Census Tract,09001211000,White,08/2020,0,1,1,
Census Tract,09001211000,White,09/2020,0,0,0.333,
Census Tract,09001211000,White,10/2020,0,0.5,0.333,
Census Tract,09001211000,White,11/2020,0,0,0.333,
Census Tract,09001211000,White,12/2020,0,0,0.667,
Census Tract,09001211000,White,01/2021,0,2,0.333,
Census Tract,09001211000,White,02/2021,0,0,1,
Census Tract,09001211000,White,03/2021,1,0,1,
Census Tract,09001211000,White,04/2021,0,1,1,
Census Tract,09001211000,White,05/2021,1,0,0.667,
Census Tract,09001211000,White,06/2021,0,0.5,0.667,
Census Tract,09001211000,White,07/2021,0,3,0,
Census Tract,09001211000,White,08/2021,0,1,1,
Census Tract,09001211000,White,09/2021,0,0,0.333,
Census Tract,09001211000,White,10/2021,1,0.5,0.333,
Census Tract,09001211000,White,11/2021,2,0,0.333,
Census Tract,09001211000,White,12/2021,0,0,0.667,
Census Tract,09001211000,White,01/2022,0,2,0.333,
Census Tract,09001211000,White,02/2022,1,0,1,
Census Tract,09001211000,White,03/2022,0,0,1,
Census Tract,09001211000,White,04/2022,2,1,1,
Census Tract,09001211000,White,05/2022,2,0,0.667,
Census Tract,09001211000,White,06/2022,4,0.5,0.667,
Census Tract,09001211000,White,07/2022,0,3,0,
Census Tract,09001211000,White,08/2022,0,1,1,
Census Tract,09001211000,White,09/2022,1,0,0.333,
Census Tract,09001211000,White,10/2022,3,0.5,0.333,
Census Tract,09001211000,White,11/2022,0,0,0.333,
Census Tract,09001211000,White,12/2022,3,0,0.667,
Census Tract,09001211000,White,01/2023,2,2,0.333,
Census Tract,09001211000,White,02/2023,0,0,1,
Census Tract,09001211000,White,03/2023,0,0,1,
Census Tract,09001211000,White,04/2023,0,1,1,
Census Tract,09001211000,White,05/2023,0,0,0.667,
Census Tract,09001211000,White,06/2023,0,0.5,0.667,
Census Tract,09001211000,White,07/2023,2,3,0,
Census Tract,09001211000,White,08/2023,1,1,1,
Census Tract,09001211000,White,09/2023,0,0,0.333,
Census Tract,09001211000,White,10/2023,0,0.5,0.333,
Census Tract,09001211000,White,11/2023,0,0,0.333,
Census Tract,09001211000,White,12/2023,0,0,0.667,
Census Tract,09001211000,White,01/2024,2,2,0.333,
Census Tract,09001211000,White,02/2024,0,0,1,
Census Tract,09001211000,White,03/2024,0,0,1,
Census Tract,09001211000,White,04/2024,2,1,1,
Census Tract,09001211000,White,05/2024,0,0,0.667,
Census Tract,09001211000,White,06/2024,1,0.5,0.667,
Census Tract,09001211000,White,07/2024,4,3,0,
Census Tract,09001211000,White,08/2024,1,1,1,
Census Tract,09001211000,White,09/2024,0,0,0.333,
Census Tract,09001211000,White,10/2024,1,0.5,0.333,
Census Tract,09001211000,White,11/2024,0,0,0.333,
Census Tract,09001211000,White,12/2024,0,0,0.667,
Census Tract,09001211000,White,01/2025,0,2,0.333,
Census Tract,09001211000,White,02/2025,2,0,1,
Census Tract,09001211000,White,03/2025,0,0,1,
Census Tract,09001211000,White,04/2025,0,1,1,
Census Tract,09001211000,White,05/2025,0,0,0.667,
Census Tract,09001211000,White,06/2025,2,0.5,0.667,
Census Tract,09001211000,White,07/2025,0,3,0,
Census Tract,09001211000,White,08/2025,0,1,1,
Census Tract,09001211000,White,09/2025,0,0,0.333,
Census Tract,09001211000,White,10/2025,0,0.5,0,2025-10-04
Census Tract,09001211100,Other,01/2020,0,0,0,
Census Tract,09001211100,Other,02/2020,0,0,0,
Census Tract,09001211100,Other,03/2020,0,0,0,
Census Tract,09001211100,Other,04/2020,0,0,0,
Census Tract,09001211100,Other,05/2020,0,0,0,
Census Tract,09001211100,Other,06/2020,0,0,0,
Census Tract,09001211100,Other,07/2020,0,0,0,
Census Tract,09001211100,Other,08/2020,0,0,0,
Census Tract,09001211100,Other,09/2020,0,0,0,
Census Tract,09001211100,Other,10/2020,0,0,0,
Census Tract,09001211100,Other,11/2020,0,0,0,
Census Tract,09001211100,Other,12/2020,0,0,0,
Census Tract,09001211100,Other,01/2021,0,0,0,
Census Tract,09001211100,Other,02/2021,0,0,0,
Census Tract,09001211100,Other,03/2021,0,0,0,
Census Tract,09001211100,Other,04/2021,0,0,0,
Census Tract,09001211100,Other,05/2021,0,0,0,
Census Tract,09001211100,Other,06/2021,0,0,0,
Census Tract,09001211100,Other,07/2021,0,0,0,
Census Tract,09001211100,Other,08/2021,0,0,0,
Census Tract,09001211100,Other,09/2021,0,0,0,
Census Tract,09001211100,Other,10/2021,0,0,0,
Census Tract,09001211100,Other,11/2021,0,0,0,
Census Tract,09001211100,Other,12/2021,0,0,0,
Census Tract,09001211100,Other,01/2022,0,0,0,
Census Tract,09001211100,Other,02/2022,0,0,0,
Census Tract,09001211100,Other,03/2022,0,0,0,
Census Tract,09001211100,Other,04/2022,0,0,0,
Census Tract,09001211100,Other,05/2022,0,0,0,
Census Tract,09001211100,Other,06/2022,0,0,0,
Census Tract,09001211100,Other,07/2022,0,0,0,
Census Tract,09001211100,Other,08/2022,0,0,0,
Census Tract,09001211100,Other,09/2022,0,0,0,
Census Tract,09001211100,Other,10/2022,0,0,0,
Census Tract,09001211100,Other,11/2022,0,0,0,
Census Tract,09001211100,Other,12/2022,0,0,0,
Census Tract,09001211100,Other,01/2023,0,0,0,
Census Tract,09001211100,Other,02/2023,0,0,0,
Census Tract,09001211100,Other,03/2023,0,0,0,
Census Tract,09001211100,Other,04/2023,0,0,0,
Census Tract,09001211100,Other,05/2023,0,0,0,
Census Tract,09001211100,Other,06/2023,0,0,0,
Census Tract,09001211100,Other,07/2023,0,0,0,
Census Tract,09001211100,Other,08/2023,0,0,0,
Census Tract,09001211100,Other,09/2023,0,0,0,
Census Tract,09001211100,Other,10/2023,0,0,0,
Census Tract,09001211100,Other,11/2023,0,0,0,
Census Tract,09001211100,Other,12/2023,0,0,0,
Census Tract,09001211100,Other,01/2024,0,0,0,
Census Tract,09001211100,Other,02/2024,0,0,0,
Census Tract,09001211100,Other,03/2024,0,0,0,
Census Tract,09001211100,Other,04/2024,0,0,0,
Census Tract,09001211100,Other,05/2024,0,0,0,
Census Tract,09001211100,Other,06/2024,0,0,0,
Census Tract,09001211100,Other,07/2024,0,0,0,
Census Tract,09001211100,Other,08/2024,0,0,0,
Census Tract,09001211100,Other,09/2024,0,0,0,
Census Tract,09001211100,Other,10/2024,0,0,0,
Census Tract,09001211100,Other,11/2024,0,0,0,
Census Tract,09001211100,Other,12/2024,0,0,0,
Census Tract,09001211100,Other,01/2025,0,0,0,
Census Tract,09001211100,Other,02/2025,0,0,0,
Census Tract,09001211100,Other,03/2025,0,0,0,
Census Tract,09001211100,Other,04/2025,0,0,0,
Census Tract,09001211100,Other,05/2025,0,0,0,
Census Tract,09001211100,Other,06/2025,0,0,0,
Census Tract,09001211100,Other,07/2025,0,0,0,
Census Tract,09001211100,Other,08/2025,0,0,0,
Census Tract,09001211100,Other,09/2025,0,0,0,
Census Tract,09001211100,Other,10/2025,0,0,0,2025-10-04
Census Tract,09001211201,Other,01/2020,1,0.5,1,
Census Tract,09001211201,Other,02/2020,0,0,1,
Census Tract,09001211201,Other,03/2020,1,0.5,0.667,
Census Tract,09001211201,Other,04/2020,0,1,1,
Census Tract,09001211201,Other,05/2020,0,0.5,1,
Census Tract,09001211201,Other,06/2020,0,1,0.667,
Census Tract,09001211201,Other,07/2020,0,0.5,0.333,
Census Tract,09001211201,Other,08/2020,0,0.5,1.667,
Census Tract,09001211201,Other,09/2020,1,0.5,0.667,
Census Tract,09001211201,Other,10/2020,0,1,0,
Census Tract,09001211201,Other,11/2020,0,0,0.333,
Census Tract,09001211201,Other,12/2020,0,1.5,0,
Census Tract,09001211201,Other,01/2021,0,0.5,1,
Census Tract,09001211201,Other,02/2021,0,0,1,
Census Tract,09001211201,Other,03/2021,0,0.5,0.667,
Census Tract,09001211201,Other,04/2021,1,1,1,
Census Tract,09001211201,Other,05/2021,0,0.5,1,
Census Tract,09001211201,Other,06/2021,0,1,0.667,
Census Tract,09001211201,Other,07/2021,0,0.5,0.333,
Census Tract,09001211201,Other,08/2021,0,0.5,1.667,
Census Tract,09001211201,Other,09/2021,0,0.5,0.667,
Census Tract,09001211201,Other,10/2021,0,1,0,
Census Tract,09001211201,Other,11/2021,0,0,0.333,
Census Tract,09001211201,Other,12/2021,1,1.5,0,
Census Tract,09001211201,Other,01/2022,0,0.5,1,
Census Tract,09001211201,Other,02/2022,0,0,1,
Census Tract,09001211201,Other,03/2022,2,0.5,0.667,
Census Tract,09001211201,Other,04/2022,1,1,1,
Census Tract,09001211201,Other,05/2022,0,0.5,1,
Census Tract,09001211201,Other,06/2022,1,1,0.667,
Census Tract,09001211201,Other,07/2022,1,0.5,0.333,
Census Tract,09001211201,Other,08/2022,0,0.5,1.667,
Census Tract,09001211201,Other,09/2022,0,0.5,0.667,
Census Tract,09001211201,Other,10/2022,0,1,0,
Census Tract,09001211201,Other,11/2022,0,0,0.333,
Census Tract,09001211201,Other,12/2022,0,1.5,0,
Census Tract,09001211201,Other,01/2023,1,0.5,1,
Census Tract,09001211201,Other,02/2023,0,0,1,
Census Tract,09001211201,Other,03/2023,1,0.5,0.667,
Census Tract,09001211201,Other,04/2023,0,1,1,
Census Tract,09001211201,Other,05/2023,0,0.5,1,
Census Tract,09001211201,Other,06/2023,1,1,0.667,
Census Tract,09001211201,Other,07/2023,1,0.5,0.333,
Census Tract,09001211201,Other,08/2023,0,0.5,1.667,
Census Tract,09001211201,Other,09/2023,0,0.5,0.667,
Census Tract,09001211201,Other,10/2023,2,1,0,
Census Tract,09001211201,Other,11/2023,0,0,0.333,
Census Tract,09001211201,Other,12/2023,1,1.5,0,
Census Tract,09001211201,Other,01/2024,0,0.5,1,
Census Tract,09001211201,Other,02/2024,0,0,1,
Census Tract,09001211201,Other,03/2024,0,0.5,0.667,
Census Tract,09001211201,Other,04/2024,2,1,1,
Census Tract,09001211201,Other,05/2024,1,0.5,1,
Census Tract,09001211201,Other,06/2024,1,1,0.667,
Census Tract,09001211201,Other,07/2024,0,0.5,0.333,
Census Tract,09001211201,Other,08/2024,1,0.5,1.667,
Census Tract,09001211201,Other,09/2024,1,0.5,0.667,
Census Tract,09001211201,Other,10/2024,0,1,0,
Census Tract,09001211201,Other,11/2024,0,0,0.333,
Census Tract,09001211201,Other,12/2024,2,1.5,0,
Census Tract,09001211201,Other,01/2025,0,0.5,1,
Census Tract,09001211201,Other,02/2025,0,0,1,
Census Tract,09001211201,Other,03/2025,0,0.5,0.667,
Census Tract,09001211201,Other,04/2025,0,1,1,
Census Tract,09001211201,Other,05/2025,0,0.5,1,
Census Tract,09001211201,Other,06/2025,0,1,0.667,
Census Tract,09001211201,Other,07/2025,0,0.5,0.333,
Census Tract,09001211201,Other,08/2025,0,0.5,1.667,
Census Tract,09001211201,Other,09/2025,1,0.5,0.667,
Census Tract,09001211201,Other,10/2025,0,0,0,2025-10-04
Census Tract,09001211202,White,01/2020,0,0,0,
Census Tract,09001211202,White,02/2020,1,0,1.333,
Census Tract,09001211202,White,03/2020,2,0,0.667,
Census Tract,09001211202,White,04/2020,0,0.5,0.333,
Census Tract,09001211202,White,05/2020,0,0,0,
Census Tract,09001211202,White,06/2020,0,1,0.667,
Census Tract,09001211202,White,07/2020,0,0,0,
Census Tract,09001211202,White,08/2020,0,0,0.333,
Census Tract,09001211202,White,09/2020,0,0.5,0.333,
Census Tract,09001211202,White,10/2020,0,0.5,0.333,
Census Tract,09001211202,White,11/2020,0,0,0,
Census Tract,09001211202,White,12/2020,0,0,0.333,
Census Tract,09001211202,White,01/2021,1,0,0,
Census Tract,09001211202,White,02/2021,0,0,1.333,
Census Tract,09001211202,White,03/2021,0,0,0.667,
Census Tract,09001211202,White,04/2021,0,0.5,0.333,
Census Tract,09001211202,White,05/2021,1,0,0,
Census Tract,09001211202,White,06/2021,0,1,0.667,
Census Tract,09001211202,White,07/2021,0,0,0,
Census Tract,09001211202,White,08/2021,0,0,0.333,
Census Tract,09001211202,White,09/2021,1,0.5,0.333,
Census Tract,09001211202,White,10/2021,0,0.5,0.333,
Census Tract,09001211202,White,11/2021,0,0,0,
Census Tract,09001211202,White,12/2021,1,0,0.333,
Census Tract,09001211202,White,01/2022,0,0,0,
Census Tract,09001211202,White,02/2022,0,0,1.333,
Census Tract,09001211202,White,03/2022,0,0,0.667,
Census Tract,09001211202,White,04/2022,0,0.5,0.333,
Census Tract,09001211202,White,05/2022,0,0,0,
Census Tract,09001211202,White,06/2022,0,1,0.667,
Census Tract,09001211202,White,07/2022,0,0,0,
Census Tract,09001211202,White,08/2022,0,0,0.333,
Census Tract,09001211202,White,09/2022,0,0.5,0.333,
Census Tract,09001211202,White,10/2022,0,0.5,0.333,
Census Tract,09001211202,White,11/2022,0,0,0,
Census Tract,09001211202,White,12/2022,0,0,0.333,
Census Tract,09001211202,White,01/2023,0,0,0,
Census Tract,09001211202,White,02/2023,0,0,1.333,
Census Tract,09001211202,White,03/2023,0,0,0.667,
Census Tract,09001211202,White,04/2023,0,0.5,0.333,
Census Tract,09001211202,White,05/2023,0,0,0,
Census Tract,09001211202,White,06/2023,0,1,0.667,
Census Tract,09001211202,White,07/2023,0,0,0,
Census Tract,09001211202,White,08/2023,0,0,0.333,
Census Tract,09001211202,White,09/2023,1,0.5,0.333,
Census Tract,09001211202,White,10/2023,0,0.5,0.333,
Census Tract,09001211202,White,11/2023,0,0,0,
Census Tract,09001211202,White,12/2023,0,0,0.333,
Census Tract,09001211202,White,01/2024,0,0,0,
Census Tract,09001211202,White,02/2024,0,0,1.333,
Census Tract,09001211202,White,03/2024,0,0,0.667,
Census Tract,09001211202,White,04/2024,1,0.5,0.333,
Census Tract,09001211202,White,05/2024,0,0,0,
Census Tract,09001211202,White,06/2024,2,1,0.667,
Census Tract,09001211202,White,07/2024,0,0,0,
Census Tract,09001211202,White,08/2024,0,0,0.333,
Census Tract,09001211202,White,09/2024,0,0.5,0.333,
Census Tract,09001211202,White,10/2024,1,0.5,0.333,
Census Tract,09001211202,White,11/2024,0,0,0,
Census Tract,09001211202,White,12/2024,0,0,0.333,
Census Tract,09001211202,White,01/2025,0,0,0,
Census Tract,09001211202,White,02/2025,0,0,1.333,
Census Tract,09001211202,White,03/2025,0,0,0.667,
Census Tract,09001211202,White,04/2025,0,0.5,0.333,
Census Tract,09001211202,White,05/2025,0,0,0,
Census Tract,09001211202,White,06/2025,0,1,0.667,
Census Tract,09001211202,White,07/2025,1,0,0,
Census Tract,09001211202,White,08/2025,0,0,0.333,
Census Tract,09001211202,White,09/2025,0,0.5,0.333,
Census Tract,09001211202,White,10/2025,0,0,0,2025-10-04
Census Tract,09001211300,White,01/2020,0,0,1,
Census Tract,09001211300,White,02/2020,0,1.5,0,
Census Tract,09001211300,White,03/2020,1,0.5,0,
Census Tract,09001211300,White,04/2020,0,1,0.667,
Census Tract,09001211300,White,05/2020,0,0.5,0,
Census Tract,09001211300,White,06/2020,0,1,0.667,
Census Tract,09001211300,White,07/2020,0,0,0.333,
Census Tract,09001211300,White,08/2020,0,0,0.333,
Census Tract,09001211300,White,09/2020,0,0.5,0.333,
Census Tract,09001211300,White,10/2020,0,0,0,
Census Tract,09001211300,White,11/2020,0,1,0,
Census Tract,09001211300,White,12/2020,0,0.5,0.667,
Census Tract,09001211300,White,01/2021,0,0,1,
Census Tract,09001211300,White,02/2021,0,1.5,0,
Census Tract,09001211300,White,03/2021,0,0.5,0,
Census Tract,09001211300,White,04/2021,1,1,0.667,
Census Tract,09001211300,White,05/2021,1,0.5,0,
Census Tract,09001211300,White,06/2021,0,1,0.667,
Census Tract,09001211300,White,07/2021,0,0,0.333,
Census Tract,09001211300,White,08/2021,2,0,0.333,
Census Tract,09001211300,White,09/2021,1,0.5,0.333,
Census Tract,09001211300,White,10/2021,1,0,0,
Census Tract,09001211300,White,11/2021,0,1,0,
Census Tract,09001211300,White,12/2021,0,0.5,0.667,
Census Tract,09001211300,White,01/2022,0,0,1,
Census Tract,09001211300,White,02/2022,0,1.5,0,
Census Tract,09001211300,White,03/2022,0,0.5,0,
Census Tract,09001211300,White,04/2022,0,1,0.667,
Census Tract,09001211300,White,05/2022,0,0.5,0,
Census Tract,09001211300,White,06/2022,1,1,0.667,
Census Tract,09001211300,White,07/2022,0,0,0.333,
Census Tract,09001211300,White,08/2022,0,0,0.333,
Census Tract,09001211300,White,09/2022,2,0.5,0.333,
Census Tract,09001211300,White,10/2022,1,0,0,
Census Tract,09001211300,White,11/2022,0,1,0,
Census Tract,09001211300,White,12/2022,0,0.5,0.667,
Census Tract,09001211300,White,01/2023,0,0,1,
Census Tract,09001211300,White,02/2023,2,1.5,0,
Census Tract,09001211300,White,03/2023,1,0.5,0,
Census Tract,09001211300,White,04/2023,1,1,0.667,
Census Tract,09001211300,White,05/2023,1,0.5,0,
Census Tract,09001211300,White,06/2023,2,1,0.667,
Census Tract,09001211300,White,07/2023,0,0,0.333,
Census Tract,09001211300,White,08/2023,0,0,0.333,
Census Tract,09001211300,White,09/2023,1,0.5,0.333,
Census Tract,09001211300,White,10/2023,0,0,0,
Census Tract,09001211300,White,11/2023,1,1,0,
Census Tract,09001211300,White,12/2023,1,0.5,0.667,
Census Tract,09001211300,White,01/2024,0,0,1,
Census Tract,09001211300,White,02/2024,1,1.5,0,
Census Tract,09001211300,White,03/2024,0,0.5,0,
Census Tract,09001211300,White,04/2024,1,1,0.667,
Census Tract,09001211300,White,05/2024,0,0.5,0,
Census Tract,09001211300,White,06/2024,0,1,0.667,
Census Tract,09001211300,White,07/2024,0,0,0.333,
Census Tract,09001211300,White,08/2024,0,0,0.333,
Census Tract,09001211300,White,09/2024,0,0.5,0.333,
Census Tract,09001211300,White,10/2024,0,0,0,
Census Tract,09001211300,White,11/2024,1,1,0,
Census Tract,09001211300,White,12/2024,0,0.5,0.667,
Census Tract,09001211300,White,01/2025,1,0,1,
Census Tract,09001211300,White,02/2025,0,1.5,0,
Census Tract,09001211300,White,03/2025,2,0.5,0,
Census Tract,09001211300,White,04/2025,0,1,0.667,
Census Tract,09001211300,White,05/2025,1,0.5,0,
Census Tract,09001211300,White,06/2025,1,1,0.667,
Census Tract,09001211300,White,07/2025,0,0,0.333,
Census Tract,09001211300,White,08/2025,0,0,0.333,
Census Tract,09001211300,White,09/2025,0,0.5,0.333,
Census Tract,09001211300,White,10/2025,0,0,0,2025-10-04
Census Tract,09001211400,White,01/2020,3,2,1,
Census Tract,09001211400,White,02/2020,0,1,0.667,
Census Tract,09001211400,White,03/2020,1,2,0.667,
Census Tract,09001211400,White,04/2020,1,1,0.333,
Census Tract,09001211400,White,05/2020,0,0,0.667,
Census Tract,09001211400,White,06/2020,0,1,2.333,
Census Tract,09001211400,White,07/2020,0,2,2.667,
Census Tract,09001211400,White,08/2020,0,1.5,1.333,
Census Tract,09001211400,White,09/2020,0,0.5,1.333,
Census Tract,09001211400,White,10/2020,0,4.5,1.333,
Census Tract,09001211400,White,11/2020,0,1,1.333,
Census Tract,09001211400,White,12/2020,0,3.5,0.667,
Census Tract,09001211400,White,01/2021,0,2,1,
Census Tract,09001211400,White,02/2021,0,1,0.667,
Census Tract,09001211400,White,03/2021,2,2,0.667,
Census Tract,09001211400,White,04/2021,0,1,0.333,
Census Tract,09001211400,White,05/2021,0,0,0.667,
Census Tract,09001211400,White,06/2021,1,1,2.333,
Census Tract,09001211400,White,07/2021,0,2,2.667,
Census Tract,09001211400,White,08/2021,0,1.5,1.333,
Census Tract,09001211400,White,09/2021,1,0.5,1.333,
Census Tract,09001211400,White,10/2021,2,4.5,1.333,
Census Tract,09001211400,White,11/2021,0,1,1.333,
Census Tract,09001211400,White,12/2021,3,3.5,0.667,
Census Tract,09001211400,White,01/2022,0,2,1,
Census Tract,09001211400,White,02/2022,2,1,0.667,
Census Tract,09001211400,White,03/2022,1,2,0.667,
Census Tract,09001211400,White,04/2022,4,1,0.333,
Census Tract,09001211400,White,05/2022,0,0,0.667,
Census Tract,09001211400,White,06/2022,2,1,2.333,
Census Tract,09001211400,White,07/2022,0,2,2.667,
Census Tract,09001211400,White,08/2022,2,1.5,1.333,
Census Tract,09001211400,White,09/2022,0,0.5,1.333,
Census Tract,09001211400,White,10/2022,1,4.5,1.333,
Census Tract,09001211400,White,11/2022,1,1,1.333,
Census Tract,09001211400,White,12/2022,1,3.5,0.667,
Census Tract,09001211400,White,01/2023,1,2,1,
Census Tract,09001211400,White,02/2023,2,1,0.667,
Census Tract,09001211400,White,03/2023,1,2,0.667,
Census Tract,09001211400,White,04/2023,2,1,0.333,
Census Tract,09001211400,White,05/2023,0,0,0.667,
Census Tract,09001211400,White,06/2023,2,1,2.333,
Census Tract,09001211400,White,07/2023,4,2,2.667,
Census Tract,09001211400,White,08/2023,3,1.5,1.333,
Census Tract,09001211400,White,09/2023,1,0.5,1.333,
Census Tract,09001211400,White,10/2023,3,4.5,1.333,
Census Tract,09001211400,White,11/2023,1,1,1.333,
Census Tract,09001211400,White,12/2023,3,3.5,0.667,
Census Tract,09001211400,White,01/2024,3,2,1,
Census Tract,09001211400,White,02/2024,0,1,0.667,
Census Tract,09001211400,White,03/2024,3,2,0.667,
Census Tract,09001211400,White,04/2024,0,1,0.333,
Census Tract,09001211400,White,05/2024,0,0,0.667,
Census Tract,09001211400,White,06/2024,0,1,2.333,
Census Tract,09001211400,White,07/2024,0,2,2.667,
Census Tract,09001211400,White,08/2024,0,1.5,1.333,
Census Tract,09001211400,White,09/2024,0,0.5,1.333,
Census Tract,09001211400,White,10/2024,6,4.5,1.333,
Census Tract,09001211400,White,11/2024,1,1,1.333,
Census Tract,09001211400,White,12/2024,4,3.5,0.667,
Census Tract,09001211400,White,01/2025,0,2,1,
Census Tract,09001211400,White,02/2025,1,1,0.667,
Census Tract,09001211400,White,03/2025,1,2,0.667,
Census Tract,09001211400,White,04/2025,1,1,0.333,
Census Tract,09001211400,White,05/2025,0,0,0.667,
Census Tract,09001211400,White,06/2025,1,1,2.333,
Census Tract,09001211400,White,07/2025,0,2,2.667,
Census Tract,09001211400,White,08/2025,0,1.5,1.333,
Census Tract,09001211400,White,09/2025,2,0.5,1.333,
Census Tract,09001211400,White,10/2025,0,1.5,0.333,2025-10-04
Census Tract,09001220100,White,01/2020,0,0.5,0.667,
Census Tract,09001220100,White,02/2020,0,0.5,0,
Census Tract,09001220100,White,03/2020,0,0,0,
Census Tract,09001220100,White,04/2020,0,0,0,
Census Tract,09001220100,White,05/2020,0,0,0.667,
Census Tract,09001220100,White,06/2020,0,0,1.333,
Census Tract,09001220100,White,07/2020,0,0.5,0.333,
Census Tract,09001220100,White,08/2020,0,0.5,0,
Census Tract,09001220100,White,09/2020,0,0,0.333,
Census Tract,09001220100,White,10/2020,0,0,0,
Census Tract,09001220100,White,11/2020,0,0.5,0.333,
Census Tract,09001220100,White,12/2020,0,0,0.333,
Census Tract,09001220100,White,01/2021,0,0.5,0.667,
Census Tract,09001220100,White,02/2021,1,0.5,0,
Census Tract,09001220100,White,03/2021,0,0,0,
Census Tract,09001220100,White,04/2021,1,0,0,
Census Tract,09001220100,White,05/2021,0,0,0.667,
Census Tract,09001220100,White,06/2021,0,0,1.333,
Census Tract,09001220100,White,07/2021,0,0.5,0.333,
Census Tract,09001220100,White,08/2021,0,0.5,0,
Census Tract,09001220100,White,09/2021,2,0,0.333,
Census Tract,09001220100,White,10/2021,0,0,0,
Census Tract,09001220100,White,11/2021,0,0.5,0.333,
Census Tract,09001220100,White,12/2021,0,0,0.333,
Census Tract,09001220100,White,01/2022,2,0.5,0.667,
Census Tract,09001220100,White,02/2022,0,0.5,0,
Census Tract,09001220100,White,03/2022,1,0,0,
Census Tract,09001220100,White,04/2022,0,0,0,
Census Tract,09001220100,White,05/2022,0,0,0.667,
Census Tract,09001220100,White,06/2022,0,0,1.333,
Census Tract,09001220100,White,07/2022,1,0.5,0.333,
Census Tract,09001220100,White,08/2022,0,0.5,0,
Census Tract,09001220100,White,09/2022,0,0,0.333,
Census Tract,09001220100,White,10/2022,0,0,0,
Census Tract,09001220100,White,11/2022,0,0.5,0.333,
Census Tract,09001220100,White,12/2022,0,0,0.333,
Census Tract,09001220100,White,01/2023,0,0.5,0.667,
Census Tract,09001220100,White,02/2023,1,0.5,0,
Census Tract,09001220100,White,03/2023,0,0,0,
Census Tract,09001220100,White,04/2023,0,0,0,
Census Tract,09001220100,White,05/2023,0,0,0.667,
Census Tract,09001220100,White,06/2023,0,0,1.333,
Census Tract,09001220100,White,07/2023,0,0.5,0.333,
Census Tract,09001220100,White,08/2023,1,0.5,0,
Census Tract,09001220100,White,09/2023,0,0,0.333,
Census Tract,09001220100,White,10/2023,0,0,0,
Census Tract,09001220100,White,11/2023,1,0.5,0.333,
Census Tract,09001220100,White,12/2023,0,0,0.333,
Census Tract,09001220100,White,01/2024,1,0.5,0.667,
Census Tract,09001220100,White,02/2024,0,0.5,0,
Census Tract,09001220100,White,03/2024,0,0,0,
Census Tract,09001220100,White,04/2024,0,0,0,
Census Tract,09001220100,White,05/2024,0,0,0.667,
Census Tract,09001220100,White,06/2024,0,0,1.333,
Census Tract,09001220100,White,07/2024,1,0.5,0.333,
Census Tract,09001220100,White,08/2024,0,0.5,0,
Census Tract,09001220100,White,09/2024,0,0,0.333,
Census Tract,09001220100,White,10/2024,0,0,0,
Census Tract,09001220100,White,11/2024,0,0.5,0.333,
Census Tract,09001220100,White,12/2024,0,0,0.333,
Census Tract,09001220100,White,01/2025,0,0.5,0.667,
Census Tract,09001220100,White,02/2025,0,0.5,0,
Census Tract,09001220100,White,03/2025,0,0,0,
Census Tract,09001220100,White,04/2025,1,0,0,
Census Tract,09001220100,White,05/2025,1,0,0.667,
Census Tract,09001220100,White,06/2025,1,0,1.333,
Census Tract,09001220100,White,07/2025,0,0.5,0.333,
Census Tract,09001220100,White,08/2025,0,0.5,0,
Census Tract,09001220100,White,09/2025,0,0,0.333,
Census Tract,09001220100,White,10/2025,0,0,0,2025-10-04
Census Tract,09001220200,White,01/2020,2,0.5,0.667,
Census Tract,09001220200,White,02/2020,0,0.5,0,
Census Tract,09001220200,White,03/2020,0,0.5,0,
Census Tract,09001220200,White,04/2020,0,0.5,0,
Census Tract,09001220200,White,05/2020,0,0.5,0,
Census Tract,09001220200,White,06/2020,0,0,0,
Census Tract,09001220200,White,07/2020,0,0.5,0,
Census Tract,09001220200,White,08/2020,0,1,0,
Census Tract,09001220200,White,09/2020,0,1,0,
Census Tract,09001220200,White,10/2020,0,0,0.333,
Census Tract,09001220200,White,11/2020,0,0.5,0,
Census Tract,09001220200,White,12/2020,1,0,0,
Census Tract,09001220200,White,01/2021,0,0.5,0.667,
Census Tract,09001220200,White,02/2021,0,0.5,0,
Census Tract,09001220200,White,03/2021,0,0.5,0,
Census Tract,09001220200,White,04/2021,0,0.5,0,
Census Tract,09001220200,White,05/2021,0,0.5,0,
Census Tract,09001220200,White,06/2021,0,0,0,
Census Tract,09001220200,White,07/2021,0,0.5,0,
Census Tract,09001220200,White,08/2021,0,1,0,
Census Tract,09001220200,White,09/2021,0,1,0,
Census Tract,09001220200,White,10/2021,0,0,0.333,
Census Tract,09001220200,White,11/2021,0,0.5,0,
Census Tract,09001220200,White,12/2021,0,0,0,
Census Tract,09001220200,White,01/2022,1,0.5,0.667,
Census Tract,09001220200,White,02/2022,0,0.5,0,
Census Tract,09001220200,White,03/2022,0,0.5,0,
Census Tract,09001220200,White,04/2022,0,0.5,0,
Census Tract,09001220200,White,05/2022,0,0.5,0,
Census Tract,09001220200,White,06/2022,0,0,0,
Census Tract,09001220200,White,07/2022,0,0.5,0,
Census Tract,09001220200,White,08/2022,0,1,0,
Census Tract,09001220200,White,09/2022,1,1,0,
Census Tract,09001220200,White,10/2022,0,0,0.333,
Census Tract,09001220200,White,11/2022,0,0.5,0,
Census Tract,09001220200,White,12/2022,1,0,0,
Census Tract,09001220200,White,01/2023,1,0.5,0.667,
Census Tract,09001220200,White,02/2023,1,0.5,0,
Census Tract,09001220200,White,03/2023,0,0.5,0,
Census Tract,09001220200,White,04/2023,1,0.5,0,
Census Tract,09001220200,White,05/2023,0,0.5,0,
Census Tract,09001220200,White,06/2023,0,0,0,
Census Tract,09001220200,White,07/2023,1,0.5,0,
Census Tract,09001220200,White,08/2023,1,1,0,
Census Tract,09001220200,White,09/2023,1,1,0,
Census Tract,09001220200,White,10/2023,0,0,0.333,
Census Tract,09001220200,White,11/2023,1,0.5,0,
Census Tract,09001220200,White,12/2023,0,0,0,
Census Tract,09001220200,White,01/2024,0,0.5,0.667,
Census Tract,09001220200,White,02/2024,0,0.5,0,
Census Tract,09001220200,White,03/2024,1,0.5,0,
Census Tract,09001220200,White,04/2024,0,0.5,0,
Census Tract,09001220200,White,05/2024,1,0.5,0,
Census Tract,09001220200,White,06/2024,0,0,0,
Census Tract,09001220200,White,07/2024,0,0.5,0,
Census Tract,09001220200,White,08/2024,1,1,0,
Census Tract,09001220200,White,09/2024,1,1,0,
Census Tract,09001220200,White,10/2024,0,0,0.333,
Census Tract,09001220200,White,11/2024,0,0.5,0,
Census Tract,09001220200,White,12/2024,0,0,0,
Census Tract,09001220200,White,01/2025,0,0.5,0.667,
Census Tract,09001220200,White,02/2025,0,0.5,0,
Census Tract,09001220200,White,03/2025,0,0.5,0,
Census Tract,09001220200,White,04/2025,0,0.5,0,
Census Tract,09001220200,White,05/2025,0,0.5,0,
Census Tract,09001220200,White,06/2025,0,0,0,
Census Tract,09001220200,White,07/2025,0,0.5,0,
Census Tract,09001220200,White,08/2025,0,1,0,
Census Tract,09001220200,White,09/2025,0,1,0,
Census Tract,09001220200,White,10/2025,0,0,0.333,2025-10-04
Census Tract,09001220300,White,01/2020,5,4.5,0.667,
Census Tract,09001220300,White,02/2020,0,1.5,0.333,
Census Tract,09001220300,White,03/2020,0,2,0.667,
Census Tract,09001220300,White,04/2020,0,0.5,0,
Census Tract,09001220300,White,05/2020,0,0,0.333,
Census Tract,09001220300,White,06/2020,0,2.5,0.667,
Census Tract,09001220300,White,07/2020,0,1,0.333,
Census Tract,09001220300,White,08/2020,0,1,1.667,
Census Tract,09001220300,White,09/2020,0,1,0,
Census Tract,09001220300,White,10/2020,1,1.5,0.333,
Census Tract,09001220300,White,11/2020,0,1,1.333,
Census Tract,09001220300,White,12/2020,1,1.5,0,
Census Tract,09001220300,White,01/2021,1,4.5,0.667,
Census Tract,09001220300,White,02/2021,0,1.5,0.333,
Census Tract,09001220300,White,03/2021,2,2,0.667,
Census Tract,09001220300,White,04/2021,1,0.5,0,
Census Tract,09001220300,White,05/2021,1,0,0.333,
Census Tract,09001220300,White,06/2021,2,2.5,0.667,
Census Tract,09001220300,White,07/2021,1,1,0.333,
Census Tract,09001220300,White,08/2021,0,1,1.667,
Census Tract,09001220300,White,09/2021,2,1,0,
Census Tract,09001220300,White,10/2021,7,1.5,0.333,
Census Tract,09001220300,White,11/2021,3,1,1.333,
Census Tract,09001220300,White,12/2021,1,1.5,0,
Census Tract,09001220300,White,01/2022,2,4.5,0.667,
Census Tract,09001220300,White,02/2022,0,1.5,0.333,
Census Tract,09001220300,White,03/2022,1,2,0.667,
Census Tract,09001220300,White,04/2022,3,0.5,0,
Census Tract,09001220300,White,05/2022,2,0,0.333,
Census Tract,09001220300,White,06/2022,10,2.5,0.667,
Census Tract,09001220300,White,07/2022,0,1,0.333,
Census Tract,09001220300,White,08/2022,2,1,1.667,
Census Tract,09001220300,White,09/2022,4,1,0,
Census Tract,09001220300,White,10/2022,0,1.5,0.333,
Census Tract,09001220300,White,11/2022,0,1,1.333,
Census Tract,09001220300,White,12/2022,0,1.5,0,
Census Tract,09001220300,White,01/2023,5,4.5,0.667,
Census Tract,09001220300,White,02/2023,0,1.5,0.333,
Census Tract,09001220300,White,03/2023,3,2,0.667,
Census Tract,09001220300,White,04/2023,1,0.5,0,
Census Tract,09001220300,White,05/2023,0,0,0.333,
Census Tract,09001220300,White,06/2023,3,2.5,0.667,
Census Tract,09001220300,White,07/2023,0,1,0.333,
Census Tract,09001220300,White,08/2023,2,1,1.667,
Census Tract,09001220300,White,09/2023,1,1,0,
Census Tract,09001220300,White,10/2023,3,1.5,0.333,
Census Tract,09001220300,White,11/2023,0,1,1.333,
Census Tract,09001220300,White,12/2023,3,1.5,0,
Census Tract,09001220300,White,01/2024,4,4.5,0.667,
Census Tract,09001220300,White,02/2024,3,1.5,0.333,
Census Tract,09001220300,White,03/2024,1,2,0.667,
Census Tract,09001220300,White,04/2024,0,0.5,0,
Census Tract,09001220300,White,05/2024,0,0,0.333,
Census Tract,09001220300,White,06/2024,2,2.5,0.667,
Census Tract,09001220300,White,07/2024,2,1,0.333,
Census Tract,09001220300,White,08/2024,0,1,1.667,
Census Tract,09001220300,White,09/2024,1,1,0,
Census Tract,09001220300,White,10/2024,0,1.5,0.333,
Census Tract,09001220300,White,11/2024,2,1,1.333,
Census Tract,09001220300,White,12/2024,0,1.5,0,
Census Tract,09001220300,White,01/2025,1,4.5,0.667,
Census Tract,09001220300,White,02/2025,0,1.5,0.333,
Census Tract,09001220300,White,03/2025,0,2,0.667,
Census Tract,09001220300,White,04/2025,1,0.5,0,
Census Tract,09001220300,White,05/2025,0,0,0.333,
Census Tract,09001220300,White,06/2025,1,2.5,0.667,
Census Tract,09001220300,White,07/2025,1,1,0.333,
Census Tract,09001220300,White,08/2025,0,1,1.667,
Census Tract,09001220300,White,09/2025,0,1,0,
Census Tract,09001220300,White,10/2025,0,0,0,2025-10-04
Census Tract,09001230100,White,01/2020,0,0.5,0.667,
Census Tract,09001230100,White,02/2020,0,0.5,0.667,
Census Tract,09001230100,White,03/2020,1,0.5,1,
Census Tract,09001230100,White,04/2020,1,1,0,
Census Tract,09001230100,White,05/2020,0,0,0.667,
Census Tract,09001230100,White,06/2020,0,0.5,1,
Census Tract,09001230100,White,07/2020,0,0,0.333,
Census Tract,09001230100,White,08/2020,0,0,0.667,
Census Tract,09001230100,White,09/2020,0,0,1.333,
Census Tract,09001230100,White,10/2020,1,0,0.667,
Census Tract,09001230100,White,11/2020,1,0,0.667,
Census Tract,09001230100,White,12/2020,0,0,0.667,
Census Tract,09001230100,White,01/2021,0,0.5,0.667,
Census Tract,09001230100,White,02/2021,1,0.5,0.667,
Census Tract,09001230100,White,03/2021,0,0.5,1,
Census Tract,09001230100,White,04/2021,0,1,0,
Census Tract,09001230100,White,05/2021,0,0,0.667,
Census Tract,09001230100,White,06/2021,0,0.5,1,
Census Tract,09001230100,White,07/2021,1,0,0.333,
Census Tract,09001230100,White,08/2021,0,0,0.667,
Census Tract,09001230100,White,09/2021,0,0,1.333,
Census Tract,09001230100,White,10/2021,0,0,0.667,
Census Tract,09001230100,White,11/2021,0,0,0.667,
Census Tract,09001230100,White,12/2021,0,0,0.667,
Census Tract,09001230100,White,01/2022,1,0.5,0.667,
Census Tract,09001230100,White,02/2022,0,0.5,0.667,
Census Tract,09001230100,White,03/2022,2,0.5,1,
Census Tract,09001230100,White,04/2022,0,1,0,
Census Tract,09001230100,White,05/2022,0,0,0.667,
Census Tract,09001230100,White,06/2022,0,0.5,1,
Census Tract,09001230100,White,07/2022,0,0,0.333,
Census Tract,09001230100,White,08/2022,0,0,0.667,
Census Tract,09001230100,White,09/2022,0,0,1.333,
Census Tract,09001230100,White,10/2022,1,0,0.667,
Census Tract,09001230100,White,11/2022,0,0,0.667,
Census Tract,09001230100,White,12/2022,0,0,0.667,
Census Tract,09001230100,White,01/2023,1,0.5,0.667,
Census Tract,09001230100,White,02/2023,1,0.5,0.667,
Census Tract,09001230100,White,03/2023,1,0.5,1,
Census Tract,09001230100,White,04/2023,2,1,0,
Census Tract,09001230100,White,05/2023,0,0,0.667,
Census Tract,09001230100,White,06/2023,0,0.5,1,
Census Tract,09001230100,White,07/2023,0,0,0.333,
Census Tract,09001230100,White,08/2023,0,0,0.667,
Census Tract,09001230100,White,09/2023,0,0,1.333,
Census Tract,09001230100,White,10/2023,0,0,0.667,
Census Tract,09001230100,White,11/2023,0,0,0.667,
Census Tract,09001230100,White,12/2023,0,0,0.667,
Census Tract,09001230100,White,01/2024,0,0.5,0.667,
Census Tract,09001230100,White,02/2024,0,0.5,0.667,
Census Tract,09001230100,White,03/2024,0,0.5,1,
Census Tract,09001230100,White,04/2024,0,1,0,
Census Tract,09001230100,White,05/2024,0,0,0.667,
Census Tract,09001230100,White,06/2024,1,0.5,1,
Census Tract,09001230100,White,07/2024,0,0,0.333,
Census Tract,09001230100,White,08/2024,0,0,0.667,
Census Tract,09001230100,White,09/2024,0,0,1.333,
Census Tract,09001230100,White,10/2024,0,0,0.667,
Census Tract,09001230100,White,11/2024,0,0,0.667,
Census Tract,09001230100,White,12/2024,0,0,0.667,
Census Tract,09001230100,White,01/2025,0,0.5,0.667,
Census Tract,09001230100,White,02/2025,1,0.5,0.667,
Census Tract,09001230100,White,03/2025,2,0.5,1,
Census Tract,09001230100,White,04/2025,1,1,0,
Census Tract,09001230100,White,05/2025,0,0,0.667,
Census Tract,09001230100,White,06/2025,0,0.5,1,
Census Tract,09001230100,White,07/2025,1,0,0.333,
Census Tract,09001230100,White,08/2025,0,0,0.667,
Census Tract,09001230100,White,09/2025,0,0,1.333,
Census Tract,09001230100,White,10/2025,0,0,0,2025-10-04
Census Tract,09001230200,White,01/2020,0,0,0.333,
Census Tract,09001230200,White,02/2020,0,0,0.667,
Census Tract,09001230200,White,03/2020,0,0,0,
Census Tract,09001230200,White,04/2020,0,0,0.333,
Census Tract,09001230200,White,05/2020,0,0,0,
Census Tract,09001230200,White,06/2020,0,0,0.333,
Census Tract,09001230200,White,07/2020,0,0,0.333,
Census Tract,09001230200,White,08/2020,0,0,0,
Census Tract,09001230200,White,09/2020,0,0,0,
Census Tract,09001230200,White,10/2020,0,0,0,
Census Tract,09001230200,White,11/2020,0,0,0,
Census Tract,09001230200,White,12/2020,0,0,0.333,
Census Tract,09001230200,White,01/2021,0,0,0.333,
Census Tract,09001230200,White,02/2021,0,0,0.667,
Census Tract,09001230200,White,03/2021,0,0,0,
Census Tract,09001230200,White,04/2021,0,0,0.333,
Census Tract,09001230200,White,05/2021,0,0,0,
Census Tract,09001230200,White,06/2021,0,0,0.333,
Census Tract,09001230200,White,07/2021,0,0,0.333,
Census Tract,09001230200,White,08/2021,0,0,0,
Census Tract,09001230200,White,09/2021,0,0,0,
Census Tract,09001230200,White,10/2021,0,0,0,
Census Tract,09001230200,White,11/2021,0,0,0,
Census Tract,09001230200,White,12/2021,0,0,0.333,
Census Tract,09001230200,White,01/2022,0,0,0.333,
Census Tract,09001230200,White,02/2022,0,0,0.667,
Census Tract,09001230200,White,03/2022,0,0,0,
Census Tract,09001230200,White,04/2022,0,0,0.333,
Census Tract,09001230200,White,05/2022,0,0,0,
Census Tract,09001230200,White,06/2022,0,0,0.333,
Census Tract,09001230200,White,07/2022,0,0,0.333,
Census Tract,09001230200,White,08/2022,0,0,0,
Census Tract,09001230200,White,09/2022,0,0,0,
Census Tract,09001230200,White,10/2022,0,0,0,
Census Tract,09001230200,White,11/2022,0,0,0,
Census Tract,09001230200,White,12/2022,1,0,0.333,
Census Tract,09001230200,White,01/2023,0,0,0.333,
Census Tract,09001230200,White,02/2023,0,0,0.667,
Census Tract,09001230200,White,03/2023,0,0,0,
Census Tract,09001230200,White,04/2023,0,0,0.333,
Census Tract,09001230200,White,05/2023,0,0,0,
Census Tract,09001230200,White,06/2023,0,0,0.333,
Census Tract,09001230200,White,07/2023,0,0,0.333,
Census Tract,09001230200,White,08/2023,0,0,0,
Census Tract,09001230200,White,09/2023,0,0,0,
Census Tract,09001230200,White,10/2023,0,0,0,
Census Tract,09001230200,White,11/2023,0,0,0,
Census Tract,09001230200,White,12/2023,0,0,0.333,
Census Tract,09001230200,White,01/2024,0,0,0.333,
Census Tract,09001230200,White,02/2024,0,0,0.667,
Census Tract,09001230200,White,03/2024,0,0,0,
Census Tract,09001230200,White,04/2024,0,0,0.333,
Census Tract,09001230200,White,05/2024,0,0,0,
Census Tract,09001230200,White,06/2024,0,0,0.333,
Census Tract,09001230200,White,07/2024,0,0,0.333,
Census Tract,09001230200,White,08/2024,0,0,0,
Census Tract,09001230200,White,09/2024,0,0,0,
Census Tract,09001230200,White,10/2024,0,0,0,
Census Tract,09001230200,White,11/2024,0,0,0,
Census Tract,09001230200,White,12/2024,0,0,0.333,
Census Tract,09001230200,White,01/2025,0,0,0.333,
Census Tract,09001230200,White,02/2025,0,0,0.667,
Census Tract,09001230200,White,03/2025,0,0,0,
Census Tract,09001230200,White,04/2025,0,0,0.333,
Census Tract,09001230200,White,05/2025,0,0,0,
Census Tract,09001230200,White,06/2025,0,0,0.333,
Census Tract,09001230200,White,07/2025,1,0,0.333,
Census Tract,09001230200,White,08/2025,0,0,0,
Census Tract,09001230200,White,09/2025,0,0,0,
Census Tract,09001230200,White,10/2025,0,0,0,2025-10-04
Census Tract,09001230300,White,01/2020,0,0.5,0,
Census Tract,09001230300,White,02/2020,0,0,0.333,
Census Tract,09001230300,White,03/2020,1,0,0,
Census Tract,09001230300,White,04/2020,0,0,0.333,
Census Tract,09001230300,White,05/2020,0,0,0.333,
Census Tract,09001230300,White,06/2020,0,0.5,0.333,
Census Tract,09001230300,White,07/2020,0,0.5,0,
Census Tract,09001230300,White,08/2020,0,0,0,
Census Tract,09001230300,White,09/2020,0,0,0,
Census Tract,09001230300,White,10/2020,0,0,0,
Census Tract,09001230300,White,11/2020,0,0,0.333,
Census Tract,09001230300,White,12/2020,0,0,0,
Census Tract,09001230300,White,01/2021,0,0.5,0,
Census Tract,09001230300,White,02/2021,0,0,0.333,
Census Tract,09001230300,White,03/2021,0,0,0,
Census Tract,09001230300,White,04/2021,0,0,0.333,
Census Tract,09001230300,White,05/2021,0,0,0.333,
Census Tract,09001230300,White,06/2021,1,0.5,0.333,
Census Tract,09001230300,White,07/2021,0,0.5,0,
Census Tract,09001230300,White,08/2021,0,0,0,
Census Tract,09001230300,White,09/2021,0,0,0,
Census Tract,09001230300,White,10/2021,0,0,0,
Census Tract,09001230300,White,11/2021,0,0,0.333,
Census Tract,09001230300,White,12/2021,0,0,0,
Census Tract,09001230300,White,01/2022,0,0.5,0,
Census Tract,09001230300,White,02/2022,0,0,0.333,
Census Tract,09001230300,White,03/2022,0,0,0,
Census Tract,09001230300,White,04/2022,0,0,0.333,
Census Tract,09001230300,White,05/2022,0,0,0.333,
Census Tract,09001230300,White,06/2022,1,0.5,0.333,
Census Tract,09001230300,White,07/2022,0,0.5,0,
Census Tract,09001230300,White,08/2022,0,0,0,
Census Tract,09001230300,White,09/2022,1,0,0,
Census Tract,09001230300,White,10/2022,1,0,0,
Census Tract,09001230300,White,11/2022,0,0,0.333,
Census Tract,09001230300,White,12/2022,0,0,0,
Census Tract,09001230300,White,01/2023,1,0.5,0,
Census Tract,09001230300,White,02/2023,0,0,0.333,
Census Tract,09001230300,White,03/2023,0,0,0,
Census Tract,09001230300,White,04/2023,0,0,0.333,
Census Tract,09001230300,White,05/2023,0,0,0.333,
Census Tract,09001230300,White,06/2023,0,0.5,0.333,
Census Tract,09001230300,White,07/2023,0,0.5,0,
Census Tract,09001230300,White,08/2023,0,0,0,
Census Tract,09001230300,White,09/2023,0,0,0,
Census Tract,09001230300,White,10/2023,0,0,0,
Census Tract,09001230300,White,11/2023,0,0,0.333,
Census Tract,09001230300,White,12/2023,0,0,0,
Census Tract,09001230300,White,01/2024,0,0.5,0,
Census Tract,09001230300,White,02/2024,0,0,0.333,
Census Tract,09001230300,White,03/2024,0,0,0,
Census Tract,09001230300,White,04/2024,0,0,0.333,
Census Tract,09001230300,White,05/2024,0,0,0.333,
Census Tract,09001230300,White,06/2024,1,0.5,0.333,
Census Tract,09001230300,White,07/2024,1,0.5,0,
Census Tract,09001230300,White,08/2024,0,0,0,
Census Tract,09001230300,White,09/2024,0,0,0,
Census Tract,09001230300,White,10/2024,0,0,0,
Census Tract,09001230300,White,11/2024,0,0,0.333,
Census Tract,09001230300,White,12/2024,0,0,0,
Census Tract,09001230300,White,01/2025,0,0.5,0,
Census Tract,09001230300,White,02/2025,0,0,0.333,
Census Tract,09001230300,White,03/2025,0,0,0,
Census Tract,09001230300,White,04/2025,0,0,0.333,
Census Tract,09001230300,White,05/2025,0,0,0.333,
Census Tract,09001230300,White,06/2025,0,0.5,0.333,
Census Tract,09001230300,White,07/2025,0,0.5,0,
Census Tract,09001230300,White,08/2025,0,0,0,
Census Tract,09001230300,White,09/2025,0,0,0,
Census Tract,09001230300,White,10/2025,0,0,0,2025-10-04
Census Tract,09001230400,White,01/2020,0,0,1,
Census Tract,09001230400,White,02/2020,0,0,0.333,
Census Tract,09001230400,White,03/2020,1,0.5,0,
Census Tract,09001230400,White,04/2020,0,0,0.667,
Census Tract,09001230400,White,05/2020,0,0,0.333,
Census Tract,09001230400,White,06/2020,0,0,0,
Census Tract,09001230400,White,07/2020,0,0.5,0.333,
Census Tract,09001230400,White,08/2020,0,0.5,0,
Census Tract,09001230400,White,09/2020,0,0,1,
Census Tract,09001230400,White,10/2020,0,0.5,0.667,
Census Tract,09001230400,White,11/2020,0,0,0,
Census Tract,09001230400,White,12/2020,0,0,0.333,
Census Tract,09001230400,White,01/2021,0,0,1,
Census Tract,09001230400,White,02/2021,0,0,0.333,
Census Tract,09001230400,White,03/2021,0,0.5,0,
Census Tract,09001230400,White,04/2021,0,0,0.667,
Census Tract,09001230400,White,05/2021,0,0,0.333,
Census Tract,09001230400,White,06/2021,0,0,0,
Census Tract,09001230400,White,07/2021,0,0.5,0.333,
Census Tract,09001230400,White,08/2021,0,0.5,0,
Census Tract,09001230400,White,09/2021,0,0,1,
Census Tract,09001230400,White,10/2021,0,0.5,0.667,
Census Tract,09001230400,White,11/2021,0,0,0,
Census Tract,09001230400,White,12/2021,0,0,0.333,
Census Tract,09001230400,White,01/2022,0,0,1,
Census Tract,09001230400,White,02/2022,1,0,0.333,
Census Tract,09001230400,White,03/2022,2,0.5,0,
Census Tract,09001230400,White,04/2022,1,0,0.667,
Census Tract,09001230400,White,05/2022,0,0,0.333,
Census Tract,09001230400,White,06/2022,0,0,0,
Census Tract,09001230400,White,07/2022,2,0.5,0.333,
Census Tract,09001230400,White,08/2022,0,0.5,0,
Census Tract,09001230400,White,09/2022,0,0,1,
Census Tract,09001230400,White,10/2022,0,0.5,0.667,
Census Tract,09001230400,White,11/2022,0,0,0,
Census Tract,09001230400,White,12/2022,0,0,0.333,
Census Tract,09001230400,White,01/2023,0,0,1,
Census Tract,09001230400,White,02/2023,0,0,0.333,
Census Tract,09001230400,White,03/2023,1,0.5,0,
Census Tract,09001230400,White,04/2023,0,0,0.667,
Census Tract,09001230400,White,05/2023,0,0,0.333,
Census Tract,09001230400,White,06/2023,0,0,0,
Census Tract,09001230400,White,07/2023,1,0.5,0.333,
Census Tract,09001230400,White,08/2023,0,0.5,0,
Census Tract,09001230400,White,09/2023,0,0,1,
Census Tract,09001230400,White,10/2023,0,0.5,0.667,
Census Tract,09001230400,White,11/2023,0,0,0,
Census Tract,09001230400,White,12/2023,0,0,0.333,
Census Tract,09001230400,White,01/2024,0,0,1,
Census Tract,09001230400,White,02/2024,0,0,0.333,
Census Tract,09001230400,White,03/2024,0,0.5,0,
Census Tract,09001230400,White,04/2024,0,0,0.667,
Census Tract,09001230400,White,05/2024,0,0,0.333,
Census Tract,09001230400,White,06/2024,0,0,0,
Census Tract,09001230400,White,07/2024,0,0.5,0.333,
Census Tract,09001230400,White,08/2024,1,0.5,0,
Census Tract,09001230400,White,09/2024,0,0,1,
Census Tract,09001230400,White,10/2024,1,0.5,0.667,
Census Tract,09001230400,White,11/2024,0,0,0,
Census Tract,09001230400,White,12/2024,0,0,0.333,
Census Tract,09001230400,White,01/2025,0,0,1,
Census Tract,09001230400,White,02/2025,0,0,0.333,
Census Tract,09001230400,White,03/2025,0,0.5,0,
Census Tract,09001230400,White,04/2025,0,0,0.667,
Census Tract,09001230400,White,05/2025,0,0,0.333,
Census Tract,09001230400,White,06/2025,1,0,0,
Census Tract,09001230400,White,07/2025,1,0.5,0.333,
Census Tract,09001230400,White,08/2025,0,0.5,0,
Census Tract,09001230400,White,09/2025,0,0,1,
Census Tract,09001230400,White,10/2025,0,0,0,2025-10-04
Census Tract,09001230501,White,01/2020,2,0,0.667,
Census Tract,09001230501,White,02/2020,0,0,0.333,
Census Tract,09001230501,White,03/2020,0,0,0.333,
Census Tract,09001230501,White,04/2020,0,0,0.667,
Census Tract,09001230501,White,05/2020,0,0,1,
Census Tract,09001230501,White,06/2020,0,0,1.667,
Census Tract,09001230501,White,07/2020,0,0.5,0.667,
Census Tract,09001230501,White,08/2020,0,1,0.333,
Census Tract,09001230501,White,09/2020,0,1,0.667,
Census Tract,09001230501,White,10/2020,0,0,1,
Census Tract,09001230501,White,11/2020,0,0,0.333,
Census Tract,09001230501,White,12/2020,1,0,0.667,
Census Tract,09001230501,White,01/2021,0,0,0.667,
Census Tract,09001230501,White,02/2021,0,0,0.333,
Census Tract,09001230501,White,03/2021,1,0,0.333,
Census Tract,09001230501,White,04/2021,0,0,0.667,
Census Tract,09001230501,White,05/2021,0,0,1,
Census Tract,09001230501,White,06/2021,1,0,1.667,
Census Tract,09001230501,White,07/2021,0,0.5,0.667,
Census Tract,09001230501,White,08/2021,1,1,0.333,
Census Tract,09001230501,White,09/2021,0,1,0.667,
Census Tract,09001230501,White,10/2021,0,0,1,
Census Tract,09001230501,White,11/2021,4,0,0.333,
Census Tract,09001230501,White,12/2021,0,0,0.667,
Census Tract,09001230501,White,01/2022,0,0,0.667,
Census Tract,09001230501,White,02/2022,2,0,0.333,
Census Tract,09001230501,White,03/2022,1,0,0.333,
Census Tract,09001230501,White,04/2022,1,0,0.667,
Census Tract,09001230501,White,05/2022,0,0,1,
Census Tract,09001230501,White,06/2022,1,0,1.667,
Census Tract,09001230501,White,07/2022,1,0.5,0.667,
Census Tract,09001230501,White,08/2022,0,1,0.333,
Census Tract,09001230501,White,09/2022,0,1,0.667,
Census Tract,09001230501,White,10/2022,0,0,1,
Census Tract,09001230501,White,11/2022,0,0,0.333,
Census Tract,09001230501,White,12/2022,0,0,0.667,
Census Tract,09001230501,White,01/2023,0,0,0.667,
Census Tract,09001230501,White,02/2023,0,0,0.333,
Census Tract,09001230501,White,03/2023,0,0,0.333,
Census Tract,09001230501,White,04/2023,0,0,0.667,
Census Tract,09001230501,White,05/2023,0,0,1,
Census Tract,09001230501,White,06/2023,0,0,1.667,
Census Tract,09001230501,White,07/2023,1,0.5,0.667,
Census Tract,09001230501,White,08/2023,0,1,0.333,
Census Tract,09001230501,White,09/2023,2,1,0.667,
Census Tract,09001230501,White,10/2023,0,0,1,
Census Tract,09001230501,White,11/2023,0,0,0.333,
Census Tract,09001230501,White,12/2023,0,0,0.667,
Census Tract,09001230501,White,01/2024,0,0,0.667,
Census Tract,09001230501,White,02/2024,0,0,0.333,
Census Tract,09001230501,White,03/2024,0,0,0.333,
Census Tract,09001230501,White,04/2024,0,0,0.667,
Census Tract,09001230501,White,05/2024,0,0,1,
Census Tract,09001230501,White,06/2024,0,0,1.667,
Census Tract,09001230501,White,07/2024,0,0.5,0.667,
Census Tract,09001230501,White,08/2024,2,1,0.333,
Census Tract,09001230501,White,09/2024,0,1,0.667,
Census Tract,09001230501,White,10/2024,0,0,1,
Census Tract,09001230501,White,11/2024,0,0,0.333,
Census Tract,09001230501,White,12/2024,0,0,0.667,
Census Tract,09001230501,White,01/2025,0,0,0.667,
Census Tract,09001230501,White,02/2025,0,0,0.333,
Census Tract,09001230501,White,03/2025,0,0,0.333,
Census Tract,09001230501,White,04/2025,0,0,0.667,
Census Tract,09001230501,White,05/2025,0,0,1,
Census Tract,09001230501,White,06/2025,0,0,1.667,
Census Tract,09001230501,White,07/2025,0,0.5,0.667,
Census Tract,09001230501,White,08/2025,0,1,0.333,
Census Tract,09001230501,White,09/2025,0,1,0.667,
Census Tract,09001230501,White,10/2025,0,0,0,2025-10-04
Census Tract,09001230502,White,01/2020,0,0.5,1.333,
Census Tract,09001230502,White,02/2020,3,0,2.333,
Census Tract,09001230502,White,03/2020,0,2,2,
Census Tract,09001230502,White,04/2020,0,2.5,0.333,
Census Tract,09001230502,White,05/2020,0,5.5,1,
Census Tract,09001230502,White,06/2020,0,4.5,1.333,
Census Tract,09001230502,White,07/2020,0,1.5,0.333,
Census Tract,09001230502,White,08/2020,0,2.5,0.667,
Census Tract,09001230502,White,09/2020,0,2.5,2.333,
Census Tract,09001230502,White,10/2020,0,1.5,1.333,
Census Tract,09001230502,White,11/2020,0,8,0.667,
Census Tract,09001230502,White,12/2020,1,0.5,1,
Census Tract,09001230502,White,01/2021,0,0.5,1.333,
Census Tract,09001230502,White,02/2021,0,0,2.333,
Census Tract,09001230502,White,03/2021,1,2,2,
Census Tract,09001230502,White,04/2021,4,2.5,0.333,
Census Tract,09001230502,White,05/2021,1,5.5,1,
Census Tract,09001230502,White,06/2021,0,4.5,1.333,
Census Tract,09001230502,White,07/2021,0,1.5,0.333,
Census Tract,09001230502,White,08/2021,2,2.5,0.667,
Census Tract,09001230502,White,09/2021,0,2.5,2.333,
Census Tract,09001230502,White,10/2021,10,1.5,1.333,
Census Tract,09001230502,White,11/2021,0,8,0.667,
Census Tract,09001230502,White,12/2021,1,0.5,1,
Census Tract,09001230502,White,01/2022,3,0.5,1.333,
Census Tract,09001230502,White,02/2022,2,0,2.333,
Census Tract,09001230502,White,03/2022,0,2,2,
Census Tract,09001230502,White,04/2022,3,2.5,0.333,
Census Tract,09001230502,White,05/2022,1,5.5,1,
Census Tract,09001230502,White,06/2022,0,4.5,1.333,
Census Tract,09001230502,White,07/2022,2,1.5,0.333,
Census Tract,09001230502,White,08/2022,3,2.5,0.667,
Census Tract,09001230502,White,09/2022,1,2.5,2.333,
Census Tract,09001230502,White,10/2022,1,1.5,1.333,
Census Tract,09001230502,White,11/2022,3,8,0.667,
Census Tract,09001230502,White,12/2022,3,0.5,1,
Census Tract,09001230502,White,01/2023,1,0.5,1.333,
Census Tract,09001230502,White,02/2023,0,0,2.333,
Census Tract,09001230502,White,03/2023,2,2,2,
Census Tract,09001230502,White,04/2023,1,2.5,0.333,
Census Tract,09001230502,White,05/2023,1,5.5,1,
Census Tract,09001230502,White,06/2023,4,4.5,1.333,
Census Tract,09001230502,White,07/2023,3,1.5,0.333,
Census Tract,09001230502,White,08/2023,2,2.5,0.667,
Census Tract,09001230502,White,09/2023,5,2.5,2.333,
Census Tract,09001230502,White,10/2023,1,1.5,1.333,
Census Tract,09001230502,White,11/2023,16,8,0.667,
Census Tract,09001230502,White,12/2023,0,0.5,1,
Census Tract,09001230502,White,01/2024,0,0.5,1.333,
Census Tract,09001230502,White,02/2024,0,0,2.333,
Census Tract,09001230502,White,03/2024,2,2,2,
Census Tract,09001230502,White,04/2024,4,2.5,0.333,
Census Tract,09001230502,White,05/2024,10,5.5,1,
Census Tract,09001230502,White,06/2024,5,4.5,1.333,
Census Tract,09001230502,White,07/2024,0,1.5,0.333,
Census Tract,09001230502,White,08/2024,3,2.5,0.667,
Census Tract,09001230502,White,09/2024,0,2.5,2.333,
Census Tract,09001230502,White,10/2024,2,1.5,1.333,
Census Tract,09001230502,White,11/2024,0,8,0.667,
Census Tract,09001230502,White,12/2024,1,0.5,1,
Census Tract,09001230502,White,01/2025,3,0.5,1.333,
Census Tract,09001230502,White,02/2025,0,0,2.333,
Census Tract,09001230502,White,03/2025,3,2,2,
Census Tract,09001230502,White,04/2025,0,2.5,0.333,
Census Tract,09001230502,White,05/2025,5,5.5,1,
Census Tract,09001230502,White,06/2025,0,4.5,1.333,
Census Tract,09001230502,White,07/2025,1,1.5,0.333,
Census Tract,09001230502,White,08/2025,0,2.5,0.667,
Census Tract,09001230502,White,09/2025,4,2.5,2.333,
Census Tract,09001230502,White,10/2025,0,0,0,2025-10-04
Census Tract,09001240100,White,01/2020,1,0.5,1,
Census Tract,09001240100,White,02/2020,0,0,0.333,
Census Tract,09001240100,White,03/2020,0,0,1,
Census Tract,09001240100,White,04/2020,0,0.5,0.333,
Census Tract,09001240100,White,05/2020,0,0.5,0.333,
Census Tract,09001240100,White,06/2020,0,0.5,1,
Census Tract,09001240100,White,07/2020,0,0,0.333,
Census Tract,09001240100,White,08/2020,0,0,0.333,
Census Tract,09001240100,White,09/2020,0,1,0,
Census Tract,09001240100,White,10/2020,0,0,0.333,
Census Tract,09001240100,White,11/2020,0,1.5,1,
Census Tract,09001240100,White,12/2020,0,0,0.667,
Census Tract,09001240100,White,01/2021,0,0.5,1,
Census Tract,09001240100,White,02/2021,0,0,0.333,
Census Tract,09001240100,White,03/2021,0,0,1,
Census Tract,09001240100,White,04/2021,0,0.5,0.333,
Census Tract,09001240100,White,05/2021,0,0.5,0.333,
Census Tract,09001240100,White,06/2021,0,0.5,1,
Census Tract,09001240100,White,07/2021,0,0,0.333,
Census Tract,09001240100,White,08/2021,0,0,0.333,
Census Tract,09001240100,White,09/2021,0,1,0,
Census Tract,09001240100,White,10/2021,0,0,0.333,
Census Tract,09001240100,White,11/2021,0,1.5,1,
Census Tract,09001240100,White,12/2021,1,0,0.667,
Census Tract,09001240100,White,01/2022,0,0.5,1,
Census Tract,09001240100,White,02/2022,0,0,0.333,
Census Tract,09001240100,White,03/2022,0,0,1,
Census Tract,09001240100,White,04/2022,0,0.5,0.333,
Census Tract,09001240100,White,05/2022,2,0.5,0.333,
Census Tract,09001240100,White,06/2022,0,0.5,1,
Census Tract,09001240100,White,07/2022,0,0,0.333,
Census Tract,09001240100,White,08/2022,0,0,0.333,
Census Tract,09001240100,White,09/2022,0,1,0,
Census Tract,09001240100,White,10/2022,0,0,0.333,
Census Tract,09001240100,White,11/2022,0,1.5,1,
Census Tract,09001240100,White,12/2022,0,0,0.667,
Census Tract,09001240100,White,01/2023,0,0.5,1,
Census Tract,09001240100,White,02/2023,0,0,0.333,
Census Tract,09001240100,White,03/2023,0,0,1,
Census Tract,09001240100,White,04/2023,0,0.5,0.333,
Census Tract,09001240100,White,05/2023,1,0.5,0.333,
Census Tract,09001240100,White,06/2023,1,0.5,1,
Census Tract,09001240100,White,07/2023,0,0,0.333,
Census Tract,09001240100,White,08/2023,0,0,0.333,
Census Tract,09001240100,White,09/2023,1,1,0,
Census Tract,09001240100,White,10/2023,0,0,0.333,
Census Tract,09001240100,White,11/2023,1,1.5,1,
Census Tract,09001240100,White,12/2023,0,0,0.667,
Census Tract,09001240100,White,01/2024,1,0.5,1,
Census Tract,09001240100,White,02/2024,0,0,0.333,
Census Tract,09001240100,White,03/2024,0,0,1,
Census Tract,09001240100,White,04/2024,1,0.5,0.333,
Census Tract,09001240100,White,05/2024,0,0.5,0.333,
Census Tract,09001240100,White,06/2024,0,0.5,1,
Census Tract,09001240100,White,07/2024,0,0,0.333,
Census Tract,09001240100,White,08/2024,0,0,0.333,
Census Tract,09001240100,White,09/2024,1,1,0,
Census Tract,09001240100,White,10/2024,0,0,0.333,
Census Tract,09001240100,White,11/2024,2,1.5,1,
Census Tract,09001240100,White,12/2024,0,0,0.667,
Census Tract,09001240100,White,01/2025,1,0.5,1,
Census Tract,09001240100,White,02/2025,0,0,0.333,
Census Tract,09001240100,White,03/2025,0,0,1,
Census Tract,09001240100,White,04/2025,1,0.5,0.333,
Census Tract,09001240100,White,05/2025,0,0.5,0.333,
Census Tract,09001240100,White,06/2025,0,0.5,1,
Census Tract,09001240100,White,07/2025,0,0,0.333,
Census Tract,09001240100,White,08/2025,0,0,0.333,
Census Tract,09001240100,White,09/2025,0,1,0,
Census Tract,09001240100,White,10/2025,1,0,0,2025-10-04
Census Tract,09001240200,White,01/2020,0,0,0,
Census Tract,09001240200,White,02/2020,0,0,0,
Census Tract,09001240200,White,03/2020,2,0.5,0.667,
Census Tract,09001240200,White,04/2020,0,0,0.333,
Census Tract,09001240200,White,05/2020,0,0.5,0.333,
Census Tract,09001240200,White,06/2020,0,0.5,0,
Census Tract,09001240200,White,07/2020,1,0,0,
Census Tract,09001240200,White,08/2020,0,1,0,
Census Tract,09001240200,White,09/2020,0,0,0.333,
Census Tract,09001240200,White,10/2020,0,0,0.667,
Census Tract,09001240200,White,11/2020,0,0.5,0.333,
Census Tract,09001240200,White,12/2020,0,0.5,0.333,
Census Tract,09001240200,White,01/2021,0,0,0,
Census Tract,09001240200,White,02/2021,0,0,0,
Census Tract,09001240200,White,03/2021,0,0.5,0.667,
Census Tract,09001240200,White,04/2021,0,0,0.333,
Census Tract,09001240200,White,05/2021,0,0.5,0.333,
Census Tract,09001240200,White,06/2021,0,0.5,0,
Census Tract,09001240200,White,07/2021,0,0,0,
Census Tract,09001240200,White,08/2021,1,1,0,
Census Tract,09001240200,White,09/2021,0,0,0.333,
Census Tract,09001240200,White,10/2021,1,0,0.667,
Census Tract,09001240200,White,11/2021,0,0.5,0.333,
Census Tract,09001240200,White,12/2021,0,0.5,0.333,
Census Tract,09001240200,White,01/2022,0,0,0,
Census Tract,09001240200,White,02/2022,0,0,0,
Census Tract,09001240200,White,03/2022,2,0.5,0.667,
Census Tract,09001240200,White,04/2022,0,0,0.333,
Census Tract,09001240200,White,05/2022,1,0.5,0.333,
Census Tract,09001240200,White,06/2022,2,0.5,0,
Census Tract,09001240200,White,07/2022,0,0,0,
Census Tract,09001240200,White,08/2022,1,1,0,
Census Tract,09001240200,White,09/2022,0,0,0.333,
Census Tract,09001240200,White,10/2022,1,0,0.667,
Census Tract,09001240200,White,11/2022,0,0.5,0.333,
Census Tract,09001240200,White,12/2022,0,0.5,0.333,
Census Tract,09001240200,White,01/2023,0,0,0,
Census Tract,09001240200,White,02/2023,0,0,0,
Census Tract,09001240200,White,03/2023,0,0.5,0.667,
Census Tract,09001240200,White,04/2023,0,0,0.333,
Census Tract,09001240200,White,05/2023,0,0.5,0.333,
Census Tract,09001240200,White,06/2023,1,0.5,0,
Census Tract,09001240200,White,07/2023,0,0,0,
Census Tract,09001240200,White,08/2023,2,1,0,
Census Tract,09001240200,White,09/2023,0,0,0.333,
Census Tract,09001240200,White,10/2023,0,0,0.667,
Census Tract,09001240200,White,11/2023,0,0.5,0.333,
Census Tract,09001240200,White,12/2023,1,0.5,0.333,
Census Tract,09001240200,White,01/2024,0,0,0,
Census Tract,09001240200,White,02/2024,0,0,0,
Census Tract,09001240200,White,03/2024,1,0.5,0.667,
Census Tract,09001240200,White,04/2024,0,0,0.333,
Census Tract,09001240200,White,05/2024,1,0.5,0.333,
Census Tract,09001240200,White,06/2024,0,0.5,0,
Census Tract,09001240200,White,07/2024,0,0,0,
Census Tract,09001240200,White,08/2024,0,1,0,
Census Tract,09001240200,White,09/2024,0,0,0.333,
Census Tract,09001240200,White,10/2024,0,0,0.667,
Census Tract,09001240200,White,11/2024,1,0.5,0.333,
Census Tract,09001240200,White,12/2024,0,0.5,0.333,
Census Tract,09001240200,White,01/2025,0,0,0,
Census Tract,09001240200,White,02/2025,1,0,0,
Census Tract,09001240200,White,03/2025,0,0.5,0.667,
Census Tract,09001240200,White,04/2025,0,0,0.333,
Census Tract,09001240200,White,05/2025,0,0.5,0.333,
Census Tract,09001240200,White,06/2025,0,0.5,0,
Census Tract,09001240200,White,07/2025,2,0,0,
Census Tract,09001240200,White,08/2025,0,1,0,
Census Tract,09001240200,White,09/2025,0,0,0.333,
Census Tract,09001240200,White,10/2025,0,0,0,2025-10-04
Census Tract,09001245100,White,01/2020,0,0,0,
Census Tract,09001245100,White,02/2020,0,0.5,0,
Census Tract,09001245100,White,03/2020,0,0,0,
Census Tract,09001245100,White,04/2020,0,0,0,
Census Tract,09001245100,White,05/2020,0,0,0.333,
Census Tract,09001245100,White,06/2020,0,0,0,
Census Tract,09001245100,White,07/2020,0,0,0.333,
Census Tract,09001245100,White,08/2020,0,0,0.333,
Census Tract,09001245100,White,09/2020,0,0.5,0,
Census Tract,09001245100,White,10/2020,0,0,0,
Census Tract,09001245100,White,11/2020,0,0,0,
Census Tract,09001245100,White,12/2020,0,0.5,0.333,
Census Tract,09001245100,White,01/2021,0,0,0,
Census Tract,09001245100,White,02/2021,0,0.5,0,
Census Tract,09001245100,White,03/2021,0,0,0,
Census Tract,09001245100,White,04/2021,0,0,0,
Census Tract,09001245100,White,05/2021,0,0,0.333,
Census Tract,09001245100,White,06/2021,0,0,0,
Census Tract,09001245100,White,07/2021,0,0,0.333,
Census Tract,09001245100,White,08/2021,0,0,0.333,
Census Tract,09001245100,White,09/2021,1,0.5,0,
Census Tract,09001245100,White,10/2021,0,0,0,
Census Tract,09001245100,White,11/2021,0,0,0,
Census Tract,09001245100,White,12/2021,0,0.5,0.333,
Census Tract,09001245100,White,01/2022,0,0,0,
Census Tract,09001245100,White,02/2022,2,0.5,0,
Census Tract,09001245100,White,03/2022,0,0,0,
Census Tract,09001245100,White,04/2022,0,0,0,
Census Tract,09001245100,White,05/2022,0,0,0.333,
Census Tract,09001245100,White,06/2022,0,0,0,
Census Tract,09001245100,White,07/2022,0,0,0.333,
Census Tract,09001245100,White,08/2022,0,0,0.333,
Census Tract,09001245100,White,09/2022,0,0.5,0,
Census Tract,09001245100,White,10/2022,0,0,0,
Census Tract,09001245100,White,11/2022,0,0,0,
Census Tract,09001245100,White,12/2022,1,0.5,0.333,
Census Tract,09001245100,White,01/2023,0,0,0,
Census Tract,09001245100,White,02/2023,1,0.5,0,
Census Tract,09001245100,White,03/2023,0,0,0,
Census Tract,09001245100,White,04/2023,0,0,0,
Census Tract,09001245100,White,05/2023,0,0,0.333,
Census Tract,09001245100,White,06/2023,0,0,0,
Census Tract,09001245100,White,07/2023,0,0,0.333,
Census Tract,09001245100,White,08/2023,0,0,0.333,
Census Tract,09001245100,White,09/2023,1,0.5,0,
Census Tract,09001245100,White,10/2023,0,0,0,
Census Tract,09001245100,White,11/2023,0,0,0,
Census Tract,09001245100,White,12/2023,0,0.5,0.333,
Census Tract,09001245100,White,01/2024,0,0,0,
Census Tract,09001245100,White,02/2024,0,0.5,0,
Census Tract,09001245100,White,03/2024,0,0,0,
Census Tract,09001245100,White,04/2024,0,0,0,
Census Tract,09001245100,White,05/2024,0,0,0.333,
Census Tract,09001245100,White,06/2024,0,0,0,
Census Tract,09001245100,White,07/2024,0,0,0.333,
Census Tract,09001245100,White,08/2024,0,0,0.333,
Census Tract,09001245100,White,09/2024,0,0.5,0,
Census Tract,09001245100,White,10/2024,0,0,0,
Census Tract,09001245100,White,11/2024,0,0,0,
Census Tract,09001245100,White,12/2024,1,0.5,0.333,
Census Tract,09001245100,White,01/2025,0,0,0,
Census Tract,09001245100,White,02/2025,1,0.5,0,
Census Tract,09001245100,White,03/2025,0,0,0,
Census Tract,09001245100,White,04/2025,0,0,0,
Census Tract,09001245100,White,05/2025,1,0,0.333,
Census Tract,09001245100,White,06/2025,0,0,0,
Census Tract,09001245100,White,07/2025,0,0,0.333,
Census Tract,09001245100,White,08/2025,0,0,0.333,
Census Tract,09001245100,White,09/2025,0,0.5,0,
Census Tract,09001245100,White,10/2025,0,0,0,2025-10-04
Census Tract,09001245200,White,01/2020,1,0,0,
Census Tract,09001245200,White,02/2020,0,0,0,
Census Tract,09001245200,White,03/2020,0,0.5,0,
Census Tract,09001245200,White,04/2020,0,0,0,
Census Tract,09001245200,White,05/2020,0,1.5,0.333,
Census Tract,09001245200,White,06/2020,0,0.5,0.667,
Census Tract,09001245200,White,07/2020,0,1.5,0,
Census Tract,09001245200,White,08/2020,0,0,0,
Census Tract,09001245200,White,09/2020,0,0.5,0.333,
Census Tract,09001245200,White,10/2020,0,0.5,0.667,
Census Tract,09001245200,White,11/2020,0,0,0,
Census Tract,09001245200,White,12/2020,0,0,0,
Census Tract,09001245200,White,01/2021,0,0,0,
Census Tract,09001245200,White,02/2021,0,0,0,
Census Tract,09001245200,White,03/2021,0,0.5,0,
Census Tract,09001245200,White,04/2021,0,0,0,
Census Tract,09001245200,White,05/2021,0,1.5,0.333,
Census Tract,09001245200,White,06/2021,0,0.5,0.667,
Census Tract,09001245200,White,07/2021,0,1.5,0,
Census Tract,09001245200,White,08/2021,0,0,0,
Census Tract,09001245200,White,09/2021,0,0.5,0.333,
Census Tract,09001245200,White,10/2021,0,0.5,0.667,
Census Tract,09001245200,White,11/2021,0,0,0,
Census Tract,09001245200,White,12/2021,1,0,0,
Census Tract,09001245200,White,01/2022,0,0,0,
Census Tract,09001245200,White,02/2022,0,0,0,
Census Tract,09001245200,White,03/2022,1,0.5,0,
Census Tract,09001245200,White,04/2022,0,0,0,
Census Tract,09001245200,White,05/2022,0,1.5,0.333,
Census Tract,09001245200,White,06/2022,0,0.5,0.667,
Census Tract,09001245200,White,07/2022,1,1.5,0,
Census Tract,09001245200,White,08/2022,1,0,0,
Census Tract,09001245200,White,09/2022,0,0.5,0.333,
Census Tract,09001245200,White,10/2022,0,0.5,0.667,
Census Tract,09001245200,White,11/2022,0,0,0,
Census Tract,09001245200,White,12/2022,0,0,0,
Census Tract,09001245200,White,01/2023,0,0,0,
Census Tract,09001245200,White,02/2023,0,0,0,
Census Tract,09001245200,White,03/2023,1,0.5,0,
Census Tract,09001245200,White,04/2023,0,0,0,
Census Tract,09001245200,White,05/2023,3,1.5,0.333,
Census Tract,09001245200,White,06/2023,0,0.5,0.667,
Census Tract,09001245200,White,07/2023,2,1.5,0,
Census Tract,09001245200,White,08/2023,0,0,0,
Census Tract,09001245200,White,09/2023,0,0.5,0.333,
Census Tract,09001245200,White,10/2023,0,0.5,0.667,
Census Tract,09001245200,White,11/2023,0,0,0,
Census Tract,09001245200,White,12/2023,0,0,0,
Census Tract,09001245200,White,01/2024,0,0,0,
Census Tract,09001245200,White,02/2024,0,0,0,
Census Tract,09001245200,White,03/2024,0,0.5,0,
Census Tract,09001245200,White,04/2024,0,0,0,
Census Tract,09001245200,White,05/2024,0,1.5,0.333,
Census Tract,09001245200,White,06/2024,1,0.5,0.667,
Census Tract,09001245200,White,07/2024,1,1.5,0,
Census Tract,09001245200,White,08/2024,0,0,0,
Census Tract,09001245200,White,09/2024,1,0.5,0.333,
Census Tract,09001245200,White,10/2024,1,0.5,0.667,
Census Tract,09001245200,White,11/2024,0,0,0,
Census Tract,09001245200,White,12/2024,0,0,0,
Census Tract,09001245200,White,01/2025,1,0,0,
Census Tract,09001245200,White,02/2025,2,0,0,
Census Tract,09001245200,White,03/2025,1,0.5,0,
Census Tract,09001245200,White,04/2025,0,0,0,
Census Tract,09001245200,White,05/2025,0,1.5,0.333,
Census Tract,09001245200,White,06/2025,0,0.5,0.667,
Census Tract,09001245200,White,07/2025,1,1.5,0,
Census Tract,09001245200,White,08/2025,0,0,0,
Census Tract,09001245200,White,09/2025,0,0.5,0.333,
Census Tract,09001245200,White,10/2025,0,0,0,2025-10-04
Census Tract,09001245300,White,01/2020,1,0,0.333,
Census Tract,09001245300,White,02/2020,0,0,1,
Census Tract,09001245300,White,03/2020,1,1,0.667,
Census Tract,09001245300,White,04/2020,0,0.5,0.667,
Census Tract,09001245300,White,05/2020,0,0.5,0.333,
Census Tract,09001245300,White,06/2020,0,0.5,1.333,
Census Tract,09001245300,White,07/2020,0,0.5,0.333,
Census Tract,09001245300,White,08/2020,0,1.5,1,
Census Tract,09001245300,White,09/2020,0,1,1,
Census Tract,09001245300,White,10/2020,1,0,1.667,
Census Tract,09001245300,White,11/2020,0,0.5,0.333,
Census Tract,09001245300,White,12/2020,0,0.5,1,
Census Tract,09001245300,White,01/2021,0,0,0.333,
Census Tract,09001245300,White,02/2021,0,0,1,
Census Tract,09001245300,White,03/2021,0,1,0.667,
Census Tract,09001245300,White,04/2021,0,0.5,0.667,
Census Tract,09001245300,White,05/2021,1,0.5,0.333,
Census Tract,09001245300,White,06/2021,0,0.5,1.333,
Census Tract,09001245300,White,07/2021,0,0.5,0.333,
Census Tract,09001245300,White,08/2021,0,1.5,1,
Census Tract,09001245300,White,09/2021,0,1,1,
Census Tract,09001245300,White,10/2021,0,0,1.667,
Census Tract,09001245300,White,11/2021,0,0.5,0.333,
Census Tract,09001245300,White,12/2021,0,0.5,1,
Census Tract,09001245300,White,01/2022,0,0,0.333,
Census Tract,09001245300,White,02/2022,0,0,1,
Census Tract,09001245300,White,03/2022,1,1,0.667,
Census Tract,09001245300,White,04/2022,1,0.5,0.667,
Census Tract,09001245300,White,05/2022,0,0.5,0.333,
Census Tract,09001245300,White,06/2022,0,0.5,1.333,
Census Tract,09001245300,White,07/2022,1,0.5,0.333,
Census Tract,09001245300,White,08/2022,0,1.5,1,
Census Tract,09001245300,White,09/2022,0,1,1,
Census Tract,09001245300,White,10/2022,1,0,1.667,
Census Tract,09001245300,White,11/2022,0,0.5,0.333,
Census Tract,09001245300,White,12/2022,3,0.5,1,
Census Tract,09001245300,White,01/2023,0,0,0.333,
Census Tract,09001245300,White,02/2023,0,0,1,
Census Tract,09001245300,White,03/2023,1,1,0.667,
Census Tract,09001245300,White,04/2023,1,0.5,0.667,
Census Tract,09001245300,White,05/2023,1,0.5,0.333,
Census Tract,09001245300,White,06/2023,0,0.5,1.333,
Census Tract,09001245300,White,07/2023,1,0.5,0.333,
Census Tract,09001245300,White,08/2023,2,1.5,1,
Census Tract,09001245300,White,09/2023,1,1,1,
Census Tract,09001245300,White,10/2023,0,0,1.667,
Census Tract,09001245300,White,11/2023,1,0.5,0.333,
Census Tract,09001245300,White,12/2023,0,0.5,1,
Census Tract,09001245300,White,01/2024,0,0,0.333,
Census Tract,09001245300,White,02/2024,0,0,1,
Census Tract,09001245300,White,03/2024,1,1,0.667,
Census Tract,09001245300,White,04/2024,0,0.5,0.667,
Census Tract,09001245300,White,05/2024,0,0.5,0.333,
Census Tract,09001245300,White,06/2024,1,0.5,1.333,
Census Tract,09001245300,White,07/2024,0,0.5,0.333,
Census Tract,09001245300,White,08/2024,1,1.5,1,
Census Tract,09001245300,White,09/2024,1,1,1,
Census Tract,09001245300,White,10/2024,0,0,1.667,
Census Tract,09001245300,White,11/2024,0,0.5,0.333,
Census Tract,09001245300,White,12/2024,1,0.5,1,
Census Tract,09001245300,White,01/2025,1,0,0.333,
Census Tract,09001245300,White,02/2025,1,0,1,
Census Tract,09001245300,White,03/2025,0,1,0.667,
Census Tract,09001245300,White,04/2025,0,0.5,0.667,
Census Tract,09001245300,White,05/2025,0,0.5,0.333,
Census Tract,09001245300,White,06/2025,0,0.5,1.333,
Census Tract,09001245300,White,07/2025,1,0.5,0.333,
Census Tract,09001245300,White,08/2025,0,1.5,1,
Census Tract,09001245300,White,09/2025,0,1,1,
Census Tract,09001245300,White,10/2025,0,0,0,2025-10-04
Census Tract,09001245400,White,01/2020,0,0,0,
Census Tract,09001245400,White,02/2020,0,0,0.333,
Census Tract,09001245400,White,03/2020,0,0,0,
Census Tract,09001245400,White,04/2020,0,0.5,0,
Census Tract,09001245400,White,05/2020,0,0.5,0,
Census Tract,09001245400,White,06/2020,0,0,0,
Census Tract,09001245400,White,07/2020,0,0,0,
Census Tract,09001245400,White,08/2020,0,0.5,0.667,
Census Tract,09001245400,White,09/2020,0,0,0,
Census Tract,09001245400,White,10/2020,0,0.5,0,
Census Tract,09001245400,White,11/2020,0,0,0,
Census Tract,09001245400,White,12/2020,0,0,0.333,
Census Tract,09001245400,White,01/2021,0,0,0,
Census Tract,09001245400,White,02/2021,0,0,0.333,
Census Tract,09001245400,White,03/2021,0,0,0,
Census Tract,09001245400,White,04/2021,0,0.5,0,
Census Tract,09001245400,White,05/2021,0,0.5,0,
Census Tract,09001245400,White,06/2021,0,0,0,
Census Tract,09001245400,White,07/2021,0,0,0,
Census Tract,09001245400,White,08/2021,0,0.5,0.667,
Census Tract,09001245400,White,09/2021,0,0,0,
Census Tract,09001245400,White,10/2021,0,0.5,0,
Census Tract,09001245400,White,11/2021,0,0,0,
Census Tract,09001245400,White,12/2021,1,0,0.333,
Census Tract,09001245400,White,01/2022,0,0,0,
Census Tract,09001245400,White,02/2022,0,0,0.333,
Census Tract,09001245400,White,03/2022,0,0,0,
Census Tract,09001245400,White,04/2022,0,0.5,0,
Census Tract,09001245400,White,05/2022,0,0.5,0,
Census Tract,09001245400,White,06/2022,0,0,0,
Census Tract,09001245400,White,07/2022,0,0,0,
Census Tract,09001245400,White,08/2022,0,0.5,0.667,
Census Tract,09001245400,White,09/2022,0,0,0,
Census Tract,09001245400,White,10/2022,0,0.5,0,
Census Tract,09001245400,White,11/2022,0,0,0,
Census Tract,09001245400,White,12/2022,0,0,0.333,
Census Tract,09001245400,White,01/2023,0,0,0,
Census Tract,09001245400,White,02/2023,0,0,0.333,
Census Tract,09001245400,White,03/2023,0,0,0,
Census Tract,09001245400,White,04/2023,1,0.5,0,
Census Tract,09001245400,White,05/2023,1,0.5,0,
Census Tract,09001245400,White,06/2023,0,0,0,
Census Tract,09001245400,White,07/2023,0,0,0,
Census Tract,09001245400,White,08/2023,1,0.5,0.667,
Census Tract,09001245400,White,09/2023,0,0,0,
Census Tract,09001245400,White,10/2023,1,0.5,0,
Census Tract,09001245400,White,11/2023,0,0,0,
Census Tract,09001245400,White,12/2023,0,0,0.333,
Census Tract,09001245400,White,01/2024,0,0,0,
Census Tract,09001245400,White,02/2024,0,0,0.333,
Census Tract,09001245400,White,03/2024,0,0,0,
Census Tract,09001245400,White,04/2024,0,0.5,0,
Census Tract,09001245400,White,05/2024,0,0.5,0,
Census Tract,09001245400,White,06/2024,0,0,0,
Census Tract,09001245400,White,07/2024,0,0,0,
Census Tract,09001245400,White,08/2024,0,0.5,0.667,
Census Tract,09001245400,White,09/2024,0,0,0,
Census Tract,09001245400,White,10/2024,0,0.5,0,
Census Tract,09001245400,White,11/2024,0,0,0,
Census Tract,09001245400,White,12/2024,0,0,0.333,
Census Tract,09001245400,White,01/2025,0,0,0,
Census Tract,09001245400,White,02/2025,0,0,0.333,
Census Tract,09001245400,White,03/2025,0,0,0,
Census Tract,09001245400,White,04/2025,0,0.5,0,
Census Tract,09001245400,White,05/2025,1,0.5,0,
Census Tract,09001245400,White,06/2025,0,0,0,
Census Tract,09001245400,White,07/2025,0,0,0,
Census Tract,09001245400,White,08/2025,0,0.5,0.667,
Census Tract,09001245400,White,09/2025,0,0,0,
Census Tract,09001245400,White,10/2025,0,0,0,2025-10-04
Census Tract,09001245500,White,01/2020,0,0,0,
Census Tract,09001245500,White,02/2020,0,0.5,0,
Census Tract,09001245500,White,03/2020,0,0,0.333,
Census Tract,09001245500,White,04/2020,0,0,0,
Census Tract,09001245500,White,05/2020,0,1,0,
Census Tract,09001245500,White,06/2020,0,0,0,
Census Tract,09001245500,White,07/2020,0,0,0,
Census Tract,09001245500,White,08/2020,0,0,0.333,
Census Tract,09001245500,White,09/2020,0,0,0,
Census Tract,09001245500,White,10/2020,0,0.5,0.333,
Census Tract,09001245500,White,11/2020,0,0,0,
Census Tract,09001245500,White,12/2020,0,0,0,
Census Tract,09001245500,White,01/2021,0,0,0,
Census Tract,09001245500,White,02/2021,0,0.5,0,
Census Tract,09001245500,White,03/2021,0,0,0.333,
Census Tract,09001245500,White,04/2021,0,0,0,
Census Tract,09001245500,White,05/2021,0,1,0,
Census Tract,09001245500,White,06/2021,0,0,0,
Census Tract,09001245500,White,07/2021,0,0,0,
Census Tract,09001245500,White,08/2021,0,0,0.333,
Census Tract,09001245500,White,09/2021,0,0,0,
Census Tract,09001245500,White,10/2021,0,0.5,0.333,
Census Tract,09001245500,White,11/2021,0,0,0,
Census Tract,09001245500,White,12/2021,0,0,0,
Census Tract,09001245500,White,01/2022,0,0,0,
Census Tract,09001245500,White,02/2022,0,0.5,0,
Census Tract,09001245500,White,03/2022,0,0,0.333,
Census Tract,09001245500,White,04/2022,0,0,0,
Census Tract,09001245500,White,05/2022,0,1,0,
Census Tract,09001245500,White,06/2022,0,0,0,
Census Tract,09001245500,White,07/2022,0,0,0,
Census Tract,09001245500,White,08/2022,0,0,0.333,
Census Tract,09001245500,White,09/2022,0,0,0,
Census Tract,09001245500,White,10/2022,1,0.5,0.333,
Census Tract,09001245500,White,11/2022,0,0,0,
Census Tract,09001245500,White,12/2022,0,0,0,
Census Tract,09001245500,White,01/2023,0,0,0,
Census Tract,09001245500,White,02/2023,0,0.5,0,
Census Tract,09001245500,White,03/2023,0,0,0.333,
Census Tract,09001245500,White,04/2023,0,0,0,
Census Tract,09001245500,White,05/2023,1,1,0,
Census Tract,09001245500,White,06/2023,0,0,0,
Census Tract,09001245500,White,07/2023,0,0,0,
Census Tract,09001245500,White,08/2023,0,0,0.333,
Census Tract,09001245500,White,09/2023,0,0,0,
Census Tract,09001245500,White,10/2023,0,0.5,0.333,
Census Tract,09001245500,White,11/2023,0,0,0,
Census Tract,09001245500,White,12/2023,0,0,0,
Census Tract,09001245500,White,01/2024,0,0,0,
Census Tract,09001245500,White,02/2024,1,0.5,0,
Census Tract,09001245500,White,03/2024,0,0,0.333,
Census Tract,09001245500,White,04/2024,0,0,0,
Census Tract,09001245500,White,05/2024,1,1,0,
Census Tract,09001245500,White,06/2024,0,0,0,
Census Tract,09001245500,White,07/2024,0,0,0,
Census Tract,09001245500,White,08/2024,0,0,0.333,
Census Tract,09001245500,White,09/2024,0,0,0,
Census Tract,09001245500,White,10/2024,1,0.5,0.333,
Census Tract,09001245500,White,11/2024,0,0,0,
Census Tract,09001245500,White,12/2024,0,0,0,
Census Tract,09001245500,White,01/2025,0,0,0,
Census Tract,09001245500,White,02/2025,0,0.5,0,
Census Tract,09001245500,White,03/2025,0,0,0.333,
Census Tract,09001245500,White,04/2025,0,0,0,
Census Tract,09001245500,White,05/2025,1,1,0,
Census Tract,09001245500,White,06/2025,0,0,0,
Census Tract,09001245500,White,07/2025,1,0,0,
Census Tract,09001245500,White,08/2025,0,0,0.333,
Census Tract,09001245500,White,09/2025,1,0,0,
Census Tract,09001245500,White,10/2025,0,0,0,2025-10-04
Census Tract,09001245600,White,01/2020,0,0.5,0.667,
Census Tract,09001245600,White,02/2020,0,0,0,
Census Tract,09001245600,White,03/2020,0,0,0.667,
Census Tract,09001245600,White,04/2020,0,0,0.333,
Census Tract,09001245600,White,05/2020,0,0,0,
Census Tract,09001245600,White,06/2020,0,0,0.333,
Census Tract,09001245600,White,07/2020,1,0.5,0.667,
Census Tract,09001245600,White,08/2020,0,0,0,
Census Tract,09001245600,White,09/2020,0,0,0,
Census Tract,09001245600,White,10/2020,0,0,0.333,
Census Tract,09001245600,White,11/2020,0,0,1,
Census Tract,09001245600,White,12/2020,0,0,0,
Census Tract,09001245600,White,01/2021,0,0.5,0.667,
Census Tract,09001245600,White,02/2021,0,0,0,
Census Tract,09001245600,White,03/2021,0,0,0.667,
Census Tract,09001245600,White,04/2021,0,0,0.333,
Census Tract,09001245600,White,05/2021,1,0,0,
Census Tract,09001245600,White,06/2021,0,0,0.333,
Census Tract,09001245600,White,07/2021,0,0.5,0.667,
Census Tract,09001245600,White,08/2021,1,0,0,
Census Tract,09001245600,White,09/2021,0,0,0,
Census Tract,09001245600,White,10/2021,1,0,0.333,
Census Tract,09001245600,White,11/2021,0,0,1,
Census Tract,09001245600,White,12/2021,0,0,0,
Census Tract,09001245600,White,01/2022,0,0.5,0.667,
Census Tract,09001245600,White,02/2022,0,0,0,
Census Tract,09001245600,White,03/2022,1,0,0.667,
Census Tract,09001245600,White,04/2022,1,0,0.333,
Census Tract,09001245600,White,05/2022,0,0,0,
Census Tract,09001245600,White,06/2022,0,0,0.333,
Census Tract,09001245600,White,07/2022,0,0.5,0.667,
Census Tract,09001245600,White,08/2022,1,0,0,
Census Tract,09001245600,White,09/2022,1,0,0,
Census Tract,09001245600,White,10/2022,0,0,0.333,
Census Tract,09001245600,White,11/2022,0,0,1,
Census Tract,09001245600,White,12/2022,0,0,0,
Census Tract,09001245600,White,01/2023,1,0.5,0.667,
Census Tract,09001245600,White,02/2023,0,0,0,
Census Tract,09001245600,White,03/2023,0,0,0.667,
Census Tract,09001245600,White,04/2023,0,0,0.333,
Census Tract,09001245600,White,05/2023,0,0,0,
Census Tract,09001245600,White,06/2023,0,0,0.333,
Census Tract,09001245600,White,07/2023,0,0.5,0.667,
Census Tract,09001245600,White,08/2023,0,0,0,
Census Tract,09001245600,White,09/2023,0,0,0,
Census Tract,09001245600,White,10/2023,0,0,0.333,
Census Tract,09001245600,White,11/2023,0,0,1,
Census Tract,09001245600,White,12/2023,0,0,0,
Census Tract,09001245600,White,01/2024,0,0.5,0.667,
Census Tract,09001245600,White,02/2024,0,0,0,
Census Tract,09001245600,White,03/2024,0,0,0.667,
Census Tract,09001245600,White,04/2024,0,0,0.333,
Census Tract,09001245600,White,05/2024,0,0,0,
Census Tract,09001245600,White,06/2024,0,0,0.333,
Census Tract,09001245600,White,07/2024,1,0.5,0.667,
Census Tract,09001245600,White,08/2024,0,0,0,
Census Tract,09001245600,White,09/2024,0,0,0,
Census Tract,09001245600,White,10/2024,0,0,0.333,
Census Tract,09001245600,White,11/2024,0,0,1,
Census Tract,09001245600,White,12/2024,0,0,0,
Census Tract,09001245600,White,01/2025,0,0.5,0.667,
Census Tract,09001245600,White,02/2025,0,0,0,
Census Tract,09001245600,White,03/2025,0,0,0.667,
Census Tract,09001245600,White,04/2025,0,0,0.333,
Census Tract,09001245600,White,05/2025,0,0,0,
Census Tract,09001245600,White,06/2025,1,0,0.333,
Census Tract,09001245600,White,07/2025,1,0.5,0.667,
Census Tract,09001245600,White,08/2025,0,0,0,
Census Tract,09001245600,White,09/2025,1,0,0,
Census Tract,09001245600,White,10/2025,0,0,0,2025-10-04
Census Tract,09001257100,White,01/2020,1,0,0,
Census Tract,09001257100,White,02/2020,0,0,0,
Census Tract,09001257100,White,03/2020,2,0.5,0,
Census Tract,09001257100,White,04/2020,0,0,0,
Census Tract,09001257100,White,05/2020,0,0,0.333,
Census Tract,09001257100,White,06/2020,0,0,0.333,
Census Tract,09001257100,White,07/2020,0,0.5,0.667,
Census Tract,09001257100,White,08/2020,0,0.5,0.667,
Census Tract,09001257100,White,09/2020,0,0,0.333,
Census Tract,09001257100,White,10/2020,0,0,0,
Census Tract,09001257100,White,11/2020,0,0,0,
Census Tract,09001257100,White,12/2020,0,0,0,
Census Tract,09001257100,White,01/2021,0,0,0,
Census Tract,09001257100,White,02/2021,0,0,0,
Census Tract,09001257100,White,03/2021,0,0.5,0,
Census Tract,09001257100,White,04/2021,0,0,0,
Census Tract,09001257100,White,05/2021,1,0,0.333,
Census Tract,09001257100,White,06/2021,0,0,0.333,
Census Tract,09001257100,White,07/2021,0,0.5,0.667,
Census Tract,09001257100,White,08/2021,0,0.5,0.667,
Census Tract,09001257100,White,09/2021,1,0,0.333,
Census Tract,09001257100,White,10/2021,0,0,0,
Census Tract,09001257100,White,11/2021,0,0,0,
Census Tract,09001257100,White,12/2021,0,0,0,
Census Tract,09001257100,White,01/2022,0,0,0,
Census Tract,09001257100,White,02/2022,0,0,0,
Census Tract,09001257100,White,03/2022,1,0.5,0,
Census Tract,09001257100,White,04/2022,1,0,0,
Census Tract,09001257100,White,05/2022,0,0,0.333,
Census Tract,09001257100,White,06/2022,0,0,0.333,
Census Tract,09001257100,White,07/2022,0,0.5,0.667,
Census Tract,09001257100,White,08/2022,0,0.5,0.667,
Census Tract,09001257100,White,09/2022,1,0,0.333,
Census Tract,09001257100,White,10/2022,0,0,0,
Census Tract,09001257100,White,11/2022,0,0,0,
Census Tract,09001257100,White,12/2022,0,0,0,
Census Tract,09001257100,White,01/2023,0,0,0,
Census Tract,09001257100,White,02/2023,0,0,0,
Census Tract,09001257100,White,03/2023,0,0.5,0,
Census Tract,09001257100,White,04/2023,0,0,0,
Census Tract,09001257100,White,05/2023,0,0,0.333,
Census Tract,09001257100,White,06/2023,0,0,0.333,
Census Tract,09001257100,White,07/2023,0,0.5,0.667,
Census Tract,09001257100,White,08/2023,1,0.5,0.667,
Census Tract,09001257100,White,09/2023,0,0,0.333,
Census Tract,09001257100,White,10/2023,0,0,0,
Census Tract,09001257100,White,11/2023,0,0,0,
Census Tract,09001257100,White,12/2023,0,0,0,
Census Tract,09001257100,White,01/2024,0,0,0,
Census Tract,09001257100,White,02/2024,0,0,0,
Census Tract,09001257100,White,03/2024,1,0.5,0,
Census Tract,09001257100,White,04/2024,0,0,0,
Census Tract,09001257100,White,05/2024,0,0,0.333,
Census Tract,09001257100,White,06/2024,0,0,0.333,
Census Tract,09001257100,White,07/2024,1,0.5,0.667,
Census Tract,09001257100,White,08/2024,0,0.5,0.667,
Census Tract,09001257100,White,09/2024,0,0,0.333,
Census Tract,09001257100,White,10/2024,0,0,0,
Census Tract,09001257100,White,11/2024,0,0,0,
Census Tract,09001257100,White,12/2024,0,0,0,
Census Tract,09001257100,White,01/2025,0,0,0,
Census Tract,09001257100,White,02/2025,0,0,0,
Census Tract,09001257100,White,03/2025,0,0.5,0,
Census Tract,09001257100,White,04/2025,0,0,0,
Census Tract,09001257100,White,05/2025,0,0,0.333,
Census Tract,09001257100,White,06/2025,0,0,0.333,
Census Tract,09001257100,White,07/2025,1,0.5,0.667,
Census Tract,09001257100,White,08/2025,0,0.5,0.667,
Census Tract,09001257100,White,09/2025,0,0,0.333,
Census Tract,09001257100,White,10/2025,0,0,0,2025-10-04
Census Tract,09001257200,Other,01/2020,7,6,4.333,
Census Tract,09001257200,Other,02/2020,4,3.5,6.667,
Census Tract,09001257200,Other,03/2020,3,4,4.333,
Census Tract,09001257200,Other,04/2020,1,3.5,4.333,
Census Tract,09001257200,Other,05/2020,0,4,6,
Census Tract,09001257200,Other,06/2020,0,6.5,6,
Census Tract,09001257200,Other,07/2020,0,4,5.667,
Census Tract,09001257200,Other,08/2020,1,4,6.667,
Census Tract,09001257200,Other,09/2020,3,4.5,3.667,
Census Tract,09001257200,Other,10/2020,2,2,7.333,
Census Tract,09001257200,Other,11/2020,2,4.5,3.667,
Census Tract,09001257200,Other,12/2020,1,4.5,3.333,
Census Tract,09001257200,Other,01/2021,2,6,4.333,
Census Tract,09001257200,Other,02/2021,2,3.5,6.667,
Census Tract,09001257200,Other,03/2021,7,4,4.333,
Census Tract,09001257200,Other,04/2021,4,3.5,4.333,
Census Tract,09001257200,Other,05/2021,1,4,6,
Census Tract,09001257200,Other,06/2021,2,6.5,6,
Census Tract,09001257200,Other,07/2021,1,4,5.667,
Census Tract,09001257200,Other,08/2021,1,4,6.667,
Census Tract,09001257200,Other,09/2021,2,4.5,3.667,
Census Tract,09001257200,Other,10/2021,2,2,7.333,
Census Tract,09001257200,Other,11/2021,3,4.5,3.667,
Census Tract,09001257200,Other,12/2021,4,4.5,3.333,
Census Tract,09001257200,Other,01/2022,3,6,4.333,
Census Tract,09001257200,Other,02/2022,3,3.5,6.667,
Census Tract,09001257200,Other,03/2022,8,4,4.333,
Census Tract,09001257200,Other,04/2022,3,3.5,4.333,
Census Tract,09001257200,Other,05/2022,4,4,6,
Census Tract,09001257200,Other,06/2022,3,6.5,6,
Census Tract,09001257200,Other,07/2022,7,4,5.667,
Census Tract,09001257200,Other,08/2022,7,4,6.667,
Census Tract,09001257200,Other,09/2022,3,4.5,3.667,
Census Tract,09001257200,Other,10/2022,8,2,7.333,
Census Tract,09001257200,Other,11/2022,4,4.5,3.667,
Census Tract,09001257200,Other,12/2022,3,4.5,3.333,
Census Tract,09001257200,Other,01/2023,8,6,4.333,
Census Tract,09001257200,Other,02/2023,4,3.5,6.667,
Census Tract,09001257200,Other,03/2023,4,4,4.333,
Census Tract,09001257200,Other,04/2023,1,3.5,4.333,
Census Tract,09001257200,Other,05/2023,2,4,6,
Census Tract,09001257200,Other,06/2023,11,6.5,6,
Census Tract,09001257200,Other,07/2023,6,4,5.667,
Census Tract,09001257200,Other,08/2023,7,4,6.667,
Census Tract,09001257200,Other,09/2023,3,4.5,3.667,
Census Tract,09001257200,Other,10/2023,2,2,7.333,
Census Tract,09001257200,Other,11/2023,6,4.5,3.667,
Census Tract,09001257200,Other,12/2023,5,4.5,3.333,
Census Tract,09001257200,Other,01/2024,4,6,4.333,
Census Tract,09001257200,Other,02/2024,3,3.5,6.667,
Census Tract,09001257200,Other,03/2024,4,4,4.333,
Census Tract,09001257200,Other,04/2024,6,3.5,4.333,
Census Tract,09001257200,Other,05/2024,6,4,6,
Census Tract,09001257200,Other,06/2024,2,6.5,6,
Census Tract,09001257200,Other,07/2024,2,4,5.667,
Census Tract,09001257200,Other,08/2024,1,4,6.667,
Census Tract,09001257200,Other,09/2024,6,4.5,3.667,
Census Tract,09001257200,Other,10/2024,2,2,7.333,
Census Tract,09001257200,Other,11/2024,3,4.5,3.667,
Census Tract,09001257200,Other,12/2024,4,4.5,3.333,
Census Tract,09001257200,Other,01/2025,2,6,4.333,
Census Tract,09001257200,Other,02/2025,0,3.5,6.667,
Census Tract,09001257200,Other,03/2025,4,4,4.333,
Census Tract,09001257200,Other,04/2025,1,3.5,4.333,
Census Tract,09001257200,Other,05/2025,4,4,6,
Census Tract,09001257200,Other,06/2025,3,6.5,6,
Census Tract,09001257200,Other,07/2025,3,4,5.667,
Census Tract,09001257200,Other,08/2025,0,4,6.667,
Census Tract,09001257200,Other,09/2025,1,4.5,3.667,
Census Tract,09001257200,Other,10/2025,0,0.5,1.333,2025-10-04
Census Tract,09001990000,Other,01/2020,0,0,0,
Census Tract,09001990000,Other,02/2020,0,0,0,
Census Tract,09001990000,Other,03/2020,0,0,0,
Census Tract,09001990000,Other,04/2020,0,0,0,
Census Tract,09001990000,Other,05/2020,0,0,0,
Census Tract,09001990000,Other,06/2020,0,0,0,
Census Tract,09001990000,Other,07/2020,0,0,0,
Census Tract,09001990000,Other,08/2020,0,0,0,
Census Tract,09001990000,Other,09/2020,0,0,0,
Census Tract,09001990000,Other,10/2020,0,0,0,
Census Tract,09001990000,Other,11/2020,0,0,0,
Census Tract,09001990000,Other,12/2020,0,0,0,
Census Tract,09001990000,Other,01/2021,0,0,0,
Census Tract,09001990000,Other,02/2021,0,0,0,
Census Tract,09001990000,Other,03/2021,0,0,0,
Census Tract,09001990000,Other,04/2021,0,0,0,
Census Tract,09001990000,Other,05/2021,0,0,0,
Census Tract,09001990000,Other,06/2021,0,0,0,
Census Tract,09001990000,Other,07/2021,0,0,0,
Census Tract,09001990000,Other,08/2021,0,0,0,
Census Tract,09001990000,Other,09/2021,0,0,0,
Census Tract,09001990000,Other,10/2021,0,0,0,
Census Tract,09001990000,Other,11/2021,0,0,0,
Census Tract,09001990000,Other,12/2021,0,0,0,
Census Tract,09001990000,Other,01/2022,0,0,0,
Census Tract,09001990000,Other,02/2022,0,0,0,
Census Tract,09001990000,Other,03/2022,0,0,0,
Census Tract,09001990000,Other,04/2022,0,0,0,
Census Tract,09001990000,Other,05/2022,0,0,0,
Census Tract,09001990000,Other,06/2022,0,0,0,
Census Tract,09001990000,Other,07/2022,0,0,0,
Census Tract,09001990000,Other,08/2022,0,0,0,
Census Tract,09001990000,Other,09/2022,0,0,0,
Census Tract,09001990000,Other,10/2022,0,0,0,
Census Tract,09001990000,Other,11/2022,0,0,0,
Census Tract,09001990000,Other,12/2022,0,0,0,
Census Tract,09001990000,Other,01/2023,0,0,0,
Census Tract,09001990000,Other,02/2023,0,0,0,
Census Tract,09001990000,Other,03/2023,0,0,0,
Census Tract,09001990000,Other,04/2023,0,0,0,
Census Tract,09001990000,Other,05/2023,0,0,0,
Census Tract,09001990000,Other,06/2023,0,0,0,
Census Tract,09001990000,Other,07/2023,0,0,0,
Census Tract,09001990000,Other,08/2023,0,0,0,
Census Tract,09001990000,Other,09/2023,0,0,0,
Census Tract,09001990000,Other,10/2023,0,0,0,
Census Tract,09001990000,Other,11/2023,0,0,0,
Census Tract,09001990000,Other,12/2023,0,0,0,
Census Tract,09001990000,Other,01/2024,0,0,0,
Census Tract,09001990000,Other,02/2024,0,0,0,
Census Tract,09001990000,Other,03/2024,0,0,0,
Census Tract,09001990000,Other,04/2024,0,0,0,
Census Tract,09001990000,Other,05/2024,0,0,0,
Census Tract,09001990000,Other,06/2024,0,0,0,
Census Tract,09001990000,Other,07/2024,0,0,0,
Census Tract,09001990000,Other,08/2024,0,0,0,
Census Tract,09001990000,Other,09/2024,0,0,0,
Census Tract,09001990000,Other,10/2024,0,0,0,
Census Tract,09001990000,Other,11/2024,0,0,0,
Census Tract,09001990000,Other,12/2024,0,0,0,
Census Tract,09001990000,Other,01/2025,0,0,0,
Census Tract,09001990000,Other,02/2025,0,0,0,
Census Tract,09001990000,Other,03/2025,0,0,0,
Census Tract,09001990000,Other,04/2025,0,0,0,
Census Tract,09001990000,Other,05/2025,0,0,0,
Census Tract,09001990000,Other,06/2025,0,0,0,
Census Tract,09001990000,Other,07/2025,0,0,0,
Census Tract,09001990000,Other,08/2025,0,0,0,
Census Tract,09001990000,Other,09/2025,0,0,0,
Census Tract,09001990000,Other,10/2025,0,0,0,2025-10-04
Census Tract,sealed,,01/2020,5,2,2,
Census Tract,sealed,,02/2020,2,6,1.333,
Census Tract,sealed,,03/2020,11,2,1,
Census Tract,sealed,,04/2020,0,7,1,
Census Tract,sealed,,05/2020,0,1,1.667,
Census Tract,sealed,,06/2020,0,3,2.667,
Census Tract,sealed,,07/2020,0,1.5,2.333,
Census Tract,sealed,,08/2020,0,4.5,2.667,
Census Tract,sealed,,09/2020,1,2.5,1,
Census Tract,sealed,,10/2020,1,1.5,1.333,
Census Tract,sealed,,11/2020,1,7,1,
Census Tract,sealed,,12/2020,1,3.5,0.667,
Census Tract,sealed,,01/2021,1,2,2,
Census Tract,sealed,,02/2021,1,6,1.333,
Census Tract,sealed,,03/2021,2,2,1,
Census Tract,sealed,,04/2021,1,7,1,
Census Tract,sealed,,05/2021,3,1,1.667,
Census Tract,sealed,,06/2021,7,3,2.667,
Census Tract,sealed,,07/2021,1,1.5,2.333,
Census Tract,sealed,,08/2021,0,4.5,2.667,
Census Tract,sealed,,09/2021,2,2.5,1,
Census Tract,sealed,,10/2021,5,1.5,1.333,
Census Tract,sealed,,11/2021,1,7,1,
Census Tract,sealed,,12/2021,0,3.5,0.667,
Census Tract,sealed,,01/2022,5,2,2,
Census Tract,sealed,,02/2022,5,6,1.333,
Census Tract,sealed,,03/2022,6,2,1,
Census Tract,sealed,,04/2022,11,7,1,
Census Tract,sealed,,05/2022,6,1,1.667,
Census Tract,sealed,,06/2022,3,3,2.667,
Census Tract,sealed,,07/2022,0,1.5,2.333,
Census Tract,sealed,,08/2022,13,4.5,2.667,
Census Tract,sealed,,09/2022,3,2.5,1,
Census Tract,sealed,,10/2022,5,1.5,1.333,
Census Tract,sealed,,11/2022,5,7,1,
Census Tract,sealed,,12/2022,1,3.5,0.667,
Census Tract,sealed,,01/2023,0,2,2,
Census Tract,sealed,,02/2023,7,6,1.333,
Census Tract,sealed,,03/2023,3,2,1,
Census Tract,sealed,,04/2023,4,7,1,
Census Tract,sealed,,05/2023,2,1,1.667,
Census Tract,sealed,,06/2023,2,3,2.667,
Census Tract,sealed,,07/2023,0,1.5,2.333,
Census Tract,sealed,,08/2023,3,4.5,2.667,
Census Tract,sealed,,09/2023,4,2.5,1,
Census Tract,sealed,,10/2023,0,1.5,1.333,
Census Tract,sealed,,11/2023,5,7,1,
Census Tract,sealed,,12/2023,3,3.5,0.667,
Census Tract,sealed,,01/2024,4,2,2,
Census Tract,sealed,,02/2024,5,6,1.333,
Census Tract,sealed,,03/2024,1,2,1,
Census Tract,sealed,,04/2024,10,7,1,
Census Tract,sealed,,05/2024,0,1,1.667,
Census Tract,sealed,,06/2024,4,3,2.667,
Census Tract,sealed,,07/2024,3,1.5,2.333,
Census Tract,sealed,,08/2024,6,4.5,2.667,
Census Tract,sealed,,09/2024,1,2.5,1,
Census Tract,sealed,,10/2024,3,1.5,1.333,
Census Tract,sealed,,11/2024,9,7,1,
Census Tract,sealed,,12/2024,4,3.5,0.667,
Census Tract,sealed,,01/2025,1,2,2,
Census Tract,sealed,,02/2025,3,6,1.333,
Census Tract,sealed,,03/2025,2,2,1,
Census Tract,sealed,,04/2025,0,7,1,
Census Tract,sealed,,05/2025,1,1,1.667,
Census Tract,sealed,,06/2025,1,3,2.667,
Census Tract,sealed,,07/2025,5,1.5,2.333,
Census Tract,sealed,,08/2025,275,4.5,2.667,
Census Tract,sealed,,09/2025,59,2.5,1,
Census Tract,sealed,,10/2025,0,0,0,2025-10-04
