group,month,month_last_day,month_filings,avg_filings,month_diff,month_filings_imputed,baseline_share
White,07/2023,,827,843,0.981020166073547,0.274324711772604,0.435730762964043
Black,07/2023,,98,105.333333333333,0.930379746835443,0.359851532558484,0.186869163286482
Latinx,07/2023,,910,1022.33333333333,0.890120639060972,0.321326757480066,0.301403812676334
Other,07/2023,,1638,2014.33333333333,0.813172265431077,0.0444969981888469,
Female,07/2023,,,,,0.580215616919281,0.526666696965428
