group,month,month_last_day,month_filings,avg_filings,month_diff,month_filings_imputed,baseline_share
White,08/2023,,960,883.666666666667,1.08638249717088,,0.435730762964043
Black,08/2023,,97,105.333333333333,0.920886075949367,,0.186869163286482
Latinx,08/2023,,1111,1122.33333333333,0.98990198990199,,0.301403812676334
Other,08/2023,,2134,1873.66666666667,1.13894324853229,,
Female,08/2023,,,,,,0.526666696965428
