group,month,month_last_day,month_filings,avg_filings,month_diff,month_filings_imputed,baseline_share
White,12/2022,,897,843,1.06405693950178,0.276935730337079,0.435730762964043
Black,12/2022,,90,105.333333333333,0.854430379746835,0.357570561797753,0.186869163286482
Latinx,12/2022,,1183,1022.33333333333,1.15715683077926,0.31545595505618,0.301403812676334
Other,12/2022,,2284,2014.33333333333,1.13387390369022,0.0500377528089888,
Female,12/2022,,,,,0.579626471284015,0.526666696965428
