group,month,month_last_day,month_filings,avg_filings,month_diff,month_filings_imputed,baseline_share
White,04/2023,,888,843,1.05338078291815,0.27311013116237,0.435730762964043
Black,04/2023,,88,105.333333333333,0.835443037974684,0.359539800995025,0.186869163286482
Latinx,04/2023,,1207,1022.33333333333,1.18063253994131,0.317312302125735,0.301403812676334
Other,04/2023,,2247,2014.33333333333,1.11550554360417,0.0500377657168702,
Female,04/2023,,,,,0.581657233657158,0.526666696965428
