group,month,month_last_day,month_filings,avg_filings,month_diff,month_filings_imputed
White,04/2022,,978,843,1.16014234875445,0.280126498553121
Black,04/2022,,79,105.333333333333,0.75,0.349230260438198
Latinx,04/2022,,1138,1022.33333333333,1.11313987610042,0.323602935097148
Other,04/2022,,2411,2014.33333333333,1.19692205858018,0.0235201529557668
Female,04/2022,,,,,0.588067414847083
