group,month,month_last_day,month_filings,avg_filings,month_diff,month_filings_imputed,baseline_share
White,08/2022,,926,843,1.09845788849348,0.278952541610436,0.435730762964043
Black,08/2022,,75,105.333333333333,0.712025316455696,0.356170715249663,0.186869163286482
Latinx,08/2022,,1177,1022.33333333333,1.15128790348875,0.315078272604588,0.301403812676334
Other,08/2022,,2275,2014.33333333333,1.12940592420983,0.0248992352676563,
Female,08/2022,,,,,0.583318026894146,0.526666696965428
