group,month,month_last_day,month_filings,avg_filings,month_diff,month_filings_imputed,baseline_share
White,10/2022,,899,843,1.06642941874259,0.277016655413009,0.435730762964043
Black,10/2022,,76,105.333333333333,0.721518987341772,0.360999324780554,0.186869163286482
Latinx,10/2022,,1197,1022.33333333333,1.17085099445712,0.312341886112987,0.301403812676334
Other,10/2022,,2269,2014.33333333333,1.1264272712229,0.0496421336934503,
Female,10/2022,,,,,0.585631449350456,0.526666696965428
