group,month,month_last_day,month_filings,avg_filings,month_diff,month_filings_imputed,baseline_share
White,10/2023,,4531,6820.5,0.664320797595484,0.366735389587084,0.578734644516581
Black,10/2023,,2856,4415.25,0.646848989298454,0.518346923131415,0.314954490484374
Other,10/2023,,1658,3174.5,0.522286974326666,0.0429174935650715,
Latinx,10/2023,,,,,0.0720001937164291,0.0632836865890141
Female,10/2023,,,,,0.584161255590273,0.529603522364048
