group,month,month_last_day,month_filings,avg_filings,month_diff,month_filings_imputed
White,04/2022,,3024,5087.5,0.594398034398034,0.294446500690132
Black,04/2022,,3523,5607.5,0.628265715559519,0.633567685079691
Other,04/2022,,2279,3707.75,0.614658485604477,0.0126234945340522
Latinx,04/2022,,,,,0.0467388251620728
Female,04/2022,,,,,0.565470489284369
