group,month,month_last_day,month_filings,avg_filings,month_diff,month_filings_imputed,baseline_share
White,07/2022,,3259,5087.5,0.640589680589681,0.294573492975605,0.546971909993438
Black,07/2022,,3535,5607.5,0.630405706642889,0.632830497231943,0.344340720983891
Other,07/2022,,2314,3707.75,0.624098172746275,0.0126609604803508,
Latinx,07/2022,,,,,0.047274088831751,0.078544061302682
Female,07/2022,,,,,0.567055470343385,0.529603522364048
