group,month,month_last_day,month_filings,avg_filings,month_diff,month_filings_imputed,baseline_share
White,03/2023,,3485,5091.75,0.684440516521824,0.31550483855514,0.578734644516581
Black,03/2023,,3548,5610.5,0.632385705373853,0.599524671840567,0.314954490484374
Other,03/2023,,2278,3708,0.614347357065804,0.0258383635144198,
Latinx,03/2023,,,,,0.0591321260898726,0.0632836865890141
Female,03/2023,,,,,0.593719819354956,0.529603522364048
