group,month,month_last_day,month_filings,avg_filings,month_diff,month_filings_imputed,baseline_share
White,01/2023,,3432,5087.5,0.674594594594595,0.312887156862745,0.578734644516581
Black,01/2023,,3533,5607.5,0.630049041462327,0.604930294117647,0.314954490484374
Other,01/2023,,2228,3707.75,0.600903512912144,0.0251283333333332,
Latinx,01/2023,,,,,0.0570542156862745,0.0632836865890141
Female,01/2023,,,,,0.594586570290941,0.529603522364048
