group,month,month_last_day,month_filings,avg_filings,month_diff,month_filings_imputed,baseline_share
White,07/2023,,1823,5091.75,0.358030146806108,0.341284404635174,0.578734644516581
Black,07/2023,,3399,5610.5,0.605828357543891,0.555210653794643,0.314954490484374
Other,07/2023,,2275,3708,0.613538295577131,0.0367571334075072,
Latinx,07/2023,,,,,0.0667478081626766,0.0632836865890141
Female,07/2023,,,,,0.590191764600221,0.529603522364048
