group,month,month_last_day,month_filings,avg_filings,month_diff,month_filings_imputed,baseline_share
White,01/2023,,3432,5087.5,0.674594594594595,0.312474527930763,0.578734644516581
Black,01/2023,,3533,5607.5,0.630049041462327,0.607446597167585,0.314954490484374
Other,01/2023,,2228,3707.75,0.600903512912144,0.0249315499606609,
Latinx,01/2023,,,,,0.0551473249409913,0.0632836865890141
Female,01/2023,,,,,0.594586570290941,0.529603522364048
