group,month,month_last_day,month_filings,avg_filings,month_diff,month_filings_imputed,baseline_share
White,02/2023,,3415,5087.5,0.671253071253071,0.314003217628705,0.578734644516581
Black,02/2023,,3481,5607.5,0.620775746767722,0.600873049921997,0.314954490484374
Other,02/2023,,2294,3707.75,0.618704065808105,0.0257524375975039,
Latinx,02/2023,,,,,0.0593712948517941,0.0632836865890141
Female,02/2023,,,,,0.593299016317686,0.529603522364048
