group,month,month_last_day,month_filings,avg_filings,month_diff,month_filings_imputed,baseline_share
White,03/2023,,3485,5091.75,0.684440516521824,0.314003217628705,0.578734644516581
Black,03/2023,,3548,5610.5,0.632385705373853,0.600873049921997,0.314954490484374
Other,03/2023,,2278,3708,0.614347357065804,0.0257524375975039,
Latinx,03/2023,,,,,0.0593712948517941,0.0632836865890141
Female,03/2023,,,,,0.593719819354956,0.529603522364048
