group,month,month_last_day,month_filings,avg_filings,month_diff,month_filings_imputed,baseline_share
White,12/2022,,3407,5087.5,0.66968058968059,0.312474527930763,0.578734644516581
Black,12/2022,,3531,5607.5,0.629692376281765,0.607446597167585,0.314954490484374
Other,12/2022,,2204,3707.75,0.594430584586339,0.0249315499606609,
Latinx,12/2022,,,,,0.0551473249409913,0.0632836865890141
Female,12/2022,,,,,0.595760035543551,0.529603522364048
