group,month,month_last_day,month_filings,avg_filings,month_diff,month_filings_imputed,baseline_share
White,05/2023,,3433,5091.75,0.674227917710021,0.318622030447009,0.578734644516581
Black,05/2023,,3464,5610.5,0.61741377773817,0.593228740424707,0.314954490484374
Other,05/2023,,2309,3708,0.622707659115426,0.0263648792785804,
Latinx,05/2023,,,,,0.0617843498497043,0.0632836865890141
Female,05/2023,,,,,0.590928413297038,0.529603522364048
