group,month,month_last_day,month_filings,avg_filings,month_diff,month_filings_imputed,baseline_share
White,09/2023,,4445,6820.5,0.651711751337879,0.366735389587084,0.578734644516581
Black,09/2023,,2855,4415.25,0.646622501557103,0.518346923131415,0.314954490484374
Other,09/2023,,1679,3174.5,0.528902189321153,0.0429174935650715,
Latinx,09/2023,,,,,0.0720001937164291,0.0632836865890141
Female,09/2023,,,,,0.584161255590273,0.529603522364048
