group,month,month_last_day,month_filings,avg_filings,month_diff,month_filings_imputed,baseline_share
White,04/2023,,3423,5091.75,0.672263956400059,0.317599922239502,0.578734644516581
Black,04/2023,,3457,5610.5,0.616166117101863,0.594753693623639,0.314954490484374
Other,04/2023,,2287,3708,0.616774541531823,0.0264297239502332,
Latinx,04/2023,,,,,0.0612166601866252,0.0632836865890141
Female,04/2023,,,,,0.592272070386132,0.529603522364048
