group,month,month_last_day,month_filings,avg_filings,month_diff,month_filings_imputed,baseline_share
White,06/2023,,1877,5091.75,0.368635537879904,0.320972156624187,0.578734644516581
Black,06/2023,,3415,5610.5,0.608680153284021,0.589302779037147,0.314954490484374
Other,06/2023,,2235,3708,0.602750809061489,0.0266153876021343,
Latinx,06/2023,,,,,0.063109676736531,0.0632836865890141
Female,06/2023,,,,,0.589985712051815,0.529603522364048
