type,GEOID,racial_majority,month,filings_2020,filings_avg,last_updated
Census Tract,45019000100,White,01/2020,0,2.5,2025-03-08
Census Tract,45019000100,White,02/2020,27,2,2025-03-08
Census Tract,45019000100,White,03/2020,0,5.5,2025-03-08
Census Tract,45019000100,White,04/2020,0,2,2025-03-08
Census Tract,45019000100,White,05/2020,0,4.5,2025-03-08
Census Tract,45019000100,White,06/2020,0,7.5,2025-03-08
Census Tract,45019000100,White,07/2020,0,3,2025-03-08
Census Tract,45019000100,White,08/2020,0,4.5,2025-03-08
Census Tract,45019000100,White,09/2020,0,2,2025-03-08
Census Tract,45019000100,White,10/2020,1,7.5,2025-03-08
Census Tract,45019000100,White,11/2020,0,3.5,2025-03-08
Census Tract,45019000100,White,12/2020,0,2,2025-03-08
Census Tract,45019000100,White,01/2021,0,2.5,2025-03-08
Census Tract,45019000100,White,02/2021,2,2,2025-03-08
Census Tract,45019000100,White,03/2021,0,5.5,2025-03-08
Census Tract,45019000100,White,04/2021,0,2,2025-03-08
Census Tract,45019000100,White,05/2021,0,4.5,2025-03-08
Census Tract,45019000100,White,06/2021,0,7.5,2025-03-08
Census Tract,45019000100,White,07/2021,0,3,2025-03-08
Census Tract,45019000100,White,08/2021,0,4.5,2025-03-08
Census Tract,45019000100,White,09/2021,0,2,2025-03-08
Census Tract,45019000100,White,10/2021,0,7.5,2025-03-08
Census Tract,45019000100,White,11/2021,2,3.5,2025-03-08
Census Tract,45019000100,White,12/2021,0,2,2025-03-08
Census Tract,45019000100,White,01/2022,0,2.5,2025-03-08
Census Tract,45019000100,White,02/2022,6,2,2025-03-08
Census Tract,45019000100,White,03/2022,6,5.5,2025-03-08
Census Tract,45019000100,White,04/2022,1,2,2025-03-08
Census Tract,45019000100,White,05/2022,4,4.5,2025-03-08
Census Tract,45019000100,White,06/2022,2,7.5,2025-03-08
Census Tract,45019000100,White,07/2022,0,3,2025-03-08
Census Tract,45019000100,White,08/2022,2,4.5,2025-03-08
Census Tract,45019000100,White,09/2022,5,2,2025-03-08
Census Tract,45019000100,White,10/2022,5,7.5,2025-03-08
Census Tract,45019000100,White,11/2022,0,3.5,2025-03-08
Census Tract,45019000100,White,12/2022,6,2,2025-03-08
Census Tract,45019000100,White,01/2023,0,2.5,2025-03-08
Census Tract,45019000100,White,02/2023,0,2,2025-03-08
Census Tract,45019000100,White,03/2023,7,5.5,2025-03-08
Census Tract,45019000100,White,04/2023,1,2,2025-03-08
Census Tract,45019000100,White,05/2023,0,4.5,2025-03-08
Census Tract,45019000100,White,06/2023,11,7.5,2025-03-08
Census Tract,45019000100,White,07/2023,0,3,2025-03-08
Census Tract,45019000100,White,08/2023,9,4.5,2025-03-08
Census Tract,45019000100,White,09/2023,1,2,2025-03-08
Census Tract,45019000100,White,10/2023,9,7.5,2025-03-08
Census Tract,45019000100,White,11/2023,2,3.5,2025-03-08
Census Tract,45019000100,White,12/2023,4,2,2025-03-08
Census Tract,45019000100,White,01/2024,5,2.5,2025-03-08
Census Tract,45019000100,White,02/2024,4,2,2025-03-08
Census Tract,45019000100,White,03/2024,4,5.5,2025-03-08
Census Tract,45019000100,White,04/2024,3,2,2025-03-08
Census Tract,45019000100,White,05/2024,9,4.5,2025-03-08
Census Tract,45019000100,White,06/2024,4,7.5,2025-03-08
Census Tract,45019000100,White,07/2024,6,3,2025-03-08
Census Tract,45019000100,White,08/2024,0,4.5,2025-03-08
Census Tract,45019000100,White,09/2024,3,2,2025-03-08
Census Tract,45019000100,White,10/2024,6,7.5,2025-03-08
Census Tract,45019000100,White,11/2024,5,3.5,2025-03-08
Census Tract,45019000100,White,12/2024,0,2,2025-03-08
Census Tract,45019000100,White,01/2025,5,2.5,2025-03-08
Census Tract,45019000100,White,02/2025,0,2,2025-03-08
Census Tract,45019000100,White,03/2025,0,0.5,2025-03-08
Census Tract,45019000200,White,01/2020,0,0,2025-03-08
Census Tract,45019000200,White,02/2020,0,1,2025-03-08
Census Tract,45019000200,White,03/2020,1,0,2025-03-08
Census Tract,45019000200,White,04/2020,0,0,2025-03-08
Census Tract,45019000200,White,05/2020,0,0,2025-03-08
Census Tract,45019000200,White,06/2020,0,0,2025-03-08
Census Tract,45019000200,White,07/2020,0,0,2025-03-08
Census Tract,45019000200,White,08/2020,0,0,2025-03-08
Census Tract,45019000200,White,09/2020,0,0.5,2025-03-08
Census Tract,45019000200,White,10/2020,0,0,2025-03-08
Census Tract,45019000200,White,11/2020,0,0.5,2025-03-08
Census Tract,45019000200,White,12/2020,0,0.5,2025-03-08
Census Tract,45019000200,White,01/2021,0,0,2025-03-08
Census Tract,45019000200,White,02/2021,0,1,2025-03-08
Census Tract,45019000200,White,03/2021,1,0,2025-03-08
Census Tract,45019000200,White,04/2021,0,0,2025-03-08
Census Tract,45019000200,White,05/2021,0,0,2025-03-08
Census Tract,45019000200,White,06/2021,1,0,2025-03-08
Census Tract,45019000200,White,07/2021,0,0,2025-03-08
Census Tract,45019000200,White,08/2021,0,0,2025-03-08
Census Tract,45019000200,White,09/2021,1,0.5,2025-03-08
Census Tract,45019000200,White,10/2021,1,0,2025-03-08
Census Tract,45019000200,White,11/2021,0,0.5,2025-03-08
Census Tract,45019000200,White,12/2021,0,0.5,2025-03-08
Census Tract,45019000200,White,01/2022,0,0,2025-03-08
Census Tract,45019000200,White,02/2022,0,1,2025-03-08
Census Tract,45019000200,White,03/2022,0,0,2025-03-08
Census Tract,45019000200,White,04/2022,0,0,2025-03-08
Census Tract,45019000200,White,05/2022,1,0,2025-03-08
Census Tract,45019000200,White,06/2022,0,0,2025-03-08
Census Tract,45019000200,White,07/2022,0,0,2025-03-08
Census Tract,45019000200,White,08/2022,0,0,2025-03-08
Census Tract,45019000200,White,09/2022,0,0.5,2025-03-08
Census Tract,45019000200,White,10/2022,0,0,2025-03-08
Census Tract,45019000200,White,11/2022,0,0.5,2025-03-08
Census Tract,45019000200,White,12/2022,1,0.5,2025-03-08
Census Tract,45019000200,White,01/2023,0,0,2025-03-08
Census Tract,45019000200,White,02/2023,1,1,2025-03-08
Census Tract,45019000200,White,03/2023,0,0,2025-03-08
Census Tract,45019000200,White,04/2023,0,0,2025-03-08
Census Tract,45019000200,White,05/2023,0,0,2025-03-08
Census Tract,45019000200,White,06/2023,0,0,2025-03-08
Census Tract,45019000200,White,07/2023,0,0,2025-03-08
Census Tract,45019000200,White,08/2023,0,0,2025-03-08
Census Tract,45019000200,White,09/2023,0,0.5,2025-03-08
Census Tract,45019000200,White,10/2023,0,0,2025-03-08
Census Tract,45019000200,White,11/2023,1,0.5,2025-03-08
Census Tract,45019000200,White,12/2023,1,0.5,2025-03-08
Census Tract,45019000200,White,01/2024,0,0,2025-03-08
Census Tract,45019000200,White,02/2024,1,1,2025-03-08
Census Tract,45019000200,White,03/2024,0,0,2025-03-08
Census Tract,45019000200,White,04/2024,0,0,2025-03-08
Census Tract,45019000200,White,05/2024,0,0,2025-03-08
Census Tract,45019000200,White,06/2024,0,0,2025-03-08
Census Tract,45019000200,White,07/2024,0,0,2025-03-08
Census Tract,45019000200,White,08/2024,0,0,2025-03-08
Census Tract,45019000200,White,09/2024,1,0.5,2025-03-08
Census Tract,45019000200,White,10/2024,0,0,2025-03-08
Census Tract,45019000200,White,11/2024,0,0.5,2025-03-08
Census Tract,45019000200,White,12/2024,0,0.5,2025-03-08
Census Tract,45019000200,White,01/2025,0,0,2025-03-08
Census Tract,45019000200,White,02/2025,0,1,2025-03-08
Census Tract,45019000200,White,03/2025,0,0,2025-03-08
Census Tract,45019000400,White,01/2020,1,3,2025-03-08
Census Tract,45019000400,White,02/2020,21,5,2025-03-08
Census Tract,45019000400,White,03/2020,2,7.5,2025-03-08
Census Tract,45019000400,White,04/2020,0,5.5,2025-03-08
Census Tract,45019000400,White,05/2020,0,4,2025-03-08
Census Tract,45019000400,White,06/2020,3,8.5,2025-03-08
Census Tract,45019000400,White,07/2020,0,2.5,2025-03-08
Census Tract,45019000400,White,08/2020,0,3,2025-03-08
Census Tract,45019000400,White,09/2020,1,2.5,2025-03-08
Census Tract,45019000400,White,10/2020,1,9.5,2025-03-08
Census Tract,45019000400,White,11/2020,1,3,2025-03-08
Census Tract,45019000400,White,12/2020,2,3.5,2025-03-08
Census Tract,45019000400,White,01/2021,2,3,2025-03-08
Census Tract,45019000400,White,02/2021,13,5,2025-03-08
Census Tract,45019000400,White,03/2021,4,7.5,2025-03-08
Census Tract,45019000400,White,04/2021,0,5.5,2025-03-08
Census Tract,45019000400,White,05/2021,1,4,2025-03-08
Census Tract,45019000400,White,06/2021,0,8.5,2025-03-08
Census Tract,45019000400,White,07/2021,0,2.5,2025-03-08
Census Tract,45019000400,White,08/2021,2,3,2025-03-08
Census Tract,45019000400,White,09/2021,0,2.5,2025-03-08
Census Tract,45019000400,White,10/2021,0,9.5,2025-03-08
Census Tract,45019000400,White,11/2021,5,3,2025-03-08
Census Tract,45019000400,White,12/2021,1,3.5,2025-03-08
Census Tract,45019000400,White,01/2022,0,3,2025-03-08
Census Tract,45019000400,White,02/2022,7,5,2025-03-08
Census Tract,45019000400,White,03/2022,4,7.5,2025-03-08
Census Tract,45019000400,White,04/2022,1,5.5,2025-03-08
Census Tract,45019000400,White,05/2022,4,4,2025-03-08
Census Tract,45019000400,White,06/2022,3,8.5,2025-03-08
Census Tract,45019000400,White,07/2022,1,2.5,2025-03-08
Census Tract,45019000400,White,08/2022,6,3,2025-03-08
Census Tract,45019000400,White,09/2022,2,2.5,2025-03-08
Census Tract,45019000400,White,10/2022,7,9.5,2025-03-08
Census Tract,45019000400,White,11/2022,2,3,2025-03-08
Census Tract,45019000400,White,12/2022,5,3.5,2025-03-08
Census Tract,45019000400,White,01/2023,3,3,2025-03-08
Census Tract,45019000400,White,02/2023,0,5,2025-03-08
Census Tract,45019000400,White,03/2023,9,7.5,2025-03-08
Census Tract,45019000400,White,04/2023,6,5.5,2025-03-08
Census Tract,45019000400,White,05/2023,1,4,2025-03-08
Census Tract,45019000400,White,06/2023,12,8.5,2025-03-08
Census Tract,45019000400,White,07/2023,1,2.5,2025-03-08
Census Tract,45019000400,White,08/2023,6,3,2025-03-08
Census Tract,45019000400,White,09/2023,1,2.5,2025-03-08
Census Tract,45019000400,White,10/2023,16,9.5,2025-03-08
Census Tract,45019000400,White,11/2023,3,3,2025-03-08
Census Tract,45019000400,White,12/2023,7,3.5,2025-03-08
Census Tract,45019000400,White,01/2024,3,3,2025-03-08
Census Tract,45019000400,White,02/2024,10,5,2025-03-08
Census Tract,45019000400,White,03/2024,6,7.5,2025-03-08
Census Tract,45019000400,White,04/2024,5,5.5,2025-03-08
Census Tract,45019000400,White,05/2024,7,4,2025-03-08
Census Tract,45019000400,White,06/2024,5,8.5,2025-03-08
Census Tract,45019000400,White,07/2024,4,2.5,2025-03-08
Census Tract,45019000400,White,08/2024,0,3,2025-03-08
Census Tract,45019000400,White,09/2024,4,2.5,2025-03-08
Census Tract,45019000400,White,10/2024,3,9.5,2025-03-08
Census Tract,45019000400,White,11/2024,3,3,2025-03-08
Census Tract,45019000400,White,12/2024,0,3.5,2025-03-08
Census Tract,45019000400,White,01/2025,1,3,2025-03-08
Census Tract,45019000400,White,02/2025,0,5,2025-03-08
Census Tract,45019000400,White,03/2025,0,0,2025-03-08
Census Tract,45019000500,White,01/2020,0,0,2025-03-08
Census Tract,45019000500,White,02/2020,0,0,2025-03-08
Census Tract,45019000500,White,03/2020,0,0,2025-03-08
Census Tract,45019000500,White,04/2020,0,0.5,2025-03-08
Census Tract,45019000500,White,05/2020,2,0,2025-03-08
Census Tract,45019000500,White,06/2020,2,0,2025-03-08
Census Tract,45019000500,White,07/2020,1,0.5,2025-03-08
Census Tract,45019000500,White,08/2020,0,0.5,2025-03-08
Census Tract,45019000500,White,09/2020,0,1,2025-03-08
Census Tract,45019000500,White,10/2020,0,0,2025-03-08
Census Tract,45019000500,White,11/2020,1,0,2025-03-08
Census Tract,45019000500,White,12/2020,0,0,2025-03-08
Census Tract,45019000500,White,01/2021,0,0,2025-03-08
Census Tract,45019000500,White,02/2021,0,0,2025-03-08
Census Tract,45019000500,White,03/2021,0,0,2025-03-08
Census Tract,45019000500,White,04/2021,0,0.5,2025-03-08
Census Tract,45019000500,White,05/2021,0,0,2025-03-08
Census Tract,45019000500,White,06/2021,0,0,2025-03-08
Census Tract,45019000500,White,07/2021,0,0.5,2025-03-08
Census Tract,45019000500,White,08/2021,0,0.5,2025-03-08
Census Tract,45019000500,White,09/2021,0,1,2025-03-08
Census Tract,45019000500,White,10/2021,0,0,2025-03-08
Census Tract,45019000500,White,11/2021,0,0,2025-03-08
Census Tract,45019000500,White,12/2021,0,0,2025-03-08
Census Tract,45019000500,White,01/2022,0,0,2025-03-08
Census Tract,45019000500,White,02/2022,0,0,2025-03-08
Census Tract,45019000500,White,03/2022,2,0,2025-03-08
Census Tract,45019000500,White,04/2022,0,0.5,2025-03-08
Census Tract,45019000500,White,05/2022,0,0,2025-03-08
Census Tract,45019000500,White,06/2022,0,0,2025-03-08
Census Tract,45019000500,White,07/2022,0,0.5,2025-03-08
Census Tract,45019000500,White,08/2022,0,0.5,2025-03-08
Census Tract,45019000500,White,09/2022,0,1,2025-03-08
Census Tract,45019000500,White,10/2022,0,0,2025-03-08
Census Tract,45019000500,White,11/2022,0,0,2025-03-08
Census Tract,45019000500,White,12/2022,0,0,2025-03-08
Census Tract,45019000500,White,01/2023,0,0,2025-03-08
Census Tract,45019000500,White,02/2023,0,0,2025-03-08
Census Tract,45019000500,White,03/2023,0,0,2025-03-08
Census Tract,45019000500,White,04/2023,1,0.5,2025-03-08
Census Tract,45019000500,White,05/2023,0,0,2025-03-08
Census Tract,45019000500,White,06/2023,0,0,2025-03-08
Census Tract,45019000500,White,07/2023,1,0.5,2025-03-08
Census Tract,45019000500,White,08/2023,1,0.5,2025-03-08
Census Tract,45019000500,White,09/2023,1,1,2025-03-08
Census Tract,45019000500,White,10/2023,0,0,2025-03-08
Census Tract,45019000500,White,11/2023,0,0,2025-03-08
Census Tract,45019000500,White,12/2023,0,0,2025-03-08
Census Tract,45019000500,White,01/2024,0,0,2025-03-08
Census Tract,45019000500,White,02/2024,0,0,2025-03-08
Census Tract,45019000500,White,03/2024,0,0,2025-03-08
Census Tract,45019000500,White,04/2024,0,0.5,2025-03-08
Census Tract,45019000500,White,05/2024,0,0,2025-03-08
Census Tract,45019000500,White,06/2024,0,0,2025-03-08
Census Tract,45019000500,White,07/2024,0,0.5,2025-03-08
Census Tract,45019000500,White,08/2024,0,0.5,2025-03-08
Census Tract,45019000500,White,09/2024,1,1,2025-03-08
Census Tract,45019000500,White,10/2024,0,0,2025-03-08
Census Tract,45019000500,White,11/2024,0,0,2025-03-08
Census Tract,45019000500,White,12/2024,0,0,2025-03-08
Census Tract,45019000500,White,01/2025,1,0,2025-03-08
Census Tract,45019000500,White,02/2025,0,0,2025-03-08
Census Tract,45019000500,White,03/2025,0,0,2025-03-08
Census Tract,45019000600,White,01/2020,0,0.5,2025-03-08
Census Tract,45019000600,White,02/2020,0,0.5,2025-03-08
Census Tract,45019000600,White,03/2020,0,0,2025-03-08
Census Tract,45019000600,White,04/2020,0,0.5,2025-03-08
Census Tract,45019000600,White,05/2020,0,0,2025-03-08
Census Tract,45019000600,White,06/2020,1,0,2025-03-08
Census Tract,45019000600,White,07/2020,0,1,2025-03-08
Census Tract,45019000600,White,08/2020,0,0.5,2025-03-08
Census Tract,45019000600,White,09/2020,0,0.5,2025-03-08
Census Tract,45019000600,White,10/2020,0,0,2025-03-08
Census Tract,45019000600,White,11/2020,1,0.5,2025-03-08
Census Tract,45019000600,White,12/2020,0,0,2025-03-08
Census Tract,45019000600,White,01/2021,0,0.5,2025-03-08
Census Tract,45019000600,White,02/2021,1,0.5,2025-03-08
Census Tract,45019000600,White,03/2021,1,0,2025-03-08
Census Tract,45019000600,White,04/2021,1,0.5,2025-03-08
Census Tract,45019000600,White,05/2021,0,0,2025-03-08
Census Tract,45019000600,White,06/2021,1,0,2025-03-08
Census Tract,45019000600,White,07/2021,2,1,2025-03-08
Census Tract,45019000600,White,08/2021,0,0.5,2025-03-08
Census Tract,45019000600,White,09/2021,1,0.5,2025-03-08
Census Tract,45019000600,White,10/2021,0,0,2025-03-08
Census Tract,45019000600,White,11/2021,0,0.5,2025-03-08
Census Tract,45019000600,White,12/2021,0,0,2025-03-08
Census Tract,45019000600,White,01/2022,0,0.5,2025-03-08
Census Tract,45019000600,White,02/2022,0,0.5,2025-03-08
Census Tract,45019000600,White,03/2022,0,0,2025-03-08
Census Tract,45019000600,White,04/2022,1,0.5,2025-03-08
Census Tract,45019000600,White,05/2022,0,0,2025-03-08
Census Tract,45019000600,White,06/2022,0,0,2025-03-08
Census Tract,45019000600,White,07/2022,1,1,2025-03-08
Census Tract,45019000600,White,08/2022,1,0.5,2025-03-08
Census Tract,45019000600,White,09/2022,3,0.5,2025-03-08
Census Tract,45019000600,White,10/2022,2,0,2025-03-08
Census Tract,45019000600,White,11/2022,0,0.5,2025-03-08
Census Tract,45019000600,White,12/2022,0,0,2025-03-08
Census Tract,45019000600,White,01/2023,0,0.5,2025-03-08
Census Tract,45019000600,White,02/2023,0,0.5,2025-03-08
Census Tract,45019000600,White,03/2023,0,0,2025-03-08
Census Tract,45019000600,White,04/2023,1,0.5,2025-03-08
Census Tract,45019000600,White,05/2023,0,0,2025-03-08
Census Tract,45019000600,White,06/2023,0,0,2025-03-08
Census Tract,45019000600,White,07/2023,1,1,2025-03-08
Census Tract,45019000600,White,08/2023,1,0.5,2025-03-08
Census Tract,45019000600,White,09/2023,0,0.5,2025-03-08
Census Tract,45019000600,White,10/2023,0,0,2025-03-08
Census Tract,45019000600,White,11/2023,0,0.5,2025-03-08
Census Tract,45019000600,White,12/2023,0,0,2025-03-08
Census Tract,45019000600,White,01/2024,1,0.5,2025-03-08
Census Tract,45019000600,White,02/2024,1,0.5,2025-03-08
Census Tract,45019000600,White,03/2024,0,0,2025-03-08
Census Tract,45019000600,White,04/2024,0,0.5,2025-03-08
Census Tract,45019000600,White,05/2024,0,0,2025-03-08
Census Tract,45019000600,White,06/2024,0,0,2025-03-08
Census Tract,45019000600,White,07/2024,1,1,2025-03-08
Census Tract,45019000600,White,08/2024,0,0.5,2025-03-08
Census Tract,45019000600,White,09/2024,1,0.5,2025-03-08
Census Tract,45019000600,White,10/2024,0,0,2025-03-08
Census Tract,45019000600,White,11/2024,1,0.5,2025-03-08
Census Tract,45019000600,White,12/2024,0,0,2025-03-08
Census Tract,45019000600,White,01/2025,0,0.5,2025-03-08
Census Tract,45019000600,White,02/2025,0,0.5,2025-03-08
Census Tract,45019000600,White,03/2025,0,0,2025-03-08
Census Tract,45019000700,White,01/2020,15,0,2025-03-08
Census Tract,45019000700,White,02/2020,2,1.5,2025-03-08
Census Tract,45019000700,White,03/2020,3,1,2025-03-08
Census Tract,45019000700,White,04/2020,0,0.5,2025-03-08
Census Tract,45019000700,White,05/2020,3,3.5,2025-03-08
Census Tract,45019000700,White,06/2020,1,2,2025-03-08
Census Tract,45019000700,White,07/2020,1,1,2025-03-08
Census Tract,45019000700,White,08/2020,1,1,2025-03-08
Census Tract,45019000700,White,09/2020,1,1.5,2025-03-08
Census Tract,45019000700,White,10/2020,3,1,2025-03-08
Census Tract,45019000700,White,11/2020,0,0,2025-03-08
Census Tract,45019000700,White,12/2020,2,0.5,2025-03-08
Census Tract,45019000700,White,01/2021,0,0,2025-03-08
Census Tract,45019000700,White,02/2021,0,1.5,2025-03-08
Census Tract,45019000700,White,03/2021,4,1,2025-03-08
Census Tract,45019000700,White,04/2021,1,0.5,2025-03-08
Census Tract,45019000700,White,05/2021,0,3.5,2025-03-08
Census Tract,45019000700,White,06/2021,0,2,2025-03-08
Census Tract,45019000700,White,07/2021,0,1,2025-03-08
Census Tract,45019000700,White,08/2021,0,1,2025-03-08
Census Tract,45019000700,White,09/2021,5,1.5,2025-03-08
Census Tract,45019000700,White,10/2021,0,1,2025-03-08
Census Tract,45019000700,White,11/2021,0,0,2025-03-08
Census Tract,45019000700,White,12/2021,2,0.5,2025-03-08
Census Tract,45019000700,White,01/2022,1,0,2025-03-08
Census Tract,45019000700,White,02/2022,1,1.5,2025-03-08
Census Tract,45019000700,White,03/2022,0,1,2025-03-08
Census Tract,45019000700,White,04/2022,0,0.5,2025-03-08
Census Tract,45019000700,White,05/2022,3,3.5,2025-03-08
Census Tract,45019000700,White,06/2022,4,2,2025-03-08
Census Tract,45019000700,White,07/2022,0,1,2025-03-08
Census Tract,45019000700,White,08/2022,1,1,2025-03-08
Census Tract,45019000700,White,09/2022,1,1.5,2025-03-08
Census Tract,45019000700,White,10/2022,0,1,2025-03-08
Census Tract,45019000700,White,11/2022,0,0,2025-03-08
Census Tract,45019000700,White,12/2022,0,0.5,2025-03-08
Census Tract,45019000700,White,01/2023,0,0,2025-03-08
Census Tract,45019000700,White,02/2023,2,1.5,2025-03-08
Census Tract,45019000700,White,03/2023,0,1,2025-03-08
Census Tract,45019000700,White,04/2023,1,0.5,2025-03-08
Census Tract,45019000700,White,05/2023,5,3.5,2025-03-08
Census Tract,45019000700,White,06/2023,3,2,2025-03-08
Census Tract,45019000700,White,07/2023,1,1,2025-03-08
Census Tract,45019000700,White,08/2023,2,1,2025-03-08
Census Tract,45019000700,White,09/2023,1,1.5,2025-03-08
Census Tract,45019000700,White,10/2023,2,1,2025-03-08
Census Tract,45019000700,White,11/2023,0,0,2025-03-08
Census Tract,45019000700,White,12/2023,1,0.5,2025-03-08
Census Tract,45019000700,White,01/2024,0,0,2025-03-08
Census Tract,45019000700,White,02/2024,1,1.5,2025-03-08
Census Tract,45019000700,White,03/2024,2,1,2025-03-08
Census Tract,45019000700,White,04/2024,0,0.5,2025-03-08
Census Tract,45019000700,White,05/2024,2,3.5,2025-03-08
Census Tract,45019000700,White,06/2024,1,2,2025-03-08
Census Tract,45019000700,White,07/2024,1,1,2025-03-08
Census Tract,45019000700,White,08/2024,0,1,2025-03-08
Census Tract,45019000700,White,09/2024,2,1.5,2025-03-08
Census Tract,45019000700,White,10/2024,0,1,2025-03-08
Census Tract,45019000700,White,11/2024,0,0,2025-03-08
Census Tract,45019000700,White,12/2024,0,0.5,2025-03-08
Census Tract,45019000700,White,01/2025,3,0,2025-03-08
Census Tract,45019000700,White,02/2025,1,1.5,2025-03-08
Census Tract,45019000700,White,03/2025,0,0,2025-03-08
Census Tract,45019000900,White,01/2020,6,9,2025-03-08
Census Tract,45019000900,White,02/2020,22,5,2025-03-08
Census Tract,45019000900,White,03/2020,2,7.5,2025-03-08
Census Tract,45019000900,White,04/2020,0,5,2025-03-08
Census Tract,45019000900,White,05/2020,7,3.5,2025-03-08
Census Tract,45019000900,White,06/2020,7,4,2025-03-08
Census Tract,45019000900,White,07/2020,6,4,2025-03-08
Census Tract,45019000900,White,08/2020,4,4.5,2025-03-08
Census Tract,45019000900,White,09/2020,2,5.5,2025-03-08
Census Tract,45019000900,White,10/2020,3,7,2025-03-08
Census Tract,45019000900,White,11/2020,0,7,2025-03-08
Census Tract,45019000900,White,12/2020,3,3,2025-03-08
Census Tract,45019000900,White,01/2021,2,9,2025-03-08
Census Tract,45019000900,White,02/2021,8,5,2025-03-08
Census Tract,45019000900,White,03/2021,10,7.5,2025-03-08
Census Tract,45019000900,White,04/2021,3,5,2025-03-08
Census Tract,45019000900,White,05/2021,5,3.5,2025-03-08
Census Tract,45019000900,White,06/2021,0,4,2025-03-08
Census Tract,45019000900,White,07/2021,1,4,2025-03-08
Census Tract,45019000900,White,08/2021,2,4.5,2025-03-08
Census Tract,45019000900,White,09/2021,3,5.5,2025-03-08
Census Tract,45019000900,White,10/2021,0,7,2025-03-08
Census Tract,45019000900,White,11/2021,6,7,2025-03-08
Census Tract,45019000900,White,12/2021,3,3,2025-03-08
Census Tract,45019000900,White,01/2022,3,9,2025-03-08
Census Tract,45019000900,White,02/2022,7,5,2025-03-08
Census Tract,45019000900,White,03/2022,3,7.5,2025-03-08
Census Tract,45019000900,White,04/2022,5,5,2025-03-08
Census Tract,45019000900,White,05/2022,5,3.5,2025-03-08
Census Tract,45019000900,White,06/2022,7,4,2025-03-08
Census Tract,45019000900,White,07/2022,4,4,2025-03-08
Census Tract,45019000900,White,08/2022,7,4.5,2025-03-08
Census Tract,45019000900,White,09/2022,3,5.5,2025-03-08
Census Tract,45019000900,White,10/2022,12,7,2025-03-08
Census Tract,45019000900,White,11/2022,2,7,2025-03-08
Census Tract,45019000900,White,12/2022,5,3,2025-03-08
Census Tract,45019000900,White,01/2023,6,9,2025-03-08
Census Tract,45019000900,White,02/2023,1,5,2025-03-08
Census Tract,45019000900,White,03/2023,10,7.5,2025-03-08
Census Tract,45019000900,White,04/2023,4,5,2025-03-08
Census Tract,45019000900,White,05/2023,2,3.5,2025-03-08
Census Tract,45019000900,White,06/2023,6,4,2025-03-08
Census Tract,45019000900,White,07/2023,4,4,2025-03-08
Census Tract,45019000900,White,08/2023,9,4.5,2025-03-08
Census Tract,45019000900,White,09/2023,4,5.5,2025-03-08
Census Tract,45019000900,White,10/2023,10,7,2025-03-08
Census Tract,45019000900,White,11/2023,6,7,2025-03-08
Census Tract,45019000900,White,12/2023,5,3,2025-03-08
Census Tract,45019000900,White,01/2024,12,9,2025-03-08
Census Tract,45019000900,White,02/2024,9,5,2025-03-08
Census Tract,45019000900,White,03/2024,5,7.5,2025-03-08
Census Tract,45019000900,White,04/2024,6,5,2025-03-08
Census Tract,45019000900,White,05/2024,5,3.5,2025-03-08
Census Tract,45019000900,White,06/2024,2,4,2025-03-08
Census Tract,45019000900,White,07/2024,4,4,2025-03-08
Census Tract,45019000900,White,08/2024,0,4.5,2025-03-08
Census Tract,45019000900,White,09/2024,7,5.5,2025-03-08
Census Tract,45019000900,White,10/2024,4,7,2025-03-08
Census Tract,45019000900,White,11/2024,8,7,2025-03-08
Census Tract,45019000900,White,12/2024,1,3,2025-03-08
Census Tract,45019000900,White,01/2025,7,9,2025-03-08
Census Tract,45019000900,White,02/2025,4,5,2025-03-08
Census Tract,45019000900,White,03/2025,0,1,2025-03-08
Census Tract,45019001000,White,01/2020,5,3.5,2025-03-08
Census Tract,45019001000,White,02/2020,13,3.5,2025-03-08
Census Tract,45019001000,White,03/2020,0,1,2025-03-08
Census Tract,45019001000,White,04/2020,0,0,2025-03-08
Census Tract,45019001000,White,05/2020,1,1,2025-03-08
Census Tract,45019001000,White,06/2020,4,3,2025-03-08
Census Tract,45019001000,White,07/2020,3,1.5,2025-03-08
Census Tract,45019001000,White,08/2020,0,0.5,2025-03-08
Census Tract,45019001000,White,09/2020,3,1,2025-03-08
Census Tract,45019001000,White,10/2020,0,5,2025-03-08
Census Tract,45019001000,White,11/2020,0,1.5,2025-03-08
Census Tract,45019001000,White,12/2020,0,1.5,2025-03-08
Census Tract,45019001000,White,01/2021,0,3.5,2025-03-08
Census Tract,45019001000,White,02/2021,3,3.5,2025-03-08
Census Tract,45019001000,White,03/2021,1,1,2025-03-08
Census Tract,45019001000,White,04/2021,0,0,2025-03-08
Census Tract,45019001000,White,05/2021,1,1,2025-03-08
Census Tract,45019001000,White,06/2021,2,3,2025-03-08
Census Tract,45019001000,White,07/2021,1,1.5,2025-03-08
Census Tract,45019001000,White,08/2021,1,0.5,2025-03-08
Census Tract,45019001000,White,09/2021,2,1,2025-03-08
Census Tract,45019001000,White,10/2021,2,5,2025-03-08
Census Tract,45019001000,White,11/2021,0,1.5,2025-03-08
Census Tract,45019001000,White,12/2021,1,1.5,2025-03-08
Census Tract,45019001000,White,01/2022,0,3.5,2025-03-08
Census Tract,45019001000,White,02/2022,3,3.5,2025-03-08
Census Tract,45019001000,White,03/2022,2,1,2025-03-08
Census Tract,45019001000,White,04/2022,1,0,2025-03-08
Census Tract,45019001000,White,05/2022,0,1,2025-03-08
Census Tract,45019001000,White,06/2022,4,3,2025-03-08
Census Tract,45019001000,White,07/2022,2,1.5,2025-03-08
Census Tract,45019001000,White,08/2022,3,0.5,2025-03-08
Census Tract,45019001000,White,09/2022,0,1,2025-03-08
Census Tract,45019001000,White,10/2022,6,5,2025-03-08
Census Tract,45019001000,White,11/2022,4,1.5,2025-03-08
Census Tract,45019001000,White,12/2022,3,1.5,2025-03-08
Census Tract,45019001000,White,01/2023,3,3.5,2025-03-08
Census Tract,45019001000,White,02/2023,2,3.5,2025-03-08
Census Tract,45019001000,White,03/2023,1,1,2025-03-08
Census Tract,45019001000,White,04/2023,0,0,2025-03-08
Census Tract,45019001000,White,05/2023,0,1,2025-03-08
Census Tract,45019001000,White,06/2023,4,3,2025-03-08
Census Tract,45019001000,White,07/2023,0,1.5,2025-03-08
Census Tract,45019001000,White,08/2023,1,0.5,2025-03-08
Census Tract,45019001000,White,09/2023,0,1,2025-03-08
Census Tract,45019001000,White,10/2023,3,5,2025-03-08
Census Tract,45019001000,White,11/2023,3,1.5,2025-03-08
Census Tract,45019001000,White,12/2023,3,1.5,2025-03-08
Census Tract,45019001000,White,01/2024,4,3.5,2025-03-08
Census Tract,45019001000,White,02/2024,5,3.5,2025-03-08
Census Tract,45019001000,White,03/2024,1,1,2025-03-08
Census Tract,45019001000,White,04/2024,0,0,2025-03-08
Census Tract,45019001000,White,05/2024,2,1,2025-03-08
Census Tract,45019001000,White,06/2024,2,3,2025-03-08
Census Tract,45019001000,White,07/2024,3,1.5,2025-03-08
Census Tract,45019001000,White,08/2024,0,0.5,2025-03-08
Census Tract,45019001000,White,09/2024,2,1,2025-03-08
Census Tract,45019001000,White,10/2024,7,5,2025-03-08
Census Tract,45019001000,White,11/2024,0,1.5,2025-03-08
Census Tract,45019001000,White,12/2024,0,1.5,2025-03-08
Census Tract,45019001000,White,01/2025,0,3.5,2025-03-08
Census Tract,45019001000,White,02/2025,1,3.5,2025-03-08
Census Tract,45019001000,White,03/2025,0,0,2025-03-08
Census Tract,45019001100,White,01/2020,8,2.5,2025-03-08
Census Tract,45019001100,White,02/2020,31,7.5,2025-03-08
Census Tract,45019001100,White,03/2020,2,4,2025-03-08
Census Tract,45019001100,White,04/2020,0,7.5,2025-03-08
Census Tract,45019001100,White,05/2020,4,16,2025-03-08
Census Tract,45019001100,White,06/2020,3,9.5,2025-03-08
Census Tract,45019001100,White,07/2020,1,0.5,2025-03-08
Census Tract,45019001100,White,08/2020,2,6.5,2025-03-08
Census Tract,45019001100,White,09/2020,0,4,2025-03-08
Census Tract,45019001100,White,10/2020,1,21,2025-03-08
Census Tract,45019001100,White,11/2020,2,1,2025-03-08
Census Tract,45019001100,White,12/2020,2,16.5,2025-03-08
Census Tract,45019001100,White,01/2021,7,2.5,2025-03-08
Census Tract,45019001100,White,02/2021,1,7.5,2025-03-08
Census Tract,45019001100,White,03/2021,2,4,2025-03-08
Census Tract,45019001100,White,04/2021,8,7.5,2025-03-08
Census Tract,45019001100,White,05/2021,1,16,2025-03-08
Census Tract,45019001100,White,06/2021,1,9.5,2025-03-08
Census Tract,45019001100,White,07/2021,3,0.5,2025-03-08
Census Tract,45019001100,White,08/2021,12,6.5,2025-03-08
Census Tract,45019001100,White,09/2021,2,4,2025-03-08
Census Tract,45019001100,White,10/2021,19,21,2025-03-08
Census Tract,45019001100,White,11/2021,2,1,2025-03-08
Census Tract,45019001100,White,12/2021,3,16.5,2025-03-08
Census Tract,45019001100,White,01/2022,11,2.5,2025-03-08
Census Tract,45019001100,White,02/2022,2,7.5,2025-03-08
Census Tract,45019001100,White,03/2022,33,4,2025-03-08
Census Tract,45019001100,White,04/2022,0,7.5,2025-03-08
Census Tract,45019001100,White,05/2022,6,16,2025-03-08
Census Tract,45019001100,White,06/2022,3,9.5,2025-03-08
Census Tract,45019001100,White,07/2022,5,0.5,2025-03-08
Census Tract,45019001100,White,08/2022,13,6.5,2025-03-08
Census Tract,45019001100,White,09/2022,1,4,2025-03-08
Census Tract,45019001100,White,10/2022,6,21,2025-03-08
Census Tract,45019001100,White,11/2022,3,1,2025-03-08
Census Tract,45019001100,White,12/2022,33,16.5,2025-03-08
Census Tract,45019001100,White,01/2023,2,2.5,2025-03-08
Census Tract,45019001100,White,02/2023,0,7.5,2025-03-08
Census Tract,45019001100,White,03/2023,2,4,2025-03-08
Census Tract,45019001100,White,04/2023,2,7.5,2025-03-08
Census Tract,45019001100,White,05/2023,27,16,2025-03-08
Census Tract,45019001100,White,06/2023,5,9.5,2025-03-08
Census Tract,45019001100,White,07/2023,1,0.5,2025-03-08
Census Tract,45019001100,White,08/2023,7,6.5,2025-03-08
Census Tract,45019001100,White,09/2023,3,4,2025-03-08
Census Tract,45019001100,White,10/2023,42,21,2025-03-08
Census Tract,45019001100,White,11/2023,0,1,2025-03-08
Census Tract,45019001100,White,12/2023,24,16.5,2025-03-08
Census Tract,45019001100,White,01/2024,3,2.5,2025-03-08
Census Tract,45019001100,White,02/2024,15,7.5,2025-03-08
Census Tract,45019001100,White,03/2024,6,4,2025-03-08
Census Tract,45019001100,White,04/2024,13,7.5,2025-03-08
Census Tract,45019001100,White,05/2024,5,16,2025-03-08
Census Tract,45019001100,White,06/2024,14,9.5,2025-03-08
Census Tract,45019001100,White,07/2024,0,0.5,2025-03-08
Census Tract,45019001100,White,08/2024,6,6.5,2025-03-08
Census Tract,45019001100,White,09/2024,5,4,2025-03-08
Census Tract,45019001100,White,10/2024,0,21,2025-03-08
Census Tract,45019001100,White,11/2024,2,1,2025-03-08
Census Tract,45019001100,White,12/2024,9,16.5,2025-03-08
Census Tract,45019001100,White,01/2025,7,2.5,2025-03-08
Census Tract,45019001100,White,02/2025,2,7.5,2025-03-08
Census Tract,45019001100,White,03/2025,0,0.5,2025-03-08
Census Tract,45019001500,White,01/2020,2,4.5,2025-03-08
Census Tract,45019001500,White,02/2020,2,2.5,2025-03-08
Census Tract,45019001500,White,03/2020,2,1,2025-03-08
Census Tract,45019001500,White,04/2020,0,4.5,2025-03-08
Census Tract,45019001500,White,05/2020,0,1.5,2025-03-08
Census Tract,45019001500,White,06/2020,2,2,2025-03-08
Census Tract,45019001500,White,07/2020,1,2.5,2025-03-08
Census Tract,45019001500,White,08/2020,1,3.5,2025-03-08
Census Tract,45019001500,White,09/2020,1,3,2025-03-08
Census Tract,45019001500,White,10/2020,1,2,2025-03-08
Census Tract,45019001500,White,11/2020,2,1.5,2025-03-08
Census Tract,45019001500,White,12/2020,2,1,2025-03-08
Census Tract,45019001500,White,01/2021,0,4.5,2025-03-08
Census Tract,45019001500,White,02/2021,1,2.5,2025-03-08
Census Tract,45019001500,White,03/2021,1,1,2025-03-08
Census Tract,45019001500,White,04/2021,1,4.5,2025-03-08
Census Tract,45019001500,White,05/2021,0,1.5,2025-03-08
Census Tract,45019001500,White,06/2021,0,2,2025-03-08
Census Tract,45019001500,White,07/2021,3,2.5,2025-03-08
Census Tract,45019001500,White,08/2021,1,3.5,2025-03-08
Census Tract,45019001500,White,09/2021,0,3,2025-03-08
Census Tract,45019001500,White,10/2021,4,2,2025-03-08
Census Tract,45019001500,White,11/2021,2,1.5,2025-03-08
Census Tract,45019001500,White,12/2021,0,1,2025-03-08
Census Tract,45019001500,White,01/2022,3,4.5,2025-03-08
Census Tract,45019001500,White,02/2022,0,2.5,2025-03-08
Census Tract,45019001500,White,03/2022,4,1,2025-03-08
Census Tract,45019001500,White,04/2022,1,4.5,2025-03-08
Census Tract,45019001500,White,05/2022,3,1.5,2025-03-08
Census Tract,45019001500,White,06/2022,2,2,2025-03-08
Census Tract,45019001500,White,07/2022,4,2.5,2025-03-08
Census Tract,45019001500,White,08/2022,1,3.5,2025-03-08
Census Tract,45019001500,White,09/2022,1,3,2025-03-08
Census Tract,45019001500,White,10/2022,4,2,2025-03-08
Census Tract,45019001500,White,11/2022,1,1.5,2025-03-08
Census Tract,45019001500,White,12/2022,3,1,2025-03-08
Census Tract,45019001500,White,01/2023,5,4.5,2025-03-08
Census Tract,45019001500,White,02/2023,2,2.5,2025-03-08
Census Tract,45019001500,White,03/2023,1,1,2025-03-08
Census Tract,45019001500,White,04/2023,5,4.5,2025-03-08
Census Tract,45019001500,White,05/2023,1,1.5,2025-03-08
Census Tract,45019001500,White,06/2023,0,2,2025-03-08
Census Tract,45019001500,White,07/2023,1,2.5,2025-03-08
Census Tract,45019001500,White,08/2023,6,3.5,2025-03-08
Census Tract,45019001500,White,09/2023,4,3,2025-03-08
Census Tract,45019001500,White,10/2023,4,2,2025-03-08
Census Tract,45019001500,White,11/2023,1,1.5,2025-03-08
Census Tract,45019001500,White,12/2023,1,1,2025-03-08
Census Tract,45019001500,White,01/2024,4,4.5,2025-03-08
Census Tract,45019001500,White,02/2024,3,2.5,2025-03-08
Census Tract,45019001500,White,03/2024,1,1,2025-03-08
Census Tract,45019001500,White,04/2024,4,4.5,2025-03-08
Census Tract,45019001500,White,05/2024,2,1.5,2025-03-08
Census Tract,45019001500,White,06/2024,4,2,2025-03-08
Census Tract,45019001500,White,07/2024,4,2.5,2025-03-08
Census Tract,45019001500,White,08/2024,1,3.5,2025-03-08
Census Tract,45019001500,White,09/2024,2,3,2025-03-08
Census Tract,45019001500,White,10/2024,0,2,2025-03-08
Census Tract,45019001500,White,11/2024,2,1.5,2025-03-08
Census Tract,45019001500,White,12/2024,1,1,2025-03-08
Census Tract,45019001500,White,01/2025,0,4.5,2025-03-08
Census Tract,45019001500,White,02/2025,2,2.5,2025-03-08
Census Tract,45019001500,White,03/2025,0,1,2025-03-08
Census Tract,45019001901,White,01/2020,4,3,2025-03-08
Census Tract,45019001901,White,02/2020,4,3,2025-03-08
Census Tract,45019001901,White,03/2020,2,2,2025-03-08
Census Tract,45019001901,White,04/2020,0,1.5,2025-03-08
Census Tract,45019001901,White,05/2020,1,3.5,2025-03-08
Census Tract,45019001901,White,06/2020,2,0.5,2025-03-08
Census Tract,45019001901,White,07/2020,0,4.5,2025-03-08
Census Tract,45019001901,White,08/2020,2,2.5,2025-03-08
Census Tract,45019001901,White,09/2020,0,3,2025-03-08
Census Tract,45019001901,White,10/2020,2,3,2025-03-08
Census Tract,45019001901,White,11/2020,2,2,2025-03-08
Census Tract,45019001901,White,12/2020,0,0,2025-03-08
Census Tract,45019001901,White,01/2021,0,3,2025-03-08
Census Tract,45019001901,White,02/2021,0,3,2025-03-08
Census Tract,45019001901,White,03/2021,0,2,2025-03-08
Census Tract,45019001901,White,04/2021,1,1.5,2025-03-08
Census Tract,45019001901,White,05/2021,4,3.5,2025-03-08
Census Tract,45019001901,White,06/2021,0,0.5,2025-03-08
Census Tract,45019001901,White,07/2021,1,4.5,2025-03-08
Census Tract,45019001901,White,08/2021,0,2.5,2025-03-08
Census Tract,45019001901,White,09/2021,0,3,2025-03-08
Census Tract,45019001901,White,10/2021,1,3,2025-03-08
Census Tract,45019001901,White,11/2021,0,2,2025-03-08
Census Tract,45019001901,White,12/2021,1,0,2025-03-08
Census Tract,45019001901,White,01/2022,1,3,2025-03-08
Census Tract,45019001901,White,02/2022,0,3,2025-03-08
Census Tract,45019001901,White,03/2022,6,2,2025-03-08
Census Tract,45019001901,White,04/2022,2,1.5,2025-03-08
Census Tract,45019001901,White,05/2022,2,3.5,2025-03-08
Census Tract,45019001901,White,06/2022,3,0.5,2025-03-08
Census Tract,45019001901,White,07/2022,1,4.5,2025-03-08
Census Tract,45019001901,White,08/2022,3,2.5,2025-03-08
Census Tract,45019001901,White,09/2022,3,3,2025-03-08
Census Tract,45019001901,White,10/2022,5,3,2025-03-08
Census Tract,45019001901,White,11/2022,2,2,2025-03-08
Census Tract,45019001901,White,12/2022,2,0,2025-03-08
Census Tract,45019001901,White,01/2023,3,3,2025-03-08
Census Tract,45019001901,White,02/2023,3,3,2025-03-08
Census Tract,45019001901,White,03/2023,2,2,2025-03-08
Census Tract,45019001901,White,04/2023,0,1.5,2025-03-08
Census Tract,45019001901,White,05/2023,3,3.5,2025-03-08
Census Tract,45019001901,White,06/2023,0,0.5,2025-03-08
Census Tract,45019001901,White,07/2023,5,4.5,2025-03-08
Census Tract,45019001901,White,08/2023,3,2.5,2025-03-08
Census Tract,45019001901,White,09/2023,2,3,2025-03-08
Census Tract,45019001901,White,10/2023,2,3,2025-03-08
Census Tract,45019001901,White,11/2023,1,2,2025-03-08
Census Tract,45019001901,White,12/2023,0,0,2025-03-08
Census Tract,45019001901,White,01/2024,3,3,2025-03-08
Census Tract,45019001901,White,02/2024,3,3,2025-03-08
Census Tract,45019001901,White,03/2024,2,2,2025-03-08
Census Tract,45019001901,White,04/2024,3,1.5,2025-03-08
Census Tract,45019001901,White,05/2024,4,3.5,2025-03-08
Census Tract,45019001901,White,06/2024,1,0.5,2025-03-08
Census Tract,45019001901,White,07/2024,4,4.5,2025-03-08
Census Tract,45019001901,White,08/2024,2,2.5,2025-03-08
Census Tract,45019001901,White,09/2024,4,3,2025-03-08
Census Tract,45019001901,White,10/2024,4,3,2025-03-08
Census Tract,45019001901,White,11/2024,3,2,2025-03-08
Census Tract,45019001901,White,12/2024,0,0,2025-03-08
Census Tract,45019001901,White,01/2025,1,3,2025-03-08
Census Tract,45019001901,White,02/2025,0,3,2025-03-08
Census Tract,45019001901,White,03/2025,0,0,2025-03-08
Census Tract,45019001902,White,01/2020,11,8.5,2025-03-08
Census Tract,45019001902,White,02/2020,13,7.5,2025-03-08
Census Tract,45019001902,White,03/2020,4,4.5,2025-03-08
Census Tract,45019001902,White,04/2020,0,5.5,2025-03-08
Census Tract,45019001902,White,05/2020,1,4.5,2025-03-08
Census Tract,45019001902,White,06/2020,5,7.5,2025-03-08
Census Tract,45019001902,White,07/2020,2,7,2025-03-08
Census Tract,45019001902,White,08/2020,2,6,2025-03-08
Census Tract,45019001902,White,09/2020,6,5.5,2025-03-08
Census Tract,45019001902,White,10/2020,1,3,2025-03-08
Census Tract,45019001902,White,11/2020,4,3.5,2025-03-08
Census Tract,45019001902,White,12/2020,8,4.5,2025-03-08
Census Tract,45019001902,White,01/2021,3,8.5,2025-03-08
Census Tract,45019001902,White,02/2021,4,7.5,2025-03-08
Census Tract,45019001902,White,03/2021,6,4.5,2025-03-08
Census Tract,45019001902,White,04/2021,4,5.5,2025-03-08
Census Tract,45019001902,White,05/2021,2,4.5,2025-03-08
Census Tract,45019001902,White,06/2021,4,7.5,2025-03-08
Census Tract,45019001902,White,07/2021,2,7,2025-03-08
Census Tract,45019001902,White,08/2021,3,6,2025-03-08
Census Tract,45019001902,White,09/2021,9,5.5,2025-03-08
Census Tract,45019001902,White,10/2021,10,3,2025-03-08
Census Tract,45019001902,White,11/2021,1,3.5,2025-03-08
Census Tract,45019001902,White,12/2021,10,4.5,2025-03-08
Census Tract,45019001902,White,01/2022,5,8.5,2025-03-08
Census Tract,45019001902,White,02/2022,8,7.5,2025-03-08
Census Tract,45019001902,White,03/2022,5,4.5,2025-03-08
Census Tract,45019001902,White,04/2022,3,5.5,2025-03-08
Census Tract,45019001902,White,05/2022,1,4.5,2025-03-08
Census Tract,45019001902,White,06/2022,6,7.5,2025-03-08
Census Tract,45019001902,White,07/2022,5,7,2025-03-08
Census Tract,45019001902,White,08/2022,10,6,2025-03-08
Census Tract,45019001902,White,09/2022,7,5.5,2025-03-08
Census Tract,45019001902,White,10/2022,3,3,2025-03-08
Census Tract,45019001902,White,11/2022,4,3.5,2025-03-08
Census Tract,45019001902,White,12/2022,8,4.5,2025-03-08
Census Tract,45019001902,White,01/2023,12,8.5,2025-03-08
Census Tract,45019001902,White,02/2023,4,7.5,2025-03-08
Census Tract,45019001902,White,03/2023,4,4.5,2025-03-08
Census Tract,45019001902,White,04/2023,7,5.5,2025-03-08
Census Tract,45019001902,White,05/2023,5,4.5,2025-03-08
Census Tract,45019001902,White,06/2023,10,7.5,2025-03-08
Census Tract,45019001902,White,07/2023,10,7,2025-03-08
Census Tract,45019001902,White,08/2023,7,6,2025-03-08
Census Tract,45019001902,White,09/2023,5,5.5,2025-03-08
Census Tract,45019001902,White,10/2023,5,3,2025-03-08
Census Tract,45019001902,White,11/2023,6,3.5,2025-03-08
Census Tract,45019001902,White,12/2023,5,4.5,2025-03-08
Census Tract,45019001902,White,01/2024,5,8.5,2025-03-08
Census Tract,45019001902,White,02/2024,11,7.5,2025-03-08
Census Tract,45019001902,White,03/2024,5,4.5,2025-03-08
Census Tract,45019001902,White,04/2024,4,5.5,2025-03-08
Census Tract,45019001902,White,05/2024,4,4.5,2025-03-08
Census Tract,45019001902,White,06/2024,5,7.5,2025-03-08
Census Tract,45019001902,White,07/2024,4,7,2025-03-08
Census Tract,45019001902,White,08/2024,5,6,2025-03-08
Census Tract,45019001902,White,09/2024,6,5.5,2025-03-08
Census Tract,45019001902,White,10/2024,1,3,2025-03-08
Census Tract,45019001902,White,11/2024,1,3.5,2025-03-08
Census Tract,45019001902,White,12/2024,4,4.5,2025-03-08
Census Tract,45019001902,White,01/2025,5,8.5,2025-03-08
Census Tract,45019001902,White,02/2025,3,7.5,2025-03-08
Census Tract,45019001902,White,03/2025,0,0,2025-03-08
Census Tract,45019002002,White,01/2020,7,5,2025-03-08
Census Tract,45019002002,White,02/2020,5,4.5,2025-03-08
Census Tract,45019002002,White,03/2020,2,2,2025-03-08
Census Tract,45019002002,White,04/2020,0,3,2025-03-08
Census Tract,45019002002,White,05/2020,6,3.5,2025-03-08
Census Tract,45019002002,White,06/2020,4,3.5,2025-03-08
Census Tract,45019002002,White,07/2020,8,5.5,2025-03-08
Census Tract,45019002002,White,08/2020,3,2,2025-03-08
Census Tract,45019002002,White,09/2020,7,2.5,2025-03-08
Census Tract,45019002002,White,10/2020,3,3,2025-03-08
Census Tract,45019002002,White,11/2020,1,2.5,2025-03-08
Census Tract,45019002002,White,12/2020,2,0.5,2025-03-08
Census Tract,45019002002,White,01/2021,1,5,2025-03-08
Census Tract,45019002002,White,02/2021,2,4.5,2025-03-08
Census Tract,45019002002,White,03/2021,1,2,2025-03-08
Census Tract,45019002002,White,04/2021,3,3,2025-03-08
Census Tract,45019002002,White,05/2021,1,3.5,2025-03-08
Census Tract,45019002002,White,06/2021,2,3.5,2025-03-08
Census Tract,45019002002,White,07/2021,2,5.5,2025-03-08
Census Tract,45019002002,White,08/2021,0,2,2025-03-08
Census Tract,45019002002,White,09/2021,2,2.5,2025-03-08
Census Tract,45019002002,White,10/2021,0,3,2025-03-08
Census Tract,45019002002,White,11/2021,5,2.5,2025-03-08
Census Tract,45019002002,White,12/2021,2,0.5,2025-03-08
Census Tract,45019002002,White,01/2022,3,5,2025-03-08
Census Tract,45019002002,White,02/2022,3,4.5,2025-03-08
Census Tract,45019002002,White,03/2022,2,2,2025-03-08
Census Tract,45019002002,White,04/2022,3,3,2025-03-08
Census Tract,45019002002,White,05/2022,4,3.5,2025-03-08
Census Tract,45019002002,White,06/2022,1,3.5,2025-03-08
Census Tract,45019002002,White,07/2022,3,5.5,2025-03-08
Census Tract,45019002002,White,08/2022,2,2,2025-03-08
Census Tract,45019002002,White,09/2022,5,2.5,2025-03-08
Census Tract,45019002002,White,10/2022,5,3,2025-03-08
Census Tract,45019002002,White,11/2022,11,2.5,2025-03-08
Census Tract,45019002002,White,12/2022,4,0.5,2025-03-08
Census Tract,45019002002,White,01/2023,5,5,2025-03-08
Census Tract,45019002002,White,02/2023,5,4.5,2025-03-08
Census Tract,45019002002,White,03/2023,4,2,2025-03-08
Census Tract,45019002002,White,04/2023,5,3,2025-03-08
Census Tract,45019002002,White,05/2023,4,3.5,2025-03-08
Census Tract,45019002002,White,06/2023,6,3.5,2025-03-08
Census Tract,45019002002,White,07/2023,5,5.5,2025-03-08
Census Tract,45019002002,White,08/2023,3,2,2025-03-08
Census Tract,45019002002,White,09/2023,1,2.5,2025-03-08
Census Tract,45019002002,White,10/2023,5,3,2025-03-08
Census Tract,45019002002,White,11/2023,1,2.5,2025-03-08
Census Tract,45019002002,White,12/2023,0,0.5,2025-03-08
Census Tract,45019002002,White,01/2024,5,5,2025-03-08
Census Tract,45019002002,White,02/2024,4,4.5,2025-03-08
Census Tract,45019002002,White,03/2024,0,2,2025-03-08
Census Tract,45019002002,White,04/2024,1,3,2025-03-08
Census Tract,45019002002,White,05/2024,3,3.5,2025-03-08
Census Tract,45019002002,White,06/2024,1,3.5,2025-03-08
Census Tract,45019002002,White,07/2024,6,5.5,2025-03-08
Census Tract,45019002002,White,08/2024,1,2,2025-03-08
Census Tract,45019002002,White,09/2024,4,2.5,2025-03-08
Census Tract,45019002002,White,10/2024,1,3,2025-03-08
Census Tract,45019002002,White,11/2024,4,2.5,2025-03-08
Census Tract,45019002002,White,12/2024,1,0.5,2025-03-08
Census Tract,45019002002,White,01/2025,2,5,2025-03-08
Census Tract,45019002002,White,02/2025,4,4.5,2025-03-08
Census Tract,45019002002,White,03/2025,0,0.5,2025-03-08
Census Tract,45019002004,White,01/2020,2,1,2025-03-08
Census Tract,45019002004,White,02/2020,0,0,2025-03-08
Census Tract,45019002004,White,03/2020,2,0,2025-03-08
Census Tract,45019002004,White,04/2020,0,0.5,2025-03-08
Census Tract,45019002004,White,05/2020,0,0.5,2025-03-08
Census Tract,45019002004,White,06/2020,1,1,2025-03-08
Census Tract,45019002004,White,07/2020,2,0.5,2025-03-08
Census Tract,45019002004,White,08/2020,0,0.5,2025-03-08
Census Tract,45019002004,White,09/2020,0,0.5,2025-03-08
Census Tract,45019002004,White,10/2020,1,1,2025-03-08
Census Tract,45019002004,White,11/2020,0,0.5,2025-03-08
Census Tract,45019002004,White,12/2020,1,0,2025-03-08
Census Tract,45019002004,White,01/2021,1,1,2025-03-08
Census Tract,45019002004,White,02/2021,0,0,2025-03-08
Census Tract,45019002004,White,03/2021,0,0,2025-03-08
Census Tract,45019002004,White,04/2021,0,0.5,2025-03-08
Census Tract,45019002004,White,05/2021,0,0.5,2025-03-08
Census Tract,45019002004,White,06/2021,0,1,2025-03-08
Census Tract,45019002004,White,07/2021,0,0.5,2025-03-08
Census Tract,45019002004,White,08/2021,1,0.5,2025-03-08
Census Tract,45019002004,White,09/2021,1,0.5,2025-03-08
Census Tract,45019002004,White,10/2021,0,1,2025-03-08
Census Tract,45019002004,White,11/2021,1,0.5,2025-03-08
Census Tract,45019002004,White,12/2021,0,0,2025-03-08
Census Tract,45019002004,White,01/2022,0,1,2025-03-08
Census Tract,45019002004,White,02/2022,0,0,2025-03-08
Census Tract,45019002004,White,03/2022,0,0,2025-03-08
Census Tract,45019002004,White,04/2022,0,0.5,2025-03-08
Census Tract,45019002004,White,05/2022,0,0.5,2025-03-08
Census Tract,45019002004,White,06/2022,0,1,2025-03-08
Census Tract,45019002004,White,07/2022,0,0.5,2025-03-08
Census Tract,45019002004,White,08/2022,0,0.5,2025-03-08
Census Tract,45019002004,White,09/2022,0,0.5,2025-03-08
Census Tract,45019002004,White,10/2022,2,1,2025-03-08
Census Tract,45019002004,White,11/2022,0,0.5,2025-03-08
Census Tract,45019002004,White,12/2022,1,0,2025-03-08
Census Tract,45019002004,White,01/2023,2,1,2025-03-08
Census Tract,45019002004,White,02/2023,0,0,2025-03-08
Census Tract,45019002004,White,03/2023,0,0,2025-03-08
Census Tract,45019002004,White,04/2023,1,0.5,2025-03-08
Census Tract,45019002004,White,05/2023,1,0.5,2025-03-08
Census Tract,45019002004,White,06/2023,1,1,2025-03-08
Census Tract,45019002004,White,07/2023,0,0.5,2025-03-08
Census Tract,45019002004,White,08/2023,0,0.5,2025-03-08
Census Tract,45019002004,White,09/2023,1,0.5,2025-03-08
Census Tract,45019002004,White,10/2023,1,1,2025-03-08
Census Tract,45019002004,White,11/2023,0,0.5,2025-03-08
Census Tract,45019002004,White,12/2023,0,0,2025-03-08
Census Tract,45019002004,White,01/2024,0,1,2025-03-08
Census Tract,45019002004,White,02/2024,0,0,2025-03-08
Census Tract,45019002004,White,03/2024,0,0,2025-03-08
Census Tract,45019002004,White,04/2024,0,0.5,2025-03-08
Census Tract,45019002004,White,05/2024,0,0.5,2025-03-08
Census Tract,45019002004,White,06/2024,1,1,2025-03-08
Census Tract,45019002004,White,07/2024,1,0.5,2025-03-08
Census Tract,45019002004,White,08/2024,1,0.5,2025-03-08
Census Tract,45019002004,White,09/2024,0,0.5,2025-03-08
Census Tract,45019002004,White,10/2024,1,1,2025-03-08
Census Tract,45019002004,White,11/2024,1,0.5,2025-03-08
Census Tract,45019002004,White,12/2024,0,0,2025-03-08
Census Tract,45019002004,White,01/2025,0,1,2025-03-08
Census Tract,45019002004,White,02/2025,0,0,2025-03-08
Census Tract,45019002004,White,03/2025,0,0,2025-03-08
Census Tract,45019002005,White,01/2020,2,0,2025-03-08
Census Tract,45019002005,White,02/2020,0,1,2025-03-08
Census Tract,45019002005,White,03/2020,0,0,2025-03-08
Census Tract,45019002005,White,04/2020,0,0,2025-03-08
Census Tract,45019002005,White,05/2020,0,0,2025-03-08
Census Tract,45019002005,White,06/2020,0,0.5,2025-03-08
Census Tract,45019002005,White,07/2020,0,0,2025-03-08
Census Tract,45019002005,White,08/2020,1,0.5,2025-03-08
Census Tract,45019002005,White,09/2020,0,1.5,2025-03-08
Census Tract,45019002005,White,10/2020,1,0.5,2025-03-08
Census Tract,45019002005,White,11/2020,0,0.5,2025-03-08
Census Tract,45019002005,White,12/2020,0,1,2025-03-08
Census Tract,45019002005,White,01/2021,0,0,2025-03-08
Census Tract,45019002005,White,02/2021,0,1,2025-03-08
Census Tract,45019002005,White,03/2021,1,0,2025-03-08
Census Tract,45019002005,White,04/2021,1,0,2025-03-08
Census Tract,45019002005,White,05/2021,0,0,2025-03-08
Census Tract,45019002005,White,06/2021,1,0.5,2025-03-08
Census Tract,45019002005,White,07/2021,0,0,2025-03-08
Census Tract,45019002005,White,08/2021,1,0.5,2025-03-08
Census Tract,45019002005,White,09/2021,1,1.5,2025-03-08
Census Tract,45019002005,White,10/2021,0,0.5,2025-03-08
Census Tract,45019002005,White,11/2021,0,0.5,2025-03-08
Census Tract,45019002005,White,12/2021,0,1,2025-03-08
Census Tract,45019002005,White,01/2022,0,0,2025-03-08
Census Tract,45019002005,White,02/2022,0,1,2025-03-08
Census Tract,45019002005,White,03/2022,1,0,2025-03-08
Census Tract,45019002005,White,04/2022,1,0,2025-03-08
Census Tract,45019002005,White,05/2022,1,0,2025-03-08
Census Tract,45019002005,White,06/2022,0,0.5,2025-03-08
Census Tract,45019002005,White,07/2022,0,0,2025-03-08
Census Tract,45019002005,White,08/2022,0,0.5,2025-03-08
Census Tract,45019002005,White,09/2022,3,1.5,2025-03-08
Census Tract,45019002005,White,10/2022,0,0.5,2025-03-08
Census Tract,45019002005,White,11/2022,2,0.5,2025-03-08
Census Tract,45019002005,White,12/2022,3,1,2025-03-08
Census Tract,45019002005,White,01/2023,0,0,2025-03-08
Census Tract,45019002005,White,02/2023,1,1,2025-03-08
Census Tract,45019002005,White,03/2023,0,0,2025-03-08
Census Tract,45019002005,White,04/2023,0,0,2025-03-08
Census Tract,45019002005,White,05/2023,0,0,2025-03-08
Census Tract,45019002005,White,06/2023,0,0.5,2025-03-08
Census Tract,45019002005,White,07/2023,0,0,2025-03-08
Census Tract,45019002005,White,08/2023,0,0.5,2025-03-08
Census Tract,45019002005,White,09/2023,2,1.5,2025-03-08
Census Tract,45019002005,White,10/2023,0,0.5,2025-03-08
Census Tract,45019002005,White,11/2023,1,0.5,2025-03-08
Census Tract,45019002005,White,12/2023,2,1,2025-03-08
Census Tract,45019002005,White,01/2024,0,0,2025-03-08
Census Tract,45019002005,White,02/2024,1,1,2025-03-08
Census Tract,45019002005,White,03/2024,0,0,2025-03-08
Census Tract,45019002005,White,04/2024,0,0,2025-03-08
Census Tract,45019002005,White,05/2024,0,0,2025-03-08
Census Tract,45019002005,White,06/2024,1,0.5,2025-03-08
Census Tract,45019002005,White,07/2024,0,0,2025-03-08
Census Tract,45019002005,White,08/2024,1,0.5,2025-03-08
Census Tract,45019002005,White,09/2024,1,1.5,2025-03-08
Census Tract,45019002005,White,10/2024,1,0.5,2025-03-08
Census Tract,45019002005,White,11/2024,0,0.5,2025-03-08
Census Tract,45019002005,White,12/2024,0,1,2025-03-08
Census Tract,45019002005,White,01/2025,2,0,2025-03-08
Census Tract,45019002005,White,02/2025,0,1,2025-03-08
Census Tract,45019002005,White,03/2025,0,0,2025-03-08
Census Tract,45019002006,White,01/2020,6,2,2025-03-08
Census Tract,45019002006,White,02/2020,2,2,2025-03-08
Census Tract,45019002006,White,03/2020,6,1.5,2025-03-08
Census Tract,45019002006,White,04/2020,0,2,2025-03-08
Census Tract,45019002006,White,05/2020,0,1.5,2025-03-08
Census Tract,45019002006,White,06/2020,3,1.5,2025-03-08
Census Tract,45019002006,White,07/2020,1,1,2025-03-08
Census Tract,45019002006,White,08/2020,4,2.5,2025-03-08
Census Tract,45019002006,White,09/2020,1,1,2025-03-08
Census Tract,45019002006,White,10/2020,2,1,2025-03-08
Census Tract,45019002006,White,11/2020,1,2,2025-03-08
Census Tract,45019002006,White,12/2020,1,1,2025-03-08
Census Tract,45019002006,White,01/2021,1,2,2025-03-08
Census Tract,45019002006,White,02/2021,3,1.5,2025-03-08
Census Tract,45019002006,White,03/2021,0,1.5,2025-03-08
Census Tract,45019002006,White,04/2021,3,2,2025-03-08
Census Tract,45019002006,White,05/2021,3,1.5,2025-03-08
Census Tract,45019002006,White,06/2021,3,1.5,2025-03-08
Census Tract,45019002006,White,07/2021,1,1,2025-03-08
Census Tract,45019002006,White,08/2021,3,2.5,2025-03-08
Census Tract,45019002006,White,09/2021,3,1,2025-03-08
Census Tract,45019002006,White,10/2021,4,1,2025-03-08
Census Tract,45019002006,White,11/2021,0,2,2025-03-08
Census Tract,45019002006,White,12/2021,2,1,2025-03-08
Census Tract,45019002006,White,01/2022,5,2,2025-03-08
Census Tract,45019002006,White,02/2022,0,1.5,2025-03-08
Census Tract,45019002006,White,03/2022,3,1.5,2025-03-08
Census Tract,45019002006,White,04/2022,0,2,2025-03-08
Census Tract,45019002006,White,05/2022,2,1.5,2025-03-08
Census Tract,45019002006,White,06/2022,3,1.5,2025-03-08
Census Tract,45019002006,White,07/2022,2,1,2025-03-08
Census Tract,45019002006,White,08/2022,7,2.5,2025-03-08
Census Tract,45019002006,White,09/2022,1,1,2025-03-08
Census Tract,45019002006,White,10/2022,3,1,2025-03-08
Census Tract,45019002006,White,11/2022,5,2,2025-03-08
Census Tract,45019002006,White,12/2022,1,1,2025-03-08
Census Tract,45019002006,White,01/2023,2,2,2025-03-08
Census Tract,45019002006,White,02/2023,3,1.5,2025-03-08
Census Tract,45019002006,White,03/2023,2,1.5,2025-03-08
Census Tract,45019002006,White,04/2023,2,2,2025-03-08
Census Tract,45019002006,White,05/2023,3,1.5,2025-03-08
Census Tract,45019002006,White,06/2023,2,1.5,2025-03-08
Census Tract,45019002006,White,07/2023,1,1,2025-03-08
Census Tract,45019002006,White,08/2023,1,2.5,2025-03-08
Census Tract,45019002006,White,09/2023,1,1,2025-03-08
Census Tract,45019002006,White,10/2023,2,1,2025-03-08
Census Tract,45019002006,White,11/2023,2,2,2025-03-08
Census Tract,45019002006,White,12/2023,2,1,2025-03-08
Census Tract,45019002006,White,01/2024,2,2,2025-03-08
Census Tract,45019002006,White,02/2024,1,2,2025-03-08
Census Tract,45019002006,White,03/2024,1,1.5,2025-03-08
Census Tract,45019002006,White,04/2024,2,2,2025-03-08
Census Tract,45019002006,White,05/2024,0,1.5,2025-03-08
Census Tract,45019002006,White,06/2024,1,1.5,2025-03-08
Census Tract,45019002006,White,07/2024,1,1,2025-03-08
Census Tract,45019002006,White,08/2024,4,2.5,2025-03-08
Census Tract,45019002006,White,09/2024,1,1,2025-03-08
Census Tract,45019002006,White,10/2024,0,1,2025-03-08
Census Tract,45019002006,White,11/2024,2,2,2025-03-08
Census Tract,45019002006,White,12/2024,0,1,2025-03-08
Census Tract,45019002006,White,01/2025,1,2,2025-03-08
Census Tract,45019002006,White,02/2025,0,1.5,2025-03-08
Census Tract,45019002006,White,03/2025,0,0,2025-03-08
Census Tract,45019002007,White,01/2020,1,0.5,2025-03-08
Census Tract,45019002007,White,02/2020,0,0.5,2025-03-08
Census Tract,45019002007,White,03/2020,0,0,2025-03-08
Census Tract,45019002007,White,04/2020,0,0,2025-03-08
Census Tract,45019002007,White,05/2020,1,0,2025-03-08
Census Tract,45019002007,White,06/2020,0,0.5,2025-03-08
Census Tract,45019002007,White,07/2020,1,0.5,2025-03-08
Census Tract,45019002007,White,08/2020,3,0.5,2025-03-08
Census Tract,45019002007,White,09/2020,0,1,2025-03-08
Census Tract,45019002007,White,10/2020,0,0.5,2025-03-08
Census Tract,45019002007,White,11/2020,0,0.5,2025-03-08
Census Tract,45019002007,White,12/2020,0,0,2025-03-08
Census Tract,45019002007,White,01/2021,0,0.5,2025-03-08
Census Tract,45019002007,White,02/2021,0,0.5,2025-03-08
Census Tract,45019002007,White,03/2021,0,0,2025-03-08
Census Tract,45019002007,White,04/2021,0,0,2025-03-08
Census Tract,45019002007,White,05/2021,0,0,2025-03-08
Census Tract,45019002007,White,06/2021,1,0.5,2025-03-08
Census Tract,45019002007,White,07/2021,0,0.5,2025-03-08
Census Tract,45019002007,White,08/2021,0,0.5,2025-03-08
Census Tract,45019002007,White,09/2021,0,1,2025-03-08
Census Tract,45019002007,White,10/2021,0,0.5,2025-03-08
Census Tract,45019002007,White,11/2021,0,0.5,2025-03-08
Census Tract,45019002007,White,12/2021,1,0,2025-03-08
Census Tract,45019002007,White,01/2022,0,0.5,2025-03-08
Census Tract,45019002007,White,02/2022,0,0.5,2025-03-08
Census Tract,45019002007,White,03/2022,0,0,2025-03-08
Census Tract,45019002007,White,04/2022,0,0,2025-03-08
Census Tract,45019002007,White,05/2022,0,0,2025-03-08
Census Tract,45019002007,White,06/2022,0,0.5,2025-03-08
Census Tract,45019002007,White,07/2022,0,0.5,2025-03-08
Census Tract,45019002007,White,08/2022,2,0.5,2025-03-08
Census Tract,45019002007,White,09/2022,0,1,2025-03-08
Census Tract,45019002007,White,10/2022,1,0.5,2025-03-08
Census Tract,45019002007,White,11/2022,1,0.5,2025-03-08
Census Tract,45019002007,White,12/2022,1,0,2025-03-08
Census Tract,45019002007,White,01/2023,0,0.5,2025-03-08
Census Tract,45019002007,White,02/2023,1,0.5,2025-03-08
Census Tract,45019002007,White,03/2023,0,0,2025-03-08
Census Tract,45019002007,White,04/2023,0,0,2025-03-08
Census Tract,45019002007,White,05/2023,0,0,2025-03-08
Census Tract,45019002007,White,06/2023,1,0.5,2025-03-08
Census Tract,45019002007,White,07/2023,0,0.5,2025-03-08
Census Tract,45019002007,White,08/2023,1,0.5,2025-03-08
Census Tract,45019002007,White,09/2023,2,1,2025-03-08
Census Tract,45019002007,White,10/2023,0,0.5,2025-03-08
Census Tract,45019002007,White,11/2023,0,0.5,2025-03-08
Census Tract,45019002007,White,12/2023,0,0,2025-03-08
Census Tract,45019002007,White,01/2024,1,0.5,2025-03-08
Census Tract,45019002007,White,02/2024,0,0.5,2025-03-08
Census Tract,45019002007,White,03/2024,0,0,2025-03-08
Census Tract,45019002007,White,04/2024,0,0,2025-03-08
Census Tract,45019002007,White,05/2024,0,0,2025-03-08
Census Tract,45019002007,White,06/2024,0,0.5,2025-03-08
Census Tract,45019002007,White,07/2024,1,0.5,2025-03-08
Census Tract,45019002007,White,08/2024,0,0.5,2025-03-08
Census Tract,45019002007,White,09/2024,0,1,2025-03-08
Census Tract,45019002007,White,10/2024,1,0.5,2025-03-08
Census Tract,45019002007,White,11/2024,1,0.5,2025-03-08
Census Tract,45019002007,White,12/2024,0,0,2025-03-08
Census Tract,45019002007,White,01/2025,0,0.5,2025-03-08
Census Tract,45019002007,White,02/2025,0,0.5,2025-03-08
Census Tract,45019002007,White,03/2025,0,0,2025-03-08
Census Tract,45019002008,White,01/2020,4,2,2025-03-08
Census Tract,45019002008,White,02/2020,6,1,2025-03-08
Census Tract,45019002008,White,03/2020,6,1,2025-03-08
Census Tract,45019002008,White,04/2020,0,0.5,2025-03-08
Census Tract,45019002008,White,05/2020,3,3,2025-03-08
Census Tract,45019002008,White,06/2020,2,5.5,2025-03-08
Census Tract,45019002008,White,07/2020,1,2,2025-03-08
Census Tract,45019002008,White,08/2020,2,3,2025-03-08
Census Tract,45019002008,White,09/2020,5,3,2025-03-08
Census Tract,45019002008,White,10/2020,3,4,2025-03-08
Census Tract,45019002008,White,11/2020,1,1.5,2025-03-08
Census Tract,45019002008,White,12/2020,1,3.5,2025-03-08
Census Tract,45019002008,White,01/2021,1,2,2025-03-08
Census Tract,45019002008,White,02/2021,2,1,2025-03-08
Census Tract,45019002008,White,03/2021,3,1,2025-03-08
Census Tract,45019002008,White,04/2021,0,0.5,2025-03-08
Census Tract,45019002008,White,05/2021,0,3,2025-03-08
Census Tract,45019002008,White,06/2021,2,5.5,2025-03-08
Census Tract,45019002008,White,07/2021,0,2,2025-03-08
Census Tract,45019002008,White,08/2021,1,3,2025-03-08
Census Tract,45019002008,White,09/2021,2,3,2025-03-08
Census Tract,45019002008,White,10/2021,2,4,2025-03-08
Census Tract,45019002008,White,11/2021,1,1.5,2025-03-08
Census Tract,45019002008,White,12/2021,5,3.5,2025-03-08
Census Tract,45019002008,White,01/2022,0,2,2025-03-08
Census Tract,45019002008,White,02/2022,2,1,2025-03-08
Census Tract,45019002008,White,03/2022,2,1,2025-03-08
Census Tract,45019002008,White,04/2022,1,0.5,2025-03-08
Census Tract,45019002008,White,05/2022,2,3,2025-03-08
Census Tract,45019002008,White,06/2022,2,5.5,2025-03-08
Census Tract,45019002008,White,07/2022,1,2,2025-03-08
Census Tract,45019002008,White,08/2022,1,3,2025-03-08
Census Tract,45019002008,White,09/2022,2,3,2025-03-08
Census Tract,45019002008,White,10/2022,0,4,2025-03-08
Census Tract,45019002008,White,11/2022,1,1.5,2025-03-08
Census Tract,45019002008,White,12/2022,2,3.5,2025-03-08
Census Tract,45019002008,White,01/2023,2,2,2025-03-08
Census Tract,45019002008,White,02/2023,1,1,2025-03-08
Census Tract,45019002008,White,03/2023,2,1,2025-03-08
Census Tract,45019002008,White,04/2023,0,0.5,2025-03-08
Census Tract,45019002008,White,05/2023,0,3,2025-03-08
Census Tract,45019002008,White,06/2023,4,5.5,2025-03-08
Census Tract,45019002008,White,07/2023,3,2,2025-03-08
Census Tract,45019002008,White,08/2023,1,3,2025-03-08
Census Tract,45019002008,White,09/2023,3,3,2025-03-08
Census Tract,45019002008,White,10/2023,4,4,2025-03-08
Census Tract,45019002008,White,11/2023,2,1.5,2025-03-08
Census Tract,45019002008,White,12/2023,2,3.5,2025-03-08
Census Tract,45019002008,White,01/2024,2,2,2025-03-08
Census Tract,45019002008,White,02/2024,1,1,2025-03-08
Census Tract,45019002008,White,03/2024,0,1,2025-03-08
Census Tract,45019002008,White,04/2024,1,0.5,2025-03-08
Census Tract,45019002008,White,05/2024,6,3,2025-03-08
Census Tract,45019002008,White,06/2024,7,5.5,2025-03-08
Census Tract,45019002008,White,07/2024,1,2,2025-03-08
Census Tract,45019002008,White,08/2024,5,3,2025-03-08
Census Tract,45019002008,White,09/2024,3,3,2025-03-08
Census Tract,45019002008,White,10/2024,4,4,2025-03-08
Census Tract,45019002008,White,11/2024,1,1.5,2025-03-08
Census Tract,45019002008,White,12/2024,5,3.5,2025-03-08
Census Tract,45019002008,White,01/2025,6,2,2025-03-08
Census Tract,45019002008,White,02/2025,5,1,2025-03-08
Census Tract,45019002008,White,03/2025,0,0.5,2025-03-08
Census Tract,45019002009,White,01/2020,2,0.5,2025-03-08
Census Tract,45019002009,White,02/2020,6,3,2025-03-08
Census Tract,45019002009,White,03/2020,1,3,2025-03-08
Census Tract,45019002009,White,04/2020,0,2.5,2025-03-08
Census Tract,45019002009,White,05/2020,4,3.5,2025-03-08
Census Tract,45019002009,White,06/2020,3,2.5,2025-03-08
Census Tract,45019002009,White,07/2020,2,1,2025-03-08
Census Tract,45019002009,White,08/2020,4,2,2025-03-08
Census Tract,45019002009,White,09/2020,1,3.5,2025-03-08
Census Tract,45019002009,White,10/2020,0,2,2025-03-08
Census Tract,45019002009,White,11/2020,2,1,2025-03-08
Census Tract,45019002009,White,12/2020,1,2.5,2025-03-08
Census Tract,45019002009,White,01/2021,1,0.5,2025-03-08
Census Tract,45019002009,White,02/2021,2,3,2025-03-08
Census Tract,45019002009,White,03/2021,2,3,2025-03-08
Census Tract,45019002009,White,04/2021,1,2.5,2025-03-08
Census Tract,45019002009,White,05/2021,0,3.5,2025-03-08
Census Tract,45019002009,White,06/2021,3,2.5,2025-03-08
Census Tract,45019002009,White,07/2021,1,1,2025-03-08
Census Tract,45019002009,White,08/2021,0,2,2025-03-08
Census Tract,45019002009,White,09/2021,1,3.5,2025-03-08
Census Tract,45019002009,White,10/2021,0,2,2025-03-08
Census Tract,45019002009,White,11/2021,3,1,2025-03-08
Census Tract,45019002009,White,12/2021,3,2.5,2025-03-08
Census Tract,45019002009,White,01/2022,4,0.5,2025-03-08
Census Tract,45019002009,White,02/2022,2,3,2025-03-08
Census Tract,45019002009,White,03/2022,2,3,2025-03-08
Census Tract,45019002009,White,04/2022,0,2.5,2025-03-08
Census Tract,45019002009,White,05/2022,3,3.5,2025-03-08
Census Tract,45019002009,White,06/2022,0,2.5,2025-03-08
Census Tract,45019002009,White,07/2022,2,1,2025-03-08
Census Tract,45019002009,White,08/2022,1,2,2025-03-08
Census Tract,45019002009,White,09/2022,3,3.5,2025-03-08
Census Tract,45019002009,White,10/2022,1,2,2025-03-08
Census Tract,45019002009,White,11/2022,1,1,2025-03-08
Census Tract,45019002009,White,12/2022,0,2.5,2025-03-08
Census Tract,45019002009,White,01/2023,0,0.5,2025-03-08
Census Tract,45019002009,White,02/2023,5,3,2025-03-08
Census Tract,45019002009,White,03/2023,2,3,2025-03-08
Census Tract,45019002009,White,04/2023,1,2.5,2025-03-08
Census Tract,45019002009,White,05/2023,4,3.5,2025-03-08
Census Tract,45019002009,White,06/2023,2,2.5,2025-03-08
Census Tract,45019002009,White,07/2023,1,1,2025-03-08
Census Tract,45019002009,White,08/2023,1,2,2025-03-08
Census Tract,45019002009,White,09/2023,5,3.5,2025-03-08
Census Tract,45019002009,White,10/2023,2,2,2025-03-08
Census Tract,45019002009,White,11/2023,2,1,2025-03-08
Census Tract,45019002009,White,12/2023,3,2.5,2025-03-08
Census Tract,45019002009,White,01/2024,1,0.5,2025-03-08
Census Tract,45019002009,White,02/2024,1,3,2025-03-08
Census Tract,45019002009,White,03/2024,4,3,2025-03-08
Census Tract,45019002009,White,04/2024,4,2.5,2025-03-08
Census Tract,45019002009,White,05/2024,3,3.5,2025-03-08
Census Tract,45019002009,White,06/2024,3,2.5,2025-03-08
Census Tract,45019002009,White,07/2024,1,1,2025-03-08
Census Tract,45019002009,White,08/2024,3,2,2025-03-08
Census Tract,45019002009,White,09/2024,2,3.5,2025-03-08
Census Tract,45019002009,White,10/2024,2,2,2025-03-08
Census Tract,45019002009,White,11/2024,0,1,2025-03-08
Census Tract,45019002009,White,12/2024,2,2.5,2025-03-08
Census Tract,45019002009,White,01/2025,2,0.5,2025-03-08
Census Tract,45019002009,White,02/2025,2,3,2025-03-08
Census Tract,45019002009,White,03/2025,0,1,2025-03-08
Census Tract,45019002103,White,01/2020,0,1.5,2025-03-08
Census Tract,45019002103,White,02/2020,4,0,2025-03-08
Census Tract,45019002103,White,03/2020,2,1.5,2025-03-08
Census Tract,45019002103,White,04/2020,0,1,2025-03-08
Census Tract,45019002103,White,05/2020,4,3,2025-03-08
Census Tract,45019002103,White,06/2020,0,1,2025-03-08
Census Tract,45019002103,White,07/2020,3,1.5,2025-03-08
Census Tract,45019002103,White,08/2020,2,1.5,2025-03-08
Census Tract,45019002103,White,09/2020,3,0.5,2025-03-08
Census Tract,45019002103,White,10/2020,1,3,2025-03-08
Census Tract,45019002103,White,11/2020,0,0.5,2025-03-08
Census Tract,45019002103,White,12/2020,3,1,2025-03-08
Census Tract,45019002103,White,01/2021,1,1.5,2025-03-08
Census Tract,45019002103,White,02/2021,2,0,2025-03-08
Census Tract,45019002103,White,03/2021,5,1.5,2025-03-08
Census Tract,45019002103,White,04/2021,1,1,2025-03-08
Census Tract,45019002103,White,05/2021,2,3,2025-03-08
Census Tract,45019002103,White,06/2021,1,1,2025-03-08
Census Tract,45019002103,White,07/2021,1,1.5,2025-03-08
Census Tract,45019002103,White,08/2021,5,1.5,2025-03-08
Census Tract,45019002103,White,09/2021,4,0.5,2025-03-08
Census Tract,45019002103,White,10/2021,7,3,2025-03-08
Census Tract,45019002103,White,11/2021,1,0.5,2025-03-08
Census Tract,45019002103,White,12/2021,0,1,2025-03-08
Census Tract,45019002103,White,01/2022,2,1.5,2025-03-08
Census Tract,45019002103,White,02/2022,1,0,2025-03-08
Census Tract,45019002103,White,03/2022,0,1.5,2025-03-08
Census Tract,45019002103,White,04/2022,1,1,2025-03-08
Census Tract,45019002103,White,05/2022,3,3,2025-03-08
Census Tract,45019002103,White,06/2022,5,1,2025-03-08
Census Tract,45019002103,White,07/2022,3,1.5,2025-03-08
Census Tract,45019002103,White,08/2022,1,1.5,2025-03-08
Census Tract,45019002103,White,09/2022,6,0.5,2025-03-08
Census Tract,45019002103,White,10/2022,3,3,2025-03-08
Census Tract,45019002103,White,11/2022,1,0.5,2025-03-08
Census Tract,45019002103,White,12/2022,1,1,2025-03-08
Census Tract,45019002103,White,01/2023,2,1.5,2025-03-08
Census Tract,45019002103,White,02/2023,0,0,2025-03-08
Census Tract,45019002103,White,03/2023,2,1.5,2025-03-08
Census Tract,45019002103,White,04/2023,2,1,2025-03-08
Census Tract,45019002103,White,05/2023,5,3,2025-03-08
Census Tract,45019002103,White,06/2023,2,1,2025-03-08
Census Tract,45019002103,White,07/2023,2,1.5,2025-03-08
Census Tract,45019002103,White,08/2023,3,1.5,2025-03-08
Census Tract,45019002103,White,09/2023,0,0.5,2025-03-08
Census Tract,45019002103,White,10/2023,4,3,2025-03-08
Census Tract,45019002103,White,11/2023,1,0.5,2025-03-08
Census Tract,45019002103,White,12/2023,1,1,2025-03-08
Census Tract,45019002103,White,01/2024,1,1.5,2025-03-08
Census Tract,45019002103,White,02/2024,0,0,2025-03-08
Census Tract,45019002103,White,03/2024,1,1.5,2025-03-08
Census Tract,45019002103,White,04/2024,0,1,2025-03-08
Census Tract,45019002103,White,05/2024,1,3,2025-03-08
Census Tract,45019002103,White,06/2024,0,1,2025-03-08
Census Tract,45019002103,White,07/2024,1,1.5,2025-03-08
Census Tract,45019002103,White,08/2024,0,1.5,2025-03-08
Census Tract,45019002103,White,09/2024,1,0.5,2025-03-08
Census Tract,45019002103,White,10/2024,2,3,2025-03-08
Census Tract,45019002103,White,11/2024,0,0.5,2025-03-08
Census Tract,45019002103,White,12/2024,1,1,2025-03-08
Census Tract,45019002103,White,01/2025,0,1.5,2025-03-08
Census Tract,45019002103,White,02/2025,4,0,2025-03-08
Census Tract,45019002103,White,03/2025,0,0.5,2025-03-08
Census Tract,45019002104,White,01/2020,7,3,2025-03-08
Census Tract,45019002104,White,02/2020,3,2.5,2025-03-08
Census Tract,45019002104,White,03/2020,1,1,2025-03-08
Census Tract,45019002104,White,04/2020,0,1,2025-03-08
Census Tract,45019002104,White,05/2020,0,1.5,2025-03-08
Census Tract,45019002104,White,06/2020,0,1,2025-03-08
Census Tract,45019002104,White,07/2020,0,1.5,2025-03-08
Census Tract,45019002104,White,08/2020,0,1.5,2025-03-08
Census Tract,45019002104,White,09/2020,0,0.5,2025-03-08
Census Tract,45019002104,White,10/2020,0,1.5,2025-03-08
Census Tract,45019002104,White,11/2020,0,2,2025-03-08
Census Tract,45019002104,White,12/2020,2,2,2025-03-08
Census Tract,45019002104,White,01/2021,0,3,2025-03-08
Census Tract,45019002104,White,02/2021,1,2.5,2025-03-08
Census Tract,45019002104,White,03/2021,1,1,2025-03-08
Census Tract,45019002104,White,04/2021,6,1,2025-03-08
Census Tract,45019002104,White,05/2021,3,1.5,2025-03-08
Census Tract,45019002104,White,06/2021,1,1,2025-03-08
Census Tract,45019002104,White,07/2021,3,1.5,2025-03-08
Census Tract,45019002104,White,08/2021,1,1.5,2025-03-08
Census Tract,45019002104,White,09/2021,0,0.5,2025-03-08
Census Tract,45019002104,White,10/2021,3,1.5,2025-03-08
Census Tract,45019002104,White,11/2021,1,2,2025-03-08
Census Tract,45019002104,White,12/2021,0,2,2025-03-08
Census Tract,45019002104,White,01/2022,2,3,2025-03-08
Census Tract,45019002104,White,02/2022,0,2.5,2025-03-08
Census Tract,45019002104,White,03/2022,0,1,2025-03-08
Census Tract,45019002104,White,04/2022,1,1,2025-03-08
Census Tract,45019002104,White,05/2022,1,1.5,2025-03-08
Census Tract,45019002104,White,06/2022,2,1,2025-03-08
Census Tract,45019002104,White,07/2022,1,1.5,2025-03-08
Census Tract,45019002104,White,08/2022,2,1.5,2025-03-08
Census Tract,45019002104,White,09/2022,2,0.5,2025-03-08
Census Tract,45019002104,White,10/2022,3,1.5,2025-03-08
Census Tract,45019002104,White,11/2022,1,2,2025-03-08
Census Tract,45019002104,White,12/2022,7,2,2025-03-08
Census Tract,45019002104,White,01/2023,6,3,2025-03-08
Census Tract,45019002104,White,02/2023,1,2.5,2025-03-08
Census Tract,45019002104,White,03/2023,2,1,2025-03-08
Census Tract,45019002104,White,04/2023,2,1,2025-03-08
Census Tract,45019002104,White,05/2023,2,1.5,2025-03-08
Census Tract,45019002104,White,06/2023,1,1,2025-03-08
Census Tract,45019002104,White,07/2023,2,1.5,2025-03-08
Census Tract,45019002104,White,08/2023,1,1.5,2025-03-08
Census Tract,45019002104,White,09/2023,0,0.5,2025-03-08
Census Tract,45019002104,White,10/2023,2,1.5,2025-03-08
Census Tract,45019002104,White,11/2023,2,2,2025-03-08
Census Tract,45019002104,White,12/2023,1,2,2025-03-08
Census Tract,45019002104,White,01/2024,0,3,2025-03-08
Census Tract,45019002104,White,02/2024,4,2.5,2025-03-08
Census Tract,45019002104,White,03/2024,0,1,2025-03-08
Census Tract,45019002104,White,04/2024,0,1,2025-03-08
Census Tract,45019002104,White,05/2024,1,1.5,2025-03-08
Census Tract,45019002104,White,06/2024,1,1,2025-03-08
Census Tract,45019002104,White,07/2024,1,1.5,2025-03-08
Census Tract,45019002104,White,08/2024,2,1.5,2025-03-08
Census Tract,45019002104,White,09/2024,1,0.5,2025-03-08
Census Tract,45019002104,White,10/2024,1,1.5,2025-03-08
Census Tract,45019002104,White,11/2024,2,2,2025-03-08
Census Tract,45019002104,White,12/2024,3,2,2025-03-08
Census Tract,45019002104,White,01/2025,6,3,2025-03-08
Census Tract,45019002104,White,02/2025,4,2.5,2025-03-08
Census Tract,45019002104,White,03/2025,0,0,2025-03-08
Census Tract,45019002105,White,01/2020,0,0,2025-03-08
Census Tract,45019002105,White,02/2020,1,0,2025-03-08
Census Tract,45019002105,White,03/2020,0,0,2025-03-08
Census Tract,45019002105,White,04/2020,0,0,2025-03-08
Census Tract,45019002105,White,05/2020,0,0,2025-03-08
Census Tract,45019002105,White,06/2020,0,0,2025-03-08
Census Tract,45019002105,White,07/2020,0,0,2025-03-08
Census Tract,45019002105,White,08/2020,0,0,2025-03-08
Census Tract,45019002105,White,09/2020,0,0,2025-03-08
Census Tract,45019002105,White,10/2020,0,0,2025-03-08
Census Tract,45019002105,White,11/2020,0,0,2025-03-08
Census Tract,45019002105,White,12/2020,0,0,2025-03-08
Census Tract,45019002105,White,01/2021,1,0,2025-03-08
Census Tract,45019002105,White,02/2021,0,0,2025-03-08
Census Tract,45019002105,White,03/2021,0,0,2025-03-08
Census Tract,45019002105,White,04/2021,0,0,2025-03-08
Census Tract,45019002105,White,05/2021,0,0,2025-03-08
Census Tract,45019002105,White,06/2021,0,0,2025-03-08
Census Tract,45019002105,White,07/2021,0,0,2025-03-08
Census Tract,45019002105,White,08/2021,0,0,2025-03-08
Census Tract,45019002105,White,09/2021,0,0,2025-03-08
Census Tract,45019002105,White,10/2021,0,0,2025-03-08
Census Tract,45019002105,White,11/2021,0,0,2025-03-08
Census Tract,45019002105,White,12/2021,1,0,2025-03-08
Census Tract,45019002105,White,01/2022,0,0,2025-03-08
Census Tract,45019002105,White,02/2022,0,0,2025-03-08
Census Tract,45019002105,White,03/2022,0,0,2025-03-08
Census Tract,45019002105,White,04/2022,0,0,2025-03-08
Census Tract,45019002105,White,05/2022,0,0,2025-03-08
Census Tract,45019002105,White,06/2022,0,0,2025-03-08
Census Tract,45019002105,White,07/2022,0,0,2025-03-08
Census Tract,45019002105,White,08/2022,2,0,2025-03-08
Census Tract,45019002105,White,09/2022,0,0,2025-03-08
Census Tract,45019002105,White,10/2022,0,0,2025-03-08
Census Tract,45019002105,White,11/2022,0,0,2025-03-08
Census Tract,45019002105,White,12/2022,0,0,2025-03-08
Census Tract,45019002105,White,01/2023,0,0,2025-03-08
Census Tract,45019002105,White,02/2023,0,0,2025-03-08
Census Tract,45019002105,White,03/2023,0,0,2025-03-08
Census Tract,45019002105,White,04/2023,0,0,2025-03-08
Census Tract,45019002105,White,05/2023,0,0,2025-03-08
Census Tract,45019002105,White,06/2023,0,0,2025-03-08
Census Tract,45019002105,White,07/2023,0,0,2025-03-08
Census Tract,45019002105,White,08/2023,0,0,2025-03-08
Census Tract,45019002105,White,09/2023,0,0,2025-03-08
Census Tract,45019002105,White,10/2023,0,0,2025-03-08
Census Tract,45019002105,White,11/2023,0,0,2025-03-08
Census Tract,45019002105,White,12/2023,0,0,2025-03-08
Census Tract,45019002105,White,01/2024,0,0,2025-03-08
Census Tract,45019002105,White,02/2024,0,0,2025-03-08
Census Tract,45019002105,White,03/2024,0,0,2025-03-08
Census Tract,45019002105,White,04/2024,0,0,2025-03-08
Census Tract,45019002105,White,05/2024,0,0,2025-03-08
Census Tract,45019002105,White,06/2024,0,0,2025-03-08
Census Tract,45019002105,White,07/2024,0,0,2025-03-08
Census Tract,45019002105,White,08/2024,0,0,2025-03-08
Census Tract,45019002105,White,09/2024,0,0,2025-03-08
Census Tract,45019002105,White,10/2024,0,0,2025-03-08
Census Tract,45019002105,White,11/2024,0,0,2025-03-08
Census Tract,45019002105,White,12/2024,0,0,2025-03-08
Census Tract,45019002105,White,01/2025,0,0,2025-03-08
Census Tract,45019002105,White,02/2025,0,0,2025-03-08
Census Tract,45019002105,White,03/2025,0,0,2025-03-08
Census Tract,45019002106,White,01/2020,2,0,2025-03-08
Census Tract,45019002106,White,02/2020,0,0.5,2025-03-08
Census Tract,45019002106,White,03/2020,2,1,2025-03-08
Census Tract,45019002106,White,04/2020,0,0,2025-03-08
Census Tract,45019002106,White,05/2020,0,0.5,2025-03-08
Census Tract,45019002106,White,06/2020,0,1,2025-03-08
Census Tract,45019002106,White,07/2020,1,0.5,2025-03-08
Census Tract,45019002106,White,08/2020,0,1,2025-03-08
Census Tract,45019002106,White,09/2020,0,1.5,2025-03-08
Census Tract,45019002106,White,10/2020,1,1,2025-03-08
Census Tract,45019002106,White,11/2020,0,0,2025-03-08
Census Tract,45019002106,White,12/2020,1,1,2025-03-08
Census Tract,45019002106,White,01/2021,1,0,2025-03-08
Census Tract,45019002106,White,02/2021,0,0.5,2025-03-08
Census Tract,45019002106,White,03/2021,0,1,2025-03-08
Census Tract,45019002106,White,04/2021,1,0,2025-03-08
Census Tract,45019002106,White,05/2021,0,0.5,2025-03-08
Census Tract,45019002106,White,06/2021,1,1,2025-03-08
Census Tract,45019002106,White,07/2021,1,0.5,2025-03-08
Census Tract,45019002106,White,08/2021,0,1,2025-03-08
Census Tract,45019002106,White,09/2021,2,1.5,2025-03-08
Census Tract,45019002106,White,10/2021,0,1,2025-03-08
Census Tract,45019002106,White,11/2021,1,0,2025-03-08
Census Tract,45019002106,White,12/2021,0,1,2025-03-08
Census Tract,45019002106,White,01/2022,1,0,2025-03-08
Census Tract,45019002106,White,02/2022,1,0.5,2025-03-08
Census Tract,45019002106,White,03/2022,1,1,2025-03-08
Census Tract,45019002106,White,04/2022,3,0,2025-03-08
Census Tract,45019002106,White,05/2022,1,0.5,2025-03-08
Census Tract,45019002106,White,06/2022,2,1,2025-03-08
Census Tract,45019002106,White,07/2022,2,0.5,2025-03-08
Census Tract,45019002106,White,08/2022,2,1,2025-03-08
Census Tract,45019002106,White,09/2022,2,1.5,2025-03-08
Census Tract,45019002106,White,10/2022,0,1,2025-03-08
Census Tract,45019002106,White,11/2022,2,0,2025-03-08
Census Tract,45019002106,White,12/2022,1,1,2025-03-08
Census Tract,45019002106,White,01/2023,0,0,2025-03-08
Census Tract,45019002106,White,02/2023,0,0.5,2025-03-08
Census Tract,45019002106,White,03/2023,1,1,2025-03-08
Census Tract,45019002106,White,04/2023,0,0,2025-03-08
Census Tract,45019002106,White,05/2023,0,0.5,2025-03-08
Census Tract,45019002106,White,06/2023,1,1,2025-03-08
Census Tract,45019002106,White,07/2023,0,0.5,2025-03-08
Census Tract,45019002106,White,08/2023,1,1,2025-03-08
Census Tract,45019002106,White,09/2023,2,1.5,2025-03-08
Census Tract,45019002106,White,10/2023,0,1,2025-03-08
Census Tract,45019002106,White,11/2023,0,0,2025-03-08
Census Tract,45019002106,White,12/2023,2,1,2025-03-08
Census Tract,45019002106,White,01/2024,0,0,2025-03-08
Census Tract,45019002106,White,02/2024,1,0.5,2025-03-08
Census Tract,45019002106,White,03/2024,1,1,2025-03-08
Census Tract,45019002106,White,04/2024,0,0,2025-03-08
Census Tract,45019002106,White,05/2024,1,0.5,2025-03-08
Census Tract,45019002106,White,06/2024,1,1,2025-03-08
Census Tract,45019002106,White,07/2024,1,0.5,2025-03-08
Census Tract,45019002106,White,08/2024,1,1,2025-03-08
Census Tract,45019002106,White,09/2024,1,1.5,2025-03-08
Census Tract,45019002106,White,10/2024,2,1,2025-03-08
Census Tract,45019002106,White,11/2024,0,0,2025-03-08
Census Tract,45019002106,White,12/2024,0,1,2025-03-08
Census Tract,45019002106,White,01/2025,2,0,2025-03-08
Census Tract,45019002106,White,02/2025,0,0.5,2025-03-08
Census Tract,45019002106,White,03/2025,0,0,2025-03-08
Census Tract,45019002107,White,01/2020,5,3,2025-03-08
Census Tract,45019002107,White,02/2020,8,2.5,2025-03-08
Census Tract,45019002107,White,03/2020,5,4.5,2025-03-08
Census Tract,45019002107,White,04/2020,0,3,2025-03-08
Census Tract,45019002107,White,05/2020,6,6.5,2025-03-08
Census Tract,45019002107,White,06/2020,2,5,2025-03-08
Census Tract,45019002107,White,07/2020,3,8,2025-03-08
Census Tract,45019002107,White,08/2020,6,7,2025-03-08
Census Tract,45019002107,White,09/2020,2,6.5,2025-03-08
Census Tract,45019002107,White,10/2020,2,8,2025-03-08
Census Tract,45019002107,White,11/2020,0,5,2025-03-08
Census Tract,45019002107,White,12/2020,2,6.5,2025-03-08
Census Tract,45019002107,White,01/2021,7,3,2025-03-08
Census Tract,45019002107,White,02/2021,3,2.5,2025-03-08
Census Tract,45019002107,White,03/2021,4,4.5,2025-03-08
Census Tract,45019002107,White,04/2021,2,3,2025-03-08
Census Tract,45019002107,White,05/2021,2,6.5,2025-03-08
Census Tract,45019002107,White,06/2021,0,5,2025-03-08
Census Tract,45019002107,White,07/2021,5,8,2025-03-08
Census Tract,45019002107,White,08/2021,1,7,2025-03-08
Census Tract,45019002107,White,09/2021,8,6.5,2025-03-08
Census Tract,45019002107,White,10/2021,4,8,2025-03-08
Census Tract,45019002107,White,11/2021,0,5,2025-03-08
Census Tract,45019002107,White,12/2021,5,6.5,2025-03-08
Census Tract,45019002107,White,01/2022,3,3,2025-03-08
Census Tract,45019002107,White,02/2022,7,2.5,2025-03-08
Census Tract,45019002107,White,03/2022,12,4.5,2025-03-08
Census Tract,45019002107,White,04/2022,9,3,2025-03-08
Census Tract,45019002107,White,05/2022,5,6.5,2025-03-08
Census Tract,45019002107,White,06/2022,1,5,2025-03-08
Census Tract,45019002107,White,07/2022,3,8,2025-03-08
Census Tract,45019002107,White,08/2022,9,7,2025-03-08
Census Tract,45019002107,White,09/2022,5,6.5,2025-03-08
Census Tract,45019002107,White,10/2022,6,8,2025-03-08
Census Tract,45019002107,White,11/2022,10,5,2025-03-08
Census Tract,45019002107,White,12/2022,7,6.5,2025-03-08
Census Tract,45019002107,White,01/2023,1,3,2025-03-08
Census Tract,45019002107,White,02/2023,1,2.5,2025-03-08
Census Tract,45019002107,White,03/2023,4,4.5,2025-03-08
Census Tract,45019002107,White,04/2023,3,3,2025-03-08
Census Tract,45019002107,White,05/2023,2,6.5,2025-03-08
Census Tract,45019002107,White,06/2023,4,5,2025-03-08
Census Tract,45019002107,White,07/2023,5,8,2025-03-08
Census Tract,45019002107,White,08/2023,9,7,2025-03-08
Census Tract,45019002107,White,09/2023,5,6.5,2025-03-08
Census Tract,45019002107,White,10/2023,10,8,2025-03-08
Census Tract,45019002107,White,11/2023,4,5,2025-03-08
Census Tract,45019002107,White,12/2023,6,6.5,2025-03-08
Census Tract,45019002107,White,01/2024,5,3,2025-03-08
Census Tract,45019002107,White,02/2024,4,2.5,2025-03-08
Census Tract,45019002107,White,03/2024,5,4.5,2025-03-08
Census Tract,45019002107,White,04/2024,3,3,2025-03-08
Census Tract,45019002107,White,05/2024,11,6.5,2025-03-08
Census Tract,45019002107,White,06/2024,6,5,2025-03-08
Census Tract,45019002107,White,07/2024,11,8,2025-03-08
Census Tract,45019002107,White,08/2024,5,7,2025-03-08
Census Tract,45019002107,White,09/2024,8,6.5,2025-03-08
Census Tract,45019002107,White,10/2024,6,8,2025-03-08
Census Tract,45019002107,White,11/2024,6,5,2025-03-08
Census Tract,45019002107,White,12/2024,7,6.5,2025-03-08
Census Tract,45019002107,White,01/2025,5,3,2025-03-08
Census Tract,45019002107,White,02/2025,1,2.5,2025-03-08
Census Tract,45019002107,White,03/2025,0,0.5,2025-03-08
Census Tract,45019002108,White,01/2020,0,1,2025-03-08
Census Tract,45019002108,White,02/2020,2,1,2025-03-08
Census Tract,45019002108,White,03/2020,3,1.5,2025-03-08
Census Tract,45019002108,White,04/2020,0,1,2025-03-08
Census Tract,45019002108,White,05/2020,0,3.5,2025-03-08
Census Tract,45019002108,White,06/2020,2,0.5,2025-03-08
Census Tract,45019002108,White,07/2020,2,0.5,2025-03-08
Census Tract,45019002108,White,08/2020,0,0,2025-03-08
Census Tract,45019002108,White,09/2020,1,1,2025-03-08
Census Tract,45019002108,White,10/2020,0,2.5,2025-03-08
Census Tract,45019002108,White,11/2020,0,1,2025-03-08
Census Tract,45019002108,White,12/2020,2,1.5,2025-03-08
Census Tract,45019002108,White,01/2021,0,1,2025-03-08
Census Tract,45019002108,White,02/2021,3,1,2025-03-08
Census Tract,45019002108,White,03/2021,2,1.5,2025-03-08
Census Tract,45019002108,White,04/2021,0,1,2025-03-08
Census Tract,45019002108,White,05/2021,1,3.5,2025-03-08
Census Tract,45019002108,White,06/2021,0,0.5,2025-03-08
Census Tract,45019002108,White,07/2021,1,0.5,2025-03-08
Census Tract,45019002108,White,08/2021,1,0,2025-03-08
Census Tract,45019002108,White,09/2021,0,1,2025-03-08
Census Tract,45019002108,White,10/2021,1,2.5,2025-03-08
Census Tract,45019002108,White,11/2021,0,1,2025-03-08
Census Tract,45019002108,White,12/2021,0,1.5,2025-03-08
Census Tract,45019002108,White,01/2022,9,1,2025-03-08
Census Tract,45019002108,White,02/2022,1,1,2025-03-08
Census Tract,45019002108,White,03/2022,4,1.5,2025-03-08
Census Tract,45019002108,White,04/2022,1,1,2025-03-08
Census Tract,45019002108,White,05/2022,0,3.5,2025-03-08
Census Tract,45019002108,White,06/2022,0,0.5,2025-03-08
Census Tract,45019002108,White,07/2022,1,0.5,2025-03-08
Census Tract,45019002108,White,08/2022,3,0,2025-03-08
Census Tract,45019002108,White,09/2022,0,1,2025-03-08
Census Tract,45019002108,White,10/2022,3,2.5,2025-03-08
Census Tract,45019002108,White,11/2022,5,1,2025-03-08
Census Tract,45019002108,White,12/2022,2,1.5,2025-03-08
Census Tract,45019002108,White,01/2023,2,1,2025-03-08
Census Tract,45019002108,White,02/2023,2,1,2025-03-08
Census Tract,45019002108,White,03/2023,1,1.5,2025-03-08
Census Tract,45019002108,White,04/2023,2,1,2025-03-08
Census Tract,45019002108,White,05/2023,7,3.5,2025-03-08
Census Tract,45019002108,White,06/2023,1,0.5,2025-03-08
Census Tract,45019002108,White,07/2023,0,0.5,2025-03-08
Census Tract,45019002108,White,08/2023,0,0,2025-03-08
Census Tract,45019002108,White,09/2023,1,1,2025-03-08
Census Tract,45019002108,White,10/2023,0,2.5,2025-03-08
Census Tract,45019002108,White,11/2023,0,1,2025-03-08
Census Tract,45019002108,White,12/2023,1,1.5,2025-03-08
Census Tract,45019002108,White,01/2024,0,1,2025-03-08
Census Tract,45019002108,White,02/2024,0,1,2025-03-08
Census Tract,45019002108,White,03/2024,2,1.5,2025-03-08
Census Tract,45019002108,White,04/2024,0,1,2025-03-08
Census Tract,45019002108,White,05/2024,0,3.5,2025-03-08
Census Tract,45019002108,White,06/2024,0,0.5,2025-03-08
Census Tract,45019002108,White,07/2024,1,0.5,2025-03-08
Census Tract,45019002108,White,08/2024,0,0,2025-03-08
Census Tract,45019002108,White,09/2024,1,1,2025-03-08
Census Tract,45019002108,White,10/2024,5,2.5,2025-03-08
Census Tract,45019002108,White,11/2024,2,1,2025-03-08
Census Tract,45019002108,White,12/2024,2,1.5,2025-03-08
Census Tract,45019002108,White,01/2025,0,1,2025-03-08
Census Tract,45019002108,White,02/2025,0,1,2025-03-08
Census Tract,45019002108,White,03/2025,0,0,2025-03-08
Census Tract,45019002200,Other,01/2020,0,0.5,2025-03-08
Census Tract,45019002200,Other,02/2020,0,0,2025-03-08
Census Tract,45019002200,Other,03/2020,0,0.5,2025-03-08
Census Tract,45019002200,Other,04/2020,0,0.5,2025-03-08
Census Tract,45019002200,Other,05/2020,1,0.5,2025-03-08
Census Tract,45019002200,Other,06/2020,0,1,2025-03-08
Census Tract,45019002200,Other,07/2020,0,1,2025-03-08
Census Tract,45019002200,Other,08/2020,0,3,2025-03-08
Census Tract,45019002200,Other,09/2020,0,1.5,2025-03-08
Census Tract,45019002200,Other,10/2020,0,1,2025-03-08
Census Tract,45019002200,Other,11/2020,0,0.5,2025-03-08
Census Tract,45019002200,Other,12/2020,0,1.5,2025-03-08
Census Tract,45019002200,Other,01/2021,0,0.5,2025-03-08
Census Tract,45019002200,Other,02/2021,0,0,2025-03-08
Census Tract,45019002200,Other,03/2021,0,0.5,2025-03-08
Census Tract,45019002200,Other,04/2021,1,0.5,2025-03-08
Census Tract,45019002200,Other,05/2021,0,0.5,2025-03-08
Census Tract,45019002200,Other,06/2021,0,1,2025-03-08
Census Tract,45019002200,Other,07/2021,0,1,2025-03-08
Census Tract,45019002200,Other,08/2021,3,3,2025-03-08
Census Tract,45019002200,Other,09/2021,0,1.5,2025-03-08
Census Tract,45019002200,Other,10/2021,0,1,2025-03-08
Census Tract,45019002200,Other,11/2021,1,0.5,2025-03-08
Census Tract,45019002200,Other,12/2021,0,1.5,2025-03-08
Census Tract,45019002200,Other,01/2022,0,0.5,2025-03-08
Census Tract,45019002200,Other,02/2022,0,0,2025-03-08
Census Tract,45019002200,Other,03/2022,0,0.5,2025-03-08
Census Tract,45019002200,Other,04/2022,0,0.5,2025-03-08
Census Tract,45019002200,Other,05/2022,1,0.5,2025-03-08
Census Tract,45019002200,Other,06/2022,1,1,2025-03-08
Census Tract,45019002200,Other,07/2022,0,1,2025-03-08
Census Tract,45019002200,Other,08/2022,1,3,2025-03-08
Census Tract,45019002200,Other,09/2022,1,1.5,2025-03-08
Census Tract,45019002200,Other,10/2022,0,1,2025-03-08
Census Tract,45019002200,Other,11/2022,1,0.5,2025-03-08
Census Tract,45019002200,Other,12/2022,1,1.5,2025-03-08
Census Tract,45019002200,Other,01/2023,1,0.5,2025-03-08
Census Tract,45019002200,Other,02/2023,0,0,2025-03-08
Census Tract,45019002200,Other,03/2023,1,0.5,2025-03-08
Census Tract,45019002200,Other,04/2023,0,0.5,2025-03-08
Census Tract,45019002200,Other,05/2023,1,0.5,2025-03-08
Census Tract,45019002200,Other,06/2023,1,1,2025-03-08
Census Tract,45019002200,Other,07/2023,1,1,2025-03-08
Census Tract,45019002200,Other,08/2023,2,3,2025-03-08
Census Tract,45019002200,Other,09/2023,0,1.5,2025-03-08
Census Tract,45019002200,Other,10/2023,1,1,2025-03-08
Census Tract,45019002200,Other,11/2023,1,0.5,2025-03-08
Census Tract,45019002200,Other,12/2023,1,1.5,2025-03-08
Census Tract,45019002200,Other,01/2024,0,0.5,2025-03-08
Census Tract,45019002200,Other,02/2024,0,0,2025-03-08
Census Tract,45019002200,Other,03/2024,0,0.5,2025-03-08
Census Tract,45019002200,Other,04/2024,1,0.5,2025-03-08
Census Tract,45019002200,Other,05/2024,0,0.5,2025-03-08
Census Tract,45019002200,Other,06/2024,1,1,2025-03-08
Census Tract,45019002200,Other,07/2024,1,1,2025-03-08
Census Tract,45019002200,Other,08/2024,4,3,2025-03-08
Census Tract,45019002200,Other,09/2024,3,1.5,2025-03-08
Census Tract,45019002200,Other,10/2024,1,1,2025-03-08
Census Tract,45019002200,Other,11/2024,0,0.5,2025-03-08
Census Tract,45019002200,Other,12/2024,2,1.5,2025-03-08
Census Tract,45019002200,Other,01/2025,0,0.5,2025-03-08
Census Tract,45019002200,Other,02/2025,0,0,2025-03-08
Census Tract,45019002200,Other,03/2025,0,0,2025-03-08
Census Tract,45019002300,White,01/2020,3,0.5,2025-03-08
Census Tract,45019002300,White,02/2020,0,0.5,2025-03-08
Census Tract,45019002300,White,03/2020,0,1,2025-03-08
Census Tract,45019002300,White,04/2020,0,0.5,2025-03-08
Census Tract,45019002300,White,05/2020,0,1.5,2025-03-08
Census Tract,45019002300,White,06/2020,0,0,2025-03-08
Census Tract,45019002300,White,07/2020,0,1,2025-03-08
Census Tract,45019002300,White,08/2020,0,0,2025-03-08
Census Tract,45019002300,White,09/2020,1,1.5,2025-03-08
Census Tract,45019002300,White,10/2020,1,1,2025-03-08
Census Tract,45019002300,White,11/2020,0,0,2025-03-08
Census Tract,45019002300,White,12/2020,0,0,2025-03-08
Census Tract,45019002300,White,01/2021,0,0.5,2025-03-08
Census Tract,45019002300,White,02/2021,0,0.5,2025-03-08
Census Tract,45019002300,White,03/2021,1,1,2025-03-08
Census Tract,45019002300,White,04/2021,0,0.5,2025-03-08
Census Tract,45019002300,White,05/2021,1,1.5,2025-03-08
Census Tract,45019002300,White,06/2021,0,0,2025-03-08
Census Tract,45019002300,White,07/2021,1,1,2025-03-08
Census Tract,45019002300,White,08/2021,2,0,2025-03-08
Census Tract,45019002300,White,09/2021,0,1.5,2025-03-08
Census Tract,45019002300,White,10/2021,4,1,2025-03-08
Census Tract,45019002300,White,11/2021,0,0,2025-03-08
Census Tract,45019002300,White,12/2021,1,0,2025-03-08
Census Tract,45019002300,White,01/2022,0,0.5,2025-03-08
Census Tract,45019002300,White,02/2022,0,0.5,2025-03-08
Census Tract,45019002300,White,03/2022,1,1,2025-03-08
Census Tract,45019002300,White,04/2022,1,0.5,2025-03-08
Census Tract,45019002300,White,05/2022,1,1.5,2025-03-08
Census Tract,45019002300,White,06/2022,0,0,2025-03-08
Census Tract,45019002300,White,07/2022,1,1,2025-03-08
Census Tract,45019002300,White,08/2022,1,0,2025-03-08
Census Tract,45019002300,White,09/2022,1,1.5,2025-03-08
Census Tract,45019002300,White,10/2022,1,1,2025-03-08
Census Tract,45019002300,White,11/2022,1,0,2025-03-08
Census Tract,45019002300,White,12/2022,0,0,2025-03-08
Census Tract,45019002300,White,01/2023,1,0.5,2025-03-08
Census Tract,45019002300,White,02/2023,1,0.5,2025-03-08
Census Tract,45019002300,White,03/2023,2,1,2025-03-08
Census Tract,45019002300,White,04/2023,0,0.5,2025-03-08
Census Tract,45019002300,White,05/2023,1,1.5,2025-03-08
Census Tract,45019002300,White,06/2023,0,0,2025-03-08
Census Tract,45019002300,White,07/2023,1,1,2025-03-08
Census Tract,45019002300,White,08/2023,0,0,2025-03-08
Census Tract,45019002300,White,09/2023,2,1.5,2025-03-08
Census Tract,45019002300,White,10/2023,1,1,2025-03-08
Census Tract,45019002300,White,11/2023,0,0,2025-03-08
Census Tract,45019002300,White,12/2023,0,0,2025-03-08
Census Tract,45019002300,White,01/2024,0,0.5,2025-03-08
Census Tract,45019002300,White,02/2024,0,0.5,2025-03-08
Census Tract,45019002300,White,03/2024,0,1,2025-03-08
Census Tract,45019002300,White,04/2024,1,0.5,2025-03-08
Census Tract,45019002300,White,05/2024,2,1.5,2025-03-08
Census Tract,45019002300,White,06/2024,0,0,2025-03-08
Census Tract,45019002300,White,07/2024,1,1,2025-03-08
Census Tract,45019002300,White,08/2024,0,0,2025-03-08
Census Tract,45019002300,White,09/2024,1,1.5,2025-03-08
Census Tract,45019002300,White,10/2024,1,1,2025-03-08
Census Tract,45019002300,White,11/2024,0,0,2025-03-08
Census Tract,45019002300,White,12/2024,0,0,2025-03-08
Census Tract,45019002300,White,01/2025,1,0.5,2025-03-08
Census Tract,45019002300,White,02/2025,3,0.5,2025-03-08
Census Tract,45019002300,White,03/2025,0,0.5,2025-03-08
Census Tract,45019002401,White,01/2020,1,1,2025-03-08
Census Tract,45019002401,White,02/2020,0,0.5,2025-03-08
Census Tract,45019002401,White,03/2020,0,0,2025-03-08
Census Tract,45019002401,White,04/2020,0,0,2025-03-08
Census Tract,45019002401,White,05/2020,0,0,2025-03-08
Census Tract,45019002401,White,06/2020,1,1,2025-03-08
Census Tract,45019002401,White,07/2020,2,0,2025-03-08
Census Tract,45019002401,White,08/2020,0,1,2025-03-08
Census Tract,45019002401,White,09/2020,0,0,2025-03-08
Census Tract,45019002401,White,10/2020,2,0.5,2025-03-08
Census Tract,45019002401,White,11/2020,2,3,2025-03-08
Census Tract,45019002401,White,12/2020,0,0,2025-03-08
Census Tract,45019002401,White,01/2021,0,1,2025-03-08
Census Tract,45019002401,White,02/2021,1,0.5,2025-03-08
Census Tract,45019002401,White,03/2021,1,0,2025-03-08
Census Tract,45019002401,White,04/2021,0,0,2025-03-08
Census Tract,45019002401,White,05/2021,0,0,2025-03-08
Census Tract,45019002401,White,06/2021,0,1,2025-03-08
Census Tract,45019002401,White,07/2021,2,0,2025-03-08
Census Tract,45019002401,White,08/2021,1,1,2025-03-08
Census Tract,45019002401,White,09/2021,1,0,2025-03-08
Census Tract,45019002401,White,10/2021,0,0.5,2025-03-08
Census Tract,45019002401,White,11/2021,0,3,2025-03-08
Census Tract,45019002401,White,12/2021,0,0,2025-03-08
Census Tract,45019002401,White,01/2022,1,1,2025-03-08
Census Tract,45019002401,White,02/2022,0,0.5,2025-03-08
Census Tract,45019002401,White,03/2022,0,0,2025-03-08
Census Tract,45019002401,White,04/2022,0,0,2025-03-08
Census Tract,45019002401,White,05/2022,0,0,2025-03-08
Census Tract,45019002401,White,06/2022,0,1,2025-03-08
Census Tract,45019002401,White,07/2022,0,0,2025-03-08
Census Tract,45019002401,White,08/2022,1,1,2025-03-08
Census Tract,45019002401,White,09/2022,0,0,2025-03-08
Census Tract,45019002401,White,10/2022,1,0.5,2025-03-08
Census Tract,45019002401,White,11/2022,0,3,2025-03-08
Census Tract,45019002401,White,12/2022,0,0,2025-03-08
Census Tract,45019002401,White,01/2023,0,1,2025-03-08
Census Tract,45019002401,White,02/2023,1,0.5,2025-03-08
Census Tract,45019002401,White,03/2023,0,0,2025-03-08
Census Tract,45019002401,White,04/2023,0,0,2025-03-08
Census Tract,45019002401,White,05/2023,0,0,2025-03-08
Census Tract,45019002401,White,06/2023,0,1,2025-03-08
Census Tract,45019002401,White,07/2023,0,0,2025-03-08
Census Tract,45019002401,White,08/2023,1,1,2025-03-08
Census Tract,45019002401,White,09/2023,0,0,2025-03-08
Census Tract,45019002401,White,10/2023,0,0.5,2025-03-08
Census Tract,45019002401,White,11/2023,3,3,2025-03-08
Census Tract,45019002401,White,12/2023,0,0,2025-03-08
Census Tract,45019002401,White,01/2024,2,1,2025-03-08
Census Tract,45019002401,White,02/2024,0,0.5,2025-03-08
Census Tract,45019002401,White,03/2024,0,0,2025-03-08
Census Tract,45019002401,White,04/2024,0,0,2025-03-08
Census Tract,45019002401,White,05/2024,0,0,2025-03-08
Census Tract,45019002401,White,06/2024,2,1,2025-03-08
Census Tract,45019002401,White,07/2024,0,0,2025-03-08
Census Tract,45019002401,White,08/2024,1,1,2025-03-08
Census Tract,45019002401,White,09/2024,0,0,2025-03-08
Census Tract,45019002401,White,10/2024,1,0.5,2025-03-08
Census Tract,45019002401,White,11/2024,3,3,2025-03-08
Census Tract,45019002401,White,12/2024,0,0,2025-03-08
Census Tract,45019002401,White,01/2025,2,1,2025-03-08
Census Tract,45019002401,White,02/2025,0,0.5,2025-03-08
Census Tract,45019002401,White,03/2025,0,0,2025-03-08
Census Tract,45019002402,Black,01/2020,2,1.5,2025-03-08
Census Tract,45019002402,Black,02/2020,4,2.5,2025-03-08
Census Tract,45019002402,Black,03/2020,0,0.5,2025-03-08
Census Tract,45019002402,Black,04/2020,0,2,2025-03-08
Census Tract,45019002402,Black,05/2020,0,1.5,2025-03-08
Census Tract,45019002402,Black,06/2020,1,2.5,2025-03-08
Census Tract,45019002402,Black,07/2020,1,0.5,2025-03-08
Census Tract,45019002402,Black,08/2020,2,0.5,2025-03-08
Census Tract,45019002402,Black,09/2020,0,2.5,2025-03-08
Census Tract,45019002402,Black,10/2020,2,0.5,2025-03-08
Census Tract,45019002402,Black,11/2020,0,1,2025-03-08
Census Tract,45019002402,Black,12/2020,1,1.5,2025-03-08
Census Tract,45019002402,Black,01/2021,1,1.5,2025-03-08
Census Tract,45019002402,Black,02/2021,0,2.5,2025-03-08
Census Tract,45019002402,Black,03/2021,0,0.5,2025-03-08
Census Tract,45019002402,Black,04/2021,1,2,2025-03-08
Census Tract,45019002402,Black,05/2021,0,1.5,2025-03-08
Census Tract,45019002402,Black,06/2021,1,2.5,2025-03-08
Census Tract,45019002402,Black,07/2021,0,0.5,2025-03-08
Census Tract,45019002402,Black,08/2021,0,0.5,2025-03-08
Census Tract,45019002402,Black,09/2021,0,2.5,2025-03-08
Census Tract,45019002402,Black,10/2021,4,0.5,2025-03-08
Census Tract,45019002402,Black,11/2021,1,1,2025-03-08
Census Tract,45019002402,Black,12/2021,1,1.5,2025-03-08
Census Tract,45019002402,Black,01/2022,1,1.5,2025-03-08
Census Tract,45019002402,Black,02/2022,2,2.5,2025-03-08
Census Tract,45019002402,Black,03/2022,1,0.5,2025-03-08
Census Tract,45019002402,Black,04/2022,1,2,2025-03-08
Census Tract,45019002402,Black,05/2022,2,1.5,2025-03-08
Census Tract,45019002402,Black,06/2022,2,2.5,2025-03-08
Census Tract,45019002402,Black,07/2022,1,0.5,2025-03-08
Census Tract,45019002402,Black,08/2022,0,0.5,2025-03-08
Census Tract,45019002402,Black,09/2022,1,2.5,2025-03-08
Census Tract,45019002402,Black,10/2022,1,0.5,2025-03-08
Census Tract,45019002402,Black,11/2022,2,1,2025-03-08
Census Tract,45019002402,Black,12/2022,2,1.5,2025-03-08
Census Tract,45019002402,Black,01/2023,2,1.5,2025-03-08
Census Tract,45019002402,Black,02/2023,3,2.5,2025-03-08
Census Tract,45019002402,Black,03/2023,1,0.5,2025-03-08
Census Tract,45019002402,Black,04/2023,1,2,2025-03-08
Census Tract,45019002402,Black,05/2023,2,1.5,2025-03-08
Census Tract,45019002402,Black,06/2023,3,2.5,2025-03-08
Census Tract,45019002402,Black,07/2023,0,0.5,2025-03-08
Census Tract,45019002402,Black,08/2023,1,0.5,2025-03-08
Census Tract,45019002402,Black,09/2023,2,2.5,2025-03-08
Census Tract,45019002402,Black,10/2023,1,0.5,2025-03-08
Census Tract,45019002402,Black,11/2023,1,1,2025-03-08
Census Tract,45019002402,Black,12/2023,1,1.5,2025-03-08
Census Tract,45019002402,Black,01/2024,1,1.5,2025-03-08
Census Tract,45019002402,Black,02/2024,2,2.5,2025-03-08
Census Tract,45019002402,Black,03/2024,0,0.5,2025-03-08
Census Tract,45019002402,Black,04/2024,3,2,2025-03-08
Census Tract,45019002402,Black,05/2024,1,1.5,2025-03-08
Census Tract,45019002402,Black,06/2024,2,2.5,2025-03-08
Census Tract,45019002402,Black,07/2024,1,0.5,2025-03-08
Census Tract,45019002402,Black,08/2024,0,0.5,2025-03-08
Census Tract,45019002402,Black,09/2024,3,2.5,2025-03-08
Census Tract,45019002402,Black,10/2024,0,0.5,2025-03-08
Census Tract,45019002402,Black,11/2024,1,1,2025-03-08
Census Tract,45019002402,Black,12/2024,2,1.5,2025-03-08
Census Tract,45019002402,Black,01/2025,4,1.5,2025-03-08
Census Tract,45019002402,Black,02/2025,2,2.5,2025-03-08
Census Tract,45019002402,Black,03/2025,0,0,2025-03-08
Census Tract,45019002503,Black,01/2020,7,1.5,2025-03-08
Census Tract,45019002503,Black,02/2020,0,0,2025-03-08
Census Tract,45019002503,Black,03/2020,1,1,2025-03-08
Census Tract,45019002503,Black,04/2020,0,1,2025-03-08
Census Tract,45019002503,Black,05/2020,1,1,2025-03-08
Census Tract,45019002503,Black,06/2020,1,0.5,2025-03-08
Census Tract,45019002503,Black,07/2020,1,2,2025-03-08
Census Tract,45019002503,Black,08/2020,1,0.5,2025-03-08
Census Tract,45019002503,Black,09/2020,0,0,2025-03-08
Census Tract,45019002503,Black,10/2020,2,1,2025-03-08
Census Tract,45019002503,Black,11/2020,2,0.5,2025-03-08
Census Tract,45019002503,Black,12/2020,0,1.5,2025-03-08
Census Tract,45019002503,Black,01/2021,0,1.5,2025-03-08
Census Tract,45019002503,Black,02/2021,1,0,2025-03-08
Census Tract,45019002503,Black,03/2021,3,1,2025-03-08
Census Tract,45019002503,Black,04/2021,0,1,2025-03-08
Census Tract,45019002503,Black,05/2021,2,1,2025-03-08
Census Tract,45019002503,Black,06/2021,4,0.5,2025-03-08
Census Tract,45019002503,Black,07/2021,0,2,2025-03-08
Census Tract,45019002503,Black,08/2021,0,0.5,2025-03-08
Census Tract,45019002503,Black,09/2021,0,0,2025-03-08
Census Tract,45019002503,Black,10/2021,4,1,2025-03-08
Census Tract,45019002503,Black,11/2021,1,0.5,2025-03-08
Census Tract,45019002503,Black,12/2021,0,1.5,2025-03-08
Census Tract,45019002503,Black,01/2022,1,1.5,2025-03-08
Census Tract,45019002503,Black,02/2022,0,0,2025-03-08
Census Tract,45019002503,Black,03/2022,1,1,2025-03-08
Census Tract,45019002503,Black,04/2022,1,1,2025-03-08
Census Tract,45019002503,Black,05/2022,2,1,2025-03-08
Census Tract,45019002503,Black,06/2022,2,0.5,2025-03-08
Census Tract,45019002503,Black,07/2022,1,2,2025-03-08
Census Tract,45019002503,Black,08/2022,0,0.5,2025-03-08
Census Tract,45019002503,Black,09/2022,0,0,2025-03-08
Census Tract,45019002503,Black,10/2022,1,1,2025-03-08
Census Tract,45019002503,Black,11/2022,0,0.5,2025-03-08
Census Tract,45019002503,Black,12/2022,0,1.5,2025-03-08
Census Tract,45019002503,Black,01/2023,1,1.5,2025-03-08
Census Tract,45019002503,Black,02/2023,0,0,2025-03-08
Census Tract,45019002503,Black,03/2023,2,1,2025-03-08
Census Tract,45019002503,Black,04/2023,1,1,2025-03-08
Census Tract,45019002503,Black,05/2023,0,1,2025-03-08
Census Tract,45019002503,Black,06/2023,1,0.5,2025-03-08
Census Tract,45019002503,Black,07/2023,0,2,2025-03-08
Census Tract,45019002503,Black,08/2023,1,0.5,2025-03-08
Census Tract,45019002503,Black,09/2023,0,0,2025-03-08
Census Tract,45019002503,Black,10/2023,1,1,2025-03-08
Census Tract,45019002503,Black,11/2023,0,0.5,2025-03-08
Census Tract,45019002503,Black,12/2023,1,1.5,2025-03-08
Census Tract,45019002503,Black,01/2024,2,1.5,2025-03-08
Census Tract,45019002503,Black,02/2024,0,0,2025-03-08
Census Tract,45019002503,Black,03/2024,0,1,2025-03-08
Census Tract,45019002503,Black,04/2024,1,1,2025-03-08
Census Tract,45019002503,Black,05/2024,2,1,2025-03-08
Census Tract,45019002503,Black,06/2024,0,0.5,2025-03-08
Census Tract,45019002503,Black,07/2024,4,2,2025-03-08
Census Tract,45019002503,Black,08/2024,0,0.5,2025-03-08
Census Tract,45019002503,Black,09/2024,0,0,2025-03-08
Census Tract,45019002503,Black,10/2024,1,1,2025-03-08
Census Tract,45019002503,Black,11/2024,1,0.5,2025-03-08
Census Tract,45019002503,Black,12/2024,2,1.5,2025-03-08
Census Tract,45019002503,Black,01/2025,4,1.5,2025-03-08
Census Tract,45019002503,Black,02/2025,0,0,2025-03-08
Census Tract,45019002503,Black,03/2025,0,0,2025-03-08
Census Tract,45019002504,White,01/2020,6,10,2025-03-08
Census Tract,45019002504,White,02/2020,17,1.5,2025-03-08
Census Tract,45019002504,White,03/2020,1,7.5,2025-03-08
Census Tract,45019002504,White,04/2020,0,6.5,2025-03-08
Census Tract,45019002504,White,05/2020,10,6.5,2025-03-08
Census Tract,45019002504,White,06/2020,5,2.5,2025-03-08
Census Tract,45019002504,White,07/2020,2,9.5,2025-03-08
Census Tract,45019002504,White,08/2020,5,2.5,2025-03-08
Census Tract,45019002504,White,09/2020,14,4,2025-03-08
Census Tract,45019002504,White,10/2020,3,3,2025-03-08
Census Tract,45019002504,White,11/2020,1,7.5,2025-03-08
Census Tract,45019002504,White,12/2020,3,2,2025-03-08
Census Tract,45019002504,White,01/2021,2,10,2025-03-08
Census Tract,45019002504,White,02/2021,4,1.5,2025-03-08
Census Tract,45019002504,White,03/2021,0,7.5,2025-03-08
Census Tract,45019002504,White,04/2021,1,6.5,2025-03-08
Census Tract,45019002504,White,05/2021,3,6.5,2025-03-08
Census Tract,45019002504,White,06/2021,4,2.5,2025-03-08
Census Tract,45019002504,White,07/2021,3,9.5,2025-03-08
Census Tract,45019002504,White,08/2021,1,2.5,2025-03-08
Census Tract,45019002504,White,09/2021,2,4,2025-03-08
Census Tract,45019002504,White,10/2021,5,3,2025-03-08
Census Tract,45019002504,White,11/2021,1,7.5,2025-03-08
Census Tract,45019002504,White,12/2021,2,2,2025-03-08
Census Tract,45019002504,White,01/2022,5,10,2025-03-08
Census Tract,45019002504,White,02/2022,2,1.5,2025-03-08
Census Tract,45019002504,White,03/2022,12,7.5,2025-03-08
Census Tract,45019002504,White,04/2022,6,6.5,2025-03-08
Census Tract,45019002504,White,05/2022,5,6.5,2025-03-08
Census Tract,45019002504,White,06/2022,17,2.5,2025-03-08
Census Tract,45019002504,White,07/2022,1,9.5,2025-03-08
Census Tract,45019002504,White,08/2022,4,2.5,2025-03-08
Census Tract,45019002504,White,09/2022,2,4,2025-03-08
Census Tract,45019002504,White,10/2022,17,3,2025-03-08
Census Tract,45019002504,White,11/2022,2,7.5,2025-03-08
Census Tract,45019002504,White,12/2022,2,2,2025-03-08
Census Tract,45019002504,White,01/2023,1,10,2025-03-08
Census Tract,45019002504,White,02/2023,3,1.5,2025-03-08
Census Tract,45019002504,White,03/2023,13,7.5,2025-03-08
Census Tract,45019002504,White,04/2023,1,6.5,2025-03-08
Census Tract,45019002504,White,05/2023,4,6.5,2025-03-08
Census Tract,45019002504,White,06/2023,2,2.5,2025-03-08
Census Tract,45019002504,White,07/2023,15,9.5,2025-03-08
Census Tract,45019002504,White,08/2023,1,2.5,2025-03-08
Census Tract,45019002504,White,09/2023,6,4,2025-03-08
Census Tract,45019002504,White,10/2023,4,3,2025-03-08
Census Tract,45019002504,White,11/2023,10,7.5,2025-03-08
Census Tract,45019002504,White,12/2023,2,2,2025-03-08
Census Tract,45019002504,White,01/2024,19,10,2025-03-08
Census Tract,45019002504,White,02/2024,0,1.5,2025-03-08
Census Tract,45019002504,White,03/2024,2,7.5,2025-03-08
Census Tract,45019002504,White,04/2024,12,6.5,2025-03-08
Census Tract,45019002504,White,05/2024,9,6.5,2025-03-08
Census Tract,45019002504,White,06/2024,3,2.5,2025-03-08
Census Tract,45019002504,White,07/2024,4,9.5,2025-03-08
Census Tract,45019002504,White,08/2024,4,2.5,2025-03-08
Census Tract,45019002504,White,09/2024,2,4,2025-03-08
Census Tract,45019002504,White,10/2024,2,3,2025-03-08
Census Tract,45019002504,White,11/2024,5,7.5,2025-03-08
Census Tract,45019002504,White,12/2024,2,2,2025-03-08
Census Tract,45019002504,White,01/2025,10,10,2025-03-08
Census Tract,45019002504,White,02/2025,1,1.5,2025-03-08
Census Tract,45019002504,White,03/2025,0,4.5,2025-03-08
Census Tract,45019002604,White,01/2020,22,10.5,2025-03-08
Census Tract,45019002604,White,02/2020,11,8.5,2025-03-08
Census Tract,45019002604,White,03/2020,2,8,2025-03-08
Census Tract,45019002604,White,04/2020,0,6,2025-03-08
Census Tract,45019002604,White,05/2020,2,10.5,2025-03-08
Census Tract,45019002604,White,06/2020,2,3.5,2025-03-08
Census Tract,45019002604,White,07/2020,3,9.5,2025-03-08
Census Tract,45019002604,White,08/2020,9,7.5,2025-03-08
Census Tract,45019002604,White,09/2020,7,2.5,2025-03-08
Census Tract,45019002604,White,10/2020,8,8.5,2025-03-08
Census Tract,45019002604,White,11/2020,4,9.5,2025-03-08
Census Tract,45019002604,White,12/2020,9,3.5,2025-03-08
Census Tract,45019002604,White,01/2021,1,10.5,2025-03-08
Census Tract,45019002604,White,02/2021,10,8.5,2025-03-08
Census Tract,45019002604,White,03/2021,4,8,2025-03-08
Census Tract,45019002604,White,04/2021,2,6,2025-03-08
Census Tract,45019002604,White,05/2021,1,10.5,2025-03-08
Census Tract,45019002604,White,06/2021,1,3.5,2025-03-08
Census Tract,45019002604,White,07/2021,4,9.5,2025-03-08
Census Tract,45019002604,White,08/2021,5,7.5,2025-03-08
Census Tract,45019002604,White,09/2021,5,2.5,2025-03-08
Census Tract,45019002604,White,10/2021,9,8.5,2025-03-08
Census Tract,45019002604,White,11/2021,6,9.5,2025-03-08
Census Tract,45019002604,White,12/2021,1,3.5,2025-03-08
Census Tract,45019002604,White,01/2022,6,10.5,2025-03-08
Census Tract,45019002604,White,02/2022,2,8.5,2025-03-08
Census Tract,45019002604,White,03/2022,15,8,2025-03-08
Census Tract,45019002604,White,04/2022,3,6,2025-03-08
Census Tract,45019002604,White,05/2022,11,10.5,2025-03-08
Census Tract,45019002604,White,06/2022,2,3.5,2025-03-08
Census Tract,45019002604,White,07/2022,3,9.5,2025-03-08
Census Tract,45019002604,White,08/2022,16,7.5,2025-03-08
Census Tract,45019002604,White,09/2022,2,2.5,2025-03-08
Census Tract,45019002604,White,10/2022,4,8.5,2025-03-08
Census Tract,45019002604,White,11/2022,3,9.5,2025-03-08
Census Tract,45019002604,White,12/2022,11,3.5,2025-03-08
Census Tract,45019002604,White,01/2023,9,10.5,2025-03-08
Census Tract,45019002604,White,02/2023,9,8.5,2025-03-08
Census Tract,45019002604,White,03/2023,4,8,2025-03-08
Census Tract,45019002604,White,04/2023,9,6,2025-03-08
Census Tract,45019002604,White,05/2023,12,10.5,2025-03-08
Census Tract,45019002604,White,06/2023,5,3.5,2025-03-08
Census Tract,45019002604,White,07/2023,6,9.5,2025-03-08
Census Tract,45019002604,White,08/2023,8,7.5,2025-03-08
Census Tract,45019002604,White,09/2023,2,2.5,2025-03-08
Census Tract,45019002604,White,10/2023,9,8.5,2025-03-08
Census Tract,45019002604,White,11/2023,10,9.5,2025-03-08
Census Tract,45019002604,White,12/2023,4,3.5,2025-03-08
Census Tract,45019002604,White,01/2024,12,10.5,2025-03-08
Census Tract,45019002604,White,02/2024,8,8.5,2025-03-08
Census Tract,45019002604,White,03/2024,12,8,2025-03-08
Census Tract,45019002604,White,04/2024,3,6,2025-03-08
Census Tract,45019002604,White,05/2024,9,10.5,2025-03-08
Census Tract,45019002604,White,06/2024,2,3.5,2025-03-08
Census Tract,45019002604,White,07/2024,13,9.5,2025-03-08
Census Tract,45019002604,White,08/2024,7,7.5,2025-03-08
Census Tract,45019002604,White,09/2024,3,2.5,2025-03-08
Census Tract,45019002604,White,10/2024,8,8.5,2025-03-08
Census Tract,45019002604,White,11/2024,9,9.5,2025-03-08
Census Tract,45019002604,White,12/2024,3,3.5,2025-03-08
Census Tract,45019002604,White,01/2025,6,10.5,2025-03-08
Census Tract,45019002604,White,02/2025,2,8.5,2025-03-08
Census Tract,45019002604,White,03/2025,0,1.5,2025-03-08
Census Tract,45019002605,White,01/2020,13,13.5,2025-03-08
Census Tract,45019002605,White,02/2020,20,13.5,2025-03-08
Census Tract,45019002605,White,03/2020,2,10,2025-03-08
Census Tract,45019002605,White,04/2020,0,11.5,2025-03-08
Census Tract,45019002605,White,05/2020,2,6.5,2025-03-08
Census Tract,45019002605,White,06/2020,3,10,2025-03-08
Census Tract,45019002605,White,07/2020,6,14,2025-03-08
Census Tract,45019002605,White,08/2020,7,12.5,2025-03-08
Census Tract,45019002605,White,09/2020,5,15.5,2025-03-08
Census Tract,45019002605,White,10/2020,4,10,2025-03-08
Census Tract,45019002605,White,11/2020,5,19,2025-03-08
Census Tract,45019002605,White,12/2020,22,12,2025-03-08
Census Tract,45019002605,White,01/2021,2,13.5,2025-03-08
Census Tract,45019002605,White,02/2021,6,13.5,2025-03-08
Census Tract,45019002605,White,03/2021,3,10,2025-03-08
Census Tract,45019002605,White,04/2021,4,11.5,2025-03-08
Census Tract,45019002605,White,05/2021,2,6.5,2025-03-08
Census Tract,45019002605,White,06/2021,5,10,2025-03-08
Census Tract,45019002605,White,07/2021,2,14,2025-03-08
Census Tract,45019002605,White,08/2021,0,12.5,2025-03-08
Census Tract,45019002605,White,09/2021,13,15.5,2025-03-08
Census Tract,45019002605,White,10/2021,11,10,2025-03-08
Census Tract,45019002605,White,11/2021,3,19,2025-03-08
Census Tract,45019002605,White,12/2021,2,12,2025-03-08
Census Tract,45019002605,White,01/2022,25,13.5,2025-03-08
Census Tract,45019002605,White,02/2022,14,13.5,2025-03-08
Census Tract,45019002605,White,03/2022,18,10,2025-03-08
Census Tract,45019002605,White,04/2022,23,11.5,2025-03-08
Census Tract,45019002605,White,05/2022,13,6.5,2025-03-08
Census Tract,45019002605,White,06/2022,14,10,2025-03-08
Census Tract,45019002605,White,07/2022,13,14,2025-03-08
Census Tract,45019002605,White,08/2022,6,12.5,2025-03-08
Census Tract,45019002605,White,09/2022,3,15.5,2025-03-08
Census Tract,45019002605,White,10/2022,11,10,2025-03-08
Census Tract,45019002605,White,11/2022,6,19,2025-03-08
Census Tract,45019002605,White,12/2022,17,12,2025-03-08
Census Tract,45019002605,White,01/2023,19,13.5,2025-03-08
Census Tract,45019002605,White,02/2023,6,13.5,2025-03-08
Census Tract,45019002605,White,03/2023,6,10,2025-03-08
Census Tract,45019002605,White,04/2023,10,11.5,2025-03-08
Census Tract,45019002605,White,05/2023,2,6.5,2025-03-08
Census Tract,45019002605,White,06/2023,12,10,2025-03-08
Census Tract,45019002605,White,07/2023,11,14,2025-03-08
Census Tract,45019002605,White,08/2023,11,12.5,2025-03-08
Census Tract,45019002605,White,09/2023,20,15.5,2025-03-08
Census Tract,45019002605,White,10/2023,9,10,2025-03-08
Census Tract,45019002605,White,11/2023,22,19,2025-03-08
Census Tract,45019002605,White,12/2023,15,12,2025-03-08
Census Tract,45019002605,White,01/2024,8,13.5,2025-03-08
Census Tract,45019002605,White,02/2024,21,13.5,2025-03-08
Census Tract,45019002605,White,03/2024,14,10,2025-03-08
Census Tract,45019002605,White,04/2024,13,11.5,2025-03-08
Census Tract,45019002605,White,05/2024,11,6.5,2025-03-08
Census Tract,45019002605,White,06/2024,8,10,2025-03-08
Census Tract,45019002605,White,07/2024,17,14,2025-03-08
Census Tract,45019002605,White,08/2024,14,12.5,2025-03-08
Census Tract,45019002605,White,09/2024,11,15.5,2025-03-08
Census Tract,45019002605,White,10/2024,11,10,2025-03-08
Census Tract,45019002605,White,11/2024,16,19,2025-03-08
Census Tract,45019002605,White,12/2024,9,12,2025-03-08
Census Tract,45019002605,White,01/2025,4,13.5,2025-03-08
Census Tract,45019002605,White,02/2025,6,13.5,2025-03-08
Census Tract,45019002605,White,03/2025,0,2.5,2025-03-08
Census Tract,45019002606,White,01/2020,0,0.5,2025-03-08
Census Tract,45019002606,White,02/2020,0,0.5,2025-03-08
Census Tract,45019002606,White,03/2020,0,0,2025-03-08
Census Tract,45019002606,White,04/2020,0,0,2025-03-08
Census Tract,45019002606,White,05/2020,0,0,2025-03-08
Census Tract,45019002606,White,06/2020,0,0,2025-03-08
Census Tract,45019002606,White,07/2020,0,0,2025-03-08
Census Tract,45019002606,White,08/2020,0,0,2025-03-08
Census Tract,45019002606,White,09/2020,0,1,2025-03-08
Census Tract,45019002606,White,10/2020,0,0.5,2025-03-08
Census Tract,45019002606,White,11/2020,0,0,2025-03-08
Census Tract,45019002606,White,12/2020,0,0.5,2025-03-08
Census Tract,45019002606,White,01/2021,0,0.5,2025-03-08
Census Tract,45019002606,White,02/2021,0,0.5,2025-03-08
Census Tract,45019002606,White,03/2021,0,0,2025-03-08
Census Tract,45019002606,White,04/2021,0,0,2025-03-08
Census Tract,45019002606,White,05/2021,0,0,2025-03-08
Census Tract,45019002606,White,06/2021,0,0,2025-03-08
Census Tract,45019002606,White,07/2021,0,0,2025-03-08
Census Tract,45019002606,White,08/2021,0,0,2025-03-08
Census Tract,45019002606,White,09/2021,0,1,2025-03-08
Census Tract,45019002606,White,10/2021,0,0.5,2025-03-08
Census Tract,45019002606,White,11/2021,0,0,2025-03-08
Census Tract,45019002606,White,12/2021,0,0.5,2025-03-08
Census Tract,45019002606,White,01/2022,0,0.5,2025-03-08
Census Tract,45019002606,White,02/2022,0,0.5,2025-03-08
Census Tract,45019002606,White,03/2022,0,0,2025-03-08
Census Tract,45019002606,White,04/2022,0,0,2025-03-08
Census Tract,45019002606,White,05/2022,0,0,2025-03-08
Census Tract,45019002606,White,06/2022,0,0,2025-03-08
Census Tract,45019002606,White,07/2022,0,0,2025-03-08
Census Tract,45019002606,White,08/2022,0,0,2025-03-08
Census Tract,45019002606,White,09/2022,0,1,2025-03-08
Census Tract,45019002606,White,10/2022,0,0.5,2025-03-08
Census Tract,45019002606,White,11/2022,0,0,2025-03-08
Census Tract,45019002606,White,12/2022,0,0.5,2025-03-08
Census Tract,45019002606,White,01/2023,0,0.5,2025-03-08
Census Tract,45019002606,White,02/2023,0,0.5,2025-03-08
Census Tract,45019002606,White,03/2023,0,0,2025-03-08
Census Tract,45019002606,White,04/2023,0,0,2025-03-08
Census Tract,45019002606,White,05/2023,0,0,2025-03-08
Census Tract,45019002606,White,06/2023,0,0,2025-03-08
Census Tract,45019002606,White,07/2023,0,0,2025-03-08
Census Tract,45019002606,White,08/2023,0,0,2025-03-08
Census Tract,45019002606,White,09/2023,0,1,2025-03-08
Census Tract,45019002606,White,10/2023,0,0.5,2025-03-08
Census Tract,45019002606,White,11/2023,0,0,2025-03-08
Census Tract,45019002606,White,12/2023,1,0.5,2025-03-08
Census Tract,45019002606,White,01/2024,1,0.5,2025-03-08
Census Tract,45019002606,White,02/2024,1,0.5,2025-03-08
Census Tract,45019002606,White,03/2024,0,0,2025-03-08
Census Tract,45019002606,White,04/2024,0,0,2025-03-08
Census Tract,45019002606,White,05/2024,0,0,2025-03-08
Census Tract,45019002606,White,06/2024,0,0,2025-03-08
Census Tract,45019002606,White,07/2024,0,0,2025-03-08
Census Tract,45019002606,White,08/2024,0,0,2025-03-08
Census Tract,45019002606,White,09/2024,2,1,2025-03-08
Census Tract,45019002606,White,10/2024,1,0.5,2025-03-08
Census Tract,45019002606,White,11/2024,0,0,2025-03-08
Census Tract,45019002606,White,12/2024,0,0.5,2025-03-08
Census Tract,45019002606,White,01/2025,0,0.5,2025-03-08
Census Tract,45019002606,White,02/2025,0,0.5,2025-03-08
Census Tract,45019002606,White,03/2025,0,0,2025-03-08
Census Tract,45019002611,White,01/2020,17,21.5,2025-03-08
Census Tract,45019002611,White,02/2020,17,12,2025-03-08
Census Tract,45019002611,White,03/2020,14,16,2025-03-08
Census Tract,45019002611,White,04/2020,1,17.5,2025-03-08
Census Tract,45019002611,White,05/2020,0,17.5,2025-03-08
Census Tract,45019002611,White,06/2020,1,15.5,2025-03-08
Census Tract,45019002611,White,07/2020,5,23.5,2025-03-08
Census Tract,45019002611,White,08/2020,2,22,2025-03-08
Census Tract,45019002611,White,09/2020,8,18.5,2025-03-08
Census Tract,45019002611,White,10/2020,10,20,2025-03-08
Census Tract,45019002611,White,11/2020,2,20.5,2025-03-08
Census Tract,45019002611,White,12/2020,3,26,2025-03-08
Census Tract,45019002611,White,01/2021,2,21.5,2025-03-08
Census Tract,45019002611,White,02/2021,9,12,2025-03-08
Census Tract,45019002611,White,03/2021,2,16,2025-03-08
Census Tract,45019002611,White,04/2021,1,17.5,2025-03-08
Census Tract,45019002611,White,05/2021,7,17.5,2025-03-08
Census Tract,45019002611,White,06/2021,3,15.5,2025-03-08
Census Tract,45019002611,White,07/2021,3,23.5,2025-03-08
Census Tract,45019002611,White,08/2021,6,22,2025-03-08
Census Tract,45019002611,White,09/2021,7,18.5,2025-03-08
Census Tract,45019002611,White,10/2021,5,20,2025-03-08
Census Tract,45019002611,White,11/2021,0,20.5,2025-03-08
Census Tract,45019002611,White,12/2021,9,26,2025-03-08
Census Tract,45019002611,White,01/2022,5,21.5,2025-03-08
Census Tract,45019002611,White,02/2022,6,12,2025-03-08
Census Tract,45019002611,White,03/2022,13,16,2025-03-08
Census Tract,45019002611,White,04/2022,4,17.5,2025-03-08
Census Tract,45019002611,White,05/2022,8,17.5,2025-03-08
Census Tract,45019002611,White,06/2022,2,15.5,2025-03-08
Census Tract,45019002611,White,07/2022,7,23.5,2025-03-08
Census Tract,45019002611,White,08/2022,11,22,2025-03-08
Census Tract,45019002611,White,09/2022,9,18.5,2025-03-08
Census Tract,45019002611,White,10/2022,11,20,2025-03-08
Census Tract,45019002611,White,11/2022,16,20.5,2025-03-08
Census Tract,45019002611,White,12/2022,16,26,2025-03-08
Census Tract,45019002611,White,01/2023,19,21.5,2025-03-08
Census Tract,45019002611,White,02/2023,6,12,2025-03-08
Census Tract,45019002611,White,03/2023,16,16,2025-03-08
Census Tract,45019002611,White,04/2023,19,17.5,2025-03-08
Census Tract,45019002611,White,05/2023,26,17.5,2025-03-08
Census Tract,45019002611,White,06/2023,19,15.5,2025-03-08
Census Tract,45019002611,White,07/2023,29,23.5,2025-03-08
Census Tract,45019002611,White,08/2023,24,22,2025-03-08
Census Tract,45019002611,White,09/2023,17,18.5,2025-03-08
Census Tract,45019002611,White,10/2023,23,20,2025-03-08
Census Tract,45019002611,White,11/2023,17,20.5,2025-03-08
Census Tract,45019002611,White,12/2023,17,26,2025-03-08
Census Tract,45019002611,White,01/2024,24,21.5,2025-03-08
Census Tract,45019002611,White,02/2024,18,12,2025-03-08
Census Tract,45019002611,White,03/2024,16,16,2025-03-08
Census Tract,45019002611,White,04/2024,16,17.5,2025-03-08
Census Tract,45019002611,White,05/2024,9,17.5,2025-03-08
Census Tract,45019002611,White,06/2024,12,15.5,2025-03-08
Census Tract,45019002611,White,07/2024,18,23.5,2025-03-08
Census Tract,45019002611,White,08/2024,20,22,2025-03-08
Census Tract,45019002611,White,09/2024,20,18.5,2025-03-08
Census Tract,45019002611,White,10/2024,17,20,2025-03-08
Census Tract,45019002611,White,11/2024,24,20.5,2025-03-08
Census Tract,45019002611,White,12/2024,35,26,2025-03-08
Census Tract,45019002611,White,01/2025,25,21.5,2025-03-08
Census Tract,45019002611,White,02/2025,28,12,2025-03-08
Census Tract,45019002611,White,03/2025,0,1.5,2025-03-08
Census Tract,45019002612,White,01/2020,106,63.5,2025-03-08
Census Tract,45019002612,White,02/2020,77,55.5,2025-03-08
Census Tract,45019002612,White,03/2020,51,51,2025-03-08
Census Tract,45019002612,White,04/2020,0,45,2025-03-08
Census Tract,45019002612,White,05/2020,24,43,2025-03-08
Census Tract,45019002612,White,06/2020,27,55.5,2025-03-08
Census Tract,45019002612,White,07/2020,41,38.5,2025-03-08
Census Tract,45019002612,White,08/2020,36,37,2025-03-08
Census Tract,45019002612,White,09/2020,64,62.5,2025-03-08
Census Tract,45019002612,White,10/2020,33,50,2025-03-08
Census Tract,45019002612,White,11/2020,22,51.5,2025-03-08
Census Tract,45019002612,White,12/2020,41,54.5,2025-03-08
Census Tract,45019002612,White,01/2021,40,63.5,2025-03-08
Census Tract,45019002612,White,02/2021,33,55.5,2025-03-08
Census Tract,45019002612,White,03/2021,27,51,2025-03-08
Census Tract,45019002612,White,04/2021,23,45,2025-03-08
Census Tract,45019002612,White,05/2021,19,43,2025-03-08
Census Tract,45019002612,White,06/2021,37,55.5,2025-03-08
Census Tract,45019002612,White,07/2021,20,38.5,2025-03-08
Census Tract,45019002612,White,08/2021,27,37,2025-03-08
Census Tract,45019002612,White,09/2021,25,62.5,2025-03-08
Census Tract,45019002612,White,10/2021,32,50,2025-03-08
Census Tract,45019002612,White,11/2021,29,51.5,2025-03-08
Census Tract,45019002612,White,12/2021,29,54.5,2025-03-08
Census Tract,45019002612,White,01/2022,64,63.5,2025-03-08
Census Tract,45019002612,White,02/2022,38,55.5,2025-03-08
Census Tract,45019002612,White,03/2022,33,51,2025-03-08
Census Tract,45019002612,White,04/2022,20,45,2025-03-08
Census Tract,45019002612,White,05/2022,30,43,2025-03-08
Census Tract,45019002612,White,06/2022,43,55.5,2025-03-08
Census Tract,45019002612,White,07/2022,44,38.5,2025-03-08
Census Tract,45019002612,White,08/2022,53,37,2025-03-08
Census Tract,45019002612,White,09/2022,61,62.5,2025-03-08
Census Tract,45019002612,White,10/2022,54,50,2025-03-08
Census Tract,45019002612,White,11/2022,46,51.5,2025-03-08
Census Tract,45019002612,White,12/2022,33,54.5,2025-03-08
Census Tract,45019002612,White,01/2023,47,63.5,2025-03-08
Census Tract,45019002612,White,02/2023,48,55.5,2025-03-08
Census Tract,45019002612,White,03/2023,30,51,2025-03-08
Census Tract,45019002612,White,04/2023,33,45,2025-03-08
Census Tract,45019002612,White,05/2023,35,43,2025-03-08
Census Tract,45019002612,White,06/2023,39,55.5,2025-03-08
Census Tract,45019002612,White,07/2023,31,38.5,2025-03-08
Census Tract,45019002612,White,08/2023,37,37,2025-03-08
Census Tract,45019002612,White,09/2023,51,62.5,2025-03-08
Census Tract,45019002612,White,10/2023,36,50,2025-03-08
Census Tract,45019002612,White,11/2023,37,51.5,2025-03-08
Census Tract,45019002612,White,12/2023,58,54.5,2025-03-08
Census Tract,45019002612,White,01/2024,80,63.5,2025-03-08
Census Tract,45019002612,White,02/2024,63,55.5,2025-03-08
Census Tract,45019002612,White,03/2024,72,51,2025-03-08
Census Tract,45019002612,White,04/2024,57,45,2025-03-08
Census Tract,45019002612,White,05/2024,51,43,2025-03-08
Census Tract,45019002612,White,06/2024,72,55.5,2025-03-08
Census Tract,45019002612,White,07/2024,46,38.5,2025-03-08
Census Tract,45019002612,White,08/2024,37,37,2025-03-08
Census Tract,45019002612,White,09/2024,74,62.5,2025-03-08
Census Tract,45019002612,White,10/2024,64,50,2025-03-08
Census Tract,45019002612,White,11/2024,66,51.5,2025-03-08
Census Tract,45019002612,White,12/2024,51,54.5,2025-03-08
Census Tract,45019002612,White,01/2025,46,63.5,2025-03-08
Census Tract,45019002612,White,02/2025,57,55.5,2025-03-08
Census Tract,45019002612,White,03/2025,0,18.5,2025-03-08
Census Tract,45019002613,White,01/2020,11,8.5,2025-03-08
Census Tract,45019002613,White,02/2020,16,9,2025-03-08
Census Tract,45019002613,White,03/2020,4,10.5,2025-03-08
Census Tract,45019002613,White,04/2020,1,6.5,2025-03-08
Census Tract,45019002613,White,05/2020,1,9.5,2025-03-08
Census Tract,45019002613,White,06/2020,2,6,2025-03-08
Census Tract,45019002613,White,07/2020,2,10,2025-03-08
Census Tract,45019002613,White,08/2020,10,8.5,2025-03-08
Census Tract,45019002613,White,09/2020,10,6,2025-03-08
Census Tract,45019002613,White,10/2020,7,7.5,2025-03-08
Census Tract,45019002613,White,11/2020,9,8,2025-03-08
Census Tract,45019002613,White,12/2020,14,6,2025-03-08
Census Tract,45019002613,White,01/2021,9,8.5,2025-03-08
Census Tract,45019002613,White,02/2021,12,8.5,2025-03-08
Census Tract,45019002613,White,03/2021,7,10.5,2025-03-08
Census Tract,45019002613,White,04/2021,2,6.5,2025-03-08
Census Tract,45019002613,White,05/2021,6,9.5,2025-03-08
Census Tract,45019002613,White,06/2021,10,6,2025-03-08
Census Tract,45019002613,White,07/2021,5,10,2025-03-08
Census Tract,45019002613,White,08/2021,4,8.5,2025-03-08
Census Tract,45019002613,White,09/2021,8,6,2025-03-08
Census Tract,45019002613,White,10/2021,7,7.5,2025-03-08
Census Tract,45019002613,White,11/2021,7,8,2025-03-08
Census Tract,45019002613,White,12/2021,4,6,2025-03-08
Census Tract,45019002613,White,01/2022,20,8.5,2025-03-08
Census Tract,45019002613,White,02/2022,10,8.5,2025-03-08
Census Tract,45019002613,White,03/2022,15,10.5,2025-03-08
Census Tract,45019002613,White,04/2022,10,6.5,2025-03-08
Census Tract,45019002613,White,05/2022,8,9.5,2025-03-08
Census Tract,45019002613,White,06/2022,9,6,2025-03-08
Census Tract,45019002613,White,07/2022,5,10,2025-03-08
Census Tract,45019002613,White,08/2022,9,8.5,2025-03-08
Census Tract,45019002613,White,09/2022,20,6,2025-03-08
Census Tract,45019002613,White,10/2022,16,7.5,2025-03-08
Census Tract,45019002613,White,11/2022,6,8,2025-03-08
Census Tract,45019002613,White,12/2022,11,6,2025-03-08
Census Tract,45019002613,White,01/2023,11,8.5,2025-03-08
Census Tract,45019002613,White,02/2023,11,8.5,2025-03-08
Census Tract,45019002613,White,03/2023,13,10.5,2025-03-08
Census Tract,45019002613,White,04/2023,9,6.5,2025-03-08
Census Tract,45019002613,White,05/2023,12,9.5,2025-03-08
Census Tract,45019002613,White,06/2023,10,6,2025-03-08
Census Tract,45019002613,White,07/2023,14,10,2025-03-08
Census Tract,45019002613,White,08/2023,9,8.5,2025-03-08
Census Tract,45019002613,White,09/2023,8,6,2025-03-08
Census Tract,45019002613,White,10/2023,7,7.5,2025-03-08
Census Tract,45019002613,White,11/2023,8,8,2025-03-08
Census Tract,45019002613,White,12/2023,5,6,2025-03-08
Census Tract,45019002613,White,01/2024,6,8.5,2025-03-08
Census Tract,45019002613,White,02/2024,7,9,2025-03-08
Census Tract,45019002613,White,03/2024,8,10.5,2025-03-08
Census Tract,45019002613,White,04/2024,4,6.5,2025-03-08
Census Tract,45019002613,White,05/2024,7,9.5,2025-03-08
Census Tract,45019002613,White,06/2024,2,6,2025-03-08
Census Tract,45019002613,White,07/2024,6,10,2025-03-08
Census Tract,45019002613,White,08/2024,8,8.5,2025-03-08
Census Tract,45019002613,White,09/2024,4,6,2025-03-08
Census Tract,45019002613,White,10/2024,8,7.5,2025-03-08
Census Tract,45019002613,White,11/2024,8,8,2025-03-08
Census Tract,45019002613,White,12/2024,7,6,2025-03-08
Census Tract,45019002613,White,01/2025,12,8.5,2025-03-08
Census Tract,45019002613,White,02/2025,1,8.5,2025-03-08
Census Tract,45019002613,White,03/2025,0,1,2025-03-08
Census Tract,45019002614,White,01/2020,16,8,2025-03-08
Census Tract,45019002614,White,02/2020,6,10,2025-03-08
Census Tract,45019002614,White,03/2020,1,7.5,2025-03-08
Census Tract,45019002614,White,04/2020,0,7,2025-03-08
Census Tract,45019002614,White,05/2020,4,9,2025-03-08
Census Tract,45019002614,White,06/2020,7,7.5,2025-03-08
Census Tract,45019002614,White,07/2020,8,5.5,2025-03-08
Census Tract,45019002614,White,08/2020,6,6.5,2025-03-08
Census Tract,45019002614,White,09/2020,7,7.5,2025-03-08
Census Tract,45019002614,White,10/2020,4,4,2025-03-08
Census Tract,45019002614,White,11/2020,6,4,2025-03-08
Census Tract,45019002614,White,12/2020,1,10,2025-03-08
Census Tract,45019002614,White,01/2021,7,8,2025-03-08
Census Tract,45019002614,White,02/2021,1,10,2025-03-08
Census Tract,45019002614,White,03/2021,0,7.5,2025-03-08
Census Tract,45019002614,White,04/2021,2,7,2025-03-08
Census Tract,45019002614,White,05/2021,0,9,2025-03-08
Census Tract,45019002614,White,06/2021,0,7.5,2025-03-08
Census Tract,45019002614,White,07/2021,2,5.5,2025-03-08
Census Tract,45019002614,White,08/2021,0,6.5,2025-03-08
Census Tract,45019002614,White,09/2021,4,7.5,2025-03-08
Census Tract,45019002614,White,10/2021,3,4,2025-03-08
Census Tract,45019002614,White,11/2021,4,4,2025-03-08
Census Tract,45019002614,White,12/2021,1,10,2025-03-08
Census Tract,45019002614,White,01/2022,3,8,2025-03-08
Census Tract,45019002614,White,02/2022,5,10,2025-03-08
Census Tract,45019002614,White,03/2022,3,7.5,2025-03-08
Census Tract,45019002614,White,04/2022,0,7,2025-03-08
Census Tract,45019002614,White,05/2022,1,9,2025-03-08
Census Tract,45019002614,White,06/2022,13,7.5,2025-03-08
Census Tract,45019002614,White,07/2022,5,5.5,2025-03-08
Census Tract,45019002614,White,08/2022,14,6.5,2025-03-08
Census Tract,45019002614,White,09/2022,5,7.5,2025-03-08
Census Tract,45019002614,White,10/2022,7,4,2025-03-08
Census Tract,45019002614,White,11/2022,13,4,2025-03-08
Census Tract,45019002614,White,12/2022,3,10,2025-03-08
Census Tract,45019002614,White,01/2023,3,8,2025-03-08
Census Tract,45019002614,White,02/2023,7,10,2025-03-08
Census Tract,45019002614,White,03/2023,11,7.5,2025-03-08
Census Tract,45019002614,White,04/2023,6,7,2025-03-08
Census Tract,45019002614,White,05/2023,11,9,2025-03-08
Census Tract,45019002614,White,06/2023,10,7.5,2025-03-08
Census Tract,45019002614,White,07/2023,6,5.5,2025-03-08
Census Tract,45019002614,White,08/2023,3,6.5,2025-03-08
Census Tract,45019002614,White,09/2023,5,7.5,2025-03-08
Census Tract,45019002614,White,10/2023,5,4,2025-03-08
Census Tract,45019002614,White,11/2023,4,4,2025-03-08
Census Tract,45019002614,White,12/2023,9,10,2025-03-08
Census Tract,45019002614,White,01/2024,13,8,2025-03-08
Census Tract,45019002614,White,02/2024,13,10,2025-03-08
Census Tract,45019002614,White,03/2024,4,7.5,2025-03-08
Census Tract,45019002614,White,04/2024,8,7,2025-03-08
Census Tract,45019002614,White,05/2024,7,9,2025-03-08
Census Tract,45019002614,White,06/2024,5,7.5,2025-03-08
Census Tract,45019002614,White,07/2024,5,5.5,2025-03-08
Census Tract,45019002614,White,08/2024,10,6.5,2025-03-08
Census Tract,45019002614,White,09/2024,10,7.5,2025-03-08
Census Tract,45019002614,White,10/2024,3,4,2025-03-08
Census Tract,45019002614,White,11/2024,4,4,2025-03-08
Census Tract,45019002614,White,12/2024,11,10,2025-03-08
Census Tract,45019002614,White,01/2025,11,8,2025-03-08
Census Tract,45019002614,White,02/2025,9,10,2025-03-08
Census Tract,45019002614,White,03/2025,0,0,2025-03-08
Census Tract,45019002701,Black,01/2020,12,8,2025-03-08
Census Tract,45019002701,Black,02/2020,10,8,2025-03-08
Census Tract,45019002701,Black,03/2020,5,7,2025-03-08
Census Tract,45019002701,Black,04/2020,0,3.5,2025-03-08
Census Tract,45019002701,Black,05/2020,1,14,2025-03-08
Census Tract,45019002701,Black,06/2020,6,10.5,2025-03-08
Census Tract,45019002701,Black,07/2020,3,6,2025-03-08
Census Tract,45019002701,Black,08/2020,5,7.5,2025-03-08
Census Tract,45019002701,Black,09/2020,6,9.5,2025-03-08
Census Tract,45019002701,Black,10/2020,2,9.5,2025-03-08
Census Tract,45019002701,Black,11/2020,5,6,2025-03-08
Census Tract,45019002701,Black,12/2020,4,5.5,2025-03-08
Census Tract,45019002701,Black,01/2021,7,8,2025-03-08
Census Tract,45019002701,Black,02/2021,3,8,2025-03-08
Census Tract,45019002701,Black,03/2021,1,7,2025-03-08
Census Tract,45019002701,Black,04/2021,2,3.5,2025-03-08
Census Tract,45019002701,Black,05/2021,1,14,2025-03-08
Census Tract,45019002701,Black,06/2021,3,10.5,2025-03-08
Census Tract,45019002701,Black,07/2021,1,6,2025-03-08
Census Tract,45019002701,Black,08/2021,0,7.5,2025-03-08
Census Tract,45019002701,Black,09/2021,5,9.5,2025-03-08
Census Tract,45019002701,Black,10/2021,9,9.5,2025-03-08
Census Tract,45019002701,Black,11/2021,8,6,2025-03-08
Census Tract,45019002701,Black,12/2021,5,5.5,2025-03-08
Census Tract,45019002701,Black,01/2022,8,8,2025-03-08
Census Tract,45019002701,Black,02/2022,6,8,2025-03-08
Census Tract,45019002701,Black,03/2022,8,7,2025-03-08
Census Tract,45019002701,Black,04/2022,11,3.5,2025-03-08
Census Tract,45019002701,Black,05/2022,1,14,2025-03-08
Census Tract,45019002701,Black,06/2022,4,10.5,2025-03-08
Census Tract,45019002701,Black,07/2022,9,6,2025-03-08
Census Tract,45019002701,Black,08/2022,8,7.5,2025-03-08
Census Tract,45019002701,Black,09/2022,10,9.5,2025-03-08
Census Tract,45019002701,Black,10/2022,5,9.5,2025-03-08
Census Tract,45019002701,Black,11/2022,6,6,2025-03-08
Census Tract,45019002701,Black,12/2022,5,5.5,2025-03-08
Census Tract,45019002701,Black,01/2023,8,8,2025-03-08
Census Tract,45019002701,Black,02/2023,8,8,2025-03-08
Census Tract,45019002701,Black,03/2023,14,7,2025-03-08
Census Tract,45019002701,Black,04/2023,4,3.5,2025-03-08
Census Tract,45019002701,Black,05/2023,17,14,2025-03-08
Census Tract,45019002701,Black,06/2023,11,10.5,2025-03-08
Census Tract,45019002701,Black,07/2023,9,6,2025-03-08
Census Tract,45019002701,Black,08/2023,8,7.5,2025-03-08
Census Tract,45019002701,Black,09/2023,8,9.5,2025-03-08
Census Tract,45019002701,Black,10/2023,14,9.5,2025-03-08
Census Tract,45019002701,Black,11/2023,8,6,2025-03-08
Census Tract,45019002701,Black,12/2023,5,5.5,2025-03-08
Census Tract,45019002701,Black,01/2024,8,8,2025-03-08
Census Tract,45019002701,Black,02/2024,8,8,2025-03-08
Census Tract,45019002701,Black,03/2024,0,7,2025-03-08
Census Tract,45019002701,Black,04/2024,3,3.5,2025-03-08
Census Tract,45019002701,Black,05/2024,11,14,2025-03-08
Census Tract,45019002701,Black,06/2024,10,10.5,2025-03-08
Census Tract,45019002701,Black,07/2024,3,6,2025-03-08
Census Tract,45019002701,Black,08/2024,7,7.5,2025-03-08
Census Tract,45019002701,Black,09/2024,11,9.5,2025-03-08
Census Tract,45019002701,Black,10/2024,5,9.5,2025-03-08
Census Tract,45019002701,Black,11/2024,4,6,2025-03-08
Census Tract,45019002701,Black,12/2024,6,5.5,2025-03-08
Census Tract,45019002701,Black,01/2025,5,8,2025-03-08
Census Tract,45019002701,Black,02/2025,6,8,2025-03-08
Census Tract,45019002701,Black,03/2025,0,0.5,2025-03-08
Census Tract,45019002702,Black,01/2020,49,32,2025-03-08
Census Tract,45019002702,Black,02/2020,16,28,2025-03-08
Census Tract,45019002702,Black,03/2020,14,35,2025-03-08
Census Tract,45019002702,Black,04/2020,0,24,2025-03-08
Census Tract,45019002702,Black,05/2020,4,27.5,2025-03-08
Census Tract,45019002702,Black,06/2020,19,19.5,2025-03-08
Census Tract,45019002702,Black,07/2020,39,24,2025-03-08
Census Tract,45019002702,Black,08/2020,41,23.5,2025-03-08
Census Tract,45019002702,Black,09/2020,22,29.5,2025-03-08
Census Tract,45019002702,Black,10/2020,8,21,2025-03-08
Census Tract,45019002702,Black,11/2020,28,19.5,2025-03-08
Census Tract,45019002702,Black,12/2020,16,18.5,2025-03-08
Census Tract,45019002702,Black,01/2021,27,32,2025-03-08
Census Tract,45019002702,Black,02/2021,23,28,2025-03-08
Census Tract,45019002702,Black,03/2021,12,35,2025-03-08
Census Tract,45019002702,Black,04/2021,1,24,2025-03-08
Census Tract,45019002702,Black,05/2021,2,27.5,2025-03-08
Census Tract,45019002702,Black,06/2021,5,19.5,2025-03-08
Census Tract,45019002702,Black,07/2021,1,24,2025-03-08
Census Tract,45019002702,Black,08/2021,10,23.5,2025-03-08
Census Tract,45019002702,Black,09/2021,14,29.5,2025-03-08
Census Tract,45019002702,Black,10/2021,14,21,2025-03-08
Census Tract,45019002702,Black,11/2021,16,19.5,2025-03-08
Census Tract,45019002702,Black,12/2021,13,18.5,2025-03-08
Census Tract,45019002702,Black,01/2022,23,32,2025-03-08
Census Tract,45019002702,Black,02/2022,24,28,2025-03-08
Census Tract,45019002702,Black,03/2022,34,35,2025-03-08
Census Tract,45019002702,Black,04/2022,14,24,2025-03-08
Census Tract,45019002702,Black,05/2022,21,27.5,2025-03-08
Census Tract,45019002702,Black,06/2022,22,19.5,2025-03-08
Census Tract,45019002702,Black,07/2022,22,24,2025-03-08
Census Tract,45019002702,Black,08/2022,13,23.5,2025-03-08
Census Tract,45019002702,Black,09/2022,27,29.5,2025-03-08
Census Tract,45019002702,Black,10/2022,39,21,2025-03-08
Census Tract,45019002702,Black,11/2022,25,19.5,2025-03-08
Census Tract,45019002702,Black,12/2022,38,18.5,2025-03-08
Census Tract,45019002702,Black,01/2023,32,32,2025-03-08
Census Tract,45019002702,Black,02/2023,29,28,2025-03-08
Census Tract,45019002702,Black,03/2023,33,35,2025-03-08
Census Tract,45019002702,Black,04/2023,24,24,2025-03-08
Census Tract,45019002702,Black,05/2023,31,27.5,2025-03-08
Census Tract,45019002702,Black,06/2023,22,19.5,2025-03-08
Census Tract,45019002702,Black,07/2023,26,24,2025-03-08
Census Tract,45019002702,Black,08/2023,28,23.5,2025-03-08
Census Tract,45019002702,Black,09/2023,25,29.5,2025-03-08
Census Tract,45019002702,Black,10/2023,28,21,2025-03-08
Census Tract,45019002702,Black,11/2023,22,19.5,2025-03-08
Census Tract,45019002702,Black,12/2023,26,18.5,2025-03-08
Census Tract,45019002702,Black,01/2024,32,32,2025-03-08
Census Tract,45019002702,Black,02/2024,27,28,2025-03-08
Census Tract,45019002702,Black,03/2024,37,35,2025-03-08
Census Tract,45019002702,Black,04/2024,24,24,2025-03-08
Census Tract,45019002702,Black,05/2024,24,27.5,2025-03-08
Census Tract,45019002702,Black,06/2024,17,19.5,2025-03-08
Census Tract,45019002702,Black,07/2024,22,24,2025-03-08
Census Tract,45019002702,Black,08/2024,19,23.5,2025-03-08
Census Tract,45019002702,Black,09/2024,34,29.5,2025-03-08
Census Tract,45019002702,Black,10/2024,14,21,2025-03-08
Census Tract,45019002702,Black,11/2024,17,19.5,2025-03-08
Census Tract,45019002702,Black,12/2024,11,18.5,2025-03-08
Census Tract,45019002702,Black,01/2025,31,32,2025-03-08
Census Tract,45019002702,Black,02/2025,40,28,2025-03-08
Census Tract,45019002702,Black,03/2025,0,10.5,2025-03-08
Census Tract,45019002801,White,01/2020,5,6.5,2025-03-08
Census Tract,45019002801,White,02/2020,7,1.5,2025-03-08
Census Tract,45019002801,White,03/2020,1,6,2025-03-08
Census Tract,45019002801,White,04/2020,0,6,2025-03-08
Census Tract,45019002801,White,05/2020,3,10,2025-03-08
Census Tract,45019002801,White,06/2020,3,5.5,2025-03-08
Census Tract,45019002801,White,07/2020,5,5,2025-03-08
Census Tract,45019002801,White,08/2020,1,3.5,2025-03-08
Census Tract,45019002801,White,09/2020,2,6.5,2025-03-08
Census Tract,45019002801,White,10/2020,1,7,2025-03-08
Census Tract,45019002801,White,11/2020,3,3,2025-03-08
Census Tract,45019002801,White,12/2020,1,2.5,2025-03-08
Census Tract,45019002801,White,01/2021,3,6.5,2025-03-08
Census Tract,45019002801,White,02/2021,1,1.5,2025-03-08
Census Tract,45019002801,White,03/2021,0,6,2025-03-08
Census Tract,45019002801,White,04/2021,0,6,2025-03-08
Census Tract,45019002801,White,05/2021,0,10,2025-03-08
Census Tract,45019002801,White,06/2021,1,5.5,2025-03-08
Census Tract,45019002801,White,07/2021,1,5,2025-03-08
Census Tract,45019002801,White,08/2021,0,3.5,2025-03-08
Census Tract,45019002801,White,09/2021,3,6.5,2025-03-08
Census Tract,45019002801,White,10/2021,3,7,2025-03-08
Census Tract,45019002801,White,11/2021,4,3,2025-03-08
Census Tract,45019002801,White,12/2021,3,2.5,2025-03-08
Census Tract,45019002801,White,01/2022,3,6.5,2025-03-08
Census Tract,45019002801,White,02/2022,5,1.5,2025-03-08
Census Tract,45019002801,White,03/2022,8,6,2025-03-08
Census Tract,45019002801,White,04/2022,4,6,2025-03-08
Census Tract,45019002801,White,05/2022,2,10,2025-03-08
Census Tract,45019002801,White,06/2022,6,5.5,2025-03-08
Census Tract,45019002801,White,07/2022,6,5,2025-03-08
Census Tract,45019002801,White,08/2022,8,3.5,2025-03-08
Census Tract,45019002801,White,09/2022,3,6.5,2025-03-08
Census Tract,45019002801,White,10/2022,4,7,2025-03-08
Census Tract,45019002801,White,11/2022,11,3,2025-03-08
Census Tract,45019002801,White,12/2022,11,2.5,2025-03-08
Census Tract,45019002801,White,01/2023,6,6.5,2025-03-08
Census Tract,45019002801,White,02/2023,2,1.5,2025-03-08
Census Tract,45019002801,White,03/2023,7,6,2025-03-08
Census Tract,45019002801,White,04/2023,2,6,2025-03-08
Census Tract,45019002801,White,05/2023,9,10,2025-03-08
Census Tract,45019002801,White,06/2023,6,5.5,2025-03-08
Census Tract,45019002801,White,07/2023,6,5,2025-03-08
Census Tract,45019002801,White,08/2023,3,3.5,2025-03-08
Census Tract,45019002801,White,09/2023,6,6.5,2025-03-08
Census Tract,45019002801,White,10/2023,12,7,2025-03-08
Census Tract,45019002801,White,11/2023,3,3,2025-03-08
Census Tract,45019002801,White,12/2023,4,2.5,2025-03-08
Census Tract,45019002801,White,01/2024,7,6.5,2025-03-08
Census Tract,45019002801,White,02/2024,1,1.5,2025-03-08
Census Tract,45019002801,White,03/2024,5,6,2025-03-08
Census Tract,45019002801,White,04/2024,10,6,2025-03-08
Census Tract,45019002801,White,05/2024,11,10,2025-03-08
Census Tract,45019002801,White,06/2024,5,5.5,2025-03-08
Census Tract,45019002801,White,07/2024,4,5,2025-03-08
Census Tract,45019002801,White,08/2024,4,3.5,2025-03-08
Census Tract,45019002801,White,09/2024,7,6.5,2025-03-08
Census Tract,45019002801,White,10/2024,2,7,2025-03-08
Census Tract,45019002801,White,11/2024,3,3,2025-03-08
Census Tract,45019002801,White,12/2024,1,2.5,2025-03-08
Census Tract,45019002801,White,01/2025,5,6.5,2025-03-08
Census Tract,45019002801,White,02/2025,1,1.5,2025-03-08
Census Tract,45019002801,White,03/2025,0,2.5,2025-03-08
Census Tract,45019002802,White,01/2020,1,0,2025-03-08
Census Tract,45019002802,White,02/2020,3,0.5,2025-03-08
Census Tract,45019002802,White,03/2020,0,1.5,2025-03-08
Census Tract,45019002802,White,04/2020,0,0,2025-03-08
Census Tract,45019002802,White,05/2020,1,0.5,2025-03-08
Census Tract,45019002802,White,06/2020,2,1.5,2025-03-08
Census Tract,45019002802,White,07/2020,1,0.5,2025-03-08
Census Tract,45019002802,White,08/2020,1,0,2025-03-08
Census Tract,45019002802,White,09/2020,0,0.5,2025-03-08
Census Tract,45019002802,White,10/2020,0,0,2025-03-08
Census Tract,45019002802,White,11/2020,1,0,2025-03-08
Census Tract,45019002802,White,12/2020,0,1,2025-03-08
Census Tract,45019002802,White,01/2021,0,0,2025-03-08
Census Tract,45019002802,White,02/2021,1,0.5,2025-03-08
Census Tract,45019002802,White,03/2021,0,1.5,2025-03-08
Census Tract,45019002802,White,04/2021,0,0,2025-03-08
Census Tract,45019002802,White,05/2021,0,0.5,2025-03-08
Census Tract,45019002802,White,06/2021,1,1.5,2025-03-08
Census Tract,45019002802,White,07/2021,1,0.5,2025-03-08
Census Tract,45019002802,White,08/2021,1,0,2025-03-08
Census Tract,45019002802,White,09/2021,3,0.5,2025-03-08
Census Tract,45019002802,White,10/2021,0,0,2025-03-08
Census Tract,45019002802,White,11/2021,0,0,2025-03-08
Census Tract,45019002802,White,12/2021,0,1,2025-03-08
Census Tract,45019002802,White,01/2022,1,0,2025-03-08
Census Tract,45019002802,White,02/2022,0,0.5,2025-03-08
Census Tract,45019002802,White,03/2022,2,1.5,2025-03-08
Census Tract,45019002802,White,04/2022,0,0,2025-03-08
Census Tract,45019002802,White,05/2022,0,0.5,2025-03-08
Census Tract,45019002802,White,06/2022,0,1.5,2025-03-08
Census Tract,45019002802,White,07/2022,0,0.5,2025-03-08
Census Tract,45019002802,White,08/2022,0,0,2025-03-08
Census Tract,45019002802,White,09/2022,2,0.5,2025-03-08
Census Tract,45019002802,White,10/2022,1,0,2025-03-08
Census Tract,45019002802,White,11/2022,2,0,2025-03-08
Census Tract,45019002802,White,12/2022,0,1,2025-03-08
Census Tract,45019002802,White,01/2023,0,0,2025-03-08
Census Tract,45019002802,White,02/2023,0,0.5,2025-03-08
Census Tract,45019002802,White,03/2023,1,1.5,2025-03-08
Census Tract,45019002802,White,04/2023,0,0,2025-03-08
Census Tract,45019002802,White,05/2023,0,0.5,2025-03-08
Census Tract,45019002802,White,06/2023,2,1.5,2025-03-08
Census Tract,45019002802,White,07/2023,0,0.5,2025-03-08
Census Tract,45019002802,White,08/2023,0,0,2025-03-08
Census Tract,45019002802,White,09/2023,0,0.5,2025-03-08
Census Tract,45019002802,White,10/2023,0,0,2025-03-08
Census Tract,45019002802,White,11/2023,0,0,2025-03-08
Census Tract,45019002802,White,12/2023,0,1,2025-03-08
Census Tract,45019002802,White,01/2024,0,0,2025-03-08
Census Tract,45019002802,White,02/2024,1,0.5,2025-03-08
Census Tract,45019002802,White,03/2024,2,1.5,2025-03-08
Census Tract,45019002802,White,04/2024,0,0,2025-03-08
Census Tract,45019002802,White,05/2024,1,0.5,2025-03-08
Census Tract,45019002802,White,06/2024,1,1.5,2025-03-08
Census Tract,45019002802,White,07/2024,1,0.5,2025-03-08
Census Tract,45019002802,White,08/2024,0,0,2025-03-08
Census Tract,45019002802,White,09/2024,1,0.5,2025-03-08
Census Tract,45019002802,White,10/2024,0,0,2025-03-08
Census Tract,45019002802,White,11/2024,0,0,2025-03-08
Census Tract,45019002802,White,12/2024,2,1,2025-03-08
Census Tract,45019002802,White,01/2025,0,0,2025-03-08
Census Tract,45019002802,White,02/2025,2,0.5,2025-03-08
Census Tract,45019002802,White,03/2025,0,0.5,2025-03-08
Census Tract,45019002900,White,01/2020,3,1,2025-03-08
Census Tract,45019002900,White,02/2020,2,0,2025-03-08
Census Tract,45019002900,White,03/2020,1,3,2025-03-08
Census Tract,45019002900,White,04/2020,0,1.5,2025-03-08
Census Tract,45019002900,White,05/2020,0,0.5,2025-03-08
Census Tract,45019002900,White,06/2020,1,0.5,2025-03-08
Census Tract,45019002900,White,07/2020,2,1.5,2025-03-08
Census Tract,45019002900,White,08/2020,1,1.5,2025-03-08
Census Tract,45019002900,White,09/2020,1,1.5,2025-03-08
Census Tract,45019002900,White,10/2020,0,2,2025-03-08
Census Tract,45019002900,White,11/2020,1,2,2025-03-08
Census Tract,45019002900,White,12/2020,1,0.5,2025-03-08
Census Tract,45019002900,White,01/2021,0,1,2025-03-08
Census Tract,45019002900,White,02/2021,1,0,2025-03-08
Census Tract,45019002900,White,03/2021,1,3,2025-03-08
Census Tract,45019002900,White,04/2021,1,1.5,2025-03-08
Census Tract,45019002900,White,05/2021,0,0.5,2025-03-08
Census Tract,45019002900,White,06/2021,1,0.5,2025-03-08
Census Tract,45019002900,White,07/2021,1,1.5,2025-03-08
Census Tract,45019002900,White,08/2021,0,1.5,2025-03-08
Census Tract,45019002900,White,09/2021,0,1.5,2025-03-08
Census Tract,45019002900,White,10/2021,3,2,2025-03-08
Census Tract,45019002900,White,11/2021,2,2,2025-03-08
Census Tract,45019002900,White,12/2021,0,0.5,2025-03-08
Census Tract,45019002900,White,01/2022,4,1,2025-03-08
Census Tract,45019002900,White,02/2022,2,0,2025-03-08
Census Tract,45019002900,White,03/2022,2,3,2025-03-08
Census Tract,45019002900,White,04/2022,4,1.5,2025-03-08
Census Tract,45019002900,White,05/2022,1,0.5,2025-03-08
Census Tract,45019002900,White,06/2022,0,0.5,2025-03-08
Census Tract,45019002900,White,07/2022,1,1.5,2025-03-08
Census Tract,45019002900,White,08/2022,1,1.5,2025-03-08
Census Tract,45019002900,White,09/2022,1,1.5,2025-03-08
Census Tract,45019002900,White,10/2022,4,2,2025-03-08
Census Tract,45019002900,White,11/2022,2,2,2025-03-08
Census Tract,45019002900,White,12/2022,1,0.5,2025-03-08
Census Tract,45019002900,White,01/2023,2,1,2025-03-08
Census Tract,45019002900,White,02/2023,0,0,2025-03-08
Census Tract,45019002900,White,03/2023,4,3,2025-03-08
Census Tract,45019002900,White,04/2023,1,1.5,2025-03-08
Census Tract,45019002900,White,05/2023,0,0.5,2025-03-08
Census Tract,45019002900,White,06/2023,0,0.5,2025-03-08
Census Tract,45019002900,White,07/2023,1,1.5,2025-03-08
Census Tract,45019002900,White,08/2023,1,1.5,2025-03-08
Census Tract,45019002900,White,09/2023,2,1.5,2025-03-08
Census Tract,45019002900,White,10/2023,4,2,2025-03-08
Census Tract,45019002900,White,11/2023,1,2,2025-03-08
Census Tract,45019002900,White,12/2023,1,0.5,2025-03-08
Census Tract,45019002900,White,01/2024,0,1,2025-03-08
Census Tract,45019002900,White,02/2024,0,0,2025-03-08
Census Tract,45019002900,White,03/2024,2,3,2025-03-08
Census Tract,45019002900,White,04/2024,2,1.5,2025-03-08
Census Tract,45019002900,White,05/2024,1,0.5,2025-03-08
Census Tract,45019002900,White,06/2024,1,0.5,2025-03-08
Census Tract,45019002900,White,07/2024,2,1.5,2025-03-08
Census Tract,45019002900,White,08/2024,2,1.5,2025-03-08
Census Tract,45019002900,White,09/2024,1,1.5,2025-03-08
Census Tract,45019002900,White,10/2024,0,2,2025-03-08
Census Tract,45019002900,White,11/2024,3,2,2025-03-08
Census Tract,45019002900,White,12/2024,0,0.5,2025-03-08
Census Tract,45019002900,White,01/2025,1,1,2025-03-08
Census Tract,45019002900,White,02/2025,5,0,2025-03-08
Census Tract,45019002900,White,03/2025,0,1,2025-03-08
Census Tract,45019003000,White,01/2020,1,1.5,2025-03-08
Census Tract,45019003000,White,02/2020,1,1,2025-03-08
Census Tract,45019003000,White,03/2020,3,2,2025-03-08
Census Tract,45019003000,White,04/2020,0,1,2025-03-08
Census Tract,45019003000,White,05/2020,1,0.5,2025-03-08
Census Tract,45019003000,White,06/2020,2,2,2025-03-08
Census Tract,45019003000,White,07/2020,2,2,2025-03-08
Census Tract,45019003000,White,08/2020,3,2.5,2025-03-08
Census Tract,45019003000,White,09/2020,0,2,2025-03-08
Census Tract,45019003000,White,10/2020,1,2,2025-03-08
Census Tract,45019003000,White,11/2020,1,2.5,2025-03-08
Census Tract,45019003000,White,12/2020,4,1,2025-03-08
Census Tract,45019003000,White,01/2021,0,1.5,2025-03-08
Census Tract,45019003000,White,02/2021,3,1,2025-03-08
Census Tract,45019003000,White,03/2021,0,2,2025-03-08
Census Tract,45019003000,White,04/2021,1,1,2025-03-08
Census Tract,45019003000,White,05/2021,2,0.5,2025-03-08
Census Tract,45019003000,White,06/2021,0,2,2025-03-08
Census Tract,45019003000,White,07/2021,2,2,2025-03-08
Census Tract,45019003000,White,08/2021,1,2.5,2025-03-08
Census Tract,45019003000,White,09/2021,1,2,2025-03-08
Census Tract,45019003000,White,10/2021,0,2,2025-03-08
Census Tract,45019003000,White,11/2021,1,2.5,2025-03-08
Census Tract,45019003000,White,12/2021,0,1,2025-03-08
Census Tract,45019003000,White,01/2022,0,1.5,2025-03-08
Census Tract,45019003000,White,02/2022,1,1,2025-03-08
Census Tract,45019003000,White,03/2022,0,2,2025-03-08
Census Tract,45019003000,White,04/2022,0,1,2025-03-08
Census Tract,45019003000,White,05/2022,0,0.5,2025-03-08
Census Tract,45019003000,White,06/2022,1,2,2025-03-08
Census Tract,45019003000,White,07/2022,1,2,2025-03-08
Census Tract,45019003000,White,08/2022,0,2.5,2025-03-08
Census Tract,45019003000,White,09/2022,1,2,2025-03-08
Census Tract,45019003000,White,10/2022,7,2,2025-03-08
Census Tract,45019003000,White,11/2022,0,2.5,2025-03-08
Census Tract,45019003000,White,12/2022,2,1,2025-03-08
Census Tract,45019003000,White,01/2023,1,1.5,2025-03-08
Census Tract,45019003000,White,02/2023,0,1,2025-03-08
Census Tract,45019003000,White,03/2023,2,2,2025-03-08
Census Tract,45019003000,White,04/2023,0,1,2025-03-08
Census Tract,45019003000,White,05/2023,1,0.5,2025-03-08
Census Tract,45019003000,White,06/2023,2,2,2025-03-08
Census Tract,45019003000,White,07/2023,1,2,2025-03-08
Census Tract,45019003000,White,08/2023,0,2.5,2025-03-08
Census Tract,45019003000,White,09/2023,2,2,2025-03-08
Census Tract,45019003000,White,10/2023,1,2,2025-03-08
Census Tract,45019003000,White,11/2023,1,2.5,2025-03-08
Census Tract,45019003000,White,12/2023,0,1,2025-03-08
Census Tract,45019003000,White,01/2024,2,1.5,2025-03-08
Census Tract,45019003000,White,02/2024,2,1,2025-03-08
Census Tract,45019003000,White,03/2024,2,2,2025-03-08
Census Tract,45019003000,White,04/2024,2,1,2025-03-08
Census Tract,45019003000,White,05/2024,0,0.5,2025-03-08
Census Tract,45019003000,White,06/2024,2,2,2025-03-08
Census Tract,45019003000,White,07/2024,3,2,2025-03-08
Census Tract,45019003000,White,08/2024,5,2.5,2025-03-08
Census Tract,45019003000,White,09/2024,2,2,2025-03-08
Census Tract,45019003000,White,10/2024,3,2,2025-03-08
Census Tract,45019003000,White,11/2024,4,2.5,2025-03-08
Census Tract,45019003000,White,12/2024,2,1,2025-03-08
Census Tract,45019003000,White,01/2025,0,1.5,2025-03-08
Census Tract,45019003000,White,02/2025,1,1,2025-03-08
Census Tract,45019003000,White,03/2025,0,0,2025-03-08
Census Tract,45019003104,Other,01/2020,47,32.5,2025-03-08
Census Tract,45019003104,Other,02/2020,62,28.5,2025-03-08
Census Tract,45019003104,Other,03/2020,41,20.5,2025-03-08
Census Tract,45019003104,Other,04/2020,0,17.5,2025-03-08
Census Tract,45019003104,Other,05/2020,9,16,2025-03-08
Census Tract,45019003104,Other,06/2020,16,17,2025-03-08
Census Tract,45019003104,Other,07/2020,21,27,2025-03-08
Census Tract,45019003104,Other,08/2020,14,20,2025-03-08
Census Tract,45019003104,Other,09/2020,15,22,2025-03-08
Census Tract,45019003104,Other,10/2020,14,26,2025-03-08
Census Tract,45019003104,Other,11/2020,14,10.5,2025-03-08
Census Tract,45019003104,Other,12/2020,21,19.5,2025-03-08
Census Tract,45019003104,Other,01/2021,24,32.5,2025-03-08
Census Tract,45019003104,Other,02/2021,11,28.5,2025-03-08
Census Tract,45019003104,Other,03/2021,16,20.5,2025-03-08
Census Tract,45019003104,Other,04/2021,14,17.5,2025-03-08
Census Tract,45019003104,Other,05/2021,26,16,2025-03-08
Census Tract,45019003104,Other,06/2021,19,17,2025-03-08
Census Tract,45019003104,Other,07/2021,21,27,2025-03-08
Census Tract,45019003104,Other,08/2021,14,20,2025-03-08
Census Tract,45019003104,Other,09/2021,26,22,2025-03-08
Census Tract,45019003104,Other,10/2021,37,26,2025-03-08
Census Tract,45019003104,Other,11/2021,26,10.5,2025-03-08
Census Tract,45019003104,Other,12/2021,14,19.5,2025-03-08
Census Tract,45019003104,Other,01/2022,18,32.5,2025-03-08
Census Tract,45019003104,Other,02/2022,21,28.5,2025-03-08
Census Tract,45019003104,Other,03/2022,20,20.5,2025-03-08
Census Tract,45019003104,Other,04/2022,21,17.5,2025-03-08
Census Tract,45019003104,Other,05/2022,29,16,2025-03-08
Census Tract,45019003104,Other,06/2022,25,17,2025-03-08
Census Tract,45019003104,Other,07/2022,35,27,2025-03-08
Census Tract,45019003104,Other,08/2022,33,20,2025-03-08
Census Tract,45019003104,Other,09/2022,17,22,2025-03-08
Census Tract,45019003104,Other,10/2022,19,26,2025-03-08
Census Tract,45019003104,Other,11/2022,19,10.5,2025-03-08
Census Tract,45019003104,Other,12/2022,12,19.5,2025-03-08
Census Tract,45019003104,Other,01/2023,32,32.5,2025-03-08
Census Tract,45019003104,Other,02/2023,27,28.5,2025-03-08
Census Tract,45019003104,Other,03/2023,25,20.5,2025-03-08
Census Tract,45019003104,Other,04/2023,15,17.5,2025-03-08
Census Tract,45019003104,Other,05/2023,16,16,2025-03-08
Census Tract,45019003104,Other,06/2023,15,17,2025-03-08
Census Tract,45019003104,Other,07/2023,31,27,2025-03-08
Census Tract,45019003104,Other,08/2023,17,20,2025-03-08
Census Tract,45019003104,Other,09/2023,22,22,2025-03-08
Census Tract,45019003104,Other,10/2023,24,26,2025-03-08
Census Tract,45019003104,Other,11/2023,10,10.5,2025-03-08
Census Tract,45019003104,Other,12/2023,15,19.5,2025-03-08
Census Tract,45019003104,Other,01/2024,33,32.5,2025-03-08
Census Tract,45019003104,Other,02/2024,30,28.5,2025-03-08
Census Tract,45019003104,Other,03/2024,16,20.5,2025-03-08
Census Tract,45019003104,Other,04/2024,20,17.5,2025-03-08
Census Tract,45019003104,Other,05/2024,16,16,2025-03-08
Census Tract,45019003104,Other,06/2024,19,17,2025-03-08
Census Tract,45019003104,Other,07/2024,23,27,2025-03-08
Census Tract,45019003104,Other,08/2024,23,20,2025-03-08
Census Tract,45019003104,Other,09/2024,22,22,2025-03-08
Census Tract,45019003104,Other,10/2024,28,26,2025-03-08
Census Tract,45019003104,Other,11/2024,11,10.5,2025-03-08
Census Tract,45019003104,Other,12/2024,24,19.5,2025-03-08
Census Tract,45019003104,Other,01/2025,19,32.5,2025-03-08
Census Tract,45019003104,Other,02/2025,38,28.5,2025-03-08
Census Tract,45019003104,Other,03/2025,0,7.5,2025-03-08
Census Tract,45019003105,Other,01/2020,38,24,2025-03-08
Census Tract,45019003105,Other,02/2020,23,29,2025-03-08
Census Tract,45019003105,Other,03/2020,31,21,2025-03-08
Census Tract,45019003105,Other,04/2020,0,23,2025-03-08
Census Tract,45019003105,Other,05/2020,9,25,2025-03-08
Census Tract,45019003105,Other,06/2020,24,27.5,2025-03-08
Census Tract,45019003105,Other,07/2020,18,26,2025-03-08
Census Tract,45019003105,Other,08/2020,24,15,2025-03-08
Census Tract,45019003105,Other,09/2020,20,23,2025-03-08
Census Tract,45019003105,Other,10/2020,27,23.5,2025-03-08
Census Tract,45019003105,Other,11/2020,16,19.5,2025-03-08
Census Tract,45019003105,Other,12/2020,20,20.5,2025-03-08
Census Tract,45019003105,Other,01/2021,20,24,2025-03-08
Census Tract,45019003105,Other,02/2021,14,28.5,2025-03-08
Census Tract,45019003105,Other,03/2021,18,21,2025-03-08
Census Tract,45019003105,Other,04/2021,8,23,2025-03-08
Census Tract,45019003105,Other,05/2021,10,25,2025-03-08
Census Tract,45019003105,Other,06/2021,17,27.5,2025-03-08
Census Tract,45019003105,Other,07/2021,18,26,2025-03-08
Census Tract,45019003105,Other,08/2021,7,15,2025-03-08
Census Tract,45019003105,Other,09/2021,23,23,2025-03-08
Census Tract,45019003105,Other,10/2021,22,23.5,2025-03-08
Census Tract,45019003105,Other,11/2021,6,19.5,2025-03-08
Census Tract,45019003105,Other,12/2021,14,20.5,2025-03-08
Census Tract,45019003105,Other,01/2022,32,24,2025-03-08
Census Tract,45019003105,Other,02/2022,29,28.5,2025-03-08
Census Tract,45019003105,Other,03/2022,38,21,2025-03-08
Census Tract,45019003105,Other,04/2022,18,23,2025-03-08
Census Tract,45019003105,Other,05/2022,17,25,2025-03-08
Census Tract,45019003105,Other,06/2022,23,27.5,2025-03-08
Census Tract,45019003105,Other,07/2022,19,26,2025-03-08
Census Tract,45019003105,Other,08/2022,21,15,2025-03-08
Census Tract,45019003105,Other,09/2022,20,23,2025-03-08
Census Tract,45019003105,Other,10/2022,16,23.5,2025-03-08
Census Tract,45019003105,Other,11/2022,12,19.5,2025-03-08
Census Tract,45019003105,Other,12/2022,40,20.5,2025-03-08
Census Tract,45019003105,Other,01/2023,14,24,2025-03-08
Census Tract,45019003105,Other,02/2023,36,28.5,2025-03-08
Census Tract,45019003105,Other,03/2023,20,21,2025-03-08
Census Tract,45019003105,Other,04/2023,31,23,2025-03-08
Census Tract,45019003105,Other,05/2023,26,25,2025-03-08
Census Tract,45019003105,Other,06/2023,20,27.5,2025-03-08
Census Tract,45019003105,Other,07/2023,29,26,2025-03-08
Census Tract,45019003105,Other,08/2023,12,15,2025-03-08
Census Tract,45019003105,Other,09/2023,25,23,2025-03-08
Census Tract,45019003105,Other,10/2023,16,23.5,2025-03-08
Census Tract,45019003105,Other,11/2023,22,19.5,2025-03-08
Census Tract,45019003105,Other,12/2023,15,20.5,2025-03-08
Census Tract,45019003105,Other,01/2024,34,24,2025-03-08
Census Tract,45019003105,Other,02/2024,22,29,2025-03-08
Census Tract,45019003105,Other,03/2024,22,21,2025-03-08
Census Tract,45019003105,Other,04/2024,15,23,2025-03-08
Census Tract,45019003105,Other,05/2024,24,25,2025-03-08
Census Tract,45019003105,Other,06/2024,35,27.5,2025-03-08
Census Tract,45019003105,Other,07/2024,23,26,2025-03-08
Census Tract,45019003105,Other,08/2024,18,15,2025-03-08
Census Tract,45019003105,Other,09/2024,21,23,2025-03-08
Census Tract,45019003105,Other,10/2024,31,23.5,2025-03-08
Census Tract,45019003105,Other,11/2024,17,19.5,2025-03-08
Census Tract,45019003105,Other,12/2024,26,20.5,2025-03-08
Census Tract,45019003105,Other,01/2025,28,24,2025-03-08
Census Tract,45019003105,Other,02/2025,43,28.5,2025-03-08
Census Tract,45019003105,Other,03/2025,0,3.5,2025-03-08
Census Tract,45019003106,White,01/2020,40,31.5,2025-03-08
Census Tract,45019003106,White,02/2020,39,14.5,2025-03-08
Census Tract,45019003106,White,03/2020,9,14.5,2025-03-08
Census Tract,45019003106,White,04/2020,0,21,2025-03-08
Census Tract,45019003106,White,05/2020,12,31.5,2025-03-08
Census Tract,45019003106,White,06/2020,12,17,2025-03-08
Census Tract,45019003106,White,07/2020,5,14.5,2025-03-08
Census Tract,45019003106,White,08/2020,16,15.5,2025-03-08
Census Tract,45019003106,White,09/2020,20,21.5,2025-03-08
Census Tract,45019003106,White,10/2020,23,9.5,2025-03-08
Census Tract,45019003106,White,11/2020,53,8.5,2025-03-08
Census Tract,45019003106,White,12/2020,13,13.5,2025-03-08
Census Tract,45019003106,White,01/2021,17,31.5,2025-03-08
Census Tract,45019003106,White,02/2021,12,14.5,2025-03-08
Census Tract,45019003106,White,03/2021,13,14.5,2025-03-08
Census Tract,45019003106,White,04/2021,12,21,2025-03-08
Census Tract,45019003106,White,05/2021,7,31.5,2025-03-08
Census Tract,45019003106,White,06/2021,33,17,2025-03-08
Census Tract,45019003106,White,07/2021,16,14.5,2025-03-08
Census Tract,45019003106,White,08/2021,24,15.5,2025-03-08
Census Tract,45019003106,White,09/2021,24,21.5,2025-03-08
Census Tract,45019003106,White,10/2021,17,9.5,2025-03-08
Census Tract,45019003106,White,11/2021,25,8.5,2025-03-08
Census Tract,45019003106,White,12/2021,15,13.5,2025-03-08
Census Tract,45019003106,White,01/2022,26,31.5,2025-03-08
Census Tract,45019003106,White,02/2022,25,14.5,2025-03-08
Census Tract,45019003106,White,03/2022,30,14.5,2025-03-08
Census Tract,45019003106,White,04/2022,14,21,2025-03-08
Census Tract,45019003106,White,05/2022,14,31.5,2025-03-08
Census Tract,45019003106,White,06/2022,26,17,2025-03-08
Census Tract,45019003106,White,07/2022,25,14.5,2025-03-08
Census Tract,45019003106,White,08/2022,18,15.5,2025-03-08
Census Tract,45019003106,White,09/2022,34,21.5,2025-03-08
Census Tract,45019003106,White,10/2022,18,9.5,2025-03-08
Census Tract,45019003106,White,11/2022,17,8.5,2025-03-08
Census Tract,45019003106,White,12/2022,22,13.5,2025-03-08
Census Tract,45019003106,White,01/2023,31,31.5,2025-03-08
Census Tract,45019003106,White,02/2023,16,14.5,2025-03-08
Census Tract,45019003106,White,03/2023,20,14.5,2025-03-08
Census Tract,45019003106,White,04/2023,31,21,2025-03-08
Census Tract,45019003106,White,05/2023,16,31.5,2025-03-08
Census Tract,45019003106,White,06/2023,22,17,2025-03-08
Census Tract,45019003106,White,07/2023,15,14.5,2025-03-08
Census Tract,45019003106,White,08/2023,15,15.5,2025-03-08
Census Tract,45019003106,White,09/2023,16,21.5,2025-03-08
Census Tract,45019003106,White,10/2023,9,9.5,2025-03-08
Census Tract,45019003106,White,11/2023,9,8.5,2025-03-08
Census Tract,45019003106,White,12/2023,12,13.5,2025-03-08
Census Tract,45019003106,White,01/2024,32,31.5,2025-03-08
Census Tract,45019003106,White,02/2024,13,14.5,2025-03-08
Census Tract,45019003106,White,03/2024,9,14.5,2025-03-08
Census Tract,45019003106,White,04/2024,11,21,2025-03-08
Census Tract,45019003106,White,05/2024,47,31.5,2025-03-08
Census Tract,45019003106,White,06/2024,12,17,2025-03-08
Census Tract,45019003106,White,07/2024,14,14.5,2025-03-08
Census Tract,45019003106,White,08/2024,16,15.5,2025-03-08
Census Tract,45019003106,White,09/2024,27,21.5,2025-03-08
Census Tract,45019003106,White,10/2024,10,9.5,2025-03-08
Census Tract,45019003106,White,11/2024,8,8.5,2025-03-08
Census Tract,45019003106,White,12/2024,15,13.5,2025-03-08
Census Tract,45019003106,White,01/2025,14,31.5,2025-03-08
Census Tract,45019003106,White,02/2025,16,14.5,2025-03-08
Census Tract,45019003106,White,03/2025,0,7,2025-03-08
Census Tract,45019003107,Other,01/2020,22,14.5,2025-03-08
Census Tract,45019003107,Other,02/2020,11,12.5,2025-03-08
Census Tract,45019003107,Other,03/2020,4,14.5,2025-03-08
Census Tract,45019003107,Other,04/2020,0,12,2025-03-08
Census Tract,45019003107,Other,05/2020,2,12.5,2025-03-08
Census Tract,45019003107,Other,06/2020,22,8.5,2025-03-08
Census Tract,45019003107,Other,07/2020,14,12.5,2025-03-08
Census Tract,45019003107,Other,08/2020,8,7,2025-03-08
Census Tract,45019003107,Other,09/2020,11,7.5,2025-03-08
Census Tract,45019003107,Other,10/2020,9,18.5,2025-03-08
Census Tract,45019003107,Other,11/2020,11,10,2025-03-08
Census Tract,45019003107,Other,12/2020,7,11.5,2025-03-08
Census Tract,45019003107,Other,01/2021,29,14.5,2025-03-08
Census Tract,45019003107,Other,02/2021,2,12.5,2025-03-08
Census Tract,45019003107,Other,03/2021,1,14.5,2025-03-08
Census Tract,45019003107,Other,04/2021,15,12,2025-03-08
Census Tract,45019003107,Other,05/2021,13,12.5,2025-03-08
Census Tract,45019003107,Other,06/2021,4,8.5,2025-03-08
Census Tract,45019003107,Other,07/2021,6,12.5,2025-03-08
Census Tract,45019003107,Other,08/2021,6,7,2025-03-08
Census Tract,45019003107,Other,09/2021,10,7.5,2025-03-08
Census Tract,45019003107,Other,10/2021,9,18.5,2025-03-08
Census Tract,45019003107,Other,11/2021,19,10,2025-03-08
Census Tract,45019003107,Other,12/2021,18,11.5,2025-03-08
Census Tract,45019003107,Other,01/2022,22,14.5,2025-03-08
Census Tract,45019003107,Other,02/2022,13,12.5,2025-03-08
Census Tract,45019003107,Other,03/2022,16,14.5,2025-03-08
Census Tract,45019003107,Other,04/2022,11,12,2025-03-08
Census Tract,45019003107,Other,05/2022,22,12.5,2025-03-08
Census Tract,45019003107,Other,06/2022,14,8.5,2025-03-08
Census Tract,45019003107,Other,07/2022,13,12.5,2025-03-08
Census Tract,45019003107,Other,08/2022,6,7,2025-03-08
Census Tract,45019003107,Other,09/2022,25,7.5,2025-03-08
Census Tract,45019003107,Other,10/2022,15,18.5,2025-03-08
Census Tract,45019003107,Other,11/2022,3,10,2025-03-08
Census Tract,45019003107,Other,12/2022,20,11.5,2025-03-08
Census Tract,45019003107,Other,01/2023,15,14.5,2025-03-08
Census Tract,45019003107,Other,02/2023,8,12.5,2025-03-08
Census Tract,45019003107,Other,03/2023,14,14.5,2025-03-08
Census Tract,45019003107,Other,04/2023,15,12,2025-03-08
Census Tract,45019003107,Other,05/2023,12,12.5,2025-03-08
Census Tract,45019003107,Other,06/2023,6,8.5,2025-03-08
Census Tract,45019003107,Other,07/2023,16,12.5,2025-03-08
Census Tract,45019003107,Other,08/2023,8,7,2025-03-08
Census Tract,45019003107,Other,09/2023,10,7.5,2025-03-08
Census Tract,45019003107,Other,10/2023,10,18.5,2025-03-08
Census Tract,45019003107,Other,11/2023,12,10,2025-03-08
Census Tract,45019003107,Other,12/2023,10,11.5,2025-03-08
Census Tract,45019003107,Other,01/2024,14,14.5,2025-03-08
Census Tract,45019003107,Other,02/2024,17,12.5,2025-03-08
Census Tract,45019003107,Other,03/2024,15,14.5,2025-03-08
Census Tract,45019003107,Other,04/2024,9,12,2025-03-08
Census Tract,45019003107,Other,05/2024,13,12.5,2025-03-08
Census Tract,45019003107,Other,06/2024,11,8.5,2025-03-08
Census Tract,45019003107,Other,07/2024,9,12.5,2025-03-08
Census Tract,45019003107,Other,08/2024,6,7,2025-03-08
Census Tract,45019003107,Other,09/2024,5,7.5,2025-03-08
Census Tract,45019003107,Other,10/2024,27,18.5,2025-03-08
Census Tract,45019003107,Other,11/2024,8,10,2025-03-08
Census Tract,45019003107,Other,12/2024,13,11.5,2025-03-08
Census Tract,45019003107,Other,01/2025,19,14.5,2025-03-08
Census Tract,45019003107,Other,02/2025,24,12.5,2025-03-08
Census Tract,45019003107,Other,03/2025,0,0.5,2025-03-08
Census Tract,45019003108,Black,01/2020,27,59,2025-03-08
Census Tract,45019003108,Black,02/2020,21,41,2025-03-08
Census Tract,45019003108,Black,03/2020,1,38,2025-03-08
Census Tract,45019003108,Black,04/2020,0,33,2025-03-08
Census Tract,45019003108,Black,05/2020,2,34.5,2025-03-08
Census Tract,45019003108,Black,06/2020,5,43,2025-03-08
Census Tract,45019003108,Black,07/2020,8,53.5,2025-03-08
Census Tract,45019003108,Black,08/2020,2,35.5,2025-03-08
Census Tract,45019003108,Black,09/2020,16,45,2025-03-08
Census Tract,45019003108,Black,10/2020,1,55,2025-03-08
Census Tract,45019003108,Black,11/2020,3,37,2025-03-08
Census Tract,45019003108,Black,12/2020,4,53,2025-03-08
Census Tract,45019003108,Black,01/2021,6,59,2025-03-08
Census Tract,45019003108,Black,02/2021,0,41,2025-03-08
Census Tract,45019003108,Black,03/2021,4,38,2025-03-08
Census Tract,45019003108,Black,04/2021,6,33,2025-03-08
Census Tract,45019003108,Black,05/2021,0,34.5,2025-03-08
Census Tract,45019003108,Black,06/2021,1,43,2025-03-08
Census Tract,45019003108,Black,07/2021,2,53.5,2025-03-08
Census Tract,45019003108,Black,08/2021,1,35.5,2025-03-08
Census Tract,45019003108,Black,09/2021,2,45,2025-03-08
Census Tract,45019003108,Black,10/2021,2,55,2025-03-08
Census Tract,45019003108,Black,11/2021,48,37,2025-03-08
Census Tract,45019003108,Black,12/2021,26,53,2025-03-08
Census Tract,45019003108,Black,01/2022,44,59,2025-03-08
Census Tract,45019003108,Black,02/2022,4,41,2025-03-08
Census Tract,45019003108,Black,03/2022,21,38,2025-03-08
Census Tract,45019003108,Black,04/2022,40,33,2025-03-08
Census Tract,45019003108,Black,05/2022,21,34.5,2025-03-08
Census Tract,45019003108,Black,06/2022,24,43,2025-03-08
Census Tract,45019003108,Black,07/2022,43,53.5,2025-03-08
Census Tract,45019003108,Black,08/2022,19,35.5,2025-03-08
Census Tract,45019003108,Black,09/2022,22,45,2025-03-08
Census Tract,45019003108,Black,10/2022,18,55,2025-03-08
Census Tract,45019003108,Black,11/2022,48,37,2025-03-08
Census Tract,45019003108,Black,12/2022,36,53,2025-03-08
Census Tract,45019003108,Black,01/2023,76,59,2025-03-08
Census Tract,45019003108,Black,02/2023,33,41,2025-03-08
Census Tract,45019003108,Black,03/2023,41,38,2025-03-08
Census Tract,45019003108,Black,04/2023,43,33,2025-03-08
Census Tract,45019003108,Black,05/2023,30,34.5,2025-03-08
Census Tract,45019003108,Black,06/2023,49,43,2025-03-08
Census Tract,45019003108,Black,07/2023,74,53.5,2025-03-08
Census Tract,45019003108,Black,08/2023,56,35.5,2025-03-08
Census Tract,45019003108,Black,09/2023,40,45,2025-03-08
Census Tract,45019003108,Black,10/2023,60,55,2025-03-08
Census Tract,45019003108,Black,11/2023,29,37,2025-03-08
Census Tract,45019003108,Black,12/2023,56,53,2025-03-08
Census Tract,45019003108,Black,01/2024,42,59,2025-03-08
Census Tract,45019003108,Black,02/2024,49,41,2025-03-08
Census Tract,45019003108,Black,03/2024,35,38,2025-03-08
Census Tract,45019003108,Black,04/2024,23,33,2025-03-08
Census Tract,45019003108,Black,05/2024,39,34.5,2025-03-08
Census Tract,45019003108,Black,06/2024,37,43,2025-03-08
Census Tract,45019003108,Black,07/2024,33,53.5,2025-03-08
Census Tract,45019003108,Black,08/2024,15,35.5,2025-03-08
Census Tract,45019003108,Black,09/2024,50,45,2025-03-08
Census Tract,45019003108,Black,10/2024,50,55,2025-03-08
Census Tract,45019003108,Black,11/2024,45,37,2025-03-08
Census Tract,45019003108,Black,12/2024,50,53,2025-03-08
Census Tract,45019003108,Black,01/2025,39,59,2025-03-08
Census Tract,45019003108,Black,02/2025,33,41,2025-03-08
Census Tract,45019003108,Black,03/2025,0,0,2025-03-08
Census Tract,45019003109,White,01/2020,6,3.5,2025-03-08
Census Tract,45019003109,White,02/2020,3,1,2025-03-08
Census Tract,45019003109,White,03/2020,0,1.5,2025-03-08
Census Tract,45019003109,White,04/2020,0,2.5,2025-03-08
Census Tract,45019003109,White,05/2020,1,2,2025-03-08
Census Tract,45019003109,White,06/2020,4,2.5,2025-03-08
Census Tract,45019003109,White,07/2020,1,3.5,2025-03-08
Census Tract,45019003109,White,08/2020,1,0.5,2025-03-08
Census Tract,45019003109,White,09/2020,3,5.5,2025-03-08
Census Tract,45019003109,White,10/2020,1,1.5,2025-03-08
Census Tract,45019003109,White,11/2020,3,2.5,2025-03-08
Census Tract,45019003109,White,12/2020,6,3,2025-03-08
Census Tract,45019003109,White,01/2021,2,3.5,2025-03-08
Census Tract,45019003109,White,02/2021,0,1,2025-03-08
Census Tract,45019003109,White,03/2021,0,1.5,2025-03-08
Census Tract,45019003109,White,04/2021,0,2.5,2025-03-08
Census Tract,45019003109,White,05/2021,2,2,2025-03-08
Census Tract,45019003109,White,06/2021,2,2.5,2025-03-08
Census Tract,45019003109,White,07/2021,8,3.5,2025-03-08
Census Tract,45019003109,White,08/2021,3,0.5,2025-03-08
Census Tract,45019003109,White,09/2021,1,5.5,2025-03-08
Census Tract,45019003109,White,10/2021,2,1.5,2025-03-08
Census Tract,45019003109,White,11/2021,4,2.5,2025-03-08
Census Tract,45019003109,White,12/2021,0,3,2025-03-08
Census Tract,45019003109,White,01/2022,3,3.5,2025-03-08
Census Tract,45019003109,White,02/2022,1,1,2025-03-08
Census Tract,45019003109,White,03/2022,4,1.5,2025-03-08
Census Tract,45019003109,White,04/2022,0,2.5,2025-03-08
Census Tract,45019003109,White,05/2022,1,2,2025-03-08
Census Tract,45019003109,White,06/2022,3,2.5,2025-03-08
Census Tract,45019003109,White,07/2022,3,3.5,2025-03-08
Census Tract,45019003109,White,08/2022,1,0.5,2025-03-08
Census Tract,45019003109,White,09/2022,1,5.5,2025-03-08
Census Tract,45019003109,White,10/2022,1,1.5,2025-03-08
Census Tract,45019003109,White,11/2022,1,2.5,2025-03-08
Census Tract,45019003109,White,12/2022,3,3,2025-03-08
Census Tract,45019003109,White,01/2023,5,3.5,2025-03-08
Census Tract,45019003109,White,02/2023,1,1,2025-03-08
Census Tract,45019003109,White,03/2023,1,1.5,2025-03-08
Census Tract,45019003109,White,04/2023,2,2.5,2025-03-08
Census Tract,45019003109,White,05/2023,2,2,2025-03-08
Census Tract,45019003109,White,06/2023,3,2.5,2025-03-08
Census Tract,45019003109,White,07/2023,2,3.5,2025-03-08
Census Tract,45019003109,White,08/2023,1,0.5,2025-03-08
Census Tract,45019003109,White,09/2023,7,5.5,2025-03-08
Census Tract,45019003109,White,10/2023,2,1.5,2025-03-08
Census Tract,45019003109,White,11/2023,2,2.5,2025-03-08
Census Tract,45019003109,White,12/2023,5,3,2025-03-08
Census Tract,45019003109,White,01/2024,2,3.5,2025-03-08
Census Tract,45019003109,White,02/2024,1,1,2025-03-08
Census Tract,45019003109,White,03/2024,2,1.5,2025-03-08
Census Tract,45019003109,White,04/2024,3,2.5,2025-03-08
Census Tract,45019003109,White,05/2024,2,2,2025-03-08
Census Tract,45019003109,White,06/2024,2,2.5,2025-03-08
Census Tract,45019003109,White,07/2024,5,3.5,2025-03-08
Census Tract,45019003109,White,08/2024,0,0.5,2025-03-08
Census Tract,45019003109,White,09/2024,4,5.5,2025-03-08
Census Tract,45019003109,White,10/2024,1,1.5,2025-03-08
Census Tract,45019003109,White,11/2024,3,2.5,2025-03-08
Census Tract,45019003109,White,12/2024,1,3,2025-03-08
Census Tract,45019003109,White,01/2025,0,3.5,2025-03-08
Census Tract,45019003109,White,02/2025,1,1,2025-03-08
Census Tract,45019003109,White,03/2025,0,0,2025-03-08
Census Tract,45019003110,Other,01/2020,72,30,2025-03-08
Census Tract,45019003110,Other,02/2020,59,30,2025-03-08
Census Tract,45019003110,Other,03/2020,44,16,2025-03-08
Census Tract,45019003110,Other,04/2020,0,26.5,2025-03-08
Census Tract,45019003110,Other,05/2020,15,32,2025-03-08
Census Tract,45019003110,Other,06/2020,36,27,2025-03-08
Census Tract,45019003110,Other,07/2020,26,23.5,2025-03-08
Census Tract,45019003110,Other,08/2020,24,25,2025-03-08
Census Tract,45019003110,Other,09/2020,29,30.5,2025-03-08
Census Tract,45019003110,Other,10/2020,29,36,2025-03-08
Census Tract,45019003110,Other,11/2020,24,28,2025-03-08
Census Tract,45019003110,Other,12/2020,25,38.5,2025-03-08
Census Tract,45019003110,Other,01/2021,23,30,2025-03-08
Census Tract,45019003110,Other,02/2021,18,30,2025-03-08
Census Tract,45019003110,Other,03/2021,22,16,2025-03-08
Census Tract,45019003110,Other,04/2021,7,26.5,2025-03-08
Census Tract,45019003110,Other,05/2021,20,32,2025-03-08
Census Tract,45019003110,Other,06/2021,19,27,2025-03-08
Census Tract,45019003110,Other,07/2021,17,23.5,2025-03-08
Census Tract,45019003110,Other,08/2021,18,25,2025-03-08
Census Tract,45019003110,Other,09/2021,55,30.5,2025-03-08
Census Tract,45019003110,Other,10/2021,41,36,2025-03-08
Census Tract,45019003110,Other,11/2021,30,28,2025-03-08
Census Tract,45019003110,Other,12/2021,26,38.5,2025-03-08
Census Tract,45019003110,Other,01/2022,55,30,2025-03-08
Census Tract,45019003110,Other,02/2022,46,30,2025-03-08
Census Tract,45019003110,Other,03/2022,37,16,2025-03-08
Census Tract,45019003110,Other,04/2022,23,26.5,2025-03-08
Census Tract,45019003110,Other,05/2022,31,32,2025-03-08
Census Tract,45019003110,Other,06/2022,59,27,2025-03-08
Census Tract,45019003110,Other,07/2022,35,23.5,2025-03-08
Census Tract,45019003110,Other,08/2022,53,25,2025-03-08
Census Tract,45019003110,Other,09/2022,60,30.5,2025-03-08
Census Tract,45019003110,Other,10/2022,34,36,2025-03-08
Census Tract,45019003110,Other,11/2022,27,28,2025-03-08
Census Tract,45019003110,Other,12/2022,28,38.5,2025-03-08
Census Tract,45019003110,Other,01/2023,40,30,2025-03-08
Census Tract,45019003110,Other,02/2023,34,30,2025-03-08
Census Tract,45019003110,Other,03/2023,19,16,2025-03-08
Census Tract,45019003110,Other,04/2023,24,26.5,2025-03-08
Census Tract,45019003110,Other,05/2023,43,32,2025-03-08
Census Tract,45019003110,Other,06/2023,35,27,2025-03-08
Census Tract,45019003110,Other,07/2023,29,23.5,2025-03-08
Census Tract,45019003110,Other,08/2023,32,25,2025-03-08
Census Tract,45019003110,Other,09/2023,33,30.5,2025-03-08
Census Tract,45019003110,Other,10/2023,38,36,2025-03-08
Census Tract,45019003110,Other,11/2023,28,28,2025-03-08
Census Tract,45019003110,Other,12/2023,54,38.5,2025-03-08
Census Tract,45019003110,Other,01/2024,20,30,2025-03-08
Census Tract,45019003110,Other,02/2024,26,30,2025-03-08
Census Tract,45019003110,Other,03/2024,13,16,2025-03-08
Census Tract,45019003110,Other,04/2024,29,26.5,2025-03-08
Census Tract,45019003110,Other,05/2024,21,32,2025-03-08
Census Tract,45019003110,Other,06/2024,19,27,2025-03-08
Census Tract,45019003110,Other,07/2024,18,23.5,2025-03-08
Census Tract,45019003110,Other,08/2024,18,25,2025-03-08
Census Tract,45019003110,Other,09/2024,28,30.5,2025-03-08
Census Tract,45019003110,Other,10/2024,34,36,2025-03-08
Census Tract,45019003110,Other,11/2024,28,28,2025-03-08
Census Tract,45019003110,Other,12/2024,23,38.5,2025-03-08
Census Tract,45019003110,Other,01/2025,22,30,2025-03-08
Census Tract,45019003110,Other,02/2025,21,30,2025-03-08
Census Tract,45019003110,Other,03/2025,0,2,2025-03-08
Census Tract,45019003111,Black,01/2020,62,40,2025-03-08
Census Tract,45019003111,Black,02/2020,30,30.5,2025-03-08
Census Tract,45019003111,Black,03/2020,13,25,2025-03-08
Census Tract,45019003111,Black,04/2020,0,26,2025-03-08
Census Tract,45019003111,Black,05/2020,8,41,2025-03-08
Census Tract,45019003111,Black,06/2020,10,24,2025-03-08
Census Tract,45019003111,Black,07/2020,6,51.5,2025-03-08
Census Tract,45019003111,Black,08/2020,4,30.5,2025-03-08
Census Tract,45019003111,Black,09/2020,34,23,2025-03-08
Census Tract,45019003111,Black,10/2020,22,39.5,2025-03-08
Census Tract,45019003111,Black,11/2020,26,22.5,2025-03-08
Census Tract,45019003111,Black,12/2020,14,24.5,2025-03-08
Census Tract,45019003111,Black,01/2021,63,40,2025-03-08
Census Tract,45019003111,Black,02/2021,22,30.5,2025-03-08
Census Tract,45019003111,Black,03/2021,29,25,2025-03-08
Census Tract,45019003111,Black,04/2021,26,26,2025-03-08
Census Tract,45019003111,Black,05/2021,17,41,2025-03-08
Census Tract,45019003111,Black,06/2021,32,24,2025-03-08
Census Tract,45019003111,Black,07/2021,24,51.5,2025-03-08
Census Tract,45019003111,Black,08/2021,11,30.5,2025-03-08
Census Tract,45019003111,Black,09/2021,38,23,2025-03-08
Census Tract,45019003111,Black,10/2021,31,39.5,2025-03-08
Census Tract,45019003111,Black,11/2021,16,22.5,2025-03-08
Census Tract,45019003111,Black,12/2021,47,24.5,2025-03-08
Census Tract,45019003111,Black,01/2022,40,40,2025-03-08
Census Tract,45019003111,Black,02/2022,31,30.5,2025-03-08
Census Tract,45019003111,Black,03/2022,25,25,2025-03-08
Census Tract,45019003111,Black,04/2022,25,26,2025-03-08
Census Tract,45019003111,Black,05/2022,24,41,2025-03-08
Census Tract,45019003111,Black,06/2022,56,24,2025-03-08
Census Tract,45019003111,Black,07/2022,39,51.5,2025-03-08
Census Tract,45019003111,Black,08/2022,29,30.5,2025-03-08
Census Tract,45019003111,Black,09/2022,71,23,2025-03-08
Census Tract,45019003111,Black,10/2022,55,39.5,2025-03-08
Census Tract,45019003111,Black,11/2022,51,22.5,2025-03-08
Census Tract,45019003111,Black,12/2022,44,24.5,2025-03-08
Census Tract,45019003111,Black,01/2023,47,40,2025-03-08
Census Tract,45019003111,Black,02/2023,26,30.5,2025-03-08
Census Tract,45019003111,Black,03/2023,39,25,2025-03-08
Census Tract,45019003111,Black,04/2023,26,26,2025-03-08
Census Tract,45019003111,Black,05/2023,44,41,2025-03-08
Census Tract,45019003111,Black,06/2023,33,24,2025-03-08
Census Tract,45019003111,Black,07/2023,31,51.5,2025-03-08
Census Tract,45019003111,Black,08/2023,33,30.5,2025-03-08
Census Tract,45019003111,Black,09/2023,26,23,2025-03-08
Census Tract,45019003111,Black,10/2023,43,39.5,2025-03-08
Census Tract,45019003111,Black,11/2023,22,22.5,2025-03-08
Census Tract,45019003111,Black,12/2023,30,24.5,2025-03-08
Census Tract,45019003111,Black,01/2024,33,40,2025-03-08
Census Tract,45019003111,Black,02/2024,35,30.5,2025-03-08
Census Tract,45019003111,Black,03/2024,11,25,2025-03-08
Census Tract,45019003111,Black,04/2024,26,26,2025-03-08
Census Tract,45019003111,Black,05/2024,38,41,2025-03-08
Census Tract,45019003111,Black,06/2024,15,24,2025-03-08
Census Tract,45019003111,Black,07/2024,72,51.5,2025-03-08
Census Tract,45019003111,Black,08/2024,28,30.5,2025-03-08
Census Tract,45019003111,Black,09/2024,20,23,2025-03-08
Census Tract,45019003111,Black,10/2024,36,39.5,2025-03-08
Census Tract,45019003111,Black,11/2024,23,22.5,2025-03-08
Census Tract,45019003111,Black,12/2024,19,24.5,2025-03-08
Census Tract,45019003111,Black,01/2025,38,40,2025-03-08
Census Tract,45019003111,Black,02/2025,24,30.5,2025-03-08
Census Tract,45019003111,Black,03/2025,0,6,2025-03-08
Census Tract,45019003113,Other,01/2020,19,19,2025-03-08
Census Tract,45019003113,Other,02/2020,13,11.5,2025-03-08
Census Tract,45019003113,Other,03/2020,16,21.5,2025-03-08
Census Tract,45019003113,Other,04/2020,0,16.5,2025-03-08
Census Tract,45019003113,Other,05/2020,4,23.5,2025-03-08
Census Tract,45019003113,Other,06/2020,3,27.5,2025-03-08
Census Tract,45019003113,Other,07/2020,3,29,2025-03-08
Census Tract,45019003113,Other,08/2020,8,14,2025-03-08
Census Tract,45019003113,Other,09/2020,10,20.5,2025-03-08
Census Tract,45019003113,Other,10/2020,12,20,2025-03-08
Census Tract,45019003113,Other,11/2020,20,26.5,2025-03-08
Census Tract,45019003113,Other,12/2020,6,27.5,2025-03-08
Census Tract,45019003113,Other,01/2021,9,19,2025-03-08
Census Tract,45019003113,Other,02/2021,9,11.5,2025-03-08
Census Tract,45019003113,Other,03/2021,11,21.5,2025-03-08
Census Tract,45019003113,Other,04/2021,5,16.5,2025-03-08
Census Tract,45019003113,Other,05/2021,6,23.5,2025-03-08
Census Tract,45019003113,Other,06/2021,6,27.5,2025-03-08
Census Tract,45019003113,Other,07/2021,4,29,2025-03-08
Census Tract,45019003113,Other,08/2021,8,14,2025-03-08
Census Tract,45019003113,Other,09/2021,7,20.5,2025-03-08
Census Tract,45019003113,Other,10/2021,10,20,2025-03-08
Census Tract,45019003113,Other,11/2021,9,26.5,2025-03-08
Census Tract,45019003113,Other,12/2021,13,27.5,2025-03-08
Census Tract,45019003113,Other,01/2022,16,19,2025-03-08
Census Tract,45019003113,Other,02/2022,13,11.5,2025-03-08
Census Tract,45019003113,Other,03/2022,7,21.5,2025-03-08
Census Tract,45019003113,Other,04/2022,12,16.5,2025-03-08
Census Tract,45019003113,Other,05/2022,14,23.5,2025-03-08
Census Tract,45019003113,Other,06/2022,16,27.5,2025-03-08
Census Tract,45019003113,Other,07/2022,11,29,2025-03-08
Census Tract,45019003113,Other,08/2022,16,14,2025-03-08
Census Tract,45019003113,Other,09/2022,22,20.5,2025-03-08
Census Tract,45019003113,Other,10/2022,12,20,2025-03-08
Census Tract,45019003113,Other,11/2022,20,26.5,2025-03-08
Census Tract,45019003113,Other,12/2022,2,27.5,2025-03-08
Census Tract,45019003113,Other,01/2023,20,19,2025-03-08
Census Tract,45019003113,Other,02/2023,15,11.5,2025-03-08
Census Tract,45019003113,Other,03/2023,19,21.5,2025-03-08
Census Tract,45019003113,Other,04/2023,14,16.5,2025-03-08
Census Tract,45019003113,Other,05/2023,28,23.5,2025-03-08
Census Tract,45019003113,Other,06/2023,35,27.5,2025-03-08
Census Tract,45019003113,Other,07/2023,26,29,2025-03-08
Census Tract,45019003113,Other,08/2023,14,14,2025-03-08
Census Tract,45019003113,Other,09/2023,18,20.5,2025-03-08
Census Tract,45019003113,Other,10/2023,17,20,2025-03-08
Census Tract,45019003113,Other,11/2023,22,26.5,2025-03-08
Census Tract,45019003113,Other,12/2023,20,27.5,2025-03-08
Census Tract,45019003113,Other,01/2024,18,19,2025-03-08
Census Tract,45019003113,Other,02/2024,8,11.5,2025-03-08
Census Tract,45019003113,Other,03/2024,24,21.5,2025-03-08
Census Tract,45019003113,Other,04/2024,19,16.5,2025-03-08
Census Tract,45019003113,Other,05/2024,19,23.5,2025-03-08
Census Tract,45019003113,Other,06/2024,20,27.5,2025-03-08
Census Tract,45019003113,Other,07/2024,32,29,2025-03-08
Census Tract,45019003113,Other,08/2024,14,14,2025-03-08
Census Tract,45019003113,Other,09/2024,23,20.5,2025-03-08
Census Tract,45019003113,Other,10/2024,23,20,2025-03-08
Census Tract,45019003113,Other,11/2024,31,26.5,2025-03-08
Census Tract,45019003113,Other,12/2024,35,27.5,2025-03-08
Census Tract,45019003113,Other,01/2025,26,19,2025-03-08
Census Tract,45019003113,Other,02/2025,23,11.5,2025-03-08
Census Tract,45019003113,Other,03/2025,0,6.5,2025-03-08
Census Tract,45019003115,Other,01/2020,51,33.5,2025-03-08
Census Tract,45019003115,Other,02/2020,45,22,2025-03-08
Census Tract,45019003115,Other,03/2020,22,23.5,2025-03-08
Census Tract,45019003115,Other,04/2020,0,16.5,2025-03-08
Census Tract,45019003115,Other,05/2020,8,31,2025-03-08
Census Tract,45019003115,Other,06/2020,11,26.5,2025-03-08
Census Tract,45019003115,Other,07/2020,6,25,2025-03-08
Census Tract,45019003115,Other,08/2020,7,31,2025-03-08
Census Tract,45019003115,Other,09/2020,11,15.5,2025-03-08
Census Tract,45019003115,Other,10/2020,9,36,2025-03-08
Census Tract,45019003115,Other,11/2020,6,27.5,2025-03-08
Census Tract,45019003115,Other,12/2020,11,16,2025-03-08
Census Tract,45019003115,Other,01/2021,8,33.5,2025-03-08
Census Tract,45019003115,Other,02/2021,4,22,2025-03-08
Census Tract,45019003115,Other,03/2021,15,23.5,2025-03-08
Census Tract,45019003115,Other,04/2021,7,16.5,2025-03-08
Census Tract,45019003115,Other,05/2021,6,31,2025-03-08
Census Tract,45019003115,Other,06/2021,6,26.5,2025-03-08
Census Tract,45019003115,Other,07/2021,8,25,2025-03-08
Census Tract,45019003115,Other,08/2021,22,31,2025-03-08
Census Tract,45019003115,Other,09/2021,16,15.5,2025-03-08
Census Tract,45019003115,Other,10/2021,41,36,2025-03-08
Census Tract,45019003115,Other,11/2021,20,27.5,2025-03-08
Census Tract,45019003115,Other,12/2021,16,16,2025-03-08
Census Tract,45019003115,Other,01/2022,22,33.5,2025-03-08
Census Tract,45019003115,Other,02/2022,13,22,2025-03-08
Census Tract,45019003115,Other,03/2022,14,23.5,2025-03-08
Census Tract,45019003115,Other,04/2022,10,16.5,2025-03-08
Census Tract,45019003115,Other,05/2022,16,31,2025-03-08
Census Tract,45019003115,Other,06/2022,17,26.5,2025-03-08
Census Tract,45019003115,Other,07/2022,23,25,2025-03-08
Census Tract,45019003115,Other,08/2022,22,31,2025-03-08
Census Tract,45019003115,Other,09/2022,39,15.5,2025-03-08
Census Tract,45019003115,Other,10/2022,31,36,2025-03-08
Census Tract,45019003115,Other,11/2022,22,27.5,2025-03-08
Census Tract,45019003115,Other,12/2022,27,16,2025-03-08
Census Tract,45019003115,Other,01/2023,25,33.5,2025-03-08
Census Tract,45019003115,Other,02/2023,21,22,2025-03-08
Census Tract,45019003115,Other,03/2023,24,23.5,2025-03-08
Census Tract,45019003115,Other,04/2023,13,16.5,2025-03-08
Census Tract,45019003115,Other,05/2023,31,31,2025-03-08
Census Tract,45019003115,Other,06/2023,12,26.5,2025-03-08
Census Tract,45019003115,Other,07/2023,24,25,2025-03-08
Census Tract,45019003115,Other,08/2023,41,31,2025-03-08
Census Tract,45019003115,Other,09/2023,18,15.5,2025-03-08
Census Tract,45019003115,Other,10/2023,40,36,2025-03-08
Census Tract,45019003115,Other,11/2023,22,27.5,2025-03-08
Census Tract,45019003115,Other,12/2023,14,16,2025-03-08
Census Tract,45019003115,Other,01/2024,42,33.5,2025-03-08
Census Tract,45019003115,Other,02/2024,23,22,2025-03-08
Census Tract,45019003115,Other,03/2024,23,23.5,2025-03-08
Census Tract,45019003115,Other,04/2024,20,16.5,2025-03-08
Census Tract,45019003115,Other,05/2024,31,31,2025-03-08
Census Tract,45019003115,Other,06/2024,41,26.5,2025-03-08
Census Tract,45019003115,Other,07/2024,26,25,2025-03-08
Census Tract,45019003115,Other,08/2024,21,31,2025-03-08
Census Tract,45019003115,Other,09/2024,13,15.5,2025-03-08
Census Tract,45019003115,Other,10/2024,32,36,2025-03-08
Census Tract,45019003115,Other,11/2024,33,27.5,2025-03-08
Census Tract,45019003115,Other,12/2024,18,16,2025-03-08
Census Tract,45019003115,Other,01/2025,26,33.5,2025-03-08
Census Tract,45019003115,Other,02/2025,33,22,2025-03-08
Census Tract,45019003115,Other,03/2025,0,3,2025-03-08
Census Tract,45019003116,White,01/2020,58,79,2025-03-08
Census Tract,45019003116,White,02/2020,56,55.5,2025-03-08
Census Tract,45019003116,White,03/2020,37,37,2025-03-08
Census Tract,45019003116,White,04/2020,0,45,2025-03-08
Census Tract,45019003116,White,05/2020,16,49.5,2025-03-08
Census Tract,45019003116,White,06/2020,6,50.5,2025-03-08
Census Tract,45019003116,White,07/2020,2,51.5,2025-03-08
Census Tract,45019003116,White,08/2020,14,57,2025-03-08
Census Tract,45019003116,White,09/2020,31,54,2025-03-08
Census Tract,45019003116,White,10/2020,31,55,2025-03-08
Census Tract,45019003116,White,11/2020,48,42,2025-03-08
Census Tract,45019003116,White,12/2020,19,54.5,2025-03-08
Census Tract,45019003116,White,01/2021,18,79,2025-03-08
Census Tract,45019003116,White,02/2021,20,55.5,2025-03-08
Census Tract,45019003116,White,03/2021,23,37,2025-03-08
Census Tract,45019003116,White,04/2021,37,45,2025-03-08
Census Tract,45019003116,White,05/2021,23,49.5,2025-03-08
Census Tract,45019003116,White,06/2021,27,50.5,2025-03-08
Census Tract,45019003116,White,07/2021,22,51.5,2025-03-08
Census Tract,45019003116,White,08/2021,22,57,2025-03-08
Census Tract,45019003116,White,09/2021,21,54,2025-03-08
Census Tract,45019003116,White,10/2021,12,55,2025-03-08
Census Tract,45019003116,White,11/2021,25,42,2025-03-08
Census Tract,45019003116,White,12/2021,15,54.5,2025-03-08
Census Tract,45019003116,White,01/2022,19,79,2025-03-08
Census Tract,45019003116,White,02/2022,67,55.5,2025-03-08
Census Tract,45019003116,White,03/2022,81,37,2025-03-08
Census Tract,45019003116,White,04/2022,40,45,2025-03-08
Census Tract,45019003116,White,05/2022,15,49.5,2025-03-08
Census Tract,45019003116,White,06/2022,4,50.5,2025-03-08
Census Tract,45019003116,White,07/2022,40,51.5,2025-03-08
Census Tract,45019003116,White,08/2022,37,57,2025-03-08
Census Tract,45019003116,White,09/2022,60,54,2025-03-08
Census Tract,45019003116,White,10/2022,64,55,2025-03-08
Census Tract,45019003116,White,11/2022,46,42,2025-03-08
Census Tract,45019003116,White,12/2022,11,54.5,2025-03-08
Census Tract,45019003116,White,01/2023,100,79,2025-03-08
Census Tract,45019003116,White,02/2023,61,55.5,2025-03-08
Census Tract,45019003116,White,03/2023,53,37,2025-03-08
Census Tract,45019003116,White,04/2023,52,45,2025-03-08
Census Tract,45019003116,White,05/2023,60,49.5,2025-03-08
Census Tract,45019003116,White,06/2023,56,50.5,2025-03-08
Census Tract,45019003116,White,07/2023,57,51.5,2025-03-08
Census Tract,45019003116,White,08/2023,50,57,2025-03-08
Census Tract,45019003116,White,09/2023,44,54,2025-03-08
Census Tract,45019003116,White,10/2023,40,55,2025-03-08
Census Tract,45019003116,White,11/2023,33,42,2025-03-08
Census Tract,45019003116,White,12/2023,44,54.5,2025-03-08
Census Tract,45019003116,White,01/2024,58,79,2025-03-08
Census Tract,45019003116,White,02/2024,50,55.5,2025-03-08
Census Tract,45019003116,White,03/2024,21,37,2025-03-08
Census Tract,45019003116,White,04/2024,38,45,2025-03-08
Census Tract,45019003116,White,05/2024,39,49.5,2025-03-08
Census Tract,45019003116,White,06/2024,45,50.5,2025-03-08
Census Tract,45019003116,White,07/2024,46,51.5,2025-03-08
Census Tract,45019003116,White,08/2024,64,57,2025-03-08
Census Tract,45019003116,White,09/2024,64,54,2025-03-08
Census Tract,45019003116,White,10/2024,70,55,2025-03-08
Census Tract,45019003116,White,11/2024,51,42,2025-03-08
Census Tract,45019003116,White,12/2024,65,54.5,2025-03-08
Census Tract,45019003116,White,01/2025,88,79,2025-03-08
Census Tract,45019003116,White,02/2025,75,55.5,2025-03-08
Census Tract,45019003116,White,03/2025,0,1.5,2025-03-08
Census Tract,45019003117,White,01/2020,20,13.5,2025-03-08
Census Tract,45019003117,White,02/2020,13,14,2025-03-08
Census Tract,45019003117,White,03/2020,12,5,2025-03-08
Census Tract,45019003117,White,04/2020,0,7,2025-03-08
Census Tract,45019003117,White,05/2020,0,9,2025-03-08
Census Tract,45019003117,White,06/2020,2,11,2025-03-08
Census Tract,45019003117,White,07/2020,2,16.5,2025-03-08
Census Tract,45019003117,White,08/2020,3,10,2025-03-08
Census Tract,45019003117,White,09/2020,5,12.5,2025-03-08
Census Tract,45019003117,White,10/2020,5,6.5,2025-03-08
Census Tract,45019003117,White,11/2020,5,12,2025-03-08
Census Tract,45019003117,White,12/2020,3,8,2025-03-08
Census Tract,45019003117,White,01/2021,7,13.5,2025-03-08
Census Tract,45019003117,White,02/2021,5,14,2025-03-08
Census Tract,45019003117,White,03/2021,10,5,2025-03-08
Census Tract,45019003117,White,04/2021,4,7,2025-03-08
Census Tract,45019003117,White,05/2021,5,9,2025-03-08
Census Tract,45019003117,White,06/2021,7,11,2025-03-08
Census Tract,45019003117,White,07/2021,5,16.5,2025-03-08
Census Tract,45019003117,White,08/2021,4,10,2025-03-08
Census Tract,45019003117,White,09/2021,8,12.5,2025-03-08
Census Tract,45019003117,White,10/2021,7,6.5,2025-03-08
Census Tract,45019003117,White,11/2021,7,12,2025-03-08
Census Tract,45019003117,White,12/2021,7,8,2025-03-08
Census Tract,45019003117,White,01/2022,11,13.5,2025-03-08
Census Tract,45019003117,White,02/2022,6,14,2025-03-08
Census Tract,45019003117,White,03/2022,14,5,2025-03-08
Census Tract,45019003117,White,04/2022,9,7,2025-03-08
Census Tract,45019003117,White,05/2022,10,9,2025-03-08
Census Tract,45019003117,White,06/2022,7,11,2025-03-08
Census Tract,45019003117,White,07/2022,9,16.5,2025-03-08
Census Tract,45019003117,White,08/2022,10,10,2025-03-08
Census Tract,45019003117,White,09/2022,17,12.5,2025-03-08
Census Tract,45019003117,White,10/2022,7,6.5,2025-03-08
Census Tract,45019003117,White,11/2022,8,12,2025-03-08
Census Tract,45019003117,White,12/2022,19,8,2025-03-08
Census Tract,45019003117,White,01/2023,9,13.5,2025-03-08
Census Tract,45019003117,White,02/2023,15,14,2025-03-08
Census Tract,45019003117,White,03/2023,5,5,2025-03-08
Census Tract,45019003117,White,04/2023,7,7,2025-03-08
Census Tract,45019003117,White,05/2023,10,9,2025-03-08
Census Tract,45019003117,White,06/2023,12,11,2025-03-08
Census Tract,45019003117,White,07/2023,20,16.5,2025-03-08
Census Tract,45019003117,White,08/2023,8,10,2025-03-08
Census Tract,45019003117,White,09/2023,12,12.5,2025-03-08
Census Tract,45019003117,White,10/2023,4,6.5,2025-03-08
Census Tract,45019003117,White,11/2023,12,12,2025-03-08
Census Tract,45019003117,White,12/2023,7,8,2025-03-08
Census Tract,45019003117,White,01/2024,18,13.5,2025-03-08
Census Tract,45019003117,White,02/2024,13,14,2025-03-08
Census Tract,45019003117,White,03/2024,5,5,2025-03-08
Census Tract,45019003117,White,04/2024,7,7,2025-03-08
Census Tract,45019003117,White,05/2024,8,9,2025-03-08
Census Tract,45019003117,White,06/2024,10,11,2025-03-08
Census Tract,45019003117,White,07/2024,13,16.5,2025-03-08
Census Tract,45019003117,White,08/2024,12,10,2025-03-08
Census Tract,45019003117,White,09/2024,13,12.5,2025-03-08
Census Tract,45019003117,White,10/2024,9,6.5,2025-03-08
Census Tract,45019003117,White,11/2024,12,12,2025-03-08
Census Tract,45019003117,White,12/2024,9,8,2025-03-08
Census Tract,45019003117,White,01/2025,14,13.5,2025-03-08
Census Tract,45019003117,White,02/2025,15,14,2025-03-08
Census Tract,45019003117,White,03/2025,0,0.5,2025-03-08
Census Tract,45019003200,White,01/2020,0,0.5,2025-03-08
Census Tract,45019003200,White,02/2020,1,0,2025-03-08
Census Tract,45019003200,White,03/2020,0,0,2025-03-08
Census Tract,45019003200,White,04/2020,0,0,2025-03-08
Census Tract,45019003200,White,05/2020,0,0,2025-03-08
Census Tract,45019003200,White,06/2020,0,0,2025-03-08
Census Tract,45019003200,White,07/2020,0,0,2025-03-08
Census Tract,45019003200,White,08/2020,0,0,2025-03-08
Census Tract,45019003200,White,09/2020,0,0,2025-03-08
Census Tract,45019003200,White,10/2020,0,0,2025-03-08
Census Tract,45019003200,White,11/2020,0,0,2025-03-08
Census Tract,45019003200,White,12/2020,0,0,2025-03-08
Census Tract,45019003200,White,01/2021,0,0.5,2025-03-08
Census Tract,45019003200,White,02/2021,0,0,2025-03-08
Census Tract,45019003200,White,03/2021,0,0,2025-03-08
Census Tract,45019003200,White,04/2021,0,0,2025-03-08
Census Tract,45019003200,White,05/2021,0,0,2025-03-08
Census Tract,45019003200,White,06/2021,0,0,2025-03-08
Census Tract,45019003200,White,07/2021,0,0,2025-03-08
Census Tract,45019003200,White,08/2021,0,0,2025-03-08
Census Tract,45019003200,White,09/2021,0,0,2025-03-08
Census Tract,45019003200,White,10/2021,0,0,2025-03-08
Census Tract,45019003200,White,11/2021,0,0,2025-03-08
Census Tract,45019003200,White,12/2021,0,0,2025-03-08
Census Tract,45019003200,White,01/2022,0,0.5,2025-03-08
Census Tract,45019003200,White,02/2022,0,0,2025-03-08
Census Tract,45019003200,White,03/2022,0,0,2025-03-08
Census Tract,45019003200,White,04/2022,0,0,2025-03-08
Census Tract,45019003200,White,05/2022,0,0,2025-03-08
Census Tract,45019003200,White,06/2022,0,0,2025-03-08
Census Tract,45019003200,White,07/2022,0,0,2025-03-08
Census Tract,45019003200,White,08/2022,0,0,2025-03-08
Census Tract,45019003200,White,09/2022,0,0,2025-03-08
Census Tract,45019003200,White,10/2022,0,0,2025-03-08
Census Tract,45019003200,White,11/2022,0,0,2025-03-08
Census Tract,45019003200,White,12/2022,0,0,2025-03-08
Census Tract,45019003200,White,01/2023,1,0.5,2025-03-08
Census Tract,45019003200,White,02/2023,0,0,2025-03-08
Census Tract,45019003200,White,03/2023,0,0,2025-03-08
Census Tract,45019003200,White,04/2023,0,0,2025-03-08
Census Tract,45019003200,White,05/2023,0,0,2025-03-08
Census Tract,45019003200,White,06/2023,0,0,2025-03-08
Census Tract,45019003200,White,07/2023,0,0,2025-03-08
Census Tract,45019003200,White,08/2023,0,0,2025-03-08
Census Tract,45019003200,White,09/2023,0,0,2025-03-08
Census Tract,45019003200,White,10/2023,0,0,2025-03-08
Census Tract,45019003200,White,11/2023,0,0,2025-03-08
Census Tract,45019003200,White,12/2023,0,0,2025-03-08
Census Tract,45019003200,White,01/2024,0,0.5,2025-03-08
Census Tract,45019003200,White,02/2024,0,0,2025-03-08
Census Tract,45019003200,White,03/2024,0,0,2025-03-08
Census Tract,45019003200,White,04/2024,0,0,2025-03-08
Census Tract,45019003200,White,05/2024,0,0,2025-03-08
Census Tract,45019003200,White,06/2024,0,0,2025-03-08
Census Tract,45019003200,White,07/2024,0,0,2025-03-08
Census Tract,45019003200,White,08/2024,0,0,2025-03-08
Census Tract,45019003200,White,09/2024,0,0,2025-03-08
Census Tract,45019003200,White,10/2024,0,0,2025-03-08
Census Tract,45019003200,White,11/2024,0,0,2025-03-08
Census Tract,45019003200,White,12/2024,0,0,2025-03-08
Census Tract,45019003200,White,01/2025,0,0.5,2025-03-08
Census Tract,45019003200,White,02/2025,0,0,2025-03-08
Census Tract,45019003200,White,03/2025,0,0,2025-03-08
Census Tract,45019003300,Black,01/2020,52,18,2025-03-08
Census Tract,45019003300,Black,02/2020,27,15,2025-03-08
Census Tract,45019003300,Black,03/2020,10,15.5,2025-03-08
Census Tract,45019003300,Black,04/2020,0,23.5,2025-03-08
Census Tract,45019003300,Black,05/2020,15,16,2025-03-08
Census Tract,45019003300,Black,06/2020,20,13.5,2025-03-08
Census Tract,45019003300,Black,07/2020,14,25,2025-03-08
Census Tract,45019003300,Black,08/2020,13,12.5,2025-03-08
Census Tract,45019003300,Black,09/2020,23,16,2025-03-08
Census Tract,45019003300,Black,10/2020,11,11,2025-03-08
Census Tract,45019003300,Black,11/2020,10,17,2025-03-08
Census Tract,45019003300,Black,12/2020,8,16,2025-03-08
Census Tract,45019003300,Black,01/2021,5,18,2025-03-08
Census Tract,45019003300,Black,02/2021,15,15,2025-03-08
Census Tract,45019003300,Black,03/2021,8,15.5,2025-03-08
Census Tract,45019003300,Black,04/2021,6,23.5,2025-03-08
Census Tract,45019003300,Black,05/2021,8,16,2025-03-08
Census Tract,45019003300,Black,06/2021,10,13.5,2025-03-08
Census Tract,45019003300,Black,07/2021,12,25,2025-03-08
Census Tract,45019003300,Black,08/2021,14,12.5,2025-03-08
Census Tract,45019003300,Black,09/2021,9,16,2025-03-08
Census Tract,45019003300,Black,10/2021,8,11,2025-03-08
Census Tract,45019003300,Black,11/2021,16,17,2025-03-08
Census Tract,45019003300,Black,12/2021,8,16,2025-03-08
Census Tract,45019003300,Black,01/2022,14,18,2025-03-08
Census Tract,45019003300,Black,02/2022,13,15,2025-03-08
Census Tract,45019003300,Black,03/2022,19,15.5,2025-03-08
Census Tract,45019003300,Black,04/2022,9,23.5,2025-03-08
Census Tract,45019003300,Black,05/2022,17,16,2025-03-08
Census Tract,45019003300,Black,06/2022,22,13.5,2025-03-08
Census Tract,45019003300,Black,07/2022,12,25,2025-03-08
Census Tract,45019003300,Black,08/2022,20,12.5,2025-03-08
Census Tract,45019003300,Black,09/2022,6,16,2025-03-08
Census Tract,45019003300,Black,10/2022,14,11,2025-03-08
Census Tract,45019003300,Black,11/2022,15,17,2025-03-08
Census Tract,45019003300,Black,12/2022,20,16,2025-03-08
Census Tract,45019003300,Black,01/2023,17,18,2025-03-08
Census Tract,45019003300,Black,02/2023,22,15,2025-03-08
Census Tract,45019003300,Black,03/2023,18,15.5,2025-03-08
Census Tract,45019003300,Black,04/2023,26,23.5,2025-03-08
Census Tract,45019003300,Black,05/2023,19,16,2025-03-08
Census Tract,45019003300,Black,06/2023,13,13.5,2025-03-08
Census Tract,45019003300,Black,07/2023,29,25,2025-03-08
Census Tract,45019003300,Black,08/2023,9,12.5,2025-03-08
Census Tract,45019003300,Black,09/2023,12,16,2025-03-08
Census Tract,45019003300,Black,10/2023,11,11,2025-03-08
Census Tract,45019003300,Black,11/2023,18,17,2025-03-08
Census Tract,45019003300,Black,12/2023,12,16,2025-03-08
Census Tract,45019003300,Black,01/2024,19,18,2025-03-08
Census Tract,45019003300,Black,02/2024,8,15,2025-03-08
Census Tract,45019003300,Black,03/2024,13,15.5,2025-03-08
Census Tract,45019003300,Black,04/2024,21,23.5,2025-03-08
Census Tract,45019003300,Black,05/2024,13,16,2025-03-08
Census Tract,45019003300,Black,06/2024,14,13.5,2025-03-08
Census Tract,45019003300,Black,07/2024,21,25,2025-03-08
Census Tract,45019003300,Black,08/2024,16,12.5,2025-03-08
Census Tract,45019003300,Black,09/2024,20,16,2025-03-08
Census Tract,45019003300,Black,10/2024,11,11,2025-03-08
Census Tract,45019003300,Black,11/2024,16,17,2025-03-08
Census Tract,45019003300,Black,12/2024,20,16,2025-03-08
Census Tract,45019003300,Black,01/2025,23,18,2025-03-08
Census Tract,45019003300,Black,02/2025,13,15,2025-03-08
Census Tract,45019003300,Black,03/2025,0,4.5,2025-03-08
Census Tract,45019003400,Other,01/2020,54,15.5,2025-03-08
Census Tract,45019003400,Other,02/2020,27,14,2025-03-08
Census Tract,45019003400,Other,03/2020,19,13.5,2025-03-08
Census Tract,45019003400,Other,04/2020,0,15,2025-03-08
Census Tract,45019003400,Other,05/2020,18,13.5,2025-03-08
Census Tract,45019003400,Other,06/2020,20,16,2025-03-08
Census Tract,45019003400,Other,07/2020,20,6.5,2025-03-08
Census Tract,45019003400,Other,08/2020,20,19.5,2025-03-08
Census Tract,45019003400,Other,09/2020,20,11,2025-03-08
Census Tract,45019003400,Other,10/2020,15,11.5,2025-03-08
Census Tract,45019003400,Other,11/2020,13,8,2025-03-08
Census Tract,45019003400,Other,12/2020,11,16,2025-03-08
Census Tract,45019003400,Other,01/2021,18,15.5,2025-03-08
Census Tract,45019003400,Other,02/2021,3,14,2025-03-08
Census Tract,45019003400,Other,03/2021,15,13.5,2025-03-08
Census Tract,45019003400,Other,04/2021,9,15,2025-03-08
Census Tract,45019003400,Other,05/2021,6,13.5,2025-03-08
Census Tract,45019003400,Other,06/2021,15,16,2025-03-08
Census Tract,45019003400,Other,07/2021,11,6.5,2025-03-08
Census Tract,45019003400,Other,08/2021,11,19.5,2025-03-08
Census Tract,45019003400,Other,09/2021,11,11,2025-03-08
Census Tract,45019003400,Other,10/2021,22,11.5,2025-03-08
Census Tract,45019003400,Other,11/2021,27,8,2025-03-08
Census Tract,45019003400,Other,12/2021,15,16,2025-03-08
Census Tract,45019003400,Other,01/2022,17,15.5,2025-03-08
Census Tract,45019003400,Other,02/2022,22,14,2025-03-08
Census Tract,45019003400,Other,03/2022,20,13.5,2025-03-08
Census Tract,45019003400,Other,04/2022,12,15,2025-03-08
Census Tract,45019003400,Other,05/2022,16,13.5,2025-03-08
Census Tract,45019003400,Other,06/2022,28,16,2025-03-08
Census Tract,45019003400,Other,07/2022,17,6.5,2025-03-08
Census Tract,45019003400,Other,08/2022,28,19.5,2025-03-08
Census Tract,45019003400,Other,09/2022,18,11,2025-03-08
Census Tract,45019003400,Other,10/2022,19,11.5,2025-03-08
Census Tract,45019003400,Other,11/2022,18,8,2025-03-08
Census Tract,45019003400,Other,12/2022,16,16,2025-03-08
Census Tract,45019003400,Other,01/2023,15,15.5,2025-03-08
Census Tract,45019003400,Other,02/2023,15,14,2025-03-08
Census Tract,45019003400,Other,03/2023,16,13.5,2025-03-08
Census Tract,45019003400,Other,04/2023,15,15,2025-03-08
Census Tract,45019003400,Other,05/2023,17,13.5,2025-03-08
Census Tract,45019003400,Other,06/2023,18,16,2025-03-08
Census Tract,45019003400,Other,07/2023,8,6.5,2025-03-08
Census Tract,45019003400,Other,08/2023,31,19.5,2025-03-08
Census Tract,45019003400,Other,09/2023,16,11,2025-03-08
Census Tract,45019003400,Other,10/2023,13,11.5,2025-03-08
Census Tract,45019003400,Other,11/2023,5,8,2025-03-08
Census Tract,45019003400,Other,12/2023,16,16,2025-03-08
Census Tract,45019003400,Other,01/2024,16,15.5,2025-03-08
Census Tract,45019003400,Other,02/2024,13,14,2025-03-08
Census Tract,45019003400,Other,03/2024,11,13.5,2025-03-08
Census Tract,45019003400,Other,04/2024,15,15,2025-03-08
Census Tract,45019003400,Other,05/2024,10,13.5,2025-03-08
Census Tract,45019003400,Other,06/2024,14,16,2025-03-08
Census Tract,45019003400,Other,07/2024,5,6.5,2025-03-08
Census Tract,45019003400,Other,08/2024,8,19.5,2025-03-08
Census Tract,45019003400,Other,09/2024,6,11,2025-03-08
Census Tract,45019003400,Other,10/2024,10,11.5,2025-03-08
Census Tract,45019003400,Other,11/2024,11,8,2025-03-08
Census Tract,45019003400,Other,12/2024,16,16,2025-03-08
Census Tract,45019003400,Other,01/2025,8,15.5,2025-03-08
Census Tract,45019003400,Other,02/2025,5,14,2025-03-08
Census Tract,45019003400,Other,03/2025,0,3.5,2025-03-08
Census Tract,45019003500,White,01/2020,6,0.5,2025-03-08
Census Tract,45019003500,White,02/2020,2,1,2025-03-08
Census Tract,45019003500,White,03/2020,0,0.5,2025-03-08
Census Tract,45019003500,White,04/2020,0,0.5,2025-03-08
Census Tract,45019003500,White,05/2020,2,0,2025-03-08
Census Tract,45019003500,White,06/2020,1,0.5,2025-03-08
Census Tract,45019003500,White,07/2020,1,0.5,2025-03-08
Census Tract,45019003500,White,08/2020,3,1,2025-03-08
Census Tract,45019003500,White,09/2020,1,0.5,2025-03-08
Census Tract,45019003500,White,10/2020,4,0,2025-03-08
Census Tract,45019003500,White,11/2020,1,0,2025-03-08
Census Tract,45019003500,White,12/2020,1,0,2025-03-08
Census Tract,45019003500,White,01/2021,0,0.5,2025-03-08
Census Tract,45019003500,White,02/2021,1,1,2025-03-08
Census Tract,45019003500,White,03/2021,1,0.5,2025-03-08
Census Tract,45019003500,White,04/2021,1,0.5,2025-03-08
Census Tract,45019003500,White,05/2021,4,0,2025-03-08
Census Tract,45019003500,White,06/2021,0,0.5,2025-03-08
Census Tract,45019003500,White,07/2021,0,0.5,2025-03-08
Census Tract,45019003500,White,08/2021,0,1,2025-03-08
Census Tract,45019003500,White,09/2021,3,0.5,2025-03-08
Census Tract,45019003500,White,10/2021,2,0,2025-03-08
Census Tract,45019003500,White,11/2021,1,0,2025-03-08
Census Tract,45019003500,White,12/2021,3,0,2025-03-08
Census Tract,45019003500,White,01/2022,0,0.5,2025-03-08
Census Tract,45019003500,White,02/2022,3,1,2025-03-08
Census Tract,45019003500,White,03/2022,0,0.5,2025-03-08
Census Tract,45019003500,White,04/2022,1,0.5,2025-03-08
Census Tract,45019003500,White,05/2022,1,0,2025-03-08
Census Tract,45019003500,White,06/2022,0,0.5,2025-03-08
Census Tract,45019003500,White,07/2022,2,0.5,2025-03-08
Census Tract,45019003500,White,08/2022,2,1,2025-03-08
Census Tract,45019003500,White,09/2022,0,0.5,2025-03-08
Census Tract,45019003500,White,10/2022,0,0,2025-03-08
Census Tract,45019003500,White,11/2022,0,0,2025-03-08
Census Tract,45019003500,White,12/2022,2,0,2025-03-08
Census Tract,45019003500,White,01/2023,1,0.5,2025-03-08
Census Tract,45019003500,White,02/2023,2,1,2025-03-08
Census Tract,45019003500,White,03/2023,1,0.5,2025-03-08
Census Tract,45019003500,White,04/2023,1,0.5,2025-03-08
Census Tract,45019003500,White,05/2023,0,0,2025-03-08
Census Tract,45019003500,White,06/2023,0,0.5,2025-03-08
Census Tract,45019003500,White,07/2023,1,0.5,2025-03-08
Census Tract,45019003500,White,08/2023,2,1,2025-03-08
Census Tract,45019003500,White,09/2023,1,0.5,2025-03-08
Census Tract,45019003500,White,10/2023,0,0,2025-03-08
Census Tract,45019003500,White,11/2023,0,0,2025-03-08
Census Tract,45019003500,White,12/2023,0,0,2025-03-08
Census Tract,45019003500,White,01/2024,0,0.5,2025-03-08
Census Tract,45019003500,White,02/2024,0,1,2025-03-08
Census Tract,45019003500,White,03/2024,0,0.5,2025-03-08
Census Tract,45019003500,White,04/2024,0,0.5,2025-03-08
Census Tract,45019003500,White,05/2024,0,0,2025-03-08
Census Tract,45019003500,White,06/2024,1,0.5,2025-03-08
Census Tract,45019003500,White,07/2024,0,0.5,2025-03-08
Census Tract,45019003500,White,08/2024,0,1,2025-03-08
Census Tract,45019003500,White,09/2024,0,0.5,2025-03-08
Census Tract,45019003500,White,10/2024,0,0,2025-03-08
Census Tract,45019003500,White,11/2024,0,0,2025-03-08
Census Tract,45019003500,White,12/2024,0,0,2025-03-08
Census Tract,45019003500,White,01/2025,0,0.5,2025-03-08
Census Tract,45019003500,White,02/2025,1,1,2025-03-08
Census Tract,45019003500,White,03/2025,0,0,2025-03-08
Census Tract,45019003600,White,01/2020,8,8,2025-03-08
Census Tract,45019003600,White,02/2020,6,5.5,2025-03-08
Census Tract,45019003600,White,03/2020,5,5.5,2025-03-08
Census Tract,45019003600,White,04/2020,0,7.5,2025-03-08
Census Tract,45019003600,White,05/2020,5,6,2025-03-08
Census Tract,45019003600,White,06/2020,4,4,2025-03-08
Census Tract,45019003600,White,07/2020,4,5,2025-03-08
Census Tract,45019003600,White,08/2020,3,5.5,2025-03-08
Census Tract,45019003600,White,09/2020,4,6,2025-03-08
Census Tract,45019003600,White,10/2020,5,3,2025-03-08
Census Tract,45019003600,White,11/2020,2,6.5,2025-03-08
Census Tract,45019003600,White,12/2020,0,6.5,2025-03-08
Census Tract,45019003600,White,01/2021,6,8,2025-03-08
Census Tract,45019003600,White,02/2021,0,5.5,2025-03-08
Census Tract,45019003600,White,03/2021,2,5.5,2025-03-08
Census Tract,45019003600,White,04/2021,3,7.5,2025-03-08
Census Tract,45019003600,White,05/2021,2,6,2025-03-08
Census Tract,45019003600,White,06/2021,7,4,2025-03-08
Census Tract,45019003600,White,07/2021,4,5,2025-03-08
Census Tract,45019003600,White,08/2021,10,5.5,2025-03-08
Census Tract,45019003600,White,09/2021,7,6,2025-03-08
Census Tract,45019003600,White,10/2021,5,3,2025-03-08
Census Tract,45019003600,White,11/2021,1,6.5,2025-03-08
Census Tract,45019003600,White,12/2021,2,6.5,2025-03-08
Census Tract,45019003600,White,01/2022,7,8,2025-03-08
Census Tract,45019003600,White,02/2022,4,5.5,2025-03-08
Census Tract,45019003600,White,03/2022,8,5.5,2025-03-08
Census Tract,45019003600,White,04/2022,7,7.5,2025-03-08
Census Tract,45019003600,White,05/2022,5,6,2025-03-08
Census Tract,45019003600,White,06/2022,5,4,2025-03-08
Census Tract,45019003600,White,07/2022,8,5,2025-03-08
Census Tract,45019003600,White,08/2022,8,5.5,2025-03-08
Census Tract,45019003600,White,09/2022,2,6,2025-03-08
Census Tract,45019003600,White,10/2022,7,3,2025-03-08
Census Tract,45019003600,White,11/2022,9,6.5,2025-03-08
Census Tract,45019003600,White,12/2022,3,6.5,2025-03-08
Census Tract,45019003600,White,01/2023,6,8,2025-03-08
Census Tract,45019003600,White,02/2023,3,5.5,2025-03-08
Census Tract,45019003600,White,03/2023,7,5.5,2025-03-08
Census Tract,45019003600,White,04/2023,12,7.5,2025-03-08
Census Tract,45019003600,White,05/2023,5,6,2025-03-08
Census Tract,45019003600,White,06/2023,2,4,2025-03-08
Census Tract,45019003600,White,07/2023,9,5,2025-03-08
Census Tract,45019003600,White,08/2023,3,5.5,2025-03-08
Census Tract,45019003600,White,09/2023,7,6,2025-03-08
Census Tract,45019003600,White,10/2023,1,3,2025-03-08
Census Tract,45019003600,White,11/2023,5,6.5,2025-03-08
Census Tract,45019003600,White,12/2023,7,6.5,2025-03-08
Census Tract,45019003600,White,01/2024,10,8,2025-03-08
Census Tract,45019003600,White,02/2024,8,5.5,2025-03-08
Census Tract,45019003600,White,03/2024,4,5.5,2025-03-08
Census Tract,45019003600,White,04/2024,3,7.5,2025-03-08
Census Tract,45019003600,White,05/2024,7,6,2025-03-08
Census Tract,45019003600,White,06/2024,6,4,2025-03-08
Census Tract,45019003600,White,07/2024,1,5,2025-03-08
Census Tract,45019003600,White,08/2024,8,5.5,2025-03-08
Census Tract,45019003600,White,09/2024,5,6,2025-03-08
Census Tract,45019003600,White,10/2024,5,3,2025-03-08
Census Tract,45019003600,White,11/2024,8,6.5,2025-03-08
Census Tract,45019003600,White,12/2024,6,6.5,2025-03-08
Census Tract,45019003600,White,01/2025,8,8,2025-03-08
Census Tract,45019003600,White,02/2025,5,5.5,2025-03-08
Census Tract,45019003600,White,03/2025,0,1,2025-03-08
Census Tract,45019003700,Black,01/2020,20,14,2025-03-08
Census Tract,45019003700,Black,02/2020,38,27,2025-03-08
Census Tract,45019003700,Black,03/2020,2,13.5,2025-03-08
Census Tract,45019003700,Black,04/2020,0,17,2025-03-08
Census Tract,45019003700,Black,05/2020,9,22,2025-03-08
Census Tract,45019003700,Black,06/2020,7,16,2025-03-08
Census Tract,45019003700,Black,07/2020,7,16,2025-03-08
Census Tract,45019003700,Black,08/2020,3,16,2025-03-08
Census Tract,45019003700,Black,09/2020,17,15.5,2025-03-08
Census Tract,45019003700,Black,10/2020,2,22.5,2025-03-08
Census Tract,45019003700,Black,11/2020,12,16.5,2025-03-08
Census Tract,45019003700,Black,12/2020,5,11,2025-03-08
Census Tract,45019003700,Black,01/2021,12,14,2025-03-08
Census Tract,45019003700,Black,02/2021,5,27,2025-03-08
Census Tract,45019003700,Black,03/2021,3,13.5,2025-03-08
Census Tract,45019003700,Black,04/2021,2,17,2025-03-08
Census Tract,45019003700,Black,05/2021,2,22,2025-03-08
Census Tract,45019003700,Black,06/2021,3,16,2025-03-08
Census Tract,45019003700,Black,07/2021,2,16,2025-03-08
Census Tract,45019003700,Black,08/2021,4,16,2025-03-08
Census Tract,45019003700,Black,09/2021,5,15.5,2025-03-08
Census Tract,45019003700,Black,10/2021,5,22.5,2025-03-08
Census Tract,45019003700,Black,11/2021,4,16.5,2025-03-08
Census Tract,45019003700,Black,12/2021,9,11,2025-03-08
Census Tract,45019003700,Black,01/2022,5,14,2025-03-08
Census Tract,45019003700,Black,02/2022,12,27,2025-03-08
Census Tract,45019003700,Black,03/2022,58,13.5,2025-03-08
Census Tract,45019003700,Black,04/2022,17,17,2025-03-08
Census Tract,45019003700,Black,05/2022,14,22,2025-03-08
Census Tract,45019003700,Black,06/2022,9,16,2025-03-08
Census Tract,45019003700,Black,07/2022,11,16,2025-03-08
Census Tract,45019003700,Black,08/2022,20,16,2025-03-08
Census Tract,45019003700,Black,09/2022,22,15.5,2025-03-08
Census Tract,45019003700,Black,10/2022,22,22.5,2025-03-08
Census Tract,45019003700,Black,11/2022,46,16.5,2025-03-08
Census Tract,45019003700,Black,12/2022,3,11,2025-03-08
Census Tract,45019003700,Black,01/2023,12,14,2025-03-08
Census Tract,45019003700,Black,02/2023,37,27,2025-03-08
Census Tract,45019003700,Black,03/2023,9,13.5,2025-03-08
Census Tract,45019003700,Black,04/2023,22,17,2025-03-08
Census Tract,45019003700,Black,05/2023,23,22,2025-03-08
Census Tract,45019003700,Black,06/2023,16,16,2025-03-08
Census Tract,45019003700,Black,07/2023,10,16,2025-03-08
Census Tract,45019003700,Black,08/2023,15,16,2025-03-08
Census Tract,45019003700,Black,09/2023,12,15.5,2025-03-08
Census Tract,45019003700,Black,10/2023,26,22.5,2025-03-08
Census Tract,45019003700,Black,11/2023,17,16.5,2025-03-08
Census Tract,45019003700,Black,12/2023,10,11,2025-03-08
Census Tract,45019003700,Black,01/2024,16,14,2025-03-08
Census Tract,45019003700,Black,02/2024,17,27,2025-03-08
Census Tract,45019003700,Black,03/2024,18,13.5,2025-03-08
Census Tract,45019003700,Black,04/2024,12,17,2025-03-08
Census Tract,45019003700,Black,05/2024,21,22,2025-03-08
Census Tract,45019003700,Black,06/2024,16,16,2025-03-08
Census Tract,45019003700,Black,07/2024,22,16,2025-03-08
Census Tract,45019003700,Black,08/2024,17,16,2025-03-08
Census Tract,45019003700,Black,09/2024,19,15.5,2025-03-08
Census Tract,45019003700,Black,10/2024,19,22.5,2025-03-08
Census Tract,45019003700,Black,11/2024,16,16.5,2025-03-08
Census Tract,45019003700,Black,12/2024,12,11,2025-03-08
Census Tract,45019003700,Black,01/2025,39,14,2025-03-08
Census Tract,45019003700,Black,02/2025,12,27,2025-03-08
Census Tract,45019003700,Black,03/2025,0,4,2025-03-08
Census Tract,45019003800,Black,01/2020,21,11,2025-03-08
Census Tract,45019003800,Black,02/2020,13,12,2025-03-08
Census Tract,45019003800,Black,03/2020,4,8,2025-03-08
Census Tract,45019003800,Black,04/2020,1,9,2025-03-08
Census Tract,45019003800,Black,05/2020,6,9.5,2025-03-08
Census Tract,45019003800,Black,06/2020,12,4,2025-03-08
Census Tract,45019003800,Black,07/2020,14,8.5,2025-03-08
Census Tract,45019003800,Black,08/2020,11,8,2025-03-08
Census Tract,45019003800,Black,09/2020,13,9.5,2025-03-08
Census Tract,45019003800,Black,10/2020,10,6.5,2025-03-08
Census Tract,45019003800,Black,11/2020,12,9.5,2025-03-08
Census Tract,45019003800,Black,12/2020,9,9.5,2025-03-08
Census Tract,45019003800,Black,01/2021,11,11,2025-03-08
Census Tract,45019003800,Black,02/2021,7,12,2025-03-08
Census Tract,45019003800,Black,03/2021,8,8,2025-03-08
Census Tract,45019003800,Black,04/2021,7,9,2025-03-08
Census Tract,45019003800,Black,05/2021,8,9.5,2025-03-08
Census Tract,45019003800,Black,06/2021,11,4,2025-03-08
Census Tract,45019003800,Black,07/2021,5,8.5,2025-03-08
Census Tract,45019003800,Black,08/2021,5,8,2025-03-08
Census Tract,45019003800,Black,09/2021,6,9.5,2025-03-08
Census Tract,45019003800,Black,10/2021,7,6.5,2025-03-08
Census Tract,45019003800,Black,11/2021,7,9.5,2025-03-08
Census Tract,45019003800,Black,12/2021,10,9.5,2025-03-08
Census Tract,45019003800,Black,01/2022,20,11,2025-03-08
Census Tract,45019003800,Black,02/2022,7,12,2025-03-08
Census Tract,45019003800,Black,03/2022,8,8,2025-03-08
Census Tract,45019003800,Black,04/2022,7,9,2025-03-08
Census Tract,45019003800,Black,05/2022,7,9.5,2025-03-08
Census Tract,45019003800,Black,06/2022,5,4,2025-03-08
Census Tract,45019003800,Black,07/2022,11,8.5,2025-03-08
Census Tract,45019003800,Black,08/2022,15,8,2025-03-08
Census Tract,45019003800,Black,09/2022,10,9.5,2025-03-08
Census Tract,45019003800,Black,10/2022,6,6.5,2025-03-08
Census Tract,45019003800,Black,11/2022,3,9.5,2025-03-08
Census Tract,45019003800,Black,12/2022,7,9.5,2025-03-08
Census Tract,45019003800,Black,01/2023,11,11,2025-03-08
Census Tract,45019003800,Black,02/2023,14,12,2025-03-08
Census Tract,45019003800,Black,03/2023,12,8,2025-03-08
Census Tract,45019003800,Black,04/2023,10,9,2025-03-08
Census Tract,45019003800,Black,05/2023,9,9.5,2025-03-08
Census Tract,45019003800,Black,06/2023,3,4,2025-03-08
Census Tract,45019003800,Black,07/2023,8,8.5,2025-03-08
Census Tract,45019003800,Black,08/2023,10,8,2025-03-08
Census Tract,45019003800,Black,09/2023,10,9.5,2025-03-08
Census Tract,45019003800,Black,10/2023,8,6.5,2025-03-08
Census Tract,45019003800,Black,11/2023,9,9.5,2025-03-08
Census Tract,45019003800,Black,12/2023,10,9.5,2025-03-08
Census Tract,45019003800,Black,01/2024,11,11,2025-03-08
Census Tract,45019003800,Black,02/2024,10,12,2025-03-08
Census Tract,45019003800,Black,03/2024,4,8,2025-03-08
Census Tract,45019003800,Black,04/2024,8,9,2025-03-08
Census Tract,45019003800,Black,05/2024,10,9.5,2025-03-08
Census Tract,45019003800,Black,06/2024,5,4,2025-03-08
Census Tract,45019003800,Black,07/2024,9,8.5,2025-03-08
Census Tract,45019003800,Black,08/2024,6,8,2025-03-08
Census Tract,45019003800,Black,09/2024,9,9.5,2025-03-08
Census Tract,45019003800,Black,10/2024,5,6.5,2025-03-08
Census Tract,45019003800,Black,11/2024,10,9.5,2025-03-08
Census Tract,45019003800,Black,12/2024,9,9.5,2025-03-08
Census Tract,45019003800,Black,01/2025,7,11,2025-03-08
Census Tract,45019003800,Black,02/2025,8,12,2025-03-08
Census Tract,45019003800,Black,03/2025,0,2,2025-03-08
Census Tract,45019003900,Black,01/2020,3,3,2025-03-08
Census Tract,45019003900,Black,02/2020,5,2,2025-03-08
Census Tract,45019003900,Black,03/2020,2,2.5,2025-03-08
Census Tract,45019003900,Black,04/2020,0,2.5,2025-03-08
Census Tract,45019003900,Black,05/2020,1,1,2025-03-08
Census Tract,45019003900,Black,06/2020,5,2.5,2025-03-08
Census Tract,45019003900,Black,07/2020,0,4.5,2025-03-08
Census Tract,45019003900,Black,08/2020,6,4.5,2025-03-08
Census Tract,45019003900,Black,09/2020,5,2.5,2025-03-08
Census Tract,45019003900,Black,10/2020,3,4,2025-03-08
Census Tract,45019003900,Black,11/2020,4,1.5,2025-03-08
Census Tract,45019003900,Black,12/2020,1,2,2025-03-08
Census Tract,45019003900,Black,01/2021,2,3,2025-03-08
Census Tract,45019003900,Black,02/2021,2,2,2025-03-08
Census Tract,45019003900,Black,03/2021,6,2.5,2025-03-08
Census Tract,45019003900,Black,04/2021,1,2.5,2025-03-08
Census Tract,45019003900,Black,05/2021,2,1,2025-03-08
Census Tract,45019003900,Black,06/2021,5,2.5,2025-03-08
Census Tract,45019003900,Black,07/2021,3,4.5,2025-03-08
Census Tract,45019003900,Black,08/2021,5,4.5,2025-03-08
Census Tract,45019003900,Black,09/2021,5,2.5,2025-03-08
Census Tract,45019003900,Black,10/2021,2,4,2025-03-08
Census Tract,45019003900,Black,11/2021,1,1.5,2025-03-08
Census Tract,45019003900,Black,12/2021,6,2,2025-03-08
Census Tract,45019003900,Black,01/2022,2,3,2025-03-08
Census Tract,45019003900,Black,02/2022,1,2,2025-03-08
Census Tract,45019003900,Black,03/2022,3,2.5,2025-03-08
Census Tract,45019003900,Black,04/2022,1,2.5,2025-03-08
Census Tract,45019003900,Black,05/2022,1,1,2025-03-08
Census Tract,45019003900,Black,06/2022,1,2.5,2025-03-08
Census Tract,45019003900,Black,07/2022,3,4.5,2025-03-08
Census Tract,45019003900,Black,08/2022,5,4.5,2025-03-08
Census Tract,45019003900,Black,09/2022,1,2.5,2025-03-08
Census Tract,45019003900,Black,10/2022,4,4,2025-03-08
Census Tract,45019003900,Black,11/2022,4,1.5,2025-03-08
Census Tract,45019003900,Black,12/2022,1,2,2025-03-08
Census Tract,45019003900,Black,01/2023,1,3,2025-03-08
Census Tract,45019003900,Black,02/2023,3,2,2025-03-08
Census Tract,45019003900,Black,03/2023,2,2.5,2025-03-08
Census Tract,45019003900,Black,04/2023,3,2.5,2025-03-08
Census Tract,45019003900,Black,05/2023,1,1,2025-03-08
Census Tract,45019003900,Black,06/2023,3,2.5,2025-03-08
Census Tract,45019003900,Black,07/2023,3,4.5,2025-03-08
Census Tract,45019003900,Black,08/2023,3,4.5,2025-03-08
Census Tract,45019003900,Black,09/2023,2,2.5,2025-03-08
Census Tract,45019003900,Black,10/2023,4,4,2025-03-08
Census Tract,45019003900,Black,11/2023,3,1.5,2025-03-08
Census Tract,45019003900,Black,12/2023,2,2,2025-03-08
Census Tract,45019003900,Black,01/2024,5,3,2025-03-08
Census Tract,45019003900,Black,02/2024,1,2,2025-03-08
Census Tract,45019003900,Black,03/2024,3,2.5,2025-03-08
Census Tract,45019003900,Black,04/2024,2,2.5,2025-03-08
Census Tract,45019003900,Black,05/2024,1,1,2025-03-08
Census Tract,45019003900,Black,06/2024,2,2.5,2025-03-08
Census Tract,45019003900,Black,07/2024,6,4.5,2025-03-08
Census Tract,45019003900,Black,08/2024,6,4.5,2025-03-08
Census Tract,45019003900,Black,09/2024,3,2.5,2025-03-08
Census Tract,45019003900,Black,10/2024,4,4,2025-03-08
Census Tract,45019003900,Black,11/2024,0,1.5,2025-03-08
Census Tract,45019003900,Black,12/2024,2,2,2025-03-08
Census Tract,45019003900,Black,01/2025,1,3,2025-03-08
Census Tract,45019003900,Black,02/2025,3,2,2025-03-08
Census Tract,45019003900,Black,03/2025,0,0,2025-03-08
Census Tract,45019004000,Black,01/2020,22,14,2025-03-08
Census Tract,45019004000,Black,02/2020,27,14.5,2025-03-08
Census Tract,45019004000,Black,03/2020,18,12,2025-03-08
Census Tract,45019004000,Black,04/2020,0,11,2025-03-08
Census Tract,45019004000,Black,05/2020,12,19.5,2025-03-08
Census Tract,45019004000,Black,06/2020,11,16,2025-03-08
Census Tract,45019004000,Black,07/2020,15,12,2025-03-08
Census Tract,45019004000,Black,08/2020,16,10,2025-03-08
Census Tract,45019004000,Black,09/2020,15,11,2025-03-08
Census Tract,45019004000,Black,10/2020,10,9,2025-03-08
Census Tract,45019004000,Black,11/2020,9,15,2025-03-08
Census Tract,45019004000,Black,12/2020,6,12,2025-03-08
Census Tract,45019004000,Black,01/2021,4,14,2025-03-08
Census Tract,45019004000,Black,02/2021,8,14.5,2025-03-08
Census Tract,45019004000,Black,03/2021,8,12,2025-03-08
Census Tract,45019004000,Black,04/2021,3,11,2025-03-08
Census Tract,45019004000,Black,05/2021,7,19.5,2025-03-08
Census Tract,45019004000,Black,06/2021,18,16,2025-03-08
Census Tract,45019004000,Black,07/2021,7,12,2025-03-08
Census Tract,45019004000,Black,08/2021,8,10,2025-03-08
Census Tract,45019004000,Black,09/2021,14,11,2025-03-08
Census Tract,45019004000,Black,10/2021,10,9,2025-03-08
Census Tract,45019004000,Black,11/2021,10,15,2025-03-08
Census Tract,45019004000,Black,12/2021,5,12,2025-03-08
Census Tract,45019004000,Black,01/2022,14,14,2025-03-08
Census Tract,45019004000,Black,02/2022,8,14.5,2025-03-08
Census Tract,45019004000,Black,03/2022,16,12,2025-03-08
Census Tract,45019004000,Black,04/2022,21,11,2025-03-08
Census Tract,45019004000,Black,05/2022,8,19.5,2025-03-08
Census Tract,45019004000,Black,06/2022,14,16,2025-03-08
Census Tract,45019004000,Black,07/2022,7,12,2025-03-08
Census Tract,45019004000,Black,08/2022,15,10,2025-03-08
Census Tract,45019004000,Black,09/2022,12,11,2025-03-08
Census Tract,45019004000,Black,10/2022,18,9,2025-03-08
Census Tract,45019004000,Black,11/2022,22,15,2025-03-08
Census Tract,45019004000,Black,12/2022,16,12,2025-03-08
Census Tract,45019004000,Black,01/2023,14,14,2025-03-08
Census Tract,45019004000,Black,02/2023,18,14.5,2025-03-08
Census Tract,45019004000,Black,03/2023,14,12,2025-03-08
Census Tract,45019004000,Black,04/2023,15,11,2025-03-08
Census Tract,45019004000,Black,05/2023,12,19.5,2025-03-08
Census Tract,45019004000,Black,06/2023,11,16,2025-03-08
Census Tract,45019004000,Black,07/2023,16,12,2025-03-08
Census Tract,45019004000,Black,08/2023,9,10,2025-03-08
Census Tract,45019004000,Black,09/2023,12,11,2025-03-08
Census Tract,45019004000,Black,10/2023,9,9,2025-03-08
Census Tract,45019004000,Black,11/2023,18,15,2025-03-08
Census Tract,45019004000,Black,12/2023,4,12,2025-03-08
Census Tract,45019004000,Black,01/2024,14,14,2025-03-08
Census Tract,45019004000,Black,02/2024,11,14.5,2025-03-08
Census Tract,45019004000,Black,03/2024,10,12,2025-03-08
Census Tract,45019004000,Black,04/2024,7,11,2025-03-08
Census Tract,45019004000,Black,05/2024,27,19.5,2025-03-08
Census Tract,45019004000,Black,06/2024,21,16,2025-03-08
Census Tract,45019004000,Black,07/2024,8,12,2025-03-08
Census Tract,45019004000,Black,08/2024,11,10,2025-03-08
Census Tract,45019004000,Black,09/2024,10,11,2025-03-08
Census Tract,45019004000,Black,10/2024,9,9,2025-03-08
Census Tract,45019004000,Black,11/2024,12,15,2025-03-08
Census Tract,45019004000,Black,12/2024,20,12,2025-03-08
Census Tract,45019004000,Black,01/2025,12,14,2025-03-08
Census Tract,45019004000,Black,02/2025,12,14.5,2025-03-08
Census Tract,45019004000,Black,03/2025,0,4,2025-03-08
Census Tract,45019004300,Black,01/2020,32,21,2025-03-08
Census Tract,45019004300,Black,02/2020,22,18,2025-03-08
Census Tract,45019004300,Black,03/2020,8,17,2025-03-08
Census Tract,45019004300,Black,04/2020,0,12,2025-03-08
Census Tract,45019004300,Black,05/2020,11,12.5,2025-03-08
Census Tract,45019004300,Black,06/2020,16,13.5,2025-03-08
Census Tract,45019004300,Black,07/2020,14,16,2025-03-08
Census Tract,45019004300,Black,08/2020,12,18.5,2025-03-08
Census Tract,45019004300,Black,09/2020,20,16,2025-03-08
Census Tract,45019004300,Black,10/2020,15,14.5,2025-03-08
Census Tract,45019004300,Black,11/2020,13,16,2025-03-08
Census Tract,45019004300,Black,12/2020,6,14,2025-03-08
Census Tract,45019004300,Black,01/2021,8,21,2025-03-08
Census Tract,45019004300,Black,02/2021,6,18,2025-03-08
Census Tract,45019004300,Black,03/2021,9,17,2025-03-08
Census Tract,45019004300,Black,04/2021,7,12,2025-03-08
Census Tract,45019004300,Black,05/2021,6,12.5,2025-03-08
Census Tract,45019004300,Black,06/2021,9,13.5,2025-03-08
Census Tract,45019004300,Black,07/2021,12,16,2025-03-08
Census Tract,45019004300,Black,08/2021,9,18.5,2025-03-08
Census Tract,45019004300,Black,09/2021,14,16,2025-03-08
Census Tract,45019004300,Black,10/2021,15,14.5,2025-03-08
Census Tract,45019004300,Black,11/2021,9,16,2025-03-08
Census Tract,45019004300,Black,12/2021,16,14,2025-03-08
Census Tract,45019004300,Black,01/2022,21,21,2025-03-08
Census Tract,45019004300,Black,02/2022,17,18,2025-03-08
Census Tract,45019004300,Black,03/2022,15,17,2025-03-08
Census Tract,45019004300,Black,04/2022,11,12,2025-03-08
Census Tract,45019004300,Black,05/2022,11,12.5,2025-03-08
Census Tract,45019004300,Black,06/2022,9,13.5,2025-03-08
Census Tract,45019004300,Black,07/2022,24,16,2025-03-08
Census Tract,45019004300,Black,08/2022,21,18.5,2025-03-08
Census Tract,45019004300,Black,09/2022,22,16,2025-03-08
Census Tract,45019004300,Black,10/2022,14,14.5,2025-03-08
Census Tract,45019004300,Black,11/2022,10,16,2025-03-08
Census Tract,45019004300,Black,12/2022,19,14,2025-03-08
Census Tract,45019004300,Black,01/2023,17,21,2025-03-08
Census Tract,45019004300,Black,02/2023,19,18,2025-03-08
Census Tract,45019004300,Black,03/2023,22,17,2025-03-08
Census Tract,45019004300,Black,04/2023,11,12,2025-03-08
Census Tract,45019004300,Black,05/2023,13,12.5,2025-03-08
Census Tract,45019004300,Black,06/2023,13,13.5,2025-03-08
Census Tract,45019004300,Black,07/2023,15,16,2025-03-08
Census Tract,45019004300,Black,08/2023,14,18.5,2025-03-08
Census Tract,45019004300,Black,09/2023,16,16,2025-03-08
Census Tract,45019004300,Black,10/2023,20,14.5,2025-03-08
Census Tract,45019004300,Black,11/2023,16,16,2025-03-08
Census Tract,45019004300,Black,12/2023,9,14,2025-03-08
Census Tract,45019004300,Black,01/2024,25,21,2025-03-08
Census Tract,45019004300,Black,02/2024,17,18,2025-03-08
Census Tract,45019004300,Black,03/2024,12,17,2025-03-08
Census Tract,45019004300,Black,04/2024,13,12,2025-03-08
Census Tract,45019004300,Black,05/2024,12,12.5,2025-03-08
Census Tract,45019004300,Black,06/2024,14,13.5,2025-03-08
Census Tract,45019004300,Black,07/2024,17,16,2025-03-08
Census Tract,45019004300,Black,08/2024,23,18.5,2025-03-08
Census Tract,45019004300,Black,09/2024,16,16,2025-03-08
Census Tract,45019004300,Black,10/2024,9,14.5,2025-03-08
Census Tract,45019004300,Black,11/2024,16,16,2025-03-08
Census Tract,45019004300,Black,12/2024,19,14,2025-03-08
Census Tract,45019004300,Black,01/2025,7,21,2025-03-08
Census Tract,45019004300,Black,02/2025,12,18,2025-03-08
Census Tract,45019004300,Black,03/2025,0,5,2025-03-08
Census Tract,45019004400,Black,01/2020,12,17.5,2025-03-08
Census Tract,45019004400,Black,02/2020,18,8,2025-03-08
Census Tract,45019004400,Black,03/2020,6,9,2025-03-08
Census Tract,45019004400,Black,04/2020,0,13,2025-03-08
Census Tract,45019004400,Black,05/2020,5,11,2025-03-08
Census Tract,45019004400,Black,06/2020,5,13.5,2025-03-08
Census Tract,45019004400,Black,07/2020,10,9,2025-03-08
Census Tract,45019004400,Black,08/2020,6,12.5,2025-03-08
Census Tract,45019004400,Black,09/2020,9,7,2025-03-08
Census Tract,45019004400,Black,10/2020,9,23,2025-03-08
Census Tract,45019004400,Black,11/2020,3,14.5,2025-03-08
Census Tract,45019004400,Black,12/2020,5,21.5,2025-03-08
Census Tract,45019004400,Black,01/2021,13,17.5,2025-03-08
Census Tract,45019004400,Black,02/2021,3,8,2025-03-08
Census Tract,45019004400,Black,03/2021,2,9,2025-03-08
Census Tract,45019004400,Black,04/2021,6,13,2025-03-08
Census Tract,45019004400,Black,05/2021,5,11,2025-03-08
Census Tract,45019004400,Black,06/2021,2,13.5,2025-03-08
Census Tract,45019004400,Black,07/2021,7,9,2025-03-08
Census Tract,45019004400,Black,08/2021,8,12.5,2025-03-08
Census Tract,45019004400,Black,09/2021,4,7,2025-03-08
Census Tract,45019004400,Black,10/2021,9,23,2025-03-08
Census Tract,45019004400,Black,11/2021,3,14.5,2025-03-08
Census Tract,45019004400,Black,12/2021,13,21.5,2025-03-08
Census Tract,45019004400,Black,01/2022,4,17.5,2025-03-08
Census Tract,45019004400,Black,02/2022,17,8,2025-03-08
Census Tract,45019004400,Black,03/2022,26,9,2025-03-08
Census Tract,45019004400,Black,04/2022,7,13,2025-03-08
Census Tract,45019004400,Black,05/2022,4,11,2025-03-08
Census Tract,45019004400,Black,06/2022,14,13.5,2025-03-08
Census Tract,45019004400,Black,07/2022,8,9,2025-03-08
Census Tract,45019004400,Black,08/2022,13,12.5,2025-03-08
Census Tract,45019004400,Black,09/2022,11,7,2025-03-08
Census Tract,45019004400,Black,10/2022,8,23,2025-03-08
Census Tract,45019004400,Black,11/2022,6,14.5,2025-03-08
Census Tract,45019004400,Black,12/2022,6,21.5,2025-03-08
Census Tract,45019004400,Black,01/2023,14,17.5,2025-03-08
Census Tract,45019004400,Black,02/2023,3,8,2025-03-08
Census Tract,45019004400,Black,03/2023,6,9,2025-03-08
Census Tract,45019004400,Black,04/2023,3,13,2025-03-08
Census Tract,45019004400,Black,05/2023,12,11,2025-03-08
Census Tract,45019004400,Black,06/2023,17,13.5,2025-03-08
Census Tract,45019004400,Black,07/2023,5,9,2025-03-08
Census Tract,45019004400,Black,08/2023,15,12.5,2025-03-08
Census Tract,45019004400,Black,09/2023,9,7,2025-03-08
Census Tract,45019004400,Black,10/2023,12,23,2025-03-08
Census Tract,45019004400,Black,11/2023,14,14.5,2025-03-08
Census Tract,45019004400,Black,12/2023,22,21.5,2025-03-08
Census Tract,45019004400,Black,01/2024,21,17.5,2025-03-08
Census Tract,45019004400,Black,02/2024,13,8,2025-03-08
Census Tract,45019004400,Black,03/2024,12,9,2025-03-08
Census Tract,45019004400,Black,04/2024,23,13,2025-03-08
Census Tract,45019004400,Black,05/2024,10,11,2025-03-08
Census Tract,45019004400,Black,06/2024,10,13.5,2025-03-08
Census Tract,45019004400,Black,07/2024,13,9,2025-03-08
Census Tract,45019004400,Black,08/2024,10,12.5,2025-03-08
Census Tract,45019004400,Black,09/2024,5,7,2025-03-08
Census Tract,45019004400,Black,10/2024,34,23,2025-03-08
Census Tract,45019004400,Black,11/2024,15,14.5,2025-03-08
Census Tract,45019004400,Black,12/2024,21,21.5,2025-03-08
Census Tract,45019004400,Black,01/2025,10,17.5,2025-03-08
Census Tract,45019004400,Black,02/2025,18,8,2025-03-08
Census Tract,45019004400,Black,03/2025,0,3.5,2025-03-08
Census Tract,45019004607,White,01/2020,13,9,2025-03-08
Census Tract,45019004607,White,02/2020,9,9,2025-03-08
Census Tract,45019004607,White,03/2020,5,7.5,2025-03-08
Census Tract,45019004607,White,04/2020,0,5,2025-03-08
Census Tract,45019004607,White,05/2020,0,2.5,2025-03-08
Census Tract,45019004607,White,06/2020,1,9.5,2025-03-08
Census Tract,45019004607,White,07/2020,3,7.5,2025-03-08
Census Tract,45019004607,White,08/2020,3,9.5,2025-03-08
Census Tract,45019004607,White,09/2020,21,12.5,2025-03-08
Census Tract,45019004607,White,10/2020,4,10.5,2025-03-08
Census Tract,45019004607,White,11/2020,12,6,2025-03-08
Census Tract,45019004607,White,12/2020,7,10.5,2025-03-08
Census Tract,45019004607,White,01/2021,5,9,2025-03-08
Census Tract,45019004607,White,02/2021,9,9,2025-03-08
Census Tract,45019004607,White,03/2021,2,7.5,2025-03-08
Census Tract,45019004607,White,04/2021,1,5,2025-03-08
Census Tract,45019004607,White,05/2021,5,2.5,2025-03-08
Census Tract,45019004607,White,06/2021,1,9.5,2025-03-08
Census Tract,45019004607,White,07/2021,4,7.5,2025-03-08
Census Tract,45019004607,White,08/2021,3,9.5,2025-03-08
Census Tract,45019004607,White,09/2021,4,12.5,2025-03-08
Census Tract,45019004607,White,10/2021,7,10.5,2025-03-08
Census Tract,45019004607,White,11/2021,3,6,2025-03-08
Census Tract,45019004607,White,12/2021,6,10.5,2025-03-08
Census Tract,45019004607,White,01/2022,5,9,2025-03-08
Census Tract,45019004607,White,02/2022,5,9,2025-03-08
Census Tract,45019004607,White,03/2022,6,7.5,2025-03-08
Census Tract,45019004607,White,04/2022,5,5,2025-03-08
Census Tract,45019004607,White,05/2022,15,2.5,2025-03-08
Census Tract,45019004607,White,06/2022,9,9.5,2025-03-08
Census Tract,45019004607,White,07/2022,6,7.5,2025-03-08
Census Tract,45019004607,White,08/2022,5,9.5,2025-03-08
Census Tract,45019004607,White,09/2022,8,12.5,2025-03-08
Census Tract,45019004607,White,10/2022,13,10.5,2025-03-08
Census Tract,45019004607,White,11/2022,3,6,2025-03-08
Census Tract,45019004607,White,12/2022,4,10.5,2025-03-08
Census Tract,45019004607,White,01/2023,8,9,2025-03-08
Census Tract,45019004607,White,02/2023,7,9,2025-03-08
Census Tract,45019004607,White,03/2023,5,7.5,2025-03-08
Census Tract,45019004607,White,04/2023,3,5,2025-03-08
Census Tract,45019004607,White,05/2023,3,2.5,2025-03-08
Census Tract,45019004607,White,06/2023,5,9.5,2025-03-08
Census Tract,45019004607,White,07/2023,5,7.5,2025-03-08
Census Tract,45019004607,White,08/2023,6,9.5,2025-03-08
Census Tract,45019004607,White,09/2023,12,12.5,2025-03-08
Census Tract,45019004607,White,10/2023,7,10.5,2025-03-08
Census Tract,45019004607,White,11/2023,7,6,2025-03-08
Census Tract,45019004607,White,12/2023,12,10.5,2025-03-08
Census Tract,45019004607,White,01/2024,10,9,2025-03-08
Census Tract,45019004607,White,02/2024,11,9,2025-03-08
Census Tract,45019004607,White,03/2024,10,7.5,2025-03-08
Census Tract,45019004607,White,04/2024,7,5,2025-03-08
Census Tract,45019004607,White,05/2024,2,2.5,2025-03-08
Census Tract,45019004607,White,06/2024,14,9.5,2025-03-08
Census Tract,45019004607,White,07/2024,10,7.5,2025-03-08
Census Tract,45019004607,White,08/2024,13,9.5,2025-03-08
Census Tract,45019004607,White,09/2024,13,12.5,2025-03-08
Census Tract,45019004607,White,10/2024,14,10.5,2025-03-08
Census Tract,45019004607,White,11/2024,5,6,2025-03-08
Census Tract,45019004607,White,12/2024,9,10.5,2025-03-08
Census Tract,45019004607,White,01/2025,7,9,2025-03-08
Census Tract,45019004607,White,02/2025,7,9,2025-03-08
Census Tract,45019004607,White,03/2025,0,2,2025-03-08
Census Tract,45019004609,White,01/2020,2,2.5,2025-03-08
Census Tract,45019004609,White,02/2020,2,2.5,2025-03-08
Census Tract,45019004609,White,03/2020,3,1.5,2025-03-08
Census Tract,45019004609,White,04/2020,0,3.5,2025-03-08
Census Tract,45019004609,White,05/2020,0,2.5,2025-03-08
Census Tract,45019004609,White,06/2020,4,4.5,2025-03-08
Census Tract,45019004609,White,07/2020,2,3,2025-03-08
Census Tract,45019004609,White,08/2020,8,2,2025-03-08
Census Tract,45019004609,White,09/2020,4,2,2025-03-08
Census Tract,45019004609,White,10/2020,3,2.5,2025-03-08
Census Tract,45019004609,White,11/2020,5,1,2025-03-08
Census Tract,45019004609,White,12/2020,3,2,2025-03-08
Census Tract,45019004609,White,01/2021,5,2.5,2025-03-08
Census Tract,45019004609,White,02/2021,3,2.5,2025-03-08
Census Tract,45019004609,White,03/2021,4,1.5,2025-03-08
Census Tract,45019004609,White,04/2021,4,3.5,2025-03-08
Census Tract,45019004609,White,05/2021,2,2.5,2025-03-08
Census Tract,45019004609,White,06/2021,2,4.5,2025-03-08
Census Tract,45019004609,White,07/2021,2,3,2025-03-08
Census Tract,45019004609,White,08/2021,4,2,2025-03-08
Census Tract,45019004609,White,09/2021,5,2,2025-03-08
Census Tract,45019004609,White,10/2021,5,2.5,2025-03-08
Census Tract,45019004609,White,11/2021,1,1,2025-03-08
Census Tract,45019004609,White,12/2021,2,2,2025-03-08
Census Tract,45019004609,White,01/2022,3,2.5,2025-03-08
Census Tract,45019004609,White,02/2022,2,2.5,2025-03-08
Census Tract,45019004609,White,03/2022,1,1.5,2025-03-08
Census Tract,45019004609,White,04/2022,1,3.5,2025-03-08
Census Tract,45019004609,White,05/2022,0,2.5,2025-03-08
Census Tract,45019004609,White,06/2022,0,4.5,2025-03-08
Census Tract,45019004609,White,07/2022,1,3,2025-03-08
Census Tract,45019004609,White,08/2022,3,2,2025-03-08
Census Tract,45019004609,White,09/2022,2,2,2025-03-08
Census Tract,45019004609,White,10/2022,2,2.5,2025-03-08
Census Tract,45019004609,White,11/2022,2,1,2025-03-08
Census Tract,45019004609,White,12/2022,2,2,2025-03-08
Census Tract,45019004609,White,01/2023,5,2.5,2025-03-08
Census Tract,45019004609,White,02/2023,3,2.5,2025-03-08
Census Tract,45019004609,White,03/2023,1,1.5,2025-03-08
Census Tract,45019004609,White,04/2023,4,3.5,2025-03-08
Census Tract,45019004609,White,05/2023,4,2.5,2025-03-08
Census Tract,45019004609,White,06/2023,5,4.5,2025-03-08
Census Tract,45019004609,White,07/2023,2,3,2025-03-08
Census Tract,45019004609,White,08/2023,2,2,2025-03-08
Census Tract,45019004609,White,09/2023,4,2,2025-03-08
Census Tract,45019004609,White,10/2023,3,2.5,2025-03-08
Census Tract,45019004609,White,11/2023,2,1,2025-03-08
Census Tract,45019004609,White,12/2023,3,2,2025-03-08
Census Tract,45019004609,White,01/2024,0,2.5,2025-03-08
Census Tract,45019004609,White,02/2024,2,2.5,2025-03-08
Census Tract,45019004609,White,03/2024,2,1.5,2025-03-08
Census Tract,45019004609,White,04/2024,3,3.5,2025-03-08
Census Tract,45019004609,White,05/2024,1,2.5,2025-03-08
Census Tract,45019004609,White,06/2024,4,4.5,2025-03-08
Census Tract,45019004609,White,07/2024,4,3,2025-03-08
Census Tract,45019004609,White,08/2024,2,2,2025-03-08
Census Tract,45019004609,White,09/2024,0,2,2025-03-08
Census Tract,45019004609,White,10/2024,2,2.5,2025-03-08
Census Tract,45019004609,White,11/2024,0,1,2025-03-08
Census Tract,45019004609,White,12/2024,1,2,2025-03-08
Census Tract,45019004609,White,01/2025,0,2.5,2025-03-08
Census Tract,45019004609,White,02/2025,1,2.5,2025-03-08
Census Tract,45019004609,White,03/2025,0,0,2025-03-08
Census Tract,45019004610,White,01/2020,0,0,2025-03-08
Census Tract,45019004610,White,02/2020,2,0,2025-03-08
Census Tract,45019004610,White,03/2020,0,1.5,2025-03-08
Census Tract,45019004610,White,04/2020,0,0.5,2025-03-08
Census Tract,45019004610,White,05/2020,1,1,2025-03-08
Census Tract,45019004610,White,06/2020,0,1,2025-03-08
Census Tract,45019004610,White,07/2020,1,1.5,2025-03-08
Census Tract,45019004610,White,08/2020,0,0.5,2025-03-08
Census Tract,45019004610,White,09/2020,2,0.5,2025-03-08
Census Tract,45019004610,White,10/2020,0,0.5,2025-03-08
Census Tract,45019004610,White,11/2020,0,1,2025-03-08
Census Tract,45019004610,White,12/2020,2,0.5,2025-03-08
Census Tract,45019004610,White,01/2021,0,0,2025-03-08
Census Tract,45019004610,White,02/2021,0,0,2025-03-08
Census Tract,45019004610,White,03/2021,2,1.5,2025-03-08
Census Tract,45019004610,White,04/2021,0,0.5,2025-03-08
Census Tract,45019004610,White,05/2021,5,1,2025-03-08
Census Tract,45019004610,White,06/2021,0,1,2025-03-08
Census Tract,45019004610,White,07/2021,0,1.5,2025-03-08
Census Tract,45019004610,White,08/2021,0,0.5,2025-03-08
Census Tract,45019004610,White,09/2021,0,0.5,2025-03-08
Census Tract,45019004610,White,10/2021,2,0.5,2025-03-08
Census Tract,45019004610,White,11/2021,0,1,2025-03-08
Census Tract,45019004610,White,12/2021,2,0.5,2025-03-08
Census Tract,45019004610,White,01/2022,1,0,2025-03-08
Census Tract,45019004610,White,02/2022,1,0,2025-03-08
Census Tract,45019004610,White,03/2022,0,1.5,2025-03-08
Census Tract,45019004610,White,04/2022,0,0.5,2025-03-08
Census Tract,45019004610,White,05/2022,1,1,2025-03-08
Census Tract,45019004610,White,06/2022,1,1,2025-03-08
Census Tract,45019004610,White,07/2022,0,1.5,2025-03-08
Census Tract,45019004610,White,08/2022,0,0.5,2025-03-08
Census Tract,45019004610,White,09/2022,0,0.5,2025-03-08
Census Tract,45019004610,White,10/2022,1,0.5,2025-03-08
Census Tract,45019004610,White,11/2022,1,1,2025-03-08
Census Tract,45019004610,White,12/2022,1,0.5,2025-03-08
Census Tract,45019004610,White,01/2023,0,0,2025-03-08
Census Tract,45019004610,White,02/2023,0,0,2025-03-08
Census Tract,45019004610,White,03/2023,3,1.5,2025-03-08
Census Tract,45019004610,White,04/2023,0,0.5,2025-03-08
Census Tract,45019004610,White,05/2023,1,1,2025-03-08
Census Tract,45019004610,White,06/2023,1,1,2025-03-08
Census Tract,45019004610,White,07/2023,1,1.5,2025-03-08
Census Tract,45019004610,White,08/2023,0,0.5,2025-03-08
Census Tract,45019004610,White,09/2023,0,0.5,2025-03-08
Census Tract,45019004610,White,10/2023,1,0.5,2025-03-08
Census Tract,45019004610,White,11/2023,1,1,2025-03-08
Census Tract,45019004610,White,12/2023,1,0.5,2025-03-08
Census Tract,45019004610,White,01/2024,0,0,2025-03-08
Census Tract,45019004610,White,02/2024,0,0,2025-03-08
Census Tract,45019004610,White,03/2024,0,1.5,2025-03-08
Census Tract,45019004610,White,04/2024,1,0.5,2025-03-08
Census Tract,45019004610,White,05/2024,1,1,2025-03-08
Census Tract,45019004610,White,06/2024,1,1,2025-03-08
Census Tract,45019004610,White,07/2024,2,1.5,2025-03-08
Census Tract,45019004610,White,08/2024,1,0.5,2025-03-08
Census Tract,45019004610,White,09/2024,1,0.5,2025-03-08
Census Tract,45019004610,White,10/2024,0,0.5,2025-03-08
Census Tract,45019004610,White,11/2024,1,1,2025-03-08
Census Tract,45019004610,White,12/2024,0,0.5,2025-03-08
Census Tract,45019004610,White,01/2025,0,0,2025-03-08
Census Tract,45019004610,White,02/2025,0,0,2025-03-08
Census Tract,45019004610,White,03/2025,0,0,2025-03-08
Census Tract,45019004612,White,01/2020,10,12,2025-03-08
Census Tract,45019004612,White,02/2020,8,9,2025-03-08
Census Tract,45019004612,White,03/2020,9,7,2025-03-08
Census Tract,45019004612,White,04/2020,0,7,2025-03-08
Census Tract,45019004612,White,05/2020,1,6,2025-03-08
Census Tract,45019004612,White,06/2020,0,8.5,2025-03-08
Census Tract,45019004612,White,07/2020,1,7,2025-03-08
Census Tract,45019004612,White,08/2020,12,7.5,2025-03-08
Census Tract,45019004612,White,09/2020,1,6,2025-03-08
Census Tract,45019004612,White,10/2020,0,9.5,2025-03-08
Census Tract,45019004612,White,11/2020,11,9,2025-03-08
Census Tract,45019004612,White,12/2020,5,6.5,2025-03-08
Census Tract,45019004612,White,01/2021,5,12,2025-03-08
Census Tract,45019004612,White,02/2021,1,9,2025-03-08
Census Tract,45019004612,White,03/2021,2,7,2025-03-08
Census Tract,45019004612,White,04/2021,2,7,2025-03-08
Census Tract,45019004612,White,05/2021,1,6,2025-03-08
Census Tract,45019004612,White,06/2021,5,8.5,2025-03-08
Census Tract,45019004612,White,07/2021,0,7,2025-03-08
Census Tract,45019004612,White,08/2021,0,7.5,2025-03-08
Census Tract,45019004612,White,09/2021,7,6,2025-03-08
Census Tract,45019004612,White,10/2021,6,9.5,2025-03-08
Census Tract,45019004612,White,11/2021,8,9,2025-03-08
Census Tract,45019004612,White,12/2021,7,6.5,2025-03-08
Census Tract,45019004612,White,01/2022,5,12,2025-03-08
Census Tract,45019004612,White,02/2022,9,9,2025-03-08
Census Tract,45019004612,White,03/2022,12,7,2025-03-08
Census Tract,45019004612,White,04/2022,8,7,2025-03-08
Census Tract,45019004612,White,05/2022,9,6,2025-03-08
Census Tract,45019004612,White,06/2022,10,8.5,2025-03-08
Census Tract,45019004612,White,07/2022,10,7,2025-03-08
Census Tract,45019004612,White,08/2022,10,7.5,2025-03-08
Census Tract,45019004612,White,09/2022,8,6,2025-03-08
Census Tract,45019004612,White,10/2022,8,9.5,2025-03-08
Census Tract,45019004612,White,11/2022,9,9,2025-03-08
Census Tract,45019004612,White,12/2022,13,6.5,2025-03-08
Census Tract,45019004612,White,01/2023,10,12,2025-03-08
Census Tract,45019004612,White,02/2023,6,9,2025-03-08
Census Tract,45019004612,White,03/2023,7,7,2025-03-08
Census Tract,45019004612,White,04/2023,5,7,2025-03-08
Census Tract,45019004612,White,05/2023,7,6,2025-03-08
Census Tract,45019004612,White,06/2023,8,8.5,2025-03-08
Census Tract,45019004612,White,07/2023,7,7,2025-03-08
Census Tract,45019004612,White,08/2023,8,7.5,2025-03-08
Census Tract,45019004612,White,09/2023,7,6,2025-03-08
Census Tract,45019004612,White,10/2023,7,9.5,2025-03-08
Census Tract,45019004612,White,11/2023,11,9,2025-03-08
Census Tract,45019004612,White,12/2023,6,6.5,2025-03-08
Census Tract,45019004612,White,01/2024,14,12,2025-03-08
Census Tract,45019004612,White,02/2024,12,9,2025-03-08
Census Tract,45019004612,White,03/2024,7,7,2025-03-08
Census Tract,45019004612,White,04/2024,9,7,2025-03-08
Census Tract,45019004612,White,05/2024,5,6,2025-03-08
Census Tract,45019004612,White,06/2024,9,8.5,2025-03-08
Census Tract,45019004612,White,07/2024,7,7,2025-03-08
Census Tract,45019004612,White,08/2024,7,7.5,2025-03-08
Census Tract,45019004612,White,09/2024,5,6,2025-03-08
Census Tract,45019004612,White,10/2024,12,9.5,2025-03-08
Census Tract,45019004612,White,11/2024,7,9,2025-03-08
Census Tract,45019004612,White,12/2024,7,6.5,2025-03-08
Census Tract,45019004612,White,01/2025,13,12,2025-03-08
Census Tract,45019004612,White,02/2025,6,9,2025-03-08
Census Tract,45019004612,White,03/2025,0,5,2025-03-08
Census Tract,45019004613,White,01/2020,0,0,2025-03-08
Census Tract,45019004613,White,02/2020,0,1,2025-03-08
Census Tract,45019004613,White,03/2020,0,0.5,2025-03-08
Census Tract,45019004613,White,04/2020,0,1.5,2025-03-08
Census Tract,45019004613,White,05/2020,0,0,2025-03-08
Census Tract,45019004613,White,06/2020,0,1,2025-03-08
Census Tract,45019004613,White,07/2020,0,0.5,2025-03-08
Census Tract,45019004613,White,08/2020,0,2.5,2025-03-08
Census Tract,45019004613,White,09/2020,0,1.5,2025-03-08
Census Tract,45019004613,White,10/2020,0,2.5,2025-03-08
Census Tract,45019004613,White,11/2020,0,0,2025-03-08
Census Tract,45019004613,White,12/2020,0,1.5,2025-03-08
Census Tract,45019004613,White,01/2021,0,0,2025-03-08
Census Tract,45019004613,White,02/2021,1,1,2025-03-08
Census Tract,45019004613,White,03/2021,0,0.5,2025-03-08
Census Tract,45019004613,White,04/2021,0,1.5,2025-03-08
Census Tract,45019004613,White,05/2021,0,0,2025-03-08
Census Tract,45019004613,White,06/2021,0,1,2025-03-08
Census Tract,45019004613,White,07/2021,0,0.5,2025-03-08
Census Tract,45019004613,White,08/2021,0,2.5,2025-03-08
Census Tract,45019004613,White,09/2021,0,1.5,2025-03-08
Census Tract,45019004613,White,10/2021,0,2.5,2025-03-08
Census Tract,45019004613,White,11/2021,0,0,2025-03-08
Census Tract,45019004613,White,12/2021,0,1.5,2025-03-08
Census Tract,45019004613,White,01/2022,0,0,2025-03-08
Census Tract,45019004613,White,02/2022,0,1,2025-03-08
Census Tract,45019004613,White,03/2022,0,0.5,2025-03-08
Census Tract,45019004613,White,04/2022,0,1.5,2025-03-08
Census Tract,45019004613,White,05/2022,0,0,2025-03-08
Census Tract,45019004613,White,06/2022,0,1,2025-03-08
Census Tract,45019004613,White,07/2022,0,0.5,2025-03-08
Census Tract,45019004613,White,08/2022,0,2.5,2025-03-08
Census Tract,45019004613,White,09/2022,0,1.5,2025-03-08
Census Tract,45019004613,White,10/2022,0,2.5,2025-03-08
Census Tract,45019004613,White,11/2022,0,0,2025-03-08
Census Tract,45019004613,White,12/2022,1,1.5,2025-03-08
Census Tract,45019004613,White,01/2023,0,0,2025-03-08
Census Tract,45019004613,White,02/2023,0,1,2025-03-08
Census Tract,45019004613,White,03/2023,0,0.5,2025-03-08
Census Tract,45019004613,White,04/2023,1,1.5,2025-03-08
Census Tract,45019004613,White,05/2023,0,0,2025-03-08
Census Tract,45019004613,White,06/2023,2,1,2025-03-08
Census Tract,45019004613,White,07/2023,0,0.5,2025-03-08
Census Tract,45019004613,White,08/2023,2,2.5,2025-03-08
Census Tract,45019004613,White,09/2023,2,1.5,2025-03-08
Census Tract,45019004613,White,10/2023,3,2.5,2025-03-08
Census Tract,45019004613,White,11/2023,0,0,2025-03-08
Census Tract,45019004613,White,12/2023,3,1.5,2025-03-08
Census Tract,45019004613,White,01/2024,0,0,2025-03-08
Census Tract,45019004613,White,02/2024,2,1,2025-03-08
Census Tract,45019004613,White,03/2024,1,0.5,2025-03-08
Census Tract,45019004613,White,04/2024,2,1.5,2025-03-08
Census Tract,45019004613,White,05/2024,0,0,2025-03-08
Census Tract,45019004613,White,06/2024,0,1,2025-03-08
Census Tract,45019004613,White,07/2024,1,0.5,2025-03-08
Census Tract,45019004613,White,08/2024,3,2.5,2025-03-08
Census Tract,45019004613,White,09/2024,1,1.5,2025-03-08
Census Tract,45019004613,White,10/2024,2,2.5,2025-03-08
Census Tract,45019004613,White,11/2024,0,0,2025-03-08
Census Tract,45019004613,White,12/2024,0,1.5,2025-03-08
Census Tract,45019004613,White,01/2025,0,0,2025-03-08
Census Tract,45019004613,White,02/2025,0,1,2025-03-08
Census Tract,45019004613,White,03/2025,0,0,2025-03-08
Census Tract,45019004614,White,01/2020,2,7,2025-03-08
Census Tract,45019004614,White,02/2020,3,4,2025-03-08
Census Tract,45019004614,White,03/2020,0,7,2025-03-08
Census Tract,45019004614,White,04/2020,0,7.5,2025-03-08
Census Tract,45019004614,White,05/2020,0,9,2025-03-08
Census Tract,45019004614,White,06/2020,1,8,2025-03-08
Census Tract,45019004614,White,07/2020,0,6.5,2025-03-08
Census Tract,45019004614,White,08/2020,1,5.5,2025-03-08
Census Tract,45019004614,White,09/2020,1,7.5,2025-03-08
Census Tract,45019004614,White,10/2020,2,9,2025-03-08
Census Tract,45019004614,White,11/2020,5,4,2025-03-08
Census Tract,45019004614,White,12/2020,2,12.5,2025-03-08
Census Tract,45019004614,White,01/2021,2,7,2025-03-08
Census Tract,45019004614,White,02/2021,3,4,2025-03-08
Census Tract,45019004614,White,03/2021,1,7,2025-03-08
Census Tract,45019004614,White,04/2021,4,7.5,2025-03-08
Census Tract,45019004614,White,05/2021,0,9,2025-03-08
Census Tract,45019004614,White,06/2021,1,8,2025-03-08
Census Tract,45019004614,White,07/2021,0,6.5,2025-03-08
Census Tract,45019004614,White,08/2021,0,5.5,2025-03-08
Census Tract,45019004614,White,09/2021,0,7.5,2025-03-08
Census Tract,45019004614,White,10/2021,0,9,2025-03-08
Census Tract,45019004614,White,11/2021,0,4,2025-03-08
Census Tract,45019004614,White,12/2021,0,12.5,2025-03-08
Census Tract,45019004614,White,01/2022,1,7,2025-03-08
Census Tract,45019004614,White,02/2022,0,4,2025-03-08
Census Tract,45019004614,White,03/2022,2,7,2025-03-08
Census Tract,45019004614,White,04/2022,2,7.5,2025-03-08
Census Tract,45019004614,White,05/2022,1,9,2025-03-08
Census Tract,45019004614,White,06/2022,0,8,2025-03-08
Census Tract,45019004614,White,07/2022,0,6.5,2025-03-08
Census Tract,45019004614,White,08/2022,1,5.5,2025-03-08
Census Tract,45019004614,White,09/2022,1,7.5,2025-03-08
Census Tract,45019004614,White,10/2022,0,9,2025-03-08
Census Tract,45019004614,White,11/2022,0,4,2025-03-08
Census Tract,45019004614,White,12/2022,3,12.5,2025-03-08
Census Tract,45019004614,White,01/2023,2,7,2025-03-08
Census Tract,45019004614,White,02/2023,1,4,2025-03-08
Census Tract,45019004614,White,03/2023,8,7,2025-03-08
Census Tract,45019004614,White,04/2023,4,7.5,2025-03-08
Census Tract,45019004614,White,05/2023,11,9,2025-03-08
Census Tract,45019004614,White,06/2023,9,8,2025-03-08
Census Tract,45019004614,White,07/2023,8,6.5,2025-03-08
Census Tract,45019004614,White,08/2023,5,5.5,2025-03-08
Census Tract,45019004614,White,09/2023,8,7.5,2025-03-08
Census Tract,45019004614,White,10/2023,12,9,2025-03-08
Census Tract,45019004614,White,11/2023,4,4,2025-03-08
Census Tract,45019004614,White,12/2023,13,12.5,2025-03-08
Census Tract,45019004614,White,01/2024,12,7,2025-03-08
Census Tract,45019004614,White,02/2024,7,4,2025-03-08
Census Tract,45019004614,White,03/2024,6,7,2025-03-08
Census Tract,45019004614,White,04/2024,11,7.5,2025-03-08
Census Tract,45019004614,White,05/2024,7,9,2025-03-08
Census Tract,45019004614,White,06/2024,7,8,2025-03-08
Census Tract,45019004614,White,07/2024,5,6.5,2025-03-08
Census Tract,45019004614,White,08/2024,6,5.5,2025-03-08
Census Tract,45019004614,White,09/2024,7,7.5,2025-03-08
Census Tract,45019004614,White,10/2024,6,9,2025-03-08
Census Tract,45019004614,White,11/2024,4,4,2025-03-08
Census Tract,45019004614,White,12/2024,12,12.5,2025-03-08
Census Tract,45019004614,White,01/2025,5,7,2025-03-08
Census Tract,45019004614,White,02/2025,1,4,2025-03-08
Census Tract,45019004614,White,03/2025,0,1,2025-03-08
Census Tract,45019004615,White,01/2020,0,0.5,2025-03-08
Census Tract,45019004615,White,02/2020,1,2.5,2025-03-08
Census Tract,45019004615,White,03/2020,2,2.5,2025-03-08
Census Tract,45019004615,White,04/2020,0,1,2025-03-08
Census Tract,45019004615,White,05/2020,1,0.5,2025-03-08
Census Tract,45019004615,White,06/2020,1,2,2025-03-08
Census Tract,45019004615,White,07/2020,1,1.5,2025-03-08
Census Tract,45019004615,White,08/2020,0,1,2025-03-08
Census Tract,45019004615,White,09/2020,0,1,2025-03-08
Census Tract,45019004615,White,10/2020,0,1,2025-03-08
Census Tract,45019004615,White,11/2020,1,0.5,2025-03-08
Census Tract,45019004615,White,12/2020,1,1,2025-03-08
Census Tract,45019004615,White,01/2021,2,0.5,2025-03-08
Census Tract,45019004615,White,02/2021,0,2.5,2025-03-08
Census Tract,45019004615,White,03/2021,1,2.5,2025-03-08
Census Tract,45019004615,White,04/2021,0,1,2025-03-08
Census Tract,45019004615,White,05/2021,1,0.5,2025-03-08
Census Tract,45019004615,White,06/2021,1,2,2025-03-08
Census Tract,45019004615,White,07/2021,0,1.5,2025-03-08
Census Tract,45019004615,White,08/2021,1,1,2025-03-08
Census Tract,45019004615,White,09/2021,0,1,2025-03-08
Census Tract,45019004615,White,10/2021,0,1,2025-03-08
Census Tract,45019004615,White,11/2021,2,0.5,2025-03-08
Census Tract,45019004615,White,12/2021,0,1,2025-03-08
Census Tract,45019004615,White,01/2022,2,0.5,2025-03-08
Census Tract,45019004615,White,02/2022,1,2.5,2025-03-08
Census Tract,45019004615,White,03/2022,1,2.5,2025-03-08
Census Tract,45019004615,White,04/2022,1,1,2025-03-08
Census Tract,45019004615,White,05/2022,0,0.5,2025-03-08
Census Tract,45019004615,White,06/2022,0,2,2025-03-08
Census Tract,45019004615,White,07/2022,0,1.5,2025-03-08
Census Tract,45019004615,White,08/2022,6,1,2025-03-08
Census Tract,45019004615,White,09/2022,1,1,2025-03-08
Census Tract,45019004615,White,10/2022,1,1,2025-03-08
Census Tract,45019004615,White,11/2022,0,0.5,2025-03-08
Census Tract,45019004615,White,12/2022,1,1,2025-03-08
Census Tract,45019004615,White,01/2023,1,0.5,2025-03-08
Census Tract,45019004615,White,02/2023,3,2.5,2025-03-08
Census Tract,45019004615,White,03/2023,2,2.5,2025-03-08
Census Tract,45019004615,White,04/2023,2,1,2025-03-08
Census Tract,45019004615,White,05/2023,0,0.5,2025-03-08
Census Tract,45019004615,White,06/2023,1,2,2025-03-08
Census Tract,45019004615,White,07/2023,2,1.5,2025-03-08
Census Tract,45019004615,White,08/2023,2,1,2025-03-08
Census Tract,45019004615,White,09/2023,0,1,2025-03-08
Census Tract,45019004615,White,10/2023,2,1,2025-03-08
Census Tract,45019004615,White,11/2023,1,0.5,2025-03-08
Census Tract,45019004615,White,12/2023,1,1,2025-03-08
Census Tract,45019004615,White,01/2024,0,0.5,2025-03-08
Census Tract,45019004615,White,02/2024,2,2.5,2025-03-08
Census Tract,45019004615,White,03/2024,3,2.5,2025-03-08
Census Tract,45019004615,White,04/2024,0,1,2025-03-08
Census Tract,45019004615,White,05/2024,1,0.5,2025-03-08
Census Tract,45019004615,White,06/2024,3,2,2025-03-08
Census Tract,45019004615,White,07/2024,1,1.5,2025-03-08
Census Tract,45019004615,White,08/2024,0,1,2025-03-08
Census Tract,45019004615,White,09/2024,2,1,2025-03-08
Census Tract,45019004615,White,10/2024,0,1,2025-03-08
Census Tract,45019004615,White,11/2024,0,0.5,2025-03-08
Census Tract,45019004615,White,12/2024,1,1,2025-03-08
Census Tract,45019004615,White,01/2025,1,0.5,2025-03-08
Census Tract,45019004615,White,02/2025,0,2.5,2025-03-08
Census Tract,45019004615,White,03/2025,0,0,2025-03-08
Census Tract,45019004616,White,01/2020,4,1,2025-03-08
Census Tract,45019004616,White,02/2020,1,1.5,2025-03-08
Census Tract,45019004616,White,03/2020,0,1.5,2025-03-08
Census Tract,45019004616,White,04/2020,0,1.5,2025-03-08
Census Tract,45019004616,White,05/2020,0,2,2025-03-08
Census Tract,45019004616,White,06/2020,2,1,2025-03-08
Census Tract,45019004616,White,07/2020,1,2.5,2025-03-08
Census Tract,45019004616,White,08/2020,1,1.5,2025-03-08
Census Tract,45019004616,White,09/2020,0,1.5,2025-03-08
Census Tract,45019004616,White,10/2020,1,1,2025-03-08
Census Tract,45019004616,White,11/2020,1,0.5,2025-03-08
Census Tract,45019004616,White,12/2020,0,1.5,2025-03-08
Census Tract,45019004616,White,01/2021,1,1,2025-03-08
Census Tract,45019004616,White,02/2021,0,1.5,2025-03-08
Census Tract,45019004616,White,03/2021,1,1.5,2025-03-08
Census Tract,45019004616,White,04/2021,1,1.5,2025-03-08
Census Tract,45019004616,White,05/2021,0,2,2025-03-08
Census Tract,45019004616,White,06/2021,0,1,2025-03-08
Census Tract,45019004616,White,07/2021,0,2.5,2025-03-08
Census Tract,45019004616,White,08/2021,1,1.5,2025-03-08
Census Tract,45019004616,White,09/2021,1,1.5,2025-03-08
Census Tract,45019004616,White,10/2021,1,1,2025-03-08
Census Tract,45019004616,White,11/2021,0,0.5,2025-03-08
Census Tract,45019004616,White,12/2021,0,1.5,2025-03-08
Census Tract,45019004616,White,01/2022,3,1,2025-03-08
Census Tract,45019004616,White,02/2022,1,1.5,2025-03-08
Census Tract,45019004616,White,03/2022,0,1.5,2025-03-08
Census Tract,45019004616,White,04/2022,0,1.5,2025-03-08
Census Tract,45019004616,White,05/2022,2,2,2025-03-08
Census Tract,45019004616,White,06/2022,0,1,2025-03-08
Census Tract,45019004616,White,07/2022,0,2.5,2025-03-08
Census Tract,45019004616,White,08/2022,0,1.5,2025-03-08
Census Tract,45019004616,White,09/2022,2,1.5,2025-03-08
Census Tract,45019004616,White,10/2022,1,1,2025-03-08
Census Tract,45019004616,White,11/2022,0,0.5,2025-03-08
Census Tract,45019004616,White,12/2022,1,1.5,2025-03-08
Census Tract,45019004616,White,01/2023,1,1,2025-03-08
Census Tract,45019004616,White,02/2023,1,1.5,2025-03-08
Census Tract,45019004616,White,03/2023,1,1.5,2025-03-08
Census Tract,45019004616,White,04/2023,1,1.5,2025-03-08
Census Tract,45019004616,White,05/2023,1,2,2025-03-08
Census Tract,45019004616,White,06/2023,2,1,2025-03-08
Census Tract,45019004616,White,07/2023,3,2.5,2025-03-08
Census Tract,45019004616,White,08/2023,2,1.5,2025-03-08
Census Tract,45019004616,White,09/2023,3,1.5,2025-03-08
Census Tract,45019004616,White,10/2023,1,1,2025-03-08
Census Tract,45019004616,White,11/2023,1,0.5,2025-03-08
Census Tract,45019004616,White,12/2023,3,1.5,2025-03-08
Census Tract,45019004616,White,01/2024,1,1,2025-03-08
Census Tract,45019004616,White,02/2024,2,1.5,2025-03-08
Census Tract,45019004616,White,03/2024,2,1.5,2025-03-08
Census Tract,45019004616,White,04/2024,2,1.5,2025-03-08
Census Tract,45019004616,White,05/2024,3,2,2025-03-08
Census Tract,45019004616,White,06/2024,0,1,2025-03-08
Census Tract,45019004616,White,07/2024,2,2.5,2025-03-08
Census Tract,45019004616,White,08/2024,1,1.5,2025-03-08
Census Tract,45019004616,White,09/2024,0,1.5,2025-03-08
Census Tract,45019004616,White,10/2024,1,1,2025-03-08
Census Tract,45019004616,White,11/2024,0,0.5,2025-03-08
Census Tract,45019004616,White,12/2024,0,1.5,2025-03-08
Census Tract,45019004616,White,01/2025,2,1,2025-03-08
Census Tract,45019004616,White,02/2025,1,1.5,2025-03-08
Census Tract,45019004616,White,03/2025,0,0,2025-03-08
Census Tract,45019004617,White,01/2020,0,1,2025-03-08
Census Tract,45019004617,White,02/2020,1,0,2025-03-08
Census Tract,45019004617,White,03/2020,1,0,2025-03-08
Census Tract,45019004617,White,04/2020,0,0.5,2025-03-08
Census Tract,45019004617,White,05/2020,2,0,2025-03-08
Census Tract,45019004617,White,06/2020,1,0.5,2025-03-08
Census Tract,45019004617,White,07/2020,1,1.5,2025-03-08
Census Tract,45019004617,White,08/2020,1,0.5,2025-03-08
Census Tract,45019004617,White,09/2020,0,0.5,2025-03-08
Census Tract,45019004617,White,10/2020,1,0.5,2025-03-08
Census Tract,45019004617,White,11/2020,1,0.5,2025-03-08
Census Tract,45019004617,White,12/2020,0,1,2025-03-08
Census Tract,45019004617,White,01/2021,0,1,2025-03-08
Census Tract,45019004617,White,02/2021,0,0,2025-03-08
Census Tract,45019004617,White,03/2021,0,0,2025-03-08
Census Tract,45019004617,White,04/2021,0,0.5,2025-03-08
Census Tract,45019004617,White,05/2021,0,0,2025-03-08
Census Tract,45019004617,White,06/2021,0,0.5,2025-03-08
Census Tract,45019004617,White,07/2021,0,1.5,2025-03-08
Census Tract,45019004617,White,08/2021,1,0.5,2025-03-08
Census Tract,45019004617,White,09/2021,1,0.5,2025-03-08
Census Tract,45019004617,White,10/2021,0,0.5,2025-03-08
Census Tract,45019004617,White,11/2021,1,0.5,2025-03-08
Census Tract,45019004617,White,12/2021,0,1,2025-03-08
Census Tract,45019004617,White,01/2022,2,1,2025-03-08
Census Tract,45019004617,White,02/2022,0,0,2025-03-08
Census Tract,45019004617,White,03/2022,0,0,2025-03-08
Census Tract,45019004617,White,04/2022,0,0.5,2025-03-08
Census Tract,45019004617,White,05/2022,0,0,2025-03-08
Census Tract,45019004617,White,06/2022,0,0.5,2025-03-08
Census Tract,45019004617,White,07/2022,0,1.5,2025-03-08
Census Tract,45019004617,White,08/2022,2,0.5,2025-03-08
Census Tract,45019004617,White,09/2022,0,0.5,2025-03-08
Census Tract,45019004617,White,10/2022,0,0.5,2025-03-08
Census Tract,45019004617,White,11/2022,0,0.5,2025-03-08
Census Tract,45019004617,White,12/2022,1,1,2025-03-08
Census Tract,45019004617,White,01/2023,0,1,2025-03-08
Census Tract,45019004617,White,02/2023,0,0,2025-03-08
Census Tract,45019004617,White,03/2023,0,0,2025-03-08
Census Tract,45019004617,White,04/2023,1,0.5,2025-03-08
Census Tract,45019004617,White,05/2023,0,0,2025-03-08
Census Tract,45019004617,White,06/2023,1,0.5,2025-03-08
Census Tract,45019004617,White,07/2023,1,1.5,2025-03-08
Census Tract,45019004617,White,08/2023,1,0.5,2025-03-08
Census Tract,45019004617,White,09/2023,0,0.5,2025-03-08
Census Tract,45019004617,White,10/2023,0,0.5,2025-03-08
Census Tract,45019004617,White,11/2023,1,0.5,2025-03-08
Census Tract,45019004617,White,12/2023,2,1,2025-03-08
Census Tract,45019004617,White,01/2024,2,1,2025-03-08
Census Tract,45019004617,White,02/2024,0,0,2025-03-08
Census Tract,45019004617,White,03/2024,0,0,2025-03-08
Census Tract,45019004617,White,04/2024,0,0.5,2025-03-08
Census Tract,45019004617,White,05/2024,0,0,2025-03-08
Census Tract,45019004617,White,06/2024,0,0.5,2025-03-08
Census Tract,45019004617,White,07/2024,2,1.5,2025-03-08
Census Tract,45019004617,White,08/2024,0,0.5,2025-03-08
Census Tract,45019004617,White,09/2024,1,0.5,2025-03-08
Census Tract,45019004617,White,10/2024,1,0.5,2025-03-08
Census Tract,45019004617,White,11/2024,0,0.5,2025-03-08
Census Tract,45019004617,White,12/2024,0,1,2025-03-08
Census Tract,45019004617,White,01/2025,0,1,2025-03-08
Census Tract,45019004617,White,02/2025,1,0,2025-03-08
Census Tract,45019004617,White,03/2025,0,0,2025-03-08
Census Tract,45019004618,White,01/2020,6,4,2025-03-08
Census Tract,45019004618,White,02/2020,8,5,2025-03-08
Census Tract,45019004618,White,03/2020,1,4.5,2025-03-08
Census Tract,45019004618,White,04/2020,0,3.5,2025-03-08
Census Tract,45019004618,White,05/2020,0,3.5,2025-03-08
Census Tract,45019004618,White,06/2020,1,4,2025-03-08
Census Tract,45019004618,White,07/2020,1,2.5,2025-03-08
Census Tract,45019004618,White,08/2020,4,7,2025-03-08
Census Tract,45019004618,White,09/2020,2,5,2025-03-08
Census Tract,45019004618,White,10/2020,6,2.5,2025-03-08
Census Tract,45019004618,White,11/2020,3,2,2025-03-08
Census Tract,45019004618,White,12/2020,4,4,2025-03-08
Census Tract,45019004618,White,01/2021,2,4,2025-03-08
Census Tract,45019004618,White,02/2021,3,5,2025-03-08
Census Tract,45019004618,White,03/2021,1,4.5,2025-03-08
Census Tract,45019004618,White,04/2021,3,3.5,2025-03-08
Census Tract,45019004618,White,05/2021,1,3.5,2025-03-08
Census Tract,45019004618,White,06/2021,4,4,2025-03-08
Census Tract,45019004618,White,07/2021,2,2.5,2025-03-08
Census Tract,45019004618,White,08/2021,2,7,2025-03-08
Census Tract,45019004618,White,09/2021,1,5,2025-03-08
Census Tract,45019004618,White,10/2021,0,2.5,2025-03-08
Census Tract,45019004618,White,11/2021,3,2,2025-03-08
Census Tract,45019004618,White,12/2021,5,4,2025-03-08
Census Tract,45019004618,White,01/2022,7,4,2025-03-08
Census Tract,45019004618,White,02/2022,1,5,2025-03-08
Census Tract,45019004618,White,03/2022,3,4.5,2025-03-08
Census Tract,45019004618,White,04/2022,6,3.5,2025-03-08
Census Tract,45019004618,White,05/2022,2,3.5,2025-03-08
Census Tract,45019004618,White,06/2022,4,4,2025-03-08
Census Tract,45019004618,White,07/2022,4,2.5,2025-03-08
Census Tract,45019004618,White,08/2022,2,7,2025-03-08
Census Tract,45019004618,White,09/2022,5,5,2025-03-08
Census Tract,45019004618,White,10/2022,3,2.5,2025-03-08
Census Tract,45019004618,White,11/2022,0,2,2025-03-08
Census Tract,45019004618,White,12/2022,6,4,2025-03-08
Census Tract,45019004618,White,01/2023,6,4,2025-03-08
Census Tract,45019004618,White,02/2023,3,5,2025-03-08
Census Tract,45019004618,White,03/2023,6,4.5,2025-03-08
Census Tract,45019004618,White,04/2023,2,3.5,2025-03-08
Census Tract,45019004618,White,05/2023,1,3.5,2025-03-08
Census Tract,45019004618,White,06/2023,5,4,2025-03-08
Census Tract,45019004618,White,07/2023,4,2.5,2025-03-08
Census Tract,45019004618,White,08/2023,7,7,2025-03-08
Census Tract,45019004618,White,09/2023,4,5,2025-03-08
Census Tract,45019004618,White,10/2023,3,2.5,2025-03-08
Census Tract,45019004618,White,11/2023,2,2,2025-03-08
Census Tract,45019004618,White,12/2023,5,4,2025-03-08
Census Tract,45019004618,White,01/2024,2,4,2025-03-08
Census Tract,45019004618,White,02/2024,7,5,2025-03-08
Census Tract,45019004618,White,03/2024,3,4.5,2025-03-08
Census Tract,45019004618,White,04/2024,5,3.5,2025-03-08
Census Tract,45019004618,White,05/2024,6,3.5,2025-03-08
Census Tract,45019004618,White,06/2024,3,4,2025-03-08
Census Tract,45019004618,White,07/2024,1,2.5,2025-03-08
Census Tract,45019004618,White,08/2024,7,7,2025-03-08
Census Tract,45019004618,White,09/2024,6,5,2025-03-08
Census Tract,45019004618,White,10/2024,2,2.5,2025-03-08
Census Tract,45019004618,White,11/2024,2,2,2025-03-08
Census Tract,45019004618,White,12/2024,3,4,2025-03-08
Census Tract,45019004618,White,01/2025,6,4,2025-03-08
Census Tract,45019004618,White,02/2025,2,5,2025-03-08
Census Tract,45019004618,White,03/2025,0,0.5,2025-03-08
Census Tract,45019004619,White,01/2020,3,4.5,2025-03-08
Census Tract,45019004619,White,02/2020,4,3,2025-03-08
Census Tract,45019004619,White,03/2020,2,1,2025-03-08
Census Tract,45019004619,White,04/2020,0,4,2025-03-08
Census Tract,45019004619,White,05/2020,0,4,2025-03-08
Census Tract,45019004619,White,06/2020,1,1,2025-03-08
Census Tract,45019004619,White,07/2020,2,2.5,2025-03-08
Census Tract,45019004619,White,08/2020,2,2.5,2025-03-08
Census Tract,45019004619,White,09/2020,1,3,2025-03-08
Census Tract,45019004619,White,10/2020,2,3.5,2025-03-08
Census Tract,45019004619,White,11/2020,0,3.5,2025-03-08
Census Tract,45019004619,White,12/2020,0,2,2025-03-08
Census Tract,45019004619,White,01/2021,0,4.5,2025-03-08
Census Tract,45019004619,White,02/2021,1,3,2025-03-08
Census Tract,45019004619,White,03/2021,0,1,2025-03-08
Census Tract,45019004619,White,04/2021,0,4,2025-03-08
Census Tract,45019004619,White,05/2021,1,4,2025-03-08
Census Tract,45019004619,White,06/2021,1,1,2025-03-08
Census Tract,45019004619,White,07/2021,1,2.5,2025-03-08
Census Tract,45019004619,White,08/2021,0,2.5,2025-03-08
Census Tract,45019004619,White,09/2021,2,3,2025-03-08
Census Tract,45019004619,White,10/2021,3,3.5,2025-03-08
Census Tract,45019004619,White,11/2021,3,3.5,2025-03-08
Census Tract,45019004619,White,12/2021,2,2,2025-03-08
Census Tract,45019004619,White,01/2022,0,4.5,2025-03-08
Census Tract,45019004619,White,02/2022,2,3,2025-03-08
Census Tract,45019004619,White,03/2022,1,1,2025-03-08
Census Tract,45019004619,White,04/2022,0,4,2025-03-08
Census Tract,45019004619,White,05/2022,1,4,2025-03-08
Census Tract,45019004619,White,06/2022,2,1,2025-03-08
Census Tract,45019004619,White,07/2022,1,2.5,2025-03-08
Census Tract,45019004619,White,08/2022,2,2.5,2025-03-08
Census Tract,45019004619,White,09/2022,0,3,2025-03-08
Census Tract,45019004619,White,10/2022,1,3.5,2025-03-08
Census Tract,45019004619,White,11/2022,2,3.5,2025-03-08
Census Tract,45019004619,White,12/2022,3,2,2025-03-08
Census Tract,45019004619,White,01/2023,3,4.5,2025-03-08
Census Tract,45019004619,White,02/2023,2,3,2025-03-08
Census Tract,45019004619,White,03/2023,1,1,2025-03-08
Census Tract,45019004619,White,04/2023,6,4,2025-03-08
Census Tract,45019004619,White,05/2023,5,4,2025-03-08
Census Tract,45019004619,White,06/2023,1,1,2025-03-08
Census Tract,45019004619,White,07/2023,1,2.5,2025-03-08
Census Tract,45019004619,White,08/2023,3,2.5,2025-03-08
Census Tract,45019004619,White,09/2023,1,3,2025-03-08
Census Tract,45019004619,White,10/2023,3,3.5,2025-03-08
Census Tract,45019004619,White,11/2023,3,3.5,2025-03-08
Census Tract,45019004619,White,12/2023,4,2,2025-03-08
Census Tract,45019004619,White,01/2024,6,4.5,2025-03-08
Census Tract,45019004619,White,02/2024,4,3,2025-03-08
Census Tract,45019004619,White,03/2024,1,1,2025-03-08
Census Tract,45019004619,White,04/2024,2,4,2025-03-08
Census Tract,45019004619,White,05/2024,3,4,2025-03-08
Census Tract,45019004619,White,06/2024,1,1,2025-03-08
Census Tract,45019004619,White,07/2024,4,2.5,2025-03-08
Census Tract,45019004619,White,08/2024,2,2.5,2025-03-08
Census Tract,45019004619,White,09/2024,5,3,2025-03-08
Census Tract,45019004619,White,10/2024,4,3.5,2025-03-08
Census Tract,45019004619,White,11/2024,4,3.5,2025-03-08
Census Tract,45019004619,White,12/2024,0,2,2025-03-08
Census Tract,45019004619,White,01/2025,5,4.5,2025-03-08
Census Tract,45019004619,White,02/2025,2,3,2025-03-08
Census Tract,45019004619,White,03/2025,0,0,2025-03-08
Census Tract,45019004620,White,01/2020,1,0.5,2025-03-08
Census Tract,45019004620,White,02/2020,0,1.5,2025-03-08
Census Tract,45019004620,White,03/2020,0,0.5,2025-03-08
Census Tract,45019004620,White,04/2020,0,0.5,2025-03-08
Census Tract,45019004620,White,05/2020,1,0.5,2025-03-08
Census Tract,45019004620,White,06/2020,2,0.5,2025-03-08
Census Tract,45019004620,White,07/2020,0,1.5,2025-03-08
Census Tract,45019004620,White,08/2020,2,1,2025-03-08
Census Tract,45019004620,White,09/2020,2,0.5,2025-03-08
Census Tract,45019004620,White,10/2020,0,0.5,2025-03-08
Census Tract,45019004620,White,11/2020,1,0,2025-03-08
Census Tract,45019004620,White,12/2020,0,1,2025-03-08
Census Tract,45019004620,White,01/2021,0,0.5,2025-03-08
Census Tract,45019004620,White,02/2021,0,1.5,2025-03-08
Census Tract,45019004620,White,03/2021,0,0.5,2025-03-08
Census Tract,45019004620,White,04/2021,2,0.5,2025-03-08
Census Tract,45019004620,White,05/2021,0,0.5,2025-03-08
Census Tract,45019004620,White,06/2021,1,0.5,2025-03-08
Census Tract,45019004620,White,07/2021,1,1.5,2025-03-08
Census Tract,45019004620,White,08/2021,1,1,2025-03-08
Census Tract,45019004620,White,09/2021,0,0.5,2025-03-08
Census Tract,45019004620,White,10/2021,1,0.5,2025-03-08
Census Tract,45019004620,White,11/2021,0,0,2025-03-08
Census Tract,45019004620,White,12/2021,0,1,2025-03-08
Census Tract,45019004620,White,01/2022,0,0.5,2025-03-08
Census Tract,45019004620,White,02/2022,0,1.5,2025-03-08
Census Tract,45019004620,White,03/2022,0,0.5,2025-03-08
Census Tract,45019004620,White,04/2022,2,0.5,2025-03-08
Census Tract,45019004620,White,05/2022,0,0.5,2025-03-08
Census Tract,45019004620,White,06/2022,0,0.5,2025-03-08
Census Tract,45019004620,White,07/2022,0,1.5,2025-03-08
Census Tract,45019004620,White,08/2022,4,1,2025-03-08
Census Tract,45019004620,White,09/2022,1,0.5,2025-03-08
Census Tract,45019004620,White,10/2022,0,0.5,2025-03-08
Census Tract,45019004620,White,11/2022,1,0,2025-03-08
Census Tract,45019004620,White,12/2022,0,1,2025-03-08
Census Tract,45019004620,White,01/2023,1,0.5,2025-03-08
Census Tract,45019004620,White,02/2023,0,1.5,2025-03-08
Census Tract,45019004620,White,03/2023,1,0.5,2025-03-08
Census Tract,45019004620,White,04/2023,0,0.5,2025-03-08
Census Tract,45019004620,White,05/2023,1,0.5,2025-03-08
Census Tract,45019004620,White,06/2023,0,0.5,2025-03-08
Census Tract,45019004620,White,07/2023,0,1.5,2025-03-08
Census Tract,45019004620,White,08/2023,2,1,2025-03-08
Census Tract,45019004620,White,09/2023,1,0.5,2025-03-08
Census Tract,45019004620,White,10/2023,1,0.5,2025-03-08
Census Tract,45019004620,White,11/2023,0,0,2025-03-08
Census Tract,45019004620,White,12/2023,1,1,2025-03-08
Census Tract,45019004620,White,01/2024,0,0.5,2025-03-08
Census Tract,45019004620,White,02/2024,3,1.5,2025-03-08
Census Tract,45019004620,White,03/2024,0,0.5,2025-03-08
Census Tract,45019004620,White,04/2024,1,0.5,2025-03-08
Census Tract,45019004620,White,05/2024,0,0.5,2025-03-08
Census Tract,45019004620,White,06/2024,1,0.5,2025-03-08
Census Tract,45019004620,White,07/2024,3,1.5,2025-03-08
Census Tract,45019004620,White,08/2024,0,1,2025-03-08
Census Tract,45019004620,White,09/2024,0,0.5,2025-03-08
Census Tract,45019004620,White,10/2024,0,0.5,2025-03-08
Census Tract,45019004620,White,11/2024,0,0,2025-03-08
Census Tract,45019004620,White,12/2024,1,1,2025-03-08
Census Tract,45019004620,White,01/2025,1,0.5,2025-03-08
Census Tract,45019004620,White,02/2025,0,1.5,2025-03-08
Census Tract,45019004620,White,03/2025,0,0,2025-03-08
Census Tract,45019004621,White,01/2020,2,0.5,2025-03-08
Census Tract,45019004621,White,02/2020,1,0.5,2025-03-08
Census Tract,45019004621,White,03/2020,0,0,2025-03-08
Census Tract,45019004621,White,04/2020,0,0,2025-03-08
Census Tract,45019004621,White,05/2020,1,1,2025-03-08
Census Tract,45019004621,White,06/2020,0,0.5,2025-03-08
Census Tract,45019004621,White,07/2020,1,0.5,2025-03-08
Census Tract,45019004621,White,08/2020,1,2,2025-03-08
Census Tract,45019004621,White,09/2020,0,0.5,2025-03-08
Census Tract,45019004621,White,10/2020,2,0.5,2025-03-08
Census Tract,45019004621,White,11/2020,1,0.5,2025-03-08
Census Tract,45019004621,White,12/2020,1,0.5,2025-03-08
Census Tract,45019004621,White,01/2021,1,0.5,2025-03-08
Census Tract,45019004621,White,02/2021,2,0.5,2025-03-08
Census Tract,45019004621,White,03/2021,0,0,2025-03-08
Census Tract,45019004621,White,04/2021,1,0,2025-03-08
Census Tract,45019004621,White,05/2021,1,1,2025-03-08
Census Tract,45019004621,White,06/2021,0,0.5,2025-03-08
Census Tract,45019004621,White,07/2021,3,0.5,2025-03-08
Census Tract,45019004621,White,08/2021,1,2,2025-03-08
Census Tract,45019004621,White,09/2021,2,0.5,2025-03-08
Census Tract,45019004621,White,10/2021,2,0.5,2025-03-08
Census Tract,45019004621,White,11/2021,1,0.5,2025-03-08
Census Tract,45019004621,White,12/2021,1,0.5,2025-03-08
Census Tract,45019004621,White,01/2022,2,0.5,2025-03-08
Census Tract,45019004621,White,02/2022,1,0.5,2025-03-08
Census Tract,45019004621,White,03/2022,1,0,2025-03-08
Census Tract,45019004621,White,04/2022,1,0,2025-03-08
Census Tract,45019004621,White,05/2022,2,1,2025-03-08
Census Tract,45019004621,White,06/2022,1,0.5,2025-03-08
Census Tract,45019004621,White,07/2022,2,0.5,2025-03-08
Census Tract,45019004621,White,08/2022,1,2,2025-03-08
Census Tract,45019004621,White,09/2022,1,0.5,2025-03-08
Census Tract,45019004621,White,10/2022,2,0.5,2025-03-08
Census Tract,45019004621,White,11/2022,0,0.5,2025-03-08
Census Tract,45019004621,White,12/2022,0,0.5,2025-03-08
Census Tract,45019004621,White,01/2023,1,0.5,2025-03-08
Census Tract,45019004621,White,02/2023,1,0.5,2025-03-08
Census Tract,45019004621,White,03/2023,0,0,2025-03-08
Census Tract,45019004621,White,04/2023,0,0,2025-03-08
Census Tract,45019004621,White,05/2023,1,1,2025-03-08
Census Tract,45019004621,White,06/2023,0,0.5,2025-03-08
Census Tract,45019004621,White,07/2023,1,0.5,2025-03-08
Census Tract,45019004621,White,08/2023,0,2,2025-03-08
Census Tract,45019004621,White,09/2023,0,0.5,2025-03-08
Census Tract,45019004621,White,10/2023,0,0.5,2025-03-08
Census Tract,45019004621,White,11/2023,0,0.5,2025-03-08
Census Tract,45019004621,White,12/2023,1,0.5,2025-03-08
Census Tract,45019004621,White,01/2024,0,0.5,2025-03-08
Census Tract,45019004621,White,02/2024,0,0.5,2025-03-08
Census Tract,45019004621,White,03/2024,0,0,2025-03-08
Census Tract,45019004621,White,04/2024,0,0,2025-03-08
Census Tract,45019004621,White,05/2024,1,1,2025-03-08
Census Tract,45019004621,White,06/2024,1,0.5,2025-03-08
Census Tract,45019004621,White,07/2024,0,0.5,2025-03-08
Census Tract,45019004621,White,08/2024,4,2,2025-03-08
Census Tract,45019004621,White,09/2024,1,0.5,2025-03-08
Census Tract,45019004621,White,10/2024,1,0.5,2025-03-08
Census Tract,45019004621,White,11/2024,1,0.5,2025-03-08
Census Tract,45019004621,White,12/2024,0,0.5,2025-03-08
Census Tract,45019004621,White,01/2025,1,0.5,2025-03-08
Census Tract,45019004621,White,02/2025,1,0.5,2025-03-08
Census Tract,45019004621,White,03/2025,0,0,2025-03-08
Census Tract,45019004622,White,01/2020,0,7.5,2025-03-08
Census Tract,45019004622,White,02/2020,1,3.5,2025-03-08
Census Tract,45019004622,White,03/2020,2,3,2025-03-08
Census Tract,45019004622,White,04/2020,0,4,2025-03-08
Census Tract,45019004622,White,05/2020,0,4.5,2025-03-08
Census Tract,45019004622,White,06/2020,0,5,2025-03-08
Census Tract,45019004622,White,07/2020,0,7,2025-03-08
Census Tract,45019004622,White,08/2020,2,5.5,2025-03-08
Census Tract,45019004622,White,09/2020,2,7,2025-03-08
Census Tract,45019004622,White,10/2020,1,4,2025-03-08
Census Tract,45019004622,White,11/2020,1,4.5,2025-03-08
Census Tract,45019004622,White,12/2020,0,5,2025-03-08
Census Tract,45019004622,White,01/2021,4,7.5,2025-03-08
Census Tract,45019004622,White,02/2021,3,3.5,2025-03-08
Census Tract,45019004622,White,03/2021,3,3,2025-03-08
Census Tract,45019004622,White,04/2021,1,4,2025-03-08
Census Tract,45019004622,White,05/2021,0,4.5,2025-03-08
Census Tract,45019004622,White,06/2021,0,5,2025-03-08
Census Tract,45019004622,White,07/2021,1,7,2025-03-08
Census Tract,45019004622,White,08/2021,0,5.5,2025-03-08
Census Tract,45019004622,White,09/2021,0,7,2025-03-08
Census Tract,45019004622,White,10/2021,2,4,2025-03-08
Census Tract,45019004622,White,11/2021,0,4.5,2025-03-08
Census Tract,45019004622,White,12/2021,2,5,2025-03-08
Census Tract,45019004622,White,01/2022,1,7.5,2025-03-08
Census Tract,45019004622,White,02/2022,1,3.5,2025-03-08
Census Tract,45019004622,White,03/2022,2,3,2025-03-08
Census Tract,45019004622,White,04/2022,0,4,2025-03-08
Census Tract,45019004622,White,05/2022,3,4.5,2025-03-08
Census Tract,45019004622,White,06/2022,2,5,2025-03-08
Census Tract,45019004622,White,07/2022,3,7,2025-03-08
Census Tract,45019004622,White,08/2022,0,5.5,2025-03-08
Census Tract,45019004622,White,09/2022,0,7,2025-03-08
Census Tract,45019004622,White,10/2022,2,4,2025-03-08
Census Tract,45019004622,White,11/2022,7,4.5,2025-03-08
Census Tract,45019004622,White,12/2022,5,5,2025-03-08
Census Tract,45019004622,White,01/2023,7,7.5,2025-03-08
Census Tract,45019004622,White,02/2023,5,3.5,2025-03-08
Census Tract,45019004622,White,03/2023,3,3,2025-03-08
Census Tract,45019004622,White,04/2023,3,4,2025-03-08
Census Tract,45019004622,White,05/2023,4,4.5,2025-03-08
Census Tract,45019004622,White,06/2023,4,5,2025-03-08
Census Tract,45019004622,White,07/2023,5,7,2025-03-08
Census Tract,45019004622,White,08/2023,6,5.5,2025-03-08
Census Tract,45019004622,White,09/2023,6,7,2025-03-08
Census Tract,45019004622,White,10/2023,5,4,2025-03-08
Census Tract,45019004622,White,11/2023,6,4.5,2025-03-08
Census Tract,45019004622,White,12/2023,7,5,2025-03-08
Census Tract,45019004622,White,01/2024,8,7.5,2025-03-08
Census Tract,45019004622,White,02/2024,2,3.5,2025-03-08
Census Tract,45019004622,White,03/2024,3,3,2025-03-08
Census Tract,45019004622,White,04/2024,5,4,2025-03-08
Census Tract,45019004622,White,05/2024,5,4.5,2025-03-08
Census Tract,45019004622,White,06/2024,6,5,2025-03-08
Census Tract,45019004622,White,07/2024,9,7,2025-03-08
Census Tract,45019004622,White,08/2024,5,5.5,2025-03-08
Census Tract,45019004622,White,09/2024,8,7,2025-03-08
Census Tract,45019004622,White,10/2024,3,4,2025-03-08
Census Tract,45019004622,White,11/2024,3,4.5,2025-03-08
Census Tract,45019004622,White,12/2024,3,5,2025-03-08
Census Tract,45019004622,White,01/2025,5,7.5,2025-03-08
Census Tract,45019004622,White,02/2025,3,3.5,2025-03-08
Census Tract,45019004622,White,03/2025,0,1.5,2025-03-08
Census Tract,45019004701,White,01/2020,6,1.5,2025-03-08
Census Tract,45019004701,White,02/2020,3,4,2025-03-08
Census Tract,45019004701,White,03/2020,1,1.5,2025-03-08
Census Tract,45019004701,White,04/2020,0,2,2025-03-08
Census Tract,45019004701,White,05/2020,0,3,2025-03-08
Census Tract,45019004701,White,06/2020,0,2.5,2025-03-08
Census Tract,45019004701,White,07/2020,0,5.5,2025-03-08
Census Tract,45019004701,White,08/2020,2,2.5,2025-03-08
Census Tract,45019004701,White,09/2020,1,4,2025-03-08
Census Tract,45019004701,White,10/2020,2,4,2025-03-08
Census Tract,45019004701,White,11/2020,1,2,2025-03-08
Census Tract,45019004701,White,12/2020,2,4,2025-03-08
Census Tract,45019004701,White,01/2021,2,1.5,2025-03-08
Census Tract,45019004701,White,02/2021,3,4,2025-03-08
Census Tract,45019004701,White,03/2021,2,1.5,2025-03-08
Census Tract,45019004701,White,04/2021,2,2,2025-03-08
Census Tract,45019004701,White,05/2021,8,3,2025-03-08
Census Tract,45019004701,White,06/2021,0,2.5,2025-03-08
Census Tract,45019004701,White,07/2021,5,5.5,2025-03-08
Census Tract,45019004701,White,08/2021,4,2.5,2025-03-08
Census Tract,45019004701,White,09/2021,2,4,2025-03-08
Census Tract,45019004701,White,10/2021,3,4,2025-03-08
Census Tract,45019004701,White,11/2021,4,2,2025-03-08
Census Tract,45019004701,White,12/2021,0,4,2025-03-08
Census Tract,45019004701,White,01/2022,0,1.5,2025-03-08
Census Tract,45019004701,White,02/2022,1,4,2025-03-08
Census Tract,45019004701,White,03/2022,7,1.5,2025-03-08
Census Tract,45019004701,White,04/2022,1,2,2025-03-08
Census Tract,45019004701,White,05/2022,1,3,2025-03-08
Census Tract,45019004701,White,06/2022,6,2.5,2025-03-08
Census Tract,45019004701,White,07/2022,2,5.5,2025-03-08
Census Tract,45019004701,White,08/2022,2,2.5,2025-03-08
Census Tract,45019004701,White,09/2022,6,4,2025-03-08
Census Tract,45019004701,White,10/2022,3,4,2025-03-08
Census Tract,45019004701,White,11/2022,2,2,2025-03-08
Census Tract,45019004701,White,12/2022,1,4,2025-03-08
Census Tract,45019004701,White,01/2023,1,1.5,2025-03-08
Census Tract,45019004701,White,02/2023,3,4,2025-03-08
Census Tract,45019004701,White,03/2023,1,1.5,2025-03-08
Census Tract,45019004701,White,04/2023,2,2,2025-03-08
Census Tract,45019004701,White,05/2023,3,3,2025-03-08
Census Tract,45019004701,White,06/2023,3,2.5,2025-03-08
Census Tract,45019004701,White,07/2023,4,5.5,2025-03-08
Census Tract,45019004701,White,08/2023,1,2.5,2025-03-08
Census Tract,45019004701,White,09/2023,6,4,2025-03-08
Census Tract,45019004701,White,10/2023,3,4,2025-03-08
Census Tract,45019004701,White,11/2023,1,2,2025-03-08
Census Tract,45019004701,White,12/2023,5,4,2025-03-08
Census Tract,45019004701,White,01/2024,2,1.5,2025-03-08
Census Tract,45019004701,White,02/2024,5,4,2025-03-08
Census Tract,45019004701,White,03/2024,2,1.5,2025-03-08
Census Tract,45019004701,White,04/2024,2,2,2025-03-08
Census Tract,45019004701,White,05/2024,3,3,2025-03-08
Census Tract,45019004701,White,06/2024,2,2.5,2025-03-08
Census Tract,45019004701,White,07/2024,7,5.5,2025-03-08
Census Tract,45019004701,White,08/2024,4,2.5,2025-03-08
Census Tract,45019004701,White,09/2024,2,4,2025-03-08
Census Tract,45019004701,White,10/2024,5,4,2025-03-08
Census Tract,45019004701,White,11/2024,3,2,2025-03-08
Census Tract,45019004701,White,12/2024,3,4,2025-03-08
Census Tract,45019004701,White,01/2025,1,1.5,2025-03-08
Census Tract,45019004701,White,02/2025,4,4,2025-03-08
Census Tract,45019004701,White,03/2025,0,0,2025-03-08
Census Tract,45019004702,White,01/2020,1,1.5,2025-03-08
Census Tract,45019004702,White,02/2020,4,2.5,2025-03-08
Census Tract,45019004702,White,03/2020,1,0.5,2025-03-08
Census Tract,45019004702,White,04/2020,0,1,2025-03-08
Census Tract,45019004702,White,05/2020,0,2.5,2025-03-08
Census Tract,45019004702,White,06/2020,1,5,2025-03-08
Census Tract,45019004702,White,07/2020,0,1,2025-03-08
Census Tract,45019004702,White,08/2020,0,1.5,2025-03-08
Census Tract,45019004702,White,09/2020,1,3,2025-03-08
Census Tract,45019004702,White,10/2020,3,1,2025-03-08
Census Tract,45019004702,White,11/2020,0,2,2025-03-08
Census Tract,45019004702,White,12/2020,2,1,2025-03-08
Census Tract,45019004702,White,01/2021,1,1.5,2025-03-08
Census Tract,45019004702,White,02/2021,0,2.5,2025-03-08
Census Tract,45019004702,White,03/2021,0,0.5,2025-03-08
Census Tract,45019004702,White,04/2021,1,1,2025-03-08
Census Tract,45019004702,White,05/2021,1,2.5,2025-03-08
Census Tract,45019004702,White,06/2021,0,5,2025-03-08
Census Tract,45019004702,White,07/2021,0,1,2025-03-08
Census Tract,45019004702,White,08/2021,0,1.5,2025-03-08
Census Tract,45019004702,White,09/2021,1,3,2025-03-08
Census Tract,45019004702,White,10/2021,0,1,2025-03-08
Census Tract,45019004702,White,11/2021,2,2,2025-03-08
Census Tract,45019004702,White,12/2021,0,1,2025-03-08
Census Tract,45019004702,White,01/2022,2,1.5,2025-03-08
Census Tract,45019004702,White,02/2022,1,2.5,2025-03-08
Census Tract,45019004702,White,03/2022,2,0.5,2025-03-08
Census Tract,45019004702,White,04/2022,2,1,2025-03-08
Census Tract,45019004702,White,05/2022,2,2.5,2025-03-08
Census Tract,45019004702,White,06/2022,1,5,2025-03-08
Census Tract,45019004702,White,07/2022,2,1,2025-03-08
Census Tract,45019004702,White,08/2022,5,1.5,2025-03-08
Census Tract,45019004702,White,09/2022,1,3,2025-03-08
Census Tract,45019004702,White,10/2022,1,1,2025-03-08
Census Tract,45019004702,White,11/2022,1,2,2025-03-08
Census Tract,45019004702,White,12/2022,1,1,2025-03-08
Census Tract,45019004702,White,01/2023,0,1.5,2025-03-08
Census Tract,45019004702,White,02/2023,4,2.5,2025-03-08
Census Tract,45019004702,White,03/2023,0,0.5,2025-03-08
Census Tract,45019004702,White,04/2023,2,1,2025-03-08
Census Tract,45019004702,White,05/2023,1,2.5,2025-03-08
Census Tract,45019004702,White,06/2023,6,5,2025-03-08
Census Tract,45019004702,White,07/2023,0,1,2025-03-08
Census Tract,45019004702,White,08/2023,1,1.5,2025-03-08
Census Tract,45019004702,White,09/2023,1,3,2025-03-08
Census Tract,45019004702,White,10/2023,1,1,2025-03-08
Census Tract,45019004702,White,11/2023,4,2,2025-03-08
Census Tract,45019004702,White,12/2023,2,1,2025-03-08
Census Tract,45019004702,White,01/2024,3,1.5,2025-03-08
Census Tract,45019004702,White,02/2024,1,2.5,2025-03-08
Census Tract,45019004702,White,03/2024,1,0.5,2025-03-08
Census Tract,45019004702,White,04/2024,0,1,2025-03-08
Census Tract,45019004702,White,05/2024,4,2.5,2025-03-08
Census Tract,45019004702,White,06/2024,4,5,2025-03-08
Census Tract,45019004702,White,07/2024,2,1,2025-03-08
Census Tract,45019004702,White,08/2024,2,1.5,2025-03-08
Census Tract,45019004702,White,09/2024,5,3,2025-03-08
Census Tract,45019004702,White,10/2024,1,1,2025-03-08
Census Tract,45019004702,White,11/2024,0,2,2025-03-08
Census Tract,45019004702,White,12/2024,0,1,2025-03-08
Census Tract,45019004702,White,01/2025,4,1.5,2025-03-08
Census Tract,45019004702,White,02/2025,3,2.5,2025-03-08
Census Tract,45019004702,White,03/2025,0,0.5,2025-03-08
Census Tract,45019004800,White,01/2020,4,0,2025-03-08
Census Tract,45019004800,White,02/2020,3,0,2025-03-08
Census Tract,45019004800,White,03/2020,0,0.5,2025-03-08
Census Tract,45019004800,White,04/2020,0,0,2025-03-08
Census Tract,45019004800,White,05/2020,0,0.5,2025-03-08
Census Tract,45019004800,White,06/2020,2,3,2025-03-08
Census Tract,45019004800,White,07/2020,1,2,2025-03-08
Census Tract,45019004800,White,08/2020,2,0,2025-03-08
Census Tract,45019004800,White,09/2020,0,2.5,2025-03-08
Census Tract,45019004800,White,10/2020,0,0.5,2025-03-08
Census Tract,45019004800,White,11/2020,1,1,2025-03-08
Census Tract,45019004800,White,12/2020,0,0,2025-03-08
Census Tract,45019004800,White,01/2021,0,0,2025-03-08
Census Tract,45019004800,White,02/2021,0,0,2025-03-08
Census Tract,45019004800,White,03/2021,1,0.5,2025-03-08
Census Tract,45019004800,White,04/2021,0,0,2025-03-08
Census Tract,45019004800,White,05/2021,0,0.5,2025-03-08
Census Tract,45019004800,White,06/2021,0,3,2025-03-08
Census Tract,45019004800,White,07/2021,0,2,2025-03-08
Census Tract,45019004800,White,08/2021,0,0,2025-03-08
Census Tract,45019004800,White,09/2021,0,2.5,2025-03-08
Census Tract,45019004800,White,10/2021,0,0.5,2025-03-08
Census Tract,45019004800,White,11/2021,0,1,2025-03-08
Census Tract,45019004800,White,12/2021,0,0,2025-03-08
Census Tract,45019004800,White,01/2022,1,0,2025-03-08
Census Tract,45019004800,White,02/2022,0,0,2025-03-08
Census Tract,45019004800,White,03/2022,1,0.5,2025-03-08
Census Tract,45019004800,White,04/2022,0,0,2025-03-08
Census Tract,45019004800,White,05/2022,1,0.5,2025-03-08
Census Tract,45019004800,White,06/2022,0,3,2025-03-08
Census Tract,45019004800,White,07/2022,0,2,2025-03-08
Census Tract,45019004800,White,08/2022,0,0,2025-03-08
Census Tract,45019004800,White,09/2022,0,2.5,2025-03-08
Census Tract,45019004800,White,10/2022,0,0.5,2025-03-08
Census Tract,45019004800,White,11/2022,0,1,2025-03-08
Census Tract,45019004800,White,12/2022,0,0,2025-03-08
Census Tract,45019004800,White,01/2023,0,0,2025-03-08
Census Tract,45019004800,White,02/2023,0,0,2025-03-08
Census Tract,45019004800,White,03/2023,0,0.5,2025-03-08
Census Tract,45019004800,White,04/2023,0,0,2025-03-08
Census Tract,45019004800,White,05/2023,1,0.5,2025-03-08
Census Tract,45019004800,White,06/2023,0,3,2025-03-08
Census Tract,45019004800,White,07/2023,1,2,2025-03-08
Census Tract,45019004800,White,08/2023,0,0,2025-03-08
Census Tract,45019004800,White,09/2023,0,2.5,2025-03-08
Census Tract,45019004800,White,10/2023,1,0.5,2025-03-08
Census Tract,45019004800,White,11/2023,0,1,2025-03-08
Census Tract,45019004800,White,12/2023,0,0,2025-03-08
Census Tract,45019004800,White,01/2024,0,0,2025-03-08
Census Tract,45019004800,White,02/2024,0,0,2025-03-08
Census Tract,45019004800,White,03/2024,1,0.5,2025-03-08
Census Tract,45019004800,White,04/2024,0,0,2025-03-08
Census Tract,45019004800,White,05/2024,0,0.5,2025-03-08
Census Tract,45019004800,White,06/2024,6,3,2025-03-08
Census Tract,45019004800,White,07/2024,3,2,2025-03-08
Census Tract,45019004800,White,08/2024,0,0,2025-03-08
Census Tract,45019004800,White,09/2024,5,2.5,2025-03-08
Census Tract,45019004800,White,10/2024,0,0.5,2025-03-08
Census Tract,45019004800,White,11/2024,2,1,2025-03-08
Census Tract,45019004800,White,12/2024,0,0,2025-03-08
Census Tract,45019004800,White,01/2025,0,0,2025-03-08
Census Tract,45019004800,White,02/2025,0,0,2025-03-08
Census Tract,45019004800,White,03/2025,0,0,2025-03-08
Census Tract,45019004901,White,01/2020,0,1,2025-03-08
Census Tract,45019004901,White,02/2020,0,0.5,2025-03-08
Census Tract,45019004901,White,03/2020,0,0.5,2025-03-08
Census Tract,45019004901,White,04/2020,0,0,2025-03-08
Census Tract,45019004901,White,05/2020,0,0,2025-03-08
Census Tract,45019004901,White,06/2020,0,0,2025-03-08
Census Tract,45019004901,White,07/2020,0,0,2025-03-08
Census Tract,45019004901,White,08/2020,0,0,2025-03-08
Census Tract,45019004901,White,09/2020,0,2.5,2025-03-08
Census Tract,45019004901,White,10/2020,1,9,2025-03-08
Census Tract,45019004901,White,11/2020,1,2.5,2025-03-08
Census Tract,45019004901,White,12/2020,0,4,2025-03-08
Census Tract,45019004901,White,01/2021,0,1,2025-03-08
Census Tract,45019004901,White,02/2021,1,0.5,2025-03-08
Census Tract,45019004901,White,03/2021,1,0.5,2025-03-08
Census Tract,45019004901,White,04/2021,0,0,2025-03-08
Census Tract,45019004901,White,05/2021,0,0,2025-03-08
Census Tract,45019004901,White,06/2021,0,0,2025-03-08
Census Tract,45019004901,White,07/2021,1,0,2025-03-08
Census Tract,45019004901,White,08/2021,0,0,2025-03-08
Census Tract,45019004901,White,09/2021,1,2.5,2025-03-08
Census Tract,45019004901,White,10/2021,0,9,2025-03-08
Census Tract,45019004901,White,11/2021,0,2.5,2025-03-08
Census Tract,45019004901,White,12/2021,0,4,2025-03-08
Census Tract,45019004901,White,01/2022,2,1,2025-03-08
Census Tract,45019004901,White,02/2022,1,0.5,2025-03-08
Census Tract,45019004901,White,03/2022,0,0.5,2025-03-08
Census Tract,45019004901,White,04/2022,0,0,2025-03-08
Census Tract,45019004901,White,05/2022,0,0,2025-03-08
Census Tract,45019004901,White,06/2022,0,0,2025-03-08
Census Tract,45019004901,White,07/2022,0,0,2025-03-08
Census Tract,45019004901,White,08/2022,0,0,2025-03-08
Census Tract,45019004901,White,09/2022,0,2.5,2025-03-08
Census Tract,45019004901,White,10/2022,1,9,2025-03-08
Census Tract,45019004901,White,11/2022,0,2.5,2025-03-08
Census Tract,45019004901,White,12/2022,0,4,2025-03-08
Census Tract,45019004901,White,01/2023,0,1,2025-03-08
Census Tract,45019004901,White,02/2023,0,0.5,2025-03-08
Census Tract,45019004901,White,03/2023,0,0.5,2025-03-08
Census Tract,45019004901,White,04/2023,0,0,2025-03-08
Census Tract,45019004901,White,05/2023,0,0,2025-03-08
Census Tract,45019004901,White,06/2023,0,0,2025-03-08
Census Tract,45019004901,White,07/2023,0,0,2025-03-08
Census Tract,45019004901,White,08/2023,0,0,2025-03-08
Census Tract,45019004901,White,09/2023,0,2.5,2025-03-08
Census Tract,45019004901,White,10/2023,0,9,2025-03-08
Census Tract,45019004901,White,11/2023,0,2.5,2025-03-08
Census Tract,45019004901,White,12/2023,0,4,2025-03-08
Census Tract,45019004901,White,01/2024,2,1,2025-03-08
Census Tract,45019004901,White,02/2024,1,0.5,2025-03-08
Census Tract,45019004901,White,03/2024,1,0.5,2025-03-08
Census Tract,45019004901,White,04/2024,0,0,2025-03-08
Census Tract,45019004901,White,05/2024,0,0,2025-03-08
Census Tract,45019004901,White,06/2024,0,0,2025-03-08
Census Tract,45019004901,White,07/2024,0,0,2025-03-08
Census Tract,45019004901,White,08/2024,0,0,2025-03-08
Census Tract,45019004901,White,09/2024,5,2.5,2025-03-08
Census Tract,45019004901,White,10/2024,18,9,2025-03-08
Census Tract,45019004901,White,11/2024,5,2.5,2025-03-08
Census Tract,45019004901,White,12/2024,8,4,2025-03-08
Census Tract,45019004901,White,01/2025,0,1,2025-03-08
Census Tract,45019004901,White,02/2025,2,0.5,2025-03-08
Census Tract,45019004901,White,03/2025,0,0.5,2025-03-08
Census Tract,45019004902,White,01/2020,0,0,2025-03-08
Census Tract,45019004902,White,02/2020,0,1,2025-03-08
Census Tract,45019004902,White,03/2020,0,0.5,2025-03-08
Census Tract,45019004902,White,04/2020,0,0,2025-03-08
Census Tract,45019004902,White,05/2020,0,0.5,2025-03-08
Census Tract,45019004902,White,06/2020,0,0,2025-03-08
Census Tract,45019004902,White,07/2020,1,0,2025-03-08
Census Tract,45019004902,White,08/2020,0,0,2025-03-08
Census Tract,45019004902,White,09/2020,0,0,2025-03-08
Census Tract,45019004902,White,10/2020,1,0,2025-03-08
Census Tract,45019004902,White,11/2020,0,0,2025-03-08
Census Tract,45019004902,White,12/2020,0,0,2025-03-08
Census Tract,45019004902,White,01/2021,1,0,2025-03-08
Census Tract,45019004902,White,02/2021,0,1,2025-03-08
Census Tract,45019004902,White,03/2021,0,0.5,2025-03-08
Census Tract,45019004902,White,04/2021,1,0,2025-03-08
Census Tract,45019004902,White,05/2021,0,0.5,2025-03-08
Census Tract,45019004902,White,06/2021,0,0,2025-03-08
Census Tract,45019004902,White,07/2021,0,0,2025-03-08
Census Tract,45019004902,White,08/2021,0,0,2025-03-08
Census Tract,45019004902,White,09/2021,0,0,2025-03-08
Census Tract,45019004902,White,10/2021,0,0,2025-03-08
Census Tract,45019004902,White,11/2021,0,0,2025-03-08
Census Tract,45019004902,White,12/2021,0,0,2025-03-08
Census Tract,45019004902,White,01/2022,0,0,2025-03-08
Census Tract,45019004902,White,02/2022,0,1,2025-03-08
Census Tract,45019004902,White,03/2022,0,0.5,2025-03-08
Census Tract,45019004902,White,04/2022,0,0,2025-03-08
Census Tract,45019004902,White,05/2022,0,0.5,2025-03-08
Census Tract,45019004902,White,06/2022,0,0,2025-03-08
Census Tract,45019004902,White,07/2022,0,0,2025-03-08
Census Tract,45019004902,White,08/2022,0,0,2025-03-08
Census Tract,45019004902,White,09/2022,1,0,2025-03-08
Census Tract,45019004902,White,10/2022,0,0,2025-03-08
Census Tract,45019004902,White,11/2022,0,0,2025-03-08
Census Tract,45019004902,White,12/2022,0,0,2025-03-08
Census Tract,45019004902,White,01/2023,0,0,2025-03-08
Census Tract,45019004902,White,02/2023,0,1,2025-03-08
Census Tract,45019004902,White,03/2023,0,0.5,2025-03-08
Census Tract,45019004902,White,04/2023,0,0,2025-03-08
Census Tract,45019004902,White,05/2023,1,0.5,2025-03-08
Census Tract,45019004902,White,06/2023,0,0,2025-03-08
Census Tract,45019004902,White,07/2023,0,0,2025-03-08
Census Tract,45019004902,White,08/2023,0,0,2025-03-08
Census Tract,45019004902,White,09/2023,0,0,2025-03-08
Census Tract,45019004902,White,10/2023,0,0,2025-03-08
Census Tract,45019004902,White,11/2023,0,0,2025-03-08
Census Tract,45019004902,White,12/2023,0,0,2025-03-08
Census Tract,45019004902,White,01/2024,0,0,2025-03-08
Census Tract,45019004902,White,02/2024,2,1,2025-03-08
Census Tract,45019004902,White,03/2024,1,0.5,2025-03-08
Census Tract,45019004902,White,04/2024,0,0,2025-03-08
Census Tract,45019004902,White,05/2024,0,0.5,2025-03-08
Census Tract,45019004902,White,06/2024,0,0,2025-03-08
Census Tract,45019004902,White,07/2024,0,0,2025-03-08
Census Tract,45019004902,White,08/2024,0,0,2025-03-08
Census Tract,45019004902,White,09/2024,0,0,2025-03-08
Census Tract,45019004902,White,10/2024,0,0,2025-03-08
Census Tract,45019004902,White,11/2024,0,0,2025-03-08
Census Tract,45019004902,White,12/2024,0,0,2025-03-08
Census Tract,45019004902,White,01/2025,0,0,2025-03-08
Census Tract,45019004902,White,02/2025,0,1,2025-03-08
Census Tract,45019004902,White,03/2025,0,0,2025-03-08
Census Tract,45019005001,White,01/2020,1,0,2025-03-08
Census Tract,45019005001,White,02/2020,1,0,2025-03-08
Census Tract,45019005001,White,03/2020,1,0,2025-03-08
Census Tract,45019005001,White,04/2020,0,0.5,2025-03-08
Census Tract,45019005001,White,05/2020,0,1,2025-03-08
Census Tract,45019005001,White,06/2020,0,1,2025-03-08
Census Tract,45019005001,White,07/2020,0,2.5,2025-03-08
Census Tract,45019005001,White,08/2020,0,1,2025-03-08
Census Tract,45019005001,White,09/2020,0,0,2025-03-08
Census Tract,45019005001,White,10/2020,0,0,2025-03-08
Census Tract,45019005001,White,11/2020,1,0,2025-03-08
Census Tract,45019005001,White,12/2020,0,0,2025-03-08
Census Tract,45019005001,White,01/2021,0,0,2025-03-08
Census Tract,45019005001,White,02/2021,0,0,2025-03-08
Census Tract,45019005001,White,03/2021,0,0,2025-03-08
Census Tract,45019005001,White,04/2021,0,0.5,2025-03-08
Census Tract,45019005001,White,05/2021,0,1,2025-03-08
Census Tract,45019005001,White,06/2021,0,1,2025-03-08
Census Tract,45019005001,White,07/2021,0,2.5,2025-03-08
Census Tract,45019005001,White,08/2021,0,1,2025-03-08
Census Tract,45019005001,White,09/2021,0,0,2025-03-08
Census Tract,45019005001,White,10/2021,0,0,2025-03-08
Census Tract,45019005001,White,11/2021,0,0,2025-03-08
Census Tract,45019005001,White,12/2021,0,0,2025-03-08
Census Tract,45019005001,White,01/2022,0,0,2025-03-08
Census Tract,45019005001,White,02/2022,0,0,2025-03-08
Census Tract,45019005001,White,03/2022,0,0,2025-03-08
Census Tract,45019005001,White,04/2022,0,0.5,2025-03-08
Census Tract,45019005001,White,05/2022,0,1,2025-03-08
Census Tract,45019005001,White,06/2022,0,1,2025-03-08
Census Tract,45019005001,White,07/2022,2,2.5,2025-03-08
Census Tract,45019005001,White,08/2022,0,1,2025-03-08
Census Tract,45019005001,White,09/2022,0,0,2025-03-08
Census Tract,45019005001,White,10/2022,1,0,2025-03-08
Census Tract,45019005001,White,11/2022,0,0,2025-03-08
Census Tract,45019005001,White,12/2022,1,0,2025-03-08
Census Tract,45019005001,White,01/2023,0,0,2025-03-08
Census Tract,45019005001,White,02/2023,0,0,2025-03-08
Census Tract,45019005001,White,03/2023,0,0,2025-03-08
Census Tract,45019005001,White,04/2023,0,0.5,2025-03-08
Census Tract,45019005001,White,05/2023,1,1,2025-03-08
Census Tract,45019005001,White,06/2023,0,1,2025-03-08
Census Tract,45019005001,White,07/2023,3,2.5,2025-03-08
Census Tract,45019005001,White,08/2023,2,1,2025-03-08
Census Tract,45019005001,White,09/2023,0,0,2025-03-08
Census Tract,45019005001,White,10/2023,0,0,2025-03-08
Census Tract,45019005001,White,11/2023,0,0,2025-03-08
Census Tract,45019005001,White,12/2023,0,0,2025-03-08
Census Tract,45019005001,White,01/2024,0,0,2025-03-08
Census Tract,45019005001,White,02/2024,0,0,2025-03-08
Census Tract,45019005001,White,03/2024,0,0,2025-03-08
Census Tract,45019005001,White,04/2024,1,0.5,2025-03-08
Census Tract,45019005001,White,05/2024,1,1,2025-03-08
Census Tract,45019005001,White,06/2024,2,1,2025-03-08
Census Tract,45019005001,White,07/2024,2,2.5,2025-03-08
Census Tract,45019005001,White,08/2024,0,1,2025-03-08
Census Tract,45019005001,White,09/2024,0,0,2025-03-08
Census Tract,45019005001,White,10/2024,0,0,2025-03-08
Census Tract,45019005001,White,11/2024,0,0,2025-03-08
Census Tract,45019005001,White,12/2024,0,0,2025-03-08
Census Tract,45019005001,White,01/2025,0,0,2025-03-08
Census Tract,45019005001,White,02/2025,0,0,2025-03-08
Census Tract,45019005001,White,03/2025,0,0,2025-03-08
Census Tract,45019005002,Black,01/2020,0,2,2025-03-08
Census Tract,45019005002,Black,02/2020,0,0,2025-03-08
Census Tract,45019005002,Black,03/2020,0,1,2025-03-08
Census Tract,45019005002,Black,04/2020,0,0.5,2025-03-08
Census Tract,45019005002,Black,05/2020,0,0.5,2025-03-08
Census Tract,45019005002,Black,06/2020,0,0.5,2025-03-08
Census Tract,45019005002,Black,07/2020,0,0.5,2025-03-08
Census Tract,45019005002,Black,08/2020,1,1,2025-03-08
Census Tract,45019005002,Black,09/2020,1,0.5,2025-03-08
Census Tract,45019005002,Black,10/2020,1,0.5,2025-03-08
Census Tract,45019005002,Black,11/2020,0,0,2025-03-08
Census Tract,45019005002,Black,12/2020,0,0.5,2025-03-08
Census Tract,45019005002,Black,01/2021,0,2,2025-03-08
Census Tract,45019005002,Black,02/2021,1,0,2025-03-08
Census Tract,45019005002,Black,03/2021,0,1,2025-03-08
Census Tract,45019005002,Black,04/2021,0,0.5,2025-03-08
Census Tract,45019005002,Black,05/2021,0,0.5,2025-03-08
Census Tract,45019005002,Black,06/2021,0,0.5,2025-03-08
Census Tract,45019005002,Black,07/2021,1,0.5,2025-03-08
Census Tract,45019005002,Black,08/2021,0,1,2025-03-08
Census Tract,45019005002,Black,09/2021,4,0.5,2025-03-08
Census Tract,45019005002,Black,10/2021,0,0.5,2025-03-08
Census Tract,45019005002,Black,11/2021,1,0,2025-03-08
Census Tract,45019005002,Black,12/2021,2,0.5,2025-03-08
Census Tract,45019005002,Black,01/2022,0,2,2025-03-08
Census Tract,45019005002,Black,02/2022,1,0,2025-03-08
Census Tract,45019005002,Black,03/2022,1,1,2025-03-08
Census Tract,45019005002,Black,04/2022,2,0.5,2025-03-08
Census Tract,45019005002,Black,05/2022,0,0.5,2025-03-08
Census Tract,45019005002,Black,06/2022,1,0.5,2025-03-08
Census Tract,45019005002,Black,07/2022,1,0.5,2025-03-08
Census Tract,45019005002,Black,08/2022,1,1,2025-03-08
Census Tract,45019005002,Black,09/2022,2,0.5,2025-03-08
Census Tract,45019005002,Black,10/2022,1,0.5,2025-03-08
Census Tract,45019005002,Black,11/2022,1,0,2025-03-08
Census Tract,45019005002,Black,12/2022,0,0.5,2025-03-08
Census Tract,45019005002,Black,01/2023,1,2,2025-03-08
Census Tract,45019005002,Black,02/2023,0,0,2025-03-08
Census Tract,45019005002,Black,03/2023,1,1,2025-03-08
Census Tract,45019005002,Black,04/2023,1,0.5,2025-03-08
Census Tract,45019005002,Black,05/2023,0,0.5,2025-03-08
Census Tract,45019005002,Black,06/2023,0,0.5,2025-03-08
Census Tract,45019005002,Black,07/2023,1,0.5,2025-03-08
Census Tract,45019005002,Black,08/2023,0,1,2025-03-08
Census Tract,45019005002,Black,09/2023,1,0.5,2025-03-08
Census Tract,45019005002,Black,10/2023,1,0.5,2025-03-08
Census Tract,45019005002,Black,11/2023,0,0,2025-03-08
Census Tract,45019005002,Black,12/2023,1,0.5,2025-03-08
Census Tract,45019005002,Black,01/2024,3,2,2025-03-08
Census Tract,45019005002,Black,02/2024,0,0,2025-03-08
Census Tract,45019005002,Black,03/2024,1,1,2025-03-08
Census Tract,45019005002,Black,04/2024,0,0.5,2025-03-08
Census Tract,45019005002,Black,05/2024,1,0.5,2025-03-08
Census Tract,45019005002,Black,06/2024,1,0.5,2025-03-08
Census Tract,45019005002,Black,07/2024,0,0.5,2025-03-08
Census Tract,45019005002,Black,08/2024,2,1,2025-03-08
Census Tract,45019005002,Black,09/2024,0,0.5,2025-03-08
Census Tract,45019005002,Black,10/2024,0,0.5,2025-03-08
Census Tract,45019005002,Black,11/2024,0,0,2025-03-08
Census Tract,45019005002,Black,12/2024,0,0.5,2025-03-08
Census Tract,45019005002,Black,01/2025,2,2,2025-03-08
Census Tract,45019005002,Black,02/2025,0,0,2025-03-08
Census Tract,45019005002,Black,03/2025,0,0,2025-03-08
Census Tract,45019005100,White,01/2020,2,5,2025-03-08
Census Tract,45019005100,White,02/2020,21,8.5,2025-03-08
Census Tract,45019005100,White,03/2020,3,8.5,2025-03-08
Census Tract,45019005100,White,04/2020,0,3.5,2025-03-08
Census Tract,45019005100,White,05/2020,0,5,2025-03-08
Census Tract,45019005100,White,06/2020,3,3,2025-03-08
Census Tract,45019005100,White,07/2020,0,3,2025-03-08
Census Tract,45019005100,White,08/2020,3,6.5,2025-03-08
Census Tract,45019005100,White,09/2020,1,5,2025-03-08
Census Tract,45019005100,White,10/2020,0,13,2025-03-08
Census Tract,45019005100,White,11/2020,3,7.5,2025-03-08
Census Tract,45019005100,White,12/2020,0,4.5,2025-03-08
Census Tract,45019005100,White,01/2021,1,5,2025-03-08
Census Tract,45019005100,White,02/2021,8,8.5,2025-03-08
Census Tract,45019005100,White,03/2021,2,8.5,2025-03-08
Census Tract,45019005100,White,04/2021,0,3.5,2025-03-08
Census Tract,45019005100,White,05/2021,0,5,2025-03-08
Census Tract,45019005100,White,06/2021,0,3,2025-03-08
Census Tract,45019005100,White,07/2021,0,3,2025-03-08
Census Tract,45019005100,White,08/2021,0,6.5,2025-03-08
Census Tract,45019005100,White,09/2021,3,5,2025-03-08
Census Tract,45019005100,White,10/2021,0,13,2025-03-08
Census Tract,45019005100,White,11/2021,1,7.5,2025-03-08
Census Tract,45019005100,White,12/2021,2,4.5,2025-03-08
Census Tract,45019005100,White,01/2022,3,5,2025-03-08
Census Tract,45019005100,White,02/2022,13,8.5,2025-03-08
Census Tract,45019005100,White,03/2022,9,8.5,2025-03-08
Census Tract,45019005100,White,04/2022,2,3.5,2025-03-08
Census Tract,45019005100,White,05/2022,2,5,2025-03-08
Census Tract,45019005100,White,06/2022,7,3,2025-03-08
Census Tract,45019005100,White,07/2022,4,3,2025-03-08
Census Tract,45019005100,White,08/2022,7,6.5,2025-03-08
Census Tract,45019005100,White,09/2022,5,5,2025-03-08
Census Tract,45019005100,White,10/2022,8,13,2025-03-08
Census Tract,45019005100,White,11/2022,1,7.5,2025-03-08
Census Tract,45019005100,White,12/2022,8,4.5,2025-03-08
Census Tract,45019005100,White,01/2023,2,5,2025-03-08
Census Tract,45019005100,White,02/2023,1,8.5,2025-03-08
Census Tract,45019005100,White,03/2023,10,8.5,2025-03-08
Census Tract,45019005100,White,04/2023,3,3.5,2025-03-08
Census Tract,45019005100,White,05/2023,0,5,2025-03-08
Census Tract,45019005100,White,06/2023,5,3,2025-03-08
Census Tract,45019005100,White,07/2023,1,3,2025-03-08
Census Tract,45019005100,White,08/2023,11,6.5,2025-03-08
Census Tract,45019005100,White,09/2023,2,5,2025-03-08
Census Tract,45019005100,White,10/2023,18,13,2025-03-08
Census Tract,45019005100,White,11/2023,7,7.5,2025-03-08
Census Tract,45019005100,White,12/2023,8,4.5,2025-03-08
Census Tract,45019005100,White,01/2024,8,5,2025-03-08
Census Tract,45019005100,White,02/2024,16,8.5,2025-03-08
Census Tract,45019005100,White,03/2024,7,8.5,2025-03-08
Census Tract,45019005100,White,04/2024,4,3.5,2025-03-08
Census Tract,45019005100,White,05/2024,10,5,2025-03-08
Census Tract,45019005100,White,06/2024,1,3,2025-03-08
Census Tract,45019005100,White,07/2024,5,3,2025-03-08
Census Tract,45019005100,White,08/2024,2,6.5,2025-03-08
Census Tract,45019005100,White,09/2024,8,5,2025-03-08
Census Tract,45019005100,White,10/2024,8,13,2025-03-08
Census Tract,45019005100,White,11/2024,8,7.5,2025-03-08
Census Tract,45019005100,White,12/2024,1,4.5,2025-03-08
Census Tract,45019005100,White,01/2025,4,5,2025-03-08
Census Tract,45019005100,White,02/2025,0,8.5,2025-03-08
Census Tract,45019005100,White,03/2025,0,0,2025-03-08
Census Tract,45019005300,Black,01/2020,18,30,2025-03-08
Census Tract,45019005300,Black,02/2020,51,30.5,2025-03-08
Census Tract,45019005300,Black,03/2020,59,18,2025-03-08
Census Tract,45019005300,Black,04/2020,0,17.5,2025-03-08
Census Tract,45019005300,Black,05/2020,5,37.5,2025-03-08
Census Tract,45019005300,Black,06/2020,4,19,2025-03-08
Census Tract,45019005300,Black,07/2020,5,27.5,2025-03-08
Census Tract,45019005300,Black,08/2020,9,38,2025-03-08
Census Tract,45019005300,Black,09/2020,15,41.5,2025-03-08
Census Tract,45019005300,Black,10/2020,12,15.5,2025-03-08
Census Tract,45019005300,Black,11/2020,8,10.5,2025-03-08
Census Tract,45019005300,Black,12/2020,22,27.5,2025-03-08
Census Tract,45019005300,Black,01/2021,16,30,2025-03-08
Census Tract,45019005300,Black,02/2021,31,30.5,2025-03-08
Census Tract,45019005300,Black,03/2021,43,18,2025-03-08
Census Tract,45019005300,Black,04/2021,20,17.5,2025-03-08
Census Tract,45019005300,Black,05/2021,3,37.5,2025-03-08
Census Tract,45019005300,Black,06/2021,0,19,2025-03-08
Census Tract,45019005300,Black,07/2021,20,27.5,2025-03-08
Census Tract,45019005300,Black,08/2021,4,38,2025-03-08
Census Tract,45019005300,Black,09/2021,11,41.5,2025-03-08
Census Tract,45019005300,Black,10/2021,7,15.5,2025-03-08
Census Tract,45019005300,Black,11/2021,3,10.5,2025-03-08
Census Tract,45019005300,Black,12/2021,9,27.5,2025-03-08
Census Tract,45019005300,Black,01/2022,8,30,2025-03-08
Census Tract,45019005300,Black,02/2022,5,30.5,2025-03-08
Census Tract,45019005300,Black,03/2022,52,18,2025-03-08
Census Tract,45019005300,Black,04/2022,31,17.5,2025-03-08
Census Tract,45019005300,Black,05/2022,41,37.5,2025-03-08
Census Tract,45019005300,Black,06/2022,69,19,2025-03-08
Census Tract,45019005300,Black,07/2022,14,27.5,2025-03-08
Census Tract,45019005300,Black,08/2022,14,38,2025-03-08
Census Tract,45019005300,Black,09/2022,38,41.5,2025-03-08
Census Tract,45019005300,Black,10/2022,26,15.5,2025-03-08
Census Tract,45019005300,Black,11/2022,14,10.5,2025-03-08
Census Tract,45019005300,Black,12/2022,31,27.5,2025-03-08
Census Tract,45019005300,Black,01/2023,50,30,2025-03-08
Census Tract,45019005300,Black,02/2023,3,30.5,2025-03-08
Census Tract,45019005300,Black,03/2023,25,18,2025-03-08
Census Tract,45019005300,Black,04/2023,5,17.5,2025-03-08
Census Tract,45019005300,Black,05/2023,44,37.5,2025-03-08
Census Tract,45019005300,Black,06/2023,25,19,2025-03-08
Census Tract,45019005300,Black,07/2023,11,27.5,2025-03-08
Census Tract,45019005300,Black,08/2023,44,38,2025-03-08
Census Tract,45019005300,Black,09/2023,53,41.5,2025-03-08
Census Tract,45019005300,Black,10/2023,18,15.5,2025-03-08
Census Tract,45019005300,Black,11/2023,9,10.5,2025-03-08
Census Tract,45019005300,Black,12/2023,51,27.5,2025-03-08
Census Tract,45019005300,Black,01/2024,10,30,2025-03-08
Census Tract,45019005300,Black,02/2024,58,30.5,2025-03-08
Census Tract,45019005300,Black,03/2024,11,18,2025-03-08
Census Tract,45019005300,Black,04/2024,30,17.5,2025-03-08
Census Tract,45019005300,Black,05/2024,31,37.5,2025-03-08
Census Tract,45019005300,Black,06/2024,13,19,2025-03-08
Census Tract,45019005300,Black,07/2024,44,27.5,2025-03-08
Census Tract,45019005300,Black,08/2024,32,38,2025-03-08
Census Tract,45019005300,Black,09/2024,30,41.5,2025-03-08
Census Tract,45019005300,Black,10/2024,13,15.5,2025-03-08
Census Tract,45019005300,Black,11/2024,12,10.5,2025-03-08
Census Tract,45019005300,Black,12/2024,4,27.5,2025-03-08
Census Tract,45019005300,Black,01/2025,12,30,2025-03-08
Census Tract,45019005300,Black,02/2025,42,30.5,2025-03-08
Census Tract,45019005300,Black,03/2025,0,4,2025-03-08
Census Tract,45019005400,Black,01/2020,4,11,2025-03-08
Census Tract,45019005400,Black,02/2020,11,5.5,2025-03-08
Census Tract,45019005400,Black,03/2020,5,4.5,2025-03-08
Census Tract,45019005400,Black,04/2020,0,7,2025-03-08
Census Tract,45019005400,Black,05/2020,4,11,2025-03-08
Census Tract,45019005400,Black,06/2020,0,6,2025-03-08
Census Tract,45019005400,Black,07/2020,1,8,2025-03-08
Census Tract,45019005400,Black,08/2020,0,10.5,2025-03-08
Census Tract,45019005400,Black,09/2020,9,15,2025-03-08
Census Tract,45019005400,Black,10/2020,6,15,2025-03-08
Census Tract,45019005400,Black,11/2020,3,3.5,2025-03-08
Census Tract,45019005400,Black,12/2020,1,15,2025-03-08
Census Tract,45019005400,Black,01/2021,1,11,2025-03-08
Census Tract,45019005400,Black,02/2021,6,5.5,2025-03-08
Census Tract,45019005400,Black,03/2021,2,4.5,2025-03-08
Census Tract,45019005400,Black,04/2021,4,7,2025-03-08
Census Tract,45019005400,Black,05/2021,3,11,2025-03-08
Census Tract,45019005400,Black,06/2021,6,6,2025-03-08
Census Tract,45019005400,Black,07/2021,1,8,2025-03-08
Census Tract,45019005400,Black,08/2021,3,10.5,2025-03-08
Census Tract,45019005400,Black,09/2021,1,15,2025-03-08
Census Tract,45019005400,Black,10/2021,4,15,2025-03-08
Census Tract,45019005400,Black,11/2021,3,3.5,2025-03-08
Census Tract,45019005400,Black,12/2021,2,15,2025-03-08
Census Tract,45019005400,Black,01/2022,2,11,2025-03-08
Census Tract,45019005400,Black,02/2022,10,5.5,2025-03-08
Census Tract,45019005400,Black,03/2022,16,4.5,2025-03-08
Census Tract,45019005400,Black,04/2022,10,7,2025-03-08
Census Tract,45019005400,Black,05/2022,8,11,2025-03-08
Census Tract,45019005400,Black,06/2022,26,6,2025-03-08
Census Tract,45019005400,Black,07/2022,9,8,2025-03-08
Census Tract,45019005400,Black,08/2022,7,10.5,2025-03-08
Census Tract,45019005400,Black,09/2022,11,15,2025-03-08
Census Tract,45019005400,Black,10/2022,8,15,2025-03-08
Census Tract,45019005400,Black,11/2022,5,3.5,2025-03-08
Census Tract,45019005400,Black,12/2022,3,15,2025-03-08
Census Tract,45019005400,Black,01/2023,10,11,2025-03-08
Census Tract,45019005400,Black,02/2023,3,5.5,2025-03-08
Census Tract,45019005400,Black,03/2023,6,4.5,2025-03-08
Census Tract,45019005400,Black,04/2023,6,7,2025-03-08
Census Tract,45019005400,Black,05/2023,3,11,2025-03-08
Census Tract,45019005400,Black,06/2023,3,6,2025-03-08
Census Tract,45019005400,Black,07/2023,2,8,2025-03-08
Census Tract,45019005400,Black,08/2023,13,10.5,2025-03-08
Census Tract,45019005400,Black,09/2023,15,15,2025-03-08
Census Tract,45019005400,Black,10/2023,5,15,2025-03-08
Census Tract,45019005400,Black,11/2023,2,3.5,2025-03-08
Census Tract,45019005400,Black,12/2023,15,15,2025-03-08
Census Tract,45019005400,Black,01/2024,12,11,2025-03-08
Census Tract,45019005400,Black,02/2024,8,5.5,2025-03-08
Census Tract,45019005400,Black,03/2024,3,4.5,2025-03-08
Census Tract,45019005400,Black,04/2024,8,7,2025-03-08
Census Tract,45019005400,Black,05/2024,19,11,2025-03-08
Census Tract,45019005400,Black,06/2024,9,6,2025-03-08
Census Tract,45019005400,Black,07/2024,14,8,2025-03-08
Census Tract,45019005400,Black,08/2024,8,10.5,2025-03-08
Census Tract,45019005400,Black,09/2024,15,15,2025-03-08
Census Tract,45019005400,Black,10/2024,25,15,2025-03-08
Census Tract,45019005400,Black,11/2024,5,3.5,2025-03-08
Census Tract,45019005400,Black,12/2024,15,15,2025-03-08
Census Tract,45019005400,Black,01/2025,11,11,2025-03-08
Census Tract,45019005400,Black,02/2025,7,5.5,2025-03-08
Census Tract,45019005400,Black,03/2025,0,1.5,2025-03-08
Census Tract,45019005500,Black,01/2020,12,11.5,2025-03-08
Census Tract,45019005500,Black,02/2020,18,12.5,2025-03-08
Census Tract,45019005500,Black,03/2020,11,8.5,2025-03-08
Census Tract,45019005500,Black,04/2020,0,4,2025-03-08
Census Tract,45019005500,Black,05/2020,7,5.5,2025-03-08
Census Tract,45019005500,Black,06/2020,3,12,2025-03-08
Census Tract,45019005500,Black,07/2020,12,7.5,2025-03-08
Census Tract,45019005500,Black,08/2020,7,5,2025-03-08
Census Tract,45019005500,Black,09/2020,13,4.5,2025-03-08
Census Tract,45019005500,Black,10/2020,9,5.5,2025-03-08
Census Tract,45019005500,Black,11/2020,3,9,2025-03-08
Census Tract,45019005500,Black,12/2020,6,9,2025-03-08
Census Tract,45019005500,Black,01/2021,9,11.5,2025-03-08
Census Tract,45019005500,Black,02/2021,7,12.5,2025-03-08
Census Tract,45019005500,Black,03/2021,7,8.5,2025-03-08
Census Tract,45019005500,Black,04/2021,5,4,2025-03-08
Census Tract,45019005500,Black,05/2021,2,5.5,2025-03-08
Census Tract,45019005500,Black,06/2021,9,12,2025-03-08
Census Tract,45019005500,Black,07/2021,8,7.5,2025-03-08
Census Tract,45019005500,Black,08/2021,15,5,2025-03-08
Census Tract,45019005500,Black,09/2021,6,4.5,2025-03-08
Census Tract,45019005500,Black,10/2021,6,5.5,2025-03-08
Census Tract,45019005500,Black,11/2021,9,9,2025-03-08
Census Tract,45019005500,Black,12/2021,11,9,2025-03-08
Census Tract,45019005500,Black,01/2022,20,11.5,2025-03-08
Census Tract,45019005500,Black,02/2022,4,12.5,2025-03-08
Census Tract,45019005500,Black,03/2022,12,8.5,2025-03-08
Census Tract,45019005500,Black,04/2022,9,4,2025-03-08
Census Tract,45019005500,Black,05/2022,5,5.5,2025-03-08
Census Tract,45019005500,Black,06/2022,8,12,2025-03-08
Census Tract,45019005500,Black,07/2022,17,7.5,2025-03-08
Census Tract,45019005500,Black,08/2022,10,5,2025-03-08
Census Tract,45019005500,Black,09/2022,6,4.5,2025-03-08
Census Tract,45019005500,Black,10/2022,13,5.5,2025-03-08
Census Tract,45019005500,Black,11/2022,8,9,2025-03-08
Census Tract,45019005500,Black,12/2022,3,9,2025-03-08
Census Tract,45019005500,Black,01/2023,13,11.5,2025-03-08
Census Tract,45019005500,Black,02/2023,15,12.5,2025-03-08
Census Tract,45019005500,Black,03/2023,12,8.5,2025-03-08
Census Tract,45019005500,Black,04/2023,6,4,2025-03-08
Census Tract,45019005500,Black,05/2023,9,5.5,2025-03-08
Census Tract,45019005500,Black,06/2023,7,12,2025-03-08
Census Tract,45019005500,Black,07/2023,8,7.5,2025-03-08
Census Tract,45019005500,Black,08/2023,5,5,2025-03-08
Census Tract,45019005500,Black,09/2023,5,4.5,2025-03-08
Census Tract,45019005500,Black,10/2023,4,5.5,2025-03-08
Census Tract,45019005500,Black,11/2023,8,9,2025-03-08
Census Tract,45019005500,Black,12/2023,6,9,2025-03-08
Census Tract,45019005500,Black,01/2024,10,11.5,2025-03-08
Census Tract,45019005500,Black,02/2024,10,12.5,2025-03-08
Census Tract,45019005500,Black,03/2024,5,8.5,2025-03-08
Census Tract,45019005500,Black,04/2024,2,4,2025-03-08
Census Tract,45019005500,Black,05/2024,2,5.5,2025-03-08
Census Tract,45019005500,Black,06/2024,17,12,2025-03-08
Census Tract,45019005500,Black,07/2024,7,7.5,2025-03-08
Census Tract,45019005500,Black,08/2024,5,5,2025-03-08
Census Tract,45019005500,Black,09/2024,4,4.5,2025-03-08
Census Tract,45019005500,Black,10/2024,7,5.5,2025-03-08
Census Tract,45019005500,Black,11/2024,10,9,2025-03-08
Census Tract,45019005500,Black,12/2024,12,9,2025-03-08
Census Tract,45019005500,Black,01/2025,10,11.5,2025-03-08
Census Tract,45019005500,Black,02/2025,6,12.5,2025-03-08
Census Tract,45019005500,Black,03/2025,0,3,2025-03-08
Census Tract,45019005601,White,01/2020,30,16.5,2025-03-08
Census Tract,45019005601,White,02/2020,32,19.5,2025-03-08
Census Tract,45019005601,White,03/2020,5,16.5,2025-03-08
Census Tract,45019005601,White,04/2020,0,12,2025-03-08
Census Tract,45019005601,White,05/2020,2,16.5,2025-03-08
Census Tract,45019005601,White,06/2020,5,26.5,2025-03-08
Census Tract,45019005601,White,07/2020,7,21,2025-03-08
Census Tract,45019005601,White,08/2020,9,19,2025-03-08
Census Tract,45019005601,White,09/2020,6,18,2025-03-08
Census Tract,45019005601,White,10/2020,8,15,2025-03-08
Census Tract,45019005601,White,11/2020,6,14,2025-03-08
Census Tract,45019005601,White,12/2020,4,19.5,2025-03-08
Census Tract,45019005601,White,01/2021,4,16.5,2025-03-08
Census Tract,45019005601,White,02/2021,10,19.5,2025-03-08
Census Tract,45019005601,White,03/2021,13,16.5,2025-03-08
Census Tract,45019005601,White,04/2021,4,12,2025-03-08
Census Tract,45019005601,White,05/2021,10,16.5,2025-03-08
Census Tract,45019005601,White,06/2021,9,26.5,2025-03-08
Census Tract,45019005601,White,07/2021,4,21,2025-03-08
Census Tract,45019005601,White,08/2021,10,19,2025-03-08
Census Tract,45019005601,White,09/2021,13,18,2025-03-08
Census Tract,45019005601,White,10/2021,8,15,2025-03-08
Census Tract,45019005601,White,11/2021,14,14,2025-03-08
Census Tract,45019005601,White,12/2021,16,19.5,2025-03-08
Census Tract,45019005601,White,01/2022,8,16.5,2025-03-08
Census Tract,45019005601,White,02/2022,10,19.5,2025-03-08
Census Tract,45019005601,White,03/2022,20,16.5,2025-03-08
Census Tract,45019005601,White,04/2022,33,12,2025-03-08
Census Tract,45019005601,White,05/2022,19,16.5,2025-03-08
Census Tract,45019005601,White,06/2022,19,26.5,2025-03-08
Census Tract,45019005601,White,07/2022,10,21,2025-03-08
Census Tract,45019005601,White,08/2022,22,19,2025-03-08
Census Tract,45019005601,White,09/2022,15,18,2025-03-08
Census Tract,45019005601,White,10/2022,25,15,2025-03-08
Census Tract,45019005601,White,11/2022,19,14,2025-03-08
Census Tract,45019005601,White,12/2022,16,19.5,2025-03-08
Census Tract,45019005601,White,01/2023,13,16.5,2025-03-08
Census Tract,45019005601,White,02/2023,18,19.5,2025-03-08
Census Tract,45019005601,White,03/2023,21,16.5,2025-03-08
Census Tract,45019005601,White,04/2023,10,12,2025-03-08
Census Tract,45019005601,White,05/2023,19,16.5,2025-03-08
Census Tract,45019005601,White,06/2023,34,26.5,2025-03-08
Census Tract,45019005601,White,07/2023,19,21,2025-03-08
Census Tract,45019005601,White,08/2023,20,19,2025-03-08
Census Tract,45019005601,White,09/2023,22,18,2025-03-08
Census Tract,45019005601,White,10/2023,18,15,2025-03-08
Census Tract,45019005601,White,11/2023,9,14,2025-03-08
Census Tract,45019005601,White,12/2023,17,19.5,2025-03-08
Census Tract,45019005601,White,01/2024,20,16.5,2025-03-08
Census Tract,45019005601,White,02/2024,21,19.5,2025-03-08
Census Tract,45019005601,White,03/2024,12,16.5,2025-03-08
Census Tract,45019005601,White,04/2024,14,12,2025-03-08
Census Tract,45019005601,White,05/2024,14,16.5,2025-03-08
Census Tract,45019005601,White,06/2024,19,26.5,2025-03-08
Census Tract,45019005601,White,07/2024,23,21,2025-03-08
Census Tract,45019005601,White,08/2024,18,19,2025-03-08
Census Tract,45019005601,White,09/2024,14,18,2025-03-08
Census Tract,45019005601,White,10/2024,12,15,2025-03-08
Census Tract,45019005601,White,11/2024,19,14,2025-03-08
Census Tract,45019005601,White,12/2024,22,19.5,2025-03-08
Census Tract,45019005601,White,01/2025,31,16.5,2025-03-08
Census Tract,45019005601,White,02/2025,22,19.5,2025-03-08
Census Tract,45019005601,White,03/2025,0,0.5,2025-03-08
Census Tract,45019005602,White,01/2020,19,5.5,2025-03-08
Census Tract,45019005602,White,02/2020,12,7.5,2025-03-08
Census Tract,45019005602,White,03/2020,2,10,2025-03-08
Census Tract,45019005602,White,04/2020,0,8,2025-03-08
Census Tract,45019005602,White,05/2020,2,7.5,2025-03-08
Census Tract,45019005602,White,06/2020,0,12.5,2025-03-08
Census Tract,45019005602,White,07/2020,1,12,2025-03-08
Census Tract,45019005602,White,08/2020,0,11.5,2025-03-08
Census Tract,45019005602,White,09/2020,3,11.5,2025-03-08
Census Tract,45019005602,White,10/2020,4,15,2025-03-08
Census Tract,45019005602,White,11/2020,4,9.5,2025-03-08
Census Tract,45019005602,White,12/2020,1,13,2025-03-08
Census Tract,45019005602,White,01/2021,2,5.5,2025-03-08
Census Tract,45019005602,White,02/2021,3,7.5,2025-03-08
Census Tract,45019005602,White,03/2021,2,10,2025-03-08
Census Tract,45019005602,White,04/2021,1,8,2025-03-08
Census Tract,45019005602,White,05/2021,2,7.5,2025-03-08
Census Tract,45019005602,White,06/2021,3,12.5,2025-03-08
Census Tract,45019005602,White,07/2021,21,12,2025-03-08
Census Tract,45019005602,White,08/2021,5,11.5,2025-03-08
Census Tract,45019005602,White,09/2021,11,11.5,2025-03-08
Census Tract,45019005602,White,10/2021,5,15,2025-03-08
Census Tract,45019005602,White,11/2021,2,9.5,2025-03-08
Census Tract,45019005602,White,12/2021,7,13,2025-03-08
Census Tract,45019005602,White,01/2022,6,5.5,2025-03-08
Census Tract,45019005602,White,02/2022,8,7.5,2025-03-08
Census Tract,45019005602,White,03/2022,10,10,2025-03-08
Census Tract,45019005602,White,04/2022,7,8,2025-03-08
Census Tract,45019005602,White,05/2022,12,7.5,2025-03-08
Census Tract,45019005602,White,06/2022,4,12.5,2025-03-08
Census Tract,45019005602,White,07/2022,5,12,2025-03-08
Census Tract,45019005602,White,08/2022,8,11.5,2025-03-08
Census Tract,45019005602,White,09/2022,6,11.5,2025-03-08
Census Tract,45019005602,White,10/2022,12,15,2025-03-08
Census Tract,45019005602,White,11/2022,0,9.5,2025-03-08
Census Tract,45019005602,White,12/2022,12,13,2025-03-08
Census Tract,45019005602,White,01/2023,5,5.5,2025-03-08
Census Tract,45019005602,White,02/2023,6,7.5,2025-03-08
Census Tract,45019005602,White,03/2023,13,10,2025-03-08
Census Tract,45019005602,White,04/2023,4,8,2025-03-08
Census Tract,45019005602,White,05/2023,7,7.5,2025-03-08
Census Tract,45019005602,White,06/2023,10,12.5,2025-03-08
Census Tract,45019005602,White,07/2023,12,12,2025-03-08
Census Tract,45019005602,White,08/2023,9,11.5,2025-03-08
Census Tract,45019005602,White,09/2023,9,11.5,2025-03-08
Census Tract,45019005602,White,10/2023,18,15,2025-03-08
Census Tract,45019005602,White,11/2023,7,9.5,2025-03-08
Census Tract,45019005602,White,12/2023,7,13,2025-03-08
Census Tract,45019005602,White,01/2024,6,5.5,2025-03-08
Census Tract,45019005602,White,02/2024,9,7.5,2025-03-08
Census Tract,45019005602,White,03/2024,7,10,2025-03-08
Census Tract,45019005602,White,04/2024,12,8,2025-03-08
Census Tract,45019005602,White,05/2024,8,7.5,2025-03-08
Census Tract,45019005602,White,06/2024,15,12.5,2025-03-08
Census Tract,45019005602,White,07/2024,12,12,2025-03-08
Census Tract,45019005602,White,08/2024,14,11.5,2025-03-08
Census Tract,45019005602,White,09/2024,14,11.5,2025-03-08
Census Tract,45019005602,White,10/2024,12,15,2025-03-08
Census Tract,45019005602,White,11/2024,12,9.5,2025-03-08
Census Tract,45019005602,White,12/2024,19,13,2025-03-08
Census Tract,45019005602,White,01/2025,16,5.5,2025-03-08
Census Tract,45019005602,White,02/2025,13,7.5,2025-03-08
Census Tract,45019005602,White,03/2025,0,1,2025-03-08
Census Tract,45019005701,White,01/2020,3,0.5,2025-03-08
Census Tract,45019005701,White,02/2020,3,0.5,2025-03-08
Census Tract,45019005701,White,03/2020,1,0.5,2025-03-08
Census Tract,45019005701,White,04/2020,0,0.5,2025-03-08
Census Tract,45019005701,White,05/2020,0,0.5,2025-03-08
Census Tract,45019005701,White,06/2020,0,1,2025-03-08
Census Tract,45019005701,White,07/2020,4,1.5,2025-03-08
Census Tract,45019005701,White,08/2020,0,1,2025-03-08
Census Tract,45019005701,White,09/2020,2,1,2025-03-08
Census Tract,45019005701,White,10/2020,1,1,2025-03-08
Census Tract,45019005701,White,11/2020,0,2,2025-03-08
Census Tract,45019005701,White,12/2020,1,0.5,2025-03-08
Census Tract,45019005701,White,01/2021,0,0.5,2025-03-08
Census Tract,45019005701,White,02/2021,2,0.5,2025-03-08
Census Tract,45019005701,White,03/2021,0,0.5,2025-03-08
Census Tract,45019005701,White,04/2021,0,0.5,2025-03-08
Census Tract,45019005701,White,05/2021,2,0.5,2025-03-08
Census Tract,45019005701,White,06/2021,0,1,2025-03-08
Census Tract,45019005701,White,07/2021,2,1.5,2025-03-08
Census Tract,45019005701,White,08/2021,1,1,2025-03-08
Census Tract,45019005701,White,09/2021,2,1,2025-03-08
Census Tract,45019005701,White,10/2021,0,1,2025-03-08
Census Tract,45019005701,White,11/2021,1,2,2025-03-08
Census Tract,45019005701,White,12/2021,0,0.5,2025-03-08
Census Tract,45019005701,White,01/2022,1,0.5,2025-03-08
Census Tract,45019005701,White,02/2022,2,0.5,2025-03-08
Census Tract,45019005701,White,03/2022,1,0.5,2025-03-08
Census Tract,45019005701,White,04/2022,2,0.5,2025-03-08
Census Tract,45019005701,White,05/2022,2,0.5,2025-03-08
Census Tract,45019005701,White,06/2022,0,1,2025-03-08
Census Tract,45019005701,White,07/2022,0,1.5,2025-03-08
Census Tract,45019005701,White,08/2022,3,1,2025-03-08
Census Tract,45019005701,White,09/2022,1,1,2025-03-08
Census Tract,45019005701,White,10/2022,0,1,2025-03-08
Census Tract,45019005701,White,11/2022,0,2,2025-03-08
Census Tract,45019005701,White,12/2022,4,0.5,2025-03-08
Census Tract,45019005701,White,01/2023,1,0.5,2025-03-08
Census Tract,45019005701,White,02/2023,0,0.5,2025-03-08
Census Tract,45019005701,White,03/2023,1,0.5,2025-03-08
Census Tract,45019005701,White,04/2023,0,0.5,2025-03-08
Census Tract,45019005701,White,05/2023,0,0.5,2025-03-08
Census Tract,45019005701,White,06/2023,2,1,2025-03-08
Census Tract,45019005701,White,07/2023,2,1.5,2025-03-08
Census Tract,45019005701,White,08/2023,1,1,2025-03-08
Census Tract,45019005701,White,09/2023,0,1,2025-03-08
Census Tract,45019005701,White,10/2023,1,1,2025-03-08
Census Tract,45019005701,White,11/2023,2,2,2025-03-08
Census Tract,45019005701,White,12/2023,1,0.5,2025-03-08
Census Tract,45019005701,White,01/2024,0,0.5,2025-03-08
Census Tract,45019005701,White,02/2024,1,0.5,2025-03-08
Census Tract,45019005701,White,03/2024,0,0.5,2025-03-08
Census Tract,45019005701,White,04/2024,1,0.5,2025-03-08
Census Tract,45019005701,White,05/2024,1,0.5,2025-03-08
Census Tract,45019005701,White,06/2024,0,1,2025-03-08
Census Tract,45019005701,White,07/2024,1,1.5,2025-03-08
Census Tract,45019005701,White,08/2024,1,1,2025-03-08
Census Tract,45019005701,White,09/2024,2,1,2025-03-08
Census Tract,45019005701,White,10/2024,1,1,2025-03-08
Census Tract,45019005701,White,11/2024,2,2,2025-03-08
Census Tract,45019005701,White,12/2024,0,0.5,2025-03-08
Census Tract,45019005701,White,01/2025,0,0.5,2025-03-08
Census Tract,45019005701,White,02/2025,0,0.5,2025-03-08
Census Tract,45019005701,White,03/2025,0,0,2025-03-08
Census Tract,45019005702,White,01/2020,4,4.5,2025-03-08
Census Tract,45019005702,White,02/2020,8,8.5,2025-03-08
Census Tract,45019005702,White,03/2020,0,5,2025-03-08
Census Tract,45019005702,White,04/2020,0,3.5,2025-03-08
Census Tract,45019005702,White,05/2020,0,6,2025-03-08
Census Tract,45019005702,White,06/2020,2,7,2025-03-08
Census Tract,45019005702,White,07/2020,1,6.5,2025-03-08
Census Tract,45019005702,White,08/2020,0,8.5,2025-03-08
Census Tract,45019005702,White,09/2020,3,6.5,2025-03-08
Census Tract,45019005702,White,10/2020,1,7.5,2025-03-08
Census Tract,45019005702,White,11/2020,1,7,2025-03-08
Census Tract,45019005702,White,12/2020,0,11,2025-03-08
Census Tract,45019005702,White,01/2021,1,4.5,2025-03-08
Census Tract,45019005702,White,02/2021,0,8.5,2025-03-08
Census Tract,45019005702,White,03/2021,1,5,2025-03-08
Census Tract,45019005702,White,04/2021,2,3.5,2025-03-08
Census Tract,45019005702,White,05/2021,2,6,2025-03-08
Census Tract,45019005702,White,06/2021,2,7,2025-03-08
Census Tract,45019005702,White,07/2021,1,6.5,2025-03-08
Census Tract,45019005702,White,08/2021,5,8.5,2025-03-08
Census Tract,45019005702,White,09/2021,1,6.5,2025-03-08
Census Tract,45019005702,White,10/2021,2,7.5,2025-03-08
Census Tract,45019005702,White,11/2021,4,7,2025-03-08
Census Tract,45019005702,White,12/2021,2,11,2025-03-08
Census Tract,45019005702,White,01/2022,4,4.5,2025-03-08
Census Tract,45019005702,White,02/2022,1,8.5,2025-03-08
Census Tract,45019005702,White,03/2022,2,5,2025-03-08
Census Tract,45019005702,White,04/2022,6,3.5,2025-03-08
Census Tract,45019005702,White,05/2022,6,6,2025-03-08
Census Tract,45019005702,White,06/2022,2,7,2025-03-08
Census Tract,45019005702,White,07/2022,6,6.5,2025-03-08
Census Tract,45019005702,White,08/2022,7,8.5,2025-03-08
Census Tract,45019005702,White,09/2022,3,6.5,2025-03-08
Census Tract,45019005702,White,10/2022,2,7.5,2025-03-08
Census Tract,45019005702,White,11/2022,0,7,2025-03-08
Census Tract,45019005702,White,12/2022,0,11,2025-03-08
Census Tract,45019005702,White,01/2023,3,4.5,2025-03-08
Census Tract,45019005702,White,02/2023,13,8.5,2025-03-08
Census Tract,45019005702,White,03/2023,7,5,2025-03-08
Census Tract,45019005702,White,04/2023,1,3.5,2025-03-08
Census Tract,45019005702,White,05/2023,8,6,2025-03-08
Census Tract,45019005702,White,06/2023,4,7,2025-03-08
Census Tract,45019005702,White,07/2023,9,6.5,2025-03-08
Census Tract,45019005702,White,08/2023,8,8.5,2025-03-08
Census Tract,45019005702,White,09/2023,8,6.5,2025-03-08
Census Tract,45019005702,White,10/2023,11,7.5,2025-03-08
Census Tract,45019005702,White,11/2023,6,7,2025-03-08
Census Tract,45019005702,White,12/2023,9,11,2025-03-08
Census Tract,45019005702,White,01/2024,6,4.5,2025-03-08
Census Tract,45019005702,White,02/2024,4,8.5,2025-03-08
Census Tract,45019005702,White,03/2024,3,5,2025-03-08
Census Tract,45019005702,White,04/2024,6,3.5,2025-03-08
Census Tract,45019005702,White,05/2024,4,6,2025-03-08
Census Tract,45019005702,White,06/2024,10,7,2025-03-08
Census Tract,45019005702,White,07/2024,4,6.5,2025-03-08
Census Tract,45019005702,White,08/2024,9,8.5,2025-03-08
Census Tract,45019005702,White,09/2024,5,6.5,2025-03-08
Census Tract,45019005702,White,10/2024,4,7.5,2025-03-08
Census Tract,45019005702,White,11/2024,8,7,2025-03-08
Census Tract,45019005702,White,12/2024,13,11,2025-03-08
Census Tract,45019005702,White,01/2025,2,4.5,2025-03-08
Census Tract,45019005702,White,02/2025,5,8.5,2025-03-08
Census Tract,45019005702,White,03/2025,0,1,2025-03-08
Census Tract,45019005800,White,01/2020,17,9.5,2025-03-08
Census Tract,45019005800,White,02/2020,11,7,2025-03-08
Census Tract,45019005800,White,03/2020,2,9,2025-03-08
Census Tract,45019005800,White,04/2020,0,8,2025-03-08
Census Tract,45019005800,White,05/2020,4,6,2025-03-08
Census Tract,45019005800,White,06/2020,0,6,2025-03-08
Census Tract,45019005800,White,07/2020,7,7.5,2025-03-08
Census Tract,45019005800,White,08/2020,6,11.5,2025-03-08
Census Tract,45019005800,White,09/2020,4,10,2025-03-08
Census Tract,45019005800,White,10/2020,5,6.5,2025-03-08
Census Tract,45019005800,White,11/2020,10,6,2025-03-08
Census Tract,45019005800,White,12/2020,6,8,2025-03-08
Census Tract,45019005800,White,01/2021,8,9.5,2025-03-08
Census Tract,45019005800,White,02/2021,8,6.5,2025-03-08
Census Tract,45019005800,White,03/2021,2,9,2025-03-08
Census Tract,45019005800,White,04/2021,1,8,2025-03-08
Census Tract,45019005800,White,05/2021,2,6,2025-03-08
Census Tract,45019005800,White,06/2021,2,6,2025-03-08
Census Tract,45019005800,White,07/2021,11,7.5,2025-03-08
Census Tract,45019005800,White,08/2021,4,11.5,2025-03-08
Census Tract,45019005800,White,09/2021,7,10,2025-03-08
Census Tract,45019005800,White,10/2021,6,6.5,2025-03-08
Census Tract,45019005800,White,11/2021,4,6,2025-03-08
Census Tract,45019005800,White,12/2021,5,8,2025-03-08
Census Tract,45019005800,White,01/2022,9,9.5,2025-03-08
Census Tract,45019005800,White,02/2022,1,6.5,2025-03-08
Census Tract,45019005800,White,03/2022,2,9,2025-03-08
Census Tract,45019005800,White,04/2022,6,8,2025-03-08
Census Tract,45019005800,White,05/2022,3,6,2025-03-08
Census Tract,45019005800,White,06/2022,7,6,2025-03-08
Census Tract,45019005800,White,07/2022,10,7.5,2025-03-08
Census Tract,45019005800,White,08/2022,3,11.5,2025-03-08
Census Tract,45019005800,White,09/2022,6,10,2025-03-08
Census Tract,45019005800,White,10/2022,13,6.5,2025-03-08
Census Tract,45019005800,White,11/2022,8,6,2025-03-08
Census Tract,45019005800,White,12/2022,6,8,2025-03-08
Census Tract,45019005800,White,01/2023,11,9.5,2025-03-08
Census Tract,45019005800,White,02/2023,9,6.5,2025-03-08
Census Tract,45019005800,White,03/2023,8,9,2025-03-08
Census Tract,45019005800,White,04/2023,6,8,2025-03-08
Census Tract,45019005800,White,05/2023,7,6,2025-03-08
Census Tract,45019005800,White,06/2023,8,6,2025-03-08
Census Tract,45019005800,White,07/2023,10,7.5,2025-03-08
Census Tract,45019005800,White,08/2023,12,11.5,2025-03-08
Census Tract,45019005800,White,09/2023,4,10,2025-03-08
Census Tract,45019005800,White,10/2023,3,6.5,2025-03-08
Census Tract,45019005800,White,11/2023,4,6,2025-03-08
Census Tract,45019005800,White,12/2023,5,8,2025-03-08
Census Tract,45019005800,White,01/2024,8,9.5,2025-03-08
Census Tract,45019005800,White,02/2024,5,7,2025-03-08
Census Tract,45019005800,White,03/2024,10,9,2025-03-08
Census Tract,45019005800,White,04/2024,10,8,2025-03-08
Census Tract,45019005800,White,05/2024,5,6,2025-03-08
Census Tract,45019005800,White,06/2024,4,6,2025-03-08
Census Tract,45019005800,White,07/2024,5,7.5,2025-03-08
Census Tract,45019005800,White,08/2024,11,11.5,2025-03-08
Census Tract,45019005800,White,09/2024,16,10,2025-03-08
Census Tract,45019005800,White,10/2024,10,6.5,2025-03-08
Census Tract,45019005800,White,11/2024,8,6,2025-03-08
Census Tract,45019005800,White,12/2024,11,8,2025-03-08
Census Tract,45019005800,White,01/2025,3,9.5,2025-03-08
Census Tract,45019005800,White,02/2025,6,6.5,2025-03-08
Census Tract,45019005800,White,03/2025,0,1.5,2025-03-08
Census Tract,45019005900,White,01/2020,4,3,2025-03-08
Census Tract,45019005900,White,02/2020,0,1.5,2025-03-08
Census Tract,45019005900,White,03/2020,4,0.5,2025-03-08
Census Tract,45019005900,White,04/2020,0,0.5,2025-03-08
Census Tract,45019005900,White,05/2020,1,1.5,2025-03-08
Census Tract,45019005900,White,06/2020,1,0.5,2025-03-08
Census Tract,45019005900,White,07/2020,3,1.5,2025-03-08
Census Tract,45019005900,White,08/2020,1,1,2025-03-08
Census Tract,45019005900,White,09/2020,2,0.5,2025-03-08
Census Tract,45019005900,White,10/2020,2,0.5,2025-03-08
Census Tract,45019005900,White,11/2020,3,1.5,2025-03-08
Census Tract,45019005900,White,12/2020,1,1.5,2025-03-08
Census Tract,45019005900,White,01/2021,2,3,2025-03-08
Census Tract,45019005900,White,02/2021,0,1.5,2025-03-08
Census Tract,45019005900,White,03/2021,1,0.5,2025-03-08
Census Tract,45019005900,White,04/2021,2,0.5,2025-03-08
Census Tract,45019005900,White,05/2021,0,1.5,2025-03-08
Census Tract,45019005900,White,06/2021,2,0.5,2025-03-08
Census Tract,45019005900,White,07/2021,2,1.5,2025-03-08
Census Tract,45019005900,White,08/2021,1,1,2025-03-08
Census Tract,45019005900,White,09/2021,1,0.5,2025-03-08
Census Tract,45019005900,White,10/2021,1,0.5,2025-03-08
Census Tract,45019005900,White,11/2021,0,1.5,2025-03-08
Census Tract,45019005900,White,12/2021,0,1.5,2025-03-08
Census Tract,45019005900,White,01/2022,2,3,2025-03-08
Census Tract,45019005900,White,02/2022,1,1.5,2025-03-08
Census Tract,45019005900,White,03/2022,2,0.5,2025-03-08
Census Tract,45019005900,White,04/2022,6,0.5,2025-03-08
Census Tract,45019005900,White,05/2022,1,1.5,2025-03-08
Census Tract,45019005900,White,06/2022,0,0.5,2025-03-08
Census Tract,45019005900,White,07/2022,0,1.5,2025-03-08
Census Tract,45019005900,White,08/2022,0,1,2025-03-08
Census Tract,45019005900,White,09/2022,0,0.5,2025-03-08
Census Tract,45019005900,White,10/2022,1,0.5,2025-03-08
Census Tract,45019005900,White,11/2022,1,1.5,2025-03-08
Census Tract,45019005900,White,12/2022,1,1.5,2025-03-08
Census Tract,45019005900,White,01/2023,4,3,2025-03-08
Census Tract,45019005900,White,02/2023,2,1.5,2025-03-08
Census Tract,45019005900,White,03/2023,0,0.5,2025-03-08
Census Tract,45019005900,White,04/2023,1,0.5,2025-03-08
Census Tract,45019005900,White,05/2023,1,1.5,2025-03-08
Census Tract,45019005900,White,06/2023,0,0.5,2025-03-08
Census Tract,45019005900,White,07/2023,1,1.5,2025-03-08
Census Tract,45019005900,White,08/2023,2,1,2025-03-08
Census Tract,45019005900,White,09/2023,0,0.5,2025-03-08
Census Tract,45019005900,White,10/2023,1,0.5,2025-03-08
Census Tract,45019005900,White,11/2023,2,1.5,2025-03-08
Census Tract,45019005900,White,12/2023,2,1.5,2025-03-08
Census Tract,45019005900,White,01/2024,2,3,2025-03-08
Census Tract,45019005900,White,02/2024,1,1.5,2025-03-08
Census Tract,45019005900,White,03/2024,1,0.5,2025-03-08
Census Tract,45019005900,White,04/2024,0,0.5,2025-03-08
Census Tract,45019005900,White,05/2024,2,1.5,2025-03-08
Census Tract,45019005900,White,06/2024,1,0.5,2025-03-08
Census Tract,45019005900,White,07/2024,2,1.5,2025-03-08
Census Tract,45019005900,White,08/2024,0,1,2025-03-08
Census Tract,45019005900,White,09/2024,1,0.5,2025-03-08
Census Tract,45019005900,White,10/2024,0,0.5,2025-03-08
Census Tract,45019005900,White,11/2024,1,1.5,2025-03-08
Census Tract,45019005900,White,12/2024,1,1.5,2025-03-08
Census Tract,45019005900,White,01/2025,1,3,2025-03-08
Census Tract,45019005900,White,02/2025,1,1.5,2025-03-08
Census Tract,45019005900,White,03/2025,0,0.5,2025-03-08
Census Tract,45019990100,Other,01/2020,0,0,2025-03-08
Census Tract,45019990100,Other,02/2020,0,0,2025-03-08
Census Tract,45019990100,Other,03/2020,0,0,2025-03-08
Census Tract,45019990100,Other,04/2020,0,0,2025-03-08
Census Tract,45019990100,Other,05/2020,0,0,2025-03-08
Census Tract,45019990100,Other,06/2020,0,0,2025-03-08
Census Tract,45019990100,Other,07/2020,0,0,2025-03-08
Census Tract,45019990100,Other,08/2020,0,0,2025-03-08
Census Tract,45019990100,Other,09/2020,0,0,2025-03-08
Census Tract,45019990100,Other,10/2020,0,0,2025-03-08
Census Tract,45019990100,Other,11/2020,0,0,2025-03-08
Census Tract,45019990100,Other,12/2020,0,0,2025-03-08
Census Tract,45019990100,Other,01/2021,0,0,2025-03-08
Census Tract,45019990100,Other,02/2021,0,0,2025-03-08
Census Tract,45019990100,Other,03/2021,0,0,2025-03-08
Census Tract,45019990100,Other,04/2021,0,0,2025-03-08
Census Tract,45019990100,Other,05/2021,0,0,2025-03-08
Census Tract,45019990100,Other,06/2021,0,0,2025-03-08
Census Tract,45019990100,Other,07/2021,0,0,2025-03-08
Census Tract,45019990100,Other,08/2021,0,0,2025-03-08
Census Tract,45019990100,Other,09/2021,0,0,2025-03-08
Census Tract,45019990100,Other,10/2021,0,0,2025-03-08
Census Tract,45019990100,Other,11/2021,0,0,2025-03-08
Census Tract,45019990100,Other,12/2021,0,0,2025-03-08
Census Tract,45019990100,Other,01/2022,0,0,2025-03-08
Census Tract,45019990100,Other,02/2022,0,0,2025-03-08
Census Tract,45019990100,Other,03/2022,0,0,2025-03-08
Census Tract,45019990100,Other,04/2022,0,0,2025-03-08
Census Tract,45019990100,Other,05/2022,0,0,2025-03-08
Census Tract,45019990100,Other,06/2022,0,0,2025-03-08
Census Tract,45019990100,Other,07/2022,0,0,2025-03-08
Census Tract,45019990100,Other,08/2022,0,0,2025-03-08
Census Tract,45019990100,Other,09/2022,0,0,2025-03-08
Census Tract,45019990100,Other,10/2022,0,0,2025-03-08
Census Tract,45019990100,Other,11/2022,0,0,2025-03-08
Census Tract,45019990100,Other,12/2022,0,0,2025-03-08
Census Tract,45019990100,Other,01/2023,0,0,2025-03-08
Census Tract,45019990100,Other,02/2023,0,0,2025-03-08
Census Tract,45019990100,Other,03/2023,0,0,2025-03-08
Census Tract,45019990100,Other,04/2023,0,0,2025-03-08
Census Tract,45019990100,Other,05/2023,0,0,2025-03-08
Census Tract,45019990100,Other,06/2023,0,0,2025-03-08
Census Tract,45019990100,Other,07/2023,0,0,2025-03-08
Census Tract,45019990100,Other,08/2023,0,0,2025-03-08
Census Tract,45019990100,Other,09/2023,0,0,2025-03-08
Census Tract,45019990100,Other,10/2023,0,0,2025-03-08
Census Tract,45019990100,Other,11/2023,0,0,2025-03-08
Census Tract,45019990100,Other,12/2023,0,0,2025-03-08
Census Tract,45019990100,Other,01/2024,0,0,2025-03-08
Census Tract,45019990100,Other,02/2024,0,0,2025-03-08
Census Tract,45019990100,Other,03/2024,0,0,2025-03-08
Census Tract,45019990100,Other,04/2024,0,0,2025-03-08
Census Tract,45019990100,Other,05/2024,0,0,2025-03-08
Census Tract,45019990100,Other,06/2024,0,0,2025-03-08
Census Tract,45019990100,Other,07/2024,0,0,2025-03-08
Census Tract,45019990100,Other,08/2024,0,0,2025-03-08
Census Tract,45019990100,Other,09/2024,0,0,2025-03-08
Census Tract,45019990100,Other,10/2024,0,0,2025-03-08
Census Tract,45019990100,Other,11/2024,0,0,2025-03-08
Census Tract,45019990100,Other,12/2024,0,0,2025-03-08
Census Tract,45019990100,Other,01/2025,0,0,2025-03-08
Census Tract,45019990100,Other,02/2025,0,0,2025-03-08
Census Tract,45019990100,Other,03/2025,0,0,2025-03-08
Census Tract,sealed,,01/2020,57,121.5,2025-03-08
Census Tract,sealed,,02/2020,57,93,2025-03-08
Census Tract,sealed,,03/2020,33,94,2025-03-08
Census Tract,sealed,,04/2020,0,90,2025-03-08
Census Tract,sealed,,05/2020,11,83.5,2025-03-08
Census Tract,sealed,,06/2020,26,96,2025-03-08
Census Tract,sealed,,07/2020,19,113.5,2025-03-08
Census Tract,sealed,,08/2020,32,101,2025-03-08
Census Tract,sealed,,09/2020,34,98.5,2025-03-08
Census Tract,sealed,,10/2020,21,111.5,2025-03-08
Census Tract,sealed,,11/2020,45,111,2025-03-08
Census Tract,sealed,,12/2020,47,83,2025-03-08
Census Tract,sealed,,01/2021,34,121.5,2025-03-08
Census Tract,sealed,,02/2021,31,93,2025-03-08
Census Tract,sealed,,03/2021,29,94,2025-03-08
Census Tract,sealed,,04/2021,27,90,2025-03-08
Census Tract,sealed,,05/2021,26,83.5,2025-03-08
Census Tract,sealed,,06/2021,28,96,2025-03-08
Census Tract,sealed,,07/2021,26,113.5,2025-03-08
Census Tract,sealed,,08/2021,15,101,2025-03-08
Census Tract,sealed,,09/2021,59,98.5,2025-03-08
Census Tract,sealed,,10/2021,40,111.5,2025-03-08
Census Tract,sealed,,11/2021,35,111,2025-03-08
Census Tract,sealed,,12/2021,34,83,2025-03-08
Census Tract,sealed,,01/2022,65,121.5,2025-03-08
Census Tract,sealed,,02/2022,64,93,2025-03-08
Census Tract,sealed,,03/2022,68,94,2025-03-08
Census Tract,sealed,,04/2022,66,90,2025-03-08
Census Tract,sealed,,05/2022,61,83.5,2025-03-08
Census Tract,sealed,,06/2022,60,96,2025-03-08
Census Tract,sealed,,07/2022,75,113.5,2025-03-08
Census Tract,sealed,,08/2022,73,101,2025-03-08
Census Tract,sealed,,09/2022,85,98.5,2025-03-08
Census Tract,sealed,,10/2022,59,111.5,2025-03-08
Census Tract,sealed,,11/2022,67,111,2025-03-08
Census Tract,sealed,,12/2022,61,83,2025-03-08
Census Tract,sealed,,01/2023,100,121.5,2025-03-08
Census Tract,sealed,,02/2023,81,93,2025-03-08
Census Tract,sealed,,03/2023,81,94,2025-03-08
Census Tract,sealed,,04/2023,93,90,2025-03-08
Census Tract,sealed,,05/2023,77,83.5,2025-03-08
Census Tract,sealed,,06/2023,88,96,2025-03-08
Census Tract,sealed,,07/2023,119,113.5,2025-03-08
Census Tract,sealed,,08/2023,88,101,2025-03-08
Census Tract,sealed,,09/2023,92,98.5,2025-03-08
Census Tract,sealed,,10/2023,121,111.5,2025-03-08
Census Tract,sealed,,11/2023,104,111,2025-03-08
Census Tract,sealed,,12/2023,77,83,2025-03-08
Census Tract,sealed,,01/2024,143,121.5,2025-03-08
Census Tract,sealed,,02/2024,105,93,2025-03-08
Census Tract,sealed,,03/2024,107,94,2025-03-08
Census Tract,sealed,,04/2024,87,90,2025-03-08
Census Tract,sealed,,05/2024,90,83.5,2025-03-08
Census Tract,sealed,,06/2024,104,96,2025-03-08
Census Tract,sealed,,07/2024,108,113.5,2025-03-08
Census Tract,sealed,,08/2024,114,101,2025-03-08
Census Tract,sealed,,09/2024,105,98.5,2025-03-08
Census Tract,sealed,,10/2024,102,111.5,2025-03-08
Census Tract,sealed,,11/2024,118,111,2025-03-08
Census Tract,sealed,,12/2024,89,83,2025-03-08
Census Tract,sealed,,01/2025,118,121.5,2025-03-08
Census Tract,sealed,,02/2025,101,93,2025-03-08
Census Tract,sealed,,03/2025,0,7,2025-03-08
