group,month,month_last_day,month_filings,avg_filings,month_diff,month_filings_imputed,baseline_share
White,09/2022,,3392,5087.5,0.666732186732187,0.307793231976459,0.578734644516581
Black,09/2022,,3606,5607.5,0.643067320552831,0.615033840117705,0.314954490484374
Other,09/2022,,2287,3707.75,0.616816128379745,0.0246664051005395,
Latinx,09/2022,,,,,0.0525065228052967,0.0632836865890141
Female,09/2022,,,,,0.598047603208702,0.529603522364048
