group,month,month_last_day,month_filings,avg_filings,month_diff,month_filings_imputed,baseline_share
White,10/2022,,3410,5087.5,0.67027027027027,0.311472117856437,0.578734644516581
Black,10/2022,,3570,5607.5,0.63664734730272,0.610374629226814,0.314954490484374
Other,10/2022,,2219,3707.75,0.598476164789967,0.0242298793751236,
Latinx,10/2022,,,,,0.0539233735416255,0.0632836865890141
Female,10/2022,,,,,0.598047603208702,0.529603522364048
