month,month_last_day,month_filings,avg_filings,percentage_diff
January,,1228,1399,0.877769835596855
February,,1171,1199.75,0.976036674307147
March,,579,1020.75,0.567229977957384
April,,3,1034.5,0.00289995166747221
May,,298,1198.75,0.24859228362878
June,,435,1180.25,0.36856598178352
July,,436,1283.5,0.339696143358005
August,,477,1284,0.371495327102804
September,,629,1288.5,0.488164532402018
October,24/10/2020,399,1132.25,0.352395672333849
