group,month,month_last_day,month_filings,avg_filings,month_diff,month_filings_imputed,baseline_share
White,05/2022,,3028,5087.5,0.595184275184275,0.295050686888354,0.546971909993438
Black,05/2022,,3527,5607.5,0.628979045920642,0.631713681877247,0.344340720983891
Other,05/2022,,2318,3707.75,0.625176994133909,0.0126840542580387,
Latinx,05/2022,,,,,0.0478675227183222,0.078544061302682
Female,05/2022,,,,,0.564236571119421,0.529603522364048
