group,month,month_last_day,month_filings,avg_filings,month_diff,month_filings_imputed,baseline_share
White,08/2023,,4447,6820.5,0.652004984971776,0.353251645982741,0.578734644516581
Black,08/2023,,2914,4415.25,0.659985278296812,0.538651415305378,0.314954490484374
Other,08/2023,,1724,3174.5,0.543077650023626,0.0395775912470691,
Latinx,08/2023,,,,,0.0685193474648126,0.0632836865890141
Female,08/2023,,,,,0.58830932217882,0.529603522364048
