group,month,month_last_day,month_filings,avg_filings,month_diff,month_filings_imputed,baseline_share
White,08/2022,,3373,5087.5,0.662997542997543,0.310126270099635,0.578734644516581
Black,08/2022,,3539,5607.5,0.631119037004013,0.614900167702476,0.314954490484374
Other,08/2022,,2327,3707.75,0.627604342256085,0.0122750320607675,
Latinx,08/2022,,,,,0.050423498076354,0.0632836865890141
Female,08/2022,,,,,0.597236275424834,0.529603522364048
