month,month_last_day,month_filings,avg_filings,percentage_diff
January,,1143,1135.2,1.0068710359408
February,,887,850.4,1.04303857008467
March,,527,833.4,0.632349412047036
April,,239,959.2,0.249165971643036
May,,336,1119,0.300268096514745
June,,378,1148,0.329268292682927
July,,543,1289,0.421256788207913
August,,746,1185.8,0.629111148591668
September,19/09/2020,410,745,0.550335570469799
