group,month,month_last_day,month_filings,avg_filings,month_diff,month_filings_imputed,baseline_share
White,04/2023,,5821,4880.8,1.19263235535158,0.365599708544255,0.475117877435492
Black,04/2023,,5432,5731.6,0.947728382999511,0.573019941708851,0.421142973243749
Other,04/2023,,1771,2169.6,0.816279498525074,0.0339265991716521,
Latinx,04/2023,,,,,0.0274537505752416,0.0367469330848507
Female,04/2023,,,,,0.608095733001774,0.537000622389796
