group,month,month_last_day,month_filings,avg_filings,month_diff,month_filings_imputed,baseline_share
White,10/2022,,5296,4874.8,1.08640354476081,0.365707043407043,0.475117877435492
Black,10/2022,,5157,5727.6,0.900377121307354,0.577935298935299,0.421142973243749
Other,10/2022,,1711,2168.4,0.789061058845232,0.0319679770679771,
Latinx,10/2022,,,,,0.0243896805896806,0.0367469330848507
Female,10/2022,,,,,0.609264305965695,0.537000622389796
