month,month_last_day,month_filings,avg_filings,percentage_diff
January,,1143,1135.2,1.0068710359408
February,,887,850.4,1.04303857008467
March,,527,833.4,0.632349412047036
April,,239,959.2,0.249165971643036
May,,336,1119,0.300268096514745
June,,378,1148,0.329268292682927
July,18/07/2020,267,701,0.380884450784593
