group,month,month_last_day,month_filings,avg_filings,month_diff,month_filings_imputed,baseline_share
White,06/2023,,6054,4880.8,1.24037043107687,0.361689147400972,0.475117877435492
Black,06/2023,,5635,5731.6,0.98314606741573,0.575440730378442,0.421142973243749
Other,06/2023,,1871,2169.6,0.862370943952802,0.0343470033868355,
Latinx,06/2023,,,,,0.0285231188337506,0.0367469330848507
Female,06/2023,,,,,0.6010348545338,0.537000622389796
