group,month,month_last_day,month_filings,avg_filings,month_diff,month_filings_imputed,baseline_share
White,12/2022,,5262,4874.8,1.07942889964717,0.365297893597536,0.475117877435492
Black,12/2022,,5040,5727.6,0.879949717159019,0.575646740487886,0.421142973243749
Other,12/2022,,1673,2168.4,0.771536616860358,0.0323493464324369,
Latinx,12/2022,,,,,0.0267060194821414,0.0367469330848507
Female,12/2022,,,,,0.608672290356186,0.537000622389796
