group,month,month_last_day,month_filings,avg_filings,month_diff,month_filings_imputed,baseline_share
White,05/2022,,5393,4874.8,1.1063017969968,0.361029067004594,0.499034844808457
Black,05/2022,,5380,5727.6,0.939311404427684,0.581869475685094,0.40013349810126
Other,05/2022,,1738,2168.4,0.80151263604501,0.0168892364961191,
Latinx,05/2022,,,,,0.0233229843180738,0.0381957912017535
Female,05/2022,,,,,0.577060964261632,0.537000622389796
