group,month,month_last_day,month_filings,avg_filings,month_diff,month_filings_imputed,baseline_share
White,10/2023,,5816,4603.8,1.26330422694296,0.492872719274031,0.475117877435492
Black,10/2023,,5883,6009.8,0.978901128157343,0.392692380842541,0.421142973243749
Other,10/2023,,1873,2168.4,0.863770522043903,0.0638115414246992,
Latinx,10/2023,,,,,0.050623358458728,0.0367469330848507
Female,10/2023,,,,,0.60545835959189,0.537000622389796
