group,month,month_last_day,month_filings,avg_filings,month_diff,month_filings_imputed,baseline_share
White,05/2023,,5929,4880.8,1.21475987543026,0.365332525741975,0.475117877435492
Black,05/2023,,5462,5731.6,0.952962523553632,0.572433298001211,0.421142973243749
Other,05/2023,,1824,2169.6,0.84070796460177,0.034451998788613,
Latinx,05/2023,,,,,0.0277821774682011,0.0367469330848507
Female,05/2023,,,,,0.60479734067238,0.537000622389796
