group,month,month_last_day,month_filings,avg_filings,month_diff,month_filings_imputed,baseline_share
White,01/2023,,5719,4874.8,1.1731763354394,0.370468351440718,0.475117877435492
Black,01/2023,,5260,5727.6,0.918360220685802,0.570609825224374,0.421142973243749
Other,01/2023,,1743,2168.4,0.803818483674599,0.0332651550936861,
Latinx,01/2023,,,,,0.0256566682412219,0.0367469330848507
Female,01/2023,,,,,0.607565301159706,0.537000622389796
