group,month,month_last_day,month_filings,avg_filings,month_diff,month_filings_imputed,baseline_share
White,03/2023,,5841,4880.8,1.19673004425504,0.370001482637534,0.475117877435492
Black,03/2023,,5377,5731.6,0.93813245865029,0.571115645727663,0.421142973243749
Other,03/2023,,1781,2169.6,0.820888643067847,0.033151931330472,
Latinx,03/2023,,,,,0.0257309403043309,0.0367469330848507
Female,03/2023,,,,,0.60755409548793,0.537000622389796
