group,month,month_last_day,month_filings,avg_filings,month_diff,month_filings_imputed,baseline_share
White,08/2023,,5864,4603.8,1.27373039662887,0.477884354433429,0.475117877435492
Black,08/2023,,6059,6009.8,1.00818662850677,0.415031467023472,0.421142973243749
Other,08/2023,,1867,2168.4,0.861003504888397,0.0605267554754337,
Latinx,08/2023,,,,,0.0465574230676647,0.0367469330848507
Female,08/2023,,,,,0.608846508389297,0.537000622389796
