month,month_last_day,month_filings,avg_filings,percentage_diff
January,,1143,1135.2,1.0068710359408
February,,887,850.4,1.04303857008467
March,,527,833.4,0.632349412047036
April,,239,959.2,0.249165971643036
May,30/05/2020,333,1087.8,0.306122448979592
