type,GEOID,racial_majority,month,filings_2020,filings_avg,last_updated
Census Tract,39061000200,Black,01/2020,0,4,2025-03-08
Census Tract,39061000200,Black,02/2020,0,19,2025-03-08
Census Tract,39061000200,Black,03/2020,0,5.5,2025-03-08
Census Tract,39061000200,Black,04/2020,0,3,2025-03-08
Census Tract,39061000200,Black,05/2020,5,4,2025-03-08
Census Tract,39061000200,Black,06/2020,0,6,2025-03-08
Census Tract,39061000200,Black,07/2020,3,8,2025-03-08
Census Tract,39061000200,Black,08/2020,7,14,2025-03-08
Census Tract,39061000200,Black,09/2020,8,5,2025-03-08
Census Tract,39061000200,Black,10/2020,1,8,2025-03-08
Census Tract,39061000200,Black,11/2020,4,11.5,2025-03-08
Census Tract,39061000200,Black,12/2020,8,11,2025-03-08
Census Tract,39061000200,Black,01/2021,1,4,2025-03-08
Census Tract,39061000200,Black,02/2021,1,19,2025-03-08
Census Tract,39061000200,Black,03/2021,2,5.5,2025-03-08
Census Tract,39061000200,Black,04/2021,1,3,2025-03-08
Census Tract,39061000200,Black,05/2021,8,4,2025-03-08
Census Tract,39061000200,Black,06/2021,2,6,2025-03-08
Census Tract,39061000200,Black,07/2021,5,8,2025-03-08
Census Tract,39061000200,Black,08/2021,2,14,2025-03-08
Census Tract,39061000200,Black,09/2021,6,5,2025-03-08
Census Tract,39061000200,Black,10/2021,2,8,2025-03-08
Census Tract,39061000200,Black,11/2021,0,11.5,2025-03-08
Census Tract,39061000200,Black,12/2021,10,11,2025-03-08
Census Tract,39061000200,Black,01/2022,6,4,2025-03-08
Census Tract,39061000200,Black,02/2022,7,19,2025-03-08
Census Tract,39061000200,Black,03/2022,1,5.5,2025-03-08
Census Tract,39061000200,Black,04/2022,2,3,2025-03-08
Census Tract,39061000200,Black,05/2022,3,4,2025-03-08
Census Tract,39061000200,Black,06/2022,14,6,2025-03-08
Census Tract,39061000200,Black,07/2022,9,8,2025-03-08
Census Tract,39061000200,Black,08/2022,12,14,2025-03-08
Census Tract,39061000200,Black,09/2022,3,5,2025-03-08
Census Tract,39061000200,Black,10/2022,8,8,2025-03-08
Census Tract,39061000200,Black,11/2022,1,11.5,2025-03-08
Census Tract,39061000200,Black,12/2022,9,11,2025-03-08
Census Tract,39061000200,Black,01/2023,3,4,2025-03-08
Census Tract,39061000200,Black,02/2023,8,19,2025-03-08
Census Tract,39061000200,Black,03/2023,7,5.5,2025-03-08
Census Tract,39061000200,Black,04/2023,2,3,2025-03-08
Census Tract,39061000200,Black,05/2023,2,4,2025-03-08
Census Tract,39061000200,Black,06/2023,0,6,2025-03-08
Census Tract,39061000200,Black,07/2023,12,8,2025-03-08
Census Tract,39061000200,Black,08/2023,11,14,2025-03-08
Census Tract,39061000200,Black,09/2023,3,5,2025-03-08
Census Tract,39061000200,Black,10/2023,9,8,2025-03-08
Census Tract,39061000200,Black,11/2023,17,11.5,2025-03-08
Census Tract,39061000200,Black,12/2023,5,11,2025-03-08
Census Tract,39061000200,Black,01/2024,5,4,2025-03-08
Census Tract,39061000200,Black,02/2024,30,19,2025-03-08
Census Tract,39061000200,Black,03/2024,4,5.5,2025-03-08
Census Tract,39061000200,Black,04/2024,4,3,2025-03-08
Census Tract,39061000200,Black,05/2024,6,4,2025-03-08
Census Tract,39061000200,Black,06/2024,12,6,2025-03-08
Census Tract,39061000200,Black,07/2024,4,8,2025-03-08
Census Tract,39061000200,Black,08/2024,17,14,2025-03-08
Census Tract,39061000200,Black,09/2024,7,5,2025-03-08
Census Tract,39061000200,Black,10/2024,7,8,2025-03-08
Census Tract,39061000200,Black,11/2024,6,11.5,2025-03-08
Census Tract,39061000200,Black,12/2024,17,11,2025-03-08
Census Tract,39061000200,Black,01/2025,17,4,2025-03-08
Census Tract,39061000200,Black,02/2025,6,19,2025-03-08
Census Tract,39061000200,Black,03/2025,0,0,2025-03-08
Census Tract,39061000700,White,01/2020,0,4.5,2025-03-08
Census Tract,39061000700,White,02/2020,0,7,2025-03-08
Census Tract,39061000700,White,03/2020,0,5.5,2025-03-08
Census Tract,39061000700,White,04/2020,0,8.5,2025-03-08
Census Tract,39061000700,White,05/2020,1,4.5,2025-03-08
Census Tract,39061000700,White,06/2020,1,7,2025-03-08
Census Tract,39061000700,White,07/2020,0,7.5,2025-03-08
Census Tract,39061000700,White,08/2020,2,9,2025-03-08
Census Tract,39061000700,White,09/2020,1,6.5,2025-03-08
Census Tract,39061000700,White,10/2020,3,9.5,2025-03-08
Census Tract,39061000700,White,11/2020,4,5.5,2025-03-08
Census Tract,39061000700,White,12/2020,1,11,2025-03-08
Census Tract,39061000700,White,01/2021,3,4.5,2025-03-08
Census Tract,39061000700,White,02/2021,2,7,2025-03-08
Census Tract,39061000700,White,03/2021,2,5.5,2025-03-08
Census Tract,39061000700,White,04/2021,5,8.5,2025-03-08
Census Tract,39061000700,White,05/2021,3,4.5,2025-03-08
Census Tract,39061000700,White,06/2021,2,7,2025-03-08
Census Tract,39061000700,White,07/2021,13,7.5,2025-03-08
Census Tract,39061000700,White,08/2021,5,9,2025-03-08
Census Tract,39061000700,White,09/2021,5,6.5,2025-03-08
Census Tract,39061000700,White,10/2021,8,9.5,2025-03-08
Census Tract,39061000700,White,11/2021,5,5.5,2025-03-08
Census Tract,39061000700,White,12/2021,6,11,2025-03-08
Census Tract,39061000700,White,01/2022,2,4.5,2025-03-08
Census Tract,39061000700,White,02/2022,5,7,2025-03-08
Census Tract,39061000700,White,03/2022,5,5.5,2025-03-08
Census Tract,39061000700,White,04/2022,2,8.5,2025-03-08
Census Tract,39061000700,White,05/2022,7,4.5,2025-03-08
Census Tract,39061000700,White,06/2022,13,7,2025-03-08
Census Tract,39061000700,White,07/2022,7,7.5,2025-03-08
Census Tract,39061000700,White,08/2022,4,9,2025-03-08
Census Tract,39061000700,White,09/2022,4,6.5,2025-03-08
Census Tract,39061000700,White,10/2022,12,9.5,2025-03-08
Census Tract,39061000700,White,11/2022,1,5.5,2025-03-08
Census Tract,39061000700,White,12/2022,6,11,2025-03-08
Census Tract,39061000700,White,01/2023,4,4.5,2025-03-08
Census Tract,39061000700,White,02/2023,7,7,2025-03-08
Census Tract,39061000700,White,03/2023,6,5.5,2025-03-08
Census Tract,39061000700,White,04/2023,10,8.5,2025-03-08
Census Tract,39061000700,White,05/2023,4,4.5,2025-03-08
Census Tract,39061000700,White,06/2023,6,7,2025-03-08
Census Tract,39061000700,White,07/2023,11,7.5,2025-03-08
Census Tract,39061000700,White,08/2023,11,9,2025-03-08
Census Tract,39061000700,White,09/2023,0,6.5,2025-03-08
Census Tract,39061000700,White,10/2023,6,9.5,2025-03-08
Census Tract,39061000700,White,11/2023,4,5.5,2025-03-08
Census Tract,39061000700,White,12/2023,13,11,2025-03-08
Census Tract,39061000700,White,01/2024,5,4.5,2025-03-08
Census Tract,39061000700,White,02/2024,7,7,2025-03-08
Census Tract,39061000700,White,03/2024,5,5.5,2025-03-08
Census Tract,39061000700,White,04/2024,7,8.5,2025-03-08
Census Tract,39061000700,White,05/2024,5,4.5,2025-03-08
Census Tract,39061000700,White,06/2024,8,7,2025-03-08
Census Tract,39061000700,White,07/2024,4,7.5,2025-03-08
Census Tract,39061000700,White,08/2024,7,9,2025-03-08
Census Tract,39061000700,White,09/2024,13,6.5,2025-03-08
Census Tract,39061000700,White,10/2024,13,9.5,2025-03-08
Census Tract,39061000700,White,11/2024,7,5.5,2025-03-08
Census Tract,39061000700,White,12/2024,9,11,2025-03-08
Census Tract,39061000700,White,01/2025,5,4.5,2025-03-08
Census Tract,39061000700,White,02/2025,8,7,2025-03-08
Census Tract,39061000700,White,03/2025,0,1.5,2025-03-08
Census Tract,39061000900,White,01/2020,0,2,2025-03-08
Census Tract,39061000900,White,02/2020,0,8.5,2025-03-08
Census Tract,39061000900,White,03/2020,0,2.5,2025-03-08
Census Tract,39061000900,White,04/2020,0,2,2025-03-08
Census Tract,39061000900,White,05/2020,0,2.5,2025-03-08
Census Tract,39061000900,White,06/2020,1,3,2025-03-08
Census Tract,39061000900,White,07/2020,0,5,2025-03-08
Census Tract,39061000900,White,08/2020,2,1.5,2025-03-08
Census Tract,39061000900,White,09/2020,0,2.5,2025-03-08
Census Tract,39061000900,White,10/2020,0,2.5,2025-03-08
Census Tract,39061000900,White,11/2020,0,4,2025-03-08
Census Tract,39061000900,White,12/2020,0,1.5,2025-03-08
Census Tract,39061000900,White,01/2021,1,2,2025-03-08
Census Tract,39061000900,White,02/2021,0,8.5,2025-03-08
Census Tract,39061000900,White,03/2021,0,2.5,2025-03-08
Census Tract,39061000900,White,04/2021,0,2,2025-03-08
Census Tract,39061000900,White,05/2021,3,2.5,2025-03-08
Census Tract,39061000900,White,06/2021,0,3,2025-03-08
Census Tract,39061000900,White,07/2021,0,5,2025-03-08
Census Tract,39061000900,White,08/2021,0,1.5,2025-03-08
Census Tract,39061000900,White,09/2021,0,2.5,2025-03-08
Census Tract,39061000900,White,10/2021,2,2.5,2025-03-08
Census Tract,39061000900,White,11/2021,1,4,2025-03-08
Census Tract,39061000900,White,12/2021,0,1.5,2025-03-08
Census Tract,39061000900,White,01/2022,0,2,2025-03-08
Census Tract,39061000900,White,02/2022,2,8.5,2025-03-08
Census Tract,39061000900,White,03/2022,1,2.5,2025-03-08
Census Tract,39061000900,White,04/2022,3,2,2025-03-08
Census Tract,39061000900,White,05/2022,5,2.5,2025-03-08
Census Tract,39061000900,White,06/2022,3,3,2025-03-08
Census Tract,39061000900,White,07/2022,3,5,2025-03-08
Census Tract,39061000900,White,08/2022,0,1.5,2025-03-08
Census Tract,39061000900,White,09/2022,0,2.5,2025-03-08
Census Tract,39061000900,White,10/2022,4,2.5,2025-03-08
Census Tract,39061000900,White,11/2022,2,4,2025-03-08
Census Tract,39061000900,White,12/2022,4,1.5,2025-03-08
Census Tract,39061000900,White,01/2023,3,2,2025-03-08
Census Tract,39061000900,White,02/2023,3,8.5,2025-03-08
Census Tract,39061000900,White,03/2023,2,2.5,2025-03-08
Census Tract,39061000900,White,04/2023,3,2,2025-03-08
Census Tract,39061000900,White,05/2023,1,2.5,2025-03-08
Census Tract,39061000900,White,06/2023,4,3,2025-03-08
Census Tract,39061000900,White,07/2023,5,5,2025-03-08
Census Tract,39061000900,White,08/2023,2,1.5,2025-03-08
Census Tract,39061000900,White,09/2023,2,2.5,2025-03-08
Census Tract,39061000900,White,10/2023,4,2.5,2025-03-08
Census Tract,39061000900,White,11/2023,7,4,2025-03-08
Census Tract,39061000900,White,12/2023,1,1.5,2025-03-08
Census Tract,39061000900,White,01/2024,1,2,2025-03-08
Census Tract,39061000900,White,02/2024,14,8.5,2025-03-08
Census Tract,39061000900,White,03/2024,3,2.5,2025-03-08
Census Tract,39061000900,White,04/2024,1,2,2025-03-08
Census Tract,39061000900,White,05/2024,4,2.5,2025-03-08
Census Tract,39061000900,White,06/2024,2,3,2025-03-08
Census Tract,39061000900,White,07/2024,5,5,2025-03-08
Census Tract,39061000900,White,08/2024,1,1.5,2025-03-08
Census Tract,39061000900,White,09/2024,3,2.5,2025-03-08
Census Tract,39061000900,White,10/2024,1,2.5,2025-03-08
Census Tract,39061000900,White,11/2024,1,4,2025-03-08
Census Tract,39061000900,White,12/2024,2,1.5,2025-03-08
Census Tract,39061000900,White,01/2025,9,2,2025-03-08
Census Tract,39061000900,White,02/2025,3,8.5,2025-03-08
Census Tract,39061000900,White,03/2025,0,0.5,2025-03-08
Census Tract,39061001000,White,01/2020,0,5,2025-03-08
Census Tract,39061001000,White,02/2020,0,4.5,2025-03-08
Census Tract,39061001000,White,03/2020,0,0.5,2025-03-08
Census Tract,39061001000,White,04/2020,0,3,2025-03-08
Census Tract,39061001000,White,05/2020,0,4.5,2025-03-08
Census Tract,39061001000,White,06/2020,1,1.5,2025-03-08
Census Tract,39061001000,White,07/2020,0,4.5,2025-03-08
Census Tract,39061001000,White,08/2020,8,1.5,2025-03-08
Census Tract,39061001000,White,09/2020,2,2.5,2025-03-08
Census Tract,39061001000,White,10/2020,0,1.5,2025-03-08
Census Tract,39061001000,White,11/2020,2,3.5,2025-03-08
Census Tract,39061001000,White,12/2020,0,5.5,2025-03-08
Census Tract,39061001000,White,01/2021,2,5,2025-03-08
Census Tract,39061001000,White,02/2021,2,4,2025-03-08
Census Tract,39061001000,White,03/2021,3,0.5,2025-03-08
Census Tract,39061001000,White,04/2021,0,3,2025-03-08
Census Tract,39061001000,White,05/2021,0,4.5,2025-03-08
Census Tract,39061001000,White,06/2021,4,1.5,2025-03-08
Census Tract,39061001000,White,07/2021,0,4.5,2025-03-08
Census Tract,39061001000,White,08/2021,6,1.5,2025-03-08
Census Tract,39061001000,White,09/2021,2,2.5,2025-03-08
Census Tract,39061001000,White,10/2021,2,1.5,2025-03-08
Census Tract,39061001000,White,11/2021,0,3.5,2025-03-08
Census Tract,39061001000,White,12/2021,0,5.5,2025-03-08
Census Tract,39061001000,White,01/2022,0,5,2025-03-08
Census Tract,39061001000,White,02/2022,0,4,2025-03-08
Census Tract,39061001000,White,03/2022,0,0.5,2025-03-08
Census Tract,39061001000,White,04/2022,4,3,2025-03-08
Census Tract,39061001000,White,05/2022,1,4.5,2025-03-08
Census Tract,39061001000,White,06/2022,2,1.5,2025-03-08
Census Tract,39061001000,White,07/2022,6,4.5,2025-03-08
Census Tract,39061001000,White,08/2022,6,1.5,2025-03-08
Census Tract,39061001000,White,09/2022,1,2.5,2025-03-08
Census Tract,39061001000,White,10/2022,4,1.5,2025-03-08
Census Tract,39061001000,White,11/2022,2,3.5,2025-03-08
Census Tract,39061001000,White,12/2022,0,5.5,2025-03-08
Census Tract,39061001000,White,01/2023,3,5,2025-03-08
Census Tract,39061001000,White,02/2023,4,4,2025-03-08
Census Tract,39061001000,White,03/2023,1,0.5,2025-03-08
Census Tract,39061001000,White,04/2023,2,3,2025-03-08
Census Tract,39061001000,White,05/2023,8,4.5,2025-03-08
Census Tract,39061001000,White,06/2023,1,1.5,2025-03-08
Census Tract,39061001000,White,07/2023,5,4.5,2025-03-08
Census Tract,39061001000,White,08/2023,3,1.5,2025-03-08
Census Tract,39061001000,White,09/2023,3,2.5,2025-03-08
Census Tract,39061001000,White,10/2023,3,1.5,2025-03-08
Census Tract,39061001000,White,11/2023,1,3.5,2025-03-08
Census Tract,39061001000,White,12/2023,5,5.5,2025-03-08
Census Tract,39061001000,White,01/2024,7,5,2025-03-08
Census Tract,39061001000,White,02/2024,5,4.5,2025-03-08
Census Tract,39061001000,White,03/2024,0,0.5,2025-03-08
Census Tract,39061001000,White,04/2024,4,3,2025-03-08
Census Tract,39061001000,White,05/2024,1,4.5,2025-03-08
Census Tract,39061001000,White,06/2024,2,1.5,2025-03-08
Census Tract,39061001000,White,07/2024,4,4.5,2025-03-08
Census Tract,39061001000,White,08/2024,0,1.5,2025-03-08
Census Tract,39061001000,White,09/2024,2,2.5,2025-03-08
Census Tract,39061001000,White,10/2024,0,1.5,2025-03-08
Census Tract,39061001000,White,11/2024,6,3.5,2025-03-08
Census Tract,39061001000,White,12/2024,6,5.5,2025-03-08
Census Tract,39061001000,White,01/2025,6,5,2025-03-08
Census Tract,39061001000,White,02/2025,4,4,2025-03-08
Census Tract,39061001000,White,03/2025,0,0,2025-03-08
Census Tract,39061001100,White,01/2020,0,1,2025-03-08
Census Tract,39061001100,White,02/2020,0,0,2025-03-08
Census Tract,39061001100,White,03/2020,0,1,2025-03-08
Census Tract,39061001100,White,04/2020,0,6,2025-03-08
Census Tract,39061001100,White,05/2020,0,3,2025-03-08
Census Tract,39061001100,White,06/2020,0,1.5,2025-03-08
Census Tract,39061001100,White,07/2020,1,4.5,2025-03-08
Census Tract,39061001100,White,08/2020,0,4.5,2025-03-08
Census Tract,39061001100,White,09/2020,2,2,2025-03-08
Census Tract,39061001100,White,10/2020,1,1,2025-03-08
Census Tract,39061001100,White,11/2020,1,2.5,2025-03-08
Census Tract,39061001100,White,12/2020,2,2,2025-03-08
Census Tract,39061001100,White,01/2021,0,1,2025-03-08
Census Tract,39061001100,White,02/2021,1,0,2025-03-08
Census Tract,39061001100,White,03/2021,3,1,2025-03-08
Census Tract,39061001100,White,04/2021,1,6,2025-03-08
Census Tract,39061001100,White,05/2021,0,3,2025-03-08
Census Tract,39061001100,White,06/2021,1,1.5,2025-03-08
Census Tract,39061001100,White,07/2021,4,4.5,2025-03-08
Census Tract,39061001100,White,08/2021,2,4.5,2025-03-08
Census Tract,39061001100,White,09/2021,1,2,2025-03-08
Census Tract,39061001100,White,10/2021,2,1,2025-03-08
Census Tract,39061001100,White,11/2021,1,2.5,2025-03-08
Census Tract,39061001100,White,12/2021,0,2,2025-03-08
Census Tract,39061001100,White,01/2022,0,1,2025-03-08
Census Tract,39061001100,White,02/2022,1,0,2025-03-08
Census Tract,39061001100,White,03/2022,0,1,2025-03-08
Census Tract,39061001100,White,04/2022,0,6,2025-03-08
Census Tract,39061001100,White,05/2022,3,3,2025-03-08
Census Tract,39061001100,White,06/2022,1,1.5,2025-03-08
Census Tract,39061001100,White,07/2022,1,4.5,2025-03-08
Census Tract,39061001100,White,08/2022,2,4.5,2025-03-08
Census Tract,39061001100,White,09/2022,0,2,2025-03-08
Census Tract,39061001100,White,10/2022,0,1,2025-03-08
Census Tract,39061001100,White,11/2022,0,2.5,2025-03-08
Census Tract,39061001100,White,12/2022,1,2,2025-03-08
Census Tract,39061001100,White,01/2023,0,1,2025-03-08
Census Tract,39061001100,White,02/2023,0,0,2025-03-08
Census Tract,39061001100,White,03/2023,0,1,2025-03-08
Census Tract,39061001100,White,04/2023,7,6,2025-03-08
Census Tract,39061001100,White,05/2023,1,3,2025-03-08
Census Tract,39061001100,White,06/2023,1,1.5,2025-03-08
Census Tract,39061001100,White,07/2023,4,4.5,2025-03-08
Census Tract,39061001100,White,08/2023,5,4.5,2025-03-08
Census Tract,39061001100,White,09/2023,3,2,2025-03-08
Census Tract,39061001100,White,10/2023,0,1,2025-03-08
Census Tract,39061001100,White,11/2023,2,2.5,2025-03-08
Census Tract,39061001100,White,12/2023,1,2,2025-03-08
Census Tract,39061001100,White,01/2024,2,1,2025-03-08
Census Tract,39061001100,White,02/2024,0,0,2025-03-08
Census Tract,39061001100,White,03/2024,2,1,2025-03-08
Census Tract,39061001100,White,04/2024,5,6,2025-03-08
Census Tract,39061001100,White,05/2024,5,3,2025-03-08
Census Tract,39061001100,White,06/2024,2,1.5,2025-03-08
Census Tract,39061001100,White,07/2024,5,4.5,2025-03-08
Census Tract,39061001100,White,08/2024,4,4.5,2025-03-08
Census Tract,39061001100,White,09/2024,1,2,2025-03-08
Census Tract,39061001100,White,10/2024,2,1,2025-03-08
Census Tract,39061001100,White,11/2024,3,2.5,2025-03-08
Census Tract,39061001100,White,12/2024,3,2,2025-03-08
Census Tract,39061001100,White,01/2025,2,1,2025-03-08
Census Tract,39061001100,White,02/2025,4,0,2025-03-08
Census Tract,39061001100,White,03/2025,0,0,2025-03-08
Census Tract,39061001600,Black,01/2020,0,1.5,2025-03-08
Census Tract,39061001600,Black,02/2020,0,4.5,2025-03-08
Census Tract,39061001600,Black,03/2020,0,8.5,2025-03-08
Census Tract,39061001600,Black,04/2020,0,1.5,2025-03-08
Census Tract,39061001600,Black,05/2020,0,5,2025-03-08
Census Tract,39061001600,Black,06/2020,0,1.5,2025-03-08
Census Tract,39061001600,Black,07/2020,1,2.5,2025-03-08
Census Tract,39061001600,Black,08/2020,0,4.5,2025-03-08
Census Tract,39061001600,Black,09/2020,2,4.5,2025-03-08
Census Tract,39061001600,Black,10/2020,0,0.5,2025-03-08
Census Tract,39061001600,Black,11/2020,0,0,2025-03-08
Census Tract,39061001600,Black,12/2020,1,4,2025-03-08
Census Tract,39061001600,Black,01/2021,0,1.5,2025-03-08
Census Tract,39061001600,Black,02/2021,1,4.5,2025-03-08
Census Tract,39061001600,Black,03/2021,0,8.5,2025-03-08
Census Tract,39061001600,Black,04/2021,2,1.5,2025-03-08
Census Tract,39061001600,Black,05/2021,1,5,2025-03-08
Census Tract,39061001600,Black,06/2021,0,1.5,2025-03-08
Census Tract,39061001600,Black,07/2021,1,2.5,2025-03-08
Census Tract,39061001600,Black,08/2021,2,4.5,2025-03-08
Census Tract,39061001600,Black,09/2021,3,4.5,2025-03-08
Census Tract,39061001600,Black,10/2021,4,0.5,2025-03-08
Census Tract,39061001600,Black,11/2021,2,0,2025-03-08
Census Tract,39061001600,Black,12/2021,0,4,2025-03-08
Census Tract,39061001600,Black,01/2022,0,1.5,2025-03-08
Census Tract,39061001600,Black,02/2022,0,4.5,2025-03-08
Census Tract,39061001600,Black,03/2022,1,8.5,2025-03-08
Census Tract,39061001600,Black,04/2022,2,1.5,2025-03-08
Census Tract,39061001600,Black,05/2022,0,5,2025-03-08
Census Tract,39061001600,Black,06/2022,3,1.5,2025-03-08
Census Tract,39061001600,Black,07/2022,3,2.5,2025-03-08
Census Tract,39061001600,Black,08/2022,9,4.5,2025-03-08
Census Tract,39061001600,Black,09/2022,3,4.5,2025-03-08
Census Tract,39061001600,Black,10/2022,8,0.5,2025-03-08
Census Tract,39061001600,Black,11/2022,1,0,2025-03-08
Census Tract,39061001600,Black,12/2022,2,4,2025-03-08
Census Tract,39061001600,Black,01/2023,2,1.5,2025-03-08
Census Tract,39061001600,Black,02/2023,4,4.5,2025-03-08
Census Tract,39061001600,Black,03/2023,12,8.5,2025-03-08
Census Tract,39061001600,Black,04/2023,0,1.5,2025-03-08
Census Tract,39061001600,Black,05/2023,3,5,2025-03-08
Census Tract,39061001600,Black,06/2023,1,1.5,2025-03-08
Census Tract,39061001600,Black,07/2023,1,2.5,2025-03-08
Census Tract,39061001600,Black,08/2023,3,4.5,2025-03-08
Census Tract,39061001600,Black,09/2023,5,4.5,2025-03-08
Census Tract,39061001600,Black,10/2023,1,0.5,2025-03-08
Census Tract,39061001600,Black,11/2023,0,0,2025-03-08
Census Tract,39061001600,Black,12/2023,4,4,2025-03-08
Census Tract,39061001600,Black,01/2024,1,1.5,2025-03-08
Census Tract,39061001600,Black,02/2024,5,4.5,2025-03-08
Census Tract,39061001600,Black,03/2024,5,8.5,2025-03-08
Census Tract,39061001600,Black,04/2024,3,1.5,2025-03-08
Census Tract,39061001600,Black,05/2024,7,5,2025-03-08
Census Tract,39061001600,Black,06/2024,2,1.5,2025-03-08
Census Tract,39061001600,Black,07/2024,4,2.5,2025-03-08
Census Tract,39061001600,Black,08/2024,6,4.5,2025-03-08
Census Tract,39061001600,Black,09/2024,4,4.5,2025-03-08
Census Tract,39061001600,Black,10/2024,0,0.5,2025-03-08
Census Tract,39061001600,Black,11/2024,0,0,2025-03-08
Census Tract,39061001600,Black,12/2024,4,4,2025-03-08
Census Tract,39061001600,Black,01/2025,11,1.5,2025-03-08
Census Tract,39061001600,Black,02/2025,4,4.5,2025-03-08
Census Tract,39061001600,Black,03/2025,0,1,2025-03-08
Census Tract,39061001700,Black,01/2020,0,2,2025-03-08
Census Tract,39061001700,Black,02/2020,0,5,2025-03-08
Census Tract,39061001700,Black,03/2020,0,3,2025-03-08
Census Tract,39061001700,Black,04/2020,0,1,2025-03-08
Census Tract,39061001700,Black,05/2020,0,2,2025-03-08
Census Tract,39061001700,Black,06/2020,0,3,2025-03-08
Census Tract,39061001700,Black,07/2020,1,8,2025-03-08
Census Tract,39061001700,Black,08/2020,0,3,2025-03-08
Census Tract,39061001700,Black,09/2020,0,3,2025-03-08
Census Tract,39061001700,Black,10/2020,1,1,2025-03-08
Census Tract,39061001700,Black,11/2020,0,3.5,2025-03-08
Census Tract,39061001700,Black,12/2020,0,1.5,2025-03-08
Census Tract,39061001700,Black,01/2021,3,2,2025-03-08
Census Tract,39061001700,Black,02/2021,0,5,2025-03-08
Census Tract,39061001700,Black,03/2021,0,3,2025-03-08
Census Tract,39061001700,Black,04/2021,2,1,2025-03-08
Census Tract,39061001700,Black,05/2021,0,2,2025-03-08
Census Tract,39061001700,Black,06/2021,1,3,2025-03-08
Census Tract,39061001700,Black,07/2021,1,8,2025-03-08
Census Tract,39061001700,Black,08/2021,0,3,2025-03-08
Census Tract,39061001700,Black,09/2021,0,3,2025-03-08
Census Tract,39061001700,Black,10/2021,4,1,2025-03-08
Census Tract,39061001700,Black,11/2021,0,3.5,2025-03-08
Census Tract,39061001700,Black,12/2021,2,1.5,2025-03-08
Census Tract,39061001700,Black,01/2022,1,2,2025-03-08
Census Tract,39061001700,Black,02/2022,0,5,2025-03-08
Census Tract,39061001700,Black,03/2022,2,3,2025-03-08
Census Tract,39061001700,Black,04/2022,1,1,2025-03-08
Census Tract,39061001700,Black,05/2022,3,2,2025-03-08
Census Tract,39061001700,Black,06/2022,3,3,2025-03-08
Census Tract,39061001700,Black,07/2022,3,8,2025-03-08
Census Tract,39061001700,Black,08/2022,4,3,2025-03-08
Census Tract,39061001700,Black,09/2022,4,3,2025-03-08
Census Tract,39061001700,Black,10/2022,6,1,2025-03-08
Census Tract,39061001700,Black,11/2022,2,3.5,2025-03-08
Census Tract,39061001700,Black,12/2022,1,1.5,2025-03-08
Census Tract,39061001700,Black,01/2023,3,2,2025-03-08
Census Tract,39061001700,Black,02/2023,0,5,2025-03-08
Census Tract,39061001700,Black,03/2023,4,3,2025-03-08
Census Tract,39061001700,Black,04/2023,0,1,2025-03-08
Census Tract,39061001700,Black,05/2023,3,2,2025-03-08
Census Tract,39061001700,Black,06/2023,2,3,2025-03-08
Census Tract,39061001700,Black,07/2023,4,8,2025-03-08
Census Tract,39061001700,Black,08/2023,2,3,2025-03-08
Census Tract,39061001700,Black,09/2023,1,3,2025-03-08
Census Tract,39061001700,Black,10/2023,1,1,2025-03-08
Census Tract,39061001700,Black,11/2023,5,3.5,2025-03-08
Census Tract,39061001700,Black,12/2023,0,1.5,2025-03-08
Census Tract,39061001700,Black,01/2024,1,2,2025-03-08
Census Tract,39061001700,Black,02/2024,10,5,2025-03-08
Census Tract,39061001700,Black,03/2024,2,3,2025-03-08
Census Tract,39061001700,Black,04/2024,2,1,2025-03-08
Census Tract,39061001700,Black,05/2024,1,2,2025-03-08
Census Tract,39061001700,Black,06/2024,4,3,2025-03-08
Census Tract,39061001700,Black,07/2024,12,8,2025-03-08
Census Tract,39061001700,Black,08/2024,4,3,2025-03-08
Census Tract,39061001700,Black,09/2024,5,3,2025-03-08
Census Tract,39061001700,Black,10/2024,1,1,2025-03-08
Census Tract,39061001700,Black,11/2024,2,3.5,2025-03-08
Census Tract,39061001700,Black,12/2024,3,1.5,2025-03-08
Census Tract,39061001700,Black,01/2025,4,2,2025-03-08
Census Tract,39061001700,Black,02/2025,3,5,2025-03-08
Census Tract,39061001700,Black,03/2025,0,0,2025-03-08
Census Tract,39061001800,White,01/2020,0,0.5,2025-03-08
Census Tract,39061001800,White,02/2020,0,0,2025-03-08
Census Tract,39061001800,White,03/2020,0,0.5,2025-03-08
Census Tract,39061001800,White,04/2020,0,0.5,2025-03-08
Census Tract,39061001800,White,05/2020,0,0,2025-03-08
Census Tract,39061001800,White,06/2020,0,0.5,2025-03-08
Census Tract,39061001800,White,07/2020,0,1.5,2025-03-08
Census Tract,39061001800,White,08/2020,0,0.5,2025-03-08
Census Tract,39061001800,White,09/2020,0,0,2025-03-08
Census Tract,39061001800,White,10/2020,0,0.5,2025-03-08
Census Tract,39061001800,White,11/2020,0,1.5,2025-03-08
Census Tract,39061001800,White,12/2020,0,1,2025-03-08
Census Tract,39061001800,White,01/2021,2,0.5,2025-03-08
Census Tract,39061001800,White,02/2021,0,0,2025-03-08
Census Tract,39061001800,White,03/2021,0,0.5,2025-03-08
Census Tract,39061001800,White,04/2021,1,0.5,2025-03-08
Census Tract,39061001800,White,05/2021,0,0,2025-03-08
Census Tract,39061001800,White,06/2021,1,0.5,2025-03-08
Census Tract,39061001800,White,07/2021,1,1.5,2025-03-08
Census Tract,39061001800,White,08/2021,0,0.5,2025-03-08
Census Tract,39061001800,White,09/2021,0,0,2025-03-08
Census Tract,39061001800,White,10/2021,0,0.5,2025-03-08
Census Tract,39061001800,White,11/2021,0,1.5,2025-03-08
Census Tract,39061001800,White,12/2021,0,1,2025-03-08
Census Tract,39061001800,White,01/2022,0,0.5,2025-03-08
Census Tract,39061001800,White,02/2022,0,0,2025-03-08
Census Tract,39061001800,White,03/2022,1,0.5,2025-03-08
Census Tract,39061001800,White,04/2022,2,0.5,2025-03-08
Census Tract,39061001800,White,05/2022,0,0,2025-03-08
Census Tract,39061001800,White,06/2022,0,0.5,2025-03-08
Census Tract,39061001800,White,07/2022,2,1.5,2025-03-08
Census Tract,39061001800,White,08/2022,0,0.5,2025-03-08
Census Tract,39061001800,White,09/2022,2,0,2025-03-08
Census Tract,39061001800,White,10/2022,0,0.5,2025-03-08
Census Tract,39061001800,White,11/2022,1,1.5,2025-03-08
Census Tract,39061001800,White,12/2022,1,1,2025-03-08
Census Tract,39061001800,White,01/2023,0,0.5,2025-03-08
Census Tract,39061001800,White,02/2023,0,0,2025-03-08
Census Tract,39061001800,White,03/2023,1,0.5,2025-03-08
Census Tract,39061001800,White,04/2023,0,0.5,2025-03-08
Census Tract,39061001800,White,05/2023,0,0,2025-03-08
Census Tract,39061001800,White,06/2023,0,0.5,2025-03-08
Census Tract,39061001800,White,07/2023,0,1.5,2025-03-08
Census Tract,39061001800,White,08/2023,0,0.5,2025-03-08
Census Tract,39061001800,White,09/2023,0,0,2025-03-08
Census Tract,39061001800,White,10/2023,1,0.5,2025-03-08
Census Tract,39061001800,White,11/2023,0,1.5,2025-03-08
Census Tract,39061001800,White,12/2023,1,1,2025-03-08
Census Tract,39061001800,White,01/2024,1,0.5,2025-03-08
Census Tract,39061001800,White,02/2024,0,0,2025-03-08
Census Tract,39061001800,White,03/2024,0,0.5,2025-03-08
Census Tract,39061001800,White,04/2024,1,0.5,2025-03-08
Census Tract,39061001800,White,05/2024,0,0,2025-03-08
Census Tract,39061001800,White,06/2024,1,0.5,2025-03-08
Census Tract,39061001800,White,07/2024,3,1.5,2025-03-08
Census Tract,39061001800,White,08/2024,1,0.5,2025-03-08
Census Tract,39061001800,White,09/2024,0,0,2025-03-08
Census Tract,39061001800,White,10/2024,0,0.5,2025-03-08
Census Tract,39061001800,White,11/2024,3,1.5,2025-03-08
Census Tract,39061001800,White,12/2024,1,1,2025-03-08
Census Tract,39061001800,White,01/2025,2,0.5,2025-03-08
Census Tract,39061001800,White,02/2025,2,0,2025-03-08
Census Tract,39061001800,White,03/2025,0,0,2025-03-08
Census Tract,39061001900,White,01/2020,0,3.5,2025-03-08
Census Tract,39061001900,White,02/2020,0,5.5,2025-03-08
Census Tract,39061001900,White,03/2020,0,5.5,2025-03-08
Census Tract,39061001900,White,04/2020,0,3.5,2025-03-08
Census Tract,39061001900,White,05/2020,0,5,2025-03-08
Census Tract,39061001900,White,06/2020,0,2.5,2025-03-08
Census Tract,39061001900,White,07/2020,1,6,2025-03-08
Census Tract,39061001900,White,08/2020,4,8,2025-03-08
Census Tract,39061001900,White,09/2020,4,2.5,2025-03-08
Census Tract,39061001900,White,10/2020,2,6.5,2025-03-08
Census Tract,39061001900,White,11/2020,1,4,2025-03-08
Census Tract,39061001900,White,12/2020,0,6,2025-03-08
Census Tract,39061001900,White,01/2021,1,3.5,2025-03-08
Census Tract,39061001900,White,02/2021,0,5.5,2025-03-08
Census Tract,39061001900,White,03/2021,1,5.5,2025-03-08
Census Tract,39061001900,White,04/2021,0,3.5,2025-03-08
Census Tract,39061001900,White,05/2021,3,5,2025-03-08
Census Tract,39061001900,White,06/2021,3,2.5,2025-03-08
Census Tract,39061001900,White,07/2021,1,6,2025-03-08
Census Tract,39061001900,White,08/2021,0,8,2025-03-08
Census Tract,39061001900,White,09/2021,5,2.5,2025-03-08
Census Tract,39061001900,White,10/2021,1,6.5,2025-03-08
Census Tract,39061001900,White,11/2021,2,4,2025-03-08
Census Tract,39061001900,White,12/2021,2,6,2025-03-08
Census Tract,39061001900,White,01/2022,1,3.5,2025-03-08
Census Tract,39061001900,White,02/2022,2,5.5,2025-03-08
Census Tract,39061001900,White,03/2022,4,5.5,2025-03-08
Census Tract,39061001900,White,04/2022,3,3.5,2025-03-08
Census Tract,39061001900,White,05/2022,2,5,2025-03-08
Census Tract,39061001900,White,06/2022,3,2.5,2025-03-08
Census Tract,39061001900,White,07/2022,3,6,2025-03-08
Census Tract,39061001900,White,08/2022,8,8,2025-03-08
Census Tract,39061001900,White,09/2022,6,2.5,2025-03-08
Census Tract,39061001900,White,10/2022,4,6.5,2025-03-08
Census Tract,39061001900,White,11/2022,4,4,2025-03-08
Census Tract,39061001900,White,12/2022,3,6,2025-03-08
Census Tract,39061001900,White,01/2023,1,3.5,2025-03-08
Census Tract,39061001900,White,02/2023,5,5.5,2025-03-08
Census Tract,39061001900,White,03/2023,7,5.5,2025-03-08
Census Tract,39061001900,White,04/2023,1,3.5,2025-03-08
Census Tract,39061001900,White,05/2023,5,5,2025-03-08
Census Tract,39061001900,White,06/2023,2,2.5,2025-03-08
Census Tract,39061001900,White,07/2023,3,6,2025-03-08
Census Tract,39061001900,White,08/2023,7,8,2025-03-08
Census Tract,39061001900,White,09/2023,2,2.5,2025-03-08
Census Tract,39061001900,White,10/2023,7,6.5,2025-03-08
Census Tract,39061001900,White,11/2023,5,4,2025-03-08
Census Tract,39061001900,White,12/2023,7,6,2025-03-08
Census Tract,39061001900,White,01/2024,6,3.5,2025-03-08
Census Tract,39061001900,White,02/2024,6,5.5,2025-03-08
Census Tract,39061001900,White,03/2024,4,5.5,2025-03-08
Census Tract,39061001900,White,04/2024,6,3.5,2025-03-08
Census Tract,39061001900,White,05/2024,5,5,2025-03-08
Census Tract,39061001900,White,06/2024,3,2.5,2025-03-08
Census Tract,39061001900,White,07/2024,9,6,2025-03-08
Census Tract,39061001900,White,08/2024,9,8,2025-03-08
Census Tract,39061001900,White,09/2024,3,2.5,2025-03-08
Census Tract,39061001900,White,10/2024,6,6.5,2025-03-08
Census Tract,39061001900,White,11/2024,3,4,2025-03-08
Census Tract,39061001900,White,12/2024,5,6,2025-03-08
Census Tract,39061001900,White,01/2025,5,3.5,2025-03-08
Census Tract,39061001900,White,02/2025,3,5.5,2025-03-08
Census Tract,39061001900,White,03/2025,0,2,2025-03-08
Census Tract,39061002000,White,01/2020,0,2,2025-03-08
Census Tract,39061002000,White,02/2020,0,1,2025-03-08
Census Tract,39061002000,White,03/2020,0,3,2025-03-08
Census Tract,39061002000,White,04/2020,0,2,2025-03-08
Census Tract,39061002000,White,05/2020,0,1,2025-03-08
Census Tract,39061002000,White,06/2020,0,3.5,2025-03-08
Census Tract,39061002000,White,07/2020,1,2.5,2025-03-08
Census Tract,39061002000,White,08/2020,2,3,2025-03-08
Census Tract,39061002000,White,09/2020,1,0.5,2025-03-08
Census Tract,39061002000,White,10/2020,0,2,2025-03-08
Census Tract,39061002000,White,11/2020,0,1.5,2025-03-08
Census Tract,39061002000,White,12/2020,2,3,2025-03-08
Census Tract,39061002000,White,01/2021,0,2,2025-03-08
Census Tract,39061002000,White,02/2021,0,1,2025-03-08
Census Tract,39061002000,White,03/2021,1,3,2025-03-08
Census Tract,39061002000,White,04/2021,0,2,2025-03-08
Census Tract,39061002000,White,05/2021,0,1,2025-03-08
Census Tract,39061002000,White,06/2021,0,3.5,2025-03-08
Census Tract,39061002000,White,07/2021,1,2.5,2025-03-08
Census Tract,39061002000,White,08/2021,1,3,2025-03-08
Census Tract,39061002000,White,09/2021,0,0.5,2025-03-08
Census Tract,39061002000,White,10/2021,2,2,2025-03-08
Census Tract,39061002000,White,11/2021,0,1.5,2025-03-08
Census Tract,39061002000,White,12/2021,1,3,2025-03-08
Census Tract,39061002000,White,01/2022,1,2,2025-03-08
Census Tract,39061002000,White,02/2022,3,1,2025-03-08
Census Tract,39061002000,White,03/2022,2,3,2025-03-08
Census Tract,39061002000,White,04/2022,2,2,2025-03-08
Census Tract,39061002000,White,05/2022,3,1,2025-03-08
Census Tract,39061002000,White,06/2022,0,3.5,2025-03-08
Census Tract,39061002000,White,07/2022,2,2.5,2025-03-08
Census Tract,39061002000,White,08/2022,0,3,2025-03-08
Census Tract,39061002000,White,09/2022,1,0.5,2025-03-08
Census Tract,39061002000,White,10/2022,1,2,2025-03-08
Census Tract,39061002000,White,11/2022,0,1.5,2025-03-08
Census Tract,39061002000,White,12/2022,5,3,2025-03-08
Census Tract,39061002000,White,01/2023,1,2,2025-03-08
Census Tract,39061002000,White,02/2023,1,1,2025-03-08
Census Tract,39061002000,White,03/2023,4,3,2025-03-08
Census Tract,39061002000,White,04/2023,2,2,2025-03-08
Census Tract,39061002000,White,05/2023,1,1,2025-03-08
Census Tract,39061002000,White,06/2023,6,3.5,2025-03-08
Census Tract,39061002000,White,07/2023,3,2.5,2025-03-08
Census Tract,39061002000,White,08/2023,3,3,2025-03-08
Census Tract,39061002000,White,09/2023,1,0.5,2025-03-08
Census Tract,39061002000,White,10/2023,2,2,2025-03-08
Census Tract,39061002000,White,11/2023,2,1.5,2025-03-08
Census Tract,39061002000,White,12/2023,0,3,2025-03-08
Census Tract,39061002000,White,01/2024,3,2,2025-03-08
Census Tract,39061002000,White,02/2024,1,1,2025-03-08
Census Tract,39061002000,White,03/2024,2,3,2025-03-08
Census Tract,39061002000,White,04/2024,2,2,2025-03-08
Census Tract,39061002000,White,05/2024,1,1,2025-03-08
Census Tract,39061002000,White,06/2024,1,3.5,2025-03-08
Census Tract,39061002000,White,07/2024,2,2.5,2025-03-08
Census Tract,39061002000,White,08/2024,3,3,2025-03-08
Census Tract,39061002000,White,09/2024,0,0.5,2025-03-08
Census Tract,39061002000,White,10/2024,2,2,2025-03-08
Census Tract,39061002000,White,11/2024,1,1.5,2025-03-08
Census Tract,39061002000,White,12/2024,6,3,2025-03-08
Census Tract,39061002000,White,01/2025,3,2,2025-03-08
Census Tract,39061002000,White,02/2025,0,1,2025-03-08
Census Tract,39061002000,White,03/2025,0,0.5,2025-03-08
Census Tract,39061002200,Black,01/2020,0,8.5,2025-03-08
Census Tract,39061002200,Black,02/2020,0,6,2025-03-08
Census Tract,39061002200,Black,03/2020,0,7,2025-03-08
Census Tract,39061002200,Black,04/2020,0,5.5,2025-03-08
Census Tract,39061002200,Black,05/2020,1,10,2025-03-08
Census Tract,39061002200,Black,06/2020,7,8.5,2025-03-08
Census Tract,39061002200,Black,07/2020,7,8,2025-03-08
Census Tract,39061002200,Black,08/2020,2,10,2025-03-08
Census Tract,39061002200,Black,09/2020,16,5.5,2025-03-08
Census Tract,39061002200,Black,10/2020,9,6.5,2025-03-08
Census Tract,39061002200,Black,11/2020,2,4,2025-03-08
Census Tract,39061002200,Black,12/2020,2,6,2025-03-08
Census Tract,39061002200,Black,01/2021,2,8.5,2025-03-08
Census Tract,39061002200,Black,02/2021,13,6,2025-03-08
Census Tract,39061002200,Black,03/2021,5,7,2025-03-08
Census Tract,39061002200,Black,04/2021,4,5.5,2025-03-08
Census Tract,39061002200,Black,05/2021,2,10,2025-03-08
Census Tract,39061002200,Black,06/2021,12,8.5,2025-03-08
Census Tract,39061002200,Black,07/2021,11,8,2025-03-08
Census Tract,39061002200,Black,08/2021,3,10,2025-03-08
Census Tract,39061002200,Black,09/2021,6,5.5,2025-03-08
Census Tract,39061002200,Black,10/2021,9,6.5,2025-03-08
Census Tract,39061002200,Black,11/2021,5,4,2025-03-08
Census Tract,39061002200,Black,12/2021,6,6,2025-03-08
Census Tract,39061002200,Black,01/2022,4,8.5,2025-03-08
Census Tract,39061002200,Black,02/2022,1,6,2025-03-08
Census Tract,39061002200,Black,03/2022,9,7,2025-03-08
Census Tract,39061002200,Black,04/2022,9,5.5,2025-03-08
Census Tract,39061002200,Black,05/2022,9,10,2025-03-08
Census Tract,39061002200,Black,06/2022,7,8.5,2025-03-08
Census Tract,39061002200,Black,07/2022,8,8,2025-03-08
Census Tract,39061002200,Black,08/2022,13,10,2025-03-08
Census Tract,39061002200,Black,09/2022,3,5.5,2025-03-08
Census Tract,39061002200,Black,10/2022,16,6.5,2025-03-08
Census Tract,39061002200,Black,11/2022,5,4,2025-03-08
Census Tract,39061002200,Black,12/2022,8,6,2025-03-08
Census Tract,39061002200,Black,01/2023,7,8.5,2025-03-08
Census Tract,39061002200,Black,02/2023,11,6,2025-03-08
Census Tract,39061002200,Black,03/2023,7,7,2025-03-08
Census Tract,39061002200,Black,04/2023,3,5.5,2025-03-08
Census Tract,39061002200,Black,05/2023,10,10,2025-03-08
Census Tract,39061002200,Black,06/2023,10,8.5,2025-03-08
Census Tract,39061002200,Black,07/2023,2,8,2025-03-08
Census Tract,39061002200,Black,08/2023,12,10,2025-03-08
Census Tract,39061002200,Black,09/2023,6,5.5,2025-03-08
Census Tract,39061002200,Black,10/2023,4,6.5,2025-03-08
Census Tract,39061002200,Black,11/2023,5,4,2025-03-08
Census Tract,39061002200,Black,12/2023,10,6,2025-03-08
Census Tract,39061002200,Black,01/2024,10,8.5,2025-03-08
Census Tract,39061002200,Black,02/2024,1,6,2025-03-08
Census Tract,39061002200,Black,03/2024,7,7,2025-03-08
Census Tract,39061002200,Black,04/2024,8,5.5,2025-03-08
Census Tract,39061002200,Black,05/2024,10,10,2025-03-08
Census Tract,39061002200,Black,06/2024,7,8.5,2025-03-08
Census Tract,39061002200,Black,07/2024,14,8,2025-03-08
Census Tract,39061002200,Black,08/2024,8,10,2025-03-08
Census Tract,39061002200,Black,09/2024,5,5.5,2025-03-08
Census Tract,39061002200,Black,10/2024,9,6.5,2025-03-08
Census Tract,39061002200,Black,11/2024,3,4,2025-03-08
Census Tract,39061002200,Black,12/2024,2,6,2025-03-08
Census Tract,39061002200,Black,01/2025,8,8.5,2025-03-08
Census Tract,39061002200,Black,02/2025,6,6,2025-03-08
Census Tract,39061002200,Black,03/2025,0,1.5,2025-03-08
Census Tract,39061002300,Black,01/2020,0,0.5,2025-03-08
Census Tract,39061002300,Black,02/2020,0,2.5,2025-03-08
Census Tract,39061002300,Black,03/2020,0,0,2025-03-08
Census Tract,39061002300,Black,04/2020,0,0,2025-03-08
Census Tract,39061002300,Black,05/2020,0,1,2025-03-08
Census Tract,39061002300,Black,06/2020,1,1,2025-03-08
Census Tract,39061002300,Black,07/2020,1,2.5,2025-03-08
Census Tract,39061002300,Black,08/2020,0,2,2025-03-08
Census Tract,39061002300,Black,09/2020,1,0.5,2025-03-08
Census Tract,39061002300,Black,10/2020,1,2,2025-03-08
Census Tract,39061002300,Black,11/2020,4,1,2025-03-08
Census Tract,39061002300,Black,12/2020,1,1,2025-03-08
Census Tract,39061002300,Black,01/2021,2,0.5,2025-03-08
Census Tract,39061002300,Black,02/2021,1,2.5,2025-03-08
Census Tract,39061002300,Black,03/2021,9,0,2025-03-08
Census Tract,39061002300,Black,04/2021,2,0,2025-03-08
Census Tract,39061002300,Black,05/2021,1,1,2025-03-08
Census Tract,39061002300,Black,06/2021,1,1,2025-03-08
Census Tract,39061002300,Black,07/2021,4,2.5,2025-03-08
Census Tract,39061002300,Black,08/2021,2,2,2025-03-08
Census Tract,39061002300,Black,09/2021,3,0.5,2025-03-08
Census Tract,39061002300,Black,10/2021,0,2,2025-03-08
Census Tract,39061002300,Black,11/2021,3,1,2025-03-08
Census Tract,39061002300,Black,12/2021,1,1,2025-03-08
Census Tract,39061002300,Black,01/2022,1,0.5,2025-03-08
Census Tract,39061002300,Black,02/2022,2,2.5,2025-03-08
Census Tract,39061002300,Black,03/2022,1,0,2025-03-08
Census Tract,39061002300,Black,04/2022,1,0,2025-03-08
Census Tract,39061002300,Black,05/2022,0,1,2025-03-08
Census Tract,39061002300,Black,06/2022,0,1,2025-03-08
Census Tract,39061002300,Black,07/2022,3,2.5,2025-03-08
Census Tract,39061002300,Black,08/2022,0,2,2025-03-08
Census Tract,39061002300,Black,09/2022,1,0.5,2025-03-08
Census Tract,39061002300,Black,10/2022,3,2,2025-03-08
Census Tract,39061002300,Black,11/2022,0,1,2025-03-08
Census Tract,39061002300,Black,12/2022,1,1,2025-03-08
Census Tract,39061002300,Black,01/2023,0,0.5,2025-03-08
Census Tract,39061002300,Black,02/2023,3,2.5,2025-03-08
Census Tract,39061002300,Black,03/2023,0,0,2025-03-08
Census Tract,39061002300,Black,04/2023,0,0,2025-03-08
Census Tract,39061002300,Black,05/2023,1,1,2025-03-08
Census Tract,39061002300,Black,06/2023,2,1,2025-03-08
Census Tract,39061002300,Black,07/2023,2,2.5,2025-03-08
Census Tract,39061002300,Black,08/2023,1,2,2025-03-08
Census Tract,39061002300,Black,09/2023,0,0.5,2025-03-08
Census Tract,39061002300,Black,10/2023,3,2,2025-03-08
Census Tract,39061002300,Black,11/2023,2,1,2025-03-08
Census Tract,39061002300,Black,12/2023,0,1,2025-03-08
Census Tract,39061002300,Black,01/2024,1,0.5,2025-03-08
Census Tract,39061002300,Black,02/2024,2,2.5,2025-03-08
Census Tract,39061002300,Black,03/2024,0,0,2025-03-08
Census Tract,39061002300,Black,04/2024,0,0,2025-03-08
Census Tract,39061002300,Black,05/2024,1,1,2025-03-08
Census Tract,39061002300,Black,06/2024,0,1,2025-03-08
Census Tract,39061002300,Black,07/2024,3,2.5,2025-03-08
Census Tract,39061002300,Black,08/2024,3,2,2025-03-08
Census Tract,39061002300,Black,09/2024,1,0.5,2025-03-08
Census Tract,39061002300,Black,10/2024,1,2,2025-03-08
Census Tract,39061002300,Black,11/2024,0,1,2025-03-08
Census Tract,39061002300,Black,12/2024,2,1,2025-03-08
Census Tract,39061002300,Black,01/2025,2,0.5,2025-03-08
Census Tract,39061002300,Black,02/2025,0,2.5,2025-03-08
Census Tract,39061002300,Black,03/2025,0,0,2025-03-08
Census Tract,39061002500,White,01/2020,0,3.5,2025-03-08
Census Tract,39061002500,White,02/2020,0,1.5,2025-03-08
Census Tract,39061002500,White,03/2020,0,2.5,2025-03-08
Census Tract,39061002500,White,04/2020,0,1.5,2025-03-08
Census Tract,39061002500,White,05/2020,1,4,2025-03-08
Census Tract,39061002500,White,06/2020,1,4,2025-03-08
Census Tract,39061002500,White,07/2020,6,3.5,2025-03-08
Census Tract,39061002500,White,08/2020,0,2.5,2025-03-08
Census Tract,39061002500,White,09/2020,3,1,2025-03-08
Census Tract,39061002500,White,10/2020,2,2,2025-03-08
Census Tract,39061002500,White,11/2020,0,3,2025-03-08
Census Tract,39061002500,White,12/2020,0,3,2025-03-08
Census Tract,39061002500,White,01/2021,2,3.5,2025-03-08
Census Tract,39061002500,White,02/2021,1,1.5,2025-03-08
Census Tract,39061002500,White,03/2021,2,2.5,2025-03-08
Census Tract,39061002500,White,04/2021,0,1.5,2025-03-08
Census Tract,39061002500,White,05/2021,2,4,2025-03-08
Census Tract,39061002500,White,06/2021,3,4,2025-03-08
Census Tract,39061002500,White,07/2021,5,3.5,2025-03-08
Census Tract,39061002500,White,08/2021,0,2.5,2025-03-08
Census Tract,39061002500,White,09/2021,4,1,2025-03-08
Census Tract,39061002500,White,10/2021,2,2,2025-03-08
Census Tract,39061002500,White,11/2021,2,3,2025-03-08
Census Tract,39061002500,White,12/2021,2,3,2025-03-08
Census Tract,39061002500,White,01/2022,2,3.5,2025-03-08
Census Tract,39061002500,White,02/2022,0,1.5,2025-03-08
Census Tract,39061002500,White,03/2022,8,2.5,2025-03-08
Census Tract,39061002500,White,04/2022,1,1.5,2025-03-08
Census Tract,39061002500,White,05/2022,2,4,2025-03-08
Census Tract,39061002500,White,06/2022,0,4,2025-03-08
Census Tract,39061002500,White,07/2022,4,3.5,2025-03-08
Census Tract,39061002500,White,08/2022,4,2.5,2025-03-08
Census Tract,39061002500,White,09/2022,0,1,2025-03-08
Census Tract,39061002500,White,10/2022,3,2,2025-03-08
Census Tract,39061002500,White,11/2022,2,3,2025-03-08
Census Tract,39061002500,White,12/2022,2,3,2025-03-08
Census Tract,39061002500,White,01/2023,5,3.5,2025-03-08
Census Tract,39061002500,White,02/2023,2,1.5,2025-03-08
Census Tract,39061002500,White,03/2023,3,2.5,2025-03-08
Census Tract,39061002500,White,04/2023,1,1.5,2025-03-08
Census Tract,39061002500,White,05/2023,2,4,2025-03-08
Census Tract,39061002500,White,06/2023,0,4,2025-03-08
Census Tract,39061002500,White,07/2023,3,3.5,2025-03-08
Census Tract,39061002500,White,08/2023,1,2.5,2025-03-08
Census Tract,39061002500,White,09/2023,1,1,2025-03-08
Census Tract,39061002500,White,10/2023,1,2,2025-03-08
Census Tract,39061002500,White,11/2023,4,3,2025-03-08
Census Tract,39061002500,White,12/2023,4,3,2025-03-08
Census Tract,39061002500,White,01/2024,2,3.5,2025-03-08
Census Tract,39061002500,White,02/2024,1,1.5,2025-03-08
Census Tract,39061002500,White,03/2024,2,2.5,2025-03-08
Census Tract,39061002500,White,04/2024,2,1.5,2025-03-08
Census Tract,39061002500,White,05/2024,6,4,2025-03-08
Census Tract,39061002500,White,06/2024,8,4,2025-03-08
Census Tract,39061002500,White,07/2024,4,3.5,2025-03-08
Census Tract,39061002500,White,08/2024,4,2.5,2025-03-08
Census Tract,39061002500,White,09/2024,1,1,2025-03-08
Census Tract,39061002500,White,10/2024,3,2,2025-03-08
Census Tract,39061002500,White,11/2024,2,3,2025-03-08
Census Tract,39061002500,White,12/2024,2,3,2025-03-08
Census Tract,39061002500,White,01/2025,1,3.5,2025-03-08
Census Tract,39061002500,White,02/2025,2,1.5,2025-03-08
Census Tract,39061002500,White,03/2025,0,0.5,2025-03-08
Census Tract,39061002600,White,01/2020,0,3,2025-03-08
Census Tract,39061002600,White,02/2020,0,1.5,2025-03-08
Census Tract,39061002600,White,03/2020,0,2.5,2025-03-08
Census Tract,39061002600,White,04/2020,0,0,2025-03-08
Census Tract,39061002600,White,05/2020,1,4,2025-03-08
Census Tract,39061002600,White,06/2020,2,6,2025-03-08
Census Tract,39061002600,White,07/2020,2,3,2025-03-08
Census Tract,39061002600,White,08/2020,1,4.5,2025-03-08
Census Tract,39061002600,White,09/2020,2,5,2025-03-08
Census Tract,39061002600,White,10/2020,2,5,2025-03-08
Census Tract,39061002600,White,11/2020,2,1,2025-03-08
Census Tract,39061002600,White,12/2020,1,3.5,2025-03-08
Census Tract,39061002600,White,01/2021,1,3,2025-03-08
Census Tract,39061002600,White,02/2021,0,1.5,2025-03-08
Census Tract,39061002600,White,03/2021,5,2.5,2025-03-08
Census Tract,39061002600,White,04/2021,3,0,2025-03-08
Census Tract,39061002600,White,05/2021,3,4,2025-03-08
Census Tract,39061002600,White,06/2021,3,6,2025-03-08
Census Tract,39061002600,White,07/2021,6,3,2025-03-08
Census Tract,39061002600,White,08/2021,3,4.5,2025-03-08
Census Tract,39061002600,White,09/2021,2,5,2025-03-08
Census Tract,39061002600,White,10/2021,1,5,2025-03-08
Census Tract,39061002600,White,11/2021,0,1,2025-03-08
Census Tract,39061002600,White,12/2021,1,3.5,2025-03-08
Census Tract,39061002600,White,01/2022,3,3,2025-03-08
Census Tract,39061002600,White,02/2022,5,1.5,2025-03-08
Census Tract,39061002600,White,03/2022,5,2.5,2025-03-08
Census Tract,39061002600,White,04/2022,1,0,2025-03-08
Census Tract,39061002600,White,05/2022,3,4,2025-03-08
Census Tract,39061002600,White,06/2022,1,6,2025-03-08
Census Tract,39061002600,White,07/2022,5,3,2025-03-08
Census Tract,39061002600,White,08/2022,1,4.5,2025-03-08
Census Tract,39061002600,White,09/2022,6,5,2025-03-08
Census Tract,39061002600,White,10/2022,8,5,2025-03-08
Census Tract,39061002600,White,11/2022,3,1,2025-03-08
Census Tract,39061002600,White,12/2022,4,3.5,2025-03-08
Census Tract,39061002600,White,01/2023,3,3,2025-03-08
Census Tract,39061002600,White,02/2023,3,1.5,2025-03-08
Census Tract,39061002600,White,03/2023,4,2.5,2025-03-08
Census Tract,39061002600,White,04/2023,0,0,2025-03-08
Census Tract,39061002600,White,05/2023,4,4,2025-03-08
Census Tract,39061002600,White,06/2023,4,6,2025-03-08
Census Tract,39061002600,White,07/2023,4,3,2025-03-08
Census Tract,39061002600,White,08/2023,5,4.5,2025-03-08
Census Tract,39061002600,White,09/2023,7,5,2025-03-08
Census Tract,39061002600,White,10/2023,3,5,2025-03-08
Census Tract,39061002600,White,11/2023,1,1,2025-03-08
Census Tract,39061002600,White,12/2023,3,3.5,2025-03-08
Census Tract,39061002600,White,01/2024,3,3,2025-03-08
Census Tract,39061002600,White,02/2024,0,1.5,2025-03-08
Census Tract,39061002600,White,03/2024,1,2.5,2025-03-08
Census Tract,39061002600,White,04/2024,0,0,2025-03-08
Census Tract,39061002600,White,05/2024,4,4,2025-03-08
Census Tract,39061002600,White,06/2024,8,6,2025-03-08
Census Tract,39061002600,White,07/2024,2,3,2025-03-08
Census Tract,39061002600,White,08/2024,4,4.5,2025-03-08
Census Tract,39061002600,White,09/2024,3,5,2025-03-08
Census Tract,39061002600,White,10/2024,7,5,2025-03-08
Census Tract,39061002600,White,11/2024,1,1,2025-03-08
Census Tract,39061002600,White,12/2024,4,3.5,2025-03-08
Census Tract,39061002600,White,01/2025,2,3,2025-03-08
Census Tract,39061002600,White,02/2025,0,1.5,2025-03-08
Census Tract,39061002600,White,03/2025,0,1,2025-03-08
Census Tract,39061002700,White,01/2020,0,2.5,2025-03-08
Census Tract,39061002700,White,02/2020,0,1,2025-03-08
Census Tract,39061002700,White,03/2020,0,2,2025-03-08
Census Tract,39061002700,White,04/2020,0,0.5,2025-03-08
Census Tract,39061002700,White,05/2020,1,0.5,2025-03-08
Census Tract,39061002700,White,06/2020,2,4,2025-03-08
Census Tract,39061002700,White,07/2020,2,1.5,2025-03-08
Census Tract,39061002700,White,08/2020,0,2.5,2025-03-08
Census Tract,39061002700,White,09/2020,0,2,2025-03-08
Census Tract,39061002700,White,10/2020,0,2,2025-03-08
Census Tract,39061002700,White,11/2020,1,1,2025-03-08
Census Tract,39061002700,White,12/2020,0,1,2025-03-08
Census Tract,39061002700,White,01/2021,2,2.5,2025-03-08
Census Tract,39061002700,White,02/2021,0,1,2025-03-08
Census Tract,39061002700,White,03/2021,1,2,2025-03-08
Census Tract,39061002700,White,04/2021,0,0.5,2025-03-08
Census Tract,39061002700,White,05/2021,3,0.5,2025-03-08
Census Tract,39061002700,White,06/2021,1,4,2025-03-08
Census Tract,39061002700,White,07/2021,1,1.5,2025-03-08
Census Tract,39061002700,White,08/2021,2,2.5,2025-03-08
Census Tract,39061002700,White,09/2021,1,2,2025-03-08
Census Tract,39061002700,White,10/2021,0,2,2025-03-08
Census Tract,39061002700,White,11/2021,1,1,2025-03-08
Census Tract,39061002700,White,12/2021,1,1,2025-03-08
Census Tract,39061002700,White,01/2022,5,2.5,2025-03-08
Census Tract,39061002700,White,02/2022,1,1,2025-03-08
Census Tract,39061002700,White,03/2022,2,2,2025-03-08
Census Tract,39061002700,White,04/2022,0,0.5,2025-03-08
Census Tract,39061002700,White,05/2022,1,0.5,2025-03-08
Census Tract,39061002700,White,06/2022,0,4,2025-03-08
Census Tract,39061002700,White,07/2022,1,1.5,2025-03-08
Census Tract,39061002700,White,08/2022,2,2.5,2025-03-08
Census Tract,39061002700,White,09/2022,1,2,2025-03-08
Census Tract,39061002700,White,10/2022,4,2,2025-03-08
Census Tract,39061002700,White,11/2022,1,1,2025-03-08
Census Tract,39061002700,White,12/2022,2,1,2025-03-08
Census Tract,39061002700,White,01/2023,0,2.5,2025-03-08
Census Tract,39061002700,White,02/2023,0,1,2025-03-08
Census Tract,39061002700,White,03/2023,1,2,2025-03-08
Census Tract,39061002700,White,04/2023,0,0.5,2025-03-08
Census Tract,39061002700,White,05/2023,0,0.5,2025-03-08
Census Tract,39061002700,White,06/2023,2,4,2025-03-08
Census Tract,39061002700,White,07/2023,1,1.5,2025-03-08
Census Tract,39061002700,White,08/2023,2,2.5,2025-03-08
Census Tract,39061002700,White,09/2023,3,2,2025-03-08
Census Tract,39061002700,White,10/2023,3,2,2025-03-08
Census Tract,39061002700,White,11/2023,1,1,2025-03-08
Census Tract,39061002700,White,12/2023,2,1,2025-03-08
Census Tract,39061002700,White,01/2024,5,2.5,2025-03-08
Census Tract,39061002700,White,02/2024,2,1,2025-03-08
Census Tract,39061002700,White,03/2024,3,2,2025-03-08
Census Tract,39061002700,White,04/2024,1,0.5,2025-03-08
Census Tract,39061002700,White,05/2024,1,0.5,2025-03-08
Census Tract,39061002700,White,06/2024,6,4,2025-03-08
Census Tract,39061002700,White,07/2024,2,1.5,2025-03-08
Census Tract,39061002700,White,08/2024,3,2.5,2025-03-08
Census Tract,39061002700,White,09/2024,1,2,2025-03-08
Census Tract,39061002700,White,10/2024,1,2,2025-03-08
Census Tract,39061002700,White,11/2024,1,1,2025-03-08
Census Tract,39061002700,White,12/2024,0,1,2025-03-08
Census Tract,39061002700,White,01/2025,1,2.5,2025-03-08
Census Tract,39061002700,White,02/2025,2,1,2025-03-08
Census Tract,39061002700,White,03/2025,0,1,2025-03-08
Census Tract,39061002800,White,01/2020,0,3,2025-03-08
Census Tract,39061002800,White,02/2020,0,2,2025-03-08
Census Tract,39061002800,White,03/2020,0,2.5,2025-03-08
Census Tract,39061002800,White,04/2020,0,3.5,2025-03-08
Census Tract,39061002800,White,05/2020,4,3.5,2025-03-08
Census Tract,39061002800,White,06/2020,1,4,2025-03-08
Census Tract,39061002800,White,07/2020,2,4,2025-03-08
Census Tract,39061002800,White,08/2020,2,4.5,2025-03-08
Census Tract,39061002800,White,09/2020,1,4.5,2025-03-08
Census Tract,39061002800,White,10/2020,0,5,2025-03-08
Census Tract,39061002800,White,11/2020,0,2,2025-03-08
Census Tract,39061002800,White,12/2020,2,5,2025-03-08
Census Tract,39061002800,White,01/2021,0,3,2025-03-08
Census Tract,39061002800,White,02/2021,1,2,2025-03-08
Census Tract,39061002800,White,03/2021,2,2.5,2025-03-08
Census Tract,39061002800,White,04/2021,1,3.5,2025-03-08
Census Tract,39061002800,White,05/2021,7,3.5,2025-03-08
Census Tract,39061002800,White,06/2021,4,4,2025-03-08
Census Tract,39061002800,White,07/2021,5,4,2025-03-08
Census Tract,39061002800,White,08/2021,1,4.5,2025-03-08
Census Tract,39061002800,White,09/2021,4,4.5,2025-03-08
Census Tract,39061002800,White,10/2021,6,5,2025-03-08
Census Tract,39061002800,White,11/2021,1,2,2025-03-08
Census Tract,39061002800,White,12/2021,1,5,2025-03-08
Census Tract,39061002800,White,01/2022,3,3,2025-03-08
Census Tract,39061002800,White,02/2022,0,2,2025-03-08
Census Tract,39061002800,White,03/2022,2,2.5,2025-03-08
Census Tract,39061002800,White,04/2022,0,3.5,2025-03-08
Census Tract,39061002800,White,05/2022,7,3.5,2025-03-08
Census Tract,39061002800,White,06/2022,1,4,2025-03-08
Census Tract,39061002800,White,07/2022,3,4,2025-03-08
Census Tract,39061002800,White,08/2022,5,4.5,2025-03-08
Census Tract,39061002800,White,09/2022,6,4.5,2025-03-08
Census Tract,39061002800,White,10/2022,7,5,2025-03-08
Census Tract,39061002800,White,11/2022,4,2,2025-03-08
Census Tract,39061002800,White,12/2022,4,5,2025-03-08
Census Tract,39061002800,White,01/2023,1,3,2025-03-08
Census Tract,39061002800,White,02/2023,2,2,2025-03-08
Census Tract,39061002800,White,03/2023,1,2.5,2025-03-08
Census Tract,39061002800,White,04/2023,3,3.5,2025-03-08
Census Tract,39061002800,White,05/2023,2,3.5,2025-03-08
Census Tract,39061002800,White,06/2023,3,4,2025-03-08
Census Tract,39061002800,White,07/2023,5,4,2025-03-08
Census Tract,39061002800,White,08/2023,6,4.5,2025-03-08
Census Tract,39061002800,White,09/2023,6,4.5,2025-03-08
Census Tract,39061002800,White,10/2023,5,5,2025-03-08
Census Tract,39061002800,White,11/2023,1,2,2025-03-08
Census Tract,39061002800,White,12/2023,5,5,2025-03-08
Census Tract,39061002800,White,01/2024,5,3,2025-03-08
Census Tract,39061002800,White,02/2024,2,2,2025-03-08
Census Tract,39061002800,White,03/2024,4,2.5,2025-03-08
Census Tract,39061002800,White,04/2024,4,3.5,2025-03-08
Census Tract,39061002800,White,05/2024,5,3.5,2025-03-08
Census Tract,39061002800,White,06/2024,5,4,2025-03-08
Census Tract,39061002800,White,07/2024,3,4,2025-03-08
Census Tract,39061002800,White,08/2024,3,4.5,2025-03-08
Census Tract,39061002800,White,09/2024,3,4.5,2025-03-08
Census Tract,39061002800,White,10/2024,5,5,2025-03-08
Census Tract,39061002800,White,11/2024,3,2,2025-03-08
Census Tract,39061002800,White,12/2024,5,5,2025-03-08
Census Tract,39061002800,White,01/2025,1,3,2025-03-08
Census Tract,39061002800,White,02/2025,3,2,2025-03-08
Census Tract,39061002800,White,03/2025,0,0,2025-03-08
Census Tract,39061002901,White,01/2020,0,0.5,2025-03-08
Census Tract,39061002901,White,02/2020,0,3,2025-03-08
Census Tract,39061002901,White,03/2020,0,3.5,2025-03-08
Census Tract,39061002901,White,04/2020,0,3,2025-03-08
Census Tract,39061002901,White,05/2020,2,3.5,2025-03-08
Census Tract,39061002901,White,06/2020,0,2,2025-03-08
Census Tract,39061002901,White,07/2020,1,2.5,2025-03-08
Census Tract,39061002901,White,08/2020,0,2.5,2025-03-08
Census Tract,39061002901,White,09/2020,0,2.5,2025-03-08
Census Tract,39061002901,White,10/2020,0,5.5,2025-03-08
Census Tract,39061002901,White,11/2020,1,4.5,2025-03-08
Census Tract,39061002901,White,12/2020,1,8.5,2025-03-08
Census Tract,39061002901,White,01/2021,0,0.5,2025-03-08
Census Tract,39061002901,White,02/2021,0,3,2025-03-08
Census Tract,39061002901,White,03/2021,0,3.5,2025-03-08
Census Tract,39061002901,White,04/2021,2,3,2025-03-08
Census Tract,39061002901,White,05/2021,2,3.5,2025-03-08
Census Tract,39061002901,White,06/2021,1,2,2025-03-08
Census Tract,39061002901,White,07/2021,1,2.5,2025-03-08
Census Tract,39061002901,White,08/2021,1,2.5,2025-03-08
Census Tract,39061002901,White,09/2021,2,2.5,2025-03-08
Census Tract,39061002901,White,10/2021,3,5.5,2025-03-08
Census Tract,39061002901,White,11/2021,0,4.5,2025-03-08
Census Tract,39061002901,White,12/2021,1,8.5,2025-03-08
Census Tract,39061002901,White,01/2022,1,0.5,2025-03-08
Census Tract,39061002901,White,02/2022,2,3,2025-03-08
Census Tract,39061002901,White,03/2022,2,3.5,2025-03-08
Census Tract,39061002901,White,04/2022,1,3,2025-03-08
Census Tract,39061002901,White,05/2022,3,3.5,2025-03-08
Census Tract,39061002901,White,06/2022,2,2,2025-03-08
Census Tract,39061002901,White,07/2022,2,2.5,2025-03-08
Census Tract,39061002901,White,08/2022,6,2.5,2025-03-08
Census Tract,39061002901,White,09/2022,2,2.5,2025-03-08
Census Tract,39061002901,White,10/2022,3,5.5,2025-03-08
Census Tract,39061002901,White,11/2022,1,4.5,2025-03-08
Census Tract,39061002901,White,12/2022,3,8.5,2025-03-08
Census Tract,39061002901,White,01/2023,0,0.5,2025-03-08
Census Tract,39061002901,White,02/2023,0,3,2025-03-08
Census Tract,39061002901,White,03/2023,6,3.5,2025-03-08
Census Tract,39061002901,White,04/2023,4,3,2025-03-08
Census Tract,39061002901,White,05/2023,4,3.5,2025-03-08
Census Tract,39061002901,White,06/2023,1,2,2025-03-08
Census Tract,39061002901,White,07/2023,3,2.5,2025-03-08
Census Tract,39061002901,White,08/2023,0,2.5,2025-03-08
Census Tract,39061002901,White,09/2023,3,2.5,2025-03-08
Census Tract,39061002901,White,10/2023,0,5.5,2025-03-08
Census Tract,39061002901,White,11/2023,4,4.5,2025-03-08
Census Tract,39061002901,White,12/2023,8,8.5,2025-03-08
Census Tract,39061002901,White,01/2024,1,0.5,2025-03-08
Census Tract,39061002901,White,02/2024,6,3,2025-03-08
Census Tract,39061002901,White,03/2024,1,3.5,2025-03-08
Census Tract,39061002901,White,04/2024,2,3,2025-03-08
Census Tract,39061002901,White,05/2024,3,3.5,2025-03-08
Census Tract,39061002901,White,06/2024,3,2,2025-03-08
Census Tract,39061002901,White,07/2024,2,2.5,2025-03-08
Census Tract,39061002901,White,08/2024,5,2.5,2025-03-08
Census Tract,39061002901,White,09/2024,2,2.5,2025-03-08
Census Tract,39061002901,White,10/2024,11,5.5,2025-03-08
Census Tract,39061002901,White,11/2024,5,4.5,2025-03-08
Census Tract,39061002901,White,12/2024,9,8.5,2025-03-08
Census Tract,39061002901,White,01/2025,11,0.5,2025-03-08
Census Tract,39061002901,White,02/2025,9,3,2025-03-08
Census Tract,39061002901,White,03/2025,0,1.5,2025-03-08
Census Tract,39061002902,White,01/2020,0,7.5,2025-03-08
Census Tract,39061002902,White,02/2020,0,9.5,2025-03-08
Census Tract,39061002902,White,03/2020,0,4.5,2025-03-08
Census Tract,39061002902,White,04/2020,0,9.5,2025-03-08
Census Tract,39061002902,White,05/2020,1,5.5,2025-03-08
Census Tract,39061002902,White,06/2020,2,9.5,2025-03-08
Census Tract,39061002902,White,07/2020,3,7,2025-03-08
Census Tract,39061002902,White,08/2020,11,19.5,2025-03-08
Census Tract,39061002902,White,09/2020,3,5,2025-03-08
Census Tract,39061002902,White,10/2020,10,13.5,2025-03-08
Census Tract,39061002902,White,11/2020,4,12.5,2025-03-08
Census Tract,39061002902,White,12/2020,2,9.5,2025-03-08
Census Tract,39061002902,White,01/2021,12,7.5,2025-03-08
Census Tract,39061002902,White,02/2021,3,9.5,2025-03-08
Census Tract,39061002902,White,03/2021,10,4.5,2025-03-08
Census Tract,39061002902,White,04/2021,4,9.5,2025-03-08
Census Tract,39061002902,White,05/2021,12,5.5,2025-03-08
Census Tract,39061002902,White,06/2021,3,9.5,2025-03-08
Census Tract,39061002902,White,07/2021,9,7,2025-03-08
Census Tract,39061002902,White,08/2021,6,19.5,2025-03-08
Census Tract,39061002902,White,09/2021,8,5,2025-03-08
Census Tract,39061002902,White,10/2021,6,13.5,2025-03-08
Census Tract,39061002902,White,11/2021,4,12.5,2025-03-08
Census Tract,39061002902,White,12/2021,2,9.5,2025-03-08
Census Tract,39061002902,White,01/2022,4,7.5,2025-03-08
Census Tract,39061002902,White,02/2022,8,9.5,2025-03-08
Census Tract,39061002902,White,03/2022,4,4.5,2025-03-08
Census Tract,39061002902,White,04/2022,4,9.5,2025-03-08
Census Tract,39061002902,White,05/2022,8,5.5,2025-03-08
Census Tract,39061002902,White,06/2022,3,9.5,2025-03-08
Census Tract,39061002902,White,07/2022,11,7,2025-03-08
Census Tract,39061002902,White,08/2022,19,19.5,2025-03-08
Census Tract,39061002902,White,09/2022,13,5,2025-03-08
Census Tract,39061002902,White,10/2022,6,13.5,2025-03-08
Census Tract,39061002902,White,11/2022,11,12.5,2025-03-08
Census Tract,39061002902,White,12/2022,8,9.5,2025-03-08
Census Tract,39061002902,White,01/2023,7,7.5,2025-03-08
Census Tract,39061002902,White,02/2023,10,9.5,2025-03-08
Census Tract,39061002902,White,03/2023,4,4.5,2025-03-08
Census Tract,39061002902,White,04/2023,15,9.5,2025-03-08
Census Tract,39061002902,White,05/2023,7,5.5,2025-03-08
Census Tract,39061002902,White,06/2023,10,9.5,2025-03-08
Census Tract,39061002902,White,07/2023,6,7,2025-03-08
Census Tract,39061002902,White,08/2023,26,19.5,2025-03-08
Census Tract,39061002902,White,09/2023,5,5,2025-03-08
Census Tract,39061002902,White,10/2023,2,13.5,2025-03-08
Census Tract,39061002902,White,11/2023,13,12.5,2025-03-08
Census Tract,39061002902,White,12/2023,7,9.5,2025-03-08
Census Tract,39061002902,White,01/2024,8,7.5,2025-03-08
Census Tract,39061002902,White,02/2024,9,9.5,2025-03-08
Census Tract,39061002902,White,03/2024,5,4.5,2025-03-08
Census Tract,39061002902,White,04/2024,4,9.5,2025-03-08
Census Tract,39061002902,White,05/2024,4,5.5,2025-03-08
Census Tract,39061002902,White,06/2024,9,9.5,2025-03-08
Census Tract,39061002902,White,07/2024,8,7,2025-03-08
Census Tract,39061002902,White,08/2024,13,19.5,2025-03-08
Census Tract,39061002902,White,09/2024,5,5,2025-03-08
Census Tract,39061002902,White,10/2024,25,13.5,2025-03-08
Census Tract,39061002902,White,11/2024,12,12.5,2025-03-08
Census Tract,39061002902,White,12/2024,12,9.5,2025-03-08
Census Tract,39061002902,White,01/2025,12,7.5,2025-03-08
Census Tract,39061002902,White,02/2025,14,9.5,2025-03-08
Census Tract,39061002902,White,03/2025,1,1,2025-03-08
Census Tract,39061003000,White,01/2020,0,3,2025-03-08
Census Tract,39061003000,White,02/2020,0,1,2025-03-08
Census Tract,39061003000,White,03/2020,0,3.5,2025-03-08
Census Tract,39061003000,White,04/2020,0,1,2025-03-08
Census Tract,39061003000,White,05/2020,1,2,2025-03-08
Census Tract,39061003000,White,06/2020,1,2.5,2025-03-08
Census Tract,39061003000,White,07/2020,2,0.5,2025-03-08
Census Tract,39061003000,White,08/2020,6,1.5,2025-03-08
Census Tract,39061003000,White,09/2020,3,1,2025-03-08
Census Tract,39061003000,White,10/2020,3,4,2025-03-08
Census Tract,39061003000,White,11/2020,2,1,2025-03-08
Census Tract,39061003000,White,12/2020,2,3,2025-03-08
Census Tract,39061003000,White,01/2021,2,3,2025-03-08
Census Tract,39061003000,White,02/2021,2,1,2025-03-08
Census Tract,39061003000,White,03/2021,3,3.5,2025-03-08
Census Tract,39061003000,White,04/2021,5,1,2025-03-08
Census Tract,39061003000,White,05/2021,5,2,2025-03-08
Census Tract,39061003000,White,06/2021,4,2.5,2025-03-08
Census Tract,39061003000,White,07/2021,11,0.5,2025-03-08
Census Tract,39061003000,White,08/2021,6,1.5,2025-03-08
Census Tract,39061003000,White,09/2021,3,1,2025-03-08
Census Tract,39061003000,White,10/2021,5,4,2025-03-08
Census Tract,39061003000,White,11/2021,7,1,2025-03-08
Census Tract,39061003000,White,12/2021,5,3,2025-03-08
Census Tract,39061003000,White,01/2022,8,3,2025-03-08
Census Tract,39061003000,White,02/2022,14,1,2025-03-08
Census Tract,39061003000,White,03/2022,4,3.5,2025-03-08
Census Tract,39061003000,White,04/2022,8,1,2025-03-08
Census Tract,39061003000,White,05/2022,3,2,2025-03-08
Census Tract,39061003000,White,06/2022,12,2.5,2025-03-08
Census Tract,39061003000,White,07/2022,3,0.5,2025-03-08
Census Tract,39061003000,White,08/2022,6,1.5,2025-03-08
Census Tract,39061003000,White,09/2022,1,1,2025-03-08
Census Tract,39061003000,White,10/2022,2,4,2025-03-08
Census Tract,39061003000,White,11/2022,0,1,2025-03-08
Census Tract,39061003000,White,12/2022,5,3,2025-03-08
Census Tract,39061003000,White,01/2023,1,3,2025-03-08
Census Tract,39061003000,White,02/2023,1,1,2025-03-08
Census Tract,39061003000,White,03/2023,4,3.5,2025-03-08
Census Tract,39061003000,White,04/2023,2,1,2025-03-08
Census Tract,39061003000,White,05/2023,2,2,2025-03-08
Census Tract,39061003000,White,06/2023,0,2.5,2025-03-08
Census Tract,39061003000,White,07/2023,0,0.5,2025-03-08
Census Tract,39061003000,White,08/2023,3,1.5,2025-03-08
Census Tract,39061003000,White,09/2023,1,1,2025-03-08
Census Tract,39061003000,White,10/2023,4,4,2025-03-08
Census Tract,39061003000,White,11/2023,1,1,2025-03-08
Census Tract,39061003000,White,12/2023,4,3,2025-03-08
Census Tract,39061003000,White,01/2024,5,3,2025-03-08
Census Tract,39061003000,White,02/2024,1,1,2025-03-08
Census Tract,39061003000,White,03/2024,3,3.5,2025-03-08
Census Tract,39061003000,White,04/2024,0,1,2025-03-08
Census Tract,39061003000,White,05/2024,2,2,2025-03-08
Census Tract,39061003000,White,06/2024,5,2.5,2025-03-08
Census Tract,39061003000,White,07/2024,1,0.5,2025-03-08
Census Tract,39061003000,White,08/2024,0,1.5,2025-03-08
Census Tract,39061003000,White,09/2024,1,1,2025-03-08
Census Tract,39061003000,White,10/2024,4,4,2025-03-08
Census Tract,39061003000,White,11/2024,1,1,2025-03-08
Census Tract,39061003000,White,12/2024,2,3,2025-03-08
Census Tract,39061003000,White,01/2025,1,3,2025-03-08
Census Tract,39061003000,White,02/2025,0,1,2025-03-08
Census Tract,39061003000,White,03/2025,0,1.5,2025-03-08
Census Tract,39061003200,White,01/2020,0,0.5,2025-03-08
Census Tract,39061003200,White,02/2020,0,0,2025-03-08
Census Tract,39061003200,White,03/2020,0,0,2025-03-08
Census Tract,39061003200,White,04/2020,0,2,2025-03-08
Census Tract,39061003200,White,05/2020,0,1.5,2025-03-08
Census Tract,39061003200,White,06/2020,0,0.5,2025-03-08
Census Tract,39061003200,White,07/2020,0,0,2025-03-08
Census Tract,39061003200,White,08/2020,0,0.5,2025-03-08
Census Tract,39061003200,White,09/2020,0,0,2025-03-08
Census Tract,39061003200,White,10/2020,0,0,2025-03-08
Census Tract,39061003200,White,11/2020,1,0,2025-03-08
Census Tract,39061003200,White,12/2020,0,0.5,2025-03-08
Census Tract,39061003200,White,01/2021,1,0.5,2025-03-08
Census Tract,39061003200,White,02/2021,0,0,2025-03-08
Census Tract,39061003200,White,03/2021,0,0,2025-03-08
Census Tract,39061003200,White,04/2021,1,2,2025-03-08
Census Tract,39061003200,White,05/2021,0,1.5,2025-03-08
Census Tract,39061003200,White,06/2021,2,0.5,2025-03-08
Census Tract,39061003200,White,07/2021,1,0,2025-03-08
Census Tract,39061003200,White,08/2021,0,0.5,2025-03-08
Census Tract,39061003200,White,09/2021,2,0,2025-03-08
Census Tract,39061003200,White,10/2021,2,0,2025-03-08
Census Tract,39061003200,White,11/2021,0,0,2025-03-08
Census Tract,39061003200,White,12/2021,0,0.5,2025-03-08
Census Tract,39061003200,White,01/2022,0,0.5,2025-03-08
Census Tract,39061003200,White,02/2022,0,0,2025-03-08
Census Tract,39061003200,White,03/2022,0,0,2025-03-08
Census Tract,39061003200,White,04/2022,0,2,2025-03-08
Census Tract,39061003200,White,05/2022,0,1.5,2025-03-08
Census Tract,39061003200,White,06/2022,0,0.5,2025-03-08
Census Tract,39061003200,White,07/2022,1,0,2025-03-08
Census Tract,39061003200,White,08/2022,0,0.5,2025-03-08
Census Tract,39061003200,White,09/2022,0,0,2025-03-08
Census Tract,39061003200,White,10/2022,0,0,2025-03-08
Census Tract,39061003200,White,11/2022,1,0,2025-03-08
Census Tract,39061003200,White,12/2022,1,0.5,2025-03-08
Census Tract,39061003200,White,01/2023,0,0.5,2025-03-08
Census Tract,39061003200,White,02/2023,0,0,2025-03-08
Census Tract,39061003200,White,03/2023,0,0,2025-03-08
Census Tract,39061003200,White,04/2023,1,2,2025-03-08
Census Tract,39061003200,White,05/2023,2,1.5,2025-03-08
Census Tract,39061003200,White,06/2023,0,0.5,2025-03-08
Census Tract,39061003200,White,07/2023,0,0,2025-03-08
Census Tract,39061003200,White,08/2023,1,0.5,2025-03-08
Census Tract,39061003200,White,09/2023,0,0,2025-03-08
Census Tract,39061003200,White,10/2023,0,0,2025-03-08
Census Tract,39061003200,White,11/2023,0,0,2025-03-08
Census Tract,39061003200,White,12/2023,1,0.5,2025-03-08
Census Tract,39061003200,White,01/2024,1,0.5,2025-03-08
Census Tract,39061003200,White,02/2024,0,0,2025-03-08
Census Tract,39061003200,White,03/2024,0,0,2025-03-08
Census Tract,39061003200,White,04/2024,3,2,2025-03-08
Census Tract,39061003200,White,05/2024,1,1.5,2025-03-08
Census Tract,39061003200,White,06/2024,1,0.5,2025-03-08
Census Tract,39061003200,White,07/2024,0,0,2025-03-08
Census Tract,39061003200,White,08/2024,0,0.5,2025-03-08
Census Tract,39061003200,White,09/2024,0,0,2025-03-08
Census Tract,39061003200,White,10/2024,0,0,2025-03-08
Census Tract,39061003200,White,11/2024,0,0,2025-03-08
Census Tract,39061003200,White,12/2024,0,0.5,2025-03-08
Census Tract,39061003200,White,01/2025,0,0.5,2025-03-08
Census Tract,39061003200,White,02/2025,0,0,2025-03-08
Census Tract,39061003200,White,03/2025,0,0,2025-03-08
Census Tract,39061003300,White,01/2020,0,2,2025-03-08
Census Tract,39061003300,White,02/2020,0,3,2025-03-08
Census Tract,39061003300,White,03/2020,0,3,2025-03-08
Census Tract,39061003300,White,04/2020,0,1,2025-03-08
Census Tract,39061003300,White,05/2020,1,3,2025-03-08
Census Tract,39061003300,White,06/2020,1,5,2025-03-08
Census Tract,39061003300,White,07/2020,1,1,2025-03-08
Census Tract,39061003300,White,08/2020,0,5,2025-03-08
Census Tract,39061003300,White,09/2020,1,2,2025-03-08
Census Tract,39061003300,White,10/2020,3,2.5,2025-03-08
Census Tract,39061003300,White,11/2020,2,1,2025-03-08
Census Tract,39061003300,White,12/2020,0,5.5,2025-03-08
Census Tract,39061003300,White,01/2021,1,2,2025-03-08
Census Tract,39061003300,White,02/2021,0,3,2025-03-08
Census Tract,39061003300,White,03/2021,0,3,2025-03-08
Census Tract,39061003300,White,04/2021,6,1,2025-03-08
Census Tract,39061003300,White,05/2021,4,3,2025-03-08
Census Tract,39061003300,White,06/2021,4,5,2025-03-08
Census Tract,39061003300,White,07/2021,3,1,2025-03-08
Census Tract,39061003300,White,08/2021,1,5,2025-03-08
Census Tract,39061003300,White,09/2021,5,2,2025-03-08
Census Tract,39061003300,White,10/2021,4,2.5,2025-03-08
Census Tract,39061003300,White,11/2021,4,1,2025-03-08
Census Tract,39061003300,White,12/2021,2,5.5,2025-03-08
Census Tract,39061003300,White,01/2022,1,2,2025-03-08
Census Tract,39061003300,White,02/2022,3,3,2025-03-08
Census Tract,39061003300,White,03/2022,0,3,2025-03-08
Census Tract,39061003300,White,04/2022,2,1,2025-03-08
Census Tract,39061003300,White,05/2022,7,3,2025-03-08
Census Tract,39061003300,White,06/2022,0,5,2025-03-08
Census Tract,39061003300,White,07/2022,1,1,2025-03-08
Census Tract,39061003300,White,08/2022,3,5,2025-03-08
Census Tract,39061003300,White,09/2022,5,2,2025-03-08
Census Tract,39061003300,White,10/2022,3,2.5,2025-03-08
Census Tract,39061003300,White,11/2022,0,1,2025-03-08
Census Tract,39061003300,White,12/2022,2,5.5,2025-03-08
Census Tract,39061003300,White,01/2023,4,2,2025-03-08
Census Tract,39061003300,White,02/2023,4,3,2025-03-08
Census Tract,39061003300,White,03/2023,5,3,2025-03-08
Census Tract,39061003300,White,04/2023,2,1,2025-03-08
Census Tract,39061003300,White,05/2023,3,3,2025-03-08
Census Tract,39061003300,White,06/2023,2,5,2025-03-08
Census Tract,39061003300,White,07/2023,0,1,2025-03-08
Census Tract,39061003300,White,08/2023,2,5,2025-03-08
Census Tract,39061003300,White,09/2023,2,2,2025-03-08
Census Tract,39061003300,White,10/2023,2,2.5,2025-03-08
Census Tract,39061003300,White,11/2023,0,1,2025-03-08
Census Tract,39061003300,White,12/2023,7,5.5,2025-03-08
Census Tract,39061003300,White,01/2024,0,2,2025-03-08
Census Tract,39061003300,White,02/2024,2,3,2025-03-08
Census Tract,39061003300,White,03/2024,1,3,2025-03-08
Census Tract,39061003300,White,04/2024,0,1,2025-03-08
Census Tract,39061003300,White,05/2024,3,3,2025-03-08
Census Tract,39061003300,White,06/2024,8,5,2025-03-08
Census Tract,39061003300,White,07/2024,2,1,2025-03-08
Census Tract,39061003300,White,08/2024,8,5,2025-03-08
Census Tract,39061003300,White,09/2024,2,2,2025-03-08
Census Tract,39061003300,White,10/2024,3,2.5,2025-03-08
Census Tract,39061003300,White,11/2024,2,1,2025-03-08
Census Tract,39061003300,White,12/2024,4,5.5,2025-03-08
Census Tract,39061003300,White,01/2025,2,2,2025-03-08
Census Tract,39061003300,White,02/2025,1,3,2025-03-08
Census Tract,39061003300,White,03/2025,0,1,2025-03-08
Census Tract,39061003600,Black,01/2020,0,3.5,2025-03-08
Census Tract,39061003600,Black,02/2020,0,5,2025-03-08
Census Tract,39061003600,Black,03/2020,0,3.5,2025-03-08
Census Tract,39061003600,Black,04/2020,0,0.5,2025-03-08
Census Tract,39061003600,Black,05/2020,0,3,2025-03-08
Census Tract,39061003600,Black,06/2020,1,5,2025-03-08
Census Tract,39061003600,Black,07/2020,1,1.5,2025-03-08
Census Tract,39061003600,Black,08/2020,3,4,2025-03-08
Census Tract,39061003600,Black,09/2020,1,2.5,2025-03-08
Census Tract,39061003600,Black,10/2020,0,6,2025-03-08
Census Tract,39061003600,Black,11/2020,1,3.5,2025-03-08
Census Tract,39061003600,Black,12/2020,3,1.5,2025-03-08
Census Tract,39061003600,Black,01/2021,1,3.5,2025-03-08
Census Tract,39061003600,Black,02/2021,1,5,2025-03-08
Census Tract,39061003600,Black,03/2021,3,3.5,2025-03-08
Census Tract,39061003600,Black,04/2021,1,0.5,2025-03-08
Census Tract,39061003600,Black,05/2021,2,3,2025-03-08
Census Tract,39061003600,Black,06/2021,0,5,2025-03-08
Census Tract,39061003600,Black,07/2021,2,1.5,2025-03-08
Census Tract,39061003600,Black,08/2021,2,4,2025-03-08
Census Tract,39061003600,Black,09/2021,7,2.5,2025-03-08
Census Tract,39061003600,Black,10/2021,3,6,2025-03-08
Census Tract,39061003600,Black,11/2021,0,3.5,2025-03-08
Census Tract,39061003600,Black,12/2021,2,1.5,2025-03-08
Census Tract,39061003600,Black,01/2022,0,3.5,2025-03-08
Census Tract,39061003600,Black,02/2022,1,5,2025-03-08
Census Tract,39061003600,Black,03/2022,2,3.5,2025-03-08
Census Tract,39061003600,Black,04/2022,1,0.5,2025-03-08
Census Tract,39061003600,Black,05/2022,2,3,2025-03-08
Census Tract,39061003600,Black,06/2022,4,5,2025-03-08
Census Tract,39061003600,Black,07/2022,2,1.5,2025-03-08
Census Tract,39061003600,Black,08/2022,2,4,2025-03-08
Census Tract,39061003600,Black,09/2022,3,2.5,2025-03-08
Census Tract,39061003600,Black,10/2022,7,6,2025-03-08
Census Tract,39061003600,Black,11/2022,3,3.5,2025-03-08
Census Tract,39061003600,Black,12/2022,1,1.5,2025-03-08
Census Tract,39061003600,Black,01/2023,5,3.5,2025-03-08
Census Tract,39061003600,Black,02/2023,1,5,2025-03-08
Census Tract,39061003600,Black,03/2023,5,3.5,2025-03-08
Census Tract,39061003600,Black,04/2023,1,0.5,2025-03-08
Census Tract,39061003600,Black,05/2023,0,3,2025-03-08
Census Tract,39061003600,Black,06/2023,6,5,2025-03-08
Census Tract,39061003600,Black,07/2023,0,1.5,2025-03-08
Census Tract,39061003600,Black,08/2023,8,4,2025-03-08
Census Tract,39061003600,Black,09/2023,3,2.5,2025-03-08
Census Tract,39061003600,Black,10/2023,4,6,2025-03-08
Census Tract,39061003600,Black,11/2023,4,3.5,2025-03-08
Census Tract,39061003600,Black,12/2023,1,1.5,2025-03-08
Census Tract,39061003600,Black,01/2024,2,3.5,2025-03-08
Census Tract,39061003600,Black,02/2024,9,5,2025-03-08
Census Tract,39061003600,Black,03/2024,2,3.5,2025-03-08
Census Tract,39061003600,Black,04/2024,0,0.5,2025-03-08
Census Tract,39061003600,Black,05/2024,6,3,2025-03-08
Census Tract,39061003600,Black,06/2024,4,5,2025-03-08
Census Tract,39061003600,Black,07/2024,3,1.5,2025-03-08
Census Tract,39061003600,Black,08/2024,0,4,2025-03-08
Census Tract,39061003600,Black,09/2024,2,2.5,2025-03-08
Census Tract,39061003600,Black,10/2024,8,6,2025-03-08
Census Tract,39061003600,Black,11/2024,3,3.5,2025-03-08
Census Tract,39061003600,Black,12/2024,2,1.5,2025-03-08
Census Tract,39061003600,Black,01/2025,9,3.5,2025-03-08
Census Tract,39061003600,Black,02/2025,2,5,2025-03-08
Census Tract,39061003600,Black,03/2025,0,0.5,2025-03-08
Census Tract,39061003700,Black,01/2020,0,2,2025-03-08
Census Tract,39061003700,Black,02/2020,0,6.5,2025-03-08
Census Tract,39061003700,Black,03/2020,0,3.5,2025-03-08
Census Tract,39061003700,Black,04/2020,0,2,2025-03-08
Census Tract,39061003700,Black,05/2020,1,4,2025-03-08
Census Tract,39061003700,Black,06/2020,0,3,2025-03-08
Census Tract,39061003700,Black,07/2020,2,3.5,2025-03-08
Census Tract,39061003700,Black,08/2020,9,5,2025-03-08
Census Tract,39061003700,Black,09/2020,4,5,2025-03-08
Census Tract,39061003700,Black,10/2020,7,2.5,2025-03-08
Census Tract,39061003700,Black,11/2020,13,4,2025-03-08
Census Tract,39061003700,Black,12/2020,5,2.5,2025-03-08
Census Tract,39061003700,Black,01/2021,1,2,2025-03-08
Census Tract,39061003700,Black,02/2021,3,6.5,2025-03-08
Census Tract,39061003700,Black,03/2021,12,3.5,2025-03-08
Census Tract,39061003700,Black,04/2021,9,2,2025-03-08
Census Tract,39061003700,Black,05/2021,7,4,2025-03-08
Census Tract,39061003700,Black,06/2021,2,3,2025-03-08
Census Tract,39061003700,Black,07/2021,10,3.5,2025-03-08
Census Tract,39061003700,Black,08/2021,9,5,2025-03-08
Census Tract,39061003700,Black,09/2021,4,5,2025-03-08
Census Tract,39061003700,Black,10/2021,2,2.5,2025-03-08
Census Tract,39061003700,Black,11/2021,8,4,2025-03-08
Census Tract,39061003700,Black,12/2021,4,2.5,2025-03-08
Census Tract,39061003700,Black,01/2022,5,2,2025-03-08
Census Tract,39061003700,Black,02/2022,10,6.5,2025-03-08
Census Tract,39061003700,Black,03/2022,7,3.5,2025-03-08
Census Tract,39061003700,Black,04/2022,7,2,2025-03-08
Census Tract,39061003700,Black,05/2022,5,4,2025-03-08
Census Tract,39061003700,Black,06/2022,9,3,2025-03-08
Census Tract,39061003700,Black,07/2022,3,3.5,2025-03-08
Census Tract,39061003700,Black,08/2022,4,5,2025-03-08
Census Tract,39061003700,Black,09/2022,4,5,2025-03-08
Census Tract,39061003700,Black,10/2022,14,2.5,2025-03-08
Census Tract,39061003700,Black,11/2022,6,4,2025-03-08
Census Tract,39061003700,Black,12/2022,12,2.5,2025-03-08
Census Tract,39061003700,Black,01/2023,3,2,2025-03-08
Census Tract,39061003700,Black,02/2023,4,6.5,2025-03-08
Census Tract,39061003700,Black,03/2023,4,3.5,2025-03-08
Census Tract,39061003700,Black,04/2023,1,2,2025-03-08
Census Tract,39061003700,Black,05/2023,7,4,2025-03-08
Census Tract,39061003700,Black,06/2023,3,3,2025-03-08
Census Tract,39061003700,Black,07/2023,2,3.5,2025-03-08
Census Tract,39061003700,Black,08/2023,7,5,2025-03-08
Census Tract,39061003700,Black,09/2023,6,5,2025-03-08
Census Tract,39061003700,Black,10/2023,3,2.5,2025-03-08
Census Tract,39061003700,Black,11/2023,2,4,2025-03-08
Census Tract,39061003700,Black,12/2023,5,2.5,2025-03-08
Census Tract,39061003700,Black,01/2024,1,2,2025-03-08
Census Tract,39061003700,Black,02/2024,9,6.5,2025-03-08
Census Tract,39061003700,Black,03/2024,3,3.5,2025-03-08
Census Tract,39061003700,Black,04/2024,3,2,2025-03-08
Census Tract,39061003700,Black,05/2024,1,4,2025-03-08
Census Tract,39061003700,Black,06/2024,3,3,2025-03-08
Census Tract,39061003700,Black,07/2024,5,3.5,2025-03-08
Census Tract,39061003700,Black,08/2024,3,5,2025-03-08
Census Tract,39061003700,Black,09/2024,4,5,2025-03-08
Census Tract,39061003700,Black,10/2024,2,2.5,2025-03-08
Census Tract,39061003700,Black,11/2024,6,4,2025-03-08
Census Tract,39061003700,Black,12/2024,0,2.5,2025-03-08
Census Tract,39061003700,Black,01/2025,11,2,2025-03-08
Census Tract,39061003700,Black,02/2025,2,6.5,2025-03-08
Census Tract,39061003700,Black,03/2025,0,1.5,2025-03-08
Census Tract,39061003800,Black,01/2020,0,3.5,2025-03-08
Census Tract,39061003800,Black,02/2020,0,5,2025-03-08
Census Tract,39061003800,Black,03/2020,0,5,2025-03-08
Census Tract,39061003800,Black,04/2020,0,2,2025-03-08
Census Tract,39061003800,Black,05/2020,4,3,2025-03-08
Census Tract,39061003800,Black,06/2020,3,1,2025-03-08
Census Tract,39061003800,Black,07/2020,5,2.5,2025-03-08
Census Tract,39061003800,Black,08/2020,1,6,2025-03-08
Census Tract,39061003800,Black,09/2020,2,3.5,2025-03-08
Census Tract,39061003800,Black,10/2020,1,4,2025-03-08
Census Tract,39061003800,Black,11/2020,3,4,2025-03-08
Census Tract,39061003800,Black,12/2020,10,3.5,2025-03-08
Census Tract,39061003800,Black,01/2021,6,3.5,2025-03-08
Census Tract,39061003800,Black,02/2021,3,5,2025-03-08
Census Tract,39061003800,Black,03/2021,3,5,2025-03-08
Census Tract,39061003800,Black,04/2021,2,2,2025-03-08
Census Tract,39061003800,Black,05/2021,3,3,2025-03-08
Census Tract,39061003800,Black,06/2021,1,1,2025-03-08
Census Tract,39061003800,Black,07/2021,4,2.5,2025-03-08
Census Tract,39061003800,Black,08/2021,4,6,2025-03-08
Census Tract,39061003800,Black,09/2021,2,3.5,2025-03-08
Census Tract,39061003800,Black,10/2021,4,4,2025-03-08
Census Tract,39061003800,Black,11/2021,1,4,2025-03-08
Census Tract,39061003800,Black,12/2021,5,3.5,2025-03-08
Census Tract,39061003800,Black,01/2022,0,3.5,2025-03-08
Census Tract,39061003800,Black,02/2022,4,5,2025-03-08
Census Tract,39061003800,Black,03/2022,5,5,2025-03-08
Census Tract,39061003800,Black,04/2022,2,2,2025-03-08
Census Tract,39061003800,Black,05/2022,3,3,2025-03-08
Census Tract,39061003800,Black,06/2022,5,1,2025-03-08
Census Tract,39061003800,Black,07/2022,4,2.5,2025-03-08
Census Tract,39061003800,Black,08/2022,5,6,2025-03-08
Census Tract,39061003800,Black,09/2022,2,3.5,2025-03-08
Census Tract,39061003800,Black,10/2022,4,4,2025-03-08
Census Tract,39061003800,Black,11/2022,2,4,2025-03-08
Census Tract,39061003800,Black,12/2022,1,3.5,2025-03-08
Census Tract,39061003800,Black,01/2023,4,3.5,2025-03-08
Census Tract,39061003800,Black,02/2023,2,5,2025-03-08
Census Tract,39061003800,Black,03/2023,2,5,2025-03-08
Census Tract,39061003800,Black,04/2023,0,2,2025-03-08
Census Tract,39061003800,Black,05/2023,2,3,2025-03-08
Census Tract,39061003800,Black,06/2023,2,1,2025-03-08
Census Tract,39061003800,Black,07/2023,1,2.5,2025-03-08
Census Tract,39061003800,Black,08/2023,4,6,2025-03-08
Census Tract,39061003800,Black,09/2023,4,3.5,2025-03-08
Census Tract,39061003800,Black,10/2023,4,4,2025-03-08
Census Tract,39061003800,Black,11/2023,5,4,2025-03-08
Census Tract,39061003800,Black,12/2023,2,3.5,2025-03-08
Census Tract,39061003800,Black,01/2024,3,3.5,2025-03-08
Census Tract,39061003800,Black,02/2024,8,5,2025-03-08
Census Tract,39061003800,Black,03/2024,8,5,2025-03-08
Census Tract,39061003800,Black,04/2024,4,2,2025-03-08
Census Tract,39061003800,Black,05/2024,4,3,2025-03-08
Census Tract,39061003800,Black,06/2024,0,1,2025-03-08
Census Tract,39061003800,Black,07/2024,4,2.5,2025-03-08
Census Tract,39061003800,Black,08/2024,8,6,2025-03-08
Census Tract,39061003800,Black,09/2024,3,3.5,2025-03-08
Census Tract,39061003800,Black,10/2024,4,4,2025-03-08
Census Tract,39061003800,Black,11/2024,3,4,2025-03-08
Census Tract,39061003800,Black,12/2024,5,3.5,2025-03-08
Census Tract,39061003800,Black,01/2025,1,3.5,2025-03-08
Census Tract,39061003800,Black,02/2025,1,5,2025-03-08
Census Tract,39061003800,Black,03/2025,0,1.5,2025-03-08
Census Tract,39061003900,Black,01/2020,0,4,2025-03-08
Census Tract,39061003900,Black,02/2020,0,4.5,2025-03-08
Census Tract,39061003900,Black,03/2020,0,4,2025-03-08
Census Tract,39061003900,Black,04/2020,0,3,2025-03-08
Census Tract,39061003900,Black,05/2020,3,3,2025-03-08
Census Tract,39061003900,Black,06/2020,2,3.5,2025-03-08
Census Tract,39061003900,Black,07/2020,6,4,2025-03-08
Census Tract,39061003900,Black,08/2020,4,4.5,2025-03-08
Census Tract,39061003900,Black,09/2020,6,3,2025-03-08
Census Tract,39061003900,Black,10/2020,3,4,2025-03-08
Census Tract,39061003900,Black,11/2020,2,3,2025-03-08
Census Tract,39061003900,Black,12/2020,5,3,2025-03-08
Census Tract,39061003900,Black,01/2021,3,4,2025-03-08
Census Tract,39061003900,Black,02/2021,2,4.5,2025-03-08
Census Tract,39061003900,Black,03/2021,3,4,2025-03-08
Census Tract,39061003900,Black,04/2021,2,3,2025-03-08
Census Tract,39061003900,Black,05/2021,5,3,2025-03-08
Census Tract,39061003900,Black,06/2021,4,3.5,2025-03-08
Census Tract,39061003900,Black,07/2021,5,4,2025-03-08
Census Tract,39061003900,Black,08/2021,6,4.5,2025-03-08
Census Tract,39061003900,Black,09/2021,4,3,2025-03-08
Census Tract,39061003900,Black,10/2021,4,4,2025-03-08
Census Tract,39061003900,Black,11/2021,0,3,2025-03-08
Census Tract,39061003900,Black,12/2021,3,3,2025-03-08
Census Tract,39061003900,Black,01/2022,2,4,2025-03-08
Census Tract,39061003900,Black,02/2022,2,4.5,2025-03-08
Census Tract,39061003900,Black,03/2022,5,4,2025-03-08
Census Tract,39061003900,Black,04/2022,0,3,2025-03-08
Census Tract,39061003900,Black,05/2022,6,3,2025-03-08
Census Tract,39061003900,Black,06/2022,5,3.5,2025-03-08
Census Tract,39061003900,Black,07/2022,4,4,2025-03-08
Census Tract,39061003900,Black,08/2022,4,4.5,2025-03-08
Census Tract,39061003900,Black,09/2022,4,3,2025-03-08
Census Tract,39061003900,Black,10/2022,4,4,2025-03-08
Census Tract,39061003900,Black,11/2022,5,3,2025-03-08
Census Tract,39061003900,Black,12/2022,4,3,2025-03-08
Census Tract,39061003900,Black,01/2023,2,4,2025-03-08
Census Tract,39061003900,Black,02/2023,5,4.5,2025-03-08
Census Tract,39061003900,Black,03/2023,6,4,2025-03-08
Census Tract,39061003900,Black,04/2023,3,3,2025-03-08
Census Tract,39061003900,Black,05/2023,4,3,2025-03-08
Census Tract,39061003900,Black,06/2023,6,3.5,2025-03-08
Census Tract,39061003900,Black,07/2023,4,4,2025-03-08
Census Tract,39061003900,Black,08/2023,4,4.5,2025-03-08
Census Tract,39061003900,Black,09/2023,4,3,2025-03-08
Census Tract,39061003900,Black,10/2023,2,4,2025-03-08
Census Tract,39061003900,Black,11/2023,5,3,2025-03-08
Census Tract,39061003900,Black,12/2023,3,3,2025-03-08
Census Tract,39061003900,Black,01/2024,6,4,2025-03-08
Census Tract,39061003900,Black,02/2024,4,4.5,2025-03-08
Census Tract,39061003900,Black,03/2024,2,4,2025-03-08
Census Tract,39061003900,Black,04/2024,3,3,2025-03-08
Census Tract,39061003900,Black,05/2024,2,3,2025-03-08
Census Tract,39061003900,Black,06/2024,1,3.5,2025-03-08
Census Tract,39061003900,Black,07/2024,4,4,2025-03-08
Census Tract,39061003900,Black,08/2024,5,4.5,2025-03-08
Census Tract,39061003900,Black,09/2024,2,3,2025-03-08
Census Tract,39061003900,Black,10/2024,6,4,2025-03-08
Census Tract,39061003900,Black,11/2024,1,3,2025-03-08
Census Tract,39061003900,Black,12/2024,3,3,2025-03-08
Census Tract,39061003900,Black,01/2025,3,4,2025-03-08
Census Tract,39061003900,Black,02/2025,1,4.5,2025-03-08
Census Tract,39061003900,Black,03/2025,0,1,2025-03-08
Census Tract,39061004000,Other,01/2020,0,4,2025-03-08
Census Tract,39061004000,Other,02/2020,0,0.5,2025-03-08
Census Tract,39061004000,Other,03/2020,0,0.5,2025-03-08
Census Tract,39061004000,Other,04/2020,0,1.5,2025-03-08
Census Tract,39061004000,Other,05/2020,2,1,2025-03-08
Census Tract,39061004000,Other,06/2020,0,2,2025-03-08
Census Tract,39061004000,Other,07/2020,0,2,2025-03-08
Census Tract,39061004000,Other,08/2020,2,2.5,2025-03-08
Census Tract,39061004000,Other,09/2020,4,2,2025-03-08
Census Tract,39061004000,Other,10/2020,3,2,2025-03-08
Census Tract,39061004000,Other,11/2020,2,0,2025-03-08
Census Tract,39061004000,Other,12/2020,0,1.5,2025-03-08
Census Tract,39061004000,Other,01/2021,1,4,2025-03-08
Census Tract,39061004000,Other,02/2021,0,0.5,2025-03-08
Census Tract,39061004000,Other,03/2021,0,0.5,2025-03-08
Census Tract,39061004000,Other,04/2021,0,1.5,2025-03-08
Census Tract,39061004000,Other,05/2021,2,1,2025-03-08
Census Tract,39061004000,Other,06/2021,0,2,2025-03-08
Census Tract,39061004000,Other,07/2021,2,2,2025-03-08
Census Tract,39061004000,Other,08/2021,0,2.5,2025-03-08
Census Tract,39061004000,Other,09/2021,1,2,2025-03-08
Census Tract,39061004000,Other,10/2021,1,2,2025-03-08
Census Tract,39061004000,Other,11/2021,2,0,2025-03-08
Census Tract,39061004000,Other,12/2021,1,1.5,2025-03-08
Census Tract,39061004000,Other,01/2022,1,4,2025-03-08
Census Tract,39061004000,Other,02/2022,0,0.5,2025-03-08
Census Tract,39061004000,Other,03/2022,2,0.5,2025-03-08
Census Tract,39061004000,Other,04/2022,0,1.5,2025-03-08
Census Tract,39061004000,Other,05/2022,2,1,2025-03-08
Census Tract,39061004000,Other,06/2022,2,2,2025-03-08
Census Tract,39061004000,Other,07/2022,3,2,2025-03-08
Census Tract,39061004000,Other,08/2022,2,2.5,2025-03-08
Census Tract,39061004000,Other,09/2022,0,2,2025-03-08
Census Tract,39061004000,Other,10/2022,0,2,2025-03-08
Census Tract,39061004000,Other,11/2022,2,0,2025-03-08
Census Tract,39061004000,Other,12/2022,1,1.5,2025-03-08
Census Tract,39061004000,Other,01/2023,6,4,2025-03-08
Census Tract,39061004000,Other,02/2023,0,0.5,2025-03-08
Census Tract,39061004000,Other,03/2023,0,0.5,2025-03-08
Census Tract,39061004000,Other,04/2023,2,1.5,2025-03-08
Census Tract,39061004000,Other,05/2023,1,1,2025-03-08
Census Tract,39061004000,Other,06/2023,1,2,2025-03-08
Census Tract,39061004000,Other,07/2023,3,2,2025-03-08
Census Tract,39061004000,Other,08/2023,2,2.5,2025-03-08
Census Tract,39061004000,Other,09/2023,4,2,2025-03-08
Census Tract,39061004000,Other,10/2023,1,2,2025-03-08
Census Tract,39061004000,Other,11/2023,0,0,2025-03-08
Census Tract,39061004000,Other,12/2023,2,1.5,2025-03-08
Census Tract,39061004000,Other,01/2024,2,4,2025-03-08
Census Tract,39061004000,Other,02/2024,1,0.5,2025-03-08
Census Tract,39061004000,Other,03/2024,1,0.5,2025-03-08
Census Tract,39061004000,Other,04/2024,1,1.5,2025-03-08
Census Tract,39061004000,Other,05/2024,1,1,2025-03-08
Census Tract,39061004000,Other,06/2024,3,2,2025-03-08
Census Tract,39061004000,Other,07/2024,1,2,2025-03-08
Census Tract,39061004000,Other,08/2024,3,2.5,2025-03-08
Census Tract,39061004000,Other,09/2024,0,2,2025-03-08
Census Tract,39061004000,Other,10/2024,3,2,2025-03-08
Census Tract,39061004000,Other,11/2024,0,0,2025-03-08
Census Tract,39061004000,Other,12/2024,1,1.5,2025-03-08
Census Tract,39061004000,Other,01/2025,2,4,2025-03-08
Census Tract,39061004000,Other,02/2025,2,0.5,2025-03-08
Census Tract,39061004000,Other,03/2025,0,0,2025-03-08
Census Tract,39061004100,White,01/2020,0,1,2025-03-08
Census Tract,39061004100,White,02/2020,0,1,2025-03-08
Census Tract,39061004100,White,03/2020,0,2,2025-03-08
Census Tract,39061004100,White,04/2020,0,0.5,2025-03-08
Census Tract,39061004100,White,05/2020,0,0.5,2025-03-08
Census Tract,39061004100,White,06/2020,0,0.5,2025-03-08
Census Tract,39061004100,White,07/2020,0,2,2025-03-08
Census Tract,39061004100,White,08/2020,0,1,2025-03-08
Census Tract,39061004100,White,09/2020,0,2,2025-03-08
Census Tract,39061004100,White,10/2020,0,1,2025-03-08
Census Tract,39061004100,White,11/2020,2,1,2025-03-08
Census Tract,39061004100,White,12/2020,0,0.5,2025-03-08
Census Tract,39061004100,White,01/2021,0,1,2025-03-08
Census Tract,39061004100,White,02/2021,0,1,2025-03-08
Census Tract,39061004100,White,03/2021,0,2,2025-03-08
Census Tract,39061004100,White,04/2021,1,0.5,2025-03-08
Census Tract,39061004100,White,05/2021,0,0.5,2025-03-08
Census Tract,39061004100,White,06/2021,0,0.5,2025-03-08
Census Tract,39061004100,White,07/2021,1,2,2025-03-08
Census Tract,39061004100,White,08/2021,0,1,2025-03-08
Census Tract,39061004100,White,09/2021,0,2,2025-03-08
Census Tract,39061004100,White,10/2021,2,1,2025-03-08
Census Tract,39061004100,White,11/2021,0,1,2025-03-08
Census Tract,39061004100,White,12/2021,1,0.5,2025-03-08
Census Tract,39061004100,White,01/2022,0,1,2025-03-08
Census Tract,39061004100,White,02/2022,0,1,2025-03-08
Census Tract,39061004100,White,03/2022,3,2,2025-03-08
Census Tract,39061004100,White,04/2022,0,0.5,2025-03-08
Census Tract,39061004100,White,05/2022,0,0.5,2025-03-08
Census Tract,39061004100,White,06/2022,0,0.5,2025-03-08
Census Tract,39061004100,White,07/2022,2,2,2025-03-08
Census Tract,39061004100,White,08/2022,1,1,2025-03-08
Census Tract,39061004100,White,09/2022,0,2,2025-03-08
Census Tract,39061004100,White,10/2022,1,1,2025-03-08
Census Tract,39061004100,White,11/2022,0,1,2025-03-08
Census Tract,39061004100,White,12/2022,3,0.5,2025-03-08
Census Tract,39061004100,White,01/2023,2,1,2025-03-08
Census Tract,39061004100,White,02/2023,2,1,2025-03-08
Census Tract,39061004100,White,03/2023,3,2,2025-03-08
Census Tract,39061004100,White,04/2023,0,0.5,2025-03-08
Census Tract,39061004100,White,05/2023,1,0.5,2025-03-08
Census Tract,39061004100,White,06/2023,1,0.5,2025-03-08
Census Tract,39061004100,White,07/2023,3,2,2025-03-08
Census Tract,39061004100,White,08/2023,1,1,2025-03-08
Census Tract,39061004100,White,09/2023,3,2,2025-03-08
Census Tract,39061004100,White,10/2023,1,1,2025-03-08
Census Tract,39061004100,White,11/2023,2,1,2025-03-08
Census Tract,39061004100,White,12/2023,1,0.5,2025-03-08
Census Tract,39061004100,White,01/2024,0,1,2025-03-08
Census Tract,39061004100,White,02/2024,0,1,2025-03-08
Census Tract,39061004100,White,03/2024,1,2,2025-03-08
Census Tract,39061004100,White,04/2024,1,0.5,2025-03-08
Census Tract,39061004100,White,05/2024,0,0.5,2025-03-08
Census Tract,39061004100,White,06/2024,0,0.5,2025-03-08
Census Tract,39061004100,White,07/2024,1,2,2025-03-08
Census Tract,39061004100,White,08/2024,1,1,2025-03-08
Census Tract,39061004100,White,09/2024,1,2,2025-03-08
Census Tract,39061004100,White,10/2024,1,1,2025-03-08
Census Tract,39061004100,White,11/2024,0,1,2025-03-08
Census Tract,39061004100,White,12/2024,0,0.5,2025-03-08
Census Tract,39061004100,White,01/2025,0,1,2025-03-08
Census Tract,39061004100,White,02/2025,1,1,2025-03-08
Census Tract,39061004100,White,03/2025,0,0.5,2025-03-08
Census Tract,39061004200,White,01/2020,0,1.5,2025-03-08
Census Tract,39061004200,White,02/2020,0,2,2025-03-08
Census Tract,39061004200,White,03/2020,0,0,2025-03-08
Census Tract,39061004200,White,04/2020,0,0,2025-03-08
Census Tract,39061004200,White,05/2020,0,1,2025-03-08
Census Tract,39061004200,White,06/2020,0,1,2025-03-08
Census Tract,39061004200,White,07/2020,0,0.5,2025-03-08
Census Tract,39061004200,White,08/2020,0,0.5,2025-03-08
Census Tract,39061004200,White,09/2020,1,0.5,2025-03-08
Census Tract,39061004200,White,10/2020,2,1,2025-03-08
Census Tract,39061004200,White,11/2020,1,1.5,2025-03-08
Census Tract,39061004200,White,12/2020,1,2.5,2025-03-08
Census Tract,39061004200,White,01/2021,0,1.5,2025-03-08
Census Tract,39061004200,White,02/2021,0,2,2025-03-08
Census Tract,39061004200,White,03/2021,0,0,2025-03-08
Census Tract,39061004200,White,04/2021,2,0,2025-03-08
Census Tract,39061004200,White,05/2021,0,1,2025-03-08
Census Tract,39061004200,White,06/2021,2,1,2025-03-08
Census Tract,39061004200,White,07/2021,2,0.5,2025-03-08
Census Tract,39061004200,White,08/2021,2,0.5,2025-03-08
Census Tract,39061004200,White,09/2021,0,0.5,2025-03-08
Census Tract,39061004200,White,10/2021,2,1,2025-03-08
Census Tract,39061004200,White,11/2021,2,1.5,2025-03-08
Census Tract,39061004200,White,12/2021,2,2.5,2025-03-08
Census Tract,39061004200,White,01/2022,0,1.5,2025-03-08
Census Tract,39061004200,White,02/2022,1,2,2025-03-08
Census Tract,39061004200,White,03/2022,3,0,2025-03-08
Census Tract,39061004200,White,04/2022,2,0,2025-03-08
Census Tract,39061004200,White,05/2022,0,1,2025-03-08
Census Tract,39061004200,White,06/2022,0,1,2025-03-08
Census Tract,39061004200,White,07/2022,2,0.5,2025-03-08
Census Tract,39061004200,White,08/2022,2,0.5,2025-03-08
Census Tract,39061004200,White,09/2022,2,0.5,2025-03-08
Census Tract,39061004200,White,10/2022,0,1,2025-03-08
Census Tract,39061004200,White,11/2022,1,1.5,2025-03-08
Census Tract,39061004200,White,12/2022,0,2.5,2025-03-08
Census Tract,39061004200,White,01/2023,2,1.5,2025-03-08
Census Tract,39061004200,White,02/2023,2,2,2025-03-08
Census Tract,39061004200,White,03/2023,0,0,2025-03-08
Census Tract,39061004200,White,04/2023,0,0,2025-03-08
Census Tract,39061004200,White,05/2023,0,1,2025-03-08
Census Tract,39061004200,White,06/2023,1,1,2025-03-08
Census Tract,39061004200,White,07/2023,0,0.5,2025-03-08
Census Tract,39061004200,White,08/2023,0,0.5,2025-03-08
Census Tract,39061004200,White,09/2023,0,0.5,2025-03-08
Census Tract,39061004200,White,10/2023,1,1,2025-03-08
Census Tract,39061004200,White,11/2023,3,1.5,2025-03-08
Census Tract,39061004200,White,12/2023,4,2.5,2025-03-08
Census Tract,39061004200,White,01/2024,1,1.5,2025-03-08
Census Tract,39061004200,White,02/2024,2,2,2025-03-08
Census Tract,39061004200,White,03/2024,0,0,2025-03-08
Census Tract,39061004200,White,04/2024,0,0,2025-03-08
Census Tract,39061004200,White,05/2024,2,1,2025-03-08
Census Tract,39061004200,White,06/2024,1,1,2025-03-08
Census Tract,39061004200,White,07/2024,1,0.5,2025-03-08
Census Tract,39061004200,White,08/2024,1,0.5,2025-03-08
Census Tract,39061004200,White,09/2024,1,0.5,2025-03-08
Census Tract,39061004200,White,10/2024,1,1,2025-03-08
Census Tract,39061004200,White,11/2024,0,1.5,2025-03-08
Census Tract,39061004200,White,12/2024,1,2.5,2025-03-08
Census Tract,39061004200,White,01/2025,3,1.5,2025-03-08
Census Tract,39061004200,White,02/2025,3,2,2025-03-08
Census Tract,39061004200,White,03/2025,0,0,2025-03-08
Census Tract,39061004602,White,01/2020,0,5.5,2025-03-08
Census Tract,39061004602,White,02/2020,0,5,2025-03-08
Census Tract,39061004602,White,03/2020,0,7,2025-03-08
Census Tract,39061004602,White,04/2020,0,3,2025-03-08
Census Tract,39061004602,White,05/2020,2,5,2025-03-08
Census Tract,39061004602,White,06/2020,2,5.5,2025-03-08
Census Tract,39061004602,White,07/2020,0,8,2025-03-08
Census Tract,39061004602,White,08/2020,8,3,2025-03-08
Census Tract,39061004602,White,09/2020,4,4.5,2025-03-08
Census Tract,39061004602,White,10/2020,4,7.5,2025-03-08
Census Tract,39061004602,White,11/2020,5,3.5,2025-03-08
Census Tract,39061004602,White,12/2020,2,10.5,2025-03-08
Census Tract,39061004602,White,01/2021,2,5.5,2025-03-08
Census Tract,39061004602,White,02/2021,3,5,2025-03-08
Census Tract,39061004602,White,03/2021,2,7,2025-03-08
Census Tract,39061004602,White,04/2021,3,3,2025-03-08
Census Tract,39061004602,White,05/2021,5,5,2025-03-08
Census Tract,39061004602,White,06/2021,1,5.5,2025-03-08
Census Tract,39061004602,White,07/2021,1,8,2025-03-08
Census Tract,39061004602,White,08/2021,4,3,2025-03-08
Census Tract,39061004602,White,09/2021,9,4.5,2025-03-08
Census Tract,39061004602,White,10/2021,4,7.5,2025-03-08
Census Tract,39061004602,White,11/2021,3,3.5,2025-03-08
Census Tract,39061004602,White,12/2021,2,10.5,2025-03-08
Census Tract,39061004602,White,01/2022,9,5.5,2025-03-08
Census Tract,39061004602,White,02/2022,5,5,2025-03-08
Census Tract,39061004602,White,03/2022,4,7,2025-03-08
Census Tract,39061004602,White,04/2022,5,3,2025-03-08
Census Tract,39061004602,White,05/2022,8,5,2025-03-08
Census Tract,39061004602,White,06/2022,4,5.5,2025-03-08
Census Tract,39061004602,White,07/2022,8,8,2025-03-08
Census Tract,39061004602,White,08/2022,5,3,2025-03-08
Census Tract,39061004602,White,09/2022,4,4.5,2025-03-08
Census Tract,39061004602,White,10/2022,5,7.5,2025-03-08
Census Tract,39061004602,White,11/2022,2,3.5,2025-03-08
Census Tract,39061004602,White,12/2022,6,10.5,2025-03-08
Census Tract,39061004602,White,01/2023,3,5.5,2025-03-08
Census Tract,39061004602,White,02/2023,5,5,2025-03-08
Census Tract,39061004602,White,03/2023,9,7,2025-03-08
Census Tract,39061004602,White,04/2023,5,3,2025-03-08
Census Tract,39061004602,White,05/2023,5,5,2025-03-08
Census Tract,39061004602,White,06/2023,8,5.5,2025-03-08
Census Tract,39061004602,White,07/2023,6,8,2025-03-08
Census Tract,39061004602,White,08/2023,1,3,2025-03-08
Census Tract,39061004602,White,09/2023,6,4.5,2025-03-08
Census Tract,39061004602,White,10/2023,6,7.5,2025-03-08
Census Tract,39061004602,White,11/2023,5,3.5,2025-03-08
Census Tract,39061004602,White,12/2023,10,10.5,2025-03-08
Census Tract,39061004602,White,01/2024,8,5.5,2025-03-08
Census Tract,39061004602,White,02/2024,5,5,2025-03-08
Census Tract,39061004602,White,03/2024,5,7,2025-03-08
Census Tract,39061004602,White,04/2024,1,3,2025-03-08
Census Tract,39061004602,White,05/2024,5,5,2025-03-08
Census Tract,39061004602,White,06/2024,3,5.5,2025-03-08
Census Tract,39061004602,White,07/2024,10,8,2025-03-08
Census Tract,39061004602,White,08/2024,5,3,2025-03-08
Census Tract,39061004602,White,09/2024,3,4.5,2025-03-08
Census Tract,39061004602,White,10/2024,9,7.5,2025-03-08
Census Tract,39061004602,White,11/2024,2,3.5,2025-03-08
Census Tract,39061004602,White,12/2024,11,10.5,2025-03-08
Census Tract,39061004602,White,01/2025,8,5.5,2025-03-08
Census Tract,39061004602,White,02/2025,4,5,2025-03-08
Census Tract,39061004602,White,03/2025,0,3,2025-03-08
Census Tract,39061004603,White,01/2020,0,1.5,2025-03-08
Census Tract,39061004603,White,02/2020,0,1,2025-03-08
Census Tract,39061004603,White,03/2020,0,0,2025-03-08
Census Tract,39061004603,White,04/2020,0,0,2025-03-08
Census Tract,39061004603,White,05/2020,0,1,2025-03-08
Census Tract,39061004603,White,06/2020,2,0.5,2025-03-08
Census Tract,39061004603,White,07/2020,2,0,2025-03-08
Census Tract,39061004603,White,08/2020,0,1.5,2025-03-08
Census Tract,39061004603,White,09/2020,0,0,2025-03-08
Census Tract,39061004603,White,10/2020,0,0,2025-03-08
Census Tract,39061004603,White,11/2020,0,0,2025-03-08
Census Tract,39061004603,White,12/2020,1,0.5,2025-03-08
Census Tract,39061004603,White,01/2021,1,1.5,2025-03-08
Census Tract,39061004603,White,02/2021,1,1,2025-03-08
Census Tract,39061004603,White,03/2021,0,0,2025-03-08
Census Tract,39061004603,White,04/2021,2,0,2025-03-08
Census Tract,39061004603,White,05/2021,0,1,2025-03-08
Census Tract,39061004603,White,06/2021,0,0.5,2025-03-08
Census Tract,39061004603,White,07/2021,1,0,2025-03-08
Census Tract,39061004603,White,08/2021,0,1.5,2025-03-08
Census Tract,39061004603,White,09/2021,1,0,2025-03-08
Census Tract,39061004603,White,10/2021,2,0,2025-03-08
Census Tract,39061004603,White,11/2021,0,0,2025-03-08
Census Tract,39061004603,White,12/2021,0,0.5,2025-03-08
Census Tract,39061004603,White,01/2022,0,1.5,2025-03-08
Census Tract,39061004603,White,02/2022,0,1,2025-03-08
Census Tract,39061004603,White,03/2022,0,0,2025-03-08
Census Tract,39061004603,White,04/2022,0,0,2025-03-08
Census Tract,39061004603,White,05/2022,0,1,2025-03-08
Census Tract,39061004603,White,06/2022,3,0.5,2025-03-08
Census Tract,39061004603,White,07/2022,0,0,2025-03-08
Census Tract,39061004603,White,08/2022,1,1.5,2025-03-08
Census Tract,39061004603,White,09/2022,1,0,2025-03-08
Census Tract,39061004603,White,10/2022,2,0,2025-03-08
Census Tract,39061004603,White,11/2022,1,0,2025-03-08
Census Tract,39061004603,White,12/2022,0,0.5,2025-03-08
Census Tract,39061004603,White,01/2023,2,1.5,2025-03-08
Census Tract,39061004603,White,02/2023,1,1,2025-03-08
Census Tract,39061004603,White,03/2023,0,0,2025-03-08
Census Tract,39061004603,White,04/2023,0,0,2025-03-08
Census Tract,39061004603,White,05/2023,1,1,2025-03-08
Census Tract,39061004603,White,06/2023,0,0.5,2025-03-08
Census Tract,39061004603,White,07/2023,0,0,2025-03-08
Census Tract,39061004603,White,08/2023,2,1.5,2025-03-08
Census Tract,39061004603,White,09/2023,0,0,2025-03-08
Census Tract,39061004603,White,10/2023,0,0,2025-03-08
Census Tract,39061004603,White,11/2023,0,0,2025-03-08
Census Tract,39061004603,White,12/2023,1,0.5,2025-03-08
Census Tract,39061004603,White,01/2024,1,1.5,2025-03-08
Census Tract,39061004603,White,02/2024,1,1,2025-03-08
Census Tract,39061004603,White,03/2024,0,0,2025-03-08
Census Tract,39061004603,White,04/2024,0,0,2025-03-08
Census Tract,39061004603,White,05/2024,1,1,2025-03-08
Census Tract,39061004603,White,06/2024,1,0.5,2025-03-08
Census Tract,39061004603,White,07/2024,0,0,2025-03-08
Census Tract,39061004603,White,08/2024,1,1.5,2025-03-08
Census Tract,39061004603,White,09/2024,0,0,2025-03-08
Census Tract,39061004603,White,10/2024,0,0,2025-03-08
Census Tract,39061004603,White,11/2024,0,0,2025-03-08
Census Tract,39061004603,White,12/2024,0,0.5,2025-03-08
Census Tract,39061004603,White,01/2025,0,1.5,2025-03-08
Census Tract,39061004603,White,02/2025,0,1,2025-03-08
Census Tract,39061004603,White,03/2025,0,0,2025-03-08
Census Tract,39061004604,White,01/2020,0,13,2025-03-08
Census Tract,39061004604,White,02/2020,0,9.5,2025-03-08
Census Tract,39061004604,White,03/2020,0,6.5,2025-03-08
Census Tract,39061004604,White,04/2020,0,8.5,2025-03-08
Census Tract,39061004604,White,05/2020,1,9,2025-03-08
Census Tract,39061004604,White,06/2020,7,14.5,2025-03-08
Census Tract,39061004604,White,07/2020,3,9.5,2025-03-08
Census Tract,39061004604,White,08/2020,7,10,2025-03-08
Census Tract,39061004604,White,09/2020,1,16,2025-03-08
Census Tract,39061004604,White,10/2020,3,11.5,2025-03-08
Census Tract,39061004604,White,11/2020,1,8,2025-03-08
Census Tract,39061004604,White,12/2020,0,8.5,2025-03-08
Census Tract,39061004604,White,01/2021,6,13,2025-03-08
Census Tract,39061004604,White,02/2021,6,9.5,2025-03-08
Census Tract,39061004604,White,03/2021,5,6.5,2025-03-08
Census Tract,39061004604,White,04/2021,2,8.5,2025-03-08
Census Tract,39061004604,White,05/2021,4,9,2025-03-08
Census Tract,39061004604,White,06/2021,3,14.5,2025-03-08
Census Tract,39061004604,White,07/2021,8,9.5,2025-03-08
Census Tract,39061004604,White,08/2021,2,10,2025-03-08
Census Tract,39061004604,White,09/2021,6,16,2025-03-08
Census Tract,39061004604,White,10/2021,5,11.5,2025-03-08
Census Tract,39061004604,White,11/2021,7,8,2025-03-08
Census Tract,39061004604,White,12/2021,6,8.5,2025-03-08
Census Tract,39061004604,White,01/2022,8,13,2025-03-08
Census Tract,39061004604,White,02/2022,1,9.5,2025-03-08
Census Tract,39061004604,White,03/2022,16,6.5,2025-03-08
Census Tract,39061004604,White,04/2022,4,8.5,2025-03-08
Census Tract,39061004604,White,05/2022,7,9,2025-03-08
Census Tract,39061004604,White,06/2022,9,14.5,2025-03-08
Census Tract,39061004604,White,07/2022,4,9.5,2025-03-08
Census Tract,39061004604,White,08/2022,6,10,2025-03-08
Census Tract,39061004604,White,09/2022,10,16,2025-03-08
Census Tract,39061004604,White,10/2022,3,11.5,2025-03-08
Census Tract,39061004604,White,11/2022,14,8,2025-03-08
Census Tract,39061004604,White,12/2022,2,8.5,2025-03-08
Census Tract,39061004604,White,01/2023,15,13,2025-03-08
Census Tract,39061004604,White,02/2023,4,9.5,2025-03-08
Census Tract,39061004604,White,03/2023,7,6.5,2025-03-08
Census Tract,39061004604,White,04/2023,5,8.5,2025-03-08
Census Tract,39061004604,White,05/2023,8,9,2025-03-08
Census Tract,39061004604,White,06/2023,22,14.5,2025-03-08
Census Tract,39061004604,White,07/2023,6,9.5,2025-03-08
Census Tract,39061004604,White,08/2023,18,10,2025-03-08
Census Tract,39061004604,White,09/2023,17,16,2025-03-08
Census Tract,39061004604,White,10/2023,6,11.5,2025-03-08
Census Tract,39061004604,White,11/2023,8,8,2025-03-08
Census Tract,39061004604,White,12/2023,8,8.5,2025-03-08
Census Tract,39061004604,White,01/2024,11,13,2025-03-08
Census Tract,39061004604,White,02/2024,15,9.5,2025-03-08
Census Tract,39061004604,White,03/2024,6,6.5,2025-03-08
Census Tract,39061004604,White,04/2024,12,8.5,2025-03-08
Census Tract,39061004604,White,05/2024,10,9,2025-03-08
Census Tract,39061004604,White,06/2024,7,14.5,2025-03-08
Census Tract,39061004604,White,07/2024,13,9.5,2025-03-08
Census Tract,39061004604,White,08/2024,2,10,2025-03-08
Census Tract,39061004604,White,09/2024,15,16,2025-03-08
Census Tract,39061004604,White,10/2024,17,11.5,2025-03-08
Census Tract,39061004604,White,11/2024,8,8,2025-03-08
Census Tract,39061004604,White,12/2024,9,8.5,2025-03-08
Census Tract,39061004604,White,01/2025,11,13,2025-03-08
Census Tract,39061004604,White,02/2025,5,9.5,2025-03-08
Census Tract,39061004604,White,03/2025,0,2.5,2025-03-08
Census Tract,39061004605,White,01/2020,0,0,2025-03-08
Census Tract,39061004605,White,02/2020,0,0,2025-03-08
Census Tract,39061004605,White,03/2020,0,3.5,2025-03-08
Census Tract,39061004605,White,04/2020,0,1,2025-03-08
Census Tract,39061004605,White,05/2020,0,1.5,2025-03-08
Census Tract,39061004605,White,06/2020,0,1.5,2025-03-08
Census Tract,39061004605,White,07/2020,1,1.5,2025-03-08
Census Tract,39061004605,White,08/2020,1,2,2025-03-08
Census Tract,39061004605,White,09/2020,1,2,2025-03-08
Census Tract,39061004605,White,10/2020,1,1,2025-03-08
Census Tract,39061004605,White,11/2020,0,1,2025-03-08
Census Tract,39061004605,White,12/2020,1,1.5,2025-03-08
Census Tract,39061004605,White,01/2021,1,0,2025-03-08
Census Tract,39061004605,White,02/2021,1,0,2025-03-08
Census Tract,39061004605,White,03/2021,2,3.5,2025-03-08
Census Tract,39061004605,White,04/2021,0,1,2025-03-08
Census Tract,39061004605,White,05/2021,1,1.5,2025-03-08
Census Tract,39061004605,White,06/2021,5,1.5,2025-03-08
Census Tract,39061004605,White,07/2021,0,1.5,2025-03-08
Census Tract,39061004605,White,08/2021,2,2,2025-03-08
Census Tract,39061004605,White,09/2021,1,2,2025-03-08
Census Tract,39061004605,White,10/2021,1,1,2025-03-08
Census Tract,39061004605,White,11/2021,1,1,2025-03-08
Census Tract,39061004605,White,12/2021,1,1.5,2025-03-08
Census Tract,39061004605,White,01/2022,3,0,2025-03-08
Census Tract,39061004605,White,02/2022,0,0,2025-03-08
Census Tract,39061004605,White,03/2022,0,3.5,2025-03-08
Census Tract,39061004605,White,04/2022,3,1,2025-03-08
Census Tract,39061004605,White,05/2022,1,1.5,2025-03-08
Census Tract,39061004605,White,06/2022,1,1.5,2025-03-08
Census Tract,39061004605,White,07/2022,0,1.5,2025-03-08
Census Tract,39061004605,White,08/2022,0,2,2025-03-08
Census Tract,39061004605,White,09/2022,1,2,2025-03-08
Census Tract,39061004605,White,10/2022,0,1,2025-03-08
Census Tract,39061004605,White,11/2022,0,1,2025-03-08
Census Tract,39061004605,White,12/2022,1,1.5,2025-03-08
Census Tract,39061004605,White,01/2023,0,0,2025-03-08
Census Tract,39061004605,White,02/2023,0,0,2025-03-08
Census Tract,39061004605,White,03/2023,4,3.5,2025-03-08
Census Tract,39061004605,White,04/2023,1,1,2025-03-08
Census Tract,39061004605,White,05/2023,1,1.5,2025-03-08
Census Tract,39061004605,White,06/2023,2,1.5,2025-03-08
Census Tract,39061004605,White,07/2023,1,1.5,2025-03-08
Census Tract,39061004605,White,08/2023,2,2,2025-03-08
Census Tract,39061004605,White,09/2023,2,2,2025-03-08
Census Tract,39061004605,White,10/2023,0,1,2025-03-08
Census Tract,39061004605,White,11/2023,1,1,2025-03-08
Census Tract,39061004605,White,12/2023,0,1.5,2025-03-08
Census Tract,39061004605,White,01/2024,0,0,2025-03-08
Census Tract,39061004605,White,02/2024,0,0,2025-03-08
Census Tract,39061004605,White,03/2024,3,3.5,2025-03-08
Census Tract,39061004605,White,04/2024,1,1,2025-03-08
Census Tract,39061004605,White,05/2024,2,1.5,2025-03-08
Census Tract,39061004605,White,06/2024,1,1.5,2025-03-08
Census Tract,39061004605,White,07/2024,2,1.5,2025-03-08
Census Tract,39061004605,White,08/2024,2,2,2025-03-08
Census Tract,39061004605,White,09/2024,2,2,2025-03-08
Census Tract,39061004605,White,10/2024,2,1,2025-03-08
Census Tract,39061004605,White,11/2024,1,1,2025-03-08
Census Tract,39061004605,White,12/2024,3,1.5,2025-03-08
Census Tract,39061004605,White,01/2025,0,0,2025-03-08
Census Tract,39061004605,White,02/2025,0,0,2025-03-08
Census Tract,39061004605,White,03/2025,0,0.5,2025-03-08
Census Tract,39061004703,White,01/2020,0,2,2025-03-08
Census Tract,39061004703,White,02/2020,0,0,2025-03-08
Census Tract,39061004703,White,03/2020,0,0,2025-03-08
Census Tract,39061004703,White,04/2020,0,0.5,2025-03-08
Census Tract,39061004703,White,05/2020,0,1,2025-03-08
Census Tract,39061004703,White,06/2020,0,2,2025-03-08
Census Tract,39061004703,White,07/2020,3,0.5,2025-03-08
Census Tract,39061004703,White,08/2020,2,1.5,2025-03-08
Census Tract,39061004703,White,09/2020,0,1,2025-03-08
Census Tract,39061004703,White,10/2020,1,1,2025-03-08
Census Tract,39061004703,White,11/2020,1,1,2025-03-08
Census Tract,39061004703,White,12/2020,0,1,2025-03-08
Census Tract,39061004703,White,01/2021,0,2,2025-03-08
Census Tract,39061004703,White,02/2021,1,0,2025-03-08
Census Tract,39061004703,White,03/2021,1,0,2025-03-08
Census Tract,39061004703,White,04/2021,2,0.5,2025-03-08
Census Tract,39061004703,White,05/2021,0,1,2025-03-08
Census Tract,39061004703,White,06/2021,3,2,2025-03-08
Census Tract,39061004703,White,07/2021,1,0.5,2025-03-08
Census Tract,39061004703,White,08/2021,0,1.5,2025-03-08
Census Tract,39061004703,White,09/2021,0,1,2025-03-08
Census Tract,39061004703,White,10/2021,0,1,2025-03-08
Census Tract,39061004703,White,11/2021,1,1,2025-03-08
Census Tract,39061004703,White,12/2021,2,1,2025-03-08
Census Tract,39061004703,White,01/2022,0,2,2025-03-08
Census Tract,39061004703,White,02/2022,1,0,2025-03-08
Census Tract,39061004703,White,03/2022,0,0,2025-03-08
Census Tract,39061004703,White,04/2022,2,0.5,2025-03-08
Census Tract,39061004703,White,05/2022,2,1,2025-03-08
Census Tract,39061004703,White,06/2022,2,2,2025-03-08
Census Tract,39061004703,White,07/2022,0,0.5,2025-03-08
Census Tract,39061004703,White,08/2022,2,1.5,2025-03-08
Census Tract,39061004703,White,09/2022,4,1,2025-03-08
Census Tract,39061004703,White,10/2022,2,1,2025-03-08
Census Tract,39061004703,White,11/2022,1,1,2025-03-08
Census Tract,39061004703,White,12/2022,0,1,2025-03-08
Census Tract,39061004703,White,01/2023,3,2,2025-03-08
Census Tract,39061004703,White,02/2023,0,0,2025-03-08
Census Tract,39061004703,White,03/2023,0,0,2025-03-08
Census Tract,39061004703,White,04/2023,0,0.5,2025-03-08
Census Tract,39061004703,White,05/2023,0,1,2025-03-08
Census Tract,39061004703,White,06/2023,0,2,2025-03-08
Census Tract,39061004703,White,07/2023,0,0.5,2025-03-08
Census Tract,39061004703,White,08/2023,1,1.5,2025-03-08
Census Tract,39061004703,White,09/2023,1,1,2025-03-08
Census Tract,39061004703,White,10/2023,1,1,2025-03-08
Census Tract,39061004703,White,11/2023,1,1,2025-03-08
Census Tract,39061004703,White,12/2023,1,1,2025-03-08
Census Tract,39061004703,White,01/2024,1,2,2025-03-08
Census Tract,39061004703,White,02/2024,0,0,2025-03-08
Census Tract,39061004703,White,03/2024,0,0,2025-03-08
Census Tract,39061004703,White,04/2024,1,0.5,2025-03-08
Census Tract,39061004703,White,05/2024,2,1,2025-03-08
Census Tract,39061004703,White,06/2024,4,2,2025-03-08
Census Tract,39061004703,White,07/2024,1,0.5,2025-03-08
Census Tract,39061004703,White,08/2024,2,1.5,2025-03-08
Census Tract,39061004703,White,09/2024,1,1,2025-03-08
Census Tract,39061004703,White,10/2024,1,1,2025-03-08
Census Tract,39061004703,White,11/2024,1,1,2025-03-08
Census Tract,39061004703,White,12/2024,1,1,2025-03-08
Census Tract,39061004703,White,01/2025,3,2,2025-03-08
Census Tract,39061004703,White,02/2025,1,0,2025-03-08
Census Tract,39061004703,White,03/2025,1,0,2025-03-08
Census Tract,39061004800,White,01/2020,0,0,2025-03-08
Census Tract,39061004800,White,02/2020,0,0.5,2025-03-08
Census Tract,39061004800,White,03/2020,0,0,2025-03-08
Census Tract,39061004800,White,04/2020,0,0,2025-03-08
Census Tract,39061004800,White,05/2020,0,0,2025-03-08
Census Tract,39061004800,White,06/2020,0,0,2025-03-08
Census Tract,39061004800,White,07/2020,0,0.5,2025-03-08
Census Tract,39061004800,White,08/2020,0,1,2025-03-08
Census Tract,39061004800,White,09/2020,0,0,2025-03-08
Census Tract,39061004800,White,10/2020,0,0,2025-03-08
Census Tract,39061004800,White,11/2020,0,0.5,2025-03-08
Census Tract,39061004800,White,12/2020,0,0.5,2025-03-08
Census Tract,39061004800,White,01/2021,0,0,2025-03-08
Census Tract,39061004800,White,02/2021,0,0.5,2025-03-08
Census Tract,39061004800,White,03/2021,1,0,2025-03-08
Census Tract,39061004800,White,04/2021,0,0,2025-03-08
Census Tract,39061004800,White,05/2021,0,0,2025-03-08
Census Tract,39061004800,White,06/2021,0,0,2025-03-08
Census Tract,39061004800,White,07/2021,0,0.5,2025-03-08
Census Tract,39061004800,White,08/2021,0,1,2025-03-08
Census Tract,39061004800,White,09/2021,0,0,2025-03-08
Census Tract,39061004800,White,10/2021,0,0,2025-03-08
Census Tract,39061004800,White,11/2021,0,0.5,2025-03-08
Census Tract,39061004800,White,12/2021,0,0.5,2025-03-08
Census Tract,39061004800,White,01/2022,0,0,2025-03-08
Census Tract,39061004800,White,02/2022,0,0.5,2025-03-08
Census Tract,39061004800,White,03/2022,0,0,2025-03-08
Census Tract,39061004800,White,04/2022,0,0,2025-03-08
Census Tract,39061004800,White,05/2022,0,0,2025-03-08
Census Tract,39061004800,White,06/2022,0,0,2025-03-08
Census Tract,39061004800,White,07/2022,0,0.5,2025-03-08
Census Tract,39061004800,White,08/2022,0,1,2025-03-08
Census Tract,39061004800,White,09/2022,0,0,2025-03-08
Census Tract,39061004800,White,10/2022,0,0,2025-03-08
Census Tract,39061004800,White,11/2022,0,0.5,2025-03-08
Census Tract,39061004800,White,12/2022,1,0.5,2025-03-08
Census Tract,39061004800,White,01/2023,0,0,2025-03-08
Census Tract,39061004800,White,02/2023,0,0.5,2025-03-08
Census Tract,39061004800,White,03/2023,0,0,2025-03-08
Census Tract,39061004800,White,04/2023,0,0,2025-03-08
Census Tract,39061004800,White,05/2023,0,0,2025-03-08
Census Tract,39061004800,White,06/2023,0,0,2025-03-08
Census Tract,39061004800,White,07/2023,1,0.5,2025-03-08
Census Tract,39061004800,White,08/2023,1,1,2025-03-08
Census Tract,39061004800,White,09/2023,0,0,2025-03-08
Census Tract,39061004800,White,10/2023,0,0,2025-03-08
Census Tract,39061004800,White,11/2023,1,0.5,2025-03-08
Census Tract,39061004800,White,12/2023,1,0.5,2025-03-08
Census Tract,39061004800,White,01/2024,0,0,2025-03-08
Census Tract,39061004800,White,02/2024,1,0.5,2025-03-08
Census Tract,39061004800,White,03/2024,0,0,2025-03-08
Census Tract,39061004800,White,04/2024,0,0,2025-03-08
Census Tract,39061004800,White,05/2024,0,0,2025-03-08
Census Tract,39061004800,White,06/2024,0,0,2025-03-08
Census Tract,39061004800,White,07/2024,0,0.5,2025-03-08
Census Tract,39061004800,White,08/2024,1,1,2025-03-08
Census Tract,39061004800,White,09/2024,0,0,2025-03-08
Census Tract,39061004800,White,10/2024,0,0,2025-03-08
Census Tract,39061004800,White,11/2024,0,0.5,2025-03-08
Census Tract,39061004800,White,12/2024,0,0.5,2025-03-08
Census Tract,39061004800,White,01/2025,0,0,2025-03-08
Census Tract,39061004800,White,02/2025,1,0.5,2025-03-08
Census Tract,39061004800,White,03/2025,0,0,2025-03-08
Census Tract,39061004900,White,01/2020,0,1.5,2025-03-08
Census Tract,39061004900,White,02/2020,0,3,2025-03-08
Census Tract,39061004900,White,03/2020,0,3.5,2025-03-08
Census Tract,39061004900,White,04/2020,0,3,2025-03-08
Census Tract,39061004900,White,05/2020,0,2,2025-03-08
Census Tract,39061004900,White,06/2020,0,2,2025-03-08
Census Tract,39061004900,White,07/2020,0,0.5,2025-03-08
Census Tract,39061004900,White,08/2020,0,1,2025-03-08
Census Tract,39061004900,White,09/2020,3,1.5,2025-03-08
Census Tract,39061004900,White,10/2020,2,2.5,2025-03-08
Census Tract,39061004900,White,11/2020,0,1,2025-03-08
Census Tract,39061004900,White,12/2020,2,3.5,2025-03-08
Census Tract,39061004900,White,01/2021,2,1.5,2025-03-08
Census Tract,39061004900,White,02/2021,1,3,2025-03-08
Census Tract,39061004900,White,03/2021,1,3.5,2025-03-08
Census Tract,39061004900,White,04/2021,0,3,2025-03-08
Census Tract,39061004900,White,05/2021,2,2,2025-03-08
Census Tract,39061004900,White,06/2021,2,2,2025-03-08
Census Tract,39061004900,White,07/2021,1,0.5,2025-03-08
Census Tract,39061004900,White,08/2021,3,1,2025-03-08
Census Tract,39061004900,White,09/2021,1,1.5,2025-03-08
Census Tract,39061004900,White,10/2021,2,2.5,2025-03-08
Census Tract,39061004900,White,11/2021,1,1,2025-03-08
Census Tract,39061004900,White,12/2021,0,3.5,2025-03-08
Census Tract,39061004900,White,01/2022,1,1.5,2025-03-08
Census Tract,39061004900,White,02/2022,0,3,2025-03-08
Census Tract,39061004900,White,03/2022,2,3.5,2025-03-08
Census Tract,39061004900,White,04/2022,2,3,2025-03-08
Census Tract,39061004900,White,05/2022,1,2,2025-03-08
Census Tract,39061004900,White,06/2022,2,2,2025-03-08
Census Tract,39061004900,White,07/2022,1,0.5,2025-03-08
Census Tract,39061004900,White,08/2022,4,1,2025-03-08
Census Tract,39061004900,White,09/2022,0,1.5,2025-03-08
Census Tract,39061004900,White,10/2022,2,2.5,2025-03-08
Census Tract,39061004900,White,11/2022,1,1,2025-03-08
Census Tract,39061004900,White,12/2022,1,3.5,2025-03-08
Census Tract,39061004900,White,01/2023,1,1.5,2025-03-08
Census Tract,39061004900,White,02/2023,2,3,2025-03-08
Census Tract,39061004900,White,03/2023,3,3.5,2025-03-08
Census Tract,39061004900,White,04/2023,3,3,2025-03-08
Census Tract,39061004900,White,05/2023,0,2,2025-03-08
Census Tract,39061004900,White,06/2023,0,2,2025-03-08
Census Tract,39061004900,White,07/2023,0,0.5,2025-03-08
Census Tract,39061004900,White,08/2023,1,1,2025-03-08
Census Tract,39061004900,White,09/2023,2,1.5,2025-03-08
Census Tract,39061004900,White,10/2023,4,2.5,2025-03-08
Census Tract,39061004900,White,11/2023,1,1,2025-03-08
Census Tract,39061004900,White,12/2023,5,3.5,2025-03-08
Census Tract,39061004900,White,01/2024,2,1.5,2025-03-08
Census Tract,39061004900,White,02/2024,4,3,2025-03-08
Census Tract,39061004900,White,03/2024,4,3.5,2025-03-08
Census Tract,39061004900,White,04/2024,3,3,2025-03-08
Census Tract,39061004900,White,05/2024,4,2,2025-03-08
Census Tract,39061004900,White,06/2024,4,2,2025-03-08
Census Tract,39061004900,White,07/2024,1,0.5,2025-03-08
Census Tract,39061004900,White,08/2024,1,1,2025-03-08
Census Tract,39061004900,White,09/2024,1,1.5,2025-03-08
Census Tract,39061004900,White,10/2024,1,2.5,2025-03-08
Census Tract,39061004900,White,11/2024,1,1,2025-03-08
Census Tract,39061004900,White,12/2024,2,3.5,2025-03-08
Census Tract,39061004900,White,01/2025,7,1.5,2025-03-08
Census Tract,39061004900,White,02/2025,2,3,2025-03-08
Census Tract,39061004900,White,03/2025,0,0,2025-03-08
Census Tract,39061005000,White,01/2020,0,2,2025-03-08
Census Tract,39061005000,White,02/2020,0,1,2025-03-08
Census Tract,39061005000,White,03/2020,0,3.5,2025-03-08
Census Tract,39061005000,White,04/2020,0,2.5,2025-03-08
Census Tract,39061005000,White,05/2020,0,3,2025-03-08
Census Tract,39061005000,White,06/2020,0,1,2025-03-08
Census Tract,39061005000,White,07/2020,1,3,2025-03-08
Census Tract,39061005000,White,08/2020,1,2.5,2025-03-08
Census Tract,39061005000,White,09/2020,0,2.5,2025-03-08
Census Tract,39061005000,White,10/2020,0,3,2025-03-08
Census Tract,39061005000,White,11/2020,0,1.5,2025-03-08
Census Tract,39061005000,White,12/2020,0,1,2025-03-08
Census Tract,39061005000,White,01/2021,1,2,2025-03-08
Census Tract,39061005000,White,02/2021,2,1,2025-03-08
Census Tract,39061005000,White,03/2021,2,3.5,2025-03-08
Census Tract,39061005000,White,04/2021,0,2.5,2025-03-08
Census Tract,39061005000,White,05/2021,0,3,2025-03-08
Census Tract,39061005000,White,06/2021,2,1,2025-03-08
Census Tract,39061005000,White,07/2021,2,3,2025-03-08
Census Tract,39061005000,White,08/2021,1,2.5,2025-03-08
Census Tract,39061005000,White,09/2021,0,2.5,2025-03-08
Census Tract,39061005000,White,10/2021,2,3,2025-03-08
Census Tract,39061005000,White,11/2021,0,1.5,2025-03-08
Census Tract,39061005000,White,12/2021,2,1,2025-03-08
Census Tract,39061005000,White,01/2022,3,2,2025-03-08
Census Tract,39061005000,White,02/2022,4,1,2025-03-08
Census Tract,39061005000,White,03/2022,1,3.5,2025-03-08
Census Tract,39061005000,White,04/2022,2,2.5,2025-03-08
Census Tract,39061005000,White,05/2022,3,3,2025-03-08
Census Tract,39061005000,White,06/2022,0,1,2025-03-08
Census Tract,39061005000,White,07/2022,4,3,2025-03-08
Census Tract,39061005000,White,08/2022,1,2.5,2025-03-08
Census Tract,39061005000,White,09/2022,3,2.5,2025-03-08
Census Tract,39061005000,White,10/2022,1,3,2025-03-08
Census Tract,39061005000,White,11/2022,0,1.5,2025-03-08
Census Tract,39061005000,White,12/2022,4,1,2025-03-08
Census Tract,39061005000,White,01/2023,1,2,2025-03-08
Census Tract,39061005000,White,02/2023,0,1,2025-03-08
Census Tract,39061005000,White,03/2023,6,3.5,2025-03-08
Census Tract,39061005000,White,04/2023,4,2.5,2025-03-08
Census Tract,39061005000,White,05/2023,2,3,2025-03-08
Census Tract,39061005000,White,06/2023,1,1,2025-03-08
Census Tract,39061005000,White,07/2023,1,3,2025-03-08
Census Tract,39061005000,White,08/2023,3,2.5,2025-03-08
Census Tract,39061005000,White,09/2023,2,2.5,2025-03-08
Census Tract,39061005000,White,10/2023,4,3,2025-03-08
Census Tract,39061005000,White,11/2023,2,1.5,2025-03-08
Census Tract,39061005000,White,12/2023,2,1,2025-03-08
Census Tract,39061005000,White,01/2024,3,2,2025-03-08
Census Tract,39061005000,White,02/2024,2,1,2025-03-08
Census Tract,39061005000,White,03/2024,1,3.5,2025-03-08
Census Tract,39061005000,White,04/2024,1,2.5,2025-03-08
Census Tract,39061005000,White,05/2024,4,3,2025-03-08
Census Tract,39061005000,White,06/2024,1,1,2025-03-08
Census Tract,39061005000,White,07/2024,5,3,2025-03-08
Census Tract,39061005000,White,08/2024,2,2.5,2025-03-08
Census Tract,39061005000,White,09/2024,3,2.5,2025-03-08
Census Tract,39061005000,White,10/2024,2,3,2025-03-08
Census Tract,39061005000,White,11/2024,1,1.5,2025-03-08
Census Tract,39061005000,White,12/2024,0,1,2025-03-08
Census Tract,39061005000,White,01/2025,2,2,2025-03-08
Census Tract,39061005000,White,02/2025,0,1,2025-03-08
Census Tract,39061005000,White,03/2025,0,1.5,2025-03-08
Census Tract,39061005100,White,01/2020,0,0.5,2025-03-08
Census Tract,39061005100,White,02/2020,0,1,2025-03-08
Census Tract,39061005100,White,03/2020,0,0.5,2025-03-08
Census Tract,39061005100,White,04/2020,0,0.5,2025-03-08
Census Tract,39061005100,White,05/2020,0,1,2025-03-08
Census Tract,39061005100,White,06/2020,0,1,2025-03-08
Census Tract,39061005100,White,07/2020,0,0,2025-03-08
Census Tract,39061005100,White,08/2020,0,1.5,2025-03-08
Census Tract,39061005100,White,09/2020,0,2,2025-03-08
Census Tract,39061005100,White,10/2020,0,1.5,2025-03-08
Census Tract,39061005100,White,11/2020,0,1,2025-03-08
Census Tract,39061005100,White,12/2020,1,1,2025-03-08
Census Tract,39061005100,White,01/2021,0,0.5,2025-03-08
Census Tract,39061005100,White,02/2021,0,1,2025-03-08
Census Tract,39061005100,White,03/2021,1,0.5,2025-03-08
Census Tract,39061005100,White,04/2021,0,0.5,2025-03-08
Census Tract,39061005100,White,05/2021,0,1,2025-03-08
Census Tract,39061005100,White,06/2021,0,1,2025-03-08
Census Tract,39061005100,White,07/2021,0,0,2025-03-08
Census Tract,39061005100,White,08/2021,0,1.5,2025-03-08
Census Tract,39061005100,White,09/2021,0,2,2025-03-08
Census Tract,39061005100,White,10/2021,1,1.5,2025-03-08
Census Tract,39061005100,White,11/2021,0,1,2025-03-08
Census Tract,39061005100,White,12/2021,1,1,2025-03-08
Census Tract,39061005100,White,01/2022,0,0.5,2025-03-08
Census Tract,39061005100,White,02/2022,1,1,2025-03-08
Census Tract,39061005100,White,03/2022,1,0.5,2025-03-08
Census Tract,39061005100,White,04/2022,0,0.5,2025-03-08
Census Tract,39061005100,White,05/2022,1,1,2025-03-08
Census Tract,39061005100,White,06/2022,0,1,2025-03-08
Census Tract,39061005100,White,07/2022,0,0,2025-03-08
Census Tract,39061005100,White,08/2022,0,1.5,2025-03-08
Census Tract,39061005100,White,09/2022,1,2,2025-03-08
Census Tract,39061005100,White,10/2022,0,1.5,2025-03-08
Census Tract,39061005100,White,11/2022,0,1,2025-03-08
Census Tract,39061005100,White,12/2022,0,1,2025-03-08
Census Tract,39061005100,White,01/2023,0,0.5,2025-03-08
Census Tract,39061005100,White,02/2023,1,1,2025-03-08
Census Tract,39061005100,White,03/2023,1,0.5,2025-03-08
Census Tract,39061005100,White,04/2023,1,0.5,2025-03-08
Census Tract,39061005100,White,05/2023,0,1,2025-03-08
Census Tract,39061005100,White,06/2023,0,1,2025-03-08
Census Tract,39061005100,White,07/2023,0,0,2025-03-08
Census Tract,39061005100,White,08/2023,2,1.5,2025-03-08
Census Tract,39061005100,White,09/2023,2,2,2025-03-08
Census Tract,39061005100,White,10/2023,0,1.5,2025-03-08
Census Tract,39061005100,White,11/2023,2,1,2025-03-08
Census Tract,39061005100,White,12/2023,1,1,2025-03-08
Census Tract,39061005100,White,01/2024,1,0.5,2025-03-08
Census Tract,39061005100,White,02/2024,1,1,2025-03-08
Census Tract,39061005100,White,03/2024,0,0.5,2025-03-08
Census Tract,39061005100,White,04/2024,0,0.5,2025-03-08
Census Tract,39061005100,White,05/2024,2,1,2025-03-08
Census Tract,39061005100,White,06/2024,2,1,2025-03-08
Census Tract,39061005100,White,07/2024,0,0,2025-03-08
Census Tract,39061005100,White,08/2024,1,1.5,2025-03-08
Census Tract,39061005100,White,09/2024,2,2,2025-03-08
Census Tract,39061005100,White,10/2024,3,1.5,2025-03-08
Census Tract,39061005100,White,11/2024,0,1,2025-03-08
Census Tract,39061005100,White,12/2024,1,1,2025-03-08
Census Tract,39061005100,White,01/2025,3,0.5,2025-03-08
Census Tract,39061005100,White,02/2025,0,1,2025-03-08
Census Tract,39061005100,White,03/2025,0,0,2025-03-08
Census Tract,39061005200,White,01/2020,0,2.5,2025-03-08
Census Tract,39061005200,White,02/2020,0,2,2025-03-08
Census Tract,39061005200,White,03/2020,0,3,2025-03-08
Census Tract,39061005200,White,04/2020,0,2,2025-03-08
Census Tract,39061005200,White,05/2020,0,1,2025-03-08
Census Tract,39061005200,White,06/2020,0,1,2025-03-08
Census Tract,39061005200,White,07/2020,1,1,2025-03-08
Census Tract,39061005200,White,08/2020,0,1,2025-03-08
Census Tract,39061005200,White,09/2020,1,1,2025-03-08
Census Tract,39061005200,White,10/2020,1,0.5,2025-03-08
Census Tract,39061005200,White,11/2020,0,0.5,2025-03-08
Census Tract,39061005200,White,12/2020,2,1,2025-03-08
Census Tract,39061005200,White,01/2021,0,2.5,2025-03-08
Census Tract,39061005200,White,02/2021,0,2,2025-03-08
Census Tract,39061005200,White,03/2021,1,3,2025-03-08
Census Tract,39061005200,White,04/2021,1,2,2025-03-08
Census Tract,39061005200,White,05/2021,1,1,2025-03-08
Census Tract,39061005200,White,06/2021,1,1,2025-03-08
Census Tract,39061005200,White,07/2021,1,1,2025-03-08
Census Tract,39061005200,White,08/2021,2,1,2025-03-08
Census Tract,39061005200,White,09/2021,2,1,2025-03-08
Census Tract,39061005200,White,10/2021,1,0.5,2025-03-08
Census Tract,39061005200,White,11/2021,0,0.5,2025-03-08
Census Tract,39061005200,White,12/2021,0,1,2025-03-08
Census Tract,39061005200,White,01/2022,1,2.5,2025-03-08
Census Tract,39061005200,White,02/2022,1,2,2025-03-08
Census Tract,39061005200,White,03/2022,1,3,2025-03-08
Census Tract,39061005200,White,04/2022,1,2,2025-03-08
Census Tract,39061005200,White,05/2022,3,1,2025-03-08
Census Tract,39061005200,White,06/2022,1,1,2025-03-08
Census Tract,39061005200,White,07/2022,2,1,2025-03-08
Census Tract,39061005200,White,08/2022,1,1,2025-03-08
Census Tract,39061005200,White,09/2022,1,1,2025-03-08
Census Tract,39061005200,White,10/2022,1,0.5,2025-03-08
Census Tract,39061005200,White,11/2022,1,0.5,2025-03-08
Census Tract,39061005200,White,12/2022,0,1,2025-03-08
Census Tract,39061005200,White,01/2023,1,2.5,2025-03-08
Census Tract,39061005200,White,02/2023,1,2,2025-03-08
Census Tract,39061005200,White,03/2023,3,3,2025-03-08
Census Tract,39061005200,White,04/2023,1,2,2025-03-08
Census Tract,39061005200,White,05/2023,2,1,2025-03-08
Census Tract,39061005200,White,06/2023,1,1,2025-03-08
Census Tract,39061005200,White,07/2023,1,1,2025-03-08
Census Tract,39061005200,White,08/2023,2,1,2025-03-08
Census Tract,39061005200,White,09/2023,2,1,2025-03-08
Census Tract,39061005200,White,10/2023,1,0.5,2025-03-08
Census Tract,39061005200,White,11/2023,1,0.5,2025-03-08
Census Tract,39061005200,White,12/2023,1,1,2025-03-08
Census Tract,39061005200,White,01/2024,4,2.5,2025-03-08
Census Tract,39061005200,White,02/2024,3,2,2025-03-08
Census Tract,39061005200,White,03/2024,3,3,2025-03-08
Census Tract,39061005200,White,04/2024,3,2,2025-03-08
Census Tract,39061005200,White,05/2024,0,1,2025-03-08
Census Tract,39061005200,White,06/2024,1,1,2025-03-08
Census Tract,39061005200,White,07/2024,1,1,2025-03-08
Census Tract,39061005200,White,08/2024,0,1,2025-03-08
Census Tract,39061005200,White,09/2024,0,1,2025-03-08
Census Tract,39061005200,White,10/2024,0,0.5,2025-03-08
Census Tract,39061005200,White,11/2024,0,0.5,2025-03-08
Census Tract,39061005200,White,12/2024,1,1,2025-03-08
Census Tract,39061005200,White,01/2025,0,2.5,2025-03-08
Census Tract,39061005200,White,02/2025,1,2,2025-03-08
Census Tract,39061005200,White,03/2025,0,0,2025-03-08
Census Tract,39061005301,White,01/2020,0,1.5,2025-03-08
Census Tract,39061005301,White,02/2020,0,2,2025-03-08
Census Tract,39061005301,White,03/2020,0,0.5,2025-03-08
Census Tract,39061005301,White,04/2020,0,3,2025-03-08
Census Tract,39061005301,White,05/2020,1,1.5,2025-03-08
Census Tract,39061005301,White,06/2020,1,1.5,2025-03-08
Census Tract,39061005301,White,07/2020,0,3,2025-03-08
Census Tract,39061005301,White,08/2020,3,1,2025-03-08
Census Tract,39061005301,White,09/2020,2,4,2025-03-08
Census Tract,39061005301,White,10/2020,1,4,2025-03-08
Census Tract,39061005301,White,11/2020,1,3,2025-03-08
Census Tract,39061005301,White,12/2020,0,3.5,2025-03-08
Census Tract,39061005301,White,01/2021,0,1.5,2025-03-08
Census Tract,39061005301,White,02/2021,3,1.5,2025-03-08
Census Tract,39061005301,White,03/2021,3,0.5,2025-03-08
Census Tract,39061005301,White,04/2021,2,3,2025-03-08
Census Tract,39061005301,White,05/2021,0,1.5,2025-03-08
Census Tract,39061005301,White,06/2021,5,1.5,2025-03-08
Census Tract,39061005301,White,07/2021,2,3,2025-03-08
Census Tract,39061005301,White,08/2021,2,1,2025-03-08
Census Tract,39061005301,White,09/2021,3,4,2025-03-08
Census Tract,39061005301,White,10/2021,2,4,2025-03-08
Census Tract,39061005301,White,11/2021,3,3,2025-03-08
Census Tract,39061005301,White,12/2021,7,3.5,2025-03-08
Census Tract,39061005301,White,01/2022,4,1.5,2025-03-08
Census Tract,39061005301,White,02/2022,3,1.5,2025-03-08
Census Tract,39061005301,White,03/2022,1,0.5,2025-03-08
Census Tract,39061005301,White,04/2022,4,3,2025-03-08
Census Tract,39061005301,White,05/2022,0,1.5,2025-03-08
Census Tract,39061005301,White,06/2022,5,1.5,2025-03-08
Census Tract,39061005301,White,07/2022,2,3,2025-03-08
Census Tract,39061005301,White,08/2022,1,1,2025-03-08
Census Tract,39061005301,White,09/2022,3,4,2025-03-08
Census Tract,39061005301,White,10/2022,4,4,2025-03-08
Census Tract,39061005301,White,11/2022,2,3,2025-03-08
Census Tract,39061005301,White,12/2022,1,3.5,2025-03-08
Census Tract,39061005301,White,01/2023,0,1.5,2025-03-08
Census Tract,39061005301,White,02/2023,2,1.5,2025-03-08
Census Tract,39061005301,White,03/2023,0,0.5,2025-03-08
Census Tract,39061005301,White,04/2023,2,3,2025-03-08
Census Tract,39061005301,White,05/2023,1,1.5,2025-03-08
Census Tract,39061005301,White,06/2023,1,1.5,2025-03-08
Census Tract,39061005301,White,07/2023,4,3,2025-03-08
Census Tract,39061005301,White,08/2023,2,1,2025-03-08
Census Tract,39061005301,White,09/2023,5,4,2025-03-08
Census Tract,39061005301,White,10/2023,3,4,2025-03-08
Census Tract,39061005301,White,11/2023,6,3,2025-03-08
Census Tract,39061005301,White,12/2023,2,3.5,2025-03-08
Census Tract,39061005301,White,01/2024,3,1.5,2025-03-08
Census Tract,39061005301,White,02/2024,2,2,2025-03-08
Census Tract,39061005301,White,03/2024,1,0.5,2025-03-08
Census Tract,39061005301,White,04/2024,4,3,2025-03-08
Census Tract,39061005301,White,05/2024,2,1.5,2025-03-08
Census Tract,39061005301,White,06/2024,2,1.5,2025-03-08
Census Tract,39061005301,White,07/2024,2,3,2025-03-08
Census Tract,39061005301,White,08/2024,0,1,2025-03-08
Census Tract,39061005301,White,09/2024,3,4,2025-03-08
Census Tract,39061005301,White,10/2024,5,4,2025-03-08
Census Tract,39061005301,White,11/2024,0,3,2025-03-08
Census Tract,39061005301,White,12/2024,5,3.5,2025-03-08
Census Tract,39061005301,White,01/2025,2,1.5,2025-03-08
Census Tract,39061005301,White,02/2025,2,1.5,2025-03-08
Census Tract,39061005301,White,03/2025,0,0,2025-03-08
Census Tract,39061005302,White,01/2020,0,3.5,2025-03-08
Census Tract,39061005302,White,02/2020,0,5,2025-03-08
Census Tract,39061005302,White,03/2020,0,5,2025-03-08
Census Tract,39061005302,White,04/2020,0,4.5,2025-03-08
Census Tract,39061005302,White,05/2020,2,7.5,2025-03-08
Census Tract,39061005302,White,06/2020,0,6,2025-03-08
Census Tract,39061005302,White,07/2020,0,6,2025-03-08
Census Tract,39061005302,White,08/2020,4,6.5,2025-03-08
Census Tract,39061005302,White,09/2020,5,5.5,2025-03-08
Census Tract,39061005302,White,10/2020,3,7,2025-03-08
Census Tract,39061005302,White,11/2020,6,3,2025-03-08
Census Tract,39061005302,White,12/2020,1,8,2025-03-08
Census Tract,39061005302,White,01/2021,3,3.5,2025-03-08
Census Tract,39061005302,White,02/2021,5,5,2025-03-08
Census Tract,39061005302,White,03/2021,4,5,2025-03-08
Census Tract,39061005302,White,04/2021,4,4.5,2025-03-08
Census Tract,39061005302,White,05/2021,6,7.5,2025-03-08
Census Tract,39061005302,White,06/2021,2,6,2025-03-08
Census Tract,39061005302,White,07/2021,1,6,2025-03-08
Census Tract,39061005302,White,08/2021,6,6.5,2025-03-08
Census Tract,39061005302,White,09/2021,11,5.5,2025-03-08
Census Tract,39061005302,White,10/2021,4,7,2025-03-08
Census Tract,39061005302,White,11/2021,5,3,2025-03-08
Census Tract,39061005302,White,12/2021,4,8,2025-03-08
Census Tract,39061005302,White,01/2022,0,3.5,2025-03-08
Census Tract,39061005302,White,02/2022,3,5,2025-03-08
Census Tract,39061005302,White,03/2022,3,5,2025-03-08
Census Tract,39061005302,White,04/2022,1,4.5,2025-03-08
Census Tract,39061005302,White,05/2022,3,7.5,2025-03-08
Census Tract,39061005302,White,06/2022,3,6,2025-03-08
Census Tract,39061005302,White,07/2022,6,6,2025-03-08
Census Tract,39061005302,White,08/2022,1,6.5,2025-03-08
Census Tract,39061005302,White,09/2022,6,5.5,2025-03-08
Census Tract,39061005302,White,10/2022,1,7,2025-03-08
Census Tract,39061005302,White,11/2022,9,3,2025-03-08
Census Tract,39061005302,White,12/2022,4,8,2025-03-08
Census Tract,39061005302,White,01/2023,0,3.5,2025-03-08
Census Tract,39061005302,White,02/2023,3,5,2025-03-08
Census Tract,39061005302,White,03/2023,2,5,2025-03-08
Census Tract,39061005302,White,04/2023,2,4.5,2025-03-08
Census Tract,39061005302,White,05/2023,6,7.5,2025-03-08
Census Tract,39061005302,White,06/2023,5,6,2025-03-08
Census Tract,39061005302,White,07/2023,4,6,2025-03-08
Census Tract,39061005302,White,08/2023,10,6.5,2025-03-08
Census Tract,39061005302,White,09/2023,2,5.5,2025-03-08
Census Tract,39061005302,White,10/2023,4,7,2025-03-08
Census Tract,39061005302,White,11/2023,4,3,2025-03-08
Census Tract,39061005302,White,12/2023,8,8,2025-03-08
Census Tract,39061005302,White,01/2024,7,3.5,2025-03-08
Census Tract,39061005302,White,02/2024,7,5,2025-03-08
Census Tract,39061005302,White,03/2024,8,5,2025-03-08
Census Tract,39061005302,White,04/2024,7,4.5,2025-03-08
Census Tract,39061005302,White,05/2024,9,7.5,2025-03-08
Census Tract,39061005302,White,06/2024,7,6,2025-03-08
Census Tract,39061005302,White,07/2024,8,6,2025-03-08
Census Tract,39061005302,White,08/2024,3,6.5,2025-03-08
Census Tract,39061005302,White,09/2024,9,5.5,2025-03-08
Census Tract,39061005302,White,10/2024,10,7,2025-03-08
Census Tract,39061005302,White,11/2024,2,3,2025-03-08
Census Tract,39061005302,White,12/2024,8,8,2025-03-08
Census Tract,39061005302,White,01/2025,6,3.5,2025-03-08
Census Tract,39061005302,White,02/2025,9,5,2025-03-08
Census Tract,39061005302,White,03/2025,0,0.5,2025-03-08
Census Tract,39061005500,Other,01/2020,0,3,2025-03-08
Census Tract,39061005500,Other,02/2020,0,7.5,2025-03-08
Census Tract,39061005500,Other,03/2020,0,3.5,2025-03-08
Census Tract,39061005500,Other,04/2020,0,4.5,2025-03-08
Census Tract,39061005500,Other,05/2020,1,6.5,2025-03-08
Census Tract,39061005500,Other,06/2020,5,6,2025-03-08
Census Tract,39061005500,Other,07/2020,3,5.5,2025-03-08
Census Tract,39061005500,Other,08/2020,1,9,2025-03-08
Census Tract,39061005500,Other,09/2020,3,6.5,2025-03-08
Census Tract,39061005500,Other,10/2020,3,7.5,2025-03-08
Census Tract,39061005500,Other,11/2020,4,6,2025-03-08
Census Tract,39061005500,Other,12/2020,5,7,2025-03-08
Census Tract,39061005500,Other,01/2021,1,3,2025-03-08
Census Tract,39061005500,Other,02/2021,1,7,2025-03-08
Census Tract,39061005500,Other,03/2021,4,3.5,2025-03-08
Census Tract,39061005500,Other,04/2021,4,4.5,2025-03-08
Census Tract,39061005500,Other,05/2021,1,6.5,2025-03-08
Census Tract,39061005500,Other,06/2021,0,6,2025-03-08
Census Tract,39061005500,Other,07/2021,5,5.5,2025-03-08
Census Tract,39061005500,Other,08/2021,7,9,2025-03-08
Census Tract,39061005500,Other,09/2021,3,6.5,2025-03-08
Census Tract,39061005500,Other,10/2021,8,7.5,2025-03-08
Census Tract,39061005500,Other,11/2021,7,6,2025-03-08
Census Tract,39061005500,Other,12/2021,7,7,2025-03-08
Census Tract,39061005500,Other,01/2022,4,3,2025-03-08
Census Tract,39061005500,Other,02/2022,3,7,2025-03-08
Census Tract,39061005500,Other,03/2022,3,3.5,2025-03-08
Census Tract,39061005500,Other,04/2022,11,4.5,2025-03-08
Census Tract,39061005500,Other,05/2022,6,6.5,2025-03-08
Census Tract,39061005500,Other,06/2022,5,6,2025-03-08
Census Tract,39061005500,Other,07/2022,4,5.5,2025-03-08
Census Tract,39061005500,Other,08/2022,5,9,2025-03-08
Census Tract,39061005500,Other,09/2022,1,6.5,2025-03-08
Census Tract,39061005500,Other,10/2022,4,7.5,2025-03-08
Census Tract,39061005500,Other,11/2022,5,6,2025-03-08
Census Tract,39061005500,Other,12/2022,5,7,2025-03-08
Census Tract,39061005500,Other,01/2023,4,3,2025-03-08
Census Tract,39061005500,Other,02/2023,8,7,2025-03-08
Census Tract,39061005500,Other,03/2023,2,3.5,2025-03-08
Census Tract,39061005500,Other,04/2023,4,4.5,2025-03-08
Census Tract,39061005500,Other,05/2023,7,6.5,2025-03-08
Census Tract,39061005500,Other,06/2023,6,6,2025-03-08
Census Tract,39061005500,Other,07/2023,4,5.5,2025-03-08
Census Tract,39061005500,Other,08/2023,10,9,2025-03-08
Census Tract,39061005500,Other,09/2023,9,6.5,2025-03-08
Census Tract,39061005500,Other,10/2023,5,7.5,2025-03-08
Census Tract,39061005500,Other,11/2023,6,6,2025-03-08
Census Tract,39061005500,Other,12/2023,3,7,2025-03-08
Census Tract,39061005500,Other,01/2024,2,3,2025-03-08
Census Tract,39061005500,Other,02/2024,7,7.5,2025-03-08
Census Tract,39061005500,Other,03/2024,5,3.5,2025-03-08
Census Tract,39061005500,Other,04/2024,5,4.5,2025-03-08
Census Tract,39061005500,Other,05/2024,6,6.5,2025-03-08
Census Tract,39061005500,Other,06/2024,6,6,2025-03-08
Census Tract,39061005500,Other,07/2024,7,5.5,2025-03-08
Census Tract,39061005500,Other,08/2024,8,9,2025-03-08
Census Tract,39061005500,Other,09/2024,4,6.5,2025-03-08
Census Tract,39061005500,Other,10/2024,10,7.5,2025-03-08
Census Tract,39061005500,Other,11/2024,6,6,2025-03-08
Census Tract,39061005500,Other,12/2024,11,7,2025-03-08
Census Tract,39061005500,Other,01/2025,8,3,2025-03-08
Census Tract,39061005500,Other,02/2025,6,7,2025-03-08
Census Tract,39061005500,Other,03/2025,0,0,2025-03-08
Census Tract,39061005600,White,01/2020,0,1,2025-03-08
Census Tract,39061005600,White,02/2020,0,2.5,2025-03-08
Census Tract,39061005600,White,03/2020,0,2,2025-03-08
Census Tract,39061005600,White,04/2020,0,2.5,2025-03-08
Census Tract,39061005600,White,05/2020,0,2,2025-03-08
Census Tract,39061005600,White,06/2020,0,4,2025-03-08
Census Tract,39061005600,White,07/2020,3,1.5,2025-03-08
Census Tract,39061005600,White,08/2020,9,1,2025-03-08
Census Tract,39061005600,White,09/2020,3,3.5,2025-03-08
Census Tract,39061005600,White,10/2020,5,3,2025-03-08
Census Tract,39061005600,White,11/2020,2,4.5,2025-03-08
Census Tract,39061005600,White,12/2020,0,3,2025-03-08
Census Tract,39061005600,White,01/2021,3,1,2025-03-08
Census Tract,39061005600,White,02/2021,1,2.5,2025-03-08
Census Tract,39061005600,White,03/2021,1,2,2025-03-08
Census Tract,39061005600,White,04/2021,3,2.5,2025-03-08
Census Tract,39061005600,White,05/2021,3,2,2025-03-08
Census Tract,39061005600,White,06/2021,3,4,2025-03-08
Census Tract,39061005600,White,07/2021,4,1.5,2025-03-08
Census Tract,39061005600,White,08/2021,2,1,2025-03-08
Census Tract,39061005600,White,09/2021,2,3.5,2025-03-08
Census Tract,39061005600,White,10/2021,1,3,2025-03-08
Census Tract,39061005600,White,11/2021,7,4.5,2025-03-08
Census Tract,39061005600,White,12/2021,2,3,2025-03-08
Census Tract,39061005600,White,01/2022,1,1,2025-03-08
Census Tract,39061005600,White,02/2022,4,2.5,2025-03-08
Census Tract,39061005600,White,03/2022,3,2,2025-03-08
Census Tract,39061005600,White,04/2022,5,2.5,2025-03-08
Census Tract,39061005600,White,05/2022,1,2,2025-03-08
Census Tract,39061005600,White,06/2022,7,4,2025-03-08
Census Tract,39061005600,White,07/2022,4,1.5,2025-03-08
Census Tract,39061005600,White,08/2022,2,1,2025-03-08
Census Tract,39061005600,White,09/2022,2,3.5,2025-03-08
Census Tract,39061005600,White,10/2022,2,3,2025-03-08
Census Tract,39061005600,White,11/2022,3,4.5,2025-03-08
Census Tract,39061005600,White,12/2022,6,3,2025-03-08
Census Tract,39061005600,White,01/2023,1,1,2025-03-08
Census Tract,39061005600,White,02/2023,2,2.5,2025-03-08
Census Tract,39061005600,White,03/2023,1,2,2025-03-08
Census Tract,39061005600,White,04/2023,0,2.5,2025-03-08
Census Tract,39061005600,White,05/2023,1,2,2025-03-08
Census Tract,39061005600,White,06/2023,4,4,2025-03-08
Census Tract,39061005600,White,07/2023,2,1.5,2025-03-08
Census Tract,39061005600,White,08/2023,1,1,2025-03-08
Census Tract,39061005600,White,09/2023,4,3.5,2025-03-08
Census Tract,39061005600,White,10/2023,2,3,2025-03-08
Census Tract,39061005600,White,11/2023,5,4.5,2025-03-08
Census Tract,39061005600,White,12/2023,4,3,2025-03-08
Census Tract,39061005600,White,01/2024,1,1,2025-03-08
Census Tract,39061005600,White,02/2024,3,2.5,2025-03-08
Census Tract,39061005600,White,03/2024,3,2,2025-03-08
Census Tract,39061005600,White,04/2024,5,2.5,2025-03-08
Census Tract,39061005600,White,05/2024,3,2,2025-03-08
Census Tract,39061005600,White,06/2024,4,4,2025-03-08
Census Tract,39061005600,White,07/2024,1,1.5,2025-03-08
Census Tract,39061005600,White,08/2024,1,1,2025-03-08
Census Tract,39061005600,White,09/2024,3,3.5,2025-03-08
Census Tract,39061005600,White,10/2024,4,3,2025-03-08
Census Tract,39061005600,White,11/2024,4,4.5,2025-03-08
Census Tract,39061005600,White,12/2024,2,3,2025-03-08
Census Tract,39061005600,White,01/2025,4,1,2025-03-08
Census Tract,39061005600,White,02/2025,2,2.5,2025-03-08
Census Tract,39061005600,White,03/2025,0,0.5,2025-03-08
Census Tract,39061005701,White,01/2020,0,3.5,2025-03-08
Census Tract,39061005701,White,02/2020,0,2.5,2025-03-08
Census Tract,39061005701,White,03/2020,0,3.5,2025-03-08
Census Tract,39061005701,White,04/2020,0,2.5,2025-03-08
Census Tract,39061005701,White,05/2020,0,2.5,2025-03-08
Census Tract,39061005701,White,06/2020,1,0.5,2025-03-08
Census Tract,39061005701,White,07/2020,0,4,2025-03-08
Census Tract,39061005701,White,08/2020,1,3,2025-03-08
Census Tract,39061005701,White,09/2020,0,1,2025-03-08
Census Tract,39061005701,White,10/2020,0,2.5,2025-03-08
Census Tract,39061005701,White,11/2020,1,5,2025-03-08
Census Tract,39061005701,White,12/2020,1,2,2025-03-08
Census Tract,39061005701,White,01/2021,0,3.5,2025-03-08
Census Tract,39061005701,White,02/2021,0,2.5,2025-03-08
Census Tract,39061005701,White,03/2021,3,3.5,2025-03-08
Census Tract,39061005701,White,04/2021,3,2.5,2025-03-08
Census Tract,39061005701,White,05/2021,2,2.5,2025-03-08
Census Tract,39061005701,White,06/2021,1,0.5,2025-03-08
Census Tract,39061005701,White,07/2021,1,4,2025-03-08
Census Tract,39061005701,White,08/2021,1,3,2025-03-08
Census Tract,39061005701,White,09/2021,0,1,2025-03-08
Census Tract,39061005701,White,10/2021,6,2.5,2025-03-08
Census Tract,39061005701,White,11/2021,1,5,2025-03-08
Census Tract,39061005701,White,12/2021,0,2,2025-03-08
Census Tract,39061005701,White,01/2022,4,3.5,2025-03-08
Census Tract,39061005701,White,02/2022,0,2.5,2025-03-08
Census Tract,39061005701,White,03/2022,2,3.5,2025-03-08
Census Tract,39061005701,White,04/2022,0,2.5,2025-03-08
Census Tract,39061005701,White,05/2022,2,2.5,2025-03-08
Census Tract,39061005701,White,06/2022,3,0.5,2025-03-08
Census Tract,39061005701,White,07/2022,0,4,2025-03-08
Census Tract,39061005701,White,08/2022,1,3,2025-03-08
Census Tract,39061005701,White,09/2022,11,1,2025-03-08
Census Tract,39061005701,White,10/2022,8,2.5,2025-03-08
Census Tract,39061005701,White,11/2022,4,5,2025-03-08
Census Tract,39061005701,White,12/2022,1,2,2025-03-08
Census Tract,39061005701,White,01/2023,6,3.5,2025-03-08
Census Tract,39061005701,White,02/2023,1,2.5,2025-03-08
Census Tract,39061005701,White,03/2023,5,3.5,2025-03-08
Census Tract,39061005701,White,04/2023,1,2.5,2025-03-08
Census Tract,39061005701,White,05/2023,4,2.5,2025-03-08
Census Tract,39061005701,White,06/2023,1,0.5,2025-03-08
Census Tract,39061005701,White,07/2023,5,4,2025-03-08
Census Tract,39061005701,White,08/2023,6,3,2025-03-08
Census Tract,39061005701,White,09/2023,1,1,2025-03-08
Census Tract,39061005701,White,10/2023,4,2.5,2025-03-08
Census Tract,39061005701,White,11/2023,6,5,2025-03-08
Census Tract,39061005701,White,12/2023,2,2,2025-03-08
Census Tract,39061005701,White,01/2024,1,3.5,2025-03-08
Census Tract,39061005701,White,02/2024,4,2.5,2025-03-08
Census Tract,39061005701,White,03/2024,2,3.5,2025-03-08
Census Tract,39061005701,White,04/2024,4,2.5,2025-03-08
Census Tract,39061005701,White,05/2024,1,2.5,2025-03-08
Census Tract,39061005701,White,06/2024,0,0.5,2025-03-08
Census Tract,39061005701,White,07/2024,3,4,2025-03-08
Census Tract,39061005701,White,08/2024,0,3,2025-03-08
Census Tract,39061005701,White,09/2024,1,1,2025-03-08
Census Tract,39061005701,White,10/2024,1,2.5,2025-03-08
Census Tract,39061005701,White,11/2024,4,5,2025-03-08
Census Tract,39061005701,White,12/2024,2,2,2025-03-08
Census Tract,39061005701,White,01/2025,2,3.5,2025-03-08
Census Tract,39061005701,White,02/2025,3,2.5,2025-03-08
Census Tract,39061005701,White,03/2025,0,0,2025-03-08
Census Tract,39061005702,White,01/2020,0,9,2025-03-08
Census Tract,39061005702,White,02/2020,0,6.5,2025-03-08
Census Tract,39061005702,White,03/2020,0,4,2025-03-08
Census Tract,39061005702,White,04/2020,0,4.5,2025-03-08
Census Tract,39061005702,White,05/2020,2,4.5,2025-03-08
Census Tract,39061005702,White,06/2020,2,13,2025-03-08
Census Tract,39061005702,White,07/2020,2,9.5,2025-03-08
Census Tract,39061005702,White,08/2020,7,16,2025-03-08
Census Tract,39061005702,White,09/2020,4,8.5,2025-03-08
Census Tract,39061005702,White,10/2020,8,12.5,2025-03-08
Census Tract,39061005702,White,11/2020,5,5.5,2025-03-08
Census Tract,39061005702,White,12/2020,9,5,2025-03-08
Census Tract,39061005702,White,01/2021,4,9,2025-03-08
Census Tract,39061005702,White,02/2021,4,6.5,2025-03-08
Census Tract,39061005702,White,03/2021,2,4,2025-03-08
Census Tract,39061005702,White,04/2021,9,4.5,2025-03-08
Census Tract,39061005702,White,05/2021,5,4.5,2025-03-08
Census Tract,39061005702,White,06/2021,4,13,2025-03-08
Census Tract,39061005702,White,07/2021,7,9.5,2025-03-08
Census Tract,39061005702,White,08/2021,6,16,2025-03-08
Census Tract,39061005702,White,09/2021,8,8.5,2025-03-08
Census Tract,39061005702,White,10/2021,10,12.5,2025-03-08
Census Tract,39061005702,White,11/2021,7,5.5,2025-03-08
Census Tract,39061005702,White,12/2021,8,5,2025-03-08
Census Tract,39061005702,White,01/2022,8,9,2025-03-08
Census Tract,39061005702,White,02/2022,9,6.5,2025-03-08
Census Tract,39061005702,White,03/2022,9,4,2025-03-08
Census Tract,39061005702,White,04/2022,12,4.5,2025-03-08
Census Tract,39061005702,White,05/2022,5,4.5,2025-03-08
Census Tract,39061005702,White,06/2022,10,13,2025-03-08
Census Tract,39061005702,White,07/2022,4,9.5,2025-03-08
Census Tract,39061005702,White,08/2022,5,16,2025-03-08
Census Tract,39061005702,White,09/2022,10,8.5,2025-03-08
Census Tract,39061005702,White,10/2022,5,12.5,2025-03-08
Census Tract,39061005702,White,11/2022,9,5.5,2025-03-08
Census Tract,39061005702,White,12/2022,7,5,2025-03-08
Census Tract,39061005702,White,01/2023,9,9,2025-03-08
Census Tract,39061005702,White,02/2023,5,6.5,2025-03-08
Census Tract,39061005702,White,03/2023,5,4,2025-03-08
Census Tract,39061005702,White,04/2023,3,4.5,2025-03-08
Census Tract,39061005702,White,05/2023,3,4.5,2025-03-08
Census Tract,39061005702,White,06/2023,23,13,2025-03-08
Census Tract,39061005702,White,07/2023,10,9.5,2025-03-08
Census Tract,39061005702,White,08/2023,26,16,2025-03-08
Census Tract,39061005702,White,09/2023,9,8.5,2025-03-08
Census Tract,39061005702,White,10/2023,7,12.5,2025-03-08
Census Tract,39061005702,White,11/2023,3,5.5,2025-03-08
Census Tract,39061005702,White,12/2023,2,5,2025-03-08
Census Tract,39061005702,White,01/2024,9,9,2025-03-08
Census Tract,39061005702,White,02/2024,8,6.5,2025-03-08
Census Tract,39061005702,White,03/2024,3,4,2025-03-08
Census Tract,39061005702,White,04/2024,6,4.5,2025-03-08
Census Tract,39061005702,White,05/2024,6,4.5,2025-03-08
Census Tract,39061005702,White,06/2024,3,13,2025-03-08
Census Tract,39061005702,White,07/2024,9,9.5,2025-03-08
Census Tract,39061005702,White,08/2024,6,16,2025-03-08
Census Tract,39061005702,White,09/2024,8,8.5,2025-03-08
Census Tract,39061005702,White,10/2024,18,12.5,2025-03-08
Census Tract,39061005702,White,11/2024,8,5.5,2025-03-08
Census Tract,39061005702,White,12/2024,8,5,2025-03-08
Census Tract,39061005702,White,01/2025,8,9,2025-03-08
Census Tract,39061005702,White,02/2025,9,6.5,2025-03-08
Census Tract,39061005702,White,03/2025,0,1,2025-03-08
Census Tract,39061005800,Black,01/2020,0,8.5,2025-03-08
Census Tract,39061005800,Black,02/2020,0,9.5,2025-03-08
Census Tract,39061005800,Black,03/2020,0,5,2025-03-08
Census Tract,39061005800,Black,04/2020,0,8.5,2025-03-08
Census Tract,39061005800,Black,05/2020,2,6,2025-03-08
Census Tract,39061005800,Black,06/2020,3,4,2025-03-08
Census Tract,39061005800,Black,07/2020,4,5,2025-03-08
Census Tract,39061005800,Black,08/2020,3,7.5,2025-03-08
Census Tract,39061005800,Black,09/2020,4,4.5,2025-03-08
Census Tract,39061005800,Black,10/2020,4,6,2025-03-08
Census Tract,39061005800,Black,11/2020,5,8.5,2025-03-08
Census Tract,39061005800,Black,12/2020,6,3.5,2025-03-08
Census Tract,39061005800,Black,01/2021,4,8.5,2025-03-08
Census Tract,39061005800,Black,02/2021,1,9.5,2025-03-08
Census Tract,39061005800,Black,03/2021,1,5,2025-03-08
Census Tract,39061005800,Black,04/2021,6,8.5,2025-03-08
Census Tract,39061005800,Black,05/2021,2,6,2025-03-08
Census Tract,39061005800,Black,06/2021,5,4,2025-03-08
Census Tract,39061005800,Black,07/2021,6,5,2025-03-08
Census Tract,39061005800,Black,08/2021,7,7.5,2025-03-08
Census Tract,39061005800,Black,09/2021,8,4.5,2025-03-08
Census Tract,39061005800,Black,10/2021,8,6,2025-03-08
Census Tract,39061005800,Black,11/2021,3,8.5,2025-03-08
Census Tract,39061005800,Black,12/2021,2,3.5,2025-03-08
Census Tract,39061005800,Black,01/2022,11,8.5,2025-03-08
Census Tract,39061005800,Black,02/2022,4,9.5,2025-03-08
Census Tract,39061005800,Black,03/2022,2,5,2025-03-08
Census Tract,39061005800,Black,04/2022,2,8.5,2025-03-08
Census Tract,39061005800,Black,05/2022,8,6,2025-03-08
Census Tract,39061005800,Black,06/2022,8,4,2025-03-08
Census Tract,39061005800,Black,07/2022,11,5,2025-03-08
Census Tract,39061005800,Black,08/2022,9,7.5,2025-03-08
Census Tract,39061005800,Black,09/2022,6,4.5,2025-03-08
Census Tract,39061005800,Black,10/2022,12,6,2025-03-08
Census Tract,39061005800,Black,11/2022,4,8.5,2025-03-08
Census Tract,39061005800,Black,12/2022,8,3.5,2025-03-08
Census Tract,39061005800,Black,01/2023,5,8.5,2025-03-08
Census Tract,39061005800,Black,02/2023,12,9.5,2025-03-08
Census Tract,39061005800,Black,03/2023,7,5,2025-03-08
Census Tract,39061005800,Black,04/2023,9,8.5,2025-03-08
Census Tract,39061005800,Black,05/2023,6,6,2025-03-08
Census Tract,39061005800,Black,06/2023,3,4,2025-03-08
Census Tract,39061005800,Black,07/2023,9,5,2025-03-08
Census Tract,39061005800,Black,08/2023,8,7.5,2025-03-08
Census Tract,39061005800,Black,09/2023,2,4.5,2025-03-08
Census Tract,39061005800,Black,10/2023,5,6,2025-03-08
Census Tract,39061005800,Black,11/2023,10,8.5,2025-03-08
Census Tract,39061005800,Black,12/2023,4,3.5,2025-03-08
Census Tract,39061005800,Black,01/2024,12,8.5,2025-03-08
Census Tract,39061005800,Black,02/2024,7,9.5,2025-03-08
Census Tract,39061005800,Black,03/2024,3,5,2025-03-08
Census Tract,39061005800,Black,04/2024,8,8.5,2025-03-08
Census Tract,39061005800,Black,05/2024,6,6,2025-03-08
Census Tract,39061005800,Black,06/2024,5,4,2025-03-08
Census Tract,39061005800,Black,07/2024,1,5,2025-03-08
Census Tract,39061005800,Black,08/2024,7,7.5,2025-03-08
Census Tract,39061005800,Black,09/2024,7,4.5,2025-03-08
Census Tract,39061005800,Black,10/2024,7,6,2025-03-08
Census Tract,39061005800,Black,11/2024,7,8.5,2025-03-08
Census Tract,39061005800,Black,12/2024,3,3.5,2025-03-08
Census Tract,39061005800,Black,01/2025,11,8.5,2025-03-08
Census Tract,39061005800,Black,02/2025,6,9.5,2025-03-08
Census Tract,39061005800,Black,03/2025,0,0.5,2025-03-08
Census Tract,39061005900,Other,01/2020,0,2,2025-03-08
Census Tract,39061005900,Other,02/2020,0,0.5,2025-03-08
Census Tract,39061005900,Other,03/2020,0,1.5,2025-03-08
Census Tract,39061005900,Other,04/2020,0,2,2025-03-08
Census Tract,39061005900,Other,05/2020,0,1.5,2025-03-08
Census Tract,39061005900,Other,06/2020,0,2,2025-03-08
Census Tract,39061005900,Other,07/2020,1,1.5,2025-03-08
Census Tract,39061005900,Other,08/2020,0,2,2025-03-08
Census Tract,39061005900,Other,09/2020,2,1.5,2025-03-08
Census Tract,39061005900,Other,10/2020,0,3,2025-03-08
Census Tract,39061005900,Other,11/2020,1,1.5,2025-03-08
Census Tract,39061005900,Other,12/2020,2,1.5,2025-03-08
Census Tract,39061005900,Other,01/2021,1,2,2025-03-08
Census Tract,39061005900,Other,02/2021,2,0.5,2025-03-08
Census Tract,39061005900,Other,03/2021,1,1.5,2025-03-08
Census Tract,39061005900,Other,04/2021,0,2,2025-03-08
Census Tract,39061005900,Other,05/2021,0,1.5,2025-03-08
Census Tract,39061005900,Other,06/2021,1,2,2025-03-08
Census Tract,39061005900,Other,07/2021,1,1.5,2025-03-08
Census Tract,39061005900,Other,08/2021,0,2,2025-03-08
Census Tract,39061005900,Other,09/2021,2,1.5,2025-03-08
Census Tract,39061005900,Other,10/2021,1,3,2025-03-08
Census Tract,39061005900,Other,11/2021,2,1.5,2025-03-08
Census Tract,39061005900,Other,12/2021,0,1.5,2025-03-08
Census Tract,39061005900,Other,01/2022,2,2,2025-03-08
Census Tract,39061005900,Other,02/2022,2,0.5,2025-03-08
Census Tract,39061005900,Other,03/2022,0,1.5,2025-03-08
Census Tract,39061005900,Other,04/2022,0,2,2025-03-08
Census Tract,39061005900,Other,05/2022,5,1.5,2025-03-08
Census Tract,39061005900,Other,06/2022,1,2,2025-03-08
Census Tract,39061005900,Other,07/2022,2,1.5,2025-03-08
Census Tract,39061005900,Other,08/2022,1,2,2025-03-08
Census Tract,39061005900,Other,09/2022,1,1.5,2025-03-08
Census Tract,39061005900,Other,10/2022,1,3,2025-03-08
Census Tract,39061005900,Other,11/2022,1,1.5,2025-03-08
Census Tract,39061005900,Other,12/2022,2,1.5,2025-03-08
Census Tract,39061005900,Other,01/2023,2,2,2025-03-08
Census Tract,39061005900,Other,02/2023,1,0.5,2025-03-08
Census Tract,39061005900,Other,03/2023,1,1.5,2025-03-08
Census Tract,39061005900,Other,04/2023,2,2,2025-03-08
Census Tract,39061005900,Other,05/2023,0,1.5,2025-03-08
Census Tract,39061005900,Other,06/2023,3,2,2025-03-08
Census Tract,39061005900,Other,07/2023,2,1.5,2025-03-08
Census Tract,39061005900,Other,08/2023,3,2,2025-03-08
Census Tract,39061005900,Other,09/2023,1,1.5,2025-03-08
Census Tract,39061005900,Other,10/2023,3,3,2025-03-08
Census Tract,39061005900,Other,11/2023,2,1.5,2025-03-08
Census Tract,39061005900,Other,12/2023,1,1.5,2025-03-08
Census Tract,39061005900,Other,01/2024,2,2,2025-03-08
Census Tract,39061005900,Other,02/2024,0,0.5,2025-03-08
Census Tract,39061005900,Other,03/2024,2,1.5,2025-03-08
Census Tract,39061005900,Other,04/2024,2,2,2025-03-08
Census Tract,39061005900,Other,05/2024,3,1.5,2025-03-08
Census Tract,39061005900,Other,06/2024,1,2,2025-03-08
Census Tract,39061005900,Other,07/2024,1,1.5,2025-03-08
Census Tract,39061005900,Other,08/2024,1,2,2025-03-08
Census Tract,39061005900,Other,09/2024,2,1.5,2025-03-08
Census Tract,39061005900,Other,10/2024,3,3,2025-03-08
Census Tract,39061005900,Other,11/2024,1,1.5,2025-03-08
Census Tract,39061005900,Other,12/2024,2,1.5,2025-03-08
Census Tract,39061005900,Other,01/2025,3,2,2025-03-08
Census Tract,39061005900,Other,02/2025,3,0.5,2025-03-08
Census Tract,39061005900,Other,03/2025,0,0.5,2025-03-08
Census Tract,39061006000,Other,01/2020,0,3.5,2025-03-08
Census Tract,39061006000,Other,02/2020,0,19.5,2025-03-08
Census Tract,39061006000,Other,03/2020,0,23,2025-03-08
Census Tract,39061006000,Other,04/2020,0,21.5,2025-03-08
Census Tract,39061006000,Other,05/2020,0,6,2025-03-08
Census Tract,39061006000,Other,06/2020,1,18,2025-03-08
Census Tract,39061006000,Other,07/2020,3,17,2025-03-08
Census Tract,39061006000,Other,08/2020,5,6.5,2025-03-08
Census Tract,39061006000,Other,09/2020,44,19.5,2025-03-08
Census Tract,39061006000,Other,10/2020,46,7.5,2025-03-08
Census Tract,39061006000,Other,11/2020,38,17,2025-03-08
Census Tract,39061006000,Other,12/2020,33,36,2025-03-08
Census Tract,39061006000,Other,01/2021,3,3.5,2025-03-08
Census Tract,39061006000,Other,02/2021,52,19.5,2025-03-08
Census Tract,39061006000,Other,03/2021,45,23,2025-03-08
Census Tract,39061006000,Other,04/2021,31,21.5,2025-03-08
Census Tract,39061006000,Other,05/2021,34,6,2025-03-08
Census Tract,39061006000,Other,06/2021,1,18,2025-03-08
Census Tract,39061006000,Other,07/2021,19,17,2025-03-08
Census Tract,39061006000,Other,08/2021,2,6.5,2025-03-08
Census Tract,39061006000,Other,09/2021,3,19.5,2025-03-08
Census Tract,39061006000,Other,10/2021,6,7.5,2025-03-08
Census Tract,39061006000,Other,11/2021,53,17,2025-03-08
Census Tract,39061006000,Other,12/2021,92,36,2025-03-08
Census Tract,39061006000,Other,01/2022,3,3.5,2025-03-08
Census Tract,39061006000,Other,02/2022,4,19.5,2025-03-08
Census Tract,39061006000,Other,03/2022,79,23,2025-03-08
Census Tract,39061006000,Other,04/2022,4,21.5,2025-03-08
Census Tract,39061006000,Other,05/2022,34,6,2025-03-08
Census Tract,39061006000,Other,06/2022,33,18,2025-03-08
Census Tract,39061006000,Other,07/2022,33,17,2025-03-08
Census Tract,39061006000,Other,08/2022,4,6.5,2025-03-08
Census Tract,39061006000,Other,09/2022,10,19.5,2025-03-08
Census Tract,39061006000,Other,10/2022,8,7.5,2025-03-08
Census Tract,39061006000,Other,11/2022,39,17,2025-03-08
Census Tract,39061006000,Other,12/2022,5,36,2025-03-08
Census Tract,39061006000,Other,01/2023,2,3.5,2025-03-08
Census Tract,39061006000,Other,02/2023,31,19.5,2025-03-08
Census Tract,39061006000,Other,03/2023,15,23,2025-03-08
Census Tract,39061006000,Other,04/2023,6,21.5,2025-03-08
Census Tract,39061006000,Other,05/2023,3,6,2025-03-08
Census Tract,39061006000,Other,06/2023,3,18,2025-03-08
Census Tract,39061006000,Other,07/2023,4,17,2025-03-08
Census Tract,39061006000,Other,08/2023,8,6.5,2025-03-08
Census Tract,39061006000,Other,09/2023,5,19.5,2025-03-08
Census Tract,39061006000,Other,10/2023,5,7.5,2025-03-08
Census Tract,39061006000,Other,11/2023,6,17,2025-03-08
Census Tract,39061006000,Other,12/2023,46,36,2025-03-08
Census Tract,39061006000,Other,01/2024,5,3.5,2025-03-08
Census Tract,39061006000,Other,02/2024,8,19.5,2025-03-08
Census Tract,39061006000,Other,03/2024,31,23,2025-03-08
Census Tract,39061006000,Other,04/2024,37,21.5,2025-03-08
Census Tract,39061006000,Other,05/2024,9,6,2025-03-08
Census Tract,39061006000,Other,06/2024,33,18,2025-03-08
Census Tract,39061006000,Other,07/2024,30,17,2025-03-08
Census Tract,39061006000,Other,08/2024,5,6.5,2025-03-08
Census Tract,39061006000,Other,09/2024,34,19.5,2025-03-08
Census Tract,39061006000,Other,10/2024,10,7.5,2025-03-08
Census Tract,39061006000,Other,11/2024,28,17,2025-03-08
Census Tract,39061006000,Other,12/2024,26,36,2025-03-08
Census Tract,39061006000,Other,01/2025,18,3.5,2025-03-08
Census Tract,39061006000,Other,02/2025,14,19.5,2025-03-08
Census Tract,39061006000,Other,03/2025,0,1,2025-03-08
Census Tract,39061006100,Other,01/2020,0,6.5,2025-03-08
Census Tract,39061006100,Other,02/2020,0,2,2025-03-08
Census Tract,39061006100,Other,03/2020,0,3.5,2025-03-08
Census Tract,39061006100,Other,04/2020,0,2,2025-03-08
Census Tract,39061006100,Other,05/2020,5,5,2025-03-08
Census Tract,39061006100,Other,06/2020,0,8,2025-03-08
Census Tract,39061006100,Other,07/2020,3,3,2025-03-08
Census Tract,39061006100,Other,08/2020,4,4,2025-03-08
Census Tract,39061006100,Other,09/2020,4,4,2025-03-08
Census Tract,39061006100,Other,10/2020,3,4.5,2025-03-08
Census Tract,39061006100,Other,11/2020,4,2.5,2025-03-08
Census Tract,39061006100,Other,12/2020,2,1,2025-03-08
Census Tract,39061006100,Other,01/2021,2,6.5,2025-03-08
Census Tract,39061006100,Other,02/2021,0,2,2025-03-08
Census Tract,39061006100,Other,03/2021,8,3.5,2025-03-08
Census Tract,39061006100,Other,04/2021,3,2,2025-03-08
Census Tract,39061006100,Other,05/2021,2,5,2025-03-08
Census Tract,39061006100,Other,06/2021,3,8,2025-03-08
Census Tract,39061006100,Other,07/2021,12,3,2025-03-08
Census Tract,39061006100,Other,08/2021,1,4,2025-03-08
Census Tract,39061006100,Other,09/2021,7,4,2025-03-08
Census Tract,39061006100,Other,10/2021,10,4.5,2025-03-08
Census Tract,39061006100,Other,11/2021,1,2.5,2025-03-08
Census Tract,39061006100,Other,12/2021,6,1,2025-03-08
Census Tract,39061006100,Other,01/2022,6,6.5,2025-03-08
Census Tract,39061006100,Other,02/2022,11,2,2025-03-08
Census Tract,39061006100,Other,03/2022,5,3.5,2025-03-08
Census Tract,39061006100,Other,04/2022,2,2,2025-03-08
Census Tract,39061006100,Other,05/2022,5,5,2025-03-08
Census Tract,39061006100,Other,06/2022,10,8,2025-03-08
Census Tract,39061006100,Other,07/2022,2,3,2025-03-08
Census Tract,39061006100,Other,08/2022,4,4,2025-03-08
Census Tract,39061006100,Other,09/2022,4,4,2025-03-08
Census Tract,39061006100,Other,10/2022,8,4.5,2025-03-08
Census Tract,39061006100,Other,11/2022,4,2.5,2025-03-08
Census Tract,39061006100,Other,12/2022,3,1,2025-03-08
Census Tract,39061006100,Other,01/2023,5,6.5,2025-03-08
Census Tract,39061006100,Other,02/2023,4,2,2025-03-08
Census Tract,39061006100,Other,03/2023,2,3.5,2025-03-08
Census Tract,39061006100,Other,04/2023,1,2,2025-03-08
Census Tract,39061006100,Other,05/2023,4,5,2025-03-08
Census Tract,39061006100,Other,06/2023,8,8,2025-03-08
Census Tract,39061006100,Other,07/2023,3,3,2025-03-08
Census Tract,39061006100,Other,08/2023,4,4,2025-03-08
Census Tract,39061006100,Other,09/2023,1,4,2025-03-08
Census Tract,39061006100,Other,10/2023,4,4.5,2025-03-08
Census Tract,39061006100,Other,11/2023,3,2.5,2025-03-08
Census Tract,39061006100,Other,12/2023,0,1,2025-03-08
Census Tract,39061006100,Other,01/2024,8,6.5,2025-03-08
Census Tract,39061006100,Other,02/2024,0,2,2025-03-08
Census Tract,39061006100,Other,03/2024,5,3.5,2025-03-08
Census Tract,39061006100,Other,04/2024,3,2,2025-03-08
Census Tract,39061006100,Other,05/2024,6,5,2025-03-08
Census Tract,39061006100,Other,06/2024,8,8,2025-03-08
Census Tract,39061006100,Other,07/2024,3,3,2025-03-08
Census Tract,39061006100,Other,08/2024,4,4,2025-03-08
Census Tract,39061006100,Other,09/2024,7,4,2025-03-08
Census Tract,39061006100,Other,10/2024,5,4.5,2025-03-08
Census Tract,39061006100,Other,11/2024,2,2.5,2025-03-08
Census Tract,39061006100,Other,12/2024,2,1,2025-03-08
Census Tract,39061006100,Other,01/2025,1,6.5,2025-03-08
Census Tract,39061006100,Other,02/2025,5,2,2025-03-08
Census Tract,39061006100,Other,03/2025,1,1,2025-03-08
Census Tract,39061006300,Black,01/2020,0,4,2025-03-08
Census Tract,39061006300,Black,02/2020,0,7,2025-03-08
Census Tract,39061006300,Black,03/2020,0,2,2025-03-08
Census Tract,39061006300,Black,04/2020,0,6,2025-03-08
Census Tract,39061006300,Black,05/2020,1,8,2025-03-08
Census Tract,39061006300,Black,06/2020,2,4.5,2025-03-08
Census Tract,39061006300,Black,07/2020,5,6,2025-03-08
Census Tract,39061006300,Black,08/2020,4,3,2025-03-08
Census Tract,39061006300,Black,09/2020,3,5.5,2025-03-08
Census Tract,39061006300,Black,10/2020,5,2.5,2025-03-08
Census Tract,39061006300,Black,11/2020,5,5,2025-03-08
Census Tract,39061006300,Black,12/2020,3,9.5,2025-03-08
Census Tract,39061006300,Black,01/2021,4,4,2025-03-08
Census Tract,39061006300,Black,02/2021,0,7,2025-03-08
Census Tract,39061006300,Black,03/2021,2,2,2025-03-08
Census Tract,39061006300,Black,04/2021,4,6,2025-03-08
Census Tract,39061006300,Black,05/2021,5,8,2025-03-08
Census Tract,39061006300,Black,06/2021,6,4.5,2025-03-08
Census Tract,39061006300,Black,07/2021,2,6,2025-03-08
Census Tract,39061006300,Black,08/2021,2,3,2025-03-08
Census Tract,39061006300,Black,09/2021,7,5.5,2025-03-08
Census Tract,39061006300,Black,10/2021,7,2.5,2025-03-08
Census Tract,39061006300,Black,11/2021,6,5,2025-03-08
Census Tract,39061006300,Black,12/2021,5,9.5,2025-03-08
Census Tract,39061006300,Black,01/2022,5,4,2025-03-08
Census Tract,39061006300,Black,02/2022,1,7,2025-03-08
Census Tract,39061006300,Black,03/2022,5,2,2025-03-08
Census Tract,39061006300,Black,04/2022,3,6,2025-03-08
Census Tract,39061006300,Black,05/2022,7,8,2025-03-08
Census Tract,39061006300,Black,06/2022,3,4.5,2025-03-08
Census Tract,39061006300,Black,07/2022,7,6,2025-03-08
Census Tract,39061006300,Black,08/2022,5,3,2025-03-08
Census Tract,39061006300,Black,09/2022,4,5.5,2025-03-08
Census Tract,39061006300,Black,10/2022,3,2.5,2025-03-08
Census Tract,39061006300,Black,11/2022,7,5,2025-03-08
Census Tract,39061006300,Black,12/2022,3,9.5,2025-03-08
Census Tract,39061006300,Black,01/2023,6,4,2025-03-08
Census Tract,39061006300,Black,02/2023,8,7,2025-03-08
Census Tract,39061006300,Black,03/2023,2,2,2025-03-08
Census Tract,39061006300,Black,04/2023,6,6,2025-03-08
Census Tract,39061006300,Black,05/2023,5,8,2025-03-08
Census Tract,39061006300,Black,06/2023,7,4.5,2025-03-08
Census Tract,39061006300,Black,07/2023,5,6,2025-03-08
Census Tract,39061006300,Black,08/2023,3,3,2025-03-08
Census Tract,39061006300,Black,09/2023,7,5.5,2025-03-08
Census Tract,39061006300,Black,10/2023,2,2.5,2025-03-08
Census Tract,39061006300,Black,11/2023,6,5,2025-03-08
Census Tract,39061006300,Black,12/2023,10,9.5,2025-03-08
Census Tract,39061006300,Black,01/2024,2,4,2025-03-08
Census Tract,39061006300,Black,02/2024,6,7,2025-03-08
Census Tract,39061006300,Black,03/2024,2,2,2025-03-08
Census Tract,39061006300,Black,04/2024,6,6,2025-03-08
Census Tract,39061006300,Black,05/2024,11,8,2025-03-08
Census Tract,39061006300,Black,06/2024,2,4.5,2025-03-08
Census Tract,39061006300,Black,07/2024,7,6,2025-03-08
Census Tract,39061006300,Black,08/2024,3,3,2025-03-08
Census Tract,39061006300,Black,09/2024,4,5.5,2025-03-08
Census Tract,39061006300,Black,10/2024,3,2.5,2025-03-08
Census Tract,39061006300,Black,11/2024,4,5,2025-03-08
Census Tract,39061006300,Black,12/2024,9,9.5,2025-03-08
Census Tract,39061006300,Black,01/2025,5,4,2025-03-08
Census Tract,39061006300,Black,02/2025,5,7,2025-03-08
Census Tract,39061006300,Black,03/2025,1,0,2025-03-08
Census Tract,39061006400,Black,01/2020,0,6.5,2025-03-08
Census Tract,39061006400,Black,02/2020,0,5.5,2025-03-08
Census Tract,39061006400,Black,03/2020,0,7,2025-03-08
Census Tract,39061006400,Black,04/2020,0,10,2025-03-08
Census Tract,39061006400,Black,05/2020,5,3.5,2025-03-08
Census Tract,39061006400,Black,06/2020,3,5,2025-03-08
Census Tract,39061006400,Black,07/2020,5,10,2025-03-08
Census Tract,39061006400,Black,08/2020,7,12,2025-03-08
Census Tract,39061006400,Black,09/2020,1,7.5,2025-03-08
Census Tract,39061006400,Black,10/2020,9,9.5,2025-03-08
Census Tract,39061006400,Black,11/2020,6,4.5,2025-03-08
Census Tract,39061006400,Black,12/2020,2,8.5,2025-03-08
Census Tract,39061006400,Black,01/2021,6,6.5,2025-03-08
Census Tract,39061006400,Black,02/2021,5,5.5,2025-03-08
Census Tract,39061006400,Black,03/2021,4,7,2025-03-08
Census Tract,39061006400,Black,04/2021,6,10,2025-03-08
Census Tract,39061006400,Black,05/2021,6,3.5,2025-03-08
Census Tract,39061006400,Black,06/2021,6,5,2025-03-08
Census Tract,39061006400,Black,07/2021,14,10,2025-03-08
Census Tract,39061006400,Black,08/2021,3,12,2025-03-08
Census Tract,39061006400,Black,09/2021,12,7.5,2025-03-08
Census Tract,39061006400,Black,10/2021,6,9.5,2025-03-08
Census Tract,39061006400,Black,11/2021,4,4.5,2025-03-08
Census Tract,39061006400,Black,12/2021,12,8.5,2025-03-08
Census Tract,39061006400,Black,01/2022,8,6.5,2025-03-08
Census Tract,39061006400,Black,02/2022,2,5.5,2025-03-08
Census Tract,39061006400,Black,03/2022,4,7,2025-03-08
Census Tract,39061006400,Black,04/2022,13,10,2025-03-08
Census Tract,39061006400,Black,05/2022,12,3.5,2025-03-08
Census Tract,39061006400,Black,06/2022,9,5,2025-03-08
Census Tract,39061006400,Black,07/2022,13,10,2025-03-08
Census Tract,39061006400,Black,08/2022,10,12,2025-03-08
Census Tract,39061006400,Black,09/2022,8,7.5,2025-03-08
Census Tract,39061006400,Black,10/2022,4,9.5,2025-03-08
Census Tract,39061006400,Black,11/2022,11,4.5,2025-03-08
Census Tract,39061006400,Black,12/2022,6,8.5,2025-03-08
Census Tract,39061006400,Black,01/2023,7,6.5,2025-03-08
Census Tract,39061006400,Black,02/2023,3,5.5,2025-03-08
Census Tract,39061006400,Black,03/2023,4,7,2025-03-08
Census Tract,39061006400,Black,04/2023,8,10,2025-03-08
Census Tract,39061006400,Black,05/2023,4,3.5,2025-03-08
Census Tract,39061006400,Black,06/2023,4,5,2025-03-08
Census Tract,39061006400,Black,07/2023,8,10,2025-03-08
Census Tract,39061006400,Black,08/2023,8,12,2025-03-08
Census Tract,39061006400,Black,09/2023,8,7.5,2025-03-08
Census Tract,39061006400,Black,10/2023,11,9.5,2025-03-08
Census Tract,39061006400,Black,11/2023,7,4.5,2025-03-08
Census Tract,39061006400,Black,12/2023,8,8.5,2025-03-08
Census Tract,39061006400,Black,01/2024,6,6.5,2025-03-08
Census Tract,39061006400,Black,02/2024,8,5.5,2025-03-08
Census Tract,39061006400,Black,03/2024,10,7,2025-03-08
Census Tract,39061006400,Black,04/2024,12,10,2025-03-08
Census Tract,39061006400,Black,05/2024,3,3.5,2025-03-08
Census Tract,39061006400,Black,06/2024,6,5,2025-03-08
Census Tract,39061006400,Black,07/2024,12,10,2025-03-08
Census Tract,39061006400,Black,08/2024,16,12,2025-03-08
Census Tract,39061006400,Black,09/2024,7,7.5,2025-03-08
Census Tract,39061006400,Black,10/2024,8,9.5,2025-03-08
Census Tract,39061006400,Black,11/2024,2,4.5,2025-03-08
Census Tract,39061006400,Black,12/2024,9,8.5,2025-03-08
Census Tract,39061006400,Black,01/2025,12,6.5,2025-03-08
Census Tract,39061006400,Black,02/2025,10,5.5,2025-03-08
Census Tract,39061006400,Black,03/2025,0,0,2025-03-08
Census Tract,39061006501,White,01/2020,0,0,2025-03-08
Census Tract,39061006501,White,02/2020,0,2,2025-03-08
Census Tract,39061006501,White,03/2020,0,3,2025-03-08
Census Tract,39061006501,White,04/2020,0,4,2025-03-08
Census Tract,39061006501,White,05/2020,0,1,2025-03-08
Census Tract,39061006501,White,06/2020,1,2.5,2025-03-08
Census Tract,39061006501,White,07/2020,2,1.5,2025-03-08
Census Tract,39061006501,White,08/2020,2,4,2025-03-08
Census Tract,39061006501,White,09/2020,1,1.5,2025-03-08
Census Tract,39061006501,White,10/2020,2,4,2025-03-08
Census Tract,39061006501,White,11/2020,1,4.5,2025-03-08
Census Tract,39061006501,White,12/2020,2,2,2025-03-08
Census Tract,39061006501,White,01/2021,2,0,2025-03-08
Census Tract,39061006501,White,02/2021,1,2,2025-03-08
Census Tract,39061006501,White,03/2021,2,3,2025-03-08
Census Tract,39061006501,White,04/2021,3,4,2025-03-08
Census Tract,39061006501,White,05/2021,3,1,2025-03-08
Census Tract,39061006501,White,06/2021,0,2.5,2025-03-08
Census Tract,39061006501,White,07/2021,0,1.5,2025-03-08
Census Tract,39061006501,White,08/2021,3,4,2025-03-08
Census Tract,39061006501,White,09/2021,2,1.5,2025-03-08
Census Tract,39061006501,White,10/2021,0,4,2025-03-08
Census Tract,39061006501,White,11/2021,0,4.5,2025-03-08
Census Tract,39061006501,White,12/2021,2,2,2025-03-08
Census Tract,39061006501,White,01/2022,1,0,2025-03-08
Census Tract,39061006501,White,02/2022,1,2,2025-03-08
Census Tract,39061006501,White,03/2022,1,3,2025-03-08
Census Tract,39061006501,White,04/2022,0,4,2025-03-08
Census Tract,39061006501,White,05/2022,3,1,2025-03-08
Census Tract,39061006501,White,06/2022,0,2.5,2025-03-08
Census Tract,39061006501,White,07/2022,3,1.5,2025-03-08
Census Tract,39061006501,White,08/2022,2,4,2025-03-08
Census Tract,39061006501,White,09/2022,1,1.5,2025-03-08
Census Tract,39061006501,White,10/2022,4,4,2025-03-08
Census Tract,39061006501,White,11/2022,4,4.5,2025-03-08
Census Tract,39061006501,White,12/2022,1,2,2025-03-08
Census Tract,39061006501,White,01/2023,0,0,2025-03-08
Census Tract,39061006501,White,02/2023,4,2,2025-03-08
Census Tract,39061006501,White,03/2023,1,3,2025-03-08
Census Tract,39061006501,White,04/2023,1,4,2025-03-08
Census Tract,39061006501,White,05/2023,2,1,2025-03-08
Census Tract,39061006501,White,06/2023,3,2.5,2025-03-08
Census Tract,39061006501,White,07/2023,1,1.5,2025-03-08
Census Tract,39061006501,White,08/2023,5,4,2025-03-08
Census Tract,39061006501,White,09/2023,2,1.5,2025-03-08
Census Tract,39061006501,White,10/2023,4,4,2025-03-08
Census Tract,39061006501,White,11/2023,8,4.5,2025-03-08
Census Tract,39061006501,White,12/2023,3,2,2025-03-08
Census Tract,39061006501,White,01/2024,0,0,2025-03-08
Census Tract,39061006501,White,02/2024,0,2,2025-03-08
Census Tract,39061006501,White,03/2024,5,3,2025-03-08
Census Tract,39061006501,White,04/2024,7,4,2025-03-08
Census Tract,39061006501,White,05/2024,0,1,2025-03-08
Census Tract,39061006501,White,06/2024,2,2.5,2025-03-08
Census Tract,39061006501,White,07/2024,2,1.5,2025-03-08
Census Tract,39061006501,White,08/2024,3,4,2025-03-08
Census Tract,39061006501,White,09/2024,1,1.5,2025-03-08
Census Tract,39061006501,White,10/2024,4,4,2025-03-08
Census Tract,39061006501,White,11/2024,1,4.5,2025-03-08
Census Tract,39061006501,White,12/2024,1,2,2025-03-08
Census Tract,39061006501,White,01/2025,3,0,2025-03-08
Census Tract,39061006501,White,02/2025,6,2,2025-03-08
Census Tract,39061006501,White,03/2025,0,1.5,2025-03-08
Census Tract,39061006502,Other,01/2020,0,5,2025-03-08
Census Tract,39061006502,Other,02/2020,0,7.5,2025-03-08
Census Tract,39061006502,Other,03/2020,0,5,2025-03-08
Census Tract,39061006502,Other,04/2020,0,5,2025-03-08
Census Tract,39061006502,Other,05/2020,1,6,2025-03-08
Census Tract,39061006502,Other,06/2020,6,3.5,2025-03-08
Census Tract,39061006502,Other,07/2020,6,6.5,2025-03-08
Census Tract,39061006502,Other,08/2020,3,7,2025-03-08
Census Tract,39061006502,Other,09/2020,3,3.5,2025-03-08
Census Tract,39061006502,Other,10/2020,9,5,2025-03-08
Census Tract,39061006502,Other,11/2020,0,4.5,2025-03-08
Census Tract,39061006502,Other,12/2020,7,5,2025-03-08
Census Tract,39061006502,Other,01/2021,4,5,2025-03-08
Census Tract,39061006502,Other,02/2021,0,7.5,2025-03-08
Census Tract,39061006502,Other,03/2021,5,5,2025-03-08
Census Tract,39061006502,Other,04/2021,3,5,2025-03-08
Census Tract,39061006502,Other,05/2021,1,6,2025-03-08
Census Tract,39061006502,Other,06/2021,6,3.5,2025-03-08
Census Tract,39061006502,Other,07/2021,6,6.5,2025-03-08
Census Tract,39061006502,Other,08/2021,7,7,2025-03-08
Census Tract,39061006502,Other,09/2021,6,3.5,2025-03-08
Census Tract,39061006502,Other,10/2021,7,5,2025-03-08
Census Tract,39061006502,Other,11/2021,6,4.5,2025-03-08
Census Tract,39061006502,Other,12/2021,5,5,2025-03-08
Census Tract,39061006502,Other,01/2022,5,5,2025-03-08
Census Tract,39061006502,Other,02/2022,5,7.5,2025-03-08
Census Tract,39061006502,Other,03/2022,6,5,2025-03-08
Census Tract,39061006502,Other,04/2022,4,5,2025-03-08
Census Tract,39061006502,Other,05/2022,8,6,2025-03-08
Census Tract,39061006502,Other,06/2022,8,3.5,2025-03-08
Census Tract,39061006502,Other,07/2022,4,6.5,2025-03-08
Census Tract,39061006502,Other,08/2022,5,7,2025-03-08
Census Tract,39061006502,Other,09/2022,8,3.5,2025-03-08
Census Tract,39061006502,Other,10/2022,12,5,2025-03-08
Census Tract,39061006502,Other,11/2022,5,4.5,2025-03-08
Census Tract,39061006502,Other,12/2022,8,5,2025-03-08
Census Tract,39061006502,Other,01/2023,4,5,2025-03-08
Census Tract,39061006502,Other,02/2023,5,7.5,2025-03-08
Census Tract,39061006502,Other,03/2023,3,5,2025-03-08
Census Tract,39061006502,Other,04/2023,6,5,2025-03-08
Census Tract,39061006502,Other,05/2023,3,6,2025-03-08
Census Tract,39061006502,Other,06/2023,4,3.5,2025-03-08
Census Tract,39061006502,Other,07/2023,9,6.5,2025-03-08
Census Tract,39061006502,Other,08/2023,7,7,2025-03-08
Census Tract,39061006502,Other,09/2023,3,3.5,2025-03-08
Census Tract,39061006502,Other,10/2023,4,5,2025-03-08
Census Tract,39061006502,Other,11/2023,4,4.5,2025-03-08
Census Tract,39061006502,Other,12/2023,5,5,2025-03-08
Census Tract,39061006502,Other,01/2024,6,5,2025-03-08
Census Tract,39061006502,Other,02/2024,10,7.5,2025-03-08
Census Tract,39061006502,Other,03/2024,7,5,2025-03-08
Census Tract,39061006502,Other,04/2024,4,5,2025-03-08
Census Tract,39061006502,Other,05/2024,9,6,2025-03-08
Census Tract,39061006502,Other,06/2024,3,3.5,2025-03-08
Census Tract,39061006502,Other,07/2024,4,6.5,2025-03-08
Census Tract,39061006502,Other,08/2024,7,7,2025-03-08
Census Tract,39061006502,Other,09/2024,4,3.5,2025-03-08
Census Tract,39061006502,Other,10/2024,6,5,2025-03-08
Census Tract,39061006502,Other,11/2024,5,4.5,2025-03-08
Census Tract,39061006502,Other,12/2024,5,5,2025-03-08
Census Tract,39061006502,Other,01/2025,4,5,2025-03-08
Census Tract,39061006502,Other,02/2025,5,7.5,2025-03-08
Census Tract,39061006502,Other,03/2025,0,0.5,2025-03-08
Census Tract,39061006600,Black,01/2020,0,9.5,2025-03-08
Census Tract,39061006600,Black,02/2020,0,4,2025-03-08
Census Tract,39061006600,Black,03/2020,0,5,2025-03-08
Census Tract,39061006600,Black,04/2020,0,11,2025-03-08
Census Tract,39061006600,Black,05/2020,1,11.5,2025-03-08
Census Tract,39061006600,Black,06/2020,5,8,2025-03-08
Census Tract,39061006600,Black,07/2020,3,6.5,2025-03-08
Census Tract,39061006600,Black,08/2020,1,12.5,2025-03-08
Census Tract,39061006600,Black,09/2020,4,9.5,2025-03-08
Census Tract,39061006600,Black,10/2020,8,11.5,2025-03-08
Census Tract,39061006600,Black,11/2020,5,8,2025-03-08
Census Tract,39061006600,Black,12/2020,5,5.5,2025-03-08
Census Tract,39061006600,Black,01/2021,11,9.5,2025-03-08
Census Tract,39061006600,Black,02/2021,4,4,2025-03-08
Census Tract,39061006600,Black,03/2021,11,5,2025-03-08
Census Tract,39061006600,Black,04/2021,6,11,2025-03-08
Census Tract,39061006600,Black,05/2021,6,11.5,2025-03-08
Census Tract,39061006600,Black,06/2021,7,8,2025-03-08
Census Tract,39061006600,Black,07/2021,4,6.5,2025-03-08
Census Tract,39061006600,Black,08/2021,8,12.5,2025-03-08
Census Tract,39061006600,Black,09/2021,6,9.5,2025-03-08
Census Tract,39061006600,Black,10/2021,8,11.5,2025-03-08
Census Tract,39061006600,Black,11/2021,8,8,2025-03-08
Census Tract,39061006600,Black,12/2021,7,5.5,2025-03-08
Census Tract,39061006600,Black,01/2022,1,9.5,2025-03-08
Census Tract,39061006600,Black,02/2022,2,4,2025-03-08
Census Tract,39061006600,Black,03/2022,7,5,2025-03-08
Census Tract,39061006600,Black,04/2022,2,11,2025-03-08
Census Tract,39061006600,Black,05/2022,6,11.5,2025-03-08
Census Tract,39061006600,Black,06/2022,7,8,2025-03-08
Census Tract,39061006600,Black,07/2022,12,6.5,2025-03-08
Census Tract,39061006600,Black,08/2022,5,12.5,2025-03-08
Census Tract,39061006600,Black,09/2022,11,9.5,2025-03-08
Census Tract,39061006600,Black,10/2022,5,11.5,2025-03-08
Census Tract,39061006600,Black,11/2022,6,8,2025-03-08
Census Tract,39061006600,Black,12/2022,12,5.5,2025-03-08
Census Tract,39061006600,Black,01/2023,4,9.5,2025-03-08
Census Tract,39061006600,Black,02/2023,7,4,2025-03-08
Census Tract,39061006600,Black,03/2023,7,5,2025-03-08
Census Tract,39061006600,Black,04/2023,13,11,2025-03-08
Census Tract,39061006600,Black,05/2023,7,11.5,2025-03-08
Census Tract,39061006600,Black,06/2023,8,8,2025-03-08
Census Tract,39061006600,Black,07/2023,5,6.5,2025-03-08
Census Tract,39061006600,Black,08/2023,13,12.5,2025-03-08
Census Tract,39061006600,Black,09/2023,13,9.5,2025-03-08
Census Tract,39061006600,Black,10/2023,8,11.5,2025-03-08
Census Tract,39061006600,Black,11/2023,8,8,2025-03-08
Census Tract,39061006600,Black,12/2023,6,5.5,2025-03-08
Census Tract,39061006600,Black,01/2024,15,9.5,2025-03-08
Census Tract,39061006600,Black,02/2024,1,4,2025-03-08
Census Tract,39061006600,Black,03/2024,3,5,2025-03-08
Census Tract,39061006600,Black,04/2024,9,11,2025-03-08
Census Tract,39061006600,Black,05/2024,16,11.5,2025-03-08
Census Tract,39061006600,Black,06/2024,8,8,2025-03-08
Census Tract,39061006600,Black,07/2024,8,6.5,2025-03-08
Census Tract,39061006600,Black,08/2024,12,12.5,2025-03-08
Census Tract,39061006600,Black,09/2024,6,9.5,2025-03-08
Census Tract,39061006600,Black,10/2024,15,11.5,2025-03-08
Census Tract,39061006600,Black,11/2024,8,8,2025-03-08
Census Tract,39061006600,Black,12/2024,5,5.5,2025-03-08
Census Tract,39061006600,Black,01/2025,9,9.5,2025-03-08
Census Tract,39061006600,Black,02/2025,9,4,2025-03-08
Census Tract,39061006600,Black,03/2025,0,0,2025-03-08
Census Tract,39061006800,Black,01/2020,0,13.5,2025-03-08
Census Tract,39061006800,Black,02/2020,0,13,2025-03-08
Census Tract,39061006800,Black,03/2020,0,21,2025-03-08
Census Tract,39061006800,Black,04/2020,0,17.5,2025-03-08
Census Tract,39061006800,Black,05/2020,10,20,2025-03-08
Census Tract,39061006800,Black,06/2020,18,21,2025-03-08
Census Tract,39061006800,Black,07/2020,22,24.5,2025-03-08
Census Tract,39061006800,Black,08/2020,27,23,2025-03-08
Census Tract,39061006800,Black,09/2020,8,17,2025-03-08
Census Tract,39061006800,Black,10/2020,20,16,2025-03-08
Census Tract,39061006800,Black,11/2020,13,12.5,2025-03-08
Census Tract,39061006800,Black,12/2020,29,22.5,2025-03-08
Census Tract,39061006800,Black,01/2021,12,13.5,2025-03-08
Census Tract,39061006800,Black,02/2021,5,13,2025-03-08
Census Tract,39061006800,Black,03/2021,17,21,2025-03-08
Census Tract,39061006800,Black,04/2021,21,17.5,2025-03-08
Census Tract,39061006800,Black,05/2021,20,20,2025-03-08
Census Tract,39061006800,Black,06/2021,30,21,2025-03-08
Census Tract,39061006800,Black,07/2021,22,24.5,2025-03-08
Census Tract,39061006800,Black,08/2021,18,23,2025-03-08
Census Tract,39061006800,Black,09/2021,15,17,2025-03-08
Census Tract,39061006800,Black,10/2021,20,16,2025-03-08
Census Tract,39061006800,Black,11/2021,16,12.5,2025-03-08
Census Tract,39061006800,Black,12/2021,28,22.5,2025-03-08
Census Tract,39061006800,Black,01/2022,19,13.5,2025-03-08
Census Tract,39061006800,Black,02/2022,38,13,2025-03-08
Census Tract,39061006800,Black,03/2022,43,21,2025-03-08
Census Tract,39061006800,Black,04/2022,15,17.5,2025-03-08
Census Tract,39061006800,Black,05/2022,14,20,2025-03-08
Census Tract,39061006800,Black,06/2022,27,21,2025-03-08
Census Tract,39061006800,Black,07/2022,29,24.5,2025-03-08
Census Tract,39061006800,Black,08/2022,39,23,2025-03-08
Census Tract,39061006800,Black,09/2022,32,17,2025-03-08
Census Tract,39061006800,Black,10/2022,20,16,2025-03-08
Census Tract,39061006800,Black,11/2022,13,12.5,2025-03-08
Census Tract,39061006800,Black,12/2022,30,22.5,2025-03-08
Census Tract,39061006800,Black,01/2023,12,13.5,2025-03-08
Census Tract,39061006800,Black,02/2023,17,13,2025-03-08
Census Tract,39061006800,Black,03/2023,17,21,2025-03-08
Census Tract,39061006800,Black,04/2023,12,17.5,2025-03-08
Census Tract,39061006800,Black,05/2023,16,20,2025-03-08
Census Tract,39061006800,Black,06/2023,25,21,2025-03-08
Census Tract,39061006800,Black,07/2023,20,24.5,2025-03-08
Census Tract,39061006800,Black,08/2023,27,23,2025-03-08
Census Tract,39061006800,Black,09/2023,22,17,2025-03-08
Census Tract,39061006800,Black,10/2023,13,16,2025-03-08
Census Tract,39061006800,Black,11/2023,20,12.5,2025-03-08
Census Tract,39061006800,Black,12/2023,26,22.5,2025-03-08
Census Tract,39061006800,Black,01/2024,15,13.5,2025-03-08
Census Tract,39061006800,Black,02/2024,9,13,2025-03-08
Census Tract,39061006800,Black,03/2024,25,21,2025-03-08
Census Tract,39061006800,Black,04/2024,23,17.5,2025-03-08
Census Tract,39061006800,Black,05/2024,24,20,2025-03-08
Census Tract,39061006800,Black,06/2024,17,21,2025-03-08
Census Tract,39061006800,Black,07/2024,29,24.5,2025-03-08
Census Tract,39061006800,Black,08/2024,19,23,2025-03-08
Census Tract,39061006800,Black,09/2024,12,17,2025-03-08
Census Tract,39061006800,Black,10/2024,19,16,2025-03-08
Census Tract,39061006800,Black,11/2024,5,12.5,2025-03-08
Census Tract,39061006800,Black,12/2024,19,22.5,2025-03-08
Census Tract,39061006800,Black,01/2025,11,13.5,2025-03-08
Census Tract,39061006800,Black,02/2025,25,13,2025-03-08
Census Tract,39061006800,Black,03/2025,0,1.5,2025-03-08
Census Tract,39061006900,Black,01/2020,0,10,2025-03-08
Census Tract,39061006900,Black,02/2020,0,7.5,2025-03-08
Census Tract,39061006900,Black,03/2020,0,5,2025-03-08
Census Tract,39061006900,Black,04/2020,0,9,2025-03-08
Census Tract,39061006900,Black,05/2020,2,17.5,2025-03-08
Census Tract,39061006900,Black,06/2020,5,11,2025-03-08
Census Tract,39061006900,Black,07/2020,2,7,2025-03-08
Census Tract,39061006900,Black,08/2020,1,12.5,2025-03-08
Census Tract,39061006900,Black,09/2020,6,5,2025-03-08
Census Tract,39061006900,Black,10/2020,6,13.5,2025-03-08
Census Tract,39061006900,Black,11/2020,4,3.5,2025-03-08
Census Tract,39061006900,Black,12/2020,4,10,2025-03-08
Census Tract,39061006900,Black,01/2021,10,10,2025-03-08
Census Tract,39061006900,Black,02/2021,3,7.5,2025-03-08
Census Tract,39061006900,Black,03/2021,2,5,2025-03-08
Census Tract,39061006900,Black,04/2021,8,9,2025-03-08
Census Tract,39061006900,Black,05/2021,5,17.5,2025-03-08
Census Tract,39061006900,Black,06/2021,13,11,2025-03-08
Census Tract,39061006900,Black,07/2021,7,7,2025-03-08
Census Tract,39061006900,Black,08/2021,5,12.5,2025-03-08
Census Tract,39061006900,Black,09/2021,10,5,2025-03-08
Census Tract,39061006900,Black,10/2021,14,13.5,2025-03-08
Census Tract,39061006900,Black,11/2021,7,3.5,2025-03-08
Census Tract,39061006900,Black,12/2021,4,10,2025-03-08
Census Tract,39061006900,Black,01/2022,0,10,2025-03-08
Census Tract,39061006900,Black,02/2022,4,7.5,2025-03-08
Census Tract,39061006900,Black,03/2022,7,5,2025-03-08
Census Tract,39061006900,Black,04/2022,2,9,2025-03-08
Census Tract,39061006900,Black,05/2022,4,17.5,2025-03-08
Census Tract,39061006900,Black,06/2022,5,11,2025-03-08
Census Tract,39061006900,Black,07/2022,5,7,2025-03-08
Census Tract,39061006900,Black,08/2022,13,12.5,2025-03-08
Census Tract,39061006900,Black,09/2022,25,5,2025-03-08
Census Tract,39061006900,Black,10/2022,9,13.5,2025-03-08
Census Tract,39061006900,Black,11/2022,4,3.5,2025-03-08
Census Tract,39061006900,Black,12/2022,8,10,2025-03-08
Census Tract,39061006900,Black,01/2023,11,10,2025-03-08
Census Tract,39061006900,Black,02/2023,7,7.5,2025-03-08
Census Tract,39061006900,Black,03/2023,5,5,2025-03-08
Census Tract,39061006900,Black,04/2023,13,9,2025-03-08
Census Tract,39061006900,Black,05/2023,5,17.5,2025-03-08
Census Tract,39061006900,Black,06/2023,7,11,2025-03-08
Census Tract,39061006900,Black,07/2023,7,7,2025-03-08
Census Tract,39061006900,Black,08/2023,11,12.5,2025-03-08
Census Tract,39061006900,Black,09/2023,7,5,2025-03-08
Census Tract,39061006900,Black,10/2023,10,13.5,2025-03-08
Census Tract,39061006900,Black,11/2023,2,3.5,2025-03-08
Census Tract,39061006900,Black,12/2023,9,10,2025-03-08
Census Tract,39061006900,Black,01/2024,9,10,2025-03-08
Census Tract,39061006900,Black,02/2024,8,7.5,2025-03-08
Census Tract,39061006900,Black,03/2024,5,5,2025-03-08
Census Tract,39061006900,Black,04/2024,5,9,2025-03-08
Census Tract,39061006900,Black,05/2024,30,17.5,2025-03-08
Census Tract,39061006900,Black,06/2024,15,11,2025-03-08
Census Tract,39061006900,Black,07/2024,7,7,2025-03-08
Census Tract,39061006900,Black,08/2024,14,12.5,2025-03-08
Census Tract,39061006900,Black,09/2024,3,5,2025-03-08
Census Tract,39061006900,Black,10/2024,17,13.5,2025-03-08
Census Tract,39061006900,Black,11/2024,5,3.5,2025-03-08
Census Tract,39061006900,Black,12/2024,11,10,2025-03-08
Census Tract,39061006900,Black,01/2025,19,10,2025-03-08
Census Tract,39061006900,Black,02/2025,15,7.5,2025-03-08
Census Tract,39061006900,Black,03/2025,0,2.5,2025-03-08
Census Tract,39061007000,White,01/2020,0,4,2025-03-08
Census Tract,39061007000,White,02/2020,0,2,2025-03-08
Census Tract,39061007000,White,03/2020,0,1.5,2025-03-08
Census Tract,39061007000,White,04/2020,0,1,2025-03-08
Census Tract,39061007000,White,05/2020,0,3,2025-03-08
Census Tract,39061007000,White,06/2020,3,3,2025-03-08
Census Tract,39061007000,White,07/2020,1,5.5,2025-03-08
Census Tract,39061007000,White,08/2020,0,2.5,2025-03-08
Census Tract,39061007000,White,09/2020,0,2.5,2025-03-08
Census Tract,39061007000,White,10/2020,2,3,2025-03-08
Census Tract,39061007000,White,11/2020,2,2.5,2025-03-08
Census Tract,39061007000,White,12/2020,0,3,2025-03-08
Census Tract,39061007000,White,01/2021,3,4,2025-03-08
Census Tract,39061007000,White,02/2021,1,2,2025-03-08
Census Tract,39061007000,White,03/2021,2,1.5,2025-03-08
Census Tract,39061007000,White,04/2021,1,1,2025-03-08
Census Tract,39061007000,White,05/2021,3,3,2025-03-08
Census Tract,39061007000,White,06/2021,1,3,2025-03-08
Census Tract,39061007000,White,07/2021,3,5.5,2025-03-08
Census Tract,39061007000,White,08/2021,5,2.5,2025-03-08
Census Tract,39061007000,White,09/2021,3,2.5,2025-03-08
Census Tract,39061007000,White,10/2021,0,3,2025-03-08
Census Tract,39061007000,White,11/2021,3,2.5,2025-03-08
Census Tract,39061007000,White,12/2021,0,3,2025-03-08
Census Tract,39061007000,White,01/2022,2,4,2025-03-08
Census Tract,39061007000,White,02/2022,3,2,2025-03-08
Census Tract,39061007000,White,03/2022,3,1.5,2025-03-08
Census Tract,39061007000,White,04/2022,1,1,2025-03-08
Census Tract,39061007000,White,05/2022,4,3,2025-03-08
Census Tract,39061007000,White,06/2022,0,3,2025-03-08
Census Tract,39061007000,White,07/2022,2,5.5,2025-03-08
Census Tract,39061007000,White,08/2022,2,2.5,2025-03-08
Census Tract,39061007000,White,09/2022,5,2.5,2025-03-08
Census Tract,39061007000,White,10/2022,2,3,2025-03-08
Census Tract,39061007000,White,11/2022,1,2.5,2025-03-08
Census Tract,39061007000,White,12/2022,2,3,2025-03-08
Census Tract,39061007000,White,01/2023,4,4,2025-03-08
Census Tract,39061007000,White,02/2023,0,2,2025-03-08
Census Tract,39061007000,White,03/2023,2,1.5,2025-03-08
Census Tract,39061007000,White,04/2023,0,1,2025-03-08
Census Tract,39061007000,White,05/2023,3,3,2025-03-08
Census Tract,39061007000,White,06/2023,5,3,2025-03-08
Census Tract,39061007000,White,07/2023,6,5.5,2025-03-08
Census Tract,39061007000,White,08/2023,3,2.5,2025-03-08
Census Tract,39061007000,White,09/2023,3,2.5,2025-03-08
Census Tract,39061007000,White,10/2023,2,3,2025-03-08
Census Tract,39061007000,White,11/2023,1,2.5,2025-03-08
Census Tract,39061007000,White,12/2023,2,3,2025-03-08
Census Tract,39061007000,White,01/2024,4,4,2025-03-08
Census Tract,39061007000,White,02/2024,4,2,2025-03-08
Census Tract,39061007000,White,03/2024,1,1.5,2025-03-08
Census Tract,39061007000,White,04/2024,2,1,2025-03-08
Census Tract,39061007000,White,05/2024,3,3,2025-03-08
Census Tract,39061007000,White,06/2024,1,3,2025-03-08
Census Tract,39061007000,White,07/2024,5,5.5,2025-03-08
Census Tract,39061007000,White,08/2024,2,2.5,2025-03-08
Census Tract,39061007000,White,09/2024,2,2.5,2025-03-08
Census Tract,39061007000,White,10/2024,4,3,2025-03-08
Census Tract,39061007000,White,11/2024,4,2.5,2025-03-08
Census Tract,39061007000,White,12/2024,4,3,2025-03-08
Census Tract,39061007000,White,01/2025,1,4,2025-03-08
Census Tract,39061007000,White,02/2025,6,2,2025-03-08
Census Tract,39061007000,White,03/2025,0,0,2025-03-08
Census Tract,39061007100,White,01/2020,0,5,2025-03-08
Census Tract,39061007100,White,02/2020,0,12,2025-03-08
Census Tract,39061007100,White,03/2020,0,7.5,2025-03-08
Census Tract,39061007100,White,04/2020,0,7.5,2025-03-08
Census Tract,39061007100,White,05/2020,0,8,2025-03-08
Census Tract,39061007100,White,06/2020,6,9.5,2025-03-08
Census Tract,39061007100,White,07/2020,3,5,2025-03-08
Census Tract,39061007100,White,08/2020,4,8,2025-03-08
Census Tract,39061007100,White,09/2020,4,7.5,2025-03-08
Census Tract,39061007100,White,10/2020,5,4,2025-03-08
Census Tract,39061007100,White,11/2020,3,5,2025-03-08
Census Tract,39061007100,White,12/2020,11,9.5,2025-03-08
Census Tract,39061007100,White,01/2021,5,5,2025-03-08
Census Tract,39061007100,White,02/2021,3,12,2025-03-08
Census Tract,39061007100,White,03/2021,6,7.5,2025-03-08
Census Tract,39061007100,White,04/2021,8,7.5,2025-03-08
Census Tract,39061007100,White,05/2021,8,8,2025-03-08
Census Tract,39061007100,White,06/2021,5,9.5,2025-03-08
Census Tract,39061007100,White,07/2021,13,5,2025-03-08
Census Tract,39061007100,White,08/2021,9,8,2025-03-08
Census Tract,39061007100,White,09/2021,3,7.5,2025-03-08
Census Tract,39061007100,White,10/2021,6,4,2025-03-08
Census Tract,39061007100,White,11/2021,15,5,2025-03-08
Census Tract,39061007100,White,12/2021,15,9.5,2025-03-08
Census Tract,39061007100,White,01/2022,7,5,2025-03-08
Census Tract,39061007100,White,02/2022,13,12,2025-03-08
Census Tract,39061007100,White,03/2022,7,7.5,2025-03-08
Census Tract,39061007100,White,04/2022,13,7.5,2025-03-08
Census Tract,39061007100,White,05/2022,11,8,2025-03-08
Census Tract,39061007100,White,06/2022,14,9.5,2025-03-08
Census Tract,39061007100,White,07/2022,6,5,2025-03-08
Census Tract,39061007100,White,08/2022,9,8,2025-03-08
Census Tract,39061007100,White,09/2022,15,7.5,2025-03-08
Census Tract,39061007100,White,10/2022,10,4,2025-03-08
Census Tract,39061007100,White,11/2022,1,5,2025-03-08
Census Tract,39061007100,White,12/2022,9,9.5,2025-03-08
Census Tract,39061007100,White,01/2023,5,5,2025-03-08
Census Tract,39061007100,White,02/2023,14,12,2025-03-08
Census Tract,39061007100,White,03/2023,11,7.5,2025-03-08
Census Tract,39061007100,White,04/2023,6,7.5,2025-03-08
Census Tract,39061007100,White,05/2023,10,8,2025-03-08
Census Tract,39061007100,White,06/2023,9,9.5,2025-03-08
Census Tract,39061007100,White,07/2023,2,5,2025-03-08
Census Tract,39061007100,White,08/2023,13,8,2025-03-08
Census Tract,39061007100,White,09/2023,7,7.5,2025-03-08
Census Tract,39061007100,White,10/2023,4,4,2025-03-08
Census Tract,39061007100,White,11/2023,5,5,2025-03-08
Census Tract,39061007100,White,12/2023,9,9.5,2025-03-08
Census Tract,39061007100,White,01/2024,5,5,2025-03-08
Census Tract,39061007100,White,02/2024,10,12,2025-03-08
Census Tract,39061007100,White,03/2024,4,7.5,2025-03-08
Census Tract,39061007100,White,04/2024,9,7.5,2025-03-08
Census Tract,39061007100,White,05/2024,6,8,2025-03-08
Census Tract,39061007100,White,06/2024,10,9.5,2025-03-08
Census Tract,39061007100,White,07/2024,8,5,2025-03-08
Census Tract,39061007100,White,08/2024,3,8,2025-03-08
Census Tract,39061007100,White,09/2024,8,7.5,2025-03-08
Census Tract,39061007100,White,10/2024,4,4,2025-03-08
Census Tract,39061007100,White,11/2024,5,5,2025-03-08
Census Tract,39061007100,White,12/2024,10,9.5,2025-03-08
Census Tract,39061007100,White,01/2025,5,5,2025-03-08
Census Tract,39061007100,White,02/2025,12,12,2025-03-08
Census Tract,39061007100,White,03/2025,0,1,2025-03-08
Census Tract,39061007200,White,01/2020,0,22.5,2025-03-08
Census Tract,39061007200,White,02/2020,0,34,2025-03-08
Census Tract,39061007200,White,03/2020,0,35,2025-03-08
Census Tract,39061007200,White,04/2020,0,32,2025-03-08
Census Tract,39061007200,White,05/2020,1,11,2025-03-08
Census Tract,39061007200,White,06/2020,0,45,2025-03-08
Census Tract,39061007200,White,07/2020,1,36.5,2025-03-08
Census Tract,39061007200,White,08/2020,14,31,2025-03-08
Census Tract,39061007200,White,09/2020,17,10,2025-03-08
Census Tract,39061007200,White,10/2020,12,9,2025-03-08
Census Tract,39061007200,White,11/2020,12,7,2025-03-08
Census Tract,39061007200,White,12/2020,8,38,2025-03-08
Census Tract,39061007200,White,01/2021,15,22.5,2025-03-08
Census Tract,39061007200,White,02/2021,12,33.5,2025-03-08
Census Tract,39061007200,White,03/2021,9,35,2025-03-08
Census Tract,39061007200,White,04/2021,13,32,2025-03-08
Census Tract,39061007200,White,05/2021,13,11,2025-03-08
Census Tract,39061007200,White,06/2021,19,45,2025-03-08
Census Tract,39061007200,White,07/2021,16,36.5,2025-03-08
Census Tract,39061007200,White,08/2021,7,31,2025-03-08
Census Tract,39061007200,White,09/2021,12,10,2025-03-08
Census Tract,39061007200,White,10/2021,22,9,2025-03-08
Census Tract,39061007200,White,11/2021,6,7,2025-03-08
Census Tract,39061007200,White,12/2021,0,38,2025-03-08
Census Tract,39061007200,White,01/2022,11,22.5,2025-03-08
Census Tract,39061007200,White,02/2022,2,33.5,2025-03-08
Census Tract,39061007200,White,03/2022,33,35,2025-03-08
Census Tract,39061007200,White,04/2022,3,32,2025-03-08
Census Tract,39061007200,White,05/2022,8,11,2025-03-08
Census Tract,39061007200,White,06/2022,1,45,2025-03-08
Census Tract,39061007200,White,07/2022,27,36.5,2025-03-08
Census Tract,39061007200,White,08/2022,24,31,2025-03-08
Census Tract,39061007200,White,09/2022,3,10,2025-03-08
Census Tract,39061007200,White,10/2022,31,9,2025-03-08
Census Tract,39061007200,White,11/2022,6,7,2025-03-08
Census Tract,39061007200,White,12/2022,30,38,2025-03-08
Census Tract,39061007200,White,01/2023,40,22.5,2025-03-08
Census Tract,39061007200,White,02/2023,26,33.5,2025-03-08
Census Tract,39061007200,White,03/2023,26,35,2025-03-08
Census Tract,39061007200,White,04/2023,2,32,2025-03-08
Census Tract,39061007200,White,05/2023,21,11,2025-03-08
Census Tract,39061007200,White,06/2023,20,45,2025-03-08
Census Tract,39061007200,White,07/2023,67,36.5,2025-03-08
Census Tract,39061007200,White,08/2023,57,31,2025-03-08
Census Tract,39061007200,White,09/2023,2,10,2025-03-08
Census Tract,39061007200,White,10/2023,3,9,2025-03-08
Census Tract,39061007200,White,11/2023,3,7,2025-03-08
Census Tract,39061007200,White,12/2023,59,38,2025-03-08
Census Tract,39061007200,White,01/2024,5,22.5,2025-03-08
Census Tract,39061007200,White,02/2024,42,34,2025-03-08
Census Tract,39061007200,White,03/2024,44,35,2025-03-08
Census Tract,39061007200,White,04/2024,62,32,2025-03-08
Census Tract,39061007200,White,05/2024,1,11,2025-03-08
Census Tract,39061007200,White,06/2024,70,45,2025-03-08
Census Tract,39061007200,White,07/2024,6,36.5,2025-03-08
Census Tract,39061007200,White,08/2024,5,31,2025-03-08
Census Tract,39061007200,White,09/2024,18,10,2025-03-08
Census Tract,39061007200,White,10/2024,15,9,2025-03-08
Census Tract,39061007200,White,11/2024,11,7,2025-03-08
Census Tract,39061007200,White,12/2024,17,38,2025-03-08
Census Tract,39061007200,White,01/2025,13,22.5,2025-03-08
Census Tract,39061007200,White,02/2025,21,33.5,2025-03-08
Census Tract,39061007200,White,03/2025,0,6.5,2025-03-08
Census Tract,39061007300,Black,01/2020,0,5,2025-03-08
Census Tract,39061007300,Black,02/2020,0,2,2025-03-08
Census Tract,39061007300,Black,03/2020,0,4.5,2025-03-08
Census Tract,39061007300,Black,04/2020,0,4,2025-03-08
Census Tract,39061007300,Black,05/2020,0,5.5,2025-03-08
Census Tract,39061007300,Black,06/2020,0,3.5,2025-03-08
Census Tract,39061007300,Black,07/2020,2,6.5,2025-03-08
Census Tract,39061007300,Black,08/2020,1,4,2025-03-08
Census Tract,39061007300,Black,09/2020,2,3.5,2025-03-08
Census Tract,39061007300,Black,10/2020,0,4.5,2025-03-08
Census Tract,39061007300,Black,11/2020,5,3.5,2025-03-08
Census Tract,39061007300,Black,12/2020,2,4.5,2025-03-08
Census Tract,39061007300,Black,01/2021,2,5,2025-03-08
Census Tract,39061007300,Black,02/2021,5,2,2025-03-08
Census Tract,39061007300,Black,03/2021,1,4.5,2025-03-08
Census Tract,39061007300,Black,04/2021,0,4,2025-03-08
Census Tract,39061007300,Black,05/2021,1,5.5,2025-03-08
Census Tract,39061007300,Black,06/2021,3,3.5,2025-03-08
Census Tract,39061007300,Black,07/2021,2,6.5,2025-03-08
Census Tract,39061007300,Black,08/2021,5,4,2025-03-08
Census Tract,39061007300,Black,09/2021,8,3.5,2025-03-08
Census Tract,39061007300,Black,10/2021,3,4.5,2025-03-08
Census Tract,39061007300,Black,11/2021,4,3.5,2025-03-08
Census Tract,39061007300,Black,12/2021,4,4.5,2025-03-08
Census Tract,39061007300,Black,01/2022,7,5,2025-03-08
Census Tract,39061007300,Black,02/2022,5,2,2025-03-08
Census Tract,39061007300,Black,03/2022,7,4.5,2025-03-08
Census Tract,39061007300,Black,04/2022,3,4,2025-03-08
Census Tract,39061007300,Black,05/2022,4,5.5,2025-03-08
Census Tract,39061007300,Black,06/2022,2,3.5,2025-03-08
Census Tract,39061007300,Black,07/2022,12,6.5,2025-03-08
Census Tract,39061007300,Black,08/2022,4,4,2025-03-08
Census Tract,39061007300,Black,09/2022,6,3.5,2025-03-08
Census Tract,39061007300,Black,10/2022,5,4.5,2025-03-08
Census Tract,39061007300,Black,11/2022,4,3.5,2025-03-08
Census Tract,39061007300,Black,12/2022,3,4.5,2025-03-08
Census Tract,39061007300,Black,01/2023,7,5,2025-03-08
Census Tract,39061007300,Black,02/2023,1,2,2025-03-08
Census Tract,39061007300,Black,03/2023,5,4.5,2025-03-08
Census Tract,39061007300,Black,04/2023,5,4,2025-03-08
Census Tract,39061007300,Black,05/2023,6,5.5,2025-03-08
Census Tract,39061007300,Black,06/2023,5,3.5,2025-03-08
Census Tract,39061007300,Black,07/2023,7,6.5,2025-03-08
Census Tract,39061007300,Black,08/2023,2,4,2025-03-08
Census Tract,39061007300,Black,09/2023,5,3.5,2025-03-08
Census Tract,39061007300,Black,10/2023,3,4.5,2025-03-08
Census Tract,39061007300,Black,11/2023,3,3.5,2025-03-08
Census Tract,39061007300,Black,12/2023,6,4.5,2025-03-08
Census Tract,39061007300,Black,01/2024,3,5,2025-03-08
Census Tract,39061007300,Black,02/2024,3,2,2025-03-08
Census Tract,39061007300,Black,03/2024,4,4.5,2025-03-08
Census Tract,39061007300,Black,04/2024,3,4,2025-03-08
Census Tract,39061007300,Black,05/2024,5,5.5,2025-03-08
Census Tract,39061007300,Black,06/2024,2,3.5,2025-03-08
Census Tract,39061007300,Black,07/2024,6,6.5,2025-03-08
Census Tract,39061007300,Black,08/2024,6,4,2025-03-08
Census Tract,39061007300,Black,09/2024,2,3.5,2025-03-08
Census Tract,39061007300,Black,10/2024,6,4.5,2025-03-08
Census Tract,39061007300,Black,11/2024,4,3.5,2025-03-08
Census Tract,39061007300,Black,12/2024,3,4.5,2025-03-08
Census Tract,39061007300,Black,01/2025,9,5,2025-03-08
Census Tract,39061007300,Black,02/2025,7,2,2025-03-08
Census Tract,39061007300,Black,03/2025,0,1,2025-03-08
Census Tract,39061007400,White,01/2020,0,2,2025-03-08
Census Tract,39061007400,White,02/2020,0,0,2025-03-08
Census Tract,39061007400,White,03/2020,0,2.5,2025-03-08
Census Tract,39061007400,White,04/2020,0,2,2025-03-08
Census Tract,39061007400,White,05/2020,0,2,2025-03-08
Census Tract,39061007400,White,06/2020,2,2.5,2025-03-08
Census Tract,39061007400,White,07/2020,1,1.5,2025-03-08
Census Tract,39061007400,White,08/2020,2,1.5,2025-03-08
Census Tract,39061007400,White,09/2020,2,2.5,2025-03-08
Census Tract,39061007400,White,10/2020,1,2.5,2025-03-08
Census Tract,39061007400,White,11/2020,0,2.5,2025-03-08
Census Tract,39061007400,White,12/2020,1,0,2025-03-08
Census Tract,39061007400,White,01/2021,1,2,2025-03-08
Census Tract,39061007400,White,02/2021,0,0,2025-03-08
Census Tract,39061007400,White,03/2021,3,2.5,2025-03-08
Census Tract,39061007400,White,04/2021,0,2,2025-03-08
Census Tract,39061007400,White,05/2021,0,2,2025-03-08
Census Tract,39061007400,White,06/2021,2,2.5,2025-03-08
Census Tract,39061007400,White,07/2021,0,1.5,2025-03-08
Census Tract,39061007400,White,08/2021,2,1.5,2025-03-08
Census Tract,39061007400,White,09/2021,2,2.5,2025-03-08
Census Tract,39061007400,White,10/2021,4,2.5,2025-03-08
Census Tract,39061007400,White,11/2021,3,2.5,2025-03-08
Census Tract,39061007400,White,12/2021,1,0,2025-03-08
Census Tract,39061007400,White,01/2022,4,2,2025-03-08
Census Tract,39061007400,White,02/2022,0,0,2025-03-08
Census Tract,39061007400,White,03/2022,3,2.5,2025-03-08
Census Tract,39061007400,White,04/2022,2,2,2025-03-08
Census Tract,39061007400,White,05/2022,2,2,2025-03-08
Census Tract,39061007400,White,06/2022,1,2.5,2025-03-08
Census Tract,39061007400,White,07/2022,2,1.5,2025-03-08
Census Tract,39061007400,White,08/2022,3,1.5,2025-03-08
Census Tract,39061007400,White,09/2022,1,2.5,2025-03-08
Census Tract,39061007400,White,10/2022,3,2.5,2025-03-08
Census Tract,39061007400,White,11/2022,2,2.5,2025-03-08
Census Tract,39061007400,White,12/2022,3,0,2025-03-08
Census Tract,39061007400,White,01/2023,3,2,2025-03-08
Census Tract,39061007400,White,02/2023,0,0,2025-03-08
Census Tract,39061007400,White,03/2023,4,2.5,2025-03-08
Census Tract,39061007400,White,04/2023,1,2,2025-03-08
Census Tract,39061007400,White,05/2023,2,2,2025-03-08
Census Tract,39061007400,White,06/2023,1,2.5,2025-03-08
Census Tract,39061007400,White,07/2023,2,1.5,2025-03-08
Census Tract,39061007400,White,08/2023,2,1.5,2025-03-08
Census Tract,39061007400,White,09/2023,5,2.5,2025-03-08
Census Tract,39061007400,White,10/2023,4,2.5,2025-03-08
Census Tract,39061007400,White,11/2023,3,2.5,2025-03-08
Census Tract,39061007400,White,12/2023,0,0,2025-03-08
Census Tract,39061007400,White,01/2024,1,2,2025-03-08
Census Tract,39061007400,White,02/2024,0,0,2025-03-08
Census Tract,39061007400,White,03/2024,1,2.5,2025-03-08
Census Tract,39061007400,White,04/2024,3,2,2025-03-08
Census Tract,39061007400,White,05/2024,2,2,2025-03-08
Census Tract,39061007400,White,06/2024,4,2.5,2025-03-08
Census Tract,39061007400,White,07/2024,1,1.5,2025-03-08
Census Tract,39061007400,White,08/2024,1,1.5,2025-03-08
Census Tract,39061007400,White,09/2024,0,2.5,2025-03-08
Census Tract,39061007400,White,10/2024,1,2.5,2025-03-08
Census Tract,39061007400,White,11/2024,2,2.5,2025-03-08
Census Tract,39061007400,White,12/2024,0,0,2025-03-08
Census Tract,39061007400,White,01/2025,2,2,2025-03-08
Census Tract,39061007400,White,02/2025,1,0,2025-03-08
Census Tract,39061007400,White,03/2025,0,0,2025-03-08
Census Tract,39061007500,White,01/2020,0,3,2025-03-08
Census Tract,39061007500,White,02/2020,0,2,2025-03-08
Census Tract,39061007500,White,03/2020,0,1,2025-03-08
Census Tract,39061007500,White,04/2020,0,1.5,2025-03-08
Census Tract,39061007500,White,05/2020,0,5,2025-03-08
Census Tract,39061007500,White,06/2020,0,3,2025-03-08
Census Tract,39061007500,White,07/2020,1,4,2025-03-08
Census Tract,39061007500,White,08/2020,0,3.5,2025-03-08
Census Tract,39061007500,White,09/2020,0,4,2025-03-08
Census Tract,39061007500,White,10/2020,2,6,2025-03-08
Census Tract,39061007500,White,11/2020,1,3,2025-03-08
Census Tract,39061007500,White,12/2020,2,1,2025-03-08
Census Tract,39061007500,White,01/2021,1,3,2025-03-08
Census Tract,39061007500,White,02/2021,1,1.5,2025-03-08
Census Tract,39061007500,White,03/2021,2,1,2025-03-08
Census Tract,39061007500,White,04/2021,2,1.5,2025-03-08
Census Tract,39061007500,White,05/2021,0,5,2025-03-08
Census Tract,39061007500,White,06/2021,1,3,2025-03-08
Census Tract,39061007500,White,07/2021,3,4,2025-03-08
Census Tract,39061007500,White,08/2021,0,3.5,2025-03-08
Census Tract,39061007500,White,09/2021,1,4,2025-03-08
Census Tract,39061007500,White,10/2021,2,6,2025-03-08
Census Tract,39061007500,White,11/2021,2,3,2025-03-08
Census Tract,39061007500,White,12/2021,1,1,2025-03-08
Census Tract,39061007500,White,01/2022,2,3,2025-03-08
Census Tract,39061007500,White,02/2022,1,1.5,2025-03-08
Census Tract,39061007500,White,03/2022,0,1,2025-03-08
Census Tract,39061007500,White,04/2022,2,1.5,2025-03-08
Census Tract,39061007500,White,05/2022,3,5,2025-03-08
Census Tract,39061007500,White,06/2022,4,3,2025-03-08
Census Tract,39061007500,White,07/2022,0,4,2025-03-08
Census Tract,39061007500,White,08/2022,2,3.5,2025-03-08
Census Tract,39061007500,White,09/2022,3,4,2025-03-08
Census Tract,39061007500,White,10/2022,0,6,2025-03-08
Census Tract,39061007500,White,11/2022,2,3,2025-03-08
Census Tract,39061007500,White,12/2022,4,1,2025-03-08
Census Tract,39061007500,White,01/2023,2,3,2025-03-08
Census Tract,39061007500,White,02/2023,2,1.5,2025-03-08
Census Tract,39061007500,White,03/2023,1,1,2025-03-08
Census Tract,39061007500,White,04/2023,2,1.5,2025-03-08
Census Tract,39061007500,White,05/2023,3,5,2025-03-08
Census Tract,39061007500,White,06/2023,3,3,2025-03-08
Census Tract,39061007500,White,07/2023,2,4,2025-03-08
Census Tract,39061007500,White,08/2023,6,3.5,2025-03-08
Census Tract,39061007500,White,09/2023,6,4,2025-03-08
Census Tract,39061007500,White,10/2023,7,6,2025-03-08
Census Tract,39061007500,White,11/2023,5,3,2025-03-08
Census Tract,39061007500,White,12/2023,1,1,2025-03-08
Census Tract,39061007500,White,01/2024,4,3,2025-03-08
Census Tract,39061007500,White,02/2024,2,2,2025-03-08
Census Tract,39061007500,White,03/2024,1,1,2025-03-08
Census Tract,39061007500,White,04/2024,1,1.5,2025-03-08
Census Tract,39061007500,White,05/2024,7,5,2025-03-08
Census Tract,39061007500,White,06/2024,3,3,2025-03-08
Census Tract,39061007500,White,07/2024,6,4,2025-03-08
Census Tract,39061007500,White,08/2024,1,3.5,2025-03-08
Census Tract,39061007500,White,09/2024,2,4,2025-03-08
Census Tract,39061007500,White,10/2024,5,6,2025-03-08
Census Tract,39061007500,White,11/2024,1,3,2025-03-08
Census Tract,39061007500,White,12/2024,1,1,2025-03-08
Census Tract,39061007500,White,01/2025,2,3,2025-03-08
Census Tract,39061007500,White,02/2025,3,1.5,2025-03-08
Census Tract,39061007500,White,03/2025,0,0,2025-03-08
Census Tract,39061007700,Black,01/2020,0,9,2025-03-08
Census Tract,39061007700,Black,02/2020,0,6,2025-03-08
Census Tract,39061007700,Black,03/2020,0,4,2025-03-08
Census Tract,39061007700,Black,04/2020,0,4,2025-03-08
Census Tract,39061007700,Black,05/2020,2,5.5,2025-03-08
Census Tract,39061007700,Black,06/2020,1,7,2025-03-08
Census Tract,39061007700,Black,07/2020,8,5.5,2025-03-08
Census Tract,39061007700,Black,08/2020,7,8.5,2025-03-08
Census Tract,39061007700,Black,09/2020,14,6.5,2025-03-08
Census Tract,39061007700,Black,10/2020,4,18,2025-03-08
Census Tract,39061007700,Black,11/2020,6,10.5,2025-03-08
Census Tract,39061007700,Black,12/2020,4,3,2025-03-08
Census Tract,39061007700,Black,01/2021,8,9,2025-03-08
Census Tract,39061007700,Black,02/2021,1,6,2025-03-08
Census Tract,39061007700,Black,03/2021,11,4,2025-03-08
Census Tract,39061007700,Black,04/2021,6,4,2025-03-08
Census Tract,39061007700,Black,05/2021,4,5.5,2025-03-08
Census Tract,39061007700,Black,06/2021,10,7,2025-03-08
Census Tract,39061007700,Black,07/2021,8,5.5,2025-03-08
Census Tract,39061007700,Black,08/2021,6,8.5,2025-03-08
Census Tract,39061007700,Black,09/2021,12,6.5,2025-03-08
Census Tract,39061007700,Black,10/2021,8,18,2025-03-08
Census Tract,39061007700,Black,11/2021,8,10.5,2025-03-08
Census Tract,39061007700,Black,12/2021,6,3,2025-03-08
Census Tract,39061007700,Black,01/2022,6,9,2025-03-08
Census Tract,39061007700,Black,02/2022,14,6,2025-03-08
Census Tract,39061007700,Black,03/2022,6,4,2025-03-08
Census Tract,39061007700,Black,04/2022,7,4,2025-03-08
Census Tract,39061007700,Black,05/2022,3,5.5,2025-03-08
Census Tract,39061007700,Black,06/2022,4,7,2025-03-08
Census Tract,39061007700,Black,07/2022,12,5.5,2025-03-08
Census Tract,39061007700,Black,08/2022,8,8.5,2025-03-08
Census Tract,39061007700,Black,09/2022,8,6.5,2025-03-08
Census Tract,39061007700,Black,10/2022,5,18,2025-03-08
Census Tract,39061007700,Black,11/2022,5,10.5,2025-03-08
Census Tract,39061007700,Black,12/2022,12,3,2025-03-08
Census Tract,39061007700,Black,01/2023,10,9,2025-03-08
Census Tract,39061007700,Black,02/2023,4,6,2025-03-08
Census Tract,39061007700,Black,03/2023,3,4,2025-03-08
Census Tract,39061007700,Black,04/2023,7,4,2025-03-08
Census Tract,39061007700,Black,05/2023,2,5.5,2025-03-08
Census Tract,39061007700,Black,06/2023,9,7,2025-03-08
Census Tract,39061007700,Black,07/2023,4,5.5,2025-03-08
Census Tract,39061007700,Black,08/2023,14,8.5,2025-03-08
Census Tract,39061007700,Black,09/2023,2,6.5,2025-03-08
Census Tract,39061007700,Black,10/2023,7,18,2025-03-08
Census Tract,39061007700,Black,11/2023,11,10.5,2025-03-08
Census Tract,39061007700,Black,12/2023,3,3,2025-03-08
Census Tract,39061007700,Black,01/2024,8,9,2025-03-08
Census Tract,39061007700,Black,02/2024,8,6,2025-03-08
Census Tract,39061007700,Black,03/2024,5,4,2025-03-08
Census Tract,39061007700,Black,04/2024,1,4,2025-03-08
Census Tract,39061007700,Black,05/2024,9,5.5,2025-03-08
Census Tract,39061007700,Black,06/2024,5,7,2025-03-08
Census Tract,39061007700,Black,07/2024,7,5.5,2025-03-08
Census Tract,39061007700,Black,08/2024,3,8.5,2025-03-08
Census Tract,39061007700,Black,09/2024,11,6.5,2025-03-08
Census Tract,39061007700,Black,10/2024,29,18,2025-03-08
Census Tract,39061007700,Black,11/2024,10,10.5,2025-03-08
Census Tract,39061007700,Black,12/2024,3,3,2025-03-08
Census Tract,39061007700,Black,01/2025,29,9,2025-03-08
Census Tract,39061007700,Black,02/2025,3,6,2025-03-08
Census Tract,39061007700,Black,03/2025,0,0.5,2025-03-08
Census Tract,39061008000,Black,01/2020,0,7.5,2025-03-08
Census Tract,39061008000,Black,02/2020,0,0.5,2025-03-08
Census Tract,39061008000,Black,03/2020,0,11,2025-03-08
Census Tract,39061008000,Black,04/2020,0,6.5,2025-03-08
Census Tract,39061008000,Black,05/2020,3,30,2025-03-08
Census Tract,39061008000,Black,06/2020,0,5.5,2025-03-08
Census Tract,39061008000,Black,07/2020,10,17.5,2025-03-08
Census Tract,39061008000,Black,08/2020,6,6,2025-03-08
Census Tract,39061008000,Black,09/2020,5,2.5,2025-03-08
Census Tract,39061008000,Black,10/2020,5,6.5,2025-03-08
Census Tract,39061008000,Black,11/2020,12,4,2025-03-08
Census Tract,39061008000,Black,12/2020,14,2.5,2025-03-08
Census Tract,39061008000,Black,01/2021,7,7.5,2025-03-08
Census Tract,39061008000,Black,02/2021,21,0.5,2025-03-08
Census Tract,39061008000,Black,03/2021,12,11,2025-03-08
Census Tract,39061008000,Black,04/2021,8,6.5,2025-03-08
Census Tract,39061008000,Black,05/2021,2,30,2025-03-08
Census Tract,39061008000,Black,06/2021,12,5.5,2025-03-08
Census Tract,39061008000,Black,07/2021,8,17.5,2025-03-08
Census Tract,39061008000,Black,08/2021,21,6,2025-03-08
Census Tract,39061008000,Black,09/2021,5,2.5,2025-03-08
Census Tract,39061008000,Black,10/2021,13,6.5,2025-03-08
Census Tract,39061008000,Black,11/2021,6,4,2025-03-08
Census Tract,39061008000,Black,12/2021,9,2.5,2025-03-08
Census Tract,39061008000,Black,01/2022,7,7.5,2025-03-08
Census Tract,39061008000,Black,02/2022,5,0.5,2025-03-08
Census Tract,39061008000,Black,03/2022,24,11,2025-03-08
Census Tract,39061008000,Black,04/2022,0,6.5,2025-03-08
Census Tract,39061008000,Black,05/2022,5,30,2025-03-08
Census Tract,39061008000,Black,06/2022,4,5.5,2025-03-08
Census Tract,39061008000,Black,07/2022,3,17.5,2025-03-08
Census Tract,39061008000,Black,08/2022,3,6,2025-03-08
Census Tract,39061008000,Black,09/2022,13,2.5,2025-03-08
Census Tract,39061008000,Black,10/2022,19,6.5,2025-03-08
Census Tract,39061008000,Black,11/2022,3,4,2025-03-08
Census Tract,39061008000,Black,12/2022,6,2.5,2025-03-08
Census Tract,39061008000,Black,01/2023,4,7.5,2025-03-08
Census Tract,39061008000,Black,02/2023,0,0.5,2025-03-08
Census Tract,39061008000,Black,03/2023,8,11,2025-03-08
Census Tract,39061008000,Black,04/2023,1,6.5,2025-03-08
Census Tract,39061008000,Black,05/2023,23,30,2025-03-08
Census Tract,39061008000,Black,06/2023,6,5.5,2025-03-08
Census Tract,39061008000,Black,07/2023,4,17.5,2025-03-08
Census Tract,39061008000,Black,08/2023,6,6,2025-03-08
Census Tract,39061008000,Black,09/2023,5,2.5,2025-03-08
Census Tract,39061008000,Black,10/2023,0,6.5,2025-03-08
Census Tract,39061008000,Black,11/2023,6,4,2025-03-08
Census Tract,39061008000,Black,12/2023,1,2.5,2025-03-08
Census Tract,39061008000,Black,01/2024,11,7.5,2025-03-08
Census Tract,39061008000,Black,02/2024,1,0.5,2025-03-08
Census Tract,39061008000,Black,03/2024,14,11,2025-03-08
Census Tract,39061008000,Black,04/2024,12,6.5,2025-03-08
Census Tract,39061008000,Black,05/2024,37,30,2025-03-08
Census Tract,39061008000,Black,06/2024,5,5.5,2025-03-08
Census Tract,39061008000,Black,07/2024,31,17.5,2025-03-08
Census Tract,39061008000,Black,08/2024,6,6,2025-03-08
Census Tract,39061008000,Black,09/2024,0,2.5,2025-03-08
Census Tract,39061008000,Black,10/2024,13,6.5,2025-03-08
Census Tract,39061008000,Black,11/2024,2,4,2025-03-08
Census Tract,39061008000,Black,12/2024,4,2.5,2025-03-08
Census Tract,39061008000,Black,01/2025,7,7.5,2025-03-08
Census Tract,39061008000,Black,02/2025,31,0.5,2025-03-08
Census Tract,39061008000,Black,03/2025,0,0,2025-03-08
Census Tract,39061008100,Black,01/2020,0,4.5,2025-03-08
Census Tract,39061008100,Black,02/2020,0,8.5,2025-03-08
Census Tract,39061008100,Black,03/2020,0,2,2025-03-08
Census Tract,39061008100,Black,04/2020,0,5,2025-03-08
Census Tract,39061008100,Black,05/2020,3,4,2025-03-08
Census Tract,39061008100,Black,06/2020,0,5.5,2025-03-08
Census Tract,39061008100,Black,07/2020,10,6.5,2025-03-08
Census Tract,39061008100,Black,08/2020,8,10.5,2025-03-08
Census Tract,39061008100,Black,09/2020,3,7.5,2025-03-08
Census Tract,39061008100,Black,10/2020,4,9,2025-03-08
Census Tract,39061008100,Black,11/2020,7,8.5,2025-03-08
Census Tract,39061008100,Black,12/2020,15,9,2025-03-08
Census Tract,39061008100,Black,01/2021,6,4.5,2025-03-08
Census Tract,39061008100,Black,02/2021,9,8,2025-03-08
Census Tract,39061008100,Black,03/2021,4,2,2025-03-08
Census Tract,39061008100,Black,04/2021,11,5,2025-03-08
Census Tract,39061008100,Black,05/2021,7,4,2025-03-08
Census Tract,39061008100,Black,06/2021,10,5.5,2025-03-08
Census Tract,39061008100,Black,07/2021,5,6.5,2025-03-08
Census Tract,39061008100,Black,08/2021,5,10.5,2025-03-08
Census Tract,39061008100,Black,09/2021,5,7.5,2025-03-08
Census Tract,39061008100,Black,10/2021,9,9,2025-03-08
Census Tract,39061008100,Black,11/2021,7,8.5,2025-03-08
Census Tract,39061008100,Black,12/2021,12,9,2025-03-08
Census Tract,39061008100,Black,01/2022,23,4.5,2025-03-08
Census Tract,39061008100,Black,02/2022,10,8,2025-03-08
Census Tract,39061008100,Black,03/2022,8,2,2025-03-08
Census Tract,39061008100,Black,04/2022,5,5,2025-03-08
Census Tract,39061008100,Black,05/2022,11,4,2025-03-08
Census Tract,39061008100,Black,06/2022,17,5.5,2025-03-08
Census Tract,39061008100,Black,07/2022,10,6.5,2025-03-08
Census Tract,39061008100,Black,08/2022,16,10.5,2025-03-08
Census Tract,39061008100,Black,09/2022,13,7.5,2025-03-08
Census Tract,39061008100,Black,10/2022,9,9,2025-03-08
Census Tract,39061008100,Black,11/2022,5,8.5,2025-03-08
Census Tract,39061008100,Black,12/2022,14,9,2025-03-08
Census Tract,39061008100,Black,01/2023,4,4.5,2025-03-08
Census Tract,39061008100,Black,02/2023,6,8,2025-03-08
Census Tract,39061008100,Black,03/2023,3,2,2025-03-08
Census Tract,39061008100,Black,04/2023,6,5,2025-03-08
Census Tract,39061008100,Black,05/2023,3,4,2025-03-08
Census Tract,39061008100,Black,06/2023,5,5.5,2025-03-08
Census Tract,39061008100,Black,07/2023,2,6.5,2025-03-08
Census Tract,39061008100,Black,08/2023,13,10.5,2025-03-08
Census Tract,39061008100,Black,09/2023,11,7.5,2025-03-08
Census Tract,39061008100,Black,10/2023,12,9,2025-03-08
Census Tract,39061008100,Black,11/2023,10,8.5,2025-03-08
Census Tract,39061008100,Black,12/2023,6,9,2025-03-08
Census Tract,39061008100,Black,01/2024,5,4.5,2025-03-08
Census Tract,39061008100,Black,02/2024,11,8.5,2025-03-08
Census Tract,39061008100,Black,03/2024,1,2,2025-03-08
Census Tract,39061008100,Black,04/2024,4,5,2025-03-08
Census Tract,39061008100,Black,05/2024,5,4,2025-03-08
Census Tract,39061008100,Black,06/2024,6,5.5,2025-03-08
Census Tract,39061008100,Black,07/2024,11,6.5,2025-03-08
Census Tract,39061008100,Black,08/2024,8,10.5,2025-03-08
Census Tract,39061008100,Black,09/2024,4,7.5,2025-03-08
Census Tract,39061008100,Black,10/2024,6,9,2025-03-08
Census Tract,39061008100,Black,11/2024,7,8.5,2025-03-08
Census Tract,39061008100,Black,12/2024,12,9,2025-03-08
Census Tract,39061008100,Black,01/2025,6,4.5,2025-03-08
Census Tract,39061008100,Black,02/2025,8,8,2025-03-08
Census Tract,39061008100,Black,03/2025,2,0,2025-03-08
Census Tract,39061008201,Black,01/2020,0,7.5,2025-03-08
Census Tract,39061008201,Black,02/2020,0,9,2025-03-08
Census Tract,39061008201,Black,03/2020,0,5,2025-03-08
Census Tract,39061008201,Black,04/2020,0,6,2025-03-08
Census Tract,39061008201,Black,05/2020,6,11,2025-03-08
Census Tract,39061008201,Black,06/2020,2,8,2025-03-08
Census Tract,39061008201,Black,07/2020,2,11,2025-03-08
Census Tract,39061008201,Black,08/2020,2,14,2025-03-08
Census Tract,39061008201,Black,09/2020,5,5.5,2025-03-08
Census Tract,39061008201,Black,10/2020,2,9.5,2025-03-08
Census Tract,39061008201,Black,11/2020,6,10,2025-03-08
Census Tract,39061008201,Black,12/2020,1,6.5,2025-03-08
Census Tract,39061008201,Black,01/2021,2,7.5,2025-03-08
Census Tract,39061008201,Black,02/2021,10,8.5,2025-03-08
Census Tract,39061008201,Black,03/2021,3,5,2025-03-08
Census Tract,39061008201,Black,04/2021,6,6,2025-03-08
Census Tract,39061008201,Black,05/2021,3,11,2025-03-08
Census Tract,39061008201,Black,06/2021,5,8,2025-03-08
Census Tract,39061008201,Black,07/2021,2,11,2025-03-08
Census Tract,39061008201,Black,08/2021,6,14,2025-03-08
Census Tract,39061008201,Black,09/2021,3,5.5,2025-03-08
Census Tract,39061008201,Black,10/2021,6,9.5,2025-03-08
Census Tract,39061008201,Black,11/2021,2,10,2025-03-08
Census Tract,39061008201,Black,12/2021,2,6.5,2025-03-08
Census Tract,39061008201,Black,01/2022,2,7.5,2025-03-08
Census Tract,39061008201,Black,02/2022,2,8.5,2025-03-08
Census Tract,39061008201,Black,03/2022,5,5,2025-03-08
Census Tract,39061008201,Black,04/2022,6,6,2025-03-08
Census Tract,39061008201,Black,05/2022,3,11,2025-03-08
Census Tract,39061008201,Black,06/2022,3,8,2025-03-08
Census Tract,39061008201,Black,07/2022,6,11,2025-03-08
Census Tract,39061008201,Black,08/2022,9,14,2025-03-08
Census Tract,39061008201,Black,09/2022,11,5.5,2025-03-08
Census Tract,39061008201,Black,10/2022,12,9.5,2025-03-08
Census Tract,39061008201,Black,11/2022,6,10,2025-03-08
Census Tract,39061008201,Black,12/2022,5,6.5,2025-03-08
Census Tract,39061008201,Black,01/2023,4,7.5,2025-03-08
Census Tract,39061008201,Black,02/2023,8,8.5,2025-03-08
Census Tract,39061008201,Black,03/2023,6,5,2025-03-08
Census Tract,39061008201,Black,04/2023,4,6,2025-03-08
Census Tract,39061008201,Black,05/2023,7,11,2025-03-08
Census Tract,39061008201,Black,06/2023,12,8,2025-03-08
Census Tract,39061008201,Black,07/2023,8,11,2025-03-08
Census Tract,39061008201,Black,08/2023,10,14,2025-03-08
Census Tract,39061008201,Black,09/2023,6,5.5,2025-03-08
Census Tract,39061008201,Black,10/2023,10,9.5,2025-03-08
Census Tract,39061008201,Black,11/2023,9,10,2025-03-08
Census Tract,39061008201,Black,12/2023,3,6.5,2025-03-08
Census Tract,39061008201,Black,01/2024,11,7.5,2025-03-08
Census Tract,39061008201,Black,02/2024,10,9,2025-03-08
Census Tract,39061008201,Black,03/2024,4,5,2025-03-08
Census Tract,39061008201,Black,04/2024,8,6,2025-03-08
Census Tract,39061008201,Black,05/2024,15,11,2025-03-08
Census Tract,39061008201,Black,06/2024,4,8,2025-03-08
Census Tract,39061008201,Black,07/2024,14,11,2025-03-08
Census Tract,39061008201,Black,08/2024,18,14,2025-03-08
Census Tract,39061008201,Black,09/2024,5,5.5,2025-03-08
Census Tract,39061008201,Black,10/2024,9,9.5,2025-03-08
Census Tract,39061008201,Black,11/2024,11,10,2025-03-08
Census Tract,39061008201,Black,12/2024,10,6.5,2025-03-08
Census Tract,39061008201,Black,01/2025,6,7.5,2025-03-08
Census Tract,39061008201,Black,02/2025,11,8.5,2025-03-08
Census Tract,39061008201,Black,03/2025,2,1,2025-03-08
Census Tract,39061008202,Black,01/2020,0,8,2025-03-08
Census Tract,39061008202,Black,02/2020,0,7,2025-03-08
Census Tract,39061008202,Black,03/2020,0,6.5,2025-03-08
Census Tract,39061008202,Black,04/2020,0,5,2025-03-08
Census Tract,39061008202,Black,05/2020,6,8,2025-03-08
Census Tract,39061008202,Black,06/2020,1,7,2025-03-08
Census Tract,39061008202,Black,07/2020,5,4,2025-03-08
Census Tract,39061008202,Black,08/2020,8,6.5,2025-03-08
Census Tract,39061008202,Black,09/2020,7,6.5,2025-03-08
Census Tract,39061008202,Black,10/2020,5,8,2025-03-08
Census Tract,39061008202,Black,11/2020,4,5.5,2025-03-08
Census Tract,39061008202,Black,12/2020,5,8,2025-03-08
Census Tract,39061008202,Black,01/2021,7,8,2025-03-08
Census Tract,39061008202,Black,02/2021,4,6,2025-03-08
Census Tract,39061008202,Black,03/2021,4,6.5,2025-03-08
Census Tract,39061008202,Black,04/2021,7,5,2025-03-08
Census Tract,39061008202,Black,05/2021,4,8,2025-03-08
Census Tract,39061008202,Black,06/2021,7,7,2025-03-08
Census Tract,39061008202,Black,07/2021,12,4,2025-03-08
Census Tract,39061008202,Black,08/2021,12,6.5,2025-03-08
Census Tract,39061008202,Black,09/2021,4,6.5,2025-03-08
Census Tract,39061008202,Black,10/2021,14,8,2025-03-08
Census Tract,39061008202,Black,11/2021,4,5.5,2025-03-08
Census Tract,39061008202,Black,12/2021,2,8,2025-03-08
Census Tract,39061008202,Black,01/2022,11,8,2025-03-08
Census Tract,39061008202,Black,02/2022,5,6,2025-03-08
Census Tract,39061008202,Black,03/2022,10,6.5,2025-03-08
Census Tract,39061008202,Black,04/2022,9,5,2025-03-08
Census Tract,39061008202,Black,05/2022,12,8,2025-03-08
Census Tract,39061008202,Black,06/2022,6,7,2025-03-08
Census Tract,39061008202,Black,07/2022,4,4,2025-03-08
Census Tract,39061008202,Black,08/2022,14,6.5,2025-03-08
Census Tract,39061008202,Black,09/2022,14,6.5,2025-03-08
Census Tract,39061008202,Black,10/2022,9,8,2025-03-08
Census Tract,39061008202,Black,11/2022,10,5.5,2025-03-08
Census Tract,39061008202,Black,12/2022,13,8,2025-03-08
Census Tract,39061008202,Black,01/2023,8,8,2025-03-08
Census Tract,39061008202,Black,02/2023,8,6,2025-03-08
Census Tract,39061008202,Black,03/2023,8,6.5,2025-03-08
Census Tract,39061008202,Black,04/2023,4,5,2025-03-08
Census Tract,39061008202,Black,05/2023,5,8,2025-03-08
Census Tract,39061008202,Black,06/2023,10,7,2025-03-08
Census Tract,39061008202,Black,07/2023,2,4,2025-03-08
Census Tract,39061008202,Black,08/2023,5,6.5,2025-03-08
Census Tract,39061008202,Black,09/2023,9,6.5,2025-03-08
Census Tract,39061008202,Black,10/2023,6,8,2025-03-08
Census Tract,39061008202,Black,11/2023,7,5.5,2025-03-08
Census Tract,39061008202,Black,12/2023,7,8,2025-03-08
Census Tract,39061008202,Black,01/2024,8,8,2025-03-08
Census Tract,39061008202,Black,02/2024,6,7,2025-03-08
Census Tract,39061008202,Black,03/2024,5,6.5,2025-03-08
Census Tract,39061008202,Black,04/2024,6,5,2025-03-08
Census Tract,39061008202,Black,05/2024,11,8,2025-03-08
Census Tract,39061008202,Black,06/2024,4,7,2025-03-08
Census Tract,39061008202,Black,07/2024,6,4,2025-03-08
Census Tract,39061008202,Black,08/2024,8,6.5,2025-03-08
Census Tract,39061008202,Black,09/2024,4,6.5,2025-03-08
Census Tract,39061008202,Black,10/2024,10,8,2025-03-08
Census Tract,39061008202,Black,11/2024,4,5.5,2025-03-08
Census Tract,39061008202,Black,12/2024,9,8,2025-03-08
Census Tract,39061008202,Black,01/2025,11,8,2025-03-08
Census Tract,39061008202,Black,02/2025,8,6,2025-03-08
Census Tract,39061008202,Black,03/2025,1,2.5,2025-03-08
Census Tract,39061008300,Black,01/2020,0,14,2025-03-08
Census Tract,39061008300,Black,02/2020,0,16,2025-03-08
Census Tract,39061008300,Black,03/2020,0,6.5,2025-03-08
Census Tract,39061008300,Black,04/2020,0,12,2025-03-08
Census Tract,39061008300,Black,05/2020,0,10,2025-03-08
Census Tract,39061008300,Black,06/2020,9,10.5,2025-03-08
Census Tract,39061008300,Black,07/2020,12,15,2025-03-08
Census Tract,39061008300,Black,08/2020,6,8.5,2025-03-08
Census Tract,39061008300,Black,09/2020,7,17,2025-03-08
Census Tract,39061008300,Black,10/2020,3,12,2025-03-08
Census Tract,39061008300,Black,11/2020,9,8.5,2025-03-08
Census Tract,39061008300,Black,12/2020,6,16.5,2025-03-08
Census Tract,39061008300,Black,01/2021,18,14,2025-03-08
Census Tract,39061008300,Black,02/2021,8,16,2025-03-08
Census Tract,39061008300,Black,03/2021,2,6.5,2025-03-08
Census Tract,39061008300,Black,04/2021,5,12,2025-03-08
Census Tract,39061008300,Black,05/2021,5,10,2025-03-08
Census Tract,39061008300,Black,06/2021,5,10.5,2025-03-08
Census Tract,39061008300,Black,07/2021,12,15,2025-03-08
Census Tract,39061008300,Black,08/2021,16,8.5,2025-03-08
Census Tract,39061008300,Black,09/2021,12,17,2025-03-08
Census Tract,39061008300,Black,10/2021,7,12,2025-03-08
Census Tract,39061008300,Black,11/2021,8,8.5,2025-03-08
Census Tract,39061008300,Black,12/2021,8,16.5,2025-03-08
Census Tract,39061008300,Black,01/2022,11,14,2025-03-08
Census Tract,39061008300,Black,02/2022,14,16,2025-03-08
Census Tract,39061008300,Black,03/2022,15,6.5,2025-03-08
Census Tract,39061008300,Black,04/2022,16,12,2025-03-08
Census Tract,39061008300,Black,05/2022,20,10,2025-03-08
Census Tract,39061008300,Black,06/2022,17,10.5,2025-03-08
Census Tract,39061008300,Black,07/2022,19,15,2025-03-08
Census Tract,39061008300,Black,08/2022,21,8.5,2025-03-08
Census Tract,39061008300,Black,09/2022,23,17,2025-03-08
Census Tract,39061008300,Black,10/2022,25,12,2025-03-08
Census Tract,39061008300,Black,11/2022,8,8.5,2025-03-08
Census Tract,39061008300,Black,12/2022,14,16.5,2025-03-08
Census Tract,39061008300,Black,01/2023,17,14,2025-03-08
Census Tract,39061008300,Black,02/2023,15,16,2025-03-08
Census Tract,39061008300,Black,03/2023,9,6.5,2025-03-08
Census Tract,39061008300,Black,04/2023,11,12,2025-03-08
Census Tract,39061008300,Black,05/2023,8,10,2025-03-08
Census Tract,39061008300,Black,06/2023,11,10.5,2025-03-08
Census Tract,39061008300,Black,07/2023,13,15,2025-03-08
Census Tract,39061008300,Black,08/2023,9,8.5,2025-03-08
Census Tract,39061008300,Black,09/2023,14,17,2025-03-08
Census Tract,39061008300,Black,10/2023,10,12,2025-03-08
Census Tract,39061008300,Black,11/2023,10,8.5,2025-03-08
Census Tract,39061008300,Black,12/2023,16,16.5,2025-03-08
Census Tract,39061008300,Black,01/2024,11,14,2025-03-08
Census Tract,39061008300,Black,02/2024,17,16,2025-03-08
Census Tract,39061008300,Black,03/2024,4,6.5,2025-03-08
Census Tract,39061008300,Black,04/2024,13,12,2025-03-08
Census Tract,39061008300,Black,05/2024,12,10,2025-03-08
Census Tract,39061008300,Black,06/2024,10,10.5,2025-03-08
Census Tract,39061008300,Black,07/2024,17,15,2025-03-08
Census Tract,39061008300,Black,08/2024,8,8.5,2025-03-08
Census Tract,39061008300,Black,09/2024,20,17,2025-03-08
Census Tract,39061008300,Black,10/2024,14,12,2025-03-08
Census Tract,39061008300,Black,11/2024,7,8.5,2025-03-08
Census Tract,39061008300,Black,12/2024,17,16.5,2025-03-08
Census Tract,39061008300,Black,01/2025,16,14,2025-03-08
Census Tract,39061008300,Black,02/2025,12,16,2025-03-08
Census Tract,39061008300,Black,03/2025,0,0,2025-03-08
Census Tract,39061008400,Other,01/2020,0,1,2025-03-08
Census Tract,39061008400,Other,02/2020,0,1.5,2025-03-08
Census Tract,39061008400,Other,03/2020,0,3,2025-03-08
Census Tract,39061008400,Other,04/2020,0,0.5,2025-03-08
Census Tract,39061008400,Other,05/2020,2,3,2025-03-08
Census Tract,39061008400,Other,06/2020,0,2.5,2025-03-08
Census Tract,39061008400,Other,07/2020,0,3,2025-03-08
Census Tract,39061008400,Other,08/2020,0,0.5,2025-03-08
Census Tract,39061008400,Other,09/2020,1,0,2025-03-08
Census Tract,39061008400,Other,10/2020,0,1.5,2025-03-08
Census Tract,39061008400,Other,11/2020,2,2,2025-03-08
Census Tract,39061008400,Other,12/2020,0,1,2025-03-08
Census Tract,39061008400,Other,01/2021,0,1,2025-03-08
Census Tract,39061008400,Other,02/2021,2,1.5,2025-03-08
Census Tract,39061008400,Other,03/2021,0,3,2025-03-08
Census Tract,39061008400,Other,04/2021,1,0.5,2025-03-08
Census Tract,39061008400,Other,05/2021,0,3,2025-03-08
Census Tract,39061008400,Other,06/2021,1,2.5,2025-03-08
Census Tract,39061008400,Other,07/2021,0,3,2025-03-08
Census Tract,39061008400,Other,08/2021,1,0.5,2025-03-08
Census Tract,39061008400,Other,09/2021,0,0,2025-03-08
Census Tract,39061008400,Other,10/2021,0,1.5,2025-03-08
Census Tract,39061008400,Other,11/2021,1,2,2025-03-08
Census Tract,39061008400,Other,12/2021,2,1,2025-03-08
Census Tract,39061008400,Other,01/2022,10,1,2025-03-08
Census Tract,39061008400,Other,02/2022,3,1.5,2025-03-08
Census Tract,39061008400,Other,03/2022,3,3,2025-03-08
Census Tract,39061008400,Other,04/2022,0,0.5,2025-03-08
Census Tract,39061008400,Other,05/2022,2,3,2025-03-08
Census Tract,39061008400,Other,06/2022,1,2.5,2025-03-08
Census Tract,39061008400,Other,07/2022,0,3,2025-03-08
Census Tract,39061008400,Other,08/2022,2,0.5,2025-03-08
Census Tract,39061008400,Other,09/2022,0,0,2025-03-08
Census Tract,39061008400,Other,10/2022,2,1.5,2025-03-08
Census Tract,39061008400,Other,11/2022,4,2,2025-03-08
Census Tract,39061008400,Other,12/2022,1,1,2025-03-08
Census Tract,39061008400,Other,01/2023,2,1,2025-03-08
Census Tract,39061008400,Other,02/2023,1,1.5,2025-03-08
Census Tract,39061008400,Other,03/2023,0,3,2025-03-08
Census Tract,39061008400,Other,04/2023,0,0.5,2025-03-08
Census Tract,39061008400,Other,05/2023,0,3,2025-03-08
Census Tract,39061008400,Other,06/2023,3,2.5,2025-03-08
Census Tract,39061008400,Other,07/2023,2,3,2025-03-08
Census Tract,39061008400,Other,08/2023,1,0.5,2025-03-08
Census Tract,39061008400,Other,09/2023,0,0,2025-03-08
Census Tract,39061008400,Other,10/2023,1,1.5,2025-03-08
Census Tract,39061008400,Other,11/2023,1,2,2025-03-08
Census Tract,39061008400,Other,12/2023,0,1,2025-03-08
Census Tract,39061008400,Other,01/2024,0,1,2025-03-08
Census Tract,39061008400,Other,02/2024,2,1.5,2025-03-08
Census Tract,39061008400,Other,03/2024,6,3,2025-03-08
Census Tract,39061008400,Other,04/2024,1,0.5,2025-03-08
Census Tract,39061008400,Other,05/2024,6,3,2025-03-08
Census Tract,39061008400,Other,06/2024,2,2.5,2025-03-08
Census Tract,39061008400,Other,07/2024,4,3,2025-03-08
Census Tract,39061008400,Other,08/2024,0,0.5,2025-03-08
Census Tract,39061008400,Other,09/2024,0,0,2025-03-08
Census Tract,39061008400,Other,10/2024,2,1.5,2025-03-08
Census Tract,39061008400,Other,11/2024,3,2,2025-03-08
Census Tract,39061008400,Other,12/2024,2,1,2025-03-08
Census Tract,39061008400,Other,01/2025,1,1,2025-03-08
Census Tract,39061008400,Other,02/2025,1,1.5,2025-03-08
Census Tract,39061008400,Other,03/2025,0,0,2025-03-08
Census Tract,39061008501,Black,01/2020,0,52.5,2025-03-08
Census Tract,39061008501,Black,02/2020,0,59.5,2025-03-08
Census Tract,39061008501,Black,03/2020,0,38,2025-03-08
Census Tract,39061008501,Black,04/2020,0,37,2025-03-08
Census Tract,39061008501,Black,05/2020,13,46,2025-03-08
Census Tract,39061008501,Black,06/2020,3,57,2025-03-08
Census Tract,39061008501,Black,07/2020,0,21.5,2025-03-08
Census Tract,39061008501,Black,08/2020,6,64.5,2025-03-08
Census Tract,39061008501,Black,09/2020,8,21.5,2025-03-08
Census Tract,39061008501,Black,10/2020,13,59,2025-03-08
Census Tract,39061008501,Black,11/2020,24,24,2025-03-08
Census Tract,39061008501,Black,12/2020,30,18,2025-03-08
Census Tract,39061008501,Black,01/2021,10,52.5,2025-03-08
Census Tract,39061008501,Black,02/2021,24,51.5,2025-03-08
Census Tract,39061008501,Black,03/2021,8,38,2025-03-08
Census Tract,39061008501,Black,04/2021,23,37,2025-03-08
Census Tract,39061008501,Black,05/2021,36,46,2025-03-08
Census Tract,39061008501,Black,06/2021,36,57,2025-03-08
Census Tract,39061008501,Black,07/2021,20,21.5,2025-03-08
Census Tract,39061008501,Black,08/2021,47,64.5,2025-03-08
Census Tract,39061008501,Black,09/2021,32,21.5,2025-03-08
Census Tract,39061008501,Black,10/2021,33,59,2025-03-08
Census Tract,39061008501,Black,11/2021,22,24,2025-03-08
Census Tract,39061008501,Black,12/2021,42,18,2025-03-08
Census Tract,39061008501,Black,01/2022,26,52.5,2025-03-08
Census Tract,39061008501,Black,02/2022,22,51.5,2025-03-08
Census Tract,39061008501,Black,03/2022,37,38,2025-03-08
Census Tract,39061008501,Black,04/2022,31,37,2025-03-08
Census Tract,39061008501,Black,05/2022,32,46,2025-03-08
Census Tract,39061008501,Black,06/2022,32,57,2025-03-08
Census Tract,39061008501,Black,07/2022,19,21.5,2025-03-08
Census Tract,39061008501,Black,08/2022,48,64.5,2025-03-08
Census Tract,39061008501,Black,09/2022,31,21.5,2025-03-08
Census Tract,39061008501,Black,10/2022,32,59,2025-03-08
Census Tract,39061008501,Black,11/2022,62,24,2025-03-08
Census Tract,39061008501,Black,12/2022,62,18,2025-03-08
Census Tract,39061008501,Black,01/2023,36,52.5,2025-03-08
Census Tract,39061008501,Black,02/2023,51,51.5,2025-03-08
Census Tract,39061008501,Black,03/2023,27,38,2025-03-08
Census Tract,39061008501,Black,04/2023,20,37,2025-03-08
Census Tract,39061008501,Black,05/2023,41,46,2025-03-08
Census Tract,39061008501,Black,06/2023,73,57,2025-03-08
Census Tract,39061008501,Black,07/2023,26,21.5,2025-03-08
Census Tract,39061008501,Black,08/2023,96,64.5,2025-03-08
Census Tract,39061008501,Black,09/2023,8,21.5,2025-03-08
Census Tract,39061008501,Black,10/2023,57,59,2025-03-08
Census Tract,39061008501,Black,11/2023,9,24,2025-03-08
Census Tract,39061008501,Black,12/2023,16,18,2025-03-08
Census Tract,39061008501,Black,01/2024,69,52.5,2025-03-08
Census Tract,39061008501,Black,02/2024,68,59.5,2025-03-08
Census Tract,39061008501,Black,03/2024,49,38,2025-03-08
Census Tract,39061008501,Black,04/2024,54,37,2025-03-08
Census Tract,39061008501,Black,05/2024,51,46,2025-03-08
Census Tract,39061008501,Black,06/2024,41,57,2025-03-08
Census Tract,39061008501,Black,07/2024,17,21.5,2025-03-08
Census Tract,39061008501,Black,08/2024,33,64.5,2025-03-08
Census Tract,39061008501,Black,09/2024,35,21.5,2025-03-08
Census Tract,39061008501,Black,10/2024,61,59,2025-03-08
Census Tract,39061008501,Black,11/2024,39,24,2025-03-08
Census Tract,39061008501,Black,12/2024,20,18,2025-03-08
Census Tract,39061008501,Black,01/2025,29,52.5,2025-03-08
Census Tract,39061008501,Black,02/2025,20,51.5,2025-03-08
Census Tract,39061008501,Black,03/2025,7,1.5,2025-03-08
Census Tract,39061008502,Black,01/2020,0,7.5,2025-03-08
Census Tract,39061008502,Black,02/2020,0,5.5,2025-03-08
Census Tract,39061008502,Black,03/2020,0,5.5,2025-03-08
Census Tract,39061008502,Black,04/2020,0,1,2025-03-08
Census Tract,39061008502,Black,05/2020,0,5.5,2025-03-08
Census Tract,39061008502,Black,06/2020,10,4.5,2025-03-08
Census Tract,39061008502,Black,07/2020,0,13.5,2025-03-08
Census Tract,39061008502,Black,08/2020,0,3.5,2025-03-08
Census Tract,39061008502,Black,09/2020,23,8.5,2025-03-08
Census Tract,39061008502,Black,10/2020,1,7,2025-03-08
Census Tract,39061008502,Black,11/2020,4,1.5,2025-03-08
Census Tract,39061008502,Black,12/2020,3,12.5,2025-03-08
Census Tract,39061008502,Black,01/2021,18,7.5,2025-03-08
Census Tract,39061008502,Black,02/2021,0,5.5,2025-03-08
Census Tract,39061008502,Black,03/2021,1,5.5,2025-03-08
Census Tract,39061008502,Black,04/2021,10,1,2025-03-08
Census Tract,39061008502,Black,05/2021,9,5.5,2025-03-08
Census Tract,39061008502,Black,06/2021,13,4.5,2025-03-08
Census Tract,39061008502,Black,07/2021,0,13.5,2025-03-08
Census Tract,39061008502,Black,08/2021,3,3.5,2025-03-08
Census Tract,39061008502,Black,09/2021,12,8.5,2025-03-08
Census Tract,39061008502,Black,10/2021,5,7,2025-03-08
Census Tract,39061008502,Black,11/2021,3,1.5,2025-03-08
Census Tract,39061008502,Black,12/2021,6,12.5,2025-03-08
Census Tract,39061008502,Black,01/2022,2,7.5,2025-03-08
Census Tract,39061008502,Black,02/2022,4,5.5,2025-03-08
Census Tract,39061008502,Black,03/2022,7,5.5,2025-03-08
Census Tract,39061008502,Black,04/2022,5,1,2025-03-08
Census Tract,39061008502,Black,05/2022,0,5.5,2025-03-08
Census Tract,39061008502,Black,06/2022,3,4.5,2025-03-08
Census Tract,39061008502,Black,07/2022,11,13.5,2025-03-08
Census Tract,39061008502,Black,08/2022,0,3.5,2025-03-08
Census Tract,39061008502,Black,09/2022,7,8.5,2025-03-08
Census Tract,39061008502,Black,10/2022,9,7,2025-03-08
Census Tract,39061008502,Black,11/2022,4,1.5,2025-03-08
Census Tract,39061008502,Black,12/2022,3,12.5,2025-03-08
Census Tract,39061008502,Black,01/2023,7,7.5,2025-03-08
Census Tract,39061008502,Black,02/2023,1,5.5,2025-03-08
Census Tract,39061008502,Black,03/2023,6,5.5,2025-03-08
Census Tract,39061008502,Black,04/2023,1,1,2025-03-08
Census Tract,39061008502,Black,05/2023,0,5.5,2025-03-08
Census Tract,39061008502,Black,06/2023,1,4.5,2025-03-08
Census Tract,39061008502,Black,07/2023,15,13.5,2025-03-08
Census Tract,39061008502,Black,08/2023,7,3.5,2025-03-08
Census Tract,39061008502,Black,09/2023,0,8.5,2025-03-08
Census Tract,39061008502,Black,10/2023,9,7,2025-03-08
Census Tract,39061008502,Black,11/2023,3,1.5,2025-03-08
Census Tract,39061008502,Black,12/2023,10,12.5,2025-03-08
Census Tract,39061008502,Black,01/2024,8,7.5,2025-03-08
Census Tract,39061008502,Black,02/2024,10,5.5,2025-03-08
Census Tract,39061008502,Black,03/2024,5,5.5,2025-03-08
Census Tract,39061008502,Black,04/2024,1,1,2025-03-08
Census Tract,39061008502,Black,05/2024,11,5.5,2025-03-08
Census Tract,39061008502,Black,06/2024,8,4.5,2025-03-08
Census Tract,39061008502,Black,07/2024,12,13.5,2025-03-08
Census Tract,39061008502,Black,08/2024,0,3.5,2025-03-08
Census Tract,39061008502,Black,09/2024,17,8.5,2025-03-08
Census Tract,39061008502,Black,10/2024,5,7,2025-03-08
Census Tract,39061008502,Black,11/2024,0,1.5,2025-03-08
Census Tract,39061008502,Black,12/2024,15,12.5,2025-03-08
Census Tract,39061008502,Black,01/2025,0,7.5,2025-03-08
Census Tract,39061008502,Black,02/2025,0,5.5,2025-03-08
Census Tract,39061008502,Black,03/2025,7,0.5,2025-03-08
Census Tract,39061008601,Black,01/2020,0,15,2025-03-08
Census Tract,39061008601,Black,02/2020,0,7.5,2025-03-08
Census Tract,39061008601,Black,03/2020,0,6.5,2025-03-08
Census Tract,39061008601,Black,04/2020,0,6.5,2025-03-08
Census Tract,39061008601,Black,05/2020,2,5.5,2025-03-08
Census Tract,39061008601,Black,06/2020,2,4,2025-03-08
Census Tract,39061008601,Black,07/2020,2,4.5,2025-03-08
Census Tract,39061008601,Black,08/2020,1,1.5,2025-03-08
Census Tract,39061008601,Black,09/2020,3,21.5,2025-03-08
Census Tract,39061008601,Black,10/2020,4,6.5,2025-03-08
Census Tract,39061008601,Black,11/2020,3,3,2025-03-08
Census Tract,39061008601,Black,12/2020,1,4.5,2025-03-08
Census Tract,39061008601,Black,01/2021,5,15,2025-03-08
Census Tract,39061008601,Black,02/2021,6,7.5,2025-03-08
Census Tract,39061008601,Black,03/2021,3,6.5,2025-03-08
Census Tract,39061008601,Black,04/2021,4,6.5,2025-03-08
Census Tract,39061008601,Black,05/2021,3,5.5,2025-03-08
Census Tract,39061008601,Black,06/2021,4,4,2025-03-08
Census Tract,39061008601,Black,07/2021,3,4.5,2025-03-08
Census Tract,39061008601,Black,08/2021,4,1.5,2025-03-08
Census Tract,39061008601,Black,09/2021,8,21.5,2025-03-08
Census Tract,39061008601,Black,10/2021,2,6.5,2025-03-08
Census Tract,39061008601,Black,11/2021,7,3,2025-03-08
Census Tract,39061008601,Black,12/2021,1,4.5,2025-03-08
Census Tract,39061008601,Black,01/2022,11,15,2025-03-08
Census Tract,39061008601,Black,02/2022,4,7.5,2025-03-08
Census Tract,39061008601,Black,03/2022,3,6.5,2025-03-08
Census Tract,39061008601,Black,04/2022,4,6.5,2025-03-08
Census Tract,39061008601,Black,05/2022,5,5.5,2025-03-08
Census Tract,39061008601,Black,06/2022,8,4,2025-03-08
Census Tract,39061008601,Black,07/2022,5,4.5,2025-03-08
Census Tract,39061008601,Black,08/2022,11,1.5,2025-03-08
Census Tract,39061008601,Black,09/2022,6,21.5,2025-03-08
Census Tract,39061008601,Black,10/2022,2,6.5,2025-03-08
Census Tract,39061008601,Black,11/2022,6,3,2025-03-08
Census Tract,39061008601,Black,12/2022,8,4.5,2025-03-08
Census Tract,39061008601,Black,01/2023,23,15,2025-03-08
Census Tract,39061008601,Black,02/2023,6,7.5,2025-03-08
Census Tract,39061008601,Black,03/2023,3,6.5,2025-03-08
Census Tract,39061008601,Black,04/2023,2,6.5,2025-03-08
Census Tract,39061008601,Black,05/2023,8,5.5,2025-03-08
Census Tract,39061008601,Black,06/2023,8,4,2025-03-08
Census Tract,39061008601,Black,07/2023,3,4.5,2025-03-08
Census Tract,39061008601,Black,08/2023,1,1.5,2025-03-08
Census Tract,39061008601,Black,09/2023,36,21.5,2025-03-08
Census Tract,39061008601,Black,10/2023,8,6.5,2025-03-08
Census Tract,39061008601,Black,11/2023,2,3,2025-03-08
Census Tract,39061008601,Black,12/2023,4,4.5,2025-03-08
Census Tract,39061008601,Black,01/2024,7,15,2025-03-08
Census Tract,39061008601,Black,02/2024,9,7.5,2025-03-08
Census Tract,39061008601,Black,03/2024,10,6.5,2025-03-08
Census Tract,39061008601,Black,04/2024,11,6.5,2025-03-08
Census Tract,39061008601,Black,05/2024,3,5.5,2025-03-08
Census Tract,39061008601,Black,06/2024,0,4,2025-03-08
Census Tract,39061008601,Black,07/2024,6,4.5,2025-03-08
Census Tract,39061008601,Black,08/2024,2,1.5,2025-03-08
Census Tract,39061008601,Black,09/2024,7,21.5,2025-03-08
Census Tract,39061008601,Black,10/2024,5,6.5,2025-03-08
Census Tract,39061008601,Black,11/2024,4,3,2025-03-08
Census Tract,39061008601,Black,12/2024,5,4.5,2025-03-08
Census Tract,39061008601,Black,01/2025,3,15,2025-03-08
Census Tract,39061008601,Black,02/2025,3,7.5,2025-03-08
Census Tract,39061008601,Black,03/2025,1,1.5,2025-03-08
Census Tract,39061008800,Black,01/2020,0,13,2025-03-08
Census Tract,39061008800,Black,02/2020,0,15,2025-03-08
Census Tract,39061008800,Black,03/2020,0,15.5,2025-03-08
Census Tract,39061008800,Black,04/2020,0,12.5,2025-03-08
Census Tract,39061008800,Black,05/2020,5,18,2025-03-08
Census Tract,39061008800,Black,06/2020,3,12.5,2025-03-08
Census Tract,39061008800,Black,07/2020,5,20.5,2025-03-08
Census Tract,39061008800,Black,08/2020,9,18.5,2025-03-08
Census Tract,39061008800,Black,09/2020,15,18,2025-03-08
Census Tract,39061008800,Black,10/2020,15,10,2025-03-08
Census Tract,39061008800,Black,11/2020,14,11.5,2025-03-08
Census Tract,39061008800,Black,12/2020,11,15.5,2025-03-08
Census Tract,39061008800,Black,01/2021,17,13,2025-03-08
Census Tract,39061008800,Black,02/2021,17,15,2025-03-08
Census Tract,39061008800,Black,03/2021,11,15.5,2025-03-08
Census Tract,39061008800,Black,04/2021,10,12.5,2025-03-08
Census Tract,39061008800,Black,05/2021,3,18,2025-03-08
Census Tract,39061008800,Black,06/2021,3,12.5,2025-03-08
Census Tract,39061008800,Black,07/2021,22,20.5,2025-03-08
Census Tract,39061008800,Black,08/2021,13,18.5,2025-03-08
Census Tract,39061008800,Black,09/2021,22,18,2025-03-08
Census Tract,39061008800,Black,10/2021,8,10,2025-03-08
Census Tract,39061008800,Black,11/2021,3,11.5,2025-03-08
Census Tract,39061008800,Black,12/2021,5,15.5,2025-03-08
Census Tract,39061008800,Black,01/2022,26,13,2025-03-08
Census Tract,39061008800,Black,02/2022,13,15,2025-03-08
Census Tract,39061008800,Black,03/2022,8,15.5,2025-03-08
Census Tract,39061008800,Black,04/2022,15,12.5,2025-03-08
Census Tract,39061008800,Black,05/2022,21,18,2025-03-08
Census Tract,39061008800,Black,06/2022,18,12.5,2025-03-08
Census Tract,39061008800,Black,07/2022,13,20.5,2025-03-08
Census Tract,39061008800,Black,08/2022,28,18.5,2025-03-08
Census Tract,39061008800,Black,09/2022,18,18,2025-03-08
Census Tract,39061008800,Black,10/2022,14,10,2025-03-08
Census Tract,39061008800,Black,11/2022,18,11.5,2025-03-08
Census Tract,39061008800,Black,12/2022,34,15.5,2025-03-08
Census Tract,39061008800,Black,01/2023,13,13,2025-03-08
Census Tract,39061008800,Black,02/2023,12,15,2025-03-08
Census Tract,39061008800,Black,03/2023,17,15.5,2025-03-08
Census Tract,39061008800,Black,04/2023,16,12.5,2025-03-08
Census Tract,39061008800,Black,05/2023,16,18,2025-03-08
Census Tract,39061008800,Black,06/2023,12,12.5,2025-03-08
Census Tract,39061008800,Black,07/2023,23,20.5,2025-03-08
Census Tract,39061008800,Black,08/2023,15,18.5,2025-03-08
Census Tract,39061008800,Black,09/2023,19,18,2025-03-08
Census Tract,39061008800,Black,10/2023,15,10,2025-03-08
Census Tract,39061008800,Black,11/2023,18,11.5,2025-03-08
Census Tract,39061008800,Black,12/2023,13,15.5,2025-03-08
Census Tract,39061008800,Black,01/2024,13,13,2025-03-08
Census Tract,39061008800,Black,02/2024,18,15,2025-03-08
Census Tract,39061008800,Black,03/2024,14,15.5,2025-03-08
Census Tract,39061008800,Black,04/2024,9,12.5,2025-03-08
Census Tract,39061008800,Black,05/2024,20,18,2025-03-08
Census Tract,39061008800,Black,06/2024,13,12.5,2025-03-08
Census Tract,39061008800,Black,07/2024,18,20.5,2025-03-08
Census Tract,39061008800,Black,08/2024,22,18.5,2025-03-08
Census Tract,39061008800,Black,09/2024,17,18,2025-03-08
Census Tract,39061008800,Black,10/2024,5,10,2025-03-08
Census Tract,39061008800,Black,11/2024,5,11.5,2025-03-08
Census Tract,39061008800,Black,12/2024,18,15.5,2025-03-08
Census Tract,39061008800,Black,01/2025,14,13,2025-03-08
Census Tract,39061008800,Black,02/2025,12,15,2025-03-08
Census Tract,39061008800,Black,03/2025,2,1,2025-03-08
Census Tract,39061009200,Black,01/2020,0,13.5,2025-03-08
Census Tract,39061009200,Black,02/2020,0,14,2025-03-08
Census Tract,39061009200,Black,03/2020,0,12.5,2025-03-08
Census Tract,39061009200,Black,04/2020,0,10.5,2025-03-08
Census Tract,39061009200,Black,05/2020,8,26.5,2025-03-08
Census Tract,39061009200,Black,06/2020,1,20,2025-03-08
Census Tract,39061009200,Black,07/2020,8,15.5,2025-03-08
Census Tract,39061009200,Black,08/2020,16,16.5,2025-03-08
Census Tract,39061009200,Black,09/2020,7,14,2025-03-08
Census Tract,39061009200,Black,10/2020,4,19.5,2025-03-08
Census Tract,39061009200,Black,11/2020,5,8.5,2025-03-08
Census Tract,39061009200,Black,12/2020,15,14,2025-03-08
Census Tract,39061009200,Black,01/2021,18,13.5,2025-03-08
Census Tract,39061009200,Black,02/2021,9,14,2025-03-08
Census Tract,39061009200,Black,03/2021,5,12.5,2025-03-08
Census Tract,39061009200,Black,04/2021,3,10.5,2025-03-08
Census Tract,39061009200,Black,05/2021,11,26.5,2025-03-08
Census Tract,39061009200,Black,06/2021,15,20,2025-03-08
Census Tract,39061009200,Black,07/2021,10,15.5,2025-03-08
Census Tract,39061009200,Black,08/2021,20,16.5,2025-03-08
Census Tract,39061009200,Black,09/2021,16,14,2025-03-08
Census Tract,39061009200,Black,10/2021,17,19.5,2025-03-08
Census Tract,39061009200,Black,11/2021,5,8.5,2025-03-08
Census Tract,39061009200,Black,12/2021,7,14,2025-03-08
Census Tract,39061009200,Black,01/2022,7,13.5,2025-03-08
Census Tract,39061009200,Black,02/2022,7,14,2025-03-08
Census Tract,39061009200,Black,03/2022,12,12.5,2025-03-08
Census Tract,39061009200,Black,04/2022,5,10.5,2025-03-08
Census Tract,39061009200,Black,05/2022,20,26.5,2025-03-08
Census Tract,39061009200,Black,06/2022,18,20,2025-03-08
Census Tract,39061009200,Black,07/2022,13,15.5,2025-03-08
Census Tract,39061009200,Black,08/2022,19,16.5,2025-03-08
Census Tract,39061009200,Black,09/2022,20,14,2025-03-08
Census Tract,39061009200,Black,10/2022,21,19.5,2025-03-08
Census Tract,39061009200,Black,11/2022,25,8.5,2025-03-08
Census Tract,39061009200,Black,12/2022,30,14,2025-03-08
Census Tract,39061009200,Black,01/2023,14,13.5,2025-03-08
Census Tract,39061009200,Black,02/2023,17,14,2025-03-08
Census Tract,39061009200,Black,03/2023,13,12.5,2025-03-08
Census Tract,39061009200,Black,04/2023,9,10.5,2025-03-08
Census Tract,39061009200,Black,05/2023,21,26.5,2025-03-08
Census Tract,39061009200,Black,06/2023,16,20,2025-03-08
Census Tract,39061009200,Black,07/2023,16,15.5,2025-03-08
Census Tract,39061009200,Black,08/2023,11,16.5,2025-03-08
Census Tract,39061009200,Black,09/2023,14,14,2025-03-08
Census Tract,39061009200,Black,10/2023,26,19.5,2025-03-08
Census Tract,39061009200,Black,11/2023,7,8.5,2025-03-08
Census Tract,39061009200,Black,12/2023,15,14,2025-03-08
Census Tract,39061009200,Black,01/2024,13,13.5,2025-03-08
Census Tract,39061009200,Black,02/2024,11,14,2025-03-08
Census Tract,39061009200,Black,03/2024,12,12.5,2025-03-08
Census Tract,39061009200,Black,04/2024,12,10.5,2025-03-08
Census Tract,39061009200,Black,05/2024,32,26.5,2025-03-08
Census Tract,39061009200,Black,06/2024,24,20,2025-03-08
Census Tract,39061009200,Black,07/2024,15,15.5,2025-03-08
Census Tract,39061009200,Black,08/2024,22,16.5,2025-03-08
Census Tract,39061009200,Black,09/2024,14,14,2025-03-08
Census Tract,39061009200,Black,10/2024,13,19.5,2025-03-08
Census Tract,39061009200,Black,11/2024,10,8.5,2025-03-08
Census Tract,39061009200,Black,12/2024,13,14,2025-03-08
Census Tract,39061009200,Black,01/2025,21,13.5,2025-03-08
Census Tract,39061009200,Black,02/2025,10,14,2025-03-08
Census Tract,39061009200,Black,03/2025,2,3.5,2025-03-08
Census Tract,39061009300,Other,01/2020,0,7,2025-03-08
Census Tract,39061009300,Other,02/2020,0,2,2025-03-08
Census Tract,39061009300,Other,03/2020,0,5,2025-03-08
Census Tract,39061009300,Other,04/2020,0,6,2025-03-08
Census Tract,39061009300,Other,05/2020,1,6,2025-03-08
Census Tract,39061009300,Other,06/2020,2,5,2025-03-08
Census Tract,39061009300,Other,07/2020,7,5,2025-03-08
Census Tract,39061009300,Other,08/2020,3,5.5,2025-03-08
Census Tract,39061009300,Other,09/2020,7,12,2025-03-08
Census Tract,39061009300,Other,10/2020,9,5,2025-03-08
Census Tract,39061009300,Other,11/2020,3,2.5,2025-03-08
Census Tract,39061009300,Other,12/2020,2,4.5,2025-03-08
Census Tract,39061009300,Other,01/2021,2,7,2025-03-08
Census Tract,39061009300,Other,02/2021,1,2,2025-03-08
Census Tract,39061009300,Other,03/2021,3,5,2025-03-08
Census Tract,39061009300,Other,04/2021,3,6,2025-03-08
Census Tract,39061009300,Other,05/2021,3,6,2025-03-08
Census Tract,39061009300,Other,06/2021,7,5,2025-03-08
Census Tract,39061009300,Other,07/2021,7,5,2025-03-08
Census Tract,39061009300,Other,08/2021,5,5.5,2025-03-08
Census Tract,39061009300,Other,09/2021,8,12,2025-03-08
Census Tract,39061009300,Other,10/2021,4,5,2025-03-08
Census Tract,39061009300,Other,11/2021,2,2.5,2025-03-08
Census Tract,39061009300,Other,12/2021,6,4.5,2025-03-08
Census Tract,39061009300,Other,01/2022,4,7,2025-03-08
Census Tract,39061009300,Other,02/2022,4,2,2025-03-08
Census Tract,39061009300,Other,03/2022,5,5,2025-03-08
Census Tract,39061009300,Other,04/2022,2,6,2025-03-08
Census Tract,39061009300,Other,05/2022,5,6,2025-03-08
Census Tract,39061009300,Other,06/2022,5,5,2025-03-08
Census Tract,39061009300,Other,07/2022,6,5,2025-03-08
Census Tract,39061009300,Other,08/2022,5,5.5,2025-03-08
Census Tract,39061009300,Other,09/2022,6,12,2025-03-08
Census Tract,39061009300,Other,10/2022,7,5,2025-03-08
Census Tract,39061009300,Other,11/2022,3,2.5,2025-03-08
Census Tract,39061009300,Other,12/2022,12,4.5,2025-03-08
Census Tract,39061009300,Other,01/2023,7,7,2025-03-08
Census Tract,39061009300,Other,02/2023,4,2,2025-03-08
Census Tract,39061009300,Other,03/2023,7,5,2025-03-08
Census Tract,39061009300,Other,04/2023,6,6,2025-03-08
Census Tract,39061009300,Other,05/2023,8,6,2025-03-08
Census Tract,39061009300,Other,06/2023,4,5,2025-03-08
Census Tract,39061009300,Other,07/2023,3,5,2025-03-08
Census Tract,39061009300,Other,08/2023,5,5.5,2025-03-08
Census Tract,39061009300,Other,09/2023,12,12,2025-03-08
Census Tract,39061009300,Other,10/2023,3,5,2025-03-08
Census Tract,39061009300,Other,11/2023,2,2.5,2025-03-08
Census Tract,39061009300,Other,12/2023,3,4.5,2025-03-08
Census Tract,39061009300,Other,01/2024,7,7,2025-03-08
Census Tract,39061009300,Other,02/2024,0,2,2025-03-08
Census Tract,39061009300,Other,03/2024,3,5,2025-03-08
Census Tract,39061009300,Other,04/2024,6,6,2025-03-08
Census Tract,39061009300,Other,05/2024,4,6,2025-03-08
Census Tract,39061009300,Other,06/2024,6,5,2025-03-08
Census Tract,39061009300,Other,07/2024,7,5,2025-03-08
Census Tract,39061009300,Other,08/2024,6,5.5,2025-03-08
Census Tract,39061009300,Other,09/2024,12,12,2025-03-08
Census Tract,39061009300,Other,10/2024,7,5,2025-03-08
Census Tract,39061009300,Other,11/2024,3,2.5,2025-03-08
Census Tract,39061009300,Other,12/2024,6,4.5,2025-03-08
Census Tract,39061009300,Other,01/2025,6,7,2025-03-08
Census Tract,39061009300,Other,02/2025,7,2,2025-03-08
Census Tract,39061009300,Other,03/2025,0,1.5,2025-03-08
Census Tract,39061009400,Other,01/2020,0,4.5,2025-03-08
Census Tract,39061009400,Other,02/2020,0,4.5,2025-03-08
Census Tract,39061009400,Other,03/2020,0,4.5,2025-03-08
Census Tract,39061009400,Other,04/2020,0,2,2025-03-08
Census Tract,39061009400,Other,05/2020,1,4,2025-03-08
Census Tract,39061009400,Other,06/2020,3,3.5,2025-03-08
Census Tract,39061009400,Other,07/2020,3,8,2025-03-08
Census Tract,39061009400,Other,08/2020,1,4,2025-03-08
Census Tract,39061009400,Other,09/2020,5,4.5,2025-03-08
Census Tract,39061009400,Other,10/2020,3,3,2025-03-08
Census Tract,39061009400,Other,11/2020,5,4,2025-03-08
Census Tract,39061009400,Other,12/2020,8,3.5,2025-03-08
Census Tract,39061009400,Other,01/2021,0,4.5,2025-03-08
Census Tract,39061009400,Other,02/2021,2,4.5,2025-03-08
Census Tract,39061009400,Other,03/2021,2,4.5,2025-03-08
Census Tract,39061009400,Other,04/2021,1,2,2025-03-08
Census Tract,39061009400,Other,05/2021,2,4,2025-03-08
Census Tract,39061009400,Other,06/2021,5,3.5,2025-03-08
Census Tract,39061009400,Other,07/2021,1,8,2025-03-08
Census Tract,39061009400,Other,08/2021,4,4,2025-03-08
Census Tract,39061009400,Other,09/2021,3,4.5,2025-03-08
Census Tract,39061009400,Other,10/2021,4,3,2025-03-08
Census Tract,39061009400,Other,11/2021,11,4,2025-03-08
Census Tract,39061009400,Other,12/2021,3,3.5,2025-03-08
Census Tract,39061009400,Other,01/2022,6,4.5,2025-03-08
Census Tract,39061009400,Other,02/2022,0,4.5,2025-03-08
Census Tract,39061009400,Other,03/2022,1,4.5,2025-03-08
Census Tract,39061009400,Other,04/2022,2,2,2025-03-08
Census Tract,39061009400,Other,05/2022,5,4,2025-03-08
Census Tract,39061009400,Other,06/2022,3,3.5,2025-03-08
Census Tract,39061009400,Other,07/2022,10,8,2025-03-08
Census Tract,39061009400,Other,08/2022,10,4,2025-03-08
Census Tract,39061009400,Other,09/2022,5,4.5,2025-03-08
Census Tract,39061009400,Other,10/2022,5,3,2025-03-08
Census Tract,39061009400,Other,11/2022,2,4,2025-03-08
Census Tract,39061009400,Other,12/2022,5,3.5,2025-03-08
Census Tract,39061009400,Other,01/2023,6,4.5,2025-03-08
Census Tract,39061009400,Other,02/2023,6,4.5,2025-03-08
Census Tract,39061009400,Other,03/2023,3,4.5,2025-03-08
Census Tract,39061009400,Other,04/2023,1,2,2025-03-08
Census Tract,39061009400,Other,05/2023,3,4,2025-03-08
Census Tract,39061009400,Other,06/2023,4,3.5,2025-03-08
Census Tract,39061009400,Other,07/2023,6,8,2025-03-08
Census Tract,39061009400,Other,08/2023,6,4,2025-03-08
Census Tract,39061009400,Other,09/2023,4,4.5,2025-03-08
Census Tract,39061009400,Other,10/2023,4,3,2025-03-08
Census Tract,39061009400,Other,11/2023,4,4,2025-03-08
Census Tract,39061009400,Other,12/2023,3,3.5,2025-03-08
Census Tract,39061009400,Other,01/2024,3,4.5,2025-03-08
Census Tract,39061009400,Other,02/2024,3,4.5,2025-03-08
Census Tract,39061009400,Other,03/2024,6,4.5,2025-03-08
Census Tract,39061009400,Other,04/2024,3,2,2025-03-08
Census Tract,39061009400,Other,05/2024,5,4,2025-03-08
Census Tract,39061009400,Other,06/2024,3,3.5,2025-03-08
Census Tract,39061009400,Other,07/2024,10,8,2025-03-08
Census Tract,39061009400,Other,08/2024,2,4,2025-03-08
Census Tract,39061009400,Other,09/2024,5,4.5,2025-03-08
Census Tract,39061009400,Other,10/2024,2,3,2025-03-08
Census Tract,39061009400,Other,11/2024,4,4,2025-03-08
Census Tract,39061009400,Other,12/2024,4,3.5,2025-03-08
Census Tract,39061009400,Other,01/2025,5,4.5,2025-03-08
Census Tract,39061009400,Other,02/2025,3,4.5,2025-03-08
Census Tract,39061009400,Other,03/2025,0,1.5,2025-03-08
Census Tract,39061009500,Other,01/2020,0,4.5,2025-03-08
Census Tract,39061009500,Other,02/2020,0,5.5,2025-03-08
Census Tract,39061009500,Other,03/2020,0,4.5,2025-03-08
Census Tract,39061009500,Other,04/2020,0,3,2025-03-08
Census Tract,39061009500,Other,05/2020,0,3,2025-03-08
Census Tract,39061009500,Other,06/2020,4,3,2025-03-08
Census Tract,39061009500,Other,07/2020,3,3,2025-03-08
Census Tract,39061009500,Other,08/2020,1,4,2025-03-08
Census Tract,39061009500,Other,09/2020,2,2.5,2025-03-08
Census Tract,39061009500,Other,10/2020,2,4,2025-03-08
Census Tract,39061009500,Other,11/2020,0,3,2025-03-08
Census Tract,39061009500,Other,12/2020,1,4,2025-03-08
Census Tract,39061009500,Other,01/2021,0,4.5,2025-03-08
Census Tract,39061009500,Other,02/2021,2,5.5,2025-03-08
Census Tract,39061009500,Other,03/2021,0,4.5,2025-03-08
Census Tract,39061009500,Other,04/2021,2,3,2025-03-08
Census Tract,39061009500,Other,05/2021,2,3,2025-03-08
Census Tract,39061009500,Other,06/2021,2,3,2025-03-08
Census Tract,39061009500,Other,07/2021,2,3,2025-03-08
Census Tract,39061009500,Other,08/2021,3,4,2025-03-08
Census Tract,39061009500,Other,09/2021,3,2.5,2025-03-08
Census Tract,39061009500,Other,10/2021,2,4,2025-03-08
Census Tract,39061009500,Other,11/2021,4,3,2025-03-08
Census Tract,39061009500,Other,12/2021,1,4,2025-03-08
Census Tract,39061009500,Other,01/2022,1,4.5,2025-03-08
Census Tract,39061009500,Other,02/2022,2,5.5,2025-03-08
Census Tract,39061009500,Other,03/2022,5,4.5,2025-03-08
Census Tract,39061009500,Other,04/2022,1,3,2025-03-08
Census Tract,39061009500,Other,05/2022,4,3,2025-03-08
Census Tract,39061009500,Other,06/2022,4,3,2025-03-08
Census Tract,39061009500,Other,07/2022,1,3,2025-03-08
Census Tract,39061009500,Other,08/2022,7,4,2025-03-08
Census Tract,39061009500,Other,09/2022,9,2.5,2025-03-08
Census Tract,39061009500,Other,10/2022,1,4,2025-03-08
Census Tract,39061009500,Other,11/2022,4,3,2025-03-08
Census Tract,39061009500,Other,12/2022,9,4,2025-03-08
Census Tract,39061009500,Other,01/2023,2,4.5,2025-03-08
Census Tract,39061009500,Other,02/2023,6,5.5,2025-03-08
Census Tract,39061009500,Other,03/2023,3,4.5,2025-03-08
Census Tract,39061009500,Other,04/2023,2,3,2025-03-08
Census Tract,39061009500,Other,05/2023,3,3,2025-03-08
Census Tract,39061009500,Other,06/2023,3,3,2025-03-08
Census Tract,39061009500,Other,07/2023,5,3,2025-03-08
Census Tract,39061009500,Other,08/2023,4,4,2025-03-08
Census Tract,39061009500,Other,09/2023,4,2.5,2025-03-08
Census Tract,39061009500,Other,10/2023,4,4,2025-03-08
Census Tract,39061009500,Other,11/2023,4,3,2025-03-08
Census Tract,39061009500,Other,12/2023,3,4,2025-03-08
Census Tract,39061009500,Other,01/2024,7,4.5,2025-03-08
Census Tract,39061009500,Other,02/2024,5,5.5,2025-03-08
Census Tract,39061009500,Other,03/2024,6,4.5,2025-03-08
Census Tract,39061009500,Other,04/2024,4,3,2025-03-08
Census Tract,39061009500,Other,05/2024,3,3,2025-03-08
Census Tract,39061009500,Other,06/2024,3,3,2025-03-08
Census Tract,39061009500,Other,07/2024,1,3,2025-03-08
Census Tract,39061009500,Other,08/2024,4,4,2025-03-08
Census Tract,39061009500,Other,09/2024,1,2.5,2025-03-08
Census Tract,39061009500,Other,10/2024,4,4,2025-03-08
Census Tract,39061009500,Other,11/2024,2,3,2025-03-08
Census Tract,39061009500,Other,12/2024,5,4,2025-03-08
Census Tract,39061009500,Other,01/2025,2,4.5,2025-03-08
Census Tract,39061009500,Other,02/2025,3,5.5,2025-03-08
Census Tract,39061009500,Other,03/2025,0,1,2025-03-08
Census Tract,39061009600,Other,01/2020,0,10,2025-03-08
Census Tract,39061009600,Other,02/2020,0,14,2025-03-08
Census Tract,39061009600,Other,03/2020,0,12,2025-03-08
Census Tract,39061009600,Other,04/2020,0,8.5,2025-03-08
Census Tract,39061009600,Other,05/2020,3,7.5,2025-03-08
Census Tract,39061009600,Other,06/2020,3,9.5,2025-03-08
Census Tract,39061009600,Other,07/2020,1,8.5,2025-03-08
Census Tract,39061009600,Other,08/2020,4,9.5,2025-03-08
Census Tract,39061009600,Other,09/2020,9,7.5,2025-03-08
Census Tract,39061009600,Other,10/2020,4,8.5,2025-03-08
Census Tract,39061009600,Other,11/2020,4,3.5,2025-03-08
Census Tract,39061009600,Other,12/2020,6,7,2025-03-08
Census Tract,39061009600,Other,01/2021,6,10,2025-03-08
Census Tract,39061009600,Other,02/2021,8,14,2025-03-08
Census Tract,39061009600,Other,03/2021,6,12,2025-03-08
Census Tract,39061009600,Other,04/2021,1,8.5,2025-03-08
Census Tract,39061009600,Other,05/2021,3,7.5,2025-03-08
Census Tract,39061009600,Other,06/2021,8,9.5,2025-03-08
Census Tract,39061009600,Other,07/2021,10,8.5,2025-03-08
Census Tract,39061009600,Other,08/2021,7,9.5,2025-03-08
Census Tract,39061009600,Other,09/2021,20,7.5,2025-03-08
Census Tract,39061009600,Other,10/2021,9,8.5,2025-03-08
Census Tract,39061009600,Other,11/2021,8,3.5,2025-03-08
Census Tract,39061009600,Other,12/2021,4,7,2025-03-08
Census Tract,39061009600,Other,01/2022,11,10,2025-03-08
Census Tract,39061009600,Other,02/2022,5,14,2025-03-08
Census Tract,39061009600,Other,03/2022,7,12,2025-03-08
Census Tract,39061009600,Other,04/2022,8,8.5,2025-03-08
Census Tract,39061009600,Other,05/2022,4,7.5,2025-03-08
Census Tract,39061009600,Other,06/2022,14,9.5,2025-03-08
Census Tract,39061009600,Other,07/2022,5,8.5,2025-03-08
Census Tract,39061009600,Other,08/2022,16,9.5,2025-03-08
Census Tract,39061009600,Other,09/2022,11,7.5,2025-03-08
Census Tract,39061009600,Other,10/2022,13,8.5,2025-03-08
Census Tract,39061009600,Other,11/2022,14,3.5,2025-03-08
Census Tract,39061009600,Other,12/2022,16,7,2025-03-08
Census Tract,39061009600,Other,01/2023,12,10,2025-03-08
Census Tract,39061009600,Other,02/2023,16,14,2025-03-08
Census Tract,39061009600,Other,03/2023,16,12,2025-03-08
Census Tract,39061009600,Other,04/2023,7,8.5,2025-03-08
Census Tract,39061009600,Other,05/2023,2,7.5,2025-03-08
Census Tract,39061009600,Other,06/2023,10,9.5,2025-03-08
Census Tract,39061009600,Other,07/2023,9,8.5,2025-03-08
Census Tract,39061009600,Other,08/2023,11,9.5,2025-03-08
Census Tract,39061009600,Other,09/2023,6,7.5,2025-03-08
Census Tract,39061009600,Other,10/2023,9,8.5,2025-03-08
Census Tract,39061009600,Other,11/2023,5,3.5,2025-03-08
Census Tract,39061009600,Other,12/2023,9,7,2025-03-08
Census Tract,39061009600,Other,01/2024,8,10,2025-03-08
Census Tract,39061009600,Other,02/2024,12,14,2025-03-08
Census Tract,39061009600,Other,03/2024,8,12,2025-03-08
Census Tract,39061009600,Other,04/2024,10,8.5,2025-03-08
Census Tract,39061009600,Other,05/2024,13,7.5,2025-03-08
Census Tract,39061009600,Other,06/2024,9,9.5,2025-03-08
Census Tract,39061009600,Other,07/2024,8,8.5,2025-03-08
Census Tract,39061009600,Other,08/2024,8,9.5,2025-03-08
Census Tract,39061009600,Other,09/2024,9,7.5,2025-03-08
Census Tract,39061009600,Other,10/2024,8,8.5,2025-03-08
Census Tract,39061009600,Other,11/2024,2,3.5,2025-03-08
Census Tract,39061009600,Other,12/2024,5,7,2025-03-08
Census Tract,39061009600,Other,01/2025,9,10,2025-03-08
Census Tract,39061009600,Other,02/2025,13,14,2025-03-08
Census Tract,39061009600,Other,03/2025,2,1.5,2025-03-08
Census Tract,39061009700,Other,01/2020,0,12,2025-03-08
Census Tract,39061009700,Other,02/2020,0,16.5,2025-03-08
Census Tract,39061009700,Other,03/2020,0,7.5,2025-03-08
Census Tract,39061009700,Other,04/2020,0,8.5,2025-03-08
Census Tract,39061009700,Other,05/2020,2,9.5,2025-03-08
Census Tract,39061009700,Other,06/2020,13,11.5,2025-03-08
Census Tract,39061009700,Other,07/2020,13,10.5,2025-03-08
Census Tract,39061009700,Other,08/2020,16,10.5,2025-03-08
Census Tract,39061009700,Other,09/2020,16,10.5,2025-03-08
Census Tract,39061009700,Other,10/2020,20,6.5,2025-03-08
Census Tract,39061009700,Other,11/2020,8,7.5,2025-03-08
Census Tract,39061009700,Other,12/2020,9,11.5,2025-03-08
Census Tract,39061009700,Other,01/2021,9,12,2025-03-08
Census Tract,39061009700,Other,02/2021,7,16.5,2025-03-08
Census Tract,39061009700,Other,03/2021,5,7.5,2025-03-08
Census Tract,39061009700,Other,04/2021,12,8.5,2025-03-08
Census Tract,39061009700,Other,05/2021,10,9.5,2025-03-08
Census Tract,39061009700,Other,06/2021,18,11.5,2025-03-08
Census Tract,39061009700,Other,07/2021,24,10.5,2025-03-08
Census Tract,39061009700,Other,08/2021,7,10.5,2025-03-08
Census Tract,39061009700,Other,09/2021,21,10.5,2025-03-08
Census Tract,39061009700,Other,10/2021,10,6.5,2025-03-08
Census Tract,39061009700,Other,11/2021,23,7.5,2025-03-08
Census Tract,39061009700,Other,12/2021,12,11.5,2025-03-08
Census Tract,39061009700,Other,01/2022,31,12,2025-03-08
Census Tract,39061009700,Other,02/2022,27,16.5,2025-03-08
Census Tract,39061009700,Other,03/2022,12,7.5,2025-03-08
Census Tract,39061009700,Other,04/2022,16,8.5,2025-03-08
Census Tract,39061009700,Other,05/2022,11,9.5,2025-03-08
Census Tract,39061009700,Other,06/2022,24,11.5,2025-03-08
Census Tract,39061009700,Other,07/2022,21,10.5,2025-03-08
Census Tract,39061009700,Other,08/2022,13,10.5,2025-03-08
Census Tract,39061009700,Other,09/2022,12,10.5,2025-03-08
Census Tract,39061009700,Other,10/2022,9,6.5,2025-03-08
Census Tract,39061009700,Other,11/2022,16,7.5,2025-03-08
Census Tract,39061009700,Other,12/2022,7,11.5,2025-03-08
Census Tract,39061009700,Other,01/2023,6,12,2025-03-08
Census Tract,39061009700,Other,02/2023,14,16.5,2025-03-08
Census Tract,39061009700,Other,03/2023,12,7.5,2025-03-08
Census Tract,39061009700,Other,04/2023,13,8.5,2025-03-08
Census Tract,39061009700,Other,05/2023,8,9.5,2025-03-08
Census Tract,39061009700,Other,06/2023,10,11.5,2025-03-08
Census Tract,39061009700,Other,07/2023,9,10.5,2025-03-08
Census Tract,39061009700,Other,08/2023,11,10.5,2025-03-08
Census Tract,39061009700,Other,09/2023,7,10.5,2025-03-08
Census Tract,39061009700,Other,10/2023,7,6.5,2025-03-08
Census Tract,39061009700,Other,11/2023,10,7.5,2025-03-08
Census Tract,39061009700,Other,12/2023,15,11.5,2025-03-08
Census Tract,39061009700,Other,01/2024,18,12,2025-03-08
Census Tract,39061009700,Other,02/2024,19,16.5,2025-03-08
Census Tract,39061009700,Other,03/2024,3,7.5,2025-03-08
Census Tract,39061009700,Other,04/2024,4,8.5,2025-03-08
Census Tract,39061009700,Other,05/2024,11,9.5,2025-03-08
Census Tract,39061009700,Other,06/2024,13,11.5,2025-03-08
Census Tract,39061009700,Other,07/2024,12,10.5,2025-03-08
Census Tract,39061009700,Other,08/2024,10,10.5,2025-03-08
Census Tract,39061009700,Other,09/2024,14,10.5,2025-03-08
Census Tract,39061009700,Other,10/2024,6,6.5,2025-03-08
Census Tract,39061009700,Other,11/2024,5,7.5,2025-03-08
Census Tract,39061009700,Other,12/2024,8,11.5,2025-03-08
Census Tract,39061009700,Other,01/2025,7,12,2025-03-08
Census Tract,39061009700,Other,02/2025,22,16.5,2025-03-08
Census Tract,39061009700,Other,03/2025,0,2.5,2025-03-08
Census Tract,39061009800,Black,01/2020,0,6.5,2025-03-08
Census Tract,39061009800,Black,02/2020,0,23,2025-03-08
Census Tract,39061009800,Black,03/2020,0,6,2025-03-08
Census Tract,39061009800,Black,04/2020,0,8.5,2025-03-08
Census Tract,39061009800,Black,05/2020,6,14.5,2025-03-08
Census Tract,39061009800,Black,06/2020,2,20,2025-03-08
Census Tract,39061009800,Black,07/2020,14,19,2025-03-08
Census Tract,39061009800,Black,08/2020,18,19.5,2025-03-08
Census Tract,39061009800,Black,09/2020,5,12.5,2025-03-08
Census Tract,39061009800,Black,10/2020,8,11.5,2025-03-08
Census Tract,39061009800,Black,11/2020,3,10,2025-03-08
Census Tract,39061009800,Black,12/2020,10,12,2025-03-08
Census Tract,39061009800,Black,01/2021,14,6.5,2025-03-08
Census Tract,39061009800,Black,02/2021,12,23,2025-03-08
Census Tract,39061009800,Black,03/2021,8,6,2025-03-08
Census Tract,39061009800,Black,04/2021,11,8.5,2025-03-08
Census Tract,39061009800,Black,05/2021,20,14.5,2025-03-08
Census Tract,39061009800,Black,06/2021,16,20,2025-03-08
Census Tract,39061009800,Black,07/2021,2,19,2025-03-08
Census Tract,39061009800,Black,08/2021,6,19.5,2025-03-08
Census Tract,39061009800,Black,09/2021,9,12.5,2025-03-08
Census Tract,39061009800,Black,10/2021,3,11.5,2025-03-08
Census Tract,39061009800,Black,11/2021,18,10,2025-03-08
Census Tract,39061009800,Black,12/2021,5,12,2025-03-08
Census Tract,39061009800,Black,01/2022,2,6.5,2025-03-08
Census Tract,39061009800,Black,02/2022,1,23,2025-03-08
Census Tract,39061009800,Black,03/2022,11,6,2025-03-08
Census Tract,39061009800,Black,04/2022,11,8.5,2025-03-08
Census Tract,39061009800,Black,05/2022,13,14.5,2025-03-08
Census Tract,39061009800,Black,06/2022,14,20,2025-03-08
Census Tract,39061009800,Black,07/2022,5,19,2025-03-08
Census Tract,39061009800,Black,08/2022,7,19.5,2025-03-08
Census Tract,39061009800,Black,09/2022,22,12.5,2025-03-08
Census Tract,39061009800,Black,10/2022,17,11.5,2025-03-08
Census Tract,39061009800,Black,11/2022,3,10,2025-03-08
Census Tract,39061009800,Black,12/2022,39,12,2025-03-08
Census Tract,39061009800,Black,01/2023,4,6.5,2025-03-08
Census Tract,39061009800,Black,02/2023,30,23,2025-03-08
Census Tract,39061009800,Black,03/2023,6,6,2025-03-08
Census Tract,39061009800,Black,04/2023,11,8.5,2025-03-08
Census Tract,39061009800,Black,05/2023,5,14.5,2025-03-08
Census Tract,39061009800,Black,06/2023,12,20,2025-03-08
Census Tract,39061009800,Black,07/2023,27,19,2025-03-08
Census Tract,39061009800,Black,08/2023,31,19.5,2025-03-08
Census Tract,39061009800,Black,09/2023,5,12.5,2025-03-08
Census Tract,39061009800,Black,10/2023,10,11.5,2025-03-08
Census Tract,39061009800,Black,11/2023,7,10,2025-03-08
Census Tract,39061009800,Black,12/2023,11,12,2025-03-08
Census Tract,39061009800,Black,01/2024,9,6.5,2025-03-08
Census Tract,39061009800,Black,02/2024,16,23,2025-03-08
Census Tract,39061009800,Black,03/2024,6,6,2025-03-08
Census Tract,39061009800,Black,04/2024,6,8.5,2025-03-08
Census Tract,39061009800,Black,05/2024,24,14.5,2025-03-08
Census Tract,39061009800,Black,06/2024,28,20,2025-03-08
Census Tract,39061009800,Black,07/2024,11,19,2025-03-08
Census Tract,39061009800,Black,08/2024,8,19.5,2025-03-08
Census Tract,39061009800,Black,09/2024,20,12.5,2025-03-08
Census Tract,39061009800,Black,10/2024,13,11.5,2025-03-08
Census Tract,39061009800,Black,11/2024,13,10,2025-03-08
Census Tract,39061009800,Black,12/2024,13,12,2025-03-08
Census Tract,39061009800,Black,01/2025,4,6.5,2025-03-08
Census Tract,39061009800,Black,02/2025,10,23,2025-03-08
Census Tract,39061009800,Black,03/2025,9,2,2025-03-08
Census Tract,39061009901,White,01/2020,0,4.5,2025-03-08
Census Tract,39061009901,White,02/2020,0,5.5,2025-03-08
Census Tract,39061009901,White,03/2020,0,4,2025-03-08
Census Tract,39061009901,White,04/2020,0,2.5,2025-03-08
Census Tract,39061009901,White,05/2020,1,5.5,2025-03-08
Census Tract,39061009901,White,06/2020,5,8,2025-03-08
Census Tract,39061009901,White,07/2020,1,3.5,2025-03-08
Census Tract,39061009901,White,08/2020,1,8,2025-03-08
Census Tract,39061009901,White,09/2020,2,6,2025-03-08
Census Tract,39061009901,White,10/2020,2,6,2025-03-08
Census Tract,39061009901,White,11/2020,1,2.5,2025-03-08
Census Tract,39061009901,White,12/2020,4,5.5,2025-03-08
Census Tract,39061009901,White,01/2021,2,4.5,2025-03-08
Census Tract,39061009901,White,02/2021,1,5.5,2025-03-08
Census Tract,39061009901,White,03/2021,3,4,2025-03-08
Census Tract,39061009901,White,04/2021,1,2.5,2025-03-08
Census Tract,39061009901,White,05/2021,2,5.5,2025-03-08
Census Tract,39061009901,White,06/2021,2,8,2025-03-08
Census Tract,39061009901,White,07/2021,6,3.5,2025-03-08
Census Tract,39061009901,White,08/2021,3,8,2025-03-08
Census Tract,39061009901,White,09/2021,2,6,2025-03-08
Census Tract,39061009901,White,10/2021,3,6,2025-03-08
Census Tract,39061009901,White,11/2021,3,2.5,2025-03-08
Census Tract,39061009901,White,12/2021,5,5.5,2025-03-08
Census Tract,39061009901,White,01/2022,1,4.5,2025-03-08
Census Tract,39061009901,White,02/2022,0,5.5,2025-03-08
Census Tract,39061009901,White,03/2022,3,4,2025-03-08
Census Tract,39061009901,White,04/2022,3,2.5,2025-03-08
Census Tract,39061009901,White,05/2022,9,5.5,2025-03-08
Census Tract,39061009901,White,06/2022,7,8,2025-03-08
Census Tract,39061009901,White,07/2022,6,3.5,2025-03-08
Census Tract,39061009901,White,08/2022,4,8,2025-03-08
Census Tract,39061009901,White,09/2022,4,6,2025-03-08
Census Tract,39061009901,White,10/2022,6,6,2025-03-08
Census Tract,39061009901,White,11/2022,2,2.5,2025-03-08
Census Tract,39061009901,White,12/2022,5,5.5,2025-03-08
Census Tract,39061009901,White,01/2023,4,4.5,2025-03-08
Census Tract,39061009901,White,02/2023,5,5.5,2025-03-08
Census Tract,39061009901,White,03/2023,4,4,2025-03-08
Census Tract,39061009901,White,04/2023,2,2.5,2025-03-08
Census Tract,39061009901,White,05/2023,0,5.5,2025-03-08
Census Tract,39061009901,White,06/2023,13,8,2025-03-08
Census Tract,39061009901,White,07/2023,3,3.5,2025-03-08
Census Tract,39061009901,White,08/2023,9,8,2025-03-08
Census Tract,39061009901,White,09/2023,3,6,2025-03-08
Census Tract,39061009901,White,10/2023,7,6,2025-03-08
Census Tract,39061009901,White,11/2023,2,2.5,2025-03-08
Census Tract,39061009901,White,12/2023,2,5.5,2025-03-08
Census Tract,39061009901,White,01/2024,5,4.5,2025-03-08
Census Tract,39061009901,White,02/2024,6,5.5,2025-03-08
Census Tract,39061009901,White,03/2024,4,4,2025-03-08
Census Tract,39061009901,White,04/2024,3,2.5,2025-03-08
Census Tract,39061009901,White,05/2024,11,5.5,2025-03-08
Census Tract,39061009901,White,06/2024,3,8,2025-03-08
Census Tract,39061009901,White,07/2024,4,3.5,2025-03-08
Census Tract,39061009901,White,08/2024,7,8,2025-03-08
Census Tract,39061009901,White,09/2024,9,6,2025-03-08
Census Tract,39061009901,White,10/2024,5,6,2025-03-08
Census Tract,39061009901,White,11/2024,3,2.5,2025-03-08
Census Tract,39061009901,White,12/2024,9,5.5,2025-03-08
Census Tract,39061009901,White,01/2025,4,4.5,2025-03-08
Census Tract,39061009901,White,02/2025,2,5.5,2025-03-08
Census Tract,39061009901,White,03/2025,1,1.5,2025-03-08
Census Tract,39061009902,White,01/2020,0,7,2025-03-08
Census Tract,39061009902,White,02/2020,0,9.5,2025-03-08
Census Tract,39061009902,White,03/2020,0,8,2025-03-08
Census Tract,39061009902,White,04/2020,0,4.5,2025-03-08
Census Tract,39061009902,White,05/2020,0,6.5,2025-03-08
Census Tract,39061009902,White,06/2020,0,12.5,2025-03-08
Census Tract,39061009902,White,07/2020,4,8.5,2025-03-08
Census Tract,39061009902,White,08/2020,3,6.5,2025-03-08
Census Tract,39061009902,White,09/2020,5,7,2025-03-08
Census Tract,39061009902,White,10/2020,4,10,2025-03-08
Census Tract,39061009902,White,11/2020,2,5,2025-03-08
Census Tract,39061009902,White,12/2020,7,5,2025-03-08
Census Tract,39061009902,White,01/2021,3,7,2025-03-08
Census Tract,39061009902,White,02/2021,5,9.5,2025-03-08
Census Tract,39061009902,White,03/2021,2,8,2025-03-08
Census Tract,39061009902,White,04/2021,2,4.5,2025-03-08
Census Tract,39061009902,White,05/2021,6,6.5,2025-03-08
Census Tract,39061009902,White,06/2021,8,12.5,2025-03-08
Census Tract,39061009902,White,07/2021,7,8.5,2025-03-08
Census Tract,39061009902,White,08/2021,1,6.5,2025-03-08
Census Tract,39061009902,White,09/2021,7,7,2025-03-08
Census Tract,39061009902,White,10/2021,6,10,2025-03-08
Census Tract,39061009902,White,11/2021,5,5,2025-03-08
Census Tract,39061009902,White,12/2021,6,5,2025-03-08
Census Tract,39061009902,White,01/2022,8,7,2025-03-08
Census Tract,39061009902,White,02/2022,5,9.5,2025-03-08
Census Tract,39061009902,White,03/2022,5,8,2025-03-08
Census Tract,39061009902,White,04/2022,7,4.5,2025-03-08
Census Tract,39061009902,White,05/2022,5,6.5,2025-03-08
Census Tract,39061009902,White,06/2022,8,12.5,2025-03-08
Census Tract,39061009902,White,07/2022,6,8.5,2025-03-08
Census Tract,39061009902,White,08/2022,5,6.5,2025-03-08
Census Tract,39061009902,White,09/2022,5,7,2025-03-08
Census Tract,39061009902,White,10/2022,3,10,2025-03-08
Census Tract,39061009902,White,11/2022,6,5,2025-03-08
Census Tract,39061009902,White,12/2022,15,5,2025-03-08
Census Tract,39061009902,White,01/2023,5,7,2025-03-08
Census Tract,39061009902,White,02/2023,8,9.5,2025-03-08
Census Tract,39061009902,White,03/2023,7,8,2025-03-08
Census Tract,39061009902,White,04/2023,6,4.5,2025-03-08
Census Tract,39061009902,White,05/2023,4,6.5,2025-03-08
Census Tract,39061009902,White,06/2023,14,12.5,2025-03-08
Census Tract,39061009902,White,07/2023,6,8.5,2025-03-08
Census Tract,39061009902,White,08/2023,6,6.5,2025-03-08
Census Tract,39061009902,White,09/2023,4,7,2025-03-08
Census Tract,39061009902,White,10/2023,14,10,2025-03-08
Census Tract,39061009902,White,11/2023,8,5,2025-03-08
Census Tract,39061009902,White,12/2023,6,5,2025-03-08
Census Tract,39061009902,White,01/2024,9,7,2025-03-08
Census Tract,39061009902,White,02/2024,11,9.5,2025-03-08
Census Tract,39061009902,White,03/2024,9,8,2025-03-08
Census Tract,39061009902,White,04/2024,3,4.5,2025-03-08
Census Tract,39061009902,White,05/2024,9,6.5,2025-03-08
Census Tract,39061009902,White,06/2024,11,12.5,2025-03-08
Census Tract,39061009902,White,07/2024,11,8.5,2025-03-08
Census Tract,39061009902,White,08/2024,7,6.5,2025-03-08
Census Tract,39061009902,White,09/2024,10,7,2025-03-08
Census Tract,39061009902,White,10/2024,6,10,2025-03-08
Census Tract,39061009902,White,11/2024,2,5,2025-03-08
Census Tract,39061009902,White,12/2024,4,5,2025-03-08
Census Tract,39061009902,White,01/2025,11,7,2025-03-08
Census Tract,39061009902,White,02/2025,7,9.5,2025-03-08
Census Tract,39061009902,White,03/2025,0,2,2025-03-08
Census Tract,39061010002,Black,01/2020,0,37,2025-03-08
Census Tract,39061010002,Black,02/2020,0,31.5,2025-03-08
Census Tract,39061010002,Black,03/2020,0,23,2025-03-08
Census Tract,39061010002,Black,04/2020,0,24.5,2025-03-08
Census Tract,39061010002,Black,05/2020,1,28,2025-03-08
Census Tract,39061010002,Black,06/2020,10,23,2025-03-08
Census Tract,39061010002,Black,07/2020,16,28,2025-03-08
Census Tract,39061010002,Black,08/2020,24,38,2025-03-08
Census Tract,39061010002,Black,09/2020,26,26,2025-03-08
Census Tract,39061010002,Black,10/2020,14,42,2025-03-08
Census Tract,39061010002,Black,11/2020,27,28,2025-03-08
Census Tract,39061010002,Black,12/2020,32,36.5,2025-03-08
Census Tract,39061010002,Black,01/2021,36,37,2025-03-08
Census Tract,39061010002,Black,02/2021,44,31.5,2025-03-08
Census Tract,39061010002,Black,03/2021,25,23,2025-03-08
Census Tract,39061010002,Black,04/2021,11,24.5,2025-03-08
Census Tract,39061010002,Black,05/2021,22,28,2025-03-08
Census Tract,39061010002,Black,06/2021,31,23,2025-03-08
Census Tract,39061010002,Black,07/2021,38,28,2025-03-08
Census Tract,39061010002,Black,08/2021,26,38,2025-03-08
Census Tract,39061010002,Black,09/2021,63,26,2025-03-08
Census Tract,39061010002,Black,10/2021,28,42,2025-03-08
Census Tract,39061010002,Black,11/2021,18,28,2025-03-08
Census Tract,39061010002,Black,12/2021,29,36.5,2025-03-08
Census Tract,39061010002,Black,01/2022,30,37,2025-03-08
Census Tract,39061010002,Black,02/2022,8,31.5,2025-03-08
Census Tract,39061010002,Black,03/2022,12,23,2025-03-08
Census Tract,39061010002,Black,04/2022,27,24.5,2025-03-08
Census Tract,39061010002,Black,05/2022,31,28,2025-03-08
Census Tract,39061010002,Black,06/2022,61,23,2025-03-08
Census Tract,39061010002,Black,07/2022,22,28,2025-03-08
Census Tract,39061010002,Black,08/2022,61,38,2025-03-08
Census Tract,39061010002,Black,09/2022,39,26,2025-03-08
Census Tract,39061010002,Black,10/2022,15,42,2025-03-08
Census Tract,39061010002,Black,11/2022,72,28,2025-03-08
Census Tract,39061010002,Black,12/2022,51,36.5,2025-03-08
Census Tract,39061010002,Black,01/2023,29,37,2025-03-08
Census Tract,39061010002,Black,02/2023,37,31.5,2025-03-08
Census Tract,39061010002,Black,03/2023,18,23,2025-03-08
Census Tract,39061010002,Black,04/2023,25,24.5,2025-03-08
Census Tract,39061010002,Black,05/2023,20,28,2025-03-08
Census Tract,39061010002,Black,06/2023,19,23,2025-03-08
Census Tract,39061010002,Black,07/2023,26,28,2025-03-08
Census Tract,39061010002,Black,08/2023,37,38,2025-03-08
Census Tract,39061010002,Black,09/2023,28,26,2025-03-08
Census Tract,39061010002,Black,10/2023,42,42,2025-03-08
Census Tract,39061010002,Black,11/2023,36,28,2025-03-08
Census Tract,39061010002,Black,12/2023,30,36.5,2025-03-08
Census Tract,39061010002,Black,01/2024,45,37,2025-03-08
Census Tract,39061010002,Black,02/2024,26,31.5,2025-03-08
Census Tract,39061010002,Black,03/2024,28,23,2025-03-08
Census Tract,39061010002,Black,04/2024,24,24.5,2025-03-08
Census Tract,39061010002,Black,05/2024,36,28,2025-03-08
Census Tract,39061010002,Black,06/2024,27,23,2025-03-08
Census Tract,39061010002,Black,07/2024,30,28,2025-03-08
Census Tract,39061010002,Black,08/2024,39,38,2025-03-08
Census Tract,39061010002,Black,09/2024,24,26,2025-03-08
Census Tract,39061010002,Black,10/2024,42,42,2025-03-08
Census Tract,39061010002,Black,11/2024,20,28,2025-03-08
Census Tract,39061010002,Black,12/2024,43,36.5,2025-03-08
Census Tract,39061010002,Black,01/2025,21,37,2025-03-08
Census Tract,39061010002,Black,02/2025,24,31.5,2025-03-08
Census Tract,39061010002,Black,03/2025,1,1.5,2025-03-08
Census Tract,39061010003,Black,01/2020,0,16,2025-03-08
Census Tract,39061010003,Black,02/2020,0,8,2025-03-08
Census Tract,39061010003,Black,03/2020,0,4.5,2025-03-08
Census Tract,39061010003,Black,04/2020,0,13,2025-03-08
Census Tract,39061010003,Black,05/2020,2,21.5,2025-03-08
Census Tract,39061010003,Black,06/2020,1,14.5,2025-03-08
Census Tract,39061010003,Black,07/2020,1,13,2025-03-08
Census Tract,39061010003,Black,08/2020,8,21,2025-03-08
Census Tract,39061010003,Black,09/2020,10,18.5,2025-03-08
Census Tract,39061010003,Black,10/2020,5,17,2025-03-08
Census Tract,39061010003,Black,11/2020,5,14.5,2025-03-08
Census Tract,39061010003,Black,12/2020,4,14,2025-03-08
Census Tract,39061010003,Black,01/2021,11,16,2025-03-08
Census Tract,39061010003,Black,02/2021,13,8,2025-03-08
Census Tract,39061010003,Black,03/2021,4,4.5,2025-03-08
Census Tract,39061010003,Black,04/2021,3,13,2025-03-08
Census Tract,39061010003,Black,05/2021,1,21.5,2025-03-08
Census Tract,39061010003,Black,06/2021,5,14.5,2025-03-08
Census Tract,39061010003,Black,07/2021,9,13,2025-03-08
Census Tract,39061010003,Black,08/2021,0,21,2025-03-08
Census Tract,39061010003,Black,09/2021,10,18.5,2025-03-08
Census Tract,39061010003,Black,10/2021,14,17,2025-03-08
Census Tract,39061010003,Black,11/2021,19,14.5,2025-03-08
Census Tract,39061010003,Black,12/2021,11,14,2025-03-08
Census Tract,39061010003,Black,01/2022,9,16,2025-03-08
Census Tract,39061010003,Black,02/2022,2,8,2025-03-08
Census Tract,39061010003,Black,03/2022,17,4.5,2025-03-08
Census Tract,39061010003,Black,04/2022,3,13,2025-03-08
Census Tract,39061010003,Black,05/2022,4,21.5,2025-03-08
Census Tract,39061010003,Black,06/2022,17,14.5,2025-03-08
Census Tract,39061010003,Black,07/2022,22,13,2025-03-08
Census Tract,39061010003,Black,08/2022,18,21,2025-03-08
Census Tract,39061010003,Black,09/2022,8,18.5,2025-03-08
Census Tract,39061010003,Black,10/2022,6,17,2025-03-08
Census Tract,39061010003,Black,11/2022,19,14.5,2025-03-08
Census Tract,39061010003,Black,12/2022,25,14,2025-03-08
Census Tract,39061010003,Black,01/2023,18,16,2025-03-08
Census Tract,39061010003,Black,02/2023,7,8,2025-03-08
Census Tract,39061010003,Black,03/2023,5,4.5,2025-03-08
Census Tract,39061010003,Black,04/2023,10,13,2025-03-08
Census Tract,39061010003,Black,05/2023,25,21.5,2025-03-08
Census Tract,39061010003,Black,06/2023,16,14.5,2025-03-08
Census Tract,39061010003,Black,07/2023,6,13,2025-03-08
Census Tract,39061010003,Black,08/2023,21,21,2025-03-08
Census Tract,39061010003,Black,09/2023,15,18.5,2025-03-08
Census Tract,39061010003,Black,10/2023,18,17,2025-03-08
Census Tract,39061010003,Black,11/2023,17,14.5,2025-03-08
Census Tract,39061010003,Black,12/2023,8,14,2025-03-08
Census Tract,39061010003,Black,01/2024,14,16,2025-03-08
Census Tract,39061010003,Black,02/2024,9,8,2025-03-08
Census Tract,39061010003,Black,03/2024,4,4.5,2025-03-08
Census Tract,39061010003,Black,04/2024,16,13,2025-03-08
Census Tract,39061010003,Black,05/2024,18,21.5,2025-03-08
Census Tract,39061010003,Black,06/2024,13,14.5,2025-03-08
Census Tract,39061010003,Black,07/2024,20,13,2025-03-08
Census Tract,39061010003,Black,08/2024,21,21,2025-03-08
Census Tract,39061010003,Black,09/2024,22,18.5,2025-03-08
Census Tract,39061010003,Black,10/2024,16,17,2025-03-08
Census Tract,39061010003,Black,11/2024,12,14.5,2025-03-08
Census Tract,39061010003,Black,12/2024,20,14,2025-03-08
Census Tract,39061010003,Black,01/2025,12,16,2025-03-08
Census Tract,39061010003,Black,02/2025,15,8,2025-03-08
Census Tract,39061010003,Black,03/2025,1,1,2025-03-08
Census Tract,39061010004,Black,01/2020,0,12,2025-03-08
Census Tract,39061010004,Black,02/2020,0,25.5,2025-03-08
Census Tract,39061010004,Black,03/2020,0,22,2025-03-08
Census Tract,39061010004,Black,04/2020,0,20,2025-03-08
Census Tract,39061010004,Black,05/2020,1,21.5,2025-03-08
Census Tract,39061010004,Black,06/2020,3,29.5,2025-03-08
Census Tract,39061010004,Black,07/2020,3,17,2025-03-08
Census Tract,39061010004,Black,08/2020,12,30.5,2025-03-08
Census Tract,39061010004,Black,09/2020,23,14.5,2025-03-08
Census Tract,39061010004,Black,10/2020,12,26,2025-03-08
Census Tract,39061010004,Black,11/2020,2,29,2025-03-08
Census Tract,39061010004,Black,12/2020,15,20,2025-03-08
Census Tract,39061010004,Black,01/2021,7,12,2025-03-08
Census Tract,39061010004,Black,02/2021,10,25.5,2025-03-08
Census Tract,39061010004,Black,03/2021,6,22,2025-03-08
Census Tract,39061010004,Black,04/2021,7,20,2025-03-08
Census Tract,39061010004,Black,05/2021,10,21.5,2025-03-08
Census Tract,39061010004,Black,06/2021,21,29.5,2025-03-08
Census Tract,39061010004,Black,07/2021,7,17,2025-03-08
Census Tract,39061010004,Black,08/2021,17,30.5,2025-03-08
Census Tract,39061010004,Black,09/2021,20,14.5,2025-03-08
Census Tract,39061010004,Black,10/2021,19,26,2025-03-08
Census Tract,39061010004,Black,11/2021,4,29,2025-03-08
Census Tract,39061010004,Black,12/2021,20,20,2025-03-08
Census Tract,39061010004,Black,01/2022,24,12,2025-03-08
Census Tract,39061010004,Black,02/2022,16,25.5,2025-03-08
Census Tract,39061010004,Black,03/2022,19,22,2025-03-08
Census Tract,39061010004,Black,04/2022,16,20,2025-03-08
Census Tract,39061010004,Black,05/2022,19,21.5,2025-03-08
Census Tract,39061010004,Black,06/2022,17,29.5,2025-03-08
Census Tract,39061010004,Black,07/2022,15,17,2025-03-08
Census Tract,39061010004,Black,08/2022,11,30.5,2025-03-08
Census Tract,39061010004,Black,09/2022,31,14.5,2025-03-08
Census Tract,39061010004,Black,10/2022,22,26,2025-03-08
Census Tract,39061010004,Black,11/2022,15,29,2025-03-08
Census Tract,39061010004,Black,12/2022,30,20,2025-03-08
Census Tract,39061010004,Black,01/2023,17,12,2025-03-08
Census Tract,39061010004,Black,02/2023,27,25.5,2025-03-08
Census Tract,39061010004,Black,03/2023,25,22,2025-03-08
Census Tract,39061010004,Black,04/2023,21,20,2025-03-08
Census Tract,39061010004,Black,05/2023,14,21.5,2025-03-08
Census Tract,39061010004,Black,06/2023,28,29.5,2025-03-08
Census Tract,39061010004,Black,07/2023,6,17,2025-03-08
Census Tract,39061010004,Black,08/2023,36,30.5,2025-03-08
Census Tract,39061010004,Black,09/2023,20,14.5,2025-03-08
Census Tract,39061010004,Black,10/2023,35,26,2025-03-08
Census Tract,39061010004,Black,11/2023,31,29,2025-03-08
Census Tract,39061010004,Black,12/2023,16,20,2025-03-08
Census Tract,39061010004,Black,01/2024,7,12,2025-03-08
Census Tract,39061010004,Black,02/2024,24,25.5,2025-03-08
Census Tract,39061010004,Black,03/2024,19,22,2025-03-08
Census Tract,39061010004,Black,04/2024,19,20,2025-03-08
Census Tract,39061010004,Black,05/2024,29,21.5,2025-03-08
Census Tract,39061010004,Black,06/2024,31,29.5,2025-03-08
Census Tract,39061010004,Black,07/2024,28,17,2025-03-08
Census Tract,39061010004,Black,08/2024,25,30.5,2025-03-08
Census Tract,39061010004,Black,09/2024,9,14.5,2025-03-08
Census Tract,39061010004,Black,10/2024,17,26,2025-03-08
Census Tract,39061010004,Black,11/2024,27,29,2025-03-08
Census Tract,39061010004,Black,12/2024,24,20,2025-03-08
Census Tract,39061010004,Black,01/2025,19,12,2025-03-08
Census Tract,39061010004,Black,02/2025,4,25.5,2025-03-08
Census Tract,39061010004,Black,03/2025,0,2,2025-03-08
Census Tract,39061010005,White,01/2020,0,1.5,2025-03-08
Census Tract,39061010005,White,02/2020,0,1,2025-03-08
Census Tract,39061010005,White,03/2020,0,1.5,2025-03-08
Census Tract,39061010005,White,04/2020,0,3,2025-03-08
Census Tract,39061010005,White,05/2020,1,2,2025-03-08
Census Tract,39061010005,White,06/2020,0,5,2025-03-08
Census Tract,39061010005,White,07/2020,3,2,2025-03-08
Census Tract,39061010005,White,08/2020,1,4,2025-03-08
Census Tract,39061010005,White,09/2020,2,4,2025-03-08
Census Tract,39061010005,White,10/2020,1,2.5,2025-03-08
Census Tract,39061010005,White,11/2020,1,2,2025-03-08
Census Tract,39061010005,White,12/2020,0,3,2025-03-08
Census Tract,39061010005,White,01/2021,1,1.5,2025-03-08
Census Tract,39061010005,White,02/2021,1,1,2025-03-08
Census Tract,39061010005,White,03/2021,1,1.5,2025-03-08
Census Tract,39061010005,White,04/2021,1,3,2025-03-08
Census Tract,39061010005,White,05/2021,1,2,2025-03-08
Census Tract,39061010005,White,06/2021,0,5,2025-03-08
Census Tract,39061010005,White,07/2021,1,2,2025-03-08
Census Tract,39061010005,White,08/2021,1,4,2025-03-08
Census Tract,39061010005,White,09/2021,1,4,2025-03-08
Census Tract,39061010005,White,10/2021,1,2.5,2025-03-08
Census Tract,39061010005,White,11/2021,0,2,2025-03-08
Census Tract,39061010005,White,12/2021,1,3,2025-03-08
Census Tract,39061010005,White,01/2022,3,1.5,2025-03-08
Census Tract,39061010005,White,02/2022,0,1,2025-03-08
Census Tract,39061010005,White,03/2022,1,1.5,2025-03-08
Census Tract,39061010005,White,04/2022,0,3,2025-03-08
Census Tract,39061010005,White,05/2022,3,2,2025-03-08
Census Tract,39061010005,White,06/2022,2,5,2025-03-08
Census Tract,39061010005,White,07/2022,4,2,2025-03-08
Census Tract,39061010005,White,08/2022,4,4,2025-03-08
Census Tract,39061010005,White,09/2022,2,4,2025-03-08
Census Tract,39061010005,White,10/2022,1,2.5,2025-03-08
Census Tract,39061010005,White,11/2022,4,2,2025-03-08
Census Tract,39061010005,White,12/2022,3,3,2025-03-08
Census Tract,39061010005,White,01/2023,1,1.5,2025-03-08
Census Tract,39061010005,White,02/2023,1,1,2025-03-08
Census Tract,39061010005,White,03/2023,0,1.5,2025-03-08
Census Tract,39061010005,White,04/2023,3,3,2025-03-08
Census Tract,39061010005,White,05/2023,2,2,2025-03-08
Census Tract,39061010005,White,06/2023,7,5,2025-03-08
Census Tract,39061010005,White,07/2023,2,2,2025-03-08
Census Tract,39061010005,White,08/2023,2,4,2025-03-08
Census Tract,39061010005,White,09/2023,4,4,2025-03-08
Census Tract,39061010005,White,10/2023,5,2.5,2025-03-08
Census Tract,39061010005,White,11/2023,1,2,2025-03-08
Census Tract,39061010005,White,12/2023,3,3,2025-03-08
Census Tract,39061010005,White,01/2024,2,1.5,2025-03-08
Census Tract,39061010005,White,02/2024,1,1,2025-03-08
Census Tract,39061010005,White,03/2024,3,1.5,2025-03-08
Census Tract,39061010005,White,04/2024,3,3,2025-03-08
Census Tract,39061010005,White,05/2024,2,2,2025-03-08
Census Tract,39061010005,White,06/2024,3,5,2025-03-08
Census Tract,39061010005,White,07/2024,2,2,2025-03-08
Census Tract,39061010005,White,08/2024,6,4,2025-03-08
Census Tract,39061010005,White,09/2024,4,4,2025-03-08
Census Tract,39061010005,White,10/2024,0,2.5,2025-03-08
Census Tract,39061010005,White,11/2024,3,2,2025-03-08
Census Tract,39061010005,White,12/2024,3,3,2025-03-08
Census Tract,39061010005,White,01/2025,4,1.5,2025-03-08
Census Tract,39061010005,White,02/2025,4,1,2025-03-08
Census Tract,39061010005,White,03/2025,1,0.5,2025-03-08
Census Tract,39061010100,Black,01/2020,0,22,2025-03-08
Census Tract,39061010100,Black,02/2020,0,19,2025-03-08
Census Tract,39061010100,Black,03/2020,0,13.5,2025-03-08
Census Tract,39061010100,Black,04/2020,0,18.5,2025-03-08
Census Tract,39061010100,Black,05/2020,8,22,2025-03-08
Census Tract,39061010100,Black,06/2020,11,24.5,2025-03-08
Census Tract,39061010100,Black,07/2020,22,29.5,2025-03-08
Census Tract,39061010100,Black,08/2020,22,17.5,2025-03-08
Census Tract,39061010100,Black,09/2020,25,16,2025-03-08
Census Tract,39061010100,Black,10/2020,20,25.5,2025-03-08
Census Tract,39061010100,Black,11/2020,12,17,2025-03-08
Census Tract,39061010100,Black,12/2020,14,24,2025-03-08
Census Tract,39061010100,Black,01/2021,20,22,2025-03-08
Census Tract,39061010100,Black,02/2021,22,19,2025-03-08
Census Tract,39061010100,Black,03/2021,14,13.5,2025-03-08
Census Tract,39061010100,Black,04/2021,16,18.5,2025-03-08
Census Tract,39061010100,Black,05/2021,19,22,2025-03-08
Census Tract,39061010100,Black,06/2021,21,24.5,2025-03-08
Census Tract,39061010100,Black,07/2021,31,29.5,2025-03-08
Census Tract,39061010100,Black,08/2021,36,17.5,2025-03-08
Census Tract,39061010100,Black,09/2021,19,16,2025-03-08
Census Tract,39061010100,Black,10/2021,17,25.5,2025-03-08
Census Tract,39061010100,Black,11/2021,24,17,2025-03-08
Census Tract,39061010100,Black,12/2021,28,24,2025-03-08
Census Tract,39061010100,Black,01/2022,52,22,2025-03-08
Census Tract,39061010100,Black,02/2022,41,19,2025-03-08
Census Tract,39061010100,Black,03/2022,22,13.5,2025-03-08
Census Tract,39061010100,Black,04/2022,14,18.5,2025-03-08
Census Tract,39061010100,Black,05/2022,15,22,2025-03-08
Census Tract,39061010100,Black,06/2022,39,24.5,2025-03-08
Census Tract,39061010100,Black,07/2022,25,29.5,2025-03-08
Census Tract,39061010100,Black,08/2022,34,17.5,2025-03-08
Census Tract,39061010100,Black,09/2022,53,16,2025-03-08
Census Tract,39061010100,Black,10/2022,13,25.5,2025-03-08
Census Tract,39061010100,Black,11/2022,21,17,2025-03-08
Census Tract,39061010100,Black,12/2022,28,24,2025-03-08
Census Tract,39061010100,Black,01/2023,19,22,2025-03-08
Census Tract,39061010100,Black,02/2023,23,19,2025-03-08
Census Tract,39061010100,Black,03/2023,10,13.5,2025-03-08
Census Tract,39061010100,Black,04/2023,21,18.5,2025-03-08
Census Tract,39061010100,Black,05/2023,21,22,2025-03-08
Census Tract,39061010100,Black,06/2023,25,24.5,2025-03-08
Census Tract,39061010100,Black,07/2023,31,29.5,2025-03-08
Census Tract,39061010100,Black,08/2023,17,17.5,2025-03-08
Census Tract,39061010100,Black,09/2023,15,16,2025-03-08
Census Tract,39061010100,Black,10/2023,28,25.5,2025-03-08
Census Tract,39061010100,Black,11/2023,16,17,2025-03-08
Census Tract,39061010100,Black,12/2023,17,24,2025-03-08
Census Tract,39061010100,Black,01/2024,25,22,2025-03-08
Census Tract,39061010100,Black,02/2024,15,19,2025-03-08
Census Tract,39061010100,Black,03/2024,17,13.5,2025-03-08
Census Tract,39061010100,Black,04/2024,16,18.5,2025-03-08
Census Tract,39061010100,Black,05/2024,23,22,2025-03-08
Census Tract,39061010100,Black,06/2024,24,24.5,2025-03-08
Census Tract,39061010100,Black,07/2024,28,29.5,2025-03-08
Census Tract,39061010100,Black,08/2024,18,17.5,2025-03-08
Census Tract,39061010100,Black,09/2024,17,16,2025-03-08
Census Tract,39061010100,Black,10/2024,23,25.5,2025-03-08
Census Tract,39061010100,Black,11/2024,18,17,2025-03-08
Census Tract,39061010100,Black,12/2024,31,24,2025-03-08
Census Tract,39061010100,Black,01/2025,19,22,2025-03-08
Census Tract,39061010100,Black,02/2025,12,19,2025-03-08
Census Tract,39061010100,Black,03/2025,2,1,2025-03-08
Census Tract,39061010201,White,01/2020,0,15,2025-03-08
Census Tract,39061010201,White,02/2020,0,14,2025-03-08
Census Tract,39061010201,White,03/2020,0,8.5,2025-03-08
Census Tract,39061010201,White,04/2020,0,13,2025-03-08
Census Tract,39061010201,White,05/2020,5,10.5,2025-03-08
Census Tract,39061010201,White,06/2020,5,19,2025-03-08
Census Tract,39061010201,White,07/2020,0,16,2025-03-08
Census Tract,39061010201,White,08/2020,6,17,2025-03-08
Census Tract,39061010201,White,09/2020,8,15.5,2025-03-08
Census Tract,39061010201,White,10/2020,4,11,2025-03-08
Census Tract,39061010201,White,11/2020,9,14.5,2025-03-08
Census Tract,39061010201,White,12/2020,7,10.5,2025-03-08
Census Tract,39061010201,White,01/2021,3,15,2025-03-08
Census Tract,39061010201,White,02/2021,8,13.5,2025-03-08
Census Tract,39061010201,White,03/2021,6,8.5,2025-03-08
Census Tract,39061010201,White,04/2021,5,13,2025-03-08
Census Tract,39061010201,White,05/2021,9,10.5,2025-03-08
Census Tract,39061010201,White,06/2021,10,19,2025-03-08
Census Tract,39061010201,White,07/2021,4,16,2025-03-08
Census Tract,39061010201,White,08/2021,12,17,2025-03-08
Census Tract,39061010201,White,09/2021,17,15.5,2025-03-08
Census Tract,39061010201,White,10/2021,7,11,2025-03-08
Census Tract,39061010201,White,11/2021,4,14.5,2025-03-08
Census Tract,39061010201,White,12/2021,6,10.5,2025-03-08
Census Tract,39061010201,White,01/2022,5,15,2025-03-08
Census Tract,39061010201,White,02/2022,4,13.5,2025-03-08
Census Tract,39061010201,White,03/2022,11,8.5,2025-03-08
Census Tract,39061010201,White,04/2022,4,13,2025-03-08
Census Tract,39061010201,White,05/2022,6,10.5,2025-03-08
Census Tract,39061010201,White,06/2022,6,19,2025-03-08
Census Tract,39061010201,White,07/2022,11,16,2025-03-08
Census Tract,39061010201,White,08/2022,10,17,2025-03-08
Census Tract,39061010201,White,09/2022,6,15.5,2025-03-08
Census Tract,39061010201,White,10/2022,15,11,2025-03-08
Census Tract,39061010201,White,11/2022,5,14.5,2025-03-08
Census Tract,39061010201,White,12/2022,5,10.5,2025-03-08
Census Tract,39061010201,White,01/2023,14,15,2025-03-08
Census Tract,39061010201,White,02/2023,17,13.5,2025-03-08
Census Tract,39061010201,White,03/2023,8,8.5,2025-03-08
Census Tract,39061010201,White,04/2023,8,13,2025-03-08
Census Tract,39061010201,White,05/2023,8,10.5,2025-03-08
Census Tract,39061010201,White,06/2023,21,19,2025-03-08
Census Tract,39061010201,White,07/2023,10,16,2025-03-08
Census Tract,39061010201,White,08/2023,14,17,2025-03-08
Census Tract,39061010201,White,09/2023,18,15.5,2025-03-08
Census Tract,39061010201,White,10/2023,16,11,2025-03-08
Census Tract,39061010201,White,11/2023,22,14.5,2025-03-08
Census Tract,39061010201,White,12/2023,8,10.5,2025-03-08
Census Tract,39061010201,White,01/2024,16,15,2025-03-08
Census Tract,39061010201,White,02/2024,11,14,2025-03-08
Census Tract,39061010201,White,03/2024,9,8.5,2025-03-08
Census Tract,39061010201,White,04/2024,18,13,2025-03-08
Census Tract,39061010201,White,05/2024,13,10.5,2025-03-08
Census Tract,39061010201,White,06/2024,17,19,2025-03-08
Census Tract,39061010201,White,07/2024,22,16,2025-03-08
Census Tract,39061010201,White,08/2024,20,17,2025-03-08
Census Tract,39061010201,White,09/2024,13,15.5,2025-03-08
Census Tract,39061010201,White,10/2024,6,11,2025-03-08
Census Tract,39061010201,White,11/2024,7,14.5,2025-03-08
Census Tract,39061010201,White,12/2024,13,10.5,2025-03-08
Census Tract,39061010201,White,01/2025,15,15,2025-03-08
Census Tract,39061010201,White,02/2025,5,13.5,2025-03-08
Census Tract,39061010201,White,03/2025,2,1.5,2025-03-08
Census Tract,39061010202,White,01/2020,0,4,2025-03-08
Census Tract,39061010202,White,02/2020,0,4,2025-03-08
Census Tract,39061010202,White,03/2020,0,1,2025-03-08
Census Tract,39061010202,White,04/2020,0,4,2025-03-08
Census Tract,39061010202,White,05/2020,0,1.5,2025-03-08
Census Tract,39061010202,White,06/2020,0,4.5,2025-03-08
Census Tract,39061010202,White,07/2020,7,2.5,2025-03-08
Census Tract,39061010202,White,08/2020,2,4.5,2025-03-08
Census Tract,39061010202,White,09/2020,2,5,2025-03-08
Census Tract,39061010202,White,10/2020,5,3.5,2025-03-08
Census Tract,39061010202,White,11/2020,3,5,2025-03-08
Census Tract,39061010202,White,12/2020,2,5,2025-03-08
Census Tract,39061010202,White,01/2021,1,4,2025-03-08
Census Tract,39061010202,White,02/2021,2,4,2025-03-08
Census Tract,39061010202,White,03/2021,4,1,2025-03-08
Census Tract,39061010202,White,04/2021,3,4,2025-03-08
Census Tract,39061010202,White,05/2021,2,1.5,2025-03-08
Census Tract,39061010202,White,06/2021,8,4.5,2025-03-08
Census Tract,39061010202,White,07/2021,2,2.5,2025-03-08
Census Tract,39061010202,White,08/2021,2,4.5,2025-03-08
Census Tract,39061010202,White,09/2021,7,5,2025-03-08
Census Tract,39061010202,White,10/2021,2,3.5,2025-03-08
Census Tract,39061010202,White,11/2021,10,5,2025-03-08
Census Tract,39061010202,White,12/2021,1,5,2025-03-08
Census Tract,39061010202,White,01/2022,0,4,2025-03-08
Census Tract,39061010202,White,02/2022,0,4,2025-03-08
Census Tract,39061010202,White,03/2022,5,1,2025-03-08
Census Tract,39061010202,White,04/2022,3,4,2025-03-08
Census Tract,39061010202,White,05/2022,3,1.5,2025-03-08
Census Tract,39061010202,White,06/2022,6,4.5,2025-03-08
Census Tract,39061010202,White,07/2022,2,2.5,2025-03-08
Census Tract,39061010202,White,08/2022,4,4.5,2025-03-08
Census Tract,39061010202,White,09/2022,6,5,2025-03-08
Census Tract,39061010202,White,10/2022,1,3.5,2025-03-08
Census Tract,39061010202,White,11/2022,2,5,2025-03-08
Census Tract,39061010202,White,12/2022,8,5,2025-03-08
Census Tract,39061010202,White,01/2023,7,4,2025-03-08
Census Tract,39061010202,White,02/2023,4,4,2025-03-08
Census Tract,39061010202,White,03/2023,1,1,2025-03-08
Census Tract,39061010202,White,04/2023,5,4,2025-03-08
Census Tract,39061010202,White,05/2023,1,1.5,2025-03-08
Census Tract,39061010202,White,06/2023,5,4.5,2025-03-08
Census Tract,39061010202,White,07/2023,3,2.5,2025-03-08
Census Tract,39061010202,White,08/2023,8,4.5,2025-03-08
Census Tract,39061010202,White,09/2023,5,5,2025-03-08
Census Tract,39061010202,White,10/2023,5,3.5,2025-03-08
Census Tract,39061010202,White,11/2023,3,5,2025-03-08
Census Tract,39061010202,White,12/2023,8,5,2025-03-08
Census Tract,39061010202,White,01/2024,1,4,2025-03-08
Census Tract,39061010202,White,02/2024,4,4,2025-03-08
Census Tract,39061010202,White,03/2024,1,1,2025-03-08
Census Tract,39061010202,White,04/2024,3,4,2025-03-08
Census Tract,39061010202,White,05/2024,2,1.5,2025-03-08
Census Tract,39061010202,White,06/2024,4,4.5,2025-03-08
Census Tract,39061010202,White,07/2024,2,2.5,2025-03-08
Census Tract,39061010202,White,08/2024,1,4.5,2025-03-08
Census Tract,39061010202,White,09/2024,5,5,2025-03-08
Census Tract,39061010202,White,10/2024,2,3.5,2025-03-08
Census Tract,39061010202,White,11/2024,7,5,2025-03-08
Census Tract,39061010202,White,12/2024,2,5,2025-03-08
Census Tract,39061010202,White,01/2025,1,4,2025-03-08
Census Tract,39061010202,White,02/2025,10,4,2025-03-08
Census Tract,39061010202,White,03/2025,1,0,2025-03-08
Census Tract,39061010300,White,01/2020,0,4,2025-03-08
Census Tract,39061010300,White,02/2020,0,6,2025-03-08
Census Tract,39061010300,White,03/2020,0,0.5,2025-03-08
Census Tract,39061010300,White,04/2020,0,2,2025-03-08
Census Tract,39061010300,White,05/2020,1,6,2025-03-08
Census Tract,39061010300,White,06/2020,2,4,2025-03-08
Census Tract,39061010300,White,07/2020,1,2,2025-03-08
Census Tract,39061010300,White,08/2020,2,6.5,2025-03-08
Census Tract,39061010300,White,09/2020,0,1.5,2025-03-08
Census Tract,39061010300,White,10/2020,2,2.5,2025-03-08
Census Tract,39061010300,White,11/2020,7,2.5,2025-03-08
Census Tract,39061010300,White,12/2020,3,4,2025-03-08
Census Tract,39061010300,White,01/2021,1,4,2025-03-08
Census Tract,39061010300,White,02/2021,1,6,2025-03-08
Census Tract,39061010300,White,03/2021,2,0.5,2025-03-08
Census Tract,39061010300,White,04/2021,1,2,2025-03-08
Census Tract,39061010300,White,05/2021,2,6,2025-03-08
Census Tract,39061010300,White,06/2021,1,4,2025-03-08
Census Tract,39061010300,White,07/2021,5,2,2025-03-08
Census Tract,39061010300,White,08/2021,1,6.5,2025-03-08
Census Tract,39061010300,White,09/2021,2,1.5,2025-03-08
Census Tract,39061010300,White,10/2021,2,2.5,2025-03-08
Census Tract,39061010300,White,11/2021,1,2.5,2025-03-08
Census Tract,39061010300,White,12/2021,4,4,2025-03-08
Census Tract,39061010300,White,01/2022,1,4,2025-03-08
Census Tract,39061010300,White,02/2022,2,6,2025-03-08
Census Tract,39061010300,White,03/2022,4,0.5,2025-03-08
Census Tract,39061010300,White,04/2022,4,2,2025-03-08
Census Tract,39061010300,White,05/2022,4,6,2025-03-08
Census Tract,39061010300,White,06/2022,4,4,2025-03-08
Census Tract,39061010300,White,07/2022,1,2,2025-03-08
Census Tract,39061010300,White,08/2022,3,6.5,2025-03-08
Census Tract,39061010300,White,09/2022,8,1.5,2025-03-08
Census Tract,39061010300,White,10/2022,7,2.5,2025-03-08
Census Tract,39061010300,White,11/2022,4,2.5,2025-03-08
Census Tract,39061010300,White,12/2022,6,4,2025-03-08
Census Tract,39061010300,White,01/2023,4,4,2025-03-08
Census Tract,39061010300,White,02/2023,11,6,2025-03-08
Census Tract,39061010300,White,03/2023,1,0.5,2025-03-08
Census Tract,39061010300,White,04/2023,2,2,2025-03-08
Census Tract,39061010300,White,05/2023,10,6,2025-03-08
Census Tract,39061010300,White,06/2023,4,4,2025-03-08
Census Tract,39061010300,White,07/2023,2,2,2025-03-08
Census Tract,39061010300,White,08/2023,6,6.5,2025-03-08
Census Tract,39061010300,White,09/2023,2,1.5,2025-03-08
Census Tract,39061010300,White,10/2023,4,2.5,2025-03-08
Census Tract,39061010300,White,11/2023,4,2.5,2025-03-08
Census Tract,39061010300,White,12/2023,5,4,2025-03-08
Census Tract,39061010300,White,01/2024,4,4,2025-03-08
Census Tract,39061010300,White,02/2024,1,6,2025-03-08
Census Tract,39061010300,White,03/2024,0,0.5,2025-03-08
Census Tract,39061010300,White,04/2024,2,2,2025-03-08
Census Tract,39061010300,White,05/2024,2,6,2025-03-08
Census Tract,39061010300,White,06/2024,4,4,2025-03-08
Census Tract,39061010300,White,07/2024,2,2,2025-03-08
Census Tract,39061010300,White,08/2024,7,6.5,2025-03-08
Census Tract,39061010300,White,09/2024,1,1.5,2025-03-08
Census Tract,39061010300,White,10/2024,1,2.5,2025-03-08
Census Tract,39061010300,White,11/2024,1,2.5,2025-03-08
Census Tract,39061010300,White,12/2024,3,4,2025-03-08
Census Tract,39061010300,White,01/2025,2,4,2025-03-08
Census Tract,39061010300,White,02/2025,3,6,2025-03-08
Census Tract,39061010300,White,03/2025,0,0.5,2025-03-08
Census Tract,39061010400,White,01/2020,0,0,2025-03-08
Census Tract,39061010400,White,02/2020,0,1.5,2025-03-08
Census Tract,39061010400,White,03/2020,0,1,2025-03-08
Census Tract,39061010400,White,04/2020,0,0,2025-03-08
Census Tract,39061010400,White,05/2020,0,1.5,2025-03-08
Census Tract,39061010400,White,06/2020,0,1,2025-03-08
Census Tract,39061010400,White,07/2020,0,0,2025-03-08
Census Tract,39061010400,White,08/2020,0,1,2025-03-08
Census Tract,39061010400,White,09/2020,0,1,2025-03-08
Census Tract,39061010400,White,10/2020,0,1.5,2025-03-08
Census Tract,39061010400,White,11/2020,0,2.5,2025-03-08
Census Tract,39061010400,White,12/2020,0,1,2025-03-08
Census Tract,39061010400,White,01/2021,1,0,2025-03-08
Census Tract,39061010400,White,02/2021,0,1.5,2025-03-08
Census Tract,39061010400,White,03/2021,0,1,2025-03-08
Census Tract,39061010400,White,04/2021,1,0,2025-03-08
Census Tract,39061010400,White,05/2021,0,1.5,2025-03-08
Census Tract,39061010400,White,06/2021,1,1,2025-03-08
Census Tract,39061010400,White,07/2021,0,0,2025-03-08
Census Tract,39061010400,White,08/2021,1,1,2025-03-08
Census Tract,39061010400,White,09/2021,0,1,2025-03-08
Census Tract,39061010400,White,10/2021,0,1.5,2025-03-08
Census Tract,39061010400,White,11/2021,1,2.5,2025-03-08
Census Tract,39061010400,White,12/2021,0,1,2025-03-08
Census Tract,39061010400,White,01/2022,0,0,2025-03-08
Census Tract,39061010400,White,02/2022,0,1.5,2025-03-08
Census Tract,39061010400,White,03/2022,3,1,2025-03-08
Census Tract,39061010400,White,04/2022,1,0,2025-03-08
Census Tract,39061010400,White,05/2022,1,1.5,2025-03-08
Census Tract,39061010400,White,06/2022,0,1,2025-03-08
Census Tract,39061010400,White,07/2022,1,0,2025-03-08
Census Tract,39061010400,White,08/2022,1,1,2025-03-08
Census Tract,39061010400,White,09/2022,2,1,2025-03-08
Census Tract,39061010400,White,10/2022,1,1.5,2025-03-08
Census Tract,39061010400,White,11/2022,0,2.5,2025-03-08
Census Tract,39061010400,White,12/2022,2,1,2025-03-08
Census Tract,39061010400,White,01/2023,0,0,2025-03-08
Census Tract,39061010400,White,02/2023,1,1.5,2025-03-08
Census Tract,39061010400,White,03/2023,2,1,2025-03-08
Census Tract,39061010400,White,04/2023,0,0,2025-03-08
Census Tract,39061010400,White,05/2023,1,1.5,2025-03-08
Census Tract,39061010400,White,06/2023,2,1,2025-03-08
Census Tract,39061010400,White,07/2023,0,0,2025-03-08
Census Tract,39061010400,White,08/2023,0,1,2025-03-08
Census Tract,39061010400,White,09/2023,1,1,2025-03-08
Census Tract,39061010400,White,10/2023,1,1.5,2025-03-08
Census Tract,39061010400,White,11/2023,3,2.5,2025-03-08
Census Tract,39061010400,White,12/2023,1,1,2025-03-08
Census Tract,39061010400,White,01/2024,0,0,2025-03-08
Census Tract,39061010400,White,02/2024,2,1.5,2025-03-08
Census Tract,39061010400,White,03/2024,0,1,2025-03-08
Census Tract,39061010400,White,04/2024,0,0,2025-03-08
Census Tract,39061010400,White,05/2024,2,1.5,2025-03-08
Census Tract,39061010400,White,06/2024,0,1,2025-03-08
Census Tract,39061010400,White,07/2024,0,0,2025-03-08
Census Tract,39061010400,White,08/2024,2,1,2025-03-08
Census Tract,39061010400,White,09/2024,1,1,2025-03-08
Census Tract,39061010400,White,10/2024,2,1.5,2025-03-08
Census Tract,39061010400,White,11/2024,2,2.5,2025-03-08
Census Tract,39061010400,White,12/2024,1,1,2025-03-08
Census Tract,39061010400,White,01/2025,2,0,2025-03-08
Census Tract,39061010400,White,02/2025,2,1.5,2025-03-08
Census Tract,39061010400,White,03/2025,0,0,2025-03-08
Census Tract,39061010500,White,01/2020,0,1,2025-03-08
Census Tract,39061010500,White,02/2020,0,3,2025-03-08
Census Tract,39061010500,White,03/2020,0,1.5,2025-03-08
Census Tract,39061010500,White,04/2020,0,2.5,2025-03-08
Census Tract,39061010500,White,05/2020,0,1,2025-03-08
Census Tract,39061010500,White,06/2020,0,5,2025-03-08
Census Tract,39061010500,White,07/2020,1,4,2025-03-08
Census Tract,39061010500,White,08/2020,3,2.5,2025-03-08
Census Tract,39061010500,White,09/2020,1,3.5,2025-03-08
Census Tract,39061010500,White,10/2020,0,2,2025-03-08
Census Tract,39061010500,White,11/2020,1,2.5,2025-03-08
Census Tract,39061010500,White,12/2020,8,2.5,2025-03-08
Census Tract,39061010500,White,01/2021,2,1,2025-03-08
Census Tract,39061010500,White,02/2021,1,3,2025-03-08
Census Tract,39061010500,White,03/2021,4,1.5,2025-03-08
Census Tract,39061010500,White,04/2021,2,2.5,2025-03-08
Census Tract,39061010500,White,05/2021,0,1,2025-03-08
Census Tract,39061010500,White,06/2021,6,5,2025-03-08
Census Tract,39061010500,White,07/2021,9,4,2025-03-08
Census Tract,39061010500,White,08/2021,3,2.5,2025-03-08
Census Tract,39061010500,White,09/2021,2,3.5,2025-03-08
Census Tract,39061010500,White,10/2021,3,2,2025-03-08
Census Tract,39061010500,White,11/2021,0,2.5,2025-03-08
Census Tract,39061010500,White,12/2021,2,2.5,2025-03-08
Census Tract,39061010500,White,01/2022,0,1,2025-03-08
Census Tract,39061010500,White,02/2022,1,3,2025-03-08
Census Tract,39061010500,White,03/2022,2,1.5,2025-03-08
Census Tract,39061010500,White,04/2022,1,2.5,2025-03-08
Census Tract,39061010500,White,05/2022,6,1,2025-03-08
Census Tract,39061010500,White,06/2022,0,5,2025-03-08
Census Tract,39061010500,White,07/2022,5,4,2025-03-08
Census Tract,39061010500,White,08/2022,4,2.5,2025-03-08
Census Tract,39061010500,White,09/2022,8,3.5,2025-03-08
Census Tract,39061010500,White,10/2022,2,2,2025-03-08
Census Tract,39061010500,White,11/2022,3,2.5,2025-03-08
Census Tract,39061010500,White,12/2022,5,2.5,2025-03-08
Census Tract,39061010500,White,01/2023,2,1,2025-03-08
Census Tract,39061010500,White,02/2023,2,3,2025-03-08
Census Tract,39061010500,White,03/2023,3,1.5,2025-03-08
Census Tract,39061010500,White,04/2023,3,2.5,2025-03-08
Census Tract,39061010500,White,05/2023,1,1,2025-03-08
Census Tract,39061010500,White,06/2023,6,5,2025-03-08
Census Tract,39061010500,White,07/2023,5,4,2025-03-08
Census Tract,39061010500,White,08/2023,3,2.5,2025-03-08
Census Tract,39061010500,White,09/2023,3,3.5,2025-03-08
Census Tract,39061010500,White,10/2023,3,2,2025-03-08
Census Tract,39061010500,White,11/2023,3,2.5,2025-03-08
Census Tract,39061010500,White,12/2023,2,2.5,2025-03-08
Census Tract,39061010500,White,01/2024,0,1,2025-03-08
Census Tract,39061010500,White,02/2024,4,3,2025-03-08
Census Tract,39061010500,White,03/2024,0,1.5,2025-03-08
Census Tract,39061010500,White,04/2024,2,2.5,2025-03-08
Census Tract,39061010500,White,05/2024,1,1,2025-03-08
Census Tract,39061010500,White,06/2024,4,5,2025-03-08
Census Tract,39061010500,White,07/2024,3,4,2025-03-08
Census Tract,39061010500,White,08/2024,2,2.5,2025-03-08
Census Tract,39061010500,White,09/2024,4,3.5,2025-03-08
Census Tract,39061010500,White,10/2024,1,2,2025-03-08
Census Tract,39061010500,White,11/2024,2,2.5,2025-03-08
Census Tract,39061010500,White,12/2024,3,2.5,2025-03-08
Census Tract,39061010500,White,01/2025,1,1,2025-03-08
Census Tract,39061010500,White,02/2025,3,3,2025-03-08
Census Tract,39061010500,White,03/2025,0,0,2025-03-08
Census Tract,39061010600,White,01/2020,0,1.5,2025-03-08
Census Tract,39061010600,White,02/2020,0,0,2025-03-08
Census Tract,39061010600,White,03/2020,0,0.5,2025-03-08
Census Tract,39061010600,White,04/2020,0,0.5,2025-03-08
Census Tract,39061010600,White,05/2020,0,1.5,2025-03-08
Census Tract,39061010600,White,06/2020,0,0,2025-03-08
Census Tract,39061010600,White,07/2020,0,2,2025-03-08
Census Tract,39061010600,White,08/2020,0,0,2025-03-08
Census Tract,39061010600,White,09/2020,0,0.5,2025-03-08
Census Tract,39061010600,White,10/2020,1,1,2025-03-08
Census Tract,39061010600,White,11/2020,0,0.5,2025-03-08
Census Tract,39061010600,White,12/2020,0,0.5,2025-03-08
Census Tract,39061010600,White,01/2021,3,1.5,2025-03-08
Census Tract,39061010600,White,02/2021,2,0,2025-03-08
Census Tract,39061010600,White,03/2021,0,0.5,2025-03-08
Census Tract,39061010600,White,04/2021,0,0.5,2025-03-08
Census Tract,39061010600,White,05/2021,1,1.5,2025-03-08
Census Tract,39061010600,White,06/2021,2,0,2025-03-08
Census Tract,39061010600,White,07/2021,0,2,2025-03-08
Census Tract,39061010600,White,08/2021,1,0,2025-03-08
Census Tract,39061010600,White,09/2021,2,0.5,2025-03-08
Census Tract,39061010600,White,10/2021,0,1,2025-03-08
Census Tract,39061010600,White,11/2021,1,0.5,2025-03-08
Census Tract,39061010600,White,12/2021,3,0.5,2025-03-08
Census Tract,39061010600,White,01/2022,0,1.5,2025-03-08
Census Tract,39061010600,White,02/2022,3,0,2025-03-08
Census Tract,39061010600,White,03/2022,0,0.5,2025-03-08
Census Tract,39061010600,White,04/2022,0,0.5,2025-03-08
Census Tract,39061010600,White,05/2022,1,1.5,2025-03-08
Census Tract,39061010600,White,06/2022,2,0,2025-03-08
Census Tract,39061010600,White,07/2022,0,2,2025-03-08
Census Tract,39061010600,White,08/2022,0,0,2025-03-08
Census Tract,39061010600,White,09/2022,0,0.5,2025-03-08
Census Tract,39061010600,White,10/2022,1,1,2025-03-08
Census Tract,39061010600,White,11/2022,0,0.5,2025-03-08
Census Tract,39061010600,White,12/2022,0,0.5,2025-03-08
Census Tract,39061010600,White,01/2023,2,1.5,2025-03-08
Census Tract,39061010600,White,02/2023,0,0,2025-03-08
Census Tract,39061010600,White,03/2023,1,0.5,2025-03-08
Census Tract,39061010600,White,04/2023,0,0.5,2025-03-08
Census Tract,39061010600,White,05/2023,2,1.5,2025-03-08
Census Tract,39061010600,White,06/2023,0,0,2025-03-08
Census Tract,39061010600,White,07/2023,2,2,2025-03-08
Census Tract,39061010600,White,08/2023,0,0,2025-03-08
Census Tract,39061010600,White,09/2023,0,0.5,2025-03-08
Census Tract,39061010600,White,10/2023,1,1,2025-03-08
Census Tract,39061010600,White,11/2023,1,0.5,2025-03-08
Census Tract,39061010600,White,12/2023,1,0.5,2025-03-08
Census Tract,39061010600,White,01/2024,1,1.5,2025-03-08
Census Tract,39061010600,White,02/2024,0,0,2025-03-08
Census Tract,39061010600,White,03/2024,0,0.5,2025-03-08
Census Tract,39061010600,White,04/2024,1,0.5,2025-03-08
Census Tract,39061010600,White,05/2024,1,1.5,2025-03-08
Census Tract,39061010600,White,06/2024,0,0,2025-03-08
Census Tract,39061010600,White,07/2024,2,2,2025-03-08
Census Tract,39061010600,White,08/2024,0,0,2025-03-08
Census Tract,39061010600,White,09/2024,1,0.5,2025-03-08
Census Tract,39061010600,White,10/2024,1,1,2025-03-08
Census Tract,39061010600,White,11/2024,0,0.5,2025-03-08
Census Tract,39061010600,White,12/2024,0,0.5,2025-03-08
Census Tract,39061010600,White,01/2025,0,1.5,2025-03-08
Census Tract,39061010600,White,02/2025,2,0,2025-03-08
Census Tract,39061010600,White,03/2025,0,0,2025-03-08
Census Tract,39061010700,White,01/2020,0,1,2025-03-08
Census Tract,39061010700,White,02/2020,0,1,2025-03-08
Census Tract,39061010700,White,03/2020,0,3,2025-03-08
Census Tract,39061010700,White,04/2020,0,2.5,2025-03-08
Census Tract,39061010700,White,05/2020,1,3,2025-03-08
Census Tract,39061010700,White,06/2020,0,3,2025-03-08
Census Tract,39061010700,White,07/2020,2,2.5,2025-03-08
Census Tract,39061010700,White,08/2020,0,3,2025-03-08
Census Tract,39061010700,White,09/2020,3,3,2025-03-08
Census Tract,39061010700,White,10/2020,3,1.5,2025-03-08
Census Tract,39061010700,White,11/2020,3,2.5,2025-03-08
Census Tract,39061010700,White,12/2020,1,1.5,2025-03-08
Census Tract,39061010700,White,01/2021,2,1,2025-03-08
Census Tract,39061010700,White,02/2021,1,1,2025-03-08
Census Tract,39061010700,White,03/2021,0,3,2025-03-08
Census Tract,39061010700,White,04/2021,0,2.5,2025-03-08
Census Tract,39061010700,White,05/2021,0,3,2025-03-08
Census Tract,39061010700,White,06/2021,0,3,2025-03-08
Census Tract,39061010700,White,07/2021,2,2.5,2025-03-08
Census Tract,39061010700,White,08/2021,1,3,2025-03-08
Census Tract,39061010700,White,09/2021,0,3,2025-03-08
Census Tract,39061010700,White,10/2021,2,1.5,2025-03-08
Census Tract,39061010700,White,11/2021,1,2.5,2025-03-08
Census Tract,39061010700,White,12/2021,1,1.5,2025-03-08
Census Tract,39061010700,White,01/2022,4,1,2025-03-08
Census Tract,39061010700,White,02/2022,2,1,2025-03-08
Census Tract,39061010700,White,03/2022,5,3,2025-03-08
Census Tract,39061010700,White,04/2022,5,2.5,2025-03-08
Census Tract,39061010700,White,05/2022,3,3,2025-03-08
Census Tract,39061010700,White,06/2022,1,3,2025-03-08
Census Tract,39061010700,White,07/2022,2,2.5,2025-03-08
Census Tract,39061010700,White,08/2022,3,3,2025-03-08
Census Tract,39061010700,White,09/2022,1,3,2025-03-08
Census Tract,39061010700,White,10/2022,2,1.5,2025-03-08
Census Tract,39061010700,White,11/2022,3,2.5,2025-03-08
Census Tract,39061010700,White,12/2022,4,1.5,2025-03-08
Census Tract,39061010700,White,01/2023,0,1,2025-03-08
Census Tract,39061010700,White,02/2023,1,1,2025-03-08
Census Tract,39061010700,White,03/2023,2,3,2025-03-08
Census Tract,39061010700,White,04/2023,2,2.5,2025-03-08
Census Tract,39061010700,White,05/2023,2,3,2025-03-08
Census Tract,39061010700,White,06/2023,4,3,2025-03-08
Census Tract,39061010700,White,07/2023,2,2.5,2025-03-08
Census Tract,39061010700,White,08/2023,1,3,2025-03-08
Census Tract,39061010700,White,09/2023,5,3,2025-03-08
Census Tract,39061010700,White,10/2023,2,1.5,2025-03-08
Census Tract,39061010700,White,11/2023,3,2.5,2025-03-08
Census Tract,39061010700,White,12/2023,1,1.5,2025-03-08
Census Tract,39061010700,White,01/2024,2,1,2025-03-08
Census Tract,39061010700,White,02/2024,1,1,2025-03-08
Census Tract,39061010700,White,03/2024,4,3,2025-03-08
Census Tract,39061010700,White,04/2024,3,2.5,2025-03-08
Census Tract,39061010700,White,05/2024,4,3,2025-03-08
Census Tract,39061010700,White,06/2024,2,3,2025-03-08
Census Tract,39061010700,White,07/2024,3,2.5,2025-03-08
Census Tract,39061010700,White,08/2024,5,3,2025-03-08
Census Tract,39061010700,White,09/2024,1,3,2025-03-08
Census Tract,39061010700,White,10/2024,1,1.5,2025-03-08
Census Tract,39061010700,White,11/2024,2,2.5,2025-03-08
Census Tract,39061010700,White,12/2024,2,1.5,2025-03-08
Census Tract,39061010700,White,01/2025,0,1,2025-03-08
Census Tract,39061010700,White,02/2025,1,1,2025-03-08
Census Tract,39061010700,White,03/2025,0,0,2025-03-08
Census Tract,39061010900,Other,01/2020,0,4.5,2025-03-08
Census Tract,39061010900,Other,02/2020,0,4,2025-03-08
Census Tract,39061010900,Other,03/2020,0,8,2025-03-08
Census Tract,39061010900,Other,04/2020,0,7.5,2025-03-08
Census Tract,39061010900,Other,05/2020,1,7,2025-03-08
Census Tract,39061010900,Other,06/2020,2,9.5,2025-03-08
Census Tract,39061010900,Other,07/2020,8,7.5,2025-03-08
Census Tract,39061010900,Other,08/2020,2,6.5,2025-03-08
Census Tract,39061010900,Other,09/2020,4,6,2025-03-08
Census Tract,39061010900,Other,10/2020,0,11,2025-03-08
Census Tract,39061010900,Other,11/2020,1,6.5,2025-03-08
Census Tract,39061010900,Other,12/2020,0,8,2025-03-08
Census Tract,39061010900,Other,01/2021,3,4.5,2025-03-08
Census Tract,39061010900,Other,02/2021,7,4,2025-03-08
Census Tract,39061010900,Other,03/2021,1,8,2025-03-08
Census Tract,39061010900,Other,04/2021,2,7.5,2025-03-08
Census Tract,39061010900,Other,05/2021,1,7,2025-03-08
Census Tract,39061010900,Other,06/2021,6,9.5,2025-03-08
Census Tract,39061010900,Other,07/2021,3,7.5,2025-03-08
Census Tract,39061010900,Other,08/2021,5,6.5,2025-03-08
Census Tract,39061010900,Other,09/2021,8,6,2025-03-08
Census Tract,39061010900,Other,10/2021,6,11,2025-03-08
Census Tract,39061010900,Other,11/2021,5,6.5,2025-03-08
Census Tract,39061010900,Other,12/2021,6,8,2025-03-08
Census Tract,39061010900,Other,01/2022,7,4.5,2025-03-08
Census Tract,39061010900,Other,02/2022,6,4,2025-03-08
Census Tract,39061010900,Other,03/2022,4,8,2025-03-08
Census Tract,39061010900,Other,04/2022,3,7.5,2025-03-08
Census Tract,39061010900,Other,05/2022,6,7,2025-03-08
Census Tract,39061010900,Other,06/2022,8,9.5,2025-03-08
Census Tract,39061010900,Other,07/2022,4,7.5,2025-03-08
Census Tract,39061010900,Other,08/2022,6,6.5,2025-03-08
Census Tract,39061010900,Other,09/2022,4,6,2025-03-08
Census Tract,39061010900,Other,10/2022,5,11,2025-03-08
Census Tract,39061010900,Other,11/2022,5,6.5,2025-03-08
Census Tract,39061010900,Other,12/2022,3,8,2025-03-08
Census Tract,39061010900,Other,01/2023,6,4.5,2025-03-08
Census Tract,39061010900,Other,02/2023,5,4,2025-03-08
Census Tract,39061010900,Other,03/2023,10,8,2025-03-08
Census Tract,39061010900,Other,04/2023,4,7.5,2025-03-08
Census Tract,39061010900,Other,05/2023,7,7,2025-03-08
Census Tract,39061010900,Other,06/2023,9,9.5,2025-03-08
Census Tract,39061010900,Other,07/2023,9,7.5,2025-03-08
Census Tract,39061010900,Other,08/2023,8,6.5,2025-03-08
Census Tract,39061010900,Other,09/2023,8,6,2025-03-08
Census Tract,39061010900,Other,10/2023,15,11,2025-03-08
Census Tract,39061010900,Other,11/2023,5,6.5,2025-03-08
Census Tract,39061010900,Other,12/2023,10,8,2025-03-08
Census Tract,39061010900,Other,01/2024,3,4.5,2025-03-08
Census Tract,39061010900,Other,02/2024,3,4,2025-03-08
Census Tract,39061010900,Other,03/2024,6,8,2025-03-08
Census Tract,39061010900,Other,04/2024,11,7.5,2025-03-08
Census Tract,39061010900,Other,05/2024,7,7,2025-03-08
Census Tract,39061010900,Other,06/2024,10,9.5,2025-03-08
Census Tract,39061010900,Other,07/2024,6,7.5,2025-03-08
Census Tract,39061010900,Other,08/2024,5,6.5,2025-03-08
Census Tract,39061010900,Other,09/2024,4,6,2025-03-08
Census Tract,39061010900,Other,10/2024,7,11,2025-03-08
Census Tract,39061010900,Other,11/2024,8,6.5,2025-03-08
Census Tract,39061010900,Other,12/2024,6,8,2025-03-08
Census Tract,39061010900,Other,01/2025,5,4.5,2025-03-08
Census Tract,39061010900,Other,02/2025,3,4,2025-03-08
Census Tract,39061010900,Other,03/2025,0,3.5,2025-03-08
Census Tract,39061011000,Black,01/2020,0,7,2025-03-08
Census Tract,39061011000,Black,02/2020,0,9.5,2025-03-08
Census Tract,39061011000,Black,03/2020,0,10,2025-03-08
Census Tract,39061011000,Black,04/2020,0,6,2025-03-08
Census Tract,39061011000,Black,05/2020,0,10.5,2025-03-08
Census Tract,39061011000,Black,06/2020,3,10,2025-03-08
Census Tract,39061011000,Black,07/2020,2,13.5,2025-03-08
Census Tract,39061011000,Black,08/2020,6,13,2025-03-08
Census Tract,39061011000,Black,09/2020,7,10,2025-03-08
Census Tract,39061011000,Black,10/2020,3,6,2025-03-08
Census Tract,39061011000,Black,11/2020,14,10.5,2025-03-08
Census Tract,39061011000,Black,12/2020,12,11,2025-03-08
Census Tract,39061011000,Black,01/2021,6,7,2025-03-08
Census Tract,39061011000,Black,02/2021,6,9.5,2025-03-08
Census Tract,39061011000,Black,03/2021,1,10,2025-03-08
Census Tract,39061011000,Black,04/2021,6,6,2025-03-08
Census Tract,39061011000,Black,05/2021,8,10.5,2025-03-08
Census Tract,39061011000,Black,06/2021,1,10,2025-03-08
Census Tract,39061011000,Black,07/2021,8,13.5,2025-03-08
Census Tract,39061011000,Black,08/2021,5,13,2025-03-08
Census Tract,39061011000,Black,09/2021,10,10,2025-03-08
Census Tract,39061011000,Black,10/2021,7,6,2025-03-08
Census Tract,39061011000,Black,11/2021,6,10.5,2025-03-08
Census Tract,39061011000,Black,12/2021,8,11,2025-03-08
Census Tract,39061011000,Black,01/2022,1,7,2025-03-08
Census Tract,39061011000,Black,02/2022,6,9.5,2025-03-08
Census Tract,39061011000,Black,03/2022,4,10,2025-03-08
Census Tract,39061011000,Black,04/2022,6,6,2025-03-08
Census Tract,39061011000,Black,05/2022,2,10.5,2025-03-08
Census Tract,39061011000,Black,06/2022,8,10,2025-03-08
Census Tract,39061011000,Black,07/2022,14,13.5,2025-03-08
Census Tract,39061011000,Black,08/2022,10,13,2025-03-08
Census Tract,39061011000,Black,09/2022,6,10,2025-03-08
Census Tract,39061011000,Black,10/2022,13,6,2025-03-08
Census Tract,39061011000,Black,11/2022,10,10.5,2025-03-08
Census Tract,39061011000,Black,12/2022,19,11,2025-03-08
Census Tract,39061011000,Black,01/2023,5,7,2025-03-08
Census Tract,39061011000,Black,02/2023,7,9.5,2025-03-08
Census Tract,39061011000,Black,03/2023,8,10,2025-03-08
Census Tract,39061011000,Black,04/2023,6,6,2025-03-08
Census Tract,39061011000,Black,05/2023,9,10.5,2025-03-08
Census Tract,39061011000,Black,06/2023,10,10,2025-03-08
Census Tract,39061011000,Black,07/2023,11,13.5,2025-03-08
Census Tract,39061011000,Black,08/2023,15,13,2025-03-08
Census Tract,39061011000,Black,09/2023,16,10,2025-03-08
Census Tract,39061011000,Black,10/2023,5,6,2025-03-08
Census Tract,39061011000,Black,11/2023,9,10.5,2025-03-08
Census Tract,39061011000,Black,12/2023,10,11,2025-03-08
Census Tract,39061011000,Black,01/2024,9,7,2025-03-08
Census Tract,39061011000,Black,02/2024,12,9.5,2025-03-08
Census Tract,39061011000,Black,03/2024,12,10,2025-03-08
Census Tract,39061011000,Black,04/2024,6,6,2025-03-08
Census Tract,39061011000,Black,05/2024,12,10.5,2025-03-08
Census Tract,39061011000,Black,06/2024,10,10,2025-03-08
Census Tract,39061011000,Black,07/2024,16,13.5,2025-03-08
Census Tract,39061011000,Black,08/2024,11,13,2025-03-08
Census Tract,39061011000,Black,09/2024,4,10,2025-03-08
Census Tract,39061011000,Black,10/2024,7,6,2025-03-08
Census Tract,39061011000,Black,11/2024,12,10.5,2025-03-08
Census Tract,39061011000,Black,12/2024,12,11,2025-03-08
Census Tract,39061011000,Black,01/2025,12,7,2025-03-08
Census Tract,39061011000,Black,02/2025,7,9.5,2025-03-08
Census Tract,39061011000,Black,03/2025,0,1.5,2025-03-08
Census Tract,39061011100,Other,01/2020,0,1.5,2025-03-08
Census Tract,39061011100,Other,02/2020,0,2,2025-03-08
Census Tract,39061011100,Other,03/2020,0,0,2025-03-08
Census Tract,39061011100,Other,04/2020,0,3,2025-03-08
Census Tract,39061011100,Other,05/2020,1,6.5,2025-03-08
Census Tract,39061011100,Other,06/2020,3,4,2025-03-08
Census Tract,39061011100,Other,07/2020,0,3,2025-03-08
Census Tract,39061011100,Other,08/2020,2,5.5,2025-03-08
Census Tract,39061011100,Other,09/2020,0,1,2025-03-08
Census Tract,39061011100,Other,10/2020,4,4,2025-03-08
Census Tract,39061011100,Other,11/2020,4,4,2025-03-08
Census Tract,39061011100,Other,12/2020,4,1,2025-03-08
Census Tract,39061011100,Other,01/2021,2,1.5,2025-03-08
Census Tract,39061011100,Other,02/2021,1,2,2025-03-08
Census Tract,39061011100,Other,03/2021,1,0,2025-03-08
Census Tract,39061011100,Other,04/2021,2,3,2025-03-08
Census Tract,39061011100,Other,05/2021,0,6.5,2025-03-08
Census Tract,39061011100,Other,06/2021,3,4,2025-03-08
Census Tract,39061011100,Other,07/2021,1,3,2025-03-08
Census Tract,39061011100,Other,08/2021,4,5.5,2025-03-08
Census Tract,39061011100,Other,09/2021,1,1,2025-03-08
Census Tract,39061011100,Other,10/2021,2,4,2025-03-08
Census Tract,39061011100,Other,11/2021,2,4,2025-03-08
Census Tract,39061011100,Other,12/2021,1,1,2025-03-08
Census Tract,39061011100,Other,01/2022,3,1.5,2025-03-08
Census Tract,39061011100,Other,02/2022,5,2,2025-03-08
Census Tract,39061011100,Other,03/2022,5,0,2025-03-08
Census Tract,39061011100,Other,04/2022,1,3,2025-03-08
Census Tract,39061011100,Other,05/2022,1,6.5,2025-03-08
Census Tract,39061011100,Other,06/2022,0,4,2025-03-08
Census Tract,39061011100,Other,07/2022,0,3,2025-03-08
Census Tract,39061011100,Other,08/2022,5,5.5,2025-03-08
Census Tract,39061011100,Other,09/2022,5,1,2025-03-08
Census Tract,39061011100,Other,10/2022,2,4,2025-03-08
Census Tract,39061011100,Other,11/2022,5,4,2025-03-08
Census Tract,39061011100,Other,12/2022,3,1,2025-03-08
Census Tract,39061011100,Other,01/2023,1,1.5,2025-03-08
Census Tract,39061011100,Other,02/2023,2,2,2025-03-08
Census Tract,39061011100,Other,03/2023,0,0,2025-03-08
Census Tract,39061011100,Other,04/2023,3,3,2025-03-08
Census Tract,39061011100,Other,05/2023,8,6.5,2025-03-08
Census Tract,39061011100,Other,06/2023,4,4,2025-03-08
Census Tract,39061011100,Other,07/2023,3,3,2025-03-08
Census Tract,39061011100,Other,08/2023,10,5.5,2025-03-08
Census Tract,39061011100,Other,09/2023,2,1,2025-03-08
Census Tract,39061011100,Other,10/2023,5,4,2025-03-08
Census Tract,39061011100,Other,11/2023,5,4,2025-03-08
Census Tract,39061011100,Other,12/2023,0,1,2025-03-08
Census Tract,39061011100,Other,01/2024,2,1.5,2025-03-08
Census Tract,39061011100,Other,02/2024,2,2,2025-03-08
Census Tract,39061011100,Other,03/2024,0,0,2025-03-08
Census Tract,39061011100,Other,04/2024,3,3,2025-03-08
Census Tract,39061011100,Other,05/2024,5,6.5,2025-03-08
Census Tract,39061011100,Other,06/2024,4,4,2025-03-08
Census Tract,39061011100,Other,07/2024,3,3,2025-03-08
Census Tract,39061011100,Other,08/2024,1,5.5,2025-03-08
Census Tract,39061011100,Other,09/2024,0,1,2025-03-08
Census Tract,39061011100,Other,10/2024,3,4,2025-03-08
Census Tract,39061011100,Other,11/2024,3,4,2025-03-08
Census Tract,39061011100,Other,12/2024,2,1,2025-03-08
Census Tract,39061011100,Other,01/2025,4,1.5,2025-03-08
Census Tract,39061011100,Other,02/2025,1,2,2025-03-08
Census Tract,39061011100,Other,03/2025,0,0,2025-03-08
Census Tract,39061020401,White,01/2020,0,4.5,2025-03-08
Census Tract,39061020401,White,02/2020,0,5,2025-03-08
Census Tract,39061020401,White,03/2020,0,3.5,2025-03-08
Census Tract,39061020401,White,04/2020,0,2.5,2025-03-08
Census Tract,39061020401,White,05/2020,0,5,2025-03-08
Census Tract,39061020401,White,06/2020,2,4.5,2025-03-08
Census Tract,39061020401,White,07/2020,0,3,2025-03-08
Census Tract,39061020401,White,08/2020,6,4,2025-03-08
Census Tract,39061020401,White,09/2020,1,7,2025-03-08
Census Tract,39061020401,White,10/2020,8,5.5,2025-03-08
Census Tract,39061020401,White,11/2020,9,2.5,2025-03-08
Census Tract,39061020401,White,12/2020,7,6.5,2025-03-08
Census Tract,39061020401,White,01/2021,8,4.5,2025-03-08
Census Tract,39061020401,White,02/2021,3,5,2025-03-08
Census Tract,39061020401,White,03/2021,4,3.5,2025-03-08
Census Tract,39061020401,White,04/2021,4,2.5,2025-03-08
Census Tract,39061020401,White,05/2021,6,5,2025-03-08
Census Tract,39061020401,White,06/2021,12,4.5,2025-03-08
Census Tract,39061020401,White,07/2021,4,3,2025-03-08
Census Tract,39061020401,White,08/2021,9,4,2025-03-08
Census Tract,39061020401,White,09/2021,5,7,2025-03-08
Census Tract,39061020401,White,10/2021,13,5.5,2025-03-08
Census Tract,39061020401,White,11/2021,4,2.5,2025-03-08
Census Tract,39061020401,White,12/2021,4,6.5,2025-03-08
Census Tract,39061020401,White,01/2022,8,4.5,2025-03-08
Census Tract,39061020401,White,02/2022,11,5,2025-03-08
Census Tract,39061020401,White,03/2022,3,3.5,2025-03-08
Census Tract,39061020401,White,04/2022,1,2.5,2025-03-08
Census Tract,39061020401,White,05/2022,12,5,2025-03-08
Census Tract,39061020401,White,06/2022,13,4.5,2025-03-08
Census Tract,39061020401,White,07/2022,5,3,2025-03-08
Census Tract,39061020401,White,08/2022,4,4,2025-03-08
Census Tract,39061020401,White,09/2022,6,7,2025-03-08
Census Tract,39061020401,White,10/2022,2,5.5,2025-03-08
Census Tract,39061020401,White,11/2022,4,2.5,2025-03-08
Census Tract,39061020401,White,12/2022,7,6.5,2025-03-08
Census Tract,39061020401,White,01/2023,4,4.5,2025-03-08
Census Tract,39061020401,White,02/2023,5,5,2025-03-08
Census Tract,39061020401,White,03/2023,4,3.5,2025-03-08
Census Tract,39061020401,White,04/2023,2,2.5,2025-03-08
Census Tract,39061020401,White,05/2023,4,5,2025-03-08
Census Tract,39061020401,White,06/2023,5,4.5,2025-03-08
Census Tract,39061020401,White,07/2023,2,3,2025-03-08
Census Tract,39061020401,White,08/2023,5,4,2025-03-08
Census Tract,39061020401,White,09/2023,5,7,2025-03-08
Census Tract,39061020401,White,10/2023,4,5.5,2025-03-08
Census Tract,39061020401,White,11/2023,3,2.5,2025-03-08
Census Tract,39061020401,White,12/2023,7,6.5,2025-03-08
Census Tract,39061020401,White,01/2024,5,4.5,2025-03-08
Census Tract,39061020401,White,02/2024,5,5,2025-03-08
Census Tract,39061020401,White,03/2024,3,3.5,2025-03-08
Census Tract,39061020401,White,04/2024,3,2.5,2025-03-08
Census Tract,39061020401,White,05/2024,6,5,2025-03-08
Census Tract,39061020401,White,06/2024,4,4.5,2025-03-08
Census Tract,39061020401,White,07/2024,4,3,2025-03-08
Census Tract,39061020401,White,08/2024,3,4,2025-03-08
Census Tract,39061020401,White,09/2024,9,7,2025-03-08
Census Tract,39061020401,White,10/2024,7,5.5,2025-03-08
Census Tract,39061020401,White,11/2024,2,2.5,2025-03-08
Census Tract,39061020401,White,12/2024,6,6.5,2025-03-08
Census Tract,39061020401,White,01/2025,2,4.5,2025-03-08
Census Tract,39061020401,White,02/2025,7,5,2025-03-08
Census Tract,39061020401,White,03/2025,1,1.5,2025-03-08
Census Tract,39061020403,White,01/2020,0,0,2025-03-08
Census Tract,39061020403,White,02/2020,0,1,2025-03-08
Census Tract,39061020403,White,03/2020,0,0.5,2025-03-08
Census Tract,39061020403,White,04/2020,0,0,2025-03-08
Census Tract,39061020403,White,05/2020,0,1,2025-03-08
Census Tract,39061020403,White,06/2020,0,0,2025-03-08
Census Tract,39061020403,White,07/2020,0,0.5,2025-03-08
Census Tract,39061020403,White,08/2020,0,0.5,2025-03-08
Census Tract,39061020403,White,09/2020,0,1,2025-03-08
Census Tract,39061020403,White,10/2020,0,0,2025-03-08
Census Tract,39061020403,White,11/2020,0,0,2025-03-08
Census Tract,39061020403,White,12/2020,0,1.5,2025-03-08
Census Tract,39061020403,White,01/2021,1,0,2025-03-08
Census Tract,39061020403,White,02/2021,0,1,2025-03-08
Census Tract,39061020403,White,03/2021,0,0.5,2025-03-08
Census Tract,39061020403,White,04/2021,1,0,2025-03-08
Census Tract,39061020403,White,05/2021,2,1,2025-03-08
Census Tract,39061020403,White,06/2021,1,0,2025-03-08
Census Tract,39061020403,White,07/2021,2,0.5,2025-03-08
Census Tract,39061020403,White,08/2021,3,0.5,2025-03-08
Census Tract,39061020403,White,09/2021,0,1,2025-03-08
Census Tract,39061020403,White,10/2021,1,0,2025-03-08
Census Tract,39061020403,White,11/2021,4,0,2025-03-08
Census Tract,39061020403,White,12/2021,3,1.5,2025-03-08
Census Tract,39061020403,White,01/2022,1,0,2025-03-08
Census Tract,39061020403,White,02/2022,1,1,2025-03-08
Census Tract,39061020403,White,03/2022,1,0.5,2025-03-08
Census Tract,39061020403,White,04/2022,1,0,2025-03-08
Census Tract,39061020403,White,05/2022,1,1,2025-03-08
Census Tract,39061020403,White,06/2022,0,0,2025-03-08
Census Tract,39061020403,White,07/2022,2,0.5,2025-03-08
Census Tract,39061020403,White,08/2022,1,0.5,2025-03-08
Census Tract,39061020403,White,09/2022,0,1,2025-03-08
Census Tract,39061020403,White,10/2022,0,0,2025-03-08
Census Tract,39061020403,White,11/2022,1,0,2025-03-08
Census Tract,39061020403,White,12/2022,1,1.5,2025-03-08
Census Tract,39061020403,White,01/2023,0,0,2025-03-08
Census Tract,39061020403,White,02/2023,0,1,2025-03-08
Census Tract,39061020403,White,03/2023,1,0.5,2025-03-08
Census Tract,39061020403,White,04/2023,0,0,2025-03-08
Census Tract,39061020403,White,05/2023,0,1,2025-03-08
Census Tract,39061020403,White,06/2023,0,0,2025-03-08
Census Tract,39061020403,White,07/2023,1,0.5,2025-03-08
Census Tract,39061020403,White,08/2023,0,0.5,2025-03-08
Census Tract,39061020403,White,09/2023,0,1,2025-03-08
Census Tract,39061020403,White,10/2023,0,0,2025-03-08
Census Tract,39061020403,White,11/2023,0,0,2025-03-08
Census Tract,39061020403,White,12/2023,1,1.5,2025-03-08
Census Tract,39061020403,White,01/2024,0,0,2025-03-08
Census Tract,39061020403,White,02/2024,2,1,2025-03-08
Census Tract,39061020403,White,03/2024,0,0.5,2025-03-08
Census Tract,39061020403,White,04/2024,0,0,2025-03-08
Census Tract,39061020403,White,05/2024,2,1,2025-03-08
Census Tract,39061020403,White,06/2024,0,0,2025-03-08
Census Tract,39061020403,White,07/2024,0,0.5,2025-03-08
Census Tract,39061020403,White,08/2024,1,0.5,2025-03-08
Census Tract,39061020403,White,09/2024,2,1,2025-03-08
Census Tract,39061020403,White,10/2024,0,0,2025-03-08
Census Tract,39061020403,White,11/2024,0,0,2025-03-08
Census Tract,39061020403,White,12/2024,2,1.5,2025-03-08
Census Tract,39061020403,White,01/2025,1,0,2025-03-08
Census Tract,39061020403,White,02/2025,2,1,2025-03-08
Census Tract,39061020403,White,03/2025,0,0,2025-03-08
Census Tract,39061020404,White,01/2020,0,0.5,2025-03-08
Census Tract,39061020404,White,02/2020,0,0,2025-03-08
Census Tract,39061020404,White,03/2020,0,0,2025-03-08
Census Tract,39061020404,White,04/2020,0,0,2025-03-08
Census Tract,39061020404,White,05/2020,0,0,2025-03-08
Census Tract,39061020404,White,06/2020,1,0.5,2025-03-08
Census Tract,39061020404,White,07/2020,0,0,2025-03-08
Census Tract,39061020404,White,08/2020,0,0.5,2025-03-08
Census Tract,39061020404,White,09/2020,0,0,2025-03-08
Census Tract,39061020404,White,10/2020,0,0,2025-03-08
Census Tract,39061020404,White,11/2020,0,0,2025-03-08
Census Tract,39061020404,White,12/2020,0,0.5,2025-03-08
Census Tract,39061020404,White,01/2021,0,0.5,2025-03-08
Census Tract,39061020404,White,02/2021,1,0,2025-03-08
Census Tract,39061020404,White,03/2021,0,0,2025-03-08
Census Tract,39061020404,White,04/2021,0,0,2025-03-08
Census Tract,39061020404,White,05/2021,0,0,2025-03-08
Census Tract,39061020404,White,06/2021,0,0.5,2025-03-08
Census Tract,39061020404,White,07/2021,1,0,2025-03-08
Census Tract,39061020404,White,08/2021,0,0.5,2025-03-08
Census Tract,39061020404,White,09/2021,0,0,2025-03-08
Census Tract,39061020404,White,10/2021,0,0,2025-03-08
Census Tract,39061020404,White,11/2021,0,0,2025-03-08
Census Tract,39061020404,White,12/2021,0,0.5,2025-03-08
Census Tract,39061020404,White,01/2022,0,0.5,2025-03-08
Census Tract,39061020404,White,02/2022,0,0,2025-03-08
Census Tract,39061020404,White,03/2022,0,0,2025-03-08
Census Tract,39061020404,White,04/2022,0,0,2025-03-08
Census Tract,39061020404,White,05/2022,1,0,2025-03-08
Census Tract,39061020404,White,06/2022,1,0.5,2025-03-08
Census Tract,39061020404,White,07/2022,1,0,2025-03-08
Census Tract,39061020404,White,08/2022,1,0.5,2025-03-08
Census Tract,39061020404,White,09/2022,0,0,2025-03-08
Census Tract,39061020404,White,10/2022,0,0,2025-03-08
Census Tract,39061020404,White,11/2022,0,0,2025-03-08
Census Tract,39061020404,White,12/2022,0,0.5,2025-03-08
Census Tract,39061020404,White,01/2023,1,0.5,2025-03-08
Census Tract,39061020404,White,02/2023,0,0,2025-03-08
Census Tract,39061020404,White,03/2023,0,0,2025-03-08
Census Tract,39061020404,White,04/2023,0,0,2025-03-08
Census Tract,39061020404,White,05/2023,0,0,2025-03-08
Census Tract,39061020404,White,06/2023,0,0.5,2025-03-08
Census Tract,39061020404,White,07/2023,0,0,2025-03-08
Census Tract,39061020404,White,08/2023,1,0.5,2025-03-08
Census Tract,39061020404,White,09/2023,0,0,2025-03-08
Census Tract,39061020404,White,10/2023,0,0,2025-03-08
Census Tract,39061020404,White,11/2023,0,0,2025-03-08
Census Tract,39061020404,White,12/2023,1,0.5,2025-03-08
Census Tract,39061020404,White,01/2024,0,0.5,2025-03-08
Census Tract,39061020404,White,02/2024,0,0,2025-03-08
Census Tract,39061020404,White,03/2024,0,0,2025-03-08
Census Tract,39061020404,White,04/2024,0,0,2025-03-08
Census Tract,39061020404,White,05/2024,0,0,2025-03-08
Census Tract,39061020404,White,06/2024,1,0.5,2025-03-08
Census Tract,39061020404,White,07/2024,0,0,2025-03-08
Census Tract,39061020404,White,08/2024,0,0.5,2025-03-08
Census Tract,39061020404,White,09/2024,0,0,2025-03-08
Census Tract,39061020404,White,10/2024,0,0,2025-03-08
Census Tract,39061020404,White,11/2024,0,0,2025-03-08
Census Tract,39061020404,White,12/2024,0,0.5,2025-03-08
Census Tract,39061020404,White,01/2025,2,0.5,2025-03-08
Census Tract,39061020404,White,02/2025,0,0,2025-03-08
Census Tract,39061020404,White,03/2025,0,0,2025-03-08
Census Tract,39061020501,White,01/2020,0,0.5,2025-03-08
Census Tract,39061020501,White,02/2020,0,0,2025-03-08
Census Tract,39061020501,White,03/2020,0,0,2025-03-08
Census Tract,39061020501,White,04/2020,0,0,2025-03-08
Census Tract,39061020501,White,05/2020,0,1.5,2025-03-08
Census Tract,39061020501,White,06/2020,0,0,2025-03-08
Census Tract,39061020501,White,07/2020,1,0,2025-03-08
Census Tract,39061020501,White,08/2020,0,1,2025-03-08
Census Tract,39061020501,White,09/2020,1,0,2025-03-08
Census Tract,39061020501,White,10/2020,0,0,2025-03-08
Census Tract,39061020501,White,11/2020,0,0,2025-03-08
Census Tract,39061020501,White,12/2020,0,2,2025-03-08
Census Tract,39061020501,White,01/2021,1,0.5,2025-03-08
Census Tract,39061020501,White,02/2021,0,0,2025-03-08
Census Tract,39061020501,White,03/2021,0,0,2025-03-08
Census Tract,39061020501,White,04/2021,0,0,2025-03-08
Census Tract,39061020501,White,05/2021,1,1.5,2025-03-08
Census Tract,39061020501,White,06/2021,0,0,2025-03-08
Census Tract,39061020501,White,07/2021,0,0,2025-03-08
Census Tract,39061020501,White,08/2021,0,1,2025-03-08
Census Tract,39061020501,White,09/2021,1,0,2025-03-08
Census Tract,39061020501,White,10/2021,0,0,2025-03-08
Census Tract,39061020501,White,11/2021,0,0,2025-03-08
Census Tract,39061020501,White,12/2021,1,2,2025-03-08
Census Tract,39061020501,White,01/2022,1,0.5,2025-03-08
Census Tract,39061020501,White,02/2022,1,0,2025-03-08
Census Tract,39061020501,White,03/2022,0,0,2025-03-08
Census Tract,39061020501,White,04/2022,0,0,2025-03-08
Census Tract,39061020501,White,05/2022,0,1.5,2025-03-08
Census Tract,39061020501,White,06/2022,0,0,2025-03-08
Census Tract,39061020501,White,07/2022,1,0,2025-03-08
Census Tract,39061020501,White,08/2022,0,1,2025-03-08
Census Tract,39061020501,White,09/2022,1,0,2025-03-08
Census Tract,39061020501,White,10/2022,0,0,2025-03-08
Census Tract,39061020501,White,11/2022,0,0,2025-03-08
Census Tract,39061020501,White,12/2022,0,2,2025-03-08
Census Tract,39061020501,White,01/2023,0,0.5,2025-03-08
Census Tract,39061020501,White,02/2023,0,0,2025-03-08
Census Tract,39061020501,White,03/2023,0,0,2025-03-08
Census Tract,39061020501,White,04/2023,0,0,2025-03-08
Census Tract,39061020501,White,05/2023,1,1.5,2025-03-08
Census Tract,39061020501,White,06/2023,0,0,2025-03-08
Census Tract,39061020501,White,07/2023,0,0,2025-03-08
Census Tract,39061020501,White,08/2023,2,1,2025-03-08
Census Tract,39061020501,White,09/2023,0,0,2025-03-08
Census Tract,39061020501,White,10/2023,0,0,2025-03-08
Census Tract,39061020501,White,11/2023,0,0,2025-03-08
Census Tract,39061020501,White,12/2023,1,2,2025-03-08
Census Tract,39061020501,White,01/2024,1,0.5,2025-03-08
Census Tract,39061020501,White,02/2024,0,0,2025-03-08
Census Tract,39061020501,White,03/2024,0,0,2025-03-08
Census Tract,39061020501,White,04/2024,0,0,2025-03-08
Census Tract,39061020501,White,05/2024,2,1.5,2025-03-08
Census Tract,39061020501,White,06/2024,0,0,2025-03-08
Census Tract,39061020501,White,07/2024,0,0,2025-03-08
Census Tract,39061020501,White,08/2024,0,1,2025-03-08
Census Tract,39061020501,White,09/2024,0,0,2025-03-08
Census Tract,39061020501,White,10/2024,0,0,2025-03-08
Census Tract,39061020501,White,11/2024,0,0,2025-03-08
Census Tract,39061020501,White,12/2024,3,2,2025-03-08
Census Tract,39061020501,White,01/2025,0,0.5,2025-03-08
Census Tract,39061020501,White,02/2025,1,0,2025-03-08
Census Tract,39061020501,White,03/2025,0,0,2025-03-08
Census Tract,39061020502,White,01/2020,0,0,2025-03-08
Census Tract,39061020502,White,02/2020,0,0,2025-03-08
Census Tract,39061020502,White,03/2020,0,0.5,2025-03-08
Census Tract,39061020502,White,04/2020,0,1,2025-03-08
Census Tract,39061020502,White,05/2020,1,0,2025-03-08
Census Tract,39061020502,White,06/2020,0,0,2025-03-08
Census Tract,39061020502,White,07/2020,0,0,2025-03-08
Census Tract,39061020502,White,08/2020,0,0,2025-03-08
Census Tract,39061020502,White,09/2020,0,0,2025-03-08
Census Tract,39061020502,White,10/2020,0,0,2025-03-08
Census Tract,39061020502,White,11/2020,0,0,2025-03-08
Census Tract,39061020502,White,12/2020,1,0,2025-03-08
Census Tract,39061020502,White,01/2021,0,0,2025-03-08
Census Tract,39061020502,White,02/2021,0,0,2025-03-08
Census Tract,39061020502,White,03/2021,0,0.5,2025-03-08
Census Tract,39061020502,White,04/2021,0,1,2025-03-08
Census Tract,39061020502,White,05/2021,0,0,2025-03-08
Census Tract,39061020502,White,06/2021,0,0,2025-03-08
Census Tract,39061020502,White,07/2021,0,0,2025-03-08
Census Tract,39061020502,White,08/2021,0,0,2025-03-08
Census Tract,39061020502,White,09/2021,0,0,2025-03-08
Census Tract,39061020502,White,10/2021,0,0,2025-03-08
Census Tract,39061020502,White,11/2021,1,0,2025-03-08
Census Tract,39061020502,White,12/2021,0,0,2025-03-08
Census Tract,39061020502,White,01/2022,0,0,2025-03-08
Census Tract,39061020502,White,02/2022,0,0,2025-03-08
Census Tract,39061020502,White,03/2022,0,0.5,2025-03-08
Census Tract,39061020502,White,04/2022,0,1,2025-03-08
Census Tract,39061020502,White,05/2022,0,0,2025-03-08
Census Tract,39061020502,White,06/2022,0,0,2025-03-08
Census Tract,39061020502,White,07/2022,1,0,2025-03-08
Census Tract,39061020502,White,08/2022,0,0,2025-03-08
Census Tract,39061020502,White,09/2022,1,0,2025-03-08
Census Tract,39061020502,White,10/2022,0,0,2025-03-08
Census Tract,39061020502,White,11/2022,0,0,2025-03-08
Census Tract,39061020502,White,12/2022,0,0,2025-03-08
Census Tract,39061020502,White,01/2023,0,0,2025-03-08
Census Tract,39061020502,White,02/2023,0,0,2025-03-08
Census Tract,39061020502,White,03/2023,0,0.5,2025-03-08
Census Tract,39061020502,White,04/2023,0,1,2025-03-08
Census Tract,39061020502,White,05/2023,0,0,2025-03-08
Census Tract,39061020502,White,06/2023,0,0,2025-03-08
Census Tract,39061020502,White,07/2023,0,0,2025-03-08
Census Tract,39061020502,White,08/2023,0,0,2025-03-08
Census Tract,39061020502,White,09/2023,0,0,2025-03-08
Census Tract,39061020502,White,10/2023,0,0,2025-03-08
Census Tract,39061020502,White,11/2023,0,0,2025-03-08
Census Tract,39061020502,White,12/2023,0,0,2025-03-08
Census Tract,39061020502,White,01/2024,0,0,2025-03-08
Census Tract,39061020502,White,02/2024,0,0,2025-03-08
Census Tract,39061020502,White,03/2024,1,0.5,2025-03-08
Census Tract,39061020502,White,04/2024,2,1,2025-03-08
Census Tract,39061020502,White,05/2024,0,0,2025-03-08
Census Tract,39061020502,White,06/2024,0,0,2025-03-08
Census Tract,39061020502,White,07/2024,0,0,2025-03-08
Census Tract,39061020502,White,08/2024,0,0,2025-03-08
Census Tract,39061020502,White,09/2024,0,0,2025-03-08
Census Tract,39061020502,White,10/2024,0,0,2025-03-08
Census Tract,39061020502,White,11/2024,0,0,2025-03-08
Census Tract,39061020502,White,12/2024,0,0,2025-03-08
Census Tract,39061020502,White,01/2025,1,0,2025-03-08
Census Tract,39061020502,White,02/2025,0,0,2025-03-08
Census Tract,39061020502,White,03/2025,0,0,2025-03-08
Census Tract,39061020504,White,01/2020,0,1,2025-03-08
Census Tract,39061020504,White,02/2020,0,1,2025-03-08
Census Tract,39061020504,White,03/2020,0,0.5,2025-03-08
Census Tract,39061020504,White,04/2020,0,1,2025-03-08
Census Tract,39061020504,White,05/2020,0,0.5,2025-03-08
Census Tract,39061020504,White,06/2020,2,2.5,2025-03-08
Census Tract,39061020504,White,07/2020,0,1.5,2025-03-08
Census Tract,39061020504,White,08/2020,0,2,2025-03-08
Census Tract,39061020504,White,09/2020,2,1.5,2025-03-08
Census Tract,39061020504,White,10/2020,0,1.5,2025-03-08
Census Tract,39061020504,White,11/2020,0,3,2025-03-08
Census Tract,39061020504,White,12/2020,5,0,2025-03-08
Census Tract,39061020504,White,01/2021,2,1,2025-03-08
Census Tract,39061020504,White,02/2021,0,0,2025-03-08
Census Tract,39061020504,White,03/2021,0,0.5,2025-03-08
Census Tract,39061020504,White,04/2021,2,1,2025-03-08
Census Tract,39061020504,White,05/2021,1,0.5,2025-03-08
Census Tract,39061020504,White,06/2021,3,2.5,2025-03-08
Census Tract,39061020504,White,07/2021,0,1.5,2025-03-08
Census Tract,39061020504,White,08/2021,0,2,2025-03-08
Census Tract,39061020504,White,09/2021,2,1.5,2025-03-08
Census Tract,39061020504,White,10/2021,0,1.5,2025-03-08
Census Tract,39061020504,White,11/2021,2,3,2025-03-08
Census Tract,39061020504,White,12/2021,2,0,2025-03-08
Census Tract,39061020504,White,01/2022,12,1,2025-03-08
Census Tract,39061020504,White,02/2022,6,0,2025-03-08
Census Tract,39061020504,White,03/2022,0,0.5,2025-03-08
Census Tract,39061020504,White,04/2022,2,1,2025-03-08
Census Tract,39061020504,White,05/2022,1,0.5,2025-03-08
Census Tract,39061020504,White,06/2022,3,2.5,2025-03-08
Census Tract,39061020504,White,07/2022,2,1.5,2025-03-08
Census Tract,39061020504,White,08/2022,2,2,2025-03-08
Census Tract,39061020504,White,09/2022,2,1.5,2025-03-08
Census Tract,39061020504,White,10/2022,3,1.5,2025-03-08
Census Tract,39061020504,White,11/2022,1,3,2025-03-08
Census Tract,39061020504,White,12/2022,5,0,2025-03-08
Census Tract,39061020504,White,01/2023,1,1,2025-03-08
Census Tract,39061020504,White,02/2023,0,0,2025-03-08
Census Tract,39061020504,White,03/2023,0,0.5,2025-03-08
Census Tract,39061020504,White,04/2023,1,1,2025-03-08
Census Tract,39061020504,White,05/2023,0,0.5,2025-03-08
Census Tract,39061020504,White,06/2023,3,2.5,2025-03-08
Census Tract,39061020504,White,07/2023,0,1.5,2025-03-08
Census Tract,39061020504,White,08/2023,1,2,2025-03-08
Census Tract,39061020504,White,09/2023,3,1.5,2025-03-08
Census Tract,39061020504,White,10/2023,1,1.5,2025-03-08
Census Tract,39061020504,White,11/2023,1,3,2025-03-08
Census Tract,39061020504,White,12/2023,0,0,2025-03-08
Census Tract,39061020504,White,01/2024,1,1,2025-03-08
Census Tract,39061020504,White,02/2024,2,1,2025-03-08
Census Tract,39061020504,White,03/2024,1,0.5,2025-03-08
Census Tract,39061020504,White,04/2024,1,1,2025-03-08
Census Tract,39061020504,White,05/2024,1,0.5,2025-03-08
Census Tract,39061020504,White,06/2024,2,2.5,2025-03-08
Census Tract,39061020504,White,07/2024,3,1.5,2025-03-08
Census Tract,39061020504,White,08/2024,3,2,2025-03-08
Census Tract,39061020504,White,09/2024,0,1.5,2025-03-08
Census Tract,39061020504,White,10/2024,2,1.5,2025-03-08
Census Tract,39061020504,White,11/2024,5,3,2025-03-08
Census Tract,39061020504,White,12/2024,0,0,2025-03-08
Census Tract,39061020504,White,01/2025,3,1,2025-03-08
Census Tract,39061020504,White,02/2025,2,0,2025-03-08
Census Tract,39061020504,White,03/2025,0,0.5,2025-03-08
Census Tract,39061020505,White,01/2020,0,2.5,2025-03-08
Census Tract,39061020505,White,02/2020,0,9.5,2025-03-08
Census Tract,39061020505,White,03/2020,0,2,2025-03-08
Census Tract,39061020505,White,04/2020,0,4,2025-03-08
Census Tract,39061020505,White,05/2020,0,2,2025-03-08
Census Tract,39061020505,White,06/2020,0,12,2025-03-08
Census Tract,39061020505,White,07/2020,0,8,2025-03-08
Census Tract,39061020505,White,08/2020,1,5.5,2025-03-08
Census Tract,39061020505,White,09/2020,3,7.5,2025-03-08
Census Tract,39061020505,White,10/2020,1,4.5,2025-03-08
Census Tract,39061020505,White,11/2020,2,4,2025-03-08
Census Tract,39061020505,White,12/2020,5,3,2025-03-08
Census Tract,39061020505,White,01/2021,5,2.5,2025-03-08
Census Tract,39061020505,White,02/2021,0,9.5,2025-03-08
Census Tract,39061020505,White,03/2021,3,2,2025-03-08
Census Tract,39061020505,White,04/2021,2,4,2025-03-08
Census Tract,39061020505,White,05/2021,4,2,2025-03-08
Census Tract,39061020505,White,06/2021,3,12,2025-03-08
Census Tract,39061020505,White,07/2021,5,8,2025-03-08
Census Tract,39061020505,White,08/2021,3,5.5,2025-03-08
Census Tract,39061020505,White,09/2021,9,7.5,2025-03-08
Census Tract,39061020505,White,10/2021,11,4.5,2025-03-08
Census Tract,39061020505,White,11/2021,2,4,2025-03-08
Census Tract,39061020505,White,12/2021,2,3,2025-03-08
Census Tract,39061020505,White,01/2022,10,2.5,2025-03-08
Census Tract,39061020505,White,02/2022,11,9.5,2025-03-08
Census Tract,39061020505,White,03/2022,2,2,2025-03-08
Census Tract,39061020505,White,04/2022,3,4,2025-03-08
Census Tract,39061020505,White,05/2022,5,2,2025-03-08
Census Tract,39061020505,White,06/2022,11,12,2025-03-08
Census Tract,39061020505,White,07/2022,3,8,2025-03-08
Census Tract,39061020505,White,08/2022,8,5.5,2025-03-08
Census Tract,39061020505,White,09/2022,3,7.5,2025-03-08
Census Tract,39061020505,White,10/2022,5,4.5,2025-03-08
Census Tract,39061020505,White,11/2022,3,4,2025-03-08
Census Tract,39061020505,White,12/2022,3,3,2025-03-08
Census Tract,39061020505,White,01/2023,3,2.5,2025-03-08
Census Tract,39061020505,White,02/2023,7,9.5,2025-03-08
Census Tract,39061020505,White,03/2023,1,2,2025-03-08
Census Tract,39061020505,White,04/2023,2,4,2025-03-08
Census Tract,39061020505,White,05/2023,1,2,2025-03-08
Census Tract,39061020505,White,06/2023,13,12,2025-03-08
Census Tract,39061020505,White,07/2023,1,8,2025-03-08
Census Tract,39061020505,White,08/2023,7,5.5,2025-03-08
Census Tract,39061020505,White,09/2023,5,7.5,2025-03-08
Census Tract,39061020505,White,10/2023,2,4.5,2025-03-08
Census Tract,39061020505,White,11/2023,2,4,2025-03-08
Census Tract,39061020505,White,12/2023,3,3,2025-03-08
Census Tract,39061020505,White,01/2024,2,2.5,2025-03-08
Census Tract,39061020505,White,02/2024,12,9.5,2025-03-08
Census Tract,39061020505,White,03/2024,3,2,2025-03-08
Census Tract,39061020505,White,04/2024,6,4,2025-03-08
Census Tract,39061020505,White,05/2024,3,2,2025-03-08
Census Tract,39061020505,White,06/2024,11,12,2025-03-08
Census Tract,39061020505,White,07/2024,15,8,2025-03-08
Census Tract,39061020505,White,08/2024,4,5.5,2025-03-08
Census Tract,39061020505,White,09/2024,10,7.5,2025-03-08
Census Tract,39061020505,White,10/2024,7,4.5,2025-03-08
Census Tract,39061020505,White,11/2024,6,4,2025-03-08
Census Tract,39061020505,White,12/2024,3,3,2025-03-08
Census Tract,39061020505,White,01/2025,9,2.5,2025-03-08
Census Tract,39061020505,White,02/2025,8,9.5,2025-03-08
Census Tract,39061020505,White,03/2025,0,0,2025-03-08
Census Tract,39061020601,White,01/2020,0,1,2025-03-08
Census Tract,39061020601,White,02/2020,0,2,2025-03-08
Census Tract,39061020601,White,03/2020,0,1,2025-03-08
Census Tract,39061020601,White,04/2020,0,2,2025-03-08
Census Tract,39061020601,White,05/2020,2,1,2025-03-08
Census Tract,39061020601,White,06/2020,0,2,2025-03-08
Census Tract,39061020601,White,07/2020,4,2,2025-03-08
Census Tract,39061020601,White,08/2020,3,4.5,2025-03-08
Census Tract,39061020601,White,09/2020,2,2.5,2025-03-08
Census Tract,39061020601,White,10/2020,0,1,2025-03-08
Census Tract,39061020601,White,11/2020,1,1.5,2025-03-08
Census Tract,39061020601,White,12/2020,0,0,2025-03-08
Census Tract,39061020601,White,01/2021,4,1,2025-03-08
Census Tract,39061020601,White,02/2021,4,2,2025-03-08
Census Tract,39061020601,White,03/2021,2,1,2025-03-08
Census Tract,39061020601,White,04/2021,3,2,2025-03-08
Census Tract,39061020601,White,05/2021,0,1,2025-03-08
Census Tract,39061020601,White,06/2021,0,2,2025-03-08
Census Tract,39061020601,White,07/2021,2,2,2025-03-08
Census Tract,39061020601,White,08/2021,1,4.5,2025-03-08
Census Tract,39061020601,White,09/2021,0,2.5,2025-03-08
Census Tract,39061020601,White,10/2021,1,1,2025-03-08
Census Tract,39061020601,White,11/2021,0,1.5,2025-03-08
Census Tract,39061020601,White,12/2021,3,0,2025-03-08
Census Tract,39061020601,White,01/2022,4,1,2025-03-08
Census Tract,39061020601,White,02/2022,2,2,2025-03-08
Census Tract,39061020601,White,03/2022,1,1,2025-03-08
Census Tract,39061020601,White,04/2022,2,2,2025-03-08
Census Tract,39061020601,White,05/2022,4,1,2025-03-08
Census Tract,39061020601,White,06/2022,3,2,2025-03-08
Census Tract,39061020601,White,07/2022,6,2,2025-03-08
Census Tract,39061020601,White,08/2022,2,4.5,2025-03-08
Census Tract,39061020601,White,09/2022,0,2.5,2025-03-08
Census Tract,39061020601,White,10/2022,7,1,2025-03-08
Census Tract,39061020601,White,11/2022,1,1.5,2025-03-08
Census Tract,39061020601,White,12/2022,7,0,2025-03-08
Census Tract,39061020601,White,01/2023,1,1,2025-03-08
Census Tract,39061020601,White,02/2023,1,2,2025-03-08
Census Tract,39061020601,White,03/2023,1,1,2025-03-08
Census Tract,39061020601,White,04/2023,2,2,2025-03-08
Census Tract,39061020601,White,05/2023,2,1,2025-03-08
Census Tract,39061020601,White,06/2023,2,2,2025-03-08
Census Tract,39061020601,White,07/2023,4,2,2025-03-08
Census Tract,39061020601,White,08/2023,6,4.5,2025-03-08
Census Tract,39061020601,White,09/2023,2,2.5,2025-03-08
Census Tract,39061020601,White,10/2023,2,1,2025-03-08
Census Tract,39061020601,White,11/2023,2,1.5,2025-03-08
Census Tract,39061020601,White,12/2023,0,0,2025-03-08
Census Tract,39061020601,White,01/2024,1,1,2025-03-08
Census Tract,39061020601,White,02/2024,3,2,2025-03-08
Census Tract,39061020601,White,03/2024,1,1,2025-03-08
Census Tract,39061020601,White,04/2024,2,2,2025-03-08
Census Tract,39061020601,White,05/2024,0,1,2025-03-08
Census Tract,39061020601,White,06/2024,2,2,2025-03-08
Census Tract,39061020601,White,07/2024,0,2,2025-03-08
Census Tract,39061020601,White,08/2024,3,4.5,2025-03-08
Census Tract,39061020601,White,09/2024,3,2.5,2025-03-08
Census Tract,39061020601,White,10/2024,0,1,2025-03-08
Census Tract,39061020601,White,11/2024,1,1.5,2025-03-08
Census Tract,39061020601,White,12/2024,0,0,2025-03-08
Census Tract,39061020601,White,01/2025,1,1,2025-03-08
Census Tract,39061020601,White,02/2025,1,2,2025-03-08
Census Tract,39061020601,White,03/2025,0,0,2025-03-08
Census Tract,39061020603,White,01/2020,0,1.5,2025-03-08
Census Tract,39061020603,White,02/2020,0,0.5,2025-03-08
Census Tract,39061020603,White,03/2020,0,2,2025-03-08
Census Tract,39061020603,White,04/2020,0,1,2025-03-08
Census Tract,39061020603,White,05/2020,0,2,2025-03-08
Census Tract,39061020603,White,06/2020,0,1.5,2025-03-08
Census Tract,39061020603,White,07/2020,0,1,2025-03-08
Census Tract,39061020603,White,08/2020,2,0.5,2025-03-08
Census Tract,39061020603,White,09/2020,1,1,2025-03-08
Census Tract,39061020603,White,10/2020,1,2.5,2025-03-08
Census Tract,39061020603,White,11/2020,0,2,2025-03-08
Census Tract,39061020603,White,12/2020,0,0,2025-03-08
Census Tract,39061020603,White,01/2021,0,1.5,2025-03-08
Census Tract,39061020603,White,02/2021,0,0.5,2025-03-08
Census Tract,39061020603,White,03/2021,0,2,2025-03-08
Census Tract,39061020603,White,04/2021,1,1,2025-03-08
Census Tract,39061020603,White,05/2021,1,2,2025-03-08
Census Tract,39061020603,White,06/2021,1,1.5,2025-03-08
Census Tract,39061020603,White,07/2021,1,1,2025-03-08
Census Tract,39061020603,White,08/2021,0,0.5,2025-03-08
Census Tract,39061020603,White,09/2021,1,1,2025-03-08
Census Tract,39061020603,White,10/2021,1,2.5,2025-03-08
Census Tract,39061020603,White,11/2021,1,2,2025-03-08
Census Tract,39061020603,White,12/2021,1,0,2025-03-08
Census Tract,39061020603,White,01/2022,1,1.5,2025-03-08
Census Tract,39061020603,White,02/2022,2,0.5,2025-03-08
Census Tract,39061020603,White,03/2022,1,2,2025-03-08
Census Tract,39061020603,White,04/2022,1,1,2025-03-08
Census Tract,39061020603,White,05/2022,1,2,2025-03-08
Census Tract,39061020603,White,06/2022,1,1.5,2025-03-08
Census Tract,39061020603,White,07/2022,0,1,2025-03-08
Census Tract,39061020603,White,08/2022,1,0.5,2025-03-08
Census Tract,39061020603,White,09/2022,1,1,2025-03-08
Census Tract,39061020603,White,10/2022,2,2.5,2025-03-08
Census Tract,39061020603,White,11/2022,0,2,2025-03-08
Census Tract,39061020603,White,12/2022,0,0,2025-03-08
Census Tract,39061020603,White,01/2023,2,1.5,2025-03-08
Census Tract,39061020603,White,02/2023,1,0.5,2025-03-08
Census Tract,39061020603,White,03/2023,3,2,2025-03-08
Census Tract,39061020603,White,04/2023,1,1,2025-03-08
Census Tract,39061020603,White,05/2023,4,2,2025-03-08
Census Tract,39061020603,White,06/2023,2,1.5,2025-03-08
Census Tract,39061020603,White,07/2023,0,1,2025-03-08
Census Tract,39061020603,White,08/2023,0,0.5,2025-03-08
Census Tract,39061020603,White,09/2023,2,1,2025-03-08
Census Tract,39061020603,White,10/2023,2,2.5,2025-03-08
Census Tract,39061020603,White,11/2023,4,2,2025-03-08
Census Tract,39061020603,White,12/2023,0,0,2025-03-08
Census Tract,39061020603,White,01/2024,1,1.5,2025-03-08
Census Tract,39061020603,White,02/2024,0,0.5,2025-03-08
Census Tract,39061020603,White,03/2024,1,2,2025-03-08
Census Tract,39061020603,White,04/2024,1,1,2025-03-08
Census Tract,39061020603,White,05/2024,0,2,2025-03-08
Census Tract,39061020603,White,06/2024,1,1.5,2025-03-08
Census Tract,39061020603,White,07/2024,2,1,2025-03-08
Census Tract,39061020603,White,08/2024,1,0.5,2025-03-08
Census Tract,39061020603,White,09/2024,0,1,2025-03-08
Census Tract,39061020603,White,10/2024,3,2.5,2025-03-08
Census Tract,39061020603,White,11/2024,0,2,2025-03-08
Census Tract,39061020603,White,12/2024,0,0,2025-03-08
Census Tract,39061020603,White,01/2025,1,1.5,2025-03-08
Census Tract,39061020603,White,02/2025,0,0.5,2025-03-08
Census Tract,39061020603,White,03/2025,0,1.5,2025-03-08
Census Tract,39061020604,White,01/2020,0,2,2025-03-08
Census Tract,39061020604,White,02/2020,0,2,2025-03-08
Census Tract,39061020604,White,03/2020,0,0.5,2025-03-08
Census Tract,39061020604,White,04/2020,0,1,2025-03-08
Census Tract,39061020604,White,05/2020,0,2.5,2025-03-08
Census Tract,39061020604,White,06/2020,0,3.5,2025-03-08
Census Tract,39061020604,White,07/2020,0,1,2025-03-08
Census Tract,39061020604,White,08/2020,1,2,2025-03-08
Census Tract,39061020604,White,09/2020,0,1.5,2025-03-08
Census Tract,39061020604,White,10/2020,0,2,2025-03-08
Census Tract,39061020604,White,11/2020,0,1,2025-03-08
Census Tract,39061020604,White,12/2020,0,3.5,2025-03-08
Census Tract,39061020604,White,01/2021,0,2,2025-03-08
Census Tract,39061020604,White,02/2021,0,2,2025-03-08
Census Tract,39061020604,White,03/2021,0,0.5,2025-03-08
Census Tract,39061020604,White,04/2021,0,1,2025-03-08
Census Tract,39061020604,White,05/2021,0,2.5,2025-03-08
Census Tract,39061020604,White,06/2021,0,3.5,2025-03-08
Census Tract,39061020604,White,07/2021,0,1,2025-03-08
Census Tract,39061020604,White,08/2021,0,2,2025-03-08
Census Tract,39061020604,White,09/2021,1,1.5,2025-03-08
Census Tract,39061020604,White,10/2021,0,2,2025-03-08
Census Tract,39061020604,White,11/2021,0,1,2025-03-08
Census Tract,39061020604,White,12/2021,0,3.5,2025-03-08
Census Tract,39061020604,White,01/2022,0,2,2025-03-08
Census Tract,39061020604,White,02/2022,1,2,2025-03-08
Census Tract,39061020604,White,03/2022,1,0.5,2025-03-08
Census Tract,39061020604,White,04/2022,1,1,2025-03-08
Census Tract,39061020604,White,05/2022,0,2.5,2025-03-08
Census Tract,39061020604,White,06/2022,2,3.5,2025-03-08
Census Tract,39061020604,White,07/2022,0,1,2025-03-08
Census Tract,39061020604,White,08/2022,0,2,2025-03-08
Census Tract,39061020604,White,09/2022,0,1.5,2025-03-08
Census Tract,39061020604,White,10/2022,0,2,2025-03-08
Census Tract,39061020604,White,11/2022,1,1,2025-03-08
Census Tract,39061020604,White,12/2022,1,3.5,2025-03-08
Census Tract,39061020604,White,01/2023,0,2,2025-03-08
Census Tract,39061020604,White,02/2023,2,2,2025-03-08
Census Tract,39061020604,White,03/2023,1,0.5,2025-03-08
Census Tract,39061020604,White,04/2023,0,1,2025-03-08
Census Tract,39061020604,White,05/2023,2,2.5,2025-03-08
Census Tract,39061020604,White,06/2023,4,3.5,2025-03-08
Census Tract,39061020604,White,07/2023,1,1,2025-03-08
Census Tract,39061020604,White,08/2023,2,2,2025-03-08
Census Tract,39061020604,White,09/2023,3,1.5,2025-03-08
Census Tract,39061020604,White,10/2023,3,2,2025-03-08
Census Tract,39061020604,White,11/2023,1,1,2025-03-08
Census Tract,39061020604,White,12/2023,6,3.5,2025-03-08
Census Tract,39061020604,White,01/2024,4,2,2025-03-08
Census Tract,39061020604,White,02/2024,2,2,2025-03-08
Census Tract,39061020604,White,03/2024,0,0.5,2025-03-08
Census Tract,39061020604,White,04/2024,2,1,2025-03-08
Census Tract,39061020604,White,05/2024,3,2.5,2025-03-08
Census Tract,39061020604,White,06/2024,3,3.5,2025-03-08
Census Tract,39061020604,White,07/2024,1,1,2025-03-08
Census Tract,39061020604,White,08/2024,2,2,2025-03-08
Census Tract,39061020604,White,09/2024,0,1.5,2025-03-08
Census Tract,39061020604,White,10/2024,1,2,2025-03-08
Census Tract,39061020604,White,11/2024,1,1,2025-03-08
Census Tract,39061020604,White,12/2024,1,3.5,2025-03-08
Census Tract,39061020604,White,01/2025,0,2,2025-03-08
Census Tract,39061020604,White,02/2025,2,2,2025-03-08
Census Tract,39061020604,White,03/2025,1,0,2025-03-08
Census Tract,39061020701,White,01/2020,0,6,2025-03-08
Census Tract,39061020701,White,02/2020,0,7,2025-03-08
Census Tract,39061020701,White,03/2020,0,2.5,2025-03-08
Census Tract,39061020701,White,04/2020,0,11,2025-03-08
Census Tract,39061020701,White,05/2020,0,11,2025-03-08
Census Tract,39061020701,White,06/2020,2,6.5,2025-03-08
Census Tract,39061020701,White,07/2020,1,4.5,2025-03-08
Census Tract,39061020701,White,08/2020,3,5.5,2025-03-08
Census Tract,39061020701,White,09/2020,5,7,2025-03-08
Census Tract,39061020701,White,10/2020,0,5,2025-03-08
Census Tract,39061020701,White,11/2020,2,6,2025-03-08
Census Tract,39061020701,White,12/2020,5,7,2025-03-08
Census Tract,39061020701,White,01/2021,1,6,2025-03-08
Census Tract,39061020701,White,02/2021,1,7,2025-03-08
Census Tract,39061020701,White,03/2021,2,2.5,2025-03-08
Census Tract,39061020701,White,04/2021,1,11,2025-03-08
Census Tract,39061020701,White,05/2021,5,11,2025-03-08
Census Tract,39061020701,White,06/2021,3,6.5,2025-03-08
Census Tract,39061020701,White,07/2021,2,4.5,2025-03-08
Census Tract,39061020701,White,08/2021,1,5.5,2025-03-08
Census Tract,39061020701,White,09/2021,2,7,2025-03-08
Census Tract,39061020701,White,10/2021,3,5,2025-03-08
Census Tract,39061020701,White,11/2021,2,6,2025-03-08
Census Tract,39061020701,White,12/2021,1,7,2025-03-08
Census Tract,39061020701,White,01/2022,11,6,2025-03-08
Census Tract,39061020701,White,02/2022,5,7,2025-03-08
Census Tract,39061020701,White,03/2022,4,2.5,2025-03-08
Census Tract,39061020701,White,04/2022,7,11,2025-03-08
Census Tract,39061020701,White,05/2022,7,11,2025-03-08
Census Tract,39061020701,White,06/2022,1,6.5,2025-03-08
Census Tract,39061020701,White,07/2022,2,4.5,2025-03-08
Census Tract,39061020701,White,08/2022,8,5.5,2025-03-08
Census Tract,39061020701,White,09/2022,6,7,2025-03-08
Census Tract,39061020701,White,10/2022,6,5,2025-03-08
Census Tract,39061020701,White,11/2022,7,6,2025-03-08
Census Tract,39061020701,White,12/2022,3,7,2025-03-08
Census Tract,39061020701,White,01/2023,8,6,2025-03-08
Census Tract,39061020701,White,02/2023,10,7,2025-03-08
Census Tract,39061020701,White,03/2023,4,2.5,2025-03-08
Census Tract,39061020701,White,04/2023,12,11,2025-03-08
Census Tract,39061020701,White,05/2023,15,11,2025-03-08
Census Tract,39061020701,White,06/2023,9,6.5,2025-03-08
Census Tract,39061020701,White,07/2023,1,4.5,2025-03-08
Census Tract,39061020701,White,08/2023,5,5.5,2025-03-08
Census Tract,39061020701,White,09/2023,9,7,2025-03-08
Census Tract,39061020701,White,10/2023,5,5,2025-03-08
Census Tract,39061020701,White,11/2023,8,6,2025-03-08
Census Tract,39061020701,White,12/2023,7,7,2025-03-08
Census Tract,39061020701,White,01/2024,4,6,2025-03-08
Census Tract,39061020701,White,02/2024,4,7,2025-03-08
Census Tract,39061020701,White,03/2024,1,2.5,2025-03-08
Census Tract,39061020701,White,04/2024,10,11,2025-03-08
Census Tract,39061020701,White,05/2024,7,11,2025-03-08
Census Tract,39061020701,White,06/2024,4,6.5,2025-03-08
Census Tract,39061020701,White,07/2024,8,4.5,2025-03-08
Census Tract,39061020701,White,08/2024,6,5.5,2025-03-08
Census Tract,39061020701,White,09/2024,5,7,2025-03-08
Census Tract,39061020701,White,10/2024,5,5,2025-03-08
Census Tract,39061020701,White,11/2024,4,6,2025-03-08
Census Tract,39061020701,White,12/2024,7,7,2025-03-08
Census Tract,39061020701,White,01/2025,8,6,2025-03-08
Census Tract,39061020701,White,02/2025,7,7,2025-03-08
Census Tract,39061020701,White,03/2025,0,0,2025-03-08
Census Tract,39061020705,Other,01/2020,0,8.5,2025-03-08
Census Tract,39061020705,Other,02/2020,0,8.5,2025-03-08
Census Tract,39061020705,Other,03/2020,0,2,2025-03-08
Census Tract,39061020705,Other,04/2020,0,4,2025-03-08
Census Tract,39061020705,Other,05/2020,1,8,2025-03-08
Census Tract,39061020705,Other,06/2020,0,5,2025-03-08
Census Tract,39061020705,Other,07/2020,4,11,2025-03-08
Census Tract,39061020705,Other,08/2020,3,9.5,2025-03-08
Census Tract,39061020705,Other,09/2020,3,14,2025-03-08
Census Tract,39061020705,Other,10/2020,6,9.5,2025-03-08
Census Tract,39061020705,Other,11/2020,1,12,2025-03-08
Census Tract,39061020705,Other,12/2020,4,8,2025-03-08
Census Tract,39061020705,Other,01/2021,9,8.5,2025-03-08
Census Tract,39061020705,Other,02/2021,4,8.5,2025-03-08
Census Tract,39061020705,Other,03/2021,0,2,2025-03-08
Census Tract,39061020705,Other,04/2021,1,4,2025-03-08
Census Tract,39061020705,Other,05/2021,2,8,2025-03-08
Census Tract,39061020705,Other,06/2021,1,5,2025-03-08
Census Tract,39061020705,Other,07/2021,3,11,2025-03-08
Census Tract,39061020705,Other,08/2021,3,9.5,2025-03-08
Census Tract,39061020705,Other,09/2021,0,14,2025-03-08
Census Tract,39061020705,Other,10/2021,5,9.5,2025-03-08
Census Tract,39061020705,Other,11/2021,0,12,2025-03-08
Census Tract,39061020705,Other,12/2021,4,8,2025-03-08
Census Tract,39061020705,Other,01/2022,2,8.5,2025-03-08
Census Tract,39061020705,Other,02/2022,4,8.5,2025-03-08
Census Tract,39061020705,Other,03/2022,6,2,2025-03-08
Census Tract,39061020705,Other,04/2022,2,4,2025-03-08
Census Tract,39061020705,Other,05/2022,8,8,2025-03-08
Census Tract,39061020705,Other,06/2022,2,5,2025-03-08
Census Tract,39061020705,Other,07/2022,12,11,2025-03-08
Census Tract,39061020705,Other,08/2022,6,9.5,2025-03-08
Census Tract,39061020705,Other,09/2022,7,14,2025-03-08
Census Tract,39061020705,Other,10/2022,6,9.5,2025-03-08
Census Tract,39061020705,Other,11/2022,2,12,2025-03-08
Census Tract,39061020705,Other,12/2022,9,8,2025-03-08
Census Tract,39061020705,Other,01/2023,8,8.5,2025-03-08
Census Tract,39061020705,Other,02/2023,6,8.5,2025-03-08
Census Tract,39061020705,Other,03/2023,4,2,2025-03-08
Census Tract,39061020705,Other,04/2023,5,4,2025-03-08
Census Tract,39061020705,Other,05/2023,7,8,2025-03-08
Census Tract,39061020705,Other,06/2023,7,5,2025-03-08
Census Tract,39061020705,Other,07/2023,6,11,2025-03-08
Census Tract,39061020705,Other,08/2023,6,9.5,2025-03-08
Census Tract,39061020705,Other,09/2023,19,14,2025-03-08
Census Tract,39061020705,Other,10/2023,11,9.5,2025-03-08
Census Tract,39061020705,Other,11/2023,17,12,2025-03-08
Census Tract,39061020705,Other,12/2023,11,8,2025-03-08
Census Tract,39061020705,Other,01/2024,9,8.5,2025-03-08
Census Tract,39061020705,Other,02/2024,11,8.5,2025-03-08
Census Tract,39061020705,Other,03/2024,0,2,2025-03-08
Census Tract,39061020705,Other,04/2024,3,4,2025-03-08
Census Tract,39061020705,Other,05/2024,9,8,2025-03-08
Census Tract,39061020705,Other,06/2024,3,5,2025-03-08
Census Tract,39061020705,Other,07/2024,16,11,2025-03-08
Census Tract,39061020705,Other,08/2024,13,9.5,2025-03-08
Census Tract,39061020705,Other,09/2024,9,14,2025-03-08
Census Tract,39061020705,Other,10/2024,8,9.5,2025-03-08
Census Tract,39061020705,Other,11/2024,7,12,2025-03-08
Census Tract,39061020705,Other,12/2024,5,8,2025-03-08
Census Tract,39061020705,Other,01/2025,7,8.5,2025-03-08
Census Tract,39061020705,Other,02/2025,8,8.5,2025-03-08
Census Tract,39061020705,Other,03/2025,0,0,2025-03-08
Census Tract,39061020707,White,01/2020,0,0,2025-03-08
Census Tract,39061020707,White,02/2020,0,0.5,2025-03-08
Census Tract,39061020707,White,03/2020,0,0,2025-03-08
Census Tract,39061020707,White,04/2020,0,0,2025-03-08
Census Tract,39061020707,White,05/2020,0,0,2025-03-08
Census Tract,39061020707,White,06/2020,0,1,2025-03-08
Census Tract,39061020707,White,07/2020,0,1.5,2025-03-08
Census Tract,39061020707,White,08/2020,0,0,2025-03-08
Census Tract,39061020707,White,09/2020,0,0.5,2025-03-08
Census Tract,39061020707,White,10/2020,0,0.5,2025-03-08
Census Tract,39061020707,White,11/2020,0,1,2025-03-08
Census Tract,39061020707,White,12/2020,0,0,2025-03-08
Census Tract,39061020707,White,01/2021,1,0,2025-03-08
Census Tract,39061020707,White,02/2021,1,0.5,2025-03-08
Census Tract,39061020707,White,03/2021,0,0,2025-03-08
Census Tract,39061020707,White,04/2021,0,0,2025-03-08
Census Tract,39061020707,White,05/2021,0,0,2025-03-08
Census Tract,39061020707,White,06/2021,0,1,2025-03-08
Census Tract,39061020707,White,07/2021,0,1.5,2025-03-08
Census Tract,39061020707,White,08/2021,1,0,2025-03-08
Census Tract,39061020707,White,09/2021,0,0.5,2025-03-08
Census Tract,39061020707,White,10/2021,0,0.5,2025-03-08
Census Tract,39061020707,White,11/2021,2,1,2025-03-08
Census Tract,39061020707,White,12/2021,1,0,2025-03-08
Census Tract,39061020707,White,01/2022,0,0,2025-03-08
Census Tract,39061020707,White,02/2022,0,0.5,2025-03-08
Census Tract,39061020707,White,03/2022,0,0,2025-03-08
Census Tract,39061020707,White,04/2022,0,0,2025-03-08
Census Tract,39061020707,White,05/2022,0,0,2025-03-08
Census Tract,39061020707,White,06/2022,1,1,2025-03-08
Census Tract,39061020707,White,07/2022,0,1.5,2025-03-08
Census Tract,39061020707,White,08/2022,0,0,2025-03-08
Census Tract,39061020707,White,09/2022,0,0.5,2025-03-08
Census Tract,39061020707,White,10/2022,0,0.5,2025-03-08
Census Tract,39061020707,White,11/2022,0,1,2025-03-08
Census Tract,39061020707,White,12/2022,0,0,2025-03-08
Census Tract,39061020707,White,01/2023,0,0,2025-03-08
Census Tract,39061020707,White,02/2023,1,0.5,2025-03-08
Census Tract,39061020707,White,03/2023,0,0,2025-03-08
Census Tract,39061020707,White,04/2023,0,0,2025-03-08
Census Tract,39061020707,White,05/2023,0,0,2025-03-08
Census Tract,39061020707,White,06/2023,2,1,2025-03-08
Census Tract,39061020707,White,07/2023,1,1.5,2025-03-08
Census Tract,39061020707,White,08/2023,0,0,2025-03-08
Census Tract,39061020707,White,09/2023,1,0.5,2025-03-08
Census Tract,39061020707,White,10/2023,1,0.5,2025-03-08
Census Tract,39061020707,White,11/2023,0,1,2025-03-08
Census Tract,39061020707,White,12/2023,0,0,2025-03-08
Census Tract,39061020707,White,01/2024,0,0,2025-03-08
Census Tract,39061020707,White,02/2024,0,0.5,2025-03-08
Census Tract,39061020707,White,03/2024,0,0,2025-03-08
Census Tract,39061020707,White,04/2024,0,0,2025-03-08
Census Tract,39061020707,White,05/2024,0,0,2025-03-08
Census Tract,39061020707,White,06/2024,0,1,2025-03-08
Census Tract,39061020707,White,07/2024,2,1.5,2025-03-08
Census Tract,39061020707,White,08/2024,0,0,2025-03-08
Census Tract,39061020707,White,09/2024,0,0.5,2025-03-08
Census Tract,39061020707,White,10/2024,0,0.5,2025-03-08
Census Tract,39061020707,White,11/2024,2,1,2025-03-08
Census Tract,39061020707,White,12/2024,0,0,2025-03-08
Census Tract,39061020707,White,01/2025,0,0,2025-03-08
Census Tract,39061020707,White,02/2025,0,0.5,2025-03-08
Census Tract,39061020707,White,03/2025,0,0,2025-03-08
Census Tract,39061020741,White,01/2020,0,4.5,2025-03-08
Census Tract,39061020741,White,02/2020,0,6.5,2025-03-08
Census Tract,39061020741,White,03/2020,0,3,2025-03-08
Census Tract,39061020741,White,04/2020,0,4.5,2025-03-08
Census Tract,39061020741,White,05/2020,0,8,2025-03-08
Census Tract,39061020741,White,06/2020,0,9.5,2025-03-08
Census Tract,39061020741,White,07/2020,3,3,2025-03-08
Census Tract,39061020741,White,08/2020,1,4.5,2025-03-08
Census Tract,39061020741,White,09/2020,0,6.5,2025-03-08
Census Tract,39061020741,White,10/2020,1,7,2025-03-08
Census Tract,39061020741,White,11/2020,0,7.5,2025-03-08
Census Tract,39061020741,White,12/2020,2,8.5,2025-03-08
Census Tract,39061020741,White,01/2021,1,4.5,2025-03-08
Census Tract,39061020741,White,02/2021,1,6.5,2025-03-08
Census Tract,39061020741,White,03/2021,1,3,2025-03-08
Census Tract,39061020741,White,04/2021,1,4.5,2025-03-08
Census Tract,39061020741,White,05/2021,0,8,2025-03-08
Census Tract,39061020741,White,06/2021,1,9.5,2025-03-08
Census Tract,39061020741,White,07/2021,3,3,2025-03-08
Census Tract,39061020741,White,08/2021,0,4.5,2025-03-08
Census Tract,39061020741,White,09/2021,0,6.5,2025-03-08
Census Tract,39061020741,White,10/2021,1,7,2025-03-08
Census Tract,39061020741,White,11/2021,4,7.5,2025-03-08
Census Tract,39061020741,White,12/2021,0,8.5,2025-03-08
Census Tract,39061020741,White,01/2022,3,4.5,2025-03-08
Census Tract,39061020741,White,02/2022,2,6.5,2025-03-08
Census Tract,39061020741,White,03/2022,2,3,2025-03-08
Census Tract,39061020741,White,04/2022,2,4.5,2025-03-08
Census Tract,39061020741,White,05/2022,0,8,2025-03-08
Census Tract,39061020741,White,06/2022,4,9.5,2025-03-08
Census Tract,39061020741,White,07/2022,7,3,2025-03-08
Census Tract,39061020741,White,08/2022,5,4.5,2025-03-08
Census Tract,39061020741,White,09/2022,1,6.5,2025-03-08
Census Tract,39061020741,White,10/2022,7,7,2025-03-08
Census Tract,39061020741,White,11/2022,2,7.5,2025-03-08
Census Tract,39061020741,White,12/2022,5,8.5,2025-03-08
Census Tract,39061020741,White,01/2023,2,4.5,2025-03-08
Census Tract,39061020741,White,02/2023,3,6.5,2025-03-08
Census Tract,39061020741,White,03/2023,1,3,2025-03-08
Census Tract,39061020741,White,04/2023,4,4.5,2025-03-08
Census Tract,39061020741,White,05/2023,6,8,2025-03-08
Census Tract,39061020741,White,06/2023,12,9.5,2025-03-08
Census Tract,39061020741,White,07/2023,0,3,2025-03-08
Census Tract,39061020741,White,08/2023,7,4.5,2025-03-08
Census Tract,39061020741,White,09/2023,9,6.5,2025-03-08
Census Tract,39061020741,White,10/2023,8,7,2025-03-08
Census Tract,39061020741,White,11/2023,2,7.5,2025-03-08
Census Tract,39061020741,White,12/2023,7,8.5,2025-03-08
Census Tract,39061020741,White,01/2024,7,4.5,2025-03-08
Census Tract,39061020741,White,02/2024,10,6.5,2025-03-08
Census Tract,39061020741,White,03/2024,5,3,2025-03-08
Census Tract,39061020741,White,04/2024,5,4.5,2025-03-08
Census Tract,39061020741,White,05/2024,10,8,2025-03-08
Census Tract,39061020741,White,06/2024,7,9.5,2025-03-08
Census Tract,39061020741,White,07/2024,6,3,2025-03-08
Census Tract,39061020741,White,08/2024,2,4.5,2025-03-08
Census Tract,39061020741,White,09/2024,4,6.5,2025-03-08
Census Tract,39061020741,White,10/2024,6,7,2025-03-08
Census Tract,39061020741,White,11/2024,13,7.5,2025-03-08
Census Tract,39061020741,White,12/2024,10,8.5,2025-03-08
Census Tract,39061020741,White,01/2025,10,4.5,2025-03-08
Census Tract,39061020741,White,02/2025,10,6.5,2025-03-08
Census Tract,39061020741,White,03/2025,2,0.5,2025-03-08
Census Tract,39061020742,White,01/2020,0,9.5,2025-03-08
Census Tract,39061020742,White,02/2020,0,6,2025-03-08
Census Tract,39061020742,White,03/2020,0,6,2025-03-08
Census Tract,39061020742,White,04/2020,0,7,2025-03-08
Census Tract,39061020742,White,05/2020,2,12.5,2025-03-08
Census Tract,39061020742,White,06/2020,5,11,2025-03-08
Census Tract,39061020742,White,07/2020,7,6.5,2025-03-08
Census Tract,39061020742,White,08/2020,3,8,2025-03-08
Census Tract,39061020742,White,09/2020,2,14.5,2025-03-08
Census Tract,39061020742,White,10/2020,2,7.5,2025-03-08
Census Tract,39061020742,White,11/2020,2,9.5,2025-03-08
Census Tract,39061020742,White,12/2020,7,13.5,2025-03-08
Census Tract,39061020742,White,01/2021,3,9.5,2025-03-08
Census Tract,39061020742,White,02/2021,3,6,2025-03-08
Census Tract,39061020742,White,03/2021,4,6,2025-03-08
Census Tract,39061020742,White,04/2021,3,7,2025-03-08
Census Tract,39061020742,White,05/2021,5,12.5,2025-03-08
Census Tract,39061020742,White,06/2021,5,11,2025-03-08
Census Tract,39061020742,White,07/2021,4,6.5,2025-03-08
Census Tract,39061020742,White,08/2021,4,8,2025-03-08
Census Tract,39061020742,White,09/2021,3,14.5,2025-03-08
Census Tract,39061020742,White,10/2021,8,7.5,2025-03-08
Census Tract,39061020742,White,11/2021,6,9.5,2025-03-08
Census Tract,39061020742,White,12/2021,4,13.5,2025-03-08
Census Tract,39061020742,White,01/2022,6,9.5,2025-03-08
Census Tract,39061020742,White,02/2022,9,6,2025-03-08
Census Tract,39061020742,White,03/2022,4,6,2025-03-08
Census Tract,39061020742,White,04/2022,5,7,2025-03-08
Census Tract,39061020742,White,05/2022,4,12.5,2025-03-08
Census Tract,39061020742,White,06/2022,8,11,2025-03-08
Census Tract,39061020742,White,07/2022,6,6.5,2025-03-08
Census Tract,39061020742,White,08/2022,8,8,2025-03-08
Census Tract,39061020742,White,09/2022,7,14.5,2025-03-08
Census Tract,39061020742,White,10/2022,6,7.5,2025-03-08
Census Tract,39061020742,White,11/2022,10,9.5,2025-03-08
Census Tract,39061020742,White,12/2022,6,13.5,2025-03-08
Census Tract,39061020742,White,01/2023,9,9.5,2025-03-08
Census Tract,39061020742,White,02/2023,6,6,2025-03-08
Census Tract,39061020742,White,03/2023,9,6,2025-03-08
Census Tract,39061020742,White,04/2023,6,7,2025-03-08
Census Tract,39061020742,White,05/2023,12,12.5,2025-03-08
Census Tract,39061020742,White,06/2023,10,11,2025-03-08
Census Tract,39061020742,White,07/2023,1,6.5,2025-03-08
Census Tract,39061020742,White,08/2023,7,8,2025-03-08
Census Tract,39061020742,White,09/2023,7,14.5,2025-03-08
Census Tract,39061020742,White,10/2023,9,7.5,2025-03-08
Census Tract,39061020742,White,11/2023,7,9.5,2025-03-08
Census Tract,39061020742,White,12/2023,15,13.5,2025-03-08
Census Tract,39061020742,White,01/2024,10,9.5,2025-03-08
Census Tract,39061020742,White,02/2024,6,6,2025-03-08
Census Tract,39061020742,White,03/2024,3,6,2025-03-08
Census Tract,39061020742,White,04/2024,8,7,2025-03-08
Census Tract,39061020742,White,05/2024,13,12.5,2025-03-08
Census Tract,39061020742,White,06/2024,12,11,2025-03-08
Census Tract,39061020742,White,07/2024,12,6.5,2025-03-08
Census Tract,39061020742,White,08/2024,9,8,2025-03-08
Census Tract,39061020742,White,09/2024,22,14.5,2025-03-08
Census Tract,39061020742,White,10/2024,6,7.5,2025-03-08
Census Tract,39061020742,White,11/2024,12,9.5,2025-03-08
Census Tract,39061020742,White,12/2024,12,13.5,2025-03-08
Census Tract,39061020742,White,01/2025,15,9.5,2025-03-08
Census Tract,39061020742,White,02/2025,19,6,2025-03-08
Census Tract,39061020742,White,03/2025,0,1,2025-03-08
Census Tract,39061020762,White,01/2020,0,5,2025-03-08
Census Tract,39061020762,White,02/2020,0,5.5,2025-03-08
Census Tract,39061020762,White,03/2020,0,3.5,2025-03-08
Census Tract,39061020762,White,04/2020,0,4.5,2025-03-08
Census Tract,39061020762,White,05/2020,1,4.5,2025-03-08
Census Tract,39061020762,White,06/2020,0,7,2025-03-08
Census Tract,39061020762,White,07/2020,2,6,2025-03-08
Census Tract,39061020762,White,08/2020,7,4.5,2025-03-08
Census Tract,39061020762,White,09/2020,1,3.5,2025-03-08
Census Tract,39061020762,White,10/2020,0,4.5,2025-03-08
Census Tract,39061020762,White,11/2020,1,4,2025-03-08
Census Tract,39061020762,White,12/2020,1,7.5,2025-03-08
Census Tract,39061020762,White,01/2021,2,5,2025-03-08
Census Tract,39061020762,White,02/2021,1,5.5,2025-03-08
Census Tract,39061020762,White,03/2021,2,3.5,2025-03-08
Census Tract,39061020762,White,04/2021,4,4.5,2025-03-08
Census Tract,39061020762,White,05/2021,3,4.5,2025-03-08
Census Tract,39061020762,White,06/2021,5,7,2025-03-08
Census Tract,39061020762,White,07/2021,1,6,2025-03-08
Census Tract,39061020762,White,08/2021,0,4.5,2025-03-08
Census Tract,39061020762,White,09/2021,5,3.5,2025-03-08
Census Tract,39061020762,White,10/2021,1,4.5,2025-03-08
Census Tract,39061020762,White,11/2021,3,4,2025-03-08
Census Tract,39061020762,White,12/2021,1,7.5,2025-03-08
Census Tract,39061020762,White,01/2022,4,5,2025-03-08
Census Tract,39061020762,White,02/2022,0,5.5,2025-03-08
Census Tract,39061020762,White,03/2022,3,3.5,2025-03-08
Census Tract,39061020762,White,04/2022,0,4.5,2025-03-08
Census Tract,39061020762,White,05/2022,8,4.5,2025-03-08
Census Tract,39061020762,White,06/2022,8,7,2025-03-08
Census Tract,39061020762,White,07/2022,1,6,2025-03-08
Census Tract,39061020762,White,08/2022,5,4.5,2025-03-08
Census Tract,39061020762,White,09/2022,1,3.5,2025-03-08
Census Tract,39061020762,White,10/2022,5,4.5,2025-03-08
Census Tract,39061020762,White,11/2022,6,4,2025-03-08
Census Tract,39061020762,White,12/2022,5,7.5,2025-03-08
Census Tract,39061020762,White,01/2023,5,5,2025-03-08
Census Tract,39061020762,White,02/2023,5,5.5,2025-03-08
Census Tract,39061020762,White,03/2023,4,3.5,2025-03-08
Census Tract,39061020762,White,04/2023,4,4.5,2025-03-08
Census Tract,39061020762,White,05/2023,5,4.5,2025-03-08
Census Tract,39061020762,White,06/2023,9,7,2025-03-08
Census Tract,39061020762,White,07/2023,7,6,2025-03-08
Census Tract,39061020762,White,08/2023,4,4.5,2025-03-08
Census Tract,39061020762,White,09/2023,4,3.5,2025-03-08
Census Tract,39061020762,White,10/2023,3,4.5,2025-03-08
Census Tract,39061020762,White,11/2023,5,4,2025-03-08
Census Tract,39061020762,White,12/2023,6,7.5,2025-03-08
Census Tract,39061020762,White,01/2024,5,5,2025-03-08
Census Tract,39061020762,White,02/2024,6,5.5,2025-03-08
Census Tract,39061020762,White,03/2024,3,3.5,2025-03-08
Census Tract,39061020762,White,04/2024,5,4.5,2025-03-08
Census Tract,39061020762,White,05/2024,4,4.5,2025-03-08
Census Tract,39061020762,White,06/2024,5,7,2025-03-08
Census Tract,39061020762,White,07/2024,5,6,2025-03-08
Census Tract,39061020762,White,08/2024,5,4.5,2025-03-08
Census Tract,39061020762,White,09/2024,3,3.5,2025-03-08
Census Tract,39061020762,White,10/2024,6,4.5,2025-03-08
Census Tract,39061020762,White,11/2024,3,4,2025-03-08
Census Tract,39061020762,White,12/2024,9,7.5,2025-03-08
Census Tract,39061020762,White,01/2025,7,5,2025-03-08
Census Tract,39061020762,White,02/2025,2,5.5,2025-03-08
Census Tract,39061020762,White,03/2025,0,0,2025-03-08
Census Tract,39061020763,White,01/2020,0,1.5,2025-03-08
Census Tract,39061020763,White,02/2020,0,5,2025-03-08
Census Tract,39061020763,White,03/2020,0,2,2025-03-08
Census Tract,39061020763,White,04/2020,0,1,2025-03-08
Census Tract,39061020763,White,05/2020,0,4.5,2025-03-08
Census Tract,39061020763,White,06/2020,0,4.5,2025-03-08
Census Tract,39061020763,White,07/2020,0,3,2025-03-08
Census Tract,39061020763,White,08/2020,2,6.5,2025-03-08
Census Tract,39061020763,White,09/2020,2,1,2025-03-08
Census Tract,39061020763,White,10/2020,2,4,2025-03-08
Census Tract,39061020763,White,11/2020,1,0.5,2025-03-08
Census Tract,39061020763,White,12/2020,0,2.5,2025-03-08
Census Tract,39061020763,White,01/2021,0,1.5,2025-03-08
Census Tract,39061020763,White,02/2021,2,5,2025-03-08
Census Tract,39061020763,White,03/2021,2,2,2025-03-08
Census Tract,39061020763,White,04/2021,0,1,2025-03-08
Census Tract,39061020763,White,05/2021,3,4.5,2025-03-08
Census Tract,39061020763,White,06/2021,1,4.5,2025-03-08
Census Tract,39061020763,White,07/2021,3,3,2025-03-08
Census Tract,39061020763,White,08/2021,2,6.5,2025-03-08
Census Tract,39061020763,White,09/2021,3,1,2025-03-08
Census Tract,39061020763,White,10/2021,2,4,2025-03-08
Census Tract,39061020763,White,11/2021,0,0.5,2025-03-08
Census Tract,39061020763,White,12/2021,1,2.5,2025-03-08
Census Tract,39061020763,White,01/2022,2,1.5,2025-03-08
Census Tract,39061020763,White,02/2022,1,5,2025-03-08
Census Tract,39061020763,White,03/2022,2,2,2025-03-08
Census Tract,39061020763,White,04/2022,3,1,2025-03-08
Census Tract,39061020763,White,05/2022,3,4.5,2025-03-08
Census Tract,39061020763,White,06/2022,2,4.5,2025-03-08
Census Tract,39061020763,White,07/2022,4,3,2025-03-08
Census Tract,39061020763,White,08/2022,2,6.5,2025-03-08
Census Tract,39061020763,White,09/2022,1,1,2025-03-08
Census Tract,39061020763,White,10/2022,4,4,2025-03-08
Census Tract,39061020763,White,11/2022,0,0.5,2025-03-08
Census Tract,39061020763,White,12/2022,5,2.5,2025-03-08
Census Tract,39061020763,White,01/2023,1,1.5,2025-03-08
Census Tract,39061020763,White,02/2023,5,5,2025-03-08
Census Tract,39061020763,White,03/2023,4,2,2025-03-08
Census Tract,39061020763,White,04/2023,1,1,2025-03-08
Census Tract,39061020763,White,05/2023,5,4.5,2025-03-08
Census Tract,39061020763,White,06/2023,3,4.5,2025-03-08
Census Tract,39061020763,White,07/2023,3,3,2025-03-08
Census Tract,39061020763,White,08/2023,3,6.5,2025-03-08
Census Tract,39061020763,White,09/2023,0,1,2025-03-08
Census Tract,39061020763,White,10/2023,5,4,2025-03-08
Census Tract,39061020763,White,11/2023,0,0.5,2025-03-08
Census Tract,39061020763,White,12/2023,2,2.5,2025-03-08
Census Tract,39061020763,White,01/2024,2,1.5,2025-03-08
Census Tract,39061020763,White,02/2024,5,5,2025-03-08
Census Tract,39061020763,White,03/2024,0,2,2025-03-08
Census Tract,39061020763,White,04/2024,1,1,2025-03-08
Census Tract,39061020763,White,05/2024,4,4.5,2025-03-08
Census Tract,39061020763,White,06/2024,6,4.5,2025-03-08
Census Tract,39061020763,White,07/2024,3,3,2025-03-08
Census Tract,39061020763,White,08/2024,10,6.5,2025-03-08
Census Tract,39061020763,White,09/2024,2,1,2025-03-08
Census Tract,39061020763,White,10/2024,3,4,2025-03-08
Census Tract,39061020763,White,11/2024,1,0.5,2025-03-08
Census Tract,39061020763,White,12/2024,3,2.5,2025-03-08
Census Tract,39061020763,White,01/2025,0,1.5,2025-03-08
Census Tract,39061020763,White,02/2025,2,5,2025-03-08
Census Tract,39061020763,White,03/2025,0,1.5,2025-03-08
Census Tract,39061020764,White,01/2020,0,4.5,2025-03-08
Census Tract,39061020764,White,02/2020,0,8.5,2025-03-08
Census Tract,39061020764,White,03/2020,0,7.5,2025-03-08
Census Tract,39061020764,White,04/2020,0,9,2025-03-08
Census Tract,39061020764,White,05/2020,0,5.5,2025-03-08
Census Tract,39061020764,White,06/2020,2,8.5,2025-03-08
Census Tract,39061020764,White,07/2020,8,5.5,2025-03-08
Census Tract,39061020764,White,08/2020,3,8.5,2025-03-08
Census Tract,39061020764,White,09/2020,2,7,2025-03-08
Census Tract,39061020764,White,10/2020,2,4,2025-03-08
Census Tract,39061020764,White,11/2020,4,7.5,2025-03-08
Census Tract,39061020764,White,12/2020,3,6.5,2025-03-08
Census Tract,39061020764,White,01/2021,3,4.5,2025-03-08
Census Tract,39061020764,White,02/2021,1,8.5,2025-03-08
Census Tract,39061020764,White,03/2021,2,7.5,2025-03-08
Census Tract,39061020764,White,04/2021,2,9,2025-03-08
Census Tract,39061020764,White,05/2021,2,5.5,2025-03-08
Census Tract,39061020764,White,06/2021,12,8.5,2025-03-08
Census Tract,39061020764,White,07/2021,4,5.5,2025-03-08
Census Tract,39061020764,White,08/2021,12,8.5,2025-03-08
Census Tract,39061020764,White,09/2021,6,7,2025-03-08
Census Tract,39061020764,White,10/2021,9,4,2025-03-08
Census Tract,39061020764,White,11/2021,4,7.5,2025-03-08
Census Tract,39061020764,White,12/2021,6,6.5,2025-03-08
Census Tract,39061020764,White,01/2022,10,4.5,2025-03-08
Census Tract,39061020764,White,02/2022,8,8.5,2025-03-08
Census Tract,39061020764,White,03/2022,8,7.5,2025-03-08
Census Tract,39061020764,White,04/2022,6,9,2025-03-08
Census Tract,39061020764,White,05/2022,10,5.5,2025-03-08
Census Tract,39061020764,White,06/2022,9,8.5,2025-03-08
Census Tract,39061020764,White,07/2022,10,5.5,2025-03-08
Census Tract,39061020764,White,08/2022,11,8.5,2025-03-08
Census Tract,39061020764,White,09/2022,5,7,2025-03-08
Census Tract,39061020764,White,10/2022,6,4,2025-03-08
Census Tract,39061020764,White,11/2022,3,7.5,2025-03-08
Census Tract,39061020764,White,12/2022,15,6.5,2025-03-08
Census Tract,39061020764,White,01/2023,5,4.5,2025-03-08
Census Tract,39061020764,White,02/2023,10,8.5,2025-03-08
Census Tract,39061020764,White,03/2023,9,7.5,2025-03-08
Census Tract,39061020764,White,04/2023,12,9,2025-03-08
Census Tract,39061020764,White,05/2023,6,5.5,2025-03-08
Census Tract,39061020764,White,06/2023,5,8.5,2025-03-08
Census Tract,39061020764,White,07/2023,6,5.5,2025-03-08
Census Tract,39061020764,White,08/2023,8,8.5,2025-03-08
Census Tract,39061020764,White,09/2023,4,7,2025-03-08
Census Tract,39061020764,White,10/2023,4,4,2025-03-08
Census Tract,39061020764,White,11/2023,3,7.5,2025-03-08
Census Tract,39061020764,White,12/2023,7,6.5,2025-03-08
Census Tract,39061020764,White,01/2024,4,4.5,2025-03-08
Census Tract,39061020764,White,02/2024,7,8.5,2025-03-08
Census Tract,39061020764,White,03/2024,6,7.5,2025-03-08
Census Tract,39061020764,White,04/2024,6,9,2025-03-08
Census Tract,39061020764,White,05/2024,5,5.5,2025-03-08
Census Tract,39061020764,White,06/2024,12,8.5,2025-03-08
Census Tract,39061020764,White,07/2024,5,5.5,2025-03-08
Census Tract,39061020764,White,08/2024,9,8.5,2025-03-08
Census Tract,39061020764,White,09/2024,10,7,2025-03-08
Census Tract,39061020764,White,10/2024,4,4,2025-03-08
Census Tract,39061020764,White,11/2024,12,7.5,2025-03-08
Census Tract,39061020764,White,12/2024,6,6.5,2025-03-08
Census Tract,39061020764,White,01/2025,4,4.5,2025-03-08
Census Tract,39061020764,White,02/2025,5,8.5,2025-03-08
Census Tract,39061020764,White,03/2025,1,1,2025-03-08
Census Tract,39061020802,White,01/2020,0,1,2025-03-08
Census Tract,39061020802,White,02/2020,0,1.5,2025-03-08
Census Tract,39061020802,White,03/2020,0,0.5,2025-03-08
Census Tract,39061020802,White,04/2020,0,0.5,2025-03-08
Census Tract,39061020802,White,05/2020,1,1,2025-03-08
Census Tract,39061020802,White,06/2020,0,0.5,2025-03-08
Census Tract,39061020802,White,07/2020,0,1,2025-03-08
Census Tract,39061020802,White,08/2020,3,1,2025-03-08
Census Tract,39061020802,White,09/2020,1,1.5,2025-03-08
Census Tract,39061020802,White,10/2020,0,2,2025-03-08
Census Tract,39061020802,White,11/2020,1,0.5,2025-03-08
Census Tract,39061020802,White,12/2020,1,1.5,2025-03-08
Census Tract,39061020802,White,01/2021,0,1,2025-03-08
Census Tract,39061020802,White,02/2021,0,1.5,2025-03-08
Census Tract,39061020802,White,03/2021,0,0.5,2025-03-08
Census Tract,39061020802,White,04/2021,0,0.5,2025-03-08
Census Tract,39061020802,White,05/2021,1,1,2025-03-08
Census Tract,39061020802,White,06/2021,0,0.5,2025-03-08
Census Tract,39061020802,White,07/2021,1,1,2025-03-08
Census Tract,39061020802,White,08/2021,1,1,2025-03-08
Census Tract,39061020802,White,09/2021,0,1.5,2025-03-08
Census Tract,39061020802,White,10/2021,1,2,2025-03-08
Census Tract,39061020802,White,11/2021,0,0.5,2025-03-08
Census Tract,39061020802,White,12/2021,1,1.5,2025-03-08
Census Tract,39061020802,White,01/2022,2,1,2025-03-08
Census Tract,39061020802,White,02/2022,0,1.5,2025-03-08
Census Tract,39061020802,White,03/2022,0,0.5,2025-03-08
Census Tract,39061020802,White,04/2022,1,0.5,2025-03-08
Census Tract,39061020802,White,05/2022,1,1,2025-03-08
Census Tract,39061020802,White,06/2022,1,0.5,2025-03-08
Census Tract,39061020802,White,07/2022,0,1,2025-03-08
Census Tract,39061020802,White,08/2022,2,1,2025-03-08
Census Tract,39061020802,White,09/2022,1,1.5,2025-03-08
Census Tract,39061020802,White,10/2022,1,2,2025-03-08
Census Tract,39061020802,White,11/2022,1,0.5,2025-03-08
Census Tract,39061020802,White,12/2022,0,1.5,2025-03-08
Census Tract,39061020802,White,01/2023,1,1,2025-03-08
Census Tract,39061020802,White,02/2023,2,1.5,2025-03-08
Census Tract,39061020802,White,03/2023,0,0.5,2025-03-08
Census Tract,39061020802,White,04/2023,0,0.5,2025-03-08
Census Tract,39061020802,White,05/2023,1,1,2025-03-08
Census Tract,39061020802,White,06/2023,0,0.5,2025-03-08
Census Tract,39061020802,White,07/2023,1,1,2025-03-08
Census Tract,39061020802,White,08/2023,2,1,2025-03-08
Census Tract,39061020802,White,09/2023,2,1.5,2025-03-08
Census Tract,39061020802,White,10/2023,2,2,2025-03-08
Census Tract,39061020802,White,11/2023,1,0.5,2025-03-08
Census Tract,39061020802,White,12/2023,3,1.5,2025-03-08
Census Tract,39061020802,White,01/2024,1,1,2025-03-08
Census Tract,39061020802,White,02/2024,1,1.5,2025-03-08
Census Tract,39061020802,White,03/2024,1,0.5,2025-03-08
Census Tract,39061020802,White,04/2024,1,0.5,2025-03-08
Census Tract,39061020802,White,05/2024,1,1,2025-03-08
Census Tract,39061020802,White,06/2024,1,0.5,2025-03-08
Census Tract,39061020802,White,07/2024,1,1,2025-03-08
Census Tract,39061020802,White,08/2024,0,1,2025-03-08
Census Tract,39061020802,White,09/2024,1,1.5,2025-03-08
Census Tract,39061020802,White,10/2024,2,2,2025-03-08
Census Tract,39061020802,White,11/2024,0,0.5,2025-03-08
Census Tract,39061020802,White,12/2024,0,1.5,2025-03-08
Census Tract,39061020802,White,01/2025,0,1,2025-03-08
Census Tract,39061020802,White,02/2025,0,1.5,2025-03-08
Census Tract,39061020802,White,03/2025,0,0.5,2025-03-08
Census Tract,39061020811,White,01/2020,0,7,2025-03-08
Census Tract,39061020811,White,02/2020,0,9,2025-03-08
Census Tract,39061020811,White,03/2020,0,7,2025-03-08
Census Tract,39061020811,White,04/2020,0,5,2025-03-08
Census Tract,39061020811,White,05/2020,2,10.5,2025-03-08
Census Tract,39061020811,White,06/2020,0,9.5,2025-03-08
Census Tract,39061020811,White,07/2020,2,9,2025-03-08
Census Tract,39061020811,White,08/2020,2,4.5,2025-03-08
Census Tract,39061020811,White,09/2020,1,21.5,2025-03-08
Census Tract,39061020811,White,10/2020,2,18,2025-03-08
Census Tract,39061020811,White,11/2020,3,17,2025-03-08
Census Tract,39061020811,White,12/2020,0,21,2025-03-08
Census Tract,39061020811,White,01/2021,0,7,2025-03-08
Census Tract,39061020811,White,02/2021,0,9,2025-03-08
Census Tract,39061020811,White,03/2021,3,7,2025-03-08
Census Tract,39061020811,White,04/2021,1,5,2025-03-08
Census Tract,39061020811,White,05/2021,3,10.5,2025-03-08
Census Tract,39061020811,White,06/2021,2,9.5,2025-03-08
Census Tract,39061020811,White,07/2021,3,9,2025-03-08
Census Tract,39061020811,White,08/2021,3,4.5,2025-03-08
Census Tract,39061020811,White,09/2021,1,21.5,2025-03-08
Census Tract,39061020811,White,10/2021,3,18,2025-03-08
Census Tract,39061020811,White,11/2021,3,17,2025-03-08
Census Tract,39061020811,White,12/2021,3,21,2025-03-08
Census Tract,39061020811,White,01/2022,3,7,2025-03-08
Census Tract,39061020811,White,02/2022,1,9,2025-03-08
Census Tract,39061020811,White,03/2022,3,7,2025-03-08
Census Tract,39061020811,White,04/2022,1,5,2025-03-08
Census Tract,39061020811,White,05/2022,1,10.5,2025-03-08
Census Tract,39061020811,White,06/2022,2,9.5,2025-03-08
Census Tract,39061020811,White,07/2022,12,9,2025-03-08
Census Tract,39061020811,White,08/2022,1,4.5,2025-03-08
Census Tract,39061020811,White,09/2022,4,21.5,2025-03-08
Census Tract,39061020811,White,10/2022,12,18,2025-03-08
Census Tract,39061020811,White,11/2022,10,17,2025-03-08
Census Tract,39061020811,White,12/2022,13,21,2025-03-08
Census Tract,39061020811,White,01/2023,11,7,2025-03-08
Census Tract,39061020811,White,02/2023,10,9,2025-03-08
Census Tract,39061020811,White,03/2023,7,7,2025-03-08
Census Tract,39061020811,White,04/2023,8,5,2025-03-08
Census Tract,39061020811,White,05/2023,3,10.5,2025-03-08
Census Tract,39061020811,White,06/2023,2,9.5,2025-03-08
Census Tract,39061020811,White,07/2023,16,9,2025-03-08
Census Tract,39061020811,White,08/2023,7,4.5,2025-03-08
Census Tract,39061020811,White,09/2023,2,21.5,2025-03-08
Census Tract,39061020811,White,10/2023,21,18,2025-03-08
Census Tract,39061020811,White,11/2023,16,17,2025-03-08
Census Tract,39061020811,White,12/2023,12,21,2025-03-08
Census Tract,39061020811,White,01/2024,3,7,2025-03-08
Census Tract,39061020811,White,02/2024,8,9,2025-03-08
Census Tract,39061020811,White,03/2024,7,7,2025-03-08
Census Tract,39061020811,White,04/2024,2,5,2025-03-08
Census Tract,39061020811,White,05/2024,18,10.5,2025-03-08
Census Tract,39061020811,White,06/2024,17,9.5,2025-03-08
Census Tract,39061020811,White,07/2024,2,9,2025-03-08
Census Tract,39061020811,White,08/2024,2,4.5,2025-03-08
Census Tract,39061020811,White,09/2024,41,21.5,2025-03-08
Census Tract,39061020811,White,10/2024,15,18,2025-03-08
Census Tract,39061020811,White,11/2024,18,17,2025-03-08
Census Tract,39061020811,White,12/2024,30,21,2025-03-08
Census Tract,39061020811,White,01/2025,0,7,2025-03-08
Census Tract,39061020811,White,02/2025,17,9,2025-03-08
Census Tract,39061020811,White,03/2025,1,0,2025-03-08
Census Tract,39061020812,White,01/2020,0,4,2025-03-08
Census Tract,39061020812,White,02/2020,0,0.5,2025-03-08
Census Tract,39061020812,White,03/2020,0,1,2025-03-08
Census Tract,39061020812,White,04/2020,0,0,2025-03-08
Census Tract,39061020812,White,05/2020,0,1.5,2025-03-08
Census Tract,39061020812,White,06/2020,0,3,2025-03-08
Census Tract,39061020812,White,07/2020,0,2.5,2025-03-08
Census Tract,39061020812,White,08/2020,1,1.5,2025-03-08
Census Tract,39061020812,White,09/2020,3,4,2025-03-08
Census Tract,39061020812,White,10/2020,0,2,2025-03-08
Census Tract,39061020812,White,11/2020,1,0,2025-03-08
Census Tract,39061020812,White,12/2020,0,2.5,2025-03-08
Census Tract,39061020812,White,01/2021,1,4,2025-03-08
Census Tract,39061020812,White,02/2021,0,0,2025-03-08
Census Tract,39061020812,White,03/2021,0,1,2025-03-08
Census Tract,39061020812,White,04/2021,0,0,2025-03-08
Census Tract,39061020812,White,05/2021,0,1.5,2025-03-08
Census Tract,39061020812,White,06/2021,4,3,2025-03-08
Census Tract,39061020812,White,07/2021,0,2.5,2025-03-08
Census Tract,39061020812,White,08/2021,1,1.5,2025-03-08
Census Tract,39061020812,White,09/2021,1,4,2025-03-08
Census Tract,39061020812,White,10/2021,1,2,2025-03-08
Census Tract,39061020812,White,11/2021,0,0,2025-03-08
Census Tract,39061020812,White,12/2021,0,2.5,2025-03-08
Census Tract,39061020812,White,01/2022,0,4,2025-03-08
Census Tract,39061020812,White,02/2022,0,0,2025-03-08
Census Tract,39061020812,White,03/2022,1,1,2025-03-08
Census Tract,39061020812,White,04/2022,1,0,2025-03-08
Census Tract,39061020812,White,05/2022,3,1.5,2025-03-08
Census Tract,39061020812,White,06/2022,6,3,2025-03-08
Census Tract,39061020812,White,07/2022,1,2.5,2025-03-08
Census Tract,39061020812,White,08/2022,3,1.5,2025-03-08
Census Tract,39061020812,White,09/2022,1,4,2025-03-08
Census Tract,39061020812,White,10/2022,2,2,2025-03-08
Census Tract,39061020812,White,11/2022,0,0,2025-03-08
Census Tract,39061020812,White,12/2022,2,2.5,2025-03-08
Census Tract,39061020812,White,01/2023,4,4,2025-03-08
Census Tract,39061020812,White,02/2023,0,0,2025-03-08
Census Tract,39061020812,White,03/2023,0,1,2025-03-08
Census Tract,39061020812,White,04/2023,0,0,2025-03-08
Census Tract,39061020812,White,05/2023,0,1.5,2025-03-08
Census Tract,39061020812,White,06/2023,5,3,2025-03-08
Census Tract,39061020812,White,07/2023,1,2.5,2025-03-08
Census Tract,39061020812,White,08/2023,2,1.5,2025-03-08
Census Tract,39061020812,White,09/2023,1,4,2025-03-08
Census Tract,39061020812,White,10/2023,0,2,2025-03-08
Census Tract,39061020812,White,11/2023,0,0,2025-03-08
Census Tract,39061020812,White,12/2023,1,2.5,2025-03-08
Census Tract,39061020812,White,01/2024,4,4,2025-03-08
Census Tract,39061020812,White,02/2024,1,0.5,2025-03-08
Census Tract,39061020812,White,03/2024,2,1,2025-03-08
Census Tract,39061020812,White,04/2024,0,0,2025-03-08
Census Tract,39061020812,White,05/2024,3,1.5,2025-03-08
Census Tract,39061020812,White,06/2024,1,3,2025-03-08
Census Tract,39061020812,White,07/2024,4,2.5,2025-03-08
Census Tract,39061020812,White,08/2024,1,1.5,2025-03-08
Census Tract,39061020812,White,09/2024,7,4,2025-03-08
Census Tract,39061020812,White,10/2024,4,2,2025-03-08
Census Tract,39061020812,White,11/2024,0,0,2025-03-08
Census Tract,39061020812,White,12/2024,4,2.5,2025-03-08
Census Tract,39061020812,White,01/2025,2,4,2025-03-08
Census Tract,39061020812,White,02/2025,2,0,2025-03-08
Census Tract,39061020812,White,03/2025,0,0,2025-03-08
Census Tract,39061020901,White,01/2020,0,7,2025-03-08
Census Tract,39061020901,White,02/2020,0,4.5,2025-03-08
Census Tract,39061020901,White,03/2020,0,3,2025-03-08
Census Tract,39061020901,White,04/2020,0,4,2025-03-08
Census Tract,39061020901,White,05/2020,1,3.5,2025-03-08
Census Tract,39061020901,White,06/2020,1,2.5,2025-03-08
Census Tract,39061020901,White,07/2020,0,9.5,2025-03-08
Census Tract,39061020901,White,08/2020,2,6,2025-03-08
Census Tract,39061020901,White,09/2020,3,9,2025-03-08
Census Tract,39061020901,White,10/2020,1,5.5,2025-03-08
Census Tract,39061020901,White,11/2020,0,4.5,2025-03-08
Census Tract,39061020901,White,12/2020,14,7.5,2025-03-08
Census Tract,39061020901,White,01/2021,1,7,2025-03-08
Census Tract,39061020901,White,02/2021,3,4.5,2025-03-08
Census Tract,39061020901,White,03/2021,3,3,2025-03-08
Census Tract,39061020901,White,04/2021,0,4,2025-03-08
Census Tract,39061020901,White,05/2021,4,3.5,2025-03-08
Census Tract,39061020901,White,06/2021,1,2.5,2025-03-08
Census Tract,39061020901,White,07/2021,4,9.5,2025-03-08
Census Tract,39061020901,White,08/2021,2,6,2025-03-08
Census Tract,39061020901,White,09/2021,3,9,2025-03-08
Census Tract,39061020901,White,10/2021,11,5.5,2025-03-08
Census Tract,39061020901,White,11/2021,2,4.5,2025-03-08
Census Tract,39061020901,White,12/2021,2,7.5,2025-03-08
Census Tract,39061020901,White,01/2022,5,7,2025-03-08
Census Tract,39061020901,White,02/2022,1,4.5,2025-03-08
Census Tract,39061020901,White,03/2022,3,3,2025-03-08
Census Tract,39061020901,White,04/2022,1,4,2025-03-08
Census Tract,39061020901,White,05/2022,5,3.5,2025-03-08
Census Tract,39061020901,White,06/2022,5,2.5,2025-03-08
Census Tract,39061020901,White,07/2022,9,9.5,2025-03-08
Census Tract,39061020901,White,08/2022,3,6,2025-03-08
Census Tract,39061020901,White,09/2022,15,9,2025-03-08
Census Tract,39061020901,White,10/2022,7,5.5,2025-03-08
Census Tract,39061020901,White,11/2022,0,4.5,2025-03-08
Census Tract,39061020901,White,12/2022,4,7.5,2025-03-08
Census Tract,39061020901,White,01/2023,9,7,2025-03-08
Census Tract,39061020901,White,02/2023,2,4.5,2025-03-08
Census Tract,39061020901,White,03/2023,3,3,2025-03-08
Census Tract,39061020901,White,04/2023,1,4,2025-03-08
Census Tract,39061020901,White,05/2023,2,3.5,2025-03-08
Census Tract,39061020901,White,06/2023,2,2.5,2025-03-08
Census Tract,39061020901,White,07/2023,13,9.5,2025-03-08
Census Tract,39061020901,White,08/2023,5,6,2025-03-08
Census Tract,39061020901,White,09/2023,4,9,2025-03-08
Census Tract,39061020901,White,10/2023,7,5.5,2025-03-08
Census Tract,39061020901,White,11/2023,4,4.5,2025-03-08
Census Tract,39061020901,White,12/2023,8,7.5,2025-03-08
Census Tract,39061020901,White,01/2024,5,7,2025-03-08
Census Tract,39061020901,White,02/2024,7,4.5,2025-03-08
Census Tract,39061020901,White,03/2024,3,3,2025-03-08
Census Tract,39061020901,White,04/2024,7,4,2025-03-08
Census Tract,39061020901,White,05/2024,5,3.5,2025-03-08
Census Tract,39061020901,White,06/2024,3,2.5,2025-03-08
Census Tract,39061020901,White,07/2024,6,9.5,2025-03-08
Census Tract,39061020901,White,08/2024,7,6,2025-03-08
Census Tract,39061020901,White,09/2024,14,9,2025-03-08
Census Tract,39061020901,White,10/2024,4,5.5,2025-03-08
Census Tract,39061020901,White,11/2024,5,4.5,2025-03-08
Census Tract,39061020901,White,12/2024,7,7.5,2025-03-08
Census Tract,39061020901,White,01/2025,2,7,2025-03-08
Census Tract,39061020901,White,02/2025,4,4.5,2025-03-08
Census Tract,39061020901,White,03/2025,1,0.5,2025-03-08
Census Tract,39061020902,White,01/2020,0,10.5,2025-03-08
Census Tract,39061020902,White,02/2020,0,11,2025-03-08
Census Tract,39061020902,White,03/2020,0,3.5,2025-03-08
Census Tract,39061020902,White,04/2020,0,9,2025-03-08
Census Tract,39061020902,White,05/2020,4,11.5,2025-03-08
Census Tract,39061020902,White,06/2020,0,17,2025-03-08
Census Tract,39061020902,White,07/2020,4,12,2025-03-08
Census Tract,39061020902,White,08/2020,2,14.5,2025-03-08
Census Tract,39061020902,White,09/2020,4,9,2025-03-08
Census Tract,39061020902,White,10/2020,3,14,2025-03-08
Census Tract,39061020902,White,11/2020,8,9.5,2025-03-08
Census Tract,39061020902,White,12/2020,6,12.5,2025-03-08
Census Tract,39061020902,White,01/2021,1,10.5,2025-03-08
Census Tract,39061020902,White,02/2021,2,10.5,2025-03-08
Census Tract,39061020902,White,03/2021,13,3.5,2025-03-08
Census Tract,39061020902,White,04/2021,11,9,2025-03-08
Census Tract,39061020902,White,05/2021,4,11.5,2025-03-08
Census Tract,39061020902,White,06/2021,4,17,2025-03-08
Census Tract,39061020902,White,07/2021,15,12,2025-03-08
Census Tract,39061020902,White,08/2021,13,14.5,2025-03-08
Census Tract,39061020902,White,09/2021,10,9,2025-03-08
Census Tract,39061020902,White,10/2021,6,14,2025-03-08
Census Tract,39061020902,White,11/2021,9,9.5,2025-03-08
Census Tract,39061020902,White,12/2021,10,12.5,2025-03-08
Census Tract,39061020902,White,01/2022,9,10.5,2025-03-08
Census Tract,39061020902,White,02/2022,8,10.5,2025-03-08
Census Tract,39061020902,White,03/2022,5,3.5,2025-03-08
Census Tract,39061020902,White,04/2022,16,9,2025-03-08
Census Tract,39061020902,White,05/2022,8,11.5,2025-03-08
Census Tract,39061020902,White,06/2022,22,17,2025-03-08
Census Tract,39061020902,White,07/2022,11,12,2025-03-08
Census Tract,39061020902,White,08/2022,9,14.5,2025-03-08
Census Tract,39061020902,White,09/2022,15,9,2025-03-08
Census Tract,39061020902,White,10/2022,21,14,2025-03-08
Census Tract,39061020902,White,11/2022,22,9.5,2025-03-08
Census Tract,39061020902,White,12/2022,19,12.5,2025-03-08
Census Tract,39061020902,White,01/2023,11,10.5,2025-03-08
Census Tract,39061020902,White,02/2023,10,10.5,2025-03-08
Census Tract,39061020902,White,03/2023,5,3.5,2025-03-08
Census Tract,39061020902,White,04/2023,10,9,2025-03-08
Census Tract,39061020902,White,05/2023,7,11.5,2025-03-08
Census Tract,39061020902,White,06/2023,14,17,2025-03-08
Census Tract,39061020902,White,07/2023,14,12,2025-03-08
Census Tract,39061020902,White,08/2023,10,14.5,2025-03-08
Census Tract,39061020902,White,09/2023,10,9,2025-03-08
Census Tract,39061020902,White,10/2023,10,14,2025-03-08
Census Tract,39061020902,White,11/2023,13,9.5,2025-03-08
Census Tract,39061020902,White,12/2023,8,12.5,2025-03-08
Census Tract,39061020902,White,01/2024,10,10.5,2025-03-08
Census Tract,39061020902,White,02/2024,12,11,2025-03-08
Census Tract,39061020902,White,03/2024,2,3.5,2025-03-08
Census Tract,39061020902,White,04/2024,8,9,2025-03-08
Census Tract,39061020902,White,05/2024,16,11.5,2025-03-08
Census Tract,39061020902,White,06/2024,20,17,2025-03-08
Census Tract,39061020902,White,07/2024,10,12,2025-03-08
Census Tract,39061020902,White,08/2024,19,14.5,2025-03-08
Census Tract,39061020902,White,09/2024,8,9,2025-03-08
Census Tract,39061020902,White,10/2024,18,14,2025-03-08
Census Tract,39061020902,White,11/2024,6,9.5,2025-03-08
Census Tract,39061020902,White,12/2024,17,12.5,2025-03-08
Census Tract,39061020902,White,01/2025,12,10.5,2025-03-08
Census Tract,39061020902,White,02/2025,8,10.5,2025-03-08
Census Tract,39061020902,White,03/2025,3,0.5,2025-03-08
Census Tract,39061021001,White,01/2020,0,1.5,2025-03-08
Census Tract,39061021001,White,02/2020,0,1,2025-03-08
Census Tract,39061021001,White,03/2020,0,1,2025-03-08
Census Tract,39061021001,White,04/2020,0,0.5,2025-03-08
Census Tract,39061021001,White,05/2020,0,1,2025-03-08
Census Tract,39061021001,White,06/2020,1,2,2025-03-08
Census Tract,39061021001,White,07/2020,0,2,2025-03-08
Census Tract,39061021001,White,08/2020,2,3,2025-03-08
Census Tract,39061021001,White,09/2020,0,3.5,2025-03-08
Census Tract,39061021001,White,10/2020,0,1.5,2025-03-08
Census Tract,39061021001,White,11/2020,2,2,2025-03-08
Census Tract,39061021001,White,12/2020,2,2,2025-03-08
Census Tract,39061021001,White,01/2021,0,1.5,2025-03-08
Census Tract,39061021001,White,02/2021,0,1,2025-03-08
Census Tract,39061021001,White,03/2021,3,1,2025-03-08
Census Tract,39061021001,White,04/2021,0,0.5,2025-03-08
Census Tract,39061021001,White,05/2021,0,1,2025-03-08
Census Tract,39061021001,White,06/2021,0,2,2025-03-08
Census Tract,39061021001,White,07/2021,0,2,2025-03-08
Census Tract,39061021001,White,08/2021,3,3,2025-03-08
Census Tract,39061021001,White,09/2021,2,3.5,2025-03-08
Census Tract,39061021001,White,10/2021,3,1.5,2025-03-08
Census Tract,39061021001,White,11/2021,1,2,2025-03-08
Census Tract,39061021001,White,12/2021,1,2,2025-03-08
Census Tract,39061021001,White,01/2022,1,1.5,2025-03-08
Census Tract,39061021001,White,02/2022,1,1,2025-03-08
Census Tract,39061021001,White,03/2022,3,1,2025-03-08
Census Tract,39061021001,White,04/2022,1,0.5,2025-03-08
Census Tract,39061021001,White,05/2022,2,1,2025-03-08
Census Tract,39061021001,White,06/2022,2,2,2025-03-08
Census Tract,39061021001,White,07/2022,2,2,2025-03-08
Census Tract,39061021001,White,08/2022,2,3,2025-03-08
Census Tract,39061021001,White,09/2022,3,3.5,2025-03-08
Census Tract,39061021001,White,10/2022,0,1.5,2025-03-08
Census Tract,39061021001,White,11/2022,0,2,2025-03-08
Census Tract,39061021001,White,12/2022,1,2,2025-03-08
Census Tract,39061021001,White,01/2023,3,1.5,2025-03-08
Census Tract,39061021001,White,02/2023,0,1,2025-03-08
Census Tract,39061021001,White,03/2023,1,1,2025-03-08
Census Tract,39061021001,White,04/2023,0,0.5,2025-03-08
Census Tract,39061021001,White,05/2023,0,1,2025-03-08
Census Tract,39061021001,White,06/2023,1,2,2025-03-08
Census Tract,39061021001,White,07/2023,0,2,2025-03-08
Census Tract,39061021001,White,08/2023,1,3,2025-03-08
Census Tract,39061021001,White,09/2023,2,3.5,2025-03-08
Census Tract,39061021001,White,10/2023,2,1.5,2025-03-08
Census Tract,39061021001,White,11/2023,1,2,2025-03-08
Census Tract,39061021001,White,12/2023,2,2,2025-03-08
Census Tract,39061021001,White,01/2024,0,1.5,2025-03-08
Census Tract,39061021001,White,02/2024,2,1,2025-03-08
Census Tract,39061021001,White,03/2024,1,1,2025-03-08
Census Tract,39061021001,White,04/2024,1,0.5,2025-03-08
Census Tract,39061021001,White,05/2024,2,1,2025-03-08
Census Tract,39061021001,White,06/2024,3,2,2025-03-08
Census Tract,39061021001,White,07/2024,4,2,2025-03-08
Census Tract,39061021001,White,08/2024,5,3,2025-03-08
Census Tract,39061021001,White,09/2024,5,3.5,2025-03-08
Census Tract,39061021001,White,10/2024,1,1.5,2025-03-08
Census Tract,39061021001,White,11/2024,3,2,2025-03-08
Census Tract,39061021001,White,12/2024,2,2,2025-03-08
Census Tract,39061021001,White,01/2025,3,1.5,2025-03-08
Census Tract,39061021001,White,02/2025,1,1,2025-03-08
Census Tract,39061021001,White,03/2025,0,0,2025-03-08
Census Tract,39061021002,White,01/2020,0,0,2025-03-08
Census Tract,39061021002,White,02/2020,0,0.5,2025-03-08
Census Tract,39061021002,White,03/2020,0,0,2025-03-08
Census Tract,39061021002,White,04/2020,0,0,2025-03-08
Census Tract,39061021002,White,05/2020,0,0.5,2025-03-08
Census Tract,39061021002,White,06/2020,0,1.5,2025-03-08
Census Tract,39061021002,White,07/2020,0,0.5,2025-03-08
Census Tract,39061021002,White,08/2020,0,0.5,2025-03-08
Census Tract,39061021002,White,09/2020,0,1,2025-03-08
Census Tract,39061021002,White,10/2020,0,0.5,2025-03-08
Census Tract,39061021002,White,11/2020,0,0.5,2025-03-08
Census Tract,39061021002,White,12/2020,1,1,2025-03-08
Census Tract,39061021002,White,01/2021,2,0,2025-03-08
Census Tract,39061021002,White,02/2021,1,0.5,2025-03-08
Census Tract,39061021002,White,03/2021,0,0,2025-03-08
Census Tract,39061021002,White,04/2021,0,0,2025-03-08
Census Tract,39061021002,White,05/2021,1,0.5,2025-03-08
Census Tract,39061021002,White,06/2021,1,1.5,2025-03-08
Census Tract,39061021002,White,07/2021,1,0.5,2025-03-08
Census Tract,39061021002,White,08/2021,0,0.5,2025-03-08
Census Tract,39061021002,White,09/2021,0,1,2025-03-08
Census Tract,39061021002,White,10/2021,1,0.5,2025-03-08
Census Tract,39061021002,White,11/2021,0,0.5,2025-03-08
Census Tract,39061021002,White,12/2021,0,1,2025-03-08
Census Tract,39061021002,White,01/2022,1,0,2025-03-08
Census Tract,39061021002,White,02/2022,0,0.5,2025-03-08
Census Tract,39061021002,White,03/2022,0,0,2025-03-08
Census Tract,39061021002,White,04/2022,0,0,2025-03-08
Census Tract,39061021002,White,05/2022,0,0.5,2025-03-08
Census Tract,39061021002,White,06/2022,0,1.5,2025-03-08
Census Tract,39061021002,White,07/2022,0,0.5,2025-03-08
Census Tract,39061021002,White,08/2022,0,0.5,2025-03-08
Census Tract,39061021002,White,09/2022,1,1,2025-03-08
Census Tract,39061021002,White,10/2022,1,0.5,2025-03-08
Census Tract,39061021002,White,11/2022,1,0.5,2025-03-08
Census Tract,39061021002,White,12/2022,0,1,2025-03-08
Census Tract,39061021002,White,01/2023,0,0,2025-03-08
Census Tract,39061021002,White,02/2023,0,0.5,2025-03-08
Census Tract,39061021002,White,03/2023,0,0,2025-03-08
Census Tract,39061021002,White,04/2023,0,0,2025-03-08
Census Tract,39061021002,White,05/2023,0,0.5,2025-03-08
Census Tract,39061021002,White,06/2023,0,1.5,2025-03-08
Census Tract,39061021002,White,07/2023,1,0.5,2025-03-08
Census Tract,39061021002,White,08/2023,0,0.5,2025-03-08
Census Tract,39061021002,White,09/2023,0,1,2025-03-08
Census Tract,39061021002,White,10/2023,1,0.5,2025-03-08
Census Tract,39061021002,White,11/2023,1,0.5,2025-03-08
Census Tract,39061021002,White,12/2023,1,1,2025-03-08
Census Tract,39061021002,White,01/2024,0,0,2025-03-08
Census Tract,39061021002,White,02/2024,1,0.5,2025-03-08
Census Tract,39061021002,White,03/2024,0,0,2025-03-08
Census Tract,39061021002,White,04/2024,0,0,2025-03-08
Census Tract,39061021002,White,05/2024,1,0.5,2025-03-08
Census Tract,39061021002,White,06/2024,3,1.5,2025-03-08
Census Tract,39061021002,White,07/2024,0,0.5,2025-03-08
Census Tract,39061021002,White,08/2024,1,0.5,2025-03-08
Census Tract,39061021002,White,09/2024,2,1,2025-03-08
Census Tract,39061021002,White,10/2024,0,0.5,2025-03-08
Census Tract,39061021002,White,11/2024,0,0.5,2025-03-08
Census Tract,39061021002,White,12/2024,1,1,2025-03-08
Census Tract,39061021002,White,01/2025,0,0,2025-03-08
Census Tract,39061021002,White,02/2025,0,0.5,2025-03-08
Census Tract,39061021002,White,03/2025,0,0,2025-03-08
Census Tract,39061021003,White,01/2020,0,1,2025-03-08
Census Tract,39061021003,White,02/2020,0,0,2025-03-08
Census Tract,39061021003,White,03/2020,0,0.5,2025-03-08
Census Tract,39061021003,White,04/2020,0,0.5,2025-03-08
Census Tract,39061021003,White,05/2020,0,1,2025-03-08
Census Tract,39061021003,White,06/2020,0,0,2025-03-08
Census Tract,39061021003,White,07/2020,1,0.5,2025-03-08
Census Tract,39061021003,White,08/2020,0,0,2025-03-08
Census Tract,39061021003,White,09/2020,1,1.5,2025-03-08
Census Tract,39061021003,White,10/2020,2,1,2025-03-08
Census Tract,39061021003,White,11/2020,0,0,2025-03-08
Census Tract,39061021003,White,12/2020,1,0.5,2025-03-08
Census Tract,39061021003,White,01/2021,1,1,2025-03-08
Census Tract,39061021003,White,02/2021,1,0,2025-03-08
Census Tract,39061021003,White,03/2021,0,0.5,2025-03-08
Census Tract,39061021003,White,04/2021,0,0.5,2025-03-08
Census Tract,39061021003,White,05/2021,0,1,2025-03-08
Census Tract,39061021003,White,06/2021,1,0,2025-03-08
Census Tract,39061021003,White,07/2021,1,0.5,2025-03-08
Census Tract,39061021003,White,08/2021,0,0,2025-03-08
Census Tract,39061021003,White,09/2021,3,1.5,2025-03-08
Census Tract,39061021003,White,10/2021,0,1,2025-03-08
Census Tract,39061021003,White,11/2021,0,0,2025-03-08
Census Tract,39061021003,White,12/2021,0,0.5,2025-03-08
Census Tract,39061021003,White,01/2022,0,1,2025-03-08
Census Tract,39061021003,White,02/2022,2,0,2025-03-08
Census Tract,39061021003,White,03/2022,0,0.5,2025-03-08
Census Tract,39061021003,White,04/2022,0,0.5,2025-03-08
Census Tract,39061021003,White,05/2022,1,1,2025-03-08
Census Tract,39061021003,White,06/2022,1,0,2025-03-08
Census Tract,39061021003,White,07/2022,0,0.5,2025-03-08
Census Tract,39061021003,White,08/2022,1,0,2025-03-08
Census Tract,39061021003,White,09/2022,0,1.5,2025-03-08
Census Tract,39061021003,White,10/2022,0,1,2025-03-08
Census Tract,39061021003,White,11/2022,0,0,2025-03-08
Census Tract,39061021003,White,12/2022,0,0.5,2025-03-08
Census Tract,39061021003,White,01/2023,1,1,2025-03-08
Census Tract,39061021003,White,02/2023,0,0,2025-03-08
Census Tract,39061021003,White,03/2023,1,0.5,2025-03-08
Census Tract,39061021003,White,04/2023,1,0.5,2025-03-08
Census Tract,39061021003,White,05/2023,0,1,2025-03-08
Census Tract,39061021003,White,06/2023,0,0,2025-03-08
Census Tract,39061021003,White,07/2023,0,0.5,2025-03-08
Census Tract,39061021003,White,08/2023,0,0,2025-03-08
Census Tract,39061021003,White,09/2023,1,1.5,2025-03-08
Census Tract,39061021003,White,10/2023,0,1,2025-03-08
Census Tract,39061021003,White,11/2023,0,0,2025-03-08
Census Tract,39061021003,White,12/2023,0,0.5,2025-03-08
Census Tract,39061021003,White,01/2024,1,1,2025-03-08
Census Tract,39061021003,White,02/2024,0,0,2025-03-08
Census Tract,39061021003,White,03/2024,0,0.5,2025-03-08
Census Tract,39061021003,White,04/2024,0,0.5,2025-03-08
Census Tract,39061021003,White,05/2024,2,1,2025-03-08
Census Tract,39061021003,White,06/2024,0,0,2025-03-08
Census Tract,39061021003,White,07/2024,1,0.5,2025-03-08
Census Tract,39061021003,White,08/2024,0,0,2025-03-08
Census Tract,39061021003,White,09/2024,2,1.5,2025-03-08
Census Tract,39061021003,White,10/2024,2,1,2025-03-08
Census Tract,39061021003,White,11/2024,0,0,2025-03-08
Census Tract,39061021003,White,12/2024,1,0.5,2025-03-08
Census Tract,39061021003,White,01/2025,1,1,2025-03-08
Census Tract,39061021003,White,02/2025,0,0,2025-03-08
Census Tract,39061021003,White,03/2025,0,0,2025-03-08
Census Tract,39061021101,White,01/2020,0,0,2025-03-08
Census Tract,39061021101,White,02/2020,0,0.5,2025-03-08
Census Tract,39061021101,White,03/2020,0,1.5,2025-03-08
Census Tract,39061021101,White,04/2020,0,1.5,2025-03-08
Census Tract,39061021101,White,05/2020,0,0.5,2025-03-08
Census Tract,39061021101,White,06/2020,0,0,2025-03-08
Census Tract,39061021101,White,07/2020,0,0,2025-03-08
Census Tract,39061021101,White,08/2020,0,0,2025-03-08
Census Tract,39061021101,White,09/2020,0,1,2025-03-08
Census Tract,39061021101,White,10/2020,0,1,2025-03-08
Census Tract,39061021101,White,11/2020,0,0,2025-03-08
Census Tract,39061021101,White,12/2020,1,0.5,2025-03-08
Census Tract,39061021101,White,01/2021,3,0,2025-03-08
Census Tract,39061021101,White,02/2021,1,0.5,2025-03-08
Census Tract,39061021101,White,03/2021,0,1.5,2025-03-08
Census Tract,39061021101,White,04/2021,0,1.5,2025-03-08
Census Tract,39061021101,White,05/2021,0,0.5,2025-03-08
Census Tract,39061021101,White,06/2021,0,0,2025-03-08
Census Tract,39061021101,White,07/2021,1,0,2025-03-08
Census Tract,39061021101,White,08/2021,0,0,2025-03-08
Census Tract,39061021101,White,09/2021,2,1,2025-03-08
Census Tract,39061021101,White,10/2021,1,1,2025-03-08
Census Tract,39061021101,White,11/2021,1,0,2025-03-08
Census Tract,39061021101,White,12/2021,2,0.5,2025-03-08
Census Tract,39061021101,White,01/2022,1,0,2025-03-08
Census Tract,39061021101,White,02/2022,1,0.5,2025-03-08
Census Tract,39061021101,White,03/2022,0,1.5,2025-03-08
Census Tract,39061021101,White,04/2022,0,1.5,2025-03-08
Census Tract,39061021101,White,05/2022,0,0.5,2025-03-08
Census Tract,39061021101,White,06/2022,1,0,2025-03-08
Census Tract,39061021101,White,07/2022,1,0,2025-03-08
Census Tract,39061021101,White,08/2022,1,0,2025-03-08
Census Tract,39061021101,White,09/2022,1,1,2025-03-08
Census Tract,39061021101,White,10/2022,0,1,2025-03-08
Census Tract,39061021101,White,11/2022,0,0,2025-03-08
Census Tract,39061021101,White,12/2022,1,0.5,2025-03-08
Census Tract,39061021101,White,01/2023,0,0,2025-03-08
Census Tract,39061021101,White,02/2023,0,0.5,2025-03-08
Census Tract,39061021101,White,03/2023,1,1.5,2025-03-08
Census Tract,39061021101,White,04/2023,2,1.5,2025-03-08
Census Tract,39061021101,White,05/2023,0,0.5,2025-03-08
Census Tract,39061021101,White,06/2023,0,0,2025-03-08
Census Tract,39061021101,White,07/2023,0,0,2025-03-08
Census Tract,39061021101,White,08/2023,0,0,2025-03-08
Census Tract,39061021101,White,09/2023,2,1,2025-03-08
Census Tract,39061021101,White,10/2023,1,1,2025-03-08
Census Tract,39061021101,White,11/2023,0,0,2025-03-08
Census Tract,39061021101,White,12/2023,0,0.5,2025-03-08
Census Tract,39061021101,White,01/2024,0,0,2025-03-08
Census Tract,39061021101,White,02/2024,1,0.5,2025-03-08
Census Tract,39061021101,White,03/2024,2,1.5,2025-03-08
Census Tract,39061021101,White,04/2024,1,1.5,2025-03-08
Census Tract,39061021101,White,05/2024,1,0.5,2025-03-08
Census Tract,39061021101,White,06/2024,0,0,2025-03-08
Census Tract,39061021101,White,07/2024,0,0,2025-03-08
Census Tract,39061021101,White,08/2024,0,0,2025-03-08
Census Tract,39061021101,White,09/2024,0,1,2025-03-08
Census Tract,39061021101,White,10/2024,1,1,2025-03-08
Census Tract,39061021101,White,11/2024,0,0,2025-03-08
Census Tract,39061021101,White,12/2024,1,0.5,2025-03-08
Census Tract,39061021101,White,01/2025,0,0,2025-03-08
Census Tract,39061021101,White,02/2025,0,0.5,2025-03-08
Census Tract,39061021101,White,03/2025,0,0.5,2025-03-08
Census Tract,39061021102,White,01/2020,0,0,2025-03-08
Census Tract,39061021102,White,02/2020,0,0.5,2025-03-08
Census Tract,39061021102,White,03/2020,0,0,2025-03-08
Census Tract,39061021102,White,04/2020,0,0.5,2025-03-08
Census Tract,39061021102,White,05/2020,0,0.5,2025-03-08
Census Tract,39061021102,White,06/2020,0,0.5,2025-03-08
Census Tract,39061021102,White,07/2020,0,0,2025-03-08
Census Tract,39061021102,White,08/2020,0,0.5,2025-03-08
Census Tract,39061021102,White,09/2020,0,0,2025-03-08
Census Tract,39061021102,White,10/2020,1,0.5,2025-03-08
Census Tract,39061021102,White,11/2020,0,0,2025-03-08
Census Tract,39061021102,White,12/2020,0,0,2025-03-08
Census Tract,39061021102,White,01/2021,0,0,2025-03-08
Census Tract,39061021102,White,02/2021,0,0.5,2025-03-08
Census Tract,39061021102,White,03/2021,1,0,2025-03-08
Census Tract,39061021102,White,04/2021,0,0.5,2025-03-08
Census Tract,39061021102,White,05/2021,0,0.5,2025-03-08
Census Tract,39061021102,White,06/2021,0,0.5,2025-03-08
Census Tract,39061021102,White,07/2021,0,0,2025-03-08
Census Tract,39061021102,White,08/2021,0,0.5,2025-03-08
Census Tract,39061021102,White,09/2021,1,0,2025-03-08
Census Tract,39061021102,White,10/2021,0,0.5,2025-03-08
Census Tract,39061021102,White,11/2021,0,0,2025-03-08
Census Tract,39061021102,White,12/2021,0,0,2025-03-08
Census Tract,39061021102,White,01/2022,0,0,2025-03-08
Census Tract,39061021102,White,02/2022,0,0.5,2025-03-08
Census Tract,39061021102,White,03/2022,0,0,2025-03-08
Census Tract,39061021102,White,04/2022,0,0.5,2025-03-08
Census Tract,39061021102,White,05/2022,0,0.5,2025-03-08
Census Tract,39061021102,White,06/2022,0,0.5,2025-03-08
Census Tract,39061021102,White,07/2022,0,0,2025-03-08
Census Tract,39061021102,White,08/2022,0,0.5,2025-03-08
Census Tract,39061021102,White,09/2022,0,0,2025-03-08
Census Tract,39061021102,White,10/2022,2,0.5,2025-03-08
Census Tract,39061021102,White,11/2022,0,0,2025-03-08
Census Tract,39061021102,White,12/2022,0,0,2025-03-08
Census Tract,39061021102,White,01/2023,0,0,2025-03-08
Census Tract,39061021102,White,02/2023,1,0.5,2025-03-08
Census Tract,39061021102,White,03/2023,0,0,2025-03-08
Census Tract,39061021102,White,04/2023,1,0.5,2025-03-08
Census Tract,39061021102,White,05/2023,1,0.5,2025-03-08
Census Tract,39061021102,White,06/2023,0,0.5,2025-03-08
Census Tract,39061021102,White,07/2023,0,0,2025-03-08
Census Tract,39061021102,White,08/2023,1,0.5,2025-03-08
Census Tract,39061021102,White,09/2023,0,0,2025-03-08
Census Tract,39061021102,White,10/2023,0,0.5,2025-03-08
Census Tract,39061021102,White,11/2023,0,0,2025-03-08
Census Tract,39061021102,White,12/2023,0,0,2025-03-08
Census Tract,39061021102,White,01/2024,0,0,2025-03-08
Census Tract,39061021102,White,02/2024,0,0.5,2025-03-08
Census Tract,39061021102,White,03/2024,0,0,2025-03-08
Census Tract,39061021102,White,04/2024,0,0.5,2025-03-08
Census Tract,39061021102,White,05/2024,0,0.5,2025-03-08
Census Tract,39061021102,White,06/2024,1,0.5,2025-03-08
Census Tract,39061021102,White,07/2024,0,0,2025-03-08
Census Tract,39061021102,White,08/2024,0,0.5,2025-03-08
Census Tract,39061021102,White,09/2024,0,0,2025-03-08
Census Tract,39061021102,White,10/2024,1,0.5,2025-03-08
Census Tract,39061021102,White,11/2024,0,0,2025-03-08
Census Tract,39061021102,White,12/2024,0,0,2025-03-08
Census Tract,39061021102,White,01/2025,0,0,2025-03-08
Census Tract,39061021102,White,02/2025,1,0.5,2025-03-08
Census Tract,39061021102,White,03/2025,0,0,2025-03-08
Census Tract,39061021201,White,01/2020,0,0,2025-03-08
Census Tract,39061021201,White,02/2020,0,0,2025-03-08
Census Tract,39061021201,White,03/2020,0,0,2025-03-08
Census Tract,39061021201,White,04/2020,0,0,2025-03-08
Census Tract,39061021201,White,05/2020,0,0,2025-03-08
Census Tract,39061021201,White,06/2020,0,0.5,2025-03-08
Census Tract,39061021201,White,07/2020,0,0,2025-03-08
Census Tract,39061021201,White,08/2020,0,0.5,2025-03-08
Census Tract,39061021201,White,09/2020,0,0.5,2025-03-08
Census Tract,39061021201,White,10/2020,0,0,2025-03-08
Census Tract,39061021201,White,11/2020,0,0,2025-03-08
Census Tract,39061021201,White,12/2020,0,0,2025-03-08
Census Tract,39061021201,White,01/2021,0,0,2025-03-08
Census Tract,39061021201,White,02/2021,0,0,2025-03-08
Census Tract,39061021201,White,03/2021,0,0,2025-03-08
Census Tract,39061021201,White,04/2021,0,0,2025-03-08
Census Tract,39061021201,White,05/2021,0,0,2025-03-08
Census Tract,39061021201,White,06/2021,0,0.5,2025-03-08
Census Tract,39061021201,White,07/2021,0,0,2025-03-08
Census Tract,39061021201,White,08/2021,0,0.5,2025-03-08
Census Tract,39061021201,White,09/2021,0,0.5,2025-03-08
Census Tract,39061021201,White,10/2021,0,0,2025-03-08
Census Tract,39061021201,White,11/2021,0,0,2025-03-08
Census Tract,39061021201,White,12/2021,0,0,2025-03-08
Census Tract,39061021201,White,01/2022,0,0,2025-03-08
Census Tract,39061021201,White,02/2022,0,0,2025-03-08
Census Tract,39061021201,White,03/2022,0,0,2025-03-08
Census Tract,39061021201,White,04/2022,0,0,2025-03-08
Census Tract,39061021201,White,05/2022,0,0,2025-03-08
Census Tract,39061021201,White,06/2022,0,0.5,2025-03-08
Census Tract,39061021201,White,07/2022,0,0,2025-03-08
Census Tract,39061021201,White,08/2022,0,0.5,2025-03-08
Census Tract,39061021201,White,09/2022,0,0.5,2025-03-08
Census Tract,39061021201,White,10/2022,0,0,2025-03-08
Census Tract,39061021201,White,11/2022,0,0,2025-03-08
Census Tract,39061021201,White,12/2022,0,0,2025-03-08
Census Tract,39061021201,White,01/2023,0,0,2025-03-08
Census Tract,39061021201,White,02/2023,0,0,2025-03-08
Census Tract,39061021201,White,03/2023,0,0,2025-03-08
Census Tract,39061021201,White,04/2023,0,0,2025-03-08
Census Tract,39061021201,White,05/2023,0,0,2025-03-08
Census Tract,39061021201,White,06/2023,1,0.5,2025-03-08
Census Tract,39061021201,White,07/2023,0,0,2025-03-08
Census Tract,39061021201,White,08/2023,0,0.5,2025-03-08
Census Tract,39061021201,White,09/2023,0,0.5,2025-03-08
Census Tract,39061021201,White,10/2023,0,0,2025-03-08
Census Tract,39061021201,White,11/2023,0,0,2025-03-08
Census Tract,39061021201,White,12/2023,0,0,2025-03-08
Census Tract,39061021201,White,01/2024,0,0,2025-03-08
Census Tract,39061021201,White,02/2024,0,0,2025-03-08
Census Tract,39061021201,White,03/2024,0,0,2025-03-08
Census Tract,39061021201,White,04/2024,0,0,2025-03-08
Census Tract,39061021201,White,05/2024,0,0,2025-03-08
Census Tract,39061021201,White,06/2024,0,0.5,2025-03-08
Census Tract,39061021201,White,07/2024,0,0,2025-03-08
Census Tract,39061021201,White,08/2024,1,0.5,2025-03-08
Census Tract,39061021201,White,09/2024,1,0.5,2025-03-08
Census Tract,39061021201,White,10/2024,0,0,2025-03-08
Census Tract,39061021201,White,11/2024,0,0,2025-03-08
Census Tract,39061021201,White,12/2024,0,0,2025-03-08
Census Tract,39061021201,White,01/2025,0,0,2025-03-08
Census Tract,39061021201,White,02/2025,0,0,2025-03-08
Census Tract,39061021201,White,03/2025,0,0,2025-03-08
Census Tract,39061021202,White,01/2020,0,1,2025-03-08
Census Tract,39061021202,White,02/2020,0,1,2025-03-08
Census Tract,39061021202,White,03/2020,0,1,2025-03-08
Census Tract,39061021202,White,04/2020,0,0.5,2025-03-08
Census Tract,39061021202,White,05/2020,0,1.5,2025-03-08
Census Tract,39061021202,White,06/2020,0,1.5,2025-03-08
Census Tract,39061021202,White,07/2020,0,1,2025-03-08
Census Tract,39061021202,White,08/2020,4,0,2025-03-08
Census Tract,39061021202,White,09/2020,1,3,2025-03-08
Census Tract,39061021202,White,10/2020,1,1.5,2025-03-08
Census Tract,39061021202,White,11/2020,0,1,2025-03-08
Census Tract,39061021202,White,12/2020,3,2,2025-03-08
Census Tract,39061021202,White,01/2021,0,1,2025-03-08
Census Tract,39061021202,White,02/2021,0,1,2025-03-08
Census Tract,39061021202,White,03/2021,0,1,2025-03-08
Census Tract,39061021202,White,04/2021,1,0.5,2025-03-08
Census Tract,39061021202,White,05/2021,0,1.5,2025-03-08
Census Tract,39061021202,White,06/2021,1,1.5,2025-03-08
Census Tract,39061021202,White,07/2021,1,1,2025-03-08
Census Tract,39061021202,White,08/2021,0,0,2025-03-08
Census Tract,39061021202,White,09/2021,1,3,2025-03-08
Census Tract,39061021202,White,10/2021,1,1.5,2025-03-08
Census Tract,39061021202,White,11/2021,2,1,2025-03-08
Census Tract,39061021202,White,12/2021,0,2,2025-03-08
Census Tract,39061021202,White,01/2022,1,1,2025-03-08
Census Tract,39061021202,White,02/2022,0,1,2025-03-08
Census Tract,39061021202,White,03/2022,3,1,2025-03-08
Census Tract,39061021202,White,04/2022,0,0.5,2025-03-08
Census Tract,39061021202,White,05/2022,0,1.5,2025-03-08
Census Tract,39061021202,White,06/2022,3,1.5,2025-03-08
Census Tract,39061021202,White,07/2022,3,1,2025-03-08
Census Tract,39061021202,White,08/2022,2,0,2025-03-08
Census Tract,39061021202,White,09/2022,2,3,2025-03-08
Census Tract,39061021202,White,10/2022,1,1.5,2025-03-08
Census Tract,39061021202,White,11/2022,1,1,2025-03-08
Census Tract,39061021202,White,12/2022,2,2,2025-03-08
Census Tract,39061021202,White,01/2023,0,1,2025-03-08
Census Tract,39061021202,White,02/2023,2,1,2025-03-08
Census Tract,39061021202,White,03/2023,1,1,2025-03-08
Census Tract,39061021202,White,04/2023,0,0.5,2025-03-08
Census Tract,39061021202,White,05/2023,1,1.5,2025-03-08
Census Tract,39061021202,White,06/2023,0,1.5,2025-03-08
Census Tract,39061021202,White,07/2023,1,1,2025-03-08
Census Tract,39061021202,White,08/2023,0,0,2025-03-08
Census Tract,39061021202,White,09/2023,3,3,2025-03-08
Census Tract,39061021202,White,10/2023,1,1.5,2025-03-08
Census Tract,39061021202,White,11/2023,2,1,2025-03-08
Census Tract,39061021202,White,12/2023,1,2,2025-03-08
Census Tract,39061021202,White,01/2024,2,1,2025-03-08
Census Tract,39061021202,White,02/2024,0,1,2025-03-08
Census Tract,39061021202,White,03/2024,1,1,2025-03-08
Census Tract,39061021202,White,04/2024,1,0.5,2025-03-08
Census Tract,39061021202,White,05/2024,2,1.5,2025-03-08
Census Tract,39061021202,White,06/2024,3,1.5,2025-03-08
Census Tract,39061021202,White,07/2024,1,1,2025-03-08
Census Tract,39061021202,White,08/2024,0,0,2025-03-08
Census Tract,39061021202,White,09/2024,3,3,2025-03-08
Census Tract,39061021202,White,10/2024,2,1.5,2025-03-08
Census Tract,39061021202,White,11/2024,0,1,2025-03-08
Census Tract,39061021202,White,12/2024,3,2,2025-03-08
Census Tract,39061021202,White,01/2025,1,1,2025-03-08
Census Tract,39061021202,White,02/2025,1,1,2025-03-08
Census Tract,39061021202,White,03/2025,0,0.5,2025-03-08
Census Tract,39061021302,White,01/2020,0,1,2025-03-08
Census Tract,39061021302,White,02/2020,0,0.5,2025-03-08
Census Tract,39061021302,White,03/2020,0,0,2025-03-08
Census Tract,39061021302,White,04/2020,0,0,2025-03-08
Census Tract,39061021302,White,05/2020,1,0,2025-03-08
Census Tract,39061021302,White,06/2020,0,0,2025-03-08
Census Tract,39061021302,White,07/2020,0,0.5,2025-03-08
Census Tract,39061021302,White,08/2020,1,0.5,2025-03-08
Census Tract,39061021302,White,09/2020,0,0,2025-03-08
Census Tract,39061021302,White,10/2020,0,0,2025-03-08
Census Tract,39061021302,White,11/2020,0,1,2025-03-08
Census Tract,39061021302,White,12/2020,0,0.5,2025-03-08
Census Tract,39061021302,White,01/2021,2,1,2025-03-08
Census Tract,39061021302,White,02/2021,0,0.5,2025-03-08
Census Tract,39061021302,White,03/2021,1,0,2025-03-08
Census Tract,39061021302,White,04/2021,1,0,2025-03-08
Census Tract,39061021302,White,05/2021,0,0,2025-03-08
Census Tract,39061021302,White,06/2021,0,0,2025-03-08
Census Tract,39061021302,White,07/2021,0,0.5,2025-03-08
Census Tract,39061021302,White,08/2021,0,0.5,2025-03-08
Census Tract,39061021302,White,09/2021,0,0,2025-03-08
Census Tract,39061021302,White,10/2021,0,0,2025-03-08
Census Tract,39061021302,White,11/2021,1,1,2025-03-08
Census Tract,39061021302,White,12/2021,0,0.5,2025-03-08
Census Tract,39061021302,White,01/2022,2,1,2025-03-08
Census Tract,39061021302,White,02/2022,4,0.5,2025-03-08
Census Tract,39061021302,White,03/2022,0,0,2025-03-08
Census Tract,39061021302,White,04/2022,0,0,2025-03-08
Census Tract,39061021302,White,05/2022,0,0,2025-03-08
Census Tract,39061021302,White,06/2022,5,0,2025-03-08
Census Tract,39061021302,White,07/2022,7,0.5,2025-03-08
Census Tract,39061021302,White,08/2022,0,0.5,2025-03-08
Census Tract,39061021302,White,09/2022,1,0,2025-03-08
Census Tract,39061021302,White,10/2022,0,0,2025-03-08
Census Tract,39061021302,White,11/2022,0,1,2025-03-08
Census Tract,39061021302,White,12/2022,0,0.5,2025-03-08
Census Tract,39061021302,White,01/2023,1,1,2025-03-08
Census Tract,39061021302,White,02/2023,1,0.5,2025-03-08
Census Tract,39061021302,White,03/2023,0,0,2025-03-08
Census Tract,39061021302,White,04/2023,0,0,2025-03-08
Census Tract,39061021302,White,05/2023,0,0,2025-03-08
Census Tract,39061021302,White,06/2023,0,0,2025-03-08
Census Tract,39061021302,White,07/2023,1,0.5,2025-03-08
Census Tract,39061021302,White,08/2023,1,0.5,2025-03-08
Census Tract,39061021302,White,09/2023,0,0,2025-03-08
Census Tract,39061021302,White,10/2023,0,0,2025-03-08
Census Tract,39061021302,White,11/2023,2,1,2025-03-08
Census Tract,39061021302,White,12/2023,1,0.5,2025-03-08
Census Tract,39061021302,White,01/2024,1,1,2025-03-08
Census Tract,39061021302,White,02/2024,0,0.5,2025-03-08
Census Tract,39061021302,White,03/2024,0,0,2025-03-08
Census Tract,39061021302,White,04/2024,0,0,2025-03-08
Census Tract,39061021302,White,05/2024,0,0,2025-03-08
Census Tract,39061021302,White,06/2024,0,0,2025-03-08
Census Tract,39061021302,White,07/2024,0,0.5,2025-03-08
Census Tract,39061021302,White,08/2024,0,0.5,2025-03-08
Census Tract,39061021302,White,09/2024,0,0,2025-03-08
Census Tract,39061021302,White,10/2024,0,0,2025-03-08
Census Tract,39061021302,White,11/2024,0,1,2025-03-08
Census Tract,39061021302,White,12/2024,0,0.5,2025-03-08
Census Tract,39061021302,White,01/2025,1,1,2025-03-08
Census Tract,39061021302,White,02/2025,0,0.5,2025-03-08
Census Tract,39061021302,White,03/2025,0,0,2025-03-08
Census Tract,39061021303,White,01/2020,0,0.5,2025-03-08
Census Tract,39061021303,White,02/2020,0,0,2025-03-08
Census Tract,39061021303,White,03/2020,0,0.5,2025-03-08
Census Tract,39061021303,White,04/2020,0,0,2025-03-08
Census Tract,39061021303,White,05/2020,0,1,2025-03-08
Census Tract,39061021303,White,06/2020,0,1.5,2025-03-08
Census Tract,39061021303,White,07/2020,1,0,2025-03-08
Census Tract,39061021303,White,08/2020,0,0.5,2025-03-08
Census Tract,39061021303,White,09/2020,1,1,2025-03-08
Census Tract,39061021303,White,10/2020,0,0.5,2025-03-08
Census Tract,39061021303,White,11/2020,0,0.5,2025-03-08
Census Tract,39061021303,White,12/2020,0,1,2025-03-08
Census Tract,39061021303,White,01/2021,2,0.5,2025-03-08
Census Tract,39061021303,White,02/2021,1,0,2025-03-08
Census Tract,39061021303,White,03/2021,0,0.5,2025-03-08
Census Tract,39061021303,White,04/2021,0,0,2025-03-08
Census Tract,39061021303,White,05/2021,0,1,2025-03-08
Census Tract,39061021303,White,06/2021,0,1.5,2025-03-08
Census Tract,39061021303,White,07/2021,0,0,2025-03-08
Census Tract,39061021303,White,08/2021,0,0.5,2025-03-08
Census Tract,39061021303,White,09/2021,2,1,2025-03-08
Census Tract,39061021303,White,10/2021,0,0.5,2025-03-08
Census Tract,39061021303,White,11/2021,0,0.5,2025-03-08
Census Tract,39061021303,White,12/2021,0,1,2025-03-08
Census Tract,39061021303,White,01/2022,0,0.5,2025-03-08
Census Tract,39061021303,White,02/2022,2,0,2025-03-08
Census Tract,39061021303,White,03/2022,1,0.5,2025-03-08
Census Tract,39061021303,White,04/2022,1,0,2025-03-08
Census Tract,39061021303,White,05/2022,2,1,2025-03-08
Census Tract,39061021303,White,06/2022,0,1.5,2025-03-08
Census Tract,39061021303,White,07/2022,0,0,2025-03-08
Census Tract,39061021303,White,08/2022,0,0.5,2025-03-08
Census Tract,39061021303,White,09/2022,1,1,2025-03-08
Census Tract,39061021303,White,10/2022,0,0.5,2025-03-08
Census Tract,39061021303,White,11/2022,0,0.5,2025-03-08
Census Tract,39061021303,White,12/2022,1,1,2025-03-08
Census Tract,39061021303,White,01/2023,0,0.5,2025-03-08
Census Tract,39061021303,White,02/2023,0,0,2025-03-08
Census Tract,39061021303,White,03/2023,1,0.5,2025-03-08
Census Tract,39061021303,White,04/2023,0,0,2025-03-08
Census Tract,39061021303,White,05/2023,1,1,2025-03-08
Census Tract,39061021303,White,06/2023,0,1.5,2025-03-08
Census Tract,39061021303,White,07/2023,0,0,2025-03-08
Census Tract,39061021303,White,08/2023,0,0.5,2025-03-08
Census Tract,39061021303,White,09/2023,1,1,2025-03-08
Census Tract,39061021303,White,10/2023,1,0.5,2025-03-08
Census Tract,39061021303,White,11/2023,1,0.5,2025-03-08
Census Tract,39061021303,White,12/2023,0,1,2025-03-08
Census Tract,39061021303,White,01/2024,1,0.5,2025-03-08
Census Tract,39061021303,White,02/2024,0,0,2025-03-08
Census Tract,39061021303,White,03/2024,0,0.5,2025-03-08
Census Tract,39061021303,White,04/2024,0,0,2025-03-08
Census Tract,39061021303,White,05/2024,1,1,2025-03-08
Census Tract,39061021303,White,06/2024,3,1.5,2025-03-08
Census Tract,39061021303,White,07/2024,0,0,2025-03-08
Census Tract,39061021303,White,08/2024,1,0.5,2025-03-08
Census Tract,39061021303,White,09/2024,1,1,2025-03-08
Census Tract,39061021303,White,10/2024,0,0.5,2025-03-08
Census Tract,39061021303,White,11/2024,0,0.5,2025-03-08
Census Tract,39061021303,White,12/2024,2,1,2025-03-08
Census Tract,39061021303,White,01/2025,4,0.5,2025-03-08
Census Tract,39061021303,White,02/2025,3,0,2025-03-08
Census Tract,39061021303,White,03/2025,0,0,2025-03-08
Census Tract,39061021304,White,01/2020,0,2,2025-03-08
Census Tract,39061021304,White,02/2020,0,0,2025-03-08
Census Tract,39061021304,White,03/2020,0,0,2025-03-08
Census Tract,39061021304,White,04/2020,0,1.5,2025-03-08
Census Tract,39061021304,White,05/2020,0,0.5,2025-03-08
Census Tract,39061021304,White,06/2020,0,1.5,2025-03-08
Census Tract,39061021304,White,07/2020,0,1,2025-03-08
Census Tract,39061021304,White,08/2020,1,1,2025-03-08
Census Tract,39061021304,White,09/2020,1,0.5,2025-03-08
Census Tract,39061021304,White,10/2020,0,2,2025-03-08
Census Tract,39061021304,White,11/2020,1,1.5,2025-03-08
Census Tract,39061021304,White,12/2020,3,1.5,2025-03-08
Census Tract,39061021304,White,01/2021,0,2,2025-03-08
Census Tract,39061021304,White,02/2021,0,0,2025-03-08
Census Tract,39061021304,White,03/2021,0,0,2025-03-08
Census Tract,39061021304,White,04/2021,1,1.5,2025-03-08
Census Tract,39061021304,White,05/2021,0,0.5,2025-03-08
Census Tract,39061021304,White,06/2021,1,1.5,2025-03-08
Census Tract,39061021304,White,07/2021,1,1,2025-03-08
Census Tract,39061021304,White,08/2021,2,1,2025-03-08
Census Tract,39061021304,White,09/2021,2,0.5,2025-03-08
Census Tract,39061021304,White,10/2021,1,2,2025-03-08
Census Tract,39061021304,White,11/2021,3,1.5,2025-03-08
Census Tract,39061021304,White,12/2021,0,1.5,2025-03-08
Census Tract,39061021304,White,01/2022,2,2,2025-03-08
Census Tract,39061021304,White,02/2022,0,0,2025-03-08
Census Tract,39061021304,White,03/2022,2,0,2025-03-08
Census Tract,39061021304,White,04/2022,0,1.5,2025-03-08
Census Tract,39061021304,White,05/2022,2,0.5,2025-03-08
Census Tract,39061021304,White,06/2022,3,1.5,2025-03-08
Census Tract,39061021304,White,07/2022,1,1,2025-03-08
Census Tract,39061021304,White,08/2022,2,1,2025-03-08
Census Tract,39061021304,White,09/2022,6,0.5,2025-03-08
Census Tract,39061021304,White,10/2022,0,2,2025-03-08
Census Tract,39061021304,White,11/2022,1,1.5,2025-03-08
Census Tract,39061021304,White,12/2022,0,1.5,2025-03-08
Census Tract,39061021304,White,01/2023,3,2,2025-03-08
Census Tract,39061021304,White,02/2023,0,0,2025-03-08
Census Tract,39061021304,White,03/2023,0,0,2025-03-08
Census Tract,39061021304,White,04/2023,2,1.5,2025-03-08
Census Tract,39061021304,White,05/2023,0,0.5,2025-03-08
Census Tract,39061021304,White,06/2023,3,1.5,2025-03-08
Census Tract,39061021304,White,07/2023,0,1,2025-03-08
Census Tract,39061021304,White,08/2023,1,1,2025-03-08
Census Tract,39061021304,White,09/2023,1,0.5,2025-03-08
Census Tract,39061021304,White,10/2023,0,2,2025-03-08
Census Tract,39061021304,White,11/2023,0,1.5,2025-03-08
Census Tract,39061021304,White,12/2023,1,1.5,2025-03-08
Census Tract,39061021304,White,01/2024,1,2,2025-03-08
Census Tract,39061021304,White,02/2024,0,0,2025-03-08
Census Tract,39061021304,White,03/2024,0,0,2025-03-08
Census Tract,39061021304,White,04/2024,1,1.5,2025-03-08
Census Tract,39061021304,White,05/2024,1,0.5,2025-03-08
Census Tract,39061021304,White,06/2024,0,1.5,2025-03-08
Census Tract,39061021304,White,07/2024,2,1,2025-03-08
Census Tract,39061021304,White,08/2024,1,1,2025-03-08
Census Tract,39061021304,White,09/2024,0,0.5,2025-03-08
Census Tract,39061021304,White,10/2024,4,2,2025-03-08
Census Tract,39061021304,White,11/2024,3,1.5,2025-03-08
Census Tract,39061021304,White,12/2024,2,1.5,2025-03-08
Census Tract,39061021304,White,01/2025,4,2,2025-03-08
Census Tract,39061021304,White,02/2025,0,0,2025-03-08
Census Tract,39061021304,White,03/2025,0,0,2025-03-08
Census Tract,39061021401,White,01/2020,0,8,2025-03-08
Census Tract,39061021401,White,02/2020,0,7.5,2025-03-08
Census Tract,39061021401,White,03/2020,0,2,2025-03-08
Census Tract,39061021401,White,04/2020,0,3.5,2025-03-08
Census Tract,39061021401,White,05/2020,7,4.5,2025-03-08
Census Tract,39061021401,White,06/2020,4,7.5,2025-03-08
Census Tract,39061021401,White,07/2020,4,5.5,2025-03-08
Census Tract,39061021401,White,08/2020,9,5,2025-03-08
Census Tract,39061021401,White,09/2020,3,5.5,2025-03-08
Census Tract,39061021401,White,10/2020,6,4.5,2025-03-08
Census Tract,39061021401,White,11/2020,10,2,2025-03-08
Census Tract,39061021401,White,12/2020,10,3.5,2025-03-08
Census Tract,39061021401,White,01/2021,6,8,2025-03-08
Census Tract,39061021401,White,02/2021,7,7.5,2025-03-08
Census Tract,39061021401,White,03/2021,6,2,2025-03-08
Census Tract,39061021401,White,04/2021,10,3.5,2025-03-08
Census Tract,39061021401,White,05/2021,4,4.5,2025-03-08
Census Tract,39061021401,White,06/2021,9,7.5,2025-03-08
Census Tract,39061021401,White,07/2021,6,5.5,2025-03-08
Census Tract,39061021401,White,08/2021,5,5,2025-03-08
Census Tract,39061021401,White,09/2021,7,5.5,2025-03-08
Census Tract,39061021401,White,10/2021,4,4.5,2025-03-08
Census Tract,39061021401,White,11/2021,22,2,2025-03-08
Census Tract,39061021401,White,12/2021,10,3.5,2025-03-08
Census Tract,39061021401,White,01/2022,28,8,2025-03-08
Census Tract,39061021401,White,02/2022,15,7.5,2025-03-08
Census Tract,39061021401,White,03/2022,6,2,2025-03-08
Census Tract,39061021401,White,04/2022,9,3.5,2025-03-08
Census Tract,39061021401,White,05/2022,8,4.5,2025-03-08
Census Tract,39061021401,White,06/2022,9,7.5,2025-03-08
Census Tract,39061021401,White,07/2022,9,5.5,2025-03-08
Census Tract,39061021401,White,08/2022,9,5,2025-03-08
Census Tract,39061021401,White,09/2022,4,5.5,2025-03-08
Census Tract,39061021401,White,10/2022,8,4.5,2025-03-08
Census Tract,39061021401,White,11/2022,4,2,2025-03-08
Census Tract,39061021401,White,12/2022,13,3.5,2025-03-08
Census Tract,39061021401,White,01/2023,11,8,2025-03-08
Census Tract,39061021401,White,02/2023,8,7.5,2025-03-08
Census Tract,39061021401,White,03/2023,1,2,2025-03-08
Census Tract,39061021401,White,04/2023,3,3.5,2025-03-08
Census Tract,39061021401,White,05/2023,5,4.5,2025-03-08
Census Tract,39061021401,White,06/2023,4,7.5,2025-03-08
Census Tract,39061021401,White,07/2023,3,5.5,2025-03-08
Census Tract,39061021401,White,08/2023,5,5,2025-03-08
Census Tract,39061021401,White,09/2023,4,5.5,2025-03-08
Census Tract,39061021401,White,10/2023,4,4.5,2025-03-08
Census Tract,39061021401,White,11/2023,3,2,2025-03-08
Census Tract,39061021401,White,12/2023,2,3.5,2025-03-08
Census Tract,39061021401,White,01/2024,5,8,2025-03-08
Census Tract,39061021401,White,02/2024,7,7.5,2025-03-08
Census Tract,39061021401,White,03/2024,3,2,2025-03-08
Census Tract,39061021401,White,04/2024,4,3.5,2025-03-08
Census Tract,39061021401,White,05/2024,4,4.5,2025-03-08
Census Tract,39061021401,White,06/2024,11,7.5,2025-03-08
Census Tract,39061021401,White,07/2024,8,5.5,2025-03-08
Census Tract,39061021401,White,08/2024,5,5,2025-03-08
Census Tract,39061021401,White,09/2024,7,5.5,2025-03-08
Census Tract,39061021401,White,10/2024,5,4.5,2025-03-08
Census Tract,39061021401,White,11/2024,1,2,2025-03-08
Census Tract,39061021401,White,12/2024,5,3.5,2025-03-08
Census Tract,39061021401,White,01/2025,3,8,2025-03-08
Census Tract,39061021401,White,02/2025,1,7.5,2025-03-08
Census Tract,39061021401,White,03/2025,0,0,2025-03-08
Census Tract,39061021421,White,01/2020,0,0.5,2025-03-08
Census Tract,39061021421,White,02/2020,0,0.5,2025-03-08
Census Tract,39061021421,White,03/2020,0,0.5,2025-03-08
Census Tract,39061021421,White,04/2020,0,2.5,2025-03-08
Census Tract,39061021421,White,05/2020,1,1.5,2025-03-08
Census Tract,39061021421,White,06/2020,1,2.5,2025-03-08
Census Tract,39061021421,White,07/2020,0,1.5,2025-03-08
Census Tract,39061021421,White,08/2020,0,0.5,2025-03-08
Census Tract,39061021421,White,09/2020,0,2.5,2025-03-08
Census Tract,39061021421,White,10/2020,0,3,2025-03-08
Census Tract,39061021421,White,11/2020,0,2,2025-03-08
Census Tract,39061021421,White,12/2020,2,4,2025-03-08
Census Tract,39061021421,White,01/2021,0,0.5,2025-03-08
Census Tract,39061021421,White,02/2021,1,0.5,2025-03-08
Census Tract,39061021421,White,03/2021,0,0.5,2025-03-08
Census Tract,39061021421,White,04/2021,0,2.5,2025-03-08
Census Tract,39061021421,White,05/2021,0,1.5,2025-03-08
Census Tract,39061021421,White,06/2021,0,2.5,2025-03-08
Census Tract,39061021421,White,07/2021,1,1.5,2025-03-08
Census Tract,39061021421,White,08/2021,0,0.5,2025-03-08
Census Tract,39061021421,White,09/2021,1,2.5,2025-03-08
Census Tract,39061021421,White,10/2021,1,3,2025-03-08
Census Tract,39061021421,White,11/2021,0,2,2025-03-08
Census Tract,39061021421,White,12/2021,1,4,2025-03-08
Census Tract,39061021421,White,01/2022,2,0.5,2025-03-08
Census Tract,39061021421,White,02/2022,1,0.5,2025-03-08
Census Tract,39061021421,White,03/2022,0,0.5,2025-03-08
Census Tract,39061021421,White,04/2022,0,2.5,2025-03-08
Census Tract,39061021421,White,05/2022,0,1.5,2025-03-08
Census Tract,39061021421,White,06/2022,0,2.5,2025-03-08
Census Tract,39061021421,White,07/2022,0,1.5,2025-03-08
Census Tract,39061021421,White,08/2022,0,0.5,2025-03-08
Census Tract,39061021421,White,09/2022,2,2.5,2025-03-08
Census Tract,39061021421,White,10/2022,1,3,2025-03-08
Census Tract,39061021421,White,11/2022,1,2,2025-03-08
Census Tract,39061021421,White,12/2022,1,4,2025-03-08
Census Tract,39061021421,White,01/2023,0,0.5,2025-03-08
Census Tract,39061021421,White,02/2023,0,0.5,2025-03-08
Census Tract,39061021421,White,03/2023,0,0.5,2025-03-08
Census Tract,39061021421,White,04/2023,3,2.5,2025-03-08
Census Tract,39061021421,White,05/2023,0,1.5,2025-03-08
Census Tract,39061021421,White,06/2023,3,2.5,2025-03-08
Census Tract,39061021421,White,07/2023,1,1.5,2025-03-08
Census Tract,39061021421,White,08/2023,0,0.5,2025-03-08
Census Tract,39061021421,White,09/2023,1,2.5,2025-03-08
Census Tract,39061021421,White,10/2023,2,3,2025-03-08
Census Tract,39061021421,White,11/2023,3,2,2025-03-08
Census Tract,39061021421,White,12/2023,3,4,2025-03-08
Census Tract,39061021421,White,01/2024,1,0.5,2025-03-08
Census Tract,39061021421,White,02/2024,1,0.5,2025-03-08
Census Tract,39061021421,White,03/2024,1,0.5,2025-03-08
Census Tract,39061021421,White,04/2024,2,2.5,2025-03-08
Census Tract,39061021421,White,05/2024,3,1.5,2025-03-08
Census Tract,39061021421,White,06/2024,2,2.5,2025-03-08
Census Tract,39061021421,White,07/2024,2,1.5,2025-03-08
Census Tract,39061021421,White,08/2024,1,0.5,2025-03-08
Census Tract,39061021421,White,09/2024,4,2.5,2025-03-08
Census Tract,39061021421,White,10/2024,4,3,2025-03-08
Census Tract,39061021421,White,11/2024,1,2,2025-03-08
Census Tract,39061021421,White,12/2024,5,4,2025-03-08
Census Tract,39061021421,White,01/2025,5,0.5,2025-03-08
Census Tract,39061021421,White,02/2025,5,0.5,2025-03-08
Census Tract,39061021421,White,03/2025,0,0,2025-03-08
Census Tract,39061021422,White,01/2020,0,3,2025-03-08
Census Tract,39061021422,White,02/2020,0,0.5,2025-03-08
Census Tract,39061021422,White,03/2020,0,0,2025-03-08
Census Tract,39061021422,White,04/2020,0,2,2025-03-08
Census Tract,39061021422,White,05/2020,0,2.5,2025-03-08
Census Tract,39061021422,White,06/2020,0,2,2025-03-08
Census Tract,39061021422,White,07/2020,1,2,2025-03-08
Census Tract,39061021422,White,08/2020,2,4.5,2025-03-08
Census Tract,39061021422,White,09/2020,0,2.5,2025-03-08
Census Tract,39061021422,White,10/2020,2,3,2025-03-08
Census Tract,39061021422,White,11/2020,0,1,2025-03-08
Census Tract,39061021422,White,12/2020,4,4,2025-03-08
Census Tract,39061021422,White,01/2021,0,3,2025-03-08
Census Tract,39061021422,White,02/2021,1,0.5,2025-03-08
Census Tract,39061021422,White,03/2021,1,0,2025-03-08
Census Tract,39061021422,White,04/2021,1,2,2025-03-08
Census Tract,39061021422,White,05/2021,0,2.5,2025-03-08
Census Tract,39061021422,White,06/2021,0,2,2025-03-08
Census Tract,39061021422,White,07/2021,0,2,2025-03-08
Census Tract,39061021422,White,08/2021,1,4.5,2025-03-08
Census Tract,39061021422,White,09/2021,1,2.5,2025-03-08
Census Tract,39061021422,White,10/2021,2,3,2025-03-08
Census Tract,39061021422,White,11/2021,0,1,2025-03-08
Census Tract,39061021422,White,12/2021,0,4,2025-03-08
Census Tract,39061021422,White,01/2022,2,3,2025-03-08
Census Tract,39061021422,White,02/2022,0,0.5,2025-03-08
Census Tract,39061021422,White,03/2022,0,0,2025-03-08
Census Tract,39061021422,White,04/2022,1,2,2025-03-08
Census Tract,39061021422,White,05/2022,2,2.5,2025-03-08
Census Tract,39061021422,White,06/2022,3,2,2025-03-08
Census Tract,39061021422,White,07/2022,2,2,2025-03-08
Census Tract,39061021422,White,08/2022,3,4.5,2025-03-08
Census Tract,39061021422,White,09/2022,0,2.5,2025-03-08
Census Tract,39061021422,White,10/2022,2,3,2025-03-08
Census Tract,39061021422,White,11/2022,4,1,2025-03-08
Census Tract,39061021422,White,12/2022,2,4,2025-03-08
Census Tract,39061021422,White,01/2023,2,3,2025-03-08
Census Tract,39061021422,White,02/2023,0,0.5,2025-03-08
Census Tract,39061021422,White,03/2023,0,0,2025-03-08
Census Tract,39061021422,White,04/2023,2,2,2025-03-08
Census Tract,39061021422,White,05/2023,1,2.5,2025-03-08
Census Tract,39061021422,White,06/2023,1,2,2025-03-08
Census Tract,39061021422,White,07/2023,2,2,2025-03-08
Census Tract,39061021422,White,08/2023,3,4.5,2025-03-08
Census Tract,39061021422,White,09/2023,1,2.5,2025-03-08
Census Tract,39061021422,White,10/2023,3,3,2025-03-08
Census Tract,39061021422,White,11/2023,2,1,2025-03-08
Census Tract,39061021422,White,12/2023,3,4,2025-03-08
Census Tract,39061021422,White,01/2024,4,3,2025-03-08
Census Tract,39061021422,White,02/2024,1,0.5,2025-03-08
Census Tract,39061021422,White,03/2024,0,0,2025-03-08
Census Tract,39061021422,White,04/2024,2,2,2025-03-08
Census Tract,39061021422,White,05/2024,4,2.5,2025-03-08
Census Tract,39061021422,White,06/2024,3,2,2025-03-08
Census Tract,39061021422,White,07/2024,2,2,2025-03-08
Census Tract,39061021422,White,08/2024,6,4.5,2025-03-08
Census Tract,39061021422,White,09/2024,4,2.5,2025-03-08
Census Tract,39061021422,White,10/2024,3,3,2025-03-08
Census Tract,39061021422,White,11/2024,0,1,2025-03-08
Census Tract,39061021422,White,12/2024,5,4,2025-03-08
Census Tract,39061021422,White,01/2025,2,3,2025-03-08
Census Tract,39061021422,White,02/2025,1,0.5,2025-03-08
Census Tract,39061021422,White,03/2025,0,0,2025-03-08
Census Tract,39061021501,Other,01/2020,0,6.5,2025-03-08
Census Tract,39061021501,Other,02/2020,0,12,2025-03-08
Census Tract,39061021501,Other,03/2020,0,8,2025-03-08
Census Tract,39061021501,Other,04/2020,0,8.5,2025-03-08
Census Tract,39061021501,Other,05/2020,1,10,2025-03-08
Census Tract,39061021501,Other,06/2020,1,5,2025-03-08
Census Tract,39061021501,Other,07/2020,0,7,2025-03-08
Census Tract,39061021501,Other,08/2020,0,12.5,2025-03-08
Census Tract,39061021501,Other,09/2020,0,11,2025-03-08
Census Tract,39061021501,Other,10/2020,0,14.5,2025-03-08
Census Tract,39061021501,Other,11/2020,0,7,2025-03-08
Census Tract,39061021501,Other,12/2020,1,9.5,2025-03-08
Census Tract,39061021501,Other,01/2021,2,6.5,2025-03-08
Census Tract,39061021501,Other,02/2021,2,12,2025-03-08
Census Tract,39061021501,Other,03/2021,1,8,2025-03-08
Census Tract,39061021501,Other,04/2021,1,8.5,2025-03-08
Census Tract,39061021501,Other,05/2021,1,10,2025-03-08
Census Tract,39061021501,Other,06/2021,1,5,2025-03-08
Census Tract,39061021501,Other,07/2021,2,7,2025-03-08
Census Tract,39061021501,Other,08/2021,2,12.5,2025-03-08
Census Tract,39061021501,Other,09/2021,2,11,2025-03-08
Census Tract,39061021501,Other,10/2021,1,14.5,2025-03-08
Census Tract,39061021501,Other,11/2021,1,7,2025-03-08
Census Tract,39061021501,Other,12/2021,4,9.5,2025-03-08
Census Tract,39061021501,Other,01/2022,3,6.5,2025-03-08
Census Tract,39061021501,Other,02/2022,4,12,2025-03-08
Census Tract,39061021501,Other,03/2022,5,8,2025-03-08
Census Tract,39061021501,Other,04/2022,4,8.5,2025-03-08
Census Tract,39061021501,Other,05/2022,2,10,2025-03-08
Census Tract,39061021501,Other,06/2022,7,5,2025-03-08
Census Tract,39061021501,Other,07/2022,6,7,2025-03-08
Census Tract,39061021501,Other,08/2022,7,12.5,2025-03-08
Census Tract,39061021501,Other,09/2022,10,11,2025-03-08
Census Tract,39061021501,Other,10/2022,9,14.5,2025-03-08
Census Tract,39061021501,Other,11/2022,3,7,2025-03-08
Census Tract,39061021501,Other,12/2022,9,9.5,2025-03-08
Census Tract,39061021501,Other,01/2023,7,6.5,2025-03-08
Census Tract,39061021501,Other,02/2023,8,12,2025-03-08
Census Tract,39061021501,Other,03/2023,8,8,2025-03-08
Census Tract,39061021501,Other,04/2023,7,8.5,2025-03-08
Census Tract,39061021501,Other,05/2023,7,10,2025-03-08
Census Tract,39061021501,Other,06/2023,3,5,2025-03-08
Census Tract,39061021501,Other,07/2023,5,7,2025-03-08
Census Tract,39061021501,Other,08/2023,10,12.5,2025-03-08
Census Tract,39061021501,Other,09/2023,3,11,2025-03-08
Census Tract,39061021501,Other,10/2023,16,14.5,2025-03-08
Census Tract,39061021501,Other,11/2023,6,7,2025-03-08
Census Tract,39061021501,Other,12/2023,5,9.5,2025-03-08
Census Tract,39061021501,Other,01/2024,6,6.5,2025-03-08
Census Tract,39061021501,Other,02/2024,16,12,2025-03-08
Census Tract,39061021501,Other,03/2024,8,8,2025-03-08
Census Tract,39061021501,Other,04/2024,10,8.5,2025-03-08
Census Tract,39061021501,Other,05/2024,13,10,2025-03-08
Census Tract,39061021501,Other,06/2024,7,5,2025-03-08
Census Tract,39061021501,Other,07/2024,9,7,2025-03-08
Census Tract,39061021501,Other,08/2024,15,12.5,2025-03-08
Census Tract,39061021501,Other,09/2024,19,11,2025-03-08
Census Tract,39061021501,Other,10/2024,13,14.5,2025-03-08
Census Tract,39061021501,Other,11/2024,8,7,2025-03-08
Census Tract,39061021501,Other,12/2024,14,9.5,2025-03-08
Census Tract,39061021501,Other,01/2025,12,6.5,2025-03-08
Census Tract,39061021501,Other,02/2025,18,12,2025-03-08
Census Tract,39061021501,Other,03/2025,0,0,2025-03-08
Census Tract,39061021504,Black,01/2020,0,6,2025-03-08
Census Tract,39061021504,Black,02/2020,0,6.5,2025-03-08
Census Tract,39061021504,Black,03/2020,0,3,2025-03-08
Census Tract,39061021504,Black,04/2020,0,6.5,2025-03-08
Census Tract,39061021504,Black,05/2020,0,7,2025-03-08
Census Tract,39061021504,Black,06/2020,4,6.5,2025-03-08
Census Tract,39061021504,Black,07/2020,1,9.5,2025-03-08
Census Tract,39061021504,Black,08/2020,2,7,2025-03-08
Census Tract,39061021504,Black,09/2020,1,7.5,2025-03-08
Census Tract,39061021504,Black,10/2020,2,7,2025-03-08
Census Tract,39061021504,Black,11/2020,1,6,2025-03-08
Census Tract,39061021504,Black,12/2020,1,6.5,2025-03-08
Census Tract,39061021504,Black,01/2021,2,6,2025-03-08
Census Tract,39061021504,Black,02/2021,0,4.5,2025-03-08
Census Tract,39061021504,Black,03/2021,1,3,2025-03-08
Census Tract,39061021504,Black,04/2021,3,6.5,2025-03-08
Census Tract,39061021504,Black,05/2021,4,7,2025-03-08
Census Tract,39061021504,Black,06/2021,8,6.5,2025-03-08
Census Tract,39061021504,Black,07/2021,1,9.5,2025-03-08
Census Tract,39061021504,Black,08/2021,5,7,2025-03-08
Census Tract,39061021504,Black,09/2021,1,7.5,2025-03-08
Census Tract,39061021504,Black,10/2021,3,7,2025-03-08
Census Tract,39061021504,Black,11/2021,0,6,2025-03-08
Census Tract,39061021504,Black,12/2021,0,6.5,2025-03-08
Census Tract,39061021504,Black,01/2022,4,6,2025-03-08
Census Tract,39061021504,Black,02/2022,5,4.5,2025-03-08
Census Tract,39061021504,Black,03/2022,2,3,2025-03-08
Census Tract,39061021504,Black,04/2022,4,6.5,2025-03-08
Census Tract,39061021504,Black,05/2022,0,7,2025-03-08
Census Tract,39061021504,Black,06/2022,4,6.5,2025-03-08
Census Tract,39061021504,Black,07/2022,3,9.5,2025-03-08
Census Tract,39061021504,Black,08/2022,8,7,2025-03-08
Census Tract,39061021504,Black,09/2022,5,7.5,2025-03-08
Census Tract,39061021504,Black,10/2022,4,7,2025-03-08
Census Tract,39061021504,Black,11/2022,4,6,2025-03-08
Census Tract,39061021504,Black,12/2022,4,6.5,2025-03-08
Census Tract,39061021504,Black,01/2023,2,6,2025-03-08
Census Tract,39061021504,Black,02/2023,5,4.5,2025-03-08
Census Tract,39061021504,Black,03/2023,1,3,2025-03-08
Census Tract,39061021504,Black,04/2023,8,6.5,2025-03-08
Census Tract,39061021504,Black,05/2023,7,7,2025-03-08
Census Tract,39061021504,Black,06/2023,6,6.5,2025-03-08
Census Tract,39061021504,Black,07/2023,9,9.5,2025-03-08
Census Tract,39061021504,Black,08/2023,8,7,2025-03-08
Census Tract,39061021504,Black,09/2023,11,7.5,2025-03-08
Census Tract,39061021504,Black,10/2023,9,7,2025-03-08
Census Tract,39061021504,Black,11/2023,3,6,2025-03-08
Census Tract,39061021504,Black,12/2023,6,6.5,2025-03-08
Census Tract,39061021504,Black,01/2024,10,6,2025-03-08
Census Tract,39061021504,Black,02/2024,8,6.5,2025-03-08
Census Tract,39061021504,Black,03/2024,5,3,2025-03-08
Census Tract,39061021504,Black,04/2024,5,6.5,2025-03-08
Census Tract,39061021504,Black,05/2024,7,7,2025-03-08
Census Tract,39061021504,Black,06/2024,7,6.5,2025-03-08
Census Tract,39061021504,Black,07/2024,10,9.5,2025-03-08
Census Tract,39061021504,Black,08/2024,6,7,2025-03-08
Census Tract,39061021504,Black,09/2024,4,7.5,2025-03-08
Census Tract,39061021504,Black,10/2024,5,7,2025-03-08
Census Tract,39061021504,Black,11/2024,9,6,2025-03-08
Census Tract,39061021504,Black,12/2024,7,6.5,2025-03-08
Census Tract,39061021504,Black,01/2025,9,6,2025-03-08
Census Tract,39061021504,Black,02/2025,3,4.5,2025-03-08
Census Tract,39061021504,Black,03/2025,0,1,2025-03-08
Census Tract,39061021505,Black,01/2020,0,0,2025-03-08
Census Tract,39061021505,Black,02/2020,0,2.5,2025-03-08
Census Tract,39061021505,Black,03/2020,0,4,2025-03-08
Census Tract,39061021505,Black,04/2020,0,2,2025-03-08
Census Tract,39061021505,Black,05/2020,2,3,2025-03-08
Census Tract,39061021505,Black,06/2020,0,3,2025-03-08
Census Tract,39061021505,Black,07/2020,0,1,2025-03-08
Census Tract,39061021505,Black,08/2020,0,4,2025-03-08
Census Tract,39061021505,Black,09/2020,0,1,2025-03-08
Census Tract,39061021505,Black,10/2020,0,3,2025-03-08
Census Tract,39061021505,Black,11/2020,0,3.5,2025-03-08
Census Tract,39061021505,Black,12/2020,0,3.5,2025-03-08
Census Tract,39061021505,Black,01/2021,0,0,2025-03-08
Census Tract,39061021505,Black,02/2021,0,2.5,2025-03-08
Census Tract,39061021505,Black,03/2021,2,4,2025-03-08
Census Tract,39061021505,Black,04/2021,3,2,2025-03-08
Census Tract,39061021505,Black,05/2021,1,3,2025-03-08
Census Tract,39061021505,Black,06/2021,2,3,2025-03-08
Census Tract,39061021505,Black,07/2021,2,1,2025-03-08
Census Tract,39061021505,Black,08/2021,1,4,2025-03-08
Census Tract,39061021505,Black,09/2021,3,1,2025-03-08
Census Tract,39061021505,Black,10/2021,0,3,2025-03-08
Census Tract,39061021505,Black,11/2021,2,3.5,2025-03-08
Census Tract,39061021505,Black,12/2021,4,3.5,2025-03-08
Census Tract,39061021505,Black,01/2022,4,0,2025-03-08
Census Tract,39061021505,Black,02/2022,2,2.5,2025-03-08
Census Tract,39061021505,Black,03/2022,3,4,2025-03-08
Census Tract,39061021505,Black,04/2022,2,2,2025-03-08
Census Tract,39061021505,Black,05/2022,2,3,2025-03-08
Census Tract,39061021505,Black,06/2022,1,3,2025-03-08
Census Tract,39061021505,Black,07/2022,1,1,2025-03-08
Census Tract,39061021505,Black,08/2022,2,4,2025-03-08
Census Tract,39061021505,Black,09/2022,4,1,2025-03-08
Census Tract,39061021505,Black,10/2022,1,3,2025-03-08
Census Tract,39061021505,Black,11/2022,2,3.5,2025-03-08
Census Tract,39061021505,Black,12/2022,3,3.5,2025-03-08
Census Tract,39061021505,Black,01/2023,0,0,2025-03-08
Census Tract,39061021505,Black,02/2023,4,2.5,2025-03-08
Census Tract,39061021505,Black,03/2023,5,4,2025-03-08
Census Tract,39061021505,Black,04/2023,3,2,2025-03-08
Census Tract,39061021505,Black,05/2023,5,3,2025-03-08
Census Tract,39061021505,Black,06/2023,1,3,2025-03-08
Census Tract,39061021505,Black,07/2023,2,1,2025-03-08
Census Tract,39061021505,Black,08/2023,5,4,2025-03-08
Census Tract,39061021505,Black,09/2023,1,1,2025-03-08
Census Tract,39061021505,Black,10/2023,2,3,2025-03-08
Census Tract,39061021505,Black,11/2023,4,3.5,2025-03-08
Census Tract,39061021505,Black,12/2023,2,3.5,2025-03-08
Census Tract,39061021505,Black,01/2024,0,0,2025-03-08
Census Tract,39061021505,Black,02/2024,1,2.5,2025-03-08
Census Tract,39061021505,Black,03/2024,3,4,2025-03-08
Census Tract,39061021505,Black,04/2024,1,2,2025-03-08
Census Tract,39061021505,Black,05/2024,1,3,2025-03-08
Census Tract,39061021505,Black,06/2024,5,3,2025-03-08
Census Tract,39061021505,Black,07/2024,0,1,2025-03-08
Census Tract,39061021505,Black,08/2024,3,4,2025-03-08
Census Tract,39061021505,Black,09/2024,1,1,2025-03-08
Census Tract,39061021505,Black,10/2024,4,3,2025-03-08
Census Tract,39061021505,Black,11/2024,3,3.5,2025-03-08
Census Tract,39061021505,Black,12/2024,5,3.5,2025-03-08
Census Tract,39061021505,Black,01/2025,6,0,2025-03-08
Census Tract,39061021505,Black,02/2025,4,2.5,2025-03-08
Census Tract,39061021505,Black,03/2025,0,1.5,2025-03-08
Census Tract,39061021506,Black,01/2020,0,7,2025-03-08
Census Tract,39061021506,Black,02/2020,0,9,2025-03-08
Census Tract,39061021506,Black,03/2020,0,2.5,2025-03-08
Census Tract,39061021506,Black,04/2020,0,0.5,2025-03-08
Census Tract,39061021506,Black,05/2020,0,6.5,2025-03-08
Census Tract,39061021506,Black,06/2020,0,9.5,2025-03-08
Census Tract,39061021506,Black,07/2020,1,5.5,2025-03-08
Census Tract,39061021506,Black,08/2020,5,5,2025-03-08
Census Tract,39061021506,Black,09/2020,6,9,2025-03-08
Census Tract,39061021506,Black,10/2020,4,6,2025-03-08
Census Tract,39061021506,Black,11/2020,0,7,2025-03-08
Census Tract,39061021506,Black,12/2020,6,4.5,2025-03-08
Census Tract,39061021506,Black,01/2021,2,7,2025-03-08
Census Tract,39061021506,Black,02/2021,0,9,2025-03-08
Census Tract,39061021506,Black,03/2021,0,2.5,2025-03-08
Census Tract,39061021506,Black,04/2021,2,0.5,2025-03-08
Census Tract,39061021506,Black,05/2021,2,6.5,2025-03-08
Census Tract,39061021506,Black,06/2021,2,9.5,2025-03-08
Census Tract,39061021506,Black,07/2021,2,5.5,2025-03-08
Census Tract,39061021506,Black,08/2021,0,5,2025-03-08
Census Tract,39061021506,Black,09/2021,4,9,2025-03-08
Census Tract,39061021506,Black,10/2021,2,6,2025-03-08
Census Tract,39061021506,Black,11/2021,2,7,2025-03-08
Census Tract,39061021506,Black,12/2021,0,4.5,2025-03-08
Census Tract,39061021506,Black,01/2022,6,7,2025-03-08
Census Tract,39061021506,Black,02/2022,2,9,2025-03-08
Census Tract,39061021506,Black,03/2022,4,2.5,2025-03-08
Census Tract,39061021506,Black,04/2022,5,0.5,2025-03-08
Census Tract,39061021506,Black,05/2022,0,6.5,2025-03-08
Census Tract,39061021506,Black,06/2022,2,9.5,2025-03-08
Census Tract,39061021506,Black,07/2022,5,5.5,2025-03-08
Census Tract,39061021506,Black,08/2022,4,5,2025-03-08
Census Tract,39061021506,Black,09/2022,2,9,2025-03-08
Census Tract,39061021506,Black,10/2022,2,6,2025-03-08
Census Tract,39061021506,Black,11/2022,4,7,2025-03-08
Census Tract,39061021506,Black,12/2022,3,4.5,2025-03-08
Census Tract,39061021506,Black,01/2023,6,7,2025-03-08
Census Tract,39061021506,Black,02/2023,7,9,2025-03-08
Census Tract,39061021506,Black,03/2023,5,2.5,2025-03-08
Census Tract,39061021506,Black,04/2023,1,0.5,2025-03-08
Census Tract,39061021506,Black,05/2023,6,6.5,2025-03-08
Census Tract,39061021506,Black,06/2023,8,9.5,2025-03-08
Census Tract,39061021506,Black,07/2023,6,5.5,2025-03-08
Census Tract,39061021506,Black,08/2023,4,5,2025-03-08
Census Tract,39061021506,Black,09/2023,11,9,2025-03-08
Census Tract,39061021506,Black,10/2023,8,6,2025-03-08
Census Tract,39061021506,Black,11/2023,6,7,2025-03-08
Census Tract,39061021506,Black,12/2023,8,4.5,2025-03-08
Census Tract,39061021506,Black,01/2024,8,7,2025-03-08
Census Tract,39061021506,Black,02/2024,11,9,2025-03-08
Census Tract,39061021506,Black,03/2024,0,2.5,2025-03-08
Census Tract,39061021506,Black,04/2024,0,0.5,2025-03-08
Census Tract,39061021506,Black,05/2024,7,6.5,2025-03-08
Census Tract,39061021506,Black,06/2024,11,9.5,2025-03-08
Census Tract,39061021506,Black,07/2024,5,5.5,2025-03-08
Census Tract,39061021506,Black,08/2024,6,5,2025-03-08
Census Tract,39061021506,Black,09/2024,7,9,2025-03-08
Census Tract,39061021506,Black,10/2024,4,6,2025-03-08
Census Tract,39061021506,Black,11/2024,8,7,2025-03-08
Census Tract,39061021506,Black,12/2024,1,4.5,2025-03-08
Census Tract,39061021506,Black,01/2025,7,7,2025-03-08
Census Tract,39061021506,Black,02/2025,4,9,2025-03-08
Census Tract,39061021506,Black,03/2025,0,1,2025-03-08
Census Tract,39061021508,White,01/2020,0,0.5,2025-03-08
Census Tract,39061021508,White,02/2020,0,0,2025-03-08
Census Tract,39061021508,White,03/2020,0,1.5,2025-03-08
Census Tract,39061021508,White,04/2020,0,1.5,2025-03-08
Census Tract,39061021508,White,05/2020,1,2.5,2025-03-08
Census Tract,39061021508,White,06/2020,1,2.5,2025-03-08
Census Tract,39061021508,White,07/2020,0,1.5,2025-03-08
Census Tract,39061021508,White,08/2020,1,4.5,2025-03-08
Census Tract,39061021508,White,09/2020,2,2.5,2025-03-08
Census Tract,39061021508,White,10/2020,0,2,2025-03-08
Census Tract,39061021508,White,11/2020,0,3.5,2025-03-08
Census Tract,39061021508,White,12/2020,1,3.5,2025-03-08
Census Tract,39061021508,White,01/2021,3,0.5,2025-03-08
Census Tract,39061021508,White,02/2021,0,0,2025-03-08
Census Tract,39061021508,White,03/2021,2,1.5,2025-03-08
Census Tract,39061021508,White,04/2021,0,1.5,2025-03-08
Census Tract,39061021508,White,05/2021,0,2.5,2025-03-08
Census Tract,39061021508,White,06/2021,2,2.5,2025-03-08
Census Tract,39061021508,White,07/2021,4,1.5,2025-03-08
Census Tract,39061021508,White,08/2021,1,4.5,2025-03-08
Census Tract,39061021508,White,09/2021,0,2.5,2025-03-08
Census Tract,39061021508,White,10/2021,2,2,2025-03-08
Census Tract,39061021508,White,11/2021,0,3.5,2025-03-08
Census Tract,39061021508,White,12/2021,0,3.5,2025-03-08
Census Tract,39061021508,White,01/2022,3,0.5,2025-03-08
Census Tract,39061021508,White,02/2022,0,0,2025-03-08
Census Tract,39061021508,White,03/2022,1,1.5,2025-03-08
Census Tract,39061021508,White,04/2022,1,1.5,2025-03-08
Census Tract,39061021508,White,05/2022,0,2.5,2025-03-08
Census Tract,39061021508,White,06/2022,3,2.5,2025-03-08
Census Tract,39061021508,White,07/2022,0,1.5,2025-03-08
Census Tract,39061021508,White,08/2022,0,4.5,2025-03-08
Census Tract,39061021508,White,09/2022,1,2.5,2025-03-08
Census Tract,39061021508,White,10/2022,2,2,2025-03-08
Census Tract,39061021508,White,11/2022,4,3.5,2025-03-08
Census Tract,39061021508,White,12/2022,0,3.5,2025-03-08
Census Tract,39061021508,White,01/2023,1,0.5,2025-03-08
Census Tract,39061021508,White,02/2023,0,0,2025-03-08
Census Tract,39061021508,White,03/2023,2,1.5,2025-03-08
Census Tract,39061021508,White,04/2023,1,1.5,2025-03-08
Census Tract,39061021508,White,05/2023,1,2.5,2025-03-08
Census Tract,39061021508,White,06/2023,1,2.5,2025-03-08
Census Tract,39061021508,White,07/2023,0,1.5,2025-03-08
Census Tract,39061021508,White,08/2023,5,4.5,2025-03-08
Census Tract,39061021508,White,09/2023,0,2.5,2025-03-08
Census Tract,39061021508,White,10/2023,0,2,2025-03-08
Census Tract,39061021508,White,11/2023,0,3.5,2025-03-08
Census Tract,39061021508,White,12/2023,4,3.5,2025-03-08
Census Tract,39061021508,White,01/2024,0,0.5,2025-03-08
Census Tract,39061021508,White,02/2024,0,0,2025-03-08
Census Tract,39061021508,White,03/2024,1,1.5,2025-03-08
Census Tract,39061021508,White,04/2024,2,1.5,2025-03-08
Census Tract,39061021508,White,05/2024,4,2.5,2025-03-08
Census Tract,39061021508,White,06/2024,4,2.5,2025-03-08
Census Tract,39061021508,White,07/2024,3,1.5,2025-03-08
Census Tract,39061021508,White,08/2024,4,4.5,2025-03-08
Census Tract,39061021508,White,09/2024,5,2.5,2025-03-08
Census Tract,39061021508,White,10/2024,4,2,2025-03-08
Census Tract,39061021508,White,11/2024,7,3.5,2025-03-08
Census Tract,39061021508,White,12/2024,3,3.5,2025-03-08
Census Tract,39061021508,White,01/2025,4,0.5,2025-03-08
Census Tract,39061021508,White,02/2025,4,0,2025-03-08
Census Tract,39061021508,White,03/2025,0,0.5,2025-03-08
Census Tract,39061021509,Other,01/2020,0,5.5,2025-03-08
Census Tract,39061021509,Other,02/2020,0,24,2025-03-08
Census Tract,39061021509,Other,03/2020,0,14,2025-03-08
Census Tract,39061021509,Other,04/2020,0,17.5,2025-03-08
Census Tract,39061021509,Other,05/2020,2,19.5,2025-03-08
Census Tract,39061021509,Other,06/2020,5,21.5,2025-03-08
Census Tract,39061021509,Other,07/2020,0,16.5,2025-03-08
Census Tract,39061021509,Other,08/2020,2,17.5,2025-03-08
Census Tract,39061021509,Other,09/2020,6,17,2025-03-08
Census Tract,39061021509,Other,10/2020,7,11.5,2025-03-08
Census Tract,39061021509,Other,11/2020,10,24,2025-03-08
Census Tract,39061021509,Other,12/2020,23,20.5,2025-03-08
Census Tract,39061021509,Other,01/2021,6,5.5,2025-03-08
Census Tract,39061021509,Other,02/2021,2,24,2025-03-08
Census Tract,39061021509,Other,03/2021,8,14,2025-03-08
Census Tract,39061021509,Other,04/2021,6,17.5,2025-03-08
Census Tract,39061021509,Other,05/2021,9,19.5,2025-03-08
Census Tract,39061021509,Other,06/2021,11,21.5,2025-03-08
Census Tract,39061021509,Other,07/2021,14,16.5,2025-03-08
Census Tract,39061021509,Other,08/2021,9,17.5,2025-03-08
Census Tract,39061021509,Other,09/2021,9,17,2025-03-08
Census Tract,39061021509,Other,10/2021,16,11.5,2025-03-08
Census Tract,39061021509,Other,11/2021,7,24,2025-03-08
Census Tract,39061021509,Other,12/2021,25,20.5,2025-03-08
Census Tract,39061021509,Other,01/2022,18,5.5,2025-03-08
Census Tract,39061021509,Other,02/2022,19,24,2025-03-08
Census Tract,39061021509,Other,03/2022,7,14,2025-03-08
Census Tract,39061021509,Other,04/2022,13,17.5,2025-03-08
Census Tract,39061021509,Other,05/2022,8,19.5,2025-03-08
Census Tract,39061021509,Other,06/2022,10,21.5,2025-03-08
Census Tract,39061021509,Other,07/2022,24,16.5,2025-03-08
Census Tract,39061021509,Other,08/2022,15,17.5,2025-03-08
Census Tract,39061021509,Other,09/2022,6,17,2025-03-08
Census Tract,39061021509,Other,10/2022,35,11.5,2025-03-08
Census Tract,39061021509,Other,11/2022,10,24,2025-03-08
Census Tract,39061021509,Other,12/2022,25,20.5,2025-03-08
Census Tract,39061021509,Other,01/2023,4,5.5,2025-03-08
Census Tract,39061021509,Other,02/2023,18,24,2025-03-08
Census Tract,39061021509,Other,03/2023,11,14,2025-03-08
Census Tract,39061021509,Other,04/2023,19,17.5,2025-03-08
Census Tract,39061021509,Other,05/2023,21,19.5,2025-03-08
Census Tract,39061021509,Other,06/2023,17,21.5,2025-03-08
Census Tract,39061021509,Other,07/2023,17,16.5,2025-03-08
Census Tract,39061021509,Other,08/2023,14,17.5,2025-03-08
Census Tract,39061021509,Other,09/2023,19,17,2025-03-08
Census Tract,39061021509,Other,10/2023,11,11.5,2025-03-08
Census Tract,39061021509,Other,11/2023,25,24,2025-03-08
Census Tract,39061021509,Other,12/2023,17,20.5,2025-03-08
Census Tract,39061021509,Other,01/2024,7,5.5,2025-03-08
Census Tract,39061021509,Other,02/2024,30,24,2025-03-08
Census Tract,39061021509,Other,03/2024,17,14,2025-03-08
Census Tract,39061021509,Other,04/2024,16,17.5,2025-03-08
Census Tract,39061021509,Other,05/2024,18,19.5,2025-03-08
Census Tract,39061021509,Other,06/2024,26,21.5,2025-03-08
Census Tract,39061021509,Other,07/2024,16,16.5,2025-03-08
Census Tract,39061021509,Other,08/2024,21,17.5,2025-03-08
Census Tract,39061021509,Other,09/2024,15,17,2025-03-08
Census Tract,39061021509,Other,10/2024,12,11.5,2025-03-08
Census Tract,39061021509,Other,11/2024,23,24,2025-03-08
Census Tract,39061021509,Other,12/2024,24,20.5,2025-03-08
Census Tract,39061021509,Other,01/2025,21,5.5,2025-03-08
Census Tract,39061021509,Other,02/2025,16,24,2025-03-08
Census Tract,39061021509,Other,03/2025,1,1.5,2025-03-08
Census Tract,39061021571,Other,01/2020,0,2,2025-03-08
Census Tract,39061021571,Other,02/2020,0,2.5,2025-03-08
Census Tract,39061021571,Other,03/2020,0,3.5,2025-03-08
Census Tract,39061021571,Other,04/2020,0,2.5,2025-03-08
Census Tract,39061021571,Other,05/2020,0,2.5,2025-03-08
Census Tract,39061021571,Other,06/2020,1,5,2025-03-08
Census Tract,39061021571,Other,07/2020,1,3.5,2025-03-08
Census Tract,39061021571,Other,08/2020,1,5,2025-03-08
Census Tract,39061021571,Other,09/2020,1,5.5,2025-03-08
Census Tract,39061021571,Other,10/2020,0,2.5,2025-03-08
Census Tract,39061021571,Other,11/2020,2,6.5,2025-03-08
Census Tract,39061021571,Other,12/2020,3,6,2025-03-08
Census Tract,39061021571,Other,01/2021,3,2,2025-03-08
Census Tract,39061021571,Other,02/2021,1,2.5,2025-03-08
Census Tract,39061021571,Other,03/2021,3,3.5,2025-03-08
Census Tract,39061021571,Other,04/2021,3,2.5,2025-03-08
Census Tract,39061021571,Other,05/2021,2,2.5,2025-03-08
Census Tract,39061021571,Other,06/2021,2,5,2025-03-08
Census Tract,39061021571,Other,07/2021,1,3.5,2025-03-08
Census Tract,39061021571,Other,08/2021,2,5,2025-03-08
Census Tract,39061021571,Other,09/2021,1,5.5,2025-03-08
Census Tract,39061021571,Other,10/2021,2,2.5,2025-03-08
Census Tract,39061021571,Other,11/2021,2,6.5,2025-03-08
Census Tract,39061021571,Other,12/2021,1,6,2025-03-08
Census Tract,39061021571,Other,01/2022,7,2,2025-03-08
Census Tract,39061021571,Other,02/2022,0,2.5,2025-03-08
Census Tract,39061021571,Other,03/2022,2,3.5,2025-03-08
Census Tract,39061021571,Other,04/2022,2,2.5,2025-03-08
Census Tract,39061021571,Other,05/2022,0,2.5,2025-03-08
Census Tract,39061021571,Other,06/2022,1,5,2025-03-08
Census Tract,39061021571,Other,07/2022,1,3.5,2025-03-08
Census Tract,39061021571,Other,08/2022,5,5,2025-03-08
Census Tract,39061021571,Other,09/2022,4,5.5,2025-03-08
Census Tract,39061021571,Other,10/2022,1,2.5,2025-03-08
Census Tract,39061021571,Other,11/2022,3,6.5,2025-03-08
Census Tract,39061021571,Other,12/2022,2,6,2025-03-08
Census Tract,39061021571,Other,01/2023,1,2,2025-03-08
Census Tract,39061021571,Other,02/2023,1,2.5,2025-03-08
Census Tract,39061021571,Other,03/2023,2,3.5,2025-03-08
Census Tract,39061021571,Other,04/2023,2,2.5,2025-03-08
Census Tract,39061021571,Other,05/2023,1,2.5,2025-03-08
Census Tract,39061021571,Other,06/2023,2,5,2025-03-08
Census Tract,39061021571,Other,07/2023,2,3.5,2025-03-08
Census Tract,39061021571,Other,08/2023,4,5,2025-03-08
Census Tract,39061021571,Other,09/2023,2,5.5,2025-03-08
Census Tract,39061021571,Other,10/2023,4,2.5,2025-03-08
Census Tract,39061021571,Other,11/2023,4,6.5,2025-03-08
Census Tract,39061021571,Other,12/2023,4,6,2025-03-08
Census Tract,39061021571,Other,01/2024,3,2,2025-03-08
Census Tract,39061021571,Other,02/2024,4,2.5,2025-03-08
Census Tract,39061021571,Other,03/2024,5,3.5,2025-03-08
Census Tract,39061021571,Other,04/2024,3,2.5,2025-03-08
Census Tract,39061021571,Other,05/2024,4,2.5,2025-03-08
Census Tract,39061021571,Other,06/2024,8,5,2025-03-08
Census Tract,39061021571,Other,07/2024,5,3.5,2025-03-08
Census Tract,39061021571,Other,08/2024,6,5,2025-03-08
Census Tract,39061021571,Other,09/2024,9,5.5,2025-03-08
Census Tract,39061021571,Other,10/2024,1,2.5,2025-03-08
Census Tract,39061021571,Other,11/2024,9,6.5,2025-03-08
Census Tract,39061021571,Other,12/2024,8,6,2025-03-08
Census Tract,39061021571,Other,01/2025,7,2,2025-03-08
Census Tract,39061021571,Other,02/2025,3,2.5,2025-03-08
Census Tract,39061021571,Other,03/2025,1,1,2025-03-08
Census Tract,39061021572,Black,01/2020,0,12.5,2025-03-08
Census Tract,39061021572,Black,02/2020,0,18.5,2025-03-08
Census Tract,39061021572,Black,03/2020,0,6.5,2025-03-08
Census Tract,39061021572,Black,04/2020,0,16.5,2025-03-08
Census Tract,39061021572,Black,05/2020,0,15.5,2025-03-08
Census Tract,39061021572,Black,06/2020,3,11,2025-03-08
Census Tract,39061021572,Black,07/2020,3,14.5,2025-03-08
Census Tract,39061021572,Black,08/2020,7,12,2025-03-08
Census Tract,39061021572,Black,09/2020,14,23,2025-03-08
Census Tract,39061021572,Black,10/2020,4,22,2025-03-08
Census Tract,39061021572,Black,11/2020,2,12.5,2025-03-08
Census Tract,39061021572,Black,12/2020,5,15.5,2025-03-08
Census Tract,39061021572,Black,01/2021,10,12.5,2025-03-08
Census Tract,39061021572,Black,02/2021,0,18.5,2025-03-08
Census Tract,39061021572,Black,03/2021,5,6.5,2025-03-08
Census Tract,39061021572,Black,04/2021,8,16.5,2025-03-08
Census Tract,39061021572,Black,05/2021,6,15.5,2025-03-08
Census Tract,39061021572,Black,06/2021,3,11,2025-03-08
Census Tract,39061021572,Black,07/2021,6,14.5,2025-03-08
Census Tract,39061021572,Black,08/2021,4,12,2025-03-08
Census Tract,39061021572,Black,09/2021,13,23,2025-03-08
Census Tract,39061021572,Black,10/2021,11,22,2025-03-08
Census Tract,39061021572,Black,11/2021,4,12.5,2025-03-08
Census Tract,39061021572,Black,12/2021,2,15.5,2025-03-08
Census Tract,39061021572,Black,01/2022,12,12.5,2025-03-08
Census Tract,39061021572,Black,02/2022,4,18.5,2025-03-08
Census Tract,39061021572,Black,03/2022,9,6.5,2025-03-08
Census Tract,39061021572,Black,04/2022,17,16.5,2025-03-08
Census Tract,39061021572,Black,05/2022,9,15.5,2025-03-08
Census Tract,39061021572,Black,06/2022,20,11,2025-03-08
Census Tract,39061021572,Black,07/2022,22,14.5,2025-03-08
Census Tract,39061021572,Black,08/2022,13,12,2025-03-08
Census Tract,39061021572,Black,09/2022,16,23,2025-03-08
Census Tract,39061021572,Black,10/2022,14,22,2025-03-08
Census Tract,39061021572,Black,11/2022,18,12.5,2025-03-08
Census Tract,39061021572,Black,12/2022,28,15.5,2025-03-08
Census Tract,39061021572,Black,01/2023,6,12.5,2025-03-08
Census Tract,39061021572,Black,02/2023,20,18.5,2025-03-08
Census Tract,39061021572,Black,03/2023,7,6.5,2025-03-08
Census Tract,39061021572,Black,04/2023,21,16.5,2025-03-08
Census Tract,39061021572,Black,05/2023,18,15.5,2025-03-08
Census Tract,39061021572,Black,06/2023,10,11,2025-03-08
Census Tract,39061021572,Black,07/2023,21,14.5,2025-03-08
Census Tract,39061021572,Black,08/2023,14,12,2025-03-08
Census Tract,39061021572,Black,09/2023,26,23,2025-03-08
Census Tract,39061021572,Black,10/2023,21,22,2025-03-08
Census Tract,39061021572,Black,11/2023,9,12.5,2025-03-08
Census Tract,39061021572,Black,12/2023,17,15.5,2025-03-08
Census Tract,39061021572,Black,01/2024,19,12.5,2025-03-08
Census Tract,39061021572,Black,02/2024,17,18.5,2025-03-08
Census Tract,39061021572,Black,03/2024,6,6.5,2025-03-08
Census Tract,39061021572,Black,04/2024,12,16.5,2025-03-08
Census Tract,39061021572,Black,05/2024,13,15.5,2025-03-08
Census Tract,39061021572,Black,06/2024,12,11,2025-03-08
Census Tract,39061021572,Black,07/2024,8,14.5,2025-03-08
Census Tract,39061021572,Black,08/2024,10,12,2025-03-08
Census Tract,39061021572,Black,09/2024,20,23,2025-03-08
Census Tract,39061021572,Black,10/2024,23,22,2025-03-08
Census Tract,39061021572,Black,11/2024,16,12.5,2025-03-08
Census Tract,39061021572,Black,12/2024,14,15.5,2025-03-08
Census Tract,39061021572,Black,01/2025,24,12.5,2025-03-08
Census Tract,39061021572,Black,02/2025,16,18.5,2025-03-08
Census Tract,39061021572,Black,03/2025,0,2.5,2025-03-08
Census Tract,39061021602,Black,01/2020,0,4,2025-03-08
Census Tract,39061021602,Black,02/2020,0,5,2025-03-08
Census Tract,39061021602,Black,03/2020,0,2,2025-03-08
Census Tract,39061021602,Black,04/2020,0,6.5,2025-03-08
Census Tract,39061021602,Black,05/2020,5,5.5,2025-03-08
Census Tract,39061021602,Black,06/2020,4,6.5,2025-03-08
Census Tract,39061021602,Black,07/2020,2,9,2025-03-08
Census Tract,39061021602,Black,08/2020,7,3.5,2025-03-08
Census Tract,39061021602,Black,09/2020,4,13.5,2025-03-08
Census Tract,39061021602,Black,10/2020,2,6,2025-03-08
Census Tract,39061021602,Black,11/2020,1,8.5,2025-03-08
Census Tract,39061021602,Black,12/2020,5,6,2025-03-08
Census Tract,39061021602,Black,01/2021,4,4,2025-03-08
Census Tract,39061021602,Black,02/2021,5,5,2025-03-08
Census Tract,39061021602,Black,03/2021,3,2,2025-03-08
Census Tract,39061021602,Black,04/2021,4,6.5,2025-03-08
Census Tract,39061021602,Black,05/2021,4,5.5,2025-03-08
Census Tract,39061021602,Black,06/2021,7,6.5,2025-03-08
Census Tract,39061021602,Black,07/2021,8,9,2025-03-08
Census Tract,39061021602,Black,08/2021,4,3.5,2025-03-08
Census Tract,39061021602,Black,09/2021,8,13.5,2025-03-08
Census Tract,39061021602,Black,10/2021,8,6,2025-03-08
Census Tract,39061021602,Black,11/2021,5,8.5,2025-03-08
Census Tract,39061021602,Black,12/2021,10,6,2025-03-08
Census Tract,39061021602,Black,01/2022,12,4,2025-03-08
Census Tract,39061021602,Black,02/2022,11,5,2025-03-08
Census Tract,39061021602,Black,03/2022,2,2,2025-03-08
Census Tract,39061021602,Black,04/2022,2,6.5,2025-03-08
Census Tract,39061021602,Black,05/2022,9,5.5,2025-03-08
Census Tract,39061021602,Black,06/2022,5,6.5,2025-03-08
Census Tract,39061021602,Black,07/2022,4,9,2025-03-08
Census Tract,39061021602,Black,08/2022,10,3.5,2025-03-08
Census Tract,39061021602,Black,09/2022,4,13.5,2025-03-08
Census Tract,39061021602,Black,10/2022,1,6,2025-03-08
Census Tract,39061021602,Black,11/2022,8,8.5,2025-03-08
Census Tract,39061021602,Black,12/2022,1,6,2025-03-08
Census Tract,39061021602,Black,01/2023,4,4,2025-03-08
Census Tract,39061021602,Black,02/2023,3,5,2025-03-08
Census Tract,39061021602,Black,03/2023,2,2,2025-03-08
Census Tract,39061021602,Black,04/2023,2,6.5,2025-03-08
Census Tract,39061021602,Black,05/2023,5,5.5,2025-03-08
Census Tract,39061021602,Black,06/2023,8,6.5,2025-03-08
Census Tract,39061021602,Black,07/2023,4,9,2025-03-08
Census Tract,39061021602,Black,08/2023,0,3.5,2025-03-08
Census Tract,39061021602,Black,09/2023,14,13.5,2025-03-08
Census Tract,39061021602,Black,10/2023,4,6,2025-03-08
Census Tract,39061021602,Black,11/2023,7,8.5,2025-03-08
Census Tract,39061021602,Black,12/2023,6,6,2025-03-08
Census Tract,39061021602,Black,01/2024,4,4,2025-03-08
Census Tract,39061021602,Black,02/2024,7,5,2025-03-08
Census Tract,39061021602,Black,03/2024,2,2,2025-03-08
Census Tract,39061021602,Black,04/2024,11,6.5,2025-03-08
Census Tract,39061021602,Black,05/2024,6,5.5,2025-03-08
Census Tract,39061021602,Black,06/2024,5,6.5,2025-03-08
Census Tract,39061021602,Black,07/2024,14,9,2025-03-08
Census Tract,39061021602,Black,08/2024,7,3.5,2025-03-08
Census Tract,39061021602,Black,09/2024,13,13.5,2025-03-08
Census Tract,39061021602,Black,10/2024,8,6,2025-03-08
Census Tract,39061021602,Black,11/2024,10,8.5,2025-03-08
Census Tract,39061021602,Black,12/2024,6,6,2025-03-08
Census Tract,39061021602,Black,01/2025,5,4,2025-03-08
Census Tract,39061021602,Black,02/2025,6,5,2025-03-08
Census Tract,39061021602,Black,03/2025,0,0,2025-03-08
Census Tract,39061021603,Other,01/2020,0,5.5,2025-03-08
Census Tract,39061021603,Other,02/2020,0,5,2025-03-08
Census Tract,39061021603,Other,03/2020,0,3,2025-03-08
Census Tract,39061021603,Other,04/2020,0,3,2025-03-08
Census Tract,39061021603,Other,05/2020,0,5.5,2025-03-08
Census Tract,39061021603,Other,06/2020,1,6,2025-03-08
Census Tract,39061021603,Other,07/2020,3,3.5,2025-03-08
Census Tract,39061021603,Other,08/2020,4,4.5,2025-03-08
Census Tract,39061021603,Other,09/2020,3,8.5,2025-03-08
Census Tract,39061021603,Other,10/2020,3,5,2025-03-08
Census Tract,39061021603,Other,11/2020,0,8,2025-03-08
Census Tract,39061021603,Other,12/2020,6,4,2025-03-08
Census Tract,39061021603,Other,01/2021,3,5.5,2025-03-08
Census Tract,39061021603,Other,02/2021,2,5,2025-03-08
Census Tract,39061021603,Other,03/2021,2,3,2025-03-08
Census Tract,39061021603,Other,04/2021,1,3,2025-03-08
Census Tract,39061021603,Other,05/2021,2,5.5,2025-03-08
Census Tract,39061021603,Other,06/2021,7,6,2025-03-08
Census Tract,39061021603,Other,07/2021,5,3.5,2025-03-08
Census Tract,39061021603,Other,08/2021,1,4.5,2025-03-08
Census Tract,39061021603,Other,09/2021,3,8.5,2025-03-08
Census Tract,39061021603,Other,10/2021,4,5,2025-03-08
Census Tract,39061021603,Other,11/2021,7,8,2025-03-08
Census Tract,39061021603,Other,12/2021,2,4,2025-03-08
Census Tract,39061021603,Other,01/2022,11,5.5,2025-03-08
Census Tract,39061021603,Other,02/2022,3,5,2025-03-08
Census Tract,39061021603,Other,03/2022,4,3,2025-03-08
Census Tract,39061021603,Other,04/2022,1,3,2025-03-08
Census Tract,39061021603,Other,05/2022,0,5.5,2025-03-08
Census Tract,39061021603,Other,06/2022,3,6,2025-03-08
Census Tract,39061021603,Other,07/2022,0,3.5,2025-03-08
Census Tract,39061021603,Other,08/2022,5,4.5,2025-03-08
Census Tract,39061021603,Other,09/2022,3,8.5,2025-03-08
Census Tract,39061021603,Other,10/2022,3,5,2025-03-08
Census Tract,39061021603,Other,11/2022,3,8,2025-03-08
Census Tract,39061021603,Other,12/2022,2,4,2025-03-08
Census Tract,39061021603,Other,01/2023,6,5.5,2025-03-08
Census Tract,39061021603,Other,02/2023,4,5,2025-03-08
Census Tract,39061021603,Other,03/2023,3,3,2025-03-08
Census Tract,39061021603,Other,04/2023,2,3,2025-03-08
Census Tract,39061021603,Other,05/2023,3,5.5,2025-03-08
Census Tract,39061021603,Other,06/2023,5,6,2025-03-08
Census Tract,39061021603,Other,07/2023,2,3.5,2025-03-08
Census Tract,39061021603,Other,08/2023,4,4.5,2025-03-08
Census Tract,39061021603,Other,09/2023,7,8.5,2025-03-08
Census Tract,39061021603,Other,10/2023,5,5,2025-03-08
Census Tract,39061021603,Other,11/2023,10,8,2025-03-08
Census Tract,39061021603,Other,12/2023,1,4,2025-03-08
Census Tract,39061021603,Other,01/2024,5,5.5,2025-03-08
Census Tract,39061021603,Other,02/2024,6,5,2025-03-08
Census Tract,39061021603,Other,03/2024,3,3,2025-03-08
Census Tract,39061021603,Other,04/2024,4,3,2025-03-08
Census Tract,39061021603,Other,05/2024,8,5.5,2025-03-08
Census Tract,39061021603,Other,06/2024,7,6,2025-03-08
Census Tract,39061021603,Other,07/2024,5,3.5,2025-03-08
Census Tract,39061021603,Other,08/2024,5,4.5,2025-03-08
Census Tract,39061021603,Other,09/2024,10,8.5,2025-03-08
Census Tract,39061021603,Other,10/2024,5,5,2025-03-08
Census Tract,39061021603,Other,11/2024,6,8,2025-03-08
Census Tract,39061021603,Other,12/2024,7,4,2025-03-08
Census Tract,39061021603,Other,01/2025,11,5.5,2025-03-08
Census Tract,39061021603,Other,02/2025,6,5,2025-03-08
Census Tract,39061021603,Other,03/2025,2,0.5,2025-03-08
Census Tract,39061021604,Black,01/2020,0,4.5,2025-03-08
Census Tract,39061021604,Black,02/2020,0,2,2025-03-08
Census Tract,39061021604,Black,03/2020,0,3.5,2025-03-08
Census Tract,39061021604,Black,04/2020,0,2,2025-03-08
Census Tract,39061021604,Black,05/2020,0,4.5,2025-03-08
Census Tract,39061021604,Black,06/2020,0,5,2025-03-08
Census Tract,39061021604,Black,07/2020,3,0.5,2025-03-08
Census Tract,39061021604,Black,08/2020,4,5.5,2025-03-08
Census Tract,39061021604,Black,09/2020,3,7.5,2025-03-08
Census Tract,39061021604,Black,10/2020,1,2.5,2025-03-08
Census Tract,39061021604,Black,11/2020,6,5,2025-03-08
Census Tract,39061021604,Black,12/2020,4,3,2025-03-08
Census Tract,39061021604,Black,01/2021,0,4.5,2025-03-08
Census Tract,39061021604,Black,02/2021,0,2,2025-03-08
Census Tract,39061021604,Black,03/2021,7,3.5,2025-03-08
Census Tract,39061021604,Black,04/2021,3,2,2025-03-08
Census Tract,39061021604,Black,05/2021,1,4.5,2025-03-08
Census Tract,39061021604,Black,06/2021,1,5,2025-03-08
Census Tract,39061021604,Black,07/2021,3,0.5,2025-03-08
Census Tract,39061021604,Black,08/2021,3,5.5,2025-03-08
Census Tract,39061021604,Black,09/2021,5,7.5,2025-03-08
Census Tract,39061021604,Black,10/2021,4,2.5,2025-03-08
Census Tract,39061021604,Black,11/2021,5,5,2025-03-08
Census Tract,39061021604,Black,12/2021,1,3,2025-03-08
Census Tract,39061021604,Black,01/2022,3,4.5,2025-03-08
Census Tract,39061021604,Black,02/2022,3,2,2025-03-08
Census Tract,39061021604,Black,03/2022,3,3.5,2025-03-08
Census Tract,39061021604,Black,04/2022,1,2,2025-03-08
Census Tract,39061021604,Black,05/2022,1,4.5,2025-03-08
Census Tract,39061021604,Black,06/2022,4,5,2025-03-08
Census Tract,39061021604,Black,07/2022,1,0.5,2025-03-08
Census Tract,39061021604,Black,08/2022,5,5.5,2025-03-08
Census Tract,39061021604,Black,09/2022,2,7.5,2025-03-08
Census Tract,39061021604,Black,10/2022,4,2.5,2025-03-08
Census Tract,39061021604,Black,11/2022,3,5,2025-03-08
Census Tract,39061021604,Black,12/2022,3,3,2025-03-08
Census Tract,39061021604,Black,01/2023,2,4.5,2025-03-08
Census Tract,39061021604,Black,02/2023,1,2,2025-03-08
Census Tract,39061021604,Black,03/2023,3,3.5,2025-03-08
Census Tract,39061021604,Black,04/2023,1,2,2025-03-08
Census Tract,39061021604,Black,05/2023,3,4.5,2025-03-08
Census Tract,39061021604,Black,06/2023,5,5,2025-03-08
Census Tract,39061021604,Black,07/2023,0,0.5,2025-03-08
Census Tract,39061021604,Black,08/2023,7,5.5,2025-03-08
Census Tract,39061021604,Black,09/2023,8,7.5,2025-03-08
Census Tract,39061021604,Black,10/2023,2,2.5,2025-03-08
Census Tract,39061021604,Black,11/2023,3,5,2025-03-08
Census Tract,39061021604,Black,12/2023,3,3,2025-03-08
Census Tract,39061021604,Black,01/2024,7,4.5,2025-03-08
Census Tract,39061021604,Black,02/2024,3,2,2025-03-08
Census Tract,39061021604,Black,03/2024,4,3.5,2025-03-08
Census Tract,39061021604,Black,04/2024,3,2,2025-03-08
Census Tract,39061021604,Black,05/2024,6,4.5,2025-03-08
Census Tract,39061021604,Black,06/2024,5,5,2025-03-08
Census Tract,39061021604,Black,07/2024,1,0.5,2025-03-08
Census Tract,39061021604,Black,08/2024,4,5.5,2025-03-08
Census Tract,39061021604,Black,09/2024,7,7.5,2025-03-08
Census Tract,39061021604,Black,10/2024,3,2.5,2025-03-08
Census Tract,39061021604,Black,11/2024,7,5,2025-03-08
Census Tract,39061021604,Black,12/2024,3,3,2025-03-08
Census Tract,39061021604,Black,01/2025,6,4.5,2025-03-08
Census Tract,39061021604,Black,02/2025,3,2,2025-03-08
Census Tract,39061021604,Black,03/2025,2,1.5,2025-03-08
Census Tract,39061021701,White,01/2020,0,8,2025-03-08
Census Tract,39061021701,White,02/2020,0,5,2025-03-08
Census Tract,39061021701,White,03/2020,0,5.5,2025-03-08
Census Tract,39061021701,White,04/2020,0,9,2025-03-08
Census Tract,39061021701,White,05/2020,1,6.5,2025-03-08
Census Tract,39061021701,White,06/2020,1,9.5,2025-03-08
Census Tract,39061021701,White,07/2020,1,7.5,2025-03-08
Census Tract,39061021701,White,08/2020,6,7,2025-03-08
Census Tract,39061021701,White,09/2020,6,5,2025-03-08
Census Tract,39061021701,White,10/2020,4,4.5,2025-03-08
Census Tract,39061021701,White,11/2020,0,6,2025-03-08
Census Tract,39061021701,White,12/2020,8,7.5,2025-03-08
Census Tract,39061021701,White,01/2021,6,8,2025-03-08
Census Tract,39061021701,White,02/2021,7,5,2025-03-08
Census Tract,39061021701,White,03/2021,2,5.5,2025-03-08
Census Tract,39061021701,White,04/2021,3,9,2025-03-08
Census Tract,39061021701,White,05/2021,5,6.5,2025-03-08
Census Tract,39061021701,White,06/2021,12,9.5,2025-03-08
Census Tract,39061021701,White,07/2021,1,7.5,2025-03-08
Census Tract,39061021701,White,08/2021,4,7,2025-03-08
Census Tract,39061021701,White,09/2021,2,5,2025-03-08
Census Tract,39061021701,White,10/2021,5,4.5,2025-03-08
Census Tract,39061021701,White,11/2021,4,6,2025-03-08
Census Tract,39061021701,White,12/2021,3,7.5,2025-03-08
Census Tract,39061021701,White,01/2022,5,8,2025-03-08
Census Tract,39061021701,White,02/2022,3,5,2025-03-08
Census Tract,39061021701,White,03/2022,1,5.5,2025-03-08
Census Tract,39061021701,White,04/2022,5,9,2025-03-08
Census Tract,39061021701,White,05/2022,4,6.5,2025-03-08
Census Tract,39061021701,White,06/2022,7,9.5,2025-03-08
Census Tract,39061021701,White,07/2022,8,7.5,2025-03-08
Census Tract,39061021701,White,08/2022,6,7,2025-03-08
Census Tract,39061021701,White,09/2022,4,5,2025-03-08
Census Tract,39061021701,White,10/2022,10,4.5,2025-03-08
Census Tract,39061021701,White,11/2022,4,6,2025-03-08
Census Tract,39061021701,White,12/2022,13,7.5,2025-03-08
Census Tract,39061021701,White,01/2023,10,8,2025-03-08
Census Tract,39061021701,White,02/2023,6,5,2025-03-08
Census Tract,39061021701,White,03/2023,3,5.5,2025-03-08
Census Tract,39061021701,White,04/2023,10,9,2025-03-08
Census Tract,39061021701,White,05/2023,3,6.5,2025-03-08
Census Tract,39061021701,White,06/2023,6,9.5,2025-03-08
Census Tract,39061021701,White,07/2023,4,7.5,2025-03-08
Census Tract,39061021701,White,08/2023,8,7,2025-03-08
Census Tract,39061021701,White,09/2023,5,5,2025-03-08
Census Tract,39061021701,White,10/2023,4,4.5,2025-03-08
Census Tract,39061021701,White,11/2023,5,6,2025-03-08
Census Tract,39061021701,White,12/2023,4,7.5,2025-03-08
Census Tract,39061021701,White,01/2024,6,8,2025-03-08
Census Tract,39061021701,White,02/2024,4,5,2025-03-08
Census Tract,39061021701,White,03/2024,8,5.5,2025-03-08
Census Tract,39061021701,White,04/2024,8,9,2025-03-08
Census Tract,39061021701,White,05/2024,10,6.5,2025-03-08
Census Tract,39061021701,White,06/2024,13,9.5,2025-03-08
Census Tract,39061021701,White,07/2024,11,7.5,2025-03-08
Census Tract,39061021701,White,08/2024,6,7,2025-03-08
Census Tract,39061021701,White,09/2024,5,5,2025-03-08
Census Tract,39061021701,White,10/2024,5,4.5,2025-03-08
Census Tract,39061021701,White,11/2024,7,6,2025-03-08
Census Tract,39061021701,White,12/2024,11,7.5,2025-03-08
Census Tract,39061021701,White,01/2025,6,8,2025-03-08
Census Tract,39061021701,White,02/2025,2,5,2025-03-08
Census Tract,39061021701,White,03/2025,0,0.5,2025-03-08
Census Tract,39061021702,Other,01/2020,0,3.5,2025-03-08
Census Tract,39061021702,Other,02/2020,0,4.5,2025-03-08
Census Tract,39061021702,Other,03/2020,0,1.5,2025-03-08
Census Tract,39061021702,Other,04/2020,0,4,2025-03-08
Census Tract,39061021702,Other,05/2020,2,4.5,2025-03-08
Census Tract,39061021702,Other,06/2020,5,4.5,2025-03-08
Census Tract,39061021702,Other,07/2020,2,3,2025-03-08
Census Tract,39061021702,Other,08/2020,5,3.5,2025-03-08
Census Tract,39061021702,Other,09/2020,3,4,2025-03-08
Census Tract,39061021702,Other,10/2020,1,4,2025-03-08
Census Tract,39061021702,Other,11/2020,2,8,2025-03-08
Census Tract,39061021702,Other,12/2020,46,3.5,2025-03-08
Census Tract,39061021702,Other,01/2021,4,3.5,2025-03-08
Census Tract,39061021702,Other,02/2021,2,4.5,2025-03-08
Census Tract,39061021702,Other,03/2021,3,1.5,2025-03-08
Census Tract,39061021702,Other,04/2021,2,4,2025-03-08
Census Tract,39061021702,Other,05/2021,2,4.5,2025-03-08
Census Tract,39061021702,Other,06/2021,4,4.5,2025-03-08
Census Tract,39061021702,Other,07/2021,1,3,2025-03-08
Census Tract,39061021702,Other,08/2021,4,3.5,2025-03-08
Census Tract,39061021702,Other,09/2021,5,4,2025-03-08
Census Tract,39061021702,Other,10/2021,2,4,2025-03-08
Census Tract,39061021702,Other,11/2021,0,8,2025-03-08
Census Tract,39061021702,Other,12/2021,3,3.5,2025-03-08
Census Tract,39061021702,Other,01/2022,7,3.5,2025-03-08
Census Tract,39061021702,Other,02/2022,3,4.5,2025-03-08
Census Tract,39061021702,Other,03/2022,4,1.5,2025-03-08
Census Tract,39061021702,Other,04/2022,3,4,2025-03-08
Census Tract,39061021702,Other,05/2022,3,4.5,2025-03-08
Census Tract,39061021702,Other,06/2022,5,4.5,2025-03-08
Census Tract,39061021702,Other,07/2022,15,3,2025-03-08
Census Tract,39061021702,Other,08/2022,5,3.5,2025-03-08
Census Tract,39061021702,Other,09/2022,8,4,2025-03-08
Census Tract,39061021702,Other,10/2022,6,4,2025-03-08
Census Tract,39061021702,Other,11/2022,7,8,2025-03-08
Census Tract,39061021702,Other,12/2022,3,3.5,2025-03-08
Census Tract,39061021702,Other,01/2023,4,3.5,2025-03-08
Census Tract,39061021702,Other,02/2023,5,4.5,2025-03-08
Census Tract,39061021702,Other,03/2023,1,1.5,2025-03-08
Census Tract,39061021702,Other,04/2023,6,4,2025-03-08
Census Tract,39061021702,Other,05/2023,4,4.5,2025-03-08
Census Tract,39061021702,Other,06/2023,5,4.5,2025-03-08
Census Tract,39061021702,Other,07/2023,4,3,2025-03-08
Census Tract,39061021702,Other,08/2023,3,3.5,2025-03-08
Census Tract,39061021702,Other,09/2023,3,4,2025-03-08
Census Tract,39061021702,Other,10/2023,5,4,2025-03-08
Census Tract,39061021702,Other,11/2023,5,8,2025-03-08
Census Tract,39061021702,Other,12/2023,6,3.5,2025-03-08
Census Tract,39061021702,Other,01/2024,3,3.5,2025-03-08
Census Tract,39061021702,Other,02/2024,4,4.5,2025-03-08
Census Tract,39061021702,Other,03/2024,2,1.5,2025-03-08
Census Tract,39061021702,Other,04/2024,2,4,2025-03-08
Census Tract,39061021702,Other,05/2024,5,4.5,2025-03-08
Census Tract,39061021702,Other,06/2024,4,4.5,2025-03-08
Census Tract,39061021702,Other,07/2024,2,3,2025-03-08
Census Tract,39061021702,Other,08/2024,4,3.5,2025-03-08
Census Tract,39061021702,Other,09/2024,5,4,2025-03-08
Census Tract,39061021702,Other,10/2024,3,4,2025-03-08
Census Tract,39061021702,Other,11/2024,11,8,2025-03-08
Census Tract,39061021702,Other,12/2024,1,3.5,2025-03-08
Census Tract,39061021702,Other,01/2025,7,3.5,2025-03-08
Census Tract,39061021702,Other,02/2025,5,4.5,2025-03-08
Census Tract,39061021702,Other,03/2025,1,1,2025-03-08
Census Tract,39061021801,Black,01/2020,0,12.5,2025-03-08
Census Tract,39061021801,Black,02/2020,0,9,2025-03-08
Census Tract,39061021801,Black,03/2020,0,6.5,2025-03-08
Census Tract,39061021801,Black,04/2020,0,8,2025-03-08
Census Tract,39061021801,Black,05/2020,2,9,2025-03-08
Census Tract,39061021801,Black,06/2020,3,13,2025-03-08
Census Tract,39061021801,Black,07/2020,4,14,2025-03-08
Census Tract,39061021801,Black,08/2020,18,15.5,2025-03-08
Census Tract,39061021801,Black,09/2020,6,16,2025-03-08
Census Tract,39061021801,Black,10/2020,5,15.5,2025-03-08
Census Tract,39061021801,Black,11/2020,16,14,2025-03-08
Census Tract,39061021801,Black,12/2020,12,17,2025-03-08
Census Tract,39061021801,Black,01/2021,15,12.5,2025-03-08
Census Tract,39061021801,Black,02/2021,4,9,2025-03-08
Census Tract,39061021801,Black,03/2021,10,6.5,2025-03-08
Census Tract,39061021801,Black,04/2021,12,8,2025-03-08
Census Tract,39061021801,Black,05/2021,13,9,2025-03-08
Census Tract,39061021801,Black,06/2021,8,13,2025-03-08
Census Tract,39061021801,Black,07/2021,7,14,2025-03-08
Census Tract,39061021801,Black,08/2021,15,15.5,2025-03-08
Census Tract,39061021801,Black,09/2021,10,16,2025-03-08
Census Tract,39061021801,Black,10/2021,13,15.5,2025-03-08
Census Tract,39061021801,Black,11/2021,12,14,2025-03-08
Census Tract,39061021801,Black,12/2021,7,17,2025-03-08
Census Tract,39061021801,Black,01/2022,18,12.5,2025-03-08
Census Tract,39061021801,Black,02/2022,7,9,2025-03-08
Census Tract,39061021801,Black,03/2022,5,6.5,2025-03-08
Census Tract,39061021801,Black,04/2022,14,8,2025-03-08
Census Tract,39061021801,Black,05/2022,13,9,2025-03-08
Census Tract,39061021801,Black,06/2022,10,13,2025-03-08
Census Tract,39061021801,Black,07/2022,9,14,2025-03-08
Census Tract,39061021801,Black,08/2022,12,15.5,2025-03-08
Census Tract,39061021801,Black,09/2022,12,16,2025-03-08
Census Tract,39061021801,Black,10/2022,6,15.5,2025-03-08
Census Tract,39061021801,Black,11/2022,15,14,2025-03-08
Census Tract,39061021801,Black,12/2022,20,17,2025-03-08
Census Tract,39061021801,Black,01/2023,14,12.5,2025-03-08
Census Tract,39061021801,Black,02/2023,8,9,2025-03-08
Census Tract,39061021801,Black,03/2023,10,6.5,2025-03-08
Census Tract,39061021801,Black,04/2023,13,8,2025-03-08
Census Tract,39061021801,Black,05/2023,7,9,2025-03-08
Census Tract,39061021801,Black,06/2023,15,13,2025-03-08
Census Tract,39061021801,Black,07/2023,12,14,2025-03-08
Census Tract,39061021801,Black,08/2023,16,15.5,2025-03-08
Census Tract,39061021801,Black,09/2023,16,16,2025-03-08
Census Tract,39061021801,Black,10/2023,19,15.5,2025-03-08
Census Tract,39061021801,Black,11/2023,12,14,2025-03-08
Census Tract,39061021801,Black,12/2023,13,17,2025-03-08
Census Tract,39061021801,Black,01/2024,11,12.5,2025-03-08
Census Tract,39061021801,Black,02/2024,10,9,2025-03-08
Census Tract,39061021801,Black,03/2024,3,6.5,2025-03-08
Census Tract,39061021801,Black,04/2024,3,8,2025-03-08
Census Tract,39061021801,Black,05/2024,11,9,2025-03-08
Census Tract,39061021801,Black,06/2024,11,13,2025-03-08
Census Tract,39061021801,Black,07/2024,16,14,2025-03-08
Census Tract,39061021801,Black,08/2024,15,15.5,2025-03-08
Census Tract,39061021801,Black,09/2024,16,16,2025-03-08
Census Tract,39061021801,Black,10/2024,12,15.5,2025-03-08
Census Tract,39061021801,Black,11/2024,16,14,2025-03-08
Census Tract,39061021801,Black,12/2024,21,17,2025-03-08
Census Tract,39061021801,Black,01/2025,17,12.5,2025-03-08
Census Tract,39061021801,Black,02/2025,13,9,2025-03-08
Census Tract,39061021801,Black,03/2025,4,1.5,2025-03-08
Census Tract,39061021802,Black,01/2020,0,8.5,2025-03-08
Census Tract,39061021802,Black,02/2020,0,4,2025-03-08
Census Tract,39061021802,Black,03/2020,0,4,2025-03-08
Census Tract,39061021802,Black,04/2020,0,7,2025-03-08
Census Tract,39061021802,Black,05/2020,1,6.5,2025-03-08
Census Tract,39061021802,Black,06/2020,2,7,2025-03-08
Census Tract,39061021802,Black,07/2020,2,5,2025-03-08
Census Tract,39061021802,Black,08/2020,0,6.5,2025-03-08
Census Tract,39061021802,Black,09/2020,4,6.5,2025-03-08
Census Tract,39061021802,Black,10/2020,3,8.5,2025-03-08
Census Tract,39061021802,Black,11/2020,5,7,2025-03-08
Census Tract,39061021802,Black,12/2020,7,7.5,2025-03-08
Census Tract,39061021802,Black,01/2021,3,8.5,2025-03-08
Census Tract,39061021802,Black,02/2021,2,4,2025-03-08
Census Tract,39061021802,Black,03/2021,3,4,2025-03-08
Census Tract,39061021802,Black,04/2021,5,7,2025-03-08
Census Tract,39061021802,Black,05/2021,5,6.5,2025-03-08
Census Tract,39061021802,Black,06/2021,5,7,2025-03-08
Census Tract,39061021802,Black,07/2021,4,5,2025-03-08
Census Tract,39061021802,Black,08/2021,6,6.5,2025-03-08
Census Tract,39061021802,Black,09/2021,1,6.5,2025-03-08
Census Tract,39061021802,Black,10/2021,2,8.5,2025-03-08
Census Tract,39061021802,Black,11/2021,7,7,2025-03-08
Census Tract,39061021802,Black,12/2021,4,7.5,2025-03-08
Census Tract,39061021802,Black,01/2022,12,8.5,2025-03-08
Census Tract,39061021802,Black,02/2022,9,4,2025-03-08
Census Tract,39061021802,Black,03/2022,2,4,2025-03-08
Census Tract,39061021802,Black,04/2022,5,7,2025-03-08
Census Tract,39061021802,Black,05/2022,9,6.5,2025-03-08
Census Tract,39061021802,Black,06/2022,3,7,2025-03-08
Census Tract,39061021802,Black,07/2022,6,5,2025-03-08
Census Tract,39061021802,Black,08/2022,6,6.5,2025-03-08
Census Tract,39061021802,Black,09/2022,9,6.5,2025-03-08
Census Tract,39061021802,Black,10/2022,7,8.5,2025-03-08
Census Tract,39061021802,Black,11/2022,7,7,2025-03-08
Census Tract,39061021802,Black,12/2022,5,7.5,2025-03-08
Census Tract,39061021802,Black,01/2023,12,8.5,2025-03-08
Census Tract,39061021802,Black,02/2023,1,4,2025-03-08
Census Tract,39061021802,Black,03/2023,5,4,2025-03-08
Census Tract,39061021802,Black,04/2023,8,7,2025-03-08
Census Tract,39061021802,Black,05/2023,3,6.5,2025-03-08
Census Tract,39061021802,Black,06/2023,7,7,2025-03-08
Census Tract,39061021802,Black,07/2023,2,5,2025-03-08
Census Tract,39061021802,Black,08/2023,7,6.5,2025-03-08
Census Tract,39061021802,Black,09/2023,6,6.5,2025-03-08
Census Tract,39061021802,Black,10/2023,9,8.5,2025-03-08
Census Tract,39061021802,Black,11/2023,11,7,2025-03-08
Census Tract,39061021802,Black,12/2023,9,7.5,2025-03-08
Census Tract,39061021802,Black,01/2024,5,8.5,2025-03-08
Census Tract,39061021802,Black,02/2024,7,4,2025-03-08
Census Tract,39061021802,Black,03/2024,3,4,2025-03-08
Census Tract,39061021802,Black,04/2024,6,7,2025-03-08
Census Tract,39061021802,Black,05/2024,10,6.5,2025-03-08
Census Tract,39061021802,Black,06/2024,7,7,2025-03-08
Census Tract,39061021802,Black,07/2024,8,5,2025-03-08
Census Tract,39061021802,Black,08/2024,6,6.5,2025-03-08
Census Tract,39061021802,Black,09/2024,7,6.5,2025-03-08
Census Tract,39061021802,Black,10/2024,8,8.5,2025-03-08
Census Tract,39061021802,Black,11/2024,3,7,2025-03-08
Census Tract,39061021802,Black,12/2024,6,7.5,2025-03-08
Census Tract,39061021802,Black,01/2025,14,8.5,2025-03-08
Census Tract,39061021802,Black,02/2025,10,4,2025-03-08
Census Tract,39061021802,Black,03/2025,0,1,2025-03-08
Census Tract,39061021900,Black,01/2020,0,2.5,2025-03-08
Census Tract,39061021900,Black,02/2020,0,3,2025-03-08
Census Tract,39061021900,Black,03/2020,0,1.5,2025-03-08
Census Tract,39061021900,Black,04/2020,0,0.5,2025-03-08
Census Tract,39061021900,Black,05/2020,0,4,2025-03-08
Census Tract,39061021900,Black,06/2020,0,2.5,2025-03-08
Census Tract,39061021900,Black,07/2020,0,2,2025-03-08
Census Tract,39061021900,Black,08/2020,1,3,2025-03-08
Census Tract,39061021900,Black,09/2020,1,2.5,2025-03-08
Census Tract,39061021900,Black,10/2020,2,3.5,2025-03-08
Census Tract,39061021900,Black,11/2020,1,1,2025-03-08
Census Tract,39061021900,Black,12/2020,4,3,2025-03-08
Census Tract,39061021900,Black,01/2021,3,2.5,2025-03-08
Census Tract,39061021900,Black,02/2021,1,3,2025-03-08
Census Tract,39061021900,Black,03/2021,2,1.5,2025-03-08
Census Tract,39061021900,Black,04/2021,2,0.5,2025-03-08
Census Tract,39061021900,Black,05/2021,0,4,2025-03-08
Census Tract,39061021900,Black,06/2021,0,2.5,2025-03-08
Census Tract,39061021900,Black,07/2021,3,2,2025-03-08
Census Tract,39061021900,Black,08/2021,1,3,2025-03-08
Census Tract,39061021900,Black,09/2021,2,2.5,2025-03-08
Census Tract,39061021900,Black,10/2021,2,3.5,2025-03-08
Census Tract,39061021900,Black,11/2021,0,1,2025-03-08
Census Tract,39061021900,Black,12/2021,3,3,2025-03-08
Census Tract,39061021900,Black,01/2022,2,2.5,2025-03-08
Census Tract,39061021900,Black,02/2022,4,3,2025-03-08
Census Tract,39061021900,Black,03/2022,2,1.5,2025-03-08
Census Tract,39061021900,Black,04/2022,3,0.5,2025-03-08
Census Tract,39061021900,Black,05/2022,2,4,2025-03-08
Census Tract,39061021900,Black,06/2022,0,2.5,2025-03-08
Census Tract,39061021900,Black,07/2022,2,2,2025-03-08
Census Tract,39061021900,Black,08/2022,5,3,2025-03-08
Census Tract,39061021900,Black,09/2022,5,2.5,2025-03-08
Census Tract,39061021900,Black,10/2022,4,3.5,2025-03-08
Census Tract,39061021900,Black,11/2022,2,1,2025-03-08
Census Tract,39061021900,Black,12/2022,4,3,2025-03-08
Census Tract,39061021900,Black,01/2023,2,2.5,2025-03-08
Census Tract,39061021900,Black,02/2023,4,3,2025-03-08
Census Tract,39061021900,Black,03/2023,1,1.5,2025-03-08
Census Tract,39061021900,Black,04/2023,1,0.5,2025-03-08
Census Tract,39061021900,Black,05/2023,4,4,2025-03-08
Census Tract,39061021900,Black,06/2023,3,2.5,2025-03-08
Census Tract,39061021900,Black,07/2023,0,2,2025-03-08
Census Tract,39061021900,Black,08/2023,1,3,2025-03-08
Census Tract,39061021900,Black,09/2023,3,2.5,2025-03-08
Census Tract,39061021900,Black,10/2023,3,3.5,2025-03-08
Census Tract,39061021900,Black,11/2023,1,1,2025-03-08
Census Tract,39061021900,Black,12/2023,3,3,2025-03-08
Census Tract,39061021900,Black,01/2024,3,2.5,2025-03-08
Census Tract,39061021900,Black,02/2024,2,3,2025-03-08
Census Tract,39061021900,Black,03/2024,2,1.5,2025-03-08
Census Tract,39061021900,Black,04/2024,0,0.5,2025-03-08
Census Tract,39061021900,Black,05/2024,4,4,2025-03-08
Census Tract,39061021900,Black,06/2024,2,2.5,2025-03-08
Census Tract,39061021900,Black,07/2024,4,2,2025-03-08
Census Tract,39061021900,Black,08/2024,5,3,2025-03-08
Census Tract,39061021900,Black,09/2024,2,2.5,2025-03-08
Census Tract,39061021900,Black,10/2024,4,3.5,2025-03-08
Census Tract,39061021900,Black,11/2024,1,1,2025-03-08
Census Tract,39061021900,Black,12/2024,3,3,2025-03-08
Census Tract,39061021900,Black,01/2025,2,2.5,2025-03-08
Census Tract,39061021900,Black,02/2025,2,3,2025-03-08
Census Tract,39061021900,Black,03/2025,1,0,2025-03-08
Census Tract,39061022000,White,01/2020,0,2.5,2025-03-08
Census Tract,39061022000,White,02/2020,0,3,2025-03-08
Census Tract,39061022000,White,03/2020,0,1,2025-03-08
Census Tract,39061022000,White,04/2020,0,2.5,2025-03-08
Census Tract,39061022000,White,05/2020,0,3.5,2025-03-08
Census Tract,39061022000,White,06/2020,1,4,2025-03-08
Census Tract,39061022000,White,07/2020,1,4.5,2025-03-08
Census Tract,39061022000,White,08/2020,1,4.5,2025-03-08
Census Tract,39061022000,White,09/2020,2,3.5,2025-03-08
Census Tract,39061022000,White,10/2020,1,4.5,2025-03-08
Census Tract,39061022000,White,11/2020,0,3,2025-03-08
Census Tract,39061022000,White,12/2020,1,3,2025-03-08
Census Tract,39061022000,White,01/2021,6,2.5,2025-03-08
Census Tract,39061022000,White,02/2021,2,3,2025-03-08
Census Tract,39061022000,White,03/2021,5,1,2025-03-08
Census Tract,39061022000,White,04/2021,1,2.5,2025-03-08
Census Tract,39061022000,White,05/2021,1,3.5,2025-03-08
Census Tract,39061022000,White,06/2021,2,4,2025-03-08
Census Tract,39061022000,White,07/2021,4,4.5,2025-03-08
Census Tract,39061022000,White,08/2021,3,4.5,2025-03-08
Census Tract,39061022000,White,09/2021,2,3.5,2025-03-08
Census Tract,39061022000,White,10/2021,1,4.5,2025-03-08
Census Tract,39061022000,White,11/2021,2,3,2025-03-08
Census Tract,39061022000,White,12/2021,1,3,2025-03-08
Census Tract,39061022000,White,01/2022,6,2.5,2025-03-08
Census Tract,39061022000,White,02/2022,2,3,2025-03-08
Census Tract,39061022000,White,03/2022,1,1,2025-03-08
Census Tract,39061022000,White,04/2022,4,2.5,2025-03-08
Census Tract,39061022000,White,05/2022,5,3.5,2025-03-08
Census Tract,39061022000,White,06/2022,2,4,2025-03-08
Census Tract,39061022000,White,07/2022,0,4.5,2025-03-08
Census Tract,39061022000,White,08/2022,7,4.5,2025-03-08
Census Tract,39061022000,White,09/2022,7,3.5,2025-03-08
Census Tract,39061022000,White,10/2022,3,4.5,2025-03-08
Census Tract,39061022000,White,11/2022,1,3,2025-03-08
Census Tract,39061022000,White,12/2022,2,3,2025-03-08
Census Tract,39061022000,White,01/2023,1,2.5,2025-03-08
Census Tract,39061022000,White,02/2023,1,3,2025-03-08
Census Tract,39061022000,White,03/2023,2,1,2025-03-08
Census Tract,39061022000,White,04/2023,5,2.5,2025-03-08
Census Tract,39061022000,White,05/2023,3,3.5,2025-03-08
Census Tract,39061022000,White,06/2023,4,4,2025-03-08
Census Tract,39061022000,White,07/2023,2,4.5,2025-03-08
Census Tract,39061022000,White,08/2023,3,4.5,2025-03-08
Census Tract,39061022000,White,09/2023,2,3.5,2025-03-08
Census Tract,39061022000,White,10/2023,5,4.5,2025-03-08
Census Tract,39061022000,White,11/2023,3,3,2025-03-08
Census Tract,39061022000,White,12/2023,1,3,2025-03-08
Census Tract,39061022000,White,01/2024,4,2.5,2025-03-08
Census Tract,39061022000,White,02/2024,5,3,2025-03-08
Census Tract,39061022000,White,03/2024,0,1,2025-03-08
Census Tract,39061022000,White,04/2024,0,2.5,2025-03-08
Census Tract,39061022000,White,05/2024,4,3.5,2025-03-08
Census Tract,39061022000,White,06/2024,4,4,2025-03-08
Census Tract,39061022000,White,07/2024,7,4.5,2025-03-08
Census Tract,39061022000,White,08/2024,6,4.5,2025-03-08
Census Tract,39061022000,White,09/2024,5,3.5,2025-03-08
Census Tract,39061022000,White,10/2024,4,4.5,2025-03-08
Census Tract,39061022000,White,11/2024,3,3,2025-03-08
Census Tract,39061022000,White,12/2024,5,3,2025-03-08
Census Tract,39061022000,White,01/2025,5,2.5,2025-03-08
Census Tract,39061022000,White,02/2025,3,3,2025-03-08
Census Tract,39061022000,White,03/2025,0,0,2025-03-08
Census Tract,39061022101,White,01/2020,0,2.5,2025-03-08
Census Tract,39061022101,White,02/2020,0,1,2025-03-08
Census Tract,39061022101,White,03/2020,0,0.5,2025-03-08
Census Tract,39061022101,White,04/2020,0,2,2025-03-08
Census Tract,39061022101,White,05/2020,0,2.5,2025-03-08
Census Tract,39061022101,White,06/2020,1,1.5,2025-03-08
Census Tract,39061022101,White,07/2020,2,0,2025-03-08
Census Tract,39061022101,White,08/2020,1,1,2025-03-08
Census Tract,39061022101,White,09/2020,1,2.5,2025-03-08
Census Tract,39061022101,White,10/2020,0,1,2025-03-08
Census Tract,39061022101,White,11/2020,1,2.5,2025-03-08
Census Tract,39061022101,White,12/2020,2,2.5,2025-03-08
Census Tract,39061022101,White,01/2021,0,2.5,2025-03-08
Census Tract,39061022101,White,02/2021,0,1,2025-03-08
Census Tract,39061022101,White,03/2021,0,0.5,2025-03-08
Census Tract,39061022101,White,04/2021,0,2,2025-03-08
Census Tract,39061022101,White,05/2021,0,2.5,2025-03-08
Census Tract,39061022101,White,06/2021,1,1.5,2025-03-08
Census Tract,39061022101,White,07/2021,1,0,2025-03-08
Census Tract,39061022101,White,08/2021,0,1,2025-03-08
Census Tract,39061022101,White,09/2021,0,2.5,2025-03-08
Census Tract,39061022101,White,10/2021,1,1,2025-03-08
Census Tract,39061022101,White,11/2021,0,2.5,2025-03-08
Census Tract,39061022101,White,12/2021,1,2.5,2025-03-08
Census Tract,39061022101,White,01/2022,0,2.5,2025-03-08
Census Tract,39061022101,White,02/2022,0,1,2025-03-08
Census Tract,39061022101,White,03/2022,0,0.5,2025-03-08
Census Tract,39061022101,White,04/2022,1,2,2025-03-08
Census Tract,39061022101,White,05/2022,0,2.5,2025-03-08
Census Tract,39061022101,White,06/2022,0,1.5,2025-03-08
Census Tract,39061022101,White,07/2022,0,0,2025-03-08
Census Tract,39061022101,White,08/2022,0,1,2025-03-08
Census Tract,39061022101,White,09/2022,0,2.5,2025-03-08
Census Tract,39061022101,White,10/2022,1,1,2025-03-08
Census Tract,39061022101,White,11/2022,1,2.5,2025-03-08
Census Tract,39061022101,White,12/2022,0,2.5,2025-03-08
Census Tract,39061022101,White,01/2023,1,2.5,2025-03-08
Census Tract,39061022101,White,02/2023,1,1,2025-03-08
Census Tract,39061022101,White,03/2023,0,0.5,2025-03-08
Census Tract,39061022101,White,04/2023,3,2,2025-03-08
Census Tract,39061022101,White,05/2023,1,2.5,2025-03-08
Census Tract,39061022101,White,06/2023,0,1.5,2025-03-08
Census Tract,39061022101,White,07/2023,0,0,2025-03-08
Census Tract,39061022101,White,08/2023,0,1,2025-03-08
Census Tract,39061022101,White,09/2023,2,2.5,2025-03-08
Census Tract,39061022101,White,10/2023,1,1,2025-03-08
Census Tract,39061022101,White,11/2023,1,2.5,2025-03-08
Census Tract,39061022101,White,12/2023,1,2.5,2025-03-08
Census Tract,39061022101,White,01/2024,4,2.5,2025-03-08
Census Tract,39061022101,White,02/2024,1,1,2025-03-08
Census Tract,39061022101,White,03/2024,1,0.5,2025-03-08
Census Tract,39061022101,White,04/2024,1,2,2025-03-08
Census Tract,39061022101,White,05/2024,4,2.5,2025-03-08
Census Tract,39061022101,White,06/2024,3,1.5,2025-03-08
Census Tract,39061022101,White,07/2024,0,0,2025-03-08
Census Tract,39061022101,White,08/2024,2,1,2025-03-08
Census Tract,39061022101,White,09/2024,3,2.5,2025-03-08
Census Tract,39061022101,White,10/2024,1,1,2025-03-08
Census Tract,39061022101,White,11/2024,4,2.5,2025-03-08
Census Tract,39061022101,White,12/2024,4,2.5,2025-03-08
Census Tract,39061022101,White,01/2025,3,2.5,2025-03-08
Census Tract,39061022101,White,02/2025,5,1,2025-03-08
Census Tract,39061022101,White,03/2025,0,0,2025-03-08
Census Tract,39061022102,White,01/2020,0,6.5,2025-03-08
Census Tract,39061022102,White,02/2020,0,7.5,2025-03-08
Census Tract,39061022102,White,03/2020,0,11.5,2025-03-08
Census Tract,39061022102,White,04/2020,0,8,2025-03-08
Census Tract,39061022102,White,05/2020,2,8.5,2025-03-08
Census Tract,39061022102,White,06/2020,0,4,2025-03-08
Census Tract,39061022102,White,07/2020,4,10,2025-03-08
Census Tract,39061022102,White,08/2020,2,11.5,2025-03-08
Census Tract,39061022102,White,09/2020,2,12.5,2025-03-08
Census Tract,39061022102,White,10/2020,0,5.5,2025-03-08
Census Tract,39061022102,White,11/2020,1,10.5,2025-03-08
Census Tract,39061022102,White,12/2020,4,10,2025-03-08
Census Tract,39061022102,White,01/2021,5,6.5,2025-03-08
Census Tract,39061022102,White,02/2021,0,7.5,2025-03-08
Census Tract,39061022102,White,03/2021,4,11.5,2025-03-08
Census Tract,39061022102,White,04/2021,1,8,2025-03-08
Census Tract,39061022102,White,05/2021,2,8.5,2025-03-08
Census Tract,39061022102,White,06/2021,2,4,2025-03-08
Census Tract,39061022102,White,07/2021,2,10,2025-03-08
Census Tract,39061022102,White,08/2021,3,11.5,2025-03-08
Census Tract,39061022102,White,09/2021,0,12.5,2025-03-08
Census Tract,39061022102,White,10/2021,3,5.5,2025-03-08
Census Tract,39061022102,White,11/2021,5,10.5,2025-03-08
Census Tract,39061022102,White,12/2021,9,10,2025-03-08
Census Tract,39061022102,White,01/2022,3,6.5,2025-03-08
Census Tract,39061022102,White,02/2022,8,7.5,2025-03-08
Census Tract,39061022102,White,03/2022,2,11.5,2025-03-08
Census Tract,39061022102,White,04/2022,4,8,2025-03-08
Census Tract,39061022102,White,05/2022,1,8.5,2025-03-08
Census Tract,39061022102,White,06/2022,11,4,2025-03-08
Census Tract,39061022102,White,07/2022,11,10,2025-03-08
Census Tract,39061022102,White,08/2022,3,11.5,2025-03-08
Census Tract,39061022102,White,09/2022,14,12.5,2025-03-08
Census Tract,39061022102,White,10/2022,4,5.5,2025-03-08
Census Tract,39061022102,White,11/2022,9,10.5,2025-03-08
Census Tract,39061022102,White,12/2022,6,10,2025-03-08
Census Tract,39061022102,White,01/2023,2,6.5,2025-03-08
Census Tract,39061022102,White,02/2023,7,7.5,2025-03-08
Census Tract,39061022102,White,03/2023,8,11.5,2025-03-08
Census Tract,39061022102,White,04/2023,4,8,2025-03-08
Census Tract,39061022102,White,05/2023,1,8.5,2025-03-08
Census Tract,39061022102,White,06/2023,4,4,2025-03-08
Census Tract,39061022102,White,07/2023,15,10,2025-03-08
Census Tract,39061022102,White,08/2023,11,11.5,2025-03-08
Census Tract,39061022102,White,09/2023,3,12.5,2025-03-08
Census Tract,39061022102,White,10/2023,8,5.5,2025-03-08
Census Tract,39061022102,White,11/2023,6,10.5,2025-03-08
Census Tract,39061022102,White,12/2023,8,10,2025-03-08
Census Tract,39061022102,White,01/2024,11,6.5,2025-03-08
Census Tract,39061022102,White,02/2024,8,7.5,2025-03-08
Census Tract,39061022102,White,03/2024,15,11.5,2025-03-08
Census Tract,39061022102,White,04/2024,12,8,2025-03-08
Census Tract,39061022102,White,05/2024,16,8.5,2025-03-08
Census Tract,39061022102,White,06/2024,4,4,2025-03-08
Census Tract,39061022102,White,07/2024,5,10,2025-03-08
Census Tract,39061022102,White,08/2024,12,11.5,2025-03-08
Census Tract,39061022102,White,09/2024,22,12.5,2025-03-08
Census Tract,39061022102,White,10/2024,3,5.5,2025-03-08
Census Tract,39061022102,White,11/2024,15,10.5,2025-03-08
Census Tract,39061022102,White,12/2024,12,10,2025-03-08
Census Tract,39061022102,White,01/2025,5,6.5,2025-03-08
Census Tract,39061022102,White,02/2025,5,7.5,2025-03-08
Census Tract,39061022102,White,03/2025,0,0,2025-03-08
Census Tract,39061022200,White,01/2020,0,1,2025-03-08
Census Tract,39061022200,White,02/2020,0,3.5,2025-03-08
Census Tract,39061022200,White,03/2020,0,0.5,2025-03-08
Census Tract,39061022200,White,04/2020,0,1.5,2025-03-08
Census Tract,39061022200,White,05/2020,0,3,2025-03-08
Census Tract,39061022200,White,06/2020,0,3.5,2025-03-08
Census Tract,39061022200,White,07/2020,2,4,2025-03-08
Census Tract,39061022200,White,08/2020,1,2.5,2025-03-08
Census Tract,39061022200,White,09/2020,3,1.5,2025-03-08
Census Tract,39061022200,White,10/2020,1,5.5,2025-03-08
Census Tract,39061022200,White,11/2020,1,2.5,2025-03-08
Census Tract,39061022200,White,12/2020,3,3,2025-03-08
Census Tract,39061022200,White,01/2021,0,1,2025-03-08
Census Tract,39061022200,White,02/2021,3,3.5,2025-03-08
Census Tract,39061022200,White,03/2021,3,0.5,2025-03-08
Census Tract,39061022200,White,04/2021,0,1.5,2025-03-08
Census Tract,39061022200,White,05/2021,1,3,2025-03-08
Census Tract,39061022200,White,06/2021,1,3.5,2025-03-08
Census Tract,39061022200,White,07/2021,0,4,2025-03-08
Census Tract,39061022200,White,08/2021,3,2.5,2025-03-08
Census Tract,39061022200,White,09/2021,1,1.5,2025-03-08
Census Tract,39061022200,White,10/2021,0,5.5,2025-03-08
Census Tract,39061022200,White,11/2021,2,2.5,2025-03-08
Census Tract,39061022200,White,12/2021,4,3,2025-03-08
Census Tract,39061022200,White,01/2022,4,1,2025-03-08
Census Tract,39061022200,White,02/2022,2,3.5,2025-03-08
Census Tract,39061022200,White,03/2022,2,0.5,2025-03-08
Census Tract,39061022200,White,04/2022,1,1.5,2025-03-08
Census Tract,39061022200,White,05/2022,0,3,2025-03-08
Census Tract,39061022200,White,06/2022,4,3.5,2025-03-08
Census Tract,39061022200,White,07/2022,3,4,2025-03-08
Census Tract,39061022200,White,08/2022,1,2.5,2025-03-08
Census Tract,39061022200,White,09/2022,3,1.5,2025-03-08
Census Tract,39061022200,White,10/2022,9,5.5,2025-03-08
Census Tract,39061022200,White,11/2022,3,2.5,2025-03-08
Census Tract,39061022200,White,12/2022,5,3,2025-03-08
Census Tract,39061022200,White,01/2023,1,1,2025-03-08
Census Tract,39061022200,White,02/2023,3,3.5,2025-03-08
Census Tract,39061022200,White,03/2023,1,0.5,2025-03-08
Census Tract,39061022200,White,04/2023,3,1.5,2025-03-08
Census Tract,39061022200,White,05/2023,2,3,2025-03-08
Census Tract,39061022200,White,06/2023,5,3.5,2025-03-08
Census Tract,39061022200,White,07/2023,4,4,2025-03-08
Census Tract,39061022200,White,08/2023,0,2.5,2025-03-08
Census Tract,39061022200,White,09/2023,1,1.5,2025-03-08
Census Tract,39061022200,White,10/2023,6,5.5,2025-03-08
Census Tract,39061022200,White,11/2023,4,2.5,2025-03-08
Census Tract,39061022200,White,12/2023,4,3,2025-03-08
Census Tract,39061022200,White,01/2024,1,1,2025-03-08
Census Tract,39061022200,White,02/2024,4,3.5,2025-03-08
Census Tract,39061022200,White,03/2024,0,0.5,2025-03-08
Census Tract,39061022200,White,04/2024,0,1.5,2025-03-08
Census Tract,39061022200,White,05/2024,4,3,2025-03-08
Census Tract,39061022200,White,06/2024,2,3.5,2025-03-08
Census Tract,39061022200,White,07/2024,4,4,2025-03-08
Census Tract,39061022200,White,08/2024,5,2.5,2025-03-08
Census Tract,39061022200,White,09/2024,2,1.5,2025-03-08
Census Tract,39061022200,White,10/2024,5,5.5,2025-03-08
Census Tract,39061022200,White,11/2024,1,2.5,2025-03-08
Census Tract,39061022200,White,12/2024,2,3,2025-03-08
Census Tract,39061022200,White,01/2025,2,1,2025-03-08
Census Tract,39061022200,White,02/2025,2,3.5,2025-03-08
Census Tract,39061022200,White,03/2025,0,0.5,2025-03-08
Census Tract,39061022301,Other,01/2020,0,14,2025-03-08
Census Tract,39061022301,Other,02/2020,0,24,2025-03-08
Census Tract,39061022301,Other,03/2020,0,15,2025-03-08
Census Tract,39061022301,Other,04/2020,0,12.5,2025-03-08
Census Tract,39061022301,Other,05/2020,1,7,2025-03-08
Census Tract,39061022301,Other,06/2020,4,12.5,2025-03-08
Census Tract,39061022301,Other,07/2020,3,15.5,2025-03-08
Census Tract,39061022301,Other,08/2020,2,15.5,2025-03-08
Census Tract,39061022301,Other,09/2020,5,14.5,2025-03-08
Census Tract,39061022301,Other,10/2020,2,24,2025-03-08
Census Tract,39061022301,Other,11/2020,5,6.5,2025-03-08
Census Tract,39061022301,Other,12/2020,3,12.5,2025-03-08
Census Tract,39061022301,Other,01/2021,9,14,2025-03-08
Census Tract,39061022301,Other,02/2021,7,24,2025-03-08
Census Tract,39061022301,Other,03/2021,11,15,2025-03-08
Census Tract,39061022301,Other,04/2021,10,12.5,2025-03-08
Census Tract,39061022301,Other,05/2021,12,7,2025-03-08
Census Tract,39061022301,Other,06/2021,4,12.5,2025-03-08
Census Tract,39061022301,Other,07/2021,5,15.5,2025-03-08
Census Tract,39061022301,Other,08/2021,5,15.5,2025-03-08
Census Tract,39061022301,Other,09/2021,7,14.5,2025-03-08
Census Tract,39061022301,Other,10/2021,6,24,2025-03-08
Census Tract,39061022301,Other,11/2021,5,6.5,2025-03-08
Census Tract,39061022301,Other,12/2021,11,12.5,2025-03-08
Census Tract,39061022301,Other,01/2022,4,14,2025-03-08
Census Tract,39061022301,Other,02/2022,5,24,2025-03-08
Census Tract,39061022301,Other,03/2022,2,15,2025-03-08
Census Tract,39061022301,Other,04/2022,14,12.5,2025-03-08
Census Tract,39061022301,Other,05/2022,4,7,2025-03-08
Census Tract,39061022301,Other,06/2022,5,12.5,2025-03-08
Census Tract,39061022301,Other,07/2022,25,15.5,2025-03-08
Census Tract,39061022301,Other,08/2022,9,15.5,2025-03-08
Census Tract,39061022301,Other,09/2022,9,14.5,2025-03-08
Census Tract,39061022301,Other,10/2022,13,24,2025-03-08
Census Tract,39061022301,Other,11/2022,17,6.5,2025-03-08
Census Tract,39061022301,Other,12/2022,21,12.5,2025-03-08
Census Tract,39061022301,Other,01/2023,5,14,2025-03-08
Census Tract,39061022301,Other,02/2023,21,24,2025-03-08
Census Tract,39061022301,Other,03/2023,15,15,2025-03-08
Census Tract,39061022301,Other,04/2023,4,12.5,2025-03-08
Census Tract,39061022301,Other,05/2023,2,7,2025-03-08
Census Tract,39061022301,Other,06/2023,15,12.5,2025-03-08
Census Tract,39061022301,Other,07/2023,14,15.5,2025-03-08
Census Tract,39061022301,Other,08/2023,26,15.5,2025-03-08
Census Tract,39061022301,Other,09/2023,15,14.5,2025-03-08
Census Tract,39061022301,Other,10/2023,30,24,2025-03-08
Census Tract,39061022301,Other,11/2023,7,6.5,2025-03-08
Census Tract,39061022301,Other,12/2023,7,12.5,2025-03-08
Census Tract,39061022301,Other,01/2024,23,14,2025-03-08
Census Tract,39061022301,Other,02/2024,27,24,2025-03-08
Census Tract,39061022301,Other,03/2024,15,15,2025-03-08
Census Tract,39061022301,Other,04/2024,21,12.5,2025-03-08
Census Tract,39061022301,Other,05/2024,12,7,2025-03-08
Census Tract,39061022301,Other,06/2024,10,12.5,2025-03-08
Census Tract,39061022301,Other,07/2024,17,15.5,2025-03-08
Census Tract,39061022301,Other,08/2024,5,15.5,2025-03-08
Census Tract,39061022301,Other,09/2024,14,14.5,2025-03-08
Census Tract,39061022301,Other,10/2024,18,24,2025-03-08
Census Tract,39061022301,Other,11/2024,6,6.5,2025-03-08
Census Tract,39061022301,Other,12/2024,18,12.5,2025-03-08
Census Tract,39061022301,Other,01/2025,8,14,2025-03-08
Census Tract,39061022301,Other,02/2025,19,24,2025-03-08
Census Tract,39061022301,Other,03/2025,2,2,2025-03-08
Census Tract,39061022302,White,01/2020,0,0,2025-03-08
Census Tract,39061022302,White,02/2020,0,1.5,2025-03-08
Census Tract,39061022302,White,03/2020,0,0.5,2025-03-08
Census Tract,39061022302,White,04/2020,0,1,2025-03-08
Census Tract,39061022302,White,05/2020,1,1,2025-03-08
Census Tract,39061022302,White,06/2020,0,1.5,2025-03-08
Census Tract,39061022302,White,07/2020,0,1,2025-03-08
Census Tract,39061022302,White,08/2020,0,1,2025-03-08
Census Tract,39061022302,White,09/2020,1,0.5,2025-03-08
Census Tract,39061022302,White,10/2020,0,0,2025-03-08
Census Tract,39061022302,White,11/2020,0,0,2025-03-08
Census Tract,39061022302,White,12/2020,1,0,2025-03-08
Census Tract,39061022302,White,01/2021,2,0,2025-03-08
Census Tract,39061022302,White,02/2021,0,1.5,2025-03-08
Census Tract,39061022302,White,03/2021,0,0.5,2025-03-08
Census Tract,39061022302,White,04/2021,0,1,2025-03-08
Census Tract,39061022302,White,05/2021,1,1,2025-03-08
Census Tract,39061022302,White,06/2021,1,1.5,2025-03-08
Census Tract,39061022302,White,07/2021,0,1,2025-03-08
Census Tract,39061022302,White,08/2021,0,1,2025-03-08
Census Tract,39061022302,White,09/2021,0,0.5,2025-03-08
Census Tract,39061022302,White,10/2021,0,0,2025-03-08
Census Tract,39061022302,White,11/2021,0,0,2025-03-08
Census Tract,39061022302,White,12/2021,0,0,2025-03-08
Census Tract,39061022302,White,01/2022,0,0,2025-03-08
Census Tract,39061022302,White,02/2022,1,1.5,2025-03-08
Census Tract,39061022302,White,03/2022,0,0.5,2025-03-08
Census Tract,39061022302,White,04/2022,0,1,2025-03-08
Census Tract,39061022302,White,05/2022,0,1,2025-03-08
Census Tract,39061022302,White,06/2022,1,1.5,2025-03-08
Census Tract,39061022302,White,07/2022,0,1,2025-03-08
Census Tract,39061022302,White,08/2022,3,1,2025-03-08
Census Tract,39061022302,White,09/2022,1,0.5,2025-03-08
Census Tract,39061022302,White,10/2022,2,0,2025-03-08
Census Tract,39061022302,White,11/2022,0,0,2025-03-08
Census Tract,39061022302,White,12/2022,0,0,2025-03-08
Census Tract,39061022302,White,01/2023,0,0,2025-03-08
Census Tract,39061022302,White,02/2023,2,1.5,2025-03-08
Census Tract,39061022302,White,03/2023,1,0.5,2025-03-08
Census Tract,39061022302,White,04/2023,1,1,2025-03-08
Census Tract,39061022302,White,05/2023,1,1,2025-03-08
Census Tract,39061022302,White,06/2023,1,1.5,2025-03-08
Census Tract,39061022302,White,07/2023,1,1,2025-03-08
Census Tract,39061022302,White,08/2023,1,1,2025-03-08
Census Tract,39061022302,White,09/2023,1,0.5,2025-03-08
Census Tract,39061022302,White,10/2023,0,0,2025-03-08
Census Tract,39061022302,White,11/2023,0,0,2025-03-08
Census Tract,39061022302,White,12/2023,0,0,2025-03-08
Census Tract,39061022302,White,01/2024,0,0,2025-03-08
Census Tract,39061022302,White,02/2024,1,1.5,2025-03-08
Census Tract,39061022302,White,03/2024,0,0.5,2025-03-08
Census Tract,39061022302,White,04/2024,1,1,2025-03-08
Census Tract,39061022302,White,05/2024,1,1,2025-03-08
Census Tract,39061022302,White,06/2024,2,1.5,2025-03-08
Census Tract,39061022302,White,07/2024,1,1,2025-03-08
Census Tract,39061022302,White,08/2024,1,1,2025-03-08
Census Tract,39061022302,White,09/2024,0,0.5,2025-03-08
Census Tract,39061022302,White,10/2024,0,0,2025-03-08
Census Tract,39061022302,White,11/2024,0,0,2025-03-08
Census Tract,39061022302,White,12/2024,0,0,2025-03-08
Census Tract,39061022302,White,01/2025,2,0,2025-03-08
Census Tract,39061022302,White,02/2025,0,1.5,2025-03-08
Census Tract,39061022302,White,03/2025,0,0,2025-03-08
Census Tract,39061022400,White,01/2020,0,0,2025-03-08
Census Tract,39061022400,White,02/2020,0,2,2025-03-08
Census Tract,39061022400,White,03/2020,0,0,2025-03-08
Census Tract,39061022400,White,04/2020,0,0.5,2025-03-08
Census Tract,39061022400,White,05/2020,0,0,2025-03-08
Census Tract,39061022400,White,06/2020,0,0.5,2025-03-08
Census Tract,39061022400,White,07/2020,2,0,2025-03-08
Census Tract,39061022400,White,08/2020,0,0,2025-03-08
Census Tract,39061022400,White,09/2020,1,1,2025-03-08
Census Tract,39061022400,White,10/2020,2,0,2025-03-08
Census Tract,39061022400,White,11/2020,0,0,2025-03-08
Census Tract,39061022400,White,12/2020,0,0.5,2025-03-08
Census Tract,39061022400,White,01/2021,1,0,2025-03-08
Census Tract,39061022400,White,02/2021,0,2,2025-03-08
Census Tract,39061022400,White,03/2021,0,0,2025-03-08
Census Tract,39061022400,White,04/2021,0,0.5,2025-03-08
Census Tract,39061022400,White,05/2021,0,0,2025-03-08
Census Tract,39061022400,White,06/2021,0,0.5,2025-03-08
Census Tract,39061022400,White,07/2021,0,0,2025-03-08
Census Tract,39061022400,White,08/2021,0,0,2025-03-08
Census Tract,39061022400,White,09/2021,0,1,2025-03-08
Census Tract,39061022400,White,10/2021,0,0,2025-03-08
Census Tract,39061022400,White,11/2021,0,0,2025-03-08
Census Tract,39061022400,White,12/2021,1,0.5,2025-03-08
Census Tract,39061022400,White,01/2022,0,0,2025-03-08
Census Tract,39061022400,White,02/2022,0,2,2025-03-08
Census Tract,39061022400,White,03/2022,0,0,2025-03-08
Census Tract,39061022400,White,04/2022,0,0.5,2025-03-08
Census Tract,39061022400,White,05/2022,0,0,2025-03-08
Census Tract,39061022400,White,06/2022,0,0.5,2025-03-08
Census Tract,39061022400,White,07/2022,0,0,2025-03-08
Census Tract,39061022400,White,08/2022,0,0,2025-03-08
Census Tract,39061022400,White,09/2022,0,1,2025-03-08
Census Tract,39061022400,White,10/2022,0,0,2025-03-08
Census Tract,39061022400,White,11/2022,0,0,2025-03-08
Census Tract,39061022400,White,12/2022,1,0.5,2025-03-08
Census Tract,39061022400,White,01/2023,0,0,2025-03-08
Census Tract,39061022400,White,02/2023,2,2,2025-03-08
Census Tract,39061022400,White,03/2023,0,0,2025-03-08
Census Tract,39061022400,White,04/2023,0,0.5,2025-03-08
Census Tract,39061022400,White,05/2023,0,0,2025-03-08
Census Tract,39061022400,White,06/2023,0,0.5,2025-03-08
Census Tract,39061022400,White,07/2023,0,0,2025-03-08
Census Tract,39061022400,White,08/2023,0,0,2025-03-08
Census Tract,39061022400,White,09/2023,2,1,2025-03-08
Census Tract,39061022400,White,10/2023,0,0,2025-03-08
Census Tract,39061022400,White,11/2023,0,0,2025-03-08
Census Tract,39061022400,White,12/2023,1,0.5,2025-03-08
Census Tract,39061022400,White,01/2024,0,0,2025-03-08
Census Tract,39061022400,White,02/2024,2,2,2025-03-08
Census Tract,39061022400,White,03/2024,0,0,2025-03-08
Census Tract,39061022400,White,04/2024,1,0.5,2025-03-08
Census Tract,39061022400,White,05/2024,0,0,2025-03-08
Census Tract,39061022400,White,06/2024,1,0.5,2025-03-08
Census Tract,39061022400,White,07/2024,0,0,2025-03-08
Census Tract,39061022400,White,08/2024,0,0,2025-03-08
Census Tract,39061022400,White,09/2024,0,1,2025-03-08
Census Tract,39061022400,White,10/2024,0,0,2025-03-08
Census Tract,39061022400,White,11/2024,0,0,2025-03-08
Census Tract,39061022400,White,12/2024,0,0.5,2025-03-08
Census Tract,39061022400,White,01/2025,0,0,2025-03-08
Census Tract,39061022400,White,02/2025,0,2,2025-03-08
Census Tract,39061022400,White,03/2025,0,0,2025-03-08
Census Tract,39061022500,Black,01/2020,0,10.5,2025-03-08
Census Tract,39061022500,Black,02/2020,0,15,2025-03-08
Census Tract,39061022500,Black,03/2020,0,8,2025-03-08
Census Tract,39061022500,Black,04/2020,0,9.5,2025-03-08
Census Tract,39061022500,Black,05/2020,0,11.5,2025-03-08
Census Tract,39061022500,Black,06/2020,0,9.5,2025-03-08
Census Tract,39061022500,Black,07/2020,0,8.5,2025-03-08
Census Tract,39061022500,Black,08/2020,0,7.5,2025-03-08
Census Tract,39061022500,Black,09/2020,0,7,2025-03-08
Census Tract,39061022500,Black,10/2020,6,12,2025-03-08
Census Tract,39061022500,Black,11/2020,2,9,2025-03-08
Census Tract,39061022500,Black,12/2020,3,5.5,2025-03-08
Census Tract,39061022500,Black,01/2021,2,10.5,2025-03-08
Census Tract,39061022500,Black,02/2021,1,15,2025-03-08
Census Tract,39061022500,Black,03/2021,3,8,2025-03-08
Census Tract,39061022500,Black,04/2021,3,9.5,2025-03-08
Census Tract,39061022500,Black,05/2021,2,11.5,2025-03-08
Census Tract,39061022500,Black,06/2021,7,9.5,2025-03-08
Census Tract,39061022500,Black,07/2021,7,8.5,2025-03-08
Census Tract,39061022500,Black,08/2021,9,7.5,2025-03-08
Census Tract,39061022500,Black,09/2021,0,7,2025-03-08
Census Tract,39061022500,Black,10/2021,9,12,2025-03-08
Census Tract,39061022500,Black,11/2021,2,9,2025-03-08
Census Tract,39061022500,Black,12/2021,2,5.5,2025-03-08
Census Tract,39061022500,Black,01/2022,5,10.5,2025-03-08
Census Tract,39061022500,Black,02/2022,4,15,2025-03-08
Census Tract,39061022500,Black,03/2022,3,8,2025-03-08
Census Tract,39061022500,Black,04/2022,8,9.5,2025-03-08
Census Tract,39061022500,Black,05/2022,8,11.5,2025-03-08
Census Tract,39061022500,Black,06/2022,9,9.5,2025-03-08
Census Tract,39061022500,Black,07/2022,7,8.5,2025-03-08
Census Tract,39061022500,Black,08/2022,15,7.5,2025-03-08
Census Tract,39061022500,Black,09/2022,11,7,2025-03-08
Census Tract,39061022500,Black,10/2022,6,12,2025-03-08
Census Tract,39061022500,Black,11/2022,21,9,2025-03-08
Census Tract,39061022500,Black,12/2022,8,5.5,2025-03-08
Census Tract,39061022500,Black,01/2023,13,10.5,2025-03-08
Census Tract,39061022500,Black,02/2023,19,15,2025-03-08
Census Tract,39061022500,Black,03/2023,5,8,2025-03-08
Census Tract,39061022500,Black,04/2023,14,9.5,2025-03-08
Census Tract,39061022500,Black,05/2023,15,11.5,2025-03-08
Census Tract,39061022500,Black,06/2023,13,9.5,2025-03-08
Census Tract,39061022500,Black,07/2023,8,8.5,2025-03-08
Census Tract,39061022500,Black,08/2023,6,7.5,2025-03-08
Census Tract,39061022500,Black,09/2023,5,7,2025-03-08
Census Tract,39061022500,Black,10/2023,5,12,2025-03-08
Census Tract,39061022500,Black,11/2023,9,9,2025-03-08
Census Tract,39061022500,Black,12/2023,6,5.5,2025-03-08
Census Tract,39061022500,Black,01/2024,8,10.5,2025-03-08
Census Tract,39061022500,Black,02/2024,11,15,2025-03-08
Census Tract,39061022500,Black,03/2024,11,8,2025-03-08
Census Tract,39061022500,Black,04/2024,5,9.5,2025-03-08
Census Tract,39061022500,Black,05/2024,8,11.5,2025-03-08
Census Tract,39061022500,Black,06/2024,6,9.5,2025-03-08
Census Tract,39061022500,Black,07/2024,9,8.5,2025-03-08
Census Tract,39061022500,Black,08/2024,9,7.5,2025-03-08
Census Tract,39061022500,Black,09/2024,9,7,2025-03-08
Census Tract,39061022500,Black,10/2024,19,12,2025-03-08
Census Tract,39061022500,Black,11/2024,9,9,2025-03-08
Census Tract,39061022500,Black,12/2024,5,5.5,2025-03-08
Census Tract,39061022500,Black,01/2025,6,10.5,2025-03-08
Census Tract,39061022500,Black,02/2025,13,15,2025-03-08
Census Tract,39061022500,Black,03/2025,0,2,2025-03-08
Census Tract,39061022601,White,01/2020,0,2,2025-03-08
Census Tract,39061022601,White,02/2020,0,0.5,2025-03-08
Census Tract,39061022601,White,03/2020,0,1,2025-03-08
Census Tract,39061022601,White,04/2020,0,0.5,2025-03-08
Census Tract,39061022601,White,05/2020,1,2,2025-03-08
Census Tract,39061022601,White,06/2020,0,0.5,2025-03-08
Census Tract,39061022601,White,07/2020,0,0.5,2025-03-08
Census Tract,39061022601,White,08/2020,0,0.5,2025-03-08
Census Tract,39061022601,White,09/2020,0,1,2025-03-08
Census Tract,39061022601,White,10/2020,0,1,2025-03-08
Census Tract,39061022601,White,11/2020,0,1.5,2025-03-08
Census Tract,39061022601,White,12/2020,0,1,2025-03-08
Census Tract,39061022601,White,01/2021,0,2,2025-03-08
Census Tract,39061022601,White,02/2021,0,0.5,2025-03-08
Census Tract,39061022601,White,03/2021,0,1,2025-03-08
Census Tract,39061022601,White,04/2021,0,0.5,2025-03-08
Census Tract,39061022601,White,05/2021,0,2,2025-03-08
Census Tract,39061022601,White,06/2021,0,0.5,2025-03-08
Census Tract,39061022601,White,07/2021,0,0.5,2025-03-08
Census Tract,39061022601,White,08/2021,0,0.5,2025-03-08
Census Tract,39061022601,White,09/2021,0,1,2025-03-08
Census Tract,39061022601,White,10/2021,0,1,2025-03-08
Census Tract,39061022601,White,11/2021,0,1.5,2025-03-08
Census Tract,39061022601,White,12/2021,0,1,2025-03-08
Census Tract,39061022601,White,01/2022,0,2,2025-03-08
Census Tract,39061022601,White,02/2022,0,0.5,2025-03-08
Census Tract,39061022601,White,03/2022,0,1,2025-03-08
Census Tract,39061022601,White,04/2022,0,0.5,2025-03-08
Census Tract,39061022601,White,05/2022,0,2,2025-03-08
Census Tract,39061022601,White,06/2022,0,0.5,2025-03-08
Census Tract,39061022601,White,07/2022,0,0.5,2025-03-08
Census Tract,39061022601,White,08/2022,0,0.5,2025-03-08
Census Tract,39061022601,White,09/2022,0,1,2025-03-08
Census Tract,39061022601,White,10/2022,0,1,2025-03-08
Census Tract,39061022601,White,11/2022,0,1.5,2025-03-08
Census Tract,39061022601,White,12/2022,0,1,2025-03-08
Census Tract,39061022601,White,01/2023,1,2,2025-03-08
Census Tract,39061022601,White,02/2023,0,0.5,2025-03-08
Census Tract,39061022601,White,03/2023,0,1,2025-03-08
Census Tract,39061022601,White,04/2023,0,0.5,2025-03-08
Census Tract,39061022601,White,05/2023,2,2,2025-03-08
Census Tract,39061022601,White,06/2023,0,0.5,2025-03-08
Census Tract,39061022601,White,07/2023,0,0.5,2025-03-08
Census Tract,39061022601,White,08/2023,0,0.5,2025-03-08
Census Tract,39061022601,White,09/2023,2,1,2025-03-08
Census Tract,39061022601,White,10/2023,1,1,2025-03-08
Census Tract,39061022601,White,11/2023,3,1.5,2025-03-08
Census Tract,39061022601,White,12/2023,1,1,2025-03-08
Census Tract,39061022601,White,01/2024,3,2,2025-03-08
Census Tract,39061022601,White,02/2024,1,0.5,2025-03-08
Census Tract,39061022601,White,03/2024,2,1,2025-03-08
Census Tract,39061022601,White,04/2024,1,0.5,2025-03-08
Census Tract,39061022601,White,05/2024,2,2,2025-03-08
Census Tract,39061022601,White,06/2024,1,0.5,2025-03-08
Census Tract,39061022601,White,07/2024,1,0.5,2025-03-08
Census Tract,39061022601,White,08/2024,1,0.5,2025-03-08
Census Tract,39061022601,White,09/2024,0,1,2025-03-08
Census Tract,39061022601,White,10/2024,1,1,2025-03-08
Census Tract,39061022601,White,11/2024,0,1.5,2025-03-08
Census Tract,39061022601,White,12/2024,1,1,2025-03-08
Census Tract,39061022601,White,01/2025,0,2,2025-03-08
Census Tract,39061022601,White,02/2025,0,0.5,2025-03-08
Census Tract,39061022601,White,03/2025,1,1,2025-03-08
Census Tract,39061022602,White,01/2020,0,3,2025-03-08
Census Tract,39061022602,White,02/2020,0,4,2025-03-08
Census Tract,39061022602,White,03/2020,0,0.5,2025-03-08
Census Tract,39061022602,White,04/2020,0,0.5,2025-03-08
Census Tract,39061022602,White,05/2020,1,1.5,2025-03-08
Census Tract,39061022602,White,06/2020,0,3.5,2025-03-08
Census Tract,39061022602,White,07/2020,0,1.5,2025-03-08
Census Tract,39061022602,White,08/2020,1,2.5,2025-03-08
Census Tract,39061022602,White,09/2020,1,0.5,2025-03-08
Census Tract,39061022602,White,10/2020,0,1.5,2025-03-08
Census Tract,39061022602,White,11/2020,2,0,2025-03-08
Census Tract,39061022602,White,12/2020,1,0.5,2025-03-08
Census Tract,39061022602,White,01/2021,0,3,2025-03-08
Census Tract,39061022602,White,02/2021,0,4,2025-03-08
Census Tract,39061022602,White,03/2021,0,0.5,2025-03-08
Census Tract,39061022602,White,04/2021,0,0.5,2025-03-08
Census Tract,39061022602,White,05/2021,1,1.5,2025-03-08
Census Tract,39061022602,White,06/2021,0,3.5,2025-03-08
Census Tract,39061022602,White,07/2021,2,1.5,2025-03-08
Census Tract,39061022602,White,08/2021,0,2.5,2025-03-08
Census Tract,39061022602,White,09/2021,2,0.5,2025-03-08
Census Tract,39061022602,White,10/2021,0,1.5,2025-03-08
Census Tract,39061022602,White,11/2021,0,0,2025-03-08
Census Tract,39061022602,White,12/2021,1,0.5,2025-03-08
Census Tract,39061022602,White,01/2022,2,3,2025-03-08
Census Tract,39061022602,White,02/2022,0,4,2025-03-08
Census Tract,39061022602,White,03/2022,2,0.5,2025-03-08
Census Tract,39061022602,White,04/2022,0,0.5,2025-03-08
Census Tract,39061022602,White,05/2022,0,1.5,2025-03-08
Census Tract,39061022602,White,06/2022,6,3.5,2025-03-08
Census Tract,39061022602,White,07/2022,3,1.5,2025-03-08
Census Tract,39061022602,White,08/2022,4,2.5,2025-03-08
Census Tract,39061022602,White,09/2022,5,0.5,2025-03-08
Census Tract,39061022602,White,10/2022,3,1.5,2025-03-08
Census Tract,39061022602,White,11/2022,1,0,2025-03-08
Census Tract,39061022602,White,12/2022,5,0.5,2025-03-08
Census Tract,39061022602,White,01/2023,3,3,2025-03-08
Census Tract,39061022602,White,02/2023,0,4,2025-03-08
Census Tract,39061022602,White,03/2023,0,0.5,2025-03-08
Census Tract,39061022602,White,04/2023,0,0.5,2025-03-08
Census Tract,39061022602,White,05/2023,2,1.5,2025-03-08
Census Tract,39061022602,White,06/2023,5,3.5,2025-03-08
Census Tract,39061022602,White,07/2023,3,1.5,2025-03-08
Census Tract,39061022602,White,08/2023,3,2.5,2025-03-08
Census Tract,39061022602,White,09/2023,1,0.5,2025-03-08
Census Tract,39061022602,White,10/2023,2,1.5,2025-03-08
Census Tract,39061022602,White,11/2023,0,0,2025-03-08
Census Tract,39061022602,White,12/2023,1,0.5,2025-03-08
Census Tract,39061022602,White,01/2024,3,3,2025-03-08
Census Tract,39061022602,White,02/2024,8,4,2025-03-08
Census Tract,39061022602,White,03/2024,1,0.5,2025-03-08
Census Tract,39061022602,White,04/2024,1,0.5,2025-03-08
Census Tract,39061022602,White,05/2024,1,1.5,2025-03-08
Census Tract,39061022602,White,06/2024,2,3.5,2025-03-08
Census Tract,39061022602,White,07/2024,0,1.5,2025-03-08
Census Tract,39061022602,White,08/2024,2,2.5,2025-03-08
Census Tract,39061022602,White,09/2024,0,0.5,2025-03-08
Census Tract,39061022602,White,10/2024,1,1.5,2025-03-08
Census Tract,39061022602,White,11/2024,0,0,2025-03-08
Census Tract,39061022602,White,12/2024,0,0.5,2025-03-08
Census Tract,39061022602,White,01/2025,0,3,2025-03-08
Census Tract,39061022602,White,02/2025,0,4,2025-03-08
Census Tract,39061022602,White,03/2025,0,0,2025-03-08
Census Tract,39061022700,Black,01/2020,0,9.5,2025-03-08
Census Tract,39061022700,Black,02/2020,0,4,2025-03-08
Census Tract,39061022700,Black,03/2020,0,2.5,2025-03-08
Census Tract,39061022700,Black,04/2020,0,5,2025-03-08
Census Tract,39061022700,Black,05/2020,0,5.5,2025-03-08
Census Tract,39061022700,Black,06/2020,4,1,2025-03-08
Census Tract,39061022700,Black,07/2020,3,6,2025-03-08
Census Tract,39061022700,Black,08/2020,2,3,2025-03-08
Census Tract,39061022700,Black,09/2020,1,2.5,2025-03-08
Census Tract,39061022700,Black,10/2020,1,3,2025-03-08
Census Tract,39061022700,Black,11/2020,1,3.5,2025-03-08
Census Tract,39061022700,Black,12/2020,15,3,2025-03-08
Census Tract,39061022700,Black,01/2021,6,9.5,2025-03-08
Census Tract,39061022700,Black,02/2021,4,3.5,2025-03-08
Census Tract,39061022700,Black,03/2021,4,2.5,2025-03-08
Census Tract,39061022700,Black,04/2021,2,5,2025-03-08
Census Tract,39061022700,Black,05/2021,3,5.5,2025-03-08
Census Tract,39061022700,Black,06/2021,4,1,2025-03-08
Census Tract,39061022700,Black,07/2021,4,6,2025-03-08
Census Tract,39061022700,Black,08/2021,5,3,2025-03-08
Census Tract,39061022700,Black,09/2021,8,2.5,2025-03-08
Census Tract,39061022700,Black,10/2021,9,3,2025-03-08
Census Tract,39061022700,Black,11/2021,1,3.5,2025-03-08
Census Tract,39061022700,Black,12/2021,12,3,2025-03-08
Census Tract,39061022700,Black,01/2022,7,9.5,2025-03-08
Census Tract,39061022700,Black,02/2022,2,3.5,2025-03-08
Census Tract,39061022700,Black,03/2022,3,2.5,2025-03-08
Census Tract,39061022700,Black,04/2022,0,5,2025-03-08
Census Tract,39061022700,Black,05/2022,2,5.5,2025-03-08
Census Tract,39061022700,Black,06/2022,3,1,2025-03-08
Census Tract,39061022700,Black,07/2022,4,6,2025-03-08
Census Tract,39061022700,Black,08/2022,7,3,2025-03-08
Census Tract,39061022700,Black,09/2022,7,2.5,2025-03-08
Census Tract,39061022700,Black,10/2022,4,3,2025-03-08
Census Tract,39061022700,Black,11/2022,5,3.5,2025-03-08
Census Tract,39061022700,Black,12/2022,4,3,2025-03-08
Census Tract,39061022700,Black,01/2023,7,9.5,2025-03-08
Census Tract,39061022700,Black,02/2023,4,3.5,2025-03-08
Census Tract,39061022700,Black,03/2023,2,2.5,2025-03-08
Census Tract,39061022700,Black,04/2023,6,5,2025-03-08
Census Tract,39061022700,Black,05/2023,2,5.5,2025-03-08
Census Tract,39061022700,Black,06/2023,0,1,2025-03-08
Census Tract,39061022700,Black,07/2023,7,6,2025-03-08
Census Tract,39061022700,Black,08/2023,1,3,2025-03-08
Census Tract,39061022700,Black,09/2023,2,2.5,2025-03-08
Census Tract,39061022700,Black,10/2023,3,3,2025-03-08
Census Tract,39061022700,Black,11/2023,5,3.5,2025-03-08
Census Tract,39061022700,Black,12/2023,3,3,2025-03-08
Census Tract,39061022700,Black,01/2024,12,9.5,2025-03-08
Census Tract,39061022700,Black,02/2024,4,4,2025-03-08
Census Tract,39061022700,Black,03/2024,3,2.5,2025-03-08
Census Tract,39061022700,Black,04/2024,4,5,2025-03-08
Census Tract,39061022700,Black,05/2024,9,5.5,2025-03-08
Census Tract,39061022700,Black,06/2024,2,1,2025-03-08
Census Tract,39061022700,Black,07/2024,5,6,2025-03-08
Census Tract,39061022700,Black,08/2024,5,3,2025-03-08
Census Tract,39061022700,Black,09/2024,3,2.5,2025-03-08
Census Tract,39061022700,Black,10/2024,3,3,2025-03-08
Census Tract,39061022700,Black,11/2024,2,3.5,2025-03-08
Census Tract,39061022700,Black,12/2024,3,3,2025-03-08
Census Tract,39061022700,Black,01/2025,6,9.5,2025-03-08
Census Tract,39061022700,Black,02/2025,8,3.5,2025-03-08
Census Tract,39061022700,Black,03/2025,0,1,2025-03-08
Census Tract,39061023001,White,01/2020,0,9,2025-03-08
Census Tract,39061023001,White,02/2020,0,5,2025-03-08
Census Tract,39061023001,White,03/2020,0,7.5,2025-03-08
Census Tract,39061023001,White,04/2020,0,7,2025-03-08
Census Tract,39061023001,White,05/2020,0,6,2025-03-08
Census Tract,39061023001,White,06/2020,5,8,2025-03-08
Census Tract,39061023001,White,07/2020,6,8,2025-03-08
Census Tract,39061023001,White,08/2020,6,12,2025-03-08
Census Tract,39061023001,White,09/2020,4,7,2025-03-08
Census Tract,39061023001,White,10/2020,6,8.5,2025-03-08
Census Tract,39061023001,White,11/2020,4,10.5,2025-03-08
Census Tract,39061023001,White,12/2020,5,12,2025-03-08
Census Tract,39061023001,White,01/2021,6,9,2025-03-08
Census Tract,39061023001,White,02/2021,1,5,2025-03-08
Census Tract,39061023001,White,03/2021,2,7.5,2025-03-08
Census Tract,39061023001,White,04/2021,4,7,2025-03-08
Census Tract,39061023001,White,05/2021,1,6,2025-03-08
Census Tract,39061023001,White,06/2021,6,8,2025-03-08
Census Tract,39061023001,White,07/2021,5,8,2025-03-08
Census Tract,39061023001,White,08/2021,3,12,2025-03-08
Census Tract,39061023001,White,09/2021,5,7,2025-03-08
Census Tract,39061023001,White,10/2021,8,8.5,2025-03-08
Census Tract,39061023001,White,11/2021,4,10.5,2025-03-08
Census Tract,39061023001,White,12/2021,5,12,2025-03-08
Census Tract,39061023001,White,01/2022,3,9,2025-03-08
Census Tract,39061023001,White,02/2022,5,5,2025-03-08
Census Tract,39061023001,White,03/2022,5,7.5,2025-03-08
Census Tract,39061023001,White,04/2022,13,7,2025-03-08
Census Tract,39061023001,White,05/2022,10,6,2025-03-08
Census Tract,39061023001,White,06/2022,8,8,2025-03-08
Census Tract,39061023001,White,07/2022,3,8,2025-03-08
Census Tract,39061023001,White,08/2022,17,12,2025-03-08
Census Tract,39061023001,White,09/2022,13,7,2025-03-08
Census Tract,39061023001,White,10/2022,7,8.5,2025-03-08
Census Tract,39061023001,White,11/2022,8,10.5,2025-03-08
Census Tract,39061023001,White,12/2022,5,12,2025-03-08
Census Tract,39061023001,White,01/2023,12,9,2025-03-08
Census Tract,39061023001,White,02/2023,4,5,2025-03-08
Census Tract,39061023001,White,03/2023,7,7.5,2025-03-08
Census Tract,39061023001,White,04/2023,5,7,2025-03-08
Census Tract,39061023001,White,05/2023,6,6,2025-03-08
Census Tract,39061023001,White,06/2023,9,8,2025-03-08
Census Tract,39061023001,White,07/2023,6,8,2025-03-08
Census Tract,39061023001,White,08/2023,11,12,2025-03-08
Census Tract,39061023001,White,09/2023,10,7,2025-03-08
Census Tract,39061023001,White,10/2023,8,8.5,2025-03-08
Census Tract,39061023001,White,11/2023,12,10.5,2025-03-08
Census Tract,39061023001,White,12/2023,11,12,2025-03-08
Census Tract,39061023001,White,01/2024,6,9,2025-03-08
Census Tract,39061023001,White,02/2024,6,5,2025-03-08
Census Tract,39061023001,White,03/2024,8,7.5,2025-03-08
Census Tract,39061023001,White,04/2024,9,7,2025-03-08
Census Tract,39061023001,White,05/2024,6,6,2025-03-08
Census Tract,39061023001,White,06/2024,7,8,2025-03-08
Census Tract,39061023001,White,07/2024,10,8,2025-03-08
Census Tract,39061023001,White,08/2024,13,12,2025-03-08
Census Tract,39061023001,White,09/2024,4,7,2025-03-08
Census Tract,39061023001,White,10/2024,9,8.5,2025-03-08
Census Tract,39061023001,White,11/2024,9,10.5,2025-03-08
Census Tract,39061023001,White,12/2024,13,12,2025-03-08
Census Tract,39061023001,White,01/2025,11,9,2025-03-08
Census Tract,39061023001,White,02/2025,11,5,2025-03-08
Census Tract,39061023001,White,03/2025,0,0,2025-03-08
Census Tract,39061023002,White,01/2020,0,2.5,2025-03-08
Census Tract,39061023002,White,02/2020,0,3,2025-03-08
Census Tract,39061023002,White,03/2020,0,2,2025-03-08
Census Tract,39061023002,White,04/2020,0,3,2025-03-08
Census Tract,39061023002,White,05/2020,0,2.5,2025-03-08
Census Tract,39061023002,White,06/2020,0,4,2025-03-08
Census Tract,39061023002,White,07/2020,2,3,2025-03-08
Census Tract,39061023002,White,08/2020,3,5.5,2025-03-08
Census Tract,39061023002,White,09/2020,3,2.5,2025-03-08
Census Tract,39061023002,White,10/2020,2,5,2025-03-08
Census Tract,39061023002,White,11/2020,1,2,2025-03-08
Census Tract,39061023002,White,12/2020,4,2,2025-03-08
Census Tract,39061023002,White,01/2021,2,2.5,2025-03-08
Census Tract,39061023002,White,02/2021,3,3,2025-03-08
Census Tract,39061023002,White,03/2021,2,2,2025-03-08
Census Tract,39061023002,White,04/2021,4,3,2025-03-08
Census Tract,39061023002,White,05/2021,1,2.5,2025-03-08
Census Tract,39061023002,White,06/2021,6,4,2025-03-08
Census Tract,39061023002,White,07/2021,7,3,2025-03-08
Census Tract,39061023002,White,08/2021,0,5.5,2025-03-08
Census Tract,39061023002,White,09/2021,0,2.5,2025-03-08
Census Tract,39061023002,White,10/2021,1,5,2025-03-08
Census Tract,39061023002,White,11/2021,1,2,2025-03-08
Census Tract,39061023002,White,12/2021,2,2,2025-03-08
Census Tract,39061023002,White,01/2022,5,2.5,2025-03-08
Census Tract,39061023002,White,02/2022,3,3,2025-03-08
Census Tract,39061023002,White,03/2022,1,2,2025-03-08
Census Tract,39061023002,White,04/2022,2,3,2025-03-08
Census Tract,39061023002,White,05/2022,2,2.5,2025-03-08
Census Tract,39061023002,White,06/2022,0,4,2025-03-08
Census Tract,39061023002,White,07/2022,0,3,2025-03-08
Census Tract,39061023002,White,08/2022,7,5.5,2025-03-08
Census Tract,39061023002,White,09/2022,2,2.5,2025-03-08
Census Tract,39061023002,White,10/2022,3,5,2025-03-08
Census Tract,39061023002,White,11/2022,6,2,2025-03-08
Census Tract,39061023002,White,12/2022,4,2,2025-03-08
Census Tract,39061023002,White,01/2023,3,2.5,2025-03-08
Census Tract,39061023002,White,02/2023,3,3,2025-03-08
Census Tract,39061023002,White,03/2023,0,2,2025-03-08
Census Tract,39061023002,White,04/2023,1,3,2025-03-08
Census Tract,39061023002,White,05/2023,1,2.5,2025-03-08
Census Tract,39061023002,White,06/2023,4,4,2025-03-08
Census Tract,39061023002,White,07/2023,1,3,2025-03-08
Census Tract,39061023002,White,08/2023,6,5.5,2025-03-08
Census Tract,39061023002,White,09/2023,1,2.5,2025-03-08
Census Tract,39061023002,White,10/2023,4,5,2025-03-08
Census Tract,39061023002,White,11/2023,3,2,2025-03-08
Census Tract,39061023002,White,12/2023,1,2,2025-03-08
Census Tract,39061023002,White,01/2024,2,2.5,2025-03-08
Census Tract,39061023002,White,02/2024,3,3,2025-03-08
Census Tract,39061023002,White,03/2024,4,2,2025-03-08
Census Tract,39061023002,White,04/2024,5,3,2025-03-08
Census Tract,39061023002,White,05/2024,4,2.5,2025-03-08
Census Tract,39061023002,White,06/2024,4,4,2025-03-08
Census Tract,39061023002,White,07/2024,5,3,2025-03-08
Census Tract,39061023002,White,08/2024,5,5.5,2025-03-08
Census Tract,39061023002,White,09/2024,4,2.5,2025-03-08
Census Tract,39061023002,White,10/2024,6,5,2025-03-08
Census Tract,39061023002,White,11/2024,1,2,2025-03-08
Census Tract,39061023002,White,12/2024,3,2,2025-03-08
Census Tract,39061023002,White,01/2025,4,2.5,2025-03-08
Census Tract,39061023002,White,02/2025,2,3,2025-03-08
Census Tract,39061023002,White,03/2025,0,0,2025-03-08
Census Tract,39061023100,White,01/2020,0,0,2025-03-08
Census Tract,39061023100,White,02/2020,0,1,2025-03-08
Census Tract,39061023100,White,03/2020,0,4.5,2025-03-08
Census Tract,39061023100,White,04/2020,0,0,2025-03-08
Census Tract,39061023100,White,05/2020,0,0,2025-03-08
Census Tract,39061023100,White,06/2020,0,0.5,2025-03-08
Census Tract,39061023100,White,07/2020,1,0.5,2025-03-08
Census Tract,39061023100,White,08/2020,0,0,2025-03-08
Census Tract,39061023100,White,09/2020,0,0,2025-03-08
Census Tract,39061023100,White,10/2020,0,0,2025-03-08
Census Tract,39061023100,White,11/2020,1,0,2025-03-08
Census Tract,39061023100,White,12/2020,0,0,2025-03-08
Census Tract,39061023100,White,01/2021,0,0,2025-03-08
Census Tract,39061023100,White,02/2021,0,1,2025-03-08
Census Tract,39061023100,White,03/2021,0,4.5,2025-03-08
Census Tract,39061023100,White,04/2021,0,0,2025-03-08
Census Tract,39061023100,White,05/2021,0,0,2025-03-08
Census Tract,39061023100,White,06/2021,0,0.5,2025-03-08
Census Tract,39061023100,White,07/2021,1,0.5,2025-03-08
Census Tract,39061023100,White,08/2021,1,0,2025-03-08
Census Tract,39061023100,White,09/2021,0,0,2025-03-08
Census Tract,39061023100,White,10/2021,0,0,2025-03-08
Census Tract,39061023100,White,11/2021,0,0,2025-03-08
Census Tract,39061023100,White,12/2021,0,0,2025-03-08
Census Tract,39061023100,White,01/2022,0,0,2025-03-08
Census Tract,39061023100,White,02/2022,0,1,2025-03-08
Census Tract,39061023100,White,03/2022,0,4.5,2025-03-08
Census Tract,39061023100,White,04/2022,0,0,2025-03-08
Census Tract,39061023100,White,05/2022,0,0,2025-03-08
Census Tract,39061023100,White,06/2022,0,0.5,2025-03-08
Census Tract,39061023100,White,07/2022,0,0.5,2025-03-08
Census Tract,39061023100,White,08/2022,0,0,2025-03-08
Census Tract,39061023100,White,09/2022,6,0,2025-03-08
Census Tract,39061023100,White,10/2022,0,0,2025-03-08
Census Tract,39061023100,White,11/2022,0,0,2025-03-08
Census Tract,39061023100,White,12/2022,0,0,2025-03-08
Census Tract,39061023100,White,01/2023,0,0,2025-03-08
Census Tract,39061023100,White,02/2023,0,1,2025-03-08
Census Tract,39061023100,White,03/2023,9,4.5,2025-03-08
Census Tract,39061023100,White,04/2023,0,0,2025-03-08
Census Tract,39061023100,White,05/2023,0,0,2025-03-08
Census Tract,39061023100,White,06/2023,0,0.5,2025-03-08
Census Tract,39061023100,White,07/2023,0,0.5,2025-03-08
Census Tract,39061023100,White,08/2023,0,0,2025-03-08
Census Tract,39061023100,White,09/2023,0,0,2025-03-08
Census Tract,39061023100,White,10/2023,0,0,2025-03-08
Census Tract,39061023100,White,11/2023,0,0,2025-03-08
Census Tract,39061023100,White,12/2023,0,0,2025-03-08
Census Tract,39061023100,White,01/2024,0,0,2025-03-08
Census Tract,39061023100,White,02/2024,2,1,2025-03-08
Census Tract,39061023100,White,03/2024,0,4.5,2025-03-08
Census Tract,39061023100,White,04/2024,0,0,2025-03-08
Census Tract,39061023100,White,05/2024,0,0,2025-03-08
Census Tract,39061023100,White,06/2024,1,0.5,2025-03-08
Census Tract,39061023100,White,07/2024,1,0.5,2025-03-08
Census Tract,39061023100,White,08/2024,0,0,2025-03-08
Census Tract,39061023100,White,09/2024,0,0,2025-03-08
Census Tract,39061023100,White,10/2024,0,0,2025-03-08
Census Tract,39061023100,White,11/2024,0,0,2025-03-08
Census Tract,39061023100,White,12/2024,0,0,2025-03-08
Census Tract,39061023100,White,01/2025,0,0,2025-03-08
Census Tract,39061023100,White,02/2025,0,1,2025-03-08
Census Tract,39061023100,White,03/2025,0,4,2025-03-08
Census Tract,39061023201,White,01/2020,0,5,2025-03-08
Census Tract,39061023201,White,02/2020,0,4,2025-03-08
Census Tract,39061023201,White,03/2020,0,5,2025-03-08
Census Tract,39061023201,White,04/2020,0,1.5,2025-03-08
Census Tract,39061023201,White,05/2020,0,6.5,2025-03-08
Census Tract,39061023201,White,06/2020,3,3,2025-03-08
Census Tract,39061023201,White,07/2020,2,3,2025-03-08
Census Tract,39061023201,White,08/2020,3,2,2025-03-08
Census Tract,39061023201,White,09/2020,4,4.5,2025-03-08
Census Tract,39061023201,White,10/2020,3,3,2025-03-08
Census Tract,39061023201,White,11/2020,1,2,2025-03-08
Census Tract,39061023201,White,12/2020,1,4,2025-03-08
Census Tract,39061023201,White,01/2021,1,5,2025-03-08
Census Tract,39061023201,White,02/2021,3,4,2025-03-08
Census Tract,39061023201,White,03/2021,1,5,2025-03-08
Census Tract,39061023201,White,04/2021,1,1.5,2025-03-08
Census Tract,39061023201,White,05/2021,2,6.5,2025-03-08
Census Tract,39061023201,White,06/2021,6,3,2025-03-08
Census Tract,39061023201,White,07/2021,2,3,2025-03-08
Census Tract,39061023201,White,08/2021,1,2,2025-03-08
Census Tract,39061023201,White,09/2021,4,4.5,2025-03-08
Census Tract,39061023201,White,10/2021,6,3,2025-03-08
Census Tract,39061023201,White,11/2021,4,2,2025-03-08
Census Tract,39061023201,White,12/2021,4,4,2025-03-08
Census Tract,39061023201,White,01/2022,2,5,2025-03-08
Census Tract,39061023201,White,02/2022,2,4,2025-03-08
Census Tract,39061023201,White,03/2022,3,5,2025-03-08
Census Tract,39061023201,White,04/2022,4,1.5,2025-03-08
Census Tract,39061023201,White,05/2022,3,6.5,2025-03-08
Census Tract,39061023201,White,06/2022,3,3,2025-03-08
Census Tract,39061023201,White,07/2022,6,3,2025-03-08
Census Tract,39061023201,White,08/2022,5,2,2025-03-08
Census Tract,39061023201,White,09/2022,7,4.5,2025-03-08
Census Tract,39061023201,White,10/2022,2,3,2025-03-08
Census Tract,39061023201,White,11/2022,2,2,2025-03-08
Census Tract,39061023201,White,12/2022,2,4,2025-03-08
Census Tract,39061023201,White,01/2023,4,5,2025-03-08
Census Tract,39061023201,White,02/2023,3,4,2025-03-08
Census Tract,39061023201,White,03/2023,2,5,2025-03-08
Census Tract,39061023201,White,04/2023,2,1.5,2025-03-08
Census Tract,39061023201,White,05/2023,3,6.5,2025-03-08
Census Tract,39061023201,White,06/2023,3,3,2025-03-08
Census Tract,39061023201,White,07/2023,1,3,2025-03-08
Census Tract,39061023201,White,08/2023,1,2,2025-03-08
Census Tract,39061023201,White,09/2023,5,4.5,2025-03-08
Census Tract,39061023201,White,10/2023,4,3,2025-03-08
Census Tract,39061023201,White,11/2023,1,2,2025-03-08
Census Tract,39061023201,White,12/2023,5,4,2025-03-08
Census Tract,39061023201,White,01/2024,6,5,2025-03-08
Census Tract,39061023201,White,02/2024,5,4,2025-03-08
Census Tract,39061023201,White,03/2024,8,5,2025-03-08
Census Tract,39061023201,White,04/2024,1,1.5,2025-03-08
Census Tract,39061023201,White,05/2024,10,6.5,2025-03-08
Census Tract,39061023201,White,06/2024,3,3,2025-03-08
Census Tract,39061023201,White,07/2024,5,3,2025-03-08
Census Tract,39061023201,White,08/2024,3,2,2025-03-08
Census Tract,39061023201,White,09/2024,4,4.5,2025-03-08
Census Tract,39061023201,White,10/2024,2,3,2025-03-08
Census Tract,39061023201,White,11/2024,3,2,2025-03-08
Census Tract,39061023201,White,12/2024,3,4,2025-03-08
Census Tract,39061023201,White,01/2025,9,5,2025-03-08
Census Tract,39061023201,White,02/2025,6,4,2025-03-08
Census Tract,39061023201,White,03/2025,3,0.5,2025-03-08
Census Tract,39061023210,White,01/2020,0,3,2025-03-08
Census Tract,39061023210,White,02/2020,0,8,2025-03-08
Census Tract,39061023210,White,03/2020,0,2.5,2025-03-08
Census Tract,39061023210,White,04/2020,0,4,2025-03-08
Census Tract,39061023210,White,05/2020,0,2.5,2025-03-08
Census Tract,39061023210,White,06/2020,1,6,2025-03-08
Census Tract,39061023210,White,07/2020,1,8.5,2025-03-08
Census Tract,39061023210,White,08/2020,1,7,2025-03-08
Census Tract,39061023210,White,09/2020,0,9.5,2025-03-08
Census Tract,39061023210,White,10/2020,2,3,2025-03-08
Census Tract,39061023210,White,11/2020,0,6,2025-03-08
Census Tract,39061023210,White,12/2020,2,8,2025-03-08
Census Tract,39061023210,White,01/2021,2,3,2025-03-08
Census Tract,39061023210,White,02/2021,1,7.5,2025-03-08
Census Tract,39061023210,White,03/2021,3,2.5,2025-03-08
Census Tract,39061023210,White,04/2021,4,4,2025-03-08
Census Tract,39061023210,White,05/2021,2,2.5,2025-03-08
Census Tract,39061023210,White,06/2021,1,6,2025-03-08
Census Tract,39061023210,White,07/2021,0,8.5,2025-03-08
Census Tract,39061023210,White,08/2021,2,7,2025-03-08
Census Tract,39061023210,White,09/2021,3,9.5,2025-03-08
Census Tract,39061023210,White,10/2021,1,3,2025-03-08
Census Tract,39061023210,White,11/2021,3,6,2025-03-08
Census Tract,39061023210,White,12/2021,0,8,2025-03-08
Census Tract,39061023210,White,01/2022,0,3,2025-03-08
Census Tract,39061023210,White,02/2022,4,7.5,2025-03-08
Census Tract,39061023210,White,03/2022,1,2.5,2025-03-08
Census Tract,39061023210,White,04/2022,3,4,2025-03-08
Census Tract,39061023210,White,05/2022,3,2.5,2025-03-08
Census Tract,39061023210,White,06/2022,6,6,2025-03-08
Census Tract,39061023210,White,07/2022,6,8.5,2025-03-08
Census Tract,39061023210,White,08/2022,6,7,2025-03-08
Census Tract,39061023210,White,09/2022,6,9.5,2025-03-08
Census Tract,39061023210,White,10/2022,3,3,2025-03-08
Census Tract,39061023210,White,11/2022,0,6,2025-03-08
Census Tract,39061023210,White,12/2022,8,8,2025-03-08
Census Tract,39061023210,White,01/2023,3,3,2025-03-08
Census Tract,39061023210,White,02/2023,7,7.5,2025-03-08
Census Tract,39061023210,White,03/2023,4,2.5,2025-03-08
Census Tract,39061023210,White,04/2023,1,4,2025-03-08
Census Tract,39061023210,White,05/2023,3,2.5,2025-03-08
Census Tract,39061023210,White,06/2023,8,6,2025-03-08
Census Tract,39061023210,White,07/2023,8,8.5,2025-03-08
Census Tract,39061023210,White,08/2023,11,7,2025-03-08
Census Tract,39061023210,White,09/2023,6,9.5,2025-03-08
Census Tract,39061023210,White,10/2023,6,3,2025-03-08
Census Tract,39061023210,White,11/2023,4,6,2025-03-08
Census Tract,39061023210,White,12/2023,10,8,2025-03-08
Census Tract,39061023210,White,01/2024,3,3,2025-03-08
Census Tract,39061023210,White,02/2024,9,8,2025-03-08
Census Tract,39061023210,White,03/2024,1,2.5,2025-03-08
Census Tract,39061023210,White,04/2024,7,4,2025-03-08
Census Tract,39061023210,White,05/2024,2,2.5,2025-03-08
Census Tract,39061023210,White,06/2024,4,6,2025-03-08
Census Tract,39061023210,White,07/2024,9,8.5,2025-03-08
Census Tract,39061023210,White,08/2024,3,7,2025-03-08
Census Tract,39061023210,White,09/2024,13,9.5,2025-03-08
Census Tract,39061023210,White,10/2024,0,3,2025-03-08
Census Tract,39061023210,White,11/2024,8,6,2025-03-08
Census Tract,39061023210,White,12/2024,6,8,2025-03-08
Census Tract,39061023210,White,01/2025,2,3,2025-03-08
Census Tract,39061023210,White,02/2025,3,7.5,2025-03-08
Census Tract,39061023210,White,03/2025,0,0.5,2025-03-08
Census Tract,39061023222,White,01/2020,0,8.5,2025-03-08
Census Tract,39061023222,White,02/2020,0,13,2025-03-08
Census Tract,39061023222,White,03/2020,0,5.5,2025-03-08
Census Tract,39061023222,White,04/2020,0,6.5,2025-03-08
Census Tract,39061023222,White,05/2020,5,11,2025-03-08
Census Tract,39061023222,White,06/2020,1,15.5,2025-03-08
Census Tract,39061023222,White,07/2020,3,14.5,2025-03-08
Census Tract,39061023222,White,08/2020,17,13,2025-03-08
Census Tract,39061023222,White,09/2020,9,5.5,2025-03-08
Census Tract,39061023222,White,10/2020,8,11.5,2025-03-08
Census Tract,39061023222,White,11/2020,5,13,2025-03-08
Census Tract,39061023222,White,12/2020,14,14,2025-03-08
Census Tract,39061023222,White,01/2021,5,8.5,2025-03-08
Census Tract,39061023222,White,02/2021,0,13,2025-03-08
Census Tract,39061023222,White,03/2021,7,5.5,2025-03-08
Census Tract,39061023222,White,04/2021,3,6.5,2025-03-08
Census Tract,39061023222,White,05/2021,7,11,2025-03-08
Census Tract,39061023222,White,06/2021,6,15.5,2025-03-08
Census Tract,39061023222,White,07/2021,1,14.5,2025-03-08
Census Tract,39061023222,White,08/2021,1,13,2025-03-08
Census Tract,39061023222,White,09/2021,2,5.5,2025-03-08
Census Tract,39061023222,White,10/2021,6,11.5,2025-03-08
Census Tract,39061023222,White,11/2021,0,13,2025-03-08
Census Tract,39061023222,White,12/2021,5,14,2025-03-08
Census Tract,39061023222,White,01/2022,0,8.5,2025-03-08
Census Tract,39061023222,White,02/2022,0,13,2025-03-08
Census Tract,39061023222,White,03/2022,11,5.5,2025-03-08
Census Tract,39061023222,White,04/2022,11,6.5,2025-03-08
Census Tract,39061023222,White,05/2022,16,11,2025-03-08
Census Tract,39061023222,White,06/2022,0,15.5,2025-03-08
Census Tract,39061023222,White,07/2022,13,14.5,2025-03-08
Census Tract,39061023222,White,08/2022,14,13,2025-03-08
Census Tract,39061023222,White,09/2022,3,5.5,2025-03-08
Census Tract,39061023222,White,10/2022,2,11.5,2025-03-08
Census Tract,39061023222,White,11/2022,10,13,2025-03-08
Census Tract,39061023222,White,12/2022,10,14,2025-03-08
Census Tract,39061023222,White,01/2023,11,8.5,2025-03-08
Census Tract,39061023222,White,02/2023,11,13,2025-03-08
Census Tract,39061023222,White,03/2023,9,5.5,2025-03-08
Census Tract,39061023222,White,04/2023,11,6.5,2025-03-08
Census Tract,39061023222,White,05/2023,9,11,2025-03-08
Census Tract,39061023222,White,06/2023,12,15.5,2025-03-08
Census Tract,39061023222,White,07/2023,7,14.5,2025-03-08
Census Tract,39061023222,White,08/2023,7,13,2025-03-08
Census Tract,39061023222,White,09/2023,6,5.5,2025-03-08
Census Tract,39061023222,White,10/2023,6,11.5,2025-03-08
Census Tract,39061023222,White,11/2023,7,13,2025-03-08
Census Tract,39061023222,White,12/2023,8,14,2025-03-08
Census Tract,39061023222,White,01/2024,6,8.5,2025-03-08
Census Tract,39061023222,White,02/2024,15,13,2025-03-08
Census Tract,39061023222,White,03/2024,2,5.5,2025-03-08
Census Tract,39061023222,White,04/2024,2,6.5,2025-03-08
Census Tract,39061023222,White,05/2024,13,11,2025-03-08
Census Tract,39061023222,White,06/2024,19,15.5,2025-03-08
Census Tract,39061023222,White,07/2024,22,14.5,2025-03-08
Census Tract,39061023222,White,08/2024,19,13,2025-03-08
Census Tract,39061023222,White,09/2024,5,5.5,2025-03-08
Census Tract,39061023222,White,10/2024,17,11.5,2025-03-08
Census Tract,39061023222,White,11/2024,19,13,2025-03-08
Census Tract,39061023222,White,12/2024,20,14,2025-03-08
Census Tract,39061023222,White,01/2025,4,8.5,2025-03-08
Census Tract,39061023222,White,02/2025,4,13,2025-03-08
Census Tract,39061023222,White,03/2025,1,0,2025-03-08
Census Tract,39061023300,White,01/2020,0,1,2025-03-08
Census Tract,39061023300,White,02/2020,0,0,2025-03-08
Census Tract,39061023300,White,03/2020,0,0,2025-03-08
Census Tract,39061023300,White,04/2020,0,0,2025-03-08
Census Tract,39061023300,White,05/2020,0,0,2025-03-08
Census Tract,39061023300,White,06/2020,0,0,2025-03-08
Census Tract,39061023300,White,07/2020,0,0.5,2025-03-08
Census Tract,39061023300,White,08/2020,0,0,2025-03-08
Census Tract,39061023300,White,09/2020,0,0,2025-03-08
Census Tract,39061023300,White,10/2020,0,0,2025-03-08
Census Tract,39061023300,White,11/2020,0,0.5,2025-03-08
Census Tract,39061023300,White,12/2020,0,0,2025-03-08
Census Tract,39061023300,White,01/2021,0,1,2025-03-08
Census Tract,39061023300,White,02/2021,0,0,2025-03-08
Census Tract,39061023300,White,03/2021,0,0,2025-03-08
Census Tract,39061023300,White,04/2021,0,0,2025-03-08
Census Tract,39061023300,White,05/2021,0,0,2025-03-08
Census Tract,39061023300,White,06/2021,0,0,2025-03-08
Census Tract,39061023300,White,07/2021,0,0.5,2025-03-08
Census Tract,39061023300,White,08/2021,0,0,2025-03-08
Census Tract,39061023300,White,09/2021,0,0,2025-03-08
Census Tract,39061023300,White,10/2021,0,0,2025-03-08
Census Tract,39061023300,White,11/2021,0,0.5,2025-03-08
Census Tract,39061023300,White,12/2021,0,0,2025-03-08
Census Tract,39061023300,White,01/2022,0,1,2025-03-08
Census Tract,39061023300,White,02/2022,0,0,2025-03-08
Census Tract,39061023300,White,03/2022,0,0,2025-03-08
Census Tract,39061023300,White,04/2022,2,0,2025-03-08
Census Tract,39061023300,White,05/2022,0,0,2025-03-08
Census Tract,39061023300,White,06/2022,0,0,2025-03-08
Census Tract,39061023300,White,07/2022,0,0.5,2025-03-08
Census Tract,39061023300,White,08/2022,0,0,2025-03-08
Census Tract,39061023300,White,09/2022,0,0,2025-03-08
Census Tract,39061023300,White,10/2022,0,0,2025-03-08
Census Tract,39061023300,White,11/2022,0,0.5,2025-03-08
Census Tract,39061023300,White,12/2022,0,0,2025-03-08
Census Tract,39061023300,White,01/2023,0,1,2025-03-08
Census Tract,39061023300,White,02/2023,0,0,2025-03-08
Census Tract,39061023300,White,03/2023,0,0,2025-03-08
Census Tract,39061023300,White,04/2023,0,0,2025-03-08
Census Tract,39061023300,White,05/2023,0,0,2025-03-08
Census Tract,39061023300,White,06/2023,0,0,2025-03-08
Census Tract,39061023300,White,07/2023,1,0.5,2025-03-08
Census Tract,39061023300,White,08/2023,0,0,2025-03-08
Census Tract,39061023300,White,09/2023,0,0,2025-03-08
Census Tract,39061023300,White,10/2023,0,0,2025-03-08
Census Tract,39061023300,White,11/2023,1,0.5,2025-03-08
Census Tract,39061023300,White,12/2023,0,0,2025-03-08
Census Tract,39061023300,White,01/2024,2,1,2025-03-08
Census Tract,39061023300,White,02/2024,0,0,2025-03-08
Census Tract,39061023300,White,03/2024,0,0,2025-03-08
Census Tract,39061023300,White,04/2024,0,0,2025-03-08
Census Tract,39061023300,White,05/2024,0,0,2025-03-08
Census Tract,39061023300,White,06/2024,0,0,2025-03-08
Census Tract,39061023300,White,07/2024,0,0.5,2025-03-08
Census Tract,39061023300,White,08/2024,0,0,2025-03-08
Census Tract,39061023300,White,09/2024,0,0,2025-03-08
Census Tract,39061023300,White,10/2024,0,0,2025-03-08
Census Tract,39061023300,White,11/2024,0,0.5,2025-03-08
Census Tract,39061023300,White,12/2024,0,0,2025-03-08
Census Tract,39061023300,White,01/2025,0,1,2025-03-08
Census Tract,39061023300,White,02/2025,0,0,2025-03-08
Census Tract,39061023300,White,03/2025,0,0,2025-03-08
Census Tract,39061023400,Black,01/2020,0,10,2025-03-08
Census Tract,39061023400,Black,02/2020,0,11,2025-03-08
Census Tract,39061023400,Black,03/2020,0,8,2025-03-08
Census Tract,39061023400,Black,04/2020,0,9,2025-03-08
Census Tract,39061023400,Black,05/2020,1,8,2025-03-08
Census Tract,39061023400,Black,06/2020,5,5.5,2025-03-08
Census Tract,39061023400,Black,07/2020,11,9,2025-03-08
Census Tract,39061023400,Black,08/2020,7,13,2025-03-08
Census Tract,39061023400,Black,09/2020,3,12.5,2025-03-08
Census Tract,39061023400,Black,10/2020,8,12,2025-03-08
Census Tract,39061023400,Black,11/2020,6,2.5,2025-03-08
Census Tract,39061023400,Black,12/2020,6,8,2025-03-08
Census Tract,39061023400,Black,01/2021,8,10,2025-03-08
Census Tract,39061023400,Black,02/2021,8,11,2025-03-08
Census Tract,39061023400,Black,03/2021,8,8,2025-03-08
Census Tract,39061023400,Black,04/2021,7,9,2025-03-08
Census Tract,39061023400,Black,05/2021,2,8,2025-03-08
Census Tract,39061023400,Black,06/2021,11,5.5,2025-03-08
Census Tract,39061023400,Black,07/2021,17,9,2025-03-08
Census Tract,39061023400,Black,08/2021,14,13,2025-03-08
Census Tract,39061023400,Black,09/2021,12,12.5,2025-03-08
Census Tract,39061023400,Black,10/2021,4,12,2025-03-08
Census Tract,39061023400,Black,11/2021,13,2.5,2025-03-08
Census Tract,39061023400,Black,12/2021,15,8,2025-03-08
Census Tract,39061023400,Black,01/2022,23,10,2025-03-08
Census Tract,39061023400,Black,02/2022,29,11,2025-03-08
Census Tract,39061023400,Black,03/2022,24,8,2025-03-08
Census Tract,39061023400,Black,04/2022,9,9,2025-03-08
Census Tract,39061023400,Black,05/2022,18,8,2025-03-08
Census Tract,39061023400,Black,06/2022,24,5.5,2025-03-08
Census Tract,39061023400,Black,07/2022,5,9,2025-03-08
Census Tract,39061023400,Black,08/2022,14,13,2025-03-08
Census Tract,39061023400,Black,09/2022,24,12.5,2025-03-08
Census Tract,39061023400,Black,10/2022,23,12,2025-03-08
Census Tract,39061023400,Black,11/2022,10,2.5,2025-03-08
Census Tract,39061023400,Black,12/2022,8,8,2025-03-08
Census Tract,39061023400,Black,01/2023,11,10,2025-03-08
Census Tract,39061023400,Black,02/2023,8,11,2025-03-08
Census Tract,39061023400,Black,03/2023,9,8,2025-03-08
Census Tract,39061023400,Black,04/2023,3,9,2025-03-08
Census Tract,39061023400,Black,05/2023,8,8,2025-03-08
Census Tract,39061023400,Black,06/2023,5,5.5,2025-03-08
Census Tract,39061023400,Black,07/2023,8,9,2025-03-08
Census Tract,39061023400,Black,08/2023,18,13,2025-03-08
Census Tract,39061023400,Black,09/2023,18,12.5,2025-03-08
Census Tract,39061023400,Black,10/2023,16,12,2025-03-08
Census Tract,39061023400,Black,11/2023,5,2.5,2025-03-08
Census Tract,39061023400,Black,12/2023,11,8,2025-03-08
Census Tract,39061023400,Black,01/2024,9,10,2025-03-08
Census Tract,39061023400,Black,02/2024,14,11,2025-03-08
Census Tract,39061023400,Black,03/2024,7,8,2025-03-08
Census Tract,39061023400,Black,04/2024,15,9,2025-03-08
Census Tract,39061023400,Black,05/2024,8,8,2025-03-08
Census Tract,39061023400,Black,06/2024,6,5.5,2025-03-08
Census Tract,39061023400,Black,07/2024,10,9,2025-03-08
Census Tract,39061023400,Black,08/2024,8,13,2025-03-08
Census Tract,39061023400,Black,09/2024,7,12.5,2025-03-08
Census Tract,39061023400,Black,10/2024,8,12,2025-03-08
Census Tract,39061023400,Black,11/2024,0,2.5,2025-03-08
Census Tract,39061023400,Black,12/2024,5,8,2025-03-08
Census Tract,39061023400,Black,01/2025,14,10,2025-03-08
Census Tract,39061023400,Black,02/2025,8,11,2025-03-08
Census Tract,39061023400,Black,03/2025,0,1,2025-03-08
Census Tract,39061023501,White,01/2020,0,2,2025-03-08
Census Tract,39061023501,White,02/2020,0,3,2025-03-08
Census Tract,39061023501,White,03/2020,0,2,2025-03-08
Census Tract,39061023501,White,04/2020,0,3.5,2025-03-08
Census Tract,39061023501,White,05/2020,1,0.5,2025-03-08
Census Tract,39061023501,White,06/2020,0,1,2025-03-08
Census Tract,39061023501,White,07/2020,0,0,2025-03-08
Census Tract,39061023501,White,08/2020,0,1,2025-03-08
Census Tract,39061023501,White,09/2020,0,0,2025-03-08
Census Tract,39061023501,White,10/2020,0,2,2025-03-08
Census Tract,39061023501,White,11/2020,0,1.5,2025-03-08
Census Tract,39061023501,White,12/2020,2,5,2025-03-08
Census Tract,39061023501,White,01/2021,0,2,2025-03-08
Census Tract,39061023501,White,02/2021,1,3,2025-03-08
Census Tract,39061023501,White,03/2021,0,2,2025-03-08
Census Tract,39061023501,White,04/2021,2,3.5,2025-03-08
Census Tract,39061023501,White,05/2021,0,0.5,2025-03-08
Census Tract,39061023501,White,06/2021,0,1,2025-03-08
Census Tract,39061023501,White,07/2021,1,0,2025-03-08
Census Tract,39061023501,White,08/2021,1,1,2025-03-08
Census Tract,39061023501,White,09/2021,1,0,2025-03-08
Census Tract,39061023501,White,10/2021,0,2,2025-03-08
Census Tract,39061023501,White,11/2021,0,1.5,2025-03-08
Census Tract,39061023501,White,12/2021,0,5,2025-03-08
Census Tract,39061023501,White,01/2022,0,2,2025-03-08
Census Tract,39061023501,White,02/2022,0,3,2025-03-08
Census Tract,39061023501,White,03/2022,2,2,2025-03-08
Census Tract,39061023501,White,04/2022,0,3.5,2025-03-08
Census Tract,39061023501,White,05/2022,0,0.5,2025-03-08
Census Tract,39061023501,White,06/2022,1,1,2025-03-08
Census Tract,39061023501,White,07/2022,1,0,2025-03-08
Census Tract,39061023501,White,08/2022,0,1,2025-03-08
Census Tract,39061023501,White,09/2022,1,0,2025-03-08
Census Tract,39061023501,White,10/2022,0,2,2025-03-08
Census Tract,39061023501,White,11/2022,0,1.5,2025-03-08
Census Tract,39061023501,White,12/2022,2,5,2025-03-08
Census Tract,39061023501,White,01/2023,3,2,2025-03-08
Census Tract,39061023501,White,02/2023,2,3,2025-03-08
Census Tract,39061023501,White,03/2023,2,2,2025-03-08
Census Tract,39061023501,White,04/2023,1,3.5,2025-03-08
Census Tract,39061023501,White,05/2023,1,0.5,2025-03-08
Census Tract,39061023501,White,06/2023,1,1,2025-03-08
Census Tract,39061023501,White,07/2023,0,0,2025-03-08
Census Tract,39061023501,White,08/2023,2,1,2025-03-08
Census Tract,39061023501,White,09/2023,0,0,2025-03-08
Census Tract,39061023501,White,10/2023,2,2,2025-03-08
Census Tract,39061023501,White,11/2023,1,1.5,2025-03-08
Census Tract,39061023501,White,12/2023,6,5,2025-03-08
Census Tract,39061023501,White,01/2024,1,2,2025-03-08
Census Tract,39061023501,White,02/2024,4,3,2025-03-08
Census Tract,39061023501,White,03/2024,2,2,2025-03-08
Census Tract,39061023501,White,04/2024,6,3.5,2025-03-08
Census Tract,39061023501,White,05/2024,0,0.5,2025-03-08
Census Tract,39061023501,White,06/2024,1,1,2025-03-08
Census Tract,39061023501,White,07/2024,0,0,2025-03-08
Census Tract,39061023501,White,08/2024,0,1,2025-03-08
Census Tract,39061023501,White,09/2024,0,0,2025-03-08
Census Tract,39061023501,White,10/2024,2,2,2025-03-08
Census Tract,39061023501,White,11/2024,2,1.5,2025-03-08
Census Tract,39061023501,White,12/2024,4,5,2025-03-08
Census Tract,39061023501,White,01/2025,2,2,2025-03-08
Census Tract,39061023501,White,02/2025,1,3,2025-03-08
Census Tract,39061023501,White,03/2025,0,0.5,2025-03-08
Census Tract,39061023521,White,01/2020,0,0.5,2025-03-08
Census Tract,39061023521,White,02/2020,0,0,2025-03-08
Census Tract,39061023521,White,03/2020,0,1.5,2025-03-08
Census Tract,39061023521,White,04/2020,0,1,2025-03-08
Census Tract,39061023521,White,05/2020,0,0,2025-03-08
Census Tract,39061023521,White,06/2020,0,1,2025-03-08
Census Tract,39061023521,White,07/2020,0,0,2025-03-08
Census Tract,39061023521,White,08/2020,0,0,2025-03-08
Census Tract,39061023521,White,09/2020,0,1,2025-03-08
Census Tract,39061023521,White,10/2020,0,1,2025-03-08
Census Tract,39061023521,White,11/2020,0,0,2025-03-08
Census Tract,39061023521,White,12/2020,0,0,2025-03-08
Census Tract,39061023521,White,01/2021,0,0.5,2025-03-08
Census Tract,39061023521,White,02/2021,0,0,2025-03-08
Census Tract,39061023521,White,03/2021,1,1.5,2025-03-08
Census Tract,39061023521,White,04/2021,0,1,2025-03-08
Census Tract,39061023521,White,05/2021,1,0,2025-03-08
Census Tract,39061023521,White,06/2021,0,1,2025-03-08
Census Tract,39061023521,White,07/2021,0,0,2025-03-08
Census Tract,39061023521,White,08/2021,3,0,2025-03-08
Census Tract,39061023521,White,09/2021,0,1,2025-03-08
Census Tract,39061023521,White,10/2021,1,1,2025-03-08
Census Tract,39061023521,White,11/2021,0,0,2025-03-08
Census Tract,39061023521,White,12/2021,0,0,2025-03-08
Census Tract,39061023521,White,01/2022,0,0.5,2025-03-08
Census Tract,39061023521,White,02/2022,0,0,2025-03-08
Census Tract,39061023521,White,03/2022,0,1.5,2025-03-08
Census Tract,39061023521,White,04/2022,0,1,2025-03-08
Census Tract,39061023521,White,05/2022,0,0,2025-03-08
Census Tract,39061023521,White,06/2022,1,1,2025-03-08
Census Tract,39061023521,White,07/2022,1,0,2025-03-08
Census Tract,39061023521,White,08/2022,0,0,2025-03-08
Census Tract,39061023521,White,09/2022,3,1,2025-03-08
Census Tract,39061023521,White,10/2022,0,1,2025-03-08
Census Tract,39061023521,White,11/2022,0,0,2025-03-08
Census Tract,39061023521,White,12/2022,0,0,2025-03-08
Census Tract,39061023521,White,01/2023,0,0.5,2025-03-08
Census Tract,39061023521,White,02/2023,0,0,2025-03-08
Census Tract,39061023521,White,03/2023,1,1.5,2025-03-08
Census Tract,39061023521,White,04/2023,0,1,2025-03-08
Census Tract,39061023521,White,05/2023,0,0,2025-03-08
Census Tract,39061023521,White,06/2023,0,1,2025-03-08
Census Tract,39061023521,White,07/2023,0,0,2025-03-08
Census Tract,39061023521,White,08/2023,0,0,2025-03-08
Census Tract,39061023521,White,09/2023,2,1,2025-03-08
Census Tract,39061023521,White,10/2023,1,1,2025-03-08
Census Tract,39061023521,White,11/2023,0,0,2025-03-08
Census Tract,39061023521,White,12/2023,0,0,2025-03-08
Census Tract,39061023521,White,01/2024,1,0.5,2025-03-08
Census Tract,39061023521,White,02/2024,0,0,2025-03-08
Census Tract,39061023521,White,03/2024,2,1.5,2025-03-08
Census Tract,39061023521,White,04/2024,2,1,2025-03-08
Census Tract,39061023521,White,05/2024,0,0,2025-03-08
Census Tract,39061023521,White,06/2024,2,1,2025-03-08
Census Tract,39061023521,White,07/2024,0,0,2025-03-08
Census Tract,39061023521,White,08/2024,0,0,2025-03-08
Census Tract,39061023521,White,09/2024,0,1,2025-03-08
Census Tract,39061023521,White,10/2024,1,1,2025-03-08
Census Tract,39061023521,White,11/2024,0,0,2025-03-08
Census Tract,39061023521,White,12/2024,0,0,2025-03-08
Census Tract,39061023521,White,01/2025,0,0.5,2025-03-08
Census Tract,39061023521,White,02/2025,1,0,2025-03-08
Census Tract,39061023521,White,03/2025,0,1,2025-03-08
Census Tract,39061023522,White,01/2020,0,1,2025-03-08
Census Tract,39061023522,White,02/2020,0,1,2025-03-08
Census Tract,39061023522,White,03/2020,0,1.5,2025-03-08
Census Tract,39061023522,White,04/2020,0,2,2025-03-08
Census Tract,39061023522,White,05/2020,1,4.5,2025-03-08
Census Tract,39061023522,White,06/2020,0,0.5,2025-03-08
Census Tract,39061023522,White,07/2020,0,1.5,2025-03-08
Census Tract,39061023522,White,08/2020,0,1,2025-03-08
Census Tract,39061023522,White,09/2020,1,5,2025-03-08
Census Tract,39061023522,White,10/2020,3,5,2025-03-08
Census Tract,39061023522,White,11/2020,2,2,2025-03-08
Census Tract,39061023522,White,12/2020,0,1,2025-03-08
Census Tract,39061023522,White,01/2021,0,1,2025-03-08
Census Tract,39061023522,White,02/2021,0,1,2025-03-08
Census Tract,39061023522,White,03/2021,0,1.5,2025-03-08
Census Tract,39061023522,White,04/2021,1,2,2025-03-08
Census Tract,39061023522,White,05/2021,0,4.5,2025-03-08
Census Tract,39061023522,White,06/2021,4,0.5,2025-03-08
Census Tract,39061023522,White,07/2021,5,1.5,2025-03-08
Census Tract,39061023522,White,08/2021,3,1,2025-03-08
Census Tract,39061023522,White,09/2021,4,5,2025-03-08
Census Tract,39061023522,White,10/2021,2,5,2025-03-08
Census Tract,39061023522,White,11/2021,4,2,2025-03-08
Census Tract,39061023522,White,12/2021,4,1,2025-03-08
Census Tract,39061023522,White,01/2022,2,1,2025-03-08
Census Tract,39061023522,White,02/2022,2,1,2025-03-08
Census Tract,39061023522,White,03/2022,4,1.5,2025-03-08
Census Tract,39061023522,White,04/2022,9,2,2025-03-08
Census Tract,39061023522,White,05/2022,6,4.5,2025-03-08
Census Tract,39061023522,White,06/2022,2,0.5,2025-03-08
Census Tract,39061023522,White,07/2022,0,1.5,2025-03-08
Census Tract,39061023522,White,08/2022,11,1,2025-03-08
Census Tract,39061023522,White,09/2022,8,5,2025-03-08
Census Tract,39061023522,White,10/2022,4,5,2025-03-08
Census Tract,39061023522,White,11/2022,6,2,2025-03-08
Census Tract,39061023522,White,12/2022,4,1,2025-03-08
Census Tract,39061023522,White,01/2023,0,1,2025-03-08
Census Tract,39061023522,White,02/2023,2,1,2025-03-08
Census Tract,39061023522,White,03/2023,3,1.5,2025-03-08
Census Tract,39061023522,White,04/2023,3,2,2025-03-08
Census Tract,39061023522,White,05/2023,6,4.5,2025-03-08
Census Tract,39061023522,White,06/2023,1,0.5,2025-03-08
Census Tract,39061023522,White,07/2023,2,1.5,2025-03-08
Census Tract,39061023522,White,08/2023,0,1,2025-03-08
Census Tract,39061023522,White,09/2023,4,5,2025-03-08
Census Tract,39061023522,White,10/2023,7,5,2025-03-08
Census Tract,39061023522,White,11/2023,1,2,2025-03-08
Census Tract,39061023522,White,12/2023,0,1,2025-03-08
Census Tract,39061023522,White,01/2024,2,1,2025-03-08
Census Tract,39061023522,White,02/2024,0,1,2025-03-08
Census Tract,39061023522,White,03/2024,0,1.5,2025-03-08
Census Tract,39061023522,White,04/2024,1,2,2025-03-08
Census Tract,39061023522,White,05/2024,3,4.5,2025-03-08
Census Tract,39061023522,White,06/2024,0,0.5,2025-03-08
Census Tract,39061023522,White,07/2024,1,1.5,2025-03-08
Census Tract,39061023522,White,08/2024,2,1,2025-03-08
Census Tract,39061023522,White,09/2024,6,5,2025-03-08
Census Tract,39061023522,White,10/2024,3,5,2025-03-08
Census Tract,39061023522,White,11/2024,3,2,2025-03-08
Census Tract,39061023522,White,12/2024,2,1,2025-03-08
Census Tract,39061023522,White,01/2025,3,1,2025-03-08
Census Tract,39061023522,White,02/2025,1,1,2025-03-08
Census Tract,39061023522,White,03/2025,0,0,2025-03-08
Census Tract,39061023600,White,01/2020,0,2,2025-03-08
Census Tract,39061023600,White,02/2020,0,1.5,2025-03-08
Census Tract,39061023600,White,03/2020,0,1.5,2025-03-08
Census Tract,39061023600,White,04/2020,0,2,2025-03-08
Census Tract,39061023600,White,05/2020,2,0.5,2025-03-08
Census Tract,39061023600,White,06/2020,1,0,2025-03-08
Census Tract,39061023600,White,07/2020,0,1,2025-03-08
Census Tract,39061023600,White,08/2020,2,2,2025-03-08
Census Tract,39061023600,White,09/2020,0,0.5,2025-03-08
Census Tract,39061023600,White,10/2020,3,2.5,2025-03-08
Census Tract,39061023600,White,11/2020,2,1.5,2025-03-08
Census Tract,39061023600,White,12/2020,2,3,2025-03-08
Census Tract,39061023600,White,01/2021,0,2,2025-03-08
Census Tract,39061023600,White,02/2021,1,1.5,2025-03-08
Census Tract,39061023600,White,03/2021,0,1.5,2025-03-08
Census Tract,39061023600,White,04/2021,0,2,2025-03-08
Census Tract,39061023600,White,05/2021,1,0.5,2025-03-08
Census Tract,39061023600,White,06/2021,1,0,2025-03-08
Census Tract,39061023600,White,07/2021,1,1,2025-03-08
Census Tract,39061023600,White,08/2021,0,2,2025-03-08
Census Tract,39061023600,White,09/2021,0,0.5,2025-03-08
Census Tract,39061023600,White,10/2021,0,2.5,2025-03-08
Census Tract,39061023600,White,11/2021,2,1.5,2025-03-08
Census Tract,39061023600,White,12/2021,3,3,2025-03-08
Census Tract,39061023600,White,01/2022,5,2,2025-03-08
Census Tract,39061023600,White,02/2022,5,1.5,2025-03-08
Census Tract,39061023600,White,03/2022,3,1.5,2025-03-08
Census Tract,39061023600,White,04/2022,4,2,2025-03-08
Census Tract,39061023600,White,05/2022,1,0.5,2025-03-08
Census Tract,39061023600,White,06/2022,3,0,2025-03-08
Census Tract,39061023600,White,07/2022,4,1,2025-03-08
Census Tract,39061023600,White,08/2022,3,2,2025-03-08
Census Tract,39061023600,White,09/2022,1,0.5,2025-03-08
Census Tract,39061023600,White,10/2022,3,2.5,2025-03-08
Census Tract,39061023600,White,11/2022,1,1.5,2025-03-08
Census Tract,39061023600,White,12/2022,2,3,2025-03-08
Census Tract,39061023600,White,01/2023,3,2,2025-03-08
Census Tract,39061023600,White,02/2023,3,1.5,2025-03-08
Census Tract,39061023600,White,03/2023,1,1.5,2025-03-08
Census Tract,39061023600,White,04/2023,1,2,2025-03-08
Census Tract,39061023600,White,05/2023,1,0.5,2025-03-08
Census Tract,39061023600,White,06/2023,0,0,2025-03-08
Census Tract,39061023600,White,07/2023,1,1,2025-03-08
Census Tract,39061023600,White,08/2023,3,2,2025-03-08
Census Tract,39061023600,White,09/2023,0,0.5,2025-03-08
Census Tract,39061023600,White,10/2023,3,2.5,2025-03-08
Census Tract,39061023600,White,11/2023,1,1.5,2025-03-08
Census Tract,39061023600,White,12/2023,2,3,2025-03-08
Census Tract,39061023600,White,01/2024,1,2,2025-03-08
Census Tract,39061023600,White,02/2024,0,1.5,2025-03-08
Census Tract,39061023600,White,03/2024,2,1.5,2025-03-08
Census Tract,39061023600,White,04/2024,3,2,2025-03-08
Census Tract,39061023600,White,05/2024,0,0.5,2025-03-08
Census Tract,39061023600,White,06/2024,0,0,2025-03-08
Census Tract,39061023600,White,07/2024,1,1,2025-03-08
Census Tract,39061023600,White,08/2024,1,2,2025-03-08
Census Tract,39061023600,White,09/2024,1,0.5,2025-03-08
Census Tract,39061023600,White,10/2024,2,2.5,2025-03-08
Census Tract,39061023600,White,11/2024,2,1.5,2025-03-08
Census Tract,39061023600,White,12/2024,4,3,2025-03-08
Census Tract,39061023600,White,01/2025,1,2,2025-03-08
Census Tract,39061023600,White,02/2025,1,1.5,2025-03-08
Census Tract,39061023600,White,03/2025,0,0,2025-03-08
Census Tract,39061023701,White,01/2020,0,0.5,2025-03-08
Census Tract,39061023701,White,02/2020,0,1,2025-03-08
Census Tract,39061023701,White,03/2020,0,1,2025-03-08
Census Tract,39061023701,White,04/2020,0,1.5,2025-03-08
Census Tract,39061023701,White,05/2020,1,1.5,2025-03-08
Census Tract,39061023701,White,06/2020,0,0.5,2025-03-08
Census Tract,39061023701,White,07/2020,2,1,2025-03-08
Census Tract,39061023701,White,08/2020,0,2,2025-03-08
Census Tract,39061023701,White,09/2020,1,0.5,2025-03-08
Census Tract,39061023701,White,10/2020,0,2,2025-03-08
Census Tract,39061023701,White,11/2020,2,0.5,2025-03-08
Census Tract,39061023701,White,12/2020,1,1.5,2025-03-08
Census Tract,39061023701,White,01/2021,1,0.5,2025-03-08
Census Tract,39061023701,White,02/2021,2,1,2025-03-08
Census Tract,39061023701,White,03/2021,1,1,2025-03-08
Census Tract,39061023701,White,04/2021,1,1.5,2025-03-08
Census Tract,39061023701,White,05/2021,1,1.5,2025-03-08
Census Tract,39061023701,White,06/2021,1,0.5,2025-03-08
Census Tract,39061023701,White,07/2021,1,1,2025-03-08
Census Tract,39061023701,White,08/2021,0,2,2025-03-08
Census Tract,39061023701,White,09/2021,1,0.5,2025-03-08
Census Tract,39061023701,White,10/2021,0,2,2025-03-08
Census Tract,39061023701,White,11/2021,1,0.5,2025-03-08
Census Tract,39061023701,White,12/2021,0,1.5,2025-03-08
Census Tract,39061023701,White,01/2022,0,0.5,2025-03-08
Census Tract,39061023701,White,02/2022,0,1,2025-03-08
Census Tract,39061023701,White,03/2022,2,1,2025-03-08
Census Tract,39061023701,White,04/2022,0,1.5,2025-03-08
Census Tract,39061023701,White,05/2022,2,1.5,2025-03-08
Census Tract,39061023701,White,06/2022,0,0.5,2025-03-08
Census Tract,39061023701,White,07/2022,0,1,2025-03-08
Census Tract,39061023701,White,08/2022,0,2,2025-03-08
Census Tract,39061023701,White,09/2022,1,0.5,2025-03-08
Census Tract,39061023701,White,10/2022,0,2,2025-03-08
Census Tract,39061023701,White,11/2022,0,0.5,2025-03-08
Census Tract,39061023701,White,12/2022,1,1.5,2025-03-08
Census Tract,39061023701,White,01/2023,1,0.5,2025-03-08
Census Tract,39061023701,White,02/2023,1,1,2025-03-08
Census Tract,39061023701,White,03/2023,0,1,2025-03-08
Census Tract,39061023701,White,04/2023,0,1.5,2025-03-08
Census Tract,39061023701,White,05/2023,2,1.5,2025-03-08
Census Tract,39061023701,White,06/2023,1,0.5,2025-03-08
Census Tract,39061023701,White,07/2023,1,1,2025-03-08
Census Tract,39061023701,White,08/2023,1,2,2025-03-08
Census Tract,39061023701,White,09/2023,0,0.5,2025-03-08
Census Tract,39061023701,White,10/2023,1,2,2025-03-08
Census Tract,39061023701,White,11/2023,0,0.5,2025-03-08
Census Tract,39061023701,White,12/2023,1,1.5,2025-03-08
Census Tract,39061023701,White,01/2024,0,0.5,2025-03-08
Census Tract,39061023701,White,02/2024,1,1,2025-03-08
Census Tract,39061023701,White,03/2024,2,1,2025-03-08
Census Tract,39061023701,White,04/2024,3,1.5,2025-03-08
Census Tract,39061023701,White,05/2024,1,1.5,2025-03-08
Census Tract,39061023701,White,06/2024,0,0.5,2025-03-08
Census Tract,39061023701,White,07/2024,1,1,2025-03-08
Census Tract,39061023701,White,08/2024,3,2,2025-03-08
Census Tract,39061023701,White,09/2024,1,0.5,2025-03-08
Census Tract,39061023701,White,10/2024,3,2,2025-03-08
Census Tract,39061023701,White,11/2024,1,0.5,2025-03-08
Census Tract,39061023701,White,12/2024,2,1.5,2025-03-08
Census Tract,39061023701,White,01/2025,2,0.5,2025-03-08
Census Tract,39061023701,White,02/2025,2,1,2025-03-08
Census Tract,39061023701,White,03/2025,0,0,2025-03-08
Census Tract,39061023702,White,01/2020,0,1.5,2025-03-08
Census Tract,39061023702,White,02/2020,0,1,2025-03-08
Census Tract,39061023702,White,03/2020,0,0,2025-03-08
Census Tract,39061023702,White,04/2020,0,1.5,2025-03-08
Census Tract,39061023702,White,05/2020,1,1.5,2025-03-08
Census Tract,39061023702,White,06/2020,0,0.5,2025-03-08
Census Tract,39061023702,White,07/2020,1,2,2025-03-08
Census Tract,39061023702,White,08/2020,0,0.5,2025-03-08
Census Tract,39061023702,White,09/2020,1,0.5,2025-03-08
Census Tract,39061023702,White,10/2020,0,0.5,2025-03-08
Census Tract,39061023702,White,11/2020,0,0.5,2025-03-08
Census Tract,39061023702,White,12/2020,0,2,2025-03-08
Census Tract,39061023702,White,01/2021,1,1.5,2025-03-08
Census Tract,39061023702,White,02/2021,0,0.5,2025-03-08
Census Tract,39061023702,White,03/2021,1,0,2025-03-08
Census Tract,39061023702,White,04/2021,0,1.5,2025-03-08
Census Tract,39061023702,White,05/2021,0,1.5,2025-03-08
Census Tract,39061023702,White,06/2021,1,0.5,2025-03-08
Census Tract,39061023702,White,07/2021,0,2,2025-03-08
Census Tract,39061023702,White,08/2021,1,0.5,2025-03-08
Census Tract,39061023702,White,09/2021,2,0.5,2025-03-08
Census Tract,39061023702,White,10/2021,2,0.5,2025-03-08
Census Tract,39061023702,White,11/2021,0,0.5,2025-03-08
Census Tract,39061023702,White,12/2021,0,2,2025-03-08
Census Tract,39061023702,White,01/2022,0,1.5,2025-03-08
Census Tract,39061023702,White,02/2022,0,0.5,2025-03-08
Census Tract,39061023702,White,03/2022,0,0,2025-03-08
Census Tract,39061023702,White,04/2022,1,1.5,2025-03-08
Census Tract,39061023702,White,05/2022,2,1.5,2025-03-08
Census Tract,39061023702,White,06/2022,0,0.5,2025-03-08
Census Tract,39061023702,White,07/2022,1,2,2025-03-08
Census Tract,39061023702,White,08/2022,2,0.5,2025-03-08
Census Tract,39061023702,White,09/2022,0,0.5,2025-03-08
Census Tract,39061023702,White,10/2022,0,0.5,2025-03-08
Census Tract,39061023702,White,11/2022,4,0.5,2025-03-08
Census Tract,39061023702,White,12/2022,1,2,2025-03-08
Census Tract,39061023702,White,01/2023,1,1.5,2025-03-08
Census Tract,39061023702,White,02/2023,0,0.5,2025-03-08
Census Tract,39061023702,White,03/2023,0,0,2025-03-08
Census Tract,39061023702,White,04/2023,2,1.5,2025-03-08
Census Tract,39061023702,White,05/2023,1,1.5,2025-03-08
Census Tract,39061023702,White,06/2023,0,0.5,2025-03-08
Census Tract,39061023702,White,07/2023,3,2,2025-03-08
Census Tract,39061023702,White,08/2023,1,0.5,2025-03-08
Census Tract,39061023702,White,09/2023,1,0.5,2025-03-08
Census Tract,39061023702,White,10/2023,1,0.5,2025-03-08
Census Tract,39061023702,White,11/2023,0,0.5,2025-03-08
Census Tract,39061023702,White,12/2023,3,2,2025-03-08
Census Tract,39061023702,White,01/2024,2,1.5,2025-03-08
Census Tract,39061023702,White,02/2024,2,1,2025-03-08
Census Tract,39061023702,White,03/2024,0,0,2025-03-08
Census Tract,39061023702,White,04/2024,1,1.5,2025-03-08
Census Tract,39061023702,White,05/2024,2,1.5,2025-03-08
Census Tract,39061023702,White,06/2024,1,0.5,2025-03-08
Census Tract,39061023702,White,07/2024,1,2,2025-03-08
Census Tract,39061023702,White,08/2024,0,0.5,2025-03-08
Census Tract,39061023702,White,09/2024,0,0.5,2025-03-08
Census Tract,39061023702,White,10/2024,0,0.5,2025-03-08
Census Tract,39061023702,White,11/2024,1,0.5,2025-03-08
Census Tract,39061023702,White,12/2024,1,2,2025-03-08
Census Tract,39061023702,White,01/2025,0,1.5,2025-03-08
Census Tract,39061023702,White,02/2025,0,0.5,2025-03-08
Census Tract,39061023702,White,03/2025,0,0,2025-03-08
Census Tract,39061023800,Other,01/2020,0,6,2025-03-08
Census Tract,39061023800,Other,02/2020,0,4.5,2025-03-08
Census Tract,39061023800,Other,03/2020,0,4,2025-03-08
Census Tract,39061023800,Other,04/2020,0,6.5,2025-03-08
Census Tract,39061023800,Other,05/2020,1,5,2025-03-08
Census Tract,39061023800,Other,06/2020,2,4.5,2025-03-08
Census Tract,39061023800,Other,07/2020,3,5,2025-03-08
Census Tract,39061023800,Other,08/2020,4,2.5,2025-03-08
Census Tract,39061023800,Other,09/2020,3,4.5,2025-03-08
Census Tract,39061023800,Other,10/2020,2,9,2025-03-08
Census Tract,39061023800,Other,11/2020,3,1,2025-03-08
Census Tract,39061023800,Other,12/2020,6,5.5,2025-03-08
Census Tract,39061023800,Other,01/2021,4,6,2025-03-08
Census Tract,39061023800,Other,02/2021,6,4.5,2025-03-08
Census Tract,39061023800,Other,03/2021,1,4,2025-03-08
Census Tract,39061023800,Other,04/2021,8,6.5,2025-03-08
Census Tract,39061023800,Other,05/2021,0,5,2025-03-08
Census Tract,39061023800,Other,06/2021,4,4.5,2025-03-08
Census Tract,39061023800,Other,07/2021,4,5,2025-03-08
Census Tract,39061023800,Other,08/2021,5,2.5,2025-03-08
Census Tract,39061023800,Other,09/2021,3,4.5,2025-03-08
Census Tract,39061023800,Other,10/2021,1,9,2025-03-08
Census Tract,39061023800,Other,11/2021,6,1,2025-03-08
Census Tract,39061023800,Other,12/2021,5,5.5,2025-03-08
Census Tract,39061023800,Other,01/2022,3,6,2025-03-08
Census Tract,39061023800,Other,02/2022,2,4.5,2025-03-08
Census Tract,39061023800,Other,03/2022,3,4,2025-03-08
Census Tract,39061023800,Other,04/2022,6,6.5,2025-03-08
Census Tract,39061023800,Other,05/2022,4,5,2025-03-08
Census Tract,39061023800,Other,06/2022,9,4.5,2025-03-08
Census Tract,39061023800,Other,07/2022,10,5,2025-03-08
Census Tract,39061023800,Other,08/2022,5,2.5,2025-03-08
Census Tract,39061023800,Other,09/2022,7,4.5,2025-03-08
Census Tract,39061023800,Other,10/2022,2,9,2025-03-08
Census Tract,39061023800,Other,11/2022,4,1,2025-03-08
Census Tract,39061023800,Other,12/2022,4,5.5,2025-03-08
Census Tract,39061023800,Other,01/2023,6,6,2025-03-08
Census Tract,39061023800,Other,02/2023,6,4.5,2025-03-08
Census Tract,39061023800,Other,03/2023,5,4,2025-03-08
Census Tract,39061023800,Other,04/2023,7,6.5,2025-03-08
Census Tract,39061023800,Other,05/2023,5,5,2025-03-08
Census Tract,39061023800,Other,06/2023,7,4.5,2025-03-08
Census Tract,39061023800,Other,07/2023,4,5,2025-03-08
Census Tract,39061023800,Other,08/2023,5,2.5,2025-03-08
Census Tract,39061023800,Other,09/2023,6,4.5,2025-03-08
Census Tract,39061023800,Other,10/2023,8,9,2025-03-08
Census Tract,39061023800,Other,11/2023,1,1,2025-03-08
Census Tract,39061023800,Other,12/2023,7,5.5,2025-03-08
Census Tract,39061023800,Other,01/2024,6,6,2025-03-08
Census Tract,39061023800,Other,02/2024,3,4.5,2025-03-08
Census Tract,39061023800,Other,03/2024,3,4,2025-03-08
Census Tract,39061023800,Other,04/2024,6,6.5,2025-03-08
Census Tract,39061023800,Other,05/2024,5,5,2025-03-08
Census Tract,39061023800,Other,06/2024,2,4.5,2025-03-08
Census Tract,39061023800,Other,07/2024,6,5,2025-03-08
Census Tract,39061023800,Other,08/2024,0,2.5,2025-03-08
Census Tract,39061023800,Other,09/2024,3,4.5,2025-03-08
Census Tract,39061023800,Other,10/2024,10,9,2025-03-08
Census Tract,39061023800,Other,11/2024,1,1,2025-03-08
Census Tract,39061023800,Other,12/2024,4,5.5,2025-03-08
Census Tract,39061023800,Other,01/2025,4,6,2025-03-08
Census Tract,39061023800,Other,02/2025,2,4.5,2025-03-08
Census Tract,39061023800,Other,03/2025,1,1.5,2025-03-08
Census Tract,39061023901,White,01/2020,0,0.5,2025-03-08
Census Tract,39061023901,White,02/2020,0,0.5,2025-03-08
Census Tract,39061023901,White,03/2020,0,1,2025-03-08
Census Tract,39061023901,White,04/2020,0,1,2025-03-08
Census Tract,39061023901,White,05/2020,1,1.5,2025-03-08
Census Tract,39061023901,White,06/2020,1,1,2025-03-08
Census Tract,39061023901,White,07/2020,1,0,2025-03-08
Census Tract,39061023901,White,08/2020,0,0.5,2025-03-08
Census Tract,39061023901,White,09/2020,2,1,2025-03-08
Census Tract,39061023901,White,10/2020,0,2.5,2025-03-08
Census Tract,39061023901,White,11/2020,0,2,2025-03-08
Census Tract,39061023901,White,12/2020,1,1,2025-03-08
Census Tract,39061023901,White,01/2021,1,0.5,2025-03-08
Census Tract,39061023901,White,02/2021,0,0.5,2025-03-08
Census Tract,39061023901,White,03/2021,0,1,2025-03-08
Census Tract,39061023901,White,04/2021,0,1,2025-03-08
Census Tract,39061023901,White,05/2021,0,1.5,2025-03-08
Census Tract,39061023901,White,06/2021,0,1,2025-03-08
Census Tract,39061023901,White,07/2021,2,0,2025-03-08
Census Tract,39061023901,White,08/2021,1,0.5,2025-03-08
Census Tract,39061023901,White,09/2021,0,1,2025-03-08
Census Tract,39061023901,White,10/2021,0,2.5,2025-03-08
Census Tract,39061023901,White,11/2021,0,2,2025-03-08
Census Tract,39061023901,White,12/2021,0,1,2025-03-08
Census Tract,39061023901,White,01/2022,0,0.5,2025-03-08
Census Tract,39061023901,White,02/2022,1,0.5,2025-03-08
Census Tract,39061023901,White,03/2022,2,1,2025-03-08
Census Tract,39061023901,White,04/2022,1,1,2025-03-08
Census Tract,39061023901,White,05/2022,1,1.5,2025-03-08
Census Tract,39061023901,White,06/2022,1,1,2025-03-08
Census Tract,39061023901,White,07/2022,0,0,2025-03-08
Census Tract,39061023901,White,08/2022,0,0.5,2025-03-08
Census Tract,39061023901,White,09/2022,0,1,2025-03-08
Census Tract,39061023901,White,10/2022,0,2.5,2025-03-08
Census Tract,39061023901,White,11/2022,0,2,2025-03-08
Census Tract,39061023901,White,12/2022,3,1,2025-03-08
Census Tract,39061023901,White,01/2023,0,0.5,2025-03-08
Census Tract,39061023901,White,02/2023,0,0.5,2025-03-08
Census Tract,39061023901,White,03/2023,0,1,2025-03-08
Census Tract,39061023901,White,04/2023,0,1,2025-03-08
Census Tract,39061023901,White,05/2023,2,1.5,2025-03-08
Census Tract,39061023901,White,06/2023,0,1,2025-03-08
Census Tract,39061023901,White,07/2023,0,0,2025-03-08
Census Tract,39061023901,White,08/2023,0,0.5,2025-03-08
Census Tract,39061023901,White,09/2023,0,1,2025-03-08
Census Tract,39061023901,White,10/2023,2,2.5,2025-03-08
Census Tract,39061023901,White,11/2023,2,2,2025-03-08
Census Tract,39061023901,White,12/2023,0,1,2025-03-08
Census Tract,39061023901,White,01/2024,1,0.5,2025-03-08
Census Tract,39061023901,White,02/2024,1,0.5,2025-03-08
Census Tract,39061023901,White,03/2024,2,1,2025-03-08
Census Tract,39061023901,White,04/2024,2,1,2025-03-08
Census Tract,39061023901,White,05/2024,1,1.5,2025-03-08
Census Tract,39061023901,White,06/2024,2,1,2025-03-08
Census Tract,39061023901,White,07/2024,0,0,2025-03-08
Census Tract,39061023901,White,08/2024,1,0.5,2025-03-08
Census Tract,39061023901,White,09/2024,2,1,2025-03-08
Census Tract,39061023901,White,10/2024,3,2.5,2025-03-08
Census Tract,39061023901,White,11/2024,2,2,2025-03-08
Census Tract,39061023901,White,12/2024,2,1,2025-03-08
Census Tract,39061023901,White,01/2025,2,0.5,2025-03-08
Census Tract,39061023901,White,02/2025,0,0.5,2025-03-08
Census Tract,39061023901,White,03/2025,0,0,2025-03-08
Census Tract,39061023902,White,01/2020,0,0.5,2025-03-08
Census Tract,39061023902,White,02/2020,0,0.5,2025-03-08
Census Tract,39061023902,White,03/2020,0,0.5,2025-03-08
Census Tract,39061023902,White,04/2020,0,0.5,2025-03-08
Census Tract,39061023902,White,05/2020,0,0.5,2025-03-08
Census Tract,39061023902,White,06/2020,0,0,2025-03-08
Census Tract,39061023902,White,07/2020,0,0.5,2025-03-08
Census Tract,39061023902,White,08/2020,0,2,2025-03-08
Census Tract,39061023902,White,09/2020,0,0,2025-03-08
Census Tract,39061023902,White,10/2020,0,0,2025-03-08
Census Tract,39061023902,White,11/2020,1,0,2025-03-08
Census Tract,39061023902,White,12/2020,0,0,2025-03-08
Census Tract,39061023902,White,01/2021,0,0.5,2025-03-08
Census Tract,39061023902,White,02/2021,0,0.5,2025-03-08
Census Tract,39061023902,White,03/2021,0,0.5,2025-03-08
Census Tract,39061023902,White,04/2021,0,0.5,2025-03-08
Census Tract,39061023902,White,05/2021,1,0.5,2025-03-08
Census Tract,39061023902,White,06/2021,0,0,2025-03-08
Census Tract,39061023902,White,07/2021,0,0.5,2025-03-08
Census Tract,39061023902,White,08/2021,0,2,2025-03-08
Census Tract,39061023902,White,09/2021,0,0,2025-03-08
Census Tract,39061023902,White,10/2021,0,0,2025-03-08
Census Tract,39061023902,White,11/2021,0,0,2025-03-08
Census Tract,39061023902,White,12/2021,0,0,2025-03-08
Census Tract,39061023902,White,01/2022,0,0.5,2025-03-08
Census Tract,39061023902,White,02/2022,0,0.5,2025-03-08
Census Tract,39061023902,White,03/2022,0,0.5,2025-03-08
Census Tract,39061023902,White,04/2022,0,0.5,2025-03-08
Census Tract,39061023902,White,05/2022,0,0.5,2025-03-08
Census Tract,39061023902,White,06/2022,0,0,2025-03-08
Census Tract,39061023902,White,07/2022,0,0.5,2025-03-08
Census Tract,39061023902,White,08/2022,2,2,2025-03-08
Census Tract,39061023902,White,09/2022,2,0,2025-03-08
Census Tract,39061023902,White,10/2022,0,0,2025-03-08
Census Tract,39061023902,White,11/2022,2,0,2025-03-08
Census Tract,39061023902,White,12/2022,1,0,2025-03-08
Census Tract,39061023902,White,01/2023,1,0.5,2025-03-08
Census Tract,39061023902,White,02/2023,0,0.5,2025-03-08
Census Tract,39061023902,White,03/2023,1,0.5,2025-03-08
Census Tract,39061023902,White,04/2023,0,0.5,2025-03-08
Census Tract,39061023902,White,05/2023,0,0.5,2025-03-08
Census Tract,39061023902,White,06/2023,0,0,2025-03-08
Census Tract,39061023902,White,07/2023,0,0.5,2025-03-08
Census Tract,39061023902,White,08/2023,2,2,2025-03-08
Census Tract,39061023902,White,09/2023,0,0,2025-03-08
Census Tract,39061023902,White,10/2023,0,0,2025-03-08
Census Tract,39061023902,White,11/2023,0,0,2025-03-08
Census Tract,39061023902,White,12/2023,0,0,2025-03-08
Census Tract,39061023902,White,01/2024,0,0.5,2025-03-08
Census Tract,39061023902,White,02/2024,1,0.5,2025-03-08
Census Tract,39061023902,White,03/2024,0,0.5,2025-03-08
Census Tract,39061023902,White,04/2024,1,0.5,2025-03-08
Census Tract,39061023902,White,05/2024,1,0.5,2025-03-08
Census Tract,39061023902,White,06/2024,0,0,2025-03-08
Census Tract,39061023902,White,07/2024,1,0.5,2025-03-08
Census Tract,39061023902,White,08/2024,2,2,2025-03-08
Census Tract,39061023902,White,09/2024,0,0,2025-03-08
Census Tract,39061023902,White,10/2024,0,0,2025-03-08
Census Tract,39061023902,White,11/2024,0,0,2025-03-08
Census Tract,39061023902,White,12/2024,0,0,2025-03-08
Census Tract,39061023902,White,01/2025,1,0.5,2025-03-08
Census Tract,39061023902,White,02/2025,0,0.5,2025-03-08
Census Tract,39061023902,White,03/2025,0,0,2025-03-08
Census Tract,39061024001,White,01/2020,0,0,2025-03-08
Census Tract,39061024001,White,02/2020,0,2.5,2025-03-08
Census Tract,39061024001,White,03/2020,0,3.5,2025-03-08
Census Tract,39061024001,White,04/2020,0,1,2025-03-08
Census Tract,39061024001,White,05/2020,0,2,2025-03-08
Census Tract,39061024001,White,06/2020,0,2.5,2025-03-08
Census Tract,39061024001,White,07/2020,1,0.5,2025-03-08
Census Tract,39061024001,White,08/2020,2,0.5,2025-03-08
Census Tract,39061024001,White,09/2020,0,2.5,2025-03-08
Census Tract,39061024001,White,10/2020,0,2,2025-03-08
Census Tract,39061024001,White,11/2020,1,3,2025-03-08
Census Tract,39061024001,White,12/2020,0,3,2025-03-08
Census Tract,39061024001,White,01/2021,0,0,2025-03-08
Census Tract,39061024001,White,02/2021,0,2.5,2025-03-08
Census Tract,39061024001,White,03/2021,3,3.5,2025-03-08
Census Tract,39061024001,White,04/2021,0,1,2025-03-08
Census Tract,39061024001,White,05/2021,0,2,2025-03-08
Census Tract,39061024001,White,06/2021,0,2.5,2025-03-08
Census Tract,39061024001,White,07/2021,0,0.5,2025-03-08
Census Tract,39061024001,White,08/2021,0,0.5,2025-03-08
Census Tract,39061024001,White,09/2021,0,2.5,2025-03-08
Census Tract,39061024001,White,10/2021,0,2,2025-03-08
Census Tract,39061024001,White,11/2021,1,3,2025-03-08
Census Tract,39061024001,White,12/2021,0,3,2025-03-08
Census Tract,39061024001,White,01/2022,0,0,2025-03-08
Census Tract,39061024001,White,02/2022,1,2.5,2025-03-08
Census Tract,39061024001,White,03/2022,0,3.5,2025-03-08
Census Tract,39061024001,White,04/2022,0,1,2025-03-08
Census Tract,39061024001,White,05/2022,0,2,2025-03-08
Census Tract,39061024001,White,06/2022,2,2.5,2025-03-08
Census Tract,39061024001,White,07/2022,0,0.5,2025-03-08
Census Tract,39061024001,White,08/2022,5,0.5,2025-03-08
Census Tract,39061024001,White,09/2022,3,2.5,2025-03-08
Census Tract,39061024001,White,10/2022,0,2,2025-03-08
Census Tract,39061024001,White,11/2022,1,3,2025-03-08
Census Tract,39061024001,White,12/2022,2,3,2025-03-08
Census Tract,39061024001,White,01/2023,0,0,2025-03-08
Census Tract,39061024001,White,02/2023,3,2.5,2025-03-08
Census Tract,39061024001,White,03/2023,4,3.5,2025-03-08
Census Tract,39061024001,White,04/2023,1,1,2025-03-08
Census Tract,39061024001,White,05/2023,3,2,2025-03-08
Census Tract,39061024001,White,06/2023,2,2.5,2025-03-08
Census Tract,39061024001,White,07/2023,0,0.5,2025-03-08
Census Tract,39061024001,White,08/2023,0,0.5,2025-03-08
Census Tract,39061024001,White,09/2023,4,2.5,2025-03-08
Census Tract,39061024001,White,10/2023,4,2,2025-03-08
Census Tract,39061024001,White,11/2023,3,3,2025-03-08
Census Tract,39061024001,White,12/2023,3,3,2025-03-08
Census Tract,39061024001,White,01/2024,0,0,2025-03-08
Census Tract,39061024001,White,02/2024,2,2.5,2025-03-08
Census Tract,39061024001,White,03/2024,3,3.5,2025-03-08
Census Tract,39061024001,White,04/2024,1,1,2025-03-08
Census Tract,39061024001,White,05/2024,1,2,2025-03-08
Census Tract,39061024001,White,06/2024,3,2.5,2025-03-08
Census Tract,39061024001,White,07/2024,1,0.5,2025-03-08
Census Tract,39061024001,White,08/2024,1,0.5,2025-03-08
Census Tract,39061024001,White,09/2024,1,2.5,2025-03-08
Census Tract,39061024001,White,10/2024,0,2,2025-03-08
Census Tract,39061024001,White,11/2024,3,3,2025-03-08
Census Tract,39061024001,White,12/2024,3,3,2025-03-08
Census Tract,39061024001,White,01/2025,1,0,2025-03-08
Census Tract,39061024001,White,02/2025,3,2.5,2025-03-08
Census Tract,39061024001,White,03/2025,0,2,2025-03-08
Census Tract,39061024002,White,01/2020,0,0,2025-03-08
Census Tract,39061024002,White,02/2020,0,0.5,2025-03-08
Census Tract,39061024002,White,03/2020,0,0,2025-03-08
Census Tract,39061024002,White,04/2020,0,0,2025-03-08
Census Tract,39061024002,White,05/2020,0,0,2025-03-08
Census Tract,39061024002,White,06/2020,0,0,2025-03-08
Census Tract,39061024002,White,07/2020,0,0,2025-03-08
Census Tract,39061024002,White,08/2020,0,0,2025-03-08
Census Tract,39061024002,White,09/2020,0,0,2025-03-08
Census Tract,39061024002,White,10/2020,0,0,2025-03-08
Census Tract,39061024002,White,11/2020,0,0,2025-03-08
Census Tract,39061024002,White,12/2020,0,0,2025-03-08
Census Tract,39061024002,White,01/2021,0,0,2025-03-08
Census Tract,39061024002,White,02/2021,0,0.5,2025-03-08
Census Tract,39061024002,White,03/2021,0,0,2025-03-08
Census Tract,39061024002,White,04/2021,0,0,2025-03-08
Census Tract,39061024002,White,05/2021,0,0,2025-03-08
Census Tract,39061024002,White,06/2021,1,0,2025-03-08
Census Tract,39061024002,White,07/2021,0,0,2025-03-08
Census Tract,39061024002,White,08/2021,0,0,2025-03-08
Census Tract,39061024002,White,09/2021,0,0,2025-03-08
Census Tract,39061024002,White,10/2021,0,0,2025-03-08
Census Tract,39061024002,White,11/2021,0,0,2025-03-08
Census Tract,39061024002,White,12/2021,0,0,2025-03-08
Census Tract,39061024002,White,01/2022,0,0,2025-03-08
Census Tract,39061024002,White,02/2022,0,0.5,2025-03-08
Census Tract,39061024002,White,03/2022,0,0,2025-03-08
Census Tract,39061024002,White,04/2022,0,0,2025-03-08
Census Tract,39061024002,White,05/2022,0,0,2025-03-08
Census Tract,39061024002,White,06/2022,0,0,2025-03-08
Census Tract,39061024002,White,07/2022,0,0,2025-03-08
Census Tract,39061024002,White,08/2022,0,0,2025-03-08
Census Tract,39061024002,White,09/2022,0,0,2025-03-08
Census Tract,39061024002,White,10/2022,0,0,2025-03-08
Census Tract,39061024002,White,11/2022,1,0,2025-03-08
Census Tract,39061024002,White,12/2022,1,0,2025-03-08
Census Tract,39061024002,White,01/2023,0,0,2025-03-08
Census Tract,39061024002,White,02/2023,1,0.5,2025-03-08
Census Tract,39061024002,White,03/2023,0,0,2025-03-08
Census Tract,39061024002,White,04/2023,0,0,2025-03-08
Census Tract,39061024002,White,05/2023,0,0,2025-03-08
Census Tract,39061024002,White,06/2023,0,0,2025-03-08
Census Tract,39061024002,White,07/2023,0,0,2025-03-08
Census Tract,39061024002,White,08/2023,0,0,2025-03-08
Census Tract,39061024002,White,09/2023,0,0,2025-03-08
Census Tract,39061024002,White,10/2023,0,0,2025-03-08
Census Tract,39061024002,White,11/2023,0,0,2025-03-08
Census Tract,39061024002,White,12/2023,0,0,2025-03-08
Census Tract,39061024002,White,01/2024,0,0,2025-03-08
Census Tract,39061024002,White,02/2024,0,0.5,2025-03-08
Census Tract,39061024002,White,03/2024,0,0,2025-03-08
Census Tract,39061024002,White,04/2024,0,0,2025-03-08
Census Tract,39061024002,White,05/2024,0,0,2025-03-08
Census Tract,39061024002,White,06/2024,0,0,2025-03-08
Census Tract,39061024002,White,07/2024,0,0,2025-03-08
Census Tract,39061024002,White,08/2024,0,0,2025-03-08
Census Tract,39061024002,White,09/2024,0,0,2025-03-08
Census Tract,39061024002,White,10/2024,0,0,2025-03-08
Census Tract,39061024002,White,11/2024,0,0,2025-03-08
Census Tract,39061024002,White,12/2024,0,0,2025-03-08
Census Tract,39061024002,White,01/2025,0,0,2025-03-08
Census Tract,39061024002,White,02/2025,0,0.5,2025-03-08
Census Tract,39061024002,White,03/2025,0,0,2025-03-08
Census Tract,39061024100,White,01/2020,0,0,2025-03-08
Census Tract,39061024100,White,02/2020,0,0.5,2025-03-08
Census Tract,39061024100,White,03/2020,0,1,2025-03-08
Census Tract,39061024100,White,04/2020,0,0.5,2025-03-08
Census Tract,39061024100,White,05/2020,0,0,2025-03-08
Census Tract,39061024100,White,06/2020,0,0,2025-03-08
Census Tract,39061024100,White,07/2020,0,0,2025-03-08
Census Tract,39061024100,White,08/2020,0,0.5,2025-03-08
Census Tract,39061024100,White,09/2020,1,0,2025-03-08
Census Tract,39061024100,White,10/2020,1,0,2025-03-08
Census Tract,39061024100,White,11/2020,0,0,2025-03-08
Census Tract,39061024100,White,12/2020,0,0.5,2025-03-08
Census Tract,39061024100,White,01/2021,1,0,2025-03-08
Census Tract,39061024100,White,02/2021,0,0.5,2025-03-08
Census Tract,39061024100,White,03/2021,0,1,2025-03-08
Census Tract,39061024100,White,04/2021,1,0.5,2025-03-08
Census Tract,39061024100,White,05/2021,0,0,2025-03-08
Census Tract,39061024100,White,06/2021,0,0,2025-03-08
Census Tract,39061024100,White,07/2021,0,0,2025-03-08
Census Tract,39061024100,White,08/2021,1,0.5,2025-03-08
Census Tract,39061024100,White,09/2021,0,0,2025-03-08
Census Tract,39061024100,White,10/2021,1,0,2025-03-08
Census Tract,39061024100,White,11/2021,1,0,2025-03-08
Census Tract,39061024100,White,12/2021,0,0.5,2025-03-08
Census Tract,39061024100,White,01/2022,0,0,2025-03-08
Census Tract,39061024100,White,02/2022,0,0.5,2025-03-08
Census Tract,39061024100,White,03/2022,0,1,2025-03-08
Census Tract,39061024100,White,04/2022,0,0.5,2025-03-08
Census Tract,39061024100,White,05/2022,0,0,2025-03-08
Census Tract,39061024100,White,06/2022,2,0,2025-03-08
Census Tract,39061024100,White,07/2022,1,0,2025-03-08
Census Tract,39061024100,White,08/2022,1,0.5,2025-03-08
Census Tract,39061024100,White,09/2022,1,0,2025-03-08
Census Tract,39061024100,White,10/2022,1,0,2025-03-08
Census Tract,39061024100,White,11/2022,0,0,2025-03-08
Census Tract,39061024100,White,12/2022,0,0.5,2025-03-08
Census Tract,39061024100,White,01/2023,0,0,2025-03-08
Census Tract,39061024100,White,02/2023,1,0.5,2025-03-08
Census Tract,39061024100,White,03/2023,2,1,2025-03-08
Census Tract,39061024100,White,04/2023,1,0.5,2025-03-08
Census Tract,39061024100,White,05/2023,0,0,2025-03-08
Census Tract,39061024100,White,06/2023,0,0,2025-03-08
Census Tract,39061024100,White,07/2023,0,0,2025-03-08
Census Tract,39061024100,White,08/2023,1,0.5,2025-03-08
Census Tract,39061024100,White,09/2023,0,0,2025-03-08
Census Tract,39061024100,White,10/2023,0,0,2025-03-08
Census Tract,39061024100,White,11/2023,0,0,2025-03-08
Census Tract,39061024100,White,12/2023,1,0.5,2025-03-08
Census Tract,39061024100,White,01/2024,0,0,2025-03-08
Census Tract,39061024100,White,02/2024,0,0.5,2025-03-08
Census Tract,39061024100,White,03/2024,0,1,2025-03-08
Census Tract,39061024100,White,04/2024,0,0.5,2025-03-08
Census Tract,39061024100,White,05/2024,0,0,2025-03-08
Census Tract,39061024100,White,06/2024,0,0,2025-03-08
Census Tract,39061024100,White,07/2024,0,0,2025-03-08
Census Tract,39061024100,White,08/2024,0,0.5,2025-03-08
Census Tract,39061024100,White,09/2024,0,0,2025-03-08
Census Tract,39061024100,White,10/2024,0,0,2025-03-08
Census Tract,39061024100,White,11/2024,0,0,2025-03-08
Census Tract,39061024100,White,12/2024,0,0.5,2025-03-08
Census Tract,39061024100,White,01/2025,1,0,2025-03-08
Census Tract,39061024100,White,02/2025,0,0.5,2025-03-08
Census Tract,39061024100,White,03/2025,0,0,2025-03-08
Census Tract,39061024200,White,01/2020,0,1,2025-03-08
Census Tract,39061024200,White,02/2020,0,0,2025-03-08
Census Tract,39061024200,White,03/2020,0,0,2025-03-08
Census Tract,39061024200,White,04/2020,0,0,2025-03-08
Census Tract,39061024200,White,05/2020,0,0,2025-03-08
Census Tract,39061024200,White,06/2020,1,0,2025-03-08
Census Tract,39061024200,White,07/2020,0,0,2025-03-08
Census Tract,39061024200,White,08/2020,0,1.5,2025-03-08
Census Tract,39061024200,White,09/2020,1,2,2025-03-08
Census Tract,39061024200,White,10/2020,0,2.5,2025-03-08
Census Tract,39061024200,White,11/2020,0,0,2025-03-08
Census Tract,39061024200,White,12/2020,0,0,2025-03-08
Census Tract,39061024200,White,01/2021,0,1,2025-03-08
Census Tract,39061024200,White,02/2021,0,0,2025-03-08
Census Tract,39061024200,White,03/2021,0,0,2025-03-08
Census Tract,39061024200,White,04/2021,0,0,2025-03-08
Census Tract,39061024200,White,05/2021,0,0,2025-03-08
Census Tract,39061024200,White,06/2021,4,0,2025-03-08
Census Tract,39061024200,White,07/2021,1,0,2025-03-08
Census Tract,39061024200,White,08/2021,0,1.5,2025-03-08
Census Tract,39061024200,White,09/2021,0,2,2025-03-08
Census Tract,39061024200,White,10/2021,0,2.5,2025-03-08
Census Tract,39061024200,White,11/2021,1,0,2025-03-08
Census Tract,39061024200,White,12/2021,0,0,2025-03-08
Census Tract,39061024200,White,01/2022,0,1,2025-03-08
Census Tract,39061024200,White,02/2022,0,0,2025-03-08
Census Tract,39061024200,White,03/2022,0,0,2025-03-08
Census Tract,39061024200,White,04/2022,2,0,2025-03-08
Census Tract,39061024200,White,05/2022,0,0,2025-03-08
Census Tract,39061024200,White,06/2022,1,0,2025-03-08
Census Tract,39061024200,White,07/2022,0,0,2025-03-08
Census Tract,39061024200,White,08/2022,0,1.5,2025-03-08
Census Tract,39061024200,White,09/2022,0,2,2025-03-08
Census Tract,39061024200,White,10/2022,0,2.5,2025-03-08
Census Tract,39061024200,White,11/2022,0,0,2025-03-08
Census Tract,39061024200,White,12/2022,0,0,2025-03-08
Census Tract,39061024200,White,01/2023,1,1,2025-03-08
Census Tract,39061024200,White,02/2023,0,0,2025-03-08
Census Tract,39061024200,White,03/2023,0,0,2025-03-08
Census Tract,39061024200,White,04/2023,0,0,2025-03-08
Census Tract,39061024200,White,05/2023,0,0,2025-03-08
Census Tract,39061024200,White,06/2023,0,0,2025-03-08
Census Tract,39061024200,White,07/2023,0,0,2025-03-08
Census Tract,39061024200,White,08/2023,0,1.5,2025-03-08
Census Tract,39061024200,White,09/2023,4,2,2025-03-08
Census Tract,39061024200,White,10/2023,5,2.5,2025-03-08
Census Tract,39061024200,White,11/2023,0,0,2025-03-08
Census Tract,39061024200,White,12/2023,0,0,2025-03-08
Census Tract,39061024200,White,01/2024,1,1,2025-03-08
Census Tract,39061024200,White,02/2024,0,0,2025-03-08
Census Tract,39061024200,White,03/2024,0,0,2025-03-08
Census Tract,39061024200,White,04/2024,0,0,2025-03-08
Census Tract,39061024200,White,05/2024,0,0,2025-03-08
Census Tract,39061024200,White,06/2024,0,0,2025-03-08
Census Tract,39061024200,White,07/2024,0,0,2025-03-08
Census Tract,39061024200,White,08/2024,3,1.5,2025-03-08
Census Tract,39061024200,White,09/2024,0,2,2025-03-08
Census Tract,39061024200,White,10/2024,0,2.5,2025-03-08
Census Tract,39061024200,White,11/2024,0,0,2025-03-08
Census Tract,39061024200,White,12/2024,0,0,2025-03-08
Census Tract,39061024200,White,01/2025,9,1,2025-03-08
Census Tract,39061024200,White,02/2025,0,0,2025-03-08
Census Tract,39061024200,White,03/2025,0,0,2025-03-08
Census Tract,39061024301,White,01/2020,0,3.5,2025-03-08
Census Tract,39061024301,White,02/2020,0,1,2025-03-08
Census Tract,39061024301,White,03/2020,0,0.5,2025-03-08
Census Tract,39061024301,White,04/2020,0,1.5,2025-03-08
Census Tract,39061024301,White,05/2020,0,1.5,2025-03-08
Census Tract,39061024301,White,06/2020,0,1,2025-03-08
Census Tract,39061024301,White,07/2020,0,3.5,2025-03-08
Census Tract,39061024301,White,08/2020,0,1.5,2025-03-08
Census Tract,39061024301,White,09/2020,9,2,2025-03-08
Census Tract,39061024301,White,10/2020,0,2.5,2025-03-08
Census Tract,39061024301,White,11/2020,7,2.5,2025-03-08
Census Tract,39061024301,White,12/2020,3,2.5,2025-03-08
Census Tract,39061024301,White,01/2021,5,3.5,2025-03-08
Census Tract,39061024301,White,02/2021,4,1,2025-03-08
Census Tract,39061024301,White,03/2021,3,0.5,2025-03-08
Census Tract,39061024301,White,04/2021,4,1.5,2025-03-08
Census Tract,39061024301,White,05/2021,3,1.5,2025-03-08
Census Tract,39061024301,White,06/2021,2,1,2025-03-08
Census Tract,39061024301,White,07/2021,4,3.5,2025-03-08
Census Tract,39061024301,White,08/2021,6,1.5,2025-03-08
Census Tract,39061024301,White,09/2021,4,2,2025-03-08
Census Tract,39061024301,White,10/2021,2,2.5,2025-03-08
Census Tract,39061024301,White,11/2021,1,2.5,2025-03-08
Census Tract,39061024301,White,12/2021,6,2.5,2025-03-08
Census Tract,39061024301,White,01/2022,5,3.5,2025-03-08
Census Tract,39061024301,White,02/2022,4,1,2025-03-08
Census Tract,39061024301,White,03/2022,6,0.5,2025-03-08
Census Tract,39061024301,White,04/2022,2,1.5,2025-03-08
Census Tract,39061024301,White,05/2022,3,1.5,2025-03-08
Census Tract,39061024301,White,06/2022,3,1,2025-03-08
Census Tract,39061024301,White,07/2022,2,3.5,2025-03-08
Census Tract,39061024301,White,08/2022,2,1.5,2025-03-08
Census Tract,39061024301,White,09/2022,1,2,2025-03-08
Census Tract,39061024301,White,10/2022,7,2.5,2025-03-08
Census Tract,39061024301,White,11/2022,4,2.5,2025-03-08
Census Tract,39061024301,White,12/2022,4,2.5,2025-03-08
Census Tract,39061024301,White,01/2023,4,3.5,2025-03-08
Census Tract,39061024301,White,02/2023,1,1,2025-03-08
Census Tract,39061024301,White,03/2023,1,0.5,2025-03-08
Census Tract,39061024301,White,04/2023,1,1.5,2025-03-08
Census Tract,39061024301,White,05/2023,3,1.5,2025-03-08
Census Tract,39061024301,White,06/2023,2,1,2025-03-08
Census Tract,39061024301,White,07/2023,5,3.5,2025-03-08
Census Tract,39061024301,White,08/2023,2,1.5,2025-03-08
Census Tract,39061024301,White,09/2023,2,2,2025-03-08
Census Tract,39061024301,White,10/2023,1,2.5,2025-03-08
Census Tract,39061024301,White,11/2023,1,2.5,2025-03-08
Census Tract,39061024301,White,12/2023,4,2.5,2025-03-08
Census Tract,39061024301,White,01/2024,3,3.5,2025-03-08
Census Tract,39061024301,White,02/2024,1,1,2025-03-08
Census Tract,39061024301,White,03/2024,0,0.5,2025-03-08
Census Tract,39061024301,White,04/2024,2,1.5,2025-03-08
Census Tract,39061024301,White,05/2024,0,1.5,2025-03-08
Census Tract,39061024301,White,06/2024,0,1,2025-03-08
Census Tract,39061024301,White,07/2024,2,3.5,2025-03-08
Census Tract,39061024301,White,08/2024,1,1.5,2025-03-08
Census Tract,39061024301,White,09/2024,2,2,2025-03-08
Census Tract,39061024301,White,10/2024,4,2.5,2025-03-08
Census Tract,39061024301,White,11/2024,4,2.5,2025-03-08
Census Tract,39061024301,White,12/2024,1,2.5,2025-03-08
Census Tract,39061024301,White,01/2025,5,3.5,2025-03-08
Census Tract,39061024301,White,02/2025,2,1,2025-03-08
Census Tract,39061024301,White,03/2025,0,0,2025-03-08
Census Tract,39061024303,White,01/2020,0,4.5,2025-03-08
Census Tract,39061024303,White,02/2020,0,4.5,2025-03-08
Census Tract,39061024303,White,03/2020,0,2.5,2025-03-08
Census Tract,39061024303,White,04/2020,0,1.5,2025-03-08
Census Tract,39061024303,White,05/2020,1,8.5,2025-03-08
Census Tract,39061024303,White,06/2020,0,3.5,2025-03-08
Census Tract,39061024303,White,07/2020,4,1.5,2025-03-08
Census Tract,39061024303,White,08/2020,0,5,2025-03-08
Census Tract,39061024303,White,09/2020,1,5,2025-03-08
Census Tract,39061024303,White,10/2020,1,5.5,2025-03-08
Census Tract,39061024303,White,11/2020,4,3,2025-03-08
Census Tract,39061024303,White,12/2020,2,3,2025-03-08
Census Tract,39061024303,White,01/2021,3,4.5,2025-03-08
Census Tract,39061024303,White,02/2021,2,4.5,2025-03-08
Census Tract,39061024303,White,03/2021,3,2.5,2025-03-08
Census Tract,39061024303,White,04/2021,1,1.5,2025-03-08
Census Tract,39061024303,White,05/2021,1,8.5,2025-03-08
Census Tract,39061024303,White,06/2021,2,3.5,2025-03-08
Census Tract,39061024303,White,07/2021,3,1.5,2025-03-08
Census Tract,39061024303,White,08/2021,1,5,2025-03-08
Census Tract,39061024303,White,09/2021,2,5,2025-03-08
Census Tract,39061024303,White,10/2021,1,5.5,2025-03-08
Census Tract,39061024303,White,11/2021,1,3,2025-03-08
Census Tract,39061024303,White,12/2021,2,3,2025-03-08
Census Tract,39061024303,White,01/2022,1,4.5,2025-03-08
Census Tract,39061024303,White,02/2022,1,4.5,2025-03-08
Census Tract,39061024303,White,03/2022,4,2.5,2025-03-08
Census Tract,39061024303,White,04/2022,4,1.5,2025-03-08
Census Tract,39061024303,White,05/2022,4,8.5,2025-03-08
Census Tract,39061024303,White,06/2022,1,3.5,2025-03-08
Census Tract,39061024303,White,07/2022,4,1.5,2025-03-08
Census Tract,39061024303,White,08/2022,4,5,2025-03-08
Census Tract,39061024303,White,09/2022,7,5,2025-03-08
Census Tract,39061024303,White,10/2022,8,5.5,2025-03-08
Census Tract,39061024303,White,11/2022,6,3,2025-03-08
Census Tract,39061024303,White,12/2022,3,3,2025-03-08
Census Tract,39061024303,White,01/2023,1,4.5,2025-03-08
Census Tract,39061024303,White,02/2023,4,4.5,2025-03-08
Census Tract,39061024303,White,03/2023,2,2.5,2025-03-08
Census Tract,39061024303,White,04/2023,0,1.5,2025-03-08
Census Tract,39061024303,White,05/2023,7,8.5,2025-03-08
Census Tract,39061024303,White,06/2023,2,3.5,2025-03-08
Census Tract,39061024303,White,07/2023,1,1.5,2025-03-08
Census Tract,39061024303,White,08/2023,5,5,2025-03-08
Census Tract,39061024303,White,09/2023,5,5,2025-03-08
Census Tract,39061024303,White,10/2023,2,5.5,2025-03-08
Census Tract,39061024303,White,11/2023,4,3,2025-03-08
Census Tract,39061024303,White,12/2023,3,3,2025-03-08
Census Tract,39061024303,White,01/2024,8,4.5,2025-03-08
Census Tract,39061024303,White,02/2024,5,4.5,2025-03-08
Census Tract,39061024303,White,03/2024,3,2.5,2025-03-08
Census Tract,39061024303,White,04/2024,3,1.5,2025-03-08
Census Tract,39061024303,White,05/2024,10,8.5,2025-03-08
Census Tract,39061024303,White,06/2024,5,3.5,2025-03-08
Census Tract,39061024303,White,07/2024,2,1.5,2025-03-08
Census Tract,39061024303,White,08/2024,5,5,2025-03-08
Census Tract,39061024303,White,09/2024,5,5,2025-03-08
Census Tract,39061024303,White,10/2024,9,5.5,2025-03-08
Census Tract,39061024303,White,11/2024,2,3,2025-03-08
Census Tract,39061024303,White,12/2024,3,3,2025-03-08
Census Tract,39061024303,White,01/2025,2,4.5,2025-03-08
Census Tract,39061024303,White,02/2025,4,4.5,2025-03-08
Census Tract,39061024303,White,03/2025,0,0,2025-03-08
Census Tract,39061024322,White,01/2020,0,1.5,2025-03-08
Census Tract,39061024322,White,02/2020,0,1,2025-03-08
Census Tract,39061024322,White,03/2020,0,1.5,2025-03-08
Census Tract,39061024322,White,04/2020,0,0,2025-03-08
Census Tract,39061024322,White,05/2020,0,0.5,2025-03-08
Census Tract,39061024322,White,06/2020,2,2,2025-03-08
Census Tract,39061024322,White,07/2020,0,0.5,2025-03-08
Census Tract,39061024322,White,08/2020,0,0,2025-03-08
Census Tract,39061024322,White,09/2020,0,0.5,2025-03-08
Census Tract,39061024322,White,10/2020,1,1.5,2025-03-08
Census Tract,39061024322,White,11/2020,0,1,2025-03-08
Census Tract,39061024322,White,12/2020,2,0,2025-03-08
Census Tract,39061024322,White,01/2021,0,1.5,2025-03-08
Census Tract,39061024322,White,02/2021,0,1,2025-03-08
Census Tract,39061024322,White,03/2021,2,1.5,2025-03-08
Census Tract,39061024322,White,04/2021,1,0,2025-03-08
Census Tract,39061024322,White,05/2021,0,0.5,2025-03-08
Census Tract,39061024322,White,06/2021,0,2,2025-03-08
Census Tract,39061024322,White,07/2021,0,0.5,2025-03-08
Census Tract,39061024322,White,08/2021,0,0,2025-03-08
Census Tract,39061024322,White,09/2021,0,0.5,2025-03-08
Census Tract,39061024322,White,10/2021,0,1.5,2025-03-08
Census Tract,39061024322,White,11/2021,1,1,2025-03-08
Census Tract,39061024322,White,12/2021,1,0,2025-03-08
Census Tract,39061024322,White,01/2022,1,1.5,2025-03-08
Census Tract,39061024322,White,02/2022,0,1,2025-03-08
Census Tract,39061024322,White,03/2022,0,1.5,2025-03-08
Census Tract,39061024322,White,04/2022,0,0,2025-03-08
Census Tract,39061024322,White,05/2022,1,0.5,2025-03-08
Census Tract,39061024322,White,06/2022,4,2,2025-03-08
Census Tract,39061024322,White,07/2022,0,0.5,2025-03-08
Census Tract,39061024322,White,08/2022,0,0,2025-03-08
Census Tract,39061024322,White,09/2022,0,0.5,2025-03-08
Census Tract,39061024322,White,10/2022,1,1.5,2025-03-08
Census Tract,39061024322,White,11/2022,0,1,2025-03-08
Census Tract,39061024322,White,12/2022,0,0,2025-03-08
Census Tract,39061024322,White,01/2023,1,1.5,2025-03-08
Census Tract,39061024322,White,02/2023,0,1,2025-03-08
Census Tract,39061024322,White,03/2023,1,1.5,2025-03-08
Census Tract,39061024322,White,04/2023,0,0,2025-03-08
Census Tract,39061024322,White,05/2023,1,0.5,2025-03-08
Census Tract,39061024322,White,06/2023,1,2,2025-03-08
Census Tract,39061024322,White,07/2023,0,0.5,2025-03-08
Census Tract,39061024322,White,08/2023,0,0,2025-03-08
Census Tract,39061024322,White,09/2023,0,0.5,2025-03-08
Census Tract,39061024322,White,10/2023,2,1.5,2025-03-08
Census Tract,39061024322,White,11/2023,1,1,2025-03-08
Census Tract,39061024322,White,12/2023,0,0,2025-03-08
Census Tract,39061024322,White,01/2024,2,1.5,2025-03-08
Census Tract,39061024322,White,02/2024,2,1,2025-03-08
Census Tract,39061024322,White,03/2024,2,1.5,2025-03-08
Census Tract,39061024322,White,04/2024,0,0,2025-03-08
Census Tract,39061024322,White,05/2024,0,0.5,2025-03-08
Census Tract,39061024322,White,06/2024,3,2,2025-03-08
Census Tract,39061024322,White,07/2024,1,0.5,2025-03-08
Census Tract,39061024322,White,08/2024,0,0,2025-03-08
Census Tract,39061024322,White,09/2024,1,0.5,2025-03-08
Census Tract,39061024322,White,10/2024,1,1.5,2025-03-08
Census Tract,39061024322,White,11/2024,1,1,2025-03-08
Census Tract,39061024322,White,12/2024,0,0,2025-03-08
Census Tract,39061024322,White,01/2025,1,1.5,2025-03-08
Census Tract,39061024322,White,02/2025,0,1,2025-03-08
Census Tract,39061024322,White,03/2025,0,0,2025-03-08
Census Tract,39061024323,White,01/2020,0,0,2025-03-08
Census Tract,39061024323,White,02/2020,0,0,2025-03-08
Census Tract,39061024323,White,03/2020,0,0,2025-03-08
Census Tract,39061024323,White,04/2020,0,0,2025-03-08
Census Tract,39061024323,White,05/2020,0,1,2025-03-08
Census Tract,39061024323,White,06/2020,0,0,2025-03-08
Census Tract,39061024323,White,07/2020,0,0,2025-03-08
Census Tract,39061024323,White,08/2020,0,1,2025-03-08
Census Tract,39061024323,White,09/2020,0,1.5,2025-03-08
Census Tract,39061024323,White,10/2020,1,0,2025-03-08
Census Tract,39061024323,White,11/2020,0,1,2025-03-08
Census Tract,39061024323,White,12/2020,0,0,2025-03-08
Census Tract,39061024323,White,01/2021,0,0,2025-03-08
Census Tract,39061024323,White,02/2021,0,0,2025-03-08
Census Tract,39061024323,White,03/2021,0,0,2025-03-08
Census Tract,39061024323,White,04/2021,1,0,2025-03-08
Census Tract,39061024323,White,05/2021,0,1,2025-03-08
Census Tract,39061024323,White,06/2021,0,0,2025-03-08
Census Tract,39061024323,White,07/2021,0,0,2025-03-08
Census Tract,39061024323,White,08/2021,0,1,2025-03-08
Census Tract,39061024323,White,09/2021,1,1.5,2025-03-08
Census Tract,39061024323,White,10/2021,0,0,2025-03-08
Census Tract,39061024323,White,11/2021,0,1,2025-03-08
Census Tract,39061024323,White,12/2021,0,0,2025-03-08
Census Tract,39061024323,White,01/2022,0,0,2025-03-08
Census Tract,39061024323,White,02/2022,0,0,2025-03-08
Census Tract,39061024323,White,03/2022,0,0,2025-03-08
Census Tract,39061024323,White,04/2022,0,0,2025-03-08
Census Tract,39061024323,White,05/2022,0,1,2025-03-08
Census Tract,39061024323,White,06/2022,0,0,2025-03-08
Census Tract,39061024323,White,07/2022,0,0,2025-03-08
Census Tract,39061024323,White,08/2022,0,1,2025-03-08
Census Tract,39061024323,White,09/2022,0,1.5,2025-03-08
Census Tract,39061024323,White,10/2022,1,0,2025-03-08
Census Tract,39061024323,White,11/2022,1,1,2025-03-08
Census Tract,39061024323,White,12/2022,1,0,2025-03-08
Census Tract,39061024323,White,01/2023,0,0,2025-03-08
Census Tract,39061024323,White,02/2023,0,0,2025-03-08
Census Tract,39061024323,White,03/2023,0,0,2025-03-08
Census Tract,39061024323,White,04/2023,0,0,2025-03-08
Census Tract,39061024323,White,05/2023,0,1,2025-03-08
Census Tract,39061024323,White,06/2023,0,0,2025-03-08
Census Tract,39061024323,White,07/2023,0,0,2025-03-08
Census Tract,39061024323,White,08/2023,0,1,2025-03-08
Census Tract,39061024323,White,09/2023,2,1.5,2025-03-08
Census Tract,39061024323,White,10/2023,0,0,2025-03-08
Census Tract,39061024323,White,11/2023,2,1,2025-03-08
Census Tract,39061024323,White,12/2023,0,0,2025-03-08
Census Tract,39061024323,White,01/2024,0,0,2025-03-08
Census Tract,39061024323,White,02/2024,0,0,2025-03-08
Census Tract,39061024323,White,03/2024,0,0,2025-03-08
Census Tract,39061024323,White,04/2024,0,0,2025-03-08
Census Tract,39061024323,White,05/2024,2,1,2025-03-08
Census Tract,39061024323,White,06/2024,0,0,2025-03-08
Census Tract,39061024323,White,07/2024,0,0,2025-03-08
Census Tract,39061024323,White,08/2024,2,1,2025-03-08
Census Tract,39061024323,White,09/2024,1,1.5,2025-03-08
Census Tract,39061024323,White,10/2024,0,0,2025-03-08
Census Tract,39061024323,White,11/2024,0,1,2025-03-08
Census Tract,39061024323,White,12/2024,0,0,2025-03-08
Census Tract,39061024323,White,01/2025,1,0,2025-03-08
Census Tract,39061024323,White,02/2025,2,0,2025-03-08
Census Tract,39061024323,White,03/2025,0,0,2025-03-08
Census Tract,39061024324,White,01/2020,0,1,2025-03-08
Census Tract,39061024324,White,02/2020,0,1.5,2025-03-08
Census Tract,39061024324,White,03/2020,0,0,2025-03-08
Census Tract,39061024324,White,04/2020,0,3,2025-03-08
Census Tract,39061024324,White,05/2020,0,1.5,2025-03-08
Census Tract,39061024324,White,06/2020,2,3,2025-03-08
Census Tract,39061024324,White,07/2020,0,2.5,2025-03-08
Census Tract,39061024324,White,08/2020,0,1,2025-03-08
Census Tract,39061024324,White,09/2020,0,0.5,2025-03-08
Census Tract,39061024324,White,10/2020,1,1,2025-03-08
Census Tract,39061024324,White,11/2020,2,2,2025-03-08
Census Tract,39061024324,White,12/2020,1,1,2025-03-08
Census Tract,39061024324,White,01/2021,0,1,2025-03-08
Census Tract,39061024324,White,02/2021,1,1.5,2025-03-08
Census Tract,39061024324,White,03/2021,1,0,2025-03-08
Census Tract,39061024324,White,04/2021,3,3,2025-03-08
Census Tract,39061024324,White,05/2021,3,1.5,2025-03-08
Census Tract,39061024324,White,06/2021,4,3,2025-03-08
Census Tract,39061024324,White,07/2021,0,2.5,2025-03-08
Census Tract,39061024324,White,08/2021,0,1,2025-03-08
Census Tract,39061024324,White,09/2021,1,0.5,2025-03-08
Census Tract,39061024324,White,10/2021,0,1,2025-03-08
Census Tract,39061024324,White,11/2021,3,2,2025-03-08
Census Tract,39061024324,White,12/2021,3,1,2025-03-08
Census Tract,39061024324,White,01/2022,0,1,2025-03-08
Census Tract,39061024324,White,02/2022,0,1.5,2025-03-08
Census Tract,39061024324,White,03/2022,2,0,2025-03-08
Census Tract,39061024324,White,04/2022,2,3,2025-03-08
Census Tract,39061024324,White,05/2022,2,1.5,2025-03-08
Census Tract,39061024324,White,06/2022,3,3,2025-03-08
Census Tract,39061024324,White,07/2022,1,2.5,2025-03-08
Census Tract,39061024324,White,08/2022,3,1,2025-03-08
Census Tract,39061024324,White,09/2022,1,0.5,2025-03-08
Census Tract,39061024324,White,10/2022,3,1,2025-03-08
Census Tract,39061024324,White,11/2022,2,2,2025-03-08
Census Tract,39061024324,White,12/2022,1,1,2025-03-08
Census Tract,39061024324,White,01/2023,1,1,2025-03-08
Census Tract,39061024324,White,02/2023,1,1.5,2025-03-08
Census Tract,39061024324,White,03/2023,0,0,2025-03-08
Census Tract,39061024324,White,04/2023,3,3,2025-03-08
Census Tract,39061024324,White,05/2023,3,1.5,2025-03-08
Census Tract,39061024324,White,06/2023,4,3,2025-03-08
Census Tract,39061024324,White,07/2023,2,2.5,2025-03-08
Census Tract,39061024324,White,08/2023,0,1,2025-03-08
Census Tract,39061024324,White,09/2023,0,0.5,2025-03-08
Census Tract,39061024324,White,10/2023,0,1,2025-03-08
Census Tract,39061024324,White,11/2023,1,2,2025-03-08
Census Tract,39061024324,White,12/2023,0,1,2025-03-08
Census Tract,39061024324,White,01/2024,1,1,2025-03-08
Census Tract,39061024324,White,02/2024,2,1.5,2025-03-08
Census Tract,39061024324,White,03/2024,0,0,2025-03-08
Census Tract,39061024324,White,04/2024,3,3,2025-03-08
Census Tract,39061024324,White,05/2024,0,1.5,2025-03-08
Census Tract,39061024324,White,06/2024,2,3,2025-03-08
Census Tract,39061024324,White,07/2024,3,2.5,2025-03-08
Census Tract,39061024324,White,08/2024,2,1,2025-03-08
Census Tract,39061024324,White,09/2024,1,0.5,2025-03-08
Census Tract,39061024324,White,10/2024,2,1,2025-03-08
Census Tract,39061024324,White,11/2024,3,2,2025-03-08
Census Tract,39061024324,White,12/2024,2,1,2025-03-08
Census Tract,39061024324,White,01/2025,1,1,2025-03-08
Census Tract,39061024324,White,02/2025,3,1.5,2025-03-08
Census Tract,39061024324,White,03/2025,0,0,2025-03-08
Census Tract,39061024401,White,01/2020,0,4,2025-03-08
Census Tract,39061024401,White,02/2020,0,2.5,2025-03-08
Census Tract,39061024401,White,03/2020,0,0.5,2025-03-08
Census Tract,39061024401,White,04/2020,0,0.5,2025-03-08
Census Tract,39061024401,White,05/2020,0,2.5,2025-03-08
Census Tract,39061024401,White,06/2020,1,2,2025-03-08
Census Tract,39061024401,White,07/2020,0,2,2025-03-08
Census Tract,39061024401,White,08/2020,0,4,2025-03-08
Census Tract,39061024401,White,09/2020,2,0.5,2025-03-08
Census Tract,39061024401,White,10/2020,2,4,2025-03-08
Census Tract,39061024401,White,11/2020,1,0.5,2025-03-08
Census Tract,39061024401,White,12/2020,0,4,2025-03-08
Census Tract,39061024401,White,01/2021,0,4,2025-03-08
Census Tract,39061024401,White,02/2021,4,2.5,2025-03-08
Census Tract,39061024401,White,03/2021,1,0.5,2025-03-08
Census Tract,39061024401,White,04/2021,2,0.5,2025-03-08
Census Tract,39061024401,White,05/2021,1,2.5,2025-03-08
Census Tract,39061024401,White,06/2021,4,2,2025-03-08
Census Tract,39061024401,White,07/2021,0,2,2025-03-08
Census Tract,39061024401,White,08/2021,5,4,2025-03-08
Census Tract,39061024401,White,09/2021,4,0.5,2025-03-08
Census Tract,39061024401,White,10/2021,3,4,2025-03-08
Census Tract,39061024401,White,11/2021,1,0.5,2025-03-08
Census Tract,39061024401,White,12/2021,2,4,2025-03-08
Census Tract,39061024401,White,01/2022,2,4,2025-03-08
Census Tract,39061024401,White,02/2022,3,2.5,2025-03-08
Census Tract,39061024401,White,03/2022,1,0.5,2025-03-08
Census Tract,39061024401,White,04/2022,2,0.5,2025-03-08
Census Tract,39061024401,White,05/2022,2,2.5,2025-03-08
Census Tract,39061024401,White,06/2022,1,2,2025-03-08
Census Tract,39061024401,White,07/2022,3,2,2025-03-08
Census Tract,39061024401,White,08/2022,3,4,2025-03-08
Census Tract,39061024401,White,09/2022,1,0.5,2025-03-08
Census Tract,39061024401,White,10/2022,0,4,2025-03-08
Census Tract,39061024401,White,11/2022,2,0.5,2025-03-08
Census Tract,39061024401,White,12/2022,3,4,2025-03-08
Census Tract,39061024401,White,01/2023,3,4,2025-03-08
Census Tract,39061024401,White,02/2023,5,2.5,2025-03-08
Census Tract,39061024401,White,03/2023,1,0.5,2025-03-08
Census Tract,39061024401,White,04/2023,0,0.5,2025-03-08
Census Tract,39061024401,White,05/2023,2,2.5,2025-03-08
Census Tract,39061024401,White,06/2023,1,2,2025-03-08
Census Tract,39061024401,White,07/2023,0,2,2025-03-08
Census Tract,39061024401,White,08/2023,7,4,2025-03-08
Census Tract,39061024401,White,09/2023,1,0.5,2025-03-08
Census Tract,39061024401,White,10/2023,1,4,2025-03-08
Census Tract,39061024401,White,11/2023,0,0.5,2025-03-08
Census Tract,39061024401,White,12/2023,4,4,2025-03-08
Census Tract,39061024401,White,01/2024,5,4,2025-03-08
Census Tract,39061024401,White,02/2024,0,2.5,2025-03-08
Census Tract,39061024401,White,03/2024,0,0.5,2025-03-08
Census Tract,39061024401,White,04/2024,1,0.5,2025-03-08
Census Tract,39061024401,White,05/2024,3,2.5,2025-03-08
Census Tract,39061024401,White,06/2024,3,2,2025-03-08
Census Tract,39061024401,White,07/2024,4,2,2025-03-08
Census Tract,39061024401,White,08/2024,1,4,2025-03-08
Census Tract,39061024401,White,09/2024,0,0.5,2025-03-08
Census Tract,39061024401,White,10/2024,7,4,2025-03-08
Census Tract,39061024401,White,11/2024,1,0.5,2025-03-08
Census Tract,39061024401,White,12/2024,4,4,2025-03-08
Census Tract,39061024401,White,01/2025,1,4,2025-03-08
Census Tract,39061024401,White,02/2025,3,2.5,2025-03-08
Census Tract,39061024401,White,03/2025,0,0,2025-03-08
Census Tract,39061024402,White,01/2020,0,0,2025-03-08
Census Tract,39061024402,White,02/2020,0,0,2025-03-08
Census Tract,39061024402,White,03/2020,0,0,2025-03-08
Census Tract,39061024402,White,04/2020,0,0,2025-03-08
Census Tract,39061024402,White,05/2020,0,0,2025-03-08
Census Tract,39061024402,White,06/2020,0,0,2025-03-08
Census Tract,39061024402,White,07/2020,1,0,2025-03-08
Census Tract,39061024402,White,08/2020,1,0,2025-03-08
Census Tract,39061024402,White,09/2020,0,0,2025-03-08
Census Tract,39061024402,White,10/2020,0,0,2025-03-08
Census Tract,39061024402,White,11/2020,0,0,2025-03-08
Census Tract,39061024402,White,12/2020,0,0,2025-03-08
Census Tract,39061024402,White,01/2021,0,0,2025-03-08
Census Tract,39061024402,White,02/2021,0,0,2025-03-08
Census Tract,39061024402,White,03/2021,0,0,2025-03-08
Census Tract,39061024402,White,04/2021,0,0,2025-03-08
Census Tract,39061024402,White,05/2021,0,0,2025-03-08
Census Tract,39061024402,White,06/2021,0,0,2025-03-08
Census Tract,39061024402,White,07/2021,0,0,2025-03-08
Census Tract,39061024402,White,08/2021,1,0,2025-03-08
Census Tract,39061024402,White,09/2021,0,0,2025-03-08
Census Tract,39061024402,White,10/2021,0,0,2025-03-08
Census Tract,39061024402,White,11/2021,0,0,2025-03-08
Census Tract,39061024402,White,12/2021,0,0,2025-03-08
Census Tract,39061024402,White,01/2022,0,0,2025-03-08
Census Tract,39061024402,White,02/2022,0,0,2025-03-08
Census Tract,39061024402,White,03/2022,0,0,2025-03-08
Census Tract,39061024402,White,04/2022,0,0,2025-03-08
Census Tract,39061024402,White,05/2022,0,0,2025-03-08
Census Tract,39061024402,White,06/2022,0,0,2025-03-08
Census Tract,39061024402,White,07/2022,0,0,2025-03-08
Census Tract,39061024402,White,08/2022,0,0,2025-03-08
Census Tract,39061024402,White,09/2022,0,0,2025-03-08
Census Tract,39061024402,White,10/2022,0,0,2025-03-08
Census Tract,39061024402,White,11/2022,0,0,2025-03-08
Census Tract,39061024402,White,12/2022,0,0,2025-03-08
Census Tract,39061024402,White,01/2023,0,0,2025-03-08
Census Tract,39061024402,White,02/2023,0,0,2025-03-08
Census Tract,39061024402,White,03/2023,0,0,2025-03-08
Census Tract,39061024402,White,04/2023,0,0,2025-03-08
Census Tract,39061024402,White,05/2023,0,0,2025-03-08
Census Tract,39061024402,White,06/2023,0,0,2025-03-08
Census Tract,39061024402,White,07/2023,0,0,2025-03-08
Census Tract,39061024402,White,08/2023,0,0,2025-03-08
Census Tract,39061024402,White,09/2023,0,0,2025-03-08
Census Tract,39061024402,White,10/2023,0,0,2025-03-08
Census Tract,39061024402,White,11/2023,0,0,2025-03-08
Census Tract,39061024402,White,12/2023,0,0,2025-03-08
Census Tract,39061024402,White,01/2024,0,0,2025-03-08
Census Tract,39061024402,White,02/2024,0,0,2025-03-08
Census Tract,39061024402,White,03/2024,0,0,2025-03-08
Census Tract,39061024402,White,04/2024,0,0,2025-03-08
Census Tract,39061024402,White,05/2024,0,0,2025-03-08
Census Tract,39061024402,White,06/2024,0,0,2025-03-08
Census Tract,39061024402,White,07/2024,0,0,2025-03-08
Census Tract,39061024402,White,08/2024,0,0,2025-03-08
Census Tract,39061024402,White,09/2024,0,0,2025-03-08
Census Tract,39061024402,White,10/2024,0,0,2025-03-08
Census Tract,39061024402,White,11/2024,0,0,2025-03-08
Census Tract,39061024402,White,12/2024,0,0,2025-03-08
Census Tract,39061024402,White,01/2025,0,0,2025-03-08
Census Tract,39061024402,White,02/2025,0,0,2025-03-08
Census Tract,39061024402,White,03/2025,0,0,2025-03-08
Census Tract,39061024700,White,01/2020,0,0,2025-03-08
Census Tract,39061024700,White,02/2020,0,0.5,2025-03-08
Census Tract,39061024700,White,03/2020,0,0,2025-03-08
Census Tract,39061024700,White,04/2020,0,0,2025-03-08
Census Tract,39061024700,White,05/2020,0,0,2025-03-08
Census Tract,39061024700,White,06/2020,0,0,2025-03-08
Census Tract,39061024700,White,07/2020,0,0.5,2025-03-08
Census Tract,39061024700,White,08/2020,0,0.5,2025-03-08
Census Tract,39061024700,White,09/2020,0,0.5,2025-03-08
Census Tract,39061024700,White,10/2020,0,0,2025-03-08
Census Tract,39061024700,White,11/2020,0,0.5,2025-03-08
Census Tract,39061024700,White,12/2020,0,0,2025-03-08
Census Tract,39061024700,White,01/2021,0,0,2025-03-08
Census Tract,39061024700,White,02/2021,0,0.5,2025-03-08
Census Tract,39061024700,White,03/2021,1,0,2025-03-08
Census Tract,39061024700,White,04/2021,1,0,2025-03-08
Census Tract,39061024700,White,05/2021,0,0,2025-03-08
Census Tract,39061024700,White,06/2021,0,0,2025-03-08
Census Tract,39061024700,White,07/2021,1,0.5,2025-03-08
Census Tract,39061024700,White,08/2021,0,0.5,2025-03-08
Census Tract,39061024700,White,09/2021,1,0.5,2025-03-08
Census Tract,39061024700,White,10/2021,1,0,2025-03-08
Census Tract,39061024700,White,11/2021,0,0.5,2025-03-08
Census Tract,39061024700,White,12/2021,0,0,2025-03-08
Census Tract,39061024700,White,01/2022,0,0,2025-03-08
Census Tract,39061024700,White,02/2022,0,0.5,2025-03-08
Census Tract,39061024700,White,03/2022,1,0,2025-03-08
Census Tract,39061024700,White,04/2022,0,0,2025-03-08
Census Tract,39061024700,White,05/2022,0,0,2025-03-08
Census Tract,39061024700,White,06/2022,0,0,2025-03-08
Census Tract,39061024700,White,07/2022,0,0.5,2025-03-08
Census Tract,39061024700,White,08/2022,0,0.5,2025-03-08
Census Tract,39061024700,White,09/2022,0,0.5,2025-03-08
Census Tract,39061024700,White,10/2022,2,0,2025-03-08
Census Tract,39061024700,White,11/2022,1,0.5,2025-03-08
Census Tract,39061024700,White,12/2022,0,0,2025-03-08
Census Tract,39061024700,White,01/2023,0,0,2025-03-08
Census Tract,39061024700,White,02/2023,1,0.5,2025-03-08
Census Tract,39061024700,White,03/2023,0,0,2025-03-08
Census Tract,39061024700,White,04/2023,0,0,2025-03-08
Census Tract,39061024700,White,05/2023,0,0,2025-03-08
Census Tract,39061024700,White,06/2023,0,0,2025-03-08
Census Tract,39061024700,White,07/2023,1,0.5,2025-03-08
Census Tract,39061024700,White,08/2023,1,0.5,2025-03-08
Census Tract,39061024700,White,09/2023,1,0.5,2025-03-08
Census Tract,39061024700,White,10/2023,0,0,2025-03-08
Census Tract,39061024700,White,11/2023,1,0.5,2025-03-08
Census Tract,39061024700,White,12/2023,0,0,2025-03-08
Census Tract,39061024700,White,01/2024,0,0,2025-03-08
Census Tract,39061024700,White,02/2024,0,0.5,2025-03-08
Census Tract,39061024700,White,03/2024,0,0,2025-03-08
Census Tract,39061024700,White,04/2024,0,0,2025-03-08
Census Tract,39061024700,White,05/2024,0,0,2025-03-08
Census Tract,39061024700,White,06/2024,0,0,2025-03-08
Census Tract,39061024700,White,07/2024,0,0.5,2025-03-08
Census Tract,39061024700,White,08/2024,0,0.5,2025-03-08
Census Tract,39061024700,White,09/2024,0,0.5,2025-03-08
Census Tract,39061024700,White,10/2024,0,0,2025-03-08
Census Tract,39061024700,White,11/2024,0,0.5,2025-03-08
Census Tract,39061024700,White,12/2024,0,0,2025-03-08
Census Tract,39061024700,White,01/2025,0,0,2025-03-08
Census Tract,39061024700,White,02/2025,1,0.5,2025-03-08
Census Tract,39061024700,White,03/2025,0,0,2025-03-08
Census Tract,39061024800,White,01/2020,0,0,2025-03-08
Census Tract,39061024800,White,02/2020,0,1,2025-03-08
Census Tract,39061024800,White,03/2020,0,0.5,2025-03-08
Census Tract,39061024800,White,04/2020,0,0,2025-03-08
Census Tract,39061024800,White,05/2020,0,0,2025-03-08
Census Tract,39061024800,White,06/2020,1,2.5,2025-03-08
Census Tract,39061024800,White,07/2020,1,1,2025-03-08
Census Tract,39061024800,White,08/2020,1,2.5,2025-03-08
Census Tract,39061024800,White,09/2020,0,1,2025-03-08
Census Tract,39061024800,White,10/2020,2,1,2025-03-08
Census Tract,39061024800,White,11/2020,3,0.5,2025-03-08
Census Tract,39061024800,White,12/2020,1,0.5,2025-03-08
Census Tract,39061024800,White,01/2021,1,0,2025-03-08
Census Tract,39061024800,White,02/2021,0,1,2025-03-08
Census Tract,39061024800,White,03/2021,1,0.5,2025-03-08
Census Tract,39061024800,White,04/2021,1,0,2025-03-08
Census Tract,39061024800,White,05/2021,1,0,2025-03-08
Census Tract,39061024800,White,06/2021,0,2.5,2025-03-08
Census Tract,39061024800,White,07/2021,0,1,2025-03-08
Census Tract,39061024800,White,08/2021,1,2.5,2025-03-08
Census Tract,39061024800,White,09/2021,0,1,2025-03-08
Census Tract,39061024800,White,10/2021,0,1,2025-03-08
Census Tract,39061024800,White,11/2021,0,0.5,2025-03-08
Census Tract,39061024800,White,12/2021,0,0.5,2025-03-08
Census Tract,39061024800,White,01/2022,0,0,2025-03-08
Census Tract,39061024800,White,02/2022,0,1,2025-03-08
Census Tract,39061024800,White,03/2022,0,0.5,2025-03-08
Census Tract,39061024800,White,04/2022,1,0,2025-03-08
Census Tract,39061024800,White,05/2022,0,0,2025-03-08
Census Tract,39061024800,White,06/2022,3,2.5,2025-03-08
Census Tract,39061024800,White,07/2022,0,1,2025-03-08
Census Tract,39061024800,White,08/2022,1,2.5,2025-03-08
Census Tract,39061024800,White,09/2022,0,1,2025-03-08
Census Tract,39061024800,White,10/2022,0,1,2025-03-08
Census Tract,39061024800,White,11/2022,0,0.5,2025-03-08
Census Tract,39061024800,White,12/2022,0,0.5,2025-03-08
Census Tract,39061024800,White,01/2023,0,0,2025-03-08
Census Tract,39061024800,White,02/2023,0,1,2025-03-08
Census Tract,39061024800,White,03/2023,1,0.5,2025-03-08
Census Tract,39061024800,White,04/2023,0,0,2025-03-08
Census Tract,39061024800,White,05/2023,0,0,2025-03-08
Census Tract,39061024800,White,06/2023,0,2.5,2025-03-08
Census Tract,39061024800,White,07/2023,1,1,2025-03-08
Census Tract,39061024800,White,08/2023,4,2.5,2025-03-08
Census Tract,39061024800,White,09/2023,0,1,2025-03-08
Census Tract,39061024800,White,10/2023,2,1,2025-03-08
Census Tract,39061024800,White,11/2023,0,0.5,2025-03-08
Census Tract,39061024800,White,12/2023,0,0.5,2025-03-08
Census Tract,39061024800,White,01/2024,0,0,2025-03-08
Census Tract,39061024800,White,02/2024,2,1,2025-03-08
Census Tract,39061024800,White,03/2024,0,0.5,2025-03-08
Census Tract,39061024800,White,04/2024,0,0,2025-03-08
Census Tract,39061024800,White,05/2024,0,0,2025-03-08
Census Tract,39061024800,White,06/2024,5,2.5,2025-03-08
Census Tract,39061024800,White,07/2024,1,1,2025-03-08
Census Tract,39061024800,White,08/2024,1,2.5,2025-03-08
Census Tract,39061024800,White,09/2024,2,1,2025-03-08
Census Tract,39061024800,White,10/2024,0,1,2025-03-08
Census Tract,39061024800,White,11/2024,1,0.5,2025-03-08
Census Tract,39061024800,White,12/2024,1,0.5,2025-03-08
Census Tract,39061024800,White,01/2025,2,0,2025-03-08
Census Tract,39061024800,White,02/2025,3,1,2025-03-08
Census Tract,39061024800,White,03/2025,0,0,2025-03-08
Census Tract,39061024901,White,01/2020,0,0.5,2025-03-08
Census Tract,39061024901,White,02/2020,0,1,2025-03-08
Census Tract,39061024901,White,03/2020,0,0,2025-03-08
Census Tract,39061024901,White,04/2020,0,1,2025-03-08
Census Tract,39061024901,White,05/2020,0,0,2025-03-08
Census Tract,39061024901,White,06/2020,0,0,2025-03-08
Census Tract,39061024901,White,07/2020,1,0,2025-03-08
Census Tract,39061024901,White,08/2020,1,0,2025-03-08
Census Tract,39061024901,White,09/2020,2,0,2025-03-08
Census Tract,39061024901,White,10/2020,2,1.5,2025-03-08
Census Tract,39061024901,White,11/2020,0,0.5,2025-03-08
Census Tract,39061024901,White,12/2020,1,2,2025-03-08
Census Tract,39061024901,White,01/2021,0,0.5,2025-03-08
Census Tract,39061024901,White,02/2021,0,1,2025-03-08
Census Tract,39061024901,White,03/2021,0,0,2025-03-08
Census Tract,39061024901,White,04/2021,0,1,2025-03-08
Census Tract,39061024901,White,05/2021,2,0,2025-03-08
Census Tract,39061024901,White,06/2021,0,0,2025-03-08
Census Tract,39061024901,White,07/2021,0,0,2025-03-08
Census Tract,39061024901,White,08/2021,0,0,2025-03-08
Census Tract,39061024901,White,09/2021,0,0,2025-03-08
Census Tract,39061024901,White,10/2021,1,1.5,2025-03-08
Census Tract,39061024901,White,11/2021,0,0.5,2025-03-08
Census Tract,39061024901,White,12/2021,0,2,2025-03-08
Census Tract,39061024901,White,01/2022,2,0.5,2025-03-08
Census Tract,39061024901,White,02/2022,0,1,2025-03-08
Census Tract,39061024901,White,03/2022,0,0,2025-03-08
Census Tract,39061024901,White,04/2022,0,1,2025-03-08
Census Tract,39061024901,White,05/2022,0,0,2025-03-08
Census Tract,39061024901,White,06/2022,0,0,2025-03-08
Census Tract,39061024901,White,07/2022,0,0,2025-03-08
Census Tract,39061024901,White,08/2022,1,0,2025-03-08
Census Tract,39061024901,White,09/2022,0,0,2025-03-08
Census Tract,39061024901,White,10/2022,0,1.5,2025-03-08
Census Tract,39061024901,White,11/2022,1,0.5,2025-03-08
Census Tract,39061024901,White,12/2022,0,2,2025-03-08
Census Tract,39061024901,White,01/2023,0,0.5,2025-03-08
Census Tract,39061024901,White,02/2023,1,1,2025-03-08
Census Tract,39061024901,White,03/2023,0,0,2025-03-08
Census Tract,39061024901,White,04/2023,2,1,2025-03-08
Census Tract,39061024901,White,05/2023,0,0,2025-03-08
Census Tract,39061024901,White,06/2023,0,0,2025-03-08
Census Tract,39061024901,White,07/2023,0,0,2025-03-08
Census Tract,39061024901,White,08/2023,0,0,2025-03-08
Census Tract,39061024901,White,09/2023,0,0,2025-03-08
Census Tract,39061024901,White,10/2023,2,1.5,2025-03-08
Census Tract,39061024901,White,11/2023,1,0.5,2025-03-08
Census Tract,39061024901,White,12/2023,3,2,2025-03-08
Census Tract,39061024901,White,01/2024,1,0.5,2025-03-08
Census Tract,39061024901,White,02/2024,1,1,2025-03-08
Census Tract,39061024901,White,03/2024,0,0,2025-03-08
Census Tract,39061024901,White,04/2024,0,1,2025-03-08
Census Tract,39061024901,White,05/2024,0,0,2025-03-08
Census Tract,39061024901,White,06/2024,0,0,2025-03-08
Census Tract,39061024901,White,07/2024,0,0,2025-03-08
Census Tract,39061024901,White,08/2024,0,0,2025-03-08
Census Tract,39061024901,White,09/2024,0,0,2025-03-08
Census Tract,39061024901,White,10/2024,1,1.5,2025-03-08
Census Tract,39061024901,White,11/2024,0,0.5,2025-03-08
Census Tract,39061024901,White,12/2024,1,2,2025-03-08
Census Tract,39061024901,White,01/2025,0,0.5,2025-03-08
Census Tract,39061024901,White,02/2025,1,1,2025-03-08
Census Tract,39061024901,White,03/2025,0,0,2025-03-08
Census Tract,39061024903,White,01/2020,0,0,2025-03-08
Census Tract,39061024903,White,02/2020,0,0,2025-03-08
Census Tract,39061024903,White,03/2020,0,0,2025-03-08
Census Tract,39061024903,White,04/2020,0,0,2025-03-08
Census Tract,39061024903,White,05/2020,0,0,2025-03-08
Census Tract,39061024903,White,06/2020,0,0,2025-03-08
Census Tract,39061024903,White,07/2020,0,0,2025-03-08
Census Tract,39061024903,White,08/2020,0,0,2025-03-08
Census Tract,39061024903,White,09/2020,0,0,2025-03-08
Census Tract,39061024903,White,10/2020,0,0,2025-03-08
Census Tract,39061024903,White,11/2020,0,0,2025-03-08
Census Tract,39061024903,White,12/2020,0,0.5,2025-03-08
Census Tract,39061024903,White,01/2021,0,0,2025-03-08
Census Tract,39061024903,White,02/2021,0,0,2025-03-08
Census Tract,39061024903,White,03/2021,0,0,2025-03-08
Census Tract,39061024903,White,04/2021,0,0,2025-03-08
Census Tract,39061024903,White,05/2021,0,0,2025-03-08
Census Tract,39061024903,White,06/2021,0,0,2025-03-08
Census Tract,39061024903,White,07/2021,0,0,2025-03-08
Census Tract,39061024903,White,08/2021,0,0,2025-03-08
Census Tract,39061024903,White,09/2021,0,0,2025-03-08
Census Tract,39061024903,White,10/2021,0,0,2025-03-08
Census Tract,39061024903,White,11/2021,0,0,2025-03-08
Census Tract,39061024903,White,12/2021,0,0.5,2025-03-08
Census Tract,39061024903,White,01/2022,0,0,2025-03-08
Census Tract,39061024903,White,02/2022,0,0,2025-03-08
Census Tract,39061024903,White,03/2022,0,0,2025-03-08
Census Tract,39061024903,White,04/2022,0,0,2025-03-08
Census Tract,39061024903,White,05/2022,0,0,2025-03-08
Census Tract,39061024903,White,06/2022,0,0,2025-03-08
Census Tract,39061024903,White,07/2022,0,0,2025-03-08
Census Tract,39061024903,White,08/2022,0,0,2025-03-08
Census Tract,39061024903,White,09/2022,0,0,2025-03-08
Census Tract,39061024903,White,10/2022,0,0,2025-03-08
Census Tract,39061024903,White,11/2022,0,0,2025-03-08
Census Tract,39061024903,White,12/2022,0,0.5,2025-03-08
Census Tract,39061024903,White,01/2023,0,0,2025-03-08
Census Tract,39061024903,White,02/2023,0,0,2025-03-08
Census Tract,39061024903,White,03/2023,0,0,2025-03-08
Census Tract,39061024903,White,04/2023,0,0,2025-03-08
Census Tract,39061024903,White,05/2023,0,0,2025-03-08
Census Tract,39061024903,White,06/2023,0,0,2025-03-08
Census Tract,39061024903,White,07/2023,0,0,2025-03-08
Census Tract,39061024903,White,08/2023,0,0,2025-03-08
Census Tract,39061024903,White,09/2023,0,0,2025-03-08
Census Tract,39061024903,White,10/2023,0,0,2025-03-08
Census Tract,39061024903,White,11/2023,0,0,2025-03-08
Census Tract,39061024903,White,12/2023,1,0.5,2025-03-08
Census Tract,39061024903,White,01/2024,0,0,2025-03-08
Census Tract,39061024903,White,02/2024,0,0,2025-03-08
Census Tract,39061024903,White,03/2024,0,0,2025-03-08
Census Tract,39061024903,White,04/2024,0,0,2025-03-08
Census Tract,39061024903,White,05/2024,0,0,2025-03-08
Census Tract,39061024903,White,06/2024,0,0,2025-03-08
Census Tract,39061024903,White,07/2024,0,0,2025-03-08
Census Tract,39061024903,White,08/2024,0,0,2025-03-08
Census Tract,39061024903,White,09/2024,0,0,2025-03-08
Census Tract,39061024903,White,10/2024,0,0,2025-03-08
Census Tract,39061024903,White,11/2024,0,0,2025-03-08
Census Tract,39061024903,White,12/2024,0,0.5,2025-03-08
Census Tract,39061024903,White,01/2025,0,0,2025-03-08
Census Tract,39061024903,White,02/2025,0,0,2025-03-08
Census Tract,39061024903,White,03/2025,0,0,2025-03-08
Census Tract,39061024904,White,01/2020,0,1,2025-03-08
Census Tract,39061024904,White,02/2020,0,1,2025-03-08
Census Tract,39061024904,White,03/2020,0,0.5,2025-03-08
Census Tract,39061024904,White,04/2020,0,1,2025-03-08
Census Tract,39061024904,White,05/2020,1,0.5,2025-03-08
Census Tract,39061024904,White,06/2020,1,0,2025-03-08
Census Tract,39061024904,White,07/2020,1,2.5,2025-03-08
Census Tract,39061024904,White,08/2020,1,0.5,2025-03-08
Census Tract,39061024904,White,09/2020,0,0.5,2025-03-08
Census Tract,39061024904,White,10/2020,0,1,2025-03-08
Census Tract,39061024904,White,11/2020,1,1,2025-03-08
Census Tract,39061024904,White,12/2020,4,0,2025-03-08
Census Tract,39061024904,White,01/2021,0,1,2025-03-08
Census Tract,39061024904,White,02/2021,2,1,2025-03-08
Census Tract,39061024904,White,03/2021,0,0.5,2025-03-08
Census Tract,39061024904,White,04/2021,1,1,2025-03-08
Census Tract,39061024904,White,05/2021,1,0.5,2025-03-08
Census Tract,39061024904,White,06/2021,0,0,2025-03-08
Census Tract,39061024904,White,07/2021,1,2.5,2025-03-08
Census Tract,39061024904,White,08/2021,1,0.5,2025-03-08
Census Tract,39061024904,White,09/2021,0,0.5,2025-03-08
Census Tract,39061024904,White,10/2021,0,1,2025-03-08
Census Tract,39061024904,White,11/2021,0,1,2025-03-08
Census Tract,39061024904,White,12/2021,0,0,2025-03-08
Census Tract,39061024904,White,01/2022,2,1,2025-03-08
Census Tract,39061024904,White,02/2022,0,1,2025-03-08
Census Tract,39061024904,White,03/2022,0,0.5,2025-03-08
Census Tract,39061024904,White,04/2022,1,1,2025-03-08
Census Tract,39061024904,White,05/2022,1,0.5,2025-03-08
Census Tract,39061024904,White,06/2022,4,0,2025-03-08
Census Tract,39061024904,White,07/2022,0,2.5,2025-03-08
Census Tract,39061024904,White,08/2022,1,0.5,2025-03-08
Census Tract,39061024904,White,09/2022,0,0.5,2025-03-08
Census Tract,39061024904,White,10/2022,0,1,2025-03-08
Census Tract,39061024904,White,11/2022,1,1,2025-03-08
Census Tract,39061024904,White,12/2022,0,0,2025-03-08
Census Tract,39061024904,White,01/2023,2,1,2025-03-08
Census Tract,39061024904,White,02/2023,2,1,2025-03-08
Census Tract,39061024904,White,03/2023,1,0.5,2025-03-08
Census Tract,39061024904,White,04/2023,2,1,2025-03-08
Census Tract,39061024904,White,05/2023,1,0.5,2025-03-08
Census Tract,39061024904,White,06/2023,0,0,2025-03-08
Census Tract,39061024904,White,07/2023,4,2.5,2025-03-08
Census Tract,39061024904,White,08/2023,0,0.5,2025-03-08
Census Tract,39061024904,White,09/2023,1,0.5,2025-03-08
Census Tract,39061024904,White,10/2023,2,1,2025-03-08
Census Tract,39061024904,White,11/2023,2,1,2025-03-08
Census Tract,39061024904,White,12/2023,0,0,2025-03-08
Census Tract,39061024904,White,01/2024,0,1,2025-03-08
Census Tract,39061024904,White,02/2024,0,1,2025-03-08
Census Tract,39061024904,White,03/2024,0,0.5,2025-03-08
Census Tract,39061024904,White,04/2024,0,1,2025-03-08
Census Tract,39061024904,White,05/2024,0,0.5,2025-03-08
Census Tract,39061024904,White,06/2024,0,0,2025-03-08
Census Tract,39061024904,White,07/2024,1,2.5,2025-03-08
Census Tract,39061024904,White,08/2024,1,0.5,2025-03-08
Census Tract,39061024904,White,09/2024,0,0.5,2025-03-08
Census Tract,39061024904,White,10/2024,0,1,2025-03-08
Census Tract,39061024904,White,11/2024,0,1,2025-03-08
Census Tract,39061024904,White,12/2024,0,0,2025-03-08
Census Tract,39061024904,White,01/2025,0,1,2025-03-08
Census Tract,39061024904,White,02/2025,1,1,2025-03-08
Census Tract,39061024904,White,03/2025,0,0,2025-03-08
Census Tract,39061025001,White,01/2020,0,0,2025-03-08
Census Tract,39061025001,White,02/2020,0,1.5,2025-03-08
Census Tract,39061025001,White,03/2020,0,0.5,2025-03-08
Census Tract,39061025001,White,04/2020,0,2.5,2025-03-08
Census Tract,39061025001,White,05/2020,1,0,2025-03-08
Census Tract,39061025001,White,06/2020,1,1,2025-03-08
Census Tract,39061025001,White,07/2020,0,0,2025-03-08
Census Tract,39061025001,White,08/2020,0,0,2025-03-08
Census Tract,39061025001,White,09/2020,0,0.5,2025-03-08
Census Tract,39061025001,White,10/2020,0,1,2025-03-08
Census Tract,39061025001,White,11/2020,0,1,2025-03-08
Census Tract,39061025001,White,12/2020,1,0,2025-03-08
Census Tract,39061025001,White,01/2021,0,0,2025-03-08
Census Tract,39061025001,White,02/2021,0,1.5,2025-03-08
Census Tract,39061025001,White,03/2021,0,0.5,2025-03-08
Census Tract,39061025001,White,04/2021,0,2.5,2025-03-08
Census Tract,39061025001,White,05/2021,0,0,2025-03-08
Census Tract,39061025001,White,06/2021,0,1,2025-03-08
Census Tract,39061025001,White,07/2021,0,0,2025-03-08
Census Tract,39061025001,White,08/2021,0,0,2025-03-08
Census Tract,39061025001,White,09/2021,0,0.5,2025-03-08
Census Tract,39061025001,White,10/2021,0,1,2025-03-08
Census Tract,39061025001,White,11/2021,2,1,2025-03-08
Census Tract,39061025001,White,12/2021,0,0,2025-03-08
Census Tract,39061025001,White,01/2022,0,0,2025-03-08
Census Tract,39061025001,White,02/2022,2,1.5,2025-03-08
Census Tract,39061025001,White,03/2022,0,0.5,2025-03-08
Census Tract,39061025001,White,04/2022,0,2.5,2025-03-08
Census Tract,39061025001,White,05/2022,1,0,2025-03-08
Census Tract,39061025001,White,06/2022,1,1,2025-03-08
Census Tract,39061025001,White,07/2022,1,0,2025-03-08
Census Tract,39061025001,White,08/2022,0,0,2025-03-08
Census Tract,39061025001,White,09/2022,1,0.5,2025-03-08
Census Tract,39061025001,White,10/2022,1,1,2025-03-08
Census Tract,39061025001,White,11/2022,0,1,2025-03-08
Census Tract,39061025001,White,12/2022,0,0,2025-03-08
Census Tract,39061025001,White,01/2023,0,0,2025-03-08
Census Tract,39061025001,White,02/2023,0,1.5,2025-03-08
Census Tract,39061025001,White,03/2023,1,0.5,2025-03-08
Census Tract,39061025001,White,04/2023,4,2.5,2025-03-08
Census Tract,39061025001,White,05/2023,0,0,2025-03-08
Census Tract,39061025001,White,06/2023,0,1,2025-03-08
Census Tract,39061025001,White,07/2023,0,0,2025-03-08
Census Tract,39061025001,White,08/2023,0,0,2025-03-08
Census Tract,39061025001,White,09/2023,1,0.5,2025-03-08
Census Tract,39061025001,White,10/2023,1,1,2025-03-08
Census Tract,39061025001,White,11/2023,2,1,2025-03-08
Census Tract,39061025001,White,12/2023,0,0,2025-03-08
Census Tract,39061025001,White,01/2024,0,0,2025-03-08
Census Tract,39061025001,White,02/2024,3,1.5,2025-03-08
Census Tract,39061025001,White,03/2024,0,0.5,2025-03-08
Census Tract,39061025001,White,04/2024,1,2.5,2025-03-08
Census Tract,39061025001,White,05/2024,0,0,2025-03-08
Census Tract,39061025001,White,06/2024,2,1,2025-03-08
Census Tract,39061025001,White,07/2024,0,0,2025-03-08
Census Tract,39061025001,White,08/2024,0,0,2025-03-08
Census Tract,39061025001,White,09/2024,0,0.5,2025-03-08
Census Tract,39061025001,White,10/2024,1,1,2025-03-08
Census Tract,39061025001,White,11/2024,0,1,2025-03-08
Census Tract,39061025001,White,12/2024,0,0,2025-03-08
Census Tract,39061025001,White,01/2025,2,0,2025-03-08
Census Tract,39061025001,White,02/2025,0,1.5,2025-03-08
Census Tract,39061025001,White,03/2025,0,0,2025-03-08
Census Tract,39061025002,White,01/2020,0,1,2025-03-08
Census Tract,39061025002,White,02/2020,0,0.5,2025-03-08
Census Tract,39061025002,White,03/2020,0,0.5,2025-03-08
Census Tract,39061025002,White,04/2020,0,0.5,2025-03-08
Census Tract,39061025002,White,05/2020,0,1.5,2025-03-08
Census Tract,39061025002,White,06/2020,2,0.5,2025-03-08
Census Tract,39061025002,White,07/2020,1,0.5,2025-03-08
Census Tract,39061025002,White,08/2020,4,2.5,2025-03-08
Census Tract,39061025002,White,09/2020,2,1.5,2025-03-08
Census Tract,39061025002,White,10/2020,0,0.5,2025-03-08
Census Tract,39061025002,White,11/2020,2,0.5,2025-03-08
Census Tract,39061025002,White,12/2020,3,2.5,2025-03-08
Census Tract,39061025002,White,01/2021,2,1,2025-03-08
Census Tract,39061025002,White,02/2021,2,0.5,2025-03-08
Census Tract,39061025002,White,03/2021,0,0.5,2025-03-08
Census Tract,39061025002,White,04/2021,2,0.5,2025-03-08
Census Tract,39061025002,White,05/2021,1,1.5,2025-03-08
Census Tract,39061025002,White,06/2021,2,0.5,2025-03-08
Census Tract,39061025002,White,07/2021,5,0.5,2025-03-08
Census Tract,39061025002,White,08/2021,4,2.5,2025-03-08
Census Tract,39061025002,White,09/2021,1,1.5,2025-03-08
Census Tract,39061025002,White,10/2021,2,0.5,2025-03-08
Census Tract,39061025002,White,11/2021,4,0.5,2025-03-08
Census Tract,39061025002,White,12/2021,5,2.5,2025-03-08
Census Tract,39061025002,White,01/2022,3,1,2025-03-08
Census Tract,39061025002,White,02/2022,3,0.5,2025-03-08
Census Tract,39061025002,White,03/2022,2,0.5,2025-03-08
Census Tract,39061025002,White,04/2022,0,0.5,2025-03-08
Census Tract,39061025002,White,05/2022,1,1.5,2025-03-08
Census Tract,39061025002,White,06/2022,6,0.5,2025-03-08
Census Tract,39061025002,White,07/2022,0,0.5,2025-03-08
Census Tract,39061025002,White,08/2022,1,2.5,2025-03-08
Census Tract,39061025002,White,09/2022,0,1.5,2025-03-08
Census Tract,39061025002,White,10/2022,1,0.5,2025-03-08
Census Tract,39061025002,White,11/2022,1,0.5,2025-03-08
Census Tract,39061025002,White,12/2022,1,2.5,2025-03-08
Census Tract,39061025002,White,01/2023,0,1,2025-03-08
Census Tract,39061025002,White,02/2023,1,0.5,2025-03-08
Census Tract,39061025002,White,03/2023,1,0.5,2025-03-08
Census Tract,39061025002,White,04/2023,1,0.5,2025-03-08
Census Tract,39061025002,White,05/2023,2,1.5,2025-03-08
Census Tract,39061025002,White,06/2023,1,0.5,2025-03-08
Census Tract,39061025002,White,07/2023,1,0.5,2025-03-08
Census Tract,39061025002,White,08/2023,4,2.5,2025-03-08
Census Tract,39061025002,White,09/2023,1,1.5,2025-03-08
Census Tract,39061025002,White,10/2023,0,0.5,2025-03-08
Census Tract,39061025002,White,11/2023,0,0.5,2025-03-08
Census Tract,39061025002,White,12/2023,3,2.5,2025-03-08
Census Tract,39061025002,White,01/2024,2,1,2025-03-08
Census Tract,39061025002,White,02/2024,0,0.5,2025-03-08
Census Tract,39061025002,White,03/2024,0,0.5,2025-03-08
Census Tract,39061025002,White,04/2024,0,0.5,2025-03-08
Census Tract,39061025002,White,05/2024,1,1.5,2025-03-08
Census Tract,39061025002,White,06/2024,0,0.5,2025-03-08
Census Tract,39061025002,White,07/2024,0,0.5,2025-03-08
Census Tract,39061025002,White,08/2024,1,2.5,2025-03-08
Census Tract,39061025002,White,09/2024,2,1.5,2025-03-08
Census Tract,39061025002,White,10/2024,1,0.5,2025-03-08
Census Tract,39061025002,White,11/2024,1,0.5,2025-03-08
Census Tract,39061025002,White,12/2024,2,2.5,2025-03-08
Census Tract,39061025002,White,01/2025,1,1,2025-03-08
Census Tract,39061025002,White,02/2025,0,0.5,2025-03-08
Census Tract,39061025002,White,03/2025,0,0.5,2025-03-08
Census Tract,39061025101,White,01/2020,0,0,2025-03-08
Census Tract,39061025101,White,02/2020,0,0,2025-03-08
Census Tract,39061025101,White,03/2020,0,0,2025-03-08
Census Tract,39061025101,White,04/2020,0,0,2025-03-08
Census Tract,39061025101,White,05/2020,0,0,2025-03-08
Census Tract,39061025101,White,06/2020,0,0,2025-03-08
Census Tract,39061025101,White,07/2020,0,0,2025-03-08
Census Tract,39061025101,White,08/2020,0,0,2025-03-08
Census Tract,39061025101,White,09/2020,0,0,2025-03-08
Census Tract,39061025101,White,10/2020,0,0,2025-03-08
Census Tract,39061025101,White,11/2020,0,0,2025-03-08
Census Tract,39061025101,White,12/2020,0,0,2025-03-08
Census Tract,39061025101,White,01/2021,0,0,2025-03-08
Census Tract,39061025101,White,02/2021,0,0,2025-03-08
Census Tract,39061025101,White,03/2021,0,0,2025-03-08
Census Tract,39061025101,White,04/2021,0,0,2025-03-08
Census Tract,39061025101,White,05/2021,0,0,2025-03-08
Census Tract,39061025101,White,06/2021,0,0,2025-03-08
Census Tract,39061025101,White,07/2021,0,0,2025-03-08
Census Tract,39061025101,White,08/2021,0,0,2025-03-08
Census Tract,39061025101,White,09/2021,0,0,2025-03-08
Census Tract,39061025101,White,10/2021,0,0,2025-03-08
Census Tract,39061025101,White,11/2021,0,0,2025-03-08
Census Tract,39061025101,White,12/2021,0,0,2025-03-08
Census Tract,39061025101,White,01/2022,0,0,2025-03-08
Census Tract,39061025101,White,02/2022,0,0,2025-03-08
Census Tract,39061025101,White,03/2022,0,0,2025-03-08
Census Tract,39061025101,White,04/2022,0,0,2025-03-08
Census Tract,39061025101,White,05/2022,0,0,2025-03-08
Census Tract,39061025101,White,06/2022,0,0,2025-03-08
Census Tract,39061025101,White,07/2022,0,0,2025-03-08
Census Tract,39061025101,White,08/2022,0,0,2025-03-08
Census Tract,39061025101,White,09/2022,0,0,2025-03-08
Census Tract,39061025101,White,10/2022,0,0,2025-03-08
Census Tract,39061025101,White,11/2022,0,0,2025-03-08
Census Tract,39061025101,White,12/2022,0,0,2025-03-08
Census Tract,39061025101,White,01/2023,0,0,2025-03-08
Census Tract,39061025101,White,02/2023,0,0,2025-03-08
Census Tract,39061025101,White,03/2023,0,0,2025-03-08
Census Tract,39061025101,White,04/2023,0,0,2025-03-08
Census Tract,39061025101,White,05/2023,0,0,2025-03-08
Census Tract,39061025101,White,06/2023,0,0,2025-03-08
Census Tract,39061025101,White,07/2023,0,0,2025-03-08
Census Tract,39061025101,White,08/2023,0,0,2025-03-08
Census Tract,39061025101,White,09/2023,0,0,2025-03-08
Census Tract,39061025101,White,10/2023,0,0,2025-03-08
Census Tract,39061025101,White,11/2023,0,0,2025-03-08
Census Tract,39061025101,White,12/2023,0,0,2025-03-08
Census Tract,39061025101,White,01/2024,0,0,2025-03-08
Census Tract,39061025101,White,02/2024,0,0,2025-03-08
Census Tract,39061025101,White,03/2024,0,0,2025-03-08
Census Tract,39061025101,White,04/2024,0,0,2025-03-08
Census Tract,39061025101,White,05/2024,0,0,2025-03-08
Census Tract,39061025101,White,06/2024,0,0,2025-03-08
Census Tract,39061025101,White,07/2024,0,0,2025-03-08
Census Tract,39061025101,White,08/2024,0,0,2025-03-08
Census Tract,39061025101,White,09/2024,0,0,2025-03-08
Census Tract,39061025101,White,10/2024,0,0,2025-03-08
Census Tract,39061025101,White,11/2024,0,0,2025-03-08
Census Tract,39061025101,White,12/2024,0,0,2025-03-08
Census Tract,39061025101,White,01/2025,0,0,2025-03-08
Census Tract,39061025101,White,02/2025,0,0,2025-03-08
Census Tract,39061025101,White,03/2025,0,0,2025-03-08
Census Tract,39061025102,White,01/2020,0,1.5,2025-03-08
Census Tract,39061025102,White,02/2020,0,2.5,2025-03-08
Census Tract,39061025102,White,03/2020,0,1.5,2025-03-08
Census Tract,39061025102,White,04/2020,0,2.5,2025-03-08
Census Tract,39061025102,White,05/2020,0,2,2025-03-08
Census Tract,39061025102,White,06/2020,2,3.5,2025-03-08
Census Tract,39061025102,White,07/2020,1,1.5,2025-03-08
Census Tract,39061025102,White,08/2020,0,5,2025-03-08
Census Tract,39061025102,White,09/2020,1,1,2025-03-08
Census Tract,39061025102,White,10/2020,1,3.5,2025-03-08
Census Tract,39061025102,White,11/2020,0,4,2025-03-08
Census Tract,39061025102,White,12/2020,1,1,2025-03-08
Census Tract,39061025102,White,01/2021,3,1.5,2025-03-08
Census Tract,39061025102,White,02/2021,0,2.5,2025-03-08
Census Tract,39061025102,White,03/2021,0,1.5,2025-03-08
Census Tract,39061025102,White,04/2021,2,2.5,2025-03-08
Census Tract,39061025102,White,05/2021,1,2,2025-03-08
Census Tract,39061025102,White,06/2021,0,3.5,2025-03-08
Census Tract,39061025102,White,07/2021,1,1.5,2025-03-08
Census Tract,39061025102,White,08/2021,0,5,2025-03-08
Census Tract,39061025102,White,09/2021,3,1,2025-03-08
Census Tract,39061025102,White,10/2021,1,3.5,2025-03-08
Census Tract,39061025102,White,11/2021,1,4,2025-03-08
Census Tract,39061025102,White,12/2021,0,1,2025-03-08
Census Tract,39061025102,White,01/2022,0,1.5,2025-03-08
Census Tract,39061025102,White,02/2022,0,2.5,2025-03-08
Census Tract,39061025102,White,03/2022,0,1.5,2025-03-08
Census Tract,39061025102,White,04/2022,0,2.5,2025-03-08
Census Tract,39061025102,White,05/2022,0,2,2025-03-08
Census Tract,39061025102,White,06/2022,0,3.5,2025-03-08
Census Tract,39061025102,White,07/2022,2,1.5,2025-03-08
Census Tract,39061025102,White,08/2022,1,5,2025-03-08
Census Tract,39061025102,White,09/2022,2,1,2025-03-08
Census Tract,39061025102,White,10/2022,1,3.5,2025-03-08
Census Tract,39061025102,White,11/2022,0,4,2025-03-08
Census Tract,39061025102,White,12/2022,2,1,2025-03-08
Census Tract,39061025102,White,01/2023,0,1.5,2025-03-08
Census Tract,39061025102,White,02/2023,1,2.5,2025-03-08
Census Tract,39061025102,White,03/2023,0,1.5,2025-03-08
Census Tract,39061025102,White,04/2023,1,2.5,2025-03-08
Census Tract,39061025102,White,05/2023,0,2,2025-03-08
Census Tract,39061025102,White,06/2023,2,3.5,2025-03-08
Census Tract,39061025102,White,07/2023,0,1.5,2025-03-08
Census Tract,39061025102,White,08/2023,7,5,2025-03-08
Census Tract,39061025102,White,09/2023,2,1,2025-03-08
Census Tract,39061025102,White,10/2023,0,3.5,2025-03-08
Census Tract,39061025102,White,11/2023,4,4,2025-03-08
Census Tract,39061025102,White,12/2023,0,1,2025-03-08
Census Tract,39061025102,White,01/2024,3,1.5,2025-03-08
Census Tract,39061025102,White,02/2024,4,2.5,2025-03-08
Census Tract,39061025102,White,03/2024,3,1.5,2025-03-08
Census Tract,39061025102,White,04/2024,4,2.5,2025-03-08
Census Tract,39061025102,White,05/2024,4,2,2025-03-08
Census Tract,39061025102,White,06/2024,5,3.5,2025-03-08
Census Tract,39061025102,White,07/2024,3,1.5,2025-03-08
Census Tract,39061025102,White,08/2024,3,5,2025-03-08
Census Tract,39061025102,White,09/2024,0,1,2025-03-08
Census Tract,39061025102,White,10/2024,7,3.5,2025-03-08
Census Tract,39061025102,White,11/2024,4,4,2025-03-08
Census Tract,39061025102,White,12/2024,2,1,2025-03-08
Census Tract,39061025102,White,01/2025,1,1.5,2025-03-08
Census Tract,39061025102,White,02/2025,3,2.5,2025-03-08
Census Tract,39061025102,White,03/2025,0,0,2025-03-08
Census Tract,39061025103,White,01/2020,0,1,2025-03-08
Census Tract,39061025103,White,02/2020,0,0,2025-03-08
Census Tract,39061025103,White,03/2020,0,1,2025-03-08
Census Tract,39061025103,White,04/2020,0,0,2025-03-08
Census Tract,39061025103,White,05/2020,0,0,2025-03-08
Census Tract,39061025103,White,06/2020,1,0.5,2025-03-08
Census Tract,39061025103,White,07/2020,0,1.5,2025-03-08
Census Tract,39061025103,White,08/2020,0,0,2025-03-08
Census Tract,39061025103,White,09/2020,0,0.5,2025-03-08
Census Tract,39061025103,White,10/2020,1,1,2025-03-08
Census Tract,39061025103,White,11/2020,0,1,2025-03-08
Census Tract,39061025103,White,12/2020,1,1,2025-03-08
Census Tract,39061025103,White,01/2021,0,1,2025-03-08
Census Tract,39061025103,White,02/2021,0,0,2025-03-08
Census Tract,39061025103,White,03/2021,1,1,2025-03-08
Census Tract,39061025103,White,04/2021,4,0,2025-03-08
Census Tract,39061025103,White,05/2021,2,0,2025-03-08
Census Tract,39061025103,White,06/2021,0,0.5,2025-03-08
Census Tract,39061025103,White,07/2021,1,1.5,2025-03-08
Census Tract,39061025103,White,08/2021,0,0,2025-03-08
Census Tract,39061025103,White,09/2021,0,0.5,2025-03-08
Census Tract,39061025103,White,10/2021,1,1,2025-03-08
Census Tract,39061025103,White,11/2021,1,1,2025-03-08
Census Tract,39061025103,White,12/2021,0,1,2025-03-08
Census Tract,39061025103,White,01/2022,1,1,2025-03-08
Census Tract,39061025103,White,02/2022,0,0,2025-03-08
Census Tract,39061025103,White,03/2022,1,1,2025-03-08
Census Tract,39061025103,White,04/2022,0,0,2025-03-08
Census Tract,39061025103,White,05/2022,2,0,2025-03-08
Census Tract,39061025103,White,06/2022,0,0.5,2025-03-08
Census Tract,39061025103,White,07/2022,0,1.5,2025-03-08
Census Tract,39061025103,White,08/2022,1,0,2025-03-08
Census Tract,39061025103,White,09/2022,3,0.5,2025-03-08
Census Tract,39061025103,White,10/2022,1,1,2025-03-08
Census Tract,39061025103,White,11/2022,0,1,2025-03-08
Census Tract,39061025103,White,12/2022,1,1,2025-03-08
Census Tract,39061025103,White,01/2023,1,1,2025-03-08
Census Tract,39061025103,White,02/2023,0,0,2025-03-08
Census Tract,39061025103,White,03/2023,0,1,2025-03-08
Census Tract,39061025103,White,04/2023,0,0,2025-03-08
Census Tract,39061025103,White,05/2023,0,0,2025-03-08
Census Tract,39061025103,White,06/2023,0,0.5,2025-03-08
Census Tract,39061025103,White,07/2023,2,1.5,2025-03-08
Census Tract,39061025103,White,08/2023,0,0,2025-03-08
Census Tract,39061025103,White,09/2023,0,0.5,2025-03-08
Census Tract,39061025103,White,10/2023,0,1,2025-03-08
Census Tract,39061025103,White,11/2023,0,1,2025-03-08
Census Tract,39061025103,White,12/2023,1,1,2025-03-08
Census Tract,39061025103,White,01/2024,1,1,2025-03-08
Census Tract,39061025103,White,02/2024,0,0,2025-03-08
Census Tract,39061025103,White,03/2024,2,1,2025-03-08
Census Tract,39061025103,White,04/2024,0,0,2025-03-08
Census Tract,39061025103,White,05/2024,0,0,2025-03-08
Census Tract,39061025103,White,06/2024,1,0.5,2025-03-08
Census Tract,39061025103,White,07/2024,1,1.5,2025-03-08
Census Tract,39061025103,White,08/2024,0,0,2025-03-08
Census Tract,39061025103,White,09/2024,1,0.5,2025-03-08
Census Tract,39061025103,White,10/2024,2,1,2025-03-08
Census Tract,39061025103,White,11/2024,2,1,2025-03-08
Census Tract,39061025103,White,12/2024,1,1,2025-03-08
Census Tract,39061025103,White,01/2025,1,1,2025-03-08
Census Tract,39061025103,White,02/2025,1,0,2025-03-08
Census Tract,39061025103,White,03/2025,0,0,2025-03-08
Census Tract,39061025200,White,01/2020,0,1.5,2025-03-08
Census Tract,39061025200,White,02/2020,0,5.5,2025-03-08
Census Tract,39061025200,White,03/2020,0,4.5,2025-03-08
Census Tract,39061025200,White,04/2020,0,2.5,2025-03-08
Census Tract,39061025200,White,05/2020,2,6.5,2025-03-08
Census Tract,39061025200,White,06/2020,1,5.5,2025-03-08
Census Tract,39061025200,White,07/2020,3,5.5,2025-03-08
Census Tract,39061025200,White,08/2020,4,4.5,2025-03-08
Census Tract,39061025200,White,09/2020,6,0.5,2025-03-08
Census Tract,39061025200,White,10/2020,3,3.5,2025-03-08
Census Tract,39061025200,White,11/2020,0,4.5,2025-03-08
Census Tract,39061025200,White,12/2020,3,3,2025-03-08
Census Tract,39061025200,White,01/2021,10,1.5,2025-03-08
Census Tract,39061025200,White,02/2021,2,5,2025-03-08
Census Tract,39061025200,White,03/2021,0,4.5,2025-03-08
Census Tract,39061025200,White,04/2021,1,2.5,2025-03-08
Census Tract,39061025200,White,05/2021,2,6.5,2025-03-08
Census Tract,39061025200,White,06/2021,1,5.5,2025-03-08
Census Tract,39061025200,White,07/2021,2,5.5,2025-03-08
Census Tract,39061025200,White,08/2021,4,4.5,2025-03-08
Census Tract,39061025200,White,09/2021,2,0.5,2025-03-08
Census Tract,39061025200,White,10/2021,1,3.5,2025-03-08
Census Tract,39061025200,White,11/2021,8,4.5,2025-03-08
Census Tract,39061025200,White,12/2021,7,3,2025-03-08
Census Tract,39061025200,White,01/2022,6,1.5,2025-03-08
Census Tract,39061025200,White,02/2022,2,5,2025-03-08
Census Tract,39061025200,White,03/2022,3,4.5,2025-03-08
Census Tract,39061025200,White,04/2022,5,2.5,2025-03-08
Census Tract,39061025200,White,05/2022,5,6.5,2025-03-08
Census Tract,39061025200,White,06/2022,4,5.5,2025-03-08
Census Tract,39061025200,White,07/2022,8,5.5,2025-03-08
Census Tract,39061025200,White,08/2022,5,4.5,2025-03-08
Census Tract,39061025200,White,09/2022,4,0.5,2025-03-08
Census Tract,39061025200,White,10/2022,5,3.5,2025-03-08
Census Tract,39061025200,White,11/2022,8,4.5,2025-03-08
Census Tract,39061025200,White,12/2022,4,3,2025-03-08
Census Tract,39061025200,White,01/2023,2,1.5,2025-03-08
Census Tract,39061025200,White,02/2023,4,5,2025-03-08
Census Tract,39061025200,White,03/2023,4,4.5,2025-03-08
Census Tract,39061025200,White,04/2023,4,2.5,2025-03-08
Census Tract,39061025200,White,05/2023,6,6.5,2025-03-08
Census Tract,39061025200,White,06/2023,5,5.5,2025-03-08
Census Tract,39061025200,White,07/2023,8,5.5,2025-03-08
Census Tract,39061025200,White,08/2023,7,4.5,2025-03-08
Census Tract,39061025200,White,09/2023,1,0.5,2025-03-08
Census Tract,39061025200,White,10/2023,3,3.5,2025-03-08
Census Tract,39061025200,White,11/2023,4,4.5,2025-03-08
Census Tract,39061025200,White,12/2023,3,3,2025-03-08
Census Tract,39061025200,White,01/2024,1,1.5,2025-03-08
Census Tract,39061025200,White,02/2024,7,5.5,2025-03-08
Census Tract,39061025200,White,03/2024,5,4.5,2025-03-08
Census Tract,39061025200,White,04/2024,1,2.5,2025-03-08
Census Tract,39061025200,White,05/2024,7,6.5,2025-03-08
Census Tract,39061025200,White,06/2024,6,5.5,2025-03-08
Census Tract,39061025200,White,07/2024,3,5.5,2025-03-08
Census Tract,39061025200,White,08/2024,2,4.5,2025-03-08
Census Tract,39061025200,White,09/2024,0,0.5,2025-03-08
Census Tract,39061025200,White,10/2024,4,3.5,2025-03-08
Census Tract,39061025200,White,11/2024,5,4.5,2025-03-08
Census Tract,39061025200,White,12/2024,3,3,2025-03-08
Census Tract,39061025200,White,01/2025,3,1.5,2025-03-08
Census Tract,39061025200,White,02/2025,2,5,2025-03-08
Census Tract,39061025200,White,03/2025,0,0.5,2025-03-08
Census Tract,39061025300,White,01/2020,0,5,2025-03-08
Census Tract,39061025300,White,02/2020,0,6.5,2025-03-08
Census Tract,39061025300,White,03/2020,0,7.5,2025-03-08
Census Tract,39061025300,White,04/2020,0,4,2025-03-08
Census Tract,39061025300,White,05/2020,2,2.5,2025-03-08
Census Tract,39061025300,White,06/2020,6,4.5,2025-03-08
Census Tract,39061025300,White,07/2020,3,6.5,2025-03-08
Census Tract,39061025300,White,08/2020,3,7.5,2025-03-08
Census Tract,39061025300,White,09/2020,2,2.5,2025-03-08
Census Tract,39061025300,White,10/2020,5,6.5,2025-03-08
Census Tract,39061025300,White,11/2020,4,6,2025-03-08
Census Tract,39061025300,White,12/2020,7,5,2025-03-08
Census Tract,39061025300,White,01/2021,8,5,2025-03-08
Census Tract,39061025300,White,02/2021,6,6.5,2025-03-08
Census Tract,39061025300,White,03/2021,3,7.5,2025-03-08
Census Tract,39061025300,White,04/2021,5,4,2025-03-08
Census Tract,39061025300,White,05/2021,4,2.5,2025-03-08
Census Tract,39061025300,White,06/2021,7,4.5,2025-03-08
Census Tract,39061025300,White,07/2021,4,6.5,2025-03-08
Census Tract,39061025300,White,08/2021,7,7.5,2025-03-08
Census Tract,39061025300,White,09/2021,10,2.5,2025-03-08
Census Tract,39061025300,White,10/2021,8,6.5,2025-03-08
Census Tract,39061025300,White,11/2021,8,6,2025-03-08
Census Tract,39061025300,White,12/2021,12,5,2025-03-08
Census Tract,39061025300,White,01/2022,6,5,2025-03-08
Census Tract,39061025300,White,02/2022,14,6.5,2025-03-08
Census Tract,39061025300,White,03/2022,6,7.5,2025-03-08
Census Tract,39061025300,White,04/2022,4,4,2025-03-08
Census Tract,39061025300,White,05/2022,14,2.5,2025-03-08
Census Tract,39061025300,White,06/2022,7,4.5,2025-03-08
Census Tract,39061025300,White,07/2022,5,6.5,2025-03-08
Census Tract,39061025300,White,08/2022,3,7.5,2025-03-08
Census Tract,39061025300,White,09/2022,10,2.5,2025-03-08
Census Tract,39061025300,White,10/2022,14,6.5,2025-03-08
Census Tract,39061025300,White,11/2022,7,6,2025-03-08
Census Tract,39061025300,White,12/2022,3,5,2025-03-08
Census Tract,39061025300,White,01/2023,3,5,2025-03-08
Census Tract,39061025300,White,02/2023,7,6.5,2025-03-08
Census Tract,39061025300,White,03/2023,10,7.5,2025-03-08
Census Tract,39061025300,White,04/2023,3,4,2025-03-08
Census Tract,39061025300,White,05/2023,1,2.5,2025-03-08
Census Tract,39061025300,White,06/2023,4,4.5,2025-03-08
Census Tract,39061025300,White,07/2023,7,6.5,2025-03-08
Census Tract,39061025300,White,08/2023,9,7.5,2025-03-08
Census Tract,39061025300,White,09/2023,1,2.5,2025-03-08
Census Tract,39061025300,White,10/2023,5,6.5,2025-03-08
Census Tract,39061025300,White,11/2023,7,6,2025-03-08
Census Tract,39061025300,White,12/2023,7,5,2025-03-08
Census Tract,39061025300,White,01/2024,7,5,2025-03-08
Census Tract,39061025300,White,02/2024,6,6.5,2025-03-08
Census Tract,39061025300,White,03/2024,5,7.5,2025-03-08
Census Tract,39061025300,White,04/2024,5,4,2025-03-08
Census Tract,39061025300,White,05/2024,4,2.5,2025-03-08
Census Tract,39061025300,White,06/2024,5,4.5,2025-03-08
Census Tract,39061025300,White,07/2024,6,6.5,2025-03-08
Census Tract,39061025300,White,08/2024,6,7.5,2025-03-08
Census Tract,39061025300,White,09/2024,4,2.5,2025-03-08
Census Tract,39061025300,White,10/2024,8,6.5,2025-03-08
Census Tract,39061025300,White,11/2024,5,6,2025-03-08
Census Tract,39061025300,White,12/2024,3,5,2025-03-08
Census Tract,39061025300,White,01/2025,3,5,2025-03-08
Census Tract,39061025300,White,02/2025,5,6.5,2025-03-08
Census Tract,39061025300,White,03/2025,0,1.5,2025-03-08
Census Tract,39061025401,White,01/2020,0,1.5,2025-03-08
Census Tract,39061025401,White,02/2020,0,2.5,2025-03-08
Census Tract,39061025401,White,03/2020,0,2.5,2025-03-08
Census Tract,39061025401,White,04/2020,0,0,2025-03-08
Census Tract,39061025401,White,05/2020,0,1.5,2025-03-08
Census Tract,39061025401,White,06/2020,2,1.5,2025-03-08
Census Tract,39061025401,White,07/2020,0,1,2025-03-08
Census Tract,39061025401,White,08/2020,0,0,2025-03-08
Census Tract,39061025401,White,09/2020,0,1.5,2025-03-08
Census Tract,39061025401,White,10/2020,0,2,2025-03-08
Census Tract,39061025401,White,11/2020,1,2.5,2025-03-08
Census Tract,39061025401,White,12/2020,1,1.5,2025-03-08
Census Tract,39061025401,White,01/2021,0,1.5,2025-03-08
Census Tract,39061025401,White,02/2021,1,2.5,2025-03-08
Census Tract,39061025401,White,03/2021,0,2.5,2025-03-08
Census Tract,39061025401,White,04/2021,0,0,2025-03-08
Census Tract,39061025401,White,05/2021,2,1.5,2025-03-08
Census Tract,39061025401,White,06/2021,2,1.5,2025-03-08
Census Tract,39061025401,White,07/2021,1,1,2025-03-08
Census Tract,39061025401,White,08/2021,1,0,2025-03-08
Census Tract,39061025401,White,09/2021,3,1.5,2025-03-08
Census Tract,39061025401,White,10/2021,2,2,2025-03-08
Census Tract,39061025401,White,11/2021,0,2.5,2025-03-08
Census Tract,39061025401,White,12/2021,0,1.5,2025-03-08
Census Tract,39061025401,White,01/2022,0,1.5,2025-03-08
Census Tract,39061025401,White,02/2022,1,2.5,2025-03-08
Census Tract,39061025401,White,03/2022,2,2.5,2025-03-08
Census Tract,39061025401,White,04/2022,2,0,2025-03-08
Census Tract,39061025401,White,05/2022,2,1.5,2025-03-08
Census Tract,39061025401,White,06/2022,1,1.5,2025-03-08
Census Tract,39061025401,White,07/2022,0,1,2025-03-08
Census Tract,39061025401,White,08/2022,2,0,2025-03-08
Census Tract,39061025401,White,09/2022,0,1.5,2025-03-08
Census Tract,39061025401,White,10/2022,1,2,2025-03-08
Census Tract,39061025401,White,11/2022,1,2.5,2025-03-08
Census Tract,39061025401,White,12/2022,1,1.5,2025-03-08
Census Tract,39061025401,White,01/2023,2,1.5,2025-03-08
Census Tract,39061025401,White,02/2023,3,2.5,2025-03-08
Census Tract,39061025401,White,03/2023,2,2.5,2025-03-08
Census Tract,39061025401,White,04/2023,0,0,2025-03-08
Census Tract,39061025401,White,05/2023,1,1.5,2025-03-08
Census Tract,39061025401,White,06/2023,0,1.5,2025-03-08
Census Tract,39061025401,White,07/2023,2,1,2025-03-08
Census Tract,39061025401,White,08/2023,0,0,2025-03-08
Census Tract,39061025401,White,09/2023,1,1.5,2025-03-08
Census Tract,39061025401,White,10/2023,3,2,2025-03-08
Census Tract,39061025401,White,11/2023,2,2.5,2025-03-08
Census Tract,39061025401,White,12/2023,2,1.5,2025-03-08
Census Tract,39061025401,White,01/2024,1,1.5,2025-03-08
Census Tract,39061025401,White,02/2024,2,2.5,2025-03-08
Census Tract,39061025401,White,03/2024,3,2.5,2025-03-08
Census Tract,39061025401,White,04/2024,0,0,2025-03-08
Census Tract,39061025401,White,05/2024,2,1.5,2025-03-08
Census Tract,39061025401,White,06/2024,3,1.5,2025-03-08
Census Tract,39061025401,White,07/2024,0,1,2025-03-08
Census Tract,39061025401,White,08/2024,0,0,2025-03-08
Census Tract,39061025401,White,09/2024,2,1.5,2025-03-08
Census Tract,39061025401,White,10/2024,1,2,2025-03-08
Census Tract,39061025401,White,11/2024,3,2.5,2025-03-08
Census Tract,39061025401,White,12/2024,1,1.5,2025-03-08
Census Tract,39061025401,White,01/2025,2,1.5,2025-03-08
Census Tract,39061025401,White,02/2025,0,2.5,2025-03-08
Census Tract,39061025401,White,03/2025,0,1,2025-03-08
Census Tract,39061025402,White,01/2020,0,2.5,2025-03-08
Census Tract,39061025402,White,02/2020,0,2,2025-03-08
Census Tract,39061025402,White,03/2020,0,1,2025-03-08
Census Tract,39061025402,White,04/2020,0,2.5,2025-03-08
Census Tract,39061025402,White,05/2020,1,1.5,2025-03-08
Census Tract,39061025402,White,06/2020,0,3,2025-03-08
Census Tract,39061025402,White,07/2020,0,2.5,2025-03-08
Census Tract,39061025402,White,08/2020,2,3,2025-03-08
Census Tract,39061025402,White,09/2020,0,0,2025-03-08
Census Tract,39061025402,White,10/2020,2,1,2025-03-08
Census Tract,39061025402,White,11/2020,2,2.5,2025-03-08
Census Tract,39061025402,White,12/2020,1,2.5,2025-03-08
Census Tract,39061025402,White,01/2021,0,2.5,2025-03-08
Census Tract,39061025402,White,02/2021,1,2,2025-03-08
Census Tract,39061025402,White,03/2021,1,1,2025-03-08
Census Tract,39061025402,White,04/2021,1,2.5,2025-03-08
Census Tract,39061025402,White,05/2021,1,1.5,2025-03-08
Census Tract,39061025402,White,06/2021,2,3,2025-03-08
Census Tract,39061025402,White,07/2021,2,2.5,2025-03-08
Census Tract,39061025402,White,08/2021,6,3,2025-03-08
Census Tract,39061025402,White,09/2021,1,0,2025-03-08
Census Tract,39061025402,White,10/2021,0,1,2025-03-08
Census Tract,39061025402,White,11/2021,2,2.5,2025-03-08
Census Tract,39061025402,White,12/2021,1,2.5,2025-03-08
Census Tract,39061025402,White,01/2022,1,2.5,2025-03-08
Census Tract,39061025402,White,02/2022,1,2,2025-03-08
Census Tract,39061025402,White,03/2022,2,1,2025-03-08
Census Tract,39061025402,White,04/2022,1,2.5,2025-03-08
Census Tract,39061025402,White,05/2022,3,1.5,2025-03-08
Census Tract,39061025402,White,06/2022,2,3,2025-03-08
Census Tract,39061025402,White,07/2022,1,2.5,2025-03-08
Census Tract,39061025402,White,08/2022,1,3,2025-03-08
Census Tract,39061025402,White,09/2022,1,0,2025-03-08
Census Tract,39061025402,White,10/2022,1,1,2025-03-08
Census Tract,39061025402,White,11/2022,0,2.5,2025-03-08
Census Tract,39061025402,White,12/2022,1,2.5,2025-03-08
Census Tract,39061025402,White,01/2023,3,2.5,2025-03-08
Census Tract,39061025402,White,02/2023,0,2,2025-03-08
Census Tract,39061025402,White,03/2023,2,1,2025-03-08
Census Tract,39061025402,White,04/2023,1,2.5,2025-03-08
Census Tract,39061025402,White,05/2023,1,1.5,2025-03-08
Census Tract,39061025402,White,06/2023,4,3,2025-03-08
Census Tract,39061025402,White,07/2023,2,2.5,2025-03-08
Census Tract,39061025402,White,08/2023,2,3,2025-03-08
Census Tract,39061025402,White,09/2023,0,0,2025-03-08
Census Tract,39061025402,White,10/2023,1,1,2025-03-08
Census Tract,39061025402,White,11/2023,2,2.5,2025-03-08
Census Tract,39061025402,White,12/2023,5,2.5,2025-03-08
Census Tract,39061025402,White,01/2024,2,2.5,2025-03-08
Census Tract,39061025402,White,02/2024,4,2,2025-03-08
Census Tract,39061025402,White,03/2024,0,1,2025-03-08
Census Tract,39061025402,White,04/2024,4,2.5,2025-03-08
Census Tract,39061025402,White,05/2024,2,1.5,2025-03-08
Census Tract,39061025402,White,06/2024,2,3,2025-03-08
Census Tract,39061025402,White,07/2024,3,2.5,2025-03-08
Census Tract,39061025402,White,08/2024,4,3,2025-03-08
Census Tract,39061025402,White,09/2024,0,0,2025-03-08
Census Tract,39061025402,White,10/2024,1,1,2025-03-08
Census Tract,39061025402,White,11/2024,3,2.5,2025-03-08
Census Tract,39061025402,White,12/2024,0,2.5,2025-03-08
Census Tract,39061025402,White,01/2025,2,2.5,2025-03-08
Census Tract,39061025402,White,02/2025,1,2,2025-03-08
Census Tract,39061025402,White,03/2025,0,0.5,2025-03-08
Census Tract,39061025500,White,01/2020,0,7,2025-03-08
Census Tract,39061025500,White,02/2020,0,7.5,2025-03-08
Census Tract,39061025500,White,03/2020,0,5,2025-03-08
Census Tract,39061025500,White,04/2020,0,5,2025-03-08
Census Tract,39061025500,White,05/2020,1,7.5,2025-03-08
Census Tract,39061025500,White,06/2020,3,4.5,2025-03-08
Census Tract,39061025500,White,07/2020,1,9,2025-03-08
Census Tract,39061025500,White,08/2020,6,9,2025-03-08
Census Tract,39061025500,White,09/2020,10,6.5,2025-03-08
Census Tract,39061025500,White,10/2020,4,4,2025-03-08
Census Tract,39061025500,White,11/2020,5,5,2025-03-08
Census Tract,39061025500,White,12/2020,4,5.5,2025-03-08
Census Tract,39061025500,White,01/2021,4,7,2025-03-08
Census Tract,39061025500,White,02/2021,2,7.5,2025-03-08
Census Tract,39061025500,White,03/2021,3,5,2025-03-08
Census Tract,39061025500,White,04/2021,3,5,2025-03-08
Census Tract,39061025500,White,05/2021,5,7.5,2025-03-08
Census Tract,39061025500,White,06/2021,8,4.5,2025-03-08
Census Tract,39061025500,White,07/2021,9,9,2025-03-08
Census Tract,39061025500,White,08/2021,10,9,2025-03-08
Census Tract,39061025500,White,09/2021,8,6.5,2025-03-08
Census Tract,39061025500,White,10/2021,7,4,2025-03-08
Census Tract,39061025500,White,11/2021,6,5,2025-03-08
Census Tract,39061025500,White,12/2021,4,5.5,2025-03-08
Census Tract,39061025500,White,01/2022,4,7,2025-03-08
Census Tract,39061025500,White,02/2022,10,7.5,2025-03-08
Census Tract,39061025500,White,03/2022,11,5,2025-03-08
Census Tract,39061025500,White,04/2022,8,5,2025-03-08
Census Tract,39061025500,White,05/2022,5,7.5,2025-03-08
Census Tract,39061025500,White,06/2022,10,4.5,2025-03-08
Census Tract,39061025500,White,07/2022,4,9,2025-03-08
Census Tract,39061025500,White,08/2022,5,9,2025-03-08
Census Tract,39061025500,White,09/2022,14,6.5,2025-03-08
Census Tract,39061025500,White,10/2022,12,4,2025-03-08
Census Tract,39061025500,White,11/2022,7,5,2025-03-08
Census Tract,39061025500,White,12/2022,6,5.5,2025-03-08
Census Tract,39061025500,White,01/2023,8,7,2025-03-08
Census Tract,39061025500,White,02/2023,6,7.5,2025-03-08
Census Tract,39061025500,White,03/2023,5,5,2025-03-08
Census Tract,39061025500,White,04/2023,4,5,2025-03-08
Census Tract,39061025500,White,05/2023,9,7.5,2025-03-08
Census Tract,39061025500,White,06/2023,7,4.5,2025-03-08
Census Tract,39061025500,White,07/2023,8,9,2025-03-08
Census Tract,39061025500,White,08/2023,12,9,2025-03-08
Census Tract,39061025500,White,09/2023,7,6.5,2025-03-08
Census Tract,39061025500,White,10/2023,5,4,2025-03-08
Census Tract,39061025500,White,11/2023,6,5,2025-03-08
Census Tract,39061025500,White,12/2023,8,5.5,2025-03-08
Census Tract,39061025500,White,01/2024,6,7,2025-03-08
Census Tract,39061025500,White,02/2024,9,7.5,2025-03-08
Census Tract,39061025500,White,03/2024,5,5,2025-03-08
Census Tract,39061025500,White,04/2024,6,5,2025-03-08
Census Tract,39061025500,White,05/2024,6,7.5,2025-03-08
Census Tract,39061025500,White,06/2024,2,4.5,2025-03-08
Census Tract,39061025500,White,07/2024,10,9,2025-03-08
Census Tract,39061025500,White,08/2024,6,9,2025-03-08
Census Tract,39061025500,White,09/2024,6,6.5,2025-03-08
Census Tract,39061025500,White,10/2024,3,4,2025-03-08
Census Tract,39061025500,White,11/2024,4,5,2025-03-08
Census Tract,39061025500,White,12/2024,3,5.5,2025-03-08
Census Tract,39061025500,White,01/2025,11,7,2025-03-08
Census Tract,39061025500,White,02/2025,10,7.5,2025-03-08
Census Tract,39061025500,White,03/2025,0,0.5,2025-03-08
Census Tract,39061025600,White,01/2020,0,0,2025-03-08
Census Tract,39061025600,White,02/2020,0,2,2025-03-08
Census Tract,39061025600,White,03/2020,0,1.5,2025-03-08
Census Tract,39061025600,White,04/2020,0,3,2025-03-08
Census Tract,39061025600,White,05/2020,0,3.5,2025-03-08
Census Tract,39061025600,White,06/2020,0,2.5,2025-03-08
Census Tract,39061025600,White,07/2020,1,3.5,2025-03-08
Census Tract,39061025600,White,08/2020,1,2,2025-03-08
Census Tract,39061025600,White,09/2020,0,4,2025-03-08
Census Tract,39061025600,White,10/2020,2,3,2025-03-08
Census Tract,39061025600,White,11/2020,2,1,2025-03-08
Census Tract,39061025600,White,12/2020,2,2.5,2025-03-08
Census Tract,39061025600,White,01/2021,1,0,2025-03-08
Census Tract,39061025600,White,02/2021,1,2,2025-03-08
Census Tract,39061025600,White,03/2021,1,1.5,2025-03-08
Census Tract,39061025600,White,04/2021,1,3,2025-03-08
Census Tract,39061025600,White,05/2021,0,3.5,2025-03-08
Census Tract,39061025600,White,06/2021,2,2.5,2025-03-08
Census Tract,39061025600,White,07/2021,2,3.5,2025-03-08
Census Tract,39061025600,White,08/2021,1,2,2025-03-08
Census Tract,39061025600,White,09/2021,2,4,2025-03-08
Census Tract,39061025600,White,10/2021,1,3,2025-03-08
Census Tract,39061025600,White,11/2021,2,1,2025-03-08
Census Tract,39061025600,White,12/2021,0,2.5,2025-03-08
Census Tract,39061025600,White,01/2022,1,0,2025-03-08
Census Tract,39061025600,White,02/2022,0,2,2025-03-08
Census Tract,39061025600,White,03/2022,2,1.5,2025-03-08
Census Tract,39061025600,White,04/2022,1,3,2025-03-08
Census Tract,39061025600,White,05/2022,1,3.5,2025-03-08
Census Tract,39061025600,White,06/2022,2,2.5,2025-03-08
Census Tract,39061025600,White,07/2022,2,3.5,2025-03-08
Census Tract,39061025600,White,08/2022,1,2,2025-03-08
Census Tract,39061025600,White,09/2022,2,4,2025-03-08
Census Tract,39061025600,White,10/2022,1,3,2025-03-08
Census Tract,39061025600,White,11/2022,3,1,2025-03-08
Census Tract,39061025600,White,12/2022,3,2.5,2025-03-08
Census Tract,39061025600,White,01/2023,0,0,2025-03-08
Census Tract,39061025600,White,02/2023,0,2,2025-03-08
Census Tract,39061025600,White,03/2023,0,1.5,2025-03-08
Census Tract,39061025600,White,04/2023,2,3,2025-03-08
Census Tract,39061025600,White,05/2023,3,3.5,2025-03-08
Census Tract,39061025600,White,06/2023,1,2.5,2025-03-08
Census Tract,39061025600,White,07/2023,2,3.5,2025-03-08
Census Tract,39061025600,White,08/2023,3,2,2025-03-08
Census Tract,39061025600,White,09/2023,3,4,2025-03-08
Census Tract,39061025600,White,10/2023,5,3,2025-03-08
Census Tract,39061025600,White,11/2023,1,1,2025-03-08
Census Tract,39061025600,White,12/2023,0,2.5,2025-03-08
Census Tract,39061025600,White,01/2024,0,0,2025-03-08
Census Tract,39061025600,White,02/2024,4,2,2025-03-08
Census Tract,39061025600,White,03/2024,3,1.5,2025-03-08
Census Tract,39061025600,White,04/2024,4,3,2025-03-08
Census Tract,39061025600,White,05/2024,4,3.5,2025-03-08
Census Tract,39061025600,White,06/2024,4,2.5,2025-03-08
Census Tract,39061025600,White,07/2024,5,3.5,2025-03-08
Census Tract,39061025600,White,08/2024,1,2,2025-03-08
Census Tract,39061025600,White,09/2024,5,4,2025-03-08
Census Tract,39061025600,White,10/2024,1,3,2025-03-08
Census Tract,39061025600,White,11/2024,1,1,2025-03-08
Census Tract,39061025600,White,12/2024,5,2.5,2025-03-08
Census Tract,39061025600,White,01/2025,2,0,2025-03-08
Census Tract,39061025600,White,02/2025,3,2,2025-03-08
Census Tract,39061025600,White,03/2025,0,0.5,2025-03-08
Census Tract,39061025700,White,01/2020,0,7,2025-03-08
Census Tract,39061025700,White,02/2020,0,5,2025-03-08
Census Tract,39061025700,White,03/2020,0,6,2025-03-08
Census Tract,39061025700,White,04/2020,0,5.5,2025-03-08
Census Tract,39061025700,White,05/2020,2,2.5,2025-03-08
Census Tract,39061025700,White,06/2020,4,4.5,2025-03-08
Census Tract,39061025700,White,07/2020,0,9.5,2025-03-08
Census Tract,39061025700,White,08/2020,1,5.5,2025-03-08
Census Tract,39061025700,White,09/2020,5,3.5,2025-03-08
Census Tract,39061025700,White,10/2020,4,4.5,2025-03-08
Census Tract,39061025700,White,11/2020,6,4.5,2025-03-08
Census Tract,39061025700,White,12/2020,3,5,2025-03-08
Census Tract,39061025700,White,01/2021,2,7,2025-03-08
Census Tract,39061025700,White,02/2021,2,5,2025-03-08
Census Tract,39061025700,White,03/2021,1,6,2025-03-08
Census Tract,39061025700,White,04/2021,4,5.5,2025-03-08
Census Tract,39061025700,White,05/2021,4,2.5,2025-03-08
Census Tract,39061025700,White,06/2021,3,4.5,2025-03-08
Census Tract,39061025700,White,07/2021,4,9.5,2025-03-08
Census Tract,39061025700,White,08/2021,5,5.5,2025-03-08
Census Tract,39061025700,White,09/2021,3,3.5,2025-03-08
Census Tract,39061025700,White,10/2021,4,4.5,2025-03-08
Census Tract,39061025700,White,11/2021,4,4.5,2025-03-08
Census Tract,39061025700,White,12/2021,4,5,2025-03-08
Census Tract,39061025700,White,01/2022,1,7,2025-03-08
Census Tract,39061025700,White,02/2022,0,5,2025-03-08
Census Tract,39061025700,White,03/2022,2,6,2025-03-08
Census Tract,39061025700,White,04/2022,5,5.5,2025-03-08
Census Tract,39061025700,White,05/2022,2,2.5,2025-03-08
Census Tract,39061025700,White,06/2022,6,4.5,2025-03-08
Census Tract,39061025700,White,07/2022,4,9.5,2025-03-08
Census Tract,39061025700,White,08/2022,3,5.5,2025-03-08
Census Tract,39061025700,White,09/2022,7,3.5,2025-03-08
Census Tract,39061025700,White,10/2022,3,4.5,2025-03-08
Census Tract,39061025700,White,11/2022,7,4.5,2025-03-08
Census Tract,39061025700,White,12/2022,5,5,2025-03-08
Census Tract,39061025700,White,01/2023,6,7,2025-03-08
Census Tract,39061025700,White,02/2023,1,5,2025-03-08
Census Tract,39061025700,White,03/2023,6,6,2025-03-08
Census Tract,39061025700,White,04/2023,4,5.5,2025-03-08
Census Tract,39061025700,White,05/2023,3,2.5,2025-03-08
Census Tract,39061025700,White,06/2023,3,4.5,2025-03-08
Census Tract,39061025700,White,07/2023,7,9.5,2025-03-08
Census Tract,39061025700,White,08/2023,3,5.5,2025-03-08
Census Tract,39061025700,White,09/2023,6,3.5,2025-03-08
Census Tract,39061025700,White,10/2023,5,4.5,2025-03-08
Census Tract,39061025700,White,11/2023,4,4.5,2025-03-08
Census Tract,39061025700,White,12/2023,7,5,2025-03-08
Census Tract,39061025700,White,01/2024,8,7,2025-03-08
Census Tract,39061025700,White,02/2024,9,5,2025-03-08
Census Tract,39061025700,White,03/2024,6,6,2025-03-08
Census Tract,39061025700,White,04/2024,7,5.5,2025-03-08
Census Tract,39061025700,White,05/2024,2,2.5,2025-03-08
Census Tract,39061025700,White,06/2024,6,4.5,2025-03-08
Census Tract,39061025700,White,07/2024,12,9.5,2025-03-08
Census Tract,39061025700,White,08/2024,8,5.5,2025-03-08
Census Tract,39061025700,White,09/2024,1,3.5,2025-03-08
Census Tract,39061025700,White,10/2024,4,4.5,2025-03-08
Census Tract,39061025700,White,11/2024,5,4.5,2025-03-08
Census Tract,39061025700,White,12/2024,3,5,2025-03-08
Census Tract,39061025700,White,01/2025,6,7,2025-03-08
Census Tract,39061025700,White,02/2025,3,5,2025-03-08
Census Tract,39061025700,White,03/2025,1,2,2025-03-08
Census Tract,39061025800,White,01/2020,0,2.5,2025-03-08
Census Tract,39061025800,White,02/2020,0,3,2025-03-08
Census Tract,39061025800,White,03/2020,0,3.5,2025-03-08
Census Tract,39061025800,White,04/2020,0,2.5,2025-03-08
Census Tract,39061025800,White,05/2020,0,3.5,2025-03-08
Census Tract,39061025800,White,06/2020,1,3,2025-03-08
Census Tract,39061025800,White,07/2020,2,5,2025-03-08
Census Tract,39061025800,White,08/2020,2,2.5,2025-03-08
Census Tract,39061025800,White,09/2020,1,5,2025-03-08
Census Tract,39061025800,White,10/2020,5,4,2025-03-08
Census Tract,39061025800,White,11/2020,2,2.5,2025-03-08
Census Tract,39061025800,White,12/2020,4,3.5,2025-03-08
Census Tract,39061025800,White,01/2021,0,2.5,2025-03-08
Census Tract,39061025800,White,02/2021,0,3,2025-03-08
Census Tract,39061025800,White,03/2021,4,3.5,2025-03-08
Census Tract,39061025800,White,04/2021,4,2.5,2025-03-08
Census Tract,39061025800,White,05/2021,2,3.5,2025-03-08
Census Tract,39061025800,White,06/2021,2,3,2025-03-08
Census Tract,39061025800,White,07/2021,2,5,2025-03-08
Census Tract,39061025800,White,08/2021,3,2.5,2025-03-08
Census Tract,39061025800,White,09/2021,5,5,2025-03-08
Census Tract,39061025800,White,10/2021,1,4,2025-03-08
Census Tract,39061025800,White,11/2021,1,2.5,2025-03-08
Census Tract,39061025800,White,12/2021,6,3.5,2025-03-08
Census Tract,39061025800,White,01/2022,4,2.5,2025-03-08
Census Tract,39061025800,White,02/2022,1,3,2025-03-08
Census Tract,39061025800,White,03/2022,0,3.5,2025-03-08
Census Tract,39061025800,White,04/2022,3,2.5,2025-03-08
Census Tract,39061025800,White,05/2022,3,3.5,2025-03-08
Census Tract,39061025800,White,06/2022,2,3,2025-03-08
Census Tract,39061025800,White,07/2022,6,5,2025-03-08
Census Tract,39061025800,White,08/2022,5,2.5,2025-03-08
Census Tract,39061025800,White,09/2022,6,5,2025-03-08
Census Tract,39061025800,White,10/2022,2,4,2025-03-08
Census Tract,39061025800,White,11/2022,2,2.5,2025-03-08
Census Tract,39061025800,White,12/2022,2,3.5,2025-03-08
Census Tract,39061025800,White,01/2023,3,2.5,2025-03-08
Census Tract,39061025800,White,02/2023,3,3,2025-03-08
Census Tract,39061025800,White,03/2023,1,3.5,2025-03-08
Census Tract,39061025800,White,04/2023,3,2.5,2025-03-08
Census Tract,39061025800,White,05/2023,2,3.5,2025-03-08
Census Tract,39061025800,White,06/2023,1,3,2025-03-08
Census Tract,39061025800,White,07/2023,6,5,2025-03-08
Census Tract,39061025800,White,08/2023,1,2.5,2025-03-08
Census Tract,39061025800,White,09/2023,3,5,2025-03-08
Census Tract,39061025800,White,10/2023,5,4,2025-03-08
Census Tract,39061025800,White,11/2023,2,2.5,2025-03-08
Census Tract,39061025800,White,12/2023,4,3.5,2025-03-08
Census Tract,39061025800,White,01/2024,2,2.5,2025-03-08
Census Tract,39061025800,White,02/2024,3,3,2025-03-08
Census Tract,39061025800,White,03/2024,6,3.5,2025-03-08
Census Tract,39061025800,White,04/2024,2,2.5,2025-03-08
Census Tract,39061025800,White,05/2024,5,3.5,2025-03-08
Census Tract,39061025800,White,06/2024,5,3,2025-03-08
Census Tract,39061025800,White,07/2024,4,5,2025-03-08
Census Tract,39061025800,White,08/2024,4,2.5,2025-03-08
Census Tract,39061025800,White,09/2024,7,5,2025-03-08
Census Tract,39061025800,White,10/2024,3,4,2025-03-08
Census Tract,39061025800,White,11/2024,3,2.5,2025-03-08
Census Tract,39061025800,White,12/2024,3,3.5,2025-03-08
Census Tract,39061025800,White,01/2025,2,2.5,2025-03-08
Census Tract,39061025800,White,02/2025,2,3,2025-03-08
Census Tract,39061025800,White,03/2025,1,0.5,2025-03-08
Census Tract,39061026001,White,01/2020,0,0,2025-03-08
Census Tract,39061026001,White,02/2020,0,0.5,2025-03-08
Census Tract,39061026001,White,03/2020,0,0,2025-03-08
Census Tract,39061026001,White,04/2020,0,0,2025-03-08
Census Tract,39061026001,White,05/2020,0,0.5,2025-03-08
Census Tract,39061026001,White,06/2020,1,0,2025-03-08
Census Tract,39061026001,White,07/2020,0,0,2025-03-08
Census Tract,39061026001,White,08/2020,1,0.5,2025-03-08
Census Tract,39061026001,White,09/2020,2,0.5,2025-03-08
Census Tract,39061026001,White,10/2020,0,1,2025-03-08
Census Tract,39061026001,White,11/2020,0,0.5,2025-03-08
Census Tract,39061026001,White,12/2020,0,2,2025-03-08
Census Tract,39061026001,White,01/2021,1,0,2025-03-08
Census Tract,39061026001,White,02/2021,1,0.5,2025-03-08
Census Tract,39061026001,White,03/2021,1,0,2025-03-08
Census Tract,39061026001,White,04/2021,0,0,2025-03-08
Census Tract,39061026001,White,05/2021,2,0.5,2025-03-08
Census Tract,39061026001,White,06/2021,4,0,2025-03-08
Census Tract,39061026001,White,07/2021,1,0,2025-03-08
Census Tract,39061026001,White,08/2021,0,0.5,2025-03-08
Census Tract,39061026001,White,09/2021,2,0.5,2025-03-08
Census Tract,39061026001,White,10/2021,0,1,2025-03-08
Census Tract,39061026001,White,11/2021,0,0.5,2025-03-08
Census Tract,39061026001,White,12/2021,0,2,2025-03-08
Census Tract,39061026001,White,01/2022,0,0,2025-03-08
Census Tract,39061026001,White,02/2022,0,0.5,2025-03-08
Census Tract,39061026001,White,03/2022,1,0,2025-03-08
Census Tract,39061026001,White,04/2022,0,0,2025-03-08
Census Tract,39061026001,White,05/2022,2,0.5,2025-03-08
Census Tract,39061026001,White,06/2022,1,0,2025-03-08
Census Tract,39061026001,White,07/2022,1,0,2025-03-08
Census Tract,39061026001,White,08/2022,1,0.5,2025-03-08
Census Tract,39061026001,White,09/2022,1,0.5,2025-03-08
Census Tract,39061026001,White,10/2022,2,1,2025-03-08
Census Tract,39061026001,White,11/2022,2,0.5,2025-03-08
Census Tract,39061026001,White,12/2022,3,2,2025-03-08
Census Tract,39061026001,White,01/2023,0,0,2025-03-08
Census Tract,39061026001,White,02/2023,1,0.5,2025-03-08
Census Tract,39061026001,White,03/2023,0,0,2025-03-08
Census Tract,39061026001,White,04/2023,0,0,2025-03-08
Census Tract,39061026001,White,05/2023,0,0.5,2025-03-08
Census Tract,39061026001,White,06/2023,0,0,2025-03-08
Census Tract,39061026001,White,07/2023,0,0,2025-03-08
Census Tract,39061026001,White,08/2023,1,0.5,2025-03-08
Census Tract,39061026001,White,09/2023,1,0.5,2025-03-08
Census Tract,39061026001,White,10/2023,0,1,2025-03-08
Census Tract,39061026001,White,11/2023,1,0.5,2025-03-08
Census Tract,39061026001,White,12/2023,3,2,2025-03-08
Census Tract,39061026001,White,01/2024,0,0,2025-03-08
Census Tract,39061026001,White,02/2024,0,0.5,2025-03-08
Census Tract,39061026001,White,03/2024,0,0,2025-03-08
Census Tract,39061026001,White,04/2024,0,0,2025-03-08
Census Tract,39061026001,White,05/2024,1,0.5,2025-03-08
Census Tract,39061026001,White,06/2024,0,0,2025-03-08
Census Tract,39061026001,White,07/2024,0,0,2025-03-08
Census Tract,39061026001,White,08/2024,0,0.5,2025-03-08
Census Tract,39061026001,White,09/2024,0,0.5,2025-03-08
Census Tract,39061026001,White,10/2024,2,1,2025-03-08
Census Tract,39061026001,White,11/2024,0,0.5,2025-03-08
Census Tract,39061026001,White,12/2024,1,2,2025-03-08
Census Tract,39061026001,White,01/2025,0,0,2025-03-08
Census Tract,39061026001,White,02/2025,0,0.5,2025-03-08
Census Tract,39061026001,White,03/2025,0,0,2025-03-08
Census Tract,39061026002,White,01/2020,0,5.5,2025-03-08
Census Tract,39061026002,White,02/2020,0,7.5,2025-03-08
Census Tract,39061026002,White,03/2020,0,3,2025-03-08
Census Tract,39061026002,White,04/2020,0,2.5,2025-03-08
Census Tract,39061026002,White,05/2020,1,7,2025-03-08
Census Tract,39061026002,White,06/2020,6,9.5,2025-03-08
Census Tract,39061026002,White,07/2020,1,2.5,2025-03-08
Census Tract,39061026002,White,08/2020,8,6,2025-03-08
Census Tract,39061026002,White,09/2020,6,10.5,2025-03-08
Census Tract,39061026002,White,10/2020,5,8,2025-03-08
Census Tract,39061026002,White,11/2020,2,3,2025-03-08
Census Tract,39061026002,White,12/2020,8,8,2025-03-08
Census Tract,39061026002,White,01/2021,6,5.5,2025-03-08
Census Tract,39061026002,White,02/2021,3,6,2025-03-08
Census Tract,39061026002,White,03/2021,3,3,2025-03-08
Census Tract,39061026002,White,04/2021,7,2.5,2025-03-08
Census Tract,39061026002,White,05/2021,7,7,2025-03-08
Census Tract,39061026002,White,06/2021,9,9.5,2025-03-08
Census Tract,39061026002,White,07/2021,12,2.5,2025-03-08
Census Tract,39061026002,White,08/2021,1,6,2025-03-08
Census Tract,39061026002,White,09/2021,11,10.5,2025-03-08
Census Tract,39061026002,White,10/2021,4,8,2025-03-08
Census Tract,39061026002,White,11/2021,6,3,2025-03-08
Census Tract,39061026002,White,12/2021,4,8,2025-03-08
Census Tract,39061026002,White,01/2022,5,5.5,2025-03-08
Census Tract,39061026002,White,02/2022,9,6,2025-03-08
Census Tract,39061026002,White,03/2022,3,3,2025-03-08
Census Tract,39061026002,White,04/2022,2,2.5,2025-03-08
Census Tract,39061026002,White,05/2022,9,7,2025-03-08
Census Tract,39061026002,White,06/2022,6,9.5,2025-03-08
Census Tract,39061026002,White,07/2022,15,2.5,2025-03-08
Census Tract,39061026002,White,08/2022,11,6,2025-03-08
Census Tract,39061026002,White,09/2022,4,10.5,2025-03-08
Census Tract,39061026002,White,10/2022,8,8,2025-03-08
Census Tract,39061026002,White,11/2022,3,3,2025-03-08
Census Tract,39061026002,White,12/2022,5,8,2025-03-08
Census Tract,39061026002,White,01/2023,8,5.5,2025-03-08
Census Tract,39061026002,White,02/2023,8,6,2025-03-08
Census Tract,39061026002,White,03/2023,4,3,2025-03-08
Census Tract,39061026002,White,04/2023,2,2.5,2025-03-08
Census Tract,39061026002,White,05/2023,8,7,2025-03-08
Census Tract,39061026002,White,06/2023,16,9.5,2025-03-08
Census Tract,39061026002,White,07/2023,2,2.5,2025-03-08
Census Tract,39061026002,White,08/2023,6,6,2025-03-08
Census Tract,39061026002,White,09/2023,7,10.5,2025-03-08
Census Tract,39061026002,White,10/2023,7,8,2025-03-08
Census Tract,39061026002,White,11/2023,4,3,2025-03-08
Census Tract,39061026002,White,12/2023,4,8,2025-03-08
Census Tract,39061026002,White,01/2024,3,5.5,2025-03-08
Census Tract,39061026002,White,02/2024,7,7.5,2025-03-08
Census Tract,39061026002,White,03/2024,2,3,2025-03-08
Census Tract,39061026002,White,04/2024,3,2.5,2025-03-08
Census Tract,39061026002,White,05/2024,6,7,2025-03-08
Census Tract,39061026002,White,06/2024,3,9.5,2025-03-08
Census Tract,39061026002,White,07/2024,3,2.5,2025-03-08
Census Tract,39061026002,White,08/2024,6,6,2025-03-08
Census Tract,39061026002,White,09/2024,14,10.5,2025-03-08
Census Tract,39061026002,White,10/2024,9,8,2025-03-08
Census Tract,39061026002,White,11/2024,2,3,2025-03-08
Census Tract,39061026002,White,12/2024,12,8,2025-03-08
Census Tract,39061026002,White,01/2025,2,5.5,2025-03-08
Census Tract,39061026002,White,02/2025,4,6,2025-03-08
Census Tract,39061026002,White,03/2025,0,1,2025-03-08
Census Tract,39061026102,White,01/2020,0,1.5,2025-03-08
Census Tract,39061026102,White,02/2020,0,5,2025-03-08
Census Tract,39061026102,White,03/2020,0,2.5,2025-03-08
Census Tract,39061026102,White,04/2020,0,5,2025-03-08
Census Tract,39061026102,White,05/2020,0,1,2025-03-08
Census Tract,39061026102,White,06/2020,0,4,2025-03-08
Census Tract,39061026102,White,07/2020,0,2.5,2025-03-08
Census Tract,39061026102,White,08/2020,0,2,2025-03-08
Census Tract,39061026102,White,09/2020,2,2.5,2025-03-08
Census Tract,39061026102,White,10/2020,1,4.5,2025-03-08
Census Tract,39061026102,White,11/2020,1,4,2025-03-08
Census Tract,39061026102,White,12/2020,1,1.5,2025-03-08
Census Tract,39061026102,White,01/2021,0,1.5,2025-03-08
Census Tract,39061026102,White,02/2021,0,5,2025-03-08
Census Tract,39061026102,White,03/2021,1,2.5,2025-03-08
Census Tract,39061026102,White,04/2021,0,5,2025-03-08
Census Tract,39061026102,White,05/2021,0,1,2025-03-08
Census Tract,39061026102,White,06/2021,0,4,2025-03-08
Census Tract,39061026102,White,07/2021,5,2.5,2025-03-08
Census Tract,39061026102,White,08/2021,1,2,2025-03-08
Census Tract,39061026102,White,09/2021,0,2.5,2025-03-08
Census Tract,39061026102,White,10/2021,1,4.5,2025-03-08
Census Tract,39061026102,White,11/2021,8,4,2025-03-08
Census Tract,39061026102,White,12/2021,0,1.5,2025-03-08
Census Tract,39061026102,White,01/2022,0,1.5,2025-03-08
Census Tract,39061026102,White,02/2022,2,5,2025-03-08
Census Tract,39061026102,White,03/2022,0,2.5,2025-03-08
Census Tract,39061026102,White,04/2022,1,5,2025-03-08
Census Tract,39061026102,White,05/2022,0,1,2025-03-08
Census Tract,39061026102,White,06/2022,1,4,2025-03-08
Census Tract,39061026102,White,07/2022,5,2.5,2025-03-08
Census Tract,39061026102,White,08/2022,2,2,2025-03-08
Census Tract,39061026102,White,09/2022,3,2.5,2025-03-08
Census Tract,39061026102,White,10/2022,0,4.5,2025-03-08
Census Tract,39061026102,White,11/2022,1,4,2025-03-08
Census Tract,39061026102,White,12/2022,0,1.5,2025-03-08
Census Tract,39061026102,White,01/2023,1,1.5,2025-03-08
Census Tract,39061026102,White,02/2023,3,5,2025-03-08
Census Tract,39061026102,White,03/2023,5,2.5,2025-03-08
Census Tract,39061026102,White,04/2023,10,5,2025-03-08
Census Tract,39061026102,White,05/2023,2,1,2025-03-08
Census Tract,39061026102,White,06/2023,7,4,2025-03-08
Census Tract,39061026102,White,07/2023,2,2.5,2025-03-08
Census Tract,39061026102,White,08/2023,2,2,2025-03-08
Census Tract,39061026102,White,09/2023,3,2.5,2025-03-08
Census Tract,39061026102,White,10/2023,2,4.5,2025-03-08
Census Tract,39061026102,White,11/2023,7,4,2025-03-08
Census Tract,39061026102,White,12/2023,2,1.5,2025-03-08
Census Tract,39061026102,White,01/2024,2,1.5,2025-03-08
Census Tract,39061026102,White,02/2024,7,5,2025-03-08
Census Tract,39061026102,White,03/2024,0,2.5,2025-03-08
Census Tract,39061026102,White,04/2024,0,5,2025-03-08
Census Tract,39061026102,White,05/2024,0,1,2025-03-08
Census Tract,39061026102,White,06/2024,1,4,2025-03-08
Census Tract,39061026102,White,07/2024,3,2.5,2025-03-08
Census Tract,39061026102,White,08/2024,2,2,2025-03-08
Census Tract,39061026102,White,09/2024,2,2.5,2025-03-08
Census Tract,39061026102,White,10/2024,7,4.5,2025-03-08
Census Tract,39061026102,White,11/2024,1,4,2025-03-08
Census Tract,39061026102,White,12/2024,1,1.5,2025-03-08
Census Tract,39061026102,White,01/2025,0,1.5,2025-03-08
Census Tract,39061026102,White,02/2025,1,5,2025-03-08
Census Tract,39061026102,White,03/2025,0,0.5,2025-03-08
Census Tract,39061026103,White,01/2020,0,2.5,2025-03-08
Census Tract,39061026103,White,02/2020,0,2,2025-03-08
Census Tract,39061026103,White,03/2020,0,0.5,2025-03-08
Census Tract,39061026103,White,04/2020,0,2,2025-03-08
Census Tract,39061026103,White,05/2020,1,0.5,2025-03-08
Census Tract,39061026103,White,06/2020,2,3,2025-03-08
Census Tract,39061026103,White,07/2020,3,1.5,2025-03-08
Census Tract,39061026103,White,08/2020,0,1.5,2025-03-08
Census Tract,39061026103,White,09/2020,2,2.5,2025-03-08
Census Tract,39061026103,White,10/2020,1,0.5,2025-03-08
Census Tract,39061026103,White,11/2020,0,1,2025-03-08
Census Tract,39061026103,White,12/2020,1,3,2025-03-08
Census Tract,39061026103,White,01/2021,2,2.5,2025-03-08
Census Tract,39061026103,White,02/2021,1,2,2025-03-08
Census Tract,39061026103,White,03/2021,0,0.5,2025-03-08
Census Tract,39061026103,White,04/2021,3,2,2025-03-08
Census Tract,39061026103,White,05/2021,2,0.5,2025-03-08
Census Tract,39061026103,White,06/2021,2,3,2025-03-08
Census Tract,39061026103,White,07/2021,2,1.5,2025-03-08
Census Tract,39061026103,White,08/2021,1,1.5,2025-03-08
Census Tract,39061026103,White,09/2021,3,2.5,2025-03-08
Census Tract,39061026103,White,10/2021,1,0.5,2025-03-08
Census Tract,39061026103,White,11/2021,0,1,2025-03-08
Census Tract,39061026103,White,12/2021,1,3,2025-03-08
Census Tract,39061026103,White,01/2022,1,2.5,2025-03-08
Census Tract,39061026103,White,02/2022,2,2,2025-03-08
Census Tract,39061026103,White,03/2022,2,0.5,2025-03-08
Census Tract,39061026103,White,04/2022,3,2,2025-03-08
Census Tract,39061026103,White,05/2022,3,0.5,2025-03-08
Census Tract,39061026103,White,06/2022,1,3,2025-03-08
Census Tract,39061026103,White,07/2022,2,1.5,2025-03-08
Census Tract,39061026103,White,08/2022,1,1.5,2025-03-08
Census Tract,39061026103,White,09/2022,4,2.5,2025-03-08
Census Tract,39061026103,White,10/2022,1,0.5,2025-03-08
Census Tract,39061026103,White,11/2022,2,1,2025-03-08
Census Tract,39061026103,White,12/2022,2,3,2025-03-08
Census Tract,39061026103,White,01/2023,1,2.5,2025-03-08
Census Tract,39061026103,White,02/2023,1,2,2025-03-08
Census Tract,39061026103,White,03/2023,1,0.5,2025-03-08
Census Tract,39061026103,White,04/2023,2,2,2025-03-08
Census Tract,39061026103,White,05/2023,0,0.5,2025-03-08
Census Tract,39061026103,White,06/2023,5,3,2025-03-08
Census Tract,39061026103,White,07/2023,1,1.5,2025-03-08
Census Tract,39061026103,White,08/2023,2,1.5,2025-03-08
Census Tract,39061026103,White,09/2023,4,2.5,2025-03-08
Census Tract,39061026103,White,10/2023,1,0.5,2025-03-08
Census Tract,39061026103,White,11/2023,2,1,2025-03-08
Census Tract,39061026103,White,12/2023,3,3,2025-03-08
Census Tract,39061026103,White,01/2024,4,2.5,2025-03-08
Census Tract,39061026103,White,02/2024,3,2,2025-03-08
Census Tract,39061026103,White,03/2024,0,0.5,2025-03-08
Census Tract,39061026103,White,04/2024,2,2,2025-03-08
Census Tract,39061026103,White,05/2024,1,0.5,2025-03-08
Census Tract,39061026103,White,06/2024,1,3,2025-03-08
Census Tract,39061026103,White,07/2024,2,1.5,2025-03-08
Census Tract,39061026103,White,08/2024,1,1.5,2025-03-08
Census Tract,39061026103,White,09/2024,1,2.5,2025-03-08
Census Tract,39061026103,White,10/2024,0,0.5,2025-03-08
Census Tract,39061026103,White,11/2024,0,1,2025-03-08
Census Tract,39061026103,White,12/2024,3,3,2025-03-08
Census Tract,39061026103,White,01/2025,2,2.5,2025-03-08
Census Tract,39061026103,White,02/2025,0,2,2025-03-08
Census Tract,39061026103,White,03/2025,0,0.5,2025-03-08
Census Tract,39061026104,White,01/2020,0,1.5,2025-03-08
Census Tract,39061026104,White,02/2020,0,3,2025-03-08
Census Tract,39061026104,White,03/2020,0,1,2025-03-08
Census Tract,39061026104,White,04/2020,0,2,2025-03-08
Census Tract,39061026104,White,05/2020,0,4.5,2025-03-08
Census Tract,39061026104,White,06/2020,0,5.5,2025-03-08
Census Tract,39061026104,White,07/2020,3,2,2025-03-08
Census Tract,39061026104,White,08/2020,1,4.5,2025-03-08
Census Tract,39061026104,White,09/2020,1,3,2025-03-08
Census Tract,39061026104,White,10/2020,3,3.5,2025-03-08
Census Tract,39061026104,White,11/2020,10,3,2025-03-08
Census Tract,39061026104,White,12/2020,5,3.5,2025-03-08
Census Tract,39061026104,White,01/2021,2,1.5,2025-03-08
Census Tract,39061026104,White,02/2021,5,3,2025-03-08
Census Tract,39061026104,White,03/2021,5,1,2025-03-08
Census Tract,39061026104,White,04/2021,0,2,2025-03-08
Census Tract,39061026104,White,05/2021,1,4.5,2025-03-08
Census Tract,39061026104,White,06/2021,4,5.5,2025-03-08
Census Tract,39061026104,White,07/2021,5,2,2025-03-08
Census Tract,39061026104,White,08/2021,1,4.5,2025-03-08
Census Tract,39061026104,White,09/2021,2,3,2025-03-08
Census Tract,39061026104,White,10/2021,1,3.5,2025-03-08
Census Tract,39061026104,White,11/2021,3,3,2025-03-08
Census Tract,39061026104,White,12/2021,0,3.5,2025-03-08
Census Tract,39061026104,White,01/2022,1,1.5,2025-03-08
Census Tract,39061026104,White,02/2022,5,3,2025-03-08
Census Tract,39061026104,White,03/2022,0,1,2025-03-08
Census Tract,39061026104,White,04/2022,5,2,2025-03-08
Census Tract,39061026104,White,05/2022,3,4.5,2025-03-08
Census Tract,39061026104,White,06/2022,5,5.5,2025-03-08
Census Tract,39061026104,White,07/2022,0,2,2025-03-08
Census Tract,39061026104,White,08/2022,7,4.5,2025-03-08
Census Tract,39061026104,White,09/2022,5,3,2025-03-08
Census Tract,39061026104,White,10/2022,2,3.5,2025-03-08
Census Tract,39061026104,White,11/2022,4,3,2025-03-08
Census Tract,39061026104,White,12/2022,4,3.5,2025-03-08
Census Tract,39061026104,White,01/2023,3,1.5,2025-03-08
Census Tract,39061026104,White,02/2023,1,3,2025-03-08
Census Tract,39061026104,White,03/2023,0,1,2025-03-08
Census Tract,39061026104,White,04/2023,4,2,2025-03-08
Census Tract,39061026104,White,05/2023,4,4.5,2025-03-08
Census Tract,39061026104,White,06/2023,8,5.5,2025-03-08
Census Tract,39061026104,White,07/2023,0,2,2025-03-08
Census Tract,39061026104,White,08/2023,6,4.5,2025-03-08
Census Tract,39061026104,White,09/2023,3,3,2025-03-08
Census Tract,39061026104,White,10/2023,3,3.5,2025-03-08
Census Tract,39061026104,White,11/2023,1,3,2025-03-08
Census Tract,39061026104,White,12/2023,1,3.5,2025-03-08
Census Tract,39061026104,White,01/2024,0,1.5,2025-03-08
Census Tract,39061026104,White,02/2024,5,3,2025-03-08
Census Tract,39061026104,White,03/2024,2,1,2025-03-08
Census Tract,39061026104,White,04/2024,0,2,2025-03-08
Census Tract,39061026104,White,05/2024,5,4.5,2025-03-08
Census Tract,39061026104,White,06/2024,3,5.5,2025-03-08
Census Tract,39061026104,White,07/2024,4,2,2025-03-08
Census Tract,39061026104,White,08/2024,3,4.5,2025-03-08
Census Tract,39061026104,White,09/2024,3,3,2025-03-08
Census Tract,39061026104,White,10/2024,4,3.5,2025-03-08
Census Tract,39061026104,White,11/2024,5,3,2025-03-08
Census Tract,39061026104,White,12/2024,6,3.5,2025-03-08
Census Tract,39061026104,White,01/2025,2,1.5,2025-03-08
Census Tract,39061026104,White,02/2025,3,3,2025-03-08
Census Tract,39061026104,White,03/2025,0,0,2025-03-08
Census Tract,39061026200,White,01/2020,0,4,2025-03-08
Census Tract,39061026200,White,02/2020,0,12.5,2025-03-08
Census Tract,39061026200,White,03/2020,0,3,2025-03-08
Census Tract,39061026200,White,04/2020,0,8.5,2025-03-08
Census Tract,39061026200,White,05/2020,0,3.5,2025-03-08
Census Tract,39061026200,White,06/2020,0,5,2025-03-08
Census Tract,39061026200,White,07/2020,13,17,2025-03-08
Census Tract,39061026200,White,08/2020,7,3,2025-03-08
Census Tract,39061026200,White,09/2020,13,6,2025-03-08
Census Tract,39061026200,White,10/2020,5,3,2025-03-08
Census Tract,39061026200,White,11/2020,24,1,2025-03-08
Census Tract,39061026200,White,12/2020,11,13,2025-03-08
Census Tract,39061026200,White,01/2021,21,4,2025-03-08
Census Tract,39061026200,White,02/2021,6,12.5,2025-03-08
Census Tract,39061026200,White,03/2021,9,3,2025-03-08
Census Tract,39061026200,White,04/2021,2,8.5,2025-03-08
Census Tract,39061026200,White,05/2021,10,3.5,2025-03-08
Census Tract,39061026200,White,06/2021,22,5,2025-03-08
Census Tract,39061026200,White,07/2021,18,17,2025-03-08
Census Tract,39061026200,White,08/2021,15,3,2025-03-08
Census Tract,39061026200,White,09/2021,16,6,2025-03-08
Census Tract,39061026200,White,10/2021,11,3,2025-03-08
Census Tract,39061026200,White,11/2021,14,1,2025-03-08
Census Tract,39061026200,White,12/2021,17,13,2025-03-08
Census Tract,39061026200,White,01/2022,25,4,2025-03-08
Census Tract,39061026200,White,02/2022,2,12.5,2025-03-08
Census Tract,39061026200,White,03/2022,6,3,2025-03-08
Census Tract,39061026200,White,04/2022,1,8.5,2025-03-08
Census Tract,39061026200,White,05/2022,7,3.5,2025-03-08
Census Tract,39061026200,White,06/2022,3,5,2025-03-08
Census Tract,39061026200,White,07/2022,9,17,2025-03-08
Census Tract,39061026200,White,08/2022,14,3,2025-03-08
Census Tract,39061026200,White,09/2022,21,6,2025-03-08
Census Tract,39061026200,White,10/2022,13,3,2025-03-08
Census Tract,39061026200,White,11/2022,5,1,2025-03-08
Census Tract,39061026200,White,12/2022,5,13,2025-03-08
Census Tract,39061026200,White,01/2023,5,4,2025-03-08
Census Tract,39061026200,White,02/2023,19,12.5,2025-03-08
Census Tract,39061026200,White,03/2023,4,3,2025-03-08
Census Tract,39061026200,White,04/2023,11,8.5,2025-03-08
Census Tract,39061026200,White,05/2023,0,3.5,2025-03-08
Census Tract,39061026200,White,06/2023,7,5,2025-03-08
Census Tract,39061026200,White,07/2023,24,17,2025-03-08
Census Tract,39061026200,White,08/2023,2,3,2025-03-08
Census Tract,39061026200,White,09/2023,7,6,2025-03-08
Census Tract,39061026200,White,10/2023,1,3,2025-03-08
Census Tract,39061026200,White,11/2023,1,1,2025-03-08
Census Tract,39061026200,White,12/2023,15,13,2025-03-08
Census Tract,39061026200,White,01/2024,3,4,2025-03-08
Census Tract,39061026200,White,02/2024,6,12.5,2025-03-08
Census Tract,39061026200,White,03/2024,2,3,2025-03-08
Census Tract,39061026200,White,04/2024,6,8.5,2025-03-08
Census Tract,39061026200,White,05/2024,7,3.5,2025-03-08
Census Tract,39061026200,White,06/2024,3,5,2025-03-08
Census Tract,39061026200,White,07/2024,10,17,2025-03-08
Census Tract,39061026200,White,08/2024,4,3,2025-03-08
Census Tract,39061026200,White,09/2024,5,6,2025-03-08
Census Tract,39061026200,White,10/2024,5,3,2025-03-08
Census Tract,39061026200,White,11/2024,1,1,2025-03-08
Census Tract,39061026200,White,12/2024,11,13,2025-03-08
Census Tract,39061026200,White,01/2025,6,4,2025-03-08
Census Tract,39061026200,White,02/2025,10,12.5,2025-03-08
Census Tract,39061026200,White,03/2025,0,1.5,2025-03-08
Census Tract,39061026300,White,01/2020,0,2.5,2025-03-08
Census Tract,39061026300,White,02/2020,0,8.5,2025-03-08
Census Tract,39061026300,White,03/2020,0,2.5,2025-03-08
Census Tract,39061026300,White,04/2020,0,2,2025-03-08
Census Tract,39061026300,White,05/2020,1,3,2025-03-08
Census Tract,39061026300,White,06/2020,6,5.5,2025-03-08
Census Tract,39061026300,White,07/2020,3,4.5,2025-03-08
Census Tract,39061026300,White,08/2020,6,7,2025-03-08
Census Tract,39061026300,White,09/2020,11,2.5,2025-03-08
Census Tract,39061026300,White,10/2020,4,2.5,2025-03-08
Census Tract,39061026300,White,11/2020,3,2,2025-03-08
Census Tract,39061026300,White,12/2020,1,2,2025-03-08
Census Tract,39061026300,White,01/2021,0,2.5,2025-03-08
Census Tract,39061026300,White,02/2021,3,8.5,2025-03-08
Census Tract,39061026300,White,03/2021,5,2.5,2025-03-08
Census Tract,39061026300,White,04/2021,5,2,2025-03-08
Census Tract,39061026300,White,05/2021,3,3,2025-03-08
Census Tract,39061026300,White,06/2021,7,5.5,2025-03-08
Census Tract,39061026300,White,07/2021,10,4.5,2025-03-08
Census Tract,39061026300,White,08/2021,2,7,2025-03-08
Census Tract,39061026300,White,09/2021,4,2.5,2025-03-08
Census Tract,39061026300,White,10/2021,4,2.5,2025-03-08
Census Tract,39061026300,White,11/2021,11,2,2025-03-08
Census Tract,39061026300,White,12/2021,4,2,2025-03-08
Census Tract,39061026300,White,01/2022,10,2.5,2025-03-08
Census Tract,39061026300,White,02/2022,15,8.5,2025-03-08
Census Tract,39061026300,White,03/2022,10,2.5,2025-03-08
Census Tract,39061026300,White,04/2022,1,2,2025-03-08
Census Tract,39061026300,White,05/2022,5,3,2025-03-08
Census Tract,39061026300,White,06/2022,9,5.5,2025-03-08
Census Tract,39061026300,White,07/2022,4,4.5,2025-03-08
Census Tract,39061026300,White,08/2022,6,7,2025-03-08
Census Tract,39061026300,White,09/2022,2,2.5,2025-03-08
Census Tract,39061026300,White,10/2022,7,2.5,2025-03-08
Census Tract,39061026300,White,11/2022,1,2,2025-03-08
Census Tract,39061026300,White,12/2022,4,2,2025-03-08
Census Tract,39061026300,White,01/2023,0,2.5,2025-03-08
Census Tract,39061026300,White,02/2023,5,8.5,2025-03-08
Census Tract,39061026300,White,03/2023,2,2.5,2025-03-08
Census Tract,39061026300,White,04/2023,3,2,2025-03-08
Census Tract,39061026300,White,05/2023,3,3,2025-03-08
Census Tract,39061026300,White,06/2023,8,5.5,2025-03-08
Census Tract,39061026300,White,07/2023,2,4.5,2025-03-08
Census Tract,39061026300,White,08/2023,6,7,2025-03-08
Census Tract,39061026300,White,09/2023,2,2.5,2025-03-08
Census Tract,39061026300,White,10/2023,2,2.5,2025-03-08
Census Tract,39061026300,White,11/2023,3,2,2025-03-08
Census Tract,39061026300,White,12/2023,2,2,2025-03-08
Census Tract,39061026300,White,01/2024,5,2.5,2025-03-08
Census Tract,39061026300,White,02/2024,12,8.5,2025-03-08
Census Tract,39061026300,White,03/2024,3,2.5,2025-03-08
Census Tract,39061026300,White,04/2024,1,2,2025-03-08
Census Tract,39061026300,White,05/2024,3,3,2025-03-08
Census Tract,39061026300,White,06/2024,3,5.5,2025-03-08
Census Tract,39061026300,White,07/2024,7,4.5,2025-03-08
Census Tract,39061026300,White,08/2024,8,7,2025-03-08
Census Tract,39061026300,White,09/2024,3,2.5,2025-03-08
Census Tract,39061026300,White,10/2024,3,2.5,2025-03-08
Census Tract,39061026300,White,11/2024,1,2,2025-03-08
Census Tract,39061026300,White,12/2024,2,2,2025-03-08
Census Tract,39061026300,White,01/2025,4,2.5,2025-03-08
Census Tract,39061026300,White,02/2025,3,8.5,2025-03-08
Census Tract,39061026300,White,03/2025,1,1,2025-03-08
Census Tract,39061026400,Black,01/2020,0,7,2025-03-08
Census Tract,39061026400,Black,02/2020,0,4.5,2025-03-08
Census Tract,39061026400,Black,03/2020,0,3.5,2025-03-08
Census Tract,39061026400,Black,04/2020,0,2.5,2025-03-08
Census Tract,39061026400,Black,05/2020,1,6.5,2025-03-08
Census Tract,39061026400,Black,06/2020,1,3,2025-03-08
Census Tract,39061026400,Black,07/2020,0,6,2025-03-08
Census Tract,39061026400,Black,08/2020,3,3.5,2025-03-08
Census Tract,39061026400,Black,09/2020,1,9.5,2025-03-08
Census Tract,39061026400,Black,10/2020,5,5.5,2025-03-08
Census Tract,39061026400,Black,11/2020,5,12,2025-03-08
Census Tract,39061026400,Black,12/2020,7,6.5,2025-03-08
Census Tract,39061026400,Black,01/2021,3,7,2025-03-08
Census Tract,39061026400,Black,02/2021,1,4.5,2025-03-08
Census Tract,39061026400,Black,03/2021,11,3.5,2025-03-08
Census Tract,39061026400,Black,04/2021,24,2.5,2025-03-08
Census Tract,39061026400,Black,05/2021,3,6.5,2025-03-08
Census Tract,39061026400,Black,06/2021,9,3,2025-03-08
Census Tract,39061026400,Black,07/2021,3,6,2025-03-08
Census Tract,39061026400,Black,08/2021,20,3.5,2025-03-08
Census Tract,39061026400,Black,09/2021,17,9.5,2025-03-08
Census Tract,39061026400,Black,10/2021,38,5.5,2025-03-08
Census Tract,39061026400,Black,11/2021,3,12,2025-03-08
Census Tract,39061026400,Black,12/2021,13,6.5,2025-03-08
Census Tract,39061026400,Black,01/2022,15,7,2025-03-08
Census Tract,39061026400,Black,02/2022,3,4.5,2025-03-08
Census Tract,39061026400,Black,03/2022,8,3.5,2025-03-08
Census Tract,39061026400,Black,04/2022,9,2.5,2025-03-08
Census Tract,39061026400,Black,05/2022,8,6.5,2025-03-08
Census Tract,39061026400,Black,06/2022,6,3,2025-03-08
Census Tract,39061026400,Black,07/2022,13,6,2025-03-08
Census Tract,39061026400,Black,08/2022,4,3.5,2025-03-08
Census Tract,39061026400,Black,09/2022,19,9.5,2025-03-08
Census Tract,39061026400,Black,10/2022,1,5.5,2025-03-08
Census Tract,39061026400,Black,11/2022,25,12,2025-03-08
Census Tract,39061026400,Black,12/2022,11,6.5,2025-03-08
Census Tract,39061026400,Black,01/2023,14,7,2025-03-08
Census Tract,39061026400,Black,02/2023,8,4.5,2025-03-08
Census Tract,39061026400,Black,03/2023,3,3.5,2025-03-08
Census Tract,39061026400,Black,04/2023,2,2.5,2025-03-08
Census Tract,39061026400,Black,05/2023,12,6.5,2025-03-08
Census Tract,39061026400,Black,06/2023,5,3,2025-03-08
Census Tract,39061026400,Black,07/2023,11,6,2025-03-08
Census Tract,39061026400,Black,08/2023,1,3.5,2025-03-08
Census Tract,39061026400,Black,09/2023,18,9.5,2025-03-08
Census Tract,39061026400,Black,10/2023,11,5.5,2025-03-08
Census Tract,39061026400,Black,11/2023,21,12,2025-03-08
Census Tract,39061026400,Black,12/2023,10,6.5,2025-03-08
Census Tract,39061026400,Black,01/2024,0,7,2025-03-08
Census Tract,39061026400,Black,02/2024,1,4.5,2025-03-08
Census Tract,39061026400,Black,03/2024,4,3.5,2025-03-08
Census Tract,39061026400,Black,04/2024,3,2.5,2025-03-08
Census Tract,39061026400,Black,05/2024,1,6.5,2025-03-08
Census Tract,39061026400,Black,06/2024,1,3,2025-03-08
Census Tract,39061026400,Black,07/2024,1,6,2025-03-08
Census Tract,39061026400,Black,08/2024,6,3.5,2025-03-08
Census Tract,39061026400,Black,09/2024,1,9.5,2025-03-08
Census Tract,39061026400,Black,10/2024,0,5.5,2025-03-08
Census Tract,39061026400,Black,11/2024,3,12,2025-03-08
Census Tract,39061026400,Black,12/2024,3,6.5,2025-03-08
Census Tract,39061026400,Black,01/2025,1,7,2025-03-08
Census Tract,39061026400,Black,02/2025,1,4.5,2025-03-08
Census Tract,39061026400,Black,03/2025,0,2,2025-03-08
Census Tract,39061026500,White,01/2020,0,7,2025-03-08
Census Tract,39061026500,White,02/2020,0,22.5,2025-03-08
Census Tract,39061026500,White,03/2020,0,9.5,2025-03-08
Census Tract,39061026500,White,04/2020,0,10.5,2025-03-08
Census Tract,39061026500,White,05/2020,3,9,2025-03-08
Census Tract,39061026500,White,06/2020,3,4.5,2025-03-08
Census Tract,39061026500,White,07/2020,3,3,2025-03-08
Census Tract,39061026500,White,08/2020,4,7.5,2025-03-08
Census Tract,39061026500,White,09/2020,2,21,2025-03-08
Census Tract,39061026500,White,10/2020,5,7,2025-03-08
Census Tract,39061026500,White,11/2020,8,7.5,2025-03-08
Census Tract,39061026500,White,12/2020,7,19.5,2025-03-08
Census Tract,39061026500,White,01/2021,24,7,2025-03-08
Census Tract,39061026500,White,02/2021,15,22.5,2025-03-08
Census Tract,39061026500,White,03/2021,5,9.5,2025-03-08
Census Tract,39061026500,White,04/2021,13,10.5,2025-03-08
Census Tract,39061026500,White,05/2021,3,9,2025-03-08
Census Tract,39061026500,White,06/2021,16,4.5,2025-03-08
Census Tract,39061026500,White,07/2021,4,3,2025-03-08
Census Tract,39061026500,White,08/2021,5,7.5,2025-03-08
Census Tract,39061026500,White,09/2021,7,21,2025-03-08
Census Tract,39061026500,White,10/2021,0,7,2025-03-08
Census Tract,39061026500,White,11/2021,24,7.5,2025-03-08
Census Tract,39061026500,White,12/2021,3,19.5,2025-03-08
Census Tract,39061026500,White,01/2022,5,7,2025-03-08
Census Tract,39061026500,White,02/2022,1,22.5,2025-03-08
Census Tract,39061026500,White,03/2022,10,9.5,2025-03-08
Census Tract,39061026500,White,04/2022,6,10.5,2025-03-08
Census Tract,39061026500,White,05/2022,5,9,2025-03-08
Census Tract,39061026500,White,06/2022,4,4.5,2025-03-08
Census Tract,39061026500,White,07/2022,47,3,2025-03-08
Census Tract,39061026500,White,08/2022,5,7.5,2025-03-08
Census Tract,39061026500,White,09/2022,6,21,2025-03-08
Census Tract,39061026500,White,10/2022,9,7,2025-03-08
Census Tract,39061026500,White,11/2022,5,7.5,2025-03-08
Census Tract,39061026500,White,12/2022,9,19.5,2025-03-08
Census Tract,39061026500,White,01/2023,6,7,2025-03-08
Census Tract,39061026500,White,02/2023,34,22.5,2025-03-08
Census Tract,39061026500,White,03/2023,8,9.5,2025-03-08
Census Tract,39061026500,White,04/2023,6,10.5,2025-03-08
Census Tract,39061026500,White,05/2023,9,9,2025-03-08
Census Tract,39061026500,White,06/2023,4,4.5,2025-03-08
Census Tract,39061026500,White,07/2023,4,3,2025-03-08
Census Tract,39061026500,White,08/2023,7,7.5,2025-03-08
Census Tract,39061026500,White,09/2023,30,21,2025-03-08
Census Tract,39061026500,White,10/2023,6,7,2025-03-08
Census Tract,39061026500,White,11/2023,10,7.5,2025-03-08
Census Tract,39061026500,White,12/2023,30,19.5,2025-03-08
Census Tract,39061026500,White,01/2024,8,7,2025-03-08
Census Tract,39061026500,White,02/2024,11,22.5,2025-03-08
Census Tract,39061026500,White,03/2024,11,9.5,2025-03-08
Census Tract,39061026500,White,04/2024,15,10.5,2025-03-08
Census Tract,39061026500,White,05/2024,9,9,2025-03-08
Census Tract,39061026500,White,06/2024,5,4.5,2025-03-08
Census Tract,39061026500,White,07/2024,2,3,2025-03-08
Census Tract,39061026500,White,08/2024,8,7.5,2025-03-08
Census Tract,39061026500,White,09/2024,12,21,2025-03-08
Census Tract,39061026500,White,10/2024,8,7,2025-03-08
Census Tract,39061026500,White,11/2024,5,7.5,2025-03-08
Census Tract,39061026500,White,12/2024,9,19.5,2025-03-08
Census Tract,39061026500,White,01/2025,10,7,2025-03-08
Census Tract,39061026500,White,02/2025,17,22.5,2025-03-08
Census Tract,39061026500,White,03/2025,0,1,2025-03-08
Census Tract,39061026600,White,01/2020,0,1,2025-03-08
Census Tract,39061026600,White,02/2020,0,1,2025-03-08
Census Tract,39061026600,White,03/2020,0,1,2025-03-08
Census Tract,39061026600,White,04/2020,0,1,2025-03-08
Census Tract,39061026600,White,05/2020,0,0,2025-03-08
Census Tract,39061026600,White,06/2020,1,1.5,2025-03-08
Census Tract,39061026600,White,07/2020,0,1.5,2025-03-08
Census Tract,39061026600,White,08/2020,0,1,2025-03-08
Census Tract,39061026600,White,09/2020,1,1,2025-03-08
Census Tract,39061026600,White,10/2020,0,1,2025-03-08
Census Tract,39061026600,White,11/2020,0,0.5,2025-03-08
Census Tract,39061026600,White,12/2020,0,0.5,2025-03-08
Census Tract,39061026600,White,01/2021,0,1,2025-03-08
Census Tract,39061026600,White,02/2021,0,1,2025-03-08
Census Tract,39061026600,White,03/2021,0,1,2025-03-08
Census Tract,39061026600,White,04/2021,0,1,2025-03-08
Census Tract,39061026600,White,05/2021,0,0,2025-03-08
Census Tract,39061026600,White,06/2021,0,1.5,2025-03-08
Census Tract,39061026600,White,07/2021,1,1.5,2025-03-08
Census Tract,39061026600,White,08/2021,0,1,2025-03-08
Census Tract,39061026600,White,09/2021,0,1,2025-03-08
Census Tract,39061026600,White,10/2021,0,1,2025-03-08
Census Tract,39061026600,White,11/2021,0,0.5,2025-03-08
Census Tract,39061026600,White,12/2021,1,0.5,2025-03-08
Census Tract,39061026600,White,01/2022,0,1,2025-03-08
Census Tract,39061026600,White,02/2022,0,1,2025-03-08
Census Tract,39061026600,White,03/2022,0,1,2025-03-08
Census Tract,39061026600,White,04/2022,0,1,2025-03-08
Census Tract,39061026600,White,05/2022,1,0,2025-03-08
Census Tract,39061026600,White,06/2022,1,1.5,2025-03-08
Census Tract,39061026600,White,07/2022,0,1.5,2025-03-08
Census Tract,39061026600,White,08/2022,1,1,2025-03-08
Census Tract,39061026600,White,09/2022,0,1,2025-03-08
Census Tract,39061026600,White,10/2022,1,1,2025-03-08
Census Tract,39061026600,White,11/2022,0,0.5,2025-03-08
Census Tract,39061026600,White,12/2022,0,0.5,2025-03-08
Census Tract,39061026600,White,01/2023,0,1,2025-03-08
Census Tract,39061026600,White,02/2023,0,1,2025-03-08
Census Tract,39061026600,White,03/2023,1,1,2025-03-08
Census Tract,39061026600,White,04/2023,0,1,2025-03-08
Census Tract,39061026600,White,05/2023,0,0,2025-03-08
Census Tract,39061026600,White,06/2023,0,1.5,2025-03-08
Census Tract,39061026600,White,07/2023,0,1.5,2025-03-08
Census Tract,39061026600,White,08/2023,1,1,2025-03-08
Census Tract,39061026600,White,09/2023,2,1,2025-03-08
Census Tract,39061026600,White,10/2023,1,1,2025-03-08
Census Tract,39061026600,White,11/2023,1,0.5,2025-03-08
Census Tract,39061026600,White,12/2023,1,0.5,2025-03-08
Census Tract,39061026600,White,01/2024,2,1,2025-03-08
Census Tract,39061026600,White,02/2024,2,1,2025-03-08
Census Tract,39061026600,White,03/2024,1,1,2025-03-08
Census Tract,39061026600,White,04/2024,2,1,2025-03-08
Census Tract,39061026600,White,05/2024,0,0,2025-03-08
Census Tract,39061026600,White,06/2024,3,1.5,2025-03-08
Census Tract,39061026600,White,07/2024,3,1.5,2025-03-08
Census Tract,39061026600,White,08/2024,1,1,2025-03-08
Census Tract,39061026600,White,09/2024,0,1,2025-03-08
Census Tract,39061026600,White,10/2024,1,1,2025-03-08
Census Tract,39061026600,White,11/2024,0,0.5,2025-03-08
Census Tract,39061026600,White,12/2024,0,0.5,2025-03-08
Census Tract,39061026600,White,01/2025,2,1,2025-03-08
Census Tract,39061026600,White,02/2025,1,1,2025-03-08
Census Tract,39061026600,White,03/2025,0,0.5,2025-03-08
Census Tract,39061026700,Black,01/2020,0,4.5,2025-03-08
Census Tract,39061026700,Black,02/2020,0,6.5,2025-03-08
Census Tract,39061026700,Black,03/2020,0,4.5,2025-03-08
Census Tract,39061026700,Black,04/2020,0,6,2025-03-08
Census Tract,39061026700,Black,05/2020,0,4.5,2025-03-08
Census Tract,39061026700,Black,06/2020,3,6,2025-03-08
Census Tract,39061026700,Black,07/2020,0,5.5,2025-03-08
Census Tract,39061026700,Black,08/2020,6,2.5,2025-03-08
Census Tract,39061026700,Black,09/2020,1,3,2025-03-08
Census Tract,39061026700,Black,10/2020,4,5,2025-03-08
Census Tract,39061026700,Black,11/2020,5,5.5,2025-03-08
Census Tract,39061026700,Black,12/2020,0,4.5,2025-03-08
Census Tract,39061026700,Black,01/2021,5,4.5,2025-03-08
Census Tract,39061026700,Black,02/2021,1,6.5,2025-03-08
Census Tract,39061026700,Black,03/2021,2,4.5,2025-03-08
Census Tract,39061026700,Black,04/2021,7,6,2025-03-08
Census Tract,39061026700,Black,05/2021,1,4.5,2025-03-08
Census Tract,39061026700,Black,06/2021,8,6,2025-03-08
Census Tract,39061026700,Black,07/2021,1,5.5,2025-03-08
Census Tract,39061026700,Black,08/2021,3,2.5,2025-03-08
Census Tract,39061026700,Black,09/2021,9,3,2025-03-08
Census Tract,39061026700,Black,10/2021,7,5,2025-03-08
Census Tract,39061026700,Black,11/2021,7,5.5,2025-03-08
Census Tract,39061026700,Black,12/2021,4,4.5,2025-03-08
Census Tract,39061026700,Black,01/2022,2,4.5,2025-03-08
Census Tract,39061026700,Black,02/2022,2,6.5,2025-03-08
Census Tract,39061026700,Black,03/2022,9,4.5,2025-03-08
Census Tract,39061026700,Black,04/2022,4,6,2025-03-08
Census Tract,39061026700,Black,05/2022,5,4.5,2025-03-08
Census Tract,39061026700,Black,06/2022,13,6,2025-03-08
Census Tract,39061026700,Black,07/2022,7,5.5,2025-03-08
Census Tract,39061026700,Black,08/2022,14,2.5,2025-03-08
Census Tract,39061026700,Black,09/2022,10,3,2025-03-08
Census Tract,39061026700,Black,10/2022,8,5,2025-03-08
Census Tract,39061026700,Black,11/2022,5,5.5,2025-03-08
Census Tract,39061026700,Black,12/2022,3,4.5,2025-03-08
Census Tract,39061026700,Black,01/2023,4,4.5,2025-03-08
Census Tract,39061026700,Black,02/2023,8,6.5,2025-03-08
Census Tract,39061026700,Black,03/2023,3,4.5,2025-03-08
Census Tract,39061026700,Black,04/2023,2,6,2025-03-08
Census Tract,39061026700,Black,05/2023,5,4.5,2025-03-08
Census Tract,39061026700,Black,06/2023,6,6,2025-03-08
Census Tract,39061026700,Black,07/2023,5,5.5,2025-03-08
Census Tract,39061026700,Black,08/2023,3,2.5,2025-03-08
Census Tract,39061026700,Black,09/2023,2,3,2025-03-08
Census Tract,39061026700,Black,10/2023,5,5,2025-03-08
Census Tract,39061026700,Black,11/2023,4,5.5,2025-03-08
Census Tract,39061026700,Black,12/2023,5,4.5,2025-03-08
Census Tract,39061026700,Black,01/2024,5,4.5,2025-03-08
Census Tract,39061026700,Black,02/2024,5,6.5,2025-03-08
Census Tract,39061026700,Black,03/2024,6,4.5,2025-03-08
Census Tract,39061026700,Black,04/2024,10,6,2025-03-08
Census Tract,39061026700,Black,05/2024,4,4.5,2025-03-08
Census Tract,39061026700,Black,06/2024,6,6,2025-03-08
Census Tract,39061026700,Black,07/2024,6,5.5,2025-03-08
Census Tract,39061026700,Black,08/2024,2,2.5,2025-03-08
Census Tract,39061026700,Black,09/2024,4,3,2025-03-08
Census Tract,39061026700,Black,10/2024,5,5,2025-03-08
Census Tract,39061026700,Black,11/2024,7,5.5,2025-03-08
Census Tract,39061026700,Black,12/2024,4,4.5,2025-03-08
Census Tract,39061026700,Black,01/2025,5,4.5,2025-03-08
Census Tract,39061026700,Black,02/2025,4,6.5,2025-03-08
Census Tract,39061026700,Black,03/2025,1,0.5,2025-03-08
Census Tract,39061026800,White,01/2020,0,1,2025-03-08
Census Tract,39061026800,White,02/2020,0,1.5,2025-03-08
Census Tract,39061026800,White,03/2020,0,0.5,2025-03-08
Census Tract,39061026800,White,04/2020,0,0.5,2025-03-08
Census Tract,39061026800,White,05/2020,0,0,2025-03-08
Census Tract,39061026800,White,06/2020,1,0.5,2025-03-08
Census Tract,39061026800,White,07/2020,1,0.5,2025-03-08
Census Tract,39061026800,White,08/2020,4,0.5,2025-03-08
Census Tract,39061026800,White,09/2020,1,0,2025-03-08
Census Tract,39061026800,White,10/2020,3,1,2025-03-08
Census Tract,39061026800,White,11/2020,0,1.5,2025-03-08
Census Tract,39061026800,White,12/2020,1,0,2025-03-08
Census Tract,39061026800,White,01/2021,6,1,2025-03-08
Census Tract,39061026800,White,02/2021,1,1.5,2025-03-08
Census Tract,39061026800,White,03/2021,5,0.5,2025-03-08
Census Tract,39061026800,White,04/2021,2,0.5,2025-03-08
Census Tract,39061026800,White,05/2021,3,0,2025-03-08
Census Tract,39061026800,White,06/2021,0,0.5,2025-03-08
Census Tract,39061026800,White,07/2021,1,0.5,2025-03-08
Census Tract,39061026800,White,08/2021,4,0.5,2025-03-08
Census Tract,39061026800,White,09/2021,2,0,2025-03-08
Census Tract,39061026800,White,10/2021,0,1,2025-03-08
Census Tract,39061026800,White,11/2021,4,1.5,2025-03-08
Census Tract,39061026800,White,12/2021,6,0,2025-03-08
Census Tract,39061026800,White,01/2022,2,1,2025-03-08
Census Tract,39061026800,White,02/2022,4,1.5,2025-03-08
Census Tract,39061026800,White,03/2022,2,0.5,2025-03-08
Census Tract,39061026800,White,04/2022,2,0.5,2025-03-08
Census Tract,39061026800,White,05/2022,1,0,2025-03-08
Census Tract,39061026800,White,06/2022,3,0.5,2025-03-08
Census Tract,39061026800,White,07/2022,1,0.5,2025-03-08
Census Tract,39061026800,White,08/2022,1,0.5,2025-03-08
Census Tract,39061026800,White,09/2022,2,0,2025-03-08
Census Tract,39061026800,White,10/2022,1,1,2025-03-08
Census Tract,39061026800,White,11/2022,0,1.5,2025-03-08
Census Tract,39061026800,White,12/2022,6,0,2025-03-08
Census Tract,39061026800,White,01/2023,1,1,2025-03-08
Census Tract,39061026800,White,02/2023,1,1.5,2025-03-08
Census Tract,39061026800,White,03/2023,1,0.5,2025-03-08
Census Tract,39061026800,White,04/2023,1,0.5,2025-03-08
Census Tract,39061026800,White,05/2023,0,0,2025-03-08
Census Tract,39061026800,White,06/2023,1,0.5,2025-03-08
Census Tract,39061026800,White,07/2023,0,0.5,2025-03-08
Census Tract,39061026800,White,08/2023,0,0.5,2025-03-08
Census Tract,39061026800,White,09/2023,0,0,2025-03-08
Census Tract,39061026800,White,10/2023,2,1,2025-03-08
Census Tract,39061026800,White,11/2023,1,1.5,2025-03-08
Census Tract,39061026800,White,12/2023,0,0,2025-03-08
Census Tract,39061026800,White,01/2024,1,1,2025-03-08
Census Tract,39061026800,White,02/2024,2,1.5,2025-03-08
Census Tract,39061026800,White,03/2024,0,0.5,2025-03-08
Census Tract,39061026800,White,04/2024,0,0.5,2025-03-08
Census Tract,39061026800,White,05/2024,0,0,2025-03-08
Census Tract,39061026800,White,06/2024,0,0.5,2025-03-08
Census Tract,39061026800,White,07/2024,1,0.5,2025-03-08
Census Tract,39061026800,White,08/2024,1,0.5,2025-03-08
Census Tract,39061026800,White,09/2024,0,0,2025-03-08
Census Tract,39061026800,White,10/2024,0,1,2025-03-08
Census Tract,39061026800,White,11/2024,2,1.5,2025-03-08
Census Tract,39061026800,White,12/2024,0,0,2025-03-08
Census Tract,39061026800,White,01/2025,0,1,2025-03-08
Census Tract,39061026800,White,02/2025,1,1.5,2025-03-08
Census Tract,39061026800,White,03/2025,0,0,2025-03-08
Census Tract,39061026900,Black,01/2020,0,2.5,2025-03-08
Census Tract,39061026900,Black,02/2020,0,7.5,2025-03-08
Census Tract,39061026900,Black,03/2020,0,3,2025-03-08
Census Tract,39061026900,Black,04/2020,0,7,2025-03-08
Census Tract,39061026900,Black,05/2020,1,10.5,2025-03-08
Census Tract,39061026900,Black,06/2020,1,3.5,2025-03-08
Census Tract,39061026900,Black,07/2020,2,8,2025-03-08
Census Tract,39061026900,Black,08/2020,2,4.5,2025-03-08
Census Tract,39061026900,Black,09/2020,2,13,2025-03-08
Census Tract,39061026900,Black,10/2020,1,2,2025-03-08
Census Tract,39061026900,Black,11/2020,0,7.5,2025-03-08
Census Tract,39061026900,Black,12/2020,4,6,2025-03-08
Census Tract,39061026900,Black,01/2021,4,2.5,2025-03-08
Census Tract,39061026900,Black,02/2021,3,7.5,2025-03-08
Census Tract,39061026900,Black,03/2021,1,3,2025-03-08
Census Tract,39061026900,Black,04/2021,5,7,2025-03-08
Census Tract,39061026900,Black,05/2021,3,10.5,2025-03-08
Census Tract,39061026900,Black,06/2021,1,3.5,2025-03-08
Census Tract,39061026900,Black,07/2021,0,8,2025-03-08
Census Tract,39061026900,Black,08/2021,1,4.5,2025-03-08
Census Tract,39061026900,Black,09/2021,3,13,2025-03-08
Census Tract,39061026900,Black,10/2021,7,2,2025-03-08
Census Tract,39061026900,Black,11/2021,4,7.5,2025-03-08
Census Tract,39061026900,Black,12/2021,3,6,2025-03-08
Census Tract,39061026900,Black,01/2022,1,2.5,2025-03-08
Census Tract,39061026900,Black,02/2022,2,7.5,2025-03-08
Census Tract,39061026900,Black,03/2022,8,3,2025-03-08
Census Tract,39061026900,Black,04/2022,6,7,2025-03-08
Census Tract,39061026900,Black,05/2022,0,10.5,2025-03-08
Census Tract,39061026900,Black,06/2022,4,3.5,2025-03-08
Census Tract,39061026900,Black,07/2022,1,8,2025-03-08
Census Tract,39061026900,Black,08/2022,5,4.5,2025-03-08
Census Tract,39061026900,Black,09/2022,1,13,2025-03-08
Census Tract,39061026900,Black,10/2022,8,2,2025-03-08
Census Tract,39061026900,Black,11/2022,1,7.5,2025-03-08
Census Tract,39061026900,Black,12/2022,5,6,2025-03-08
Census Tract,39061026900,Black,01/2023,1,2.5,2025-03-08
Census Tract,39061026900,Black,02/2023,5,7.5,2025-03-08
Census Tract,39061026900,Black,03/2023,2,3,2025-03-08
Census Tract,39061026900,Black,04/2023,11,7,2025-03-08
Census Tract,39061026900,Black,05/2023,6,10.5,2025-03-08
Census Tract,39061026900,Black,06/2023,3,3.5,2025-03-08
Census Tract,39061026900,Black,07/2023,1,8,2025-03-08
Census Tract,39061026900,Black,08/2023,6,4.5,2025-03-08
Census Tract,39061026900,Black,09/2023,23,13,2025-03-08
Census Tract,39061026900,Black,10/2023,3,2,2025-03-08
Census Tract,39061026900,Black,11/2023,5,7.5,2025-03-08
Census Tract,39061026900,Black,12/2023,7,6,2025-03-08
Census Tract,39061026900,Black,01/2024,4,2.5,2025-03-08
Census Tract,39061026900,Black,02/2024,10,7.5,2025-03-08
Census Tract,39061026900,Black,03/2024,4,3,2025-03-08
Census Tract,39061026900,Black,04/2024,3,7,2025-03-08
Census Tract,39061026900,Black,05/2024,15,10.5,2025-03-08
Census Tract,39061026900,Black,06/2024,4,3.5,2025-03-08
Census Tract,39061026900,Black,07/2024,15,8,2025-03-08
Census Tract,39061026900,Black,08/2024,3,4.5,2025-03-08
Census Tract,39061026900,Black,09/2024,3,13,2025-03-08
Census Tract,39061026900,Black,10/2024,1,2,2025-03-08
Census Tract,39061026900,Black,11/2024,10,7.5,2025-03-08
Census Tract,39061026900,Black,12/2024,5,6,2025-03-08
Census Tract,39061026900,Black,01/2025,9,2.5,2025-03-08
Census Tract,39061026900,Black,02/2025,10,7.5,2025-03-08
Census Tract,39061026900,Black,03/2025,0,1.5,2025-03-08
Census Tract,39061027000,Black,01/2020,0,4.5,2025-03-08
Census Tract,39061027000,Black,02/2020,0,9.5,2025-03-08
Census Tract,39061027000,Black,03/2020,0,7.5,2025-03-08
Census Tract,39061027000,Black,04/2020,0,6.5,2025-03-08
Census Tract,39061027000,Black,05/2020,5,11.5,2025-03-08
Census Tract,39061027000,Black,06/2020,3,9.5,2025-03-08
Census Tract,39061027000,Black,07/2020,14,14,2025-03-08
Census Tract,39061027000,Black,08/2020,5,16.5,2025-03-08
Census Tract,39061027000,Black,09/2020,7,10.5,2025-03-08
Census Tract,39061027000,Black,10/2020,6,13.5,2025-03-08
Census Tract,39061027000,Black,11/2020,8,10,2025-03-08
Census Tract,39061027000,Black,12/2020,6,8,2025-03-08
Census Tract,39061027000,Black,01/2021,8,4.5,2025-03-08
Census Tract,39061027000,Black,02/2021,7,9.5,2025-03-08
Census Tract,39061027000,Black,03/2021,8,7.5,2025-03-08
Census Tract,39061027000,Black,04/2021,6,6.5,2025-03-08
Census Tract,39061027000,Black,05/2021,3,11.5,2025-03-08
Census Tract,39061027000,Black,06/2021,8,9.5,2025-03-08
Census Tract,39061027000,Black,07/2021,4,14,2025-03-08
Census Tract,39061027000,Black,08/2021,7,16.5,2025-03-08
Census Tract,39061027000,Black,09/2021,9,10.5,2025-03-08
Census Tract,39061027000,Black,10/2021,7,13.5,2025-03-08
Census Tract,39061027000,Black,11/2021,7,10,2025-03-08
Census Tract,39061027000,Black,12/2021,4,8,2025-03-08
Census Tract,39061027000,Black,01/2022,8,4.5,2025-03-08
Census Tract,39061027000,Black,02/2022,13,9.5,2025-03-08
Census Tract,39061027000,Black,03/2022,8,7.5,2025-03-08
Census Tract,39061027000,Black,04/2022,9,6.5,2025-03-08
Census Tract,39061027000,Black,05/2022,5,11.5,2025-03-08
Census Tract,39061027000,Black,06/2022,16,9.5,2025-03-08
Census Tract,39061027000,Black,07/2022,9,14,2025-03-08
Census Tract,39061027000,Black,08/2022,8,16.5,2025-03-08
Census Tract,39061027000,Black,09/2022,7,10.5,2025-03-08
Census Tract,39061027000,Black,10/2022,8,13.5,2025-03-08
Census Tract,39061027000,Black,11/2022,12,10,2025-03-08
Census Tract,39061027000,Black,12/2022,10,8,2025-03-08
Census Tract,39061027000,Black,01/2023,3,4.5,2025-03-08
Census Tract,39061027000,Black,02/2023,4,9.5,2025-03-08
Census Tract,39061027000,Black,03/2023,6,7.5,2025-03-08
Census Tract,39061027000,Black,04/2023,3,6.5,2025-03-08
Census Tract,39061027000,Black,05/2023,11,11.5,2025-03-08
Census Tract,39061027000,Black,06/2023,9,9.5,2025-03-08
Census Tract,39061027000,Black,07/2023,7,14,2025-03-08
Census Tract,39061027000,Black,08/2023,9,16.5,2025-03-08
Census Tract,39061027000,Black,09/2023,6,10.5,2025-03-08
Census Tract,39061027000,Black,10/2023,20,13.5,2025-03-08
Census Tract,39061027000,Black,11/2023,12,10,2025-03-08
Census Tract,39061027000,Black,12/2023,11,8,2025-03-08
Census Tract,39061027000,Black,01/2024,6,4.5,2025-03-08
Census Tract,39061027000,Black,02/2024,15,9.5,2025-03-08
Census Tract,39061027000,Black,03/2024,9,7.5,2025-03-08
Census Tract,39061027000,Black,04/2024,10,6.5,2025-03-08
Census Tract,39061027000,Black,05/2024,12,11.5,2025-03-08
Census Tract,39061027000,Black,06/2024,10,9.5,2025-03-08
Census Tract,39061027000,Black,07/2024,21,14,2025-03-08
Census Tract,39061027000,Black,08/2024,24,16.5,2025-03-08
Census Tract,39061027000,Black,09/2024,15,10.5,2025-03-08
Census Tract,39061027000,Black,10/2024,7,13.5,2025-03-08
Census Tract,39061027000,Black,11/2024,8,10,2025-03-08
Census Tract,39061027000,Black,12/2024,5,8,2025-03-08
Census Tract,39061027000,Black,01/2025,10,4.5,2025-03-08
Census Tract,39061027000,Black,02/2025,11,9.5,2025-03-08
Census Tract,39061027000,Black,03/2025,3,2.5,2025-03-08
Census Tract,39061027100,Black,01/2020,0,16.5,2025-03-08
Census Tract,39061027100,Black,02/2020,0,13,2025-03-08
Census Tract,39061027100,Black,03/2020,0,9.5,2025-03-08
Census Tract,39061027100,Black,04/2020,0,18,2025-03-08
Census Tract,39061027100,Black,05/2020,3,6.5,2025-03-08
Census Tract,39061027100,Black,06/2020,5,17.5,2025-03-08
Census Tract,39061027100,Black,07/2020,5,19,2025-03-08
Census Tract,39061027100,Black,08/2020,15,44.5,2025-03-08
Census Tract,39061027100,Black,09/2020,13,11.5,2025-03-08
Census Tract,39061027100,Black,10/2020,7,8.5,2025-03-08
Census Tract,39061027100,Black,11/2020,8,9.5,2025-03-08
Census Tract,39061027100,Black,12/2020,0,12,2025-03-08
Census Tract,39061027100,Black,01/2021,5,16.5,2025-03-08
Census Tract,39061027100,Black,02/2021,22,12.5,2025-03-08
Census Tract,39061027100,Black,03/2021,5,9.5,2025-03-08
Census Tract,39061027100,Black,04/2021,11,18,2025-03-08
Census Tract,39061027100,Black,05/2021,14,6.5,2025-03-08
Census Tract,39061027100,Black,06/2021,6,17.5,2025-03-08
Census Tract,39061027100,Black,07/2021,9,19,2025-03-08
Census Tract,39061027100,Black,08/2021,6,44.5,2025-03-08
Census Tract,39061027100,Black,09/2021,13,11.5,2025-03-08
Census Tract,39061027100,Black,10/2021,13,8.5,2025-03-08
Census Tract,39061027100,Black,11/2021,12,9.5,2025-03-08
Census Tract,39061027100,Black,12/2021,12,12,2025-03-08
Census Tract,39061027100,Black,01/2022,5,16.5,2025-03-08
Census Tract,39061027100,Black,02/2022,8,12.5,2025-03-08
Census Tract,39061027100,Black,03/2022,15,9.5,2025-03-08
Census Tract,39061027100,Black,04/2022,12,18,2025-03-08
Census Tract,39061027100,Black,05/2022,11,6.5,2025-03-08
Census Tract,39061027100,Black,06/2022,13,17.5,2025-03-08
Census Tract,39061027100,Black,07/2022,13,19,2025-03-08
Census Tract,39061027100,Black,08/2022,14,44.5,2025-03-08
Census Tract,39061027100,Black,09/2022,6,11.5,2025-03-08
Census Tract,39061027100,Black,10/2022,29,8.5,2025-03-08
Census Tract,39061027100,Black,11/2022,7,9.5,2025-03-08
Census Tract,39061027100,Black,12/2022,17,12,2025-03-08
Census Tract,39061027100,Black,01/2023,7,16.5,2025-03-08
Census Tract,39061027100,Black,02/2023,8,12.5,2025-03-08
Census Tract,39061027100,Black,03/2023,12,9.5,2025-03-08
Census Tract,39061027100,Black,04/2023,28,18,2025-03-08
Census Tract,39061027100,Black,05/2023,3,6.5,2025-03-08
Census Tract,39061027100,Black,06/2023,31,17.5,2025-03-08
Census Tract,39061027100,Black,07/2023,26,19,2025-03-08
Census Tract,39061027100,Black,08/2023,51,44.5,2025-03-08
Census Tract,39061027100,Black,09/2023,13,11.5,2025-03-08
Census Tract,39061027100,Black,10/2023,10,8.5,2025-03-08
Census Tract,39061027100,Black,11/2023,8,9.5,2025-03-08
Census Tract,39061027100,Black,12/2023,16,12,2025-03-08
Census Tract,39061027100,Black,01/2024,26,16.5,2025-03-08
Census Tract,39061027100,Black,02/2024,18,13,2025-03-08
Census Tract,39061027100,Black,03/2024,7,9.5,2025-03-08
Census Tract,39061027100,Black,04/2024,8,18,2025-03-08
Census Tract,39061027100,Black,05/2024,10,6.5,2025-03-08
Census Tract,39061027100,Black,06/2024,4,17.5,2025-03-08
Census Tract,39061027100,Black,07/2024,12,19,2025-03-08
Census Tract,39061027100,Black,08/2024,38,44.5,2025-03-08
Census Tract,39061027100,Black,09/2024,10,11.5,2025-03-08
Census Tract,39061027100,Black,10/2024,7,8.5,2025-03-08
Census Tract,39061027100,Black,11/2024,11,9.5,2025-03-08
Census Tract,39061027100,Black,12/2024,8,12,2025-03-08
Census Tract,39061027100,Black,01/2025,10,16.5,2025-03-08
Census Tract,39061027100,Black,02/2025,15,12.5,2025-03-08
Census Tract,39061027100,Black,03/2025,12,1.5,2025-03-08
Census Tract,39061027200,Black,01/2020,0,14,2025-03-08
Census Tract,39061027200,Black,02/2020,0,12,2025-03-08
Census Tract,39061027200,Black,03/2020,0,3.5,2025-03-08
Census Tract,39061027200,Black,04/2020,0,5,2025-03-08
Census Tract,39061027200,Black,05/2020,4,12,2025-03-08
Census Tract,39061027200,Black,06/2020,4,12.5,2025-03-08
Census Tract,39061027200,Black,07/2020,6,11,2025-03-08
Census Tract,39061027200,Black,08/2020,7,8,2025-03-08
Census Tract,39061027200,Black,09/2020,7,10,2025-03-08
Census Tract,39061027200,Black,10/2020,6,7,2025-03-08
Census Tract,39061027200,Black,11/2020,8,8.5,2025-03-08
Census Tract,39061027200,Black,12/2020,4,4.5,2025-03-08
Census Tract,39061027200,Black,01/2021,5,14,2025-03-08
Census Tract,39061027200,Black,02/2021,9,12,2025-03-08
Census Tract,39061027200,Black,03/2021,9,3.5,2025-03-08
Census Tract,39061027200,Black,04/2021,4,5,2025-03-08
Census Tract,39061027200,Black,05/2021,4,12,2025-03-08
Census Tract,39061027200,Black,06/2021,9,12.5,2025-03-08
Census Tract,39061027200,Black,07/2021,8,11,2025-03-08
Census Tract,39061027200,Black,08/2021,6,8,2025-03-08
Census Tract,39061027200,Black,09/2021,11,10,2025-03-08
Census Tract,39061027200,Black,10/2021,12,7,2025-03-08
Census Tract,39061027200,Black,11/2021,12,8.5,2025-03-08
Census Tract,39061027200,Black,12/2021,4,4.5,2025-03-08
Census Tract,39061027200,Black,01/2022,8,14,2025-03-08
Census Tract,39061027200,Black,02/2022,4,12,2025-03-08
Census Tract,39061027200,Black,03/2022,13,3.5,2025-03-08
Census Tract,39061027200,Black,04/2022,11,5,2025-03-08
Census Tract,39061027200,Black,05/2022,14,12,2025-03-08
Census Tract,39061027200,Black,06/2022,9,12.5,2025-03-08
Census Tract,39061027200,Black,07/2022,19,11,2025-03-08
Census Tract,39061027200,Black,08/2022,15,8,2025-03-08
Census Tract,39061027200,Black,09/2022,7,10,2025-03-08
Census Tract,39061027200,Black,10/2022,14,7,2025-03-08
Census Tract,39061027200,Black,11/2022,8,8.5,2025-03-08
Census Tract,39061027200,Black,12/2022,18,4.5,2025-03-08
Census Tract,39061027200,Black,01/2023,14,14,2025-03-08
Census Tract,39061027200,Black,02/2023,10,12,2025-03-08
Census Tract,39061027200,Black,03/2023,2,3.5,2025-03-08
Census Tract,39061027200,Black,04/2023,4,5,2025-03-08
Census Tract,39061027200,Black,05/2023,12,12,2025-03-08
Census Tract,39061027200,Black,06/2023,14,12.5,2025-03-08
Census Tract,39061027200,Black,07/2023,10,11,2025-03-08
Census Tract,39061027200,Black,08/2023,7,8,2025-03-08
Census Tract,39061027200,Black,09/2023,9,10,2025-03-08
Census Tract,39061027200,Black,10/2023,9,7,2025-03-08
Census Tract,39061027200,Black,11/2023,9,8.5,2025-03-08
Census Tract,39061027200,Black,12/2023,5,4.5,2025-03-08
Census Tract,39061027200,Black,01/2024,14,14,2025-03-08
Census Tract,39061027200,Black,02/2024,14,12,2025-03-08
Census Tract,39061027200,Black,03/2024,5,3.5,2025-03-08
Census Tract,39061027200,Black,04/2024,6,5,2025-03-08
Census Tract,39061027200,Black,05/2024,12,12,2025-03-08
Census Tract,39061027200,Black,06/2024,11,12.5,2025-03-08
Census Tract,39061027200,Black,07/2024,12,11,2025-03-08
Census Tract,39061027200,Black,08/2024,9,8,2025-03-08
Census Tract,39061027200,Black,09/2024,11,10,2025-03-08
Census Tract,39061027200,Black,10/2024,5,7,2025-03-08
Census Tract,39061027200,Black,11/2024,8,8.5,2025-03-08
Census Tract,39061027200,Black,12/2024,4,4.5,2025-03-08
Census Tract,39061027200,Black,01/2025,11,14,2025-03-08
Census Tract,39061027200,Black,02/2025,6,12,2025-03-08
Census Tract,39061027200,Black,03/2025,2,0,2025-03-08
Census Tract,39061027300,White,01/2020,0,0,2025-03-08
Census Tract,39061027300,White,02/2020,0,0,2025-03-08
Census Tract,39061027300,White,03/2020,0,0,2025-03-08
Census Tract,39061027300,White,04/2020,0,0,2025-03-08
Census Tract,39061027300,White,05/2020,0,0,2025-03-08
Census Tract,39061027300,White,06/2020,0,0,2025-03-08
Census Tract,39061027300,White,07/2020,0,0,2025-03-08
Census Tract,39061027300,White,08/2020,0,0.5,2025-03-08
Census Tract,39061027300,White,09/2020,1,0,2025-03-08
Census Tract,39061027300,White,10/2020,0,0,2025-03-08
Census Tract,39061027300,White,11/2020,0,0,2025-03-08
Census Tract,39061027300,White,12/2020,0,0,2025-03-08
Census Tract,39061027300,White,01/2021,0,0,2025-03-08
Census Tract,39061027300,White,02/2021,0,0,2025-03-08
Census Tract,39061027300,White,03/2021,0,0,2025-03-08
Census Tract,39061027300,White,04/2021,0,0,2025-03-08
Census Tract,39061027300,White,05/2021,0,0,2025-03-08
Census Tract,39061027300,White,06/2021,0,0,2025-03-08
Census Tract,39061027300,White,07/2021,0,0,2025-03-08
Census Tract,39061027300,White,08/2021,2,0.5,2025-03-08
Census Tract,39061027300,White,09/2021,0,0,2025-03-08
Census Tract,39061027300,White,10/2021,0,0,2025-03-08
Census Tract,39061027300,White,11/2021,1,0,2025-03-08
Census Tract,39061027300,White,12/2021,0,0,2025-03-08
Census Tract,39061027300,White,01/2022,0,0,2025-03-08
Census Tract,39061027300,White,02/2022,0,0,2025-03-08
Census Tract,39061027300,White,03/2022,0,0,2025-03-08
Census Tract,39061027300,White,04/2022,0,0,2025-03-08
Census Tract,39061027300,White,05/2022,0,0,2025-03-08
Census Tract,39061027300,White,06/2022,0,0,2025-03-08
Census Tract,39061027300,White,07/2022,0,0,2025-03-08
Census Tract,39061027300,White,08/2022,0,0.5,2025-03-08
Census Tract,39061027300,White,09/2022,1,0,2025-03-08
Census Tract,39061027300,White,10/2022,0,0,2025-03-08
Census Tract,39061027300,White,11/2022,0,0,2025-03-08
Census Tract,39061027300,White,12/2022,0,0,2025-03-08
Census Tract,39061027300,White,01/2023,0,0,2025-03-08
Census Tract,39061027300,White,02/2023,0,0,2025-03-08
Census Tract,39061027300,White,03/2023,0,0,2025-03-08
Census Tract,39061027300,White,04/2023,0,0,2025-03-08
Census Tract,39061027300,White,05/2023,0,0,2025-03-08
Census Tract,39061027300,White,06/2023,0,0,2025-03-08
Census Tract,39061027300,White,07/2023,0,0,2025-03-08
Census Tract,39061027300,White,08/2023,1,0.5,2025-03-08
Census Tract,39061027300,White,09/2023,0,0,2025-03-08
Census Tract,39061027300,White,10/2023,0,0,2025-03-08
Census Tract,39061027300,White,11/2023,0,0,2025-03-08
Census Tract,39061027300,White,12/2023,0,0,2025-03-08
Census Tract,39061027300,White,01/2024,0,0,2025-03-08
Census Tract,39061027300,White,02/2024,0,0,2025-03-08
Census Tract,39061027300,White,03/2024,0,0,2025-03-08
Census Tract,39061027300,White,04/2024,0,0,2025-03-08
Census Tract,39061027300,White,05/2024,0,0,2025-03-08
Census Tract,39061027300,White,06/2024,0,0,2025-03-08
Census Tract,39061027300,White,07/2024,0,0,2025-03-08
Census Tract,39061027300,White,08/2024,0,0.5,2025-03-08
Census Tract,39061027300,White,09/2024,0,0,2025-03-08
Census Tract,39061027300,White,10/2024,0,0,2025-03-08
Census Tract,39061027300,White,11/2024,0,0,2025-03-08
Census Tract,39061027300,White,12/2024,0,0,2025-03-08
Census Tract,39061027300,White,01/2025,0,0,2025-03-08
Census Tract,39061027300,White,02/2025,0,0,2025-03-08
Census Tract,39061027300,White,03/2025,0,0,2025-03-08
Census Tract,39061027400,White,01/2020,0,11.5,2025-03-08
Census Tract,39061027400,White,02/2020,0,11.5,2025-03-08
Census Tract,39061027400,White,03/2020,0,6,2025-03-08
Census Tract,39061027400,White,04/2020,0,8,2025-03-08
Census Tract,39061027400,White,05/2020,6,11.5,2025-03-08
Census Tract,39061027400,White,06/2020,3,18.5,2025-03-08
Census Tract,39061027400,White,07/2020,8,6.5,2025-03-08
Census Tract,39061027400,White,08/2020,9,12.5,2025-03-08
Census Tract,39061027400,White,09/2020,10,11.5,2025-03-08
Census Tract,39061027400,White,10/2020,13,14.5,2025-03-08
Census Tract,39061027400,White,11/2020,12,11,2025-03-08
Census Tract,39061027400,White,12/2020,14,14,2025-03-08
Census Tract,39061027400,White,01/2021,7,11.5,2025-03-08
Census Tract,39061027400,White,02/2021,4,11.5,2025-03-08
Census Tract,39061027400,White,03/2021,8,6,2025-03-08
Census Tract,39061027400,White,04/2021,7,8,2025-03-08
Census Tract,39061027400,White,05/2021,9,11.5,2025-03-08
Census Tract,39061027400,White,06/2021,8,18.5,2025-03-08
Census Tract,39061027400,White,07/2021,16,6.5,2025-03-08
Census Tract,39061027400,White,08/2021,21,12.5,2025-03-08
Census Tract,39061027400,White,09/2021,10,11.5,2025-03-08
Census Tract,39061027400,White,10/2021,15,14.5,2025-03-08
Census Tract,39061027400,White,11/2021,9,11,2025-03-08
Census Tract,39061027400,White,12/2021,16,14,2025-03-08
Census Tract,39061027400,White,01/2022,14,11.5,2025-03-08
Census Tract,39061027400,White,02/2022,15,11.5,2025-03-08
Census Tract,39061027400,White,03/2022,7,6,2025-03-08
Census Tract,39061027400,White,04/2022,5,8,2025-03-08
Census Tract,39061027400,White,05/2022,17,11.5,2025-03-08
Census Tract,39061027400,White,06/2022,15,18.5,2025-03-08
Census Tract,39061027400,White,07/2022,25,6.5,2025-03-08
Census Tract,39061027400,White,08/2022,20,12.5,2025-03-08
Census Tract,39061027400,White,09/2022,18,11.5,2025-03-08
Census Tract,39061027400,White,10/2022,21,14.5,2025-03-08
Census Tract,39061027400,White,11/2022,11,11,2025-03-08
Census Tract,39061027400,White,12/2022,11,14,2025-03-08
Census Tract,39061027400,White,01/2023,14,11.5,2025-03-08
Census Tract,39061027400,White,02/2023,9,11.5,2025-03-08
Census Tract,39061027400,White,03/2023,6,6,2025-03-08
Census Tract,39061027400,White,04/2023,7,8,2025-03-08
Census Tract,39061027400,White,05/2023,14,11.5,2025-03-08
Census Tract,39061027400,White,06/2023,21,18.5,2025-03-08
Census Tract,39061027400,White,07/2023,8,6.5,2025-03-08
Census Tract,39061027400,White,08/2023,10,12.5,2025-03-08
Census Tract,39061027400,White,09/2023,11,11.5,2025-03-08
Census Tract,39061027400,White,10/2023,17,14.5,2025-03-08
Census Tract,39061027400,White,11/2023,8,11,2025-03-08
Census Tract,39061027400,White,12/2023,17,14,2025-03-08
Census Tract,39061027400,White,01/2024,9,11.5,2025-03-08
Census Tract,39061027400,White,02/2024,14,11.5,2025-03-08
Census Tract,39061027400,White,03/2024,6,6,2025-03-08
Census Tract,39061027400,White,04/2024,9,8,2025-03-08
Census Tract,39061027400,White,05/2024,9,11.5,2025-03-08
Census Tract,39061027400,White,06/2024,16,18.5,2025-03-08
Census Tract,39061027400,White,07/2024,5,6.5,2025-03-08
Census Tract,39061027400,White,08/2024,15,12.5,2025-03-08
Census Tract,39061027400,White,09/2024,12,11.5,2025-03-08
Census Tract,39061027400,White,10/2024,12,14.5,2025-03-08
Census Tract,39061027400,White,11/2024,14,11,2025-03-08
Census Tract,39061027400,White,12/2024,11,14,2025-03-08
Census Tract,39061027400,White,01/2025,13,11.5,2025-03-08
Census Tract,39061027400,White,02/2025,18,11.5,2025-03-08
Census Tract,39061027400,White,03/2025,2,2.5,2025-03-08
Census Tract,39061027500,White,01/2020,0,0,2025-03-08
Census Tract,39061027500,White,02/2020,0,0,2025-03-08
Census Tract,39061027500,White,03/2020,0,0.5,2025-03-08
Census Tract,39061027500,White,04/2020,0,1,2025-03-08
Census Tract,39061027500,White,05/2020,0,0,2025-03-08
Census Tract,39061027500,White,06/2020,0,0,2025-03-08
Census Tract,39061027500,White,07/2020,0,0,2025-03-08
Census Tract,39061027500,White,08/2020,0,0.5,2025-03-08
Census Tract,39061027500,White,09/2020,2,0,2025-03-08
Census Tract,39061027500,White,10/2020,2,0,2025-03-08
Census Tract,39061027500,White,11/2020,0,0,2025-03-08
Census Tract,39061027500,White,12/2020,1,0,2025-03-08
Census Tract,39061027500,White,01/2021,0,0,2025-03-08
Census Tract,39061027500,White,02/2021,0,0,2025-03-08
Census Tract,39061027500,White,03/2021,1,0.5,2025-03-08
Census Tract,39061027500,White,04/2021,0,1,2025-03-08
Census Tract,39061027500,White,05/2021,1,0,2025-03-08
Census Tract,39061027500,White,06/2021,1,0,2025-03-08
Census Tract,39061027500,White,07/2021,1,0,2025-03-08
Census Tract,39061027500,White,08/2021,0,0.5,2025-03-08
Census Tract,39061027500,White,09/2021,0,0,2025-03-08
Census Tract,39061027500,White,10/2021,0,0,2025-03-08
Census Tract,39061027500,White,11/2021,1,0,2025-03-08
Census Tract,39061027500,White,12/2021,0,0,2025-03-08
Census Tract,39061027500,White,01/2022,0,0,2025-03-08
Census Tract,39061027500,White,02/2022,1,0,2025-03-08
Census Tract,39061027500,White,03/2022,0,0.5,2025-03-08
Census Tract,39061027500,White,04/2022,1,1,2025-03-08
Census Tract,39061027500,White,05/2022,0,0,2025-03-08
Census Tract,39061027500,White,06/2022,0,0,2025-03-08
Census Tract,39061027500,White,07/2022,0,0,2025-03-08
Census Tract,39061027500,White,08/2022,0,0.5,2025-03-08
Census Tract,39061027500,White,09/2022,1,0,2025-03-08
Census Tract,39061027500,White,10/2022,1,0,2025-03-08
Census Tract,39061027500,White,11/2022,0,0,2025-03-08
Census Tract,39061027500,White,12/2022,0,0,2025-03-08
Census Tract,39061027500,White,01/2023,0,0,2025-03-08
Census Tract,39061027500,White,02/2023,0,0,2025-03-08
Census Tract,39061027500,White,03/2023,1,0.5,2025-03-08
Census Tract,39061027500,White,04/2023,1,1,2025-03-08
Census Tract,39061027500,White,05/2023,0,0,2025-03-08
Census Tract,39061027500,White,06/2023,0,0,2025-03-08
Census Tract,39061027500,White,07/2023,0,0,2025-03-08
Census Tract,39061027500,White,08/2023,1,0.5,2025-03-08
Census Tract,39061027500,White,09/2023,0,0,2025-03-08
Census Tract,39061027500,White,10/2023,0,0,2025-03-08
Census Tract,39061027500,White,11/2023,0,0,2025-03-08
Census Tract,39061027500,White,12/2023,0,0,2025-03-08
Census Tract,39061027500,White,01/2024,0,0,2025-03-08
Census Tract,39061027500,White,02/2024,0,0,2025-03-08
Census Tract,39061027500,White,03/2024,0,0.5,2025-03-08
Census Tract,39061027500,White,04/2024,1,1,2025-03-08
Census Tract,39061027500,White,05/2024,0,0,2025-03-08
Census Tract,39061027500,White,06/2024,0,0,2025-03-08
Census Tract,39061027500,White,07/2024,0,0,2025-03-08
Census Tract,39061027500,White,08/2024,0,0.5,2025-03-08
Census Tract,39061027500,White,09/2024,0,0,2025-03-08
Census Tract,39061027500,White,10/2024,0,0,2025-03-08
Census Tract,39061027500,White,11/2024,0,0,2025-03-08
Census Tract,39061027500,White,12/2024,0,0,2025-03-08
Census Tract,39061027500,White,01/2025,1,0,2025-03-08
Census Tract,39061027500,White,02/2025,0,0,2025-03-08
Census Tract,39061027500,White,03/2025,1,0,2025-03-08
Census Tract,39061027600,White,01/2020,0,1.5,2025-03-08
Census Tract,39061027600,White,02/2020,0,5,2025-03-08
Census Tract,39061027600,White,03/2020,0,1,2025-03-08
Census Tract,39061027600,White,04/2020,0,0.5,2025-03-08
Census Tract,39061027600,White,05/2020,0,6.5,2025-03-08
Census Tract,39061027600,White,06/2020,1,4.5,2025-03-08
Census Tract,39061027600,White,07/2020,2,1.5,2025-03-08
Census Tract,39061027600,White,08/2020,0,7.5,2025-03-08
Census Tract,39061027600,White,09/2020,0,3.5,2025-03-08
Census Tract,39061027600,White,10/2020,0,6,2025-03-08
Census Tract,39061027600,White,11/2020,4,2,2025-03-08
Census Tract,39061027600,White,12/2020,4,3.5,2025-03-08
Census Tract,39061027600,White,01/2021,4,1.5,2025-03-08
Census Tract,39061027600,White,02/2021,3,5,2025-03-08
Census Tract,39061027600,White,03/2021,5,1,2025-03-08
Census Tract,39061027600,White,04/2021,3,0.5,2025-03-08
Census Tract,39061027600,White,05/2021,0,6.5,2025-03-08
Census Tract,39061027600,White,06/2021,3,4.5,2025-03-08
Census Tract,39061027600,White,07/2021,3,1.5,2025-03-08
Census Tract,39061027600,White,08/2021,6,7.5,2025-03-08
Census Tract,39061027600,White,09/2021,1,3.5,2025-03-08
Census Tract,39061027600,White,10/2021,4,6,2025-03-08
Census Tract,39061027600,White,11/2021,7,2,2025-03-08
Census Tract,39061027600,White,12/2021,3,3.5,2025-03-08
Census Tract,39061027600,White,01/2022,2,1.5,2025-03-08
Census Tract,39061027600,White,02/2022,2,5,2025-03-08
Census Tract,39061027600,White,03/2022,1,1,2025-03-08
Census Tract,39061027600,White,04/2022,4,0.5,2025-03-08
Census Tract,39061027600,White,05/2022,3,6.5,2025-03-08
Census Tract,39061027600,White,06/2022,2,4.5,2025-03-08
Census Tract,39061027600,White,07/2022,6,1.5,2025-03-08
Census Tract,39061027600,White,08/2022,3,7.5,2025-03-08
Census Tract,39061027600,White,09/2022,3,3.5,2025-03-08
Census Tract,39061027600,White,10/2022,2,6,2025-03-08
Census Tract,39061027600,White,11/2022,4,2,2025-03-08
Census Tract,39061027600,White,12/2022,1,3.5,2025-03-08
Census Tract,39061027600,White,01/2023,2,1.5,2025-03-08
Census Tract,39061027600,White,02/2023,6,5,2025-03-08
Census Tract,39061027600,White,03/2023,2,1,2025-03-08
Census Tract,39061027600,White,04/2023,1,0.5,2025-03-08
Census Tract,39061027600,White,05/2023,7,6.5,2025-03-08
Census Tract,39061027600,White,06/2023,4,4.5,2025-03-08
Census Tract,39061027600,White,07/2023,1,1.5,2025-03-08
Census Tract,39061027600,White,08/2023,14,7.5,2025-03-08
Census Tract,39061027600,White,09/2023,2,3.5,2025-03-08
Census Tract,39061027600,White,10/2023,7,6,2025-03-08
Census Tract,39061027600,White,11/2023,1,2,2025-03-08
Census Tract,39061027600,White,12/2023,4,3.5,2025-03-08
Census Tract,39061027600,White,01/2024,1,1.5,2025-03-08
Census Tract,39061027600,White,02/2024,4,5,2025-03-08
Census Tract,39061027600,White,03/2024,0,1,2025-03-08
Census Tract,39061027600,White,04/2024,0,0.5,2025-03-08
Census Tract,39061027600,White,05/2024,6,6.5,2025-03-08
Census Tract,39061027600,White,06/2024,5,4.5,2025-03-08
Census Tract,39061027600,White,07/2024,2,1.5,2025-03-08
Census Tract,39061027600,White,08/2024,1,7.5,2025-03-08
Census Tract,39061027600,White,09/2024,5,3.5,2025-03-08
Census Tract,39061027600,White,10/2024,5,6,2025-03-08
Census Tract,39061027600,White,11/2024,3,2,2025-03-08
Census Tract,39061027600,White,12/2024,3,3.5,2025-03-08
Census Tract,39061027600,White,01/2025,3,1.5,2025-03-08
Census Tract,39061027600,White,02/2025,2,5,2025-03-08
Census Tract,39061027600,White,03/2025,1,0,2025-03-08
Census Tract,39061027700,White,01/2020,0,10.5,2025-03-08
Census Tract,39061027700,White,02/2020,0,9.5,2025-03-08
Census Tract,39061027700,White,03/2020,0,15.5,2025-03-08
Census Tract,39061027700,White,04/2020,0,7,2025-03-08
Census Tract,39061027700,White,05/2020,0,8,2025-03-08
Census Tract,39061027700,White,06/2020,1,10.5,2025-03-08
Census Tract,39061027700,White,07/2020,5,11,2025-03-08
Census Tract,39061027700,White,08/2020,8,10.5,2025-03-08
Census Tract,39061027700,White,09/2020,7,5.5,2025-03-08
Census Tract,39061027700,White,10/2020,5,11.5,2025-03-08
Census Tract,39061027700,White,11/2020,5,7.5,2025-03-08
Census Tract,39061027700,White,12/2020,3,9,2025-03-08
Census Tract,39061027700,White,01/2021,10,10.5,2025-03-08
Census Tract,39061027700,White,02/2021,5,9,2025-03-08
Census Tract,39061027700,White,03/2021,7,15.5,2025-03-08
Census Tract,39061027700,White,04/2021,7,7,2025-03-08
Census Tract,39061027700,White,05/2021,3,8,2025-03-08
Census Tract,39061027700,White,06/2021,12,10.5,2025-03-08
Census Tract,39061027700,White,07/2021,3,11,2025-03-08
Census Tract,39061027700,White,08/2021,11,10.5,2025-03-08
Census Tract,39061027700,White,09/2021,5,5.5,2025-03-08
Census Tract,39061027700,White,10/2021,8,11.5,2025-03-08
Census Tract,39061027700,White,11/2021,7,7.5,2025-03-08
Census Tract,39061027700,White,12/2021,20,9,2025-03-08
Census Tract,39061027700,White,01/2022,8,10.5,2025-03-08
Census Tract,39061027700,White,02/2022,5,9,2025-03-08
Census Tract,39061027700,White,03/2022,7,15.5,2025-03-08
Census Tract,39061027700,White,04/2022,0,7,2025-03-08
Census Tract,39061027700,White,05/2022,7,8,2025-03-08
Census Tract,39061027700,White,06/2022,12,10.5,2025-03-08
Census Tract,39061027700,White,07/2022,7,11,2025-03-08
Census Tract,39061027700,White,08/2022,6,10.5,2025-03-08
Census Tract,39061027700,White,09/2022,6,5.5,2025-03-08
Census Tract,39061027700,White,10/2022,3,11.5,2025-03-08
Census Tract,39061027700,White,11/2022,4,7.5,2025-03-08
Census Tract,39061027700,White,12/2022,7,9,2025-03-08
Census Tract,39061027700,White,01/2023,5,10.5,2025-03-08
Census Tract,39061027700,White,02/2023,9,9,2025-03-08
Census Tract,39061027700,White,03/2023,13,15.5,2025-03-08
Census Tract,39061027700,White,04/2023,6,7,2025-03-08
Census Tract,39061027700,White,05/2023,6,8,2025-03-08
Census Tract,39061027700,White,06/2023,6,10.5,2025-03-08
Census Tract,39061027700,White,07/2023,10,11,2025-03-08
Census Tract,39061027700,White,08/2023,11,10.5,2025-03-08
Census Tract,39061027700,White,09/2023,7,5.5,2025-03-08
Census Tract,39061027700,White,10/2023,14,11.5,2025-03-08
Census Tract,39061027700,White,11/2023,10,7.5,2025-03-08
Census Tract,39061027700,White,12/2023,8,9,2025-03-08
Census Tract,39061027700,White,01/2024,16,10.5,2025-03-08
Census Tract,39061027700,White,02/2024,10,9.5,2025-03-08
Census Tract,39061027700,White,03/2024,18,15.5,2025-03-08
Census Tract,39061027700,White,04/2024,8,7,2025-03-08
Census Tract,39061027700,White,05/2024,10,8,2025-03-08
Census Tract,39061027700,White,06/2024,15,10.5,2025-03-08
Census Tract,39061027700,White,07/2024,12,11,2025-03-08
Census Tract,39061027700,White,08/2024,10,10.5,2025-03-08
Census Tract,39061027700,White,09/2024,4,5.5,2025-03-08
Census Tract,39061027700,White,10/2024,9,11.5,2025-03-08
Census Tract,39061027700,White,11/2024,5,7.5,2025-03-08
Census Tract,39061027700,White,12/2024,10,9,2025-03-08
Census Tract,39061027700,White,01/2025,3,10.5,2025-03-08
Census Tract,39061027700,White,02/2025,11,9,2025-03-08
Census Tract,39061027700,White,03/2025,0,3.5,2025-03-08
Census Tract,sealed,,01/2020,1143,6.5,2025-03-08
Census Tract,sealed,,02/2020,887,4.5,2025-03-08
Census Tract,sealed,,03/2020,527,3.5,2025-03-08
Census Tract,sealed,,04/2020,239,5.5,2025-03-08
Census Tract,sealed,,05/2020,78,4,2025-03-08
Census Tract,sealed,,06/2020,19,6,2025-03-08
Census Tract,sealed,,07/2020,20,6.5,2025-03-08
Census Tract,sealed,,08/2020,47,12.5,2025-03-08
Census Tract,sealed,,09/2020,30,5,2025-03-08
Census Tract,sealed,,10/2020,49,5.5,2025-03-08
Census Tract,sealed,,11/2020,30,7,2025-03-08
Census Tract,sealed,,12/2020,6,7,2025-03-08
Census Tract,sealed,,01/2021,8,6.5,2025-03-08
Census Tract,sealed,,02/2021,2,4,2025-03-08
Census Tract,sealed,,03/2021,3,3.5,2025-03-08
Census Tract,sealed,,04/2021,3,5.5,2025-03-08
Census Tract,sealed,,05/2021,3,4,2025-03-08
Census Tract,sealed,,06/2021,1,6,2025-03-08
Census Tract,sealed,,07/2021,8,6.5,2025-03-08
Census Tract,sealed,,08/2021,6,12.5,2025-03-08
Census Tract,sealed,,09/2021,3,5,2025-03-08
Census Tract,sealed,,10/2021,5,5.5,2025-03-08
Census Tract,sealed,,11/2021,6,7,2025-03-08
Census Tract,sealed,,12/2021,22,7,2025-03-08
Census Tract,sealed,,01/2022,16,6.5,2025-03-08
Census Tract,sealed,,02/2022,4,4,2025-03-08
Census Tract,sealed,,03/2022,8,3.5,2025-03-08
Census Tract,sealed,,04/2022,9,5.5,2025-03-08
Census Tract,sealed,,05/2022,2,4,2025-03-08
Census Tract,sealed,,06/2022,15,6,2025-03-08
Census Tract,sealed,,07/2022,10,6.5,2025-03-08
Census Tract,sealed,,08/2022,8,12.5,2025-03-08
Census Tract,sealed,,09/2022,17,5,2025-03-08
Census Tract,sealed,,10/2022,6,5.5,2025-03-08
Census Tract,sealed,,11/2022,3,7,2025-03-08
Census Tract,sealed,,12/2022,10,7,2025-03-08
Census Tract,sealed,,01/2023,11,6.5,2025-03-08
Census Tract,sealed,,02/2023,2,4,2025-03-08
Census Tract,sealed,,03/2023,3,3.5,2025-03-08
Census Tract,sealed,,04/2023,3,5.5,2025-03-08
Census Tract,sealed,,05/2023,4,4,2025-03-08
Census Tract,sealed,,06/2023,7,6,2025-03-08
Census Tract,sealed,,07/2023,5,6.5,2025-03-08
Census Tract,sealed,,08/2023,11,12.5,2025-03-08
Census Tract,sealed,,09/2023,7,5,2025-03-08
Census Tract,sealed,,10/2023,3,5.5,2025-03-08
Census Tract,sealed,,11/2023,11,7,2025-03-08
Census Tract,sealed,,12/2023,8,7,2025-03-08
Census Tract,sealed,,01/2024,2,6.5,2025-03-08
Census Tract,sealed,,02/2024,7,4.5,2025-03-08
Census Tract,sealed,,03/2024,4,3.5,2025-03-08
Census Tract,sealed,,04/2024,8,5.5,2025-03-08
Census Tract,sealed,,05/2024,4,4,2025-03-08
Census Tract,sealed,,06/2024,5,6,2025-03-08
Census Tract,sealed,,07/2024,8,6.5,2025-03-08
Census Tract,sealed,,08/2024,14,12.5,2025-03-08
Census Tract,sealed,,09/2024,3,5,2025-03-08
Census Tract,sealed,,10/2024,8,5.5,2025-03-08
Census Tract,sealed,,11/2024,3,7,2025-03-08
Census Tract,sealed,,12/2024,6,7,2025-03-08
Census Tract,sealed,,01/2025,5,6.5,2025-03-08
Census Tract,sealed,,02/2025,13,4,2025-03-08
Census Tract,sealed,,03/2025,22,0,2025-03-08
