group,month,month_last_day,month_filings,avg_filings,month_diff,month_filings_imputed,baseline_share
White,04/2022,,5402,4874.8,1.10814802658571,0.360801948051948,0.499034844808457
Black,04/2022,,5372,5727.6,0.937914658844891,0.58136371555274,0.40013349810126
Other,04/2022,,1736,2168.4,0.800590296993175,0.0170368229331644,
Latinx,04/2022,,,,,0.0237606905289832,0.0381957912017535
Female,04/2022,,,,,0.577814131359738,0.537000622389796
