group,month,month_last_day,month_filings,avg_filings,month_diff,month_filings_imputed,baseline_share
White,06/2022,,5566,4874.8,1.141790432428,0.361029067004594,0.499034844808457
Black,06/2022,,5556,5727.6,0.97003980724911,0.581869475685094,0.40013349810126
Other,06/2022,,1833,2168.4,0.845323741007194,0.0168892364961191,
Latinx,06/2022,,,,,0.0233229843180738,0.0381957912017535
Female,06/2022,,,,,0.577060964261632,0.537000622389796
