group,month,month_last_day,month_filings,avg_filings,month_diff,month_filings_imputed,baseline_share
White,08/2022,,5367,4874.8,1.10096824485107,0.367926114752772,0.475117877435492
Black,08/2022,,5270,5727.6,0.920106152664292,0.576350084972081,0.421142973243749
Other,08/2022,,1716,2168.4,0.79136690647482,0.0159352189042648,
Latinx,08/2022,,,,,0.0238533624666181,0.0367469330848507
Female,08/2022,,,,,0.610227520546806,0.537000622389796
