group,month,month_last_day,month_filings,avg_filings,month_diff,month_filings_imputed,baseline_share
White,06/2023,,4476,4880.8,0.917062776594001,0.361689147400972,0.475117877435492
Black,06/2023,,4669,5731.6,0.814606741573034,0.575440730378442,0.421142973243749
Other,06/2023,,1421,2169.6,0.654959439528024,0.0343470033868355,
Latinx,06/2023,,,,,0.0285231188337506,0.0367469330848507
Female,06/2023,,,,,0.6010348545338,0.537000622389796
