group,month,month_last_day,month_filings,avg_filings,month_diff,month_filings_imputed,baseline_share
White,11/2022,,5216,4874.8,1.06999261508164,0.362776688543657,0.475117877435492
Black,11/2022,,5163,5727.6,0.901424680494448,0.5796653651242,0.421142973243749
Other,11/2022,,1679,2168.4,0.774303634015864,0.0317638946581373,
Latinx,11/2022,,,,,0.0257940516740052,0.0367469330848507
Female,11/2022,,,,,0.609117985570379,0.537000622389796
