group,month,month_last_day,month_filings,avg_filings,month_diff,month_filings_imputed,baseline_share
White,09/2022,,5406,4874.8,1.10896857306966,0.367931639834965,0.475117877435492
Black,09/2022,,5234,5727.6,0.913820797541728,0.57650360003236,0.421142973243749
Other,09/2022,,1745,2168.4,0.804740822726434,0.0316648329423187,
Latinx,09/2022,,,,,0.0238999271903568,0.0367469330848507
Female,09/2022,,,,,0.609264305965695,0.537000622389796
