group,month,month_last_day,month_filings,avg_filings,month_diff,month_filings_imputed,baseline_share
White,09/2023,,5724,4603.8,1.24332073504496,0.492872719274031,0.475117877435492
Black,09/2023,,5951,6009.8,0.990215980565077,0.392692380842541,0.421142973243749
Other,09/2023,,1833,2168.4,0.845323741007194,0.0638115414246992,
Latinx,09/2023,,,,,0.050623358458728,0.0367469330848507
Female,09/2023,,,,,0.60545835959189,0.537000622389796
