group,month,month_last_day,month_filings,avg_filings,month_diff,month_filings_imputed,baseline_share
White,08/2023,,1238,1527,0.810740013097577,0.344058169740828,0.429434932324754
Black,08/2023,,2995,4346.25,0.68909979867702,0.529272222835811,0.442344685636868
Other,08/2023,,1674,2422.25,0.691092992052844,0.0460100970232813,
Latinx,08/2023,,,,,0.0806595104000796,0.0706497431510567
Female,08/2023,,,,,0.589795557923932,0.546535699377252
