group,month,month_last_day,month_filings,avg_filings,month_diff,month_filings_imputed,baseline_share
White,12/2022,,1190,1392.25,0.854731549649847,0.248513166449935,0.429434932324754
Black,12/2022,,3367,4539.5,0.741711642251349,0.650124349804942,0.442344685636868
Latinx,12/2022,,113,149.5,0.755852842809365,0.0699188881664499,0.0706497431510567
Other,12/2022,,1756,2202,0.797456857402362,0.0314435955786735,
Female,12/2022,,,,,0.601233669262572,0.546535699377252
