group,month,month_last_day,month_filings,avg_filings,month_diff,month_filings_imputed,baseline_share
White,10/2023,,1230,1527,0.805500982318271,0.36661248201397,0.429434932324754
Black,10/2023,,2840,4346.25,0.653436870865689,0.502377193935325,0.442344685636868
Other,10/2023,,1593,2422.25,0.657653008566416,0.0498615318643412,
Latinx,10/2023,,,,,0.0811487921863643,0.0706497431510567
Female,10/2023,,,,,0.592985985095509,0.546535699377252
