group,month,month_last_day,month_filings,avg_filings,month_diff,month_filings_imputed,baseline_share
White,01/2023,,1164,1392.25,0.836056742682708,0.248513166449935,0.429434932324754
Black,01/2023,,3318,4539.5,0.730917501927525,0.650124349804942,0.442344685636868
Latinx,01/2023,,112,149.5,0.749163879598662,0.0699188881664499,0.0706497431510567
Other,01/2023,,1729,2202,0.78519527702089,0.0314435955786735,
Female,01/2023,,,,,0.600861708604047,0.546535699377252
