group,month,month_last_day,month_filings,avg_filings,month_diff,month_filings_imputed,baseline_share
White,03/2023,,1220,1393.75,0.875336322869955,0.24549491032477,0.429434932324754
Black,03/2023,,3318,4542,0.730515191545575,0.650863629019228,0.442344685636868
Latinx,03/2023,,114,149.75,0.76126878130217,0.073003716270803,0.0706497431510567
Other,03/2023,,1742,2202.75,0.790829644762229,0.0306377443851995,
Female,03/2023,,,,,0.600218120136067,0.546535699377252
