month,month_last_day,month_filings,avg_filings,percentage_diff
January,,675,880.75,0.766392279307409
February,,598,737.25,0.811122414377755
March,,223,734.5,0.303607896528251
April,,1,767,0.00130378096479791
May,,2,870.5,0.00229753015508329
June,,504,764.75,0.659038901601831
July,04/07/2020,8,93.5,0.0855614973262032
