group,month,month_last_day,month_filings,avg_filings,month_diff,month_filings_imputed,baseline_share
White,11/2022,,1137,1392.25,0.81666367390914,0.248271316535959,0.429434932324754
Black,11/2022,,3286,4539.5,0.723868267430334,0.647284999165693,0.442344685636868
Latinx,11/2022,,99,149.5,0.662207357859532,0.0733712664775572,0.0706497431510567
Other,11/2022,,1755,2202,0.79700272479564,0.0310724178207908,
Female,11/2022,,,,,0.603726144198753,0.546535699377252
