group,month,month_last_day,month_filings,avg_filings,month_diff,month_filings_imputed,baseline_share
White,05/2023,,1208,1393.75,0.866726457399103,0.254455354145686,0.429434932324754
Black,05/2023,,3248,4542,0.715103478643769,0.644114467942262,0.442344685636868
Latinx,05/2023,,124,149.75,0.828046744574291,0.0716863041289023,0.0706497431510567
Other,05/2023,,1619,2202.75,0.734990352967881,0.0297438737831487,
Female,05/2023,,,,,0.600709763945597,0.546535699377252
