group,month,month_last_day,month_filings,avg_filings,month_diff,month_filings_imputed,baseline_share
White,09/2023,,1211,1527,0.79305828421742,0.36661248201397,0.429434932324754
Black,09/2023,,2889,4346.25,0.664710957722174,0.502377193935325,0.442344685636868
Other,09/2023,,1601,2422.25,0.660955722984828,0.0498615318643412,
Latinx,09/2023,,,,,0.0811487921863643,0.0706497431510567
Female,09/2023,,,,,0.592985985095509,0.546535699377252
