group,month,month_last_day,month_filings,avg_filings,month_diff,month_filings_imputed,baseline_share
White,08/2022,,1171,1392.25,0.841084575327707,0.253368301764611,0.429434932324754
Black,08/2022,,3298,4539.5,0.726511730366781,0.644161890885543,0.442344685636868
Latinx,08/2022,,97,149.5,0.648829431438127,0.06991355026712,0.0706497431510567
Other,08/2022,,1897,2202,0.861489554950046,0.0162781285413631,
Female,08/2022,,,,,0.608741012968143,0.546535699377252
