group,month,month_last_day,month_filings,avg_filings,month_diff,month_filings_imputed,baseline_share
White,02/2023,,1223,1392.25,0.878434189261986,0.24549491032477,0.429434932324754
Black,02/2023,,3401,4539.5,0.749201453904615,0.650863629019228,0.442344685636868
Latinx,02/2023,,110,149.5,0.735785953177258,0.073003716270803,0.0706497431510567
Other,02/2023,,1746,2202,0.79291553133515,0.0306377443851995,
Female,02/2023,,,,,0.605753385584362,0.546535699377252
