month,month_last_day,month_filings,avg_filings,percentage_diff
January,,675,880.75,0.766392279307409
February,,598,737.25,0.811122414377755
March,,223,734.5,0.303607896528251
April,,1,767,0.00130378096479791
May,,2,870.5,0.00229753015508329
June,,511,764.75,0.668192219679634
July,,423,947.75,0.446320232128726
August,,443,1054.75,0.420004740459825
September,,331,842.5,0.392878338278932
October,10/10/2020,78,328,0.237804878048781
