group,month,month_last_day,month_filings,avg_filings,month_diff,month_filings_imputed,baseline_share
White,06/2023,,979,1393.75,0.702421524663677,0.298411793894049,0.429434932324754
Black,06/2023,,2685,4542,0.59114927344782,0.585162301877472,0.442344685636868
Latinx,06/2023,,45,149.75,0.300500834724541,0.0776222612968009,0.0706497431510567
Other,06/2023,,1455,2202.75,0.66053796390875,0.038803642931678,
Female,06/2023,,,,,0.589769866062569,0.546535699377252
