group,month,month_last_day,month_filings,avg_filings,month_diff,month_filings_imputed,baseline_share
White,09/2022,,1182,1392.25,0.84898545519842,0.250822619237518,0.429434932324754
Black,09/2022,,3392,4539.5,0.74721885670228,0.644948157600893,0.442344685636868
Latinx,09/2022,,103,149.5,0.688963210702341,0.0717821024086776,0.0706497431510567
Other,09/2022,,1872,2202,0.850136239782016,0.0324471207529111,
Female,09/2022,,,,,0.599300354843952,0.546535699377252
