group,month,month_last_day,month_filings,avg_filings,month_diff,month_filings_imputed,baseline_share
White,07/2023,,964,1393.75,0.691659192825112,0.3198862311791,0.429434932324754
Black,07/2023,,2624,4542,0.577719066490533,0.558622482035436,0.442344685636868
Latinx,07/2023,,50,149.75,0.333889816360601,0.078667591764707,0.0706497431510567
Other,07/2023,,1435,2202.75,0.651458404267393,0.0428236950207564,
Female,07/2023,,,,,0.593737062436475,0.546535699377252
