group,month,month_last_day,month_filings,avg_filings,month_diff,month_filings_imputed,baseline_share
White,06/2022,,1157,1392.25,0.831028910037709,0.247744963501658,0.426467205643066
Black,06/2022,,3111,4539.5,0.685317766273819,0.648403033347247,0.436803739326251
Latinx,06/2022,,94,149.5,0.62876254180602,0.0686371794148112,0.0768396332234367
Other,06/2022,,1873,2202,0.850590372388738,0.0176074118681418,
Female,06/2022,,,,,0.576469684372228,0.546535699377252
