month,month_last_day,month_filings,avg_filings,percentage_diff
January,,675,880.75,0.766392279307409
February,,598,737.25,0.811122414377755
March,,223,734.5,0.303607896528251
April,,1,767,0.00130378096479791
May,30/05/2020,2,837.75,0.00238734706057893
