group,month,month_last_day,month_filings,avg_filings,month_diff,month_filings_imputed,baseline_share
White,07/2022,,1158,1392.25,0.831747171844137,0.253179403928,0.426467205643066
Black,07/2022,,3176,4539.5,0.699636523846239,0.641871322168441,0.436803739326251
Latinx,07/2022,,96,149.5,0.642140468227425,0.070351579624447,0.0768396332234367
Other,07/2022,,1907,2202,0.866030881017257,0.017298847139556,
Female,07/2022,,,,,0.582187180563752,0.546535699377252
