group,month,month_last_day,month_filings,avg_filings,month_diff,month_filings_imputed,baseline_share
White,10/2022,,1175,1392.25,0.843957622553421,0.248539512195122,0.429434932324754
Black,10/2022,,3349,4539.5,0.737746447846679,0.647970243902439,0.442344685636868
Latinx,10/2022,,104,149.5,0.695652173913044,0.0720258536585366,0.0706497431510567
Other,10/2022,,1802,2202,0.818346957311535,0.0314643902439025,
Female,10/2022,,,,,0.599300354843952,0.546535699377252
