group,month,month_last_day,month_filings,avg_filings,month_diff,month_filings_imputed,baseline_share
White,06/2023,,8752,8312,1.05293551491819,0.381989102916544,0.53033489596712
Black,06/2023,,6843,7352.33333333333,0.930724939928368,0.487818321896287,0.317970556126381
Other,06/2023,,2536,2612.66666666667,0.970655779535596,0.0552554460134117,
Latinx,06/2023,,,,,0.0749371291737567,0.0546373298227588
Female,06/2023,,,,,0.577565870943177,0.522852341645007
