group,month,month_last_day,month_filings,avg_filings,month_diff,month_filings_imputed,baseline_share
White,10/2022,,10950,8305.33333333333,1.31842992454648,0.401180784795162,0.53033489596712
Black,10/2022,,7825,7350.33333333333,1.06457757017822,0.477822534442777,0.317970556126381
Other,10/2022,,3118,2610.66666666667,1.19433094994893,0.0550983494748328,
Latinx,10/2022,,,,,0.0658983312872278,0.0546373298227588
Female,10/2022,,,,,0.592000153312608,0.522852341645007
