group,month,month_last_day,month_filings,avg_filings,month_diff,month_filings_imputed,baseline_share
White,06/2022,,10419,8305.33333333333,1.25449510354792,0.393645263212341,0.539194824483734
Black,06/2022,,7323,7350.33333333333,0.996281347784681,0.488663598036194,0.30056030009616
Other,06/2022,,2999,2610.66666666667,1.14874872318693,0.0281343659906462,
Latinx,06/2022,,,,,0.0614224067701724,0.0624684622928032
Female,06/2022,,,,,0.559122620372519,0.522852341645007
