group,month,month_last_day,month_filings,avg_filings,month_diff,month_filings_imputed,baseline_share
White,10/2023,,11426,7373.33333333333,1.5496383363472,,0.53033489596712
Black,10/2023,,8230,6403,1.28533499921912,,0.317970556126381
Other,10/2023,,5176,4500.66666666667,1.15005184417123,,
Latinx,10/2023,,,,,,0.0546373298227588
Female,10/2023,,,,,,0.522852341645007
