group,month,month_last_day,month_filings,avg_filings,month_diff,month_filings_imputed,baseline_share
White,04/2022,,10159,8305.33333333333,1.2231899181249,0.392998463828299,0.542768097583074
Black,04/2022,,7151,7350.33333333333,0.972881048478527,0.48898116998865,0.312841335223698
Other,04/2022,,2947,2610.66666666667,1.1288304392237,0.0282762313265912,
Latinx,04/2022,,,,,0.061467903529868,0.054026392396037
Female,04/2022,,,,,0.56186670619685,0.553425271891468
