group,month,month_last_day,month_filings,avg_filings,month_diff,month_filings_imputed,baseline_share
White,01/2023,,11042,8305.33333333333,1.32950714400385,0.396969942987457,0.53033489596712
Black,01/2023,,7832,7350.33333333333,1.06552990794068,0.479331220068415,0.317970556126381
Other,01/2023,,3074,2610.66666666667,1.17747701736466,0.0554866134549601,
Latinx,01/2023,,,,,0.0682122234891676,0.0546373298227588
Female,01/2023,,,,,0.592640930855325,0.522852341645007
