group,month,month_last_day,month_filings,avg_filings,month_diff,month_filings_imputed,baseline_share
White,04/2023,,11890,8312,1.43046198267565,0.393094375717383,0.53033489596712
Black,04/2023,,8378,7352.33333333333,1.13950219884844,0.481166305318199,0.317970556126381
Other,04/2023,,3239,2612.66666666667,1.23972952283746,0.0552476299791693,
Latinx,04/2023,,,,,0.0704916889852485,0.0546373298227588
Female,04/2023,,,,,0.593753241159015,0.522852341645007
