group,month,month_last_day,month_filings,avg_filings,month_diff,month_filings_imputed,baseline_share
White,08/2022,,10734,8305.33333333333,1.2924225397335,0.403187626345729,0.53033489596712
Black,08/2022,,7441,7350.33333333333,1.01233504149472,0.476727046213154,0.317970556126381
Other,08/2022,,3043,2610.66666666667,1.1656026557712,0.0278410511964647,
Latinx,08/2022,,,,,0.0644032250481877,0.0546373298227588
Female,08/2022,,,,,0.590987989012957,0.522852341645007
