group,month,month_last_day,month_filings,avg_filings,month_diff,month_filings_imputed,baseline_share
White,06/2023,,8752,8312,1.05293551491819,0.392571971754481,0.53033489596712
Black,06/2023,,6843,7352.33333333333,0.930724939928368,0.479987687850806,0.317970556126381
Other,06/2023,,2536,2612.66666666667,0.970655779535596,0.0551208129639689,
Latinx,06/2023,,,,,0.0723195274307442,0.0546373298227588
Female,06/2023,,,,,0.594024858053881,0.522852341645007
