group,month,month_last_day,month_filings,avg_filings,month_diff,month_filings_imputed,baseline_share
White,09/2023,,11323,7373.33333333333,1.53566907775769,,0.53033489596712
Black,09/2023,,8304,6403,1.29689208183664,,0.317970556126381
Other,09/2023,,5148,4500.66666666667,1.14383054362317,,
Latinx,09/2023,,,,,,0.0546373298227588
Female,09/2023,,,,,,0.522852341645007
