group,month,month_last_day,month_filings,avg_filings,month_diff,month_filings_imputed,baseline_share
White,07/2023,,8820,8312,1.06111645813282,0.38123896683917,0.53033489596712
Black,07/2023,,6841,7352.33333333333,0.930452917441175,0.487012237401988,0.317970556126381
Other,07/2023,,2621,2612.66666666667,1.00318958918091,0.0553437195606047,
Latinx,07/2023,,,,,0.0764050761982377,0.0546373298227588
Female,07/2023,,,,,0.592049476440004,0.522852341645007
