group,month,month_last_day,month_filings,avg_filings,month_diff,month_filings_imputed,baseline_share
White,07/2022,,10567,8305.33333333333,1.27231497832718,0.393957077227649,0.539194824483734
Black,07/2022,,7425,7350.33333333333,1.01015826946624,0.487349462780835,0.30056030009616
Other,07/2022,,2969,2610.66666666667,1.13725740551583,0.0283141935890267,
Latinx,07/2022,,,,,0.0620650728134625,0.0624684622928032
Female,07/2022,,,,,0.558968372855585,0.522852341645007
