group,month,month_last_day,month_filings,avg_filings,month_diff,month_filings_imputed,baseline_share
White,05/2023,,12082,8312,1.45356111645813,0.393206252366727,0.53033489596712
Black,05/2023,,8362,7352.33333333333,1.1373260189509,0.480155257289519,0.317970556126381
Other,05/2023,,3291,2612.66666666667,1.25963255932636,0.0552066731181891,
Latinx,05/2023,,,,,0.0714318172255649,0.0546373298227588
Female,05/2023,,,,,0.594389188224679,0.522852341645007
