group,month,month_last_day,month_filings,avg_filings,month_diff,month_filings_imputed,baseline_share
White,12/2022,,10920,8305.33333333333,1.3148177877669,0.398380736466062,0.53033489596712
Black,12/2022,,7778,7350.33333333333,1.05818330234456,0.478007190620134,0.317970556126381
Other,12/2022,,3081,2610.66666666667,1.18015832482125,0.0551832463130897,
Latinx,12/2022,,,,,0.0684288266007145,0.0546373298227588
Female,12/2022,,,,,0.590341945154876,0.522852341645007
