group,month,month_last_day,month_filings,avg_filings,month_diff,month_filings_imputed,baseline_share
White,11/2022,,10924,8305.33333333333,1.31529940600417,0.399210626789691,0.53033489596712
Black,11/2022,,7862,7350.33333333333,1.06961135549408,0.478095995636562,0.317970556126381
Other,11/2022,,3181,2610.66666666667,1.21846271705822,0.054740148175083,
Latinx,11/2022,,,,,0.0679532293986637,0.0546373298227588
Female,11/2022,,,,,0.590374971244828,0.522852341645007
