group,month,month_last_day,month_filings,avg_filings,month_diff,month_filings_imputed,baseline_share
White,02/2023,,11550,8305.33333333333,1.39067266013806,0.3931229678312,0.53033489596712
Black,02/2023,,8390,7350.33333333333,1.1414448324339,0.481940591490834,0.317970556126381
Other,02/2023,,3201,2610.66666666667,1.22612359550562,0.0551912832929782,
Latinx,02/2023,,,,,0.0697451573849879,0.0546373298227588
Female,02/2023,,,,,0.592957555429601,0.522852341645007
