group,month,month_last_day,month_filings,avg_filings,month_diff,month_filings_imputed,baseline_share
White,08/2023,,11295,7373.33333333333,1.53187160940326,,0.53033489596712
Black,08/2023,,8439,6403,1.31797594877401,,0.317970556126381
Other,08/2023,,5208,4500.66666666667,1.15716190194045,,
Latinx,08/2023,,,,,,0.0546373298227588
Female,08/2023,,,,,,0.522852341645007
