group,month,month_last_day,month_filings,avg_filings,month_diff,month_filings_imputed,baseline_share
White,03/2023,,11944,8312,1.43695861405197,0.392337998482421,0.53033489596712
Black,03/2023,,8549,7352.33333333333,1.16276012150338,0.481646319871849,0.317970556126381
Other,03/2023,,3240,2612.66666666667,1.24011227353917,0.0551985920242812,
Latinx,03/2023,,,,,0.0708170896214485,0.0546373298227588
Female,03/2023,,,,,0.592083084497689,0.522852341645007
