group,month,month_last_day,month_filings,avg_filings,month_diff,month_filings_imputed,baseline_share
White,09/2022,,10941,8305.33333333333,1.3173462835126,0.40248205340319,0.53033489596712
Black,09/2022,,7670,7350.33333333333,1.04349009115233,0.476124546164805,0.317970556126381
Other,09/2022,,3107,2610.66666666667,1.19011746680286,0.0554064525024128,
Latinx,09/2022,,,,,0.0659869479295924,0.0546373298227588
Female,09/2022,,,,,0.592000153312608,0.522852341645007
