group,month,month_last_day,month_filings,avg_filings,month_diff,month_filings_imputed,baseline_share
White,05/2022,,3680,3349,1.0988354732756,0.208391139846743,0.252050089905263
Black,05/2022,,9531,10223,0.932309498190355,0.54568908045977,0.29866635567736
Latinx,05/2022,,9816,10979.6666666667,0.894016211785422,0.20588747605364,0.364276372706404
Other,05/2022,,18628,15756.3333333333,1.18225475470181,0.0200161518199234,
Female,05/2022,,,,,0.562835463212792,0.513789242070665
