group,month,month_last_day,month_filings,avg_filings,month_diff,month_filings_imputed,baseline_share
White,06/2022,,3646,3349,1.08868318901165,0.208391139846743,0.252050089905263
Black,06/2022,,9518,10223,0.931037855815318,0.54568908045977,0.29866635567736
Latinx,06/2022,,9715,10979.6666666667,0.884817389720392,0.20588747605364,0.364276372706404
Other,06/2022,,18468,15756.3333333333,1.17210010789312,0.0200161518199234,
Female,06/2022,,,,,0.562835463212792,0.513789242070665
