group,month,month_last_day,month_filings,avg_filings,month_diff,month_filings_imputed,baseline_share
White,08/2022,,3514,3349,1.0492684383398,0.215410266613609,0.280466668943378
Black,08/2022,,9301,10223,0.909811210016629,0.534746592717867,0.325005549484325
Latinx,08/2022,,9583,10979.6666666667,0.872795166823522,0.212503929566255,0.306389163991531
Other,08/2022,,17895,15756.3333333333,1.1357337790095,0.0186696055511341,
Female,08/2022,,,,,0.600550826141464,0.513789242070665
