group,month,month_last_day,month_filings,avg_filings,month_diff,month_filings_imputed,baseline_share
White,09/2022,,3563,3349,1.06389967154374,0.215974475771617,0.280466668943378
Black,09/2022,,9059,10223,0.8861390981121,0.530067357784235,0.325005549484325
Latinx,09/2022,,9530,10979.6666666667,0.867968062175537,0.21687489201288,0.306389163991531
Other,09/2022,,17490,15756.3333333333,1.110029829275,0.0370832744312678,
Female,09/2022,,,,,0.600282504612821,0.513789242070665
