group,month,month_last_day,month_filings,avg_filings,month_diff,month_filings_imputed,baseline_share
White,01/2023,,3362,3349,1.00388175574798,0.2153955339145,0.280466668943378
Black,01/2023,,8589,10223,0.840164335322312,0.524393177831881,0.325005549484325
Latinx,01/2023,,9425,10979.6666666667,0.858404930325754,0.224107699154428,0.306389163991531
Other,01/2023,,16565,15756.3333333333,1.05132327741226,0.036103589099191,
Female,01/2023,,,,,0.594587703453412,0.513789242070665
