group,month,month_last_day,month_filings,avg_filings,month_diff,month_filings_imputed,baseline_share
White,09/2023,,3976,3461.33333333333,1.14869029275809,0.299011230897839,0.280466668943378
Black,09/2023,,8520,10710.3333333333,0.795493448694407,0.394075288921581,0.325005549484325
Latinx,09/2023,,8537,10631.3333333333,0.80300369975544,0.256469461782942,0.306389163991531
Other,09/2023,,15819,15501.6666666667,1.02047091710569,0.0504440183976378,
Female,09/2023,,,,,0.589184273408788,0.513789242070665
