group,month,month_last_day,month_filings,avg_filings,month_diff,month_filings_imputed,baseline_share
White,02/2023,,3334,3349,0.995521051060018,0.213872674714274,0.280466668943378
Black,02/2023,,8379,10223,0.819622420033258,0.518705120312626,0.325005549484325
Latinx,02/2023,,9389,10979.6666666667,0.855126142262971,0.231211718101764,0.306389163991531
Other,02/2023,,16360,15756.3333333333,1.03831263618862,0.0362104868713364,
Female,02/2023,,,,,0.594446184865179,0.513789242070665
