group,month,month_last_day,month_filings,avg_filings,month_diff,month_filings_imputed,baseline_share
White,07/2023,,1742,3349,0.520155270229919,0.268842267823709,0.280466668943378
Black,07/2023,,4602,10223,0.450161400762985,0.432396980688783,0.325005549484325
Latinx,07/2023,,6137,10979.6666666667,0.558942287258265,0.25346811139651,0.306389163991531
Other,07/2023,,9728,15756.3333333333,0.617402525968394,0.0452926400909975,
Female,07/2023,,,,,0.591298739256555,0.513789242070665
