group,month,month_last_day,month_filings,avg_filings,month_diff,month_filings_imputed,baseline_share
White,08/2023,,4187,3461.33333333333,1.20964946070878,0.287787425312927,0.280466668943378
Black,08/2023,,8805,10710.3333333333,0.822103264759889,0.409217928310085,0.325005549484325
Latinx,08/2023,,8880,10631.3333333333,0.835266821345708,0.254538957512233,0.306389163991531
Other,08/2023,,16494,15501.6666666667,1.06401462208365,0.0484556888647545,
Female,08/2023,,,,,0.590376846558513,0.513789242070665
