group,month,month_last_day,month_filings,avg_filings,month_diff,month_filings_imputed,baseline_share
White,03/2023,,3379,3349,1.00895789787996,0.213563901554542,0.280466668943378
Black,03/2023,,8351,10223,0.816883497994718,0.516894675092659,0.325005549484325
Latinx,03/2023,,9515,10979.6666666667,0.86660190048271,0.233454896941578,0.306389163991531
Other,03/2023,,16340,15756.3333333333,1.03704330533754,0.0360865264112205,
Female,03/2023,,,,,0.593819348422476,0.513789242070665
