group,month,month_last_day,month_filings,avg_filings,month_diff,month_filings_imputed,baseline_share
White,10/2023,,4009,3461.33333333333,1.15822419106317,0.299011230897839,0.280466668943378
Black,10/2023,,8839,10710.3333333333,0.825277769132613,0.394075288921581,0.325005549484325
Latinx,10/2023,,8737,10631.3333333333,0.821816015551514,0.256469461782942,0.306389163991531
Other,10/2023,,16176,15501.6666666667,1.04350069884959,0.0504440183976378,
Female,10/2023,,,,,0.589184273408788,0.513789242070665
