group,month,month_last_day,month_filings,avg_filings,month_diff,month_filings_imputed,baseline_share
White,07/2022,,3600,3349,1.0749477455957,0.209096734664456,0.252050089905263
Black,07/2022,,9548,10223,0.933972415142326,0.544221437324299,0.29866635567736
Latinx,07/2022,,9645,10979.6666666667,0.878441968487204,0.206996035464571,0.364276372706404
Other,07/2022,,18129,15756.3333333333,1.15058494996721,0.0198428962733367,
Female,07/2022,,,,,0.563393577456757,0.513789242070665
