group,month,month_last_day,month_filings,avg_filings,month_diff,month_filings_imputed,baseline_share
White,04/2023,,3362,3349,1.00388175574798,0.213807893677004,0.280466668943378
Black,04/2023,,8116,10223,0.793896116599824,0.513306484091824,0.325005549484325
Latinx,04/2023,,9580,10979.6666666667,0.872521934484957,0.236454020673916,0.306389163991531
Other,04/2023,,16259,15756.3333333333,1.03190251539064,0.036431601557256,
Female,04/2023,,,,,0.591397986578465,0.513789242070665
