group,month,month_last_day,month_filings,avg_filings,month_diff,month_filings_imputed,baseline_share
White,06/2023,,1720,3349,0.513586145117946,0.212625293350717,0.280466668943378
Black,06/2023,,4636,10223,0.453487234666928,0.508416195856874,0.325005549484325
Latinx,06/2023,,6157,10979.6666666667,0.560763836182034,0.242467970447632,0.306389163991531
Other,06/2023,,9683,15756.3333333333,0.614546531553449,0.0364905403447776,
Female,06/2023,,,,,0.580042527273687,0.513789242070665
