group,month,month_last_day,month_filings,avg_filings,month_diff,month_filings_imputed,baseline_share
White,04/2022,,3732,3349,1.11436249626754,0.206679939374256,0.252050089905263
Black,04/2022,,9793,10223,0.957937982979556,0.548547190646314,0.29866635567736
Latinx,04/2022,,10033,10979.6666666667,0.913780017608306,0.204687322723828,0.364276372706404
Other,04/2022,,18728,15756.3333333333,1.18860140895724,0.0200427736278012,
Female,04/2022,,,,,0.563120885587211,0.513789242070665
