group,month,month_last_day,month_filings,avg_filings,month_diff,month_filings_imputed,baseline_share
White,05/2023,,3406,3349,1.01702000597193,0.212750769807481,0.280466668943378
Black,05/2023,,8140,10223,0.79624376406143,0.511344525664712,0.325005549484325
Latinx,05/2023,,9718,10979.6666666667,0.885090622058958,0.239587999036067,0.306389163991531
Other,05/2023,,16162,15756.3333333333,1.02574626076287,0.0363167054917397,
Female,05/2023,,,,,0.590369548090846,0.513789242070665
