group,month,month_last_day,month_filings,avg_filings,month_diff,month_filings_imputed,baseline_share
White,12/2022,,3393,3349,1.01313825022395,0.2153955339145,0.280466668943378
Black,12/2022,,8682,10223,0.849261469236036,0.524393177831881,0.325005549484325
Latinx,12/2022,,9500,10979.6666666667,0.865235738789884,0.224107699154428,0.306389163991531
Other,12/2022,,16708,15756.3333333333,1.06039899299752,0.036103589099191,
Female,12/2022,,,,,0.595005081762657,0.513789242070665
