month,month_last_day,month_filings,avg_filings,percentage_diff
January,,1253,1149,1.0905134899913
February,,944,747,1.26372155287818
March,,632,735.25,0.859571574294458
April,,43,890.5,0.0482874789444133
May,23/05/2020,23,707.75,0.032497350759449
