month,month_last_day,month_filings,avg_filings,percentage_diff
January,,1253,1149,1.0905134899913
February,,944,747,1.26372155287818
March,,632,735.25,0.859571574294458
April,,43,890.5,0.0482874789444133
May,,32,952.25,0.0336046206353374
June,,57,1063.5,0.0535966149506347
July,,56,1167.25,0.047976011994003
August,01/08/2020,0,38,0
