type,GEOID,racial_majority,month,filings_2020,filings_avg,filings_avg_prepandemic_baseline,last_updated
Census Tract,41039000100,White,01/2020,1,0.5,0.75,
Census Tract,41039000100,White,02/2020,0,0.5,1,
Census Tract,41039000100,White,03/2020,0,0.5,0.25,
Census Tract,41039000100,White,04/2020,1,0,0.75,
Census Tract,41039000100,White,05/2020,0,1,1,
Census Tract,41039000100,White,06/2020,0,0.5,0.5,
Census Tract,41039000100,White,07/2020,0,1,1.25,
Census Tract,41039000100,White,08/2020,0,1,1.25,
Census Tract,41039000100,White,09/2020,1,0.5,1.25,
Census Tract,41039000100,White,10/2020,0,0,0.75,
Census Tract,41039000100,White,11/2020,0,0,0.25,
Census Tract,41039000100,White,12/2020,0,0.5,0,
Census Tract,41039000100,White,01/2021,0,0.5,0.75,
Census Tract,41039000100,White,02/2021,0,0.5,1,
Census Tract,41039000100,White,03/2021,0,0.5,0.25,
Census Tract,41039000100,White,04/2021,0,0,0.75,
Census Tract,41039000100,White,05/2021,0,1,1,
Census Tract,41039000100,White,06/2021,0,0.5,0.5,
Census Tract,41039000100,White,07/2021,1,1,1.25,
Census Tract,41039000100,White,08/2021,0,1,1.25,
Census Tract,41039000100,White,09/2021,2,0.5,1.25,
Census Tract,41039000100,White,10/2021,0,0,0.75,
Census Tract,41039000100,White,11/2021,2,0,0.25,
Census Tract,41039000100,White,12/2021,0,0.5,0,
Census Tract,41039000100,White,01/2022,0,0.5,0.75,
Census Tract,41039000100,White,02/2022,1,0.5,1,
Census Tract,41039000100,White,03/2022,0,0.5,0.25,
Census Tract,41039000100,White,04/2022,0,0,0.75,
Census Tract,41039000100,White,05/2022,0,1,1,
Census Tract,41039000100,White,06/2022,1,0.5,0.5,
Census Tract,41039000100,White,07/2022,1,1,1.25,
Census Tract,41039000100,White,08/2022,0,1,1.25,
Census Tract,41039000100,White,09/2022,2,0.5,1.25,
Census Tract,41039000100,White,10/2022,0,0,0.75,
Census Tract,41039000100,White,11/2022,0,0,0.25,
Census Tract,41039000100,White,12/2022,0,0.5,0,
Census Tract,41039000100,White,01/2023,0,0.5,0.75,
Census Tract,41039000100,White,02/2023,1,0.5,1,
Census Tract,41039000100,White,03/2023,1,0.5,0.25,
Census Tract,41039000100,White,04/2023,0,0,0.75,
Census Tract,41039000100,White,05/2023,1,1,1,
Census Tract,41039000100,White,06/2023,1,0.5,0.5,
Census Tract,41039000100,White,07/2023,1,1,1.25,
Census Tract,41039000100,White,08/2023,1,1,1.25,
Census Tract,41039000100,White,09/2023,0,0.5,1.25,
Census Tract,41039000100,White,10/2023,0,0,0.75,
Census Tract,41039000100,White,11/2023,0,0,0.25,
Census Tract,41039000100,White,12/2023,1,0.5,0,
Census Tract,41039000100,White,01/2024,1,0.5,0.75,
Census Tract,41039000100,White,02/2024,0,0.5,1,
Census Tract,41039000100,White,03/2024,0,0.5,0.25,
Census Tract,41039000100,White,04/2024,0,0,0.75,
Census Tract,41039000100,White,05/2024,1,1,1,
Census Tract,41039000100,White,06/2024,0,0.5,0.5,
Census Tract,41039000100,White,07/2024,1,1,1.25,
Census Tract,41039000100,White,08/2024,1,1,1.25,
Census Tract,41039000100,White,09/2024,1,0.5,1.25,
Census Tract,41039000100,White,10/2024,0,0,0.75,
Census Tract,41039000100,White,11/2024,0,0,0.25,
Census Tract,41039000100,White,12/2024,0,0.5,0,
Census Tract,41039000100,White,01/2025,1,0.5,0.75,
Census Tract,41039000100,White,02/2025,1,0.5,1,
Census Tract,41039000100,White,03/2025,1,0.5,0.25,
Census Tract,41039000100,White,04/2025,2,0,0.75,
Census Tract,41039000100,White,05/2025,1,1,1,
Census Tract,41039000100,White,06/2025,0,0.5,0.5,
Census Tract,41039000100,White,07/2025,0,1,1.25,
Census Tract,41039000100,White,08/2025,0,1,1.25,
Census Tract,41039000100,White,09/2025,1,0.5,1.25,
Census Tract,41039000100,White,10/2025,0,0,0.75,
Census Tract,41039000100,White,11/2025,0,0,0.25,
Census Tract,41039000100,White,12/2025,2,0.5,0,
Census Tract,41039000100,White,01/2026,0,0.5,0.75,
Census Tract,41039000100,White,02/2026,0,0.5,1,
Census Tract,41039000100,White,03/2026,2,0.5,0.25,
Census Tract,41039000100,White,04/2026,2,0,0.75,
Census Tract,41039000100,White,05/2026,0,1,1,
Census Tract,41039000100,White,06/2026,0,0.5,0,2026-06-06
Census Tract,41039000200,White,01/2020,1,0,0.25,
Census Tract,41039000200,White,02/2020,1,0,0.75,
Census Tract,41039000200,White,03/2020,2,0,0.5,
Census Tract,41039000200,White,04/2020,0,0.5,0.25,
Census Tract,41039000200,White,05/2020,0,0.5,1,
Census Tract,41039000200,White,06/2020,0,0,0.75,
Census Tract,41039000200,White,07/2020,0,0,0.5,
Census Tract,41039000200,White,08/2020,0,0.5,0.75,
Census Tract,41039000200,White,09/2020,0,0.5,0.5,
Census Tract,41039000200,White,10/2020,0,0,1,
Census Tract,41039000200,White,11/2020,0,1,0.5,
Census Tract,41039000200,White,12/2020,0,0,0,
Census Tract,41039000200,White,01/2021,1,0,0.25,
Census Tract,41039000200,White,02/2021,1,0,0.75,
Census Tract,41039000200,White,03/2021,0,0,0.5,
Census Tract,41039000200,White,04/2021,0,0.5,0.25,
Census Tract,41039000200,White,05/2021,0,0.5,1,
Census Tract,41039000200,White,06/2021,1,0,0.75,
Census Tract,41039000200,White,07/2021,0,0,0.5,
Census Tract,41039000200,White,08/2021,3,0.5,0.75,
Census Tract,41039000200,White,09/2021,0,0.5,0.5,
Census Tract,41039000200,White,10/2021,1,0,1,
Census Tract,41039000200,White,11/2021,0,1,0.5,
Census Tract,41039000200,White,12/2021,1,0,0,
Census Tract,41039000200,White,01/2022,0,0,0.25,
Census Tract,41039000200,White,02/2022,1,0,0.75,
Census Tract,41039000200,White,03/2022,2,0,0.5,
Census Tract,41039000200,White,04/2022,0,0.5,0.25,
Census Tract,41039000200,White,05/2022,2,0.5,1,
Census Tract,41039000200,White,06/2022,2,0,0.75,
Census Tract,41039000200,White,07/2022,1,0,0.5,
Census Tract,41039000200,White,08/2022,0,0.5,0.75,
Census Tract,41039000200,White,09/2022,1,0.5,0.5,
Census Tract,41039000200,White,10/2022,1,0,1,
Census Tract,41039000200,White,11/2022,0,1,0.5,
Census Tract,41039000200,White,12/2022,0,0,0,
Census Tract,41039000200,White,01/2023,0,0,0.25,
Census Tract,41039000200,White,02/2023,0,0,0.75,
Census Tract,41039000200,White,03/2023,0,0,0.5,
Census Tract,41039000200,White,04/2023,1,0.5,0.25,
Census Tract,41039000200,White,05/2023,0,0.5,1,
Census Tract,41039000200,White,06/2023,0,0,0.75,
Census Tract,41039000200,White,07/2023,0,0,0.5,
Census Tract,41039000200,White,08/2023,0,0.5,0.75,
Census Tract,41039000200,White,09/2023,1,0.5,0.5,
Census Tract,41039000200,White,10/2023,0,0,1,
Census Tract,41039000200,White,11/2023,0,1,0.5,
Census Tract,41039000200,White,12/2023,0,0,0,
Census Tract,41039000200,White,01/2024,0,0,0.25,
Census Tract,41039000200,White,02/2024,0,0,0.75,
Census Tract,41039000200,White,03/2024,0,0,0.5,
Census Tract,41039000200,White,04/2024,0,0.5,0.25,
Census Tract,41039000200,White,05/2024,1,0.5,1,
Census Tract,41039000200,White,06/2024,0,0,0.75,
Census Tract,41039000200,White,07/2024,0,0,0.5,
Census Tract,41039000200,White,08/2024,1,0.5,0.75,
Census Tract,41039000200,White,09/2024,0,0.5,0.5,
Census Tract,41039000200,White,10/2024,0,0,1,
Census Tract,41039000200,White,11/2024,2,1,0.5,
Census Tract,41039000200,White,12/2024,0,0,0,
Census Tract,41039000200,White,01/2025,1,0,0.25,
Census Tract,41039000200,White,02/2025,0,0,0.75,
Census Tract,41039000200,White,03/2025,0,0,0.5,
Census Tract,41039000200,White,04/2025,1,0.5,0.25,
Census Tract,41039000200,White,05/2025,2,0.5,1,
Census Tract,41039000200,White,06/2025,0,0,0.75,
Census Tract,41039000200,White,07/2025,0,0,0.5,
Census Tract,41039000200,White,08/2025,0,0.5,0.75,
Census Tract,41039000200,White,09/2025,1,0.5,0.5,
Census Tract,41039000200,White,10/2025,0,0,1,
Census Tract,41039000200,White,11/2025,1,1,0.5,
Census Tract,41039000200,White,12/2025,1,0,0,
Census Tract,41039000200,White,01/2026,0,0,0.25,
Census Tract,41039000200,White,02/2026,1,0,0.75,
Census Tract,41039000200,White,03/2026,1,0,0.5,
Census Tract,41039000200,White,04/2026,0,0.5,0.25,
Census Tract,41039000200,White,05/2026,0,0.5,1,
Census Tract,41039000200,White,06/2026,0,0,0.25,2026-06-06
Census Tract,41039000300,White,01/2020,0,0.5,0,
Census Tract,41039000300,White,02/2020,0,0.5,0,
Census Tract,41039000300,White,03/2020,1,0,0.25,
Census Tract,41039000300,White,04/2020,0,0.5,0.5,
Census Tract,41039000300,White,05/2020,0,0,0.25,
Census Tract,41039000300,White,06/2020,0,0,0,
Census Tract,41039000300,White,07/2020,0,1,0.75,
Census Tract,41039000300,White,08/2020,0,0.5,0,
Census Tract,41039000300,White,09/2020,0,0,1,
Census Tract,41039000300,White,10/2020,0,0.5,0,
Census Tract,41039000300,White,11/2020,0,0,0.25,
Census Tract,41039000300,White,12/2020,0,0.5,0,
Census Tract,41039000300,White,01/2021,0,0.5,0,
Census Tract,41039000300,White,02/2021,0,0.5,0,
Census Tract,41039000300,White,03/2021,2,0,0.25,
Census Tract,41039000300,White,04/2021,0,0.5,0.5,
Census Tract,41039000300,White,05/2021,0,0,0.25,
Census Tract,41039000300,White,06/2021,0,0,0,
Census Tract,41039000300,White,07/2021,0,1,0.75,
Census Tract,41039000300,White,08/2021,0,0.5,0,
Census Tract,41039000300,White,09/2021,0,0,1,
Census Tract,41039000300,White,10/2021,0,0.5,0,
Census Tract,41039000300,White,11/2021,0,0,0.25,
Census Tract,41039000300,White,12/2021,0,0.5,0,
Census Tract,41039000300,White,01/2022,0,0.5,0,
Census Tract,41039000300,White,02/2022,0,0.5,0,
Census Tract,41039000300,White,03/2022,0,0,0.25,
Census Tract,41039000300,White,04/2022,0,0.5,0.5,
Census Tract,41039000300,White,05/2022,0,0,0.25,
Census Tract,41039000300,White,06/2022,0,0,0,
Census Tract,41039000300,White,07/2022,0,1,0.75,
Census Tract,41039000300,White,08/2022,0,0.5,0,
Census Tract,41039000300,White,09/2022,0,0,1,
Census Tract,41039000300,White,10/2022,0,0.5,0,
Census Tract,41039000300,White,11/2022,0,0,0.25,
Census Tract,41039000300,White,12/2022,1,0.5,0,
Census Tract,41039000300,White,01/2023,1,0.5,0,
Census Tract,41039000300,White,02/2023,0,0.5,0,
Census Tract,41039000300,White,03/2023,0,0,0.25,
Census Tract,41039000300,White,04/2023,1,0.5,0.5,
Census Tract,41039000300,White,05/2023,0,0,0.25,
Census Tract,41039000300,White,06/2023,0,0,0,
Census Tract,41039000300,White,07/2023,0,1,0.75,
Census Tract,41039000300,White,08/2023,0,0.5,0,
Census Tract,41039000300,White,09/2023,0,0,1,
Census Tract,41039000300,White,10/2023,0,0.5,0,
Census Tract,41039000300,White,11/2023,0,0,0.25,
Census Tract,41039000300,White,12/2023,0,0.5,0,
Census Tract,41039000300,White,01/2024,0,0.5,0,
Census Tract,41039000300,White,02/2024,1,0.5,0,
Census Tract,41039000300,White,03/2024,0,0,0.25,
Census Tract,41039000300,White,04/2024,0,0.5,0.5,
Census Tract,41039000300,White,05/2024,0,0,0.25,
Census Tract,41039000300,White,06/2024,0,0,0,
Census Tract,41039000300,White,07/2024,2,1,0.75,
Census Tract,41039000300,White,08/2024,1,0.5,0,
Census Tract,41039000300,White,09/2024,0,0,1,
Census Tract,41039000300,White,10/2024,1,0.5,0,
Census Tract,41039000300,White,11/2024,0,0,0.25,
Census Tract,41039000300,White,12/2024,1,0.5,0,
Census Tract,41039000300,White,01/2025,0,0.5,0,
Census Tract,41039000300,White,02/2025,0,0.5,0,
Census Tract,41039000300,White,03/2025,1,0,0.25,
Census Tract,41039000300,White,04/2025,0,0.5,0.5,
Census Tract,41039000300,White,05/2025,0,0,0.25,
Census Tract,41039000300,White,06/2025,0,0,0,
Census Tract,41039000300,White,07/2025,0,1,0.75,
Census Tract,41039000300,White,08/2025,0,0.5,0,
Census Tract,41039000300,White,09/2025,0,0,1,
Census Tract,41039000300,White,10/2025,0,0.5,0,
Census Tract,41039000300,White,11/2025,0,0,0.25,
Census Tract,41039000300,White,12/2025,0,0.5,0,
Census Tract,41039000300,White,01/2026,0,0.5,0,
Census Tract,41039000300,White,02/2026,0,0.5,0,
Census Tract,41039000300,White,03/2026,1,0,0.25,
Census Tract,41039000300,White,04/2026,1,0.5,0.5,
Census Tract,41039000300,White,05/2026,0,0,0.25,
Census Tract,41039000300,White,06/2026,0,0,0,2026-06-06
Census Tract,41039000402,White,01/2020,0,0,0,
Census Tract,41039000402,White,02/2020,1,0.5,0.25,
Census Tract,41039000402,White,03/2020,0,0,0.25,
Census Tract,41039000402,White,04/2020,0,0.5,0.75,
Census Tract,41039000402,White,05/2020,0,1.5,0.5,
Census Tract,41039000402,White,06/2020,0,0.5,0.5,
Census Tract,41039000402,White,07/2020,0,0.5,0,
Census Tract,41039000402,White,08/2020,0,1,0.75,
Census Tract,41039000402,White,09/2020,0,0,0,
Census Tract,41039000402,White,10/2020,1,0,0,
Census Tract,41039000402,White,11/2020,0,0.5,0.25,
Census Tract,41039000402,White,12/2020,0,0.5,0.5,
Census Tract,41039000402,White,01/2021,1,0,0,
Census Tract,41039000402,White,02/2021,0,0.5,0.25,
Census Tract,41039000402,White,03/2021,0,0,0.25,
Census Tract,41039000402,White,04/2021,0,0.5,0.75,
Census Tract,41039000402,White,05/2021,0,1.5,0.5,
Census Tract,41039000402,White,06/2021,0,0.5,0.5,
Census Tract,41039000402,White,07/2021,0,0.5,0,
Census Tract,41039000402,White,08/2021,0,1,0.75,
Census Tract,41039000402,White,09/2021,1,0,0,
Census Tract,41039000402,White,10/2021,1,0,0,
Census Tract,41039000402,White,11/2021,1,0.5,0.25,
Census Tract,41039000402,White,12/2021,1,0.5,0.5,
Census Tract,41039000402,White,01/2022,1,0,0,
Census Tract,41039000402,White,02/2022,0,0.5,0.25,
Census Tract,41039000402,White,03/2022,0,0,0.25,
Census Tract,41039000402,White,04/2022,0,0.5,0.75,
Census Tract,41039000402,White,05/2022,0,1.5,0.5,
Census Tract,41039000402,White,06/2022,0,0.5,0.5,
Census Tract,41039000402,White,07/2022,0,0.5,0,
Census Tract,41039000402,White,08/2022,0,1,0.75,
Census Tract,41039000402,White,09/2022,0,0,0,
Census Tract,41039000402,White,10/2022,0,0,0,
Census Tract,41039000402,White,11/2022,0,0.5,0.25,
Census Tract,41039000402,White,12/2022,1,0.5,0.5,
Census Tract,41039000402,White,01/2023,0,0,0,
Census Tract,41039000402,White,02/2023,0,0.5,0.25,
Census Tract,41039000402,White,03/2023,0,0,0.25,
Census Tract,41039000402,White,04/2023,0,0.5,0.75,
Census Tract,41039000402,White,05/2023,0,1.5,0.5,
Census Tract,41039000402,White,06/2023,0,0.5,0.5,
Census Tract,41039000402,White,07/2023,0,0.5,0,
Census Tract,41039000402,White,08/2023,1,1,0.75,
Census Tract,41039000402,White,09/2023,0,0,0,
Census Tract,41039000402,White,10/2023,0,0,0,
Census Tract,41039000402,White,11/2023,0,0.5,0.25,
Census Tract,41039000402,White,12/2023,0,0.5,0.5,
Census Tract,41039000402,White,01/2024,0,0,0,
Census Tract,41039000402,White,02/2024,1,0.5,0.25,
Census Tract,41039000402,White,03/2024,0,0,0.25,
Census Tract,41039000402,White,04/2024,1,0.5,0.75,
Census Tract,41039000402,White,05/2024,3,1.5,0.5,
Census Tract,41039000402,White,06/2024,1,0.5,0.5,
Census Tract,41039000402,White,07/2024,1,0.5,0,
Census Tract,41039000402,White,08/2024,1,1,0.75,
Census Tract,41039000402,White,09/2024,0,0,0,
Census Tract,41039000402,White,10/2024,0,0,0,
Census Tract,41039000402,White,11/2024,1,0.5,0.25,
Census Tract,41039000402,White,12/2024,1,0.5,0.5,
Census Tract,41039000402,White,01/2025,0,0,0,
Census Tract,41039000402,White,02/2025,1,0.5,0.25,
Census Tract,41039000402,White,03/2025,0,0,0.25,
Census Tract,41039000402,White,04/2025,1,0.5,0.75,
Census Tract,41039000402,White,05/2025,1,1.5,0.5,
Census Tract,41039000402,White,06/2025,0,0.5,0.5,
Census Tract,41039000402,White,07/2025,1,0.5,0,
Census Tract,41039000402,White,08/2025,2,1,0.75,
Census Tract,41039000402,White,09/2025,1,0,0,
Census Tract,41039000402,White,10/2025,3,0,0,
Census Tract,41039000402,White,11/2025,2,0.5,0.25,
Census Tract,41039000402,White,12/2025,1,0.5,0.5,
Census Tract,41039000402,White,01/2026,1,0,0,
Census Tract,41039000402,White,02/2026,1,0.5,0.25,
Census Tract,41039000402,White,03/2026,1,0,0.25,
Census Tract,41039000402,White,04/2026,1,0.5,0.75,
Census Tract,41039000402,White,05/2026,3,1.5,0.5,
Census Tract,41039000402,White,06/2026,0,0,0.25,2026-06-06
Census Tract,41039000403,White,01/2020,2,3.5,2,
Census Tract,41039000403,White,02/2020,0,3.5,1.75,
Census Tract,41039000403,White,03/2020,0,4,1.75,
Census Tract,41039000403,White,04/2020,0,4,4,
Census Tract,41039000403,White,05/2020,0,4,2.25,
Census Tract,41039000403,White,06/2020,1,2.5,3.5,
Census Tract,41039000403,White,07/2020,0,4.5,2.5,
Census Tract,41039000403,White,08/2020,0,7,2,
Census Tract,41039000403,White,09/2020,0,2.5,1.5,
Census Tract,41039000403,White,10/2020,1,2.5,2,
Census Tract,41039000403,White,11/2020,0,3.5,2.25,
Census Tract,41039000403,White,12/2020,0,4,1,
Census Tract,41039000403,White,01/2021,0,3.5,2,
Census Tract,41039000403,White,02/2021,1,3.5,1.75,
Census Tract,41039000403,White,03/2021,2,4,1.75,
Census Tract,41039000403,White,04/2021,0,4,4,
Census Tract,41039000403,White,05/2021,0,4,2.25,
Census Tract,41039000403,White,06/2021,1,2.5,3.5,
Census Tract,41039000403,White,07/2021,0,4.5,2.5,
Census Tract,41039000403,White,08/2021,2,7,2,
Census Tract,41039000403,White,09/2021,1,2.5,1.5,
Census Tract,41039000403,White,10/2021,1,2.5,2,
Census Tract,41039000403,White,11/2021,0,3.5,2.25,
Census Tract,41039000403,White,12/2021,1,4,1,
Census Tract,41039000403,White,01/2022,3,3.5,2,
Census Tract,41039000403,White,02/2022,0,3.5,1.75,
Census Tract,41039000403,White,03/2022,1,4,1.75,
Census Tract,41039000403,White,04/2022,2,4,4,
Census Tract,41039000403,White,05/2022,1,4,2.25,
Census Tract,41039000403,White,06/2022,3,2.5,3.5,
Census Tract,41039000403,White,07/2022,2,4.5,2.5,
Census Tract,41039000403,White,08/2022,2,7,2,
Census Tract,41039000403,White,09/2022,0,2.5,1.5,
Census Tract,41039000403,White,10/2022,4,2.5,2,
Census Tract,41039000403,White,11/2022,6,3.5,2.25,
Census Tract,41039000403,White,12/2022,5,4,1,
Census Tract,41039000403,White,01/2023,4,3.5,2,
Census Tract,41039000403,White,02/2023,6,3.5,1.75,
Census Tract,41039000403,White,03/2023,3,4,1.75,
Census Tract,41039000403,White,04/2023,2,4,4,
Census Tract,41039000403,White,05/2023,2,4,2.25,
Census Tract,41039000403,White,06/2023,2,2.5,3.5,
Census Tract,41039000403,White,07/2023,5,4.5,2.5,
Census Tract,41039000403,White,08/2023,5,7,2,
Census Tract,41039000403,White,09/2023,2,2.5,1.5,
Census Tract,41039000403,White,10/2023,2,2.5,2,
Census Tract,41039000403,White,11/2023,4,3.5,2.25,
Census Tract,41039000403,White,12/2023,6,4,1,
Census Tract,41039000403,White,01/2024,3,3.5,2,
Census Tract,41039000403,White,02/2024,1,3.5,1.75,
Census Tract,41039000403,White,03/2024,5,4,1.75,
Census Tract,41039000403,White,04/2024,6,4,4,
Census Tract,41039000403,White,05/2024,6,4,2.25,
Census Tract,41039000403,White,06/2024,3,2.5,3.5,
Census Tract,41039000403,White,07/2024,4,4.5,2.5,
Census Tract,41039000403,White,08/2024,9,7,2,
Census Tract,41039000403,White,09/2024,3,2.5,1.5,
Census Tract,41039000403,White,10/2024,3,2.5,2,
Census Tract,41039000403,White,11/2024,3,3.5,2.25,
Census Tract,41039000403,White,12/2024,2,4,1,
Census Tract,41039000403,White,01/2025,3,3.5,2,
Census Tract,41039000403,White,02/2025,4,3.5,1.75,
Census Tract,41039000403,White,03/2025,2,4,1.75,
Census Tract,41039000403,White,04/2025,3,4,4,
Census Tract,41039000403,White,05/2025,3,4,2.25,
Census Tract,41039000403,White,06/2025,3,2.5,3.5,
Census Tract,41039000403,White,07/2025,7,4.5,2.5,
Census Tract,41039000403,White,08/2025,1,7,2,
Census Tract,41039000403,White,09/2025,7,2.5,1.5,
Census Tract,41039000403,White,10/2025,5,2.5,2,
Census Tract,41039000403,White,11/2025,4,3.5,2.25,
Census Tract,41039000403,White,12/2025,4,4,1,
Census Tract,41039000403,White,01/2026,2,3.5,2,
Census Tract,41039000403,White,02/2026,5,3.5,1.75,
Census Tract,41039000403,White,03/2026,3,4,1.75,
Census Tract,41039000403,White,04/2026,3,4,4,
Census Tract,41039000403,White,05/2026,9,4,2.25,
Census Tract,41039000403,White,06/2026,1,0,0.25,2026-06-06
Census Tract,41039000404,White,01/2020,2,1,0.75,
Census Tract,41039000404,White,02/2020,0,0.5,1,
Census Tract,41039000404,White,03/2020,1,1,1.5,
Census Tract,41039000404,White,04/2020,0,0.5,0.5,
Census Tract,41039000404,White,05/2020,0,1.5,1,
Census Tract,41039000404,White,06/2020,0,3.5,0.5,
Census Tract,41039000404,White,07/2020,0,2,0.5,
Census Tract,41039000404,White,08/2020,0,2,0.5,
Census Tract,41039000404,White,09/2020,1,3,1,
Census Tract,41039000404,White,10/2020,0,0.5,1,
Census Tract,41039000404,White,11/2020,0,2,0.75,
Census Tract,41039000404,White,12/2020,0,1.5,1,
Census Tract,41039000404,White,01/2021,0,1,0.75,
Census Tract,41039000404,White,02/2021,0,0.5,1,
Census Tract,41039000404,White,03/2021,1,1,1.5,
Census Tract,41039000404,White,04/2021,0,0.5,0.5,
Census Tract,41039000404,White,05/2021,0,1.5,1,
Census Tract,41039000404,White,06/2021,0,3.5,0.5,
Census Tract,41039000404,White,07/2021,0,2,0.5,
Census Tract,41039000404,White,08/2021,0,2,0.5,
Census Tract,41039000404,White,09/2021,0,3,1,
Census Tract,41039000404,White,10/2021,0,0.5,1,
Census Tract,41039000404,White,11/2021,0,2,0.75,
Census Tract,41039000404,White,12/2021,0,1.5,1,
Census Tract,41039000404,White,01/2022,0,1,0.75,
Census Tract,41039000404,White,02/2022,0,0.5,1,
Census Tract,41039000404,White,03/2022,0,1,1.5,
Census Tract,41039000404,White,04/2022,1,0.5,0.5,
Census Tract,41039000404,White,05/2022,0,1.5,1,
Census Tract,41039000404,White,06/2022,1,3.5,0.5,
Census Tract,41039000404,White,07/2022,0,2,0.5,
Census Tract,41039000404,White,08/2022,1,2,0.5,
Census Tract,41039000404,White,09/2022,0,3,1,
Census Tract,41039000404,White,10/2022,0,0.5,1,
Census Tract,41039000404,White,11/2022,2,2,0.75,
Census Tract,41039000404,White,12/2022,0,1.5,1,
Census Tract,41039000404,White,01/2023,2,1,0.75,
Census Tract,41039000404,White,02/2023,0,0.5,1,
Census Tract,41039000404,White,03/2023,1,1,1.5,
Census Tract,41039000404,White,04/2023,1,0.5,0.5,
Census Tract,41039000404,White,05/2023,0,1.5,1,
Census Tract,41039000404,White,06/2023,2,3.5,0.5,
Census Tract,41039000404,White,07/2023,1,2,0.5,
Census Tract,41039000404,White,08/2023,0,2,0.5,
Census Tract,41039000404,White,09/2023,4,3,1,
Census Tract,41039000404,White,10/2023,0,0.5,1,
Census Tract,41039000404,White,11/2023,1,2,0.75,
Census Tract,41039000404,White,12/2023,0,1.5,1,
Census Tract,41039000404,White,01/2024,0,1,0.75,
Census Tract,41039000404,White,02/2024,1,0.5,1,
Census Tract,41039000404,White,03/2024,1,1,1.5,
Census Tract,41039000404,White,04/2024,0,0.5,0.5,
Census Tract,41039000404,White,05/2024,3,1.5,1,
Census Tract,41039000404,White,06/2024,5,3.5,0.5,
Census Tract,41039000404,White,07/2024,3,2,0.5,
Census Tract,41039000404,White,08/2024,4,2,0.5,
Census Tract,41039000404,White,09/2024,2,3,1,
Census Tract,41039000404,White,10/2024,1,0.5,1,
Census Tract,41039000404,White,11/2024,3,2,0.75,
Census Tract,41039000404,White,12/2024,3,1.5,1,
Census Tract,41039000404,White,01/2025,1,1,0.75,
Census Tract,41039000404,White,02/2025,3,0.5,1,
Census Tract,41039000404,White,03/2025,2,1,1.5,
Census Tract,41039000404,White,04/2025,2,0.5,0.5,
Census Tract,41039000404,White,05/2025,1,1.5,1,
Census Tract,41039000404,White,06/2025,7,3.5,0.5,
Census Tract,41039000404,White,07/2025,2,2,0.5,
Census Tract,41039000404,White,08/2025,2,2,0.5,
Census Tract,41039000404,White,09/2025,4,3,1,
Census Tract,41039000404,White,10/2025,1,0.5,1,
Census Tract,41039000404,White,11/2025,2,2,0.75,
Census Tract,41039000404,White,12/2025,2,1.5,1,
Census Tract,41039000404,White,01/2026,0,1,0.75,
Census Tract,41039000404,White,02/2026,3,0.5,1,
Census Tract,41039000404,White,03/2026,1,1,1.5,
Census Tract,41039000404,White,04/2026,3,0.5,0.5,
Census Tract,41039000404,White,05/2026,4,1.5,1,
Census Tract,41039000404,White,06/2026,0,0,0,2026-06-06
Census Tract,41039000500,White,01/2020,0,0,0.5,
Census Tract,41039000500,White,02/2020,0,0.5,0,
Census Tract,41039000500,White,03/2020,1,0,0.25,
Census Tract,41039000500,White,04/2020,0,0.5,0.25,
Census Tract,41039000500,White,05/2020,1,0,0.5,
Census Tract,41039000500,White,06/2020,0,0.5,0.25,
Census Tract,41039000500,White,07/2020,0,0.5,0,
Census Tract,41039000500,White,08/2020,0,0.5,0.75,
Census Tract,41039000500,White,09/2020,0,0.5,0.25,
Census Tract,41039000500,White,10/2020,0,0.5,0.25,
Census Tract,41039000500,White,11/2020,0,0,0,
Census Tract,41039000500,White,12/2020,0,2,0.25,
Census Tract,41039000500,White,01/2021,0,0,0.5,
Census Tract,41039000500,White,02/2021,1,0.5,0,
Census Tract,41039000500,White,03/2021,0,0,0.25,
Census Tract,41039000500,White,04/2021,1,0.5,0.25,
Census Tract,41039000500,White,05/2021,0,0,0.5,
Census Tract,41039000500,White,06/2021,0,0.5,0.25,
Census Tract,41039000500,White,07/2021,0,0.5,0,
Census Tract,41039000500,White,08/2021,0,0.5,0.75,
Census Tract,41039000500,White,09/2021,0,0.5,0.25,
Census Tract,41039000500,White,10/2021,1,0.5,0.25,
Census Tract,41039000500,White,11/2021,0,0,0,
Census Tract,41039000500,White,12/2021,1,2,0.25,
Census Tract,41039000500,White,01/2022,0,0,0.5,
Census Tract,41039000500,White,02/2022,0,0.5,0,
Census Tract,41039000500,White,03/2022,0,0,0.25,
Census Tract,41039000500,White,04/2022,0,0.5,0.25,
Census Tract,41039000500,White,05/2022,0,0,0.5,
Census Tract,41039000500,White,06/2022,2,0.5,0.25,
Census Tract,41039000500,White,07/2022,0,0.5,0,
Census Tract,41039000500,White,08/2022,0,0.5,0.75,
Census Tract,41039000500,White,09/2022,0,0.5,0.25,
Census Tract,41039000500,White,10/2022,0,0.5,0.25,
Census Tract,41039000500,White,11/2022,0,0,0,
Census Tract,41039000500,White,12/2022,2,2,0.25,
Census Tract,41039000500,White,01/2023,0,0,0.5,
Census Tract,41039000500,White,02/2023,0,0.5,0,
Census Tract,41039000500,White,03/2023,0,0,0.25,
Census Tract,41039000500,White,04/2023,0,0.5,0.25,
Census Tract,41039000500,White,05/2023,0,0,0.5,
Census Tract,41039000500,White,06/2023,1,0.5,0.25,
Census Tract,41039000500,White,07/2023,0,0.5,0,
Census Tract,41039000500,White,08/2023,1,0.5,0.75,
Census Tract,41039000500,White,09/2023,1,0.5,0.25,
Census Tract,41039000500,White,10/2023,1,0.5,0.25,
Census Tract,41039000500,White,11/2023,0,0,0,
Census Tract,41039000500,White,12/2023,2,2,0.25,
Census Tract,41039000500,White,01/2024,0,0,0.5,
Census Tract,41039000500,White,02/2024,1,0.5,0,
Census Tract,41039000500,White,03/2024,0,0,0.25,
Census Tract,41039000500,White,04/2024,1,0.5,0.25,
Census Tract,41039000500,White,05/2024,0,0,0.5,
Census Tract,41039000500,White,06/2024,0,0.5,0.25,
Census Tract,41039000500,White,07/2024,1,0.5,0,
Census Tract,41039000500,White,08/2024,0,0.5,0.75,
Census Tract,41039000500,White,09/2024,0,0.5,0.25,
Census Tract,41039000500,White,10/2024,0,0.5,0.25,
Census Tract,41039000500,White,11/2024,0,0,0,
Census Tract,41039000500,White,12/2024,2,2,0.25,
Census Tract,41039000500,White,01/2025,0,0,0.5,
Census Tract,41039000500,White,02/2025,0,0.5,0,
Census Tract,41039000500,White,03/2025,1,0,0.25,
Census Tract,41039000500,White,04/2025,0,0.5,0.25,
Census Tract,41039000500,White,05/2025,0,0,0.5,
Census Tract,41039000500,White,06/2025,1,0.5,0.25,
Census Tract,41039000500,White,07/2025,0,0.5,0,
Census Tract,41039000500,White,08/2025,0,0.5,0.75,
Census Tract,41039000500,White,09/2025,0,0.5,0.25,
Census Tract,41039000500,White,10/2025,2,0.5,0.25,
Census Tract,41039000500,White,11/2025,1,0,0,
Census Tract,41039000500,White,12/2025,2,2,0.25,
Census Tract,41039000500,White,01/2026,1,0,0.5,
Census Tract,41039000500,White,02/2026,2,0.5,0,
Census Tract,41039000500,White,03/2026,1,0,0.25,
Census Tract,41039000500,White,04/2026,0,0.5,0.25,
Census Tract,41039000500,White,05/2026,2,0,0.5,
Census Tract,41039000500,White,06/2026,0,0,0.25,2026-06-06
Census Tract,41039000702,White,01/2020,1,0,0,
Census Tract,41039000702,White,02/2020,0,0.5,0,
Census Tract,41039000702,White,03/2020,0,0,0.25,
Census Tract,41039000702,White,04/2020,0,0,0.25,
Census Tract,41039000702,White,05/2020,0,0,0.5,
Census Tract,41039000702,White,06/2020,0,0.5,0,
Census Tract,41039000702,White,07/2020,0,0,0,
Census Tract,41039000702,White,08/2020,0,0,0.25,
Census Tract,41039000702,White,09/2020,0,0.5,0.25,
Census Tract,41039000702,White,10/2020,0,0.5,0,
Census Tract,41039000702,White,11/2020,0,0.5,0,
Census Tract,41039000702,White,12/2020,0,0,0,
Census Tract,41039000702,White,01/2021,0,0,0,
Census Tract,41039000702,White,02/2021,0,0.5,0,
Census Tract,41039000702,White,03/2021,0,0,0.25,
Census Tract,41039000702,White,04/2021,0,0,0.25,
Census Tract,41039000702,White,05/2021,0,0,0.5,
Census Tract,41039000702,White,06/2021,2,0.5,0,
Census Tract,41039000702,White,07/2021,0,0,0,
Census Tract,41039000702,White,08/2021,0,0,0.25,
Census Tract,41039000702,White,09/2021,1,0.5,0.25,
Census Tract,41039000702,White,10/2021,0,0.5,0,
Census Tract,41039000702,White,11/2021,0,0.5,0,
Census Tract,41039000702,White,12/2021,0,0,0,
Census Tract,41039000702,White,01/2022,0,0,0,
Census Tract,41039000702,White,02/2022,2,0.5,0,
Census Tract,41039000702,White,03/2022,0,0,0.25,
Census Tract,41039000702,White,04/2022,1,0,0.25,
Census Tract,41039000702,White,05/2022,0,0,0.5,
Census Tract,41039000702,White,06/2022,0,0.5,0,
Census Tract,41039000702,White,07/2022,0,0,0,
Census Tract,41039000702,White,08/2022,0,0,0.25,
Census Tract,41039000702,White,09/2022,1,0.5,0.25,
Census Tract,41039000702,White,10/2022,0,0.5,0,
Census Tract,41039000702,White,11/2022,0,0.5,0,
Census Tract,41039000702,White,12/2022,0,0,0,
Census Tract,41039000702,White,01/2023,0,0,0,
Census Tract,41039000702,White,02/2023,1,0.5,0,
Census Tract,41039000702,White,03/2023,0,0,0.25,
Census Tract,41039000702,White,04/2023,0,0,0.25,
Census Tract,41039000702,White,05/2023,0,0,0.5,
Census Tract,41039000702,White,06/2023,1,0.5,0,
Census Tract,41039000702,White,07/2023,0,0,0,
Census Tract,41039000702,White,08/2023,0,0,0.25,
Census Tract,41039000702,White,09/2023,1,0.5,0.25,
Census Tract,41039000702,White,10/2023,0,0.5,0,
Census Tract,41039000702,White,11/2023,0,0.5,0,
Census Tract,41039000702,White,12/2023,0,0,0,
Census Tract,41039000702,White,01/2024,0,0,0,
Census Tract,41039000702,White,02/2024,0,0.5,0,
Census Tract,41039000702,White,03/2024,0,0,0.25,
Census Tract,41039000702,White,04/2024,0,0,0.25,
Census Tract,41039000702,White,05/2024,0,0,0.5,
Census Tract,41039000702,White,06/2024,0,0.5,0,
Census Tract,41039000702,White,07/2024,0,0,0,
Census Tract,41039000702,White,08/2024,0,0,0.25,
Census Tract,41039000702,White,09/2024,0,0.5,0.25,
Census Tract,41039000702,White,10/2024,1,0.5,0,
Census Tract,41039000702,White,11/2024,1,0.5,0,
Census Tract,41039000702,White,12/2024,0,0,0,
Census Tract,41039000702,White,01/2025,0,0,0,
Census Tract,41039000702,White,02/2025,0,0.5,0,
Census Tract,41039000702,White,03/2025,0,0,0.25,
Census Tract,41039000702,White,04/2025,0,0,0.25,
Census Tract,41039000702,White,05/2025,0,0,0.5,
Census Tract,41039000702,White,06/2025,0,0.5,0,
Census Tract,41039000702,White,07/2025,1,0,0,
Census Tract,41039000702,White,08/2025,0,0,0.25,
Census Tract,41039000702,White,09/2025,1,0.5,0.25,
Census Tract,41039000702,White,10/2025,0,0.5,0,
Census Tract,41039000702,White,11/2025,0,0.5,0,
Census Tract,41039000702,White,12/2025,0,0,0,
Census Tract,41039000702,White,01/2026,0,0,0,
Census Tract,41039000702,White,02/2026,0,0.5,0,
Census Tract,41039000702,White,03/2026,0,0,0.25,
Census Tract,41039000702,White,04/2026,0,0,0.25,
Census Tract,41039000702,White,05/2026,0,0,0.5,
Census Tract,41039000702,White,06/2026,0,0,0,2026-06-06
Census Tract,41039000705,White,01/2020,2,0.5,0.75,
Census Tract,41039000705,White,02/2020,1,1,0.5,
Census Tract,41039000705,White,03/2020,0,0,0.25,
Census Tract,41039000705,White,04/2020,0,1,0.5,
Census Tract,41039000705,White,05/2020,0,2.5,0.75,
Census Tract,41039000705,White,06/2020,0,0,0.75,
Census Tract,41039000705,White,07/2020,0,1.5,1.25,
Census Tract,41039000705,White,08/2020,0,0,0.5,
Census Tract,41039000705,White,09/2020,0,1,0.5,
Census Tract,41039000705,White,10/2020,1,0.5,1,
Census Tract,41039000705,White,11/2020,0,0.5,0.75,
Census Tract,41039000705,White,12/2020,0,1.5,1.25,
Census Tract,41039000705,White,01/2021,0,0.5,0.75,
Census Tract,41039000705,White,02/2021,0,1,0.25,
Census Tract,41039000705,White,03/2021,1,0,0.25,
Census Tract,41039000705,White,04/2021,0,1,0.5,
Census Tract,41039000705,White,05/2021,0,2.5,0.75,
Census Tract,41039000705,White,06/2021,0,0,0.75,
Census Tract,41039000705,White,07/2021,0,1.5,1.25,
Census Tract,41039000705,White,08/2021,2,0,0.5,
Census Tract,41039000705,White,09/2021,2,1,0.5,
Census Tract,41039000705,White,10/2021,1,0.5,1,
Census Tract,41039000705,White,11/2021,0,0.5,0.75,
Census Tract,41039000705,White,12/2021,0,1.5,1.25,
Census Tract,41039000705,White,01/2022,1,0.5,0.75,
Census Tract,41039000705,White,02/2022,2,1,0.25,
Census Tract,41039000705,White,03/2022,1,0,0.25,
Census Tract,41039000705,White,04/2022,1,1,0.5,
Census Tract,41039000705,White,05/2022,1,2.5,0.75,
Census Tract,41039000705,White,06/2022,1,0,0.75,
Census Tract,41039000705,White,07/2022,1,1.5,1.25,
Census Tract,41039000705,White,08/2022,1,0,0.5,
Census Tract,41039000705,White,09/2022,3,1,0.5,
Census Tract,41039000705,White,10/2022,1,0.5,1,
Census Tract,41039000705,White,11/2022,4,0.5,0.75,
Census Tract,41039000705,White,12/2022,1,1.5,1.25,
Census Tract,41039000705,White,01/2023,1,0.5,0.75,
Census Tract,41039000705,White,02/2023,0,1,0.25,
Census Tract,41039000705,White,03/2023,0,0,0.25,
Census Tract,41039000705,White,04/2023,1,1,0.5,
Census Tract,41039000705,White,05/2023,2,2.5,0.75,
Census Tract,41039000705,White,06/2023,0,0,0.75,
Census Tract,41039000705,White,07/2023,1,1.5,1.25,
Census Tract,41039000705,White,08/2023,0,0,0.5,
Census Tract,41039000705,White,09/2023,2,1,0.5,
Census Tract,41039000705,White,10/2023,1,0.5,1,
Census Tract,41039000705,White,11/2023,1,0.5,0.75,
Census Tract,41039000705,White,12/2023,3,1.5,1.25,
Census Tract,41039000705,White,01/2024,0,0.5,0.75,
Census Tract,41039000705,White,02/2024,2,1,0.5,
Census Tract,41039000705,White,03/2024,0,0,0.25,
Census Tract,41039000705,White,04/2024,1,1,0.5,
Census Tract,41039000705,White,05/2024,3,2.5,0.75,
Census Tract,41039000705,White,06/2024,0,0,0.75,
Census Tract,41039000705,White,07/2024,2,1.5,1.25,
Census Tract,41039000705,White,08/2024,0,0,0.5,
Census Tract,41039000705,White,09/2024,0,1,0.5,
Census Tract,41039000705,White,10/2024,0,0.5,1,
Census Tract,41039000705,White,11/2024,0,0.5,0.75,
Census Tract,41039000705,White,12/2024,0,1.5,1.25,
Census Tract,41039000705,White,01/2025,2,0.5,0.75,
Census Tract,41039000705,White,02/2025,0,1,0.25,
Census Tract,41039000705,White,03/2025,0,0,0.25,
Census Tract,41039000705,White,04/2025,3,1,0.5,
Census Tract,41039000705,White,05/2025,0,2.5,0.75,
Census Tract,41039000705,White,06/2025,1,0,0.75,
Census Tract,41039000705,White,07/2025,1,1.5,1.25,
Census Tract,41039000705,White,08/2025,0,0,0.5,
Census Tract,41039000705,White,09/2025,1,1,0.5,
Census Tract,41039000705,White,10/2025,0,0.5,1,
Census Tract,41039000705,White,11/2025,0,0.5,0.75,
Census Tract,41039000705,White,12/2025,2,1.5,1.25,
Census Tract,41039000705,White,01/2026,1,0.5,0.75,
Census Tract,41039000705,White,02/2026,0,1,0.25,
Census Tract,41039000705,White,03/2026,2,0,0.25,
Census Tract,41039000705,White,04/2026,3,1,0.5,
Census Tract,41039000705,White,05/2026,2,2.5,0.75,
Census Tract,41039000705,White,06/2026,0,0,0,2026-06-06
Census Tract,41039000706,White,01/2020,0,1,0,
Census Tract,41039000706,White,02/2020,0,0,0.25,
Census Tract,41039000706,White,03/2020,0,0.5,0.25,
Census Tract,41039000706,White,04/2020,0,0.5,0,
Census Tract,41039000706,White,05/2020,0,0.5,0.5,
Census Tract,41039000706,White,06/2020,0,1.5,0,
Census Tract,41039000706,White,07/2020,0,0.5,0.25,
Census Tract,41039000706,White,08/2020,1,0,0.25,
Census Tract,41039000706,White,09/2020,0,0,0,
Census Tract,41039000706,White,10/2020,0,0,0.75,
Census Tract,41039000706,White,11/2020,0,0,0.25,
Census Tract,41039000706,White,12/2020,1,0,0.75,
Census Tract,41039000706,White,01/2021,0,1,0,
Census Tract,41039000706,White,02/2021,0,0,0.25,
Census Tract,41039000706,White,03/2021,1,0.5,0.25,
Census Tract,41039000706,White,04/2021,0,0.5,0,
Census Tract,41039000706,White,05/2021,0,0.5,0.5,
Census Tract,41039000706,White,06/2021,0,1.5,0,
Census Tract,41039000706,White,07/2021,0,0.5,0.25,
Census Tract,41039000706,White,08/2021,0,0,0.25,
Census Tract,41039000706,White,09/2021,0,0,0,
Census Tract,41039000706,White,10/2021,0,0,0.75,
Census Tract,41039000706,White,11/2021,0,0,0.25,
Census Tract,41039000706,White,12/2021,0,0,0.75,
Census Tract,41039000706,White,01/2022,0,1,0,
Census Tract,41039000706,White,02/2022,0,0,0.25,
Census Tract,41039000706,White,03/2022,0,0.5,0.25,
Census Tract,41039000706,White,04/2022,2,0.5,0,
Census Tract,41039000706,White,05/2022,1,0.5,0.5,
Census Tract,41039000706,White,06/2022,1,1.5,0,
Census Tract,41039000706,White,07/2022,1,0.5,0.25,
Census Tract,41039000706,White,08/2022,0,0,0.25,
Census Tract,41039000706,White,09/2022,0,0,0,
Census Tract,41039000706,White,10/2022,0,0,0.75,
Census Tract,41039000706,White,11/2022,0,0,0.25,
Census Tract,41039000706,White,12/2022,1,0,0.75,
Census Tract,41039000706,White,01/2023,2,1,0,
Census Tract,41039000706,White,02/2023,0,0,0.25,
Census Tract,41039000706,White,03/2023,0,0.5,0.25,
Census Tract,41039000706,White,04/2023,1,0.5,0,
Census Tract,41039000706,White,05/2023,1,0.5,0.5,
Census Tract,41039000706,White,06/2023,1,1.5,0,
Census Tract,41039000706,White,07/2023,1,0.5,0.25,
Census Tract,41039000706,White,08/2023,0,0,0.25,
Census Tract,41039000706,White,09/2023,0,0,0,
Census Tract,41039000706,White,10/2023,0,0,0.75,
Census Tract,41039000706,White,11/2023,0,0,0.25,
Census Tract,41039000706,White,12/2023,0,0,0.75,
Census Tract,41039000706,White,01/2024,0,1,0,
Census Tract,41039000706,White,02/2024,0,0,0.25,
Census Tract,41039000706,White,03/2024,1,0.5,0.25,
Census Tract,41039000706,White,04/2024,0,0.5,0,
Census Tract,41039000706,White,05/2024,0,0.5,0.5,
Census Tract,41039000706,White,06/2024,2,1.5,0,
Census Tract,41039000706,White,07/2024,0,0.5,0.25,
Census Tract,41039000706,White,08/2024,0,0,0.25,
Census Tract,41039000706,White,09/2024,0,0,0,
Census Tract,41039000706,White,10/2024,0,0,0.75,
Census Tract,41039000706,White,11/2024,0,0,0.25,
Census Tract,41039000706,White,12/2024,0,0,0.75,
Census Tract,41039000706,White,01/2025,0,1,0,
Census Tract,41039000706,White,02/2025,0,0,0.25,
Census Tract,41039000706,White,03/2025,0,0.5,0.25,
Census Tract,41039000706,White,04/2025,0,0.5,0,
Census Tract,41039000706,White,05/2025,0,0.5,0.5,
Census Tract,41039000706,White,06/2025,2,1.5,0,
Census Tract,41039000706,White,07/2025,1,0.5,0.25,
Census Tract,41039000706,White,08/2025,0,0,0.25,
Census Tract,41039000706,White,09/2025,0,0,0,
Census Tract,41039000706,White,10/2025,0,0,0.75,
Census Tract,41039000706,White,11/2025,0,0,0.25,
Census Tract,41039000706,White,12/2025,2,0,0.75,
Census Tract,41039000706,White,01/2026,0,1,0,
Census Tract,41039000706,White,02/2026,1,0,0.25,
Census Tract,41039000706,White,03/2026,0,0.5,0.25,
Census Tract,41039000706,White,04/2026,0,0.5,0,
Census Tract,41039000706,White,05/2026,0,0.5,0.5,
Census Tract,41039000706,White,06/2026,0,0,0,2026-06-06
Census Tract,41039000707,White,01/2020,1,0.5,0,
Census Tract,41039000707,White,02/2020,0,0,0.25,
Census Tract,41039000707,White,03/2020,0,0.5,1,
Census Tract,41039000707,White,04/2020,0,0,0.25,
Census Tract,41039000707,White,05/2020,0,0.5,0.5,
Census Tract,41039000707,White,06/2020,0,1,0,
Census Tract,41039000707,White,07/2020,0,1,0.75,
Census Tract,41039000707,White,08/2020,0,0,0.25,
Census Tract,41039000707,White,09/2020,0,1,0.5,
Census Tract,41039000707,White,10/2020,1,0,0.25,
Census Tract,41039000707,White,11/2020,0,0.5,0,
Census Tract,41039000707,White,12/2020,0,0,0.25,
Census Tract,41039000707,White,01/2021,1,0.5,0,
Census Tract,41039000707,White,02/2021,0,0,0.25,
Census Tract,41039000707,White,03/2021,2,0.5,1,
Census Tract,41039000707,White,04/2021,0,0,0.25,
Census Tract,41039000707,White,05/2021,0,0.5,0.5,
Census Tract,41039000707,White,06/2021,1,1,0,
Census Tract,41039000707,White,07/2021,0,1,0.75,
Census Tract,41039000707,White,08/2021,0,0,0.25,
Census Tract,41039000707,White,09/2021,1,1,0.5,
Census Tract,41039000707,White,10/2021,0,0,0.25,
Census Tract,41039000707,White,11/2021,0,0.5,0,
Census Tract,41039000707,White,12/2021,0,0,0.25,
Census Tract,41039000707,White,01/2022,0,0.5,0,
Census Tract,41039000707,White,02/2022,1,0,0.25,
Census Tract,41039000707,White,03/2022,0,0.5,1,
Census Tract,41039000707,White,04/2022,1,0,0.25,
Census Tract,41039000707,White,05/2022,0,0.5,0.5,
Census Tract,41039000707,White,06/2022,0,1,0,
Census Tract,41039000707,White,07/2022,0,1,0.75,
Census Tract,41039000707,White,08/2022,0,0,0.25,
Census Tract,41039000707,White,09/2022,0,1,0.5,
Census Tract,41039000707,White,10/2022,0,0,0.25,
Census Tract,41039000707,White,11/2022,0,0.5,0,
Census Tract,41039000707,White,12/2022,1,0,0.25,
Census Tract,41039000707,White,01/2023,0,0.5,0,
Census Tract,41039000707,White,02/2023,0,0,0.25,
Census Tract,41039000707,White,03/2023,0,0.5,1,
Census Tract,41039000707,White,04/2023,0,0,0.25,
Census Tract,41039000707,White,05/2023,1,0.5,0.5,
Census Tract,41039000707,White,06/2023,1,1,0,
Census Tract,41039000707,White,07/2023,1,1,0.75,
Census Tract,41039000707,White,08/2023,0,0,0.25,
Census Tract,41039000707,White,09/2023,1,1,0.5,
Census Tract,41039000707,White,10/2023,0,0,0.25,
Census Tract,41039000707,White,11/2023,1,0.5,0,
Census Tract,41039000707,White,12/2023,0,0,0.25,
Census Tract,41039000707,White,01/2024,1,0.5,0,
Census Tract,41039000707,White,02/2024,0,0,0.25,
Census Tract,41039000707,White,03/2024,1,0.5,1,
Census Tract,41039000707,White,04/2024,0,0,0.25,
Census Tract,41039000707,White,05/2024,0,0.5,0.5,
Census Tract,41039000707,White,06/2024,1,1,0,
Census Tract,41039000707,White,07/2024,1,1,0.75,
Census Tract,41039000707,White,08/2024,0,0,0.25,
Census Tract,41039000707,White,09/2024,1,1,0.5,
Census Tract,41039000707,White,10/2024,0,0,0.25,
Census Tract,41039000707,White,11/2024,0,0.5,0,
Census Tract,41039000707,White,12/2024,0,0,0.25,
Census Tract,41039000707,White,01/2025,0,0.5,0,
Census Tract,41039000707,White,02/2025,1,0,0.25,
Census Tract,41039000707,White,03/2025,1,0.5,1,
Census Tract,41039000707,White,04/2025,0,0,0.25,
Census Tract,41039000707,White,05/2025,0,0.5,0.5,
Census Tract,41039000707,White,06/2025,2,1,0,
Census Tract,41039000707,White,07/2025,1,1,0.75,
Census Tract,41039000707,White,08/2025,0,0,0.25,
Census Tract,41039000707,White,09/2025,1,1,0.5,
Census Tract,41039000707,White,10/2025,1,0,0.25,
Census Tract,41039000707,White,11/2025,0,0.5,0,
Census Tract,41039000707,White,12/2025,2,0,0.25,
Census Tract,41039000707,White,01/2026,0,0.5,0,
Census Tract,41039000707,White,02/2026,2,0,0.25,
Census Tract,41039000707,White,03/2026,0,0.5,1,
Census Tract,41039000707,White,04/2026,0,0,0.25,
Census Tract,41039000707,White,05/2026,1,0.5,0.5,
Census Tract,41039000707,White,06/2026,0,0,0,2026-06-06
Census Tract,41039000708,White,01/2020,0,0,0.25,
Census Tract,41039000708,White,02/2020,0,1.5,0.5,
Census Tract,41039000708,White,03/2020,0,0.5,0,
Census Tract,41039000708,White,04/2020,0,1.5,0.5,
Census Tract,41039000708,White,05/2020,0,0,0.5,
Census Tract,41039000708,White,06/2020,0,0.5,0.25,
Census Tract,41039000708,White,07/2020,0,0,0,
Census Tract,41039000708,White,08/2020,0,0,0.75,
Census Tract,41039000708,White,09/2020,0,1.5,0,
Census Tract,41039000708,White,10/2020,1,0,0.5,
Census Tract,41039000708,White,11/2020,0,0.5,0.5,
Census Tract,41039000708,White,12/2020,0,0,0.25,
Census Tract,41039000708,White,01/2021,0,0,0.25,
Census Tract,41039000708,White,02/2021,1,1.5,0.5,
Census Tract,41039000708,White,03/2021,0,0.5,0,
Census Tract,41039000708,White,04/2021,0,1.5,0.5,
Census Tract,41039000708,White,05/2021,0,0,0.5,
Census Tract,41039000708,White,06/2021,0,0.5,0.25,
Census Tract,41039000708,White,07/2021,0,0,0,
Census Tract,41039000708,White,08/2021,1,0,0.75,
Census Tract,41039000708,White,09/2021,1,1.5,0,
Census Tract,41039000708,White,10/2021,1,0,0.5,
Census Tract,41039000708,White,11/2021,0,0.5,0.5,
Census Tract,41039000708,White,12/2021,0,0,0.25,
Census Tract,41039000708,White,01/2022,1,0,0.25,
Census Tract,41039000708,White,02/2022,1,1.5,0.5,
Census Tract,41039000708,White,03/2022,1,0.5,0,
Census Tract,41039000708,White,04/2022,0,1.5,0.5,
Census Tract,41039000708,White,05/2022,1,0,0.5,
Census Tract,41039000708,White,06/2022,0,0.5,0.25,
Census Tract,41039000708,White,07/2022,0,0,0,
Census Tract,41039000708,White,08/2022,1,0,0.75,
Census Tract,41039000708,White,09/2022,0,1.5,0,
Census Tract,41039000708,White,10/2022,1,0,0.5,
Census Tract,41039000708,White,11/2022,1,0.5,0.5,
Census Tract,41039000708,White,12/2022,1,0,0.25,
Census Tract,41039000708,White,01/2023,0,0,0.25,
Census Tract,41039000708,White,02/2023,0,1.5,0.5,
Census Tract,41039000708,White,03/2023,0,0.5,0,
Census Tract,41039000708,White,04/2023,2,1.5,0.5,
Census Tract,41039000708,White,05/2023,0,0,0.5,
Census Tract,41039000708,White,06/2023,1,0.5,0.25,
Census Tract,41039000708,White,07/2023,0,0,0,
Census Tract,41039000708,White,08/2023,0,0,0.75,
Census Tract,41039000708,White,09/2023,1,1.5,0,
Census Tract,41039000708,White,10/2023,0,0,0.5,
Census Tract,41039000708,White,11/2023,0,0.5,0.5,
Census Tract,41039000708,White,12/2023,0,0,0.25,
Census Tract,41039000708,White,01/2024,0,0,0.25,
Census Tract,41039000708,White,02/2024,3,1.5,0.5,
Census Tract,41039000708,White,03/2024,1,0.5,0,
Census Tract,41039000708,White,04/2024,1,1.5,0.5,
Census Tract,41039000708,White,05/2024,0,0,0.5,
Census Tract,41039000708,White,06/2024,0,0.5,0.25,
Census Tract,41039000708,White,07/2024,0,0,0,
Census Tract,41039000708,White,08/2024,0,0,0.75,
Census Tract,41039000708,White,09/2024,2,1.5,0,
Census Tract,41039000708,White,10/2024,0,0,0.5,
Census Tract,41039000708,White,11/2024,1,0.5,0.5,
Census Tract,41039000708,White,12/2024,0,0,0.25,
Census Tract,41039000708,White,01/2025,0,0,0.25,
Census Tract,41039000708,White,02/2025,1,1.5,0.5,
Census Tract,41039000708,White,03/2025,0,0.5,0,
Census Tract,41039000708,White,04/2025,1,1.5,0.5,
Census Tract,41039000708,White,05/2025,0,0,0.5,
Census Tract,41039000708,White,06/2025,0,0.5,0.25,
Census Tract,41039000708,White,07/2025,0,0,0,
Census Tract,41039000708,White,08/2025,1,0,0.75,
Census Tract,41039000708,White,09/2025,0,1.5,0,
Census Tract,41039000708,White,10/2025,1,0,0.5,
Census Tract,41039000708,White,11/2025,0,0.5,0.5,
Census Tract,41039000708,White,12/2025,0,0,0.25,
Census Tract,41039000708,White,01/2026,0,0,0.25,
Census Tract,41039000708,White,02/2026,0,1.5,0.5,
Census Tract,41039000708,White,03/2026,0,0.5,0,
Census Tract,41039000708,White,04/2026,1,1.5,0.5,
Census Tract,41039000708,White,05/2026,0,0,0.5,
Census Tract,41039000708,White,06/2026,0,0,0,2026-06-06
Census Tract,41039000800,White,01/2020,0,0.5,0.25,
Census Tract,41039000800,White,02/2020,0,0,0,
Census Tract,41039000800,White,03/2020,0,0,0,
Census Tract,41039000800,White,04/2020,0,0,0,
Census Tract,41039000800,White,05/2020,0,0,0.25,
Census Tract,41039000800,White,06/2020,0,0.5,0,
Census Tract,41039000800,White,07/2020,0,0,0,
Census Tract,41039000800,White,08/2020,0,0,0,
Census Tract,41039000800,White,09/2020,0,0,0,
Census Tract,41039000800,White,10/2020,0,1,0,
Census Tract,41039000800,White,11/2020,0,0.5,0.25,
Census Tract,41039000800,White,12/2020,0,0.5,0,
Census Tract,41039000800,White,01/2021,0,0.5,0.25,
Census Tract,41039000800,White,02/2021,0,0,0,
Census Tract,41039000800,White,03/2021,0,0,0,
Census Tract,41039000800,White,04/2021,0,0,0,
Census Tract,41039000800,White,05/2021,1,0,0.25,
Census Tract,41039000800,White,06/2021,0,0.5,0,
Census Tract,41039000800,White,07/2021,0,0,0,
Census Tract,41039000800,White,08/2021,0,0,0,
Census Tract,41039000800,White,09/2021,0,0,0,
Census Tract,41039000800,White,10/2021,0,1,0,
Census Tract,41039000800,White,11/2021,1,0.5,0.25,
Census Tract,41039000800,White,12/2021,0,0.5,0,
Census Tract,41039000800,White,01/2022,0,0.5,0.25,
Census Tract,41039000800,White,02/2022,1,0,0,
Census Tract,41039000800,White,03/2022,0,0,0,
Census Tract,41039000800,White,04/2022,0,0,0,
Census Tract,41039000800,White,05/2022,0,0,0.25,
Census Tract,41039000800,White,06/2022,1,0.5,0,
Census Tract,41039000800,White,07/2022,0,0,0,
Census Tract,41039000800,White,08/2022,0,0,0,
Census Tract,41039000800,White,09/2022,1,0,0,
Census Tract,41039000800,White,10/2022,0,1,0,
Census Tract,41039000800,White,11/2022,0,0.5,0.25,
Census Tract,41039000800,White,12/2022,0,0.5,0,
Census Tract,41039000800,White,01/2023,1,0.5,0.25,
Census Tract,41039000800,White,02/2023,0,0,0,
Census Tract,41039000800,White,03/2023,0,0,0,
Census Tract,41039000800,White,04/2023,0,0,0,
Census Tract,41039000800,White,05/2023,0,0,0.25,
Census Tract,41039000800,White,06/2023,0,0.5,0,
Census Tract,41039000800,White,07/2023,0,0,0,
Census Tract,41039000800,White,08/2023,0,0,0,
Census Tract,41039000800,White,09/2023,0,0,0,
Census Tract,41039000800,White,10/2023,1,1,0,
Census Tract,41039000800,White,11/2023,0,0.5,0.25,
Census Tract,41039000800,White,12/2023,0,0.5,0,
Census Tract,41039000800,White,01/2024,0,0.5,0.25,
Census Tract,41039000800,White,02/2024,0,0,0,
Census Tract,41039000800,White,03/2024,0,0,0,
Census Tract,41039000800,White,04/2024,0,0,0,
Census Tract,41039000800,White,05/2024,0,0,0.25,
Census Tract,41039000800,White,06/2024,1,0.5,0,
Census Tract,41039000800,White,07/2024,0,0,0,
Census Tract,41039000800,White,08/2024,0,0,0,
Census Tract,41039000800,White,09/2024,0,0,0,
Census Tract,41039000800,White,10/2024,1,1,0,
Census Tract,41039000800,White,11/2024,1,0.5,0.25,
Census Tract,41039000800,White,12/2024,1,0.5,0,
Census Tract,41039000800,White,01/2025,0,0.5,0.25,
Census Tract,41039000800,White,02/2025,1,0,0,
Census Tract,41039000800,White,03/2025,0,0,0,
Census Tract,41039000800,White,04/2025,0,0,0,
Census Tract,41039000800,White,05/2025,0,0,0.25,
Census Tract,41039000800,White,06/2025,0,0.5,0,
Census Tract,41039000800,White,07/2025,0,0,0,
Census Tract,41039000800,White,08/2025,0,0,0,
Census Tract,41039000800,White,09/2025,0,0,0,
Census Tract,41039000800,White,10/2025,0,1,0,
Census Tract,41039000800,White,11/2025,0,0.5,0.25,
Census Tract,41039000800,White,12/2025,0,0.5,0,
Census Tract,41039000800,White,01/2026,0,0.5,0.25,
Census Tract,41039000800,White,02/2026,1,0,0,
Census Tract,41039000800,White,03/2026,0,0,0,
Census Tract,41039000800,White,04/2026,0,0,0,
Census Tract,41039000800,White,05/2026,2,0,0.25,
Census Tract,41039000800,White,06/2026,0,0.5,0,2026-06-06
Census Tract,41039000902,White,01/2020,1,2.5,0.5,
Census Tract,41039000902,White,02/2020,0,0.5,0,
Census Tract,41039000902,White,03/2020,1,0.5,1,
Census Tract,41039000902,White,04/2020,1,0.5,1,
Census Tract,41039000902,White,05/2020,0,0,0.25,
Census Tract,41039000902,White,06/2020,0,0.5,0.25,
Census Tract,41039000902,White,07/2020,0,0,0.75,
Census Tract,41039000902,White,08/2020,0,1,1,
Census Tract,41039000902,White,09/2020,0,1.5,0,
Census Tract,41039000902,White,10/2020,1,0,0.75,
Census Tract,41039000902,White,11/2020,0,0.5,0.25,
Census Tract,41039000902,White,12/2020,0,0,0.5,
Census Tract,41039000902,White,01/2021,0,2.5,0.5,
Census Tract,41039000902,White,02/2021,1,0.5,0,
Census Tract,41039000902,White,03/2021,0,0.5,1,
Census Tract,41039000902,White,04/2021,0,0.5,1,
Census Tract,41039000902,White,05/2021,0,0,0.25,
Census Tract,41039000902,White,06/2021,0,0.5,0.25,
Census Tract,41039000902,White,07/2021,1,0,0.75,
Census Tract,41039000902,White,08/2021,1,1,1,
Census Tract,41039000902,White,09/2021,1,1.5,0,
Census Tract,41039000902,White,10/2021,0,0,0.75,
Census Tract,41039000902,White,11/2021,0,0.5,0.25,
Census Tract,41039000902,White,12/2021,0,0,0.5,
Census Tract,41039000902,White,01/2022,0,2.5,0.5,
Census Tract,41039000902,White,02/2022,0,0.5,0,
Census Tract,41039000902,White,03/2022,1,0.5,1,
Census Tract,41039000902,White,04/2022,1,0.5,1,
Census Tract,41039000902,White,05/2022,2,0,0.25,
Census Tract,41039000902,White,06/2022,2,0.5,0.25,
Census Tract,41039000902,White,07/2022,0,0,0.75,
Census Tract,41039000902,White,08/2022,2,1,1,
Census Tract,41039000902,White,09/2022,1,1.5,0,
Census Tract,41039000902,White,10/2022,1,0,0.75,
Census Tract,41039000902,White,11/2022,0,0.5,0.25,
Census Tract,41039000902,White,12/2022,0,0,0.5,
Census Tract,41039000902,White,01/2023,5,2.5,0.5,
Census Tract,41039000902,White,02/2023,0,0.5,0,
Census Tract,41039000902,White,03/2023,1,0.5,1,
Census Tract,41039000902,White,04/2023,1,0.5,1,
Census Tract,41039000902,White,05/2023,0,0,0.25,
Census Tract,41039000902,White,06/2023,0,0.5,0.25,
Census Tract,41039000902,White,07/2023,0,0,0.75,
Census Tract,41039000902,White,08/2023,2,1,1,
Census Tract,41039000902,White,09/2023,3,1.5,0,
Census Tract,41039000902,White,10/2023,0,0,0.75,
Census Tract,41039000902,White,11/2023,0,0.5,0.25,
Census Tract,41039000902,White,12/2023,0,0,0.5,
Census Tract,41039000902,White,01/2024,0,2.5,0.5,
Census Tract,41039000902,White,02/2024,1,0.5,0,
Census Tract,41039000902,White,03/2024,0,0.5,1,
Census Tract,41039000902,White,04/2024,0,0.5,1,
Census Tract,41039000902,White,05/2024,0,0,0.25,
Census Tract,41039000902,White,06/2024,1,0.5,0.25,
Census Tract,41039000902,White,07/2024,0,0,0.75,
Census Tract,41039000902,White,08/2024,0,1,1,
Census Tract,41039000902,White,09/2024,0,1.5,0,
Census Tract,41039000902,White,10/2024,0,0,0.75,
Census Tract,41039000902,White,11/2024,1,0.5,0.25,
Census Tract,41039000902,White,12/2024,0,0,0.5,
Census Tract,41039000902,White,01/2025,0,2.5,0.5,
Census Tract,41039000902,White,02/2025,0,0.5,0,
Census Tract,41039000902,White,03/2025,0,0.5,1,
Census Tract,41039000902,White,04/2025,0,0.5,1,
Census Tract,41039000902,White,05/2025,1,0,0.25,
Census Tract,41039000902,White,06/2025,2,0.5,0.25,
Census Tract,41039000902,White,07/2025,2,0,0.75,
Census Tract,41039000902,White,08/2025,1,1,1,
Census Tract,41039000902,White,09/2025,0,1.5,0,
Census Tract,41039000902,White,10/2025,0,0,0.75,
Census Tract,41039000902,White,11/2025,0,0.5,0.25,
Census Tract,41039000902,White,12/2025,0,0,0.5,
Census Tract,41039000902,White,01/2026,3,2.5,0.5,
Census Tract,41039000902,White,02/2026,0,0.5,0,
Census Tract,41039000902,White,03/2026,0,0.5,1,
Census Tract,41039000902,White,04/2026,0,0.5,1,
Census Tract,41039000902,White,05/2026,1,0,0.25,
Census Tract,41039000902,White,06/2026,0,0,0,2026-06-06
Census Tract,41039000903,White,01/2020,3,1,1.75,
Census Tract,41039000903,White,02/2020,0,1,1,
Census Tract,41039000903,White,03/2020,0,0,1.25,
Census Tract,41039000903,White,04/2020,0,1,1,
Census Tract,41039000903,White,05/2020,0,0.5,1.5,
Census Tract,41039000903,White,06/2020,1,0.5,0.75,
Census Tract,41039000903,White,07/2020,0,3,1.75,
Census Tract,41039000903,White,08/2020,0,0.5,1,
Census Tract,41039000903,White,09/2020,0,1.5,2,
Census Tract,41039000903,White,10/2020,0,1.5,1,
Census Tract,41039000903,White,11/2020,1,0.5,1,
Census Tract,41039000903,White,12/2020,0,0.5,1.75,
Census Tract,41039000903,White,01/2021,0,1,1.75,
Census Tract,41039000903,White,02/2021,0,1,1,
Census Tract,41039000903,White,03/2021,0,0,1.25,
Census Tract,41039000903,White,04/2021,0,1,1,
Census Tract,41039000903,White,05/2021,0,0.5,1.5,
Census Tract,41039000903,White,06/2021,0,0.5,0.75,
Census Tract,41039000903,White,07/2021,1,3,1.75,
Census Tract,41039000903,White,08/2021,1,0.5,1,
Census Tract,41039000903,White,09/2021,1,1.5,2,
Census Tract,41039000903,White,10/2021,0,1.5,1,
Census Tract,41039000903,White,11/2021,0,0.5,1,
Census Tract,41039000903,White,12/2021,0,0.5,1.75,
Census Tract,41039000903,White,01/2022,0,1,1.75,
Census Tract,41039000903,White,02/2022,1,1,1,
Census Tract,41039000903,White,03/2022,0,0,1.25,
Census Tract,41039000903,White,04/2022,2,1,1,
Census Tract,41039000903,White,05/2022,3,0.5,1.5,
Census Tract,41039000903,White,06/2022,1,0.5,0.75,
Census Tract,41039000903,White,07/2022,0,3,1.75,
Census Tract,41039000903,White,08/2022,1,0.5,1,
Census Tract,41039000903,White,09/2022,2,1.5,2,
Census Tract,41039000903,White,10/2022,1,1.5,1,
Census Tract,41039000903,White,11/2022,0,0.5,1,
Census Tract,41039000903,White,12/2022,1,0.5,1.75,
Census Tract,41039000903,White,01/2023,1,1,1.75,
Census Tract,41039000903,White,02/2023,0,1,1,
Census Tract,41039000903,White,03/2023,0,0,1.25,
Census Tract,41039000903,White,04/2023,1,1,1,
Census Tract,41039000903,White,05/2023,1,0.5,1.5,
Census Tract,41039000903,White,06/2023,1,0.5,0.75,
Census Tract,41039000903,White,07/2023,2,3,1.75,
Census Tract,41039000903,White,08/2023,0,0.5,1,
Census Tract,41039000903,White,09/2023,1,1.5,2,
Census Tract,41039000903,White,10/2023,3,1.5,1,
Census Tract,41039000903,White,11/2023,1,0.5,1,
Census Tract,41039000903,White,12/2023,0,0.5,1.75,
Census Tract,41039000903,White,01/2024,1,1,1.75,
Census Tract,41039000903,White,02/2024,2,1,1,
Census Tract,41039000903,White,03/2024,0,0,1.25,
Census Tract,41039000903,White,04/2024,1,1,1,
Census Tract,41039000903,White,05/2024,0,0.5,1.5,
Census Tract,41039000903,White,06/2024,0,0.5,0.75,
Census Tract,41039000903,White,07/2024,4,3,1.75,
Census Tract,41039000903,White,08/2024,1,0.5,1,
Census Tract,41039000903,White,09/2024,2,1.5,2,
Census Tract,41039000903,White,10/2024,0,1.5,1,
Census Tract,41039000903,White,11/2024,0,0.5,1,
Census Tract,41039000903,White,12/2024,1,0.5,1.75,
Census Tract,41039000903,White,01/2025,1,1,1.75,
Census Tract,41039000903,White,02/2025,0,1,1,
Census Tract,41039000903,White,03/2025,0,0,1.25,
Census Tract,41039000903,White,04/2025,0,1,1,
Census Tract,41039000903,White,05/2025,0,0.5,1.5,
Census Tract,41039000903,White,06/2025,1,0.5,0.75,
Census Tract,41039000903,White,07/2025,0,3,1.75,
Census Tract,41039000903,White,08/2025,0,0.5,1,
Census Tract,41039000903,White,09/2025,1,1.5,2,
Census Tract,41039000903,White,10/2025,0,1.5,1,
Census Tract,41039000903,White,11/2025,0,0.5,1,
Census Tract,41039000903,White,12/2025,1,0.5,1.75,
Census Tract,41039000903,White,01/2026,1,1,1.75,
Census Tract,41039000903,White,02/2026,0,1,1,
Census Tract,41039000903,White,03/2026,0,0,1.25,
Census Tract,41039000903,White,04/2026,2,1,1,
Census Tract,41039000903,White,05/2026,2,0.5,1.5,
Census Tract,41039000903,White,06/2026,0,0.5,0,2026-06-06
Census Tract,41039000904,White,01/2020,2,0,0,
Census Tract,41039000904,White,02/2020,0,0,0.5,
Census Tract,41039000904,White,03/2020,0,1,0.75,
Census Tract,41039000904,White,04/2020,0,0.5,1,
Census Tract,41039000904,White,05/2020,0,4,0.5,
Census Tract,41039000904,White,06/2020,1,1.5,2,
Census Tract,41039000904,White,07/2020,0,4,0.75,
Census Tract,41039000904,White,08/2020,0,0.5,1.25,
Census Tract,41039000904,White,09/2020,0,0,1.5,
Census Tract,41039000904,White,10/2020,2,2,1.25,
Census Tract,41039000904,White,11/2020,0,1.5,1,
Census Tract,41039000904,White,12/2020,1,2,1,
Census Tract,41039000904,White,01/2021,0,0,0,
Census Tract,41039000904,White,02/2021,0,0,0.5,
Census Tract,41039000904,White,03/2021,1,1,0.75,
Census Tract,41039000904,White,04/2021,0,0.5,1,
Census Tract,41039000904,White,05/2021,0,4,0.5,
Census Tract,41039000904,White,06/2021,1,1.5,2,
Census Tract,41039000904,White,07/2021,0,4,0.75,
Census Tract,41039000904,White,08/2021,0,0.5,1.25,
Census Tract,41039000904,White,09/2021,2,0,1.5,
Census Tract,41039000904,White,10/2021,1,2,1.25,
Census Tract,41039000904,White,11/2021,0,1.5,1,
Census Tract,41039000904,White,12/2021,1,2,1,
Census Tract,41039000904,White,01/2022,1,0,0,
Census Tract,41039000904,White,02/2022,0,0,0.5,
Census Tract,41039000904,White,03/2022,2,1,0.75,
Census Tract,41039000904,White,04/2022,1,0.5,1,
Census Tract,41039000904,White,05/2022,1,4,0.5,
Census Tract,41039000904,White,06/2022,2,1.5,2,
Census Tract,41039000904,White,07/2022,2,4,0.75,
Census Tract,41039000904,White,08/2022,0,0.5,1.25,
Census Tract,41039000904,White,09/2022,0,0,1.5,
Census Tract,41039000904,White,10/2022,0,2,1.25,
Census Tract,41039000904,White,11/2022,0,1.5,1,
Census Tract,41039000904,White,12/2022,0,2,1,
Census Tract,41039000904,White,01/2023,0,0,0,
Census Tract,41039000904,White,02/2023,0,0,0.5,
Census Tract,41039000904,White,03/2023,0,1,0.75,
Census Tract,41039000904,White,04/2023,0,0.5,1,
Census Tract,41039000904,White,05/2023,2,4,0.5,
Census Tract,41039000904,White,06/2023,3,1.5,2,
Census Tract,41039000904,White,07/2023,5,4,0.75,
Census Tract,41039000904,White,08/2023,0,0.5,1.25,
Census Tract,41039000904,White,09/2023,0,0,1.5,
Census Tract,41039000904,White,10/2023,2,2,1.25,
Census Tract,41039000904,White,11/2023,2,1.5,1,
Census Tract,41039000904,White,12/2023,1,2,1,
Census Tract,41039000904,White,01/2024,0,0,0,
Census Tract,41039000904,White,02/2024,0,0,0.5,
Census Tract,41039000904,White,03/2024,2,1,0.75,
Census Tract,41039000904,White,04/2024,1,0.5,1,
Census Tract,41039000904,White,05/2024,6,4,0.5,
Census Tract,41039000904,White,06/2024,0,1.5,2,
Census Tract,41039000904,White,07/2024,3,4,0.75,
Census Tract,41039000904,White,08/2024,1,0.5,1.25,
Census Tract,41039000904,White,09/2024,0,0,1.5,
Census Tract,41039000904,White,10/2024,2,2,1.25,
Census Tract,41039000904,White,11/2024,1,1.5,1,
Census Tract,41039000904,White,12/2024,3,2,1,
Census Tract,41039000904,White,01/2025,1,0,0,
Census Tract,41039000904,White,02/2025,0,0,0.5,
Census Tract,41039000904,White,03/2025,2,1,0.75,
Census Tract,41039000904,White,04/2025,0,0.5,1,
Census Tract,41039000904,White,05/2025,2,4,0.5,
Census Tract,41039000904,White,06/2025,0,1.5,2,
Census Tract,41039000904,White,07/2025,1,4,0.75,
Census Tract,41039000904,White,08/2025,5,0.5,1.25,
Census Tract,41039000904,White,09/2025,1,0,1.5,
Census Tract,41039000904,White,10/2025,1,2,1.25,
Census Tract,41039000904,White,11/2025,1,1.5,1,
Census Tract,41039000904,White,12/2025,0,2,1,
Census Tract,41039000904,White,01/2026,0,0,0,
Census Tract,41039000904,White,02/2026,0,0,0.5,
Census Tract,41039000904,White,03/2026,0,1,0.75,
Census Tract,41039000904,White,04/2026,1,0.5,1,
Census Tract,41039000904,White,05/2026,2,4,0.5,
Census Tract,41039000904,White,06/2026,1,0,0.5,2026-06-06
Census Tract,41039001001,White,01/2020,1,0,0.5,
Census Tract,41039001001,White,02/2020,1,0,0,
Census Tract,41039001001,White,03/2020,0,1,1.5,
Census Tract,41039001001,White,04/2020,0,0.5,0,
Census Tract,41039001001,White,05/2020,0,0.5,0.25,
Census Tract,41039001001,White,06/2020,0,0.5,0.75,
Census Tract,41039001001,White,07/2020,0,0.5,0.75,
Census Tract,41039001001,White,08/2020,0,0,0.5,
Census Tract,41039001001,White,09/2020,0,1,0,
Census Tract,41039001001,White,10/2020,1,1,0.25,
Census Tract,41039001001,White,11/2020,0,1,0.5,
Census Tract,41039001001,White,12/2020,1,0.5,0,
Census Tract,41039001001,White,01/2021,0,0,0.5,
Census Tract,41039001001,White,02/2021,0,0,0,
Census Tract,41039001001,White,03/2021,0,1,1.5,
Census Tract,41039001001,White,04/2021,0,0.5,0,
Census Tract,41039001001,White,05/2021,0,0.5,0.25,
Census Tract,41039001001,White,06/2021,0,0.5,0.75,
Census Tract,41039001001,White,07/2021,0,0.5,0.75,
Census Tract,41039001001,White,08/2021,0,0,0.5,
Census Tract,41039001001,White,09/2021,1,1,0,
Census Tract,41039001001,White,10/2021,2,1,0.25,
Census Tract,41039001001,White,11/2021,1,1,0.5,
Census Tract,41039001001,White,12/2021,1,0.5,0,
Census Tract,41039001001,White,01/2022,0,0,0.5,
Census Tract,41039001001,White,02/2022,0,0,0,
Census Tract,41039001001,White,03/2022,0,1,1.5,
Census Tract,41039001001,White,04/2022,1,0.5,0,
Census Tract,41039001001,White,05/2022,0,0.5,0.25,
Census Tract,41039001001,White,06/2022,0,0.5,0.75,
Census Tract,41039001001,White,07/2022,0,0.5,0.75,
Census Tract,41039001001,White,08/2022,1,0,0.5,
Census Tract,41039001001,White,09/2022,2,1,0,
Census Tract,41039001001,White,10/2022,1,1,0.25,
Census Tract,41039001001,White,11/2022,0,1,0.5,
Census Tract,41039001001,White,12/2022,0,0.5,0,
Census Tract,41039001001,White,01/2023,0,0,0.5,
Census Tract,41039001001,White,02/2023,0,0,0,
Census Tract,41039001001,White,03/2023,1,1,1.5,
Census Tract,41039001001,White,04/2023,0,0.5,0,
Census Tract,41039001001,White,05/2023,1,0.5,0.25,
Census Tract,41039001001,White,06/2023,0,0.5,0.75,
Census Tract,41039001001,White,07/2023,0,0.5,0.75,
Census Tract,41039001001,White,08/2023,0,0,0.5,
Census Tract,41039001001,White,09/2023,1,1,0,
Census Tract,41039001001,White,10/2023,0,1,0.25,
Census Tract,41039001001,White,11/2023,1,1,0.5,
Census Tract,41039001001,White,12/2023,1,0.5,0,
Census Tract,41039001001,White,01/2024,0,0,0.5,
Census Tract,41039001001,White,02/2024,0,0,0,
Census Tract,41039001001,White,03/2024,1,1,1.5,
Census Tract,41039001001,White,04/2024,1,0.5,0,
Census Tract,41039001001,White,05/2024,0,0.5,0.25,
Census Tract,41039001001,White,06/2024,1,0.5,0.75,
Census Tract,41039001001,White,07/2024,1,0.5,0.75,
Census Tract,41039001001,White,08/2024,0,0,0.5,
Census Tract,41039001001,White,09/2024,1,1,0,
Census Tract,41039001001,White,10/2024,2,1,0.25,
Census Tract,41039001001,White,11/2024,1,1,0.5,
Census Tract,41039001001,White,12/2024,0,0.5,0,
Census Tract,41039001001,White,01/2025,0,0,0.5,
Census Tract,41039001001,White,02/2025,1,0,0,
Census Tract,41039001001,White,03/2025,0,1,1.5,
Census Tract,41039001001,White,04/2025,1,0.5,0,
Census Tract,41039001001,White,05/2025,0,0.5,0.25,
Census Tract,41039001001,White,06/2025,0,0.5,0.75,
Census Tract,41039001001,White,07/2025,0,0.5,0.75,
Census Tract,41039001001,White,08/2025,1,0,0.5,
Census Tract,41039001001,White,09/2025,1,1,0,
Census Tract,41039001001,White,10/2025,0,1,0.25,
Census Tract,41039001001,White,11/2025,0,1,0.5,
Census Tract,41039001001,White,12/2025,3,0.5,0,
Census Tract,41039001001,White,01/2026,0,0,0.5,
Census Tract,41039001001,White,02/2026,0,0,0,
Census Tract,41039001001,White,03/2026,0,1,1.5,
Census Tract,41039001001,White,04/2026,0,0.5,0,
Census Tract,41039001001,White,05/2026,1,0.5,0.25,
Census Tract,41039001001,White,06/2026,0,0,0.25,2026-06-06
Census Tract,41039001002,White,01/2020,0,2,0.5,
Census Tract,41039001002,White,02/2020,0,1,0.5,
Census Tract,41039001002,White,03/2020,0,2,0.75,
Census Tract,41039001002,White,04/2020,1,1,1,
Census Tract,41039001002,White,05/2020,0,1.5,0.25,
Census Tract,41039001002,White,06/2020,0,0,1.75,
Census Tract,41039001002,White,07/2020,1,0,1.25,
Census Tract,41039001002,White,08/2020,0,1.5,1,
Census Tract,41039001002,White,09/2020,0,1,0.75,
Census Tract,41039001002,White,10/2020,0,4.5,0.25,
Census Tract,41039001002,White,11/2020,1,3.5,0,
Census Tract,41039001002,White,12/2020,1,0.5,0.5,
Census Tract,41039001002,White,01/2021,0,2,0.5,
Census Tract,41039001002,White,02/2021,1,1,0.5,
Census Tract,41039001002,White,03/2021,0,2,0.75,
Census Tract,41039001002,White,04/2021,0,1,1,
Census Tract,41039001002,White,05/2021,0,1.5,0.25,
Census Tract,41039001002,White,06/2021,0,0,1.75,
Census Tract,41039001002,White,07/2021,0,0,1.25,
Census Tract,41039001002,White,08/2021,0,1.5,1,
Census Tract,41039001002,White,09/2021,0,1,0.75,
Census Tract,41039001002,White,10/2021,0,4.5,0.25,
Census Tract,41039001002,White,11/2021,0,3.5,0,
Census Tract,41039001002,White,12/2021,1,0.5,0.5,
Census Tract,41039001002,White,01/2022,0,2,0.5,
Census Tract,41039001002,White,02/2022,0,1,0.5,
Census Tract,41039001002,White,03/2022,0,2,0.75,
Census Tract,41039001002,White,04/2022,1,1,1,
Census Tract,41039001002,White,05/2022,0,1.5,0.25,
Census Tract,41039001002,White,06/2022,0,0,1.75,
Census Tract,41039001002,White,07/2022,0,0,1.25,
Census Tract,41039001002,White,08/2022,2,1.5,1,
Census Tract,41039001002,White,09/2022,3,1,0.75,
Census Tract,41039001002,White,10/2022,2,4.5,0.25,
Census Tract,41039001002,White,11/2022,1,3.5,0,
Census Tract,41039001002,White,12/2022,1,0.5,0.5,
Census Tract,41039001002,White,01/2023,4,2,0.5,
Census Tract,41039001002,White,02/2023,0,1,0.5,
Census Tract,41039001002,White,03/2023,0,2,0.75,
Census Tract,41039001002,White,04/2023,0,1,1,
Census Tract,41039001002,White,05/2023,1,1.5,0.25,
Census Tract,41039001002,White,06/2023,0,0,1.75,
Census Tract,41039001002,White,07/2023,0,0,1.25,
Census Tract,41039001002,White,08/2023,1,1.5,1,
Census Tract,41039001002,White,09/2023,0,1,0.75,
Census Tract,41039001002,White,10/2023,2,4.5,0.25,
Census Tract,41039001002,White,11/2023,3,3.5,0,
Census Tract,41039001002,White,12/2023,1,0.5,0.5,
Census Tract,41039001002,White,01/2024,0,2,0.5,
Census Tract,41039001002,White,02/2024,2,1,0.5,
Census Tract,41039001002,White,03/2024,4,2,0.75,
Census Tract,41039001002,White,04/2024,2,1,1,
Census Tract,41039001002,White,05/2024,2,1.5,0.25,
Census Tract,41039001002,White,06/2024,0,0,1.75,
Census Tract,41039001002,White,07/2024,0,0,1.25,
Census Tract,41039001002,White,08/2024,2,1.5,1,
Census Tract,41039001002,White,09/2024,2,1,0.75,
Census Tract,41039001002,White,10/2024,7,4.5,0.25,
Census Tract,41039001002,White,11/2024,4,3.5,0,
Census Tract,41039001002,White,12/2024,0,0.5,0.5,
Census Tract,41039001002,White,01/2025,2,2,0.5,
Census Tract,41039001002,White,02/2025,2,1,0.5,
Census Tract,41039001002,White,03/2025,1,2,0.75,
Census Tract,41039001002,White,04/2025,2,1,1,
Census Tract,41039001002,White,05/2025,2,1.5,0.25,
Census Tract,41039001002,White,06/2025,1,0,1.75,
Census Tract,41039001002,White,07/2025,4,0,1.25,
Census Tract,41039001002,White,08/2025,5,1.5,1,
Census Tract,41039001002,White,09/2025,5,1,0.75,
Census Tract,41039001002,White,10/2025,4,4.5,0.25,
Census Tract,41039001002,White,11/2025,0,3.5,0,
Census Tract,41039001002,White,12/2025,3,0.5,0.5,
Census Tract,41039001002,White,01/2026,7,2,0.5,
Census Tract,41039001002,White,02/2026,4,1,0.5,
Census Tract,41039001002,White,03/2026,0,2,0.75,
Census Tract,41039001002,White,04/2026,1,1,1,
Census Tract,41039001002,White,05/2026,5,1.5,0.25,
Census Tract,41039001002,White,06/2026,1,0,0.25,2026-06-06
Census Tract,41039001101,White,01/2020,1,1,0.75,
Census Tract,41039001101,White,02/2020,2,0.5,2.5,
Census Tract,41039001101,White,03/2020,1,0.5,1.5,
Census Tract,41039001101,White,04/2020,0,0,3,
Census Tract,41039001101,White,05/2020,0,1.5,1,
Census Tract,41039001101,White,06/2020,0,0.5,2.25,
Census Tract,41039001101,White,07/2020,0,1,1.5,
Census Tract,41039001101,White,08/2020,0,0.5,1.5,
Census Tract,41039001101,White,09/2020,0,0.5,1,
Census Tract,41039001101,White,10/2020,1,0.5,2.5,
Census Tract,41039001101,White,11/2020,2,0.5,1.5,
Census Tract,41039001101,White,12/2020,0,1.5,1.25,
Census Tract,41039001101,White,01/2021,0,1,0.75,
Census Tract,41039001101,White,02/2021,0,0.5,2.25,
Census Tract,41039001101,White,03/2021,1,0.5,1.5,
Census Tract,41039001101,White,04/2021,0,0,3,
Census Tract,41039001101,White,05/2021,0,1.5,1,
Census Tract,41039001101,White,06/2021,0,0.5,2.25,
Census Tract,41039001101,White,07/2021,0,1,1.5,
Census Tract,41039001101,White,08/2021,5,0.5,1.5,
Census Tract,41039001101,White,09/2021,2,0.5,1,
Census Tract,41039001101,White,10/2021,1,0.5,2.5,
Census Tract,41039001101,White,11/2021,1,0.5,1.5,
Census Tract,41039001101,White,12/2021,0,1.5,1.25,
Census Tract,41039001101,White,01/2022,1,1,0.75,
Census Tract,41039001101,White,02/2022,1,0.5,2.25,
Census Tract,41039001101,White,03/2022,0,0.5,1.5,
Census Tract,41039001101,White,04/2022,3,0,3,
Census Tract,41039001101,White,05/2022,1,1.5,1,
Census Tract,41039001101,White,06/2022,4,0.5,2.25,
Census Tract,41039001101,White,07/2022,1,1,1.5,
Census Tract,41039001101,White,08/2022,1,0.5,1.5,
Census Tract,41039001101,White,09/2022,0,0.5,1,
Census Tract,41039001101,White,10/2022,4,0.5,2.5,
Census Tract,41039001101,White,11/2022,1,0.5,1.5,
Census Tract,41039001101,White,12/2022,1,1.5,1.25,
Census Tract,41039001101,White,01/2023,2,1,0.75,
Census Tract,41039001101,White,02/2023,0,0.5,2.25,
Census Tract,41039001101,White,03/2023,1,0.5,1.5,
Census Tract,41039001101,White,04/2023,0,0,3,
Census Tract,41039001101,White,05/2023,2,1.5,1,
Census Tract,41039001101,White,06/2023,0,0.5,2.25,
Census Tract,41039001101,White,07/2023,1,1,1.5,
Census Tract,41039001101,White,08/2023,1,0.5,1.5,
Census Tract,41039001101,White,09/2023,1,0.5,1,
Census Tract,41039001101,White,10/2023,1,0.5,2.5,
Census Tract,41039001101,White,11/2023,1,0.5,1.5,
Census Tract,41039001101,White,12/2023,2,1.5,1.25,
Census Tract,41039001101,White,01/2024,0,1,0.75,
Census Tract,41039001101,White,02/2024,1,0.5,2.5,
Census Tract,41039001101,White,03/2024,0,0.5,1.5,
Census Tract,41039001101,White,04/2024,0,0,3,
Census Tract,41039001101,White,05/2024,1,1.5,1,
Census Tract,41039001101,White,06/2024,1,0.5,2.25,
Census Tract,41039001101,White,07/2024,1,1,1.5,
Census Tract,41039001101,White,08/2024,0,0.5,1.5,
Census Tract,41039001101,White,09/2024,0,0.5,1,
Census Tract,41039001101,White,10/2024,0,0.5,2.5,
Census Tract,41039001101,White,11/2024,0,0.5,1.5,
Census Tract,41039001101,White,12/2024,1,1.5,1.25,
Census Tract,41039001101,White,01/2025,1,1,0.75,
Census Tract,41039001101,White,02/2025,2,0.5,2.25,
Census Tract,41039001101,White,03/2025,0,0.5,1.5,
Census Tract,41039001101,White,04/2025,1,0,3,
Census Tract,41039001101,White,05/2025,2,1.5,1,
Census Tract,41039001101,White,06/2025,3,0.5,2.25,
Census Tract,41039001101,White,07/2025,1,1,1.5,
Census Tract,41039001101,White,08/2025,0,0.5,1.5,
Census Tract,41039001101,White,09/2025,2,0.5,1,
Census Tract,41039001101,White,10/2025,0,0.5,2.5,
Census Tract,41039001101,White,11/2025,0,0.5,1.5,
Census Tract,41039001101,White,12/2025,0,1.5,1.25,
Census Tract,41039001101,White,01/2026,1,1,0.75,
Census Tract,41039001101,White,02/2026,1,0.5,2.25,
Census Tract,41039001101,White,03/2026,1,0.5,1.5,
Census Tract,41039001101,White,04/2026,1,0,3,
Census Tract,41039001101,White,05/2026,1,1.5,1,
Census Tract,41039001101,White,06/2026,2,0.5,0.25,2026-06-06
Census Tract,41039001102,White,01/2020,0,1.5,1.75,
Census Tract,41039001102,White,02/2020,4,0.5,1.25,
Census Tract,41039001102,White,03/2020,1,1,1.25,
Census Tract,41039001102,White,04/2020,0,1.5,0.5,
Census Tract,41039001102,White,05/2020,0,1.5,2.75,
Census Tract,41039001102,White,06/2020,0,1,1,
Census Tract,41039001102,White,07/2020,1,1,3.25,
Census Tract,41039001102,White,08/2020,1,0.5,2,
Census Tract,41039001102,White,09/2020,1,1,0.75,
Census Tract,41039001102,White,10/2020,1,2.5,1,
Census Tract,41039001102,White,11/2020,0,1.5,1.5,
Census Tract,41039001102,White,12/2020,0,2,1.5,
Census Tract,41039001102,White,01/2021,0,1.5,1.75,
Census Tract,41039001102,White,02/2021,0,0.5,1.25,
Census Tract,41039001102,White,03/2021,1,1,1.25,
Census Tract,41039001102,White,04/2021,2,1.5,0.5,
Census Tract,41039001102,White,05/2021,1,1.5,2.75,
Census Tract,41039001102,White,06/2021,0,1,1,
Census Tract,41039001102,White,07/2021,1,1,3.25,
Census Tract,41039001102,White,08/2021,0,0.5,2,
Census Tract,41039001102,White,09/2021,0,1,0.75,
Census Tract,41039001102,White,10/2021,1,2.5,1,
Census Tract,41039001102,White,11/2021,0,1.5,1.5,
Census Tract,41039001102,White,12/2021,0,2,1.5,
Census Tract,41039001102,White,01/2022,1,1.5,1.75,
Census Tract,41039001102,White,02/2022,0,0.5,1.25,
Census Tract,41039001102,White,03/2022,1,1,1.25,
Census Tract,41039001102,White,04/2022,0,1.5,0.5,
Census Tract,41039001102,White,05/2022,0,1.5,2.75,
Census Tract,41039001102,White,06/2022,2,1,1,
Census Tract,41039001102,White,07/2022,2,1,3.25,
Census Tract,41039001102,White,08/2022,2,0.5,2,
Census Tract,41039001102,White,09/2022,1,1,0.75,
Census Tract,41039001102,White,10/2022,2,2.5,1,
Census Tract,41039001102,White,11/2022,0,1.5,1.5,
Census Tract,41039001102,White,12/2022,1,2,1.5,
Census Tract,41039001102,White,01/2023,2,1.5,1.75,
Census Tract,41039001102,White,02/2023,0,0.5,1.25,
Census Tract,41039001102,White,03/2023,1,1,1.25,
Census Tract,41039001102,White,04/2023,0,1.5,0.5,
Census Tract,41039001102,White,05/2023,1,1.5,2.75,
Census Tract,41039001102,White,06/2023,1,1,1,
Census Tract,41039001102,White,07/2023,1,1,3.25,
Census Tract,41039001102,White,08/2023,0,0.5,2,
Census Tract,41039001102,White,09/2023,1,1,0.75,
Census Tract,41039001102,White,10/2023,3,2.5,1,
Census Tract,41039001102,White,11/2023,3,1.5,1.5,
Census Tract,41039001102,White,12/2023,2,2,1.5,
Census Tract,41039001102,White,01/2024,1,1.5,1.75,
Census Tract,41039001102,White,02/2024,1,0.5,1.25,
Census Tract,41039001102,White,03/2024,1,1,1.25,
Census Tract,41039001102,White,04/2024,3,1.5,0.5,
Census Tract,41039001102,White,05/2024,2,1.5,2.75,
Census Tract,41039001102,White,06/2024,1,1,1,
Census Tract,41039001102,White,07/2024,1,1,3.25,
Census Tract,41039001102,White,08/2024,1,0.5,2,
Census Tract,41039001102,White,09/2024,1,1,0.75,
Census Tract,41039001102,White,10/2024,2,2.5,1,
Census Tract,41039001102,White,11/2024,0,1.5,1.5,
Census Tract,41039001102,White,12/2024,2,2,1.5,
Census Tract,41039001102,White,01/2025,2,1.5,1.75,
Census Tract,41039001102,White,02/2025,1,0.5,1.25,
Census Tract,41039001102,White,03/2025,0,1,1.25,
Census Tract,41039001102,White,04/2025,3,1.5,0.5,
Census Tract,41039001102,White,05/2025,3,1.5,2.75,
Census Tract,41039001102,White,06/2025,3,1,1,
Census Tract,41039001102,White,07/2025,4,1,3.25,
Census Tract,41039001102,White,08/2025,4,0.5,2,
Census Tract,41039001102,White,09/2025,2,1,0.75,
Census Tract,41039001102,White,10/2025,1,2.5,1,
Census Tract,41039001102,White,11/2025,1,1.5,1.5,
Census Tract,41039001102,White,12/2025,4,2,1.5,
Census Tract,41039001102,White,01/2026,3,1.5,1.75,
Census Tract,41039001102,White,02/2026,3,0.5,1.25,
Census Tract,41039001102,White,03/2026,3,1,1.25,
Census Tract,41039001102,White,04/2026,2,1.5,0.5,
Census Tract,41039001102,White,05/2026,4,1.5,2.75,
Census Tract,41039001102,White,06/2026,0,0,0.25,2026-06-06
Census Tract,41039001201,White,01/2020,4,2,2.75,
Census Tract,41039001201,White,02/2020,1,0,2.75,
Census Tract,41039001201,White,03/2020,0,0,4.5,
Census Tract,41039001201,White,04/2020,0,1,2.75,
Census Tract,41039001201,White,05/2020,2,0.5,2,
Census Tract,41039001201,White,06/2020,0,1.5,3.75,
Census Tract,41039001201,White,07/2020,0,1.5,3,
Census Tract,41039001201,White,08/2020,0,1.5,0.75,
Census Tract,41039001201,White,09/2020,0,1,1.5,
Census Tract,41039001201,White,10/2020,1,0.5,1.25,
Census Tract,41039001201,White,11/2020,0,1,1.5,
Census Tract,41039001201,White,12/2020,0,1,1.25,
Census Tract,41039001201,White,01/2021,0,2,2.75,
Census Tract,41039001201,White,02/2021,0,0,2.75,
Census Tract,41039001201,White,03/2021,0,0,4.5,
Census Tract,41039001201,White,04/2021,0,1,2.75,
Census Tract,41039001201,White,05/2021,1,0.5,2,
Census Tract,41039001201,White,06/2021,4,1.5,3.75,
Census Tract,41039001201,White,07/2021,4,1.5,3,
Census Tract,41039001201,White,08/2021,1,1.5,0.75,
Census Tract,41039001201,White,09/2021,0,1,1.5,
Census Tract,41039001201,White,10/2021,3,0.5,1.25,
Census Tract,41039001201,White,11/2021,0,1,1.5,
Census Tract,41039001201,White,12/2021,0,1,1.25,
Census Tract,41039001201,White,01/2022,0,2,2.75,
Census Tract,41039001201,White,02/2022,0,0,2.75,
Census Tract,41039001201,White,03/2022,1,0,4.5,
Census Tract,41039001201,White,04/2022,2,1,2.75,
Census Tract,41039001201,White,05/2022,1,0.5,2,
Census Tract,41039001201,White,06/2022,3,1.5,3.75,
Census Tract,41039001201,White,07/2022,3,1.5,3,
Census Tract,41039001201,White,08/2022,1,1.5,0.75,
Census Tract,41039001201,White,09/2022,5,1,1.5,
Census Tract,41039001201,White,10/2022,3,0.5,1.25,
Census Tract,41039001201,White,11/2022,1,1,1.5,
Census Tract,41039001201,White,12/2022,1,1,1.25,
Census Tract,41039001201,White,01/2023,2,2,2.75,
Census Tract,41039001201,White,02/2023,0,0,2.75,
Census Tract,41039001201,White,03/2023,0,0,4.5,
Census Tract,41039001201,White,04/2023,2,1,2.75,
Census Tract,41039001201,White,05/2023,0,0.5,2,
Census Tract,41039001201,White,06/2023,2,1.5,3.75,
Census Tract,41039001201,White,07/2023,3,1.5,3,
Census Tract,41039001201,White,08/2023,3,1.5,0.75,
Census Tract,41039001201,White,09/2023,1,1,1.5,
Census Tract,41039001201,White,10/2023,1,0.5,1.25,
Census Tract,41039001201,White,11/2023,2,1,1.5,
Census Tract,41039001201,White,12/2023,1,1,1.25,
Census Tract,41039001201,White,01/2024,2,2,2.75,
Census Tract,41039001201,White,02/2024,0,0,2.75,
Census Tract,41039001201,White,03/2024,0,0,4.5,
Census Tract,41039001201,White,04/2024,0,1,2.75,
Census Tract,41039001201,White,05/2024,1,0.5,2,
Census Tract,41039001201,White,06/2024,1,1.5,3.75,
Census Tract,41039001201,White,07/2024,0,1.5,3,
Census Tract,41039001201,White,08/2024,0,1.5,0.75,
Census Tract,41039001201,White,09/2024,1,1,1.5,
Census Tract,41039001201,White,10/2024,0,0.5,1.25,
Census Tract,41039001201,White,11/2024,0,1,1.5,
Census Tract,41039001201,White,12/2024,1,1,1.25,
Census Tract,41039001201,White,01/2025,0,2,2.75,
Census Tract,41039001201,White,02/2025,0,0,2.75,
Census Tract,41039001201,White,03/2025,1,0,4.5,
Census Tract,41039001201,White,04/2025,0,1,2.75,
Census Tract,41039001201,White,05/2025,0,0.5,2,
Census Tract,41039001201,White,06/2025,0,1.5,3.75,
Census Tract,41039001201,White,07/2025,2,1.5,3,
Census Tract,41039001201,White,08/2025,1,1.5,0.75,
Census Tract,41039001201,White,09/2025,1,1,1.5,
Census Tract,41039001201,White,10/2025,0,0.5,1.25,
Census Tract,41039001201,White,11/2025,2,1,1.5,
Census Tract,41039001201,White,12/2025,2,1,1.25,
Census Tract,41039001201,White,01/2026,1,2,2.75,
Census Tract,41039001201,White,02/2026,0,0,2.75,
Census Tract,41039001201,White,03/2026,3,0,4.5,
Census Tract,41039001201,White,04/2026,2,1,2.75,
Census Tract,41039001201,White,05/2026,1,0.5,2,
Census Tract,41039001201,White,06/2026,1,0.5,0.25,2026-06-06
Census Tract,41039001202,White,01/2020,3,0.5,1.25,
Census Tract,41039001202,White,02/2020,2,0.5,0.25,
Census Tract,41039001202,White,03/2020,1,0,0.75,
Census Tract,41039001202,White,04/2020,0,2,0.75,
Census Tract,41039001202,White,05/2020,0,0,1.25,
Census Tract,41039001202,White,06/2020,0,0,0.75,
Census Tract,41039001202,White,07/2020,0,0.5,1.5,
Census Tract,41039001202,White,08/2020,0,1,0.5,
Census Tract,41039001202,White,09/2020,0,1,1.75,
Census Tract,41039001202,White,10/2020,0,0,1,
Census Tract,41039001202,White,11/2020,0,1.5,1.25,
Census Tract,41039001202,White,12/2020,0,2,0.75,
Census Tract,41039001202,White,01/2021,1,0.5,1.25,
Census Tract,41039001202,White,02/2021,0,0,0.25,
Census Tract,41039001202,White,03/2021,0,0,0.75,
Census Tract,41039001202,White,04/2021,0,2,0.75,
Census Tract,41039001202,White,05/2021,1,0,1.25,
Census Tract,41039001202,White,06/2021,0,0,0.75,
Census Tract,41039001202,White,07/2021,1,0.5,1.5,
Census Tract,41039001202,White,08/2021,0,1,0.5,
Census Tract,41039001202,White,09/2021,2,1,1.75,
Census Tract,41039001202,White,10/2021,1,0,1,
Census Tract,41039001202,White,11/2021,2,1.5,1.25,
Census Tract,41039001202,White,12/2021,0,2,0.75,
Census Tract,41039001202,White,01/2022,0,0.5,1.25,
Census Tract,41039001202,White,02/2022,0,0,0.25,
Census Tract,41039001202,White,03/2022,0,0,0.75,
Census Tract,41039001202,White,04/2022,0,2,0.75,
Census Tract,41039001202,White,05/2022,0,0,1.25,
Census Tract,41039001202,White,06/2022,0,0,0.75,
Census Tract,41039001202,White,07/2022,0,0.5,1.5,
Census Tract,41039001202,White,08/2022,0,1,0.5,
Census Tract,41039001202,White,09/2022,1,1,1.75,
Census Tract,41039001202,White,10/2022,0,0,1,
Census Tract,41039001202,White,11/2022,2,1.5,1.25,
Census Tract,41039001202,White,12/2022,1,2,0.75,
Census Tract,41039001202,White,01/2023,0,0.5,1.25,
Census Tract,41039001202,White,02/2023,0,0,0.25,
Census Tract,41039001202,White,03/2023,0,0,0.75,
Census Tract,41039001202,White,04/2023,2,2,0.75,
Census Tract,41039001202,White,05/2023,0,0,1.25,
Census Tract,41039001202,White,06/2023,0,0,0.75,
Census Tract,41039001202,White,07/2023,0,0.5,1.5,
Census Tract,41039001202,White,08/2023,1,1,0.5,
Census Tract,41039001202,White,09/2023,1,1,1.75,
Census Tract,41039001202,White,10/2023,0,0,1,
Census Tract,41039001202,White,11/2023,3,1.5,1.25,
Census Tract,41039001202,White,12/2023,2,2,0.75,
Census Tract,41039001202,White,01/2024,1,0.5,1.25,
Census Tract,41039001202,White,02/2024,1,0.5,0.25,
Census Tract,41039001202,White,03/2024,0,0,0.75,
Census Tract,41039001202,White,04/2024,2,2,0.75,
Census Tract,41039001202,White,05/2024,0,0,1.25,
Census Tract,41039001202,White,06/2024,0,0,0.75,
Census Tract,41039001202,White,07/2024,1,0.5,1.5,
Census Tract,41039001202,White,08/2024,1,1,0.5,
Census Tract,41039001202,White,09/2024,1,1,1.75,
Census Tract,41039001202,White,10/2024,0,0,1,
Census Tract,41039001202,White,11/2024,0,1.5,1.25,
Census Tract,41039001202,White,12/2024,2,2,0.75,
Census Tract,41039001202,White,01/2025,0,0.5,1.25,
Census Tract,41039001202,White,02/2025,1,0,0.25,
Census Tract,41039001202,White,03/2025,1,0,0.75,
Census Tract,41039001202,White,04/2025,0,2,0.75,
Census Tract,41039001202,White,05/2025,1,0,1.25,
Census Tract,41039001202,White,06/2025,2,0,0.75,
Census Tract,41039001202,White,07/2025,2,0.5,1.5,
Census Tract,41039001202,White,08/2025,1,1,0.5,
Census Tract,41039001202,White,09/2025,0,1,1.75,
Census Tract,41039001202,White,10/2025,1,0,1,
Census Tract,41039001202,White,11/2025,1,1.5,1.25,
Census Tract,41039001202,White,12/2025,1,2,0.75,
Census Tract,41039001202,White,01/2026,2,0.5,1.25,
Census Tract,41039001202,White,02/2026,1,0,0.25,
Census Tract,41039001202,White,03/2026,0,0,0.75,
Census Tract,41039001202,White,04/2026,1,2,0.75,
Census Tract,41039001202,White,05/2026,0,0,1.25,
Census Tract,41039001202,White,06/2026,0,0,0.25,2026-06-06
Census Tract,41039001301,White,01/2020,1,2,0.5,
Census Tract,41039001301,White,02/2020,0,1,0.25,
Census Tract,41039001301,White,03/2020,0,1,0.25,
Census Tract,41039001301,White,04/2020,0,0.5,0.75,
Census Tract,41039001301,White,05/2020,0,0,0.75,
Census Tract,41039001301,White,06/2020,0,0.5,0.25,
Census Tract,41039001301,White,07/2020,0,0.5,0.75,
Census Tract,41039001301,White,08/2020,1,1.5,0.25,
Census Tract,41039001301,White,09/2020,0,2,0.5,
Census Tract,41039001301,White,10/2020,0,2,0,
Census Tract,41039001301,White,11/2020,1,1,0.25,
Census Tract,41039001301,White,12/2020,1,1,0.75,
Census Tract,41039001301,White,01/2021,0,2,0.5,
Census Tract,41039001301,White,02/2021,0,1,0.25,
Census Tract,41039001301,White,03/2021,0,1,0.25,
Census Tract,41039001301,White,04/2021,0,0.5,0.75,
Census Tract,41039001301,White,05/2021,0,0,0.75,
Census Tract,41039001301,White,06/2021,1,0.5,0.25,
Census Tract,41039001301,White,07/2021,0,0.5,0.75,
Census Tract,41039001301,White,08/2021,0,1.5,0.25,
Census Tract,41039001301,White,09/2021,1,2,0.5,
Census Tract,41039001301,White,10/2021,0,2,0,
Census Tract,41039001301,White,11/2021,0,1,0.25,
Census Tract,41039001301,White,12/2021,1,1,0.75,
Census Tract,41039001301,White,01/2022,0,2,0.5,
Census Tract,41039001301,White,02/2022,0,1,0.25,
Census Tract,41039001301,White,03/2022,1,1,0.25,
Census Tract,41039001301,White,04/2022,1,0.5,0.75,
Census Tract,41039001301,White,05/2022,1,0,0.75,
Census Tract,41039001301,White,06/2022,2,0.5,0.25,
Census Tract,41039001301,White,07/2022,0,0.5,0.75,
Census Tract,41039001301,White,08/2022,0,1.5,0.25,
Census Tract,41039001301,White,09/2022,1,2,0.5,
Census Tract,41039001301,White,10/2022,1,2,0,
Census Tract,41039001301,White,11/2022,0,1,0.25,
Census Tract,41039001301,White,12/2022,0,1,0.75,
Census Tract,41039001301,White,01/2023,3,2,0.5,
Census Tract,41039001301,White,02/2023,2,1,0.25,
Census Tract,41039001301,White,03/2023,1,1,0.25,
Census Tract,41039001301,White,04/2023,0,0.5,0.75,
Census Tract,41039001301,White,05/2023,0,0,0.75,
Census Tract,41039001301,White,06/2023,0,0.5,0.25,
Census Tract,41039001301,White,07/2023,0,0.5,0.75,
Census Tract,41039001301,White,08/2023,1,1.5,0.25,
Census Tract,41039001301,White,09/2023,3,2,0.5,
Census Tract,41039001301,White,10/2023,3,2,0,
Census Tract,41039001301,White,11/2023,1,1,0.25,
Census Tract,41039001301,White,12/2023,2,1,0.75,
Census Tract,41039001301,White,01/2024,1,2,0.5,
Census Tract,41039001301,White,02/2024,0,1,0.25,
Census Tract,41039001301,White,03/2024,1,1,0.25,
Census Tract,41039001301,White,04/2024,1,0.5,0.75,
Census Tract,41039001301,White,05/2024,0,0,0.75,
Census Tract,41039001301,White,06/2024,1,0.5,0.25,
Census Tract,41039001301,White,07/2024,1,0.5,0.75,
Census Tract,41039001301,White,08/2024,2,1.5,0.25,
Census Tract,41039001301,White,09/2024,1,2,0.5,
Census Tract,41039001301,White,10/2024,1,2,0,
Census Tract,41039001301,White,11/2024,1,1,0.25,
Census Tract,41039001301,White,12/2024,0,1,0.75,
Census Tract,41039001301,White,01/2025,0,2,0.5,
Census Tract,41039001301,White,02/2025,1,1,0.25,
Census Tract,41039001301,White,03/2025,7,1,0.25,
Census Tract,41039001301,White,04/2025,1,0.5,0.75,
Census Tract,41039001301,White,05/2025,1,0,0.75,
Census Tract,41039001301,White,06/2025,0,0.5,0.25,
Census Tract,41039001301,White,07/2025,1,0.5,0.75,
Census Tract,41039001301,White,08/2025,0,1.5,0.25,
Census Tract,41039001301,White,09/2025,1,2,0.5,
Census Tract,41039001301,White,10/2025,1,2,0,
Census Tract,41039001301,White,11/2025,0,1,0.25,
Census Tract,41039001301,White,12/2025,2,1,0.75,
Census Tract,41039001301,White,01/2026,1,2,0.5,
Census Tract,41039001301,White,02/2026,0,1,0.25,
Census Tract,41039001301,White,03/2026,0,1,0.25,
Census Tract,41039001301,White,04/2026,1,0.5,0.75,
Census Tract,41039001301,White,05/2026,3,0,0.75,
Census Tract,41039001301,White,06/2026,0,0,0,2026-06-06
Census Tract,41039001302,White,01/2020,3,2,2.25,
Census Tract,41039001302,White,02/2020,1,0.5,2,
Census Tract,41039001302,White,03/2020,0,0,2.25,
Census Tract,41039001302,White,04/2020,1,0.5,2,
Census Tract,41039001302,White,05/2020,0,2,0.75,
Census Tract,41039001302,White,06/2020,1,1.5,1,
Census Tract,41039001302,White,07/2020,0,2.5,1.5,
Census Tract,41039001302,White,08/2020,0,1.5,0,
Census Tract,41039001302,White,09/2020,0,1.5,1.25,
Census Tract,41039001302,White,10/2020,1,2,1,
Census Tract,41039001302,White,11/2020,0,1,1.75,
Census Tract,41039001302,White,12/2020,0,2.5,1,
Census Tract,41039001302,White,01/2021,1,2,2.25,
Census Tract,41039001302,White,02/2021,0,0.5,2,
Census Tract,41039001302,White,03/2021,1,0,2.25,
Census Tract,41039001302,White,04/2021,1,0.5,2,
Census Tract,41039001302,White,05/2021,0,2,0.75,
Census Tract,41039001302,White,06/2021,0,1.5,1,
Census Tract,41039001302,White,07/2021,0,2.5,1.5,
Census Tract,41039001302,White,08/2021,1,1.5,0,
Census Tract,41039001302,White,09/2021,5,1.5,1.25,
Census Tract,41039001302,White,10/2021,2,2,1,
Census Tract,41039001302,White,11/2021,1,1,1.75,
Census Tract,41039001302,White,12/2021,3,2.5,1,
Census Tract,41039001302,White,01/2022,0,2,2.25,
Census Tract,41039001302,White,02/2022,0,0.5,2,
Census Tract,41039001302,White,03/2022,0,0,2.25,
Census Tract,41039001302,White,04/2022,1,0.5,2,
Census Tract,41039001302,White,05/2022,0,2,0.75,
Census Tract,41039001302,White,06/2022,2,1.5,1,
Census Tract,41039001302,White,07/2022,1,2.5,1.5,
Census Tract,41039001302,White,08/2022,2,1.5,0,
Census Tract,41039001302,White,09/2022,1,1.5,1.25,
Census Tract,41039001302,White,10/2022,1,2,1,
Census Tract,41039001302,White,11/2022,1,1,1.75,
Census Tract,41039001302,White,12/2022,1,2.5,1,
Census Tract,41039001302,White,01/2023,4,2,2.25,
Census Tract,41039001302,White,02/2023,1,0.5,2,
Census Tract,41039001302,White,03/2023,0,0,2.25,
Census Tract,41039001302,White,04/2023,0,0.5,2,
Census Tract,41039001302,White,05/2023,2,2,0.75,
Census Tract,41039001302,White,06/2023,1,1.5,1,
Census Tract,41039001302,White,07/2023,2,2.5,1.5,
Census Tract,41039001302,White,08/2023,2,1.5,0,
Census Tract,41039001302,White,09/2023,1,1.5,1.25,
Census Tract,41039001302,White,10/2023,1,2,1,
Census Tract,41039001302,White,11/2023,1,1,1.75,
Census Tract,41039001302,White,12/2023,3,2.5,1,
Census Tract,41039001302,White,01/2024,0,2,2.25,
Census Tract,41039001302,White,02/2024,0,0.5,2,
Census Tract,41039001302,White,03/2024,0,0,2.25,
Census Tract,41039001302,White,04/2024,1,0.5,2,
Census Tract,41039001302,White,05/2024,2,2,0.75,
Census Tract,41039001302,White,06/2024,2,1.5,1,
Census Tract,41039001302,White,07/2024,3,2.5,1.5,
Census Tract,41039001302,White,08/2024,1,1.5,0,
Census Tract,41039001302,White,09/2024,2,1.5,1.25,
Census Tract,41039001302,White,10/2024,3,2,1,
Census Tract,41039001302,White,11/2024,1,1,1.75,
Census Tract,41039001302,White,12/2024,2,2.5,1,
Census Tract,41039001302,White,01/2025,1,2,2.25,
Census Tract,41039001302,White,02/2025,1,0.5,2,
Census Tract,41039001302,White,03/2025,2,0,2.25,
Census Tract,41039001302,White,04/2025,1,0.5,2,
Census Tract,41039001302,White,05/2025,2,2,0.75,
Census Tract,41039001302,White,06/2025,2,1.5,1,
Census Tract,41039001302,White,07/2025,1,2.5,1.5,
Census Tract,41039001302,White,08/2025,4,1.5,0,
Census Tract,41039001302,White,09/2025,4,1.5,1.25,
Census Tract,41039001302,White,10/2025,2,2,1,
Census Tract,41039001302,White,11/2025,2,1,1.75,
Census Tract,41039001302,White,12/2025,0,2.5,1,
Census Tract,41039001302,White,01/2026,2,2,2.25,
Census Tract,41039001302,White,02/2026,1,0.5,2,
Census Tract,41039001302,White,03/2026,5,0,2.25,
Census Tract,41039001302,White,04/2026,1,0.5,2,
Census Tract,41039001302,White,05/2026,0,2,0.75,
Census Tract,41039001302,White,06/2026,0,0.5,0,2026-06-06
Census Tract,41039001400,White,01/2020,2,0,0.75,
Census Tract,41039001400,White,02/2020,0,0,0.25,
Census Tract,41039001400,White,03/2020,1,1,0.25,
Census Tract,41039001400,White,04/2020,0,0,0.5,
Census Tract,41039001400,White,05/2020,0,0.5,1,
Census Tract,41039001400,White,06/2020,0,0.5,0.5,
Census Tract,41039001400,White,07/2020,0,0,0.5,
Census Tract,41039001400,White,08/2020,0,0,0.75,
Census Tract,41039001400,White,09/2020,0,0,1.25,
Census Tract,41039001400,White,10/2020,2,0,1,
Census Tract,41039001400,White,11/2020,1,0.5,0.75,
Census Tract,41039001400,White,12/2020,0,0,0.75,
Census Tract,41039001400,White,01/2021,0,0,0.75,
Census Tract,41039001400,White,02/2021,0,0,0.25,
Census Tract,41039001400,White,03/2021,1,1,0.25,
Census Tract,41039001400,White,04/2021,0,0,0.5,
Census Tract,41039001400,White,05/2021,0,0.5,1,
Census Tract,41039001400,White,06/2021,0,0.5,0.5,
Census Tract,41039001400,White,07/2021,1,0,0.5,
Census Tract,41039001400,White,08/2021,1,0,0.75,
Census Tract,41039001400,White,09/2021,1,0,1.25,
Census Tract,41039001400,White,10/2021,1,0,1,
Census Tract,41039001400,White,11/2021,0,0.5,0.75,
Census Tract,41039001400,White,12/2021,0,0,0.75,
Census Tract,41039001400,White,01/2022,0,0,0.75,
Census Tract,41039001400,White,02/2022,0,0,0.25,
Census Tract,41039001400,White,03/2022,0,1,0.25,
Census Tract,41039001400,White,04/2022,0,0,0.5,
Census Tract,41039001400,White,05/2022,1,0.5,1,
Census Tract,41039001400,White,06/2022,1,0.5,0.5,
Census Tract,41039001400,White,07/2022,0,0,0.5,
Census Tract,41039001400,White,08/2022,1,0,0.75,
Census Tract,41039001400,White,09/2022,1,0,1.25,
Census Tract,41039001400,White,10/2022,0,0,1,
Census Tract,41039001400,White,11/2022,0,0.5,0.75,
Census Tract,41039001400,White,12/2022,0,0,0.75,
Census Tract,41039001400,White,01/2023,0,0,0.75,
Census Tract,41039001400,White,02/2023,0,0,0.25,
Census Tract,41039001400,White,03/2023,2,1,0.25,
Census Tract,41039001400,White,04/2023,0,0,0.5,
Census Tract,41039001400,White,05/2023,1,0.5,1,
Census Tract,41039001400,White,06/2023,1,0.5,0.5,
Census Tract,41039001400,White,07/2023,0,0,0.5,
Census Tract,41039001400,White,08/2023,0,0,0.75,
Census Tract,41039001400,White,09/2023,0,0,1.25,
Census Tract,41039001400,White,10/2023,0,0,1,
Census Tract,41039001400,White,11/2023,1,0.5,0.75,
Census Tract,41039001400,White,12/2023,0,0,0.75,
Census Tract,41039001400,White,01/2024,0,0,0.75,
Census Tract,41039001400,White,02/2024,0,0,0.25,
Census Tract,41039001400,White,03/2024,0,1,0.25,
Census Tract,41039001400,White,04/2024,0,0,0.5,
Census Tract,41039001400,White,05/2024,0,0.5,1,
Census Tract,41039001400,White,06/2024,0,0.5,0.5,
Census Tract,41039001400,White,07/2024,0,0,0.5,
Census Tract,41039001400,White,08/2024,0,0,0.75,
Census Tract,41039001400,White,09/2024,0,0,1.25,
Census Tract,41039001400,White,10/2024,0,0,1,
Census Tract,41039001400,White,11/2024,0,0.5,0.75,
Census Tract,41039001400,White,12/2024,0,0,0.75,
Census Tract,41039001400,White,01/2025,2,0,0.75,
Census Tract,41039001400,White,02/2025,0,0,0.25,
Census Tract,41039001400,White,03/2025,0,1,0.25,
Census Tract,41039001400,White,04/2025,0,0,0.5,
Census Tract,41039001400,White,05/2025,1,0.5,1,
Census Tract,41039001400,White,06/2025,0,0.5,0.5,
Census Tract,41039001400,White,07/2025,2,0,0.5,
Census Tract,41039001400,White,08/2025,0,0,0.75,
Census Tract,41039001400,White,09/2025,1,0,1.25,
Census Tract,41039001400,White,10/2025,2,0,1,
Census Tract,41039001400,White,11/2025,2,0.5,0.75,
Census Tract,41039001400,White,12/2025,0,0,0.75,
Census Tract,41039001400,White,01/2026,1,0,0.75,
Census Tract,41039001400,White,02/2026,0,0,0.25,
Census Tract,41039001400,White,03/2026,0,1,0.25,
Census Tract,41039001400,White,04/2026,0,0,0.5,
Census Tract,41039001400,White,05/2026,1,0.5,1,
Census Tract,41039001400,White,06/2026,2,0,0,2026-06-06
Census Tract,41039001500,White,01/2020,4,5,2,
Census Tract,41039001500,White,02/2020,1,2.5,1.25,
Census Tract,41039001500,White,03/2020,1,0.5,1.75,
Census Tract,41039001500,White,04/2020,0,2.5,2.25,
Census Tract,41039001500,White,05/2020,0,1.5,1.5,
Census Tract,41039001500,White,06/2020,0,0.5,2.75,
Census Tract,41039001500,White,07/2020,1,0.5,2.5,
Census Tract,41039001500,White,08/2020,0,0.5,2,
Census Tract,41039001500,White,09/2020,0,1,1.25,
Census Tract,41039001500,White,10/2020,2,1.5,2.25,
Census Tract,41039001500,White,11/2020,3,1.5,1,
Census Tract,41039001500,White,12/2020,0,3,1.75,
Census Tract,41039001500,White,01/2021,0,5,2,
Census Tract,41039001500,White,02/2021,1,2.5,1.25,
Census Tract,41039001500,White,03/2021,0,0.5,1.75,
Census Tract,41039001500,White,04/2021,1,2.5,2.25,
Census Tract,41039001500,White,05/2021,1,1.5,1.5,
Census Tract,41039001500,White,06/2021,1,0.5,2.75,
Census Tract,41039001500,White,07/2021,1,0.5,2.5,
Census Tract,41039001500,White,08/2021,0,0.5,2,
Census Tract,41039001500,White,09/2021,3,1,1.25,
Census Tract,41039001500,White,10/2021,1,1.5,2.25,
Census Tract,41039001500,White,11/2021,4,1.5,1,
Census Tract,41039001500,White,12/2021,0,3,1.75,
Census Tract,41039001500,White,01/2022,2,5,2,
Census Tract,41039001500,White,02/2022,2,2.5,1.25,
Census Tract,41039001500,White,03/2022,5,0.5,1.75,
Census Tract,41039001500,White,04/2022,4,2.5,2.25,
Census Tract,41039001500,White,05/2022,3,1.5,1.5,
Census Tract,41039001500,White,06/2022,5,0.5,2.75,
Census Tract,41039001500,White,07/2022,3,0.5,2.5,
Census Tract,41039001500,White,08/2022,2,0.5,2,
Census Tract,41039001500,White,09/2022,1,1,1.25,
Census Tract,41039001500,White,10/2022,1,1.5,2.25,
Census Tract,41039001500,White,11/2022,2,1.5,1,
Census Tract,41039001500,White,12/2022,1,3,1.75,
Census Tract,41039001500,White,01/2023,9,5,2,
Census Tract,41039001500,White,02/2023,3,2.5,1.25,
Census Tract,41039001500,White,03/2023,1,0.5,1.75,
Census Tract,41039001500,White,04/2023,2,2.5,2.25,
Census Tract,41039001500,White,05/2023,1,1.5,1.5,
Census Tract,41039001500,White,06/2023,0,0.5,2.75,
Census Tract,41039001500,White,07/2023,1,0.5,2.5,
Census Tract,41039001500,White,08/2023,1,0.5,2,
Census Tract,41039001500,White,09/2023,1,1,1.25,
Census Tract,41039001500,White,10/2023,0,1.5,2.25,
Census Tract,41039001500,White,11/2023,2,1.5,1,
Census Tract,41039001500,White,12/2023,3,3,1.75,
Census Tract,41039001500,White,01/2024,1,5,2,
Census Tract,41039001500,White,02/2024,2,2.5,1.25,
Census Tract,41039001500,White,03/2024,0,0.5,1.75,
Census Tract,41039001500,White,04/2024,3,2.5,2.25,
Census Tract,41039001500,White,05/2024,2,1.5,1.5,
Census Tract,41039001500,White,06/2024,1,0.5,2.75,
Census Tract,41039001500,White,07/2024,0,0.5,2.5,
Census Tract,41039001500,White,08/2024,0,0.5,2,
Census Tract,41039001500,White,09/2024,1,1,1.25,
Census Tract,41039001500,White,10/2024,3,1.5,2.25,
Census Tract,41039001500,White,11/2024,1,1.5,1,
Census Tract,41039001500,White,12/2024,3,3,1.75,
Census Tract,41039001500,White,01/2025,0,5,2,
Census Tract,41039001500,White,02/2025,3,2.5,1.25,
Census Tract,41039001500,White,03/2025,0,0.5,1.75,
Census Tract,41039001500,White,04/2025,2,2.5,2.25,
Census Tract,41039001500,White,05/2025,3,1.5,1.5,
Census Tract,41039001500,White,06/2025,1,0.5,2.75,
Census Tract,41039001500,White,07/2025,1,0.5,2.5,
Census Tract,41039001500,White,08/2025,1,0.5,2,
Census Tract,41039001500,White,09/2025,0,1,1.25,
Census Tract,41039001500,White,10/2025,0,1.5,2.25,
Census Tract,41039001500,White,11/2025,1,1.5,1,
Census Tract,41039001500,White,12/2025,0,3,1.75,
Census Tract,41039001500,White,01/2026,1,5,2,
Census Tract,41039001500,White,02/2026,3,2.5,1.25,
Census Tract,41039001500,White,03/2026,1,0.5,1.75,
Census Tract,41039001500,White,04/2026,0,2.5,2.25,
Census Tract,41039001500,White,05/2026,0,1.5,1.5,
Census Tract,41039001500,White,06/2026,0,0,0.25,2026-06-06
Census Tract,41039001600,White,01/2020,0,0.5,2,
Census Tract,41039001600,White,02/2020,1,1,1.5,
Census Tract,41039001600,White,03/2020,0,0.5,1.75,
Census Tract,41039001600,White,04/2020,0,0,0.75,
Census Tract,41039001600,White,05/2020,0,1,1.25,
Census Tract,41039001600,White,06/2020,0,0,1.25,
Census Tract,41039001600,White,07/2020,1,0.5,1.5,
Census Tract,41039001600,White,08/2020,0,1.5,0.5,
Census Tract,41039001600,White,09/2020,1,1,1.25,
Census Tract,41039001600,White,10/2020,0,0,1,
Census Tract,41039001600,White,11/2020,1,1,1,
Census Tract,41039001600,White,12/2020,0,0.5,0.25,
Census Tract,41039001600,White,01/2021,0,0.5,2,
Census Tract,41039001600,White,02/2021,1,1,1.25,
Census Tract,41039001600,White,03/2021,0,0.5,1.75,
Census Tract,41039001600,White,04/2021,0,0,0.75,
Census Tract,41039001600,White,05/2021,2,1,1.25,
Census Tract,41039001600,White,06/2021,0,0,1.25,
Census Tract,41039001600,White,07/2021,1,0.5,1.5,
Census Tract,41039001600,White,08/2021,1,1.5,0.5,
Census Tract,41039001600,White,09/2021,2,1,1.25,
Census Tract,41039001600,White,10/2021,3,0,1,
Census Tract,41039001600,White,11/2021,1,1,1,
Census Tract,41039001600,White,12/2021,1,0.5,0.25,
Census Tract,41039001600,White,01/2022,0,0.5,2,
Census Tract,41039001600,White,02/2022,0,1,1.25,
Census Tract,41039001600,White,03/2022,1,0.5,1.75,
Census Tract,41039001600,White,04/2022,3,0,0.75,
Census Tract,41039001600,White,05/2022,1,1,1.25,
Census Tract,41039001600,White,06/2022,0,0,1.25,
Census Tract,41039001600,White,07/2022,0,0.5,1.5,
Census Tract,41039001600,White,08/2022,0,1.5,0.5,
Census Tract,41039001600,White,09/2022,1,1,1.25,
Census Tract,41039001600,White,10/2022,0,0,1,
Census Tract,41039001600,White,11/2022,0,1,1,
Census Tract,41039001600,White,12/2022,1,0.5,0.25,
Census Tract,41039001600,White,01/2023,0,0.5,2,
Census Tract,41039001600,White,02/2023,1,1,1.25,
Census Tract,41039001600,White,03/2023,0,0.5,1.75,
Census Tract,41039001600,White,04/2023,0,0,0.75,
Census Tract,41039001600,White,05/2023,0,1,1.25,
Census Tract,41039001600,White,06/2023,0,0,1.25,
Census Tract,41039001600,White,07/2023,0,0.5,1.5,
Census Tract,41039001600,White,08/2023,1,1.5,0.5,
Census Tract,41039001600,White,09/2023,0,1,1.25,
Census Tract,41039001600,White,10/2023,0,0,1,
Census Tract,41039001600,White,11/2023,0,1,1,
Census Tract,41039001600,White,12/2023,0,0.5,0.25,
Census Tract,41039001600,White,01/2024,1,0.5,2,
Census Tract,41039001600,White,02/2024,1,1,1.5,
Census Tract,41039001600,White,03/2024,1,0.5,1.75,
Census Tract,41039001600,White,04/2024,0,0,0.75,
Census Tract,41039001600,White,05/2024,2,1,1.25,
Census Tract,41039001600,White,06/2024,0,0,1.25,
Census Tract,41039001600,White,07/2024,1,0.5,1.5,
Census Tract,41039001600,White,08/2024,2,1.5,0.5,
Census Tract,41039001600,White,09/2024,2,1,1.25,
Census Tract,41039001600,White,10/2024,0,0,1,
Census Tract,41039001600,White,11/2024,2,1,1,
Census Tract,41039001600,White,12/2024,1,0.5,0.25,
Census Tract,41039001600,White,01/2025,1,0.5,2,
Census Tract,41039001600,White,02/2025,0,1,1.25,
Census Tract,41039001600,White,03/2025,0,0.5,1.75,
Census Tract,41039001600,White,04/2025,0,0,0.75,
Census Tract,41039001600,White,05/2025,1,1,1.25,
Census Tract,41039001600,White,06/2025,2,0,1.25,
Census Tract,41039001600,White,07/2025,5,0.5,1.5,
Census Tract,41039001600,White,08/2025,0,1.5,0.5,
Census Tract,41039001600,White,09/2025,0,1,1.25,
Census Tract,41039001600,White,10/2025,0,0,1,
Census Tract,41039001600,White,11/2025,4,1,1,
Census Tract,41039001600,White,12/2025,0,0.5,0.25,
Census Tract,41039001600,White,01/2026,1,0.5,2,
Census Tract,41039001600,White,02/2026,0,1,1.25,
Census Tract,41039001600,White,03/2026,0,0.5,1.75,
Census Tract,41039001600,White,04/2026,3,0,0.75,
Census Tract,41039001600,White,05/2026,3,1,1.25,
Census Tract,41039001600,White,06/2026,0,0,0.5,2026-06-06
Census Tract,41039001700,White,01/2020,0,1,1.25,
Census Tract,41039001700,White,02/2020,0,1.5,1.5,
Census Tract,41039001700,White,03/2020,0,1.5,1.5,
Census Tract,41039001700,White,04/2020,0,0,0.75,
Census Tract,41039001700,White,05/2020,0,2,2.25,
Census Tract,41039001700,White,06/2020,0,0,1,
Census Tract,41039001700,White,07/2020,0,1,1,
Census Tract,41039001700,White,08/2020,0,1,0.75,
Census Tract,41039001700,White,09/2020,1,0,0.5,
Census Tract,41039001700,White,10/2020,0,0,1.5,
Census Tract,41039001700,White,11/2020,1,1,0.75,
Census Tract,41039001700,White,12/2020,0,2,0.25,
Census Tract,41039001700,White,01/2021,0,1,1.25,
Census Tract,41039001700,White,02/2021,0,1.5,1.5,
Census Tract,41039001700,White,03/2021,0,1.5,1.5,
Census Tract,41039001700,White,04/2021,0,0,0.75,
Census Tract,41039001700,White,05/2021,0,2,2.25,
Census Tract,41039001700,White,06/2021,0,0,1,
Census Tract,41039001700,White,07/2021,0,1,1,
Census Tract,41039001700,White,08/2021,0,1,0.75,
Census Tract,41039001700,White,09/2021,1,0,0.5,
Census Tract,41039001700,White,10/2021,0,0,1.5,
Census Tract,41039001700,White,11/2021,1,1,0.75,
Census Tract,41039001700,White,12/2021,0,2,0.25,
Census Tract,41039001700,White,01/2022,0,1,1.25,
Census Tract,41039001700,White,02/2022,1,1.5,1.5,
Census Tract,41039001700,White,03/2022,1,1.5,1.5,
Census Tract,41039001700,White,04/2022,1,0,0.75,
Census Tract,41039001700,White,05/2022,0,2,2.25,
Census Tract,41039001700,White,06/2022,1,0,1,
Census Tract,41039001700,White,07/2022,3,1,1,
Census Tract,41039001700,White,08/2022,8,1,0.75,
Census Tract,41039001700,White,09/2022,0,0,0.5,
Census Tract,41039001700,White,10/2022,3,0,1.5,
Census Tract,41039001700,White,11/2022,0,1,0.75,
Census Tract,41039001700,White,12/2022,6,2,0.25,
Census Tract,41039001700,White,01/2023,2,1,1.25,
Census Tract,41039001700,White,02/2023,3,1.5,1.5,
Census Tract,41039001700,White,03/2023,3,1.5,1.5,
Census Tract,41039001700,White,04/2023,0,0,0.75,
Census Tract,41039001700,White,05/2023,2,2,2.25,
Census Tract,41039001700,White,06/2023,0,0,1,
Census Tract,41039001700,White,07/2023,1,1,1,
Census Tract,41039001700,White,08/2023,1,1,0.75,
Census Tract,41039001700,White,09/2023,0,0,0.5,
Census Tract,41039001700,White,10/2023,0,0,1.5,
Census Tract,41039001700,White,11/2023,1,1,0.75,
Census Tract,41039001700,White,12/2023,2,2,0.25,
Census Tract,41039001700,White,01/2024,0,1,1.25,
Census Tract,41039001700,White,02/2024,0,1.5,1.5,
Census Tract,41039001700,White,03/2024,0,1.5,1.5,
Census Tract,41039001700,White,04/2024,0,0,0.75,
Census Tract,41039001700,White,05/2024,2,2,2.25,
Census Tract,41039001700,White,06/2024,0,0,1,
Census Tract,41039001700,White,07/2024,1,1,1,
Census Tract,41039001700,White,08/2024,1,1,0.75,
Census Tract,41039001700,White,09/2024,0,0,0.5,
Census Tract,41039001700,White,10/2024,0,0,1.5,
Census Tract,41039001700,White,11/2024,1,1,0.75,
Census Tract,41039001700,White,12/2024,2,2,0.25,
Census Tract,41039001700,White,01/2025,1,1,1.25,
Census Tract,41039001700,White,02/2025,1,1.5,1.5,
Census Tract,41039001700,White,03/2025,1,1.5,1.5,
Census Tract,41039001700,White,04/2025,1,0,0.75,
Census Tract,41039001700,White,05/2025,3,2,2.25,
Census Tract,41039001700,White,06/2025,0,0,1,
Census Tract,41039001700,White,07/2025,1,1,1,
Census Tract,41039001700,White,08/2025,0,1,0.75,
Census Tract,41039001700,White,09/2025,1,0,0.5,
Census Tract,41039001700,White,10/2025,1,0,1.5,
Census Tract,41039001700,White,11/2025,0,1,0.75,
Census Tract,41039001700,White,12/2025,1,2,0.25,
Census Tract,41039001700,White,01/2026,2,1,1.25,
Census Tract,41039001700,White,02/2026,1,1.5,1.5,
Census Tract,41039001700,White,03/2026,0,1.5,1.5,
Census Tract,41039001700,White,04/2026,1,0,0.75,
Census Tract,41039001700,White,05/2026,2,2,2.25,
Census Tract,41039001700,White,06/2026,0,0,0.25,2026-06-06
Census Tract,41039001801,White,01/2020,2,0.5,0.25,
Census Tract,41039001801,White,02/2020,2,1,0.75,
Census Tract,41039001801,White,03/2020,0,0.5,0.5,
Census Tract,41039001801,White,04/2020,0,2,0.75,
Census Tract,41039001801,White,05/2020,0,1,1.5,
Census Tract,41039001801,White,06/2020,0,0,1,
Census Tract,41039001801,White,07/2020,1,1.5,1,
Census Tract,41039001801,White,08/2020,0,0.5,1.25,
Census Tract,41039001801,White,09/2020,0,0.5,0.75,
Census Tract,41039001801,White,10/2020,0,0,1,
Census Tract,41039001801,White,11/2020,0,0,1.75,
Census Tract,41039001801,White,12/2020,0,0.5,1.25,
Census Tract,41039001801,White,01/2021,0,0.5,0.25,
Census Tract,41039001801,White,02/2021,0,1,0.75,
Census Tract,41039001801,White,03/2021,2,0.5,0.5,
Census Tract,41039001801,White,04/2021,1,2,0.75,
Census Tract,41039001801,White,05/2021,0,1,1.5,
Census Tract,41039001801,White,06/2021,0,0,1,
Census Tract,41039001801,White,07/2021,1,1.5,1,
Census Tract,41039001801,White,08/2021,0,0.5,1.25,
Census Tract,41039001801,White,09/2021,1,0.5,0.75,
Census Tract,41039001801,White,10/2021,2,0,1,
Census Tract,41039001801,White,11/2021,0,0,1.75,
Census Tract,41039001801,White,12/2021,2,0.5,1.25,
Census Tract,41039001801,White,01/2022,0,0.5,0.25,
Census Tract,41039001801,White,02/2022,1,1,0.75,
Census Tract,41039001801,White,03/2022,1,0.5,0.5,
Census Tract,41039001801,White,04/2022,0,2,0.75,
Census Tract,41039001801,White,05/2022,2,1,1.5,
Census Tract,41039001801,White,06/2022,2,0,1,
Census Tract,41039001801,White,07/2022,0,1.5,1,
Census Tract,41039001801,White,08/2022,0,0.5,1.25,
Census Tract,41039001801,White,09/2022,4,0.5,0.75,
Census Tract,41039001801,White,10/2022,0,0,1,
Census Tract,41039001801,White,11/2022,0,0,1.75,
Census Tract,41039001801,White,12/2022,2,0.5,1.25,
Census Tract,41039001801,White,01/2023,0,0.5,0.25,
Census Tract,41039001801,White,02/2023,2,1,0.75,
Census Tract,41039001801,White,03/2023,1,0.5,0.5,
Census Tract,41039001801,White,04/2023,2,2,0.75,
Census Tract,41039001801,White,05/2023,1,1,1.5,
Census Tract,41039001801,White,06/2023,0,0,1,
Census Tract,41039001801,White,07/2023,2,1.5,1,
Census Tract,41039001801,White,08/2023,1,0.5,1.25,
Census Tract,41039001801,White,09/2023,0,0.5,0.75,
Census Tract,41039001801,White,10/2023,0,0,1,
Census Tract,41039001801,White,11/2023,0,0,1.75,
Census Tract,41039001801,White,12/2023,0,0.5,1.25,
Census Tract,41039001801,White,01/2024,1,0.5,0.25,
Census Tract,41039001801,White,02/2024,0,1,0.75,
Census Tract,41039001801,White,03/2024,0,0.5,0.5,
Census Tract,41039001801,White,04/2024,2,2,0.75,
Census Tract,41039001801,White,05/2024,1,1,1.5,
Census Tract,41039001801,White,06/2024,0,0,1,
Census Tract,41039001801,White,07/2024,1,1.5,1,
Census Tract,41039001801,White,08/2024,0,0.5,1.25,
Census Tract,41039001801,White,09/2024,1,0.5,0.75,
Census Tract,41039001801,White,10/2024,0,0,1,
Census Tract,41039001801,White,11/2024,0,0,1.75,
Census Tract,41039001801,White,12/2024,1,0.5,1.25,
Census Tract,41039001801,White,01/2025,1,0.5,0.25,
Census Tract,41039001801,White,02/2025,0,1,0.75,
Census Tract,41039001801,White,03/2025,0,0.5,0.5,
Census Tract,41039001801,White,04/2025,3,2,0.75,
Census Tract,41039001801,White,05/2025,1,1,1.5,
Census Tract,41039001801,White,06/2025,0,0,1,
Census Tract,41039001801,White,07/2025,1,1.5,1,
Census Tract,41039001801,White,08/2025,3,0.5,1.25,
Census Tract,41039001801,White,09/2025,2,0.5,0.75,
Census Tract,41039001801,White,10/2025,1,0,1,
Census Tract,41039001801,White,11/2025,1,0,1.75,
Census Tract,41039001801,White,12/2025,3,0.5,1.25,
Census Tract,41039001801,White,01/2026,2,0.5,0.25,
Census Tract,41039001801,White,02/2026,3,1,0.75,
Census Tract,41039001801,White,03/2026,5,0.5,0.5,
Census Tract,41039001801,White,04/2026,2,2,0.75,
Census Tract,41039001801,White,05/2026,1,1,1.5,
Census Tract,41039001801,White,06/2026,0,0,0.5,2026-06-06
Census Tract,41039001803,White,01/2020,1,1,1.25,
Census Tract,41039001803,White,02/2020,1,0,1,
Census Tract,41039001803,White,03/2020,0,0.5,1.25,
Census Tract,41039001803,White,04/2020,0,0.5,1.25,
Census Tract,41039001803,White,05/2020,0,1.5,0.5,
Census Tract,41039001803,White,06/2020,0,1,1.25,
Census Tract,41039001803,White,07/2020,0,1,1.5,
Census Tract,41039001803,White,08/2020,0,1.5,0.5,
Census Tract,41039001803,White,09/2020,0,0.5,1.25,
Census Tract,41039001803,White,10/2020,0,1.5,2,
Census Tract,41039001803,White,11/2020,0,0.5,1,
Census Tract,41039001803,White,12/2020,0,0,1,
Census Tract,41039001803,White,01/2021,0,1,1.25,
Census Tract,41039001803,White,02/2021,1,0,1,
Census Tract,41039001803,White,03/2021,0,0.5,1.25,
Census Tract,41039001803,White,04/2021,2,0.5,1.25,
Census Tract,41039001803,White,05/2021,1,1.5,0.5,
Census Tract,41039001803,White,06/2021,2,1,1.25,
Census Tract,41039001803,White,07/2021,1,1,1.5,
Census Tract,41039001803,White,08/2021,0,1.5,0.5,
Census Tract,41039001803,White,09/2021,0,0.5,1.25,
Census Tract,41039001803,White,10/2021,1,1.5,2,
Census Tract,41039001803,White,11/2021,0,0.5,1,
Census Tract,41039001803,White,12/2021,0,0,1,
Census Tract,41039001803,White,01/2022,0,1,1.25,
Census Tract,41039001803,White,02/2022,0,0,1,
Census Tract,41039001803,White,03/2022,0,0.5,1.25,
Census Tract,41039001803,White,04/2022,0,0.5,1.25,
Census Tract,41039001803,White,05/2022,1,1.5,0.5,
Census Tract,41039001803,White,06/2022,0,1,1.25,
Census Tract,41039001803,White,07/2022,0,1,1.5,
Census Tract,41039001803,White,08/2022,3,1.5,0.5,
Census Tract,41039001803,White,09/2022,0,0.5,1.25,
Census Tract,41039001803,White,10/2022,1,1.5,2,
Census Tract,41039001803,White,11/2022,0,0.5,1,
Census Tract,41039001803,White,12/2022,0,0,1,
Census Tract,41039001803,White,01/2023,1,1,1.25,
Census Tract,41039001803,White,02/2023,0,0,1,
Census Tract,41039001803,White,03/2023,0,0.5,1.25,
Census Tract,41039001803,White,04/2023,1,0.5,1.25,
Census Tract,41039001803,White,05/2023,2,1.5,0.5,
Census Tract,41039001803,White,06/2023,0,1,1.25,
Census Tract,41039001803,White,07/2023,0,1,1.5,
Census Tract,41039001803,White,08/2023,1,1.5,0.5,
Census Tract,41039001803,White,09/2023,0,0.5,1.25,
Census Tract,41039001803,White,10/2023,1,1.5,2,
Census Tract,41039001803,White,11/2023,1,0.5,1,
Census Tract,41039001803,White,12/2023,0,0,1,
Census Tract,41039001803,White,01/2024,1,1,1.25,
Census Tract,41039001803,White,02/2024,0,0,1,
Census Tract,41039001803,White,03/2024,1,0.5,1.25,
Census Tract,41039001803,White,04/2024,0,0.5,1.25,
Census Tract,41039001803,White,05/2024,1,1.5,0.5,
Census Tract,41039001803,White,06/2024,2,1,1.25,
Census Tract,41039001803,White,07/2024,2,1,1.5,
Census Tract,41039001803,White,08/2024,2,1.5,0.5,
Census Tract,41039001803,White,09/2024,1,0.5,1.25,
Census Tract,41039001803,White,10/2024,2,1.5,2,
Census Tract,41039001803,White,11/2024,0,0.5,1,
Census Tract,41039001803,White,12/2024,0,0,1,
Census Tract,41039001803,White,01/2025,0,1,1.25,
Census Tract,41039001803,White,02/2025,1,0,1,
Census Tract,41039001803,White,03/2025,2,0.5,1.25,
Census Tract,41039001803,White,04/2025,1,0.5,1.25,
Census Tract,41039001803,White,05/2025,0,1.5,0.5,
Census Tract,41039001803,White,06/2025,0,1,1.25,
Census Tract,41039001803,White,07/2025,1,1,1.5,
Census Tract,41039001803,White,08/2025,0,1.5,0.5,
Census Tract,41039001803,White,09/2025,3,0.5,1.25,
Census Tract,41039001803,White,10/2025,3,1.5,2,
Census Tract,41039001803,White,11/2025,0,0.5,1,
Census Tract,41039001803,White,12/2025,2,0,1,
Census Tract,41039001803,White,01/2026,0,1,1.25,
Census Tract,41039001803,White,02/2026,2,0,1,
Census Tract,41039001803,White,03/2026,6,0.5,1.25,
Census Tract,41039001803,White,04/2026,4,0.5,1.25,
Census Tract,41039001803,White,05/2026,2,1.5,0.5,
Census Tract,41039001803,White,06/2026,1,0.5,0.25,2026-06-06
Census Tract,41039001804,White,01/2020,0,1,0.25,
Census Tract,41039001804,White,02/2020,0,0.5,1.5,
Census Tract,41039001804,White,03/2020,0,0.5,1,
Census Tract,41039001804,White,04/2020,0,0,0.75,
Census Tract,41039001804,White,05/2020,0,0,0.5,
Census Tract,41039001804,White,06/2020,0,0,1.5,
Census Tract,41039001804,White,07/2020,0,1,0.25,
Census Tract,41039001804,White,08/2020,0,0,1,
Census Tract,41039001804,White,09/2020,0,1,1.25,
Census Tract,41039001804,White,10/2020,0,0,0.5,
Census Tract,41039001804,White,11/2020,0,0,0.25,
Census Tract,41039001804,White,12/2020,0,0.5,0.5,
Census Tract,41039001804,White,01/2021,0,1,0.25,
Census Tract,41039001804,White,02/2021,0,0.5,1.25,
Census Tract,41039001804,White,03/2021,0,0.5,1,
Census Tract,41039001804,White,04/2021,1,0,0.75,
Census Tract,41039001804,White,05/2021,1,0,0.5,
Census Tract,41039001804,White,06/2021,0,0,1.5,
Census Tract,41039001804,White,07/2021,1,1,0.25,
Census Tract,41039001804,White,08/2021,1,0,1,
Census Tract,41039001804,White,09/2021,1,1,1.25,
Census Tract,41039001804,White,10/2021,1,0,0.5,
Census Tract,41039001804,White,11/2021,1,0,0.25,
Census Tract,41039001804,White,12/2021,1,0.5,0.5,
Census Tract,41039001804,White,01/2022,0,1,0.25,
Census Tract,41039001804,White,02/2022,0,0.5,1.25,
Census Tract,41039001804,White,03/2022,1,0.5,1,
Census Tract,41039001804,White,04/2022,0,0,0.75,
Census Tract,41039001804,White,05/2022,1,0,0.5,
Census Tract,41039001804,White,06/2022,1,0,1.5,
Census Tract,41039001804,White,07/2022,0,1,0.25,
Census Tract,41039001804,White,08/2022,1,0,1,
Census Tract,41039001804,White,09/2022,0,1,1.25,
Census Tract,41039001804,White,10/2022,1,0,0.5,
Census Tract,41039001804,White,11/2022,0,0,0.25,
Census Tract,41039001804,White,12/2022,1,0.5,0.5,
Census Tract,41039001804,White,01/2023,2,1,0.25,
Census Tract,41039001804,White,02/2023,0,0.5,1.25,
Census Tract,41039001804,White,03/2023,0,0.5,1,
Census Tract,41039001804,White,04/2023,0,0,0.75,
Census Tract,41039001804,White,05/2023,0,0,0.5,
Census Tract,41039001804,White,06/2023,0,0,1.5,
Census Tract,41039001804,White,07/2023,2,1,0.25,
Census Tract,41039001804,White,08/2023,0,0,1,
Census Tract,41039001804,White,09/2023,1,1,1.25,
Census Tract,41039001804,White,10/2023,0,0,0.5,
Census Tract,41039001804,White,11/2023,0,0,0.25,
Census Tract,41039001804,White,12/2023,1,0.5,0.5,
Census Tract,41039001804,White,01/2024,0,1,0.25,
Census Tract,41039001804,White,02/2024,1,0.5,1.5,
Census Tract,41039001804,White,03/2024,1,0.5,1,
Census Tract,41039001804,White,04/2024,0,0,0.75,
Census Tract,41039001804,White,05/2024,0,0,0.5,
Census Tract,41039001804,White,06/2024,0,0,1.5,
Census Tract,41039001804,White,07/2024,0,1,0.25,
Census Tract,41039001804,White,08/2024,0,0,1,
Census Tract,41039001804,White,09/2024,1,1,1.25,
Census Tract,41039001804,White,10/2024,0,0,0.5,
Census Tract,41039001804,White,11/2024,0,0,0.25,
Census Tract,41039001804,White,12/2024,0,0.5,0.5,
Census Tract,41039001804,White,01/2025,0,1,0.25,
Census Tract,41039001804,White,02/2025,1,0.5,1.25,
Census Tract,41039001804,White,03/2025,0,0.5,1,
Census Tract,41039001804,White,04/2025,1,0,0.75,
Census Tract,41039001804,White,05/2025,0,0,0.5,
Census Tract,41039001804,White,06/2025,0,0,1.5,
Census Tract,41039001804,White,07/2025,0,1,0.25,
Census Tract,41039001804,White,08/2025,1,0,1,
Census Tract,41039001804,White,09/2025,3,1,1.25,
Census Tract,41039001804,White,10/2025,1,0,0.5,
Census Tract,41039001804,White,11/2025,1,0,0.25,
Census Tract,41039001804,White,12/2025,1,0.5,0.5,
Census Tract,41039001804,White,01/2026,1,1,0.25,
Census Tract,41039001804,White,02/2026,0,0.5,1.25,
Census Tract,41039001804,White,03/2026,1,0.5,1,
Census Tract,41039001804,White,04/2026,1,0,0.75,
Census Tract,41039001804,White,05/2026,0,0,0.5,
Census Tract,41039001804,White,06/2026,0,0,0.5,2026-06-06
Census Tract,41039001902,White,01/2020,5,10.5,5.75,
Census Tract,41039001902,White,02/2020,8,3.5,3,
Census Tract,41039001902,White,03/2020,1,1,4.75,
Census Tract,41039001902,White,04/2020,0,3,4.5,
Census Tract,41039001902,White,05/2020,0,7,4.5,
Census Tract,41039001902,White,06/2020,1,3.5,6.5,
Census Tract,41039001902,White,07/2020,1,5,5.25,
Census Tract,41039001902,White,08/2020,1,9,3.25,
Census Tract,41039001902,White,09/2020,1,3,6,
Census Tract,41039001902,White,10/2020,0,8.5,4.25,
Census Tract,41039001902,White,11/2020,0,3,3.5,
Census Tract,41039001902,White,12/2020,1,5.5,4,
Census Tract,41039001902,White,01/2021,0,10.5,5.75,
Census Tract,41039001902,White,02/2021,0,3.5,3,
Census Tract,41039001902,White,03/2021,1,1,4.75,
Census Tract,41039001902,White,04/2021,2,3,4.5,
Census Tract,41039001902,White,05/2021,0,7,4.5,
Census Tract,41039001902,White,06/2021,2,3.5,6.5,
Census Tract,41039001902,White,07/2021,0,5,5.25,
Census Tract,41039001902,White,08/2021,3,9,3.25,
Census Tract,41039001902,White,09/2021,0,3,6,
Census Tract,41039001902,White,10/2021,3,8.5,4.25,
Census Tract,41039001902,White,11/2021,3,3,3.5,
Census Tract,41039001902,White,12/2021,1,5.5,4,
Census Tract,41039001902,White,01/2022,2,10.5,5.75,
Census Tract,41039001902,White,02/2022,3,3.5,3,
Census Tract,41039001902,White,03/2022,2,1,4.75,
Census Tract,41039001902,White,04/2022,7,3,4.5,
Census Tract,41039001902,White,05/2022,6,7,4.5,
Census Tract,41039001902,White,06/2022,3,3.5,6.5,
Census Tract,41039001902,White,07/2022,3,5,5.25,
Census Tract,41039001902,White,08/2022,3,9,3.25,
Census Tract,41039001902,White,09/2022,7,3,6,
Census Tract,41039001902,White,10/2022,4,8.5,4.25,
Census Tract,41039001902,White,11/2022,4,3,3.5,
Census Tract,41039001902,White,12/2022,5,5.5,4,
Census Tract,41039001902,White,01/2023,8,10.5,5.75,
Census Tract,41039001902,White,02/2023,4,3.5,3,
Census Tract,41039001902,White,03/2023,1,1,4.75,
Census Tract,41039001902,White,04/2023,3,3,4.5,
Census Tract,41039001902,White,05/2023,1,7,4.5,
Census Tract,41039001902,White,06/2023,3,3.5,6.5,
Census Tract,41039001902,White,07/2023,4,5,5.25,
Census Tract,41039001902,White,08/2023,10,9,3.25,
Census Tract,41039001902,White,09/2023,5,3,6,
Census Tract,41039001902,White,10/2023,5,8.5,4.25,
Census Tract,41039001902,White,11/2023,3,3,3.5,
Census Tract,41039001902,White,12/2023,4,5.5,4,
Census Tract,41039001902,White,01/2024,13,10.5,5.75,
Census Tract,41039001902,White,02/2024,3,3.5,3,
Census Tract,41039001902,White,03/2024,1,1,4.75,
Census Tract,41039001902,White,04/2024,3,3,4.5,
Census Tract,41039001902,White,05/2024,13,7,4.5,
Census Tract,41039001902,White,06/2024,4,3.5,6.5,
Census Tract,41039001902,White,07/2024,6,5,5.25,
Census Tract,41039001902,White,08/2024,8,9,3.25,
Census Tract,41039001902,White,09/2024,1,3,6,
Census Tract,41039001902,White,10/2024,12,8.5,4.25,
Census Tract,41039001902,White,11/2024,3,3,3.5,
Census Tract,41039001902,White,12/2024,7,5.5,4,
Census Tract,41039001902,White,01/2025,13,10.5,5.75,
Census Tract,41039001902,White,02/2025,11,3.5,3,
Census Tract,41039001902,White,03/2025,4,1,4.75,
Census Tract,41039001902,White,04/2025,8,3,4.5,
Census Tract,41039001902,White,05/2025,8,7,4.5,
Census Tract,41039001902,White,06/2025,4,3.5,6.5,
Census Tract,41039001902,White,07/2025,13,5,5.25,
Census Tract,41039001902,White,08/2025,10,9,3.25,
Census Tract,41039001902,White,09/2025,9,3,6,
Census Tract,41039001902,White,10/2025,5,8.5,4.25,
Census Tract,41039001902,White,11/2025,7,3,3.5,
Census Tract,41039001902,White,12/2025,5,5.5,4,
Census Tract,41039001902,White,01/2026,10,10.5,5.75,
Census Tract,41039001902,White,02/2026,8,3.5,3,
Census Tract,41039001902,White,03/2026,6,1,4.75,
Census Tract,41039001902,White,04/2026,5,3,4.5,
Census Tract,41039001902,White,05/2026,5,7,4.5,
Census Tract,41039001902,White,06/2026,0,1.5,0.5,2026-06-06
Census Tract,41039001903,White,01/2020,1,3,3.75,
Census Tract,41039001903,White,02/2020,2,2,1.75,
Census Tract,41039001903,White,03/2020,1,1.5,3,
Census Tract,41039001903,White,04/2020,0,1.5,0.25,
Census Tract,41039001903,White,05/2020,0,2,3.25,
Census Tract,41039001903,White,06/2020,0,1,1.75,
Census Tract,41039001903,White,07/2020,0,3,3.75,
Census Tract,41039001903,White,08/2020,0,2.5,1.5,
Census Tract,41039001903,White,09/2020,0,2.5,1.75,
Census Tract,41039001903,White,10/2020,0,4,3,
Census Tract,41039001903,White,11/2020,0,1.5,2.75,
Census Tract,41039001903,White,12/2020,0,3,2.25,
Census Tract,41039001903,White,01/2021,0,3,3.75,
Census Tract,41039001903,White,02/2021,0,2,1.75,
Census Tract,41039001903,White,03/2021,1,1.5,3,
Census Tract,41039001903,White,04/2021,2,1.5,0.25,
Census Tract,41039001903,White,05/2021,0,2,3.25,
Census Tract,41039001903,White,06/2021,0,1,1.75,
Census Tract,41039001903,White,07/2021,0,3,3.75,
Census Tract,41039001903,White,08/2021,0,2.5,1.5,
Census Tract,41039001903,White,09/2021,0,2.5,1.75,
Census Tract,41039001903,White,10/2021,0,4,3,
Census Tract,41039001903,White,11/2021,3,1.5,2.75,
Census Tract,41039001903,White,12/2021,1,3,2.25,
Census Tract,41039001903,White,01/2022,2,3,3.75,
Census Tract,41039001903,White,02/2022,2,2,1.75,
Census Tract,41039001903,White,03/2022,0,1.5,3,
Census Tract,41039001903,White,04/2022,5,1.5,0.25,
Census Tract,41039001903,White,05/2022,2,2,3.25,
Census Tract,41039001903,White,06/2022,1,1,1.75,
Census Tract,41039001903,White,07/2022,1,3,3.75,
Census Tract,41039001903,White,08/2022,0,2.5,1.5,
Census Tract,41039001903,White,09/2022,2,2.5,1.75,
Census Tract,41039001903,White,10/2022,4,4,3,
Census Tract,41039001903,White,11/2022,2,1.5,2.75,
Census Tract,41039001903,White,12/2022,1,3,2.25,
Census Tract,41039001903,White,01/2023,4,3,3.75,
Census Tract,41039001903,White,02/2023,1,2,1.75,
Census Tract,41039001903,White,03/2023,0,1.5,3,
Census Tract,41039001903,White,04/2023,1,1.5,0.25,
Census Tract,41039001903,White,05/2023,1,2,3.25,
Census Tract,41039001903,White,06/2023,1,1,1.75,
Census Tract,41039001903,White,07/2023,3,3,3.75,
Census Tract,41039001903,White,08/2023,4,2.5,1.5,
Census Tract,41039001903,White,09/2023,2,2.5,1.75,
Census Tract,41039001903,White,10/2023,2,4,3,
Census Tract,41039001903,White,11/2023,1,1.5,2.75,
Census Tract,41039001903,White,12/2023,5,3,2.25,
Census Tract,41039001903,White,01/2024,2,3,3.75,
Census Tract,41039001903,White,02/2024,3,2,1.75,
Census Tract,41039001903,White,03/2024,3,1.5,3,
Census Tract,41039001903,White,04/2024,2,1.5,0.25,
Census Tract,41039001903,White,05/2024,3,2,3.25,
Census Tract,41039001903,White,06/2024,1,1,1.75,
Census Tract,41039001903,White,07/2024,3,3,3.75,
Census Tract,41039001903,White,08/2024,1,2.5,1.5,
Census Tract,41039001903,White,09/2024,3,2.5,1.75,
Census Tract,41039001903,White,10/2024,6,4,3,
Census Tract,41039001903,White,11/2024,2,1.5,2.75,
Census Tract,41039001903,White,12/2024,1,3,2.25,
Census Tract,41039001903,White,01/2025,0,3,3.75,
Census Tract,41039001903,White,02/2025,8,2,1.75,
Census Tract,41039001903,White,03/2025,4,1.5,3,
Census Tract,41039001903,White,04/2025,6,1.5,0.25,
Census Tract,41039001903,White,05/2025,4,2,3.25,
Census Tract,41039001903,White,06/2025,2,1,1.75,
Census Tract,41039001903,White,07/2025,5,3,3.75,
Census Tract,41039001903,White,08/2025,4,2.5,1.5,
Census Tract,41039001903,White,09/2025,2,2.5,1.75,
Census Tract,41039001903,White,10/2025,3,4,3,
Census Tract,41039001903,White,11/2025,2,1.5,2.75,
Census Tract,41039001903,White,12/2025,2,3,2.25,
Census Tract,41039001903,White,01/2026,0,3,3.75,
Census Tract,41039001903,White,02/2026,2,2,1.75,
Census Tract,41039001903,White,03/2026,1,1.5,3,
Census Tract,41039001903,White,04/2026,0,1.5,0.25,
Census Tract,41039001903,White,05/2026,3,2,3.25,
Census Tract,41039001903,White,06/2026,1,0.5,0,2026-06-06
Census Tract,41039001904,White,01/2020,6,5,2.25,
Census Tract,41039001904,White,02/2020,2,2.5,1.5,
Census Tract,41039001904,White,03/2020,0,1.5,1.75,
Census Tract,41039001904,White,04/2020,0,3.5,1.25,
Census Tract,41039001904,White,05/2020,0,1,2,
Census Tract,41039001904,White,06/2020,0,3.5,1.25,
Census Tract,41039001904,White,07/2020,0,3.5,3,
Census Tract,41039001904,White,08/2020,0,4,4.5,
Census Tract,41039001904,White,09/2020,1,4,2,
Census Tract,41039001904,White,10/2020,2,5,1.75,
Census Tract,41039001904,White,11/2020,0,0.5,1.5,
Census Tract,41039001904,White,12/2020,0,3.5,2,
Census Tract,41039001904,White,01/2021,0,5,2.25,
Census Tract,41039001904,White,02/2021,0,1.5,1.5,
Census Tract,41039001904,White,03/2021,1,1.5,1.75,
Census Tract,41039001904,White,04/2021,0,3.5,1.25,
Census Tract,41039001904,White,05/2021,1,1,2,
Census Tract,41039001904,White,06/2021,0,3.5,1.25,
Census Tract,41039001904,White,07/2021,0,3.5,3,
Census Tract,41039001904,White,08/2021,3,4,4.5,
Census Tract,41039001904,White,09/2021,1,4,2,
Census Tract,41039001904,White,10/2021,0,5,1.75,
Census Tract,41039001904,White,11/2021,1,0.5,1.5,
Census Tract,41039001904,White,12/2021,0,3.5,2,
Census Tract,41039001904,White,01/2022,2,5,2.25,
Census Tract,41039001904,White,02/2022,1,1.5,1.5,
Census Tract,41039001904,White,03/2022,1,1.5,1.75,
Census Tract,41039001904,White,04/2022,3,3.5,1.25,
Census Tract,41039001904,White,05/2022,1,1,2,
Census Tract,41039001904,White,06/2022,0,3.5,1.25,
Census Tract,41039001904,White,07/2022,2,3.5,3,
Census Tract,41039001904,White,08/2022,0,4,4.5,
Census Tract,41039001904,White,09/2022,0,4,2,
Census Tract,41039001904,White,10/2022,2,5,1.75,
Census Tract,41039001904,White,11/2022,5,0.5,1.5,
Census Tract,41039001904,White,12/2022,2,3.5,2,
Census Tract,41039001904,White,01/2023,6,5,2.25,
Census Tract,41039001904,White,02/2023,0,1.5,1.5,
Census Tract,41039001904,White,03/2023,2,1.5,1.75,
Census Tract,41039001904,White,04/2023,3,3.5,1.25,
Census Tract,41039001904,White,05/2023,1,1,2,
Census Tract,41039001904,White,06/2023,2,3.5,1.25,
Census Tract,41039001904,White,07/2023,5,3.5,3,
Census Tract,41039001904,White,08/2023,6,4,4.5,
Census Tract,41039001904,White,09/2023,5,4,2,
Census Tract,41039001904,White,10/2023,3,5,1.75,
Census Tract,41039001904,White,11/2023,0,0.5,1.5,
Census Tract,41039001904,White,12/2023,3,3.5,2,
Census Tract,41039001904,White,01/2024,4,5,2.25,
Census Tract,41039001904,White,02/2024,5,2.5,1.5,
Census Tract,41039001904,White,03/2024,1,1.5,1.75,
Census Tract,41039001904,White,04/2024,4,3.5,1.25,
Census Tract,41039001904,White,05/2024,1,1,2,
Census Tract,41039001904,White,06/2024,5,3.5,1.25,
Census Tract,41039001904,White,07/2024,2,3.5,3,
Census Tract,41039001904,White,08/2024,2,4,4.5,
Census Tract,41039001904,White,09/2024,3,4,2,
Census Tract,41039001904,White,10/2024,7,5,1.75,
Census Tract,41039001904,White,11/2024,1,0.5,1.5,
Census Tract,41039001904,White,12/2024,4,3.5,2,
Census Tract,41039001904,White,01/2025,5,5,2.25,
Census Tract,41039001904,White,02/2025,5,1.5,1.5,
Census Tract,41039001904,White,03/2025,2,1.5,1.75,
Census Tract,41039001904,White,04/2025,3,3.5,1.25,
Census Tract,41039001904,White,05/2025,4,1,2,
Census Tract,41039001904,White,06/2025,5,3.5,1.25,
Census Tract,41039001904,White,07/2025,3,3.5,3,
Census Tract,41039001904,White,08/2025,5,4,4.5,
Census Tract,41039001904,White,09/2025,3,4,2,
Census Tract,41039001904,White,10/2025,3,5,1.75,
Census Tract,41039001904,White,11/2025,4,0.5,1.5,
Census Tract,41039001904,White,12/2025,7,3.5,2,
Census Tract,41039001904,White,01/2026,4,5,2.25,
Census Tract,41039001904,White,02/2026,7,1.5,1.5,
Census Tract,41039001904,White,03/2026,6,1.5,1.75,
Census Tract,41039001904,White,04/2026,5,3.5,1.25,
Census Tract,41039001904,White,05/2026,7,1,2,
Census Tract,41039001904,White,06/2026,1,1.5,0,2026-06-06
Census Tract,41039002001,White,01/2020,2,1,0.25,
Census Tract,41039002001,White,02/2020,0,0.5,0.75,
Census Tract,41039002001,White,03/2020,1,0,0.5,
Census Tract,41039002001,White,04/2020,0,0.5,0.25,
Census Tract,41039002001,White,05/2020,0,2,1,
Census Tract,41039002001,White,06/2020,0,1,0,
Census Tract,41039002001,White,07/2020,0,1.5,0.5,
Census Tract,41039002001,White,08/2020,0,0,0.5,
Census Tract,41039002001,White,09/2020,0,0.5,0.5,
Census Tract,41039002001,White,10/2020,2,3.5,1,
Census Tract,41039002001,White,11/2020,0,1,0,
Census Tract,41039002001,White,12/2020,0,1.5,0.5,
Census Tract,41039002001,White,01/2021,0,1,0.25,
Census Tract,41039002001,White,02/2021,3,0.5,0.75,
Census Tract,41039002001,White,03/2021,0,0,0.5,
Census Tract,41039002001,White,04/2021,0,0.5,0.25,
Census Tract,41039002001,White,05/2021,0,2,1,
Census Tract,41039002001,White,06/2021,0,1,0,
Census Tract,41039002001,White,07/2021,0,1.5,0.5,
Census Tract,41039002001,White,08/2021,2,0,0.5,
Census Tract,41039002001,White,09/2021,1,0.5,0.5,
Census Tract,41039002001,White,10/2021,0,3.5,1,
Census Tract,41039002001,White,11/2021,1,1,0,
Census Tract,41039002001,White,12/2021,0,1.5,0.5,
Census Tract,41039002001,White,01/2022,0,1,0.25,
Census Tract,41039002001,White,02/2022,0,0.5,0.75,
Census Tract,41039002001,White,03/2022,0,0,0.5,
Census Tract,41039002001,White,04/2022,0,0.5,0.25,
Census Tract,41039002001,White,05/2022,0,2,1,
Census Tract,41039002001,White,06/2022,1,1,0,
Census Tract,41039002001,White,07/2022,3,1.5,0.5,
Census Tract,41039002001,White,08/2022,0,0,0.5,
Census Tract,41039002001,White,09/2022,0,0.5,0.5,
Census Tract,41039002001,White,10/2022,1,3.5,1,
Census Tract,41039002001,White,11/2022,0,1,0,
Census Tract,41039002001,White,12/2022,0,1.5,0.5,
Census Tract,41039002001,White,01/2023,0,1,0.25,
Census Tract,41039002001,White,02/2023,0,0.5,0.75,
Census Tract,41039002001,White,03/2023,0,0,0.5,
Census Tract,41039002001,White,04/2023,0,0.5,0.25,
Census Tract,41039002001,White,05/2023,3,2,1,
Census Tract,41039002001,White,06/2023,1,1,0,
Census Tract,41039002001,White,07/2023,2,1.5,0.5,
Census Tract,41039002001,White,08/2023,0,0,0.5,
Census Tract,41039002001,White,09/2023,1,0.5,0.5,
Census Tract,41039002001,White,10/2023,1,3.5,1,
Census Tract,41039002001,White,11/2023,1,1,0,
Census Tract,41039002001,White,12/2023,2,1.5,0.5,
Census Tract,41039002001,White,01/2024,2,1,0.25,
Census Tract,41039002001,White,02/2024,1,0.5,0.75,
Census Tract,41039002001,White,03/2024,0,0,0.5,
Census Tract,41039002001,White,04/2024,1,0.5,0.25,
Census Tract,41039002001,White,05/2024,1,2,1,
Census Tract,41039002001,White,06/2024,1,1,0,
Census Tract,41039002001,White,07/2024,1,1.5,0.5,
Census Tract,41039002001,White,08/2024,0,0,0.5,
Census Tract,41039002001,White,09/2024,0,0.5,0.5,
Census Tract,41039002001,White,10/2024,6,3.5,1,
Census Tract,41039002001,White,11/2024,1,1,0,
Census Tract,41039002001,White,12/2024,1,1.5,0.5,
Census Tract,41039002001,White,01/2025,1,1,0.25,
Census Tract,41039002001,White,02/2025,1,0.5,0.75,
Census Tract,41039002001,White,03/2025,3,0,0.5,
Census Tract,41039002001,White,04/2025,3,0.5,0.25,
Census Tract,41039002001,White,05/2025,3,2,1,
Census Tract,41039002001,White,06/2025,3,1,0,
Census Tract,41039002001,White,07/2025,6,1.5,0.5,
Census Tract,41039002001,White,08/2025,2,0,0.5,
Census Tract,41039002001,White,09/2025,0,0.5,0.5,
Census Tract,41039002001,White,10/2025,0,3.5,1,
Census Tract,41039002001,White,11/2025,2,1,0,
Census Tract,41039002001,White,12/2025,1,1.5,0.5,
Census Tract,41039002001,White,01/2026,2,1,0.25,
Census Tract,41039002001,White,02/2026,4,0.5,0.75,
Census Tract,41039002001,White,03/2026,4,0,0.5,
Census Tract,41039002001,White,04/2026,0,0.5,0.25,
Census Tract,41039002001,White,05/2026,1,2,1,
Census Tract,41039002001,White,06/2026,0,0.5,0,2026-06-06
Census Tract,41039002002,White,01/2020,4,6,2,
Census Tract,41039002002,White,02/2020,0,5,0.5,
Census Tract,41039002002,White,03/2020,0,4,2,
Census Tract,41039002002,White,04/2020,0,4,2.5,
Census Tract,41039002002,White,05/2020,0,6,2.75,
Census Tract,41039002002,White,06/2020,0,2.5,2.5,
Census Tract,41039002002,White,07/2020,0,5,2,
Census Tract,41039002002,White,08/2020,0,5,2,
Census Tract,41039002002,White,09/2020,0,2.5,2.75,
Census Tract,41039002002,White,10/2020,1,5,2.5,
Census Tract,41039002002,White,11/2020,0,6.5,3.5,
Census Tract,41039002002,White,12/2020,1,4,0.75,
Census Tract,41039002002,White,01/2021,0,6,2,
Census Tract,41039002002,White,02/2021,1,5,0.5,
Census Tract,41039002002,White,03/2021,0,4,2,
Census Tract,41039002002,White,04/2021,1,4,2.5,
Census Tract,41039002002,White,05/2021,1,6,2.75,
Census Tract,41039002002,White,06/2021,0,2.5,2.5,
Census Tract,41039002002,White,07/2021,1,5,2,
Census Tract,41039002002,White,08/2021,0,5,2,
Census Tract,41039002002,White,09/2021,1,2.5,2.75,
Census Tract,41039002002,White,10/2021,0,5,2.5,
Census Tract,41039002002,White,11/2021,2,6.5,3.5,
Census Tract,41039002002,White,12/2021,1,4,0.75,
Census Tract,41039002002,White,01/2022,0,6,2,
Census Tract,41039002002,White,02/2022,1,5,0.5,
Census Tract,41039002002,White,03/2022,0,4,2,
Census Tract,41039002002,White,04/2022,1,4,2.5,
Census Tract,41039002002,White,05/2022,2,6,2.75,
Census Tract,41039002002,White,06/2022,1,2.5,2.5,
Census Tract,41039002002,White,07/2022,2,5,2,
Census Tract,41039002002,White,08/2022,1,5,2,
Census Tract,41039002002,White,09/2022,2,2.5,2.75,
Census Tract,41039002002,White,10/2022,4,5,2.5,
Census Tract,41039002002,White,11/2022,5,6.5,3.5,
Census Tract,41039002002,White,12/2022,3,4,0.75,
Census Tract,41039002002,White,01/2023,5,6,2,
Census Tract,41039002002,White,02/2023,3,5,0.5,
Census Tract,41039002002,White,03/2023,4,4,2,
Census Tract,41039002002,White,04/2023,3,4,2.5,
Census Tract,41039002002,White,05/2023,6,6,2.75,
Census Tract,41039002002,White,06/2023,1,2.5,2.5,
Census Tract,41039002002,White,07/2023,4,5,2,
Census Tract,41039002002,White,08/2023,4,5,2,
Census Tract,41039002002,White,09/2023,2,2.5,2.75,
Census Tract,41039002002,White,10/2023,2,5,2.5,
Census Tract,41039002002,White,11/2023,9,6.5,3.5,
Census Tract,41039002002,White,12/2023,5,4,0.75,
Census Tract,41039002002,White,01/2024,7,6,2,
Census Tract,41039002002,White,02/2024,7,5,0.5,
Census Tract,41039002002,White,03/2024,4,4,2,
Census Tract,41039002002,White,04/2024,5,4,2.5,
Census Tract,41039002002,White,05/2024,6,6,2.75,
Census Tract,41039002002,White,06/2024,4,2.5,2.5,
Census Tract,41039002002,White,07/2024,6,5,2,
Census Tract,41039002002,White,08/2024,6,5,2,
Census Tract,41039002002,White,09/2024,3,2.5,2.75,
Census Tract,41039002002,White,10/2024,8,5,2.5,
Census Tract,41039002002,White,11/2024,4,6.5,3.5,
Census Tract,41039002002,White,12/2024,3,4,0.75,
Census Tract,41039002002,White,01/2025,1,6,2,
Census Tract,41039002002,White,02/2025,3,5,0.5,
Census Tract,41039002002,White,03/2025,2,4,2,
Census Tract,41039002002,White,04/2025,7,4,2.5,
Census Tract,41039002002,White,05/2025,3,6,2.75,
Census Tract,41039002002,White,06/2025,5,2.5,2.5,
Census Tract,41039002002,White,07/2025,4,5,2,
Census Tract,41039002002,White,08/2025,8,5,2,
Census Tract,41039002002,White,09/2025,6,2.5,2.75,
Census Tract,41039002002,White,10/2025,4,5,2.5,
Census Tract,41039002002,White,11/2025,0,6.5,3.5,
Census Tract,41039002002,White,12/2025,7,4,0.75,
Census Tract,41039002002,White,01/2026,2,6,2,
Census Tract,41039002002,White,02/2026,4,5,0.5,
Census Tract,41039002002,White,03/2026,0,4,2,
Census Tract,41039002002,White,04/2026,9,4,2.5,
Census Tract,41039002002,White,05/2026,2,6,2.75,
Census Tract,41039002002,White,06/2026,0,0.5,0.5,2026-06-06
Census Tract,41039002101,White,01/2020,0,1.5,2.75,
Census Tract,41039002101,White,02/2020,3,2,2,
Census Tract,41039002101,White,03/2020,0,2,1,
Census Tract,41039002101,White,04/2020,1,0.5,1,
Census Tract,41039002101,White,05/2020,0,4.5,2,
Census Tract,41039002101,White,06/2020,0,0.5,3.5,
Census Tract,41039002101,White,07/2020,1,1.5,2.25,
Census Tract,41039002101,White,08/2020,1,3.5,2.25,
Census Tract,41039002101,White,09/2020,0,1,3,
Census Tract,41039002101,White,10/2020,1,2.5,3.5,
Census Tract,41039002101,White,11/2020,0,3,3.25,
Census Tract,41039002101,White,12/2020,0,3.5,2.5,
Census Tract,41039002101,White,01/2021,0,1.5,2.75,
Census Tract,41039002101,White,02/2021,0,2,2,
Census Tract,41039002101,White,03/2021,0,2,1,
Census Tract,41039002101,White,04/2021,0,0.5,1,
Census Tract,41039002101,White,05/2021,0,4.5,2,
Census Tract,41039002101,White,06/2021,0,0.5,3.5,
Census Tract,41039002101,White,07/2021,0,1.5,2.25,
Census Tract,41039002101,White,08/2021,2,3.5,2.25,
Census Tract,41039002101,White,09/2021,3,1,3,
Census Tract,41039002101,White,10/2021,2,2.5,3.5,
Census Tract,41039002101,White,11/2021,0,3,3.25,
Census Tract,41039002101,White,12/2021,2,3.5,2.5,
Census Tract,41039002101,White,01/2022,1,1.5,2.75,
Census Tract,41039002101,White,02/2022,0,2,2,
Census Tract,41039002101,White,03/2022,1,2,1,
Census Tract,41039002101,White,04/2022,4,0.5,1,
Census Tract,41039002101,White,05/2022,1,4.5,2,
Census Tract,41039002101,White,06/2022,0,0.5,3.5,
Census Tract,41039002101,White,07/2022,0,1.5,2.25,
Census Tract,41039002101,White,08/2022,1,3.5,2.25,
Census Tract,41039002101,White,09/2022,2,1,3,
Census Tract,41039002101,White,10/2022,1,2.5,3.5,
Census Tract,41039002101,White,11/2022,2,3,3.25,
Census Tract,41039002101,White,12/2022,5,3.5,2.5,
Census Tract,41039002101,White,01/2023,1,1.5,2.75,
Census Tract,41039002101,White,02/2023,4,2,2,
Census Tract,41039002101,White,03/2023,1,2,1,
Census Tract,41039002101,White,04/2023,0,0.5,1,
Census Tract,41039002101,White,05/2023,5,4.5,2,
Census Tract,41039002101,White,06/2023,0,0.5,3.5,
Census Tract,41039002101,White,07/2023,1,1.5,2.25,
Census Tract,41039002101,White,08/2023,2,3.5,2.25,
Census Tract,41039002101,White,09/2023,1,1,3,
Census Tract,41039002101,White,10/2023,1,2.5,3.5,
Census Tract,41039002101,White,11/2023,3,3,3.25,
Census Tract,41039002101,White,12/2023,2,3.5,2.5,
Census Tract,41039002101,White,01/2024,2,1.5,2.75,
Census Tract,41039002101,White,02/2024,0,2,2,
Census Tract,41039002101,White,03/2024,3,2,1,
Census Tract,41039002101,White,04/2024,1,0.5,1,
Census Tract,41039002101,White,05/2024,4,4.5,2,
Census Tract,41039002101,White,06/2024,1,0.5,3.5,
Census Tract,41039002101,White,07/2024,2,1.5,2.25,
Census Tract,41039002101,White,08/2024,5,3.5,2.25,
Census Tract,41039002101,White,09/2024,1,1,3,
Census Tract,41039002101,White,10/2024,4,2.5,3.5,
Census Tract,41039002101,White,11/2024,3,3,3.25,
Census Tract,41039002101,White,12/2024,5,3.5,2.5,
Census Tract,41039002101,White,01/2025,8,1.5,2.75,
Census Tract,41039002101,White,02/2025,2,2,2,
Census Tract,41039002101,White,03/2025,3,2,1,
Census Tract,41039002101,White,04/2025,2,0.5,1,
Census Tract,41039002101,White,05/2025,4,4.5,2,
Census Tract,41039002101,White,06/2025,4,0.5,3.5,
Census Tract,41039002101,White,07/2025,4,1.5,2.25,
Census Tract,41039002101,White,08/2025,6,3.5,2.25,
Census Tract,41039002101,White,09/2025,4,1,3,
Census Tract,41039002101,White,10/2025,1,2.5,3.5,
Census Tract,41039002101,White,11/2025,4,3,3.25,
Census Tract,41039002101,White,12/2025,1,3.5,2.5,
Census Tract,41039002101,White,01/2026,2,1.5,2.75,
Census Tract,41039002101,White,02/2026,0,2,2,
Census Tract,41039002101,White,03/2026,0,2,1,
Census Tract,41039002101,White,04/2026,4,0.5,1,
Census Tract,41039002101,White,05/2026,4,4.5,2,
Census Tract,41039002101,White,06/2026,3,0,0.5,2026-06-06
Census Tract,41039002103,White,01/2020,3,2.5,4.5,
Census Tract,41039002103,White,02/2020,4,4.5,5.5,
Census Tract,41039002103,White,03/2020,0,4.5,2.5,
Census Tract,41039002103,White,04/2020,0,5.5,1.5,
Census Tract,41039002103,White,05/2020,0,5.5,2.5,
Census Tract,41039002103,White,06/2020,0,3.5,4.5,
Census Tract,41039002103,White,07/2020,1,6.5,2.25,
Census Tract,41039002103,White,08/2020,1,5.5,4.25,
Census Tract,41039002103,White,09/2020,0,8,3.25,
Census Tract,41039002103,White,10/2020,0,6.5,3,
Census Tract,41039002103,White,11/2020,1,3.5,3.25,
Census Tract,41039002103,White,12/2020,3,5.5,2.5,
Census Tract,41039002103,White,01/2021,1,2.5,4.5,
Census Tract,41039002103,White,02/2021,1,4.5,5.5,
Census Tract,41039002103,White,03/2021,1,4.5,2.5,
Census Tract,41039002103,White,04/2021,1,5.5,1.5,
Census Tract,41039002103,White,05/2021,3,5.5,2.5,
Census Tract,41039002103,White,06/2021,0,3.5,4.5,
Census Tract,41039002103,White,07/2021,1,6.5,2.25,
Census Tract,41039002103,White,08/2021,4,5.5,4.25,
Census Tract,41039002103,White,09/2021,1,8,3.25,
Census Tract,41039002103,White,10/2021,2,6.5,3,
Census Tract,41039002103,White,11/2021,2,3.5,3.25,
Census Tract,41039002103,White,12/2021,1,5.5,2.5,
Census Tract,41039002103,White,01/2022,3,2.5,4.5,
Census Tract,41039002103,White,02/2022,0,4.5,5.5,
Census Tract,41039002103,White,03/2022,3,4.5,2.5,
Census Tract,41039002103,White,04/2022,0,5.5,1.5,
Census Tract,41039002103,White,05/2022,0,5.5,2.5,
Census Tract,41039002103,White,06/2022,2,3.5,4.5,
Census Tract,41039002103,White,07/2022,5,6.5,2.25,
Census Tract,41039002103,White,08/2022,3,5.5,4.25,
Census Tract,41039002103,White,09/2022,2,8,3.25,
Census Tract,41039002103,White,10/2022,7,6.5,3,
Census Tract,41039002103,White,11/2022,5,3.5,3.25,
Census Tract,41039002103,White,12/2022,9,5.5,2.5,
Census Tract,41039002103,White,01/2023,2,2.5,4.5,
Census Tract,41039002103,White,02/2023,2,4.5,5.5,
Census Tract,41039002103,White,03/2023,4,4.5,2.5,
Census Tract,41039002103,White,04/2023,3,5.5,1.5,
Census Tract,41039002103,White,05/2023,4,5.5,2.5,
Census Tract,41039002103,White,06/2023,2,3.5,4.5,
Census Tract,41039002103,White,07/2023,6,6.5,2.25,
Census Tract,41039002103,White,08/2023,3,5.5,4.25,
Census Tract,41039002103,White,09/2023,6,8,3.25,
Census Tract,41039002103,White,10/2023,4,6.5,3,
Census Tract,41039002103,White,11/2023,4,3.5,3.25,
Census Tract,41039002103,White,12/2023,5,5.5,2.5,
Census Tract,41039002103,White,01/2024,3,2.5,4.5,
Census Tract,41039002103,White,02/2024,7,4.5,5.5,
Census Tract,41039002103,White,03/2024,5,4.5,2.5,
Census Tract,41039002103,White,04/2024,8,5.5,1.5,
Census Tract,41039002103,White,05/2024,7,5.5,2.5,
Census Tract,41039002103,White,06/2024,5,3.5,4.5,
Census Tract,41039002103,White,07/2024,7,6.5,2.25,
Census Tract,41039002103,White,08/2024,8,5.5,4.25,
Census Tract,41039002103,White,09/2024,10,8,3.25,
Census Tract,41039002103,White,10/2024,9,6.5,3,
Census Tract,41039002103,White,11/2024,3,3.5,3.25,
Census Tract,41039002103,White,12/2024,6,5.5,2.5,
Census Tract,41039002103,White,01/2025,3,2.5,4.5,
Census Tract,41039002103,White,02/2025,1,4.5,5.5,
Census Tract,41039002103,White,03/2025,5,4.5,2.5,
Census Tract,41039002103,White,04/2025,2,5.5,1.5,
Census Tract,41039002103,White,05/2025,3,5.5,2.5,
Census Tract,41039002103,White,06/2025,5,3.5,4.5,
Census Tract,41039002103,White,07/2025,4,6.5,2.25,
Census Tract,41039002103,White,08/2025,2,5.5,4.25,
Census Tract,41039002103,White,09/2025,5,8,3.25,
Census Tract,41039002103,White,10/2025,7,6.5,3,
Census Tract,41039002103,White,11/2025,2,3.5,3.25,
Census Tract,41039002103,White,12/2025,4,5.5,2.5,
Census Tract,41039002103,White,01/2026,10,2.5,4.5,
Census Tract,41039002103,White,02/2026,1,4.5,5.5,
Census Tract,41039002103,White,03/2026,7,4.5,2.5,
Census Tract,41039002103,White,04/2026,4,5.5,1.5,
Census Tract,41039002103,White,05/2026,8,5.5,2.5,
Census Tract,41039002103,White,06/2026,0,0.5,0.25,2026-06-06
Census Tract,41039002104,White,01/2020,3,3,4,
Census Tract,41039002104,White,02/2020,2,2,2.5,
Census Tract,41039002104,White,03/2020,1,2.5,3,
Census Tract,41039002104,White,04/2020,0,2,3.25,
Census Tract,41039002104,White,05/2020,0,2.5,1.75,
Census Tract,41039002104,White,06/2020,0,2,2.25,
Census Tract,41039002104,White,07/2020,0,3.5,3,
Census Tract,41039002104,White,08/2020,0,4,2.25,
Census Tract,41039002104,White,09/2020,0,5.5,2.5,
Census Tract,41039002104,White,10/2020,0,3,2.5,
Census Tract,41039002104,White,11/2020,1,4,2.25,
Census Tract,41039002104,White,12/2020,0,3,3,
Census Tract,41039002104,White,01/2021,0,3,4,
Census Tract,41039002104,White,02/2021,0,2,2.5,
Census Tract,41039002104,White,03/2021,0,2.5,3,
Census Tract,41039002104,White,04/2021,1,2,3.25,
Census Tract,41039002104,White,05/2021,0,2.5,1.75,
Census Tract,41039002104,White,06/2021,0,2,2.25,
Census Tract,41039002104,White,07/2021,0,3.5,3,
Census Tract,41039002104,White,08/2021,1,4,2.25,
Census Tract,41039002104,White,09/2021,1,5.5,2.5,
Census Tract,41039002104,White,10/2021,1,3,2.5,
Census Tract,41039002104,White,11/2021,2,4,2.25,
Census Tract,41039002104,White,12/2021,1,3,3,
Census Tract,41039002104,White,01/2022,0,3,4,
Census Tract,41039002104,White,02/2022,2,2,2.5,
Census Tract,41039002104,White,03/2022,1,2.5,3,
Census Tract,41039002104,White,04/2022,1,2,3.25,
Census Tract,41039002104,White,05/2022,4,2.5,1.75,
Census Tract,41039002104,White,06/2022,4,2,2.25,
Census Tract,41039002104,White,07/2022,2,3.5,3,
Census Tract,41039002104,White,08/2022,3,4,2.25,
Census Tract,41039002104,White,09/2022,6,5.5,2.5,
Census Tract,41039002104,White,10/2022,3,3,2.5,
Census Tract,41039002104,White,11/2022,7,4,2.25,
Census Tract,41039002104,White,12/2022,1,3,3,
Census Tract,41039002104,White,01/2023,4,3,4,
Census Tract,41039002104,White,02/2023,2,2,2.5,
Census Tract,41039002104,White,03/2023,1,2.5,3,
Census Tract,41039002104,White,04/2023,2,2,3.25,
Census Tract,41039002104,White,05/2023,2,2.5,1.75,
Census Tract,41039002104,White,06/2023,0,2,2.25,
Census Tract,41039002104,White,07/2023,6,3.5,3,
Census Tract,41039002104,White,08/2023,0,4,2.25,
Census Tract,41039002104,White,09/2023,3,5.5,2.5,
Census Tract,41039002104,White,10/2023,4,3,2.5,
Census Tract,41039002104,White,11/2023,7,4,2.25,
Census Tract,41039002104,White,12/2023,1,3,3,
Census Tract,41039002104,White,01/2024,2,3,4,
Census Tract,41039002104,White,02/2024,2,2,2.5,
Census Tract,41039002104,White,03/2024,4,2.5,3,
Census Tract,41039002104,White,04/2024,2,2,3.25,
Census Tract,41039002104,White,05/2024,3,2.5,1.75,
Census Tract,41039002104,White,06/2024,4,2,2.25,
Census Tract,41039002104,White,07/2024,1,3.5,3,
Census Tract,41039002104,White,08/2024,8,4,2.25,
Census Tract,41039002104,White,09/2024,8,5.5,2.5,
Census Tract,41039002104,White,10/2024,2,3,2.5,
Census Tract,41039002104,White,11/2024,1,4,2.25,
Census Tract,41039002104,White,12/2024,5,3,3,
Census Tract,41039002104,White,01/2025,5,3,4,
Census Tract,41039002104,White,02/2025,2,2,2.5,
Census Tract,41039002104,White,03/2025,2,2.5,3,
Census Tract,41039002104,White,04/2025,7,2,3.25,
Census Tract,41039002104,White,05/2025,2,2.5,1.75,
Census Tract,41039002104,White,06/2025,2,2,2.25,
Census Tract,41039002104,White,07/2025,3,3.5,3,
Census Tract,41039002104,White,08/2025,5,4,2.25,
Census Tract,41039002104,White,09/2025,5,5.5,2.5,
Census Tract,41039002104,White,10/2025,5,3,2.5,
Census Tract,41039002104,White,11/2025,6,4,2.25,
Census Tract,41039002104,White,12/2025,2,3,3,
Census Tract,41039002104,White,01/2026,6,3,4,
Census Tract,41039002104,White,02/2026,7,2,2.5,
Census Tract,41039002104,White,03/2026,6,2.5,3,
Census Tract,41039002104,White,04/2026,8,2,3.25,
Census Tract,41039002104,White,05/2026,5,2.5,1.75,
Census Tract,41039002104,White,06/2026,2,0,0,2026-06-06
Census Tract,41039002201,White,01/2020,0,0,0.25,
Census Tract,41039002201,White,02/2020,0,1.5,0.25,
Census Tract,41039002201,White,03/2020,0,0.5,0,
Census Tract,41039002201,White,04/2020,0,0,1,
Census Tract,41039002201,White,05/2020,0,0,0.25,
Census Tract,41039002201,White,06/2020,0,0.5,0,
Census Tract,41039002201,White,07/2020,0,1.5,0.5,
Census Tract,41039002201,White,08/2020,0,0.5,0,
Census Tract,41039002201,White,09/2020,0,0.5,0,
Census Tract,41039002201,White,10/2020,0,1.5,0.25,
Census Tract,41039002201,White,11/2020,0,0.5,0,
Census Tract,41039002201,White,12/2020,0,1,0.5,
Census Tract,41039002201,White,01/2021,0,0,0.25,
Census Tract,41039002201,White,02/2021,0,1.5,0.25,
Census Tract,41039002201,White,03/2021,0,0.5,0,
Census Tract,41039002201,White,04/2021,0,0,1,
Census Tract,41039002201,White,05/2021,1,0,0.25,
Census Tract,41039002201,White,06/2021,2,0.5,0,
Census Tract,41039002201,White,07/2021,0,1.5,0.5,
Census Tract,41039002201,White,08/2021,1,0.5,0,
Census Tract,41039002201,White,09/2021,1,0.5,0,
Census Tract,41039002201,White,10/2021,1,1.5,0.25,
Census Tract,41039002201,White,11/2021,3,0.5,0,
Census Tract,41039002201,White,12/2021,0,1,0.5,
Census Tract,41039002201,White,01/2022,1,0,0.25,
Census Tract,41039002201,White,02/2022,0,1.5,0.25,
Census Tract,41039002201,White,03/2022,0,0.5,0,
Census Tract,41039002201,White,04/2022,1,0,1,
Census Tract,41039002201,White,05/2022,0,0,0.25,
Census Tract,41039002201,White,06/2022,1,0.5,0,
Census Tract,41039002201,White,07/2022,0,1.5,0.5,
Census Tract,41039002201,White,08/2022,1,0.5,0,
Census Tract,41039002201,White,09/2022,2,0.5,0,
Census Tract,41039002201,White,10/2022,1,1.5,0.25,
Census Tract,41039002201,White,11/2022,0,0.5,0,
Census Tract,41039002201,White,12/2022,1,1,0.5,
Census Tract,41039002201,White,01/2023,0,0,0.25,
Census Tract,41039002201,White,02/2023,1,1.5,0.25,
Census Tract,41039002201,White,03/2023,0,0.5,0,
Census Tract,41039002201,White,04/2023,0,0,1,
Census Tract,41039002201,White,05/2023,0,0,0.25,
Census Tract,41039002201,White,06/2023,0,0.5,0,
Census Tract,41039002201,White,07/2023,0,1.5,0.5,
Census Tract,41039002201,White,08/2023,0,0.5,0,
Census Tract,41039002201,White,09/2023,0,0.5,0,
Census Tract,41039002201,White,10/2023,0,1.5,0.25,
Census Tract,41039002201,White,11/2023,0,0.5,0,
Census Tract,41039002201,White,12/2023,1,1,0.5,
Census Tract,41039002201,White,01/2024,0,0,0.25,
Census Tract,41039002201,White,02/2024,2,1.5,0.25,
Census Tract,41039002201,White,03/2024,1,0.5,0,
Census Tract,41039002201,White,04/2024,0,0,1,
Census Tract,41039002201,White,05/2024,0,0,0.25,
Census Tract,41039002201,White,06/2024,1,0.5,0,
Census Tract,41039002201,White,07/2024,3,1.5,0.5,
Census Tract,41039002201,White,08/2024,1,0.5,0,
Census Tract,41039002201,White,09/2024,1,0.5,0,
Census Tract,41039002201,White,10/2024,3,1.5,0.25,
Census Tract,41039002201,White,11/2024,1,0.5,0,
Census Tract,41039002201,White,12/2024,1,1,0.5,
Census Tract,41039002201,White,01/2025,4,0,0.25,
Census Tract,41039002201,White,02/2025,1,1.5,0.25,
Census Tract,41039002201,White,03/2025,5,0.5,0,
Census Tract,41039002201,White,04/2025,2,0,1,
Census Tract,41039002201,White,05/2025,0,0,0.25,
Census Tract,41039002201,White,06/2025,3,0.5,0,
Census Tract,41039002201,White,07/2025,2,1.5,0.5,
Census Tract,41039002201,White,08/2025,2,0.5,0,
Census Tract,41039002201,White,09/2025,5,0.5,0,
Census Tract,41039002201,White,10/2025,3,1.5,0.25,
Census Tract,41039002201,White,11/2025,3,0.5,0,
Census Tract,41039002201,White,12/2025,2,1,0.5,
Census Tract,41039002201,White,01/2026,0,0,0.25,
Census Tract,41039002201,White,02/2026,4,1.5,0.25,
Census Tract,41039002201,White,03/2026,4,0.5,0,
Census Tract,41039002201,White,04/2026,2,0,1,
Census Tract,41039002201,White,05/2026,1,0,0.25,
Census Tract,41039002201,White,06/2026,2,0.5,0,2026-06-06
Census Tract,41039002203,White,01/2020,1,0,0.25,
Census Tract,41039002203,White,02/2020,0,0.5,0.5,
Census Tract,41039002203,White,03/2020,1,1,0.5,
Census Tract,41039002203,White,04/2020,0,1.5,1.25,
Census Tract,41039002203,White,05/2020,0,0.5,0.25,
Census Tract,41039002203,White,06/2020,1,0.5,0.5,
Census Tract,41039002203,White,07/2020,0,0.5,0.5,
Census Tract,41039002203,White,08/2020,0,1,1.25,
Census Tract,41039002203,White,09/2020,3,1,0.25,
Census Tract,41039002203,White,10/2020,0,1,0.5,
Census Tract,41039002203,White,11/2020,1,0.5,1,
Census Tract,41039002203,White,12/2020,1,0.5,1,
Census Tract,41039002203,White,01/2021,0,0,0.25,
Census Tract,41039002203,White,02/2021,0,0.5,0.5,
Census Tract,41039002203,White,03/2021,0,1,0.5,
Census Tract,41039002203,White,04/2021,1,1.5,1.25,
Census Tract,41039002203,White,05/2021,0,0.5,0.25,
Census Tract,41039002203,White,06/2021,0,0.5,0.5,
Census Tract,41039002203,White,07/2021,1,0.5,0.5,
Census Tract,41039002203,White,08/2021,0,1,1.25,
Census Tract,41039002203,White,09/2021,0,1,0.25,
Census Tract,41039002203,White,10/2021,1,1,0.5,
Census Tract,41039002203,White,11/2021,0,0.5,1,
Census Tract,41039002203,White,12/2021,0,0.5,1,
Census Tract,41039002203,White,01/2022,0,0,0.25,
Census Tract,41039002203,White,02/2022,2,0.5,0.5,
Census Tract,41039002203,White,03/2022,0,1,0.5,
Census Tract,41039002203,White,04/2022,0,1.5,1.25,
Census Tract,41039002203,White,05/2022,0,0.5,0.25,
Census Tract,41039002203,White,06/2022,0,0.5,0.5,
Census Tract,41039002203,White,07/2022,0,0.5,0.5,
Census Tract,41039002203,White,08/2022,1,1,1.25,
Census Tract,41039002203,White,09/2022,1,1,0.25,
Census Tract,41039002203,White,10/2022,1,1,0.5,
Census Tract,41039002203,White,11/2022,1,0.5,1,
Census Tract,41039002203,White,12/2022,0,0.5,1,
Census Tract,41039002203,White,01/2023,0,0,0.25,
Census Tract,41039002203,White,02/2023,1,0.5,0.5,
Census Tract,41039002203,White,03/2023,0,1,0.5,
Census Tract,41039002203,White,04/2023,1,1.5,1.25,
Census Tract,41039002203,White,05/2023,0,0.5,0.25,
Census Tract,41039002203,White,06/2023,0,0.5,0.5,
Census Tract,41039002203,White,07/2023,0,0.5,0.5,
Census Tract,41039002203,White,08/2023,2,1,1.25,
Census Tract,41039002203,White,09/2023,0,1,0.25,
Census Tract,41039002203,White,10/2023,1,1,0.5,
Census Tract,41039002203,White,11/2023,0,0.5,1,
Census Tract,41039002203,White,12/2023,1,0.5,1,
Census Tract,41039002203,White,01/2024,0,0,0.25,
Census Tract,41039002203,White,02/2024,0,0.5,0.5,
Census Tract,41039002203,White,03/2024,2,1,0.5,
Census Tract,41039002203,White,04/2024,2,1.5,1.25,
Census Tract,41039002203,White,05/2024,1,0.5,0.25,
Census Tract,41039002203,White,06/2024,1,0.5,0.5,
Census Tract,41039002203,White,07/2024,1,0.5,0.5,
Census Tract,41039002203,White,08/2024,0,1,1.25,
Census Tract,41039002203,White,09/2024,2,1,0.25,
Census Tract,41039002203,White,10/2024,1,1,0.5,
Census Tract,41039002203,White,11/2024,1,0.5,1,
Census Tract,41039002203,White,12/2024,0,0.5,1,
Census Tract,41039002203,White,01/2025,0,0,0.25,
Census Tract,41039002203,White,02/2025,0,0.5,0.5,
Census Tract,41039002203,White,03/2025,0,1,0.5,
Census Tract,41039002203,White,04/2025,0,1.5,1.25,
Census Tract,41039002203,White,05/2025,0,0.5,0.25,
Census Tract,41039002203,White,06/2025,2,0.5,0.5,
Census Tract,41039002203,White,07/2025,3,0.5,0.5,
Census Tract,41039002203,White,08/2025,2,1,1.25,
Census Tract,41039002203,White,09/2025,1,1,0.25,
Census Tract,41039002203,White,10/2025,4,1,0.5,
Census Tract,41039002203,White,11/2025,2,0.5,1,
Census Tract,41039002203,White,12/2025,1,0.5,1,
Census Tract,41039002203,White,01/2026,1,0,0.25,
Census Tract,41039002203,White,02/2026,3,0.5,0.5,
Census Tract,41039002203,White,03/2026,2,1,0.5,
Census Tract,41039002203,White,04/2026,2,1.5,1.25,
Census Tract,41039002203,White,05/2026,1,0.5,0.25,
Census Tract,41039002203,White,06/2026,0,0,0,2026-06-06
Census Tract,41039002204,White,01/2020,1,1,1.25,
Census Tract,41039002204,White,02/2020,3,3,1,
Census Tract,41039002204,White,03/2020,0,1.5,0.75,
Census Tract,41039002204,White,04/2020,0,1,0.75,
Census Tract,41039002204,White,05/2020,0,1.5,2,
Census Tract,41039002204,White,06/2020,0,2,1.25,
Census Tract,41039002204,White,07/2020,0,1,0.75,
Census Tract,41039002204,White,08/2020,0,4,1.75,
Census Tract,41039002204,White,09/2020,0,1,0.5,
Census Tract,41039002204,White,10/2020,0,3,1,
Census Tract,41039002204,White,11/2020,0,3,1.75,
Census Tract,41039002204,White,12/2020,0,1.5,2.25,
Census Tract,41039002204,White,01/2021,0,1,1.25,
Census Tract,41039002204,White,02/2021,0,3,1,
Census Tract,41039002204,White,03/2021,0,1.5,0.75,
Census Tract,41039002204,White,04/2021,0,1,0.75,
Census Tract,41039002204,White,05/2021,0,1.5,2,
Census Tract,41039002204,White,06/2021,0,2,1.25,
Census Tract,41039002204,White,07/2021,1,1,0.75,
Census Tract,41039002204,White,08/2021,0,4,1.75,
Census Tract,41039002204,White,09/2021,0,1,0.5,
Census Tract,41039002204,White,10/2021,0,3,1,
Census Tract,41039002204,White,11/2021,0,3,1.75,
Census Tract,41039002204,White,12/2021,0,1.5,2.25,
Census Tract,41039002204,White,01/2022,1,1,1.25,
Census Tract,41039002204,White,02/2022,1,3,1,
Census Tract,41039002204,White,03/2022,0,1.5,0.75,
Census Tract,41039002204,White,04/2022,1,1,0.75,
Census Tract,41039002204,White,05/2022,2,1.5,2,
Census Tract,41039002204,White,06/2022,1,2,1.25,
Census Tract,41039002204,White,07/2022,1,1,0.75,
Census Tract,41039002204,White,08/2022,6,4,1.75,
Census Tract,41039002204,White,09/2022,0,1,0.5,
Census Tract,41039002204,White,10/2022,5,3,1,
Census Tract,41039002204,White,11/2022,2,3,1.75,
Census Tract,41039002204,White,12/2022,5,1.5,2.25,
Census Tract,41039002204,White,01/2023,2,1,1.25,
Census Tract,41039002204,White,02/2023,2,3,1,
Census Tract,41039002204,White,03/2023,3,1.5,0.75,
Census Tract,41039002204,White,04/2023,1,1,0.75,
Census Tract,41039002204,White,05/2023,2,1.5,2,
Census Tract,41039002204,White,06/2023,1,2,1.25,
Census Tract,41039002204,White,07/2023,2,1,0.75,
Census Tract,41039002204,White,08/2023,2,4,1.75,
Census Tract,41039002204,White,09/2023,1,1,0.5,
Census Tract,41039002204,White,10/2023,0,3,1,
Census Tract,41039002204,White,11/2023,3,3,1.75,
Census Tract,41039002204,White,12/2023,0,1.5,2.25,
Census Tract,41039002204,White,01/2024,0,1,1.25,
Census Tract,41039002204,White,02/2024,4,3,1,
Census Tract,41039002204,White,03/2024,0,1.5,0.75,
Census Tract,41039002204,White,04/2024,1,1,0.75,
Census Tract,41039002204,White,05/2024,1,1.5,2,
Census Tract,41039002204,White,06/2024,3,2,1.25,
Census Tract,41039002204,White,07/2024,0,1,0.75,
Census Tract,41039002204,White,08/2024,6,4,1.75,
Census Tract,41039002204,White,09/2024,1,1,0.5,
Census Tract,41039002204,White,10/2024,6,3,1,
Census Tract,41039002204,White,11/2024,3,3,1.75,
Census Tract,41039002204,White,12/2024,3,1.5,2.25,
Census Tract,41039002204,White,01/2025,0,1,1.25,
Census Tract,41039002204,White,02/2025,1,3,1,
Census Tract,41039002204,White,03/2025,2,1.5,0.75,
Census Tract,41039002204,White,04/2025,2,1,0.75,
Census Tract,41039002204,White,05/2025,2,1.5,2,
Census Tract,41039002204,White,06/2025,1,2,1.25,
Census Tract,41039002204,White,07/2025,1,1,0.75,
Census Tract,41039002204,White,08/2025,1,4,1.75,
Census Tract,41039002204,White,09/2025,2,1,0.5,
Census Tract,41039002204,White,10/2025,2,3,1,
Census Tract,41039002204,White,11/2025,2,3,1.75,
Census Tract,41039002204,White,12/2025,0,1.5,2.25,
Census Tract,41039002204,White,01/2026,0,1,1.25,
Census Tract,41039002204,White,02/2026,1,3,1,
Census Tract,41039002204,White,03/2026,2,1.5,0.75,
Census Tract,41039002204,White,04/2026,2,1,0.75,
Census Tract,41039002204,White,05/2026,2,1.5,2,
Census Tract,41039002204,White,06/2026,1,0,0,2026-06-06
Census Tract,41039002301,White,01/2020,2,4.5,2.25,
Census Tract,41039002301,White,02/2020,2,1,2,
Census Tract,41039002301,White,03/2020,0,2,0.75,
Census Tract,41039002301,White,04/2020,1,0,1.75,
Census Tract,41039002301,White,05/2020,0,1,2.25,
Census Tract,41039002301,White,06/2020,0,1,0.75,
Census Tract,41039002301,White,07/2020,2,2.5,1.5,
Census Tract,41039002301,White,08/2020,0,1.5,1,
Census Tract,41039002301,White,09/2020,2,0.5,1.5,
Census Tract,41039002301,White,10/2020,2,0.5,1.25,
Census Tract,41039002301,White,11/2020,0,0.5,1.5,
Census Tract,41039002301,White,12/2020,0,2.5,1.25,
Census Tract,41039002301,White,01/2021,0,4.5,2.25,
Census Tract,41039002301,White,02/2021,1,1,2,
Census Tract,41039002301,White,03/2021,0,2,0.75,
Census Tract,41039002301,White,04/2021,0,0,1.75,
Census Tract,41039002301,White,05/2021,0,1,2.25,
Census Tract,41039002301,White,06/2021,1,1,0.75,
Census Tract,41039002301,White,07/2021,1,2.5,1.5,
Census Tract,41039002301,White,08/2021,2,1.5,1,
Census Tract,41039002301,White,09/2021,2,0.5,1.5,
Census Tract,41039002301,White,10/2021,0,0.5,1.25,
Census Tract,41039002301,White,11/2021,0,0.5,1.5,
Census Tract,41039002301,White,12/2021,0,2.5,1.25,
Census Tract,41039002301,White,01/2022,0,4.5,2.25,
Census Tract,41039002301,White,02/2022,3,1,2,
Census Tract,41039002301,White,03/2022,1,2,0.75,
Census Tract,41039002301,White,04/2022,0,0,1.75,
Census Tract,41039002301,White,05/2022,2,1,2.25,
Census Tract,41039002301,White,06/2022,1,1,0.75,
Census Tract,41039002301,White,07/2022,0,2.5,1.5,
Census Tract,41039002301,White,08/2022,4,1.5,1,
Census Tract,41039002301,White,09/2022,2,0.5,1.5,
Census Tract,41039002301,White,10/2022,2,0.5,1.25,
Census Tract,41039002301,White,11/2022,4,0.5,1.5,
Census Tract,41039002301,White,12/2022,0,2.5,1.25,
Census Tract,41039002301,White,01/2023,4,4.5,2.25,
Census Tract,41039002301,White,02/2023,1,1,2,
Census Tract,41039002301,White,03/2023,0,2,0.75,
Census Tract,41039002301,White,04/2023,0,0,1.75,
Census Tract,41039002301,White,05/2023,1,1,2.25,
Census Tract,41039002301,White,06/2023,1,1,0.75,
Census Tract,41039002301,White,07/2023,3,2.5,1.5,
Census Tract,41039002301,White,08/2023,0,1.5,1,
Census Tract,41039002301,White,09/2023,1,0.5,1.5,
Census Tract,41039002301,White,10/2023,1,0.5,1.25,
Census Tract,41039002301,White,11/2023,1,0.5,1.5,
Census Tract,41039002301,White,12/2023,3,2.5,1.25,
Census Tract,41039002301,White,01/2024,5,4.5,2.25,
Census Tract,41039002301,White,02/2024,1,1,2,
Census Tract,41039002301,White,03/2024,4,2,0.75,
Census Tract,41039002301,White,04/2024,0,0,1.75,
Census Tract,41039002301,White,05/2024,1,1,2.25,
Census Tract,41039002301,White,06/2024,1,1,0.75,
Census Tract,41039002301,White,07/2024,2,2.5,1.5,
Census Tract,41039002301,White,08/2024,3,1.5,1,
Census Tract,41039002301,White,09/2024,0,0.5,1.5,
Census Tract,41039002301,White,10/2024,0,0.5,1.25,
Census Tract,41039002301,White,11/2024,0,0.5,1.5,
Census Tract,41039002301,White,12/2024,2,2.5,1.25,
Census Tract,41039002301,White,01/2025,3,4.5,2.25,
Census Tract,41039002301,White,02/2025,4,1,2,
Census Tract,41039002301,White,03/2025,2,2,0.75,
Census Tract,41039002301,White,04/2025,2,0,1.75,
Census Tract,41039002301,White,05/2025,2,1,2.25,
Census Tract,41039002301,White,06/2025,3,1,0.75,
Census Tract,41039002301,White,07/2025,1,2.5,1.5,
Census Tract,41039002301,White,08/2025,0,1.5,1,
Census Tract,41039002301,White,09/2025,6,0.5,1.5,
Census Tract,41039002301,White,10/2025,2,0.5,1.25,
Census Tract,41039002301,White,11/2025,2,0.5,1.5,
Census Tract,41039002301,White,12/2025,5,2.5,1.25,
Census Tract,41039002301,White,01/2026,4,4.5,2.25,
Census Tract,41039002301,White,02/2026,1,1,2,
Census Tract,41039002301,White,03/2026,2,2,0.75,
Census Tract,41039002301,White,04/2026,3,0,1.75,
Census Tract,41039002301,White,05/2026,2,1,2.25,
Census Tract,41039002301,White,06/2026,2,0,0,2026-06-06
Census Tract,41039002302,White,01/2020,0,0.5,0.5,
Census Tract,41039002302,White,02/2020,1,1,0.5,
Census Tract,41039002302,White,03/2020,0,0,0.5,
Census Tract,41039002302,White,04/2020,0,0.5,1,
Census Tract,41039002302,White,05/2020,0,0.5,0.5,
Census Tract,41039002302,White,06/2020,0,0,0.75,
Census Tract,41039002302,White,07/2020,1,0.5,0.25,
Census Tract,41039002302,White,08/2020,0,0,0.75,
Census Tract,41039002302,White,09/2020,1,0.5,0.25,
Census Tract,41039002302,White,10/2020,1,1,0.75,
Census Tract,41039002302,White,11/2020,0,1.5,0.75,
Census Tract,41039002302,White,12/2020,0,1.5,0.5,
Census Tract,41039002302,White,01/2021,0,0.5,0.5,
Census Tract,41039002302,White,02/2021,0,1,0.5,
Census Tract,41039002302,White,03/2021,1,0,0.5,
Census Tract,41039002302,White,04/2021,0,0.5,1,
Census Tract,41039002302,White,05/2021,0,0.5,0.5,
Census Tract,41039002302,White,06/2021,1,0,0.75,
Census Tract,41039002302,White,07/2021,0,0.5,0.25,
Census Tract,41039002302,White,08/2021,0,0,0.75,
Census Tract,41039002302,White,09/2021,0,0.5,0.25,
Census Tract,41039002302,White,10/2021,0,1,0.75,
Census Tract,41039002302,White,11/2021,0,1.5,0.75,
Census Tract,41039002302,White,12/2021,0,1.5,0.5,
Census Tract,41039002302,White,01/2022,0,0.5,0.5,
Census Tract,41039002302,White,02/2022,0,1,0.5,
Census Tract,41039002302,White,03/2022,0,0,0.5,
Census Tract,41039002302,White,04/2022,0,0.5,1,
Census Tract,41039002302,White,05/2022,0,0.5,0.5,
Census Tract,41039002302,White,06/2022,1,0,0.75,
Census Tract,41039002302,White,07/2022,0,0.5,0.25,
Census Tract,41039002302,White,08/2022,0,0,0.75,
Census Tract,41039002302,White,09/2022,0,0.5,0.25,
Census Tract,41039002302,White,10/2022,1,1,0.75,
Census Tract,41039002302,White,11/2022,0,1.5,0.75,
Census Tract,41039002302,White,12/2022,0,1.5,0.5,
Census Tract,41039002302,White,01/2023,1,0.5,0.5,
Census Tract,41039002302,White,02/2023,1,1,0.5,
Census Tract,41039002302,White,03/2023,0,0,0.5,
Census Tract,41039002302,White,04/2023,0,0.5,1,
Census Tract,41039002302,White,05/2023,1,0.5,0.5,
Census Tract,41039002302,White,06/2023,0,0,0.75,
Census Tract,41039002302,White,07/2023,0,0.5,0.25,
Census Tract,41039002302,White,08/2023,0,0,0.75,
Census Tract,41039002302,White,09/2023,1,0.5,0.25,
Census Tract,41039002302,White,10/2023,1,1,0.75,
Census Tract,41039002302,White,11/2023,2,1.5,0.75,
Census Tract,41039002302,White,12/2023,1,1.5,0.5,
Census Tract,41039002302,White,01/2024,0,0.5,0.5,
Census Tract,41039002302,White,02/2024,1,1,0.5,
Census Tract,41039002302,White,03/2024,0,0,0.5,
Census Tract,41039002302,White,04/2024,1,0.5,1,
Census Tract,41039002302,White,05/2024,0,0.5,0.5,
Census Tract,41039002302,White,06/2024,0,0,0.75,
Census Tract,41039002302,White,07/2024,1,0.5,0.25,
Census Tract,41039002302,White,08/2024,0,0,0.75,
Census Tract,41039002302,White,09/2024,0,0.5,0.25,
Census Tract,41039002302,White,10/2024,1,1,0.75,
Census Tract,41039002302,White,11/2024,1,1.5,0.75,
Census Tract,41039002302,White,12/2024,2,1.5,0.5,
Census Tract,41039002302,White,01/2025,2,0.5,0.5,
Census Tract,41039002302,White,02/2025,3,1,0.5,
Census Tract,41039002302,White,03/2025,5,0,0.5,
Census Tract,41039002302,White,04/2025,1,0.5,1,
Census Tract,41039002302,White,05/2025,1,0.5,0.5,
Census Tract,41039002302,White,06/2025,1,0,0.75,
Census Tract,41039002302,White,07/2025,2,0.5,0.25,
Census Tract,41039002302,White,08/2025,0,0,0.75,
Census Tract,41039002302,White,09/2025,1,0.5,0.25,
Census Tract,41039002302,White,10/2025,3,1,0.75,
Census Tract,41039002302,White,11/2025,3,1.5,0.75,
Census Tract,41039002302,White,12/2025,1,1.5,0.5,
Census Tract,41039002302,White,01/2026,0,0.5,0.5,
Census Tract,41039002302,White,02/2026,2,1,0.5,
Census Tract,41039002302,White,03/2026,3,0,0.5,
Census Tract,41039002302,White,04/2026,0,0.5,1,
Census Tract,41039002302,White,05/2026,0,0.5,0.5,
Census Tract,41039002302,White,06/2026,0,0,0,2026-06-06
Census Tract,41039002401,White,01/2020,0,0.5,0.5,
Census Tract,41039002401,White,02/2020,0,0.5,0.75,
Census Tract,41039002401,White,03/2020,0,0,0.5,
Census Tract,41039002401,White,04/2020,0,0,0.5,
Census Tract,41039002401,White,05/2020,0,0,0,
Census Tract,41039002401,White,06/2020,0,0,0.25,
Census Tract,41039002401,White,07/2020,0,0.5,0.25,
Census Tract,41039002401,White,08/2020,0,0.5,0,
Census Tract,41039002401,White,09/2020,0,0,0,
Census Tract,41039002401,White,10/2020,0,0.5,0,
Census Tract,41039002401,White,11/2020,0,0,0.25,
Census Tract,41039002401,White,12/2020,1,0,0,
Census Tract,41039002401,White,01/2021,0,0.5,0.5,
Census Tract,41039002401,White,02/2021,0,0.5,0.75,
Census Tract,41039002401,White,03/2021,0,0,0.5,
Census Tract,41039002401,White,04/2021,0,0,0.5,
Census Tract,41039002401,White,05/2021,0,0,0,
Census Tract,41039002401,White,06/2021,0,0,0.25,
Census Tract,41039002401,White,07/2021,0,0.5,0.25,
Census Tract,41039002401,White,08/2021,0,0.5,0,
Census Tract,41039002401,White,09/2021,0,0,0,
Census Tract,41039002401,White,10/2021,0,0.5,0,
Census Tract,41039002401,White,11/2021,0,0,0.25,
Census Tract,41039002401,White,12/2021,1,0,0,
Census Tract,41039002401,White,01/2022,0,0.5,0.5,
Census Tract,41039002401,White,02/2022,0,0.5,0.75,
Census Tract,41039002401,White,03/2022,0,0,0.5,
Census Tract,41039002401,White,04/2022,0,0,0.5,
Census Tract,41039002401,White,05/2022,0,0,0,
Census Tract,41039002401,White,06/2022,0,0,0.25,
Census Tract,41039002401,White,07/2022,0,0.5,0.25,
Census Tract,41039002401,White,08/2022,0,0.5,0,
Census Tract,41039002401,White,09/2022,0,0,0,
Census Tract,41039002401,White,10/2022,1,0.5,0,
Census Tract,41039002401,White,11/2022,0,0,0.25,
Census Tract,41039002401,White,12/2022,1,0,0,
Census Tract,41039002401,White,01/2023,1,0.5,0.5,
Census Tract,41039002401,White,02/2023,0,0.5,0.75,
Census Tract,41039002401,White,03/2023,0,0,0.5,
Census Tract,41039002401,White,04/2023,0,0,0.5,
Census Tract,41039002401,White,05/2023,0,0,0,
Census Tract,41039002401,White,06/2023,0,0,0.25,
Census Tract,41039002401,White,07/2023,1,0.5,0.25,
Census Tract,41039002401,White,08/2023,1,0.5,0,
Census Tract,41039002401,White,09/2023,0,0,0,
Census Tract,41039002401,White,10/2023,1,0.5,0,
Census Tract,41039002401,White,11/2023,0,0,0.25,
Census Tract,41039002401,White,12/2023,0,0,0,
Census Tract,41039002401,White,01/2024,0,0.5,0.5,
Census Tract,41039002401,White,02/2024,1,0.5,0.75,
Census Tract,41039002401,White,03/2024,0,0,0.5,
Census Tract,41039002401,White,04/2024,0,0,0.5,
Census Tract,41039002401,White,05/2024,0,0,0,
Census Tract,41039002401,White,06/2024,0,0,0.25,
Census Tract,41039002401,White,07/2024,0,0.5,0.25,
Census Tract,41039002401,White,08/2024,0,0.5,0,
Census Tract,41039002401,White,09/2024,0,0,0,
Census Tract,41039002401,White,10/2024,0,0.5,0,
Census Tract,41039002401,White,11/2024,0,0,0.25,
Census Tract,41039002401,White,12/2024,0,0,0,
Census Tract,41039002401,White,01/2025,0,0.5,0.5,
Census Tract,41039002401,White,02/2025,0,0.5,0.75,
Census Tract,41039002401,White,03/2025,0,0,0.5,
Census Tract,41039002401,White,04/2025,0,0,0.5,
Census Tract,41039002401,White,05/2025,0,0,0,
Census Tract,41039002401,White,06/2025,0,0,0.25,
Census Tract,41039002401,White,07/2025,1,0.5,0.25,
Census Tract,41039002401,White,08/2025,1,0.5,0,
Census Tract,41039002401,White,09/2025,1,0,0,
Census Tract,41039002401,White,10/2025,0,0.5,0,
Census Tract,41039002401,White,11/2025,0,0,0.25,
Census Tract,41039002401,White,12/2025,0,0,0,
Census Tract,41039002401,White,01/2026,0,0.5,0.5,
Census Tract,41039002401,White,02/2026,0,0.5,0.75,
Census Tract,41039002401,White,03/2026,0,0,0.5,
Census Tract,41039002401,White,04/2026,0,0,0.5,
Census Tract,41039002401,White,05/2026,0,0,0,
Census Tract,41039002401,White,06/2026,0,0,0,2026-06-06
Census Tract,41039002403,White,01/2020,0,0.5,0.75,
Census Tract,41039002403,White,02/2020,1,0.5,0.5,
Census Tract,41039002403,White,03/2020,0,0,0,
Census Tract,41039002403,White,04/2020,0,0,0,
Census Tract,41039002403,White,05/2020,0,0.5,0,
Census Tract,41039002403,White,06/2020,0,0,0,
Census Tract,41039002403,White,07/2020,0,0.5,0,
Census Tract,41039002403,White,08/2020,0,1,0,
Census Tract,41039002403,White,09/2020,0,0.5,2,
Census Tract,41039002403,White,10/2020,0,0,0,
Census Tract,41039002403,White,11/2020,0,0.5,1,
Census Tract,41039002403,White,12/2020,0,0.5,0,
Census Tract,41039002403,White,01/2021,0,0.5,0.75,
Census Tract,41039002403,White,02/2021,0,0.5,0.5,
Census Tract,41039002403,White,03/2021,0,0,0,
Census Tract,41039002403,White,04/2021,0,0,0,
Census Tract,41039002403,White,05/2021,0,0.5,0,
Census Tract,41039002403,White,06/2021,0,0,0,
Census Tract,41039002403,White,07/2021,0,0.5,0,
Census Tract,41039002403,White,08/2021,0,1,0,
Census Tract,41039002403,White,09/2021,1,0.5,2,
Census Tract,41039002403,White,10/2021,3,0,0,
Census Tract,41039002403,White,11/2021,0,0.5,1,
Census Tract,41039002403,White,12/2021,0,0.5,0,
Census Tract,41039002403,White,01/2022,0,0.5,0.75,
Census Tract,41039002403,White,02/2022,0,0.5,0.5,
Census Tract,41039002403,White,03/2022,1,0,0,
Census Tract,41039002403,White,04/2022,0,0,0,
Census Tract,41039002403,White,05/2022,0,0.5,0,
Census Tract,41039002403,White,06/2022,0,0,0,
Census Tract,41039002403,White,07/2022,1,0.5,0,
Census Tract,41039002403,White,08/2022,1,1,0,
Census Tract,41039002403,White,09/2022,0,0.5,2,
Census Tract,41039002403,White,10/2022,2,0,0,
Census Tract,41039002403,White,11/2022,0,0.5,1,
Census Tract,41039002403,White,12/2022,1,0.5,0,
Census Tract,41039002403,White,01/2023,1,0.5,0.75,
Census Tract,41039002403,White,02/2023,1,0.5,0.5,
Census Tract,41039002403,White,03/2023,0,0,0,
Census Tract,41039002403,White,04/2023,0,0,0,
Census Tract,41039002403,White,05/2023,1,0.5,0,
Census Tract,41039002403,White,06/2023,0,0,0,
Census Tract,41039002403,White,07/2023,0,0.5,0,
Census Tract,41039002403,White,08/2023,1,1,0,
Census Tract,41039002403,White,09/2023,1,0.5,2,
Census Tract,41039002403,White,10/2023,0,0,0,
Census Tract,41039002403,White,11/2023,0,0.5,1,
Census Tract,41039002403,White,12/2023,1,0.5,0,
Census Tract,41039002403,White,01/2024,0,0.5,0.75,
Census Tract,41039002403,White,02/2024,0,0.5,0.5,
Census Tract,41039002403,White,03/2024,0,0,0,
Census Tract,41039002403,White,04/2024,0,0,0,
Census Tract,41039002403,White,05/2024,0,0.5,0,
Census Tract,41039002403,White,06/2024,0,0,0,
Census Tract,41039002403,White,07/2024,1,0.5,0,
Census Tract,41039002403,White,08/2024,1,1,0,
Census Tract,41039002403,White,09/2024,0,0.5,2,
Census Tract,41039002403,White,10/2024,0,0,0,
Census Tract,41039002403,White,11/2024,1,0.5,1,
Census Tract,41039002403,White,12/2024,0,0.5,0,
Census Tract,41039002403,White,01/2025,1,0.5,0.75,
Census Tract,41039002403,White,02/2025,2,0.5,0.5,
Census Tract,41039002403,White,03/2025,0,0,0,
Census Tract,41039002403,White,04/2025,0,0,0,
Census Tract,41039002403,White,05/2025,1,0.5,0,
Census Tract,41039002403,White,06/2025,0,0,0,
Census Tract,41039002403,White,07/2025,2,0.5,0,
Census Tract,41039002403,White,08/2025,0,1,0,
Census Tract,41039002403,White,09/2025,0,0.5,2,
Census Tract,41039002403,White,10/2025,1,0,0,
Census Tract,41039002403,White,11/2025,0,0.5,1,
Census Tract,41039002403,White,12/2025,2,0.5,0,
Census Tract,41039002403,White,01/2026,0,0.5,0.75,
Census Tract,41039002403,White,02/2026,1,0.5,0.5,
Census Tract,41039002403,White,03/2026,0,0,0,
Census Tract,41039002403,White,04/2026,0,0,0,
Census Tract,41039002403,White,05/2026,0,0.5,0,
Census Tract,41039002403,White,06/2026,0,0,0,2026-06-06
Census Tract,41039002404,White,01/2020,0,0,1,
Census Tract,41039002404,White,02/2020,0,1.5,1,
Census Tract,41039002404,White,03/2020,0,1.5,0.5,
Census Tract,41039002404,White,04/2020,0,0.5,0.5,
Census Tract,41039002404,White,05/2020,0,2,0.75,
Census Tract,41039002404,White,06/2020,0,0.5,2.25,
Census Tract,41039002404,White,07/2020,0,1.5,0.5,
Census Tract,41039002404,White,08/2020,1,0.5,1,
Census Tract,41039002404,White,09/2020,0,2.5,1,
Census Tract,41039002404,White,10/2020,1,2,0.25,
Census Tract,41039002404,White,11/2020,0,0,0.25,
Census Tract,41039002404,White,12/2020,0,1,1,
Census Tract,41039002404,White,01/2021,0,0,1,
Census Tract,41039002404,White,02/2021,1,1.5,1,
Census Tract,41039002404,White,03/2021,1,1.5,0.5,
Census Tract,41039002404,White,04/2021,0,0.5,0.5,
Census Tract,41039002404,White,05/2021,1,2,0.75,
Census Tract,41039002404,White,06/2021,0,0.5,2.25,
Census Tract,41039002404,White,07/2021,1,1.5,0.5,
Census Tract,41039002404,White,08/2021,0,0.5,1,
Census Tract,41039002404,White,09/2021,1,2.5,1,
Census Tract,41039002404,White,10/2021,0,2,0.25,
Census Tract,41039002404,White,11/2021,0,0,0.25,
Census Tract,41039002404,White,12/2021,0,1,1,
Census Tract,41039002404,White,01/2022,1,0,1,
Census Tract,41039002404,White,02/2022,2,1.5,1,
Census Tract,41039002404,White,03/2022,3,1.5,0.5,
Census Tract,41039002404,White,04/2022,1,0.5,0.5,
Census Tract,41039002404,White,05/2022,0,2,0.75,
Census Tract,41039002404,White,06/2022,0,0.5,2.25,
Census Tract,41039002404,White,07/2022,4,1.5,0.5,
Census Tract,41039002404,White,08/2022,0,0.5,1,
Census Tract,41039002404,White,09/2022,1,2.5,1,
Census Tract,41039002404,White,10/2022,0,2,0.25,
Census Tract,41039002404,White,11/2022,0,0,0.25,
Census Tract,41039002404,White,12/2022,1,1,1,
Census Tract,41039002404,White,01/2023,0,0,1,
Census Tract,41039002404,White,02/2023,1,1.5,1,
Census Tract,41039002404,White,03/2023,2,1.5,0.5,
Census Tract,41039002404,White,04/2023,1,0.5,0.5,
Census Tract,41039002404,White,05/2023,0,2,0.75,
Census Tract,41039002404,White,06/2023,1,0.5,2.25,
Census Tract,41039002404,White,07/2023,0,1.5,0.5,
Census Tract,41039002404,White,08/2023,0,0.5,1,
Census Tract,41039002404,White,09/2023,3,2.5,1,
Census Tract,41039002404,White,10/2023,1,2,0.25,
Census Tract,41039002404,White,11/2023,0,0,0.25,
Census Tract,41039002404,White,12/2023,1,1,1,
Census Tract,41039002404,White,01/2024,0,0,1,
Census Tract,41039002404,White,02/2024,2,1.5,1,
Census Tract,41039002404,White,03/2024,1,1.5,0.5,
Census Tract,41039002404,White,04/2024,0,0.5,0.5,
Census Tract,41039002404,White,05/2024,4,2,0.75,
Census Tract,41039002404,White,06/2024,0,0.5,2.25,
Census Tract,41039002404,White,07/2024,3,1.5,0.5,
Census Tract,41039002404,White,08/2024,1,0.5,1,
Census Tract,41039002404,White,09/2024,2,2.5,1,
Census Tract,41039002404,White,10/2024,3,2,0.25,
Census Tract,41039002404,White,11/2024,0,0,0.25,
Census Tract,41039002404,White,12/2024,1,1,1,
Census Tract,41039002404,White,01/2025,1,0,1,
Census Tract,41039002404,White,02/2025,0,1.5,1,
Census Tract,41039002404,White,03/2025,1,1.5,0.5,
Census Tract,41039002404,White,04/2025,2,0.5,0.5,
Census Tract,41039002404,White,05/2025,0,2,0.75,
Census Tract,41039002404,White,06/2025,0,0.5,2.25,
Census Tract,41039002404,White,07/2025,1,1.5,0.5,
Census Tract,41039002404,White,08/2025,1,0.5,1,
Census Tract,41039002404,White,09/2025,2,2.5,1,
Census Tract,41039002404,White,10/2025,1,2,0.25,
Census Tract,41039002404,White,11/2025,2,0,0.25,
Census Tract,41039002404,White,12/2025,2,1,1,
Census Tract,41039002404,White,01/2026,2,0,1,
Census Tract,41039002404,White,02/2026,0,1.5,1,
Census Tract,41039002404,White,03/2026,1,1.5,0.5,
Census Tract,41039002404,White,04/2026,1,0.5,0.5,
Census Tract,41039002404,White,05/2026,2,2,0.75,
Census Tract,41039002404,White,06/2026,0,0,0.25,2026-06-06
Census Tract,41039002501,White,01/2020,3,2,1.75,
Census Tract,41039002501,White,02/2020,0,2,1.75,
Census Tract,41039002501,White,03/2020,0,2,1.25,
Census Tract,41039002501,White,04/2020,1,1.5,1.5,
Census Tract,41039002501,White,05/2020,0,1,2.5,
Census Tract,41039002501,White,06/2020,0,1,1.5,
Census Tract,41039002501,White,07/2020,0,2.5,1.75,
Census Tract,41039002501,White,08/2020,0,4,1.25,
Census Tract,41039002501,White,09/2020,0,3,1,
Census Tract,41039002501,White,10/2020,1,1.5,1.5,
Census Tract,41039002501,White,11/2020,0,2.5,1.5,
Census Tract,41039002501,White,12/2020,1,1,1.5,
Census Tract,41039002501,White,01/2021,0,2,1.75,
Census Tract,41039002501,White,02/2021,0,2,1.75,
Census Tract,41039002501,White,03/2021,1,2,1.25,
Census Tract,41039002501,White,04/2021,1,1.5,1.5,
Census Tract,41039002501,White,05/2021,0,1,2.5,
Census Tract,41039002501,White,06/2021,1,1,1.5,
Census Tract,41039002501,White,07/2021,0,2.5,1.75,
Census Tract,41039002501,White,08/2021,0,4,1.25,
Census Tract,41039002501,White,09/2021,1,3,1,
Census Tract,41039002501,White,10/2021,1,1.5,1.5,
Census Tract,41039002501,White,11/2021,1,2.5,1.5,
Census Tract,41039002501,White,12/2021,0,1,1.5,
Census Tract,41039002501,White,01/2022,3,2,1.75,
Census Tract,41039002501,White,02/2022,0,2,1.75,
Census Tract,41039002501,White,03/2022,1,2,1.25,
Census Tract,41039002501,White,04/2022,0,1.5,1.5,
Census Tract,41039002501,White,05/2022,0,1,2.5,
Census Tract,41039002501,White,06/2022,0,1,1.5,
Census Tract,41039002501,White,07/2022,0,2.5,1.75,
Census Tract,41039002501,White,08/2022,1,4,1.25,
Census Tract,41039002501,White,09/2022,3,3,1,
Census Tract,41039002501,White,10/2022,0,1.5,1.5,
Census Tract,41039002501,White,11/2022,1,2.5,1.5,
Census Tract,41039002501,White,12/2022,1,1,1.5,
Census Tract,41039002501,White,01/2023,0,2,1.75,
Census Tract,41039002501,White,02/2023,1,2,1.75,
Census Tract,41039002501,White,03/2023,3,2,1.25,
Census Tract,41039002501,White,04/2023,1,1.5,1.5,
Census Tract,41039002501,White,05/2023,1,1,2.5,
Census Tract,41039002501,White,06/2023,0,1,1.5,
Census Tract,41039002501,White,07/2023,0,2.5,1.75,
Census Tract,41039002501,White,08/2023,6,4,1.25,
Census Tract,41039002501,White,09/2023,4,3,1,
Census Tract,41039002501,White,10/2023,1,1.5,1.5,
Census Tract,41039002501,White,11/2023,2,2.5,1.5,
Census Tract,41039002501,White,12/2023,1,1,1.5,
Census Tract,41039002501,White,01/2024,4,2,1.75,
Census Tract,41039002501,White,02/2024,3,2,1.75,
Census Tract,41039002501,White,03/2024,1,2,1.25,
Census Tract,41039002501,White,04/2024,2,1.5,1.5,
Census Tract,41039002501,White,05/2024,1,1,2.5,
Census Tract,41039002501,White,06/2024,2,1,1.5,
Census Tract,41039002501,White,07/2024,5,2.5,1.75,
Census Tract,41039002501,White,08/2024,2,4,1.25,
Census Tract,41039002501,White,09/2024,2,3,1,
Census Tract,41039002501,White,10/2024,2,1.5,1.5,
Census Tract,41039002501,White,11/2024,3,2.5,1.5,
Census Tract,41039002501,White,12/2024,1,1,1.5,
Census Tract,41039002501,White,01/2025,0,2,1.75,
Census Tract,41039002501,White,02/2025,0,2,1.75,
Census Tract,41039002501,White,03/2025,0,2,1.25,
Census Tract,41039002501,White,04/2025,1,1.5,1.5,
Census Tract,41039002501,White,05/2025,1,1,2.5,
Census Tract,41039002501,White,06/2025,0,1,1.5,
Census Tract,41039002501,White,07/2025,1,2.5,1.75,
Census Tract,41039002501,White,08/2025,1,4,1.25,
Census Tract,41039002501,White,09/2025,2,3,1,
Census Tract,41039002501,White,10/2025,2,1.5,1.5,
Census Tract,41039002501,White,11/2025,0,2.5,1.5,
Census Tract,41039002501,White,12/2025,1,1,1.5,
Census Tract,41039002501,White,01/2026,2,2,1.75,
Census Tract,41039002501,White,02/2026,0,2,1.75,
Census Tract,41039002501,White,03/2026,7,2,1.25,
Census Tract,41039002501,White,04/2026,0,1.5,1.5,
Census Tract,41039002501,White,05/2026,3,1,2.5,
Census Tract,41039002501,White,06/2026,0,0,0.25,2026-06-06
Census Tract,41039002504,White,01/2020,0,9,4.25,
Census Tract,41039002504,White,02/2020,1,0,3.25,
Census Tract,41039002504,White,03/2020,2,3,2.25,
Census Tract,41039002504,White,04/2020,0,2.5,2,
Census Tract,41039002504,White,05/2020,0,2.5,3.25,
Census Tract,41039002504,White,06/2020,0,1,3.25,
Census Tract,41039002504,White,07/2020,0,3,4.25,
Census Tract,41039002504,White,08/2020,0,3.5,3.5,
Census Tract,41039002504,White,09/2020,0,2.5,3.25,
Census Tract,41039002504,White,10/2020,0,2.5,4.25,
Census Tract,41039002504,White,11/2020,0,5.5,4.25,
Census Tract,41039002504,White,12/2020,0,3.5,2,
Census Tract,41039002504,White,01/2021,0,9,4.25,
Census Tract,41039002504,White,02/2021,1,0,3.25,
Census Tract,41039002504,White,03/2021,0,3,2.25,
Census Tract,41039002504,White,04/2021,0,2.5,2,
Census Tract,41039002504,White,05/2021,1,2.5,3.25,
Census Tract,41039002504,White,06/2021,0,1,3.25,
Census Tract,41039002504,White,07/2021,0,3,4.25,
Census Tract,41039002504,White,08/2021,0,3.5,3.5,
Census Tract,41039002504,White,09/2021,0,2.5,3.25,
Census Tract,41039002504,White,10/2021,1,2.5,4.25,
Census Tract,41039002504,White,11/2021,2,5.5,4.25,
Census Tract,41039002504,White,12/2021,0,3.5,2,
Census Tract,41039002504,White,01/2022,0,9,4.25,
Census Tract,41039002504,White,02/2022,0,0,3.25,
Census Tract,41039002504,White,03/2022,0,3,2.25,
Census Tract,41039002504,White,04/2022,1,2.5,2,
Census Tract,41039002504,White,05/2022,0,2.5,3.25,
Census Tract,41039002504,White,06/2022,3,1,3.25,
Census Tract,41039002504,White,07/2022,1,3,4.25,
Census Tract,41039002504,White,08/2022,2,3.5,3.5,
Census Tract,41039002504,White,09/2022,4,2.5,3.25,
Census Tract,41039002504,White,10/2022,2,2.5,4.25,
Census Tract,41039002504,White,11/2022,1,5.5,4.25,
Census Tract,41039002504,White,12/2022,2,3.5,2,
Census Tract,41039002504,White,01/2023,13,9,4.25,
Census Tract,41039002504,White,02/2023,0,0,3.25,
Census Tract,41039002504,White,03/2023,1,3,2.25,
Census Tract,41039002504,White,04/2023,0,2.5,2,
Census Tract,41039002504,White,05/2023,0,2.5,3.25,
Census Tract,41039002504,White,06/2023,2,1,3.25,
Census Tract,41039002504,White,07/2023,1,3,4.25,
Census Tract,41039002504,White,08/2023,5,3.5,3.5,
Census Tract,41039002504,White,09/2023,1,2.5,3.25,
Census Tract,41039002504,White,10/2023,4,2.5,4.25,
Census Tract,41039002504,White,11/2023,0,5.5,4.25,
Census Tract,41039002504,White,12/2023,2,3.5,2,
Census Tract,41039002504,White,01/2024,5,9,4.25,
Census Tract,41039002504,White,02/2024,0,0,3.25,
Census Tract,41039002504,White,03/2024,5,3,2.25,
Census Tract,41039002504,White,04/2024,5,2.5,2,
Census Tract,41039002504,White,05/2024,5,2.5,3.25,
Census Tract,41039002504,White,06/2024,0,1,3.25,
Census Tract,41039002504,White,07/2024,5,3,4.25,
Census Tract,41039002504,White,08/2024,2,3.5,3.5,
Census Tract,41039002504,White,09/2024,4,2.5,3.25,
Census Tract,41039002504,White,10/2024,1,2.5,4.25,
Census Tract,41039002504,White,11/2024,11,5.5,4.25,
Census Tract,41039002504,White,12/2024,5,3.5,2,
Census Tract,41039002504,White,01/2025,1,9,4.25,
Census Tract,41039002504,White,02/2025,8,0,3.25,
Census Tract,41039002504,White,03/2025,1,3,2.25,
Census Tract,41039002504,White,04/2025,7,2.5,2,
Census Tract,41039002504,White,05/2025,7,2.5,3.25,
Census Tract,41039002504,White,06/2025,3,1,3.25,
Census Tract,41039002504,White,07/2025,9,3,4.25,
Census Tract,41039002504,White,08/2025,1,3.5,3.5,
Census Tract,41039002504,White,09/2025,10,2.5,3.25,
Census Tract,41039002504,White,10/2025,5,2.5,4.25,
Census Tract,41039002504,White,11/2025,10,5.5,4.25,
Census Tract,41039002504,White,12/2025,2,3.5,2,
Census Tract,41039002504,White,01/2026,3,9,4.25,
Census Tract,41039002504,White,02/2026,6,0,3.25,
Census Tract,41039002504,White,03/2026,6,3,2.25,
Census Tract,41039002504,White,04/2026,7,2.5,2,
Census Tract,41039002504,White,05/2026,7,2.5,3.25,
Census Tract,41039002504,White,06/2026,1,0,0,2026-06-06
Census Tract,41039002505,White,01/2020,7,2,3.5,
Census Tract,41039002505,White,02/2020,0,0,1.75,
Census Tract,41039002505,White,03/2020,0,1,3.25,
Census Tract,41039002505,White,04/2020,0,0.5,1.75,
Census Tract,41039002505,White,05/2020,0,1.5,4.5,
Census Tract,41039002505,White,06/2020,0,0.5,5.25,
Census Tract,41039002505,White,07/2020,0,2.5,3.75,
Census Tract,41039002505,White,08/2020,0,1,3.5,
Census Tract,41039002505,White,09/2020,0,0.5,3,
Census Tract,41039002505,White,10/2020,1,1,3.5,
Census Tract,41039002505,White,11/2020,0,1.5,2.75,
Census Tract,41039002505,White,12/2020,0,1.5,4.25,
Census Tract,41039002505,White,01/2021,0,2,3.5,
Census Tract,41039002505,White,02/2021,2,0,1.75,
Census Tract,41039002505,White,03/2021,2,1,3.25,
Census Tract,41039002505,White,04/2021,2,0.5,1.75,
Census Tract,41039002505,White,05/2021,0,1.5,4.5,
Census Tract,41039002505,White,06/2021,1,0.5,5.25,
Census Tract,41039002505,White,07/2021,0,2.5,3.75,
Census Tract,41039002505,White,08/2021,0,1,3.5,
Census Tract,41039002505,White,09/2021,0,0.5,3,
Census Tract,41039002505,White,10/2021,0,1,3.5,
Census Tract,41039002505,White,11/2021,0,1.5,2.75,
Census Tract,41039002505,White,12/2021,0,1.5,4.25,
Census Tract,41039002505,White,01/2022,0,2,3.5,
Census Tract,41039002505,White,02/2022,0,0,1.75,
Census Tract,41039002505,White,03/2022,1,1,3.25,
Census Tract,41039002505,White,04/2022,4,0.5,1.75,
Census Tract,41039002505,White,05/2022,2,1.5,4.5,
Census Tract,41039002505,White,06/2022,2,0.5,5.25,
Census Tract,41039002505,White,07/2022,1,2.5,3.75,
Census Tract,41039002505,White,08/2022,0,1,3.5,
Census Tract,41039002505,White,09/2022,0,0.5,3,
Census Tract,41039002505,White,10/2022,1,1,3.5,
Census Tract,41039002505,White,11/2022,0,1.5,2.75,
Census Tract,41039002505,White,12/2022,1,1.5,4.25,
Census Tract,41039002505,White,01/2023,2,2,3.5,
Census Tract,41039002505,White,02/2023,0,0,1.75,
Census Tract,41039002505,White,03/2023,0,1,3.25,
Census Tract,41039002505,White,04/2023,1,0.5,1.75,
Census Tract,41039002505,White,05/2023,3,1.5,4.5,
Census Tract,41039002505,White,06/2023,0,0.5,5.25,
Census Tract,41039002505,White,07/2023,1,2.5,3.75,
Census Tract,41039002505,White,08/2023,2,1,3.5,
Census Tract,41039002505,White,09/2023,1,0.5,3,
Census Tract,41039002505,White,10/2023,1,1,3.5,
Census Tract,41039002505,White,11/2023,2,1.5,2.75,
Census Tract,41039002505,White,12/2023,1,1.5,4.25,
Census Tract,41039002505,White,01/2024,2,2,3.5,
Census Tract,41039002505,White,02/2024,0,0,1.75,
Census Tract,41039002505,White,03/2024,2,1,3.25,
Census Tract,41039002505,White,04/2024,0,0.5,1.75,
Census Tract,41039002505,White,05/2024,0,1.5,4.5,
Census Tract,41039002505,White,06/2024,1,0.5,5.25,
Census Tract,41039002505,White,07/2024,4,2.5,3.75,
Census Tract,41039002505,White,08/2024,0,1,3.5,
Census Tract,41039002505,White,09/2024,0,0.5,3,
Census Tract,41039002505,White,10/2024,1,1,3.5,
Census Tract,41039002505,White,11/2024,1,1.5,2.75,
Census Tract,41039002505,White,12/2024,2,1.5,4.25,
Census Tract,41039002505,White,01/2025,2,2,3.5,
Census Tract,41039002505,White,02/2025,1,0,1.75,
Census Tract,41039002505,White,03/2025,0,1,3.25,
Census Tract,41039002505,White,04/2025,1,0.5,1.75,
Census Tract,41039002505,White,05/2025,0,1.5,4.5,
Census Tract,41039002505,White,06/2025,0,0.5,5.25,
Census Tract,41039002505,White,07/2025,0,2.5,3.75,
Census Tract,41039002505,White,08/2025,0,1,3.5,
Census Tract,41039002505,White,09/2025,2,0.5,3,
Census Tract,41039002505,White,10/2025,4,1,3.5,
Census Tract,41039002505,White,11/2025,1,1.5,2.75,
Census Tract,41039002505,White,12/2025,2,1.5,4.25,
Census Tract,41039002505,White,01/2026,4,2,3.5,
Census Tract,41039002505,White,02/2026,2,0,1.75,
Census Tract,41039002505,White,03/2026,3,1,3.25,
Census Tract,41039002505,White,04/2026,1,0.5,1.75,
Census Tract,41039002505,White,05/2026,2,1.5,4.5,
Census Tract,41039002505,White,06/2026,0,0,0,2026-06-06
Census Tract,41039002506,White,01/2020,3,1.5,1,
Census Tract,41039002506,White,02/2020,0,1.5,0.75,
Census Tract,41039002506,White,03/2020,0,0.5,1.25,
Census Tract,41039002506,White,04/2020,0,0.5,0,
Census Tract,41039002506,White,05/2020,0,0,0,
Census Tract,41039002506,White,06/2020,0,0.5,0.75,
Census Tract,41039002506,White,07/2020,0,1,0.25,
Census Tract,41039002506,White,08/2020,0,0.5,0.75,
Census Tract,41039002506,White,09/2020,0,0.5,1,
Census Tract,41039002506,White,10/2020,0,1,0.25,
Census Tract,41039002506,White,11/2020,0,1,0.75,
Census Tract,41039002506,White,12/2020,0,0,0.5,
Census Tract,41039002506,White,01/2021,0,1.5,1,
Census Tract,41039002506,White,02/2021,0,1.5,0.75,
Census Tract,41039002506,White,03/2021,0,0.5,1.25,
Census Tract,41039002506,White,04/2021,0,0.5,0,
Census Tract,41039002506,White,05/2021,0,0,0,
Census Tract,41039002506,White,06/2021,0,0.5,0.75,
Census Tract,41039002506,White,07/2021,0,1,0.25,
Census Tract,41039002506,White,08/2021,1,0.5,0.75,
Census Tract,41039002506,White,09/2021,1,0.5,1,
Census Tract,41039002506,White,10/2021,0,1,0.25,
Census Tract,41039002506,White,11/2021,0,1,0.75,
Census Tract,41039002506,White,12/2021,0,0,0.5,
Census Tract,41039002506,White,01/2022,2,1.5,1,
Census Tract,41039002506,White,02/2022,0,1.5,0.75,
Census Tract,41039002506,White,03/2022,0,0.5,1.25,
Census Tract,41039002506,White,04/2022,2,0.5,0,
Census Tract,41039002506,White,05/2022,0,0,0,
Census Tract,41039002506,White,06/2022,0,0.5,0.75,
Census Tract,41039002506,White,07/2022,1,1,0.25,
Census Tract,41039002506,White,08/2022,0,0.5,0.75,
Census Tract,41039002506,White,09/2022,1,0.5,1,
Census Tract,41039002506,White,10/2022,0,1,0.25,
Census Tract,41039002506,White,11/2022,0,1,0.75,
Census Tract,41039002506,White,12/2022,0,0,0.5,
Census Tract,41039002506,White,01/2023,2,1.5,1,
Census Tract,41039002506,White,02/2023,1,1.5,0.75,
Census Tract,41039002506,White,03/2023,0,0.5,1.25,
Census Tract,41039002506,White,04/2023,0,0.5,0,
Census Tract,41039002506,White,05/2023,0,0,0,
Census Tract,41039002506,White,06/2023,1,0.5,0.75,
Census Tract,41039002506,White,07/2023,1,1,0.25,
Census Tract,41039002506,White,08/2023,1,0.5,0.75,
Census Tract,41039002506,White,09/2023,1,0.5,1,
Census Tract,41039002506,White,10/2023,1,1,0.25,
Census Tract,41039002506,White,11/2023,0,1,0.75,
Census Tract,41039002506,White,12/2023,0,0,0.5,
Census Tract,41039002506,White,01/2024,1,1.5,1,
Census Tract,41039002506,White,02/2024,2,1.5,0.75,
Census Tract,41039002506,White,03/2024,1,0.5,1.25,
Census Tract,41039002506,White,04/2024,1,0.5,0,
Census Tract,41039002506,White,05/2024,0,0,0,
Census Tract,41039002506,White,06/2024,0,0.5,0.75,
Census Tract,41039002506,White,07/2024,1,1,0.25,
Census Tract,41039002506,White,08/2024,0,0.5,0.75,
Census Tract,41039002506,White,09/2024,0,0.5,1,
Census Tract,41039002506,White,10/2024,1,1,0.25,
Census Tract,41039002506,White,11/2024,2,1,0.75,
Census Tract,41039002506,White,12/2024,0,0,0.5,
Census Tract,41039002506,White,01/2025,0,1.5,1,
Census Tract,41039002506,White,02/2025,0,1.5,0.75,
Census Tract,41039002506,White,03/2025,0,0.5,1.25,
Census Tract,41039002506,White,04/2025,0,0.5,0,
Census Tract,41039002506,White,05/2025,0,0,0,
Census Tract,41039002506,White,06/2025,2,0.5,0.75,
Census Tract,41039002506,White,07/2025,1,1,0.25,
Census Tract,41039002506,White,08/2025,2,0.5,0.75,
Census Tract,41039002506,White,09/2025,4,0.5,1,
Census Tract,41039002506,White,10/2025,0,1,0.25,
Census Tract,41039002506,White,11/2025,0,1,0.75,
Census Tract,41039002506,White,12/2025,0,0,0.5,
Census Tract,41039002506,White,01/2026,0,1.5,1,
Census Tract,41039002506,White,02/2026,0,1.5,0.75,
Census Tract,41039002506,White,03/2026,1,0.5,1.25,
Census Tract,41039002506,White,04/2026,3,0.5,0,
Census Tract,41039002506,White,05/2026,2,0,0,
Census Tract,41039002506,White,06/2026,0,0,0,2026-06-06
Census Tract,41039002600,White,01/2020,3,13.5,6.5,
Census Tract,41039002600,White,02/2020,4,5,7,
Census Tract,41039002600,White,03/2020,2,7.5,5,
Census Tract,41039002600,White,04/2020,0,2,5.5,
Census Tract,41039002600,White,05/2020,0,6,4.75,
Census Tract,41039002600,White,06/2020,0,5,6.75,
Census Tract,41039002600,White,07/2020,0,5.5,5.5,
Census Tract,41039002600,White,08/2020,1,8,6.5,
Census Tract,41039002600,White,09/2020,1,7,7.75,
Census Tract,41039002600,White,10/2020,0,3,6.75,
Census Tract,41039002600,White,11/2020,0,5.5,4,
Census Tract,41039002600,White,12/2020,2,5.5,7,
Census Tract,41039002600,White,01/2021,0,13.5,6.5,
Census Tract,41039002600,White,02/2021,0,5,7,
Census Tract,41039002600,White,03/2021,0,7.5,5,
Census Tract,41039002600,White,04/2021,2,2,5.5,
Census Tract,41039002600,White,05/2021,0,6,4.75,
Census Tract,41039002600,White,06/2021,2,5,6.75,
Census Tract,41039002600,White,07/2021,1,5.5,5.5,
Census Tract,41039002600,White,08/2021,0,8,6.5,
Census Tract,41039002600,White,09/2021,3,7,7.75,
Census Tract,41039002600,White,10/2021,6,3,6.75,
Census Tract,41039002600,White,11/2021,2,5.5,4,
Census Tract,41039002600,White,12/2021,1,5.5,7,
Census Tract,41039002600,White,01/2022,0,13.5,6.5,
Census Tract,41039002600,White,02/2022,0,5,7,
Census Tract,41039002600,White,03/2022,2,7.5,5,
Census Tract,41039002600,White,04/2022,0,2,5.5,
Census Tract,41039002600,White,05/2022,3,6,4.75,
Census Tract,41039002600,White,06/2022,6,5,6.75,
Census Tract,41039002600,White,07/2022,7,5.5,5.5,
Census Tract,41039002600,White,08/2022,4,8,6.5,
Census Tract,41039002600,White,09/2022,6,7,7.75,
Census Tract,41039002600,White,10/2022,5,3,6.75,
Census Tract,41039002600,White,11/2022,2,5.5,4,
Census Tract,41039002600,White,12/2022,2,5.5,7,
Census Tract,41039002600,White,01/2023,17,13.5,6.5,
Census Tract,41039002600,White,02/2023,7,5,7,
Census Tract,41039002600,White,03/2023,7,7.5,5,
Census Tract,41039002600,White,04/2023,1,2,5.5,
Census Tract,41039002600,White,05/2023,3,6,4.75,
Census Tract,41039002600,White,06/2023,5,5,6.75,
Census Tract,41039002600,White,07/2023,5,5.5,5.5,
Census Tract,41039002600,White,08/2023,7,8,6.5,
Census Tract,41039002600,White,09/2023,6,7,7.75,
Census Tract,41039002600,White,10/2023,2,3,6.75,
Census Tract,41039002600,White,11/2023,4,5.5,4,
Census Tract,41039002600,White,12/2023,4,5.5,7,
Census Tract,41039002600,White,01/2024,10,13.5,6.5,
Census Tract,41039002600,White,02/2024,3,5,7,
Census Tract,41039002600,White,03/2024,8,7.5,5,
Census Tract,41039002600,White,04/2024,3,2,5.5,
Census Tract,41039002600,White,05/2024,9,6,4.75,
Census Tract,41039002600,White,06/2024,5,5,6.75,
Census Tract,41039002600,White,07/2024,6,5.5,5.5,
Census Tract,41039002600,White,08/2024,9,8,6.5,
Census Tract,41039002600,White,09/2024,8,7,7.75,
Census Tract,41039002600,White,10/2024,4,3,6.75,
Census Tract,41039002600,White,11/2024,7,5.5,4,
Census Tract,41039002600,White,12/2024,7,5.5,7,
Census Tract,41039002600,White,01/2025,3,13.5,6.5,
Census Tract,41039002600,White,02/2025,10,5,7,
Census Tract,41039002600,White,03/2025,18,7.5,5,
Census Tract,41039002600,White,04/2025,3,2,5.5,
Census Tract,41039002600,White,05/2025,5,6,4.75,
Census Tract,41039002600,White,06/2025,7,5,6.75,
Census Tract,41039002600,White,07/2025,11,5.5,5.5,
Census Tract,41039002600,White,08/2025,9,8,6.5,
Census Tract,41039002600,White,09/2025,7,7,7.75,
Census Tract,41039002600,White,10/2025,3,3,6.75,
Census Tract,41039002600,White,11/2025,6,5.5,4,
Census Tract,41039002600,White,12/2025,7,5.5,7,
Census Tract,41039002600,White,01/2026,6,13.5,6.5,
Census Tract,41039002600,White,02/2026,4,5,7,
Census Tract,41039002600,White,03/2026,4,7.5,5,
Census Tract,41039002600,White,04/2026,5,2,5.5,
Census Tract,41039002600,White,05/2026,5,6,4.75,
Census Tract,41039002600,White,06/2026,2,0.5,1.75,2026-06-06
Census Tract,41039002700,White,01/2020,1,1.5,2.75,
Census Tract,41039002700,White,02/2020,0,1.5,1.75,
Census Tract,41039002700,White,03/2020,3,1,2.25,
Census Tract,41039002700,White,04/2020,0,1.5,2.5,
Census Tract,41039002700,White,05/2020,0,1.5,3.5,
Census Tract,41039002700,White,06/2020,0,0,3.25,
Census Tract,41039002700,White,07/2020,1,0.5,2.75,
Census Tract,41039002700,White,08/2020,1,1.5,2.5,
Census Tract,41039002700,White,09/2020,0,1.5,3,
Census Tract,41039002700,White,10/2020,0,1,1.5,
Census Tract,41039002700,White,11/2020,0,2,2.5,
Census Tract,41039002700,White,12/2020,0,1,2.25,
Census Tract,41039002700,White,01/2021,0,1.5,2.75,
Census Tract,41039002700,White,02/2021,0,1,1.75,
Census Tract,41039002700,White,03/2021,4,1,2.25,
Census Tract,41039002700,White,04/2021,2,1.5,2.5,
Census Tract,41039002700,White,05/2021,2,1.5,3.5,
Census Tract,41039002700,White,06/2021,0,0,3.25,
Census Tract,41039002700,White,07/2021,3,0.5,2.75,
Census Tract,41039002700,White,08/2021,3,1.5,2.5,
Census Tract,41039002700,White,09/2021,3,1.5,3,
Census Tract,41039002700,White,10/2021,1,1,1.5,
Census Tract,41039002700,White,11/2021,1,2,2.5,
Census Tract,41039002700,White,12/2021,1,1,2.25,
Census Tract,41039002700,White,01/2022,3,1.5,2.75,
Census Tract,41039002700,White,02/2022,1,1,1.75,
Census Tract,41039002700,White,03/2022,1,1,2.25,
Census Tract,41039002700,White,04/2022,1,1.5,2.5,
Census Tract,41039002700,White,05/2022,2,1.5,3.5,
Census Tract,41039002700,White,06/2022,2,0,3.25,
Census Tract,41039002700,White,07/2022,1,0.5,2.75,
Census Tract,41039002700,White,08/2022,1,1.5,2.5,
Census Tract,41039002700,White,09/2022,2,1.5,3,
Census Tract,41039002700,White,10/2022,0,1,1.5,
Census Tract,41039002700,White,11/2022,1,2,2.5,
Census Tract,41039002700,White,12/2022,1,1,2.25,
Census Tract,41039002700,White,01/2023,1,1.5,2.75,
Census Tract,41039002700,White,02/2023,1,1,1.75,
Census Tract,41039002700,White,03/2023,2,1,2.25,
Census Tract,41039002700,White,04/2023,0,1.5,2.5,
Census Tract,41039002700,White,05/2023,3,1.5,3.5,
Census Tract,41039002700,White,06/2023,0,0,3.25,
Census Tract,41039002700,White,07/2023,0,0.5,2.75,
Census Tract,41039002700,White,08/2023,1,1.5,2.5,
Census Tract,41039002700,White,09/2023,1,1.5,3,
Census Tract,41039002700,White,10/2023,2,1,1.5,
Census Tract,41039002700,White,11/2023,2,2,2.5,
Census Tract,41039002700,White,12/2023,1,1,2.25,
Census Tract,41039002700,White,01/2024,2,1.5,2.75,
Census Tract,41039002700,White,02/2024,2,1.5,1.75,
Census Tract,41039002700,White,03/2024,0,1,2.25,
Census Tract,41039002700,White,04/2024,3,1.5,2.5,
Census Tract,41039002700,White,05/2024,0,1.5,3.5,
Census Tract,41039002700,White,06/2024,0,0,3.25,
Census Tract,41039002700,White,07/2024,1,0.5,2.75,
Census Tract,41039002700,White,08/2024,2,1.5,2.5,
Census Tract,41039002700,White,09/2024,2,1.5,3,
Census Tract,41039002700,White,10/2024,0,1,1.5,
Census Tract,41039002700,White,11/2024,2,2,2.5,
Census Tract,41039002700,White,12/2024,1,1,2.25,
Census Tract,41039002700,White,01/2025,1,1.5,2.75,
Census Tract,41039002700,White,02/2025,1,1,1.75,
Census Tract,41039002700,White,03/2025,2,1,2.25,
Census Tract,41039002700,White,04/2025,1,1.5,2.5,
Census Tract,41039002700,White,05/2025,1,1.5,3.5,
Census Tract,41039002700,White,06/2025,1,0,3.25,
Census Tract,41039002700,White,07/2025,2,0.5,2.75,
Census Tract,41039002700,White,08/2025,1,1.5,2.5,
Census Tract,41039002700,White,09/2025,7,1.5,3,
Census Tract,41039002700,White,10/2025,2,1,1.5,
Census Tract,41039002700,White,11/2025,1,2,2.5,
Census Tract,41039002700,White,12/2025,3,1,2.25,
Census Tract,41039002700,White,01/2026,2,1.5,2.75,
Census Tract,41039002700,White,02/2026,1,1,1.75,
Census Tract,41039002700,White,03/2026,4,1,2.25,
Census Tract,41039002700,White,04/2026,3,1.5,2.5,
Census Tract,41039002700,White,05/2026,5,1.5,3.5,
Census Tract,41039002700,White,06/2026,0,0,0.25,2026-06-06
Census Tract,41039002800,White,01/2020,3,6,2.25,
Census Tract,41039002800,White,02/2020,4,5,5.5,
Census Tract,41039002800,White,03/2020,0,5.5,2,
Census Tract,41039002800,White,04/2020,0,1.5,3,
Census Tract,41039002800,White,05/2020,0,5.5,3.5,
Census Tract,41039002800,White,06/2020,0,2,4.75,
Census Tract,41039002800,White,07/2020,0,6,3.5,
Census Tract,41039002800,White,08/2020,0,3,3.25,
Census Tract,41039002800,White,09/2020,0,6,2.5,
Census Tract,41039002800,White,10/2020,0,5.5,3,
Census Tract,41039002800,White,11/2020,0,4.5,4,
Census Tract,41039002800,White,12/2020,0,5.5,4.75,
Census Tract,41039002800,White,01/2021,0,6,2.25,
Census Tract,41039002800,White,02/2021,0,5,5.5,
Census Tract,41039002800,White,03/2021,2,5.5,2,
Census Tract,41039002800,White,04/2021,3,1.5,3,
Census Tract,41039002800,White,05/2021,0,5.5,3.5,
Census Tract,41039002800,White,06/2021,2,2,4.75,
Census Tract,41039002800,White,07/2021,0,6,3.5,
Census Tract,41039002800,White,08/2021,1,3,3.25,
Census Tract,41039002800,White,09/2021,0,6,2.5,
Census Tract,41039002800,White,10/2021,1,5.5,3,
Census Tract,41039002800,White,11/2021,0,4.5,4,
Census Tract,41039002800,White,12/2021,0,5.5,4.75,
Census Tract,41039002800,White,01/2022,5,6,2.25,
Census Tract,41039002800,White,02/2022,1,5,5.5,
Census Tract,41039002800,White,03/2022,1,5.5,2,
Census Tract,41039002800,White,04/2022,4,1.5,3,
Census Tract,41039002800,White,05/2022,0,5.5,3.5,
Census Tract,41039002800,White,06/2022,0,2,4.75,
Census Tract,41039002800,White,07/2022,1,6,3.5,
Census Tract,41039002800,White,08/2022,3,3,3.25,
Census Tract,41039002800,White,09/2022,0,6,2.5,
Census Tract,41039002800,White,10/2022,15,5.5,3,
Census Tract,41039002800,White,11/2022,3,4.5,4,
Census Tract,41039002800,White,12/2022,4,5.5,4.75,
Census Tract,41039002800,White,01/2023,9,6,2.25,
Census Tract,41039002800,White,02/2023,4,5,5.5,
Census Tract,41039002800,White,03/2023,6,5.5,2,
Census Tract,41039002800,White,04/2023,0,1.5,3,
Census Tract,41039002800,White,05/2023,2,5.5,3.5,
Census Tract,41039002800,White,06/2023,3,2,4.75,
Census Tract,41039002800,White,07/2023,4,6,3.5,
Census Tract,41039002800,White,08/2023,4,3,3.25,
Census Tract,41039002800,White,09/2023,9,6,2.5,
Census Tract,41039002800,White,10/2023,4,5.5,3,
Census Tract,41039002800,White,11/2023,4,4.5,4,
Census Tract,41039002800,White,12/2023,6,5.5,4.75,
Census Tract,41039002800,White,01/2024,3,6,2.25,
Census Tract,41039002800,White,02/2024,6,5,5.5,
Census Tract,41039002800,White,03/2024,5,5.5,2,
Census Tract,41039002800,White,04/2024,3,1.5,3,
Census Tract,41039002800,White,05/2024,9,5.5,3.5,
Census Tract,41039002800,White,06/2024,1,2,4.75,
Census Tract,41039002800,White,07/2024,8,6,3.5,
Census Tract,41039002800,White,08/2024,2,3,3.25,
Census Tract,41039002800,White,09/2024,3,6,2.5,
Census Tract,41039002800,White,10/2024,7,5.5,3,
Census Tract,41039002800,White,11/2024,5,4.5,4,
Census Tract,41039002800,White,12/2024,5,5.5,4.75,
Census Tract,41039002800,White,01/2025,2,6,2.25,
Census Tract,41039002800,White,02/2025,3,5,5.5,
Census Tract,41039002800,White,03/2025,4,5.5,2,
Census Tract,41039002800,White,04/2025,4,1.5,3,
Census Tract,41039002800,White,05/2025,2,5.5,3.5,
Census Tract,41039002800,White,06/2025,3,2,4.75,
Census Tract,41039002800,White,07/2025,6,6,3.5,
Census Tract,41039002800,White,08/2025,6,3,3.25,
Census Tract,41039002800,White,09/2025,3,6,2.5,
Census Tract,41039002800,White,10/2025,2,5.5,3,
Census Tract,41039002800,White,11/2025,3,4.5,4,
Census Tract,41039002800,White,12/2025,5,5.5,4.75,
Census Tract,41039002800,White,01/2026,5,6,2.25,
Census Tract,41039002800,White,02/2026,2,5,5.5,
Census Tract,41039002800,White,03/2026,3,5.5,2,
Census Tract,41039002800,White,04/2026,6,1.5,3,
Census Tract,41039002800,White,05/2026,10,5.5,3.5,
Census Tract,41039002800,White,06/2026,1,0,0,2026-06-06
Census Tract,41039002902,White,01/2020,1,2,1.25,
Census Tract,41039002902,White,02/2020,0,3,1.5,
Census Tract,41039002902,White,03/2020,0,1.5,0.5,
Census Tract,41039002902,White,04/2020,0,0,1.25,
Census Tract,41039002902,White,05/2020,0,2,0.75,
Census Tract,41039002902,White,06/2020,0,2,2.25,
Census Tract,41039002902,White,07/2020,0,2.5,2,
Census Tract,41039002902,White,08/2020,0,2,2,
Census Tract,41039002902,White,09/2020,0,1,1.75,
Census Tract,41039002902,White,10/2020,0,2,0.75,
Census Tract,41039002902,White,11/2020,1,1,1.25,
Census Tract,41039002902,White,12/2020,0,3,0.75,
Census Tract,41039002902,White,01/2021,0,2,1.25,
Census Tract,41039002902,White,02/2021,0,3,1.5,
Census Tract,41039002902,White,03/2021,0,1.5,0.5,
Census Tract,41039002902,White,04/2021,1,0,1.25,
Census Tract,41039002902,White,05/2021,0,2,0.75,
Census Tract,41039002902,White,06/2021,0,2,2.25,
Census Tract,41039002902,White,07/2021,1,2.5,2,
Census Tract,41039002902,White,08/2021,1,2,2,
Census Tract,41039002902,White,09/2021,1,1,1.75,
Census Tract,41039002902,White,10/2021,0,2,0.75,
Census Tract,41039002902,White,11/2021,0,1,1.25,
Census Tract,41039002902,White,12/2021,2,3,0.75,
Census Tract,41039002902,White,01/2022,0,2,1.25,
Census Tract,41039002902,White,02/2022,1,3,1.5,
Census Tract,41039002902,White,03/2022,0,1.5,0.5,
Census Tract,41039002902,White,04/2022,1,0,1.25,
Census Tract,41039002902,White,05/2022,3,2,0.75,
Census Tract,41039002902,White,06/2022,2,2,2.25,
Census Tract,41039002902,White,07/2022,4,2.5,2,
Census Tract,41039002902,White,08/2022,3,2,2,
Census Tract,41039002902,White,09/2022,4,1,1.75,
Census Tract,41039002902,White,10/2022,3,2,0.75,
Census Tract,41039002902,White,11/2022,0,1,1.25,
Census Tract,41039002902,White,12/2022,4,3,0.75,
Census Tract,41039002902,White,01/2023,2,2,1.25,
Census Tract,41039002902,White,02/2023,1,3,1.5,
Census Tract,41039002902,White,03/2023,1,1.5,0.5,
Census Tract,41039002902,White,04/2023,0,0,1.25,
Census Tract,41039002902,White,05/2023,1,2,0.75,
Census Tract,41039002902,White,06/2023,3,2,2.25,
Census Tract,41039002902,White,07/2023,1,2.5,2,
Census Tract,41039002902,White,08/2023,3,2,2,
Census Tract,41039002902,White,09/2023,1,1,1.75,
Census Tract,41039002902,White,10/2023,1,2,0.75,
Census Tract,41039002902,White,11/2023,1,1,1.25,
Census Tract,41039002902,White,12/2023,3,3,0.75,
Census Tract,41039002902,White,01/2024,2,2,1.25,
Census Tract,41039002902,White,02/2024,5,3,1.5,
Census Tract,41039002902,White,03/2024,2,1.5,0.5,
Census Tract,41039002902,White,04/2024,0,0,1.25,
Census Tract,41039002902,White,05/2024,3,2,0.75,
Census Tract,41039002902,White,06/2024,1,2,2.25,
Census Tract,41039002902,White,07/2024,4,2.5,2,
Census Tract,41039002902,White,08/2024,1,2,2,
Census Tract,41039002902,White,09/2024,1,1,1.75,
Census Tract,41039002902,White,10/2024,3,2,0.75,
Census Tract,41039002902,White,11/2024,1,1,1.25,
Census Tract,41039002902,White,12/2024,3,3,0.75,
Census Tract,41039002902,White,01/2025,1,2,1.25,
Census Tract,41039002902,White,02/2025,3,3,1.5,
Census Tract,41039002902,White,03/2025,3,1.5,0.5,
Census Tract,41039002902,White,04/2025,3,0,1.25,
Census Tract,41039002902,White,05/2025,1,2,0.75,
Census Tract,41039002902,White,06/2025,1,2,2.25,
Census Tract,41039002902,White,07/2025,4,2.5,2,
Census Tract,41039002902,White,08/2025,5,2,2,
Census Tract,41039002902,White,09/2025,3,1,1.75,
Census Tract,41039002902,White,10/2025,7,2,0.75,
Census Tract,41039002902,White,11/2025,2,1,1.25,
Census Tract,41039002902,White,12/2025,1,3,0.75,
Census Tract,41039002902,White,01/2026,2,2,1.25,
Census Tract,41039002902,White,02/2026,1,3,1.5,
Census Tract,41039002902,White,03/2026,2,1.5,0.5,
Census Tract,41039002902,White,04/2026,7,0,1.25,
Census Tract,41039002902,White,05/2026,3,2,0.75,
Census Tract,41039002902,White,06/2026,1,0.5,0,2026-06-06
Census Tract,41039002903,White,01/2020,1,1,0,
Census Tract,41039002903,White,02/2020,0,0,0.5,
Census Tract,41039002903,White,03/2020,0,0.5,0.75,
Census Tract,41039002903,White,04/2020,0,0,0.25,
Census Tract,41039002903,White,05/2020,0,0.5,0.25,
Census Tract,41039002903,White,06/2020,0,0,0,
Census Tract,41039002903,White,07/2020,0,0,0.25,
Census Tract,41039002903,White,08/2020,0,0,0.25,
Census Tract,41039002903,White,09/2020,0,0,0.25,
Census Tract,41039002903,White,10/2020,0,1,0.25,
Census Tract,41039002903,White,11/2020,2,0.5,0.5,
Census Tract,41039002903,White,12/2020,0,0.5,0.25,
Census Tract,41039002903,White,01/2021,0,1,0,
Census Tract,41039002903,White,02/2021,0,0,0.5,
Census Tract,41039002903,White,03/2021,0,0.5,0.75,
Census Tract,41039002903,White,04/2021,0,0,0.25,
Census Tract,41039002903,White,05/2021,0,0.5,0.25,
Census Tract,41039002903,White,06/2021,1,0,0,
Census Tract,41039002903,White,07/2021,1,0,0.25,
Census Tract,41039002903,White,08/2021,0,0,0.25,
Census Tract,41039002903,White,09/2021,0,0,0.25,
Census Tract,41039002903,White,10/2021,0,1,0.25,
Census Tract,41039002903,White,11/2021,0,0.5,0.5,
Census Tract,41039002903,White,12/2021,0,0.5,0.25,
Census Tract,41039002903,White,01/2022,0,1,0,
Census Tract,41039002903,White,02/2022,0,0,0.5,
Census Tract,41039002903,White,03/2022,0,0.5,0.75,
Census Tract,41039002903,White,04/2022,0,0,0.25,
Census Tract,41039002903,White,05/2022,0,0.5,0.25,
Census Tract,41039002903,White,06/2022,1,0,0,
Census Tract,41039002903,White,07/2022,0,0,0.25,
Census Tract,41039002903,White,08/2022,0,0,0.25,
Census Tract,41039002903,White,09/2022,0,0,0.25,
Census Tract,41039002903,White,10/2022,0,1,0.25,
Census Tract,41039002903,White,11/2022,2,0.5,0.5,
Census Tract,41039002903,White,12/2022,0,0.5,0.25,
Census Tract,41039002903,White,01/2023,2,1,0,
Census Tract,41039002903,White,02/2023,0,0,0.5,
Census Tract,41039002903,White,03/2023,1,0.5,0.75,
Census Tract,41039002903,White,04/2023,0,0,0.25,
Census Tract,41039002903,White,05/2023,1,0.5,0.25,
Census Tract,41039002903,White,06/2023,0,0,0,
Census Tract,41039002903,White,07/2023,0,0,0.25,
Census Tract,41039002903,White,08/2023,0,0,0.25,
Census Tract,41039002903,White,09/2023,0,0,0.25,
Census Tract,41039002903,White,10/2023,0,1,0.25,
Census Tract,41039002903,White,11/2023,0,0.5,0.5,
Census Tract,41039002903,White,12/2023,1,0.5,0.25,
Census Tract,41039002903,White,01/2024,0,1,0,
Census Tract,41039002903,White,02/2024,0,0,0.5,
Census Tract,41039002903,White,03/2024,0,0.5,0.75,
Census Tract,41039002903,White,04/2024,0,0,0.25,
Census Tract,41039002903,White,05/2024,0,0.5,0.25,
Census Tract,41039002903,White,06/2024,0,0,0,
Census Tract,41039002903,White,07/2024,0,0,0.25,
Census Tract,41039002903,White,08/2024,0,0,0.25,
Census Tract,41039002903,White,09/2024,0,0,0.25,
Census Tract,41039002903,White,10/2024,2,1,0.25,
Census Tract,41039002903,White,11/2024,1,0.5,0.5,
Census Tract,41039002903,White,12/2024,0,0.5,0.25,
Census Tract,41039002903,White,01/2025,1,1,0,
Census Tract,41039002903,White,02/2025,1,0,0.5,
Census Tract,41039002903,White,03/2025,0,0.5,0.75,
Census Tract,41039002903,White,04/2025,0,0,0.25,
Census Tract,41039002903,White,05/2025,1,0.5,0.25,
Census Tract,41039002903,White,06/2025,0,0,0,
Census Tract,41039002903,White,07/2025,0,0,0.25,
Census Tract,41039002903,White,08/2025,1,0,0.25,
Census Tract,41039002903,White,09/2025,1,0,0.25,
Census Tract,41039002903,White,10/2025,2,1,0.25,
Census Tract,41039002903,White,11/2025,0,0.5,0.5,
Census Tract,41039002903,White,12/2025,1,0.5,0.25,
Census Tract,41039002903,White,01/2026,1,1,0,
Census Tract,41039002903,White,02/2026,1,0,0.5,
Census Tract,41039002903,White,03/2026,0,0.5,0.75,
Census Tract,41039002903,White,04/2026,0,0,0.25,
Census Tract,41039002903,White,05/2026,2,0.5,0.25,
Census Tract,41039002903,White,06/2026,0,0,0,2026-06-06
Census Tract,41039002904,White,01/2020,2,4,3.5,
Census Tract,41039002904,White,02/2020,3,2.5,1.5,
Census Tract,41039002904,White,03/2020,1,3.5,2.5,
Census Tract,41039002904,White,04/2020,0,1,1.75,
Census Tract,41039002904,White,05/2020,0,2,2.75,
Census Tract,41039002904,White,06/2020,0,1.5,2.5,
Census Tract,41039002904,White,07/2020,0,4,4.25,
Census Tract,41039002904,White,08/2020,1,4.5,4.5,
Census Tract,41039002904,White,09/2020,0,3.5,4.5,
Census Tract,41039002904,White,10/2020,0,4,3.75,
Census Tract,41039002904,White,11/2020,0,5,4,
Census Tract,41039002904,White,12/2020,0,2.5,2.25,
Census Tract,41039002904,White,01/2021,0,4,3.5,
Census Tract,41039002904,White,02/2021,0,2.5,1.5,
Census Tract,41039002904,White,03/2021,0,3.5,2.5,
Census Tract,41039002904,White,04/2021,1,1,1.75,
Census Tract,41039002904,White,05/2021,0,2,2.75,
Census Tract,41039002904,White,06/2021,0,1.5,2.5,
Census Tract,41039002904,White,07/2021,2,4,4.25,
Census Tract,41039002904,White,08/2021,0,4.5,4.5,
Census Tract,41039002904,White,09/2021,1,3.5,4.5,
Census Tract,41039002904,White,10/2021,0,4,3.75,
Census Tract,41039002904,White,11/2021,0,5,4,
Census Tract,41039002904,White,12/2021,2,2.5,2.25,
Census Tract,41039002904,White,01/2022,3,4,3.5,
Census Tract,41039002904,White,02/2022,0,2.5,1.5,
Census Tract,41039002904,White,03/2022,4,3.5,2.5,
Census Tract,41039002904,White,04/2022,6,1,1.75,
Census Tract,41039002904,White,05/2022,4,2,2.75,
Census Tract,41039002904,White,06/2022,2,1.5,2.5,
Census Tract,41039002904,White,07/2022,3,4,4.25,
Census Tract,41039002904,White,08/2022,4,4.5,4.5,
Census Tract,41039002904,White,09/2022,4,3.5,4.5,
Census Tract,41039002904,White,10/2022,1,4,3.75,
Census Tract,41039002904,White,11/2022,6,5,4,
Census Tract,41039002904,White,12/2022,6,2.5,2.25,
Census Tract,41039002904,White,01/2023,5,4,3.5,
Census Tract,41039002904,White,02/2023,5,2.5,1.5,
Census Tract,41039002904,White,03/2023,4,3.5,2.5,
Census Tract,41039002904,White,04/2023,0,1,1.75,
Census Tract,41039002904,White,05/2023,1,2,2.75,
Census Tract,41039002904,White,06/2023,1,1.5,2.5,
Census Tract,41039002904,White,07/2023,8,4,4.25,
Census Tract,41039002904,White,08/2023,4,4.5,4.5,
Census Tract,41039002904,White,09/2023,3,3.5,4.5,
Census Tract,41039002904,White,10/2023,5,4,3.75,
Census Tract,41039002904,White,11/2023,3,5,4,
Census Tract,41039002904,White,12/2023,2,2.5,2.25,
Census Tract,41039002904,White,01/2024,3,4,3.5,
Census Tract,41039002904,White,02/2024,0,2.5,1.5,
Census Tract,41039002904,White,03/2024,3,3.5,2.5,
Census Tract,41039002904,White,04/2024,2,1,1.75,
Census Tract,41039002904,White,05/2024,3,2,2.75,
Census Tract,41039002904,White,06/2024,2,1.5,2.5,
Census Tract,41039002904,White,07/2024,0,4,4.25,
Census Tract,41039002904,White,08/2024,5,4.5,4.5,
Census Tract,41039002904,White,09/2024,4,3.5,4.5,
Census Tract,41039002904,White,10/2024,3,4,3.75,
Census Tract,41039002904,White,11/2024,7,5,4,
Census Tract,41039002904,White,12/2024,3,2.5,2.25,
Census Tract,41039002904,White,01/2025,2,4,3.5,
Census Tract,41039002904,White,02/2025,4,2.5,1.5,
Census Tract,41039002904,White,03/2025,2,3.5,2.5,
Census Tract,41039002904,White,04/2025,2,1,1.75,
Census Tract,41039002904,White,05/2025,2,2,2.75,
Census Tract,41039002904,White,06/2025,1,1.5,2.5,
Census Tract,41039002904,White,07/2025,4,4,4.25,
Census Tract,41039002904,White,08/2025,4,4.5,4.5,
Census Tract,41039002904,White,09/2025,7,3.5,4.5,
Census Tract,41039002904,White,10/2025,8,4,3.75,
Census Tract,41039002904,White,11/2025,3,5,4,
Census Tract,41039002904,White,12/2025,4,2.5,2.25,
Census Tract,41039002904,White,01/2026,1,4,3.5,
Census Tract,41039002904,White,02/2026,2,2.5,1.5,
Census Tract,41039002904,White,03/2026,4,3.5,2.5,
Census Tract,41039002904,White,04/2026,5,1,1.75,
Census Tract,41039002904,White,05/2026,4,2,2.75,
Census Tract,41039002904,White,06/2026,0,0,0.25,2026-06-06
Census Tract,41039003000,White,01/2020,0,17.5,0.5,
Census Tract,41039003000,White,02/2020,0,12,0.25,
Census Tract,41039003000,White,03/2020,0,12,0.25,
Census Tract,41039003000,White,04/2020,0,14,0.5,
Census Tract,41039003000,White,05/2020,0,25.5,0.5,
Census Tract,41039003000,White,06/2020,0,20.5,1.25,
Census Tract,41039003000,White,07/2020,0,22.5,1,
Census Tract,41039003000,White,08/2020,0,33.5,0.25,
Census Tract,41039003000,White,09/2020,1,23.5,0,
Census Tract,41039003000,White,10/2020,0,20.5,0.75,
Census Tract,41039003000,White,11/2020,2,17.5,1.5,
Census Tract,41039003000,White,12/2020,0,18.5,0.75,
Census Tract,41039003000,White,01/2021,0,17.5,0.5,
Census Tract,41039003000,White,02/2021,1,11,0.25,
Census Tract,41039003000,White,03/2021,1,12,0.25,
Census Tract,41039003000,White,04/2021,0,14,0.5,
Census Tract,41039003000,White,05/2021,0,25.5,0.5,
Census Tract,41039003000,White,06/2021,3,20.5,1.25,
Census Tract,41039003000,White,07/2021,0,22.5,1,
Census Tract,41039003000,White,08/2021,2,33.5,0.25,
Census Tract,41039003000,White,09/2021,0,23.5,0,
Census Tract,41039003000,White,10/2021,0,20.5,0.75,
Census Tract,41039003000,White,11/2021,2,17.5,1.5,
Census Tract,41039003000,White,12/2021,0,18.5,0.75,
Census Tract,41039003000,White,01/2022,2,17.5,0.5,
Census Tract,41039003000,White,02/2022,0,11,0.25,
Census Tract,41039003000,White,03/2022,0,12,0.25,
Census Tract,41039003000,White,04/2022,0,14,0.5,
Census Tract,41039003000,White,05/2022,0,25.5,0.5,
Census Tract,41039003000,White,06/2022,2,20.5,1.25,
Census Tract,41039003000,White,07/2022,3,22.5,1,
Census Tract,41039003000,White,08/2022,1,33.5,0.25,
Census Tract,41039003000,White,09/2022,2,23.5,0,
Census Tract,41039003000,White,10/2022,8,20.5,0.75,
Census Tract,41039003000,White,11/2022,4,17.5,1.5,
Census Tract,41039003000,White,12/2022,1,18.5,0.75,
Census Tract,41039003000,White,01/2023,7,17.5,0.5,
Census Tract,41039003000,White,02/2023,1,11,0.25,
Census Tract,41039003000,White,03/2023,4,12,0.25,
Census Tract,41039003000,White,04/2023,2,14,0.5,
Census Tract,41039003000,White,05/2023,3,25.5,0.5,
Census Tract,41039003000,White,06/2023,6,20.5,1.25,
Census Tract,41039003000,White,07/2023,9,22.5,1,
Census Tract,41039003000,White,08/2023,36,33.5,0.25,
Census Tract,41039003000,White,09/2023,27,23.5,0,
Census Tract,41039003000,White,10/2023,12,20.5,0.75,
Census Tract,41039003000,White,11/2023,25,17.5,1.5,
Census Tract,41039003000,White,12/2023,17,18.5,0.75,
Census Tract,41039003000,White,01/2024,28,17.5,0.5,
Census Tract,41039003000,White,02/2024,23,12,0.25,
Census Tract,41039003000,White,03/2024,20,12,0.25,
Census Tract,41039003000,White,04/2024,26,14,0.5,
Census Tract,41039003000,White,05/2024,48,25.5,0.5,
Census Tract,41039003000,White,06/2024,35,20.5,1.25,
Census Tract,41039003000,White,07/2024,36,22.5,1,
Census Tract,41039003000,White,08/2024,31,33.5,0.25,
Census Tract,41039003000,White,09/2024,20,23.5,0,
Census Tract,41039003000,White,10/2024,29,20.5,0.75,
Census Tract,41039003000,White,11/2024,10,17.5,1.5,
Census Tract,41039003000,White,12/2024,20,18.5,0.75,
Census Tract,41039003000,White,01/2025,22,17.5,0.5,
Census Tract,41039003000,White,02/2025,17,11,0.25,
Census Tract,41039003000,White,03/2025,13,12,0.25,
Census Tract,41039003000,White,04/2025,17,14,0.5,
Census Tract,41039003000,White,05/2025,12,25.5,0.5,
Census Tract,41039003000,White,06/2025,9,20.5,1.25,
Census Tract,41039003000,White,07/2025,8,22.5,1,
Census Tract,41039003000,White,08/2025,4,33.5,0.25,
Census Tract,41039003000,White,09/2025,1,23.5,0,
Census Tract,41039003000,White,10/2025,5,20.5,0.75,
Census Tract,41039003000,White,11/2025,1,17.5,1.5,
Census Tract,41039003000,White,12/2025,8,18.5,0.75,
Census Tract,41039003000,White,01/2026,10,17.5,0.5,
Census Tract,41039003000,White,02/2026,12,11,0.25,
Census Tract,41039003000,White,03/2026,3,12,0.25,
Census Tract,41039003000,White,04/2026,1,14,0.5,
Census Tract,41039003000,White,05/2026,1,25.5,0.5,
Census Tract,41039003000,White,06/2026,1,4,0,2026-06-06
Census Tract,41039003101,White,01/2020,1,3,2.25,
Census Tract,41039003101,White,02/2020,0,3,1.75,
Census Tract,41039003101,White,03/2020,1,3,2,
Census Tract,41039003101,White,04/2020,0,0,0.75,
Census Tract,41039003101,White,05/2020,0,1,1.25,
Census Tract,41039003101,White,06/2020,0,0,1.25,
Census Tract,41039003101,White,07/2020,0,0.5,1,
Census Tract,41039003101,White,08/2020,0,1,2,
Census Tract,41039003101,White,09/2020,0,5,2.5,
Census Tract,41039003101,White,10/2020,0,1,1.25,
Census Tract,41039003101,White,11/2020,0,3,1.25,
Census Tract,41039003101,White,12/2020,1,3,0.75,
Census Tract,41039003101,White,01/2021,0,3,2.25,
Census Tract,41039003101,White,02/2021,0,3,1.75,
Census Tract,41039003101,White,03/2021,0,3,2,
Census Tract,41039003101,White,04/2021,0,0,0.75,
Census Tract,41039003101,White,05/2021,0,1,1.25,
Census Tract,41039003101,White,06/2021,0,0,1.25,
Census Tract,41039003101,White,07/2021,0,0.5,1,
Census Tract,41039003101,White,08/2021,0,1,2,
Census Tract,41039003101,White,09/2021,2,5,2.5,
Census Tract,41039003101,White,10/2021,0,1,1.25,
Census Tract,41039003101,White,11/2021,2,3,1.25,
Census Tract,41039003101,White,12/2021,0,3,0.75,
Census Tract,41039003101,White,01/2022,0,3,2.25,
Census Tract,41039003101,White,02/2022,0,3,1.75,
Census Tract,41039003101,White,03/2022,1,3,2,
Census Tract,41039003101,White,04/2022,1,0,0.75,
Census Tract,41039003101,White,05/2022,2,1,1.25,
Census Tract,41039003101,White,06/2022,6,0,1.25,
Census Tract,41039003101,White,07/2022,0,0.5,1,
Census Tract,41039003101,White,08/2022,1,1,2,
Census Tract,41039003101,White,09/2022,6,5,2.5,
Census Tract,41039003101,White,10/2022,3,1,1.25,
Census Tract,41039003101,White,11/2022,1,3,1.25,
Census Tract,41039003101,White,12/2022,3,3,0.75,
Census Tract,41039003101,White,01/2023,3,3,2.25,
Census Tract,41039003101,White,02/2023,4,3,1.75,
Census Tract,41039003101,White,03/2023,2,3,2,
Census Tract,41039003101,White,04/2023,0,0,0.75,
Census Tract,41039003101,White,05/2023,0,1,1.25,
Census Tract,41039003101,White,06/2023,0,0,1.25,
Census Tract,41039003101,White,07/2023,0,0.5,1,
Census Tract,41039003101,White,08/2023,1,1,2,
Census Tract,41039003101,White,09/2023,6,5,2.5,
Census Tract,41039003101,White,10/2023,0,1,1.25,
Census Tract,41039003101,White,11/2023,4,3,1.25,
Census Tract,41039003101,White,12/2023,1,3,0.75,
Census Tract,41039003101,White,01/2024,3,3,2.25,
Census Tract,41039003101,White,02/2024,2,3,1.75,
Census Tract,41039003101,White,03/2024,4,3,2,
Census Tract,41039003101,White,04/2024,0,0,0.75,
Census Tract,41039003101,White,05/2024,2,1,1.25,
Census Tract,41039003101,White,06/2024,0,0,1.25,
Census Tract,41039003101,White,07/2024,1,0.5,1,
Census Tract,41039003101,White,08/2024,1,1,2,
Census Tract,41039003101,White,09/2024,4,5,2.5,
Census Tract,41039003101,White,10/2024,2,1,1.25,
Census Tract,41039003101,White,11/2024,2,3,1.25,
Census Tract,41039003101,White,12/2024,5,3,0.75,
Census Tract,41039003101,White,01/2025,0,3,2.25,
Census Tract,41039003101,White,02/2025,3,3,1.75,
Census Tract,41039003101,White,03/2025,0,3,2,
Census Tract,41039003101,White,04/2025,1,0,0.75,
Census Tract,41039003101,White,05/2025,2,1,1.25,
Census Tract,41039003101,White,06/2025,0,0,1.25,
Census Tract,41039003101,White,07/2025,7,0.5,1,
Census Tract,41039003101,White,08/2025,4,1,2,
Census Tract,41039003101,White,09/2025,3,5,2.5,
Census Tract,41039003101,White,10/2025,4,1,1.25,
Census Tract,41039003101,White,11/2025,1,3,1.25,
Census Tract,41039003101,White,12/2025,0,3,0.75,
Census Tract,41039003101,White,01/2026,3,3,2.25,
Census Tract,41039003101,White,02/2026,4,3,1.75,
Census Tract,41039003101,White,03/2026,3,3,2,
Census Tract,41039003101,White,04/2026,1,0,0.75,
Census Tract,41039003101,White,05/2026,2,1,1.25,
Census Tract,41039003101,White,06/2026,2,0,0.25,2026-06-06
Census Tract,41039003103,White,01/2020,0,2,0.75,
Census Tract,41039003103,White,02/2020,0,1,0.25,
Census Tract,41039003103,White,03/2020,1,0,1.5,
Census Tract,41039003103,White,04/2020,0,1.5,0.5,
Census Tract,41039003103,White,05/2020,0,0.5,0.5,
Census Tract,41039003103,White,06/2020,0,0.5,1,
Census Tract,41039003103,White,07/2020,0,1,0,
Census Tract,41039003103,White,08/2020,0,2.5,1,
Census Tract,41039003103,White,09/2020,0,2,0.25,
Census Tract,41039003103,White,10/2020,0,1.5,0.5,
Census Tract,41039003103,White,11/2020,0,2.5,0.5,
Census Tract,41039003103,White,12/2020,0,1,0,
Census Tract,41039003103,White,01/2021,0,2,0.75,
Census Tract,41039003103,White,02/2021,1,1,0.25,
Census Tract,41039003103,White,03/2021,0,0,1.5,
Census Tract,41039003103,White,04/2021,0,1.5,0.5,
Census Tract,41039003103,White,05/2021,0,0.5,0.5,
Census Tract,41039003103,White,06/2021,1,0.5,1,
Census Tract,41039003103,White,07/2021,1,1,0,
Census Tract,41039003103,White,08/2021,0,2.5,1,
Census Tract,41039003103,White,09/2021,0,2,0.25,
Census Tract,41039003103,White,10/2021,0,1.5,0.5,
Census Tract,41039003103,White,11/2021,0,2.5,0.5,
Census Tract,41039003103,White,12/2021,1,1,0,
Census Tract,41039003103,White,01/2022,0,2,0.75,
Census Tract,41039003103,White,02/2022,0,1,0.25,
Census Tract,41039003103,White,03/2022,0,0,1.5,
Census Tract,41039003103,White,04/2022,0,1.5,0.5,
Census Tract,41039003103,White,05/2022,0,0.5,0.5,
Census Tract,41039003103,White,06/2022,0,0.5,1,
Census Tract,41039003103,White,07/2022,0,1,0,
Census Tract,41039003103,White,08/2022,1,2.5,1,
Census Tract,41039003103,White,09/2022,0,2,0.25,
Census Tract,41039003103,White,10/2022,0,1.5,0.5,
Census Tract,41039003103,White,11/2022,0,2.5,0.5,
Census Tract,41039003103,White,12/2022,0,1,0,
Census Tract,41039003103,White,01/2023,1,2,0.75,
Census Tract,41039003103,White,02/2023,0,1,0.25,
Census Tract,41039003103,White,03/2023,0,0,1.5,
Census Tract,41039003103,White,04/2023,0,1.5,0.5,
Census Tract,41039003103,White,05/2023,0,0.5,0.5,
Census Tract,41039003103,White,06/2023,1,0.5,1,
Census Tract,41039003103,White,07/2023,1,1,0,
Census Tract,41039003103,White,08/2023,2,2.5,1,
Census Tract,41039003103,White,09/2023,3,2,0.25,
Census Tract,41039003103,White,10/2023,1,1.5,0.5,
Census Tract,41039003103,White,11/2023,3,2.5,0.5,
Census Tract,41039003103,White,12/2023,2,1,0,
Census Tract,41039003103,White,01/2024,3,2,0.75,
Census Tract,41039003103,White,02/2024,2,1,0.25,
Census Tract,41039003103,White,03/2024,0,0,1.5,
Census Tract,41039003103,White,04/2024,3,1.5,0.5,
Census Tract,41039003103,White,05/2024,1,0.5,0.5,
Census Tract,41039003103,White,06/2024,0,0.5,1,
Census Tract,41039003103,White,07/2024,1,1,0,
Census Tract,41039003103,White,08/2024,3,2.5,1,
Census Tract,41039003103,White,09/2024,1,2,0.25,
Census Tract,41039003103,White,10/2024,2,1.5,0.5,
Census Tract,41039003103,White,11/2024,2,2.5,0.5,
Census Tract,41039003103,White,12/2024,0,1,0,
Census Tract,41039003103,White,01/2025,0,2,0.75,
Census Tract,41039003103,White,02/2025,3,1,0.25,
Census Tract,41039003103,White,03/2025,1,0,1.5,
Census Tract,41039003103,White,04/2025,1,1.5,0.5,
Census Tract,41039003103,White,05/2025,0,0.5,0.5,
Census Tract,41039003103,White,06/2025,1,0.5,1,
Census Tract,41039003103,White,07/2025,3,1,0,
Census Tract,41039003103,White,08/2025,3,2.5,1,
Census Tract,41039003103,White,09/2025,0,2,0.25,
Census Tract,41039003103,White,10/2025,0,1.5,0.5,
Census Tract,41039003103,White,11/2025,2,2.5,0.5,
Census Tract,41039003103,White,12/2025,1,1,0,
Census Tract,41039003103,White,01/2026,1,2,0.75,
Census Tract,41039003103,White,02/2026,0,1,0.25,
Census Tract,41039003103,White,03/2026,2,0,1.5,
Census Tract,41039003103,White,04/2026,2,1.5,0.5,
Census Tract,41039003103,White,05/2026,2,0.5,0.5,
Census Tract,41039003103,White,06/2026,0,0,0,2026-06-06
Census Tract,41039003104,White,01/2020,3,16.5,2,
Census Tract,41039003104,White,02/2020,2,19,1.5,
Census Tract,41039003104,White,03/2020,2,22,4,
Census Tract,41039003104,White,04/2020,0,7.5,3.5,
Census Tract,41039003104,White,05/2020,0,13,1.75,
Census Tract,41039003104,White,06/2020,0,10.5,2,
Census Tract,41039003104,White,07/2020,0,9.5,2.5,
Census Tract,41039003104,White,08/2020,1,5.5,1,
Census Tract,41039003104,White,09/2020,0,11,2.25,
Census Tract,41039003104,White,10/2020,0,8,2.25,
Census Tract,41039003104,White,11/2020,0,7.5,1.5,
Census Tract,41039003104,White,12/2020,0,9,2.25,
Census Tract,41039003104,White,01/2021,0,16.5,2,
Census Tract,41039003104,White,02/2021,0,15,1.5,
Census Tract,41039003104,White,03/2021,0,22,4,
Census Tract,41039003104,White,04/2021,0,7.5,3.5,
Census Tract,41039003104,White,05/2021,0,13,1.75,
Census Tract,41039003104,White,06/2021,0,10.5,2,
Census Tract,41039003104,White,07/2021,1,9.5,2.5,
Census Tract,41039003104,White,08/2021,6,5.5,1,
Census Tract,41039003104,White,09/2021,2,11,2.25,
Census Tract,41039003104,White,10/2021,1,8,2.25,
Census Tract,41039003104,White,11/2021,3,7.5,1.5,
Census Tract,41039003104,White,12/2021,4,9,2.25,
Census Tract,41039003104,White,01/2022,3,16.5,2,
Census Tract,41039003104,White,02/2022,2,15,1.5,
Census Tract,41039003104,White,03/2022,10,22,4,
Census Tract,41039003104,White,04/2022,10,7.5,3.5,
Census Tract,41039003104,White,05/2022,2,13,1.75,
Census Tract,41039003104,White,06/2022,3,10.5,2,
Census Tract,41039003104,White,07/2022,2,9.5,2.5,
Census Tract,41039003104,White,08/2022,5,5.5,1,
Census Tract,41039003104,White,09/2022,8,11,2.25,
Census Tract,41039003104,White,10/2022,5,8,2.25,
Census Tract,41039003104,White,11/2022,6,7.5,1.5,
Census Tract,41039003104,White,12/2022,11,9,2.25,
Census Tract,41039003104,White,01/2023,13,16.5,2,
Census Tract,41039003104,White,02/2023,19,15,1.5,
Census Tract,41039003104,White,03/2023,24,22,4,
Census Tract,41039003104,White,04/2023,5,7.5,3.5,
Census Tract,41039003104,White,05/2023,13,13,1.75,
Census Tract,41039003104,White,06/2023,1,10.5,2,
Census Tract,41039003104,White,07/2023,7,9.5,2.5,
Census Tract,41039003104,White,08/2023,3,5.5,1,
Census Tract,41039003104,White,09/2023,7,11,2.25,
Census Tract,41039003104,White,10/2023,5,8,2.25,
Census Tract,41039003104,White,11/2023,11,7.5,1.5,
Census Tract,41039003104,White,12/2023,14,9,2.25,
Census Tract,41039003104,White,01/2024,20,16.5,2,
Census Tract,41039003104,White,02/2024,19,19,1.5,
Census Tract,41039003104,White,03/2024,20,22,4,
Census Tract,41039003104,White,04/2024,10,7.5,3.5,
Census Tract,41039003104,White,05/2024,13,13,1.75,
Census Tract,41039003104,White,06/2024,20,10.5,2,
Census Tract,41039003104,White,07/2024,12,9.5,2.5,
Census Tract,41039003104,White,08/2024,8,5.5,1,
Census Tract,41039003104,White,09/2024,15,11,2.25,
Census Tract,41039003104,White,10/2024,11,8,2.25,
Census Tract,41039003104,White,11/2024,4,7.5,1.5,
Census Tract,41039003104,White,12/2024,4,9,2.25,
Census Tract,41039003104,White,01/2025,6,16.5,2,
Census Tract,41039003104,White,02/2025,8,15,1.5,
Census Tract,41039003104,White,03/2025,6,22,4,
Census Tract,41039003104,White,04/2025,10,7.5,3.5,
Census Tract,41039003104,White,05/2025,9,13,1.75,
Census Tract,41039003104,White,06/2025,13,10.5,2,
Census Tract,41039003104,White,07/2025,10,9.5,2.5,
Census Tract,41039003104,White,08/2025,12,5.5,1,
Census Tract,41039003104,White,09/2025,6,11,2.25,
Census Tract,41039003104,White,10/2025,20,8,2.25,
Census Tract,41039003104,White,11/2025,13,7.5,1.5,
Census Tract,41039003104,White,12/2025,8,9,2.25,
Census Tract,41039003104,White,01/2026,12,16.5,2,
Census Tract,41039003104,White,02/2026,17,15,1.5,
Census Tract,41039003104,White,03/2026,34,22,4,
Census Tract,41039003104,White,04/2026,14,7.5,3.5,
Census Tract,41039003104,White,05/2026,13,13,1.75,
Census Tract,41039003104,White,06/2026,3,0.5,0,2026-06-06
Census Tract,41039003201,White,01/2020,1,0.5,0.25,
Census Tract,41039003201,White,02/2020,0,0.5,1.5,
Census Tract,41039003201,White,03/2020,1,0.5,0.5,
Census Tract,41039003201,White,04/2020,0,2,0.25,
Census Tract,41039003201,White,05/2020,0,2.5,1.25,
Census Tract,41039003201,White,06/2020,0,0.5,0.75,
Census Tract,41039003201,White,07/2020,0,1,1.75,
Census Tract,41039003201,White,08/2020,0,2,2,
Census Tract,41039003201,White,09/2020,0,1,2.5,
Census Tract,41039003201,White,10/2020,0,1.5,1.5,
Census Tract,41039003201,White,11/2020,0,0,1.25,
Census Tract,41039003201,White,12/2020,0,1.5,0.5,
Census Tract,41039003201,White,01/2021,0,0.5,0.25,
Census Tract,41039003201,White,02/2021,0,0.5,1.5,
Census Tract,41039003201,White,03/2021,1,0.5,0.5,
Census Tract,41039003201,White,04/2021,1,2,0.25,
Census Tract,41039003201,White,05/2021,1,2.5,1.25,
Census Tract,41039003201,White,06/2021,1,0.5,0.75,
Census Tract,41039003201,White,07/2021,2,1,1.75,
Census Tract,41039003201,White,08/2021,0,2,2,
Census Tract,41039003201,White,09/2021,2,1,2.5,
Census Tract,41039003201,White,10/2021,1,1.5,1.5,
Census Tract,41039003201,White,11/2021,5,0,1.25,
Census Tract,41039003201,White,12/2021,1,1.5,0.5,
Census Tract,41039003201,White,01/2022,1,0.5,0.25,
Census Tract,41039003201,White,02/2022,0,0.5,1.5,
Census Tract,41039003201,White,03/2022,0,0.5,0.5,
Census Tract,41039003201,White,04/2022,2,2,0.25,
Census Tract,41039003201,White,05/2022,0,2.5,1.25,
Census Tract,41039003201,White,06/2022,0,0.5,0.75,
Census Tract,41039003201,White,07/2022,3,1,1.75,
Census Tract,41039003201,White,08/2022,0,2,2,
Census Tract,41039003201,White,09/2022,1,1,2.5,
Census Tract,41039003201,White,10/2022,0,1.5,1.5,
Census Tract,41039003201,White,11/2022,2,0,1.25,
Census Tract,41039003201,White,12/2022,0,1.5,0.5,
Census Tract,41039003201,White,01/2023,1,0.5,0.25,
Census Tract,41039003201,White,02/2023,0,0.5,1.5,
Census Tract,41039003201,White,03/2023,0,0.5,0.5,
Census Tract,41039003201,White,04/2023,1,2,0.25,
Census Tract,41039003201,White,05/2023,3,2.5,1.25,
Census Tract,41039003201,White,06/2023,1,0.5,0.75,
Census Tract,41039003201,White,07/2023,0,1,1.75,
Census Tract,41039003201,White,08/2023,2,2,2,
Census Tract,41039003201,White,09/2023,1,1,2.5,
Census Tract,41039003201,White,10/2023,0,1.5,1.5,
Census Tract,41039003201,White,11/2023,0,0,1.25,
Census Tract,41039003201,White,12/2023,1,1.5,0.5,
Census Tract,41039003201,White,01/2024,0,0.5,0.25,
Census Tract,41039003201,White,02/2024,1,0.5,1.5,
Census Tract,41039003201,White,03/2024,1,0.5,0.5,
Census Tract,41039003201,White,04/2024,3,2,0.25,
Census Tract,41039003201,White,05/2024,2,2.5,1.25,
Census Tract,41039003201,White,06/2024,0,0.5,0.75,
Census Tract,41039003201,White,07/2024,2,1,1.75,
Census Tract,41039003201,White,08/2024,2,2,2,
Census Tract,41039003201,White,09/2024,1,1,2.5,
Census Tract,41039003201,White,10/2024,3,1.5,1.5,
Census Tract,41039003201,White,11/2024,0,0,1.25,
Census Tract,41039003201,White,12/2024,2,1.5,0.5,
Census Tract,41039003201,White,01/2025,1,0.5,0.25,
Census Tract,41039003201,White,02/2025,0,0.5,1.5,
Census Tract,41039003201,White,03/2025,0,0.5,0.5,
Census Tract,41039003201,White,04/2025,0,2,0.25,
Census Tract,41039003201,White,05/2025,0,2.5,1.25,
Census Tract,41039003201,White,06/2025,2,0.5,0.75,
Census Tract,41039003201,White,07/2025,0,1,1.75,
Census Tract,41039003201,White,08/2025,2,2,2,
Census Tract,41039003201,White,09/2025,0,1,2.5,
Census Tract,41039003201,White,10/2025,4,1.5,1.5,
Census Tract,41039003201,White,11/2025,0,0,1.25,
Census Tract,41039003201,White,12/2025,2,1.5,0.5,
Census Tract,41039003201,White,01/2026,2,0.5,0.25,
Census Tract,41039003201,White,02/2026,1,0.5,1.5,
Census Tract,41039003201,White,03/2026,0,0.5,0.5,
Census Tract,41039003201,White,04/2026,0,2,0.25,
Census Tract,41039003201,White,05/2026,2,2.5,1.25,
Census Tract,41039003201,White,06/2026,0,0.5,0.25,2026-06-06
Census Tract,41039003202,White,01/2020,0,0.5,1.5,
Census Tract,41039003202,White,02/2020,1,1.5,1.5,
Census Tract,41039003202,White,03/2020,1,0.5,2.25,
Census Tract,41039003202,White,04/2020,1,1.5,1.75,
Census Tract,41039003202,White,05/2020,0,0.5,2.25,
Census Tract,41039003202,White,06/2020,0,2,2.75,
Census Tract,41039003202,White,07/2020,1,1.5,3,
Census Tract,41039003202,White,08/2020,0,3,2.75,
Census Tract,41039003202,White,09/2020,0,1,2.75,
Census Tract,41039003202,White,10/2020,2,4.5,2.75,
Census Tract,41039003202,White,11/2020,1,4,1.75,
Census Tract,41039003202,White,12/2020,0,1,3.75,
Census Tract,41039003202,White,01/2021,1,0.5,1.5,
Census Tract,41039003202,White,02/2021,1,1.5,1.5,
Census Tract,41039003202,White,03/2021,0,0.5,2.25,
Census Tract,41039003202,White,04/2021,0,1.5,1.75,
Census Tract,41039003202,White,05/2021,0,0.5,2.25,
Census Tract,41039003202,White,06/2021,0,2,2.75,
Census Tract,41039003202,White,07/2021,4,1.5,3,
Census Tract,41039003202,White,08/2021,0,3,2.75,
Census Tract,41039003202,White,09/2021,0,1,2.75,
Census Tract,41039003202,White,10/2021,2,4.5,2.75,
Census Tract,41039003202,White,11/2021,0,4,1.75,
Census Tract,41039003202,White,12/2021,0,1,3.75,
Census Tract,41039003202,White,01/2022,0,0.5,1.5,
Census Tract,41039003202,White,02/2022,1,1.5,1.5,
Census Tract,41039003202,White,03/2022,1,0.5,2.25,
Census Tract,41039003202,White,04/2022,2,1.5,1.75,
Census Tract,41039003202,White,05/2022,2,0.5,2.25,
Census Tract,41039003202,White,06/2022,0,2,2.75,
Census Tract,41039003202,White,07/2022,2,1.5,3,
Census Tract,41039003202,White,08/2022,1,3,2.75,
Census Tract,41039003202,White,09/2022,1,1,2.75,
Census Tract,41039003202,White,10/2022,5,4.5,2.75,
Census Tract,41039003202,White,11/2022,2,4,1.75,
Census Tract,41039003202,White,12/2022,1,1,3.75,
Census Tract,41039003202,White,01/2023,0,0.5,1.5,
Census Tract,41039003202,White,02/2023,0,1.5,1.5,
Census Tract,41039003202,White,03/2023,1,0.5,2.25,
Census Tract,41039003202,White,04/2023,1,1.5,1.75,
Census Tract,41039003202,White,05/2023,0,0.5,2.25,
Census Tract,41039003202,White,06/2023,3,2,2.75,
Census Tract,41039003202,White,07/2023,1,1.5,3,
Census Tract,41039003202,White,08/2023,3,3,2.75,
Census Tract,41039003202,White,09/2023,1,1,2.75,
Census Tract,41039003202,White,10/2023,3,4.5,2.75,
Census Tract,41039003202,White,11/2023,5,4,1.75,
Census Tract,41039003202,White,12/2023,1,1,3.75,
Census Tract,41039003202,White,01/2024,1,0.5,1.5,
Census Tract,41039003202,White,02/2024,3,1.5,1.5,
Census Tract,41039003202,White,03/2024,0,0.5,2.25,
Census Tract,41039003202,White,04/2024,2,1.5,1.75,
Census Tract,41039003202,White,05/2024,1,0.5,2.25,
Census Tract,41039003202,White,06/2024,1,2,2.75,
Census Tract,41039003202,White,07/2024,2,1.5,3,
Census Tract,41039003202,White,08/2024,3,3,2.75,
Census Tract,41039003202,White,09/2024,1,1,2.75,
Census Tract,41039003202,White,10/2024,6,4.5,2.75,
Census Tract,41039003202,White,11/2024,3,4,1.75,
Census Tract,41039003202,White,12/2024,1,1,3.75,
Census Tract,41039003202,White,01/2025,4,0.5,1.5,
Census Tract,41039003202,White,02/2025,6,1.5,1.5,
Census Tract,41039003202,White,03/2025,3,0.5,2.25,
Census Tract,41039003202,White,04/2025,3,1.5,1.75,
Census Tract,41039003202,White,05/2025,5,0.5,2.25,
Census Tract,41039003202,White,06/2025,2,2,2.75,
Census Tract,41039003202,White,07/2025,10,1.5,3,
Census Tract,41039003202,White,08/2025,3,3,2.75,
Census Tract,41039003202,White,09/2025,4,1,2.75,
Census Tract,41039003202,White,10/2025,6,4.5,2.75,
Census Tract,41039003202,White,11/2025,6,4,1.75,
Census Tract,41039003202,White,12/2025,4,1,3.75,
Census Tract,41039003202,White,01/2026,7,0.5,1.5,
Census Tract,41039003202,White,02/2026,5,1.5,1.5,
Census Tract,41039003202,White,03/2026,5,0.5,2.25,
Census Tract,41039003202,White,04/2026,2,1.5,1.75,
Census Tract,41039003202,White,05/2026,7,0.5,2.25,
Census Tract,41039003202,White,06/2026,0,0,0,2026-06-06
Census Tract,41039003301,White,01/2020,1,6.5,3,
Census Tract,41039003301,White,02/2020,2,1,3,
Census Tract,41039003301,White,03/2020,0,3,2.5,
Census Tract,41039003301,White,04/2020,0,1.5,2.5,
Census Tract,41039003301,White,05/2020,0,3,2.25,
Census Tract,41039003301,White,06/2020,0,1.5,0.75,
Census Tract,41039003301,White,07/2020,0,2.5,2.25,
Census Tract,41039003301,White,08/2020,0,4.5,1,
Census Tract,41039003301,White,09/2020,0,2,2,
Census Tract,41039003301,White,10/2020,1,2.5,2.25,
Census Tract,41039003301,White,11/2020,0,1.5,2.5,
Census Tract,41039003301,White,12/2020,1,4.5,1.25,
Census Tract,41039003301,White,01/2021,0,6.5,3,
Census Tract,41039003301,White,02/2021,0,1,2.75,
Census Tract,41039003301,White,03/2021,0,3,2.5,
Census Tract,41039003301,White,04/2021,0,1.5,2.5,
Census Tract,41039003301,White,05/2021,0,3,2.25,
Census Tract,41039003301,White,06/2021,1,1.5,0.75,
Census Tract,41039003301,White,07/2021,0,2.5,2.25,
Census Tract,41039003301,White,08/2021,1,4.5,1,
Census Tract,41039003301,White,09/2021,3,2,2,
Census Tract,41039003301,White,10/2021,0,2.5,2.25,
Census Tract,41039003301,White,11/2021,0,1.5,2.5,
Census Tract,41039003301,White,12/2021,0,4.5,1.25,
Census Tract,41039003301,White,01/2022,1,6.5,3,
Census Tract,41039003301,White,02/2022,1,1,2.75,
Census Tract,41039003301,White,03/2022,2,3,2.5,
Census Tract,41039003301,White,04/2022,1,1.5,2.5,
Census Tract,41039003301,White,05/2022,0,3,2.25,
Census Tract,41039003301,White,06/2022,2,1.5,0.75,
Census Tract,41039003301,White,07/2022,2,2.5,2.25,
Census Tract,41039003301,White,08/2022,2,4.5,1,
Census Tract,41039003301,White,09/2022,1,2,2,
Census Tract,41039003301,White,10/2022,3,2.5,2.25,
Census Tract,41039003301,White,11/2022,4,1.5,2.5,
Census Tract,41039003301,White,12/2022,0,4.5,1.25,
Census Tract,41039003301,White,01/2023,7,6.5,3,
Census Tract,41039003301,White,02/2023,0,1,2.75,
Census Tract,41039003301,White,03/2023,2,3,2.5,
Census Tract,41039003301,White,04/2023,1,1.5,2.5,
Census Tract,41039003301,White,05/2023,3,3,2.25,
Census Tract,41039003301,White,06/2023,2,1.5,0.75,
Census Tract,41039003301,White,07/2023,1,2.5,2.25,
Census Tract,41039003301,White,08/2023,3,4.5,1,
Census Tract,41039003301,White,09/2023,1,2,2,
Census Tract,41039003301,White,10/2023,1,2.5,2.25,
Census Tract,41039003301,White,11/2023,3,1.5,2.5,
Census Tract,41039003301,White,12/2023,5,4.5,1.25,
Census Tract,41039003301,White,01/2024,6,6.5,3,
Census Tract,41039003301,White,02/2024,2,1,3,
Census Tract,41039003301,White,03/2024,4,3,2.5,
Census Tract,41039003301,White,04/2024,2,1.5,2.5,
Census Tract,41039003301,White,05/2024,3,3,2.25,
Census Tract,41039003301,White,06/2024,1,1.5,0.75,
Census Tract,41039003301,White,07/2024,4,2.5,2.25,
Census Tract,41039003301,White,08/2024,6,4.5,1,
Census Tract,41039003301,White,09/2024,3,2,2,
Census Tract,41039003301,White,10/2024,4,2.5,2.25,
Census Tract,41039003301,White,11/2024,0,1.5,2.5,
Census Tract,41039003301,White,12/2024,4,4.5,1.25,
Census Tract,41039003301,White,01/2025,1,6.5,3,
Census Tract,41039003301,White,02/2025,2,1,2.75,
Census Tract,41039003301,White,03/2025,1,3,2.5,
Census Tract,41039003301,White,04/2025,1,1.5,2.5,
Census Tract,41039003301,White,05/2025,2,3,2.25,
Census Tract,41039003301,White,06/2025,3,1.5,0.75,
Census Tract,41039003301,White,07/2025,6,2.5,2.25,
Census Tract,41039003301,White,08/2025,0,4.5,1,
Census Tract,41039003301,White,09/2025,1,2,2,
Census Tract,41039003301,White,10/2025,2,2.5,2.25,
Census Tract,41039003301,White,11/2025,1,1.5,2.5,
Census Tract,41039003301,White,12/2025,3,4.5,1.25,
Census Tract,41039003301,White,01/2026,1,6.5,3,
Census Tract,41039003301,White,02/2026,2,1,2.75,
Census Tract,41039003301,White,03/2026,2,3,2.5,
Census Tract,41039003301,White,04/2026,2,1.5,2.5,
Census Tract,41039003301,White,05/2026,1,3,2.25,
Census Tract,41039003301,White,06/2026,1,0,0.25,2026-06-06
Census Tract,41039003302,White,01/2020,1,5,3,
Census Tract,41039003302,White,02/2020,1,3.5,0.75,
Census Tract,41039003302,White,03/2020,3,0.5,4.5,
Census Tract,41039003302,White,04/2020,1,1.5,2,
Census Tract,41039003302,White,05/2020,0,0,2.25,
Census Tract,41039003302,White,06/2020,0,1.5,3.5,
Census Tract,41039003302,White,07/2020,0,2.5,1,
Census Tract,41039003302,White,08/2020,2,4,4.5,
Census Tract,41039003302,White,09/2020,0,0.5,2,
Census Tract,41039003302,White,10/2020,0,1.5,2,
Census Tract,41039003302,White,11/2020,0,3.5,3.25,
Census Tract,41039003302,White,12/2020,1,4.5,3.75,
Census Tract,41039003302,White,01/2021,0,5,3,
Census Tract,41039003302,White,02/2021,0,3,0.75,
Census Tract,41039003302,White,03/2021,1,0.5,4.5,
Census Tract,41039003302,White,04/2021,2,1.5,2,
Census Tract,41039003302,White,05/2021,0,0,2.25,
Census Tract,41039003302,White,06/2021,1,1.5,3.5,
Census Tract,41039003302,White,07/2021,6,2.5,1,
Census Tract,41039003302,White,08/2021,2,4,4.5,
Census Tract,41039003302,White,09/2021,5,0.5,2,
Census Tract,41039003302,White,10/2021,1,1.5,2,
Census Tract,41039003302,White,11/2021,1,3.5,3.25,
Census Tract,41039003302,White,12/2021,2,4.5,3.75,
Census Tract,41039003302,White,01/2022,0,5,3,
Census Tract,41039003302,White,02/2022,5,3,0.75,
Census Tract,41039003302,White,03/2022,4,0.5,4.5,
Census Tract,41039003302,White,04/2022,4,1.5,2,
Census Tract,41039003302,White,05/2022,1,0,2.25,
Census Tract,41039003302,White,06/2022,1,1.5,3.5,
Census Tract,41039003302,White,07/2022,3,2.5,1,
Census Tract,41039003302,White,08/2022,2,4,4.5,
Census Tract,41039003302,White,09/2022,2,0.5,2,
Census Tract,41039003302,White,10/2022,2,1.5,2,
Census Tract,41039003302,White,11/2022,4,3.5,3.25,
Census Tract,41039003302,White,12/2022,2,4.5,3.75,
Census Tract,41039003302,White,01/2023,5,5,3,
Census Tract,41039003302,White,02/2023,4,3,0.75,
Census Tract,41039003302,White,03/2023,1,0.5,4.5,
Census Tract,41039003302,White,04/2023,0,1.5,2,
Census Tract,41039003302,White,05/2023,0,0,2.25,
Census Tract,41039003302,White,06/2023,1,1.5,3.5,
Census Tract,41039003302,White,07/2023,0,2.5,1,
Census Tract,41039003302,White,08/2023,1,4,4.5,
Census Tract,41039003302,White,09/2023,1,0.5,2,
Census Tract,41039003302,White,10/2023,0,1.5,2,
Census Tract,41039003302,White,11/2023,1,3.5,3.25,
Census Tract,41039003302,White,12/2023,3,4.5,3.75,
Census Tract,41039003302,White,01/2024,5,5,3,
Census Tract,41039003302,White,02/2024,3,3.5,0.75,
Census Tract,41039003302,White,03/2024,0,0.5,4.5,
Census Tract,41039003302,White,04/2024,3,1.5,2,
Census Tract,41039003302,White,05/2024,0,0,2.25,
Census Tract,41039003302,White,06/2024,2,1.5,3.5,
Census Tract,41039003302,White,07/2024,5,2.5,1,
Census Tract,41039003302,White,08/2024,7,4,4.5,
Census Tract,41039003302,White,09/2024,0,0.5,2,
Census Tract,41039003302,White,10/2024,3,1.5,2,
Census Tract,41039003302,White,11/2024,6,3.5,3.25,
Census Tract,41039003302,White,12/2024,6,4.5,3.75,
Census Tract,41039003302,White,01/2025,1,5,3,
Census Tract,41039003302,White,02/2025,3,3,0.75,
Census Tract,41039003302,White,03/2025,3,0.5,4.5,
Census Tract,41039003302,White,04/2025,2,1.5,2,
Census Tract,41039003302,White,05/2025,4,0,2.25,
Census Tract,41039003302,White,06/2025,2,1.5,3.5,
Census Tract,41039003302,White,07/2025,2,2.5,1,
Census Tract,41039003302,White,08/2025,6,4,4.5,
Census Tract,41039003302,White,09/2025,2,0.5,2,
Census Tract,41039003302,White,10/2025,3,1.5,2,
Census Tract,41039003302,White,11/2025,2,3.5,3.25,
Census Tract,41039003302,White,12/2025,3,4.5,3.75,
Census Tract,41039003302,White,01/2026,4,5,3,
Census Tract,41039003302,White,02/2026,3,3,0.75,
Census Tract,41039003302,White,03/2026,6,0.5,4.5,
Census Tract,41039003302,White,04/2026,5,1.5,2,
Census Tract,41039003302,White,05/2026,3,0,2.25,
Census Tract,41039003302,White,06/2026,1,0,1,2026-06-06
Census Tract,41039003400,White,01/2020,4,4.5,3.75,
Census Tract,41039003400,White,02/2020,0,4,2.75,
Census Tract,41039003400,White,03/2020,0,3,1.5,
Census Tract,41039003400,White,04/2020,0,1.5,3.5,
Census Tract,41039003400,White,05/2020,0,5.5,3,
Census Tract,41039003400,White,06/2020,0,5,4,
Census Tract,41039003400,White,07/2020,0,3.5,2.5,
Census Tract,41039003400,White,08/2020,0,6,2.75,
Census Tract,41039003400,White,09/2020,0,6.5,3.25,
Census Tract,41039003400,White,10/2020,2,5,1.5,
Census Tract,41039003400,White,11/2020,2,4,3.75,
Census Tract,41039003400,White,12/2020,1,5.5,0.5,
Census Tract,41039003400,White,01/2021,0,4.5,3.75,
Census Tract,41039003400,White,02/2021,1,4,2.5,
Census Tract,41039003400,White,03/2021,3,3,1.5,
Census Tract,41039003400,White,04/2021,0,1.5,3.5,
Census Tract,41039003400,White,05/2021,1,5.5,3,
Census Tract,41039003400,White,06/2021,1,5,4,
Census Tract,41039003400,White,07/2021,3,3.5,2.5,
Census Tract,41039003400,White,08/2021,4,6,2.75,
Census Tract,41039003400,White,09/2021,2,6.5,3.25,
Census Tract,41039003400,White,10/2021,3,5,1.5,
Census Tract,41039003400,White,11/2021,2,4,3.75,
Census Tract,41039003400,White,12/2021,3,5.5,0.5,
Census Tract,41039003400,White,01/2022,5,4.5,3.75,
Census Tract,41039003400,White,02/2022,6,4,2.5,
Census Tract,41039003400,White,03/2022,4,3,1.5,
Census Tract,41039003400,White,04/2022,3,1.5,3.5,
Census Tract,41039003400,White,05/2022,3,5.5,3,
Census Tract,41039003400,White,06/2022,0,5,4,
Census Tract,41039003400,White,07/2022,5,3.5,2.5,
Census Tract,41039003400,White,08/2022,3,6,2.75,
Census Tract,41039003400,White,09/2022,5,6.5,3.25,
Census Tract,41039003400,White,10/2022,9,5,1.5,
Census Tract,41039003400,White,11/2022,5,4,3.75,
Census Tract,41039003400,White,12/2022,2,5.5,0.5,
Census Tract,41039003400,White,01/2023,4,4.5,3.75,
Census Tract,41039003400,White,02/2023,2,4,2.5,
Census Tract,41039003400,White,03/2023,1,3,1.5,
Census Tract,41039003400,White,04/2023,1,1.5,3.5,
Census Tract,41039003400,White,05/2023,6,5.5,3,
Census Tract,41039003400,White,06/2023,3,5,4,
Census Tract,41039003400,White,07/2023,2,3.5,2.5,
Census Tract,41039003400,White,08/2023,9,6,2.75,
Census Tract,41039003400,White,09/2023,9,6.5,3.25,
Census Tract,41039003400,White,10/2023,3,5,1.5,
Census Tract,41039003400,White,11/2023,6,4,3.75,
Census Tract,41039003400,White,12/2023,4,5.5,0.5,
Census Tract,41039003400,White,01/2024,5,4.5,3.75,
Census Tract,41039003400,White,02/2024,6,4,2.75,
Census Tract,41039003400,White,03/2024,5,3,1.5,
Census Tract,41039003400,White,04/2024,2,1.5,3.5,
Census Tract,41039003400,White,05/2024,5,5.5,3,
Census Tract,41039003400,White,06/2024,7,5,4,
Census Tract,41039003400,White,07/2024,5,3.5,2.5,
Census Tract,41039003400,White,08/2024,3,6,2.75,
Census Tract,41039003400,White,09/2024,4,6.5,3.25,
Census Tract,41039003400,White,10/2024,7,5,1.5,
Census Tract,41039003400,White,11/2024,2,4,3.75,
Census Tract,41039003400,White,12/2024,7,5.5,0.5,
Census Tract,41039003400,White,01/2025,3,4.5,3.75,
Census Tract,41039003400,White,02/2025,6,4,2.5,
Census Tract,41039003400,White,03/2025,5,3,1.5,
Census Tract,41039003400,White,04/2025,4,1.5,3.5,
Census Tract,41039003400,White,05/2025,3,5.5,3,
Census Tract,41039003400,White,06/2025,1,5,4,
Census Tract,41039003400,White,07/2025,6,3.5,2.5,
Census Tract,41039003400,White,08/2025,4,6,2.75,
Census Tract,41039003400,White,09/2025,1,6.5,3.25,
Census Tract,41039003400,White,10/2025,7,5,1.5,
Census Tract,41039003400,White,11/2025,3,4,3.75,
Census Tract,41039003400,White,12/2025,4,5.5,0.5,
Census Tract,41039003400,White,01/2026,5,4.5,3.75,
Census Tract,41039003400,White,02/2026,4,4,2.5,
Census Tract,41039003400,White,03/2026,4,3,1.5,
Census Tract,41039003400,White,04/2026,9,1.5,3.5,
Census Tract,41039003400,White,05/2026,8,5.5,3,
Census Tract,41039003400,White,06/2026,0,3,0.5,2026-06-06
Census Tract,41039003500,White,01/2020,2,1.5,0.25,
Census Tract,41039003500,White,02/2020,0,0.5,0.25,
Census Tract,41039003500,White,03/2020,0,0.5,0.25,
Census Tract,41039003500,White,04/2020,0,0.5,0.5,
Census Tract,41039003500,White,05/2020,0,2.5,1,
Census Tract,41039003500,White,06/2020,0,1,0.75,
Census Tract,41039003500,White,07/2020,0,1.5,1,
Census Tract,41039003500,White,08/2020,0,2,1.5,
Census Tract,41039003500,White,09/2020,0,1,1.5,
Census Tract,41039003500,White,10/2020,0,2.5,0.75,
Census Tract,41039003500,White,11/2020,0,1,1,
Census Tract,41039003500,White,12/2020,0,1,1,
Census Tract,41039003500,White,01/2021,0,1.5,0.25,
Census Tract,41039003500,White,02/2021,0,0.5,0.25,
Census Tract,41039003500,White,03/2021,0,0.5,0.25,
Census Tract,41039003500,White,04/2021,0,0.5,0.5,
Census Tract,41039003500,White,05/2021,0,2.5,1,
Census Tract,41039003500,White,06/2021,1,1,0.75,
Census Tract,41039003500,White,07/2021,0,1.5,1,
Census Tract,41039003500,White,08/2021,0,2,1.5,
Census Tract,41039003500,White,09/2021,2,1,1.5,
Census Tract,41039003500,White,10/2021,0,2.5,0.75,
Census Tract,41039003500,White,11/2021,0,1,1,
Census Tract,41039003500,White,12/2021,0,1,1,
Census Tract,41039003500,White,01/2022,0,1.5,0.25,
Census Tract,41039003500,White,02/2022,0,0.5,0.25,
Census Tract,41039003500,White,03/2022,0,0.5,0.25,
Census Tract,41039003500,White,04/2022,0,0.5,0.5,
Census Tract,41039003500,White,05/2022,0,2.5,1,
Census Tract,41039003500,White,06/2022,1,1,0.75,
Census Tract,41039003500,White,07/2022,1,1.5,1,
Census Tract,41039003500,White,08/2022,3,2,1.5,
Census Tract,41039003500,White,09/2022,0,1,1.5,
Census Tract,41039003500,White,10/2022,0,2.5,0.75,
Census Tract,41039003500,White,11/2022,3,1,1,
Census Tract,41039003500,White,12/2022,2,1,1,
Census Tract,41039003500,White,01/2023,1,1.5,0.25,
Census Tract,41039003500,White,02/2023,0,0.5,0.25,
Census Tract,41039003500,White,03/2023,0,0.5,0.25,
Census Tract,41039003500,White,04/2023,0,0.5,0.5,
Census Tract,41039003500,White,05/2023,2,2.5,1,
Census Tract,41039003500,White,06/2023,0,1,0.75,
Census Tract,41039003500,White,07/2023,1,1.5,1,
Census Tract,41039003500,White,08/2023,2,2,1.5,
Census Tract,41039003500,White,09/2023,2,1,1.5,
Census Tract,41039003500,White,10/2023,1,2.5,0.75,
Census Tract,41039003500,White,11/2023,1,1,1,
Census Tract,41039003500,White,12/2023,1,1,1,
Census Tract,41039003500,White,01/2024,2,1.5,0.25,
Census Tract,41039003500,White,02/2024,1,0.5,0.25,
Census Tract,41039003500,White,03/2024,1,0.5,0.25,
Census Tract,41039003500,White,04/2024,1,0.5,0.5,
Census Tract,41039003500,White,05/2024,3,2.5,1,
Census Tract,41039003500,White,06/2024,2,1,0.75,
Census Tract,41039003500,White,07/2024,2,1.5,1,
Census Tract,41039003500,White,08/2024,2,2,1.5,
Census Tract,41039003500,White,09/2024,0,1,1.5,
Census Tract,41039003500,White,10/2024,4,2.5,0.75,
Census Tract,41039003500,White,11/2024,1,1,1,
Census Tract,41039003500,White,12/2024,1,1,1,
Census Tract,41039003500,White,01/2025,0,1.5,0.25,
Census Tract,41039003500,White,02/2025,1,0.5,0.25,
Census Tract,41039003500,White,03/2025,0,0.5,0.25,
Census Tract,41039003500,White,04/2025,1,0.5,0.5,
Census Tract,41039003500,White,05/2025,1,2.5,1,
Census Tract,41039003500,White,06/2025,1,1,0.75,
Census Tract,41039003500,White,07/2025,3,1.5,1,
Census Tract,41039003500,White,08/2025,2,2,1.5,
Census Tract,41039003500,White,09/2025,1,1,1.5,
Census Tract,41039003500,White,10/2025,2,2.5,0.75,
Census Tract,41039003500,White,11/2025,0,1,1,
Census Tract,41039003500,White,12/2025,1,1,1,
Census Tract,41039003500,White,01/2026,0,1.5,0.25,
Census Tract,41039003500,White,02/2026,1,0.5,0.25,
Census Tract,41039003500,White,03/2026,1,0.5,0.25,
Census Tract,41039003500,White,04/2026,0,0.5,0.5,
Census Tract,41039003500,White,05/2026,0,2.5,1,
Census Tract,41039003500,White,06/2026,0,0.5,0.25,2026-06-06
Census Tract,41039003600,White,01/2020,1,3.5,2.25,
Census Tract,41039003600,White,02/2020,0,2,0.5,
Census Tract,41039003600,White,03/2020,2,1.5,3.25,
Census Tract,41039003600,White,04/2020,0,1,2,
Census Tract,41039003600,White,05/2020,1,4,1.5,
Census Tract,41039003600,White,06/2020,1,2,2.25,
Census Tract,41039003600,White,07/2020,0,3.5,4.5,
Census Tract,41039003600,White,08/2020,2,5,1.25,
Census Tract,41039003600,White,09/2020,1,2.5,2,
Census Tract,41039003600,White,10/2020,2,4.5,3,
Census Tract,41039003600,White,11/2020,1,3,0.75,
Census Tract,41039003600,White,12/2020,1,3,1.25,
Census Tract,41039003600,White,01/2021,0,3.5,2.25,
Census Tract,41039003600,White,02/2021,0,2,0.5,
Census Tract,41039003600,White,03/2021,0,1.5,3.25,
Census Tract,41039003600,White,04/2021,1,1,2,
Census Tract,41039003600,White,05/2021,0,4,1.5,
Census Tract,41039003600,White,06/2021,0,2,2.25,
Census Tract,41039003600,White,07/2021,2,3.5,4.5,
Census Tract,41039003600,White,08/2021,0,5,1.25,
Census Tract,41039003600,White,09/2021,0,2.5,2,
Census Tract,41039003600,White,10/2021,6,4.5,3,
Census Tract,41039003600,White,11/2021,1,3,0.75,
Census Tract,41039003600,White,12/2021,1,3,1.25,
Census Tract,41039003600,White,01/2022,0,3.5,2.25,
Census Tract,41039003600,White,02/2022,0,2,0.5,
Census Tract,41039003600,White,03/2022,3,1.5,3.25,
Census Tract,41039003600,White,04/2022,1,1,2,
Census Tract,41039003600,White,05/2022,2,4,1.5,
Census Tract,41039003600,White,06/2022,1,2,2.25,
Census Tract,41039003600,White,07/2022,2,3.5,4.5,
Census Tract,41039003600,White,08/2022,2,5,1.25,
Census Tract,41039003600,White,09/2022,2,2.5,2,
Census Tract,41039003600,White,10/2022,1,4.5,3,
Census Tract,41039003600,White,11/2022,2,3,0.75,
Census Tract,41039003600,White,12/2022,5,3,1.25,
Census Tract,41039003600,White,01/2023,4,3.5,2.25,
Census Tract,41039003600,White,02/2023,3,2,0.5,
Census Tract,41039003600,White,03/2023,1,1.5,3.25,
Census Tract,41039003600,White,04/2023,0,1,2,
Census Tract,41039003600,White,05/2023,5,4,1.5,
Census Tract,41039003600,White,06/2023,1,2,2.25,
Census Tract,41039003600,White,07/2023,2,3.5,4.5,
Census Tract,41039003600,White,08/2023,5,5,1.25,
Census Tract,41039003600,White,09/2023,4,2.5,2,
Census Tract,41039003600,White,10/2023,2,4.5,3,
Census Tract,41039003600,White,11/2023,2,3,0.75,
Census Tract,41039003600,White,12/2023,3,3,1.25,
Census Tract,41039003600,White,01/2024,3,3.5,2.25,
Census Tract,41039003600,White,02/2024,1,2,0.5,
Census Tract,41039003600,White,03/2024,2,1.5,3.25,
Census Tract,41039003600,White,04/2024,2,1,2,
Census Tract,41039003600,White,05/2024,3,4,1.5,
Census Tract,41039003600,White,06/2024,3,2,2.25,
Census Tract,41039003600,White,07/2024,5,3.5,4.5,
Census Tract,41039003600,White,08/2024,5,5,1.25,
Census Tract,41039003600,White,09/2024,1,2.5,2,
Census Tract,41039003600,White,10/2024,7,4.5,3,
Census Tract,41039003600,White,11/2024,4,3,0.75,
Census Tract,41039003600,White,12/2024,3,3,1.25,
Census Tract,41039003600,White,01/2025,3,3.5,2.25,
Census Tract,41039003600,White,02/2025,3,2,0.5,
Census Tract,41039003600,White,03/2025,4,1.5,3.25,
Census Tract,41039003600,White,04/2025,1,1,2,
Census Tract,41039003600,White,05/2025,2,4,1.5,
Census Tract,41039003600,White,06/2025,2,2,2.25,
Census Tract,41039003600,White,07/2025,3,3.5,4.5,
Census Tract,41039003600,White,08/2025,3,5,1.25,
Census Tract,41039003600,White,09/2025,2,2.5,2,
Census Tract,41039003600,White,10/2025,2,4.5,3,
Census Tract,41039003600,White,11/2025,3,3,0.75,
Census Tract,41039003600,White,12/2025,6,3,1.25,
Census Tract,41039003600,White,01/2026,0,3.5,2.25,
Census Tract,41039003600,White,02/2026,1,2,0.5,
Census Tract,41039003600,White,03/2026,4,1.5,3.25,
Census Tract,41039003600,White,04/2026,0,1,2,
Census Tract,41039003600,White,05/2026,1,4,1.5,
Census Tract,41039003600,White,06/2026,1,0,0.25,2026-06-06
Census Tract,41039003700,White,01/2020,3,1,0,
Census Tract,41039003700,White,02/2020,3,1.5,1.25,
Census Tract,41039003700,White,03/2020,0,2,2.25,
Census Tract,41039003700,White,04/2020,1,1.5,1.5,
Census Tract,41039003700,White,05/2020,0,0.5,1.5,
Census Tract,41039003700,White,06/2020,0,1,1.25,
Census Tract,41039003700,White,07/2020,0,3,0.75,
Census Tract,41039003700,White,08/2020,0,1.5,0.75,
Census Tract,41039003700,White,09/2020,1,0.5,1,
Census Tract,41039003700,White,10/2020,0,1.5,0.5,
Census Tract,41039003700,White,11/2020,0,2,0.75,
Census Tract,41039003700,White,12/2020,0,2.5,0.25,
Census Tract,41039003700,White,01/2021,0,1,0,
Census Tract,41039003700,White,02/2021,0,1.5,1.25,
Census Tract,41039003700,White,03/2021,0,2,2.25,
Census Tract,41039003700,White,04/2021,0,1.5,1.5,
Census Tract,41039003700,White,05/2021,4,0.5,1.5,
Census Tract,41039003700,White,06/2021,0,1,1.25,
Census Tract,41039003700,White,07/2021,2,3,0.75,
Census Tract,41039003700,White,08/2021,2,1.5,0.75,
Census Tract,41039003700,White,09/2021,1,0.5,1,
Census Tract,41039003700,White,10/2021,0,1.5,0.5,
Census Tract,41039003700,White,11/2021,0,2,0.75,
Census Tract,41039003700,White,12/2021,0,2.5,0.25,
Census Tract,41039003700,White,01/2022,2,1,0,
Census Tract,41039003700,White,02/2022,0,1.5,1.25,
Census Tract,41039003700,White,03/2022,0,2,2.25,
Census Tract,41039003700,White,04/2022,2,1.5,1.5,
Census Tract,41039003700,White,05/2022,1,0.5,1.5,
Census Tract,41039003700,White,06/2022,0,1,1.25,
Census Tract,41039003700,White,07/2022,2,3,0.75,
Census Tract,41039003700,White,08/2022,3,1.5,0.75,
Census Tract,41039003700,White,09/2022,3,0.5,1,
Census Tract,41039003700,White,10/2022,0,1.5,0.5,
Census Tract,41039003700,White,11/2022,2,2,0.75,
Census Tract,41039003700,White,12/2022,7,2.5,0.25,
Census Tract,41039003700,White,01/2023,1,1,0,
Census Tract,41039003700,White,02/2023,2,1.5,1.25,
Census Tract,41039003700,White,03/2023,2,2,2.25,
Census Tract,41039003700,White,04/2023,0,1.5,1.5,
Census Tract,41039003700,White,05/2023,1,0.5,1.5,
Census Tract,41039003700,White,06/2023,1,1,1.25,
Census Tract,41039003700,White,07/2023,4,3,0.75,
Census Tract,41039003700,White,08/2023,2,1.5,0.75,
Census Tract,41039003700,White,09/2023,1,0.5,1,
Census Tract,41039003700,White,10/2023,0,1.5,0.5,
Census Tract,41039003700,White,11/2023,1,2,0.75,
Census Tract,41039003700,White,12/2023,1,2.5,0.25,
Census Tract,41039003700,White,01/2024,1,1,0,
Census Tract,41039003700,White,02/2024,1,1.5,1.25,
Census Tract,41039003700,White,03/2024,2,2,2.25,
Census Tract,41039003700,White,04/2024,3,1.5,1.5,
Census Tract,41039003700,White,05/2024,0,0.5,1.5,
Census Tract,41039003700,White,06/2024,1,1,1.25,
Census Tract,41039003700,White,07/2024,2,3,0.75,
Census Tract,41039003700,White,08/2024,1,1.5,0.75,
Census Tract,41039003700,White,09/2024,0,0.5,1,
Census Tract,41039003700,White,10/2024,3,1.5,0.5,
Census Tract,41039003700,White,11/2024,3,2,0.75,
Census Tract,41039003700,White,12/2024,4,2.5,0.25,
Census Tract,41039003700,White,01/2025,1,1,0,
Census Tract,41039003700,White,02/2025,2,1.5,1.25,
Census Tract,41039003700,White,03/2025,2,2,2.25,
Census Tract,41039003700,White,04/2025,7,1.5,1.5,
Census Tract,41039003700,White,05/2025,2,0.5,1.5,
Census Tract,41039003700,White,06/2025,2,1,1.25,
Census Tract,41039003700,White,07/2025,5,3,0.75,
Census Tract,41039003700,White,08/2025,2,1.5,0.75,
Census Tract,41039003700,White,09/2025,5,0.5,1,
Census Tract,41039003700,White,10/2025,1,1.5,0.5,
Census Tract,41039003700,White,11/2025,3,2,0.75,
Census Tract,41039003700,White,12/2025,2,2.5,0.25,
Census Tract,41039003700,White,01/2026,1,1,0,
Census Tract,41039003700,White,02/2026,0,1.5,1.25,
Census Tract,41039003700,White,03/2026,2,2,2.25,
Census Tract,41039003700,White,04/2026,5,1.5,1.5,
Census Tract,41039003700,White,05/2026,1,0.5,1.5,
Census Tract,41039003700,White,06/2026,2,0,0.25,2026-06-06
Census Tract,41039003801,White,01/2020,1,2,2.75,
Census Tract,41039003801,White,02/2020,4,4,2.75,
Census Tract,41039003801,White,03/2020,0,3.5,3.75,
Census Tract,41039003801,White,04/2020,0,3.5,5.5,
Census Tract,41039003801,White,05/2020,0,3.5,3,
Census Tract,41039003801,White,06/2020,0,3,4,
Census Tract,41039003801,White,07/2020,0,2.5,3.75,
Census Tract,41039003801,White,08/2020,1,6.5,2,
Census Tract,41039003801,White,09/2020,0,2.5,2,
Census Tract,41039003801,White,10/2020,0,3,2,
Census Tract,41039003801,White,11/2020,0,3.5,2,
Census Tract,41039003801,White,12/2020,1,4,2.5,
Census Tract,41039003801,White,01/2021,0,2,2.75,
Census Tract,41039003801,White,02/2021,1,4,2.75,
Census Tract,41039003801,White,03/2021,1,3.5,3.75,
Census Tract,41039003801,White,04/2021,0,3.5,5.5,
Census Tract,41039003801,White,05/2021,0,3.5,3,
Census Tract,41039003801,White,06/2021,1,3,4,
Census Tract,41039003801,White,07/2021,0,2.5,3.75,
Census Tract,41039003801,White,08/2021,0,6.5,2,
Census Tract,41039003801,White,09/2021,0,2.5,2,
Census Tract,41039003801,White,10/2021,2,3,2,
Census Tract,41039003801,White,11/2021,2,3.5,2,
Census Tract,41039003801,White,12/2021,0,4,2.5,
Census Tract,41039003801,White,01/2022,1,2,2.75,
Census Tract,41039003801,White,02/2022,0,4,2.75,
Census Tract,41039003801,White,03/2022,1,3.5,3.75,
Census Tract,41039003801,White,04/2022,0,3.5,5.5,
Census Tract,41039003801,White,05/2022,2,3.5,3,
Census Tract,41039003801,White,06/2022,5,3,4,
Census Tract,41039003801,White,07/2022,6,2.5,3.75,
Census Tract,41039003801,White,08/2022,3,6.5,2,
Census Tract,41039003801,White,09/2022,4,2.5,2,
Census Tract,41039003801,White,10/2022,4,3,2,
Census Tract,41039003801,White,11/2022,4,3.5,2,
Census Tract,41039003801,White,12/2022,3,4,2.5,
Census Tract,41039003801,White,01/2023,3,2,2.75,
Census Tract,41039003801,White,02/2023,2,4,2.75,
Census Tract,41039003801,White,03/2023,2,3.5,3.75,
Census Tract,41039003801,White,04/2023,2,3.5,5.5,
Census Tract,41039003801,White,05/2023,2,3.5,3,
Census Tract,41039003801,White,06/2023,2,3,4,
Census Tract,41039003801,White,07/2023,5,2.5,3.75,
Census Tract,41039003801,White,08/2023,4,6.5,2,
Census Tract,41039003801,White,09/2023,3,2.5,2,
Census Tract,41039003801,White,10/2023,3,3,2,
Census Tract,41039003801,White,11/2023,3,3.5,2,
Census Tract,41039003801,White,12/2023,5,4,2.5,
Census Tract,41039003801,White,01/2024,1,2,2.75,
Census Tract,41039003801,White,02/2024,6,4,2.75,
Census Tract,41039003801,White,03/2024,5,3.5,3.75,
Census Tract,41039003801,White,04/2024,5,3.5,5.5,
Census Tract,41039003801,White,05/2024,5,3.5,3,
Census Tract,41039003801,White,06/2024,4,3,4,
Census Tract,41039003801,White,07/2024,0,2.5,3.75,
Census Tract,41039003801,White,08/2024,9,6.5,2,
Census Tract,41039003801,White,09/2024,2,2.5,2,
Census Tract,41039003801,White,10/2024,3,3,2,
Census Tract,41039003801,White,11/2024,4,3.5,2,
Census Tract,41039003801,White,12/2024,3,4,2.5,
Census Tract,41039003801,White,01/2025,3,2,2.75,
Census Tract,41039003801,White,02/2025,7,4,2.75,
Census Tract,41039003801,White,03/2025,2,3.5,3.75,
Census Tract,41039003801,White,04/2025,4,3.5,5.5,
Census Tract,41039003801,White,05/2025,6,3.5,3,
Census Tract,41039003801,White,06/2025,3,3,4,
Census Tract,41039003801,White,07/2025,9,2.5,3.75,
Census Tract,41039003801,White,08/2025,6,6.5,2,
Census Tract,41039003801,White,09/2025,4,2.5,2,
Census Tract,41039003801,White,10/2025,5,3,2,
Census Tract,41039003801,White,11/2025,6,3.5,2,
Census Tract,41039003801,White,12/2025,3,4,2.5,
Census Tract,41039003801,White,01/2026,4,2,2.75,
Census Tract,41039003801,White,02/2026,6,4,2.75,
Census Tract,41039003801,White,03/2026,5,3.5,3.75,
Census Tract,41039003801,White,04/2026,4,3.5,5.5,
Census Tract,41039003801,White,05/2026,3,3.5,3,
Census Tract,41039003801,White,06/2026,1,0.5,0.75,2026-06-06
Census Tract,41039003802,White,01/2020,8,1.5,4.75,
Census Tract,41039003802,White,02/2020,2,1,2.75,
Census Tract,41039003802,White,03/2020,2,4.5,5.25,
Census Tract,41039003802,White,04/2020,0,2.5,3.5,
Census Tract,41039003802,White,05/2020,1,1.5,5.5,
Census Tract,41039003802,White,06/2020,0,1.5,4.75,
Census Tract,41039003802,White,07/2020,0,2.5,3.75,
Census Tract,41039003802,White,08/2020,0,2.5,2.75,
Census Tract,41039003802,White,09/2020,0,2,2.75,
Census Tract,41039003802,White,10/2020,1,2.5,3.25,
Census Tract,41039003802,White,11/2020,0,2.5,2.75,
Census Tract,41039003802,White,12/2020,0,4,2,
Census Tract,41039003802,White,01/2021,0,1.5,4.75,
Census Tract,41039003802,White,02/2021,1,1,2.75,
Census Tract,41039003802,White,03/2021,0,4.5,5.25,
Census Tract,41039003802,White,04/2021,4,2.5,3.5,
Census Tract,41039003802,White,05/2021,0,1.5,5.5,
Census Tract,41039003802,White,06/2021,1,1.5,4.75,
Census Tract,41039003802,White,07/2021,0,2.5,3.75,
Census Tract,41039003802,White,08/2021,2,2.5,2.75,
Census Tract,41039003802,White,09/2021,3,2,2.75,
Census Tract,41039003802,White,10/2021,0,2.5,3.25,
Census Tract,41039003802,White,11/2021,7,2.5,2.75,
Census Tract,41039003802,White,12/2021,5,4,2,
Census Tract,41039003802,White,01/2022,1,1.5,4.75,
Census Tract,41039003802,White,02/2022,1,1,2.75,
Census Tract,41039003802,White,03/2022,2,4.5,5.25,
Census Tract,41039003802,White,04/2022,1,2.5,3.5,
Census Tract,41039003802,White,05/2022,3,1.5,5.5,
Census Tract,41039003802,White,06/2022,5,1.5,4.75,
Census Tract,41039003802,White,07/2022,2,2.5,3.75,
Census Tract,41039003802,White,08/2022,3,2.5,2.75,
Census Tract,41039003802,White,09/2022,3,2,2.75,
Census Tract,41039003802,White,10/2022,3,2.5,3.25,
Census Tract,41039003802,White,11/2022,1,2.5,2.75,
Census Tract,41039003802,White,12/2022,2,4,2,
Census Tract,41039003802,White,01/2023,2,1.5,4.75,
Census Tract,41039003802,White,02/2023,2,1,2.75,
Census Tract,41039003802,White,03/2023,2,4.5,5.25,
Census Tract,41039003802,White,04/2023,0,2.5,3.5,
Census Tract,41039003802,White,05/2023,1,1.5,5.5,
Census Tract,41039003802,White,06/2023,2,1.5,4.75,
Census Tract,41039003802,White,07/2023,2,2.5,3.75,
Census Tract,41039003802,White,08/2023,2,2.5,2.75,
Census Tract,41039003802,White,09/2023,3,2,2.75,
Census Tract,41039003802,White,10/2023,2,2.5,3.25,
Census Tract,41039003802,White,11/2023,3,2.5,2.75,
Census Tract,41039003802,White,12/2023,1,4,2,
Census Tract,41039003802,White,01/2024,1,1.5,4.75,
Census Tract,41039003802,White,02/2024,0,1,2.75,
Census Tract,41039003802,White,03/2024,7,4.5,5.25,
Census Tract,41039003802,White,04/2024,5,2.5,3.5,
Census Tract,41039003802,White,05/2024,2,1.5,5.5,
Census Tract,41039003802,White,06/2024,1,1.5,4.75,
Census Tract,41039003802,White,07/2024,3,2.5,3.75,
Census Tract,41039003802,White,08/2024,3,2.5,2.75,
Census Tract,41039003802,White,09/2024,1,2,2.75,
Census Tract,41039003802,White,10/2024,3,2.5,3.25,
Census Tract,41039003802,White,11/2024,2,2.5,2.75,
Census Tract,41039003802,White,12/2024,7,4,2,
Census Tract,41039003802,White,01/2025,1,1.5,4.75,
Census Tract,41039003802,White,02/2025,4,1,2.75,
Census Tract,41039003802,White,03/2025,4,4.5,5.25,
Census Tract,41039003802,White,04/2025,8,2.5,3.5,
Census Tract,41039003802,White,05/2025,10,1.5,5.5,
Census Tract,41039003802,White,06/2025,3,1.5,4.75,
Census Tract,41039003802,White,07/2025,3,2.5,3.75,
Census Tract,41039003802,White,08/2025,3,2.5,2.75,
Census Tract,41039003802,White,09/2025,4,2,2.75,
Census Tract,41039003802,White,10/2025,2,2.5,3.25,
Census Tract,41039003802,White,11/2025,2,2.5,2.75,
Census Tract,41039003802,White,12/2025,4,4,2,
Census Tract,41039003802,White,01/2026,3,1.5,4.75,
Census Tract,41039003802,White,02/2026,9,1,2.75,
Census Tract,41039003802,White,03/2026,9,4.5,5.25,
Census Tract,41039003802,White,04/2026,7,2.5,3.5,
Census Tract,41039003802,White,05/2026,3,1.5,5.5,
Census Tract,41039003802,White,06/2026,1,0,1.75,2026-06-06
Census Tract,41039003900,White,01/2020,2,9.5,7,
Census Tract,41039003900,White,02/2020,5,9,8.5,
Census Tract,41039003900,White,03/2020,3,5.5,8.5,
Census Tract,41039003900,White,04/2020,0,9,8.5,
Census Tract,41039003900,White,05/2020,1,5.5,8.75,
Census Tract,41039003900,White,06/2020,0,5,11.5,
Census Tract,41039003900,White,07/2020,0,6.5,9.5,
Census Tract,41039003900,White,08/2020,0,7,7.5,
Census Tract,41039003900,White,09/2020,1,4.5,1.75,
Census Tract,41039003900,White,10/2020,0,5.5,11.25,
Census Tract,41039003900,White,11/2020,0,9.5,8.5,
Census Tract,41039003900,White,12/2020,0,8,7.25,
Census Tract,41039003900,White,01/2021,1,9.5,7,
Census Tract,41039003900,White,02/2021,0,9,8.5,
Census Tract,41039003900,White,03/2021,0,5.5,8.5,
Census Tract,41039003900,White,04/2021,1,9,8.5,
Census Tract,41039003900,White,05/2021,2,5.5,8.75,
Census Tract,41039003900,White,06/2021,0,5,11.5,
Census Tract,41039003900,White,07/2021,2,6.5,9.5,
Census Tract,41039003900,White,08/2021,6,7,7.5,
Census Tract,41039003900,White,09/2021,4,4.5,1.75,
Census Tract,41039003900,White,10/2021,1,5.5,11.25,
Census Tract,41039003900,White,11/2021,1,9.5,8.5,
Census Tract,41039003900,White,12/2021,3,8,7.25,
Census Tract,41039003900,White,01/2022,1,9.5,7,
Census Tract,41039003900,White,02/2022,3,9,8.5,
Census Tract,41039003900,White,03/2022,3,5.5,8.5,
Census Tract,41039003900,White,04/2022,5,9,8.5,
Census Tract,41039003900,White,05/2022,5,5.5,8.75,
Census Tract,41039003900,White,06/2022,4,5,11.5,
Census Tract,41039003900,White,07/2022,10,6.5,9.5,
Census Tract,41039003900,White,08/2022,17,7,7.5,
Census Tract,41039003900,White,09/2022,8,4.5,1.75,
Census Tract,41039003900,White,10/2022,6,5.5,11.25,
Census Tract,41039003900,White,11/2022,13,9.5,8.5,
Census Tract,41039003900,White,12/2022,24,8,7.25,
Census Tract,41039003900,White,01/2023,16,9.5,7,
Census Tract,41039003900,White,02/2023,16,9,8.5,
Census Tract,41039003900,White,03/2023,1,5.5,8.5,
Census Tract,41039003900,White,04/2023,3,9,8.5,
Census Tract,41039003900,White,05/2023,8,5.5,8.75,
Census Tract,41039003900,White,06/2023,7,5,11.5,
Census Tract,41039003900,White,07/2023,6,6.5,9.5,
Census Tract,41039003900,White,08/2023,8,7,7.5,
Census Tract,41039003900,White,09/2023,6,4.5,1.75,
Census Tract,41039003900,White,10/2023,3,5.5,11.25,
Census Tract,41039003900,White,11/2023,12,9.5,8.5,
Census Tract,41039003900,White,12/2023,5,8,7.25,
Census Tract,41039003900,White,01/2024,3,9.5,7,
Census Tract,41039003900,White,02/2024,2,9,8.5,
Census Tract,41039003900,White,03/2024,10,5.5,8.5,
Census Tract,41039003900,White,04/2024,15,9,8.5,
Census Tract,41039003900,White,05/2024,3,5.5,8.75,
Census Tract,41039003900,White,06/2024,3,5,11.5,
Census Tract,41039003900,White,07/2024,7,6.5,9.5,
Census Tract,41039003900,White,08/2024,6,7,7.5,
Census Tract,41039003900,White,09/2024,3,4.5,1.75,
Census Tract,41039003900,White,10/2024,8,5.5,11.25,
Census Tract,41039003900,White,11/2024,7,9.5,8.5,
Census Tract,41039003900,White,12/2024,11,8,7.25,
Census Tract,41039003900,White,01/2025,11,9.5,7,
Census Tract,41039003900,White,02/2025,6,9,8.5,
Census Tract,41039003900,White,03/2025,7,5.5,8.5,
Census Tract,41039003900,White,04/2025,22,9,8.5,
Census Tract,41039003900,White,05/2025,9,5.5,8.75,
Census Tract,41039003900,White,06/2025,14,5,11.5,
Census Tract,41039003900,White,07/2025,7,6.5,9.5,
Census Tract,41039003900,White,08/2025,6,7,7.5,
Census Tract,41039003900,White,09/2025,5,4.5,1.75,
Census Tract,41039003900,White,10/2025,3,5.5,11.25,
Census Tract,41039003900,White,11/2025,4,9.5,8.5,
Census Tract,41039003900,White,12/2025,7,8,7.25,
Census Tract,41039003900,White,01/2026,6,9.5,7,
Census Tract,41039003900,White,02/2026,5,9,8.5,
Census Tract,41039003900,White,03/2026,6,5.5,8.5,
Census Tract,41039003900,White,04/2026,8,9,8.5,
Census Tract,41039003900,White,05/2026,7,5.5,8.75,
Census Tract,41039003900,White,06/2026,5,0.5,1.25,2026-06-06
Census Tract,41039004000,White,01/2020,1,0.5,1,
Census Tract,41039004000,White,02/2020,1,0.5,1.5,
Census Tract,41039004000,White,03/2020,0,1.5,2.25,
Census Tract,41039004000,White,04/2020,1,2,1,
Census Tract,41039004000,White,05/2020,1,1,1,
Census Tract,41039004000,White,06/2020,1,4,0.25,
Census Tract,41039004000,White,07/2020,0,3,1.5,
Census Tract,41039004000,White,08/2020,0,1.5,1.5,
Census Tract,41039004000,White,09/2020,0,1,1.5,
Census Tract,41039004000,White,10/2020,0,2,1.5,
Census Tract,41039004000,White,11/2020,0,2.5,1,
Census Tract,41039004000,White,12/2020,1,4,1.75,
Census Tract,41039004000,White,01/2021,1,0.5,1,
Census Tract,41039004000,White,02/2021,0,0.5,1.5,
Census Tract,41039004000,White,03/2021,1,1.5,2.25,
Census Tract,41039004000,White,04/2021,0,2,1,
Census Tract,41039004000,White,05/2021,1,1,1,
Census Tract,41039004000,White,06/2021,0,4,0.25,
Census Tract,41039004000,White,07/2021,0,3,1.5,
Census Tract,41039004000,White,08/2021,1,1.5,1.5,
Census Tract,41039004000,White,09/2021,0,1,1.5,
Census Tract,41039004000,White,10/2021,1,2,1.5,
Census Tract,41039004000,White,11/2021,1,2.5,1,
Census Tract,41039004000,White,12/2021,0,4,1.75,
Census Tract,41039004000,White,01/2022,1,0.5,1,
Census Tract,41039004000,White,02/2022,0,0.5,1.5,
Census Tract,41039004000,White,03/2022,0,1.5,2.25,
Census Tract,41039004000,White,04/2022,3,2,1,
Census Tract,41039004000,White,05/2022,2,1,1,
Census Tract,41039004000,White,06/2022,0,4,0.25,
Census Tract,41039004000,White,07/2022,1,3,1.5,
Census Tract,41039004000,White,08/2022,2,1.5,1.5,
Census Tract,41039004000,White,09/2022,1,1,1.5,
Census Tract,41039004000,White,10/2022,3,2,1.5,
Census Tract,41039004000,White,11/2022,2,2.5,1,
Census Tract,41039004000,White,12/2022,0,4,1.75,
Census Tract,41039004000,White,01/2023,0,0.5,1,
Census Tract,41039004000,White,02/2023,0,0.5,1.5,
Census Tract,41039004000,White,03/2023,1,1.5,2.25,
Census Tract,41039004000,White,04/2023,2,2,1,
Census Tract,41039004000,White,05/2023,0,1,1,
Census Tract,41039004000,White,06/2023,3,4,0.25,
Census Tract,41039004000,White,07/2023,0,3,1.5,
Census Tract,41039004000,White,08/2023,1,1.5,1.5,
Census Tract,41039004000,White,09/2023,0,1,1.5,
Census Tract,41039004000,White,10/2023,2,2,1.5,
Census Tract,41039004000,White,11/2023,3,2.5,1,
Census Tract,41039004000,White,12/2023,2,4,1.75,
Census Tract,41039004000,White,01/2024,1,0.5,1,
Census Tract,41039004000,White,02/2024,1,0.5,1.5,
Census Tract,41039004000,White,03/2024,2,1.5,2.25,
Census Tract,41039004000,White,04/2024,2,2,1,
Census Tract,41039004000,White,05/2024,2,1,1,
Census Tract,41039004000,White,06/2024,5,4,0.25,
Census Tract,41039004000,White,07/2024,6,3,1.5,
Census Tract,41039004000,White,08/2024,2,1.5,1.5,
Census Tract,41039004000,White,09/2024,2,1,1.5,
Census Tract,41039004000,White,10/2024,2,2,1.5,
Census Tract,41039004000,White,11/2024,2,2.5,1,
Census Tract,41039004000,White,12/2024,6,4,1.75,
Census Tract,41039004000,White,01/2025,2,0.5,1,
Census Tract,41039004000,White,02/2025,3,0.5,1.5,
Census Tract,41039004000,White,03/2025,2,1.5,2.25,
Census Tract,41039004000,White,04/2025,3,2,1,
Census Tract,41039004000,White,05/2025,2,1,1,
Census Tract,41039004000,White,06/2025,1,4,0.25,
Census Tract,41039004000,White,07/2025,9,3,1.5,
Census Tract,41039004000,White,08/2025,4,1.5,1.5,
Census Tract,41039004000,White,09/2025,2,1,1.5,
Census Tract,41039004000,White,10/2025,2,2,1.5,
Census Tract,41039004000,White,11/2025,0,2.5,1,
Census Tract,41039004000,White,12/2025,3,4,1.75,
Census Tract,41039004000,White,01/2026,9,0.5,1,
Census Tract,41039004000,White,02/2026,0,0.5,1.5,
Census Tract,41039004000,White,03/2026,2,1.5,2.25,
Census Tract,41039004000,White,04/2026,3,2,1,
Census Tract,41039004000,White,05/2026,4,1,1,
Census Tract,41039004000,White,06/2026,1,2,0,2026-06-06
Census Tract,41039004100,White,01/2020,0,1,0.75,
Census Tract,41039004100,White,02/2020,1,1,0.25,
Census Tract,41039004100,White,03/2020,0,1,1.5,
Census Tract,41039004100,White,04/2020,0,0.5,1.5,
Census Tract,41039004100,White,05/2020,0,0,0,
Census Tract,41039004100,White,06/2020,0,0,1.25,
Census Tract,41039004100,White,07/2020,0,1,0.5,
Census Tract,41039004100,White,08/2020,1,1.5,0.25,
Census Tract,41039004100,White,09/2020,0,0.5,1,
Census Tract,41039004100,White,10/2020,0,0.5,1.5,
Census Tract,41039004100,White,11/2020,1,2,1,
Census Tract,41039004100,White,12/2020,1,3,0.75,
Census Tract,41039004100,White,01/2021,0,1,0.75,
Census Tract,41039004100,White,02/2021,0,1,0.25,
Census Tract,41039004100,White,03/2021,0,1,1.5,
Census Tract,41039004100,White,04/2021,0,0.5,1.5,
Census Tract,41039004100,White,05/2021,0,0,0,
Census Tract,41039004100,White,06/2021,0,0,1.25,
Census Tract,41039004100,White,07/2021,0,1,0.5,
Census Tract,41039004100,White,08/2021,1,1.5,0.25,
Census Tract,41039004100,White,09/2021,0,0.5,1,
Census Tract,41039004100,White,10/2021,1,0.5,1.5,
Census Tract,41039004100,White,11/2021,2,2,1,
Census Tract,41039004100,White,12/2021,0,3,0.75,
Census Tract,41039004100,White,01/2022,0,1,0.75,
Census Tract,41039004100,White,02/2022,2,1,0.25,
Census Tract,41039004100,White,03/2022,0,1,1.5,
Census Tract,41039004100,White,04/2022,1,0.5,1.5,
Census Tract,41039004100,White,05/2022,0,0,0,
Census Tract,41039004100,White,06/2022,0,0,1.25,
Census Tract,41039004100,White,07/2022,0,1,0.5,
Census Tract,41039004100,White,08/2022,1,1.5,0.25,
Census Tract,41039004100,White,09/2022,0,0.5,1,
Census Tract,41039004100,White,10/2022,5,0.5,1.5,
Census Tract,41039004100,White,11/2022,1,2,1,
Census Tract,41039004100,White,12/2022,1,3,0.75,
Census Tract,41039004100,White,01/2023,0,1,0.75,
Census Tract,41039004100,White,02/2023,0,1,0.25,
Census Tract,41039004100,White,03/2023,1,1,1.5,
Census Tract,41039004100,White,04/2023,0,0.5,1.5,
Census Tract,41039004100,White,05/2023,0,0,0,
Census Tract,41039004100,White,06/2023,0,0,1.25,
Census Tract,41039004100,White,07/2023,1,1,0.5,
Census Tract,41039004100,White,08/2023,2,1.5,0.25,
Census Tract,41039004100,White,09/2023,0,0.5,1,
Census Tract,41039004100,White,10/2023,1,0.5,1.5,
Census Tract,41039004100,White,11/2023,4,2,1,
Census Tract,41039004100,White,12/2023,3,3,0.75,
Census Tract,41039004100,White,01/2024,2,1,0.75,
Census Tract,41039004100,White,02/2024,2,1,0.25,
Census Tract,41039004100,White,03/2024,1,1,1.5,
Census Tract,41039004100,White,04/2024,1,0.5,1.5,
Census Tract,41039004100,White,05/2024,0,0,0,
Census Tract,41039004100,White,06/2024,0,0,1.25,
Census Tract,41039004100,White,07/2024,1,1,0.5,
Census Tract,41039004100,White,08/2024,1,1.5,0.25,
Census Tract,41039004100,White,09/2024,1,0.5,1,
Census Tract,41039004100,White,10/2024,0,0.5,1.5,
Census Tract,41039004100,White,11/2024,0,2,1,
Census Tract,41039004100,White,12/2024,3,3,0.75,
Census Tract,41039004100,White,01/2025,1,1,0.75,
Census Tract,41039004100,White,02/2025,1,1,0.25,
Census Tract,41039004100,White,03/2025,0,1,1.5,
Census Tract,41039004100,White,04/2025,2,0.5,1.5,
Census Tract,41039004100,White,05/2025,3,0,0,
Census Tract,41039004100,White,06/2025,1,0,1.25,
Census Tract,41039004100,White,07/2025,1,1,0.5,
Census Tract,41039004100,White,08/2025,3,1.5,0.25,
Census Tract,41039004100,White,09/2025,3,0.5,1,
Census Tract,41039004100,White,10/2025,3,0.5,1.5,
Census Tract,41039004100,White,11/2025,4,2,1,
Census Tract,41039004100,White,12/2025,3,3,0.75,
Census Tract,41039004100,White,01/2026,4,1,0.75,
Census Tract,41039004100,White,02/2026,1,1,0.25,
Census Tract,41039004100,White,03/2026,2,1,1.5,
Census Tract,41039004100,White,04/2026,3,0.5,1.5,
Census Tract,41039004100,White,05/2026,1,0,0,
Census Tract,41039004100,White,06/2026,1,0,0.5,2026-06-06
Census Tract,41039004200,White,01/2020,4,6.5,5.25,
Census Tract,41039004200,White,02/2020,0,6,4.25,
Census Tract,41039004200,White,03/2020,4,6,3.25,
Census Tract,41039004200,White,04/2020,0,4.5,4.75,
Census Tract,41039004200,White,05/2020,1,6.5,5.5,
Census Tract,41039004200,White,06/2020,0,4,5.25,
Census Tract,41039004200,White,07/2020,1,5,5.75,
Census Tract,41039004200,White,08/2020,3,7.5,4.75,
Census Tract,41039004200,White,09/2020,2,8.5,5.25,
Census Tract,41039004200,White,10/2020,0,9,4.5,
Census Tract,41039004200,White,11/2020,1,10.5,4.5,
Census Tract,41039004200,White,12/2020,0,8,2.75,
Census Tract,41039004200,White,01/2021,0,6.5,5.25,
Census Tract,41039004200,White,02/2021,2,5.5,4.25,
Census Tract,41039004200,White,03/2021,2,6,3.25,
Census Tract,41039004200,White,04/2021,1,4.5,4.75,
Census Tract,41039004200,White,05/2021,0,6.5,5.5,
Census Tract,41039004200,White,06/2021,2,4,5.25,
Census Tract,41039004200,White,07/2021,4,5,5.75,
Census Tract,41039004200,White,08/2021,4,7.5,4.75,
Census Tract,41039004200,White,09/2021,3,8.5,5.25,
Census Tract,41039004200,White,10/2021,4,9,4.5,
Census Tract,41039004200,White,11/2021,1,10.5,4.5,
Census Tract,41039004200,White,12/2021,1,8,2.75,
Census Tract,41039004200,White,01/2022,0,6.5,5.25,
Census Tract,41039004200,White,02/2022,1,5.5,4.25,
Census Tract,41039004200,White,03/2022,1,6,3.25,
Census Tract,41039004200,White,04/2022,3,4.5,4.75,
Census Tract,41039004200,White,05/2022,6,6.5,5.5,
Census Tract,41039004200,White,06/2022,3,4,5.25,
Census Tract,41039004200,White,07/2022,5,5,5.75,
Census Tract,41039004200,White,08/2022,5,7.5,4.75,
Census Tract,41039004200,White,09/2022,4,8.5,5.25,
Census Tract,41039004200,White,10/2022,16,9,4.5,
Census Tract,41039004200,White,11/2022,4,10.5,4.5,
Census Tract,41039004200,White,12/2022,3,8,2.75,
Census Tract,41039004200,White,01/2023,5,6.5,5.25,
Census Tract,41039004200,White,02/2023,5,5.5,4.25,
Census Tract,41039004200,White,03/2023,6,6,3.25,
Census Tract,41039004200,White,04/2023,2,4.5,4.75,
Census Tract,41039004200,White,05/2023,5,6.5,5.5,
Census Tract,41039004200,White,06/2023,5,4,5.25,
Census Tract,41039004200,White,07/2023,3,5,5.75,
Census Tract,41039004200,White,08/2023,10,7.5,4.75,
Census Tract,41039004200,White,09/2023,10,8.5,5.25,
Census Tract,41039004200,White,10/2023,7,9,4.5,
Census Tract,41039004200,White,11/2023,9,10.5,4.5,
Census Tract,41039004200,White,12/2023,7,8,2.75,
Census Tract,41039004200,White,01/2024,8,6.5,5.25,
Census Tract,41039004200,White,02/2024,7,6,4.25,
Census Tract,41039004200,White,03/2024,6,6,3.25,
Census Tract,41039004200,White,04/2024,7,4.5,4.75,
Census Tract,41039004200,White,05/2024,8,6.5,5.5,
Census Tract,41039004200,White,06/2024,3,4,5.25,
Census Tract,41039004200,White,07/2024,7,5,5.75,
Census Tract,41039004200,White,08/2024,5,7.5,4.75,
Census Tract,41039004200,White,09/2024,7,8.5,5.25,
Census Tract,41039004200,White,10/2024,11,9,4.5,
Census Tract,41039004200,White,11/2024,12,10.5,4.5,
Census Tract,41039004200,White,12/2024,9,8,2.75,
Census Tract,41039004200,White,01/2025,7,6.5,5.25,
Census Tract,41039004200,White,02/2025,10,5.5,4.25,
Census Tract,41039004200,White,03/2025,8,6,3.25,
Census Tract,41039004200,White,04/2025,9,4.5,4.75,
Census Tract,41039004200,White,05/2025,13,6.5,5.5,
Census Tract,41039004200,White,06/2025,2,4,5.25,
Census Tract,41039004200,White,07/2025,13,5,5.75,
Census Tract,41039004200,White,08/2025,10,7.5,4.75,
Census Tract,41039004200,White,09/2025,16,8.5,5.25,
Census Tract,41039004200,White,10/2025,12,9,4.5,
Census Tract,41039004200,White,11/2025,6,10.5,4.5,
Census Tract,41039004200,White,12/2025,16,8,2.75,
Census Tract,41039004200,White,01/2026,12,6.5,5.25,
Census Tract,41039004200,White,02/2026,6,5.5,4.25,
Census Tract,41039004200,White,03/2026,7,6,3.25,
Census Tract,41039004200,White,04/2026,12,4.5,4.75,
Census Tract,41039004200,White,05/2026,11,6.5,5.5,
Census Tract,41039004200,White,06/2026,1,1,0.25,2026-06-06
Census Tract,41039004300,White,01/2020,2,2,3.5,
Census Tract,41039004300,White,02/2020,3,4.5,4.75,
Census Tract,41039004300,White,03/2020,0,4.5,4,
Census Tract,41039004300,White,04/2020,0,2.5,4,
Census Tract,41039004300,White,05/2020,0,3,3.75,
Census Tract,41039004300,White,06/2020,1,3,5.25,
Census Tract,41039004300,White,07/2020,2,5,5,
Census Tract,41039004300,White,08/2020,0,7,4,
Census Tract,41039004300,White,09/2020,1,3,3.5,
Census Tract,41039004300,White,10/2020,2,4,3.5,
Census Tract,41039004300,White,11/2020,1,5,3.5,
Census Tract,41039004300,White,12/2020,0,6,2.5,
Census Tract,41039004300,White,01/2021,1,2,3.5,
Census Tract,41039004300,White,02/2021,0,4,4.5,
Census Tract,41039004300,White,03/2021,3,4.5,4,
Census Tract,41039004300,White,04/2021,2,2.5,4,
Census Tract,41039004300,White,05/2021,2,3,3.75,
Census Tract,41039004300,White,06/2021,2,3,5.25,
Census Tract,41039004300,White,07/2021,1,5,5,
Census Tract,41039004300,White,08/2021,4,7,4,
Census Tract,41039004300,White,09/2021,5,3,3.5,
Census Tract,41039004300,White,10/2021,0,4,3.5,
Census Tract,41039004300,White,11/2021,2,5,3.5,
Census Tract,41039004300,White,12/2021,1,6,2.5,
Census Tract,41039004300,White,01/2022,3,2,3.5,
Census Tract,41039004300,White,02/2022,1,4,4.5,
Census Tract,41039004300,White,03/2022,3,4.5,4,
Census Tract,41039004300,White,04/2022,5,2.5,4,
Census Tract,41039004300,White,05/2022,3,3,3.75,
Census Tract,41039004300,White,06/2022,5,3,5.25,
Census Tract,41039004300,White,07/2022,3,5,5,
Census Tract,41039004300,White,08/2022,6,7,4,
Census Tract,41039004300,White,09/2022,3,3,3.5,
Census Tract,41039004300,White,10/2022,7,4,3.5,
Census Tract,41039004300,White,11/2022,2,5,3.5,
Census Tract,41039004300,White,12/2022,5,6,2.5,
Census Tract,41039004300,White,01/2023,2,2,3.5,
Census Tract,41039004300,White,02/2023,4,4,4.5,
Census Tract,41039004300,White,03/2023,5,4.5,4,
Census Tract,41039004300,White,04/2023,0,2.5,4,
Census Tract,41039004300,White,05/2023,2,3,3.75,
Census Tract,41039004300,White,06/2023,4,3,5.25,
Census Tract,41039004300,White,07/2023,4,5,5,
Census Tract,41039004300,White,08/2023,6,7,4,
Census Tract,41039004300,White,09/2023,2,3,3.5,
Census Tract,41039004300,White,10/2023,7,4,3.5,
Census Tract,41039004300,White,11/2023,6,5,3.5,
Census Tract,41039004300,White,12/2023,8,6,2.5,
Census Tract,41039004300,White,01/2024,2,2,3.5,
Census Tract,41039004300,White,02/2024,5,4.5,4.75,
Census Tract,41039004300,White,03/2024,4,4.5,4,
Census Tract,41039004300,White,04/2024,5,2.5,4,
Census Tract,41039004300,White,05/2024,4,3,3.75,
Census Tract,41039004300,White,06/2024,2,3,5.25,
Census Tract,41039004300,White,07/2024,6,5,5,
Census Tract,41039004300,White,08/2024,8,7,4,
Census Tract,41039004300,White,09/2024,4,3,3.5,
Census Tract,41039004300,White,10/2024,1,4,3.5,
Census Tract,41039004300,White,11/2024,4,5,3.5,
Census Tract,41039004300,White,12/2024,4,6,2.5,
Census Tract,41039004300,White,01/2025,3,2,3.5,
Census Tract,41039004300,White,02/2025,9,4,4.5,
Census Tract,41039004300,White,03/2025,7,4.5,4,
Census Tract,41039004300,White,04/2025,9,2.5,4,
Census Tract,41039004300,White,05/2025,3,3,3.75,
Census Tract,41039004300,White,06/2025,5,3,5.25,
Census Tract,41039004300,White,07/2025,6,5,5,
Census Tract,41039004300,White,08/2025,7,7,4,
Census Tract,41039004300,White,09/2025,7,3,3.5,
Census Tract,41039004300,White,10/2025,11,4,3.5,
Census Tract,41039004300,White,11/2025,4,5,3.5,
Census Tract,41039004300,White,12/2025,3,6,2.5,
Census Tract,41039004300,White,01/2026,9,2,3.5,
Census Tract,41039004300,White,02/2026,6,4,4.5,
Census Tract,41039004300,White,03/2026,7,4.5,4,
Census Tract,41039004300,White,04/2026,3,2.5,4,
Census Tract,41039004300,White,05/2026,11,3,3.75,
Census Tract,41039004300,White,06/2026,1,1,0.5,2026-06-06
Census Tract,41039004403,White,01/2020,6,5,3.25,
Census Tract,41039004403,White,02/2020,6,5.5,4.5,
Census Tract,41039004403,White,03/2020,0,4.5,2.5,
Census Tract,41039004403,White,04/2020,0,3,2,
Census Tract,41039004403,White,05/2020,0,2.5,3.5,
Census Tract,41039004403,White,06/2020,1,3.5,4.25,
Census Tract,41039004403,White,07/2020,2,2.5,5.75,
Census Tract,41039004403,White,08/2020,1,5,2.25,
Census Tract,41039004403,White,09/2020,2,6.5,3,
Census Tract,41039004403,White,10/2020,5,2,5.25,
Census Tract,41039004403,White,11/2020,0,3,5.75,
Census Tract,41039004403,White,12/2020,1,5.5,1.5,
Census Tract,41039004403,White,01/2021,1,5,3.25,
Census Tract,41039004403,White,02/2021,2,5.5,4.5,
Census Tract,41039004403,White,03/2021,0,4.5,2.5,
Census Tract,41039004403,White,04/2021,0,3,2,
Census Tract,41039004403,White,05/2021,0,2.5,3.5,
Census Tract,41039004403,White,06/2021,2,3.5,4.25,
Census Tract,41039004403,White,07/2021,1,2.5,5.75,
Census Tract,41039004403,White,08/2021,3,5,2.25,
Census Tract,41039004403,White,09/2021,5,6.5,3,
Census Tract,41039004403,White,10/2021,3,2,5.25,
Census Tract,41039004403,White,11/2021,2,3,5.75,
Census Tract,41039004403,White,12/2021,3,5.5,1.5,
Census Tract,41039004403,White,01/2022,1,5,3.25,
Census Tract,41039004403,White,02/2022,4,5.5,4.5,
Census Tract,41039004403,White,03/2022,1,4.5,2.5,
Census Tract,41039004403,White,04/2022,7,3,2,
Census Tract,41039004403,White,05/2022,2,2.5,3.5,
Census Tract,41039004403,White,06/2022,2,3.5,4.25,
Census Tract,41039004403,White,07/2022,3,2.5,5.75,
Census Tract,41039004403,White,08/2022,1,5,2.25,
Census Tract,41039004403,White,09/2022,1,6.5,3,
Census Tract,41039004403,White,10/2022,4,2,5.25,
Census Tract,41039004403,White,11/2022,7,3,5.75,
Census Tract,41039004403,White,12/2022,6,5.5,1.5,
Census Tract,41039004403,White,01/2023,5,5,3.25,
Census Tract,41039004403,White,02/2023,6,5.5,4.5,
Census Tract,41039004403,White,03/2023,8,4.5,2.5,
Census Tract,41039004403,White,04/2023,1,3,2,
Census Tract,41039004403,White,05/2023,1,2.5,3.5,
Census Tract,41039004403,White,06/2023,3,3.5,4.25,
Census Tract,41039004403,White,07/2023,2,2.5,5.75,
Census Tract,41039004403,White,08/2023,4,5,2.25,
Census Tract,41039004403,White,09/2023,6,6.5,3,
Census Tract,41039004403,White,10/2023,2,2,5.25,
Census Tract,41039004403,White,11/2023,4,3,5.75,
Census Tract,41039004403,White,12/2023,3,5.5,1.5,
Census Tract,41039004403,White,01/2024,5,5,3.25,
Census Tract,41039004403,White,02/2024,5,5.5,4.5,
Census Tract,41039004403,White,03/2024,1,4.5,2.5,
Census Tract,41039004403,White,04/2024,5,3,2,
Census Tract,41039004403,White,05/2024,4,2.5,3.5,
Census Tract,41039004403,White,06/2024,4,3.5,4.25,
Census Tract,41039004403,White,07/2024,3,2.5,5.75,
Census Tract,41039004403,White,08/2024,6,5,2.25,
Census Tract,41039004403,White,09/2024,7,6.5,3,
Census Tract,41039004403,White,10/2024,2,2,5.25,
Census Tract,41039004403,White,11/2024,2,3,5.75,
Census Tract,41039004403,White,12/2024,8,5.5,1.5,
Census Tract,41039004403,White,01/2025,11,5,3.25,
Census Tract,41039004403,White,02/2025,13,5.5,4.5,
Census Tract,41039004403,White,03/2025,6,4.5,2.5,
Census Tract,41039004403,White,04/2025,3,3,2,
Census Tract,41039004403,White,05/2025,2,2.5,3.5,
Census Tract,41039004403,White,06/2025,6,3.5,4.25,
Census Tract,41039004403,White,07/2025,7,2.5,5.75,
Census Tract,41039004403,White,08/2025,11,5,2.25,
Census Tract,41039004403,White,09/2025,11,6.5,3,
Census Tract,41039004403,White,10/2025,12,2,5.25,
Census Tract,41039004403,White,11/2025,6,3,5.75,
Census Tract,41039004403,White,12/2025,9,5.5,1.5,
Census Tract,41039004403,White,01/2026,10,5,3.25,
Census Tract,41039004403,White,02/2026,5,5.5,4.5,
Census Tract,41039004403,White,03/2026,11,4.5,2.5,
Census Tract,41039004403,White,04/2026,4,3,2,
Census Tract,41039004403,White,05/2026,3,2.5,3.5,
Census Tract,41039004403,White,06/2026,2,0,0.25,2026-06-06
Census Tract,41039004404,White,01/2020,0,0,0.5,
Census Tract,41039004404,White,02/2020,0,0,1.5,
Census Tract,41039004404,White,03/2020,0,0.5,0,
Census Tract,41039004404,White,04/2020,0,0.5,0.75,
Census Tract,41039004404,White,05/2020,0,0,0.25,
Census Tract,41039004404,White,06/2020,0,0,0.25,
Census Tract,41039004404,White,07/2020,0,0.5,0.25,
Census Tract,41039004404,White,08/2020,0,0.5,0.75,
Census Tract,41039004404,White,09/2020,0,0,0.5,
Census Tract,41039004404,White,10/2020,0,0.5,0.25,
Census Tract,41039004404,White,11/2020,0,0.5,0.25,
Census Tract,41039004404,White,12/2020,0,0.5,0.25,
Census Tract,41039004404,White,01/2021,0,0,0.5,
Census Tract,41039004404,White,02/2021,0,0,1.25,
Census Tract,41039004404,White,03/2021,0,0.5,0,
Census Tract,41039004404,White,04/2021,0,0.5,0.75,
Census Tract,41039004404,White,05/2021,0,0,0.25,
Census Tract,41039004404,White,06/2021,0,0,0.25,
Census Tract,41039004404,White,07/2021,0,0.5,0.25,
Census Tract,41039004404,White,08/2021,0,0.5,0.75,
Census Tract,41039004404,White,09/2021,0,0,0.5,
Census Tract,41039004404,White,10/2021,0,0.5,0.25,
Census Tract,41039004404,White,11/2021,0,0.5,0.25,
Census Tract,41039004404,White,12/2021,1,0.5,0.25,
Census Tract,41039004404,White,01/2022,0,0,0.5,
Census Tract,41039004404,White,02/2022,0,0,1.25,
Census Tract,41039004404,White,03/2022,0,0.5,0,
Census Tract,41039004404,White,04/2022,0,0.5,0.75,
Census Tract,41039004404,White,05/2022,0,0,0.25,
Census Tract,41039004404,White,06/2022,1,0,0.25,
Census Tract,41039004404,White,07/2022,0,0.5,0.25,
Census Tract,41039004404,White,08/2022,0,0.5,0.75,
Census Tract,41039004404,White,09/2022,1,0,0.5,
Census Tract,41039004404,White,10/2022,0,0.5,0.25,
Census Tract,41039004404,White,11/2022,0,0.5,0.25,
Census Tract,41039004404,White,12/2022,0,0.5,0.25,
Census Tract,41039004404,White,01/2023,0,0,0.5,
Census Tract,41039004404,White,02/2023,0,0,1.25,
Census Tract,41039004404,White,03/2023,1,0.5,0,
Census Tract,41039004404,White,04/2023,0,0.5,0.75,
Census Tract,41039004404,White,05/2023,0,0,0.25,
Census Tract,41039004404,White,06/2023,0,0,0.25,
Census Tract,41039004404,White,07/2023,1,0.5,0.25,
Census Tract,41039004404,White,08/2023,1,0.5,0.75,
Census Tract,41039004404,White,09/2023,0,0,0.5,
Census Tract,41039004404,White,10/2023,0,0.5,0.25,
Census Tract,41039004404,White,11/2023,0,0.5,0.25,
Census Tract,41039004404,White,12/2023,0,0.5,0.25,
Census Tract,41039004404,White,01/2024,0,0,0.5,
Census Tract,41039004404,White,02/2024,0,0,1.5,
Census Tract,41039004404,White,03/2024,0,0.5,0,
Census Tract,41039004404,White,04/2024,1,0.5,0.75,
Census Tract,41039004404,White,05/2024,0,0,0.25,
Census Tract,41039004404,White,06/2024,0,0,0.25,
Census Tract,41039004404,White,07/2024,0,0.5,0.25,
Census Tract,41039004404,White,08/2024,0,0.5,0.75,
Census Tract,41039004404,White,09/2024,0,0,0.5,
Census Tract,41039004404,White,10/2024,1,0.5,0.25,
Census Tract,41039004404,White,11/2024,1,0.5,0.25,
Census Tract,41039004404,White,12/2024,1,0.5,0.25,
Census Tract,41039004404,White,01/2025,0,0,0.5,
Census Tract,41039004404,White,02/2025,0,0,1.25,
Census Tract,41039004404,White,03/2025,0,0.5,0,
Census Tract,41039004404,White,04/2025,0,0.5,0.75,
Census Tract,41039004404,White,05/2025,0,0,0.25,
Census Tract,41039004404,White,06/2025,0,0,0.25,
Census Tract,41039004404,White,07/2025,0,0.5,0.25,
Census Tract,41039004404,White,08/2025,0,0.5,0.75,
Census Tract,41039004404,White,09/2025,1,0,0.5,
Census Tract,41039004404,White,10/2025,1,0.5,0.25,
Census Tract,41039004404,White,11/2025,0,0.5,0.25,
Census Tract,41039004404,White,12/2025,1,0.5,0.25,
Census Tract,41039004404,White,01/2026,0,0,0.5,
Census Tract,41039004404,White,02/2026,1,0,1.25,
Census Tract,41039004404,White,03/2026,0,0.5,0,
Census Tract,41039004404,White,04/2026,0,0.5,0.75,
Census Tract,41039004404,White,05/2026,1,0,0.25,
Census Tract,41039004404,White,06/2026,0,0,0.25,2026-06-06
Census Tract,41039004405,White,01/2020,1,0.5,0.25,
Census Tract,41039004405,White,02/2020,1,0,0.75,
Census Tract,41039004405,White,03/2020,0,0.5,0.75,
Census Tract,41039004405,White,04/2020,0,0.5,0,
Census Tract,41039004405,White,05/2020,0,0,0.75,
Census Tract,41039004405,White,06/2020,1,0,0.5,
Census Tract,41039004405,White,07/2020,0,0.5,0.75,
Census Tract,41039004405,White,08/2020,0,0,0.5,
Census Tract,41039004405,White,09/2020,0,0.5,0,
Census Tract,41039004405,White,10/2020,0,0,0.25,
Census Tract,41039004405,White,11/2020,0,1,1,
Census Tract,41039004405,White,12/2020,0,0.5,0.25,
Census Tract,41039004405,White,01/2021,0,0.5,0.25,
Census Tract,41039004405,White,02/2021,0,0,0.75,
Census Tract,41039004405,White,03/2021,0,0.5,0.75,
Census Tract,41039004405,White,04/2021,0,0.5,0,
Census Tract,41039004405,White,05/2021,0,0,0.75,
Census Tract,41039004405,White,06/2021,1,0,0.5,
Census Tract,41039004405,White,07/2021,2,0.5,0.75,
Census Tract,41039004405,White,08/2021,0,0,0.5,
Census Tract,41039004405,White,09/2021,0,0.5,0,
Census Tract,41039004405,White,10/2021,1,0,0.25,
Census Tract,41039004405,White,11/2021,0,1,1,
Census Tract,41039004405,White,12/2021,0,0.5,0.25,
Census Tract,41039004405,White,01/2022,1,0.5,0.25,
Census Tract,41039004405,White,02/2022,0,0,0.75,
Census Tract,41039004405,White,03/2022,0,0.5,0.75,
Census Tract,41039004405,White,04/2022,0,0.5,0,
Census Tract,41039004405,White,05/2022,0,0,0.75,
Census Tract,41039004405,White,06/2022,0,0,0.5,
Census Tract,41039004405,White,07/2022,1,0.5,0.75,
Census Tract,41039004405,White,08/2022,0,0,0.5,
Census Tract,41039004405,White,09/2022,0,0.5,0,
Census Tract,41039004405,White,10/2022,0,0,0.25,
Census Tract,41039004405,White,11/2022,2,1,1,
Census Tract,41039004405,White,12/2022,1,0.5,0.25,
Census Tract,41039004405,White,01/2023,1,0.5,0.25,
Census Tract,41039004405,White,02/2023,0,0,0.75,
Census Tract,41039004405,White,03/2023,1,0.5,0.75,
Census Tract,41039004405,White,04/2023,0,0.5,0,
Census Tract,41039004405,White,05/2023,0,0,0.75,
Census Tract,41039004405,White,06/2023,0,0,0.5,
Census Tract,41039004405,White,07/2023,0,0.5,0.75,
Census Tract,41039004405,White,08/2023,0,0,0.5,
Census Tract,41039004405,White,09/2023,0,0.5,0,
Census Tract,41039004405,White,10/2023,0,0,0.25,
Census Tract,41039004405,White,11/2023,0,1,1,
Census Tract,41039004405,White,12/2023,0,0.5,0.25,
Census Tract,41039004405,White,01/2024,0,0.5,0.25,
Census Tract,41039004405,White,02/2024,0,0,0.75,
Census Tract,41039004405,White,03/2024,0,0.5,0.75,
Census Tract,41039004405,White,04/2024,1,0.5,0,
Census Tract,41039004405,White,05/2024,0,0,0.75,
Census Tract,41039004405,White,06/2024,0,0,0.5,
Census Tract,41039004405,White,07/2024,1,0.5,0.75,
Census Tract,41039004405,White,08/2024,0,0,0.5,
Census Tract,41039004405,White,09/2024,1,0.5,0,
Census Tract,41039004405,White,10/2024,0,0,0.25,
Census Tract,41039004405,White,11/2024,2,1,1,
Census Tract,41039004405,White,12/2024,1,0.5,0.25,
Census Tract,41039004405,White,01/2025,0,0.5,0.25,
Census Tract,41039004405,White,02/2025,2,0,0.75,
Census Tract,41039004405,White,03/2025,0,0.5,0.75,
Census Tract,41039004405,White,04/2025,1,0.5,0,
Census Tract,41039004405,White,05/2025,0,0,0.75,
Census Tract,41039004405,White,06/2025,0,0,0.5,
Census Tract,41039004405,White,07/2025,0,0.5,0.75,
Census Tract,41039004405,White,08/2025,1,0,0.5,
Census Tract,41039004405,White,09/2025,3,0.5,0,
Census Tract,41039004405,White,10/2025,1,0,0.25,
Census Tract,41039004405,White,11/2025,0,1,1,
Census Tract,41039004405,White,12/2025,1,0.5,0.25,
Census Tract,41039004405,White,01/2026,1,0.5,0.25,
Census Tract,41039004405,White,02/2026,0,0,0.75,
Census Tract,41039004405,White,03/2026,0,0.5,0.75,
Census Tract,41039004405,White,04/2026,2,0.5,0,
Census Tract,41039004405,White,05/2026,2,0,0.75,
Census Tract,41039004405,White,06/2026,0,0,0,2026-06-06
Census Tract,41039004406,White,01/2020,1,3.5,2,
Census Tract,41039004406,White,02/2020,2,2.5,1,
Census Tract,41039004406,White,03/2020,1,2.5,2.75,
Census Tract,41039004406,White,04/2020,0,2,1.5,
Census Tract,41039004406,White,05/2020,0,1.5,2.5,
Census Tract,41039004406,White,06/2020,0,2,2.5,
Census Tract,41039004406,White,07/2020,1,4.5,2.25,
Census Tract,41039004406,White,08/2020,0,1,2.25,
Census Tract,41039004406,White,09/2020,0,2.5,2,
Census Tract,41039004406,White,10/2020,0,1.5,2.75,
Census Tract,41039004406,White,11/2020,0,2.5,1,
Census Tract,41039004406,White,12/2020,1,0.5,3.75,
Census Tract,41039004406,White,01/2021,1,3.5,2,
Census Tract,41039004406,White,02/2021,2,2.5,1,
Census Tract,41039004406,White,03/2021,0,2.5,2.75,
Census Tract,41039004406,White,04/2021,0,2,1.5,
Census Tract,41039004406,White,05/2021,0,1.5,2.5,
Census Tract,41039004406,White,06/2021,1,2,2.5,
Census Tract,41039004406,White,07/2021,0,4.5,2.25,
Census Tract,41039004406,White,08/2021,0,1,2.25,
Census Tract,41039004406,White,09/2021,0,2.5,2,
Census Tract,41039004406,White,10/2021,1,1.5,2.75,
Census Tract,41039004406,White,11/2021,3,2.5,1,
Census Tract,41039004406,White,12/2021,1,0.5,3.75,
Census Tract,41039004406,White,01/2022,1,3.5,2,
Census Tract,41039004406,White,02/2022,3,2.5,1,
Census Tract,41039004406,White,03/2022,0,2.5,2.75,
Census Tract,41039004406,White,04/2022,0,2,1.5,
Census Tract,41039004406,White,05/2022,3,1.5,2.5,
Census Tract,41039004406,White,06/2022,0,2,2.5,
Census Tract,41039004406,White,07/2022,0,4.5,2.25,
Census Tract,41039004406,White,08/2022,1,1,2.25,
Census Tract,41039004406,White,09/2022,2,2.5,2,
Census Tract,41039004406,White,10/2022,10,1.5,2.75,
Census Tract,41039004406,White,11/2022,4,2.5,1,
Census Tract,41039004406,White,12/2022,5,0.5,3.75,
Census Tract,41039004406,White,01/2023,3,3.5,2,
Census Tract,41039004406,White,02/2023,4,2.5,1,
Census Tract,41039004406,White,03/2023,1,2.5,2.75,
Census Tract,41039004406,White,04/2023,1,2,1.5,
Census Tract,41039004406,White,05/2023,1,1.5,2.5,
Census Tract,41039004406,White,06/2023,1,2,2.5,
Census Tract,41039004406,White,07/2023,1,4.5,2.25,
Census Tract,41039004406,White,08/2023,2,1,2.25,
Census Tract,41039004406,White,09/2023,2,2.5,2,
Census Tract,41039004406,White,10/2023,3,1.5,2.75,
Census Tract,41039004406,White,11/2023,4,2.5,1,
Census Tract,41039004406,White,12/2023,0,0.5,3.75,
Census Tract,41039004406,White,01/2024,4,3.5,2,
Census Tract,41039004406,White,02/2024,1,2.5,1,
Census Tract,41039004406,White,03/2024,4,2.5,2.75,
Census Tract,41039004406,White,04/2024,3,2,1.5,
Census Tract,41039004406,White,05/2024,2,1.5,2.5,
Census Tract,41039004406,White,06/2024,3,2,2.5,
Census Tract,41039004406,White,07/2024,8,4.5,2.25,
Census Tract,41039004406,White,08/2024,0,1,2.25,
Census Tract,41039004406,White,09/2024,3,2.5,2,
Census Tract,41039004406,White,10/2024,0,1.5,2.75,
Census Tract,41039004406,White,11/2024,1,2.5,1,
Census Tract,41039004406,White,12/2024,1,0.5,3.75,
Census Tract,41039004406,White,01/2025,4,3.5,2,
Census Tract,41039004406,White,02/2025,5,2.5,1,
Census Tract,41039004406,White,03/2025,3,2.5,2.75,
Census Tract,41039004406,White,04/2025,0,2,1.5,
Census Tract,41039004406,White,05/2025,2,1.5,2.5,
Census Tract,41039004406,White,06/2025,1,2,2.5,
Census Tract,41039004406,White,07/2025,0,4.5,2.25,
Census Tract,41039004406,White,08/2025,3,1,2.25,
Census Tract,41039004406,White,09/2025,2,2.5,2,
Census Tract,41039004406,White,10/2025,3,1.5,2.75,
Census Tract,41039004406,White,11/2025,3,2.5,1,
Census Tract,41039004406,White,12/2025,2,0.5,3.75,
Census Tract,41039004406,White,01/2026,11,3.5,2,
Census Tract,41039004406,White,02/2026,3,2.5,1,
Census Tract,41039004406,White,03/2026,3,2.5,2.75,
Census Tract,41039004406,White,04/2026,1,2,1.5,
Census Tract,41039004406,White,05/2026,7,1.5,2.5,
Census Tract,41039004406,White,06/2026,1,1,0.25,2026-06-06
Census Tract,41039004407,White,01/2020,6,4,5.5,
Census Tract,41039004407,White,02/2020,4,3,5.5,
Census Tract,41039004407,White,03/2020,0,3.5,3.75,
Census Tract,41039004407,White,04/2020,0,4.5,5,
Census Tract,41039004407,White,05/2020,0,3,3.5,
Census Tract,41039004407,White,06/2020,0,5.5,5.5,
Census Tract,41039004407,White,07/2020,0,5,5.75,
Census Tract,41039004407,White,08/2020,0,8,3.5,
Census Tract,41039004407,White,09/2020,0,9,4.5,
Census Tract,41039004407,White,10/2020,0,5.5,4.25,
Census Tract,41039004407,White,11/2020,0,2.5,6.25,
Census Tract,41039004407,White,12/2020,0,5.5,3.25,
Census Tract,41039004407,White,01/2021,0,4,5.5,
Census Tract,41039004407,White,02/2021,0,3,5.5,
Census Tract,41039004407,White,03/2021,0,3.5,3.75,
Census Tract,41039004407,White,04/2021,0,4.5,5,
Census Tract,41039004407,White,05/2021,1,3,3.5,
Census Tract,41039004407,White,06/2021,0,5.5,5.5,
Census Tract,41039004407,White,07/2021,0,5,5.75,
Census Tract,41039004407,White,08/2021,0,8,3.5,
Census Tract,41039004407,White,09/2021,1,9,4.5,
Census Tract,41039004407,White,10/2021,1,5.5,4.25,
Census Tract,41039004407,White,11/2021,1,2.5,6.25,
Census Tract,41039004407,White,12/2021,5,5.5,3.25,
Census Tract,41039004407,White,01/2022,2,4,5.5,
Census Tract,41039004407,White,02/2022,2,3,5.5,
Census Tract,41039004407,White,03/2022,0,3.5,3.75,
Census Tract,41039004407,White,04/2022,2,4.5,5,
Census Tract,41039004407,White,05/2022,0,3,3.5,
Census Tract,41039004407,White,06/2022,1,5.5,5.5,
Census Tract,41039004407,White,07/2022,0,5,5.75,
Census Tract,41039004407,White,08/2022,2,8,3.5,
Census Tract,41039004407,White,09/2022,6,9,4.5,
Census Tract,41039004407,White,10/2022,15,5.5,4.25,
Census Tract,41039004407,White,11/2022,11,2.5,6.25,
Census Tract,41039004407,White,12/2022,2,5.5,3.25,
Census Tract,41039004407,White,01/2023,6,4,5.5,
Census Tract,41039004407,White,02/2023,2,3,5.5,
Census Tract,41039004407,White,03/2023,3,3.5,3.75,
Census Tract,41039004407,White,04/2023,0,4.5,5,
Census Tract,41039004407,White,05/2023,1,3,3.5,
Census Tract,41039004407,White,06/2023,8,5.5,5.5,
Census Tract,41039004407,White,07/2023,1,5,5.75,
Census Tract,41039004407,White,08/2023,8,8,3.5,
Census Tract,41039004407,White,09/2023,13,9,4.5,
Census Tract,41039004407,White,10/2023,3,5.5,4.25,
Census Tract,41039004407,White,11/2023,4,2.5,6.25,
Census Tract,41039004407,White,12/2023,4,5.5,3.25,
Census Tract,41039004407,White,01/2024,2,4,5.5,
Census Tract,41039004407,White,02/2024,4,3,5.5,
Census Tract,41039004407,White,03/2024,4,3.5,3.75,
Census Tract,41039004407,White,04/2024,9,4.5,5,
Census Tract,41039004407,White,05/2024,5,3,3.5,
Census Tract,41039004407,White,06/2024,3,5.5,5.5,
Census Tract,41039004407,White,07/2024,9,5,5.75,
Census Tract,41039004407,White,08/2024,8,8,3.5,
Census Tract,41039004407,White,09/2024,5,9,4.5,
Census Tract,41039004407,White,10/2024,8,5.5,4.25,
Census Tract,41039004407,White,11/2024,1,2.5,6.25,
Census Tract,41039004407,White,12/2024,7,5.5,3.25,
Census Tract,41039004407,White,01/2025,2,4,5.5,
Census Tract,41039004407,White,02/2025,10,3,5.5,
Census Tract,41039004407,White,03/2025,10,3.5,3.75,
Census Tract,41039004407,White,04/2025,5,4.5,5,
Census Tract,41039004407,White,05/2025,3,3,3.5,
Census Tract,41039004407,White,06/2025,7,5.5,5.5,
Census Tract,41039004407,White,07/2025,12,5,5.75,
Census Tract,41039004407,White,08/2025,8,8,3.5,
Census Tract,41039004407,White,09/2025,12,9,4.5,
Census Tract,41039004407,White,10/2025,8,5.5,4.25,
Census Tract,41039004407,White,11/2025,7,2.5,6.25,
Census Tract,41039004407,White,12/2025,4,5.5,3.25,
Census Tract,41039004407,White,01/2026,7,4,5.5,
Census Tract,41039004407,White,02/2026,2,3,5.5,
Census Tract,41039004407,White,03/2026,8,3.5,3.75,
Census Tract,41039004407,White,04/2026,8,4.5,5,
Census Tract,41039004407,White,05/2026,11,3,3.5,
Census Tract,41039004407,White,06/2026,1,1,0,2026-06-06
Census Tract,41039004501,White,01/2020,2,2.5,0.75,
Census Tract,41039004501,White,02/2020,0,2,1,
Census Tract,41039004501,White,03/2020,0,3,0.75,
Census Tract,41039004501,White,04/2020,0,3.5,3.25,
Census Tract,41039004501,White,05/2020,1,1,0.5,
Census Tract,41039004501,White,06/2020,0,1,0.5,
Census Tract,41039004501,White,07/2020,1,1.5,0.75,
Census Tract,41039004501,White,08/2020,0,1.5,1.25,
Census Tract,41039004501,White,09/2020,0,4,1.25,
Census Tract,41039004501,White,10/2020,0,3,0.75,
Census Tract,41039004501,White,11/2020,0,0.5,0.75,
Census Tract,41039004501,White,12/2020,0,1.5,1.75,
Census Tract,41039004501,White,01/2021,1,2.5,0.75,
Census Tract,41039004501,White,02/2021,0,2,1,
Census Tract,41039004501,White,03/2021,0,3,0.75,
Census Tract,41039004501,White,04/2021,0,3.5,3.25,
Census Tract,41039004501,White,05/2021,0,1,0.5,
Census Tract,41039004501,White,06/2021,0,1,0.5,
Census Tract,41039004501,White,07/2021,2,1.5,0.75,
Census Tract,41039004501,White,08/2021,1,1.5,1.25,
Census Tract,41039004501,White,09/2021,1,4,1.25,
Census Tract,41039004501,White,10/2021,1,3,0.75,
Census Tract,41039004501,White,11/2021,2,0.5,0.75,
Census Tract,41039004501,White,12/2021,0,1.5,1.75,
Census Tract,41039004501,White,01/2022,1,2.5,0.75,
Census Tract,41039004501,White,02/2022,0,2,1,
Census Tract,41039004501,White,03/2022,1,3,0.75,
Census Tract,41039004501,White,04/2022,0,3.5,3.25,
Census Tract,41039004501,White,05/2022,2,1,0.5,
Census Tract,41039004501,White,06/2022,0,1,0.5,
Census Tract,41039004501,White,07/2022,0,1.5,0.75,
Census Tract,41039004501,White,08/2022,0,1.5,1.25,
Census Tract,41039004501,White,09/2022,1,4,1.25,
Census Tract,41039004501,White,10/2022,1,3,0.75,
Census Tract,41039004501,White,11/2022,1,0.5,0.75,
Census Tract,41039004501,White,12/2022,2,1.5,1.75,
Census Tract,41039004501,White,01/2023,2,2.5,0.75,
Census Tract,41039004501,White,02/2023,1,2,1,
Census Tract,41039004501,White,03/2023,4,3,0.75,
Census Tract,41039004501,White,04/2023,2,3.5,3.25,
Census Tract,41039004501,White,05/2023,1,1,0.5,
Census Tract,41039004501,White,06/2023,2,1,0.5,
Census Tract,41039004501,White,07/2023,3,1.5,0.75,
Census Tract,41039004501,White,08/2023,2,1.5,1.25,
Census Tract,41039004501,White,09/2023,4,4,1.25,
Census Tract,41039004501,White,10/2023,2,3,0.75,
Census Tract,41039004501,White,11/2023,0,0.5,0.75,
Census Tract,41039004501,White,12/2023,2,1.5,1.75,
Census Tract,41039004501,White,01/2024,3,2.5,0.75,
Census Tract,41039004501,White,02/2024,3,2,1,
Census Tract,41039004501,White,03/2024,2,3,0.75,
Census Tract,41039004501,White,04/2024,5,3.5,3.25,
Census Tract,41039004501,White,05/2024,1,1,0.5,
Census Tract,41039004501,White,06/2024,0,1,0.5,
Census Tract,41039004501,White,07/2024,0,1.5,0.75,
Census Tract,41039004501,White,08/2024,1,1.5,1.25,
Census Tract,41039004501,White,09/2024,4,4,1.25,
Census Tract,41039004501,White,10/2024,4,3,0.75,
Census Tract,41039004501,White,11/2024,1,0.5,0.75,
Census Tract,41039004501,White,12/2024,1,1.5,1.75,
Census Tract,41039004501,White,01/2025,1,2.5,0.75,
Census Tract,41039004501,White,02/2025,2,2,1,
Census Tract,41039004501,White,03/2025,2,3,0.75,
Census Tract,41039004501,White,04/2025,2,3.5,3.25,
Census Tract,41039004501,White,05/2025,1,1,0.5,
Census Tract,41039004501,White,06/2025,0,1,0.5,
Census Tract,41039004501,White,07/2025,3,1.5,0.75,
Census Tract,41039004501,White,08/2025,3,1.5,1.25,
Census Tract,41039004501,White,09/2025,2,4,1.25,
Census Tract,41039004501,White,10/2025,0,3,0.75,
Census Tract,41039004501,White,11/2025,0,0.5,0.75,
Census Tract,41039004501,White,12/2025,2,1.5,1.75,
Census Tract,41039004501,White,01/2026,2,2.5,0.75,
Census Tract,41039004501,White,02/2026,0,2,1,
Census Tract,41039004501,White,03/2026,2,3,0.75,
Census Tract,41039004501,White,04/2026,1,3.5,3.25,
Census Tract,41039004501,White,05/2026,3,1,0.5,
Census Tract,41039004501,White,06/2026,0,0.5,0,2026-06-06
Census Tract,41039004502,White,01/2020,4,2,2,
Census Tract,41039004502,White,02/2020,2,3.5,0.5,
Census Tract,41039004502,White,03/2020,0,3,1.5,
Census Tract,41039004502,White,04/2020,0,2,1.5,
Census Tract,41039004502,White,05/2020,0,3,1,
Census Tract,41039004502,White,06/2020,0,1,0.75,
Census Tract,41039004502,White,07/2020,0,2,3.25,
Census Tract,41039004502,White,08/2020,0,4.5,1.75,
Census Tract,41039004502,White,09/2020,0,5,2.5,
Census Tract,41039004502,White,10/2020,0,3.5,2,
Census Tract,41039004502,White,11/2020,0,2,2,
Census Tract,41039004502,White,12/2020,0,2.5,2.5,
Census Tract,41039004502,White,01/2021,0,2,2,
Census Tract,41039004502,White,02/2021,0,3.5,0.5,
Census Tract,41039004502,White,03/2021,0,3,1.5,
Census Tract,41039004502,White,04/2021,0,2,1.5,
Census Tract,41039004502,White,05/2021,0,3,1,
Census Tract,41039004502,White,06/2021,0,1,0.75,
Census Tract,41039004502,White,07/2021,0,2,3.25,
Census Tract,41039004502,White,08/2021,6,4.5,1.75,
Census Tract,41039004502,White,09/2021,1,5,2.5,
Census Tract,41039004502,White,10/2021,3,3.5,2,
Census Tract,41039004502,White,11/2021,2,2,2,
Census Tract,41039004502,White,12/2021,0,2.5,2.5,
Census Tract,41039004502,White,01/2022,0,2,2,
Census Tract,41039004502,White,02/2022,0,3.5,0.5,
Census Tract,41039004502,White,03/2022,2,3,1.5,
Census Tract,41039004502,White,04/2022,0,2,1.5,
Census Tract,41039004502,White,05/2022,1,3,1,
Census Tract,41039004502,White,06/2022,2,1,0.75,
Census Tract,41039004502,White,07/2022,8,2,3.25,
Census Tract,41039004502,White,08/2022,2,4.5,1.75,
Census Tract,41039004502,White,09/2022,3,5,2.5,
Census Tract,41039004502,White,10/2022,3,3.5,2,
Census Tract,41039004502,White,11/2022,3,2,2,
Census Tract,41039004502,White,12/2022,2,2.5,2.5,
Census Tract,41039004502,White,01/2023,2,2,2,
Census Tract,41039004502,White,02/2023,4,3.5,0.5,
Census Tract,41039004502,White,03/2023,2,3,1.5,
Census Tract,41039004502,White,04/2023,3,2,1.5,
Census Tract,41039004502,White,05/2023,3,3,1,
Census Tract,41039004502,White,06/2023,1,1,0.75,
Census Tract,41039004502,White,07/2023,3,2,3.25,
Census Tract,41039004502,White,08/2023,5,4.5,1.75,
Census Tract,41039004502,White,09/2023,1,5,2.5,
Census Tract,41039004502,White,10/2023,4,3.5,2,
Census Tract,41039004502,White,11/2023,2,2,2,
Census Tract,41039004502,White,12/2023,1,2.5,2.5,
Census Tract,41039004502,White,01/2024,2,2,2,
Census Tract,41039004502,White,02/2024,3,3.5,0.5,
Census Tract,41039004502,White,03/2024,4,3,1.5,
Census Tract,41039004502,White,04/2024,1,2,1.5,
Census Tract,41039004502,White,05/2024,3,3,1,
Census Tract,41039004502,White,06/2024,1,1,0.75,
Census Tract,41039004502,White,07/2024,1,2,3.25,
Census Tract,41039004502,White,08/2024,4,4.5,1.75,
Census Tract,41039004502,White,09/2024,9,5,2.5,
Census Tract,41039004502,White,10/2024,3,3.5,2,
Census Tract,41039004502,White,11/2024,2,2,2,
Census Tract,41039004502,White,12/2024,4,2.5,2.5,
Census Tract,41039004502,White,01/2025,6,2,2,
Census Tract,41039004502,White,02/2025,2,3.5,0.5,
Census Tract,41039004502,White,03/2025,3,3,1.5,
Census Tract,41039004502,White,04/2025,3,2,1.5,
Census Tract,41039004502,White,05/2025,0,3,1,
Census Tract,41039004502,White,06/2025,5,1,0.75,
Census Tract,41039004502,White,07/2025,1,2,3.25,
Census Tract,41039004502,White,08/2025,4,4.5,1.75,
Census Tract,41039004502,White,09/2025,7,5,2.5,
Census Tract,41039004502,White,10/2025,6,3.5,2,
Census Tract,41039004502,White,11/2025,1,2,2,
Census Tract,41039004502,White,12/2025,6,2.5,2.5,
Census Tract,41039004502,White,01/2026,5,2,2,
Census Tract,41039004502,White,02/2026,3,3.5,0.5,
Census Tract,41039004502,White,03/2026,6,3,1.5,
Census Tract,41039004502,White,04/2026,2,2,1.5,
Census Tract,41039004502,White,05/2026,2,3,1,
Census Tract,41039004502,White,06/2026,0,0.5,0.25,2026-06-06
Census Tract,41039004600,White,01/2020,0,0.5,0.5,
Census Tract,41039004600,White,02/2020,0,1,0.5,
Census Tract,41039004600,White,03/2020,0,0,0,
Census Tract,41039004600,White,04/2020,0,0,0.25,
Census Tract,41039004600,White,05/2020,0,0,0.25,
Census Tract,41039004600,White,06/2020,0,0,0,
Census Tract,41039004600,White,07/2020,1,1,0.5,
Census Tract,41039004600,White,08/2020,0,0,0.25,
Census Tract,41039004600,White,09/2020,0,0,0.25,
Census Tract,41039004600,White,10/2020,0,0,0.75,
Census Tract,41039004600,White,11/2020,0,0.5,0.25,
Census Tract,41039004600,White,12/2020,0,1.5,0,
Census Tract,41039004600,White,01/2021,0,0.5,0.5,
Census Tract,41039004600,White,02/2021,0,1,0.5,
Census Tract,41039004600,White,03/2021,0,0,0,
Census Tract,41039004600,White,04/2021,0,0,0.25,
Census Tract,41039004600,White,05/2021,0,0,0.25,
Census Tract,41039004600,White,06/2021,0,0,0,
Census Tract,41039004600,White,07/2021,0,1,0.5,
Census Tract,41039004600,White,08/2021,0,0,0.25,
Census Tract,41039004600,White,09/2021,0,0,0.25,
Census Tract,41039004600,White,10/2021,1,0,0.75,
Census Tract,41039004600,White,11/2021,0,0.5,0.25,
Census Tract,41039004600,White,12/2021,1,1.5,0,
Census Tract,41039004600,White,01/2022,1,0.5,0.5,
Census Tract,41039004600,White,02/2022,1,1,0.5,
Census Tract,41039004600,White,03/2022,0,0,0,
Census Tract,41039004600,White,04/2022,0,0,0.25,
Census Tract,41039004600,White,05/2022,0,0,0.25,
Census Tract,41039004600,White,06/2022,3,0,0,
Census Tract,41039004600,White,07/2022,0,1,0.5,
Census Tract,41039004600,White,08/2022,0,0,0.25,
Census Tract,41039004600,White,09/2022,0,0,0.25,
Census Tract,41039004600,White,10/2022,0,0,0.75,
Census Tract,41039004600,White,11/2022,2,0.5,0.25,
Census Tract,41039004600,White,12/2022,1,1.5,0,
Census Tract,41039004600,White,01/2023,1,0.5,0.5,
Census Tract,41039004600,White,02/2023,2,1,0.5,
Census Tract,41039004600,White,03/2023,0,0,0,
Census Tract,41039004600,White,04/2023,0,0,0.25,
Census Tract,41039004600,White,05/2023,0,0,0.25,
Census Tract,41039004600,White,06/2023,0,0,0,
Census Tract,41039004600,White,07/2023,1,1,0.5,
Census Tract,41039004600,White,08/2023,0,0,0.25,
Census Tract,41039004600,White,09/2023,0,0,0.25,
Census Tract,41039004600,White,10/2023,0,0,0.75,
Census Tract,41039004600,White,11/2023,1,0.5,0.25,
Census Tract,41039004600,White,12/2023,1,1.5,0,
Census Tract,41039004600,White,01/2024,0,0.5,0.5,
Census Tract,41039004600,White,02/2024,0,1,0.5,
Census Tract,41039004600,White,03/2024,0,0,0,
Census Tract,41039004600,White,04/2024,0,0,0.25,
Census Tract,41039004600,White,05/2024,0,0,0.25,
Census Tract,41039004600,White,06/2024,0,0,0,
Census Tract,41039004600,White,07/2024,1,1,0.5,
Census Tract,41039004600,White,08/2024,0,0,0.25,
Census Tract,41039004600,White,09/2024,0,0,0.25,
Census Tract,41039004600,White,10/2024,0,0,0.75,
Census Tract,41039004600,White,11/2024,0,0.5,0.25,
Census Tract,41039004600,White,12/2024,2,1.5,0,
Census Tract,41039004600,White,01/2025,0,0.5,0.5,
Census Tract,41039004600,White,02/2025,0,1,0.5,
Census Tract,41039004600,White,03/2025,0,0,0,
Census Tract,41039004600,White,04/2025,0,0,0.25,
Census Tract,41039004600,White,05/2025,0,0,0.25,
Census Tract,41039004600,White,06/2025,0,0,0,
Census Tract,41039004600,White,07/2025,0,1,0.5,
Census Tract,41039004600,White,08/2025,0,0,0.25,
Census Tract,41039004600,White,09/2025,0,0,0.25,
Census Tract,41039004600,White,10/2025,0,0,0.75,
Census Tract,41039004600,White,11/2025,0,0.5,0.25,
Census Tract,41039004600,White,12/2025,0,1.5,0,
Census Tract,41039004600,White,01/2026,0,0.5,0.5,
Census Tract,41039004600,White,02/2026,0,1,0.5,
Census Tract,41039004600,White,03/2026,3,0,0,
Census Tract,41039004600,White,04/2026,0,0,0.25,
Census Tract,41039004600,White,05/2026,0,0,0.25,
Census Tract,41039004600,White,06/2026,0,0,0,2026-06-06
Census Tract,41039004700,White,01/2020,0,1,1,
Census Tract,41039004700,White,02/2020,0,1.5,0.5,
Census Tract,41039004700,White,03/2020,0,0,1.25,
Census Tract,41039004700,White,04/2020,0,0.5,0.75,
Census Tract,41039004700,White,05/2020,0,0,0.5,
Census Tract,41039004700,White,06/2020,0,0.5,1.25,
Census Tract,41039004700,White,07/2020,0,1.5,0.75,
Census Tract,41039004700,White,08/2020,0,1.5,1,
Census Tract,41039004700,White,09/2020,0,1,0.25,
Census Tract,41039004700,White,10/2020,0,2.5,0.25,
Census Tract,41039004700,White,11/2020,0,1.5,1,
Census Tract,41039004700,White,12/2020,0,1.5,1.5,
Census Tract,41039004700,White,01/2021,0,1,1,
Census Tract,41039004700,White,02/2021,1,1.5,0.5,
Census Tract,41039004700,White,03/2021,0,0,1.25,
Census Tract,41039004700,White,04/2021,0,0.5,0.75,
Census Tract,41039004700,White,05/2021,1,0,0.5,
Census Tract,41039004700,White,06/2021,0,0.5,1.25,
Census Tract,41039004700,White,07/2021,2,1.5,0.75,
Census Tract,41039004700,White,08/2021,1,1.5,1,
Census Tract,41039004700,White,09/2021,0,1,0.25,
Census Tract,41039004700,White,10/2021,0,2.5,0.25,
Census Tract,41039004700,White,11/2021,1,1.5,1,
Census Tract,41039004700,White,12/2021,2,1.5,1.5,
Census Tract,41039004700,White,01/2022,0,1,1,
Census Tract,41039004700,White,02/2022,0,1.5,0.5,
Census Tract,41039004700,White,03/2022,0,0,1.25,
Census Tract,41039004700,White,04/2022,2,0.5,0.75,
Census Tract,41039004700,White,05/2022,1,0,0.5,
Census Tract,41039004700,White,06/2022,1,0.5,1.25,
Census Tract,41039004700,White,07/2022,1,1.5,0.75,
Census Tract,41039004700,White,08/2022,1,1.5,1,
Census Tract,41039004700,White,09/2022,0,1,0.25,
Census Tract,41039004700,White,10/2022,1,2.5,0.25,
Census Tract,41039004700,White,11/2022,2,1.5,1,
Census Tract,41039004700,White,12/2022,2,1.5,1.5,
Census Tract,41039004700,White,01/2023,1,1,1,
Census Tract,41039004700,White,02/2023,1,1.5,0.5,
Census Tract,41039004700,White,03/2023,0,0,1.25,
Census Tract,41039004700,White,04/2023,0,0.5,0.75,
Census Tract,41039004700,White,05/2023,0,0,0.5,
Census Tract,41039004700,White,06/2023,1,0.5,1.25,
Census Tract,41039004700,White,07/2023,2,1.5,0.75,
Census Tract,41039004700,White,08/2023,2,1.5,1,
Census Tract,41039004700,White,09/2023,2,1,0.25,
Census Tract,41039004700,White,10/2023,3,2.5,0.25,
Census Tract,41039004700,White,11/2023,3,1.5,1,
Census Tract,41039004700,White,12/2023,1,1.5,1.5,
Census Tract,41039004700,White,01/2024,1,1,1,
Census Tract,41039004700,White,02/2024,2,1.5,0.5,
Census Tract,41039004700,White,03/2024,0,0,1.25,
Census Tract,41039004700,White,04/2024,1,0.5,0.75,
Census Tract,41039004700,White,05/2024,0,0,0.5,
Census Tract,41039004700,White,06/2024,0,0.5,1.25,
Census Tract,41039004700,White,07/2024,1,1.5,0.75,
Census Tract,41039004700,White,08/2024,1,1.5,1,
Census Tract,41039004700,White,09/2024,0,1,0.25,
Census Tract,41039004700,White,10/2024,2,2.5,0.25,
Census Tract,41039004700,White,11/2024,0,1.5,1,
Census Tract,41039004700,White,12/2024,2,1.5,1.5,
Census Tract,41039004700,White,01/2025,2,1,1,
Census Tract,41039004700,White,02/2025,3,1.5,0.5,
Census Tract,41039004700,White,03/2025,3,0,1.25,
Census Tract,41039004700,White,04/2025,4,0.5,0.75,
Census Tract,41039004700,White,05/2025,1,0,0.5,
Census Tract,41039004700,White,06/2025,5,0.5,1.25,
Census Tract,41039004700,White,07/2025,1,1.5,0.75,
Census Tract,41039004700,White,08/2025,1,1.5,1,
Census Tract,41039004700,White,09/2025,5,1,0.25,
Census Tract,41039004700,White,10/2025,6,2.5,0.25,
Census Tract,41039004700,White,11/2025,4,1.5,1,
Census Tract,41039004700,White,12/2025,4,1.5,1.5,
Census Tract,41039004700,White,01/2026,1,1,1,
Census Tract,41039004700,White,02/2026,0,1.5,0.5,
Census Tract,41039004700,White,03/2026,3,0,1.25,
Census Tract,41039004700,White,04/2026,3,0.5,0.75,
Census Tract,41039004700,White,05/2026,4,0,0.5,
Census Tract,41039004700,White,06/2026,0,0,0,2026-06-06
Census Tract,41039004800,White,01/2020,1,1.5,3.25,
Census Tract,41039004800,White,02/2020,0,1.5,2.75,
Census Tract,41039004800,White,03/2020,0,1.5,2.25,
Census Tract,41039004800,White,04/2020,0,2,2.75,
Census Tract,41039004800,White,05/2020,0,1.5,3.5,
Census Tract,41039004800,White,06/2020,0,2.5,3.75,
Census Tract,41039004800,White,07/2020,0,1.5,2.75,
Census Tract,41039004800,White,08/2020,1,3.5,0.75,
Census Tract,41039004800,White,09/2020,0,3,1.5,
Census Tract,41039004800,White,10/2020,2,3,1.5,
Census Tract,41039004800,White,11/2020,1,5,1.25,
Census Tract,41039004800,White,12/2020,0,3,2.75,
Census Tract,41039004800,White,01/2021,1,1.5,3.25,
Census Tract,41039004800,White,02/2021,2,1.5,2.75,
Census Tract,41039004800,White,03/2021,0,1.5,2.25,
Census Tract,41039004800,White,04/2021,0,2,2.75,
Census Tract,41039004800,White,05/2021,0,1.5,3.5,
Census Tract,41039004800,White,06/2021,0,2.5,3.75,
Census Tract,41039004800,White,07/2021,1,1.5,2.75,
Census Tract,41039004800,White,08/2021,1,3.5,0.75,
Census Tract,41039004800,White,09/2021,0,3,1.5,
Census Tract,41039004800,White,10/2021,1,3,1.5,
Census Tract,41039004800,White,11/2021,2,5,1.25,
Census Tract,41039004800,White,12/2021,1,3,2.75,
Census Tract,41039004800,White,01/2022,0,1.5,3.25,
Census Tract,41039004800,White,02/2022,3,1.5,2.75,
Census Tract,41039004800,White,03/2022,0,1.5,2.25,
Census Tract,41039004800,White,04/2022,1,2,2.75,
Census Tract,41039004800,White,05/2022,5,1.5,3.5,
Census Tract,41039004800,White,06/2022,3,2.5,3.75,
Census Tract,41039004800,White,07/2022,0,1.5,2.75,
Census Tract,41039004800,White,08/2022,1,3.5,0.75,
Census Tract,41039004800,White,09/2022,4,3,1.5,
Census Tract,41039004800,White,10/2022,1,3,1.5,
Census Tract,41039004800,White,11/2022,0,5,1.25,
Census Tract,41039004800,White,12/2022,4,3,2.75,
Census Tract,41039004800,White,01/2023,2,1.5,3.25,
Census Tract,41039004800,White,02/2023,1,1.5,2.75,
Census Tract,41039004800,White,03/2023,3,1.5,2.25,
Census Tract,41039004800,White,04/2023,2,2,2.75,
Census Tract,41039004800,White,05/2023,1,1.5,3.5,
Census Tract,41039004800,White,06/2023,3,2.5,3.75,
Census Tract,41039004800,White,07/2023,1,1.5,2.75,
Census Tract,41039004800,White,08/2023,4,3.5,0.75,
Census Tract,41039004800,White,09/2023,4,3,1.5,
Census Tract,41039004800,White,10/2023,4,3,1.5,
Census Tract,41039004800,White,11/2023,7,5,1.25,
Census Tract,41039004800,White,12/2023,0,3,2.75,
Census Tract,41039004800,White,01/2024,1,1.5,3.25,
Census Tract,41039004800,White,02/2024,2,1.5,2.75,
Census Tract,41039004800,White,03/2024,0,1.5,2.25,
Census Tract,41039004800,White,04/2024,2,2,2.75,
Census Tract,41039004800,White,05/2024,2,1.5,3.5,
Census Tract,41039004800,White,06/2024,2,2.5,3.75,
Census Tract,41039004800,White,07/2024,2,1.5,2.75,
Census Tract,41039004800,White,08/2024,3,3.5,0.75,
Census Tract,41039004800,White,09/2024,2,3,1.5,
Census Tract,41039004800,White,10/2024,2,3,1.5,
Census Tract,41039004800,White,11/2024,3,5,1.25,
Census Tract,41039004800,White,12/2024,6,3,2.75,
Census Tract,41039004800,White,01/2025,1,1.5,3.25,
Census Tract,41039004800,White,02/2025,2,1.5,2.75,
Census Tract,41039004800,White,03/2025,3,1.5,2.25,
Census Tract,41039004800,White,04/2025,3,2,2.75,
Census Tract,41039004800,White,05/2025,3,1.5,3.5,
Census Tract,41039004800,White,06/2025,4,2.5,3.75,
Census Tract,41039004800,White,07/2025,4,1.5,2.75,
Census Tract,41039004800,White,08/2025,3,3.5,0.75,
Census Tract,41039004800,White,09/2025,6,3,1.5,
Census Tract,41039004800,White,10/2025,3,3,1.5,
Census Tract,41039004800,White,11/2025,2,5,1.25,
Census Tract,41039004800,White,12/2025,4,3,2.75,
Census Tract,41039004800,White,01/2026,5,1.5,3.25,
Census Tract,41039004800,White,02/2026,3,1.5,2.75,
Census Tract,41039004800,White,03/2026,3,1.5,2.25,
Census Tract,41039004800,White,04/2026,3,2,2.75,
Census Tract,41039004800,White,05/2026,4,1.5,3.5,
Census Tract,41039004800,White,06/2026,0,0.5,0.5,2026-06-06
Census Tract,41039004900,White,01/2020,0,1,1,
Census Tract,41039004900,White,02/2020,0,1,1,
Census Tract,41039004900,White,03/2020,0,0.5,0,
Census Tract,41039004900,White,04/2020,0,2,0.75,
Census Tract,41039004900,White,05/2020,0,0.5,0.25,
Census Tract,41039004900,White,06/2020,0,0,0.5,
Census Tract,41039004900,White,07/2020,0,0.5,1,
Census Tract,41039004900,White,08/2020,0,1,0,
Census Tract,41039004900,White,09/2020,0,1,0,
Census Tract,41039004900,White,10/2020,1,1.5,0.25,
Census Tract,41039004900,White,11/2020,0,3,0.25,
Census Tract,41039004900,White,12/2020,0,1.5,0,
Census Tract,41039004900,White,01/2021,0,1,1,
Census Tract,41039004900,White,02/2021,0,1,0.75,
Census Tract,41039004900,White,03/2021,0,0.5,0,
Census Tract,41039004900,White,04/2021,0,2,0.75,
Census Tract,41039004900,White,05/2021,0,0.5,0.25,
Census Tract,41039004900,White,06/2021,1,0,0.5,
Census Tract,41039004900,White,07/2021,0,0.5,1,
Census Tract,41039004900,White,08/2021,1,1,0,
Census Tract,41039004900,White,09/2021,0,1,0,
Census Tract,41039004900,White,10/2021,1,1.5,0.25,
Census Tract,41039004900,White,11/2021,1,3,0.25,
Census Tract,41039004900,White,12/2021,1,1.5,0,
Census Tract,41039004900,White,01/2022,0,1,1,
Census Tract,41039004900,White,02/2022,0,1,0.75,
Census Tract,41039004900,White,03/2022,1,0.5,0,
Census Tract,41039004900,White,04/2022,1,2,0.75,
Census Tract,41039004900,White,05/2022,0,0.5,0.25,
Census Tract,41039004900,White,06/2022,0,0,0.5,
Census Tract,41039004900,White,07/2022,0,0.5,1,
Census Tract,41039004900,White,08/2022,1,1,0,
Census Tract,41039004900,White,09/2022,2,1,0,
Census Tract,41039004900,White,10/2022,4,1.5,0.25,
Census Tract,41039004900,White,11/2022,0,3,0.25,
Census Tract,41039004900,White,12/2022,3,1.5,0,
Census Tract,41039004900,White,01/2023,0,1,1,
Census Tract,41039004900,White,02/2023,1,1,0.75,
Census Tract,41039004900,White,03/2023,0,0.5,0,
Census Tract,41039004900,White,04/2023,3,2,0.75,
Census Tract,41039004900,White,05/2023,0,0.5,0.25,
Census Tract,41039004900,White,06/2023,0,0,0.5,
Census Tract,41039004900,White,07/2023,1,0.5,1,
Census Tract,41039004900,White,08/2023,0,1,0,
Census Tract,41039004900,White,09/2023,0,1,0,
Census Tract,41039004900,White,10/2023,0,1.5,0.25,
Census Tract,41039004900,White,11/2023,6,3,0.25,
Census Tract,41039004900,White,12/2023,2,1.5,0,
Census Tract,41039004900,White,01/2024,2,1,1,
Census Tract,41039004900,White,02/2024,1,1,1,
Census Tract,41039004900,White,03/2024,1,0.5,0,
Census Tract,41039004900,White,04/2024,1,2,0.75,
Census Tract,41039004900,White,05/2024,1,0.5,0.25,
Census Tract,41039004900,White,06/2024,0,0,0.5,
Census Tract,41039004900,White,07/2024,0,0.5,1,
Census Tract,41039004900,White,08/2024,2,1,0,
Census Tract,41039004900,White,09/2024,2,1,0,
Census Tract,41039004900,White,10/2024,3,1.5,0.25,
Census Tract,41039004900,White,11/2024,0,3,0.25,
Census Tract,41039004900,White,12/2024,1,1.5,0,
Census Tract,41039004900,White,01/2025,0,1,1,
Census Tract,41039004900,White,02/2025,2,1,0.75,
Census Tract,41039004900,White,03/2025,1,0.5,0,
Census Tract,41039004900,White,04/2025,1,2,0.75,
Census Tract,41039004900,White,05/2025,2,0.5,0.25,
Census Tract,41039004900,White,06/2025,1,0,0.5,
Census Tract,41039004900,White,07/2025,2,0.5,1,
Census Tract,41039004900,White,08/2025,2,1,0,
Census Tract,41039004900,White,09/2025,4,1,0,
Census Tract,41039004900,White,10/2025,1,1.5,0.25,
Census Tract,41039004900,White,11/2025,0,3,0.25,
Census Tract,41039004900,White,12/2025,1,1.5,0,
Census Tract,41039004900,White,01/2026,1,1,1,
Census Tract,41039004900,White,02/2026,2,1,0.75,
Census Tract,41039004900,White,03/2026,1,0.5,0,
Census Tract,41039004900,White,04/2026,2,2,0.75,
Census Tract,41039004900,White,05/2026,3,0.5,0.25,
Census Tract,41039004900,White,06/2026,0,0,0,2026-06-06
Census Tract,41039005000,White,01/2020,0,0.5,0.5,
Census Tract,41039005000,White,02/2020,0,0,0.5,
Census Tract,41039005000,White,03/2020,1,0.5,1,
Census Tract,41039005000,White,04/2020,0,1.5,0.25,
Census Tract,41039005000,White,05/2020,0,1,1.25,
Census Tract,41039005000,White,06/2020,0,0,0.75,
Census Tract,41039005000,White,07/2020,0,1.5,1.75,
Census Tract,41039005000,White,08/2020,0,1.5,1,
Census Tract,41039005000,White,09/2020,0,0.5,0.5,
Census Tract,41039005000,White,10/2020,0,1,0.5,
Census Tract,41039005000,White,11/2020,1,0.5,0.5,
Census Tract,41039005000,White,12/2020,2,2,0.25,
Census Tract,41039005000,White,01/2021,0,0.5,0.5,
Census Tract,41039005000,White,02/2021,0,0,0.5,
Census Tract,41039005000,White,03/2021,0,0.5,1,
Census Tract,41039005000,White,04/2021,1,1.5,0.25,
Census Tract,41039005000,White,05/2021,0,1,1.25,
Census Tract,41039005000,White,06/2021,0,0,0.75,
Census Tract,41039005000,White,07/2021,0,1.5,1.75,
Census Tract,41039005000,White,08/2021,0,1.5,1,
Census Tract,41039005000,White,09/2021,0,0.5,0.5,
Census Tract,41039005000,White,10/2021,1,1,0.5,
Census Tract,41039005000,White,11/2021,1,0.5,0.5,
Census Tract,41039005000,White,12/2021,1,2,0.25,
Census Tract,41039005000,White,01/2022,1,0.5,0.5,
Census Tract,41039005000,White,02/2022,3,0,0.5,
Census Tract,41039005000,White,03/2022,3,0.5,1,
Census Tract,41039005000,White,04/2022,1,1.5,0.25,
Census Tract,41039005000,White,05/2022,0,1,1.25,
Census Tract,41039005000,White,06/2022,2,0,0.75,
Census Tract,41039005000,White,07/2022,0,1.5,1.75,
Census Tract,41039005000,White,08/2022,0,1.5,1,
Census Tract,41039005000,White,09/2022,0,0.5,0.5,
Census Tract,41039005000,White,10/2022,0,1,0.5,
Census Tract,41039005000,White,11/2022,0,0.5,0.5,
Census Tract,41039005000,White,12/2022,1,2,0.25,
Census Tract,41039005000,White,01/2023,0,0.5,0.5,
Census Tract,41039005000,White,02/2023,0,0,0.5,
Census Tract,41039005000,White,03/2023,0,0.5,1,
Census Tract,41039005000,White,04/2023,2,1.5,0.25,
Census Tract,41039005000,White,05/2023,1,1,1.25,
Census Tract,41039005000,White,06/2023,0,0,0.75,
Census Tract,41039005000,White,07/2023,2,1.5,1.75,
Census Tract,41039005000,White,08/2023,3,1.5,1,
Census Tract,41039005000,White,09/2023,0,0.5,0.5,
Census Tract,41039005000,White,10/2023,0,1,0.5,
Census Tract,41039005000,White,11/2023,1,0.5,0.5,
Census Tract,41039005000,White,12/2023,2,2,0.25,
Census Tract,41039005000,White,01/2024,1,0.5,0.5,
Census Tract,41039005000,White,02/2024,0,0,0.5,
Census Tract,41039005000,White,03/2024,1,0.5,1,
Census Tract,41039005000,White,04/2024,1,1.5,0.25,
Census Tract,41039005000,White,05/2024,1,1,1.25,
Census Tract,41039005000,White,06/2024,0,0,0.75,
Census Tract,41039005000,White,07/2024,1,1.5,1.75,
Census Tract,41039005000,White,08/2024,0,1.5,1,
Census Tract,41039005000,White,09/2024,1,0.5,0.5,
Census Tract,41039005000,White,10/2024,2,1,0.5,
Census Tract,41039005000,White,11/2024,0,0.5,0.5,
Census Tract,41039005000,White,12/2024,2,2,0.25,
Census Tract,41039005000,White,01/2025,1,0.5,0.5,
Census Tract,41039005000,White,02/2025,2,0,0.5,
Census Tract,41039005000,White,03/2025,2,0.5,1,
Census Tract,41039005000,White,04/2025,3,1.5,0.25,
Census Tract,41039005000,White,05/2025,3,1,1.25,
Census Tract,41039005000,White,06/2025,1,0,0.75,
Census Tract,41039005000,White,07/2025,1,1.5,1.75,
Census Tract,41039005000,White,08/2025,0,1.5,1,
Census Tract,41039005000,White,09/2025,1,0.5,0.5,
Census Tract,41039005000,White,10/2025,1,1,0.5,
Census Tract,41039005000,White,11/2025,1,0.5,0.5,
Census Tract,41039005000,White,12/2025,0,2,0.25,
Census Tract,41039005000,White,01/2026,1,0.5,0.5,
Census Tract,41039005000,White,02/2026,0,0,0.5,
Census Tract,41039005000,White,03/2026,0,0.5,1,
Census Tract,41039005000,White,04/2026,1,1.5,0.25,
Census Tract,41039005000,White,05/2026,3,1,1.25,
Census Tract,41039005000,White,06/2026,1,0,0,2026-06-06
Census Tract,41039005100,White,01/2020,0,1,1.25,
Census Tract,41039005100,White,02/2020,1,0,0.75,
Census Tract,41039005100,White,03/2020,1,2,1,
Census Tract,41039005100,White,04/2020,0,0.5,1.5,
Census Tract,41039005100,White,05/2020,0,2,0.5,
Census Tract,41039005100,White,06/2020,0,0.5,0.75,
Census Tract,41039005100,White,07/2020,2,1.5,1,
Census Tract,41039005100,White,08/2020,0,0,0.25,
Census Tract,41039005100,White,09/2020,0,1.5,0.5,
Census Tract,41039005100,White,10/2020,1,1,0.75,
Census Tract,41039005100,White,11/2020,1,1.5,1.25,
Census Tract,41039005100,White,12/2020,0,2.5,0.25,
Census Tract,41039005100,White,01/2021,0,1,1.25,
Census Tract,41039005100,White,02/2021,0,0,0.75,
Census Tract,41039005100,White,03/2021,0,2,1,
Census Tract,41039005100,White,04/2021,0,0.5,1.5,
Census Tract,41039005100,White,05/2021,0,2,0.5,
Census Tract,41039005100,White,06/2021,0,0.5,0.75,
Census Tract,41039005100,White,07/2021,0,1.5,1,
Census Tract,41039005100,White,08/2021,2,0,0.25,
Census Tract,41039005100,White,09/2021,0,1.5,0.5,
Census Tract,41039005100,White,10/2021,0,1,0.75,
Census Tract,41039005100,White,11/2021,0,1.5,1.25,
Census Tract,41039005100,White,12/2021,0,2.5,0.25,
Census Tract,41039005100,White,01/2022,1,1,1.25,
Census Tract,41039005100,White,02/2022,2,0,0.75,
Census Tract,41039005100,White,03/2022,1,2,1,
Census Tract,41039005100,White,04/2022,2,0.5,1.5,
Census Tract,41039005100,White,05/2022,2,2,0.5,
Census Tract,41039005100,White,06/2022,0,0.5,0.75,
Census Tract,41039005100,White,07/2022,1,1.5,1,
Census Tract,41039005100,White,08/2022,1,0,0.25,
Census Tract,41039005100,White,09/2022,2,1.5,0.5,
Census Tract,41039005100,White,10/2022,0,1,0.75,
Census Tract,41039005100,White,11/2022,0,1.5,1.25,
Census Tract,41039005100,White,12/2022,0,2.5,0.25,
Census Tract,41039005100,White,01/2023,1,1,1.25,
Census Tract,41039005100,White,02/2023,0,0,0.75,
Census Tract,41039005100,White,03/2023,3,2,1,
Census Tract,41039005100,White,04/2023,1,0.5,1.5,
Census Tract,41039005100,White,05/2023,1,2,0.5,
Census Tract,41039005100,White,06/2023,0,0.5,0.75,
Census Tract,41039005100,White,07/2023,2,1.5,1,
Census Tract,41039005100,White,08/2023,0,0,0.25,
Census Tract,41039005100,White,09/2023,2,1.5,0.5,
Census Tract,41039005100,White,10/2023,2,1,0.75,
Census Tract,41039005100,White,11/2023,0,1.5,1.25,
Census Tract,41039005100,White,12/2023,3,2.5,0.25,
Census Tract,41039005100,White,01/2024,1,1,1.25,
Census Tract,41039005100,White,02/2024,0,0,0.75,
Census Tract,41039005100,White,03/2024,1,2,1,
Census Tract,41039005100,White,04/2024,0,0.5,1.5,
Census Tract,41039005100,White,05/2024,3,2,0.5,
Census Tract,41039005100,White,06/2024,1,0.5,0.75,
Census Tract,41039005100,White,07/2024,1,1.5,1,
Census Tract,41039005100,White,08/2024,0,0,0.25,
Census Tract,41039005100,White,09/2024,1,1.5,0.5,
Census Tract,41039005100,White,10/2024,0,1,0.75,
Census Tract,41039005100,White,11/2024,3,1.5,1.25,
Census Tract,41039005100,White,12/2024,2,2.5,0.25,
Census Tract,41039005100,White,01/2025,0,1,1.25,
Census Tract,41039005100,White,02/2025,1,0,0.75,
Census Tract,41039005100,White,03/2025,0,2,1,
Census Tract,41039005100,White,04/2025,1,0.5,1.5,
Census Tract,41039005100,White,05/2025,2,2,0.5,
Census Tract,41039005100,White,06/2025,2,0.5,0.75,
Census Tract,41039005100,White,07/2025,0,1.5,1,
Census Tract,41039005100,White,08/2025,3,0,0.25,
Census Tract,41039005100,White,09/2025,2,1.5,0.5,
Census Tract,41039005100,White,10/2025,2,1,0.75,
Census Tract,41039005100,White,11/2025,0,1.5,1.25,
Census Tract,41039005100,White,12/2025,1,2.5,0.25,
Census Tract,41039005100,White,01/2026,2,1,1.25,
Census Tract,41039005100,White,02/2026,1,0,0.75,
Census Tract,41039005100,White,03/2026,1,2,1,
Census Tract,41039005100,White,04/2026,1,0.5,1.5,
Census Tract,41039005100,White,05/2026,0,2,0.5,
Census Tract,41039005100,White,06/2026,0,0,0,2026-06-06
Census Tract,41039005200,White,01/2020,0,0,0,
Census Tract,41039005200,White,02/2020,0,0.5,0,
Census Tract,41039005200,White,03/2020,0,0,0.5,
Census Tract,41039005200,White,04/2020,0,0,0.25,
Census Tract,41039005200,White,05/2020,0,0,0.25,
Census Tract,41039005200,White,06/2020,0,0,0,
Census Tract,41039005200,White,07/2020,0,0.5,0.5,
Census Tract,41039005200,White,08/2020,0,0.5,0,
Census Tract,41039005200,White,09/2020,0,0,0.25,
Census Tract,41039005200,White,10/2020,0,0,0.25,
Census Tract,41039005200,White,11/2020,0,1,0.5,
Census Tract,41039005200,White,12/2020,0,0,0.25,
Census Tract,41039005200,White,01/2021,0,0,0,
Census Tract,41039005200,White,02/2021,0,0.5,0,
Census Tract,41039005200,White,03/2021,0,0,0.5,
Census Tract,41039005200,White,04/2021,0,0,0.25,
Census Tract,41039005200,White,05/2021,0,0,0.25,
Census Tract,41039005200,White,06/2021,0,0,0,
Census Tract,41039005200,White,07/2021,0,0.5,0.5,
Census Tract,41039005200,White,08/2021,0,0.5,0,
Census Tract,41039005200,White,09/2021,0,0,0.25,
Census Tract,41039005200,White,10/2021,1,0,0.25,
Census Tract,41039005200,White,11/2021,0,1,0.5,
Census Tract,41039005200,White,12/2021,0,0,0.25,
Census Tract,41039005200,White,01/2022,0,0,0,
Census Tract,41039005200,White,02/2022,0,0.5,0,
Census Tract,41039005200,White,03/2022,0,0,0.5,
Census Tract,41039005200,White,04/2022,0,0,0.25,
Census Tract,41039005200,White,05/2022,0,0,0.25,
Census Tract,41039005200,White,06/2022,0,0,0,
Census Tract,41039005200,White,07/2022,0,0.5,0.5,
Census Tract,41039005200,White,08/2022,0,0.5,0,
Census Tract,41039005200,White,09/2022,0,0,0.25,
Census Tract,41039005200,White,10/2022,0,0,0.25,
Census Tract,41039005200,White,11/2022,0,1,0.5,
Census Tract,41039005200,White,12/2022,0,0,0.25,
Census Tract,41039005200,White,01/2023,0,0,0,
Census Tract,41039005200,White,02/2023,0,0.5,0,
Census Tract,41039005200,White,03/2023,0,0,0.5,
Census Tract,41039005200,White,04/2023,0,0,0.25,
Census Tract,41039005200,White,05/2023,0,0,0.25,
Census Tract,41039005200,White,06/2023,0,0,0,
Census Tract,41039005200,White,07/2023,0,0.5,0.5,
Census Tract,41039005200,White,08/2023,0,0.5,0,
Census Tract,41039005200,White,09/2023,0,0,0.25,
Census Tract,41039005200,White,10/2023,0,0,0.25,
Census Tract,41039005200,White,11/2023,0,1,0.5,
Census Tract,41039005200,White,12/2023,0,0,0.25,
Census Tract,41039005200,White,01/2024,0,0,0,
Census Tract,41039005200,White,02/2024,1,0.5,0,
Census Tract,41039005200,White,03/2024,0,0,0.5,
Census Tract,41039005200,White,04/2024,0,0,0.25,
Census Tract,41039005200,White,05/2024,0,0,0.25,
Census Tract,41039005200,White,06/2024,0,0,0,
Census Tract,41039005200,White,07/2024,1,0.5,0.5,
Census Tract,41039005200,White,08/2024,1,0.5,0,
Census Tract,41039005200,White,09/2024,0,0,0.25,
Census Tract,41039005200,White,10/2024,0,0,0.25,
Census Tract,41039005200,White,11/2024,2,1,0.5,
Census Tract,41039005200,White,12/2024,0,0,0.25,
Census Tract,41039005200,White,01/2025,0,0,0,
Census Tract,41039005200,White,02/2025,1,0.5,0,
Census Tract,41039005200,White,03/2025,0,0,0.5,
Census Tract,41039005200,White,04/2025,0,0,0.25,
Census Tract,41039005200,White,05/2025,0,0,0.25,
Census Tract,41039005200,White,06/2025,0,0,0,
Census Tract,41039005200,White,07/2025,0,0.5,0.5,
Census Tract,41039005200,White,08/2025,0,0.5,0,
Census Tract,41039005200,White,09/2025,0,0,0.25,
Census Tract,41039005200,White,10/2025,1,0,0.25,
Census Tract,41039005200,White,11/2025,1,1,0.5,
Census Tract,41039005200,White,12/2025,0,0,0.25,
Census Tract,41039005200,White,01/2026,1,0,0,
Census Tract,41039005200,White,02/2026,0,0.5,0,
Census Tract,41039005200,White,03/2026,0,0,0.5,
Census Tract,41039005200,White,04/2026,0,0,0.25,
Census Tract,41039005200,White,05/2026,0,0,0.25,
Census Tract,41039005200,White,06/2026,0,0,0,2026-06-06
Census Tract,41039005300,White,01/2020,0,0,0.25,
Census Tract,41039005300,White,02/2020,0,1,0.5,
Census Tract,41039005300,White,03/2020,1,0.5,0,
Census Tract,41039005300,White,04/2020,0,0,0.5,
Census Tract,41039005300,White,05/2020,0,0.5,0.5,
Census Tract,41039005300,White,06/2020,0,0,0.5,
Census Tract,41039005300,White,07/2020,0,0,0.25,
Census Tract,41039005300,White,08/2020,0,0,0,
Census Tract,41039005300,White,09/2020,0,0.5,0,
Census Tract,41039005300,White,10/2020,0,0,0.25,
Census Tract,41039005300,White,11/2020,0,0,0.5,
Census Tract,41039005300,White,12/2020,0,0,0.5,
Census Tract,41039005300,White,01/2021,0,0,0.25,
Census Tract,41039005300,White,02/2021,0,1,0.5,
Census Tract,41039005300,White,03/2021,0,0.5,0,
Census Tract,41039005300,White,04/2021,0,0,0.5,
Census Tract,41039005300,White,05/2021,0,0.5,0.5,
Census Tract,41039005300,White,06/2021,1,0,0.5,
Census Tract,41039005300,White,07/2021,0,0,0.25,
Census Tract,41039005300,White,08/2021,0,0,0,
Census Tract,41039005300,White,09/2021,0,0.5,0,
Census Tract,41039005300,White,10/2021,0,0,0.25,
Census Tract,41039005300,White,11/2021,0,0,0.5,
Census Tract,41039005300,White,12/2021,0,0,0.5,
Census Tract,41039005300,White,01/2022,0,0,0.25,
Census Tract,41039005300,White,02/2022,0,1,0.5,
Census Tract,41039005300,White,03/2022,0,0.5,0,
Census Tract,41039005300,White,04/2022,0,0,0.5,
Census Tract,41039005300,White,05/2022,0,0.5,0.5,
Census Tract,41039005300,White,06/2022,1,0,0.5,
Census Tract,41039005300,White,07/2022,1,0,0.25,
Census Tract,41039005300,White,08/2022,0,0,0,
Census Tract,41039005300,White,09/2022,3,0.5,0,
Census Tract,41039005300,White,10/2022,0,0,0.25,
Census Tract,41039005300,White,11/2022,0,0,0.5,
Census Tract,41039005300,White,12/2022,2,0,0.5,
Census Tract,41039005300,White,01/2023,0,0,0.25,
Census Tract,41039005300,White,02/2023,2,1,0.5,
Census Tract,41039005300,White,03/2023,0,0.5,0,
Census Tract,41039005300,White,04/2023,0,0,0.5,
Census Tract,41039005300,White,05/2023,0,0.5,0.5,
Census Tract,41039005300,White,06/2023,0,0,0.5,
Census Tract,41039005300,White,07/2023,0,0,0.25,
Census Tract,41039005300,White,08/2023,0,0,0,
Census Tract,41039005300,White,09/2023,0,0.5,0,
Census Tract,41039005300,White,10/2023,0,0,0.25,
Census Tract,41039005300,White,11/2023,0,0,0.5,
Census Tract,41039005300,White,12/2023,0,0,0.5,
Census Tract,41039005300,White,01/2024,0,0,0.25,
Census Tract,41039005300,White,02/2024,0,1,0.5,
Census Tract,41039005300,White,03/2024,1,0.5,0,
Census Tract,41039005300,White,04/2024,0,0,0.5,
Census Tract,41039005300,White,05/2024,1,0.5,0.5,
Census Tract,41039005300,White,06/2024,0,0,0.5,
Census Tract,41039005300,White,07/2024,0,0,0.25,
Census Tract,41039005300,White,08/2024,0,0,0,
Census Tract,41039005300,White,09/2024,1,0.5,0,
Census Tract,41039005300,White,10/2024,0,0,0.25,
Census Tract,41039005300,White,11/2024,0,0,0.5,
Census Tract,41039005300,White,12/2024,0,0,0.5,
Census Tract,41039005300,White,01/2025,0,0,0.25,
Census Tract,41039005300,White,02/2025,0,1,0.5,
Census Tract,41039005300,White,03/2025,0,0.5,0,
Census Tract,41039005300,White,04/2025,0,0,0.5,
Census Tract,41039005300,White,05/2025,0,0.5,0.5,
Census Tract,41039005300,White,06/2025,0,0,0.5,
Census Tract,41039005300,White,07/2025,1,0,0.25,
Census Tract,41039005300,White,08/2025,0,0,0,
Census Tract,41039005300,White,09/2025,0,0.5,0,
Census Tract,41039005300,White,10/2025,0,0,0.25,
Census Tract,41039005300,White,11/2025,0,0,0.5,
Census Tract,41039005300,White,12/2025,1,0,0.5,
Census Tract,41039005300,White,01/2026,0,0,0.25,
Census Tract,41039005300,White,02/2026,1,1,0.5,
Census Tract,41039005300,White,03/2026,0,0.5,0,
Census Tract,41039005300,White,04/2026,3,0,0.5,
Census Tract,41039005300,White,05/2026,2,0.5,0.5,
Census Tract,41039005300,White,06/2026,0,0,0.25,2026-06-06
Census Tract,41039005400,White,01/2020,0,0,0,
Census Tract,41039005400,White,02/2020,0,0,0.75,
Census Tract,41039005400,White,03/2020,0,0,0,
Census Tract,41039005400,White,04/2020,0,0,0.75,
Census Tract,41039005400,White,05/2020,0,0,0.5,
Census Tract,41039005400,White,06/2020,0,0,0,
Census Tract,41039005400,White,07/2020,0,0,0,
Census Tract,41039005400,White,08/2020,0,0,0.25,
Census Tract,41039005400,White,09/2020,0,0.5,0,
Census Tract,41039005400,White,10/2020,0,1,0.25,
Census Tract,41039005400,White,11/2020,0,0,0,
Census Tract,41039005400,White,12/2020,1,0,0.75,
Census Tract,41039005400,White,01/2021,0,0,0,
Census Tract,41039005400,White,02/2021,1,0,0.75,
Census Tract,41039005400,White,03/2021,0,0,0,
Census Tract,41039005400,White,04/2021,0,0,0.75,
Census Tract,41039005400,White,05/2021,0,0,0.5,
Census Tract,41039005400,White,06/2021,0,0,0,
Census Tract,41039005400,White,07/2021,0,0,0,
Census Tract,41039005400,White,08/2021,0,0,0.25,
Census Tract,41039005400,White,09/2021,0,0.5,0,
Census Tract,41039005400,White,10/2021,0,1,0.25,
Census Tract,41039005400,White,11/2021,0,0,0,
Census Tract,41039005400,White,12/2021,0,0,0.75,
Census Tract,41039005400,White,01/2022,1,0,0,
Census Tract,41039005400,White,02/2022,0,0,0.75,
Census Tract,41039005400,White,03/2022,0,0,0,
Census Tract,41039005400,White,04/2022,0,0,0.75,
Census Tract,41039005400,White,05/2022,0,0,0.5,
Census Tract,41039005400,White,06/2022,0,0,0,
Census Tract,41039005400,White,07/2022,0,0,0,
Census Tract,41039005400,White,08/2022,0,0,0.25,
Census Tract,41039005400,White,09/2022,1,0.5,0,
Census Tract,41039005400,White,10/2022,0,1,0.25,
Census Tract,41039005400,White,11/2022,0,0,0,
Census Tract,41039005400,White,12/2022,0,0,0.75,
Census Tract,41039005400,White,01/2023,0,0,0,
Census Tract,41039005400,White,02/2023,0,0,0.75,
Census Tract,41039005400,White,03/2023,0,0,0,
Census Tract,41039005400,White,04/2023,0,0,0.75,
Census Tract,41039005400,White,05/2023,0,0,0.5,
Census Tract,41039005400,White,06/2023,0,0,0,
Census Tract,41039005400,White,07/2023,0,0,0,
Census Tract,41039005400,White,08/2023,0,0,0.25,
Census Tract,41039005400,White,09/2023,1,0.5,0,
Census Tract,41039005400,White,10/2023,1,1,0.25,
Census Tract,41039005400,White,11/2023,0,0,0,
Census Tract,41039005400,White,12/2023,0,0,0.75,
Census Tract,41039005400,White,01/2024,0,0,0,
Census Tract,41039005400,White,02/2024,0,0,0.75,
Census Tract,41039005400,White,03/2024,0,0,0,
Census Tract,41039005400,White,04/2024,0,0,0.75,
Census Tract,41039005400,White,05/2024,0,0,0.5,
Census Tract,41039005400,White,06/2024,0,0,0,
Census Tract,41039005400,White,07/2024,0,0,0,
Census Tract,41039005400,White,08/2024,0,0,0.25,
Census Tract,41039005400,White,09/2024,0,0.5,0,
Census Tract,41039005400,White,10/2024,1,1,0.25,
Census Tract,41039005400,White,11/2024,0,0,0,
Census Tract,41039005400,White,12/2024,0,0,0.75,
Census Tract,41039005400,White,01/2025,0,0,0,
Census Tract,41039005400,White,02/2025,0,0,0.75,
Census Tract,41039005400,White,03/2025,0,0,0,
Census Tract,41039005400,White,04/2025,0,0,0.75,
Census Tract,41039005400,White,05/2025,1,0,0.5,
Census Tract,41039005400,White,06/2025,0,0,0,
Census Tract,41039005400,White,07/2025,1,0,0,
Census Tract,41039005400,White,08/2025,0,0,0.25,
Census Tract,41039005400,White,09/2025,1,0.5,0,
Census Tract,41039005400,White,10/2025,1,1,0.25,
Census Tract,41039005400,White,11/2025,0,0,0,
Census Tract,41039005400,White,12/2025,0,0,0.75,
Census Tract,41039005400,White,01/2026,1,0,0,
Census Tract,41039005400,White,02/2026,0,0,0.75,
Census Tract,41039005400,White,03/2026,0,0,0,
Census Tract,41039005400,White,04/2026,3,0,0.75,
Census Tract,41039005400,White,05/2026,1,0,0.5,
Census Tract,41039005400,White,06/2026,0,0,0,2026-06-06
Census Tract,41039990000,Other,01/2020,0,0,0,
Census Tract,41039990000,Other,02/2020,0,0,0,
Census Tract,41039990000,Other,03/2020,0,0,0,
Census Tract,41039990000,Other,04/2020,0,0,0,
Census Tract,41039990000,Other,05/2020,0,0,0,
Census Tract,41039990000,Other,06/2020,0,0,0,
Census Tract,41039990000,Other,07/2020,0,0,0,
Census Tract,41039990000,Other,08/2020,0,0,0,
Census Tract,41039990000,Other,09/2020,0,0,0,
Census Tract,41039990000,Other,10/2020,0,0,0,
Census Tract,41039990000,Other,11/2020,0,0,0,
Census Tract,41039990000,Other,12/2020,0,0,0,
Census Tract,41039990000,Other,01/2021,0,0,0,
Census Tract,41039990000,Other,02/2021,0,0,0,
Census Tract,41039990000,Other,03/2021,0,0,0,
Census Tract,41039990000,Other,04/2021,0,0,0,
Census Tract,41039990000,Other,05/2021,0,0,0,
Census Tract,41039990000,Other,06/2021,0,0,0,
Census Tract,41039990000,Other,07/2021,0,0,0,
Census Tract,41039990000,Other,08/2021,0,0,0,
Census Tract,41039990000,Other,09/2021,0,0,0,
Census Tract,41039990000,Other,10/2021,0,0,0,
Census Tract,41039990000,Other,11/2021,0,0,0,
Census Tract,41039990000,Other,12/2021,0,0,0,
Census Tract,41039990000,Other,01/2022,0,0,0,
Census Tract,41039990000,Other,02/2022,0,0,0,
Census Tract,41039990000,Other,03/2022,0,0,0,
Census Tract,41039990000,Other,04/2022,0,0,0,
Census Tract,41039990000,Other,05/2022,0,0,0,
Census Tract,41039990000,Other,06/2022,0,0,0,
Census Tract,41039990000,Other,07/2022,0,0,0,
Census Tract,41039990000,Other,08/2022,0,0,0,
Census Tract,41039990000,Other,09/2022,0,0,0,
Census Tract,41039990000,Other,10/2022,0,0,0,
Census Tract,41039990000,Other,11/2022,0,0,0,
Census Tract,41039990000,Other,12/2022,0,0,0,
Census Tract,41039990000,Other,01/2023,0,0,0,
Census Tract,41039990000,Other,02/2023,0,0,0,
Census Tract,41039990000,Other,03/2023,0,0,0,
Census Tract,41039990000,Other,04/2023,0,0,0,
Census Tract,41039990000,Other,05/2023,0,0,0,
Census Tract,41039990000,Other,06/2023,0,0,0,
Census Tract,41039990000,Other,07/2023,0,0,0,
Census Tract,41039990000,Other,08/2023,0,0,0,
Census Tract,41039990000,Other,09/2023,0,0,0,
Census Tract,41039990000,Other,10/2023,0,0,0,
Census Tract,41039990000,Other,11/2023,0,0,0,
Census Tract,41039990000,Other,12/2023,0,0,0,
Census Tract,41039990000,Other,01/2024,0,0,0,
Census Tract,41039990000,Other,02/2024,0,0,0,
Census Tract,41039990000,Other,03/2024,0,0,0,
Census Tract,41039990000,Other,04/2024,0,0,0,
Census Tract,41039990000,Other,05/2024,0,0,0,
Census Tract,41039990000,Other,06/2024,0,0,0,
Census Tract,41039990000,Other,07/2024,0,0,0,
Census Tract,41039990000,Other,08/2024,0,0,0,
Census Tract,41039990000,Other,09/2024,0,0,0,
Census Tract,41039990000,Other,10/2024,0,0,0,
Census Tract,41039990000,Other,11/2024,0,0,0,
Census Tract,41039990000,Other,12/2024,0,0,0,
Census Tract,41039990000,Other,01/2025,0,0,0,
Census Tract,41039990000,Other,02/2025,0,0,0,
Census Tract,41039990000,Other,03/2025,0,0,0,
Census Tract,41039990000,Other,04/2025,0,0,0,
Census Tract,41039990000,Other,05/2025,0,0,0,
Census Tract,41039990000,Other,06/2025,0,0,0,
Census Tract,41039990000,Other,07/2025,0,0,0,
Census Tract,41039990000,Other,08/2025,0,0,0,
Census Tract,41039990000,Other,09/2025,0,0,0,
Census Tract,41039990000,Other,10/2025,0,0,0,
Census Tract,41039990000,Other,11/2025,0,0,0,
Census Tract,41039990000,Other,12/2025,0,0,0,
Census Tract,41039990000,Other,01/2026,0,0,0,
Census Tract,41039990000,Other,02/2026,0,0,0,
Census Tract,41039990000,Other,03/2026,0,0,0,
Census Tract,41039990000,Other,04/2026,0,0,0,
Census Tract,41039990000,Other,05/2026,0,0,0,
Census Tract,41039990000,Other,06/2026,0,0,0,2026-06-06
Census Tract,sealed,,01/2020,1,1.5,1,
Census Tract,sealed,,02/2020,0,1.5,0.5,
Census Tract,sealed,,03/2020,0,1,0.25,
Census Tract,sealed,,04/2020,0,0.5,0.25,
Census Tract,sealed,,05/2020,0,0,1,
Census Tract,sealed,,06/2020,0,0.5,1,
Census Tract,sealed,,07/2020,0,2.5,1.5,
Census Tract,sealed,,08/2020,0,1,1.25,
Census Tract,sealed,,09/2020,0,0,1,
Census Tract,sealed,,10/2020,0,1.5,1,
Census Tract,sealed,,11/2020,0,1.5,0.75,
Census Tract,sealed,,12/2020,0,2,0.5,
Census Tract,sealed,,01/2021,0,1.5,1,
Census Tract,sealed,,02/2021,0,1,0.5,
Census Tract,sealed,,03/2021,0,1,0.25,
Census Tract,sealed,,04/2021,1,0.5,0.25,
Census Tract,sealed,,05/2021,0,0,1,
Census Tract,sealed,,06/2021,1,0.5,1,
Census Tract,sealed,,07/2021,0,2.5,1.5,
Census Tract,sealed,,08/2021,0,1,1.25,
Census Tract,sealed,,09/2021,0,0,1,
Census Tract,sealed,,10/2021,0,1.5,1,
Census Tract,sealed,,11/2021,0,1.5,0.75,
Census Tract,sealed,,12/2021,1,2,0.5,
Census Tract,sealed,,01/2022,1,1.5,1,
Census Tract,sealed,,02/2022,0,1,0.5,
Census Tract,sealed,,03/2022,0,1,0.25,
Census Tract,sealed,,04/2022,0,0.5,0.25,
Census Tract,sealed,,05/2022,1,0,1,
Census Tract,sealed,,06/2022,1,0.5,1,
Census Tract,sealed,,07/2022,0,2.5,1.5,
Census Tract,sealed,,08/2022,1,1,1.25,
Census Tract,sealed,,09/2022,2,0,1,
Census Tract,sealed,,10/2022,1,1.5,1,
Census Tract,sealed,,11/2022,2,1.5,0.75,
Census Tract,sealed,,12/2022,1,2,0.5,
Census Tract,sealed,,01/2023,2,1.5,1,
Census Tract,sealed,,02/2023,0,1,0.5,
Census Tract,sealed,,03/2023,2,1,0.25,
Census Tract,sealed,,04/2023,0,0.5,0.25,
Census Tract,sealed,,05/2023,0,0,1,
Census Tract,sealed,,06/2023,1,0.5,1,
Census Tract,sealed,,07/2023,3,2.5,1.5,
Census Tract,sealed,,08/2023,0,1,1.25,
Census Tract,sealed,,09/2023,0,0,1,
Census Tract,sealed,,10/2023,2,1.5,1,
Census Tract,sealed,,11/2023,2,1.5,0.75,
Census Tract,sealed,,12/2023,3,2,0.5,
Census Tract,sealed,,01/2024,1,1.5,1,
Census Tract,sealed,,02/2024,3,1.5,0.5,
Census Tract,sealed,,03/2024,0,1,0.25,
Census Tract,sealed,,04/2024,1,0.5,0.25,
Census Tract,sealed,,05/2024,0,0,1,
Census Tract,sealed,,06/2024,0,0.5,1,
Census Tract,sealed,,07/2024,2,2.5,1.5,
Census Tract,sealed,,08/2024,2,1,1.25,
Census Tract,sealed,,09/2024,0,0,1,
Census Tract,sealed,,10/2024,1,1.5,1,
Census Tract,sealed,,11/2024,1,1.5,0.75,
Census Tract,sealed,,12/2024,1,2,0.5,
Census Tract,sealed,,01/2025,1,1.5,1,
Census Tract,sealed,,02/2025,1,1,0.5,
Census Tract,sealed,,03/2025,2,1,0.25,
Census Tract,sealed,,04/2025,3,0.5,0.25,
Census Tract,sealed,,05/2025,3,0,1,
Census Tract,sealed,,06/2025,0,0.5,1,
Census Tract,sealed,,07/2025,1,2.5,1.5,
Census Tract,sealed,,08/2025,2,1,1.25,
Census Tract,sealed,,09/2025,2,0,1,
Census Tract,sealed,,10/2025,8,1.5,1,
Census Tract,sealed,,11/2025,7,1.5,0.75,
Census Tract,sealed,,12/2025,0,2,0.5,
Census Tract,sealed,,01/2026,1,1.5,1,
Census Tract,sealed,,02/2026,3,1,0.5,
Census Tract,sealed,,03/2026,0,1,0.25,
Census Tract,sealed,,04/2026,1,0.5,0.25,
Census Tract,sealed,,05/2026,2,0,1,
Census Tract,sealed,,06/2026,0,0,0,2026-06-06
