month,month_last_day,month_filings,avg_filings,percentage_diff
January,,313,337.333333333333,0.927865612648221
February,,269,321.333333333333,0.837136929460581
March,,284,315,0.901587301587302
April,,27,317.666666666667,0.0849947534102833
May,,5,340,0.0147058823529412
June,,7,351.333333333333,0.0199240986717268
July,,23,383.666666666667,0.0599478714161599
August,29/08/2020,25,341.666666666667,0.0731707317073171
