month,month_last_day,month_filings,avg_filings,percentage_diff
January,,313,337.333333333333,0.927865612648221
February,,269,321.333333333333,0.837136929460581
March,,284,315,0.901587301587302
April,,27,317.666666666667,0.0849947534102833
May,,6,340,0.0176470588235294
June,,7,351.333333333333,0.0199240986717268
July,,25,383.666666666667,0.0651607298001738
August,,27,369.333333333333,0.0731046931407942
September,26/09/2020,53,299,0.177257525083612
