group,month,month_last_day,month_filings,avg_filings,month_diff,month_filings_imputed,baseline_share
White,05/2023,,14243,9946.75,1.43192500062835,0.364988941866452,0.44194444918904
Black,05/2023,,3163,3781.5,0.836440565912998,0.401950753251405,0.250366621687899
Latinx,05/2023,,3995,4300,0.92906976744186,0.185895305889463,0.236265412141339
Other,05/2023,,23153,19120.75,1.21088346429926,0.0471649989926801,
Female,05/2023,,,,,0.59623497392847,0.526210147109795
