group,month,month_last_day,month_filings,avg_filings,month_diff,month_filings_imputed,baseline_share
White,12/2022,,13824,9944.25,1.39015008673354,0.367971508920751,0.44194444918904
Black,12/2022,,2949,3781.5,0.779849266164221,0.406504771564243,0.250366621687899
Latinx,12/2022,,4075,4300,0.947674418604651,0.178467221428242,0.236265412141339
Other,12/2022,,22364,19119.75,1.16968056590698,0.047056498086764,
Female,12/2022,,,,,0.600698760482919,0.526210147109795
