group,month,month_last_day,month_filings,avg_filings,month_diff,month_filings_imputed,baseline_share
White,11/2022,,13620,9944.25,1.36963571913417,0.367971508920751,0.44194444918904
Black,11/2022,,2852,3781.5,0.754198069549121,0.406504771564243,0.250366621687899
Latinx,11/2022,,4060,4300,0.944186046511628,0.178467221428242,0.236265412141339
Other,11/2022,,22018,19119.75,1.15158409498032,0.047056498086764,
Female,11/2022,,,,,0.600698760482919,0.526210147109795
