group,month,month_last_day,month_filings,avg_filings,month_diff,month_filings_imputed,baseline_share
White,09/2023,,12980,8400.75,1.54510013986846,0.414904994365709,0.44194444918904
Black,09/2023,,2685,3346.5,0.802330793366204,0.328349325126062,0.250366621687899
Latinx,09/2023,,4357,4428,0.983965672990063,0.196025899278132,0.236265412141339
Other,09/2023,,25294,20972.75,1.20604117247381,0.0607197812300967,
Female,09/2023,,,,,0.59271773572013,0.526210147109795
