group,month,month_last_day,month_filings,avg_filings,month_diff,month_filings_imputed,baseline_share
White,03/2023,,14036,9946.75,1.41111418302461,0.364934275393598,0.44194444918904
Black,03/2023,,3066,3781.5,0.810789369297898,0.404806597450985,0.250366621687899
Latinx,03/2023,,3991,4300,0.928139534883721,0.182904491446487,0.236265412141339
Other,03/2023,,23077,19120.75,1.20690872481466,0.0473546357089307,
Female,03/2023,,,,,0.598299178347724,0.526210147109795
