group,month,month_last_day,month_filings,avg_filings,month_diff,month_filings_imputed,baseline_share
White,04/2023,,14081,9946.75,1.41563827380803,0.365099091771723,0.44194444918904
Black,04/2023,,3116,3781.5,0.824011635594341,0.402682300844969,0.250366621687899
Latinx,04/2023,,3984,4300,0.926511627906977,0.184929058786318,0.236265412141339
Other,04/2023,,23012,19120.75,1.20350927657126,0.0472895485969906,
Female,04/2023,,,,,0.596592434348538,0.526210147109795
