group,month,month_last_day,month_filings,avg_filings,month_diff,month_filings_imputed,baseline_share
White,06/2022,,12917,9944.25,1.29894159941675,0.359793558356888,0.415928939548045
Black,06/2022,,2711,3781.5,0.716911278593151,0.419936522842881,0.235470847941088
Latinx,06/2022,,4295,4300,0.998837209302325,0.169156728349071,0.273316533231813
Other,06/2022,,21137,19119.75,1.10550608663816,0.0255565952255799,
Female,06/2022,,,,,0.567636998264997,0.526210147109795
