group,month,month_last_day,month_filings,avg_filings,month_diff,month_filings_imputed
White,04/2022,,12570,9944.25,1.26404706237273,0.356596427366244
Black,04/2022,,2743,3781.5,0.725373529022875,0.423863058630834
Latinx,04/2022,,4245,4300,0.987209302325581,0.168052577893613
Other,04/2022,,20886,19119.75,1.09237829992547,0.0257439680546541
Female,04/2022,,,,,0.567370610325531
