group,month,month_last_day,month_filings,avg_filings,month_diff,month_filings_imputed,baseline_share
White,03/2023,,209,2413.66666666667,0.0865902499654744,,
Black,03/2023,,169,5346.16666666667,0.0316114349845684,,
Latinx,03/2023,,37,1789.33333333333,0.0206780923994039,,
Other,03/2023,,227,6224.83333333333,0.0364668398082947,,
