group,month,month_last_day,month_filings,avg_filings,month_diff,month_filings_imputed,baseline_share
White,06/2023,,7722,9946.75,0.776333978435167,0.389378761710756,0.44194444918904
Black,06/2023,,1240,3781.5,0.327912204151792,0.366593517338949,0.250366621687899
Latinx,06/2023,,3253,4300,0.756511627906977,0.190157797110437,0.236265412141339
Other,06/2023,,14000,19120.75,0.732188852424722,0.0538699238398579,
Female,06/2023,,,,,0.589810763274994,0.526210147109795
