group,month,month_last_day,month_filings,avg_filings,month_diff,month_filings_imputed,baseline_share
White,10/2022,,13477,9944.25,1.35525554968952,0.368642052862392,0.44194444918904
Black,10/2022,,2852,3781.5,0.754198069549121,0.409754770653076,0.250366621687899
Latinx,10/2022,,4136,4300,0.961860465116279,0.174820931610762,0.236265412141339
Other,10/2022,,21769,19119.75,1.13856091214582,0.0467822448737703,
Female,10/2022,,,,,0.604040629400407,0.526210147109795
