group,month,month_last_day,month_filings,avg_filings,month_diff,month_filings_imputed,baseline_share
White,08/2022,,13294,9944.25,1.33685295522538,0.368489064034688,0.44194444918904
Black,08/2022,,2784,3781.5,0.736215787385958,0.410795869966222,0.250366621687899
Latinx,08/2022,,4218,4300,0.98093023255814,0.173802889107156,0.236265412141339
Other,08/2022,,21449,19119.75,1.12182429163561,0.023456088445967,
Female,08/2022,,,,,0.602505395442671,0.526210147109795
