group,month,month_last_day,month_filings,avg_filings,month_diff,month_filings_imputed,baseline_share
White,04/2022,,12570,9944.25,1.26404706237273,0.358159995925869,0.454364595062059
Black,04/2022,,2743,3781.5,0.725373529022875,0.423364211855878,0.243687156996291
Latinx,04/2022,,4245,4300,0.987209302325581,0.16805034986,0.23419656753515
Other,04/2022,,20886,19119.75,1.09237829992547,0.025212721179126,
Female,04/2022,,,,,0.567370610325531,0.542748419566685
