group,month,month_last_day,month_filings,avg_filings,month_diff,month_filings_imputed,baseline_share
White,06/2022,,12917,9944.25,1.29894159941675,0.358826348318515,0.415928939548045
Black,06/2022,,2711,3781.5,0.716911278593151,0.422021890895783,0.235470847941088
Latinx,06/2022,,4295,4300,0.998837209302325,0.16900558618201,0.273316533231813
Other,06/2022,,21136,19119.75,1.10545378469907,0.0250730873018466,
Female,06/2022,,,,,0.567540487556462,0.526210147109795
