group,month,month_last_day,month_filings,avg_filings,month_diff,month_filings_imputed,baseline_share
White,02/2023,,13961,9944.25,1.40392689242527,0.364934275393598,0.44194444918904
Black,02/2023,,3045,3781.5,0.805236017453392,0.404806597450985,0.250366621687899
Latinx,02/2023,,4054,4300,0.942790697674419,0.182904491446487,0.236265412141339
Other,02/2023,,22866,19119.75,1.19593613933237,0.0473546357089307,
Female,02/2023,,,,,0.599234238515894,0.526210147109795
