group,month,month_last_day,month_filings,avg_filings,month_diff,month_filings_imputed,baseline_share
White,07/2023,,7765,9946.75,0.780656998517104,0.399244974321634,0.44194444918904
Black,07/2023,,1241,3781.5,0.32817664947772,0.354259348298276,0.250366621687899
Latinx,07/2023,,3292,4300,0.765581395348837,0.190541795634243,0.236265412141339
Other,07/2023,,14170,19120.75,0.741079717061308,0.0559538817458474,
Female,07/2023,,,,,0.595217592988132,0.526210147109795
