group,month,month_last_day,month_filings,avg_filings,month_diff,month_filings_imputed,baseline_share
White,10/2023,,13064,8400.75,1.55509924709103,0.414904994365709,0.44194444918904
Black,10/2023,,2683,3346.5,0.801733154041536,0.328349325126062,0.250366621687899
Latinx,10/2023,,4384,4428,0.990063233965673,0.196025899278132,0.236265412141339
Other,10/2023,,25397,20972.75,1.21095230716048,0.0607197812300967,
Female,10/2023,,,,,0.59271773572013,0.526210147109795
