group,month,month_last_day,month_filings,avg_filings,month_diff,month_filings_imputed,baseline_share
White,09/2022,,13454,9944.25,1.35294265530332,0.368642052862392,0.44194444918904
Black,09/2022,,2841,3781.5,0.751289170963903,0.409754770653076,0.250366621687899
Latinx,09/2022,,4179,4300,0.971860465116279,0.174820931610762,0.236265412141339
Other,09/2022,,21608,19119.75,1.13014029995162,0.0467822448737703,
Female,09/2022,,,,,0.604040629400407,0.526210147109795
