group,month,month_last_day,month_filings,avg_filings,month_diff,month_filings_imputed,baseline_share
White,03/2023,,3507,2413.66666666667,1.45297610827234,0.465275563536998,
Black,03/2023,,4968,5346.16666666667,0.92926395859962,0.197731069999969,
Latinx,03/2023,,1907,1789.33333333333,1.06576005961252,0.252616421583154,
Other,03/2023,,7876,6224.83333333333,1.26525475916357,0.0843769448798786,
Female,03/2023,,,,,0.591648831599973,
