group,month,month_last_day,month_filings,avg_filings,month_diff,month_filings_imputed,baseline_share
White,01/2023,,13705,9944.25,1.37818337230058,0.365593741326672,0.44194444918904
Black,01/2023,,3025,3781.5,0.799947110934814,0.406674067906374,0.250366621687899
Latinx,01/2023,,4045,4300,0.940697674418605,0.180856762882783,0.236265412141339
Other,01/2023,,22426,19119.75,1.17292328613083,0.0468754278841705,
Female,01/2023,,,,,0.599988518653357,0.526210147109795
