group,month,month_last_day,month_filings,avg_filings,month_diff,month_filings_imputed,baseline_share
White,05/2022,,12778,9944.25,1.28496367247404,0.357068519116008,0.415928939548045
Black,05/2022,,2713,3781.5,0.717440169245009,0.422603027800556,0.235470847941088
Latinx,05/2022,,4300,4300,1,0.169065382706792,0.273316533231813
Other,05/2022,,21081,19119.75,1.10257717804888,0.0256315351883219,
Female,05/2022,,,,,0.567540487556462,0.526210147109795
