month,month_last_day,month_filings,avg_filings,percentage_diff
January,,1578,1615.33333333333,0.97688815517953
February,,1380,1343,1.02755026061057
March,,824,1618,0.509270704573548
April,,297,1372,0.216472303206997
May,,395,1620,0.243827160493827
June,,682,1417,0.481298517995766
July,18/07/2020,377,821.333333333334,0.45900974025974
