group,month,month_last_day,month_filings,avg_filings,month_diff,month_filings_imputed,baseline_share
White,03/2023,,209,2413.66666666667,0.0865902499654744,0.447058254205126,
Black,03/2023,,169,5346.16666666667,0.0316114349845684,0.192398682913968,
Latinx,03/2023,,37,1789.33333333333,0.0206780923994039,0.275708955623581,
Other,03/2023,,227,6224.83333333333,0.0364668398082947,0.0848341072573249,
Female,03/2023,,,,,0.592628036754193,
