month,month_last_day,month_filings,avg_filings,percentage_diff
January,,3970,3264,1.21629901960784
February,,3729,2806.5,1.32870122928915
March,,1789,2251,0.794757885384274
April,,116,2717.75,0.0426823659276975
May,,422,3112.5,0.135582329317269
June,,872,3185.75,0.273718904496586
July,,891,3409.75,0.261309480167168
August,,1466,3455,0.424312590448625
September,,1581,3319,0.476348297680024
October,,1364,3556.5,0.383523126669478
November,07/11/2020,241,243.5,0.989733059548255
