month,month_last_day,month_filings,avg_filings,percentage_diff
January,,3970,3264,1.21629901960784
February,,3729,2806.5,1.32870122928915
March,,1789,2251,0.794757885384274
April,,116,2717.75,0.0426823659276975
May,,422,3112.5,0.135582329317269
June,,872,3185.75,0.273718904496586
July,,891,3409.75,0.261309480167168
August,,1465,3455,0.424023154848046
September,,1579,3319,0.475745706538114
October,17/10/2020,793,2439,0.325133251332513
