group,month,month_last_day,month_filings,avg_filings,month_diff,month_filings_imputed,baseline_share
White,04/2022,,903,718.166666666667,1.25736829890926,0.391695903361345,0.538364505808286
Black,04/2022,,134,205.666666666667,0.651539708265802,0.490103466386555,0.237595036867998
Other,04/2022,,638,643,0.992223950233281,0.0251013655462185,
Latinx,04/2022,,,,,0.0679978991596639,0.122381110741603
Female,04/2022,,,,,0.590610280927702,0.525096613648613
