group,month,month_last_day,month_filings,avg_filings,month_diff,month_filings_imputed,baseline_share
White,01/2023,,897,718.166666666667,1.24901369227199,,0.538063201680851
Black,01/2023,,156,205.666666666667,0.758508914100486,,0.237441371845752
Other,01/2023,,594,643,0.923794712286159,,
Latinx,01/2023,,,,,,0.133852586005645
Female,01/2023,,,,,,0.525096613648613
