group,month,month_last_day,month_filings,avg_filings,month_diff,month_filings_imputed,baseline_share
White,01/2023,,220,718.166666666667,0.30633557669993,,0.538063201680851
Black,01/2023,,42,205.666666666667,0.204213938411669,,0.237441371845752
Other,01/2023,,133,643,0.206842923794712,,
Latinx,01/2023,,,,,,0.133852586005645
Female,01/2023,,,,,,0.525096613648613
