group,month,month_last_day,month_filings,avg_filings,month_diff,month_filings_imputed,baseline_share
White,12/2022,,155,718.166666666667,0.215827338129496,0.565249482871944,0.538063201680851
Black,12/2022,,30,205.666666666667,0.145867098865478,0.273262160390024,0.237441371845752
Other,12/2022,,109,643,0.169517884914463,0.0793669244447097,
Latinx,12/2022,,,,,0.0821214322933222,0.133852586005645
Female,12/2022,,,,,0.607568833347619,0.525096613648613
