group,month,month_last_day,month_filings,avg_filings,month_diff,month_filings_imputed,baseline_share
White,03/2023,,1485,798.5,1.85973700688792,0.606513859747845,0.538063201680851
Black,03/2023,,246,188,1.30851063829787,0.246913965774314,0.237441371845752
Other,03/2023,,663,582.166666666667,1.13884912682508,0.0742533631692633,
Latinx,03/2023,,,,,0.0723188113085779,0.133852586005645
Female,03/2023,,,,,0.601845469387399,0.525096613648613
