group,month,month_last_day,month_filings,avg_filings,month_diff,month_filings_imputed,baseline_share
White,09/2022,,782,718.166666666667,1.0888837317243,0.500934788084771,0.538063201680851
Black,09/2022,,156,205.666666666667,0.758508914100486,0.352519671385174,0.237441371845752
Other,09/2022,,543,643,0.84447900466563,0.0735508511948391,
Latinx,09/2022,,,,,0.0729946893352158,0.133852586005645
Female,09/2022,,,,,0.60923999998601,0.525096613648613
