group,month,month_last_day,month_filings,avg_filings,month_diff,month_filings_imputed,baseline_share
White,04/2022,,903,718.166666666667,1.25736829890926,0.396577284372331,0.538063201680851
Black,04/2022,,134,205.666666666667,0.651539708265802,0.494576430401366,0.237441371845752
Other,04/2022,,638,643,0.992223950233281,0.0239713919726729,
Latinx,04/2022,,,,,0.0609035012809564,0.133852586005645
Female,04/2022,,,,,0.615514542580156,0.525096613648613
