group,month,month_last_day,month_filings,avg_filings,month_diff,month_filings_imputed,baseline_share
White,01/2023,,66,718.166666666667,0.0919006730099791,,0.538063201680851
Black,01/2023,,0,205.666666666667,0,,0.237441371845752
Other,01/2023,,3,643,0.00466562986003111,,
Latinx,01/2023,,,,,,0.133852586005645
Female,01/2023,,,,,,0.525096613648613
