group,month,month_last_day,month_filings,avg_filings,month_diff,month_filings_imputed,baseline_share
White,03/2023,,119,719.166666666667,0.165469293163384,0.58215861420699,0.538063201680851
Black,03/2023,,9,206.166666666667,0.0436540016168149,0.25123778410346,0.237441371845752
Other,03/2023,,11,643.333333333333,0.0170984455958549,0.0919911782223709,
Latinx,03/2023,,,,,0.0746124234671792,0.133852586005645
Female,03/2023,,,,,0.605226237226528,0.525096613648613
