group,month,month_last_day,month_filings,avg_filings,month_diff,month_filings_imputed,baseline_share
White,07/2022,,859,718.166666666667,1.19610118356927,0.500934788084771,0.538063201680851
Black,07/2022,,145,205.666666666667,0.705024311183144,0.352519671385174,0.237441371845752
Other,07/2022,,614,643,0.954898911353033,0.0735508511948391,
Latinx,07/2022,,,,,0.0729946893352158,0.133852586005645
Female,07/2022,,,,,0.60923999998601,0.525096613648613
