group,month,month_last_day,month_filings,avg_filings,month_diff,month_filings_imputed,baseline_share
White,12/2021,,914,718.166666666667,1.27268507774426,0.391695903361345,0.5504741164194
Black,12/2021,,125,205.666666666667,0.607779578606159,0.490103466386555,0.253595571888753
Other,12/2021,,593,643,0.922239502332815,0.0251013655462185,
Latinx,12/2021,,,,,0.0679978991596639,0.114014790617486
Female,12/2021,,,,,0.590610280927702,
