group,month,month_last_day,month_filings,avg_filings,month_diff,month_filings_imputed,baseline_share
White,03/2023,,149,798.5,0.186599874765185,0.605119896584461,0.538063201680851
Black,03/2023,,10,188,0.0531914893617021,0.253046179648242,0.237441371845752
Other,03/2023,,15,582.166666666667,0.0257658173489837,0.0765298807451597,
Latinx,03/2023,,,,,0.0653040430221372,0.133852586005645
Female,03/2023,,,,,0.602215140358565,0.525096613648613
