group,month,month_last_day,month_filings,avg_filings,month_diff,month_filings_imputed,baseline_share
White,01/2023,,257,718.166666666667,0.357855650963101,,0.538063201680851
Black,01/2023,,57,205.666666666667,0.277147487844408,,0.237441371845752
Other,01/2023,,168,643,0.261275272161742,,
Latinx,01/2023,,,,,,0.133852586005645
Female,01/2023,,,,,,0.525096613648613
