group,month,month_last_day,month_filings,avg_filings,month_diff,month_filings_imputed,baseline_share
White,07/2022,,10486,8752.75,1.19802347833538,0.406780217482225,0.540934149411816
Black,07/2022,,584,1048.5,0.556986170720076,0.490937682977834,0.29175890958024
Other,07/2022,,3177,3899.5,0.814719835876394,0.0131831172452252,
Latinx,07/2022,,,,,0.0759158650494912,0.131017493597257
Female,07/2022,,,,,0.566535615203839,0.51671224551808
