group,month,month_last_day,month_filings,avg_filings,month_diff,month_filings_imputed,baseline_share
White,09/2022,,10739,8752.75,1.22692867955785,0.428169256987048,0.505223407054308
Black,09/2022,,533,1048.5,0.508345255126371,0.469211111111111,0.327782334824261
Other,09/2022,,3302,3899.5,0.846775227593281,0.0254079754601226,
Latinx,09/2022,,,,,0.0772116564417178,0.108615913206321
Female,09/2022,,,,,0.598820363711447,0.51671224551808
