group,month,month_last_day,month_filings,avg_filings,month_diff,month_filings_imputed
White,04/2022,,10074,8752.75,1.15095255776756,0.401892083751613
Black,04/2022,,582,1048.5,0.555078683834049,0.494790477556289
Other,04/2022,,3188,3899.5,0.81754071034748,0.013257170514843
Latinx,04/2022,,,,,0.0768030976624122
Female,04/2022,,,,,0.564114520164019
