group,month,month_last_day,month_filings,avg_filings,month_diff,month_filings_imputed,baseline_share
White,12/2022,,11117,8752.75,1.27011510668076,0.42665357829807,0.505223407054308
Black,12/2022,,557,1048.5,0.531235097758703,0.467070504742323,0.327782334824261
Other,12/2022,,3309,3899.5,0.848570329529427,0.0248077203687737,
Latinx,12/2022,,,,,0.0814681965908337,0.108615913206321
Female,12/2022,,,,,0.598412803091561,0.51671224551808
