group,month,month_last_day,month_filings,avg_filings,month_diff,month_filings_imputed,baseline_share
White,08/2022,,10476,8752.75,1.19688098026335,0.425785188784009,0.505223407054308
Black,08/2022,,563,1048.5,0.536957558416786,0.471885688506385,0.327782334824261
Other,08/2022,,3281,3899.5,0.841389921784844,0.0126700444197668,
Latinx,08/2022,,,,,0.0769890338700722,0.108615913206321
Female,08/2022,,,,,0.599206746838961,0.51671224551808
