group,month,month_last_day,month_filings,avg_filings,month_diff,month_filings_imputed,baseline_share
White,01/2023,,11211,8752.75,1.28085458855788,0.42665357829807,0.505223407054308
Black,01/2023,,568,1048.5,0.541726275631855,0.467070504742323,0.327782334824261
Other,01/2023,,3239,3899.5,0.83061931016797,0.0248077203687737,
Latinx,01/2023,,,,,0.0814681965908337,0.108615913206321
Female,01/2023,,,,,0.599126502139128,0.51671224551808
