group,month,month_last_day,month_filings,avg_filings,month_diff,month_filings_imputed,baseline_share
White,10/2022,,10825,8752.75,1.23675416297735,0.426724376355748,0.505223407054308
Black,10/2022,,542,1048.5,0.516928946113496,0.467890997830803,0.327782334824261
Other,10/2022,,3312,3899.5,0.849339658930632,0.0254633947939262,
Latinx,10/2022,,,,,0.0799212310195228,0.108615913206321
Female,10/2022,,,,,0.598820363711447,0.51671224551808
