group,month,month_last_day,month_filings,avg_filings,month_diff,month_filings_imputed,baseline_share
White,02/2023,,11218,8752.75,1.28165433720831,0.430705352375868,0.505223407054308
Black,02/2023,,570,1048.5,0.543633762517883,0.460476308061933,0.327782334824261
Other,02/2023,,3132,3899.5,0.803179894858315,0.0252020822210357,
Latinx,02/2023,,,,,0.0836162573411639,0.108615913206321
Female,02/2023,,,,,0.59554043461768,0.51671224551808
