group,month,month_last_day,month_filings,avg_filings,month_diff,month_filings_imputed,baseline_share
White,07/2023,,9943,8755.25,1.1356614602667,,0.505223407054308
Black,07/2023,,679,1049.5,0.646974749880896,,0.327782334824261
Other,07/2023,,2913,3902,0.746540235776525,,
Latinx,07/2023,,,,,,0.108615913206321
Female,07/2023,,,,,,0.51671224551808
