group,month,month_last_day,month_filings,avg_filings,month_diff,month_filings_imputed,baseline_share
White,11/2022,,10961,8752.75,1.25229213675702,0.428044699872286,0.505223407054308
Black,11/2022,,565,1048.5,0.538865045302814,0.465977145929959,0.327782334824261
Other,11/2022,,3286,3899.5,0.84267213745352,0.0253256032802313,
Latinx,11/2022,,,,,0.0806525509175237,0.108615913206321
Female,11/2022,,,,,0.599140029523807,0.51671224551808
