group,month,month_last_day,month_filings,avg_filings,month_diff,month_filings_imputed,baseline_share
White,06/2022,,10321,8752.75,1.17917226014681,0.404502015416166,0.540934149411816
Black,06/2022,,580,1048.5,0.553171196948021,0.493401315324235,0.29175890958024
Other,06/2022,,3202,3899.5,0.821130914219772,0.0132961954600099,
Latinx,06/2022,,,,,0.0755042783395799,0.131017493597257
Female,06/2022,,,,,0.56608538030122,0.51671224551808
