group,month,month_last_day,month_filings,avg_filings,month_diff,month_filings_imputed,baseline_share
White,10/2023,,10992,8910.5,1.23360080803546,,0.505223407054308
Black,10/2023,,673,1033.5,0.651185292694727,,0.327782334824261
Other,10/2023,,3224,3762.75,0.856820144840874,,
Latinx,10/2023,,,,,,0.108615913206321
Female,10/2023,,,,,,0.51671224551808
