group,month,month_last_day,month_filings,avg_filings,month_diff,month_filings_imputed,baseline_share
White,01/2023,,11211,8752.75,1.28085458855788,0.428553911485635,0.505223407054308
Black,01/2023,,568,1048.5,0.541726275631855,0.463653971202973,0.327782334824261
Other,01/2023,,3239,3899.5,0.83061931016797,0.0251501559286046,
Latinx,01/2023,,,,,0.0826419613827881,0.108615913206321
Female,01/2023,,,,,0.599126502139128,0.51671224551808
