group,month,month_last_day,month_filings,avg_filings,month_diff,month_filings_imputed,baseline_share
White,05/2023,,11363,8755.25,1.29784986151166,0.434933852140078,0.505223407054308
Black,05/2023,,611,1049.5,0.582181991424488,0.450489283123393,0.327782334824261
Other,05/2023,,3085,3902,0.790620194771912,0.0253319923497989,
Latinx,05/2023,,,,,0.0892448723867309,0.108615913206321
Female,05/2023,,,,,0.593348151391282,0.51671224551808
