group,month,month_last_day,month_filings,avg_filings,month_diff,month_filings_imputed,baseline_share
White,04/2023,,11277,8755.25,1.28802718368979,0.43257251807149,0.505223407054308
Black,04/2023,,615,1049.5,0.585993330157218,0.454461370117382,0.327782334824261
Other,04/2023,,3083,3902,0.790107637109175,0.0252979640559718,
Latinx,04/2023,,,,,0.0876681477551562,0.108615913206321
Female,04/2023,,,,,0.596097850363074,0.51671224551808
