group,month,month_last_day,month_filings,avg_filings,month_diff,month_filings_imputed,baseline_share
White,09/2023,,11050,8910.5,1.24010998260479,,0.505223407054308
Black,09/2023,,703,1033.5,0.680212868892114,,0.327782334824261
Other,09/2023,,3204,3762.75,0.851504883396452,,
Latinx,09/2023,,,,,,0.108615913206321
Female,09/2023,,,,,,0.51671224551808
