group,month,month_last_day,month_filings,avg_filings,month_diff,month_filings_imputed,baseline_share
White,03/2023,,11337,8755.25,1.29488021472831,0.430705352375868,0.505223407054308
Black,03/2023,,603,1049.5,0.574559313959028,0.460476308061933,0.327782334824261
Other,03/2023,,3152,3902,0.807790876473603,0.0252020822210357,
Latinx,03/2023,,,,,0.0836162573411639,0.108615913206321
Female,03/2023,,,,,0.595531170486087,0.51671224551808
