group,month,month_last_day,month_filings,avg_filings,month_diff,month_filings_imputed,baseline_share
White,08/2023,,11107,8910.5,1.24650693002637,,0.505223407054308
Black,08/2023,,704,1033.5,0.68118045476536,,0.327782334824261
Other,08/2023,,3155,3762.75,0.838482492857617,,
Latinx,08/2023,,,,,,0.108615913206321
Female,08/2023,,,,,,0.51671224551808
