month,month_last_day,month_filings,avg_filings,percentage_diff
January,,1712,1381,1.23968139029689
February,,1481,1135,1.30484581497797
March,,905,942,0.96072186836518
April,,4,1073.5,0.00372612948299953
May,,537,1101,0.487738419618529
June,,535,1216.5,0.439786272092067
July,,501,1292,0.387770897832817
August,,781,1250.25,0.624675064987003
September,,898,1316.75,0.681982153028289
October,24/10/2020,659,1175.25,0.56073175920017
