group,month,month_last_day,month_filings,avg_filings,month_diff,month_filings_imputed,baseline_share
White,03/2023,,11337,8755.25,1.29488021472831,0.43164868958251,0.505223407054308
Black,03/2023,,603,1049.5,0.574559313959028,0.457157118398525,0.327782334824261
Other,03/2023,,3152,3902,0.807790876473603,0.0253795601211643,
Latinx,03/2023,,,,,0.0858146318978006,0.108615913206321
Female,03/2023,,,,,0.595531170486087,0.51671224551808
