group,month,month_last_day,month_filings,avg_filings,month_diff,month_filings_imputed,baseline_share
White,06/2023,,9874,8755.25,1.1277804745724,0.435642325315006,0.505223407054308
Black,06/2023,,699,1049.5,0.666031443544545,0.448700672966781,0.327782334824261
Other,06/2023,,2913,3902,0.746540235776525,0.0255583476517755,
Latinx,06/2023,,,,,0.0900986540664376,0.108615913206321
Female,06/2023,,,,,0.592604267636031,0.51671224551808
