group,month,month_last_day,month_filings,avg_filings,month_diff,month_filings_imputed,baseline_share
White,05/2022,,10243,8752.75,1.17026077518494,0.404502015416166,0.540934149411816
Black,05/2022,,575,1048.5,0.548402479732952,0.493401315324235,0.29175890958024
Other,05/2022,,3178,3899.5,0.81497627901013,0.0132961954600099,
Latinx,05/2022,,,,,0.0755042783395799,0.131017493597257
Female,05/2022,,,,,0.56608538030122,0.51671224551808
