month,month_last_day,month_filings,avg_filings,percentage_diff
January,,6309,5393.5,1.16974135533513
February,,5529,4113,1.34427425237053
March,,3073,3592.75,0.855333658061374
April,,601,3678,0.163404023926047
May,,1105,4409.5,0.250595305590203
June,06/06/2020,373,621.25,0.600402414486922
