group,month,month_last_day,month_filings,avg_filings,month_diff,month_filings_imputed,baseline_share
White,10/2022,,1819,1587,1.14618777567738,0.295234205580454,0.426385715764084
Black,10/2022,,992,967,1.0258531540848,0.313662281335839,0.201041227183353
Latinx,10/2022,,2226,1853.33333333333,1.20107913669065,0.349423304900969,0.294640227350523
Other,10/2022,,1831,1566.66666666667,1.16872340425532,0.0416802081827382,
Female,10/2022,,,,,0.593474920662767,0.53584401407788
