group,month,month_last_day,month_filings,avg_filings,month_diff,month_filings_imputed,baseline_share
White,04/2022,,2068,1587,1.30308758664146,0.301359899881439,0.399346921875294
Black,04/2022,,1055,967,1.09100310237849,0.308381109208273,0.203061186080214
Latinx,04/2022,,2353,1853.33333333333,1.26960431654676,0.346380187063628,0.312672915137485
Other,04/2022,,1981,1566.66666666667,1.26446808510638,0.0219394019233303,
Female,04/2022,,,,,0.582299456310314,0.53584401407788
