month,month_last_day,month_filings,avg_filings,percentage_diff
January,,510,527,0.967741935483871
February,,484,481.666666666667,1.00484429065744
March,,378,429.666666666667,0.879751745539178
April,,55,392.333333333333,0.14018691588785
May,,4,476,0.00840336134453782
June,,10,511.666666666667,0.0195439739413681
July,,45,559,0.0805008944543828
August,08/08/2020,7,182.666666666667,0.0383211678832117
