group,month,month_last_day,month_filings,avg_filings,month_diff,month_filings_imputed,baseline_share
White,06/2023,,1633,1587,1.02898550724638,0.303612902908045,0.426385715764084
Black,06/2023,,990,967,1.02378490175801,0.313680984955507,0.201041227183353
Latinx,06/2023,,2021,1853.33333333333,1.09046762589928,0.340835911368311,0.294640227350523
Other,06/2023,,1453,1566.66666666667,0.927446808510638,0.0418702007681364,
Female,06/2023,,,,,0.58593613400342,0.53584401407788
