group,month,month_last_day,month_filings,avg_filings,month_diff,month_filings_imputed,baseline_share
White,09/2022,,1849,1587,1.1650913673598,0.29719514978602,0.426385715764084
Black,09/2022,,1012,967,1.04653567735264,0.313166333808845,0.201041227183353
Latinx,09/2022,,2248,1853.33333333333,1.21294964028777,0.347622824536377,0.294640227350523
Other,09/2022,,1861,1566.66666666667,1.18787234042553,0.0420156918687589,
Female,09/2022,,,,,0.593474920662767,0.53584401407788
