group,month,month_last_day,month_filings,avg_filings,month_diff,month_filings_imputed,baseline_share
White,12/2022,,1804,1587,1.13673597983617,0.298736629213483,0.426385715764084
Black,12/2022,,959,967,0.991726990692865,0.312809588014981,0.201041227183353
Latinx,12/2022,,2130,1853.33333333333,1.14928057553957,0.346207041198502,0.294640227350523
Other,12/2022,,1737,1566.66666666667,1.10872340425532,0.0422467415730337,
Female,12/2022,,,,,0.590700921746641,0.53584401407788
