group,month,month_last_day,month_filings,avg_filings,month_diff,month_filings_imputed,baseline_share
White,05/2023,,1862,1587,1.17328292375551,0.3079307079513,0.426385715764084
Black,05/2023,,976,967,1.00930713547053,0.315829249962423,0.201041227183353
Latinx,05/2023,,2034,1853.33333333333,1.09748201438849,0.332532541710507,0.294640227350523
Other,05/2023,,1748,1566.66666666667,1.11574468085106,0.0437075003757703,
Female,05/2023,,,,,0.596392649542834,0.53584401407788
