group,month,month_last_day,month_filings,avg_filings,month_diff,month_filings_imputed,baseline_share
White,09/2023,,1621,1507,1.07564698075647,,0.426385715764084
Black,09/2023,,893,876,1.01940639269406,,0.201041227183353
Latinx,09/2023,,1932,1853.66666666667,1.04225858658515,,0.294640227350523
Other,09/2023,,2101,1737.33333333333,1.20932463545664,,
Female,09/2023,,,,,,0.53584401407788
