group,month,month_last_day,month_filings,avg_filings,month_diff,month_filings_imputed,baseline_share
White,04/2023,,1834,1587,1.15563957151859,0.306526406979163,0.426385715764084
Black,04/2023,,973,967,1.00620475698035,0.317440131477585,0.201041227183353
Latinx,04/2023,,1998,1853.33333333333,1.07805755395683,0.33244266895402,0.294640227350523
Other,04/2023,,1741,1566.66666666667,1.11127659574468,0.0435907925892325,
Female,04/2023,,,,,0.597552554816025,0.53584401407788
