group,month,month_last_day,month_filings,avg_filings,month_diff,month_filings_imputed,baseline_share
White,01/2023,,1798,1587,1.13295526149969,0.299259147263381,0.426385715764084
Black,01/2023,,948,967,0.980351602895553,0.315557000302389,0.201041227183353
Latinx,01/2023,,2096,1853.33333333333,1.13093525179856,0.342389023283943,0.294640227350523
Other,01/2023,,1734,1566.66666666667,1.1068085106383,0.0427948291502872,
Female,01/2023,,,,,0.594414255874619,0.53584401407788
