group,month,month_last_day,month_filings,avg_filings,month_diff,month_filings_imputed,baseline_share
White,06/2022,,1927,1587,1.21424070573409,0.297307997888229,0.399346921875294
Black,06/2022,,1013,967,1.04756980351603,0.311922325229125,0.203061186080214
Latinx,06/2022,,2269,1853.33333333333,1.22428057553957,0.347329757732694,0.312672915137485
Other,06/2022,,1888,1566.66666666667,1.20510638297872,0.0217199595749763,
Female,06/2022,,,,,0.579002008955975,0.53584401407788
