group,month,month_last_day,month_filings,avg_filings,month_diff,month_filings_imputed,baseline_share
White,11/2022,,1825,1587,1.14996849401386,0.297594047793579,0.426385715764084
Black,11/2022,,961,967,0.993795243019648,0.313483066998974,0.201041227183353
Latinx,11/2022,,2198,1853.33333333333,1.18597122302158,0.34687904999267,0.294640227350523
Other,11/2022,,1801,1566.66666666667,1.14957446808511,0.0420438352147778,
Female,11/2022,,,,,0.589855915055354,0.53584401407788
