group,month,month_last_day,month_filings,avg_filings,month_diff,month_filings_imputed,baseline_share
White,08/2022,,1864,1587,1.17454316320101,0.296727298605181,0.426385715764084
Black,08/2022,,1003,967,1.03722854188211,0.311547395388557,0.201041227183353
Latinx,08/2022,,2267,1853.33333333333,1.22320143884892,0.349508112724167,0.294640227350523
Other,08/2022,,1858,1566.66666666667,1.18595744680851,0.0211085966410475,
Female,08/2022,,,,,0.594024765603211,0.53584401407788
