group,month,month_last_day,month_filings,avg_filings,month_diff,month_filings_imputed,baseline_share
White,03/2023,,1840,1587,1.15942028985507,0.301333684844833,0.426385715764084
Black,03/2023,,944,967,0.976215098241985,0.313987948177162,0.201041227183353
Latinx,03/2023,,2066,1853.33333333333,1.11474820143885,0.341080747213016,0.294640227350523
Other,03/2023,,1746,1566.66666666667,1.11446808510638,0.0435976197649894,
Female,03/2023,,,,,0.596562419566156,0.53584401407788
