group,month,month_last_day,month_filings,avg_filings,month_diff,month_filings_imputed,baseline_share
White,02/2023,,1824,1587,1.14933837429112,0.301333684844833,0.426385715764084
Black,02/2023,,967,967,1,0.313987948177162,0.201041227183353
Latinx,02/2023,,2066,1853.33333333333,1.11474820143885,0.341080747213016,0.294640227350523
Other,02/2023,,1745,1566.66666666667,1.11382978723404,0.0435976197649894,
Female,02/2023,,,,,0.598192091674201,0.53584401407788
