group,month,month_last_day,month_filings,avg_filings,month_diff,month_filings_imputed,baseline_share
White,06/2022,,1927,1587,1.21424070573409,0.297139577156519,0.399346921875294
Black,06/2022,,1013,967,1.04756980351603,0.310578284520002,0.203061186080214
Latinx,06/2022,,2269,1853.33333333333,1.22428057553957,0.348894884278555,0.312672915137485
Other,06/2022,,1888,1566.66666666667,1.20510638297872,0.0216936270224624,
Female,06/2022,,,,,0.579717041916693,0.53584401407788
