group,month,month_last_day,month_filings,avg_filings,month_diff,month_filings_imputed,baseline_share
White,10/2023,,1614,1507,1.07100199071002,,0.426385715764084
Black,10/2023,,907,876,1.03538812785388,,0.201041227183353
Latinx,10/2023,,1915,1853.66666666667,1.03308757417731,,0.294640227350523
Other,10/2023,,2130,1737.33333333333,1.22601688411358,,
Female,10/2023,,,,,,0.53584401407788
