group,month,month_last_day,month_filings,avg_filings,month_diff,month_filings_imputed,baseline_share
White,05/2022,,1976,1587,1.24511657214871,0.297272294077604,0.399346921875294
Black,05/2022,,1028,967,1.06308169596691,0.310578352620831,0.203061186080214
Latinx,05/2022,,2285,1853.33333333333,1.23291366906475,0.348897072838666,0.312672915137485
Other,05/2022,,1907,1566.66666666667,1.21723404255319,0.02162614023145,
Female,05/2022,,,,,0.579717041916693,0.53584401407788
