group,month,month_last_day,month_filings,avg_filings,month_diff,month_filings_imputed,baseline_share
White,08/2023,,1604,1507,1.06436629064366,,0.426385715764084
Black,08/2023,,886,876,1.01141552511416,,0.201041227183353
Latinx,08/2023,,1979,1853.66666666667,1.06761373853623,,0.294640227350523
Other,08/2023,,2078,1737.33333333333,1.19608595548734,,
Female,08/2023,,,,,,0.53584401407788
