group,month,month_last_day,month_filings,avg_filings,month_diff,month_filings_imputed,baseline_share
White,09/2022,,12913,6345.25,2.03506560025216,0.22885037798609,0.258988699342261
Black,09/2022,,12140,9893,1.22713029414738,0.470945811914122,0.287556114112723
Latinx,09/2022,,23295,20975,1.11060786650775,0.262129107952827,0.377218461242503
Other,09/2022,,34467,21090.75,1.63422353401373,0.038074702146961,
Female,09/2022,,,,,0.604767953762746,0.508642953417041
