month,month_last_day,month_filings,avg_filings,percentage_diff
January,,6587,5671.5,1.16142114079168
February,,5776,4312,1.33951762523191
March,,3188,3745.75,0.851097910965761
April,,618,3876,0.159442724458204
May,,1211,4620.5,0.26209284709447
June,27/06/2020,2283,5960.75,0.383005494275049
