group,month,month_last_day,month_filings,avg_filings,month_diff,month_filings_imputed,baseline_share
White,05/2022,,12447,6345.25,1.96162483747685,0.219848984725531,0.237839777884069
Black,05/2022,,12080,9893,1.22106539977762,0.484356053551344,0.261805176571068
Latinx,05/2022,,23672,20975,1.12858164481526,0.256186716170619,0.428675880291706
Other,05/2022,,34435,21090.75,1.63270628118962,0.0198041227762526,
Female,05/2022,,,,,0.567856424586952,0.508642953417041
