group,month,month_last_day,month_filings,avg_filings,month_diff,month_filings_imputed,baseline_share
White,10/2022,,13035,6345.25,2.05429258106458,0.22885037798609,0.258988699342261
Black,10/2022,,12043,9893,1.21732538158294,0.470945811914122,0.287556114112723
Latinx,10/2022,,22873,20975,1.09048867699642,0.262129107952827,0.377218461242503
Other,10/2022,,34788,21090.75,1.64944347640553,0.038074702146961,
Female,10/2022,,,,,0.604767953762746,0.508642953417041
