group,month,month_last_day,month_filings,avg_filings,month_diff,month_filings_imputed,baseline_share
White,08/2022,,12795,6345.25,2.01646901225326,0.227638503685027,0.258988699342261
Black,08/2022,,12083,9893,1.22136864449611,0.472545626454616,0.287556114112723
Latinx,08/2022,,23367,20975,1.11404052443385,0.261629085046548,0.377218461242503
Other,08/2022,,34361,21090.75,1.62919763403388,0.0190933924069046,
Female,08/2022,,,,,0.604910806522048,0.508642953417041
