group,month,month_last_day,month_filings,avg_filings,month_diff,month_filings_imputed,baseline_share
White,06/2022,,12584,6345.25,1.98321579133998,0.219848924256534,0.237839777884069
Black,06/2022,,12105,9893,1.22359243909835,0.484355993082347,0.261805176571068
Latinx,06/2022,,23731,20975,1.13139451728248,0.256186752452018,0.428675880291706
Other,06/2022,,34476,21090.75,1.63465026137051,0.0198041651045509,
Female,06/2022,,,,,0.567856424586952,0.508642953417041
