group,month,month_last_day,month_filings,avg_filings,month_diff,month_filings_imputed,baseline_share
White,06/2023,,6139,6348.75,0.966962000393778,0.232324928627044,0.258988699342261
Black,06/2023,,6180,9898.75,0.62432125268342,0.453290591746691,0.287556114112723
Latinx,06/2023,,10206,20993.5,0.486150475147069,0.275452893848949,0.377218461242503
Other,06/2023,,8026,21095.75,0.38045577900762,0.0389315857773164,
Female,06/2023,,,,,0.523391666875344,0.508642953417041
