group,month,month_last_day,month_filings,avg_filings,month_diff,month_filings_imputed,baseline_share
White,08/2023,,12372,6151.5,2.011216776396,0.49713207356062,0.258988699342261
Black,08/2023,,14005,11896.25,1.17726174214563,0.236389494054254,0.287556114112723
Latinx,08/2023,,22550,20736.5,1.08745448846237,0.202902751345813,0.377218461242503
Other,08/2023,,32899,19552.5,1.68259813323104,0.0635756810393143,
Female,08/2023,,,,,0.502094459956842,0.508642953417041
