group,month,month_last_day,month_filings,avg_filings,month_diff,month_filings_imputed,baseline_share
White,07/2023,,6130,6348.75,0.965544398503642,0.492560248052155,0.258988699342261
Black,07/2023,,6170,9898.75,0.623311024119207,0.236686339480014,0.287556114112723
Latinx,07/2023,,10201,20993.5,0.485912306190011,0.207627171286936,0.377218461242503
Other,07/2023,,7990,21095.75,0.378749274142896,0.0631262411808952,
Female,07/2023,,,,,0.502160123934522,0.508642953417041
