group,month,month_last_day,month_filings,avg_filings,month_diff,month_filings_imputed,baseline_share
White,04/2022,,12441,6345.25,1.96067924825657,0.219901708731776,0.271329603296384
Black,04/2022,,11994,9893,1.2123723845143,0.485775790755725,0.286062338209973
Latinx,04/2022,,23629,20975,1.1265315852205,0.254757328734911,0.372359463114151
Other,04/2022,,34184,21090.75,1.62080532935054,0.0197825858887938,
Female,04/2022,,,,,0.56796639923076,0.519440124416796
