group,month,month_last_day,month_filings,avg_filings,month_diff,month_filings_imputed,baseline_share
White,09/2023,,12310,6151.5,2.00113793383728,0.497332593410062,0.258988699342261
Black,09/2023,,13739,11896.25,1.15490175475465,0.234699476148442,0.287556114112723
Latinx,09/2023,,22509,20736.5,1.08547729848335,0.203500085780697,0.377218461242503
Other,09/2023,,32422,19552.5,1.6582022759238,0.0644678446607988,
Female,09/2023,,,,,0.502134589034545,0.508642953417041
