group,month,month_last_day,month_filings,avg_filings,month_diff,month_filings_imputed,baseline_share
White,03/2023,,13653,6348.75,2.15050206733609,0.232176197318008,0.258988699342261
Black,03/2023,,12072,9898.75,1.21954792271751,0.45992180316092,0.287556114112723
Latinx,03/2023,,23085,20993.5,1.09962607473742,0.269107100095785,0.377218461242503
Other,03/2023,,35715,21095.75,1.69299503454487,0.0387948994252874,
Female,03/2023,,,,,0.602811170542449,0.508642953417041
