group,month,month_last_day,month_filings,avg_filings,month_diff,month_filings_imputed,baseline_share
White,04/2023,,13564,6348.75,2.13648355975586,0.232403684368437,0.258988699342261
Black,04/2023,,11941,9898.75,1.20631392852633,0.456034299429943,0.287556114112723
Latinx,04/2023,,22700,20993.5,1.08128706504394,0.272623846384639,0.377218461242503
Other,04/2023,,35197,21095.75,1.66844032565801,0.0389381698169817,
Female,04/2023,,,,,0.602512749015802,0.508642953417041
