group,month,month_last_day,month_filings,avg_filings,month_diff,month_filings_imputed,baseline_share
White,01/2023,,13322,6345.25,2.09952326543477,0.232795363315146,0.258988699342261
Black,01/2023,,11890,9893,1.20185990094006,0.462529565175588,0.287556114112723
Latinx,01/2023,,22680,20975,1.08128724672229,0.266036223349278,0.377218461242503
Other,01/2023,,35558,21090.75,1.68595237248557,0.0386388481599885,
Female,01/2023,,,,,0.604952665504513,0.508642953417041
