group,month,month_last_day,month_filings,avg_filings,month_diff,month_filings_imputed,baseline_share
White,02/2023,,13449,6345.25,2.1195382372641,0.232176197318008,0.258988699342261
Black,02/2023,,11997,9893,1.21267562923279,0.45992180316092,0.287556114112723
Latinx,02/2023,,22784,20975,1.08624553039333,0.269107100095785,0.377218461242503
Other,02/2023,,35521,21090.75,1.6841980489077,0.0387948994252874,
Female,02/2023,,,,,0.604154665897085,0.508642953417041
