group,month,month_last_day,month_filings,avg_filings,month_diff,month_filings_imputed,baseline_share
White,10/2023,,11813,6151.5,1.92034463139072,0.497332593410062,0.258988699342261
Black,10/2023,,11476,11896.25,0.964673741725334,0.234699476148442,0.287556114112723
Latinx,10/2023,,23610,20736.5,1.13857208304198,0.203500085780697,0.377218461242503
Other,10/2023,,30725,19552.5,1.57141030558752,0.0644678446607988,
Female,10/2023,,,,,0.502134589034545,0.508642953417041
