group,month,month_last_day,month_filings,avg_filings,month_diff,month_filings_imputed,baseline_share
White,11/2022,,13221,6345.25,2.08360584689335,0.231340976420434,0.258988699342261
Black,11/2022,,11941,9893,1.20701506115435,0.466286856619861,0.287556114112723
Latinx,11/2022,,22810,20975,1.08748510131108,0.26372007996339,0.377218461242503
Other,11/2022,,35249,21090.75,1.6713013999028,0.038652086996315,
Female,11/2022,,,,,0.604642171097598,0.508642953417041
