group,month,month_last_day,month_filings,avg_filings,month_diff,month_filings_imputed,baseline_share
White,12/2022,,13362,6345.25,2.10582719356999,0.231723061851113,0.258988699342261
Black,12/2022,,12134,9893,1.2265238047104,0.464399553171408,0.287556114112723
Latinx,12/2022,,22739,20975,1.08410011918951,0.265356375670542,0.377218461242503
Other,12/2022,,35397,21090.75,1.67831869421429,0.0385210093069379,
Female,12/2022,,,,,0.604746973631557,0.508642953417041
