group,month,month_last_day,month_filings,avg_filings,month_diff,month_filings_imputed
White,04/2022,,12441,6345.25,1.96067924825657,0.219901793143367
Black,04/2022,,11994,9893,1.2123723845143,0.485775633991342
Latinx,04/2022,,23629,20975,1.1265315852205,0.254757256382119
Other,04/2022,,34184,21090.75,1.62080532935054,0.019782658241586
Female,04/2022,,,,,0.56796639923076
