group,month,month_last_day,month_filings,avg_filings,month_diff,month_filings_imputed,baseline_share
White,04/2023,,12725,10717.25,1.18733816977303,0.397191169311654,0.441160798693672
Black,04/2023,,7652,10896.5,0.702243839765062,0.486218625255574,0.406044632881657
Latinx,04/2023,,102,234.75,0.434504792332268,0.0793889105247785,0.0889792878219268
Other,04/2023,,5878,7022,0.837083452007975,0.0372012949079934,
Female,04/2023,,,,,0.60512911130423,0.540637351778656
