group,month,month_last_day,month_filings,avg_filings,month_diff,month_filings_imputed,baseline_share
White,06/2023,,8028,10717.25,0.749072756537358,0.442250139021415,0.441160798693672
Black,06/2023,,5312,10896.5,0.487495984949296,0.400400188223809,0.406044632881657
Latinx,06/2023,,0,234.75,0,0.102098454029297,0.0889792878219268
Other,06/2023,,4421,7022,0.62959270863002,0.0552512187254797,
Female,06/2023,,,,,0.612878875413233,0.540637351778656
