group,month,month_last_day,month_filings,avg_filings,month_diff,month_filings_imputed,baseline_share
White,07/2023,,7827,10717.25,0.730317945368448,0.450660478676231,0.441160798693672
Black,07/2023,,5203,10896.5,0.477492772908732,0.38759894547598,0.406044632881657
Latinx,07/2023,,0,234.75,0,0.104099255189405,0.0889792878219268
Other,07/2023,,4404,7022,0.627171745941327,0.0576413206583842,
Female,07/2023,,,,,0.617025084146142,0.540637351778656
