month,month_last_day,month_filings,avg_filings,percentage_diff
January,,2665,2182.75,1.22093689153591
February,,2428,1782,1.3625140291807
March,,995,1836,0.541938997821351
April,,6,2283.5,0.00262754543463981
May,,16,2491.75,0.0064211899267583
June,,57,2717.5,0.0209751609935603
July,,102,2699,0.037791774731382
August,,1603,2845,0.563444639718805
September,,1996,2613.5,0.763726803137555
October,,1542,2576.5,0.59848631864933
November,28/11/2020,1126,2142.25,0.525615591084141
