group,month,month_last_day,month_filings,avg_filings,month_diff,month_filings_imputed,baseline_share
White,10/2022,,12933,10712.25,1.20730938878387,0.395061487758945,0.441160798693672
Black,10/2022,,8315,10886.75,0.763772475715893,0.492616572504708,0.406044632881657
Latinx,10/2022,,139,234.25,0.593383137673426,0.0761424670433145,0.0889792878219268
Other,10/2022,,6051,7015.5,0.862518708573872,0.036179472693032,
Female,10/2022,,,,,0.607770827217316,0.540637351778656
