group,month,month_last_day,month_filings,avg_filings,month_diff,month_filings_imputed
White,04/2022,,12184,10712.25,1.13738943732643,0.382611411550143
Black,04/2022,,8083,10886.75,0.742462167313477,0.500629160698018
Latinx,04/2022,,160,234.25,0.683030949839915,0.0767965385785774
Other,04/2022,,5935,7015.5,0.845983892808781,0.0199814445866306
Female,04/2022,,,,,0.560253119587368
