group,month,month_last_day,month_filings,avg_filings,month_diff,month_filings_imputed,baseline_share
White,12/2022,,13177,10712.25,1.23008704987281,0.395104018942383,0.441160798693672
Black,12/2022,,8200,10886.75,0.753209176292282,0.49059430129431,0.406044632881657
Latinx,12/2022,,129,234.25,0.550693703308431,0.0777078680122327,0.0889792878219268
Other,12/2022,,5974,7015.5,0.851543011902217,0.0365938117510747,
Female,12/2022,,,,,0.605893098615514,0.540637351778656
