group,month,month_last_day,month_filings,avg_filings,month_diff,month_filings_imputed,baseline_share
White,01/2023,,13040,10712.25,1.21729795327779,0.395987310371148,0.441160798693672
Black,01/2023,,8023,10886.75,0.73695088065768,0.488816477435359,0.406044632881657
Latinx,01/2023,,110,234.25,0.469583778014941,0.0783788283560729,0.0889792878219268
Other,01/2023,,5935,7015.5,0.845983892808781,0.0368173838374201,
Female,01/2023,,,,,0.605731961950274,0.540637351778656
