group,month,month_last_day,month_filings,avg_filings,month_diff,month_filings_imputed,baseline_share
White,05/2023,,12703,10717.25,1.18528540437146,0.398135447670163,0.441160798693672
Black,05/2023,,7511,10896.5,0.689303904923599,0.484594096121005,0.406044632881657
Latinx,05/2023,,99,234.75,0.421725239616613,0.0798954867040742,0.0889792878219268
Other,05/2023,,5931,7022,0.844631159213899,0.0373749695047572,
Female,05/2023,,,,,0.60505695015312,0.540637351778656
