group,month,month_last_day,month_filings,avg_filings,month_diff,month_filings_imputed,baseline_share
White,06/2022,,12730,10712.25,1.18835912156643,0.384028607555377,0.448678359683795
Black,06/2022,,8336,10886.75,0.765701426045422,0.500470989015312,0.375524950592885
Latinx,06/2022,,149,234.25,0.636072572038421,0.0757425979693465,0.110894954984629
Other,06/2022,,6140,7015.5,0.875204903428123,0.019878902729982,
Female,06/2022,,,,,0.558836928496075,0.540637351778656
