group,month,month_last_day,month_filings,avg_filings,month_diff,month_filings_imputed,baseline_share
White,11/2022,,13046,10712.25,1.21785805969801,0.394690728414737,0.441160798693672
Black,11/2022,,8324,10886.75,0.764599168714263,0.493089528452236,0.406044632881657
Latinx,11/2022,,137,234.25,0.584845250800427,0.0759021280584982,0.0889792878219268
Other,11/2022,,6038,7015.5,0.86066566887606,0.036317615074529,
Female,11/2022,,,,,0.607468720327878,0.540637351778656
