group,month,month_last_day,month_filings,avg_filings,month_diff,month_filings_imputed,baseline_share
White,02/2023,,12957,10712.25,1.20954981446475,0.39517452256754,0.441160798693672
Black,02/2023,,7920,10886.75,0.727489838565228,0.487736258244819,0.406044632881657
Latinx,02/2023,,101,234.25,0.431163287086446,0.0796956864500204,0.0889792878219268
Other,02/2023,,5810,7015.5,0.828166203406742,0.0373935327376206,
Female,02/2023,,,,,0.605613953877803,0.540637351778656
