group,month,month_last_day,month_filings,avg_filings,month_diff,month_filings_imputed,baseline_share
White,09/2022,,13074,10712.25,1.22047188965904,0.395400633560048,0.441160798693672
Black,09/2022,,8343,10886.75,0.766344409488599,0.492493338302432,0.406044632881657
Latinx,09/2022,,144,234.25,0.614727854855923,0.0757945122519333,0.0889792878219268
Other,09/2022,,6116,7015.5,0.871783907062932,0.0363115158855865,
Female,09/2022,,,,,0.607770827217316,0.540637351778656
