group,month,month_last_day,month_filings,avg_filings,month_diff,month_filings_imputed,baseline_share
White,07/2022,,12996,10712.25,1.21319050619618,0.384915843558609,0.448678359683795
Black,07/2022,,8443,10886.75,0.775529887248261,0.501755039227314,0.375524950592885
Latinx,07/2022,,151,234.25,0.644610458911419,0.0740121677453639,0.110894954984629
Other,07/2022,,6147,7015.5,0.876202694034638,0.0196584747343569,
Female,07/2022,,,,,0.55897838635951,0.540637351778656
