group,month,month_last_day,month_filings,avg_filings,month_diff,month_filings_imputed,baseline_share
White,08/2023,,10768,9888.75,1.08891417014284,0.458639000681628,0.441160798693672
Black,08/2023,,6867,11253.5,0.610210156840094,0.374791544694449,0.406044632881657
Latinx,08/2023,,170,333.5,0.509745127436282,0.106318728031743,0.0889792878219268
Other,08/2023,,4875,7396,0.659140075716604,0.0602507265921792,
Female,08/2023,,,,,0.613316544520312,0.540637351778656
