group,month,month_last_day,month_filings,avg_filings,month_diff,month_filings_imputed,baseline_share
White,09/2023,,10629,9888.75,1.07485779294653,0.466787340113603,0.441160798693672
Black,09/2023,,6729,11253.5,0.597947305282801,0.360837515337321,0.406044632881657
Latinx,09/2023,,170,333.5,0.509745127436282,0.109731352736832,0.0889792878219268
Other,09/2023,,4753,7396,0.642644672796106,0.0626437918122439,
Female,09/2023,,,,,0.614784340663795,0.540637351778656
