group,month,month_last_day,month_filings,avg_filings,month_diff,month_filings_imputed,baseline_share
White,06/2023,,112,4039.6,0.0277255173779582,0.342039530269261,0.430390374428452
Black,06/2023,,128,3564.4,0.0359106722028953,0.535987795226309,0.38765636419645
Other,06/2023,,84,4298.8,0.0195403368381874,0.0393237729370942,
Latinx,06/2023,,,,,0.0826489015673352,0.115529811124735
Female,06/2023,,,,,0.601156968186098,0.525311846064753
