group,month,month_last_day,month_filings,avg_filings,month_diff,month_filings_imputed,baseline_share
White,12/2022,,5075,4036,1.25743310208127,0.317203811325855,0.430390374428452
Black,12/2022,,4230,3560.4,1.18806875631951,0.568833693742398,0.38765636419645
Other,12/2022,,5507,4295.8,1.28194981144374,0.0359558724151912,
Latinx,12/2022,,,,,0.0780066225165563,0.115529811124735
Female,12/2022,,,,,0.613090622156394,0.525311846064753
