month,month_last_day,month_filings,avg_filings,percentage_diff
January,,757,820,0.923170731707317
February,,591,697.25,0.847615632843313
March,,435,583.75,0.745182012847966
April,,153,709.5,0.215644820295983
May,,172,727,0.236588720770289
June,,235,817.75,0.287373891776215
July,11/07/2020,69,228.25,0.302300109529025
