group,month,month_last_day,month_filings,avg_filings,month_diff,month_filings_imputed,baseline_share
White,04/2023,,5212,4039.6,1.29022675512427,0.344590080903166,0.430390374428452
Black,04/2023,,4020,3564.4,1.12781954887218,0.532860224789221,0.38765636419645
Other,04/2023,,5217,4298.8,1.213594491486,0.0393190634003794,
Latinx,04/2023,,,,,0.0832306309072333,0.115529811124735
Female,04/2023,,,,,0.606757472796086,0.525311846064753
