group,month,month_last_day,month_filings,avg_filings,month_diff,month_filings_imputed,baseline_share
White,10/2023,,394,4081.4,0.0965355025236438,,0.430390374428452
Black,10/2023,,339,3395.2,0.0998468426013195,,0.38765636419645
Latinx,10/2023,,1,13.4,0.0746268656716418,,0.115529811124735
Other,10/2023,,171,4412.8,0.0387509064539521,,
Female,10/2023,,,,,,0.525311846064753
