group,month,month_last_day,month_filings,avg_filings,month_diff,month_filings_imputed,baseline_share
White,12/2022,,5185,4036,1.28468780971259,0.32666147318385,0.430390374428452
Black,12/2022,,4326,3560.4,1.21503201887428,0.555647336782306,0.38765636419645
Other,12/2022,,5606,4295.8,1.30499557707528,0.0378692085740221,
Latinx,12/2022,,,,,0.0798219814598214,0.115529811124735
Female,12/2022,,,,,0.610688437550669,0.525311846064753
