group,month,month_last_day,month_filings,avg_filings,month_diff,month_filings_imputed,baseline_share
White,09/2023,,380,4081.4,0.0931053070024991,,0.430390374428452
Black,09/2023,,322,3395.2,0.0948397737983035,,0.38765636419645
Latinx,09/2023,,1,13.4,0.0746268656716418,,0.115529811124735
Other,09/2023,,172,4412.8,0.038977519941987,,
Female,09/2023,,,,,,0.525311846064753
