group,month,month_last_day,month_filings,avg_filings,month_diff,month_filings_imputed,baseline_share
White,06/2023,,5211,4039.6,1.28997920586197,0.342039530269261,0.430390374428452
Black,06/2023,,4005,3564.4,1.1236112669734,0.535987795226309,0.38765636419645
Other,06/2023,,5119,4298.8,1.19079743184144,0.0393237729370942,
Latinx,06/2023,,,,,0.0826489015673352,0.115529811124735
Female,06/2023,,,,,0.605392334086237,0.525311846064753
