group,month,month_last_day,month_filings,avg_filings,month_diff,month_filings_imputed,baseline_share
White,08/2023,,371,4081.4,0.0909001813103347,,0.430390374428452
Black,08/2023,,332,3395.2,0.0977851083883129,,0.38765636419645
Latinx,08/2023,,2,13.4,0.149253731343284,,0.115529811124735
Other,08/2023,,161,4412.8,0.0364847715736041,,
Female,08/2023,,,,,,0.525311846064753
