group,month,month_last_day,month_filings,avg_filings,month_diff,month_filings_imputed,baseline_share
White,10/2022,,5185,4036,1.28468780971259,0.315569948537378,0.430390374428452
Black,10/2022,,4430,3560.4,1.24424221997528,0.571359696641387,0.38765636419645
Other,10/2022,,5676,4295.8,1.32129056287537,0.0355521397616467,
Latinx,10/2022,,,,,0.0775182150595883,0.115529811124735
Female,10/2022,,,,,0.61254524681702,0.525311846064753
