month,month_last_day,month_filings,avg_filings,percentage_diff
January,,757,820,0.923170731707317
February,,591,697.25,0.847615632843313
March,,435,583.75,0.745182012847966
April,,153,709.5,0.215644820295983
May,30/05/2020,157,713.25,0.220119172800561
