group,month,month_last_day,month_filings,avg_filings,month_diff,month_filings_imputed,baseline_share
White,08/2022,,5123,4036,1.2693260654113,0.310929034348671,0.430390374428452
Black,08/2022,,4452,3560.4,1.25042130097742,0.575173298768633,0.38765636419645
Other,08/2022,,5869,4295.8,1.36621816658131,0.0176131561892417,
Latinx,08/2022,,,,,0.0786713545042126,0.115529811124735
Female,08/2022,,,,,0.610452325596266,0.525311846064753
