type,GEOID,racial_majority,month,filings_2020,filings_avg,last_updated
Census Tract,12031000101,White,01/2020,3,5.8,2025-04-12
Census Tract,12031000101,White,02/2020,4,4,2025-04-12
Census Tract,12031000101,White,03/2020,2,2.8,2025-04-12
Census Tract,12031000101,White,04/2020,0,4.6,2025-04-12
Census Tract,12031000101,White,05/2020,0,4.4,2025-04-12
Census Tract,12031000101,White,06/2020,0,6.4,2025-04-12
Census Tract,12031000101,White,07/2020,0,5.4,2025-04-12
Census Tract,12031000101,White,08/2020,6,5.8,2025-04-12
Census Tract,12031000101,White,09/2020,5,9.2,2025-04-12
Census Tract,12031000101,White,10/2020,1,5.4,2025-04-12
Census Tract,12031000101,White,11/2020,4,3.6,2025-04-12
Census Tract,12031000101,White,12/2020,6,3.2,2025-04-12
Census Tract,12031000101,White,01/2021,3,5.8,2025-04-12
Census Tract,12031000101,White,02/2021,5,3.8,2025-04-12
Census Tract,12031000101,White,03/2021,1,2.8,2025-04-12
Census Tract,12031000101,White,04/2021,2,4.6,2025-04-12
Census Tract,12031000101,White,05/2021,1,4.4,2025-04-12
Census Tract,12031000101,White,06/2021,4,6.4,2025-04-12
Census Tract,12031000101,White,07/2021,5,5.4,2025-04-12
Census Tract,12031000101,White,08/2021,2,5.8,2025-04-12
Census Tract,12031000101,White,09/2021,3,9.2,2025-04-12
Census Tract,12031000101,White,10/2021,7,5.4,2025-04-12
Census Tract,12031000101,White,11/2021,1,3.6,2025-04-12
Census Tract,12031000101,White,12/2021,2,3.2,2025-04-12
Census Tract,12031000101,White,01/2022,0,5.8,2025-04-12
Census Tract,12031000101,White,02/2022,4,3.8,2025-04-12
Census Tract,12031000101,White,03/2022,2,2.8,2025-04-12
Census Tract,12031000101,White,04/2022,5,4.6,2025-04-12
Census Tract,12031000101,White,05/2022,0,4.4,2025-04-12
Census Tract,12031000101,White,06/2022,0,6.4,2025-04-12
Census Tract,12031000101,White,07/2022,2,5.4,2025-04-12
Census Tract,12031000101,White,08/2022,1,5.8,2025-04-12
Census Tract,12031000101,White,09/2022,2,9.2,2025-04-12
Census Tract,12031000101,White,10/2022,8,5.4,2025-04-12
Census Tract,12031000101,White,11/2022,2,3.6,2025-04-12
Census Tract,12031000101,White,12/2022,4,3.2,2025-04-12
Census Tract,12031000101,White,01/2023,3,5.8,2025-04-12
Census Tract,12031000101,White,02/2023,9,3.8,2025-04-12
Census Tract,12031000101,White,03/2023,6,2.8,2025-04-12
Census Tract,12031000101,White,04/2023,2,4.6,2025-04-12
Census Tract,12031000101,White,05/2023,4,4.4,2025-04-12
Census Tract,12031000101,White,06/2023,7,6.4,2025-04-12
Census Tract,12031000101,White,07/2023,7,5.4,2025-04-12
Census Tract,12031000101,White,08/2023,4,5.8,2025-04-12
Census Tract,12031000101,White,09/2023,4,9.2,2025-04-12
Census Tract,12031000101,White,10/2023,7,5.4,2025-04-12
Census Tract,12031000101,White,11/2023,4,3.6,2025-04-12
Census Tract,12031000101,White,12/2023,5,3.2,2025-04-12
Census Tract,12031000101,White,01/2024,1,5.8,2025-04-12
Census Tract,12031000101,White,02/2024,4,4,2025-04-12
Census Tract,12031000101,White,03/2024,5,2.8,2025-04-12
Census Tract,12031000101,White,04/2024,4,4.6,2025-04-12
Census Tract,12031000101,White,05/2024,4,4.4,2025-04-12
Census Tract,12031000101,White,06/2024,7,6.4,2025-04-12
Census Tract,12031000101,White,07/2024,7,5.4,2025-04-12
Census Tract,12031000101,White,08/2024,7,5.8,2025-04-12
Census Tract,12031000101,White,09/2024,6,9.2,2025-04-12
Census Tract,12031000101,White,10/2024,6,5.4,2025-04-12
Census Tract,12031000101,White,11/2024,5,3.6,2025-04-12
Census Tract,12031000101,White,12/2024,5,3.2,2025-04-12
Census Tract,12031000101,White,01/2025,7,5.8,2025-04-12
Census Tract,12031000101,White,02/2025,3,3.8,2025-04-12
Census Tract,12031000101,White,03/2025,1,2.8,2025-04-12
Census Tract,12031000101,White,04/2025,0,1.6,2025-04-12
Census Tract,12031000102,Black,01/2020,4,5.8,2025-04-12
Census Tract,12031000102,Black,02/2020,4,4.4,2025-04-12
Census Tract,12031000102,Black,03/2020,3,5,2025-04-12
Census Tract,12031000102,Black,04/2020,0,4.6,2025-04-12
Census Tract,12031000102,Black,05/2020,0,5.2,2025-04-12
Census Tract,12031000102,Black,06/2020,0,6.4,2025-04-12
Census Tract,12031000102,Black,07/2020,2,5.8,2025-04-12
Census Tract,12031000102,Black,08/2020,3,5.2,2025-04-12
Census Tract,12031000102,Black,09/2020,5,6,2025-04-12
Census Tract,12031000102,Black,10/2020,8,6.6,2025-04-12
Census Tract,12031000102,Black,11/2020,5,3.6,2025-04-12
Census Tract,12031000102,Black,12/2020,28,4,2025-04-12
Census Tract,12031000102,Black,01/2021,2,5.8,2025-04-12
Census Tract,12031000102,Black,02/2021,4,4.2,2025-04-12
Census Tract,12031000102,Black,03/2021,5,5,2025-04-12
Census Tract,12031000102,Black,04/2021,2,4.6,2025-04-12
Census Tract,12031000102,Black,05/2021,2,5.2,2025-04-12
Census Tract,12031000102,Black,06/2021,9,6.4,2025-04-12
Census Tract,12031000102,Black,07/2021,3,5.8,2025-04-12
Census Tract,12031000102,Black,08/2021,4,5.2,2025-04-12
Census Tract,12031000102,Black,09/2021,7,6,2025-04-12
Census Tract,12031000102,Black,10/2021,6,6.6,2025-04-12
Census Tract,12031000102,Black,11/2021,0,3.6,2025-04-12
Census Tract,12031000102,Black,12/2021,2,4,2025-04-12
Census Tract,12031000102,Black,01/2022,4,5.8,2025-04-12
Census Tract,12031000102,Black,02/2022,5,4.2,2025-04-12
Census Tract,12031000102,Black,03/2022,8,5,2025-04-12
Census Tract,12031000102,Black,04/2022,3,4.6,2025-04-12
Census Tract,12031000102,Black,05/2022,4,5.2,2025-04-12
Census Tract,12031000102,Black,06/2022,5,6.4,2025-04-12
Census Tract,12031000102,Black,07/2022,8,5.8,2025-04-12
Census Tract,12031000102,Black,08/2022,9,5.2,2025-04-12
Census Tract,12031000102,Black,09/2022,9,6,2025-04-12
Census Tract,12031000102,Black,10/2022,7,6.6,2025-04-12
Census Tract,12031000102,Black,11/2022,5,3.6,2025-04-12
Census Tract,12031000102,Black,12/2022,8,4,2025-04-12
Census Tract,12031000102,Black,01/2023,8,5.8,2025-04-12
Census Tract,12031000102,Black,02/2023,9,4.2,2025-04-12
Census Tract,12031000102,Black,03/2023,9,5,2025-04-12
Census Tract,12031000102,Black,04/2023,10,4.6,2025-04-12
Census Tract,12031000102,Black,05/2023,4,5.2,2025-04-12
Census Tract,12031000102,Black,06/2023,6,6.4,2025-04-12
Census Tract,12031000102,Black,07/2023,6,5.8,2025-04-12
Census Tract,12031000102,Black,08/2023,5,5.2,2025-04-12
Census Tract,12031000102,Black,09/2023,5,6,2025-04-12
Census Tract,12031000102,Black,10/2023,5,6.6,2025-04-12
Census Tract,12031000102,Black,11/2023,5,3.6,2025-04-12
Census Tract,12031000102,Black,12/2023,5,4,2025-04-12
Census Tract,12031000102,Black,01/2024,8,5.8,2025-04-12
Census Tract,12031000102,Black,02/2024,4,4.4,2025-04-12
Census Tract,12031000102,Black,03/2024,7,5,2025-04-12
Census Tract,12031000102,Black,04/2024,5,4.6,2025-04-12
Census Tract,12031000102,Black,05/2024,6,5.2,2025-04-12
Census Tract,12031000102,Black,06/2024,6,6.4,2025-04-12
Census Tract,12031000102,Black,07/2024,4,5.8,2025-04-12
Census Tract,12031000102,Black,08/2024,6,5.2,2025-04-12
Census Tract,12031000102,Black,09/2024,7,6,2025-04-12
Census Tract,12031000102,Black,10/2024,9,6.6,2025-04-12
Census Tract,12031000102,Black,11/2024,3,3.6,2025-04-12
Census Tract,12031000102,Black,12/2024,6,4,2025-04-12
Census Tract,12031000102,Black,01/2025,7,5.8,2025-04-12
Census Tract,12031000102,Black,02/2025,5,4.2,2025-04-12
Census Tract,12031000102,Black,03/2025,4,5,2025-04-12
Census Tract,12031000102,Black,04/2025,0,1.4,2025-04-12
Census Tract,12031000200,Black,01/2020,7,5.8,2025-04-12
Census Tract,12031000200,Black,02/2020,5,3.6,2025-04-12
Census Tract,12031000200,Black,03/2020,6,2.4,2025-04-12
Census Tract,12031000200,Black,04/2020,0,4.6,2025-04-12
Census Tract,12031000200,Black,05/2020,1,6.6,2025-04-12
Census Tract,12031000200,Black,06/2020,0,3.8,2025-04-12
Census Tract,12031000200,Black,07/2020,0,7.4,2025-04-12
Census Tract,12031000200,Black,08/2020,8,6,2025-04-12
Census Tract,12031000200,Black,09/2020,3,6.6,2025-04-12
Census Tract,12031000200,Black,10/2020,6,5.8,2025-04-12
Census Tract,12031000200,Black,11/2020,1,5.2,2025-04-12
Census Tract,12031000200,Black,12/2020,2,4.2,2025-04-12
Census Tract,12031000200,Black,01/2021,9,5.8,2025-04-12
Census Tract,12031000200,Black,02/2021,3,3.4,2025-04-12
Census Tract,12031000200,Black,03/2021,4,2.4,2025-04-12
Census Tract,12031000200,Black,04/2021,1,4.6,2025-04-12
Census Tract,12031000200,Black,05/2021,8,6.6,2025-04-12
Census Tract,12031000200,Black,06/2021,1,3.8,2025-04-12
Census Tract,12031000200,Black,07/2021,2,7.4,2025-04-12
Census Tract,12031000200,Black,08/2021,5,6,2025-04-12
Census Tract,12031000200,Black,09/2021,4,6.6,2025-04-12
Census Tract,12031000200,Black,10/2021,3,5.8,2025-04-12
Census Tract,12031000200,Black,11/2021,7,5.2,2025-04-12
Census Tract,12031000200,Black,12/2021,2,4.2,2025-04-12
Census Tract,12031000200,Black,01/2022,3,5.8,2025-04-12
Census Tract,12031000200,Black,02/2022,4,3.4,2025-04-12
Census Tract,12031000200,Black,03/2022,3,2.4,2025-04-12
Census Tract,12031000200,Black,04/2022,3,4.6,2025-04-12
Census Tract,12031000200,Black,05/2022,3,6.6,2025-04-12
Census Tract,12031000200,Black,06/2022,5,3.8,2025-04-12
Census Tract,12031000200,Black,07/2022,11,7.4,2025-04-12
Census Tract,12031000200,Black,08/2022,3,6,2025-04-12
Census Tract,12031000200,Black,09/2022,7,6.6,2025-04-12
Census Tract,12031000200,Black,10/2022,6,5.8,2025-04-12
Census Tract,12031000200,Black,11/2022,4,5.2,2025-04-12
Census Tract,12031000200,Black,12/2022,1,4.2,2025-04-12
Census Tract,12031000200,Black,01/2023,9,5.8,2025-04-12
Census Tract,12031000200,Black,02/2023,6,3.4,2025-04-12
Census Tract,12031000200,Black,03/2023,6,2.4,2025-04-12
Census Tract,12031000200,Black,04/2023,4,4.6,2025-04-12
Census Tract,12031000200,Black,05/2023,7,6.6,2025-04-12
Census Tract,12031000200,Black,06/2023,4,3.8,2025-04-12
Census Tract,12031000200,Black,07/2023,2,7.4,2025-04-12
Census Tract,12031000200,Black,08/2023,7,6,2025-04-12
Census Tract,12031000200,Black,09/2023,4,6.6,2025-04-12
Census Tract,12031000200,Black,10/2023,4,5.8,2025-04-12
Census Tract,12031000200,Black,11/2023,5,5.2,2025-04-12
Census Tract,12031000200,Black,12/2023,5,4.2,2025-04-12
Census Tract,12031000200,Black,01/2024,1,5.8,2025-04-12
Census Tract,12031000200,Black,02/2024,6,3.6,2025-04-12
Census Tract,12031000200,Black,03/2024,6,2.4,2025-04-12
Census Tract,12031000200,Black,04/2024,2,4.6,2025-04-12
Census Tract,12031000200,Black,05/2024,7,6.6,2025-04-12
Census Tract,12031000200,Black,06/2024,8,3.8,2025-04-12
Census Tract,12031000200,Black,07/2024,5,7.4,2025-04-12
Census Tract,12031000200,Black,08/2024,10,6,2025-04-12
Census Tract,12031000200,Black,09/2024,3,6.6,2025-04-12
Census Tract,12031000200,Black,10/2024,7,5.8,2025-04-12
Census Tract,12031000200,Black,11/2024,1,5.2,2025-04-12
Census Tract,12031000200,Black,12/2024,3,4.2,2025-04-12
Census Tract,12031000200,Black,01/2025,5,5.8,2025-04-12
Census Tract,12031000200,Black,02/2025,2,3.4,2025-04-12
Census Tract,12031000200,Black,03/2025,3,2.4,2025-04-12
Census Tract,12031000200,Black,04/2025,0,1.8,2025-04-12
Census Tract,12031000300,Black,01/2020,6,3.8,2025-04-12
Census Tract,12031000300,Black,02/2020,5,4.2,2025-04-12
Census Tract,12031000300,Black,03/2020,4,4.2,2025-04-12
Census Tract,12031000300,Black,04/2020,0,3.4,2025-04-12
Census Tract,12031000300,Black,05/2020,0,5.2,2025-04-12
Census Tract,12031000300,Black,06/2020,0,4.4,2025-04-12
Census Tract,12031000300,Black,07/2020,0,7,2025-04-12
Census Tract,12031000300,Black,08/2020,9,3.6,2025-04-12
Census Tract,12031000300,Black,09/2020,6,5,2025-04-12
Census Tract,12031000300,Black,10/2020,2,6.2,2025-04-12
Census Tract,12031000300,Black,11/2020,6,3,2025-04-12
Census Tract,12031000300,Black,12/2020,9,5.2,2025-04-12
Census Tract,12031000300,Black,01/2021,3,3.8,2025-04-12
Census Tract,12031000300,Black,02/2021,5,4.2,2025-04-12
Census Tract,12031000300,Black,03/2021,2,4.2,2025-04-12
Census Tract,12031000300,Black,04/2021,2,3.4,2025-04-12
Census Tract,12031000300,Black,05/2021,3,5.2,2025-04-12
Census Tract,12031000300,Black,06/2021,6,4.4,2025-04-12
Census Tract,12031000300,Black,07/2021,7,7,2025-04-12
Census Tract,12031000300,Black,08/2021,2,3.6,2025-04-12
Census Tract,12031000300,Black,09/2021,6,5,2025-04-12
Census Tract,12031000300,Black,10/2021,5,6.2,2025-04-12
Census Tract,12031000300,Black,11/2021,9,3,2025-04-12
Census Tract,12031000300,Black,12/2021,4,5.2,2025-04-12
Census Tract,12031000300,Black,01/2022,5,3.8,2025-04-12
Census Tract,12031000300,Black,02/2022,5,4.2,2025-04-12
Census Tract,12031000300,Black,03/2022,13,4.2,2025-04-12
Census Tract,12031000300,Black,04/2022,2,3.4,2025-04-12
Census Tract,12031000300,Black,05/2022,2,5.2,2025-04-12
Census Tract,12031000300,Black,06/2022,7,4.4,2025-04-12
Census Tract,12031000300,Black,07/2022,6,7,2025-04-12
Census Tract,12031000300,Black,08/2022,9,3.6,2025-04-12
Census Tract,12031000300,Black,09/2022,5,5,2025-04-12
Census Tract,12031000300,Black,10/2022,2,6.2,2025-04-12
Census Tract,12031000300,Black,11/2022,10,3,2025-04-12
Census Tract,12031000300,Black,12/2022,4,5.2,2025-04-12
Census Tract,12031000300,Black,01/2023,4,3.8,2025-04-12
Census Tract,12031000300,Black,02/2023,10,4.2,2025-04-12
Census Tract,12031000300,Black,03/2023,4,4.2,2025-04-12
Census Tract,12031000300,Black,04/2023,9,3.4,2025-04-12
Census Tract,12031000300,Black,05/2023,4,5.2,2025-04-12
Census Tract,12031000300,Black,06/2023,9,4.4,2025-04-12
Census Tract,12031000300,Black,07/2023,8,7,2025-04-12
Census Tract,12031000300,Black,08/2023,5,3.6,2025-04-12
Census Tract,12031000300,Black,09/2023,4,5,2025-04-12
Census Tract,12031000300,Black,10/2023,10,6.2,2025-04-12
Census Tract,12031000300,Black,11/2023,9,3,2025-04-12
Census Tract,12031000300,Black,12/2023,4,5.2,2025-04-12
Census Tract,12031000300,Black,01/2024,8,3.8,2025-04-12
Census Tract,12031000300,Black,02/2024,5,4.2,2025-04-12
Census Tract,12031000300,Black,03/2024,6,4.2,2025-04-12
Census Tract,12031000300,Black,04/2024,5,3.4,2025-04-12
Census Tract,12031000300,Black,05/2024,7,5.2,2025-04-12
Census Tract,12031000300,Black,06/2024,7,4.4,2025-04-12
Census Tract,12031000300,Black,07/2024,5,7,2025-04-12
Census Tract,12031000300,Black,08/2024,6,3.6,2025-04-12
Census Tract,12031000300,Black,09/2024,5,5,2025-04-12
Census Tract,12031000300,Black,10/2024,3,6.2,2025-04-12
Census Tract,12031000300,Black,11/2024,3,3,2025-04-12
Census Tract,12031000300,Black,12/2024,6,5.2,2025-04-12
Census Tract,12031000300,Black,01/2025,2,3.8,2025-04-12
Census Tract,12031000300,Black,02/2025,5,4.2,2025-04-12
Census Tract,12031000300,Black,03/2025,1,4.2,2025-04-12
Census Tract,12031000300,Black,04/2025,0,0.8,2025-04-12
Census Tract,12031000600,Other,01/2020,4,5.4,2025-04-12
Census Tract,12031000600,Other,02/2020,6,3.4,2025-04-12
Census Tract,12031000600,Other,03/2020,4,3.4,2025-04-12
Census Tract,12031000600,Other,04/2020,0,4.6,2025-04-12
Census Tract,12031000600,Other,05/2020,1,4.8,2025-04-12
Census Tract,12031000600,Other,06/2020,1,4.6,2025-04-12
Census Tract,12031000600,Other,07/2020,1,6.2,2025-04-12
Census Tract,12031000600,Other,08/2020,3,4.6,2025-04-12
Census Tract,12031000600,Other,09/2020,3,3.4,2025-04-12
Census Tract,12031000600,Other,10/2020,3,2.6,2025-04-12
Census Tract,12031000600,Other,11/2020,4,4.6,2025-04-12
Census Tract,12031000600,Other,12/2020,2,2.8,2025-04-12
Census Tract,12031000600,Other,01/2021,4,5.4,2025-04-12
Census Tract,12031000600,Other,02/2021,3,3.4,2025-04-12
Census Tract,12031000600,Other,03/2021,3,3.4,2025-04-12
Census Tract,12031000600,Other,04/2021,0,4.6,2025-04-12
Census Tract,12031000600,Other,05/2021,1,4.8,2025-04-12
Census Tract,12031000600,Other,06/2021,1,4.6,2025-04-12
Census Tract,12031000600,Other,07/2021,3,6.2,2025-04-12
Census Tract,12031000600,Other,08/2021,1,4.6,2025-04-12
Census Tract,12031000600,Other,09/2021,6,3.4,2025-04-12
Census Tract,12031000600,Other,10/2021,0,2.6,2025-04-12
Census Tract,12031000600,Other,11/2021,7,4.6,2025-04-12
Census Tract,12031000600,Other,12/2021,2,2.8,2025-04-12
Census Tract,12031000600,Other,01/2022,4,5.4,2025-04-12
Census Tract,12031000600,Other,02/2022,8,3.4,2025-04-12
Census Tract,12031000600,Other,03/2022,4,3.4,2025-04-12
Census Tract,12031000600,Other,04/2022,1,4.6,2025-04-12
Census Tract,12031000600,Other,05/2022,4,4.8,2025-04-12
Census Tract,12031000600,Other,06/2022,7,4.6,2025-04-12
Census Tract,12031000600,Other,07/2022,7,6.2,2025-04-12
Census Tract,12031000600,Other,08/2022,6,4.6,2025-04-12
Census Tract,12031000600,Other,09/2022,11,3.4,2025-04-12
Census Tract,12031000600,Other,10/2022,7,2.6,2025-04-12
Census Tract,12031000600,Other,11/2022,11,4.6,2025-04-12
Census Tract,12031000600,Other,12/2022,8,2.8,2025-04-12
Census Tract,12031000600,Other,01/2023,7,5.4,2025-04-12
Census Tract,12031000600,Other,02/2023,20,3.4,2025-04-12
Census Tract,12031000600,Other,03/2023,6,3.4,2025-04-12
Census Tract,12031000600,Other,04/2023,3,4.6,2025-04-12
Census Tract,12031000600,Other,05/2023,7,4.8,2025-04-12
Census Tract,12031000600,Other,06/2023,3,4.6,2025-04-12
Census Tract,12031000600,Other,07/2023,18,6.2,2025-04-12
Census Tract,12031000600,Other,08/2023,10,4.6,2025-04-12
Census Tract,12031000600,Other,09/2023,5,3.4,2025-04-12
Census Tract,12031000600,Other,10/2023,8,2.6,2025-04-12
Census Tract,12031000600,Other,11/2023,7,4.6,2025-04-12
Census Tract,12031000600,Other,12/2023,1,2.8,2025-04-12
Census Tract,12031000600,Other,01/2024,4,5.4,2025-04-12
Census Tract,12031000600,Other,02/2024,1,3.4,2025-04-12
Census Tract,12031000600,Other,03/2024,3,3.4,2025-04-12
Census Tract,12031000600,Other,04/2024,3,4.6,2025-04-12
Census Tract,12031000600,Other,05/2024,7,4.8,2025-04-12
Census Tract,12031000600,Other,06/2024,8,4.6,2025-04-12
Census Tract,12031000600,Other,07/2024,5,6.2,2025-04-12
Census Tract,12031000600,Other,08/2024,6,4.6,2025-04-12
Census Tract,12031000600,Other,09/2024,5,3.4,2025-04-12
Census Tract,12031000600,Other,10/2024,10,2.6,2025-04-12
Census Tract,12031000600,Other,11/2024,15,4.6,2025-04-12
Census Tract,12031000600,Other,12/2024,18,2.8,2025-04-12
Census Tract,12031000600,Other,01/2025,8,5.4,2025-04-12
Census Tract,12031000600,Other,02/2025,15,3.4,2025-04-12
Census Tract,12031000600,Other,03/2025,13,3.4,2025-04-12
Census Tract,12031000600,Other,04/2025,0,1.2,2025-04-12
Census Tract,12031000700,White,01/2020,1,1.6,2025-04-12
Census Tract,12031000700,White,02/2020,2,2.2,2025-04-12
Census Tract,12031000700,White,03/2020,1,1.4,2025-04-12
Census Tract,12031000700,White,04/2020,0,2.4,2025-04-12
Census Tract,12031000700,White,05/2020,0,1.2,2025-04-12
Census Tract,12031000700,White,06/2020,0,2.6,2025-04-12
Census Tract,12031000700,White,07/2020,0,1.2,2025-04-12
Census Tract,12031000700,White,08/2020,1,1,2025-04-12
Census Tract,12031000700,White,09/2020,1,2.6,2025-04-12
Census Tract,12031000700,White,10/2020,4,2.2,2025-04-12
Census Tract,12031000700,White,11/2020,0,1,2025-04-12
Census Tract,12031000700,White,12/2020,2,2.8,2025-04-12
Census Tract,12031000700,White,01/2021,0,1.6,2025-04-12
Census Tract,12031000700,White,02/2021,2,2.2,2025-04-12
Census Tract,12031000700,White,03/2021,2,1.4,2025-04-12
Census Tract,12031000700,White,04/2021,0,2.4,2025-04-12
Census Tract,12031000700,White,05/2021,0,1.2,2025-04-12
Census Tract,12031000700,White,06/2021,0,2.6,2025-04-12
Census Tract,12031000700,White,07/2021,2,1.2,2025-04-12
Census Tract,12031000700,White,08/2021,0,1,2025-04-12
Census Tract,12031000700,White,09/2021,2,2.6,2025-04-12
Census Tract,12031000700,White,10/2021,4,2.2,2025-04-12
Census Tract,12031000700,White,11/2021,0,1,2025-04-12
Census Tract,12031000700,White,12/2021,1,2.8,2025-04-12
Census Tract,12031000700,White,01/2022,2,1.6,2025-04-12
Census Tract,12031000700,White,02/2022,2,2.2,2025-04-12
Census Tract,12031000700,White,03/2022,0,1.4,2025-04-12
Census Tract,12031000700,White,04/2022,0,2.4,2025-04-12
Census Tract,12031000700,White,05/2022,2,1.2,2025-04-12
Census Tract,12031000700,White,06/2022,0,2.6,2025-04-12
Census Tract,12031000700,White,07/2022,0,1.2,2025-04-12
Census Tract,12031000700,White,08/2022,2,1,2025-04-12
Census Tract,12031000700,White,09/2022,1,2.6,2025-04-12
Census Tract,12031000700,White,10/2022,3,2.2,2025-04-12
Census Tract,12031000700,White,11/2022,1,1,2025-04-12
Census Tract,12031000700,White,12/2022,4,2.8,2025-04-12
Census Tract,12031000700,White,01/2023,2,1.6,2025-04-12
Census Tract,12031000700,White,02/2023,1,2.2,2025-04-12
Census Tract,12031000700,White,03/2023,0,1.4,2025-04-12
Census Tract,12031000700,White,04/2023,5,2.4,2025-04-12
Census Tract,12031000700,White,05/2023,1,1.2,2025-04-12
Census Tract,12031000700,White,06/2023,3,2.6,2025-04-12
Census Tract,12031000700,White,07/2023,0,1.2,2025-04-12
Census Tract,12031000700,White,08/2023,2,1,2025-04-12
Census Tract,12031000700,White,09/2023,0,2.6,2025-04-12
Census Tract,12031000700,White,10/2023,1,2.2,2025-04-12
Census Tract,12031000700,White,11/2023,0,1,2025-04-12
Census Tract,12031000700,White,12/2023,1,2.8,2025-04-12
Census Tract,12031000700,White,01/2024,1,1.6,2025-04-12
Census Tract,12031000700,White,02/2024,0,2.2,2025-04-12
Census Tract,12031000700,White,03/2024,0,1.4,2025-04-12
Census Tract,12031000700,White,04/2024,0,2.4,2025-04-12
Census Tract,12031000700,White,05/2024,4,1.2,2025-04-12
Census Tract,12031000700,White,06/2024,4,2.6,2025-04-12
Census Tract,12031000700,White,07/2024,0,1.2,2025-04-12
Census Tract,12031000700,White,08/2024,0,1,2025-04-12
Census Tract,12031000700,White,09/2024,1,2.6,2025-04-12
Census Tract,12031000700,White,10/2024,1,2.2,2025-04-12
Census Tract,12031000700,White,11/2024,1,1,2025-04-12
Census Tract,12031000700,White,12/2024,1,2.8,2025-04-12
Census Tract,12031000700,White,01/2025,1,1.6,2025-04-12
Census Tract,12031000700,White,02/2025,0,2.2,2025-04-12
Census Tract,12031000700,White,03/2025,0,1.4,2025-04-12
Census Tract,12031000700,White,04/2025,1,0.6,2025-04-12
Census Tract,12031000800,White,01/2020,3,3,2025-04-12
Census Tract,12031000800,White,02/2020,0,2,2025-04-12
Census Tract,12031000800,White,03/2020,1,1.4,2025-04-12
Census Tract,12031000800,White,04/2020,0,1.8,2025-04-12
Census Tract,12031000800,White,05/2020,0,3.4,2025-04-12
Census Tract,12031000800,White,06/2020,0,3.6,2025-04-12
Census Tract,12031000800,White,07/2020,1,2.8,2025-04-12
Census Tract,12031000800,White,08/2020,3,3.4,2025-04-12
Census Tract,12031000800,White,09/2020,2,3.4,2025-04-12
Census Tract,12031000800,White,10/2020,1,3.4,2025-04-12
Census Tract,12031000800,White,11/2020,2,1,2025-04-12
Census Tract,12031000800,White,12/2020,7,2.6,2025-04-12
Census Tract,12031000800,White,01/2021,4,3,2025-04-12
Census Tract,12031000800,White,02/2021,0,2,2025-04-12
Census Tract,12031000800,White,03/2021,3,1.4,2025-04-12
Census Tract,12031000800,White,04/2021,0,1.8,2025-04-12
Census Tract,12031000800,White,05/2021,3,3.4,2025-04-12
Census Tract,12031000800,White,06/2021,1,3.6,2025-04-12
Census Tract,12031000800,White,07/2021,1,2.8,2025-04-12
Census Tract,12031000800,White,08/2021,3,3.4,2025-04-12
Census Tract,12031000800,White,09/2021,1,3.4,2025-04-12
Census Tract,12031000800,White,10/2021,2,3.4,2025-04-12
Census Tract,12031000800,White,11/2021,5,1,2025-04-12
Census Tract,12031000800,White,12/2021,4,2.6,2025-04-12
Census Tract,12031000800,White,01/2022,3,3,2025-04-12
Census Tract,12031000800,White,02/2022,4,2,2025-04-12
Census Tract,12031000800,White,03/2022,1,1.4,2025-04-12
Census Tract,12031000800,White,04/2022,0,1.8,2025-04-12
Census Tract,12031000800,White,05/2022,0,3.4,2025-04-12
Census Tract,12031000800,White,06/2022,3,3.6,2025-04-12
Census Tract,12031000800,White,07/2022,1,2.8,2025-04-12
Census Tract,12031000800,White,08/2022,3,3.4,2025-04-12
Census Tract,12031000800,White,09/2022,2,3.4,2025-04-12
Census Tract,12031000800,White,10/2022,7,3.4,2025-04-12
Census Tract,12031000800,White,11/2022,1,1,2025-04-12
Census Tract,12031000800,White,12/2022,2,2.6,2025-04-12
Census Tract,12031000800,White,01/2023,2,3,2025-04-12
Census Tract,12031000800,White,02/2023,1,2,2025-04-12
Census Tract,12031000800,White,03/2023,5,1.4,2025-04-12
Census Tract,12031000800,White,04/2023,6,1.8,2025-04-12
Census Tract,12031000800,White,05/2023,4,3.4,2025-04-12
Census Tract,12031000800,White,06/2023,7,3.6,2025-04-12
Census Tract,12031000800,White,07/2023,6,2.8,2025-04-12
Census Tract,12031000800,White,08/2023,5,3.4,2025-04-12
Census Tract,12031000800,White,09/2023,5,3.4,2025-04-12
Census Tract,12031000800,White,10/2023,5,3.4,2025-04-12
Census Tract,12031000800,White,11/2023,8,1,2025-04-12
Census Tract,12031000800,White,12/2023,1,2.6,2025-04-12
Census Tract,12031000800,White,01/2024,3,3,2025-04-12
Census Tract,12031000800,White,02/2024,8,2,2025-04-12
Census Tract,12031000800,White,03/2024,4,1.4,2025-04-12
Census Tract,12031000800,White,04/2024,6,1.8,2025-04-12
Census Tract,12031000800,White,05/2024,5,3.4,2025-04-12
Census Tract,12031000800,White,06/2024,3,3.6,2025-04-12
Census Tract,12031000800,White,07/2024,2,2.8,2025-04-12
Census Tract,12031000800,White,08/2024,7,3.4,2025-04-12
Census Tract,12031000800,White,09/2024,6,3.4,2025-04-12
Census Tract,12031000800,White,10/2024,4,3.4,2025-04-12
Census Tract,12031000800,White,11/2024,4,1,2025-04-12
Census Tract,12031000800,White,12/2024,2,2.6,2025-04-12
Census Tract,12031000800,White,01/2025,4,3,2025-04-12
Census Tract,12031000800,White,02/2025,9,2,2025-04-12
Census Tract,12031000800,White,03/2025,4,1.4,2025-04-12
Census Tract,12031000800,White,04/2025,0,0.4,2025-04-12
Census Tract,12031001000,Black,01/2020,2,2.6,2025-04-12
Census Tract,12031001000,Black,02/2020,6,2,2025-04-12
Census Tract,12031001000,Black,03/2020,6,2.4,2025-04-12
Census Tract,12031001000,Black,04/2020,0,3.4,2025-04-12
Census Tract,12031001000,Black,05/2020,0,2,2025-04-12
Census Tract,12031001000,Black,06/2020,0,2.6,2025-04-12
Census Tract,12031001000,Black,07/2020,2,3.4,2025-04-12
Census Tract,12031001000,Black,08/2020,1,3.2,2025-04-12
Census Tract,12031001000,Black,09/2020,1,3.4,2025-04-12
Census Tract,12031001000,Black,10/2020,6,2.6,2025-04-12
Census Tract,12031001000,Black,11/2020,2,1.4,2025-04-12
Census Tract,12031001000,Black,12/2020,5,3,2025-04-12
Census Tract,12031001000,Black,01/2021,5,2.6,2025-04-12
Census Tract,12031001000,Black,02/2021,3,2,2025-04-12
Census Tract,12031001000,Black,03/2021,1,2.4,2025-04-12
Census Tract,12031001000,Black,04/2021,0,3.4,2025-04-12
Census Tract,12031001000,Black,05/2021,2,2,2025-04-12
Census Tract,12031001000,Black,06/2021,1,2.6,2025-04-12
Census Tract,12031001000,Black,07/2021,4,3.4,2025-04-12
Census Tract,12031001000,Black,08/2021,4,3.2,2025-04-12
Census Tract,12031001000,Black,09/2021,2,3.4,2025-04-12
Census Tract,12031001000,Black,10/2021,2,2.6,2025-04-12
Census Tract,12031001000,Black,11/2021,1,1.4,2025-04-12
Census Tract,12031001000,Black,12/2021,5,3,2025-04-12
Census Tract,12031001000,Black,01/2022,7,2.6,2025-04-12
Census Tract,12031001000,Black,02/2022,1,2,2025-04-12
Census Tract,12031001000,Black,03/2022,7,2.4,2025-04-12
Census Tract,12031001000,Black,04/2022,1,3.4,2025-04-12
Census Tract,12031001000,Black,05/2022,1,2,2025-04-12
Census Tract,12031001000,Black,06/2022,3,2.6,2025-04-12
Census Tract,12031001000,Black,07/2022,20,3.4,2025-04-12
Census Tract,12031001000,Black,08/2022,8,3.2,2025-04-12
Census Tract,12031001000,Black,09/2022,8,3.4,2025-04-12
Census Tract,12031001000,Black,10/2022,10,2.6,2025-04-12
Census Tract,12031001000,Black,11/2022,3,1.4,2025-04-12
Census Tract,12031001000,Black,12/2022,3,3,2025-04-12
Census Tract,12031001000,Black,01/2023,3,2.6,2025-04-12
Census Tract,12031001000,Black,02/2023,2,2,2025-04-12
Census Tract,12031001000,Black,03/2023,4,2.4,2025-04-12
Census Tract,12031001000,Black,04/2023,2,3.4,2025-04-12
Census Tract,12031001000,Black,05/2023,2,2,2025-04-12
Census Tract,12031001000,Black,06/2023,2,2.6,2025-04-12
Census Tract,12031001000,Black,07/2023,4,3.4,2025-04-12
Census Tract,12031001000,Black,08/2023,2,3.2,2025-04-12
Census Tract,12031001000,Black,09/2023,3,3.4,2025-04-12
Census Tract,12031001000,Black,10/2023,2,2.6,2025-04-12
Census Tract,12031001000,Black,11/2023,0,1.4,2025-04-12
Census Tract,12031001000,Black,12/2023,2,3,2025-04-12
Census Tract,12031001000,Black,01/2024,1,2.6,2025-04-12
Census Tract,12031001000,Black,02/2024,1,2,2025-04-12
Census Tract,12031001000,Black,03/2024,2,2.4,2025-04-12
Census Tract,12031001000,Black,04/2024,4,3.4,2025-04-12
Census Tract,12031001000,Black,05/2024,3,2,2025-04-12
Census Tract,12031001000,Black,06/2024,1,2.6,2025-04-12
Census Tract,12031001000,Black,07/2024,4,3.4,2025-04-12
Census Tract,12031001000,Black,08/2024,4,3.2,2025-04-12
Census Tract,12031001000,Black,09/2024,2,3.4,2025-04-12
Census Tract,12031001000,Black,10/2024,2,2.6,2025-04-12
Census Tract,12031001000,Black,11/2024,0,1.4,2025-04-12
Census Tract,12031001000,Black,12/2024,2,3,2025-04-12
Census Tract,12031001000,Black,01/2025,2,2.6,2025-04-12
Census Tract,12031001000,Black,02/2025,1,2,2025-04-12
Census Tract,12031001000,Black,03/2025,0,2.4,2025-04-12
Census Tract,12031001000,Black,04/2025,0,1.4,2025-04-12
Census Tract,12031001100,White,01/2020,1,2.6,2025-04-12
Census Tract,12031001100,White,02/2020,1,2,2025-04-12
Census Tract,12031001100,White,03/2020,0,1,2025-04-12
Census Tract,12031001100,White,04/2020,0,1.8,2025-04-12
Census Tract,12031001100,White,05/2020,1,1.8,2025-04-12
Census Tract,12031001100,White,06/2020,0,2.6,2025-04-12
Census Tract,12031001100,White,07/2020,0,2.2,2025-04-12
Census Tract,12031001100,White,08/2020,2,3.2,2025-04-12
Census Tract,12031001100,White,09/2020,0,3.6,2025-04-12
Census Tract,12031001100,White,10/2020,0,1.6,2025-04-12
Census Tract,12031001100,White,11/2020,0,2,2025-04-12
Census Tract,12031001100,White,12/2020,0,1.8,2025-04-12
Census Tract,12031001100,White,01/2021,3,2.6,2025-04-12
Census Tract,12031001100,White,02/2021,1,2,2025-04-12
Census Tract,12031001100,White,03/2021,1,1,2025-04-12
Census Tract,12031001100,White,04/2021,0,1.8,2025-04-12
Census Tract,12031001100,White,05/2021,1,1.8,2025-04-12
Census Tract,12031001100,White,06/2021,2,2.6,2025-04-12
Census Tract,12031001100,White,07/2021,2,2.2,2025-04-12
Census Tract,12031001100,White,08/2021,3,3.2,2025-04-12
Census Tract,12031001100,White,09/2021,1,3.6,2025-04-12
Census Tract,12031001100,White,10/2021,2,1.6,2025-04-12
Census Tract,12031001100,White,11/2021,2,2,2025-04-12
Census Tract,12031001100,White,12/2021,1,1.8,2025-04-12
Census Tract,12031001100,White,01/2022,0,2.6,2025-04-12
Census Tract,12031001100,White,02/2022,1,2,2025-04-12
Census Tract,12031001100,White,03/2022,0,1,2025-04-12
Census Tract,12031001100,White,04/2022,3,1.8,2025-04-12
Census Tract,12031001100,White,05/2022,1,1.8,2025-04-12
Census Tract,12031001100,White,06/2022,3,2.6,2025-04-12
Census Tract,12031001100,White,07/2022,2,2.2,2025-04-12
Census Tract,12031001100,White,08/2022,1,3.2,2025-04-12
Census Tract,12031001100,White,09/2022,1,3.6,2025-04-12
Census Tract,12031001100,White,10/2022,1,1.6,2025-04-12
Census Tract,12031001100,White,11/2022,3,2,2025-04-12
Census Tract,12031001100,White,12/2022,0,1.8,2025-04-12
Census Tract,12031001100,White,01/2023,3,2.6,2025-04-12
Census Tract,12031001100,White,02/2023,1,2,2025-04-12
Census Tract,12031001100,White,03/2023,0,1,2025-04-12
Census Tract,12031001100,White,04/2023,2,1.8,2025-04-12
Census Tract,12031001100,White,05/2023,0,1.8,2025-04-12
Census Tract,12031001100,White,06/2023,1,2.6,2025-04-12
Census Tract,12031001100,White,07/2023,1,2.2,2025-04-12
Census Tract,12031001100,White,08/2023,7,3.2,2025-04-12
Census Tract,12031001100,White,09/2023,1,3.6,2025-04-12
Census Tract,12031001100,White,10/2023,1,1.6,2025-04-12
Census Tract,12031001100,White,11/2023,0,2,2025-04-12
Census Tract,12031001100,White,12/2023,3,1.8,2025-04-12
Census Tract,12031001100,White,01/2024,1,2.6,2025-04-12
Census Tract,12031001100,White,02/2024,2,2,2025-04-12
Census Tract,12031001100,White,03/2024,1,1,2025-04-12
Census Tract,12031001100,White,04/2024,2,1.8,2025-04-12
Census Tract,12031001100,White,05/2024,2,1.8,2025-04-12
Census Tract,12031001100,White,06/2024,0,2.6,2025-04-12
Census Tract,12031001100,White,07/2024,0,2.2,2025-04-12
Census Tract,12031001100,White,08/2024,3,3.2,2025-04-12
Census Tract,12031001100,White,09/2024,0,3.6,2025-04-12
Census Tract,12031001100,White,10/2024,2,1.6,2025-04-12
Census Tract,12031001100,White,11/2024,0,2,2025-04-12
Census Tract,12031001100,White,12/2024,0,1.8,2025-04-12
Census Tract,12031001100,White,01/2025,1,2.6,2025-04-12
Census Tract,12031001100,White,02/2025,1,2,2025-04-12
Census Tract,12031001100,White,03/2025,2,1,2025-04-12
Census Tract,12031001100,White,04/2025,0,0.2,2025-04-12
Census Tract,12031001200,White,01/2020,2,5,2025-04-12
Census Tract,12031001200,White,02/2020,3,1.4,2025-04-12
Census Tract,12031001200,White,03/2020,1,2.8,2025-04-12
Census Tract,12031001200,White,04/2020,0,2.8,2025-04-12
Census Tract,12031001200,White,05/2020,0,3.2,2025-04-12
Census Tract,12031001200,White,06/2020,0,3.4,2025-04-12
Census Tract,12031001200,White,07/2020,0,3.4,2025-04-12
Census Tract,12031001200,White,08/2020,3,2.8,2025-04-12
Census Tract,12031001200,White,09/2020,3,3.2,2025-04-12
Census Tract,12031001200,White,10/2020,1,3,2025-04-12
Census Tract,12031001200,White,11/2020,4,2.6,2025-04-12
Census Tract,12031001200,White,12/2020,0,5.2,2025-04-12
Census Tract,12031001200,White,01/2021,1,5,2025-04-12
Census Tract,12031001200,White,02/2021,0,1.4,2025-04-12
Census Tract,12031001200,White,03/2021,2,2.8,2025-04-12
Census Tract,12031001200,White,04/2021,1,2.8,2025-04-12
Census Tract,12031001200,White,05/2021,1,3.2,2025-04-12
Census Tract,12031001200,White,06/2021,1,3.4,2025-04-12
Census Tract,12031001200,White,07/2021,4,3.4,2025-04-12
Census Tract,12031001200,White,08/2021,1,2.8,2025-04-12
Census Tract,12031001200,White,09/2021,3,3.2,2025-04-12
Census Tract,12031001200,White,10/2021,3,3,2025-04-12
Census Tract,12031001200,White,11/2021,1,2.6,2025-04-12
Census Tract,12031001200,White,12/2021,4,5.2,2025-04-12
Census Tract,12031001200,White,01/2022,3,5,2025-04-12
Census Tract,12031001200,White,02/2022,1,1.4,2025-04-12
Census Tract,12031001200,White,03/2022,2,2.8,2025-04-12
Census Tract,12031001200,White,04/2022,0,2.8,2025-04-12
Census Tract,12031001200,White,05/2022,4,3.2,2025-04-12
Census Tract,12031001200,White,06/2022,3,3.4,2025-04-12
Census Tract,12031001200,White,07/2022,4,3.4,2025-04-12
Census Tract,12031001200,White,08/2022,2,2.8,2025-04-12
Census Tract,12031001200,White,09/2022,2,3.2,2025-04-12
Census Tract,12031001200,White,10/2022,3,3,2025-04-12
Census Tract,12031001200,White,11/2022,1,2.6,2025-04-12
Census Tract,12031001200,White,12/2022,2,5.2,2025-04-12
Census Tract,12031001200,White,01/2023,1,5,2025-04-12
Census Tract,12031001200,White,02/2023,1,1.4,2025-04-12
Census Tract,12031001200,White,03/2023,1,2.8,2025-04-12
Census Tract,12031001200,White,04/2023,1,2.8,2025-04-12
Census Tract,12031001200,White,05/2023,3,3.2,2025-04-12
Census Tract,12031001200,White,06/2023,2,3.4,2025-04-12
Census Tract,12031001200,White,07/2023,2,3.4,2025-04-12
Census Tract,12031001200,White,08/2023,1,2.8,2025-04-12
Census Tract,12031001200,White,09/2023,0,3.2,2025-04-12
Census Tract,12031001200,White,10/2023,1,3,2025-04-12
Census Tract,12031001200,White,11/2023,1,2.6,2025-04-12
Census Tract,12031001200,White,12/2023,8,5.2,2025-04-12
Census Tract,12031001200,White,01/2024,6,5,2025-04-12
Census Tract,12031001200,White,02/2024,0,1.4,2025-04-12
Census Tract,12031001200,White,03/2024,2,2.8,2025-04-12
Census Tract,12031001200,White,04/2024,1,2.8,2025-04-12
Census Tract,12031001200,White,05/2024,0,3.2,2025-04-12
Census Tract,12031001200,White,06/2024,0,3.4,2025-04-12
Census Tract,12031001200,White,07/2024,0,3.4,2025-04-12
Census Tract,12031001200,White,08/2024,2,2.8,2025-04-12
Census Tract,12031001200,White,09/2024,2,3.2,2025-04-12
Census Tract,12031001200,White,10/2024,1,3,2025-04-12
Census Tract,12031001200,White,11/2024,1,2.6,2025-04-12
Census Tract,12031001200,White,12/2024,2,5.2,2025-04-12
Census Tract,12031001200,White,01/2025,0,5,2025-04-12
Census Tract,12031001200,White,02/2025,4,1.4,2025-04-12
Census Tract,12031001200,White,03/2025,1,2.8,2025-04-12
Census Tract,12031001200,White,04/2025,0,1.6,2025-04-12
Census Tract,12031001300,Black,01/2020,8,8.4,2025-04-12
Census Tract,12031001300,Black,02/2020,16,6.8,2025-04-12
Census Tract,12031001300,Black,03/2020,3,5.8,2025-04-12
Census Tract,12031001300,Black,04/2020,0,8.4,2025-04-12
Census Tract,12031001300,Black,05/2020,1,9.8,2025-04-12
Census Tract,12031001300,Black,06/2020,2,7.4,2025-04-12
Census Tract,12031001300,Black,07/2020,1,8.4,2025-04-12
Census Tract,12031001300,Black,08/2020,13,7.8,2025-04-12
Census Tract,12031001300,Black,09/2020,7,11.4,2025-04-12
Census Tract,12031001300,Black,10/2020,4,5.2,2025-04-12
Census Tract,12031001300,Black,11/2020,10,7.8,2025-04-12
Census Tract,12031001300,Black,12/2020,8,9,2025-04-12
Census Tract,12031001300,Black,01/2021,7,8.4,2025-04-12
Census Tract,12031001300,Black,02/2021,9,6.4,2025-04-12
Census Tract,12031001300,Black,03/2021,4,5.8,2025-04-12
Census Tract,12031001300,Black,04/2021,5,8.4,2025-04-12
Census Tract,12031001300,Black,05/2021,3,9.8,2025-04-12
Census Tract,12031001300,Black,06/2021,12,7.4,2025-04-12
Census Tract,12031001300,Black,07/2021,9,8.4,2025-04-12
Census Tract,12031001300,Black,08/2021,15,7.8,2025-04-12
Census Tract,12031001300,Black,09/2021,10,11.4,2025-04-12
Census Tract,12031001300,Black,10/2021,7,5.2,2025-04-12
Census Tract,12031001300,Black,11/2021,7,7.8,2025-04-12
Census Tract,12031001300,Black,12/2021,4,9,2025-04-12
Census Tract,12031001300,Black,01/2022,11,8.4,2025-04-12
Census Tract,12031001300,Black,02/2022,5,6.4,2025-04-12
Census Tract,12031001300,Black,03/2022,11,5.8,2025-04-12
Census Tract,12031001300,Black,04/2022,7,8.4,2025-04-12
Census Tract,12031001300,Black,05/2022,7,9.8,2025-04-12
Census Tract,12031001300,Black,06/2022,9,7.4,2025-04-12
Census Tract,12031001300,Black,07/2022,14,8.4,2025-04-12
Census Tract,12031001300,Black,08/2022,9,7.8,2025-04-12
Census Tract,12031001300,Black,09/2022,5,11.4,2025-04-12
Census Tract,12031001300,Black,10/2022,8,5.2,2025-04-12
Census Tract,12031001300,Black,11/2022,10,7.8,2025-04-12
Census Tract,12031001300,Black,12/2022,6,9,2025-04-12
Census Tract,12031001300,Black,01/2023,3,8.4,2025-04-12
Census Tract,12031001300,Black,02/2023,15,6.4,2025-04-12
Census Tract,12031001300,Black,03/2023,9,5.8,2025-04-12
Census Tract,12031001300,Black,04/2023,6,8.4,2025-04-12
Census Tract,12031001300,Black,05/2023,11,9.8,2025-04-12
Census Tract,12031001300,Black,06/2023,6,7.4,2025-04-12
Census Tract,12031001300,Black,07/2023,7,8.4,2025-04-12
Census Tract,12031001300,Black,08/2023,7,7.8,2025-04-12
Census Tract,12031001300,Black,09/2023,7,11.4,2025-04-12
Census Tract,12031001300,Black,10/2023,14,5.2,2025-04-12
Census Tract,12031001300,Black,11/2023,11,7.8,2025-04-12
Census Tract,12031001300,Black,12/2023,5,9,2025-04-12
Census Tract,12031001300,Black,01/2024,12,8.4,2025-04-12
Census Tract,12031001300,Black,02/2024,8,6.8,2025-04-12
Census Tract,12031001300,Black,03/2024,4,5.8,2025-04-12
Census Tract,12031001300,Black,04/2024,9,8.4,2025-04-12
Census Tract,12031001300,Black,05/2024,9,9.8,2025-04-12
Census Tract,12031001300,Black,06/2024,9,7.4,2025-04-12
Census Tract,12031001300,Black,07/2024,12,8.4,2025-04-12
Census Tract,12031001300,Black,08/2024,11,7.8,2025-04-12
Census Tract,12031001300,Black,09/2024,2,11.4,2025-04-12
Census Tract,12031001300,Black,10/2024,8,5.2,2025-04-12
Census Tract,12031001300,Black,11/2024,8,7.8,2025-04-12
Census Tract,12031001300,Black,12/2024,5,9,2025-04-12
Census Tract,12031001300,Black,01/2025,7,8.4,2025-04-12
Census Tract,12031001300,Black,02/2025,16,6.4,2025-04-12
Census Tract,12031001300,Black,03/2025,4,5.8,2025-04-12
Census Tract,12031001300,Black,04/2025,1,3,2025-04-12
Census Tract,12031001401,Black,01/2020,15,5.4,2025-04-12
Census Tract,12031001401,Black,02/2020,6,2.4,2025-04-12
Census Tract,12031001401,Black,03/2020,5,4.8,2025-04-12
Census Tract,12031001401,Black,04/2020,0,4.2,2025-04-12
Census Tract,12031001401,Black,05/2020,0,3.8,2025-04-12
Census Tract,12031001401,Black,06/2020,2,6.6,2025-04-12
Census Tract,12031001401,Black,07/2020,0,4.4,2025-04-12
Census Tract,12031001401,Black,08/2020,2,5,2025-04-12
Census Tract,12031001401,Black,09/2020,10,6.2,2025-04-12
Census Tract,12031001401,Black,10/2020,2,5.2,2025-04-12
Census Tract,12031001401,Black,11/2020,16,5.4,2025-04-12
Census Tract,12031001401,Black,12/2020,6,4.8,2025-04-12
Census Tract,12031001401,Black,01/2021,32,5.4,2025-04-12
Census Tract,12031001401,Black,02/2021,5,2.4,2025-04-12
Census Tract,12031001401,Black,03/2021,8,4.8,2025-04-12
Census Tract,12031001401,Black,04/2021,5,4.2,2025-04-12
Census Tract,12031001401,Black,05/2021,4,3.8,2025-04-12
Census Tract,12031001401,Black,06/2021,6,6.6,2025-04-12
Census Tract,12031001401,Black,07/2021,3,4.4,2025-04-12
Census Tract,12031001401,Black,08/2021,10,5,2025-04-12
Census Tract,12031001401,Black,09/2021,6,6.2,2025-04-12
Census Tract,12031001401,Black,10/2021,8,5.2,2025-04-12
Census Tract,12031001401,Black,11/2021,3,5.4,2025-04-12
Census Tract,12031001401,Black,12/2021,8,4.8,2025-04-12
Census Tract,12031001401,Black,01/2022,4,5.4,2025-04-12
Census Tract,12031001401,Black,02/2022,14,2.4,2025-04-12
Census Tract,12031001401,Black,03/2022,7,4.8,2025-04-12
Census Tract,12031001401,Black,04/2022,2,4.2,2025-04-12
Census Tract,12031001401,Black,05/2022,6,3.8,2025-04-12
Census Tract,12031001401,Black,06/2022,13,6.6,2025-04-12
Census Tract,12031001401,Black,07/2022,18,4.4,2025-04-12
Census Tract,12031001401,Black,08/2022,14,5,2025-04-12
Census Tract,12031001401,Black,09/2022,6,6.2,2025-04-12
Census Tract,12031001401,Black,10/2022,15,5.2,2025-04-12
Census Tract,12031001401,Black,11/2022,4,5.4,2025-04-12
Census Tract,12031001401,Black,12/2022,13,4.8,2025-04-12
Census Tract,12031001401,Black,01/2023,6,5.4,2025-04-12
Census Tract,12031001401,Black,02/2023,8,2.4,2025-04-12
Census Tract,12031001401,Black,03/2023,14,4.8,2025-04-12
Census Tract,12031001401,Black,04/2023,10,4.2,2025-04-12
Census Tract,12031001401,Black,05/2023,14,3.8,2025-04-12
Census Tract,12031001401,Black,06/2023,10,6.6,2025-04-12
Census Tract,12031001401,Black,07/2023,18,4.4,2025-04-12
Census Tract,12031001401,Black,08/2023,7,5,2025-04-12
Census Tract,12031001401,Black,09/2023,12,6.2,2025-04-12
Census Tract,12031001401,Black,10/2023,7,5.2,2025-04-12
Census Tract,12031001401,Black,11/2023,5,5.4,2025-04-12
Census Tract,12031001401,Black,12/2023,11,4.8,2025-04-12
Census Tract,12031001401,Black,01/2024,12,5.4,2025-04-12
Census Tract,12031001401,Black,02/2024,14,2.4,2025-04-12
Census Tract,12031001401,Black,03/2024,7,4.8,2025-04-12
Census Tract,12031001401,Black,04/2024,13,4.2,2025-04-12
Census Tract,12031001401,Black,05/2024,14,3.8,2025-04-12
Census Tract,12031001401,Black,06/2024,4,6.6,2025-04-12
Census Tract,12031001401,Black,07/2024,8,4.4,2025-04-12
Census Tract,12031001401,Black,08/2024,14,5,2025-04-12
Census Tract,12031001401,Black,09/2024,3,6.2,2025-04-12
Census Tract,12031001401,Black,10/2024,2,5.2,2025-04-12
Census Tract,12031001401,Black,11/2024,13,5.4,2025-04-12
Census Tract,12031001401,Black,12/2024,8,4.8,2025-04-12
Census Tract,12031001401,Black,01/2025,14,5.4,2025-04-12
Census Tract,12031001401,Black,02/2025,10,2.4,2025-04-12
Census Tract,12031001401,Black,03/2025,3,4.8,2025-04-12
Census Tract,12031001401,Black,04/2025,0,1.2,2025-04-12
Census Tract,12031001402,Black,01/2020,8,5.4,2025-04-12
Census Tract,12031001402,Black,02/2020,3,4.4,2025-04-12
Census Tract,12031001402,Black,03/2020,2,5,2025-04-12
Census Tract,12031001402,Black,04/2020,0,4.2,2025-04-12
Census Tract,12031001402,Black,05/2020,0,2.8,2025-04-12
Census Tract,12031001402,Black,06/2020,1,5.4,2025-04-12
Census Tract,12031001402,Black,07/2020,0,3.8,2025-04-12
Census Tract,12031001402,Black,08/2020,5,4,2025-04-12
Census Tract,12031001402,Black,09/2020,5,6.4,2025-04-12
Census Tract,12031001402,Black,10/2020,4,2.6,2025-04-12
Census Tract,12031001402,Black,11/2020,5,4.4,2025-04-12
Census Tract,12031001402,Black,12/2020,7,4.6,2025-04-12
Census Tract,12031001402,Black,01/2021,4,5.4,2025-04-12
Census Tract,12031001402,Black,02/2021,2,4.4,2025-04-12
Census Tract,12031001402,Black,03/2021,2,5,2025-04-12
Census Tract,12031001402,Black,04/2021,3,4.2,2025-04-12
Census Tract,12031001402,Black,05/2021,3,2.8,2025-04-12
Census Tract,12031001402,Black,06/2021,3,5.4,2025-04-12
Census Tract,12031001402,Black,07/2021,5,3.8,2025-04-12
Census Tract,12031001402,Black,08/2021,3,4,2025-04-12
Census Tract,12031001402,Black,09/2021,9,6.4,2025-04-12
Census Tract,12031001402,Black,10/2021,2,2.6,2025-04-12
Census Tract,12031001402,Black,11/2021,3,4.4,2025-04-12
Census Tract,12031001402,Black,12/2021,4,4.6,2025-04-12
Census Tract,12031001402,Black,01/2022,5,5.4,2025-04-12
Census Tract,12031001402,Black,02/2022,2,4.4,2025-04-12
Census Tract,12031001402,Black,03/2022,1,5,2025-04-12
Census Tract,12031001402,Black,04/2022,3,4.2,2025-04-12
Census Tract,12031001402,Black,05/2022,3,2.8,2025-04-12
Census Tract,12031001402,Black,06/2022,4,5.4,2025-04-12
Census Tract,12031001402,Black,07/2022,8,3.8,2025-04-12
Census Tract,12031001402,Black,08/2022,6,4,2025-04-12
Census Tract,12031001402,Black,09/2022,5,6.4,2025-04-12
Census Tract,12031001402,Black,10/2022,2,2.6,2025-04-12
Census Tract,12031001402,Black,11/2022,4,4.4,2025-04-12
Census Tract,12031001402,Black,12/2022,5,4.6,2025-04-12
Census Tract,12031001402,Black,01/2023,3,5.4,2025-04-12
Census Tract,12031001402,Black,02/2023,4,4.4,2025-04-12
Census Tract,12031001402,Black,03/2023,4,5,2025-04-12
Census Tract,12031001402,Black,04/2023,1,4.2,2025-04-12
Census Tract,12031001402,Black,05/2023,12,2.8,2025-04-12
Census Tract,12031001402,Black,06/2023,13,5.4,2025-04-12
Census Tract,12031001402,Black,07/2023,9,3.8,2025-04-12
Census Tract,12031001402,Black,08/2023,5,4,2025-04-12
Census Tract,12031001402,Black,09/2023,5,6.4,2025-04-12
Census Tract,12031001402,Black,10/2023,4,2.6,2025-04-12
Census Tract,12031001402,Black,11/2023,5,4.4,2025-04-12
Census Tract,12031001402,Black,12/2023,9,4.6,2025-04-12
Census Tract,12031001402,Black,01/2024,4,5.4,2025-04-12
Census Tract,12031001402,Black,02/2024,4,4.4,2025-04-12
Census Tract,12031001402,Black,03/2024,2,5,2025-04-12
Census Tract,12031001402,Black,04/2024,2,4.2,2025-04-12
Census Tract,12031001402,Black,05/2024,2,2.8,2025-04-12
Census Tract,12031001402,Black,06/2024,2,5.4,2025-04-12
Census Tract,12031001402,Black,07/2024,10,3.8,2025-04-12
Census Tract,12031001402,Black,08/2024,2,4,2025-04-12
Census Tract,12031001402,Black,09/2024,1,6.4,2025-04-12
Census Tract,12031001402,Black,10/2024,6,2.6,2025-04-12
Census Tract,12031001402,Black,11/2024,2,4.4,2025-04-12
Census Tract,12031001402,Black,12/2024,2,4.6,2025-04-12
Census Tract,12031001402,Black,01/2025,3,5.4,2025-04-12
Census Tract,12031001402,Black,02/2025,3,4.4,2025-04-12
Census Tract,12031001402,Black,03/2025,1,5,2025-04-12
Census Tract,12031001402,Black,04/2025,0,1,2025-04-12
Census Tract,12031001500,Black,01/2020,11,9.6,2025-04-12
Census Tract,12031001500,Black,02/2020,7,7,2025-04-12
Census Tract,12031001500,Black,03/2020,3,5.6,2025-04-12
Census Tract,12031001500,Black,04/2020,1,10,2025-04-12
Census Tract,12031001500,Black,05/2020,0,9.8,2025-04-12
Census Tract,12031001500,Black,06/2020,0,8.2,2025-04-12
Census Tract,12031001500,Black,07/2020,2,10.4,2025-04-12
Census Tract,12031001500,Black,08/2020,15,13.6,2025-04-12
Census Tract,12031001500,Black,09/2020,9,12.2,2025-04-12
Census Tract,12031001500,Black,10/2020,15,8.4,2025-04-12
Census Tract,12031001500,Black,11/2020,8,8.6,2025-04-12
Census Tract,12031001500,Black,12/2020,9,8,2025-04-12
Census Tract,12031001500,Black,01/2021,2,9.6,2025-04-12
Census Tract,12031001500,Black,02/2021,4,6.2,2025-04-12
Census Tract,12031001500,Black,03/2021,7,5.6,2025-04-12
Census Tract,12031001500,Black,04/2021,3,10,2025-04-12
Census Tract,12031001500,Black,05/2021,11,9.8,2025-04-12
Census Tract,12031001500,Black,06/2021,11,8.2,2025-04-12
Census Tract,12031001500,Black,07/2021,6,10.4,2025-04-12
Census Tract,12031001500,Black,08/2021,5,13.6,2025-04-12
Census Tract,12031001500,Black,09/2021,4,12.2,2025-04-12
Census Tract,12031001500,Black,10/2021,8,8.4,2025-04-12
Census Tract,12031001500,Black,11/2021,4,8.6,2025-04-12
Census Tract,12031001500,Black,12/2021,6,8,2025-04-12
Census Tract,12031001500,Black,01/2022,4,9.6,2025-04-12
Census Tract,12031001500,Black,02/2022,4,6.2,2025-04-12
Census Tract,12031001500,Black,03/2022,7,5.6,2025-04-12
Census Tract,12031001500,Black,04/2022,14,10,2025-04-12
Census Tract,12031001500,Black,05/2022,12,9.8,2025-04-12
Census Tract,12031001500,Black,06/2022,17,8.2,2025-04-12
Census Tract,12031001500,Black,07/2022,14,10.4,2025-04-12
Census Tract,12031001500,Black,08/2022,21,13.6,2025-04-12
Census Tract,12031001500,Black,09/2022,20,12.2,2025-04-12
Census Tract,12031001500,Black,10/2022,16,8.4,2025-04-12
Census Tract,12031001500,Black,11/2022,12,8.6,2025-04-12
Census Tract,12031001500,Black,12/2022,15,8,2025-04-12
Census Tract,12031001500,Black,01/2023,10,9.6,2025-04-12
Census Tract,12031001500,Black,02/2023,8,6.2,2025-04-12
Census Tract,12031001500,Black,03/2023,5,5.6,2025-04-12
Census Tract,12031001500,Black,04/2023,8,10,2025-04-12
Census Tract,12031001500,Black,05/2023,9,9.8,2025-04-12
Census Tract,12031001500,Black,06/2023,14,8.2,2025-04-12
Census Tract,12031001500,Black,07/2023,8,10.4,2025-04-12
Census Tract,12031001500,Black,08/2023,11,13.6,2025-04-12
Census Tract,12031001500,Black,09/2023,6,12.2,2025-04-12
Census Tract,12031001500,Black,10/2023,10,8.4,2025-04-12
Census Tract,12031001500,Black,11/2023,14,8.6,2025-04-12
Census Tract,12031001500,Black,12/2023,8,8,2025-04-12
Census Tract,12031001500,Black,01/2024,13,9.6,2025-04-12
Census Tract,12031001500,Black,02/2024,10,7,2025-04-12
Census Tract,12031001500,Black,03/2024,6,5.6,2025-04-12
Census Tract,12031001500,Black,04/2024,8,10,2025-04-12
Census Tract,12031001500,Black,05/2024,14,9.8,2025-04-12
Census Tract,12031001500,Black,06/2024,8,8.2,2025-04-12
Census Tract,12031001500,Black,07/2024,9,10.4,2025-04-12
Census Tract,12031001500,Black,08/2024,17,13.6,2025-04-12
Census Tract,12031001500,Black,09/2024,7,12.2,2025-04-12
Census Tract,12031001500,Black,10/2024,11,8.4,2025-04-12
Census Tract,12031001500,Black,11/2024,8,8.6,2025-04-12
Census Tract,12031001500,Black,12/2024,9,8,2025-04-12
Census Tract,12031001500,Black,01/2025,8,9.6,2025-04-12
Census Tract,12031001500,Black,02/2025,8,6.2,2025-04-12
Census Tract,12031001500,Black,03/2025,7,5.6,2025-04-12
Census Tract,12031001500,Black,04/2025,0,4,2025-04-12
Census Tract,12031001600,Black,01/2020,5,3.2,2025-04-12
Census Tract,12031001600,Black,02/2020,4,2.8,2025-04-12
Census Tract,12031001600,Black,03/2020,3,2,2025-04-12
Census Tract,12031001600,Black,04/2020,0,3,2025-04-12
Census Tract,12031001600,Black,05/2020,1,3.4,2025-04-12
Census Tract,12031001600,Black,06/2020,0,4.4,2025-04-12
Census Tract,12031001600,Black,07/2020,0,3,2025-04-12
Census Tract,12031001600,Black,08/2020,5,5.6,2025-04-12
Census Tract,12031001600,Black,09/2020,4,4.6,2025-04-12
Census Tract,12031001600,Black,10/2020,2,3.8,2025-04-12
Census Tract,12031001600,Black,11/2020,6,4.6,2025-04-12
Census Tract,12031001600,Black,12/2020,4,4.2,2025-04-12
Census Tract,12031001600,Black,01/2021,7,3.2,2025-04-12
Census Tract,12031001600,Black,02/2021,6,2.8,2025-04-12
Census Tract,12031001600,Black,03/2021,3,2,2025-04-12
Census Tract,12031001600,Black,04/2021,3,3,2025-04-12
Census Tract,12031001600,Black,05/2021,3,3.4,2025-04-12
Census Tract,12031001600,Black,06/2021,4,4.4,2025-04-12
Census Tract,12031001600,Black,07/2021,2,3,2025-04-12
Census Tract,12031001600,Black,08/2021,2,5.6,2025-04-12
Census Tract,12031001600,Black,09/2021,7,4.6,2025-04-12
Census Tract,12031001600,Black,10/2021,4,3.8,2025-04-12
Census Tract,12031001600,Black,11/2021,4,4.6,2025-04-12
Census Tract,12031001600,Black,12/2021,1,4.2,2025-04-12
Census Tract,12031001600,Black,01/2022,4,3.2,2025-04-12
Census Tract,12031001600,Black,02/2022,3,2.8,2025-04-12
Census Tract,12031001600,Black,03/2022,2,2,2025-04-12
Census Tract,12031001600,Black,04/2022,4,3,2025-04-12
Census Tract,12031001600,Black,05/2022,2,3.4,2025-04-12
Census Tract,12031001600,Black,06/2022,8,4.4,2025-04-12
Census Tract,12031001600,Black,07/2022,5,3,2025-04-12
Census Tract,12031001600,Black,08/2022,5,5.6,2025-04-12
Census Tract,12031001600,Black,09/2022,6,4.6,2025-04-12
Census Tract,12031001600,Black,10/2022,6,3.8,2025-04-12
Census Tract,12031001600,Black,11/2022,6,4.6,2025-04-12
Census Tract,12031001600,Black,12/2022,8,4.2,2025-04-12
Census Tract,12031001600,Black,01/2023,5,3.2,2025-04-12
Census Tract,12031001600,Black,02/2023,5,2.8,2025-04-12
Census Tract,12031001600,Black,03/2023,4,2,2025-04-12
Census Tract,12031001600,Black,04/2023,1,3,2025-04-12
Census Tract,12031001600,Black,05/2023,0,3.4,2025-04-12
Census Tract,12031001600,Black,06/2023,5,4.4,2025-04-12
Census Tract,12031001600,Black,07/2023,4,3,2025-04-12
Census Tract,12031001600,Black,08/2023,3,5.6,2025-04-12
Census Tract,12031001600,Black,09/2023,3,4.6,2025-04-12
Census Tract,12031001600,Black,10/2023,2,3.8,2025-04-12
Census Tract,12031001600,Black,11/2023,2,4.6,2025-04-12
Census Tract,12031001600,Black,12/2023,3,4.2,2025-04-12
Census Tract,12031001600,Black,01/2024,3,3.2,2025-04-12
Census Tract,12031001600,Black,02/2024,1,2.8,2025-04-12
Census Tract,12031001600,Black,03/2024,4,2,2025-04-12
Census Tract,12031001600,Black,04/2024,3,3,2025-04-12
Census Tract,12031001600,Black,05/2024,6,3.4,2025-04-12
Census Tract,12031001600,Black,06/2024,3,4.4,2025-04-12
Census Tract,12031001600,Black,07/2024,3,3,2025-04-12
Census Tract,12031001600,Black,08/2024,5,5.6,2025-04-12
Census Tract,12031001600,Black,09/2024,6,4.6,2025-04-12
Census Tract,12031001600,Black,10/2024,6,3.8,2025-04-12
Census Tract,12031001600,Black,11/2024,5,4.6,2025-04-12
Census Tract,12031001600,Black,12/2024,5,4.2,2025-04-12
Census Tract,12031001600,Black,01/2025,5,3.2,2025-04-12
Census Tract,12031001600,Black,02/2025,1,2.8,2025-04-12
Census Tract,12031001600,Black,03/2025,3,2,2025-04-12
Census Tract,12031001600,Black,04/2025,0,0.6,2025-04-12
Census Tract,12031002101,White,01/2020,1,2.8,2025-04-12
Census Tract,12031002101,White,02/2020,1,1.2,2025-04-12
Census Tract,12031002101,White,03/2020,0,2,2025-04-12
Census Tract,12031002101,White,04/2020,0,1.8,2025-04-12
Census Tract,12031002101,White,05/2020,0,1,2025-04-12
Census Tract,12031002101,White,06/2020,1,3.4,2025-04-12
Census Tract,12031002101,White,07/2020,0,2.6,2025-04-12
Census Tract,12031002101,White,08/2020,2,2,2025-04-12
Census Tract,12031002101,White,09/2020,5,2.2,2025-04-12
Census Tract,12031002101,White,10/2020,1,3.2,2025-04-12
Census Tract,12031002101,White,11/2020,2,4,2025-04-12
Census Tract,12031002101,White,12/2020,0,0.6,2025-04-12
Census Tract,12031002101,White,01/2021,1,2.8,2025-04-12
Census Tract,12031002101,White,02/2021,2,1.2,2025-04-12
Census Tract,12031002101,White,03/2021,2,2,2025-04-12
Census Tract,12031002101,White,04/2021,0,1.8,2025-04-12
Census Tract,12031002101,White,05/2021,0,1,2025-04-12
Census Tract,12031002101,White,06/2021,1,3.4,2025-04-12
Census Tract,12031002101,White,07/2021,1,2.6,2025-04-12
Census Tract,12031002101,White,08/2021,1,2,2025-04-12
Census Tract,12031002101,White,09/2021,0,2.2,2025-04-12
Census Tract,12031002101,White,10/2021,0,3.2,2025-04-12
Census Tract,12031002101,White,11/2021,2,4,2025-04-12
Census Tract,12031002101,White,12/2021,0,0.6,2025-04-12
Census Tract,12031002101,White,01/2022,0,2.8,2025-04-12
Census Tract,12031002101,White,02/2022,3,1.2,2025-04-12
Census Tract,12031002101,White,03/2022,3,2,2025-04-12
Census Tract,12031002101,White,04/2022,1,1.8,2025-04-12
Census Tract,12031002101,White,05/2022,0,1,2025-04-12
Census Tract,12031002101,White,06/2022,0,3.4,2025-04-12
Census Tract,12031002101,White,07/2022,0,2.6,2025-04-12
Census Tract,12031002101,White,08/2022,1,2,2025-04-12
Census Tract,12031002101,White,09/2022,0,2.2,2025-04-12
Census Tract,12031002101,White,10/2022,1,3.2,2025-04-12
Census Tract,12031002101,White,11/2022,1,4,2025-04-12
Census Tract,12031002101,White,12/2022,0,0.6,2025-04-12
Census Tract,12031002101,White,01/2023,1,2.8,2025-04-12
Census Tract,12031002101,White,02/2023,3,1.2,2025-04-12
Census Tract,12031002101,White,03/2023,1,2,2025-04-12
Census Tract,12031002101,White,04/2023,1,1.8,2025-04-12
Census Tract,12031002101,White,05/2023,0,1,2025-04-12
Census Tract,12031002101,White,06/2023,0,3.4,2025-04-12
Census Tract,12031002101,White,07/2023,1,2.6,2025-04-12
Census Tract,12031002101,White,08/2023,1,2,2025-04-12
Census Tract,12031002101,White,09/2023,1,2.2,2025-04-12
Census Tract,12031002101,White,10/2023,1,3.2,2025-04-12
Census Tract,12031002101,White,11/2023,3,4,2025-04-12
Census Tract,12031002101,White,12/2023,1,0.6,2025-04-12
Census Tract,12031002101,White,01/2024,0,2.8,2025-04-12
Census Tract,12031002101,White,02/2024,2,1.2,2025-04-12
Census Tract,12031002101,White,03/2024,0,2,2025-04-12
Census Tract,12031002101,White,04/2024,0,1.8,2025-04-12
Census Tract,12031002101,White,05/2024,0,1,2025-04-12
Census Tract,12031002101,White,06/2024,3,3.4,2025-04-12
Census Tract,12031002101,White,07/2024,1,2.6,2025-04-12
Census Tract,12031002101,White,08/2024,1,2,2025-04-12
Census Tract,12031002101,White,09/2024,0,2.2,2025-04-12
Census Tract,12031002101,White,10/2024,1,3.2,2025-04-12
Census Tract,12031002101,White,11/2024,0,4,2025-04-12
Census Tract,12031002101,White,12/2024,2,0.6,2025-04-12
Census Tract,12031002101,White,01/2025,1,2.8,2025-04-12
Census Tract,12031002101,White,02/2025,2,1.2,2025-04-12
Census Tract,12031002101,White,03/2025,0,2,2025-04-12
Census Tract,12031002101,White,04/2025,0,1,2025-04-12
Census Tract,12031002102,White,01/2020,1,1.2,2025-04-12
Census Tract,12031002102,White,02/2020,0,2,2025-04-12
Census Tract,12031002102,White,03/2020,0,0.6,2025-04-12
Census Tract,12031002102,White,04/2020,0,0.8,2025-04-12
Census Tract,12031002102,White,05/2020,0,1.6,2025-04-12
Census Tract,12031002102,White,06/2020,0,1.8,2025-04-12
Census Tract,12031002102,White,07/2020,0,1.4,2025-04-12
Census Tract,12031002102,White,08/2020,2,0.8,2025-04-12
Census Tract,12031002102,White,09/2020,3,1.2,2025-04-12
Census Tract,12031002102,White,10/2020,2,2.4,2025-04-12
Census Tract,12031002102,White,11/2020,0,1,2025-04-12
Census Tract,12031002102,White,12/2020,2,2,2025-04-12
Census Tract,12031002102,White,01/2021,3,1.2,2025-04-12
Census Tract,12031002102,White,02/2021,1,2,2025-04-12
Census Tract,12031002102,White,03/2021,1,0.6,2025-04-12
Census Tract,12031002102,White,04/2021,2,0.8,2025-04-12
Census Tract,12031002102,White,05/2021,0,1.6,2025-04-12
Census Tract,12031002102,White,06/2021,0,1.8,2025-04-12
Census Tract,12031002102,White,07/2021,1,1.4,2025-04-12
Census Tract,12031002102,White,08/2021,3,0.8,2025-04-12
Census Tract,12031002102,White,09/2021,1,1.2,2025-04-12
Census Tract,12031002102,White,10/2021,1,2.4,2025-04-12
Census Tract,12031002102,White,11/2021,0,1,2025-04-12
Census Tract,12031002102,White,12/2021,3,2,2025-04-12
Census Tract,12031002102,White,01/2022,4,1.2,2025-04-12
Census Tract,12031002102,White,02/2022,3,2,2025-04-12
Census Tract,12031002102,White,03/2022,2,0.6,2025-04-12
Census Tract,12031002102,White,04/2022,0,0.8,2025-04-12
Census Tract,12031002102,White,05/2022,2,1.6,2025-04-12
Census Tract,12031002102,White,06/2022,1,1.8,2025-04-12
Census Tract,12031002102,White,07/2022,2,1.4,2025-04-12
Census Tract,12031002102,White,08/2022,0,0.8,2025-04-12
Census Tract,12031002102,White,09/2022,0,1.2,2025-04-12
Census Tract,12031002102,White,10/2022,2,2.4,2025-04-12
Census Tract,12031002102,White,11/2022,0,1,2025-04-12
Census Tract,12031002102,White,12/2022,0,2,2025-04-12
Census Tract,12031002102,White,01/2023,0,1.2,2025-04-12
Census Tract,12031002102,White,02/2023,0,2,2025-04-12
Census Tract,12031002102,White,03/2023,0,0.6,2025-04-12
Census Tract,12031002102,White,04/2023,2,0.8,2025-04-12
Census Tract,12031002102,White,05/2023,1,1.6,2025-04-12
Census Tract,12031002102,White,06/2023,2,1.8,2025-04-12
Census Tract,12031002102,White,07/2023,0,1.4,2025-04-12
Census Tract,12031002102,White,08/2023,1,0.8,2025-04-12
Census Tract,12031002102,White,09/2023,0,1.2,2025-04-12
Census Tract,12031002102,White,10/2023,1,2.4,2025-04-12
Census Tract,12031002102,White,11/2023,2,1,2025-04-12
Census Tract,12031002102,White,12/2023,2,2,2025-04-12
Census Tract,12031002102,White,01/2024,2,1.2,2025-04-12
Census Tract,12031002102,White,02/2024,4,2,2025-04-12
Census Tract,12031002102,White,03/2024,1,0.6,2025-04-12
Census Tract,12031002102,White,04/2024,1,0.8,2025-04-12
Census Tract,12031002102,White,05/2024,4,1.6,2025-04-12
Census Tract,12031002102,White,06/2024,1,1.8,2025-04-12
Census Tract,12031002102,White,07/2024,1,1.4,2025-04-12
Census Tract,12031002102,White,08/2024,0,0.8,2025-04-12
Census Tract,12031002102,White,09/2024,1,1.2,2025-04-12
Census Tract,12031002102,White,10/2024,2,2.4,2025-04-12
Census Tract,12031002102,White,11/2024,1,1,2025-04-12
Census Tract,12031002102,White,12/2024,0,2,2025-04-12
Census Tract,12031002102,White,01/2025,1,1.2,2025-04-12
Census Tract,12031002102,White,02/2025,0,2,2025-04-12
Census Tract,12031002102,White,03/2025,0,0.6,2025-04-12
Census Tract,12031002102,White,04/2025,0,0,2025-04-12
Census Tract,12031002200,White,01/2020,1,1.4,2025-04-12
Census Tract,12031002200,White,02/2020,1,0.8,2025-04-12
Census Tract,12031002200,White,03/2020,2,0.8,2025-04-12
Census Tract,12031002200,White,04/2020,0,0.6,2025-04-12
Census Tract,12031002200,White,05/2020,0,0,2025-04-12
Census Tract,12031002200,White,06/2020,0,0.8,2025-04-12
Census Tract,12031002200,White,07/2020,1,2,2025-04-12
Census Tract,12031002200,White,08/2020,0,1.2,2025-04-12
Census Tract,12031002200,White,09/2020,1,1,2025-04-12
Census Tract,12031002200,White,10/2020,0,1.4,2025-04-12
Census Tract,12031002200,White,11/2020,2,1,2025-04-12
Census Tract,12031002200,White,12/2020,3,1.4,2025-04-12
Census Tract,12031002200,White,01/2021,0,1.4,2025-04-12
Census Tract,12031002200,White,02/2021,1,0.8,2025-04-12
Census Tract,12031002200,White,03/2021,1,0.8,2025-04-12
Census Tract,12031002200,White,04/2021,0,0.6,2025-04-12
Census Tract,12031002200,White,05/2021,1,0,2025-04-12
Census Tract,12031002200,White,06/2021,2,0.8,2025-04-12
Census Tract,12031002200,White,07/2021,0,2,2025-04-12
Census Tract,12031002200,White,08/2021,0,1.2,2025-04-12
Census Tract,12031002200,White,09/2021,3,1,2025-04-12
Census Tract,12031002200,White,10/2021,1,1.4,2025-04-12
Census Tract,12031002200,White,11/2021,1,1,2025-04-12
Census Tract,12031002200,White,12/2021,0,1.4,2025-04-12
Census Tract,12031002200,White,01/2022,1,1.4,2025-04-12
Census Tract,12031002200,White,02/2022,2,0.8,2025-04-12
Census Tract,12031002200,White,03/2022,0,0.8,2025-04-12
Census Tract,12031002200,White,04/2022,2,0.6,2025-04-12
Census Tract,12031002200,White,05/2022,0,0,2025-04-12
Census Tract,12031002200,White,06/2022,1,0.8,2025-04-12
Census Tract,12031002200,White,07/2022,1,2,2025-04-12
Census Tract,12031002200,White,08/2022,2,1.2,2025-04-12
Census Tract,12031002200,White,09/2022,0,1,2025-04-12
Census Tract,12031002200,White,10/2022,1,1.4,2025-04-12
Census Tract,12031002200,White,11/2022,1,1,2025-04-12
Census Tract,12031002200,White,12/2022,0,1.4,2025-04-12
Census Tract,12031002200,White,01/2023,1,1.4,2025-04-12
Census Tract,12031002200,White,02/2023,0,0.8,2025-04-12
Census Tract,12031002200,White,03/2023,1,0.8,2025-04-12
Census Tract,12031002200,White,04/2023,0,0.6,2025-04-12
Census Tract,12031002200,White,05/2023,1,0,2025-04-12
Census Tract,12031002200,White,06/2023,1,0.8,2025-04-12
Census Tract,12031002200,White,07/2023,1,2,2025-04-12
Census Tract,12031002200,White,08/2023,0,1.2,2025-04-12
Census Tract,12031002200,White,09/2023,0,1,2025-04-12
Census Tract,12031002200,White,10/2023,0,1.4,2025-04-12
Census Tract,12031002200,White,11/2023,1,1,2025-04-12
Census Tract,12031002200,White,12/2023,0,1.4,2025-04-12
Census Tract,12031002200,White,01/2024,0,1.4,2025-04-12
Census Tract,12031002200,White,02/2024,0,0.8,2025-04-12
Census Tract,12031002200,White,03/2024,0,0.8,2025-04-12
Census Tract,12031002200,White,04/2024,0,0.6,2025-04-12
Census Tract,12031002200,White,05/2024,2,0,2025-04-12
Census Tract,12031002200,White,06/2024,0,0.8,2025-04-12
Census Tract,12031002200,White,07/2024,1,2,2025-04-12
Census Tract,12031002200,White,08/2024,1,1.2,2025-04-12
Census Tract,12031002200,White,09/2024,0,1,2025-04-12
Census Tract,12031002200,White,10/2024,3,1.4,2025-04-12
Census Tract,12031002200,White,11/2024,2,1,2025-04-12
Census Tract,12031002200,White,12/2024,0,1.4,2025-04-12
Census Tract,12031002200,White,01/2025,1,1.4,2025-04-12
Census Tract,12031002200,White,02/2025,0,0.8,2025-04-12
Census Tract,12031002200,White,03/2025,0,0.8,2025-04-12
Census Tract,12031002200,White,04/2025,0,0.2,2025-04-12
Census Tract,12031002300,White,01/2020,0,0.2,2025-04-12
Census Tract,12031002300,White,02/2020,0,0.2,2025-04-12
Census Tract,12031002300,White,03/2020,0,0.2,2025-04-12
Census Tract,12031002300,White,04/2020,0,0.4,2025-04-12
Census Tract,12031002300,White,05/2020,0,0.6,2025-04-12
Census Tract,12031002300,White,06/2020,1,0,2025-04-12
Census Tract,12031002300,White,07/2020,0,0.6,2025-04-12
Census Tract,12031002300,White,08/2020,0,0.2,2025-04-12
Census Tract,12031002300,White,09/2020,1,0.8,2025-04-12
Census Tract,12031002300,White,10/2020,0,0.2,2025-04-12
Census Tract,12031002300,White,11/2020,0,0.2,2025-04-12
Census Tract,12031002300,White,12/2020,0,0,2025-04-12
Census Tract,12031002300,White,01/2021,0,0.2,2025-04-12
Census Tract,12031002300,White,02/2021,0,0.2,2025-04-12
Census Tract,12031002300,White,03/2021,0,0.2,2025-04-12
Census Tract,12031002300,White,04/2021,0,0.4,2025-04-12
Census Tract,12031002300,White,05/2021,0,0.6,2025-04-12
Census Tract,12031002300,White,06/2021,0,0,2025-04-12
Census Tract,12031002300,White,07/2021,0,0.6,2025-04-12
Census Tract,12031002300,White,08/2021,0,0.2,2025-04-12
Census Tract,12031002300,White,09/2021,0,0.8,2025-04-12
Census Tract,12031002300,White,10/2021,0,0.2,2025-04-12
Census Tract,12031002300,White,11/2021,0,0.2,2025-04-12
Census Tract,12031002300,White,12/2021,0,0,2025-04-12
Census Tract,12031002300,White,01/2022,0,0.2,2025-04-12
Census Tract,12031002300,White,02/2022,1,0.2,2025-04-12
Census Tract,12031002300,White,03/2022,0,0.2,2025-04-12
Census Tract,12031002300,White,04/2022,0,0.4,2025-04-12
Census Tract,12031002300,White,05/2022,0,0.6,2025-04-12
Census Tract,12031002300,White,06/2022,0,0,2025-04-12
Census Tract,12031002300,White,07/2022,1,0.6,2025-04-12
Census Tract,12031002300,White,08/2022,0,0.2,2025-04-12
Census Tract,12031002300,White,09/2022,0,0.8,2025-04-12
Census Tract,12031002300,White,10/2022,0,0.2,2025-04-12
Census Tract,12031002300,White,11/2022,0,0.2,2025-04-12
Census Tract,12031002300,White,12/2022,0,0,2025-04-12
Census Tract,12031002300,White,01/2023,1,0.2,2025-04-12
Census Tract,12031002300,White,02/2023,0,0.2,2025-04-12
Census Tract,12031002300,White,03/2023,0,0.2,2025-04-12
Census Tract,12031002300,White,04/2023,0,0.4,2025-04-12
Census Tract,12031002300,White,05/2023,2,0.6,2025-04-12
Census Tract,12031002300,White,06/2023,0,0,2025-04-12
Census Tract,12031002300,White,07/2023,0,0.6,2025-04-12
Census Tract,12031002300,White,08/2023,0,0.2,2025-04-12
Census Tract,12031002300,White,09/2023,1,0.8,2025-04-12
Census Tract,12031002300,White,10/2023,0,0.2,2025-04-12
Census Tract,12031002300,White,11/2023,0,0.2,2025-04-12
Census Tract,12031002300,White,12/2023,0,0,2025-04-12
Census Tract,12031002300,White,01/2024,0,0.2,2025-04-12
Census Tract,12031002300,White,02/2024,0,0.2,2025-04-12
Census Tract,12031002300,White,03/2024,1,0.2,2025-04-12
Census Tract,12031002300,White,04/2024,0,0.4,2025-04-12
Census Tract,12031002300,White,05/2024,1,0.6,2025-04-12
Census Tract,12031002300,White,06/2024,0,0,2025-04-12
Census Tract,12031002300,White,07/2024,1,0.6,2025-04-12
Census Tract,12031002300,White,08/2024,1,0.2,2025-04-12
Census Tract,12031002300,White,09/2024,1,0.8,2025-04-12
Census Tract,12031002300,White,10/2024,0,0.2,2025-04-12
Census Tract,12031002300,White,11/2024,0,0.2,2025-04-12
Census Tract,12031002300,White,12/2024,1,0,2025-04-12
Census Tract,12031002300,White,01/2025,1,0.2,2025-04-12
Census Tract,12031002300,White,02/2025,0,0.2,2025-04-12
Census Tract,12031002300,White,03/2025,0,0.2,2025-04-12
Census Tract,12031002300,White,04/2025,0,0,2025-04-12
Census Tract,12031002400,White,01/2020,0,0.2,2025-04-12
Census Tract,12031002400,White,02/2020,0,0.2,2025-04-12
Census Tract,12031002400,White,03/2020,0,0.2,2025-04-12
Census Tract,12031002400,White,04/2020,0,0,2025-04-12
Census Tract,12031002400,White,05/2020,0,0,2025-04-12
Census Tract,12031002400,White,06/2020,0,0.2,2025-04-12
Census Tract,12031002400,White,07/2020,0,0.2,2025-04-12
Census Tract,12031002400,White,08/2020,0,0,2025-04-12
Census Tract,12031002400,White,09/2020,0,0,2025-04-12
Census Tract,12031002400,White,10/2020,0,0,2025-04-12
Census Tract,12031002400,White,11/2020,0,0,2025-04-12
Census Tract,12031002400,White,12/2020,0,0,2025-04-12
Census Tract,12031002400,White,01/2021,0,0.2,2025-04-12
Census Tract,12031002400,White,02/2021,0,0.2,2025-04-12
Census Tract,12031002400,White,03/2021,0,0.2,2025-04-12
Census Tract,12031002400,White,04/2021,0,0,2025-04-12
Census Tract,12031002400,White,05/2021,0,0,2025-04-12
Census Tract,12031002400,White,06/2021,0,0.2,2025-04-12
Census Tract,12031002400,White,07/2021,0,0.2,2025-04-12
Census Tract,12031002400,White,08/2021,0,0,2025-04-12
Census Tract,12031002400,White,09/2021,0,0,2025-04-12
Census Tract,12031002400,White,10/2021,0,0,2025-04-12
Census Tract,12031002400,White,11/2021,0,0,2025-04-12
Census Tract,12031002400,White,12/2021,0,0,2025-04-12
Census Tract,12031002400,White,01/2022,0,0.2,2025-04-12
Census Tract,12031002400,White,02/2022,1,0.2,2025-04-12
Census Tract,12031002400,White,03/2022,0,0.2,2025-04-12
Census Tract,12031002400,White,04/2022,1,0,2025-04-12
Census Tract,12031002400,White,05/2022,0,0,2025-04-12
Census Tract,12031002400,White,06/2022,0,0.2,2025-04-12
Census Tract,12031002400,White,07/2022,0,0.2,2025-04-12
Census Tract,12031002400,White,08/2022,0,0,2025-04-12
Census Tract,12031002400,White,09/2022,0,0,2025-04-12
Census Tract,12031002400,White,10/2022,0,0,2025-04-12
Census Tract,12031002400,White,11/2022,0,0,2025-04-12
Census Tract,12031002400,White,12/2022,0,0,2025-04-12
Census Tract,12031002400,White,01/2023,0,0.2,2025-04-12
Census Tract,12031002400,White,02/2023,0,0.2,2025-04-12
Census Tract,12031002400,White,03/2023,0,0.2,2025-04-12
Census Tract,12031002400,White,04/2023,0,0,2025-04-12
Census Tract,12031002400,White,05/2023,0,0,2025-04-12
Census Tract,12031002400,White,06/2023,1,0.2,2025-04-12
Census Tract,12031002400,White,07/2023,0,0.2,2025-04-12
Census Tract,12031002400,White,08/2023,0,0,2025-04-12
Census Tract,12031002400,White,09/2023,0,0,2025-04-12
Census Tract,12031002400,White,10/2023,0,0,2025-04-12
Census Tract,12031002400,White,11/2023,1,0,2025-04-12
Census Tract,12031002400,White,12/2023,0,0,2025-04-12
Census Tract,12031002400,White,01/2024,0,0.2,2025-04-12
Census Tract,12031002400,White,02/2024,0,0.2,2025-04-12
Census Tract,12031002400,White,03/2024,0,0.2,2025-04-12
Census Tract,12031002400,White,04/2024,0,0,2025-04-12
Census Tract,12031002400,White,05/2024,0,0,2025-04-12
Census Tract,12031002400,White,06/2024,0,0.2,2025-04-12
Census Tract,12031002400,White,07/2024,0,0.2,2025-04-12
Census Tract,12031002400,White,08/2024,0,0,2025-04-12
Census Tract,12031002400,White,09/2024,0,0,2025-04-12
Census Tract,12031002400,White,10/2024,0,0,2025-04-12
Census Tract,12031002400,White,11/2024,0,0,2025-04-12
Census Tract,12031002400,White,12/2024,0,0,2025-04-12
Census Tract,12031002400,White,01/2025,0,0.2,2025-04-12
Census Tract,12031002400,White,02/2025,0,0.2,2025-04-12
Census Tract,12031002400,White,03/2025,0,0.2,2025-04-12
Census Tract,12031002400,White,04/2025,0,0,2025-04-12
Census Tract,12031002501,White,01/2020,6,8.8,2025-04-12
Census Tract,12031002501,White,02/2020,6,6.6,2025-04-12
Census Tract,12031002501,White,03/2020,6,4.8,2025-04-12
Census Tract,12031002501,White,04/2020,0,7.8,2025-04-12
Census Tract,12031002501,White,05/2020,0,6.6,2025-04-12
Census Tract,12031002501,White,06/2020,0,8,2025-04-12
Census Tract,12031002501,White,07/2020,0,8.4,2025-04-12
Census Tract,12031002501,White,08/2020,7,7.4,2025-04-12
Census Tract,12031002501,White,09/2020,5,6.4,2025-04-12
Census Tract,12031002501,White,10/2020,9,7.6,2025-04-12
Census Tract,12031002501,White,11/2020,5,6.4,2025-04-12
Census Tract,12031002501,White,12/2020,3,8,2025-04-12
Census Tract,12031002501,White,01/2021,5,8.8,2025-04-12
Census Tract,12031002501,White,02/2021,5,6.2,2025-04-12
Census Tract,12031002501,White,03/2021,4,4.8,2025-04-12
Census Tract,12031002501,White,04/2021,6,7.8,2025-04-12
Census Tract,12031002501,White,05/2021,0,6.6,2025-04-12
Census Tract,12031002501,White,06/2021,5,8,2025-04-12
Census Tract,12031002501,White,07/2021,4,8.4,2025-04-12
Census Tract,12031002501,White,08/2021,3,7.4,2025-04-12
Census Tract,12031002501,White,09/2021,6,6.4,2025-04-12
Census Tract,12031002501,White,10/2021,3,7.6,2025-04-12
Census Tract,12031002501,White,11/2021,3,6.4,2025-04-12
Census Tract,12031002501,White,12/2021,3,8,2025-04-12
Census Tract,12031002501,White,01/2022,4,8.8,2025-04-12
Census Tract,12031002501,White,02/2022,5,6.2,2025-04-12
Census Tract,12031002501,White,03/2022,3,4.8,2025-04-12
Census Tract,12031002501,White,04/2022,2,7.8,2025-04-12
Census Tract,12031002501,White,05/2022,2,6.6,2025-04-12
Census Tract,12031002501,White,06/2022,3,8,2025-04-12
Census Tract,12031002501,White,07/2022,7,8.4,2025-04-12
Census Tract,12031002501,White,08/2022,5,7.4,2025-04-12
Census Tract,12031002501,White,09/2022,5,6.4,2025-04-12
Census Tract,12031002501,White,10/2022,4,7.6,2025-04-12
Census Tract,12031002501,White,11/2022,3,6.4,2025-04-12
Census Tract,12031002501,White,12/2022,4,8,2025-04-12
Census Tract,12031002501,White,01/2023,3,8.8,2025-04-12
Census Tract,12031002501,White,02/2023,5,6.2,2025-04-12
Census Tract,12031002501,White,03/2023,0,4.8,2025-04-12
Census Tract,12031002501,White,04/2023,2,7.8,2025-04-12
Census Tract,12031002501,White,05/2023,4,6.6,2025-04-12
Census Tract,12031002501,White,06/2023,6,8,2025-04-12
Census Tract,12031002501,White,07/2023,2,8.4,2025-04-12
Census Tract,12031002501,White,08/2023,5,7.4,2025-04-12
Census Tract,12031002501,White,09/2023,5,6.4,2025-04-12
Census Tract,12031002501,White,10/2023,2,7.6,2025-04-12
Census Tract,12031002501,White,11/2023,1,6.4,2025-04-12
Census Tract,12031002501,White,12/2023,7,8,2025-04-12
Census Tract,12031002501,White,01/2024,1,8.8,2025-04-12
Census Tract,12031002501,White,02/2024,3,6.6,2025-04-12
Census Tract,12031002501,White,03/2024,5,4.8,2025-04-12
Census Tract,12031002501,White,04/2024,1,7.8,2025-04-12
Census Tract,12031002501,White,05/2024,6,6.6,2025-04-12
Census Tract,12031002501,White,06/2024,2,8,2025-04-12
Census Tract,12031002501,White,07/2024,7,8.4,2025-04-12
Census Tract,12031002501,White,08/2024,2,7.4,2025-04-12
Census Tract,12031002501,White,09/2024,4,6.4,2025-04-12
Census Tract,12031002501,White,10/2024,5,7.6,2025-04-12
Census Tract,12031002501,White,11/2024,0,6.4,2025-04-12
Census Tract,12031002501,White,12/2024,1,8,2025-04-12
Census Tract,12031002501,White,01/2025,2,8.8,2025-04-12
Census Tract,12031002501,White,02/2025,5,6.2,2025-04-12
Census Tract,12031002501,White,03/2025,6,4.8,2025-04-12
Census Tract,12031002501,White,04/2025,1,3,2025-04-12
Census Tract,12031002502,White,01/2020,3,2.2,2025-04-12
Census Tract,12031002502,White,02/2020,1,2.6,2025-04-12
Census Tract,12031002502,White,03/2020,2,1.4,2025-04-12
Census Tract,12031002502,White,04/2020,1,2.8,2025-04-12
Census Tract,12031002502,White,05/2020,0,3.6,2025-04-12
Census Tract,12031002502,White,06/2020,0,2.4,2025-04-12
Census Tract,12031002502,White,07/2020,0,2.2,2025-04-12
Census Tract,12031002502,White,08/2020,2,1.6,2025-04-12
Census Tract,12031002502,White,09/2020,1,2,2025-04-12
Census Tract,12031002502,White,10/2020,1,3.6,2025-04-12
Census Tract,12031002502,White,11/2020,2,0.6,2025-04-12
Census Tract,12031002502,White,12/2020,1,2.4,2025-04-12
Census Tract,12031002502,White,01/2021,4,2.2,2025-04-12
Census Tract,12031002502,White,02/2021,0,2.6,2025-04-12
Census Tract,12031002502,White,03/2021,0,1.4,2025-04-12
Census Tract,12031002502,White,04/2021,1,2.8,2025-04-12
Census Tract,12031002502,White,05/2021,0,3.6,2025-04-12
Census Tract,12031002502,White,06/2021,1,2.4,2025-04-12
Census Tract,12031002502,White,07/2021,0,2.2,2025-04-12
Census Tract,12031002502,White,08/2021,4,1.6,2025-04-12
Census Tract,12031002502,White,09/2021,1,2,2025-04-12
Census Tract,12031002502,White,10/2021,0,3.6,2025-04-12
Census Tract,12031002502,White,11/2021,0,0.6,2025-04-12
Census Tract,12031002502,White,12/2021,2,2.4,2025-04-12
Census Tract,12031002502,White,01/2022,3,2.2,2025-04-12
Census Tract,12031002502,White,02/2022,2,2.6,2025-04-12
Census Tract,12031002502,White,03/2022,1,1.4,2025-04-12
Census Tract,12031002502,White,04/2022,0,2.8,2025-04-12
Census Tract,12031002502,White,05/2022,0,3.6,2025-04-12
Census Tract,12031002502,White,06/2022,0,2.4,2025-04-12
Census Tract,12031002502,White,07/2022,6,2.2,2025-04-12
Census Tract,12031002502,White,08/2022,4,1.6,2025-04-12
Census Tract,12031002502,White,09/2022,5,2,2025-04-12
Census Tract,12031002502,White,10/2022,5,3.6,2025-04-12
Census Tract,12031002502,White,11/2022,1,0.6,2025-04-12
Census Tract,12031002502,White,12/2022,5,2.4,2025-04-12
Census Tract,12031002502,White,01/2023,2,2.2,2025-04-12
Census Tract,12031002502,White,02/2023,7,2.6,2025-04-12
Census Tract,12031002502,White,03/2023,1,1.4,2025-04-12
Census Tract,12031002502,White,04/2023,1,2.8,2025-04-12
Census Tract,12031002502,White,05/2023,4,3.6,2025-04-12
Census Tract,12031002502,White,06/2023,0,2.4,2025-04-12
Census Tract,12031002502,White,07/2023,3,2.2,2025-04-12
Census Tract,12031002502,White,08/2023,6,1.6,2025-04-12
Census Tract,12031002502,White,09/2023,3,2,2025-04-12
Census Tract,12031002502,White,10/2023,0,3.6,2025-04-12
Census Tract,12031002502,White,11/2023,2,0.6,2025-04-12
Census Tract,12031002502,White,12/2023,1,2.4,2025-04-12
Census Tract,12031002502,White,01/2024,6,2.2,2025-04-12
Census Tract,12031002502,White,02/2024,3,2.6,2025-04-12
Census Tract,12031002502,White,03/2024,4,1.4,2025-04-12
Census Tract,12031002502,White,04/2024,2,2.8,2025-04-12
Census Tract,12031002502,White,05/2024,4,3.6,2025-04-12
Census Tract,12031002502,White,06/2024,3,2.4,2025-04-12
Census Tract,12031002502,White,07/2024,5,2.2,2025-04-12
Census Tract,12031002502,White,08/2024,6,1.6,2025-04-12
Census Tract,12031002502,White,09/2024,1,2,2025-04-12
Census Tract,12031002502,White,10/2024,7,3.6,2025-04-12
Census Tract,12031002502,White,11/2024,3,0.6,2025-04-12
Census Tract,12031002502,White,12/2024,1,2.4,2025-04-12
Census Tract,12031002502,White,01/2025,8,2.2,2025-04-12
Census Tract,12031002502,White,02/2025,2,2.6,2025-04-12
Census Tract,12031002502,White,03/2025,2,1.4,2025-04-12
Census Tract,12031002502,White,04/2025,0,0.8,2025-04-12
Census Tract,12031002600,Black,01/2020,5,7.6,2025-04-12
Census Tract,12031002600,Black,02/2020,4,5.8,2025-04-12
Census Tract,12031002600,Black,03/2020,2,6.2,2025-04-12
Census Tract,12031002600,Black,04/2020,0,6.4,2025-04-12
Census Tract,12031002600,Black,05/2020,0,4,2025-04-12
Census Tract,12031002600,Black,06/2020,2,7.8,2025-04-12
Census Tract,12031002600,Black,07/2020,1,8.2,2025-04-12
Census Tract,12031002600,Black,08/2020,15,6,2025-04-12
Census Tract,12031002600,Black,09/2020,9,4.4,2025-04-12
Census Tract,12031002600,Black,10/2020,5,7.6,2025-04-12
Census Tract,12031002600,Black,11/2020,7,5,2025-04-12
Census Tract,12031002600,Black,12/2020,3,5.4,2025-04-12
Census Tract,12031002600,Black,01/2021,11,7.6,2025-04-12
Census Tract,12031002600,Black,02/2021,4,5.8,2025-04-12
Census Tract,12031002600,Black,03/2021,1,6.2,2025-04-12
Census Tract,12031002600,Black,04/2021,2,6.4,2025-04-12
Census Tract,12031002600,Black,05/2021,4,4,2025-04-12
Census Tract,12031002600,Black,06/2021,6,7.8,2025-04-12
Census Tract,12031002600,Black,07/2021,4,8.2,2025-04-12
Census Tract,12031002600,Black,08/2021,7,6,2025-04-12
Census Tract,12031002600,Black,09/2021,8,4.4,2025-04-12
Census Tract,12031002600,Black,10/2021,4,7.6,2025-04-12
Census Tract,12031002600,Black,11/2021,9,5,2025-04-12
Census Tract,12031002600,Black,12/2021,5,5.4,2025-04-12
Census Tract,12031002600,Black,01/2022,2,7.6,2025-04-12
Census Tract,12031002600,Black,02/2022,6,5.8,2025-04-12
Census Tract,12031002600,Black,03/2022,1,6.2,2025-04-12
Census Tract,12031002600,Black,04/2022,3,6.4,2025-04-12
Census Tract,12031002600,Black,05/2022,7,4,2025-04-12
Census Tract,12031002600,Black,06/2022,7,7.8,2025-04-12
Census Tract,12031002600,Black,07/2022,7,8.2,2025-04-12
Census Tract,12031002600,Black,08/2022,9,6,2025-04-12
Census Tract,12031002600,Black,09/2022,7,4.4,2025-04-12
Census Tract,12031002600,Black,10/2022,6,7.6,2025-04-12
Census Tract,12031002600,Black,11/2022,8,5,2025-04-12
Census Tract,12031002600,Black,12/2022,5,5.4,2025-04-12
Census Tract,12031002600,Black,01/2023,4,7.6,2025-04-12
Census Tract,12031002600,Black,02/2023,5,5.8,2025-04-12
Census Tract,12031002600,Black,03/2023,5,6.2,2025-04-12
Census Tract,12031002600,Black,04/2023,9,6.4,2025-04-12
Census Tract,12031002600,Black,05/2023,8,4,2025-04-12
Census Tract,12031002600,Black,06/2023,11,7.8,2025-04-12
Census Tract,12031002600,Black,07/2023,5,8.2,2025-04-12
Census Tract,12031002600,Black,08/2023,7,6,2025-04-12
Census Tract,12031002600,Black,09/2023,6,4.4,2025-04-12
Census Tract,12031002600,Black,10/2023,8,7.6,2025-04-12
Census Tract,12031002600,Black,11/2023,5,5,2025-04-12
Census Tract,12031002600,Black,12/2023,4,5.4,2025-04-12
Census Tract,12031002600,Black,01/2024,3,7.6,2025-04-12
Census Tract,12031002600,Black,02/2024,6,5.8,2025-04-12
Census Tract,12031002600,Black,03/2024,4,6.2,2025-04-12
Census Tract,12031002600,Black,04/2024,7,6.4,2025-04-12
Census Tract,12031002600,Black,05/2024,4,4,2025-04-12
Census Tract,12031002600,Black,06/2024,2,7.8,2025-04-12
Census Tract,12031002600,Black,07/2024,7,8.2,2025-04-12
Census Tract,12031002600,Black,08/2024,5,6,2025-04-12
Census Tract,12031002600,Black,09/2024,11,4.4,2025-04-12
Census Tract,12031002600,Black,10/2024,7,7.6,2025-04-12
Census Tract,12031002600,Black,11/2024,4,5,2025-04-12
Census Tract,12031002600,Black,12/2024,9,5.4,2025-04-12
Census Tract,12031002600,Black,01/2025,10,7.6,2025-04-12
Census Tract,12031002600,Black,02/2025,4,5.8,2025-04-12
Census Tract,12031002600,Black,03/2025,4,6.2,2025-04-12
Census Tract,12031002600,Black,04/2025,0,1.8,2025-04-12
Census Tract,12031002701,Black,01/2020,3,5.4,2025-04-12
Census Tract,12031002701,Black,02/2020,5,2.4,2025-04-12
Census Tract,12031002701,Black,03/2020,2,2.8,2025-04-12
Census Tract,12031002701,Black,04/2020,0,2.6,2025-04-12
Census Tract,12031002701,Black,05/2020,0,5.4,2025-04-12
Census Tract,12031002701,Black,06/2020,0,6,2025-04-12
Census Tract,12031002701,Black,07/2020,0,6.2,2025-04-12
Census Tract,12031002701,Black,08/2020,8,4.6,2025-04-12
Census Tract,12031002701,Black,09/2020,7,5,2025-04-12
Census Tract,12031002701,Black,10/2020,10,3.6,2025-04-12
Census Tract,12031002701,Black,11/2020,3,3.2,2025-04-12
Census Tract,12031002701,Black,12/2020,1,4.6,2025-04-12
Census Tract,12031002701,Black,01/2021,3,5.4,2025-04-12
Census Tract,12031002701,Black,02/2021,6,2.2,2025-04-12
Census Tract,12031002701,Black,03/2021,3,2.8,2025-04-12
Census Tract,12031002701,Black,04/2021,3,2.6,2025-04-12
Census Tract,12031002701,Black,05/2021,3,5.4,2025-04-12
Census Tract,12031002701,Black,06/2021,2,6,2025-04-12
Census Tract,12031002701,Black,07/2021,2,6.2,2025-04-12
Census Tract,12031002701,Black,08/2021,3,4.6,2025-04-12
Census Tract,12031002701,Black,09/2021,4,5,2025-04-12
Census Tract,12031002701,Black,10/2021,6,3.6,2025-04-12
Census Tract,12031002701,Black,11/2021,2,3.2,2025-04-12
Census Tract,12031002701,Black,12/2021,4,4.6,2025-04-12
Census Tract,12031002701,Black,01/2022,7,5.4,2025-04-12
Census Tract,12031002701,Black,02/2022,6,2.2,2025-04-12
Census Tract,12031002701,Black,03/2022,3,2.8,2025-04-12
Census Tract,12031002701,Black,04/2022,5,2.6,2025-04-12
Census Tract,12031002701,Black,05/2022,1,5.4,2025-04-12
Census Tract,12031002701,Black,06/2022,6,6,2025-04-12
Census Tract,12031002701,Black,07/2022,5,6.2,2025-04-12
Census Tract,12031002701,Black,08/2022,5,4.6,2025-04-12
Census Tract,12031002701,Black,09/2022,8,5,2025-04-12
Census Tract,12031002701,Black,10/2022,8,3.6,2025-04-12
Census Tract,12031002701,Black,11/2022,5,3.2,2025-04-12
Census Tract,12031002701,Black,12/2022,9,4.6,2025-04-12
Census Tract,12031002701,Black,01/2023,2,5.4,2025-04-12
Census Tract,12031002701,Black,02/2023,9,2.2,2025-04-12
Census Tract,12031002701,Black,03/2023,9,2.8,2025-04-12
Census Tract,12031002701,Black,04/2023,7,2.6,2025-04-12
Census Tract,12031002701,Black,05/2023,1,5.4,2025-04-12
Census Tract,12031002701,Black,06/2023,7,6,2025-04-12
Census Tract,12031002701,Black,07/2023,4,6.2,2025-04-12
Census Tract,12031002701,Black,08/2023,7,4.6,2025-04-12
Census Tract,12031002701,Black,09/2023,6,5,2025-04-12
Census Tract,12031002701,Black,10/2023,7,3.6,2025-04-12
Census Tract,12031002701,Black,11/2023,6,3.2,2025-04-12
Census Tract,12031002701,Black,12/2023,8,4.6,2025-04-12
Census Tract,12031002701,Black,01/2024,6,5.4,2025-04-12
Census Tract,12031002701,Black,02/2024,9,2.4,2025-04-12
Census Tract,12031002701,Black,03/2024,8,2.8,2025-04-12
Census Tract,12031002701,Black,04/2024,6,2.6,2025-04-12
Census Tract,12031002701,Black,05/2024,5,5.4,2025-04-12
Census Tract,12031002701,Black,06/2024,4,6,2025-04-12
Census Tract,12031002701,Black,07/2024,10,6.2,2025-04-12
Census Tract,12031002701,Black,08/2024,7,4.6,2025-04-12
Census Tract,12031002701,Black,09/2024,4,5,2025-04-12
Census Tract,12031002701,Black,10/2024,5,3.6,2025-04-12
Census Tract,12031002701,Black,11/2024,5,3.2,2025-04-12
Census Tract,12031002701,Black,12/2024,9,4.6,2025-04-12
Census Tract,12031002701,Black,01/2025,7,5.4,2025-04-12
Census Tract,12031002701,Black,02/2025,5,2.2,2025-04-12
Census Tract,12031002701,Black,03/2025,3,2.8,2025-04-12
Census Tract,12031002701,Black,04/2025,0,1,2025-04-12
Census Tract,12031002702,Black,01/2020,9,7.8,2025-04-12
Census Tract,12031002702,Black,02/2020,4,7,2025-04-12
Census Tract,12031002702,Black,03/2020,5,5,2025-04-12
Census Tract,12031002702,Black,04/2020,1,7.8,2025-04-12
Census Tract,12031002702,Black,05/2020,0,7.2,2025-04-12
Census Tract,12031002702,Black,06/2020,1,6.8,2025-04-12
Census Tract,12031002702,Black,07/2020,0,7.6,2025-04-12
Census Tract,12031002702,Black,08/2020,9,9.6,2025-04-12
Census Tract,12031002702,Black,09/2020,9,9.6,2025-04-12
Census Tract,12031002702,Black,10/2020,7,7.4,2025-04-12
Census Tract,12031002702,Black,11/2020,8,5.4,2025-04-12
Census Tract,12031002702,Black,12/2020,10,7.4,2025-04-12
Census Tract,12031002702,Black,01/2021,7,7.8,2025-04-12
Census Tract,12031002702,Black,02/2021,5,7,2025-04-12
Census Tract,12031002702,Black,03/2021,8,5,2025-04-12
Census Tract,12031002702,Black,04/2021,2,7.8,2025-04-12
Census Tract,12031002702,Black,05/2021,6,7.2,2025-04-12
Census Tract,12031002702,Black,06/2021,4,6.8,2025-04-12
Census Tract,12031002702,Black,07/2021,14,7.6,2025-04-12
Census Tract,12031002702,Black,08/2021,4,9.6,2025-04-12
Census Tract,12031002702,Black,09/2021,8,9.6,2025-04-12
Census Tract,12031002702,Black,10/2021,6,7.4,2025-04-12
Census Tract,12031002702,Black,11/2021,8,5.4,2025-04-12
Census Tract,12031002702,Black,12/2021,8,7.4,2025-04-12
Census Tract,12031002702,Black,01/2022,5,7.8,2025-04-12
Census Tract,12031002702,Black,02/2022,4,7,2025-04-12
Census Tract,12031002702,Black,03/2022,2,5,2025-04-12
Census Tract,12031002702,Black,04/2022,2,7.8,2025-04-12
Census Tract,12031002702,Black,05/2022,3,7.2,2025-04-12
Census Tract,12031002702,Black,06/2022,15,6.8,2025-04-12
Census Tract,12031002702,Black,07/2022,16,7.6,2025-04-12
Census Tract,12031002702,Black,08/2022,9,9.6,2025-04-12
Census Tract,12031002702,Black,09/2022,12,9.6,2025-04-12
Census Tract,12031002702,Black,10/2022,13,7.4,2025-04-12
Census Tract,12031002702,Black,11/2022,11,5.4,2025-04-12
Census Tract,12031002702,Black,12/2022,9,7.4,2025-04-12
Census Tract,12031002702,Black,01/2023,7,7.8,2025-04-12
Census Tract,12031002702,Black,02/2023,12,7,2025-04-12
Census Tract,12031002702,Black,03/2023,8,5,2025-04-12
Census Tract,12031002702,Black,04/2023,10,7.8,2025-04-12
Census Tract,12031002702,Black,05/2023,5,7.2,2025-04-12
Census Tract,12031002702,Black,06/2023,14,6.8,2025-04-12
Census Tract,12031002702,Black,07/2023,10,7.6,2025-04-12
Census Tract,12031002702,Black,08/2023,9,9.6,2025-04-12
Census Tract,12031002702,Black,09/2023,8,9.6,2025-04-12
Census Tract,12031002702,Black,10/2023,9,7.4,2025-04-12
Census Tract,12031002702,Black,11/2023,7,5.4,2025-04-12
Census Tract,12031002702,Black,12/2023,9,7.4,2025-04-12
Census Tract,12031002702,Black,01/2024,8,7.8,2025-04-12
Census Tract,12031002702,Black,02/2024,7,7,2025-04-12
Census Tract,12031002702,Black,03/2024,10,5,2025-04-12
Census Tract,12031002702,Black,04/2024,4,7.8,2025-04-12
Census Tract,12031002702,Black,05/2024,10,7.2,2025-04-12
Census Tract,12031002702,Black,06/2024,3,6.8,2025-04-12
Census Tract,12031002702,Black,07/2024,10,7.6,2025-04-12
Census Tract,12031002702,Black,08/2024,7,9.6,2025-04-12
Census Tract,12031002702,Black,09/2024,9,9.6,2025-04-12
Census Tract,12031002702,Black,10/2024,9,7.4,2025-04-12
Census Tract,12031002702,Black,11/2024,9,5.4,2025-04-12
Census Tract,12031002702,Black,12/2024,8,7.4,2025-04-12
Census Tract,12031002702,Black,01/2025,5,7.8,2025-04-12
Census Tract,12031002702,Black,02/2025,11,7,2025-04-12
Census Tract,12031002702,Black,03/2025,9,5,2025-04-12
Census Tract,12031002702,Black,04/2025,0,4,2025-04-12
Census Tract,12031002801,Black,01/2020,15,8.6,2025-04-12
Census Tract,12031002801,Black,02/2020,15,3.2,2025-04-12
Census Tract,12031002801,Black,03/2020,8,5,2025-04-12
Census Tract,12031002801,Black,04/2020,1,8,2025-04-12
Census Tract,12031002801,Black,05/2020,0,9.2,2025-04-12
Census Tract,12031002801,Black,06/2020,0,7.4,2025-04-12
Census Tract,12031002801,Black,07/2020,2,11.4,2025-04-12
Census Tract,12031002801,Black,08/2020,24,8.6,2025-04-12
Census Tract,12031002801,Black,09/2020,16,10.8,2025-04-12
Census Tract,12031002801,Black,10/2020,13,8.6,2025-04-12
Census Tract,12031002801,Black,11/2020,16,7.8,2025-04-12
Census Tract,12031002801,Black,12/2020,11,8.6,2025-04-12
Census Tract,12031002801,Black,01/2021,11,8.6,2025-04-12
Census Tract,12031002801,Black,02/2021,19,3.2,2025-04-12
Census Tract,12031002801,Black,03/2021,5,5,2025-04-12
Census Tract,12031002801,Black,04/2021,10,8,2025-04-12
Census Tract,12031002801,Black,05/2021,7,9.2,2025-04-12
Census Tract,12031002801,Black,06/2021,15,7.4,2025-04-12
Census Tract,12031002801,Black,07/2021,11,11.4,2025-04-12
Census Tract,12031002801,Black,08/2021,11,8.6,2025-04-12
Census Tract,12031002801,Black,09/2021,18,10.8,2025-04-12
Census Tract,12031002801,Black,10/2021,10,8.6,2025-04-12
Census Tract,12031002801,Black,11/2021,12,7.8,2025-04-12
Census Tract,12031002801,Black,12/2021,16,8.6,2025-04-12
Census Tract,12031002801,Black,01/2022,9,8.6,2025-04-12
Census Tract,12031002801,Black,02/2022,14,3.2,2025-04-12
Census Tract,12031002801,Black,03/2022,7,5,2025-04-12
Census Tract,12031002801,Black,04/2022,16,8,2025-04-12
Census Tract,12031002801,Black,05/2022,13,9.2,2025-04-12
Census Tract,12031002801,Black,06/2022,24,7.4,2025-04-12
Census Tract,12031002801,Black,07/2022,20,11.4,2025-04-12
Census Tract,12031002801,Black,08/2022,19,8.6,2025-04-12
Census Tract,12031002801,Black,09/2022,6,10.8,2025-04-12
Census Tract,12031002801,Black,10/2022,9,8.6,2025-04-12
Census Tract,12031002801,Black,11/2022,13,7.8,2025-04-12
Census Tract,12031002801,Black,12/2022,10,8.6,2025-04-12
Census Tract,12031002801,Black,01/2023,16,8.6,2025-04-12
Census Tract,12031002801,Black,02/2023,16,3.2,2025-04-12
Census Tract,12031002801,Black,03/2023,11,5,2025-04-12
Census Tract,12031002801,Black,04/2023,8,8,2025-04-12
Census Tract,12031002801,Black,05/2023,11,9.2,2025-04-12
Census Tract,12031002801,Black,06/2023,18,7.4,2025-04-12
Census Tract,12031002801,Black,07/2023,7,11.4,2025-04-12
Census Tract,12031002801,Black,08/2023,11,8.6,2025-04-12
Census Tract,12031002801,Black,09/2023,9,10.8,2025-04-12
Census Tract,12031002801,Black,10/2023,15,8.6,2025-04-12
Census Tract,12031002801,Black,11/2023,13,7.8,2025-04-12
Census Tract,12031002801,Black,12/2023,11,8.6,2025-04-12
Census Tract,12031002801,Black,01/2024,14,8.6,2025-04-12
Census Tract,12031002801,Black,02/2024,14,3.2,2025-04-12
Census Tract,12031002801,Black,03/2024,8,5,2025-04-12
Census Tract,12031002801,Black,04/2024,7,8,2025-04-12
Census Tract,12031002801,Black,05/2024,12,9.2,2025-04-12
Census Tract,12031002801,Black,06/2024,12,7.4,2025-04-12
Census Tract,12031002801,Black,07/2024,18,11.4,2025-04-12
Census Tract,12031002801,Black,08/2024,13,8.6,2025-04-12
Census Tract,12031002801,Black,09/2024,10,10.8,2025-04-12
Census Tract,12031002801,Black,10/2024,16,8.6,2025-04-12
Census Tract,12031002801,Black,11/2024,8,7.8,2025-04-12
Census Tract,12031002801,Black,12/2024,10,8.6,2025-04-12
Census Tract,12031002801,Black,01/2025,16,8.6,2025-04-12
Census Tract,12031002801,Black,02/2025,21,3.2,2025-04-12
Census Tract,12031002801,Black,03/2025,4,5,2025-04-12
Census Tract,12031002801,Black,04/2025,1,2.8,2025-04-12
Census Tract,12031002802,Black,01/2020,12,7.8,2025-04-12
Census Tract,12031002802,Black,02/2020,12,7.2,2025-04-12
Census Tract,12031002802,Black,03/2020,0,6.2,2025-04-12
Census Tract,12031002802,Black,04/2020,0,8.8,2025-04-12
Census Tract,12031002802,Black,05/2020,1,10,2025-04-12
Census Tract,12031002802,Black,06/2020,1,10.2,2025-04-12
Census Tract,12031002802,Black,07/2020,2,10.2,2025-04-12
Census Tract,12031002802,Black,08/2020,12,10,2025-04-12
Census Tract,12031002802,Black,09/2020,9,10.4,2025-04-12
Census Tract,12031002802,Black,10/2020,6,9.4,2025-04-12
Census Tract,12031002802,Black,11/2020,7,9.6,2025-04-12
Census Tract,12031002802,Black,12/2020,9,6.4,2025-04-12
Census Tract,12031002802,Black,01/2021,13,7.8,2025-04-12
Census Tract,12031002802,Black,02/2021,6,7.2,2025-04-12
Census Tract,12031002802,Black,03/2021,4,6.2,2025-04-12
Census Tract,12031002802,Black,04/2021,0,8.8,2025-04-12
Census Tract,12031002802,Black,05/2021,4,10,2025-04-12
Census Tract,12031002802,Black,06/2021,3,10.2,2025-04-12
Census Tract,12031002802,Black,07/2021,9,10.2,2025-04-12
Census Tract,12031002802,Black,08/2021,11,10,2025-04-12
Census Tract,12031002802,Black,09/2021,6,10.4,2025-04-12
Census Tract,12031002802,Black,10/2021,13,9.4,2025-04-12
Census Tract,12031002802,Black,11/2021,4,9.6,2025-04-12
Census Tract,12031002802,Black,12/2021,3,6.4,2025-04-12
Census Tract,12031002802,Black,01/2022,8,7.8,2025-04-12
Census Tract,12031002802,Black,02/2022,8,7.2,2025-04-12
Census Tract,12031002802,Black,03/2022,11,6.2,2025-04-12
Census Tract,12031002802,Black,04/2022,5,8.8,2025-04-12
Census Tract,12031002802,Black,05/2022,5,10,2025-04-12
Census Tract,12031002802,Black,06/2022,15,10.2,2025-04-12
Census Tract,12031002802,Black,07/2022,11,10.2,2025-04-12
Census Tract,12031002802,Black,08/2022,13,10,2025-04-12
Census Tract,12031002802,Black,09/2022,18,10.4,2025-04-12
Census Tract,12031002802,Black,10/2022,5,9.4,2025-04-12
Census Tract,12031002802,Black,11/2022,14,9.6,2025-04-12
Census Tract,12031002802,Black,12/2022,10,6.4,2025-04-12
Census Tract,12031002802,Black,01/2023,7,7.8,2025-04-12
Census Tract,12031002802,Black,02/2023,13,7.2,2025-04-12
Census Tract,12031002802,Black,03/2023,8,6.2,2025-04-12
Census Tract,12031002802,Black,04/2023,7,8.8,2025-04-12
Census Tract,12031002802,Black,05/2023,6,10,2025-04-12
Census Tract,12031002802,Black,06/2023,8,10.2,2025-04-12
Census Tract,12031002802,Black,07/2023,13,10.2,2025-04-12
Census Tract,12031002802,Black,08/2023,17,10,2025-04-12
Census Tract,12031002802,Black,09/2023,14,10.4,2025-04-12
Census Tract,12031002802,Black,10/2023,10,9.4,2025-04-12
Census Tract,12031002802,Black,11/2023,4,9.6,2025-04-12
Census Tract,12031002802,Black,12/2023,10,6.4,2025-04-12
Census Tract,12031002802,Black,01/2024,4,7.8,2025-04-12
Census Tract,12031002802,Black,02/2024,6,7.2,2025-04-12
Census Tract,12031002802,Black,03/2024,7,6.2,2025-04-12
Census Tract,12031002802,Black,04/2024,5,8.8,2025-04-12
Census Tract,12031002802,Black,05/2024,3,10,2025-04-12
Census Tract,12031002802,Black,06/2024,11,10.2,2025-04-12
Census Tract,12031002802,Black,07/2024,13,10.2,2025-04-12
Census Tract,12031002802,Black,08/2024,7,10,2025-04-12
Census Tract,12031002802,Black,09/2024,13,10.4,2025-04-12
Census Tract,12031002802,Black,10/2024,9,9.4,2025-04-12
Census Tract,12031002802,Black,11/2024,5,9.6,2025-04-12
Census Tract,12031002802,Black,12/2024,2,6.4,2025-04-12
Census Tract,12031002802,Black,01/2025,13,7.8,2025-04-12
Census Tract,12031002802,Black,02/2025,10,7.2,2025-04-12
Census Tract,12031002802,Black,03/2025,10,6.2,2025-04-12
Census Tract,12031002802,Black,04/2025,0,2.8,2025-04-12
Census Tract,12031002901,Black,01/2020,13,10.6,2025-04-12
Census Tract,12031002901,Black,02/2020,8,6.2,2025-04-12
Census Tract,12031002901,Black,03/2020,6,6.8,2025-04-12
Census Tract,12031002901,Black,04/2020,0,8.6,2025-04-12
Census Tract,12031002901,Black,05/2020,1,9.2,2025-04-12
Census Tract,12031002901,Black,06/2020,0,7.4,2025-04-12
Census Tract,12031002901,Black,07/2020,0,9.2,2025-04-12
Census Tract,12031002901,Black,08/2020,15,9.2,2025-04-12
Census Tract,12031002901,Black,09/2020,9,9.8,2025-04-12
Census Tract,12031002901,Black,10/2020,6,9.4,2025-04-12
Census Tract,12031002901,Black,11/2020,25,10.4,2025-04-12
Census Tract,12031002901,Black,12/2020,6,8,2025-04-12
Census Tract,12031002901,Black,01/2021,6,10.6,2025-04-12
Census Tract,12031002901,Black,02/2021,8,5.8,2025-04-12
Census Tract,12031002901,Black,03/2021,8,6.8,2025-04-12
Census Tract,12031002901,Black,04/2021,4,8.6,2025-04-12
Census Tract,12031002901,Black,05/2021,7,9.2,2025-04-12
Census Tract,12031002901,Black,06/2021,7,7.4,2025-04-12
Census Tract,12031002901,Black,07/2021,15,9.2,2025-04-12
Census Tract,12031002901,Black,08/2021,8,9.2,2025-04-12
Census Tract,12031002901,Black,09/2021,8,9.8,2025-04-12
Census Tract,12031002901,Black,10/2021,3,9.4,2025-04-12
Census Tract,12031002901,Black,11/2021,4,10.4,2025-04-12
Census Tract,12031002901,Black,12/2021,2,8,2025-04-12
Census Tract,12031002901,Black,01/2022,6,10.6,2025-04-12
Census Tract,12031002901,Black,02/2022,8,5.8,2025-04-12
Census Tract,12031002901,Black,03/2022,4,6.8,2025-04-12
Census Tract,12031002901,Black,04/2022,12,8.6,2025-04-12
Census Tract,12031002901,Black,05/2022,9,9.2,2025-04-12
Census Tract,12031002901,Black,06/2022,14,7.4,2025-04-12
Census Tract,12031002901,Black,07/2022,11,9.2,2025-04-12
Census Tract,12031002901,Black,08/2022,9,9.2,2025-04-12
Census Tract,12031002901,Black,09/2022,14,9.8,2025-04-12
Census Tract,12031002901,Black,10/2022,15,9.4,2025-04-12
Census Tract,12031002901,Black,11/2022,13,10.4,2025-04-12
Census Tract,12031002901,Black,12/2022,19,8,2025-04-12
Census Tract,12031002901,Black,01/2023,4,10.6,2025-04-12
Census Tract,12031002901,Black,02/2023,14,5.8,2025-04-12
Census Tract,12031002901,Black,03/2023,11,6.8,2025-04-12
Census Tract,12031002901,Black,04/2023,9,8.6,2025-04-12
Census Tract,12031002901,Black,05/2023,13,9.2,2025-04-12
Census Tract,12031002901,Black,06/2023,12,7.4,2025-04-12
Census Tract,12031002901,Black,07/2023,10,9.2,2025-04-12
Census Tract,12031002901,Black,08/2023,13,9.2,2025-04-12
Census Tract,12031002901,Black,09/2023,11,9.8,2025-04-12
Census Tract,12031002901,Black,10/2023,21,9.4,2025-04-12
Census Tract,12031002901,Black,11/2023,15,10.4,2025-04-12
Census Tract,12031002901,Black,12/2023,13,8,2025-04-12
Census Tract,12031002901,Black,01/2024,15,10.6,2025-04-12
Census Tract,12031002901,Black,02/2024,8,6.2,2025-04-12
Census Tract,12031002901,Black,03/2024,5,6.8,2025-04-12
Census Tract,12031002901,Black,04/2024,8,8.6,2025-04-12
Census Tract,12031002901,Black,05/2024,15,9.2,2025-04-12
Census Tract,12031002901,Black,06/2024,14,7.4,2025-04-12
Census Tract,12031002901,Black,07/2024,14,9.2,2025-04-12
Census Tract,12031002901,Black,08/2024,17,9.2,2025-04-12
Census Tract,12031002901,Black,09/2024,7,9.8,2025-04-12
Census Tract,12031002901,Black,10/2024,15,9.4,2025-04-12
Census Tract,12031002901,Black,11/2024,5,10.4,2025-04-12
Census Tract,12031002901,Black,12/2024,13,8,2025-04-12
Census Tract,12031002901,Black,01/2025,11,10.6,2025-04-12
Census Tract,12031002901,Black,02/2025,10,5.8,2025-04-12
Census Tract,12031002901,Black,03/2025,11,6.8,2025-04-12
Census Tract,12031002901,Black,04/2025,0,2.2,2025-04-12
Census Tract,12031002902,Black,01/2020,12,7,2025-04-12
Census Tract,12031002902,Black,02/2020,6,5.2,2025-04-12
Census Tract,12031002902,Black,03/2020,3,5.6,2025-04-12
Census Tract,12031002902,Black,04/2020,2,9.6,2025-04-12
Census Tract,12031002902,Black,05/2020,0,6,2025-04-12
Census Tract,12031002902,Black,06/2020,2,10.4,2025-04-12
Census Tract,12031002902,Black,07/2020,0,12.6,2025-04-12
Census Tract,12031002902,Black,08/2020,10,10.6,2025-04-12
Census Tract,12031002902,Black,09/2020,11,7.2,2025-04-12
Census Tract,12031002902,Black,10/2020,13,8.6,2025-04-12
Census Tract,12031002902,Black,11/2020,9,7.8,2025-04-12
Census Tract,12031002902,Black,12/2020,5,9.2,2025-04-12
Census Tract,12031002902,Black,01/2021,6,7,2025-04-12
Census Tract,12031002902,Black,02/2021,3,5.2,2025-04-12
Census Tract,12031002902,Black,03/2021,4,5.6,2025-04-12
Census Tract,12031002902,Black,04/2021,4,9.6,2025-04-12
Census Tract,12031002902,Black,05/2021,9,6,2025-04-12
Census Tract,12031002902,Black,06/2021,9,10.4,2025-04-12
Census Tract,12031002902,Black,07/2021,9,12.6,2025-04-12
Census Tract,12031002902,Black,08/2021,8,10.6,2025-04-12
Census Tract,12031002902,Black,09/2021,6,7.2,2025-04-12
Census Tract,12031002902,Black,10/2021,6,8.6,2025-04-12
Census Tract,12031002902,Black,11/2021,4,7.8,2025-04-12
Census Tract,12031002902,Black,12/2021,11,9.2,2025-04-12
Census Tract,12031002902,Black,01/2022,12,7,2025-04-12
Census Tract,12031002902,Black,02/2022,3,5.2,2025-04-12
Census Tract,12031002902,Black,03/2022,9,5.6,2025-04-12
Census Tract,12031002902,Black,04/2022,5,9.6,2025-04-12
Census Tract,12031002902,Black,05/2022,11,6,2025-04-12
Census Tract,12031002902,Black,06/2022,15,10.4,2025-04-12
Census Tract,12031002902,Black,07/2022,14,12.6,2025-04-12
Census Tract,12031002902,Black,08/2022,15,10.6,2025-04-12
Census Tract,12031002902,Black,09/2022,7,7.2,2025-04-12
Census Tract,12031002902,Black,10/2022,12,8.6,2025-04-12
Census Tract,12031002902,Black,11/2022,16,7.8,2025-04-12
Census Tract,12031002902,Black,12/2022,10,9.2,2025-04-12
Census Tract,12031002902,Black,01/2023,14,7,2025-04-12
Census Tract,12031002902,Black,02/2023,8,5.2,2025-04-12
Census Tract,12031002902,Black,03/2023,10,5.6,2025-04-12
Census Tract,12031002902,Black,04/2023,17,9.6,2025-04-12
Census Tract,12031002902,Black,05/2023,10,6,2025-04-12
Census Tract,12031002902,Black,06/2023,11,10.4,2025-04-12
Census Tract,12031002902,Black,07/2023,5,12.6,2025-04-12
Census Tract,12031002902,Black,08/2023,9,10.6,2025-04-12
Census Tract,12031002902,Black,09/2023,8,7.2,2025-04-12
Census Tract,12031002902,Black,10/2023,15,8.6,2025-04-12
Census Tract,12031002902,Black,11/2023,10,7.8,2025-04-12
Census Tract,12031002902,Black,12/2023,10,9.2,2025-04-12
Census Tract,12031002902,Black,01/2024,12,7,2025-04-12
Census Tract,12031002902,Black,02/2024,12,5.2,2025-04-12
Census Tract,12031002902,Black,03/2024,6,5.6,2025-04-12
Census Tract,12031002902,Black,04/2024,11,9.6,2025-04-12
Census Tract,12031002902,Black,05/2024,9,6,2025-04-12
Census Tract,12031002902,Black,06/2024,9,10.4,2025-04-12
Census Tract,12031002902,Black,07/2024,7,12.6,2025-04-12
Census Tract,12031002902,Black,08/2024,7,10.6,2025-04-12
Census Tract,12031002902,Black,09/2024,8,7.2,2025-04-12
Census Tract,12031002902,Black,10/2024,11,8.6,2025-04-12
Census Tract,12031002902,Black,11/2024,6,7.8,2025-04-12
Census Tract,12031002902,Black,12/2024,9,9.2,2025-04-12
Census Tract,12031002902,Black,01/2025,9,7,2025-04-12
Census Tract,12031002902,Black,02/2025,7,5.2,2025-04-12
Census Tract,12031002902,Black,03/2025,4,5.6,2025-04-12
Census Tract,12031002902,Black,04/2025,0,4,2025-04-12
Census Tract,12031010101,White,01/2020,3,0.8,2025-04-12
Census Tract,12031010101,White,02/2020,3,2.4,2025-04-12
Census Tract,12031010101,White,03/2020,4,1.8,2025-04-12
Census Tract,12031010101,White,04/2020,0,2.2,2025-04-12
Census Tract,12031010101,White,05/2020,0,2.2,2025-04-12
Census Tract,12031010101,White,06/2020,0,3.8,2025-04-12
Census Tract,12031010101,White,07/2020,0,2.8,2025-04-12
Census Tract,12031010101,White,08/2020,5,3.4,2025-04-12
Census Tract,12031010101,White,09/2020,0,2,2025-04-12
Census Tract,12031010101,White,10/2020,3,2.6,2025-04-12
Census Tract,12031010101,White,11/2020,2,2,2025-04-12
Census Tract,12031010101,White,12/2020,3,1.8,2025-04-12
Census Tract,12031010101,White,01/2021,0,0.8,2025-04-12
Census Tract,12031010101,White,02/2021,1,2.4,2025-04-12
Census Tract,12031010101,White,03/2021,0,1.8,2025-04-12
Census Tract,12031010101,White,04/2021,3,2.2,2025-04-12
Census Tract,12031010101,White,05/2021,0,2.2,2025-04-12
Census Tract,12031010101,White,06/2021,3,3.8,2025-04-12
Census Tract,12031010101,White,07/2021,1,2.8,2025-04-12
Census Tract,12031010101,White,08/2021,3,3.4,2025-04-12
Census Tract,12031010101,White,09/2021,2,2,2025-04-12
Census Tract,12031010101,White,10/2021,1,2.6,2025-04-12
Census Tract,12031010101,White,11/2021,1,2,2025-04-12
Census Tract,12031010101,White,12/2021,3,1.8,2025-04-12
Census Tract,12031010101,White,01/2022,2,0.8,2025-04-12
Census Tract,12031010101,White,02/2022,0,2.4,2025-04-12
Census Tract,12031010101,White,03/2022,1,1.8,2025-04-12
Census Tract,12031010101,White,04/2022,4,2.2,2025-04-12
Census Tract,12031010101,White,05/2022,1,2.2,2025-04-12
Census Tract,12031010101,White,06/2022,7,3.8,2025-04-12
Census Tract,12031010101,White,07/2022,6,2.8,2025-04-12
Census Tract,12031010101,White,08/2022,3,3.4,2025-04-12
Census Tract,12031010101,White,09/2022,5,2,2025-04-12
Census Tract,12031010101,White,10/2022,0,2.6,2025-04-12
Census Tract,12031010101,White,11/2022,3,2,2025-04-12
Census Tract,12031010101,White,12/2022,0,1.8,2025-04-12
Census Tract,12031010101,White,01/2023,5,0.8,2025-04-12
Census Tract,12031010101,White,02/2023,1,2.4,2025-04-12
Census Tract,12031010101,White,03/2023,3,1.8,2025-04-12
Census Tract,12031010101,White,04/2023,0,2.2,2025-04-12
Census Tract,12031010101,White,05/2023,4,2.2,2025-04-12
Census Tract,12031010101,White,06/2023,5,3.8,2025-04-12
Census Tract,12031010101,White,07/2023,2,2.8,2025-04-12
Census Tract,12031010101,White,08/2023,2,3.4,2025-04-12
Census Tract,12031010101,White,09/2023,6,2,2025-04-12
Census Tract,12031010101,White,10/2023,3,2.6,2025-04-12
Census Tract,12031010101,White,11/2023,2,2,2025-04-12
Census Tract,12031010101,White,12/2023,1,1.8,2025-04-12
Census Tract,12031010101,White,01/2024,5,0.8,2025-04-12
Census Tract,12031010101,White,02/2024,3,2.4,2025-04-12
Census Tract,12031010101,White,03/2024,5,1.8,2025-04-12
Census Tract,12031010101,White,04/2024,3,2.2,2025-04-12
Census Tract,12031010101,White,05/2024,0,2.2,2025-04-12
Census Tract,12031010101,White,06/2024,7,3.8,2025-04-12
Census Tract,12031010101,White,07/2024,2,2.8,2025-04-12
Census Tract,12031010101,White,08/2024,4,3.4,2025-04-12
Census Tract,12031010101,White,09/2024,5,2,2025-04-12
Census Tract,12031010101,White,10/2024,3,2.6,2025-04-12
Census Tract,12031010101,White,11/2024,4,2,2025-04-12
Census Tract,12031010101,White,12/2024,5,1.8,2025-04-12
Census Tract,12031010101,White,01/2025,3,0.8,2025-04-12
Census Tract,12031010101,White,02/2025,5,2.4,2025-04-12
Census Tract,12031010101,White,03/2025,5,1.8,2025-04-12
Census Tract,12031010101,White,04/2025,0,1,2025-04-12
Census Tract,12031010104,White,01/2020,0,0,2025-04-12
Census Tract,12031010104,White,02/2020,0,0.6,2025-04-12
Census Tract,12031010104,White,03/2020,1,0.6,2025-04-12
Census Tract,12031010104,White,04/2020,0,0.4,2025-04-12
Census Tract,12031010104,White,05/2020,0,0.8,2025-04-12
Census Tract,12031010104,White,06/2020,2,0.6,2025-04-12
Census Tract,12031010104,White,07/2020,0,0.6,2025-04-12
Census Tract,12031010104,White,08/2020,1,1.2,2025-04-12
Census Tract,12031010104,White,09/2020,0,0.6,2025-04-12
Census Tract,12031010104,White,10/2020,2,0.8,2025-04-12
Census Tract,12031010104,White,11/2020,0,0.6,2025-04-12
Census Tract,12031010104,White,12/2020,1,0.2,2025-04-12
Census Tract,12031010104,White,01/2021,0,0,2025-04-12
Census Tract,12031010104,White,02/2021,1,0.6,2025-04-12
Census Tract,12031010104,White,03/2021,1,0.6,2025-04-12
Census Tract,12031010104,White,04/2021,2,0.4,2025-04-12
Census Tract,12031010104,White,05/2021,1,0.8,2025-04-12
Census Tract,12031010104,White,06/2021,0,0.6,2025-04-12
Census Tract,12031010104,White,07/2021,0,0.6,2025-04-12
Census Tract,12031010104,White,08/2021,0,1.2,2025-04-12
Census Tract,12031010104,White,09/2021,1,0.6,2025-04-12
Census Tract,12031010104,White,10/2021,1,0.8,2025-04-12
Census Tract,12031010104,White,11/2021,0,0.6,2025-04-12
Census Tract,12031010104,White,12/2021,1,0.2,2025-04-12
Census Tract,12031010104,White,01/2022,0,0,2025-04-12
Census Tract,12031010104,White,02/2022,1,0.6,2025-04-12
Census Tract,12031010104,White,03/2022,0,0.6,2025-04-12
Census Tract,12031010104,White,04/2022,0,0.4,2025-04-12
Census Tract,12031010104,White,05/2022,0,0.8,2025-04-12
Census Tract,12031010104,White,06/2022,0,0.6,2025-04-12
Census Tract,12031010104,White,07/2022,1,0.6,2025-04-12
Census Tract,12031010104,White,08/2022,0,1.2,2025-04-12
Census Tract,12031010104,White,09/2022,1,0.6,2025-04-12
Census Tract,12031010104,White,10/2022,1,0.8,2025-04-12
Census Tract,12031010104,White,11/2022,0,0.6,2025-04-12
Census Tract,12031010104,White,12/2022,1,0.2,2025-04-12
Census Tract,12031010104,White,01/2023,0,0,2025-04-12
Census Tract,12031010104,White,02/2023,1,0.6,2025-04-12
Census Tract,12031010104,White,03/2023,0,0.6,2025-04-12
Census Tract,12031010104,White,04/2023,3,0.4,2025-04-12
Census Tract,12031010104,White,05/2023,3,0.8,2025-04-12
Census Tract,12031010104,White,06/2023,2,0.6,2025-04-12
Census Tract,12031010104,White,07/2023,3,0.6,2025-04-12
Census Tract,12031010104,White,08/2023,3,1.2,2025-04-12
Census Tract,12031010104,White,09/2023,1,0.6,2025-04-12
Census Tract,12031010104,White,10/2023,1,0.8,2025-04-12
Census Tract,12031010104,White,11/2023,2,0.6,2025-04-12
Census Tract,12031010104,White,12/2023,4,0.2,2025-04-12
Census Tract,12031010104,White,01/2024,5,0,2025-04-12
Census Tract,12031010104,White,02/2024,7,0.6,2025-04-12
Census Tract,12031010104,White,03/2024,0,0.6,2025-04-12
Census Tract,12031010104,White,04/2024,4,0.4,2025-04-12
Census Tract,12031010104,White,05/2024,3,0.8,2025-04-12
Census Tract,12031010104,White,06/2024,4,0.6,2025-04-12
Census Tract,12031010104,White,07/2024,5,0.6,2025-04-12
Census Tract,12031010104,White,08/2024,4,1.2,2025-04-12
Census Tract,12031010104,White,09/2024,4,0.6,2025-04-12
Census Tract,12031010104,White,10/2024,2,0.8,2025-04-12
Census Tract,12031010104,White,11/2024,3,0.6,2025-04-12
Census Tract,12031010104,White,12/2024,0,0.2,2025-04-12
Census Tract,12031010104,White,01/2025,4,0,2025-04-12
Census Tract,12031010104,White,02/2025,2,0.6,2025-04-12
Census Tract,12031010104,White,03/2025,0,0.6,2025-04-12
Census Tract,12031010104,White,04/2025,0,0.4,2025-04-12
Census Tract,12031010105,White,01/2020,0,0,2025-04-12
Census Tract,12031010105,White,02/2020,0,0.6,2025-04-12
Census Tract,12031010105,White,03/2020,2,0,2025-04-12
Census Tract,12031010105,White,04/2020,0,0.2,2025-04-12
Census Tract,12031010105,White,05/2020,0,0.2,2025-04-12
Census Tract,12031010105,White,06/2020,0,0.8,2025-04-12
Census Tract,12031010105,White,07/2020,0,0.2,2025-04-12
Census Tract,12031010105,White,08/2020,0,0.2,2025-04-12
Census Tract,12031010105,White,09/2020,1,0.2,2025-04-12
Census Tract,12031010105,White,10/2020,0,0.2,2025-04-12
Census Tract,12031010105,White,11/2020,2,0,2025-04-12
Census Tract,12031010105,White,12/2020,0,0,2025-04-12
Census Tract,12031010105,White,01/2021,1,0,2025-04-12
Census Tract,12031010105,White,02/2021,1,0.6,2025-04-12
Census Tract,12031010105,White,03/2021,0,0,2025-04-12
Census Tract,12031010105,White,04/2021,0,0.2,2025-04-12
Census Tract,12031010105,White,05/2021,0,0.2,2025-04-12
Census Tract,12031010105,White,06/2021,0,0.8,2025-04-12
Census Tract,12031010105,White,07/2021,0,0.2,2025-04-12
Census Tract,12031010105,White,08/2021,0,0.2,2025-04-12
Census Tract,12031010105,White,09/2021,0,0.2,2025-04-12
Census Tract,12031010105,White,10/2021,0,0.2,2025-04-12
Census Tract,12031010105,White,11/2021,0,0,2025-04-12
Census Tract,12031010105,White,12/2021,0,0,2025-04-12
Census Tract,12031010105,White,01/2022,0,0,2025-04-12
Census Tract,12031010105,White,02/2022,0,0.6,2025-04-12
Census Tract,12031010105,White,03/2022,1,0,2025-04-12
Census Tract,12031010105,White,04/2022,1,0.2,2025-04-12
Census Tract,12031010105,White,05/2022,0,0.2,2025-04-12
Census Tract,12031010105,White,06/2022,1,0.8,2025-04-12
Census Tract,12031010105,White,07/2022,2,0.2,2025-04-12
Census Tract,12031010105,White,08/2022,2,0.2,2025-04-12
Census Tract,12031010105,White,09/2022,1,0.2,2025-04-12
Census Tract,12031010105,White,10/2022,1,0.2,2025-04-12
Census Tract,12031010105,White,11/2022,0,0,2025-04-12
Census Tract,12031010105,White,12/2022,1,0,2025-04-12
Census Tract,12031010105,White,01/2023,1,0,2025-04-12
Census Tract,12031010105,White,02/2023,1,0.6,2025-04-12
Census Tract,12031010105,White,03/2023,0,0,2025-04-12
Census Tract,12031010105,White,04/2023,1,0.2,2025-04-12
Census Tract,12031010105,White,05/2023,3,0.2,2025-04-12
Census Tract,12031010105,White,06/2023,2,0.8,2025-04-12
Census Tract,12031010105,White,07/2023,0,0.2,2025-04-12
Census Tract,12031010105,White,08/2023,0,0.2,2025-04-12
Census Tract,12031010105,White,09/2023,1,0.2,2025-04-12
Census Tract,12031010105,White,10/2023,0,0.2,2025-04-12
Census Tract,12031010105,White,11/2023,1,0,2025-04-12
Census Tract,12031010105,White,12/2023,0,0,2025-04-12
Census Tract,12031010105,White,01/2024,2,0,2025-04-12
Census Tract,12031010105,White,02/2024,1,0.6,2025-04-12
Census Tract,12031010105,White,03/2024,0,0,2025-04-12
Census Tract,12031010105,White,04/2024,0,0.2,2025-04-12
Census Tract,12031010105,White,05/2024,0,0.2,2025-04-12
Census Tract,12031010105,White,06/2024,1,0.8,2025-04-12
Census Tract,12031010105,White,07/2024,0,0.2,2025-04-12
Census Tract,12031010105,White,08/2024,0,0.2,2025-04-12
Census Tract,12031010105,White,09/2024,1,0.2,2025-04-12
Census Tract,12031010105,White,10/2024,0,0.2,2025-04-12
Census Tract,12031010105,White,11/2024,0,0,2025-04-12
Census Tract,12031010105,White,12/2024,0,0,2025-04-12
Census Tract,12031010105,White,01/2025,1,0,2025-04-12
Census Tract,12031010105,White,02/2025,1,0.6,2025-04-12
Census Tract,12031010105,White,03/2025,1,0,2025-04-12
Census Tract,12031010105,White,04/2025,0,0.2,2025-04-12
Census Tract,12031010106,White,01/2020,3,2,2025-04-12
Census Tract,12031010106,White,02/2020,1,1.8,2025-04-12
Census Tract,12031010106,White,03/2020,0,2,2025-04-12
Census Tract,12031010106,White,04/2020,0,1.8,2025-04-12
Census Tract,12031010106,White,05/2020,0,1.6,2025-04-12
Census Tract,12031010106,White,06/2020,0,2.2,2025-04-12
Census Tract,12031010106,White,07/2020,0,2.6,2025-04-12
Census Tract,12031010106,White,08/2020,0,1.8,2025-04-12
Census Tract,12031010106,White,09/2020,0,0.6,2025-04-12
Census Tract,12031010106,White,10/2020,0,1.4,2025-04-12
Census Tract,12031010106,White,11/2020,0,1.6,2025-04-12
Census Tract,12031010106,White,12/2020,1,0.8,2025-04-12
Census Tract,12031010106,White,01/2021,0,2,2025-04-12
Census Tract,12031010106,White,02/2021,0,1.8,2025-04-12
Census Tract,12031010106,White,03/2021,1,2,2025-04-12
Census Tract,12031010106,White,04/2021,1,1.8,2025-04-12
Census Tract,12031010106,White,05/2021,0,1.6,2025-04-12
Census Tract,12031010106,White,06/2021,1,2.2,2025-04-12
Census Tract,12031010106,White,07/2021,1,2.6,2025-04-12
Census Tract,12031010106,White,08/2021,0,1.8,2025-04-12
Census Tract,12031010106,White,09/2021,1,0.6,2025-04-12
Census Tract,12031010106,White,10/2021,0,1.4,2025-04-12
Census Tract,12031010106,White,11/2021,1,1.6,2025-04-12
Census Tract,12031010106,White,12/2021,0,0.8,2025-04-12
Census Tract,12031010106,White,01/2022,0,2,2025-04-12
Census Tract,12031010106,White,02/2022,0,1.8,2025-04-12
Census Tract,12031010106,White,03/2022,1,2,2025-04-12
Census Tract,12031010106,White,04/2022,1,1.8,2025-04-12
Census Tract,12031010106,White,05/2022,0,1.6,2025-04-12
Census Tract,12031010106,White,06/2022,1,2.2,2025-04-12
Census Tract,12031010106,White,07/2022,2,2.6,2025-04-12
Census Tract,12031010106,White,08/2022,1,1.8,2025-04-12
Census Tract,12031010106,White,09/2022,5,0.6,2025-04-12
Census Tract,12031010106,White,10/2022,0,1.4,2025-04-12
Census Tract,12031010106,White,11/2022,0,1.6,2025-04-12
Census Tract,12031010106,White,12/2022,2,0.8,2025-04-12
Census Tract,12031010106,White,01/2023,1,2,2025-04-12
Census Tract,12031010106,White,02/2023,6,1.8,2025-04-12
Census Tract,12031010106,White,03/2023,1,2,2025-04-12
Census Tract,12031010106,White,04/2023,2,1.8,2025-04-12
Census Tract,12031010106,White,05/2023,3,1.6,2025-04-12
Census Tract,12031010106,White,06/2023,4,2.2,2025-04-12
Census Tract,12031010106,White,07/2023,1,2.6,2025-04-12
Census Tract,12031010106,White,08/2023,5,1.8,2025-04-12
Census Tract,12031010106,White,09/2023,2,0.6,2025-04-12
Census Tract,12031010106,White,10/2023,1,1.4,2025-04-12
Census Tract,12031010106,White,11/2023,2,1.6,2025-04-12
Census Tract,12031010106,White,12/2023,0,0.8,2025-04-12
Census Tract,12031010106,White,01/2024,7,2,2025-04-12
Census Tract,12031010106,White,02/2024,0,1.8,2025-04-12
Census Tract,12031010106,White,03/2024,2,2,2025-04-12
Census Tract,12031010106,White,04/2024,1,1.8,2025-04-12
Census Tract,12031010106,White,05/2024,3,1.6,2025-04-12
Census Tract,12031010106,White,06/2024,5,2.2,2025-04-12
Census Tract,12031010106,White,07/2024,1,2.6,2025-04-12
Census Tract,12031010106,White,08/2024,2,1.8,2025-04-12
Census Tract,12031010106,White,09/2024,1,0.6,2025-04-12
Census Tract,12031010106,White,10/2024,3,1.4,2025-04-12
Census Tract,12031010106,White,11/2024,0,1.6,2025-04-12
Census Tract,12031010106,White,12/2024,1,0.8,2025-04-12
Census Tract,12031010106,White,01/2025,3,2,2025-04-12
Census Tract,12031010106,White,02/2025,3,1.8,2025-04-12
Census Tract,12031010106,White,03/2025,1,2,2025-04-12
Census Tract,12031010106,White,04/2025,0,1,2025-04-12
Census Tract,12031010107,White,01/2020,2,0.8,2025-04-12
Census Tract,12031010107,White,02/2020,2,0.8,2025-04-12
Census Tract,12031010107,White,03/2020,0,1.2,2025-04-12
Census Tract,12031010107,White,04/2020,0,0.4,2025-04-12
Census Tract,12031010107,White,05/2020,0,0.4,2025-04-12
Census Tract,12031010107,White,06/2020,0,1,2025-04-12
Census Tract,12031010107,White,07/2020,0,1.4,2025-04-12
Census Tract,12031010107,White,08/2020,3,0.2,2025-04-12
Census Tract,12031010107,White,09/2020,1,0.8,2025-04-12
Census Tract,12031010107,White,10/2020,0,0.8,2025-04-12
Census Tract,12031010107,White,11/2020,0,0,2025-04-12
Census Tract,12031010107,White,12/2020,0,0.4,2025-04-12
Census Tract,12031010107,White,01/2021,1,0.8,2025-04-12
Census Tract,12031010107,White,02/2021,0,0.8,2025-04-12
Census Tract,12031010107,White,03/2021,1,1.2,2025-04-12
Census Tract,12031010107,White,04/2021,2,0.4,2025-04-12
Census Tract,12031010107,White,05/2021,0,0.4,2025-04-12
Census Tract,12031010107,White,06/2021,0,1,2025-04-12
Census Tract,12031010107,White,07/2021,1,1.4,2025-04-12
Census Tract,12031010107,White,08/2021,0,0.2,2025-04-12
Census Tract,12031010107,White,09/2021,1,0.8,2025-04-12
Census Tract,12031010107,White,10/2021,0,0.8,2025-04-12
Census Tract,12031010107,White,11/2021,0,0,2025-04-12
Census Tract,12031010107,White,12/2021,0,0.4,2025-04-12
Census Tract,12031010107,White,01/2022,0,0.8,2025-04-12
Census Tract,12031010107,White,02/2022,0,0.8,2025-04-12
Census Tract,12031010107,White,03/2022,0,1.2,2025-04-12
Census Tract,12031010107,White,04/2022,1,0.4,2025-04-12
Census Tract,12031010107,White,05/2022,0,0.4,2025-04-12
Census Tract,12031010107,White,06/2022,0,1,2025-04-12
Census Tract,12031010107,White,07/2022,3,1.4,2025-04-12
Census Tract,12031010107,White,08/2022,0,0.2,2025-04-12
Census Tract,12031010107,White,09/2022,0,0.8,2025-04-12
Census Tract,12031010107,White,10/2022,0,0.8,2025-04-12
Census Tract,12031010107,White,11/2022,0,0,2025-04-12
Census Tract,12031010107,White,12/2022,0,0.4,2025-04-12
Census Tract,12031010107,White,01/2023,0,0.8,2025-04-12
Census Tract,12031010107,White,02/2023,1,0.8,2025-04-12
Census Tract,12031010107,White,03/2023,0,1.2,2025-04-12
Census Tract,12031010107,White,04/2023,0,0.4,2025-04-12
Census Tract,12031010107,White,05/2023,0,0.4,2025-04-12
Census Tract,12031010107,White,06/2023,0,1,2025-04-12
Census Tract,12031010107,White,07/2023,0,1.4,2025-04-12
Census Tract,12031010107,White,08/2023,2,0.2,2025-04-12
Census Tract,12031010107,White,09/2023,1,0.8,2025-04-12
Census Tract,12031010107,White,10/2023,0,0.8,2025-04-12
Census Tract,12031010107,White,11/2023,0,0,2025-04-12
Census Tract,12031010107,White,12/2023,1,0.4,2025-04-12
Census Tract,12031010107,White,01/2024,2,0.8,2025-04-12
Census Tract,12031010107,White,02/2024,0,0.8,2025-04-12
Census Tract,12031010107,White,03/2024,0,1.2,2025-04-12
Census Tract,12031010107,White,04/2024,0,0.4,2025-04-12
Census Tract,12031010107,White,05/2024,1,0.4,2025-04-12
Census Tract,12031010107,White,06/2024,0,1,2025-04-12
Census Tract,12031010107,White,07/2024,2,1.4,2025-04-12
Census Tract,12031010107,White,08/2024,1,0.2,2025-04-12
Census Tract,12031010107,White,09/2024,0,0.8,2025-04-12
Census Tract,12031010107,White,10/2024,0,0.8,2025-04-12
Census Tract,12031010107,White,11/2024,1,0,2025-04-12
Census Tract,12031010107,White,12/2024,2,0.4,2025-04-12
Census Tract,12031010107,White,01/2025,0,0.8,2025-04-12
Census Tract,12031010107,White,02/2025,0,0.8,2025-04-12
Census Tract,12031010107,White,03/2025,0,1.2,2025-04-12
Census Tract,12031010107,White,04/2025,0,0.2,2025-04-12
Census Tract,12031010202,White,01/2020,1,1,2025-04-12
Census Tract,12031010202,White,02/2020,2,0.4,2025-04-12
Census Tract,12031010202,White,03/2020,0,0.8,2025-04-12
Census Tract,12031010202,White,04/2020,0,1,2025-04-12
Census Tract,12031010202,White,05/2020,0,0.2,2025-04-12
Census Tract,12031010202,White,06/2020,0,1,2025-04-12
Census Tract,12031010202,White,07/2020,1,0.4,2025-04-12
Census Tract,12031010202,White,08/2020,1,0.4,2025-04-12
Census Tract,12031010202,White,09/2020,1,0.6,2025-04-12
Census Tract,12031010202,White,10/2020,0,0.4,2025-04-12
Census Tract,12031010202,White,11/2020,2,1.4,2025-04-12
Census Tract,12031010202,White,12/2020,0,0.4,2025-04-12
Census Tract,12031010202,White,01/2021,0,1,2025-04-12
Census Tract,12031010202,White,02/2021,1,0.4,2025-04-12
Census Tract,12031010202,White,03/2021,0,0.8,2025-04-12
Census Tract,12031010202,White,04/2021,0,1,2025-04-12
Census Tract,12031010202,White,05/2021,0,0.2,2025-04-12
Census Tract,12031010202,White,06/2021,1,1,2025-04-12
Census Tract,12031010202,White,07/2021,0,0.4,2025-04-12
Census Tract,12031010202,White,08/2021,0,0.4,2025-04-12
Census Tract,12031010202,White,09/2021,5,0.6,2025-04-12
Census Tract,12031010202,White,10/2021,0,0.4,2025-04-12
Census Tract,12031010202,White,11/2021,0,1.4,2025-04-12
Census Tract,12031010202,White,12/2021,1,0.4,2025-04-12
Census Tract,12031010202,White,01/2022,0,1,2025-04-12
Census Tract,12031010202,White,02/2022,1,0.4,2025-04-12
Census Tract,12031010202,White,03/2022,3,0.8,2025-04-12
Census Tract,12031010202,White,04/2022,1,1,2025-04-12
Census Tract,12031010202,White,05/2022,1,0.2,2025-04-12
Census Tract,12031010202,White,06/2022,2,1,2025-04-12
Census Tract,12031010202,White,07/2022,0,0.4,2025-04-12
Census Tract,12031010202,White,08/2022,3,0.4,2025-04-12
Census Tract,12031010202,White,09/2022,0,0.6,2025-04-12
Census Tract,12031010202,White,10/2022,0,0.4,2025-04-12
Census Tract,12031010202,White,11/2022,1,1.4,2025-04-12
Census Tract,12031010202,White,12/2022,1,0.4,2025-04-12
Census Tract,12031010202,White,01/2023,2,1,2025-04-12
Census Tract,12031010202,White,02/2023,1,0.4,2025-04-12
Census Tract,12031010202,White,03/2023,0,0.8,2025-04-12
Census Tract,12031010202,White,04/2023,2,1,2025-04-12
Census Tract,12031010202,White,05/2023,0,0.2,2025-04-12
Census Tract,12031010202,White,06/2023,1,1,2025-04-12
Census Tract,12031010202,White,07/2023,0,0.4,2025-04-12
Census Tract,12031010202,White,08/2023,0,0.4,2025-04-12
Census Tract,12031010202,White,09/2023,0,0.6,2025-04-12
Census Tract,12031010202,White,10/2023,1,0.4,2025-04-12
Census Tract,12031010202,White,11/2023,1,1.4,2025-04-12
Census Tract,12031010202,White,12/2023,2,0.4,2025-04-12
Census Tract,12031010202,White,01/2024,1,1,2025-04-12
Census Tract,12031010202,White,02/2024,0,0.4,2025-04-12
Census Tract,12031010202,White,03/2024,1,0.8,2025-04-12
Census Tract,12031010202,White,04/2024,0,1,2025-04-12
Census Tract,12031010202,White,05/2024,1,0.2,2025-04-12
Census Tract,12031010202,White,06/2024,2,1,2025-04-12
Census Tract,12031010202,White,07/2024,2,0.4,2025-04-12
Census Tract,12031010202,White,08/2024,1,0.4,2025-04-12
Census Tract,12031010202,White,09/2024,2,0.6,2025-04-12
Census Tract,12031010202,White,10/2024,0,0.4,2025-04-12
Census Tract,12031010202,White,11/2024,0,1.4,2025-04-12
Census Tract,12031010202,White,12/2024,1,0.4,2025-04-12
Census Tract,12031010202,White,01/2025,0,1,2025-04-12
Census Tract,12031010202,White,02/2025,2,0.4,2025-04-12
Census Tract,12031010202,White,03/2025,1,0.8,2025-04-12
Census Tract,12031010202,White,04/2025,0,0.2,2025-04-12
Census Tract,12031010203,White,01/2020,4,7.4,2025-04-12
Census Tract,12031010203,White,02/2020,4,3.4,2025-04-12
Census Tract,12031010203,White,03/2020,4,3.6,2025-04-12
Census Tract,12031010203,White,04/2020,0,5.2,2025-04-12
Census Tract,12031010203,White,05/2020,0,4.4,2025-04-12
Census Tract,12031010203,White,06/2020,0,7,2025-04-12
Census Tract,12031010203,White,07/2020,1,5,2025-04-12
Census Tract,12031010203,White,08/2020,2,5.8,2025-04-12
Census Tract,12031010203,White,09/2020,6,5.6,2025-04-12
Census Tract,12031010203,White,10/2020,6,5,2025-04-12
Census Tract,12031010203,White,11/2020,0,6,2025-04-12
Census Tract,12031010203,White,12/2020,6,3,2025-04-12
Census Tract,12031010203,White,01/2021,5,7.4,2025-04-12
Census Tract,12031010203,White,02/2021,4,3.4,2025-04-12
Census Tract,12031010203,White,03/2021,0,3.6,2025-04-12
Census Tract,12031010203,White,04/2021,2,5.2,2025-04-12
Census Tract,12031010203,White,05/2021,5,4.4,2025-04-12
Census Tract,12031010203,White,06/2021,7,7,2025-04-12
Census Tract,12031010203,White,07/2021,4,5,2025-04-12
Census Tract,12031010203,White,08/2021,3,5.8,2025-04-12
Census Tract,12031010203,White,09/2021,0,5.6,2025-04-12
Census Tract,12031010203,White,10/2021,5,5,2025-04-12
Census Tract,12031010203,White,11/2021,1,6,2025-04-12
Census Tract,12031010203,White,12/2021,8,3,2025-04-12
Census Tract,12031010203,White,01/2022,3,7.4,2025-04-12
Census Tract,12031010203,White,02/2022,7,3.4,2025-04-12
Census Tract,12031010203,White,03/2022,2,3.6,2025-04-12
Census Tract,12031010203,White,04/2022,4,5.2,2025-04-12
Census Tract,12031010203,White,05/2022,4,4.4,2025-04-12
Census Tract,12031010203,White,06/2022,10,7,2025-04-12
Census Tract,12031010203,White,07/2022,7,5,2025-04-12
Census Tract,12031010203,White,08/2022,3,5.8,2025-04-12
Census Tract,12031010203,White,09/2022,8,5.6,2025-04-12
Census Tract,12031010203,White,10/2022,3,5,2025-04-12
Census Tract,12031010203,White,11/2022,4,6,2025-04-12
Census Tract,12031010203,White,12/2022,6,3,2025-04-12
Census Tract,12031010203,White,01/2023,6,7.4,2025-04-12
Census Tract,12031010203,White,02/2023,9,3.4,2025-04-12
Census Tract,12031010203,White,03/2023,7,3.6,2025-04-12
Census Tract,12031010203,White,04/2023,7,5.2,2025-04-12
Census Tract,12031010203,White,05/2023,9,4.4,2025-04-12
Census Tract,12031010203,White,06/2023,6,7,2025-04-12
Census Tract,12031010203,White,07/2023,9,5,2025-04-12
Census Tract,12031010203,White,08/2023,12,5.8,2025-04-12
Census Tract,12031010203,White,09/2023,7,5.6,2025-04-12
Census Tract,12031010203,White,10/2023,11,5,2025-04-12
Census Tract,12031010203,White,11/2023,5,6,2025-04-12
Census Tract,12031010203,White,12/2023,6,3,2025-04-12
Census Tract,12031010203,White,01/2024,10,7.4,2025-04-12
Census Tract,12031010203,White,02/2024,12,3.4,2025-04-12
Census Tract,12031010203,White,03/2024,6,3.6,2025-04-12
Census Tract,12031010203,White,04/2024,5,5.2,2025-04-12
Census Tract,12031010203,White,05/2024,5,4.4,2025-04-12
Census Tract,12031010203,White,06/2024,12,7,2025-04-12
Census Tract,12031010203,White,07/2024,9,5,2025-04-12
Census Tract,12031010203,White,08/2024,3,5.8,2025-04-12
Census Tract,12031010203,White,09/2024,2,5.6,2025-04-12
Census Tract,12031010203,White,10/2024,14,5,2025-04-12
Census Tract,12031010203,White,11/2024,13,6,2025-04-12
Census Tract,12031010203,White,12/2024,4,3,2025-04-12
Census Tract,12031010203,White,01/2025,7,7.4,2025-04-12
Census Tract,12031010203,White,02/2025,5,3.4,2025-04-12
Census Tract,12031010203,White,03/2025,5,3.6,2025-04-12
Census Tract,12031010203,White,04/2025,0,1.6,2025-04-12
Census Tract,12031010204,White,01/2020,1,2.8,2025-04-12
Census Tract,12031010204,White,02/2020,1,0.6,2025-04-12
Census Tract,12031010204,White,03/2020,1,1,2025-04-12
Census Tract,12031010204,White,04/2020,0,1.6,2025-04-12
Census Tract,12031010204,White,05/2020,1,2.2,2025-04-12
Census Tract,12031010204,White,06/2020,0,2.6,2025-04-12
Census Tract,12031010204,White,07/2020,0,1.6,2025-04-12
Census Tract,12031010204,White,08/2020,2,2,2025-04-12
Census Tract,12031010204,White,09/2020,0,2.2,2025-04-12
Census Tract,12031010204,White,10/2020,2,2,2025-04-12
Census Tract,12031010204,White,11/2020,0,1.4,2025-04-12
Census Tract,12031010204,White,12/2020,1,1.4,2025-04-12
Census Tract,12031010204,White,01/2021,0,2.8,2025-04-12
Census Tract,12031010204,White,02/2021,0,0.6,2025-04-12
Census Tract,12031010204,White,03/2021,1,1,2025-04-12
Census Tract,12031010204,White,04/2021,0,1.6,2025-04-12
Census Tract,12031010204,White,05/2021,0,2.2,2025-04-12
Census Tract,12031010204,White,06/2021,2,2.6,2025-04-12
Census Tract,12031010204,White,07/2021,2,1.6,2025-04-12
Census Tract,12031010204,White,08/2021,1,2,2025-04-12
Census Tract,12031010204,White,09/2021,1,2.2,2025-04-12
Census Tract,12031010204,White,10/2021,1,2,2025-04-12
Census Tract,12031010204,White,11/2021,0,1.4,2025-04-12
Census Tract,12031010204,White,12/2021,2,1.4,2025-04-12
Census Tract,12031010204,White,01/2022,2,2.8,2025-04-12
Census Tract,12031010204,White,02/2022,1,0.6,2025-04-12
Census Tract,12031010204,White,03/2022,0,1,2025-04-12
Census Tract,12031010204,White,04/2022,2,1.6,2025-04-12
Census Tract,12031010204,White,05/2022,4,2.2,2025-04-12
Census Tract,12031010204,White,06/2022,0,2.6,2025-04-12
Census Tract,12031010204,White,07/2022,4,1.6,2025-04-12
Census Tract,12031010204,White,08/2022,0,2,2025-04-12
Census Tract,12031010204,White,09/2022,6,2.2,2025-04-12
Census Tract,12031010204,White,10/2022,2,2,2025-04-12
Census Tract,12031010204,White,11/2022,11,1.4,2025-04-12
Census Tract,12031010204,White,12/2022,6,1.4,2025-04-12
Census Tract,12031010204,White,01/2023,7,2.8,2025-04-12
Census Tract,12031010204,White,02/2023,12,0.6,2025-04-12
Census Tract,12031010204,White,03/2023,3,1,2025-04-12
Census Tract,12031010204,White,04/2023,2,1.6,2025-04-12
Census Tract,12031010204,White,05/2023,0,2.2,2025-04-12
Census Tract,12031010204,White,06/2023,9,2.6,2025-04-12
Census Tract,12031010204,White,07/2023,5,1.6,2025-04-12
Census Tract,12031010204,White,08/2023,2,2,2025-04-12
Census Tract,12031010204,White,09/2023,9,2.2,2025-04-12
Census Tract,12031010204,White,10/2023,3,2,2025-04-12
Census Tract,12031010204,White,11/2023,5,1.4,2025-04-12
Census Tract,12031010204,White,12/2023,7,1.4,2025-04-12
Census Tract,12031010204,White,01/2024,7,2.8,2025-04-12
Census Tract,12031010204,White,02/2024,7,0.6,2025-04-12
Census Tract,12031010204,White,03/2024,2,1,2025-04-12
Census Tract,12031010204,White,04/2024,4,1.6,2025-04-12
Census Tract,12031010204,White,05/2024,8,2.2,2025-04-12
Census Tract,12031010204,White,06/2024,4,2.6,2025-04-12
Census Tract,12031010204,White,07/2024,4,1.6,2025-04-12
Census Tract,12031010204,White,08/2024,3,2,2025-04-12
Census Tract,12031010204,White,09/2024,9,2.2,2025-04-12
Census Tract,12031010204,White,10/2024,8,2,2025-04-12
Census Tract,12031010204,White,11/2024,2,1.4,2025-04-12
Census Tract,12031010204,White,12/2024,10,1.4,2025-04-12
Census Tract,12031010204,White,01/2025,5,2.8,2025-04-12
Census Tract,12031010204,White,02/2025,4,0.6,2025-04-12
Census Tract,12031010204,White,03/2025,5,1,2025-04-12
Census Tract,12031010204,White,04/2025,1,1.2,2025-04-12
Census Tract,12031010301,White,01/2020,11,4,2025-04-12
Census Tract,12031010301,White,02/2020,5,3,2025-04-12
Census Tract,12031010301,White,03/2020,5,2.4,2025-04-12
Census Tract,12031010301,White,04/2020,0,4.2,2025-04-12
Census Tract,12031010301,White,05/2020,0,4.2,2025-04-12
Census Tract,12031010301,White,06/2020,0,5.4,2025-04-12
Census Tract,12031010301,White,07/2020,0,6.6,2025-04-12
Census Tract,12031010301,White,08/2020,1,4,2025-04-12
Census Tract,12031010301,White,09/2020,3,5,2025-04-12
Census Tract,12031010301,White,10/2020,2,4.8,2025-04-12
Census Tract,12031010301,White,11/2020,0,2.8,2025-04-12
Census Tract,12031010301,White,12/2020,6,4.8,2025-04-12
Census Tract,12031010301,White,01/2021,4,4,2025-04-12
Census Tract,12031010301,White,02/2021,10,3,2025-04-12
Census Tract,12031010301,White,03/2021,4,2.4,2025-04-12
Census Tract,12031010301,White,04/2021,0,4.2,2025-04-12
Census Tract,12031010301,White,05/2021,1,4.2,2025-04-12
Census Tract,12031010301,White,06/2021,3,5.4,2025-04-12
Census Tract,12031010301,White,07/2021,2,6.6,2025-04-12
Census Tract,12031010301,White,08/2021,9,4,2025-04-12
Census Tract,12031010301,White,09/2021,6,5,2025-04-12
Census Tract,12031010301,White,10/2021,6,4.8,2025-04-12
Census Tract,12031010301,White,11/2021,5,2.8,2025-04-12
Census Tract,12031010301,White,12/2021,3,4.8,2025-04-12
Census Tract,12031010301,White,01/2022,10,4,2025-04-12
Census Tract,12031010301,White,02/2022,3,3,2025-04-12
Census Tract,12031010301,White,03/2022,4,2.4,2025-04-12
Census Tract,12031010301,White,04/2022,7,4.2,2025-04-12
Census Tract,12031010301,White,05/2022,10,4.2,2025-04-12
Census Tract,12031010301,White,06/2022,9,5.4,2025-04-12
Census Tract,12031010301,White,07/2022,4,6.6,2025-04-12
Census Tract,12031010301,White,08/2022,20,4,2025-04-12
Census Tract,12031010301,White,09/2022,22,5,2025-04-12
Census Tract,12031010301,White,10/2022,17,4.8,2025-04-12
Census Tract,12031010301,White,11/2022,13,2.8,2025-04-12
Census Tract,12031010301,White,12/2022,17,4.8,2025-04-12
Census Tract,12031010301,White,01/2023,38,4,2025-04-12
Census Tract,12031010301,White,02/2023,20,3,2025-04-12
Census Tract,12031010301,White,03/2023,18,2.4,2025-04-12
Census Tract,12031010301,White,04/2023,19,4.2,2025-04-12
Census Tract,12031010301,White,05/2023,35,4.2,2025-04-12
Census Tract,12031010301,White,06/2023,21,5.4,2025-04-12
Census Tract,12031010301,White,07/2023,29,6.6,2025-04-12
Census Tract,12031010301,White,08/2023,28,4,2025-04-12
Census Tract,12031010301,White,09/2023,19,5,2025-04-12
Census Tract,12031010301,White,10/2023,16,4.8,2025-04-12
Census Tract,12031010301,White,11/2023,26,2.8,2025-04-12
Census Tract,12031010301,White,12/2023,29,4.8,2025-04-12
Census Tract,12031010301,White,01/2024,16,4,2025-04-12
Census Tract,12031010301,White,02/2024,27,3,2025-04-12
Census Tract,12031010301,White,03/2024,29,2.4,2025-04-12
Census Tract,12031010301,White,04/2024,19,4.2,2025-04-12
Census Tract,12031010301,White,05/2024,28,4.2,2025-04-12
Census Tract,12031010301,White,06/2024,30,5.4,2025-04-12
Census Tract,12031010301,White,07/2024,19,6.6,2025-04-12
Census Tract,12031010301,White,08/2024,30,4,2025-04-12
Census Tract,12031010301,White,09/2024,23,5,2025-04-12
Census Tract,12031010301,White,10/2024,36,4.8,2025-04-12
Census Tract,12031010301,White,11/2024,23,2.8,2025-04-12
Census Tract,12031010301,White,12/2024,33,4.8,2025-04-12
Census Tract,12031010301,White,01/2025,23,4,2025-04-12
Census Tract,12031010301,White,02/2025,24,3,2025-04-12
Census Tract,12031010301,White,03/2025,20,2.4,2025-04-12
Census Tract,12031010301,White,04/2025,0,0.6,2025-04-12
Census Tract,12031010305,Black,01/2020,7,9.8,2025-04-12
Census Tract,12031010305,Black,02/2020,3,5.2,2025-04-12
Census Tract,12031010305,Black,03/2020,8,8.2,2025-04-12
Census Tract,12031010305,Black,04/2020,0,6.4,2025-04-12
Census Tract,12031010305,Black,05/2020,0,8.4,2025-04-12
Census Tract,12031010305,Black,06/2020,0,8.4,2025-04-12
Census Tract,12031010305,Black,07/2020,0,10.2,2025-04-12
Census Tract,12031010305,Black,08/2020,0,11,2025-04-12
Census Tract,12031010305,Black,09/2020,6,10.4,2025-04-12
Census Tract,12031010305,Black,10/2020,11,10.4,2025-04-12
Census Tract,12031010305,Black,11/2020,7,6.4,2025-04-12
Census Tract,12031010305,Black,12/2020,9,10,2025-04-12
Census Tract,12031010305,Black,01/2021,1,9.8,2025-04-12
Census Tract,12031010305,Black,02/2021,11,5.2,2025-04-12
Census Tract,12031010305,Black,03/2021,9,8.2,2025-04-12
Census Tract,12031010305,Black,04/2021,13,6.4,2025-04-12
Census Tract,12031010305,Black,05/2021,9,8.4,2025-04-12
Census Tract,12031010305,Black,06/2021,9,8.4,2025-04-12
Census Tract,12031010305,Black,07/2021,5,10.2,2025-04-12
Census Tract,12031010305,Black,08/2021,0,11,2025-04-12
Census Tract,12031010305,Black,09/2021,4,10.4,2025-04-12
Census Tract,12031010305,Black,10/2021,1,10.4,2025-04-12
Census Tract,12031010305,Black,11/2021,4,6.4,2025-04-12
Census Tract,12031010305,Black,12/2021,5,10,2025-04-12
Census Tract,12031010305,Black,01/2022,1,9.8,2025-04-12
Census Tract,12031010305,Black,02/2022,1,5.2,2025-04-12
Census Tract,12031010305,Black,03/2022,3,8.2,2025-04-12
Census Tract,12031010305,Black,04/2022,1,6.4,2025-04-12
Census Tract,12031010305,Black,05/2022,1,8.4,2025-04-12
Census Tract,12031010305,Black,06/2022,5,8.4,2025-04-12
Census Tract,12031010305,Black,07/2022,6,10.2,2025-04-12
Census Tract,12031010305,Black,08/2022,0,11,2025-04-12
Census Tract,12031010305,Black,09/2022,4,10.4,2025-04-12
Census Tract,12031010305,Black,10/2022,8,10.4,2025-04-12
Census Tract,12031010305,Black,11/2022,17,6.4,2025-04-12
Census Tract,12031010305,Black,12/2022,15,10,2025-04-12
Census Tract,12031010305,Black,01/2023,26,9.8,2025-04-12
Census Tract,12031010305,Black,02/2023,22,5.2,2025-04-12
Census Tract,12031010305,Black,03/2023,21,8.2,2025-04-12
Census Tract,12031010305,Black,04/2023,6,6.4,2025-04-12
Census Tract,12031010305,Black,05/2023,11,8.4,2025-04-12
Census Tract,12031010305,Black,06/2023,11,8.4,2025-04-12
Census Tract,12031010305,Black,07/2023,10,10.2,2025-04-12
Census Tract,12031010305,Black,08/2023,13,11,2025-04-12
Census Tract,12031010305,Black,09/2023,15,10.4,2025-04-12
Census Tract,12031010305,Black,10/2023,16,10.4,2025-04-12
Census Tract,12031010305,Black,11/2023,10,6.4,2025-04-12
Census Tract,12031010305,Black,12/2023,13,10,2025-04-12
Census Tract,12031010305,Black,01/2024,11,9.8,2025-04-12
Census Tract,12031010305,Black,02/2024,16,5.2,2025-04-12
Census Tract,12031010305,Black,03/2024,4,8.2,2025-04-12
Census Tract,12031010305,Black,04/2024,6,6.4,2025-04-12
Census Tract,12031010305,Black,05/2024,16,8.4,2025-04-12
Census Tract,12031010305,Black,06/2024,13,8.4,2025-04-12
Census Tract,12031010305,Black,07/2024,22,10.2,2025-04-12
Census Tract,12031010305,Black,08/2024,13,11,2025-04-12
Census Tract,12031010305,Black,09/2024,17,10.4,2025-04-12
Census Tract,12031010305,Black,10/2024,6,10.4,2025-04-12
Census Tract,12031010305,Black,11/2024,10,6.4,2025-04-12
Census Tract,12031010305,Black,12/2024,7,10,2025-04-12
Census Tract,12031010305,Black,01/2025,11,9.8,2025-04-12
Census Tract,12031010305,Black,02/2025,9,5.2,2025-04-12
Census Tract,12031010305,Black,03/2025,21,8.2,2025-04-12
Census Tract,12031010305,Black,04/2025,0,1.4,2025-04-12
Census Tract,12031010306,Black,01/2020,4,2.2,2025-04-12
Census Tract,12031010306,Black,02/2020,1,1.4,2025-04-12
Census Tract,12031010306,Black,03/2020,0,1.2,2025-04-12
Census Tract,12031010306,Black,04/2020,0,1.2,2025-04-12
Census Tract,12031010306,Black,05/2020,0,2.4,2025-04-12
Census Tract,12031010306,Black,06/2020,0,1.2,2025-04-12
Census Tract,12031010306,Black,07/2020,0,3.4,2025-04-12
Census Tract,12031010306,Black,08/2020,0,2.4,2025-04-12
Census Tract,12031010306,Black,09/2020,0,3,2025-04-12
Census Tract,12031010306,Black,10/2020,6,2,2025-04-12
Census Tract,12031010306,Black,11/2020,1,2.4,2025-04-12
Census Tract,12031010306,Black,12/2020,1,2.8,2025-04-12
Census Tract,12031010306,Black,01/2021,5,2.2,2025-04-12
Census Tract,12031010306,Black,02/2021,2,1.4,2025-04-12
Census Tract,12031010306,Black,03/2021,2,1.2,2025-04-12
Census Tract,12031010306,Black,04/2021,1,1.2,2025-04-12
Census Tract,12031010306,Black,05/2021,0,2.4,2025-04-12
Census Tract,12031010306,Black,06/2021,0,1.2,2025-04-12
Census Tract,12031010306,Black,07/2021,1,3.4,2025-04-12
Census Tract,12031010306,Black,08/2021,0,2.4,2025-04-12
Census Tract,12031010306,Black,09/2021,2,3,2025-04-12
Census Tract,12031010306,Black,10/2021,0,2,2025-04-12
Census Tract,12031010306,Black,11/2021,0,2.4,2025-04-12
Census Tract,12031010306,Black,12/2021,2,2.8,2025-04-12
Census Tract,12031010306,Black,01/2022,0,2.2,2025-04-12
Census Tract,12031010306,Black,02/2022,0,1.4,2025-04-12
Census Tract,12031010306,Black,03/2022,1,1.2,2025-04-12
Census Tract,12031010306,Black,04/2022,0,1.2,2025-04-12
Census Tract,12031010306,Black,05/2022,0,2.4,2025-04-12
Census Tract,12031010306,Black,06/2022,0,1.2,2025-04-12
Census Tract,12031010306,Black,07/2022,2,3.4,2025-04-12
Census Tract,12031010306,Black,08/2022,0,2.4,2025-04-12
Census Tract,12031010306,Black,09/2022,6,3,2025-04-12
Census Tract,12031010306,Black,10/2022,10,2,2025-04-12
Census Tract,12031010306,Black,11/2022,7,2.4,2025-04-12
Census Tract,12031010306,Black,12/2022,2,2.8,2025-04-12
Census Tract,12031010306,Black,01/2023,1,2.2,2025-04-12
Census Tract,12031010306,Black,02/2023,1,1.4,2025-04-12
Census Tract,12031010306,Black,03/2023,0,1.2,2025-04-12
Census Tract,12031010306,Black,04/2023,0,1.2,2025-04-12
Census Tract,12031010306,Black,05/2023,1,2.4,2025-04-12
Census Tract,12031010306,Black,06/2023,1,1.2,2025-04-12
Census Tract,12031010306,Black,07/2023,0,3.4,2025-04-12
Census Tract,12031010306,Black,08/2023,14,2.4,2025-04-12
Census Tract,12031010306,Black,09/2023,8,3,2025-04-12
Census Tract,12031010306,Black,10/2023,7,2,2025-04-12
Census Tract,12031010306,Black,11/2023,4,2.4,2025-04-12
Census Tract,12031010306,Black,12/2023,1,2.8,2025-04-12
Census Tract,12031010306,Black,01/2024,3,2.2,2025-04-12
Census Tract,12031010306,Black,02/2024,1,1.4,2025-04-12
Census Tract,12031010306,Black,03/2024,0,1.2,2025-04-12
Census Tract,12031010306,Black,04/2024,2,1.2,2025-04-12
Census Tract,12031010306,Black,05/2024,2,2.4,2025-04-12
Census Tract,12031010306,Black,06/2024,2,1.2,2025-04-12
Census Tract,12031010306,Black,07/2024,2,3.4,2025-04-12
Census Tract,12031010306,Black,08/2024,0,2.4,2025-04-12
Census Tract,12031010306,Black,09/2024,2,3,2025-04-12
Census Tract,12031010306,Black,10/2024,1,2,2025-04-12
Census Tract,12031010306,Black,11/2024,3,2.4,2025-04-12
Census Tract,12031010306,Black,12/2024,1,2.8,2025-04-12
Census Tract,12031010306,Black,01/2025,4,2.2,2025-04-12
Census Tract,12031010306,Black,02/2025,3,1.4,2025-04-12
Census Tract,12031010306,Black,03/2025,6,1.2,2025-04-12
Census Tract,12031010306,Black,04/2025,0,0.6,2025-04-12
Census Tract,12031010307,Black,01/2020,8,16,2025-04-12
Census Tract,12031010307,Black,02/2020,1,8.4,2025-04-12
Census Tract,12031010307,Black,03/2020,0,14.6,2025-04-12
Census Tract,12031010307,Black,04/2020,0,15.6,2025-04-12
Census Tract,12031010307,Black,05/2020,0,18.4,2025-04-12
Census Tract,12031010307,Black,06/2020,0,14.2,2025-04-12
Census Tract,12031010307,Black,07/2020,0,19.8,2025-04-12
Census Tract,12031010307,Black,08/2020,0,19.8,2025-04-12
Census Tract,12031010307,Black,09/2020,2,19,2025-04-12
Census Tract,12031010307,Black,10/2020,7,14.8,2025-04-12
Census Tract,12031010307,Black,11/2020,11,19,2025-04-12
Census Tract,12031010307,Black,12/2020,6,21,2025-04-12
Census Tract,12031010307,Black,01/2021,2,16,2025-04-12
Census Tract,12031010307,Black,02/2021,6,8.4,2025-04-12
Census Tract,12031010307,Black,03/2021,5,14.6,2025-04-12
Census Tract,12031010307,Black,04/2021,1,15.6,2025-04-12
Census Tract,12031010307,Black,05/2021,7,18.4,2025-04-12
Census Tract,12031010307,Black,06/2021,3,14.2,2025-04-12
Census Tract,12031010307,Black,07/2021,6,19.8,2025-04-12
Census Tract,12031010307,Black,08/2021,6,19.8,2025-04-12
Census Tract,12031010307,Black,09/2021,3,19,2025-04-12
Census Tract,12031010307,Black,10/2021,2,14.8,2025-04-12
Census Tract,12031010307,Black,11/2021,2,19,2025-04-12
Census Tract,12031010307,Black,12/2021,2,21,2025-04-12
Census Tract,12031010307,Black,01/2022,0,16,2025-04-12
Census Tract,12031010307,Black,02/2022,1,8.4,2025-04-12
Census Tract,12031010307,Black,03/2022,8,14.6,2025-04-12
Census Tract,12031010307,Black,04/2022,12,15.6,2025-04-12
Census Tract,12031010307,Black,05/2022,11,18.4,2025-04-12
Census Tract,12031010307,Black,06/2022,2,14.2,2025-04-12
Census Tract,12031010307,Black,07/2022,11,19.8,2025-04-12
Census Tract,12031010307,Black,08/2022,7,19.8,2025-04-12
Census Tract,12031010307,Black,09/2022,3,19,2025-04-12
Census Tract,12031010307,Black,10/2022,13,14.8,2025-04-12
Census Tract,12031010307,Black,11/2022,4,19,2025-04-12
Census Tract,12031010307,Black,12/2022,46,21,2025-04-12
Census Tract,12031010307,Black,01/2023,23,16,2025-04-12
Census Tract,12031010307,Black,02/2023,27,8.4,2025-04-12
Census Tract,12031010307,Black,03/2023,10,14.6,2025-04-12
Census Tract,12031010307,Black,04/2023,9,15.6,2025-04-12
Census Tract,12031010307,Black,05/2023,27,18.4,2025-04-12
Census Tract,12031010307,Black,06/2023,24,14.2,2025-04-12
Census Tract,12031010307,Black,07/2023,21,19.8,2025-04-12
Census Tract,12031010307,Black,08/2023,19,19.8,2025-04-12
Census Tract,12031010307,Black,09/2023,7,19,2025-04-12
Census Tract,12031010307,Black,10/2023,4,14.8,2025-04-12
Census Tract,12031010307,Black,11/2023,14,19,2025-04-12
Census Tract,12031010307,Black,12/2023,21,21,2025-04-12
Census Tract,12031010307,Black,01/2024,14,16,2025-04-12
Census Tract,12031010307,Black,02/2024,19,8.4,2025-04-12
Census Tract,12031010307,Black,03/2024,9,14.6,2025-04-12
Census Tract,12031010307,Black,04/2024,16,15.6,2025-04-12
Census Tract,12031010307,Black,05/2024,9,18.4,2025-04-12
Census Tract,12031010307,Black,06/2024,16,14.2,2025-04-12
Census Tract,12031010307,Black,07/2024,12,19.8,2025-04-12
Census Tract,12031010307,Black,08/2024,14,19.8,2025-04-12
Census Tract,12031010307,Black,09/2024,9,19,2025-04-12
Census Tract,12031010307,Black,10/2024,18,14.8,2025-04-12
Census Tract,12031010307,Black,11/2024,7,19,2025-04-12
Census Tract,12031010307,Black,12/2024,13,21,2025-04-12
Census Tract,12031010307,Black,01/2025,19,16,2025-04-12
Census Tract,12031010307,Black,02/2025,7,8.4,2025-04-12
Census Tract,12031010307,Black,03/2025,15,14.6,2025-04-12
Census Tract,12031010307,Black,04/2025,0,2.8,2025-04-12
Census Tract,12031010308,Black,01/2020,7,5.8,2025-04-12
Census Tract,12031010308,Black,02/2020,7,2.6,2025-04-12
Census Tract,12031010308,Black,03/2020,2,2.6,2025-04-12
Census Tract,12031010308,Black,04/2020,0,4.2,2025-04-12
Census Tract,12031010308,Black,05/2020,0,1.8,2025-04-12
Census Tract,12031010308,Black,06/2020,1,6.2,2025-04-12
Census Tract,12031010308,Black,07/2020,0,7.6,2025-04-12
Census Tract,12031010308,Black,08/2020,0,3.8,2025-04-12
Census Tract,12031010308,Black,09/2020,4,3.4,2025-04-12
Census Tract,12031010308,Black,10/2020,5,5.8,2025-04-12
Census Tract,12031010308,Black,11/2020,5,3.8,2025-04-12
Census Tract,12031010308,Black,12/2020,7,3.8,2025-04-12
Census Tract,12031010308,Black,01/2021,6,5.8,2025-04-12
Census Tract,12031010308,Black,02/2021,5,2.4,2025-04-12
Census Tract,12031010308,Black,03/2021,10,2.6,2025-04-12
Census Tract,12031010308,Black,04/2021,3,4.2,2025-04-12
Census Tract,12031010308,Black,05/2021,4,1.8,2025-04-12
Census Tract,12031010308,Black,06/2021,2,6.2,2025-04-12
Census Tract,12031010308,Black,07/2021,7,7.6,2025-04-12
Census Tract,12031010308,Black,08/2021,6,3.8,2025-04-12
Census Tract,12031010308,Black,09/2021,5,3.4,2025-04-12
Census Tract,12031010308,Black,10/2021,11,5.8,2025-04-12
Census Tract,12031010308,Black,11/2021,4,3.8,2025-04-12
Census Tract,12031010308,Black,12/2021,6,3.8,2025-04-12
Census Tract,12031010308,Black,01/2022,5,5.8,2025-04-12
Census Tract,12031010308,Black,02/2022,2,2.4,2025-04-12
Census Tract,12031010308,Black,03/2022,2,2.6,2025-04-12
Census Tract,12031010308,Black,04/2022,5,4.2,2025-04-12
Census Tract,12031010308,Black,05/2022,6,1.8,2025-04-12
Census Tract,12031010308,Black,06/2022,4,6.2,2025-04-12
Census Tract,12031010308,Black,07/2022,12,7.6,2025-04-12
Census Tract,12031010308,Black,08/2022,20,3.8,2025-04-12
Census Tract,12031010308,Black,09/2022,8,3.4,2025-04-12
Census Tract,12031010308,Black,10/2022,19,5.8,2025-04-12
Census Tract,12031010308,Black,11/2022,11,3.8,2025-04-12
Census Tract,12031010308,Black,12/2022,4,3.8,2025-04-12
Census Tract,12031010308,Black,01/2023,3,5.8,2025-04-12
Census Tract,12031010308,Black,02/2023,18,2.4,2025-04-12
Census Tract,12031010308,Black,03/2023,8,2.6,2025-04-12
Census Tract,12031010308,Black,04/2023,3,4.2,2025-04-12
Census Tract,12031010308,Black,05/2023,5,1.8,2025-04-12
Census Tract,12031010308,Black,06/2023,3,6.2,2025-04-12
Census Tract,12031010308,Black,07/2023,14,7.6,2025-04-12
Census Tract,12031010308,Black,08/2023,16,3.8,2025-04-12
Census Tract,12031010308,Black,09/2023,5,3.4,2025-04-12
Census Tract,12031010308,Black,10/2023,2,5.8,2025-04-12
Census Tract,12031010308,Black,11/2023,9,3.8,2025-04-12
Census Tract,12031010308,Black,12/2023,10,3.8,2025-04-12
Census Tract,12031010308,Black,01/2024,2,5.8,2025-04-12
Census Tract,12031010308,Black,02/2024,21,2.6,2025-04-12
Census Tract,12031010308,Black,03/2024,7,2.6,2025-04-12
Census Tract,12031010308,Black,04/2024,8,4.2,2025-04-12
Census Tract,12031010308,Black,05/2024,10,1.8,2025-04-12
Census Tract,12031010308,Black,06/2024,6,6.2,2025-04-12
Census Tract,12031010308,Black,07/2024,14,7.6,2025-04-12
Census Tract,12031010308,Black,08/2024,4,3.8,2025-04-12
Census Tract,12031010308,Black,09/2024,4,3.4,2025-04-12
Census Tract,12031010308,Black,10/2024,1,5.8,2025-04-12
Census Tract,12031010308,Black,11/2024,2,3.8,2025-04-12
Census Tract,12031010308,Black,12/2024,6,3.8,2025-04-12
Census Tract,12031010308,Black,01/2025,7,5.8,2025-04-12
Census Tract,12031010308,Black,02/2025,6,2.4,2025-04-12
Census Tract,12031010308,Black,03/2025,8,2.6,2025-04-12
Census Tract,12031010308,Black,04/2025,0,0.8,2025-04-12
Census Tract,12031010401,Black,01/2020,8,15.6,2025-04-12
Census Tract,12031010401,Black,02/2020,6,4,2025-04-12
Census Tract,12031010401,Black,03/2020,1,8,2025-04-12
Census Tract,12031010401,Black,04/2020,0,11.4,2025-04-12
Census Tract,12031010401,Black,05/2020,0,12.8,2025-04-12
Census Tract,12031010401,Black,06/2020,0,8,2025-04-12
Census Tract,12031010401,Black,07/2020,0,12,2025-04-12
Census Tract,12031010401,Black,08/2020,1,11.6,2025-04-12
Census Tract,12031010401,Black,09/2020,6,5.6,2025-04-12
Census Tract,12031010401,Black,10/2020,10,9,2025-04-12
Census Tract,12031010401,Black,11/2020,4,6.4,2025-04-12
Census Tract,12031010401,Black,12/2020,5,8,2025-04-12
Census Tract,12031010401,Black,01/2021,2,15.6,2025-04-12
Census Tract,12031010401,Black,02/2021,4,4,2025-04-12
Census Tract,12031010401,Black,03/2021,5,8,2025-04-12
Census Tract,12031010401,Black,04/2021,6,11.4,2025-04-12
Census Tract,12031010401,Black,05/2021,0,12.8,2025-04-12
Census Tract,12031010401,Black,06/2021,4,8,2025-04-12
Census Tract,12031010401,Black,07/2021,7,12,2025-04-12
Census Tract,12031010401,Black,08/2021,3,11.6,2025-04-12
Census Tract,12031010401,Black,09/2021,8,5.6,2025-04-12
Census Tract,12031010401,Black,10/2021,5,9,2025-04-12
Census Tract,12031010401,Black,11/2021,6,6.4,2025-04-12
Census Tract,12031010401,Black,12/2021,1,8,2025-04-12
Census Tract,12031010401,Black,01/2022,3,15.6,2025-04-12
Census Tract,12031010401,Black,02/2022,3,4,2025-04-12
Census Tract,12031010401,Black,03/2022,4,8,2025-04-12
Census Tract,12031010401,Black,04/2022,4,11.4,2025-04-12
Census Tract,12031010401,Black,05/2022,4,12.8,2025-04-12
Census Tract,12031010401,Black,06/2022,9,8,2025-04-12
Census Tract,12031010401,Black,07/2022,9,12,2025-04-12
Census Tract,12031010401,Black,08/2022,5,11.6,2025-04-12
Census Tract,12031010401,Black,09/2022,7,5.6,2025-04-12
Census Tract,12031010401,Black,10/2022,1,9,2025-04-12
Census Tract,12031010401,Black,11/2022,9,6.4,2025-04-12
Census Tract,12031010401,Black,12/2022,4,8,2025-04-12
Census Tract,12031010401,Black,01/2023,7,15.6,2025-04-12
Census Tract,12031010401,Black,02/2023,13,4,2025-04-12
Census Tract,12031010401,Black,03/2023,4,8,2025-04-12
Census Tract,12031010401,Black,04/2023,5,11.4,2025-04-12
Census Tract,12031010401,Black,05/2023,7,12.8,2025-04-12
Census Tract,12031010401,Black,06/2023,9,8,2025-04-12
Census Tract,12031010401,Black,07/2023,8,12,2025-04-12
Census Tract,12031010401,Black,08/2023,10,11.6,2025-04-12
Census Tract,12031010401,Black,09/2023,10,5.6,2025-04-12
Census Tract,12031010401,Black,10/2023,7,9,2025-04-12
Census Tract,12031010401,Black,11/2023,7,6.4,2025-04-12
Census Tract,12031010401,Black,12/2023,2,8,2025-04-12
Census Tract,12031010401,Black,01/2024,14,15.6,2025-04-12
Census Tract,12031010401,Black,02/2024,17,4,2025-04-12
Census Tract,12031010401,Black,03/2024,10,8,2025-04-12
Census Tract,12031010401,Black,04/2024,8,11.4,2025-04-12
Census Tract,12031010401,Black,05/2024,6,12.8,2025-04-12
Census Tract,12031010401,Black,06/2024,12,8,2025-04-12
Census Tract,12031010401,Black,07/2024,5,12,2025-04-12
Census Tract,12031010401,Black,08/2024,12,11.6,2025-04-12
Census Tract,12031010401,Black,09/2024,4,5.6,2025-04-12
Census Tract,12031010401,Black,10/2024,10,9,2025-04-12
Census Tract,12031010401,Black,11/2024,6,6.4,2025-04-12
Census Tract,12031010401,Black,12/2024,5,8,2025-04-12
Census Tract,12031010401,Black,01/2025,9,15.6,2025-04-12
Census Tract,12031010401,Black,02/2025,8,4,2025-04-12
Census Tract,12031010401,Black,03/2025,10,8,2025-04-12
Census Tract,12031010401,Black,04/2025,0,0.8,2025-04-12
Census Tract,12031010402,Black,01/2020,13,19.6,2025-04-12
Census Tract,12031010402,Black,02/2020,12,9.6,2025-04-12
Census Tract,12031010402,Black,03/2020,8,12.6,2025-04-12
Census Tract,12031010402,Black,04/2020,0,16,2025-04-12
Census Tract,12031010402,Black,05/2020,1,12.4,2025-04-12
Census Tract,12031010402,Black,06/2020,0,15.6,2025-04-12
Census Tract,12031010402,Black,07/2020,1,14.4,2025-04-12
Census Tract,12031010402,Black,08/2020,13,20,2025-04-12
Census Tract,12031010402,Black,09/2020,16,16.4,2025-04-12
Census Tract,12031010402,Black,10/2020,7,15.4,2025-04-12
Census Tract,12031010402,Black,11/2020,1,18.2,2025-04-12
Census Tract,12031010402,Black,12/2020,6,19.4,2025-04-12
Census Tract,12031010402,Black,01/2021,9,19.6,2025-04-12
Census Tract,12031010402,Black,02/2021,10,9.6,2025-04-12
Census Tract,12031010402,Black,03/2021,11,12.6,2025-04-12
Census Tract,12031010402,Black,04/2021,6,16,2025-04-12
Census Tract,12031010402,Black,05/2021,1,12.4,2025-04-12
Census Tract,12031010402,Black,06/2021,3,15.6,2025-04-12
Census Tract,12031010402,Black,07/2021,16,14.4,2025-04-12
Census Tract,12031010402,Black,08/2021,12,20,2025-04-12
Census Tract,12031010402,Black,09/2021,10,16.4,2025-04-12
Census Tract,12031010402,Black,10/2021,4,15.4,2025-04-12
Census Tract,12031010402,Black,11/2021,1,18.2,2025-04-12
Census Tract,12031010402,Black,12/2021,2,19.4,2025-04-12
Census Tract,12031010402,Black,01/2022,15,19.6,2025-04-12
Census Tract,12031010402,Black,02/2022,5,9.6,2025-04-12
Census Tract,12031010402,Black,03/2022,3,12.6,2025-04-12
Census Tract,12031010402,Black,04/2022,5,16,2025-04-12
Census Tract,12031010402,Black,05/2022,9,12.4,2025-04-12
Census Tract,12031010402,Black,06/2022,7,15.6,2025-04-12
Census Tract,12031010402,Black,07/2022,17,14.4,2025-04-12
Census Tract,12031010402,Black,08/2022,15,20,2025-04-12
Census Tract,12031010402,Black,09/2022,7,16.4,2025-04-12
Census Tract,12031010402,Black,10/2022,21,15.4,2025-04-12
Census Tract,12031010402,Black,11/2022,11,18.2,2025-04-12
Census Tract,12031010402,Black,12/2022,9,19.4,2025-04-12
Census Tract,12031010402,Black,01/2023,9,19.6,2025-04-12
Census Tract,12031010402,Black,02/2023,16,9.6,2025-04-12
Census Tract,12031010402,Black,03/2023,13,12.6,2025-04-12
Census Tract,12031010402,Black,04/2023,13,16,2025-04-12
Census Tract,12031010402,Black,05/2023,15,12.4,2025-04-12
Census Tract,12031010402,Black,06/2023,25,15.6,2025-04-12
Census Tract,12031010402,Black,07/2023,4,14.4,2025-04-12
Census Tract,12031010402,Black,08/2023,28,20,2025-04-12
Census Tract,12031010402,Black,09/2023,17,16.4,2025-04-12
Census Tract,12031010402,Black,10/2023,8,15.4,2025-04-12
Census Tract,12031010402,Black,11/2023,14,18.2,2025-04-12
Census Tract,12031010402,Black,12/2023,1,19.4,2025-04-12
Census Tract,12031010402,Black,01/2024,13,19.6,2025-04-12
Census Tract,12031010402,Black,02/2024,16,9.6,2025-04-12
Census Tract,12031010402,Black,03/2024,12,12.6,2025-04-12
Census Tract,12031010402,Black,04/2024,13,16,2025-04-12
Census Tract,12031010402,Black,05/2024,18,12.4,2025-04-12
Census Tract,12031010402,Black,06/2024,31,15.6,2025-04-12
Census Tract,12031010402,Black,07/2024,16,14.4,2025-04-12
Census Tract,12031010402,Black,08/2024,12,20,2025-04-12
Census Tract,12031010402,Black,09/2024,26,16.4,2025-04-12
Census Tract,12031010402,Black,10/2024,18,15.4,2025-04-12
Census Tract,12031010402,Black,11/2024,13,18.2,2025-04-12
Census Tract,12031010402,Black,12/2024,5,19.4,2025-04-12
Census Tract,12031010402,Black,01/2025,40,19.6,2025-04-12
Census Tract,12031010402,Black,02/2025,20,9.6,2025-04-12
Census Tract,12031010402,Black,03/2025,16,12.6,2025-04-12
Census Tract,12031010402,Black,04/2025,0,2.4,2025-04-12
Census Tract,12031010501,Black,01/2020,2,0.6,2025-04-12
Census Tract,12031010501,Black,02/2020,0,0.8,2025-04-12
Census Tract,12031010501,Black,03/2020,0,1.2,2025-04-12
Census Tract,12031010501,Black,04/2020,0,0.8,2025-04-12
Census Tract,12031010501,Black,05/2020,0,0.8,2025-04-12
Census Tract,12031010501,Black,06/2020,0,0.8,2025-04-12
Census Tract,12031010501,Black,07/2020,0,1.4,2025-04-12
Census Tract,12031010501,Black,08/2020,1,0.4,2025-04-12
Census Tract,12031010501,Black,09/2020,0,0.6,2025-04-12
Census Tract,12031010501,Black,10/2020,2,0.6,2025-04-12
Census Tract,12031010501,Black,11/2020,0,1.4,2025-04-12
Census Tract,12031010501,Black,12/2020,0,1.2,2025-04-12
Census Tract,12031010501,Black,01/2021,0,0.6,2025-04-12
Census Tract,12031010501,Black,02/2021,1,0.8,2025-04-12
Census Tract,12031010501,Black,03/2021,1,1.2,2025-04-12
Census Tract,12031010501,Black,04/2021,0,0.8,2025-04-12
Census Tract,12031010501,Black,05/2021,0,0.8,2025-04-12
Census Tract,12031010501,Black,06/2021,0,0.8,2025-04-12
Census Tract,12031010501,Black,07/2021,0,1.4,2025-04-12
Census Tract,12031010501,Black,08/2021,2,0.4,2025-04-12
Census Tract,12031010501,Black,09/2021,1,0.6,2025-04-12
Census Tract,12031010501,Black,10/2021,0,0.6,2025-04-12
Census Tract,12031010501,Black,11/2021,0,1.4,2025-04-12
Census Tract,12031010501,Black,12/2021,0,1.2,2025-04-12
Census Tract,12031010501,Black,01/2022,0,0.6,2025-04-12
Census Tract,12031010501,Black,02/2022,0,0.8,2025-04-12
Census Tract,12031010501,Black,03/2022,0,1.2,2025-04-12
Census Tract,12031010501,Black,04/2022,1,0.8,2025-04-12
Census Tract,12031010501,Black,05/2022,1,0.8,2025-04-12
Census Tract,12031010501,Black,06/2022,1,0.8,2025-04-12
Census Tract,12031010501,Black,07/2022,2,1.4,2025-04-12
Census Tract,12031010501,Black,08/2022,5,0.4,2025-04-12
Census Tract,12031010501,Black,09/2022,0,0.6,2025-04-12
Census Tract,12031010501,Black,10/2022,2,0.6,2025-04-12
Census Tract,12031010501,Black,11/2022,1,1.4,2025-04-12
Census Tract,12031010501,Black,12/2022,2,1.2,2025-04-12
Census Tract,12031010501,Black,01/2023,2,0.6,2025-04-12
Census Tract,12031010501,Black,02/2023,4,0.8,2025-04-12
Census Tract,12031010501,Black,03/2023,3,1.2,2025-04-12
Census Tract,12031010501,Black,04/2023,2,0.8,2025-04-12
Census Tract,12031010501,Black,05/2023,4,0.8,2025-04-12
Census Tract,12031010501,Black,06/2023,4,0.8,2025-04-12
Census Tract,12031010501,Black,07/2023,0,1.4,2025-04-12
Census Tract,12031010501,Black,08/2023,2,0.4,2025-04-12
Census Tract,12031010501,Black,09/2023,1,0.6,2025-04-12
Census Tract,12031010501,Black,10/2023,0,0.6,2025-04-12
Census Tract,12031010501,Black,11/2023,1,1.4,2025-04-12
Census Tract,12031010501,Black,12/2023,1,1.2,2025-04-12
Census Tract,12031010501,Black,01/2024,7,0.6,2025-04-12
Census Tract,12031010501,Black,02/2024,2,0.8,2025-04-12
Census Tract,12031010501,Black,03/2024,3,1.2,2025-04-12
Census Tract,12031010501,Black,04/2024,4,0.8,2025-04-12
Census Tract,12031010501,Black,05/2024,1,0.8,2025-04-12
Census Tract,12031010501,Black,06/2024,0,0.8,2025-04-12
Census Tract,12031010501,Black,07/2024,4,1.4,2025-04-12
Census Tract,12031010501,Black,08/2024,6,0.4,2025-04-12
Census Tract,12031010501,Black,09/2024,3,0.6,2025-04-12
Census Tract,12031010501,Black,10/2024,2,0.6,2025-04-12
Census Tract,12031010501,Black,11/2024,4,1.4,2025-04-12
Census Tract,12031010501,Black,12/2024,5,1.2,2025-04-12
Census Tract,12031010501,Black,01/2025,6,0.6,2025-04-12
Census Tract,12031010501,Black,02/2025,5,0.8,2025-04-12
Census Tract,12031010501,Black,03/2025,4,1.2,2025-04-12
Census Tract,12031010501,Black,04/2025,0,0.6,2025-04-12
Census Tract,12031010502,White,01/2020,1,2,2025-04-12
Census Tract,12031010502,White,02/2020,1,2,2025-04-12
Census Tract,12031010502,White,03/2020,0,1.4,2025-04-12
Census Tract,12031010502,White,04/2020,0,1,2025-04-12
Census Tract,12031010502,White,05/2020,0,1.2,2025-04-12
Census Tract,12031010502,White,06/2020,0,3.2,2025-04-12
Census Tract,12031010502,White,07/2020,1,2.6,2025-04-12
Census Tract,12031010502,White,08/2020,0,1.8,2025-04-12
Census Tract,12031010502,White,09/2020,1,2,2025-04-12
Census Tract,12031010502,White,10/2020,0,1.2,2025-04-12
Census Tract,12031010502,White,11/2020,3,1.4,2025-04-12
Census Tract,12031010502,White,12/2020,1,1.8,2025-04-12
Census Tract,12031010502,White,01/2021,2,2,2025-04-12
Census Tract,12031010502,White,02/2021,4,1.8,2025-04-12
Census Tract,12031010502,White,03/2021,1,1.4,2025-04-12
Census Tract,12031010502,White,04/2021,0,1,2025-04-12
Census Tract,12031010502,White,05/2021,1,1.2,2025-04-12
Census Tract,12031010502,White,06/2021,0,3.2,2025-04-12
Census Tract,12031010502,White,07/2021,2,2.6,2025-04-12
Census Tract,12031010502,White,08/2021,0,1.8,2025-04-12
Census Tract,12031010502,White,09/2021,2,2,2025-04-12
Census Tract,12031010502,White,10/2021,1,1.2,2025-04-12
Census Tract,12031010502,White,11/2021,0,1.4,2025-04-12
Census Tract,12031010502,White,12/2021,1,1.8,2025-04-12
Census Tract,12031010502,White,01/2022,0,2,2025-04-12
Census Tract,12031010502,White,02/2022,3,1.8,2025-04-12
Census Tract,12031010502,White,03/2022,1,1.4,2025-04-12
Census Tract,12031010502,White,04/2022,1,1,2025-04-12
Census Tract,12031010502,White,05/2022,3,1.2,2025-04-12
Census Tract,12031010502,White,06/2022,1,3.2,2025-04-12
Census Tract,12031010502,White,07/2022,2,2.6,2025-04-12
Census Tract,12031010502,White,08/2022,1,1.8,2025-04-12
Census Tract,12031010502,White,09/2022,2,2,2025-04-12
Census Tract,12031010502,White,10/2022,1,1.2,2025-04-12
Census Tract,12031010502,White,11/2022,2,1.4,2025-04-12
Census Tract,12031010502,White,12/2022,0,1.8,2025-04-12
Census Tract,12031010502,White,01/2023,1,2,2025-04-12
Census Tract,12031010502,White,02/2023,4,1.8,2025-04-12
Census Tract,12031010502,White,03/2023,2,1.4,2025-04-12
Census Tract,12031010502,White,04/2023,4,1,2025-04-12
Census Tract,12031010502,White,05/2023,3,1.2,2025-04-12
Census Tract,12031010502,White,06/2023,3,3.2,2025-04-12
Census Tract,12031010502,White,07/2023,0,2.6,2025-04-12
Census Tract,12031010502,White,08/2023,3,1.8,2025-04-12
Census Tract,12031010502,White,09/2023,0,2,2025-04-12
Census Tract,12031010502,White,10/2023,3,1.2,2025-04-12
Census Tract,12031010502,White,11/2023,3,1.4,2025-04-12
Census Tract,12031010502,White,12/2023,8,1.8,2025-04-12
Census Tract,12031010502,White,01/2024,2,2,2025-04-12
Census Tract,12031010502,White,02/2024,4,2,2025-04-12
Census Tract,12031010502,White,03/2024,4,1.4,2025-04-12
Census Tract,12031010502,White,04/2024,3,1,2025-04-12
Census Tract,12031010502,White,05/2024,3,1.2,2025-04-12
Census Tract,12031010502,White,06/2024,2,3.2,2025-04-12
Census Tract,12031010502,White,07/2024,1,2.6,2025-04-12
Census Tract,12031010502,White,08/2024,4,1.8,2025-04-12
Census Tract,12031010502,White,09/2024,3,2,2025-04-12
Census Tract,12031010502,White,10/2024,2,1.2,2025-04-12
Census Tract,12031010502,White,11/2024,1,1.4,2025-04-12
Census Tract,12031010502,White,12/2024,1,1.8,2025-04-12
Census Tract,12031010502,White,01/2025,4,2,2025-04-12
Census Tract,12031010502,White,02/2025,1,1.8,2025-04-12
Census Tract,12031010502,White,03/2025,3,1.4,2025-04-12
Census Tract,12031010502,White,04/2025,0,0.2,2025-04-12
Census Tract,12031010503,Black,01/2020,3,8,2025-04-12
Census Tract,12031010503,Black,02/2020,8,4,2025-04-12
Census Tract,12031010503,Black,03/2020,0,6,2025-04-12
Census Tract,12031010503,Black,04/2020,0,8,2025-04-12
Census Tract,12031010503,Black,05/2020,0,8,2025-04-12
Census Tract,12031010503,Black,06/2020,0,9.8,2025-04-12
Census Tract,12031010503,Black,07/2020,0,9.6,2025-04-12
Census Tract,12031010503,Black,08/2020,4,9.6,2025-04-12
Census Tract,12031010503,Black,09/2020,4,8,2025-04-12
Census Tract,12031010503,Black,10/2020,3,7.6,2025-04-12
Census Tract,12031010503,Black,11/2020,6,6.2,2025-04-12
Census Tract,12031010503,Black,12/2020,5,6.6,2025-04-12
Census Tract,12031010503,Black,01/2021,3,8,2025-04-12
Census Tract,12031010503,Black,02/2021,4,4,2025-04-12
Census Tract,12031010503,Black,03/2021,5,6,2025-04-12
Census Tract,12031010503,Black,04/2021,4,8,2025-04-12
Census Tract,12031010503,Black,05/2021,1,8,2025-04-12
Census Tract,12031010503,Black,06/2021,7,9.8,2025-04-12
Census Tract,12031010503,Black,07/2021,2,9.6,2025-04-12
Census Tract,12031010503,Black,08/2021,3,9.6,2025-04-12
Census Tract,12031010503,Black,09/2021,7,8,2025-04-12
Census Tract,12031010503,Black,10/2021,5,7.6,2025-04-12
Census Tract,12031010503,Black,11/2021,10,6.2,2025-04-12
Census Tract,12031010503,Black,12/2021,12,6.6,2025-04-12
Census Tract,12031010503,Black,01/2022,6,8,2025-04-12
Census Tract,12031010503,Black,02/2022,10,4,2025-04-12
Census Tract,12031010503,Black,03/2022,5,6,2025-04-12
Census Tract,12031010503,Black,04/2022,8,8,2025-04-12
Census Tract,12031010503,Black,05/2022,10,8,2025-04-12
Census Tract,12031010503,Black,06/2022,7,9.8,2025-04-12
Census Tract,12031010503,Black,07/2022,6,9.6,2025-04-12
Census Tract,12031010503,Black,08/2022,12,9.6,2025-04-12
Census Tract,12031010503,Black,09/2022,10,8,2025-04-12
Census Tract,12031010503,Black,10/2022,9,7.6,2025-04-12
Census Tract,12031010503,Black,11/2022,7,6.2,2025-04-12
Census Tract,12031010503,Black,12/2022,10,6.6,2025-04-12
Census Tract,12031010503,Black,01/2023,5,8,2025-04-12
Census Tract,12031010503,Black,02/2023,13,4,2025-04-12
Census Tract,12031010503,Black,03/2023,4,6,2025-04-12
Census Tract,12031010503,Black,04/2023,9,8,2025-04-12
Census Tract,12031010503,Black,05/2023,7,8,2025-04-12
Census Tract,12031010503,Black,06/2023,8,9.8,2025-04-12
Census Tract,12031010503,Black,07/2023,3,9.6,2025-04-12
Census Tract,12031010503,Black,08/2023,9,9.6,2025-04-12
Census Tract,12031010503,Black,09/2023,5,8,2025-04-12
Census Tract,12031010503,Black,10/2023,11,7.6,2025-04-12
Census Tract,12031010503,Black,11/2023,6,6.2,2025-04-12
Census Tract,12031010503,Black,12/2023,12,6.6,2025-04-12
Census Tract,12031010503,Black,01/2024,12,8,2025-04-12
Census Tract,12031010503,Black,02/2024,8,4,2025-04-12
Census Tract,12031010503,Black,03/2024,4,6,2025-04-12
Census Tract,12031010503,Black,04/2024,3,8,2025-04-12
Census Tract,12031010503,Black,05/2024,9,8,2025-04-12
Census Tract,12031010503,Black,06/2024,8,9.8,2025-04-12
Census Tract,12031010503,Black,07/2024,5,9.6,2025-04-12
Census Tract,12031010503,Black,08/2024,10,9.6,2025-04-12
Census Tract,12031010503,Black,09/2024,7,8,2025-04-12
Census Tract,12031010503,Black,10/2024,4,7.6,2025-04-12
Census Tract,12031010503,Black,11/2024,5,6.2,2025-04-12
Census Tract,12031010503,Black,12/2024,7,6.6,2025-04-12
Census Tract,12031010503,Black,01/2025,10,8,2025-04-12
Census Tract,12031010503,Black,02/2025,9,4,2025-04-12
Census Tract,12031010503,Black,03/2025,7,6,2025-04-12
Census Tract,12031010503,Black,04/2025,0,1.6,2025-04-12
Census Tract,12031010601,White,01/2020,1,1.4,2025-04-12
Census Tract,12031010601,White,02/2020,1,1.2,2025-04-12
Census Tract,12031010601,White,03/2020,0,0.2,2025-04-12
Census Tract,12031010601,White,04/2020,0,0.4,2025-04-12
Census Tract,12031010601,White,05/2020,0,2.6,2025-04-12
Census Tract,12031010601,White,06/2020,0,1,2025-04-12
Census Tract,12031010601,White,07/2020,0,2.2,2025-04-12
Census Tract,12031010601,White,08/2020,3,2.2,2025-04-12
Census Tract,12031010601,White,09/2020,2,2,2025-04-12
Census Tract,12031010601,White,10/2020,3,2.4,2025-04-12
Census Tract,12031010601,White,11/2020,3,1,2025-04-12
Census Tract,12031010601,White,12/2020,0,0.8,2025-04-12
Census Tract,12031010601,White,01/2021,4,1.4,2025-04-12
Census Tract,12031010601,White,02/2021,1,1.2,2025-04-12
Census Tract,12031010601,White,03/2021,2,0.2,2025-04-12
Census Tract,12031010601,White,04/2021,2,0.4,2025-04-12
Census Tract,12031010601,White,05/2021,2,2.6,2025-04-12
Census Tract,12031010601,White,06/2021,2,1,2025-04-12
Census Tract,12031010601,White,07/2021,3,2.2,2025-04-12
Census Tract,12031010601,White,08/2021,0,2.2,2025-04-12
Census Tract,12031010601,White,09/2021,1,2,2025-04-12
Census Tract,12031010601,White,10/2021,2,2.4,2025-04-12
Census Tract,12031010601,White,11/2021,0,1,2025-04-12
Census Tract,12031010601,White,12/2021,0,0.8,2025-04-12
Census Tract,12031010601,White,01/2022,3,1.4,2025-04-12
Census Tract,12031010601,White,02/2022,2,1.2,2025-04-12
Census Tract,12031010601,White,03/2022,6,0.2,2025-04-12
Census Tract,12031010601,White,04/2022,2,0.4,2025-04-12
Census Tract,12031010601,White,05/2022,4,2.6,2025-04-12
Census Tract,12031010601,White,06/2022,0,1,2025-04-12
Census Tract,12031010601,White,07/2022,3,2.2,2025-04-12
Census Tract,12031010601,White,08/2022,4,2.2,2025-04-12
Census Tract,12031010601,White,09/2022,3,2,2025-04-12
Census Tract,12031010601,White,10/2022,2,2.4,2025-04-12
Census Tract,12031010601,White,11/2022,3,1,2025-04-12
Census Tract,12031010601,White,12/2022,0,0.8,2025-04-12
Census Tract,12031010601,White,01/2023,2,1.4,2025-04-12
Census Tract,12031010601,White,02/2023,5,1.2,2025-04-12
Census Tract,12031010601,White,03/2023,2,0.2,2025-04-12
Census Tract,12031010601,White,04/2023,2,0.4,2025-04-12
Census Tract,12031010601,White,05/2023,6,2.6,2025-04-12
Census Tract,12031010601,White,06/2023,3,1,2025-04-12
Census Tract,12031010601,White,07/2023,3,2.2,2025-04-12
Census Tract,12031010601,White,08/2023,3,2.2,2025-04-12
Census Tract,12031010601,White,09/2023,0,2,2025-04-12
Census Tract,12031010601,White,10/2023,6,2.4,2025-04-12
Census Tract,12031010601,White,11/2023,1,1,2025-04-12
Census Tract,12031010601,White,12/2023,1,0.8,2025-04-12
Census Tract,12031010601,White,01/2024,5,1.4,2025-04-12
Census Tract,12031010601,White,02/2024,2,1.2,2025-04-12
Census Tract,12031010601,White,03/2024,7,0.2,2025-04-12
Census Tract,12031010601,White,04/2024,6,0.4,2025-04-12
Census Tract,12031010601,White,05/2024,5,2.6,2025-04-12
Census Tract,12031010601,White,06/2024,2,1,2025-04-12
Census Tract,12031010601,White,07/2024,4,2.2,2025-04-12
Census Tract,12031010601,White,08/2024,0,2.2,2025-04-12
Census Tract,12031010601,White,09/2024,2,2,2025-04-12
Census Tract,12031010601,White,10/2024,0,2.4,2025-04-12
Census Tract,12031010601,White,11/2024,2,1,2025-04-12
Census Tract,12031010601,White,12/2024,4,0.8,2025-04-12
Census Tract,12031010601,White,01/2025,2,1.4,2025-04-12
Census Tract,12031010601,White,02/2025,7,1.2,2025-04-12
Census Tract,12031010601,White,03/2025,4,0.2,2025-04-12
Census Tract,12031010601,White,04/2025,0,0.2,2025-04-12
Census Tract,12031010602,White,01/2020,2,0.2,2025-04-12
Census Tract,12031010602,White,02/2020,1,0,2025-04-12
Census Tract,12031010602,White,03/2020,0,0.2,2025-04-12
Census Tract,12031010602,White,04/2020,0,0.2,2025-04-12
Census Tract,12031010602,White,05/2020,0,0,2025-04-12
Census Tract,12031010602,White,06/2020,0,0.2,2025-04-12
Census Tract,12031010602,White,07/2020,0,0,2025-04-12
Census Tract,12031010602,White,08/2020,2,0.2,2025-04-12
Census Tract,12031010602,White,09/2020,0,0,2025-04-12
Census Tract,12031010602,White,10/2020,0,0,2025-04-12
Census Tract,12031010602,White,11/2020,1,0.2,2025-04-12
Census Tract,12031010602,White,12/2020,0,0.4,2025-04-12
Census Tract,12031010602,White,01/2021,0,0.2,2025-04-12
Census Tract,12031010602,White,02/2021,0,0,2025-04-12
Census Tract,12031010602,White,03/2021,0,0.2,2025-04-12
Census Tract,12031010602,White,04/2021,0,0.2,2025-04-12
Census Tract,12031010602,White,05/2021,1,0,2025-04-12
Census Tract,12031010602,White,06/2021,0,0.2,2025-04-12
Census Tract,12031010602,White,07/2021,1,0,2025-04-12
Census Tract,12031010602,White,08/2021,0,0.2,2025-04-12
Census Tract,12031010602,White,09/2021,0,0,2025-04-12
Census Tract,12031010602,White,10/2021,1,0,2025-04-12
Census Tract,12031010602,White,11/2021,0,0.2,2025-04-12
Census Tract,12031010602,White,12/2021,1,0.4,2025-04-12
Census Tract,12031010602,White,01/2022,2,0.2,2025-04-12
Census Tract,12031010602,White,02/2022,1,0,2025-04-12
Census Tract,12031010602,White,03/2022,1,0.2,2025-04-12
Census Tract,12031010602,White,04/2022,3,0.2,2025-04-12
Census Tract,12031010602,White,05/2022,2,0,2025-04-12
Census Tract,12031010602,White,06/2022,2,0.2,2025-04-12
Census Tract,12031010602,White,07/2022,3,0,2025-04-12
Census Tract,12031010602,White,08/2022,3,0.2,2025-04-12
Census Tract,12031010602,White,09/2022,5,0,2025-04-12
Census Tract,12031010602,White,10/2022,2,0,2025-04-12
Census Tract,12031010602,White,11/2022,2,0.2,2025-04-12
Census Tract,12031010602,White,12/2022,2,0.4,2025-04-12
Census Tract,12031010602,White,01/2023,5,0.2,2025-04-12
Census Tract,12031010602,White,02/2023,0,0,2025-04-12
Census Tract,12031010602,White,03/2023,1,0.2,2025-04-12
Census Tract,12031010602,White,04/2023,2,0.2,2025-04-12
Census Tract,12031010602,White,05/2023,1,0,2025-04-12
Census Tract,12031010602,White,06/2023,0,0.2,2025-04-12
Census Tract,12031010602,White,07/2023,1,0,2025-04-12
Census Tract,12031010602,White,08/2023,2,0.2,2025-04-12
Census Tract,12031010602,White,09/2023,1,0,2025-04-12
Census Tract,12031010602,White,10/2023,1,0,2025-04-12
Census Tract,12031010602,White,11/2023,2,0.2,2025-04-12
Census Tract,12031010602,White,12/2023,3,0.4,2025-04-12
Census Tract,12031010602,White,01/2024,3,0.2,2025-04-12
Census Tract,12031010602,White,02/2024,3,0,2025-04-12
Census Tract,12031010602,White,03/2024,0,0.2,2025-04-12
Census Tract,12031010602,White,04/2024,6,0.2,2025-04-12
Census Tract,12031010602,White,05/2024,2,0,2025-04-12
Census Tract,12031010602,White,06/2024,4,0.2,2025-04-12
Census Tract,12031010602,White,07/2024,1,0,2025-04-12
Census Tract,12031010602,White,08/2024,3,0.2,2025-04-12
Census Tract,12031010602,White,09/2024,1,0,2025-04-12
Census Tract,12031010602,White,10/2024,3,0,2025-04-12
Census Tract,12031010602,White,11/2024,1,0.2,2025-04-12
Census Tract,12031010602,White,12/2024,1,0.4,2025-04-12
Census Tract,12031010602,White,01/2025,2,0.2,2025-04-12
Census Tract,12031010602,White,02/2025,2,0,2025-04-12
Census Tract,12031010602,White,03/2025,2,0.2,2025-04-12
Census Tract,12031010602,White,04/2025,0,0.2,2025-04-12
Census Tract,12031010700,Black,01/2020,7,2.8,2025-04-12
Census Tract,12031010700,Black,02/2020,7,3,2025-04-12
Census Tract,12031010700,Black,03/2020,2,1.8,2025-04-12
Census Tract,12031010700,Black,04/2020,0,5.2,2025-04-12
Census Tract,12031010700,Black,05/2020,1,3,2025-04-12
Census Tract,12031010700,Black,06/2020,0,3,2025-04-12
Census Tract,12031010700,Black,07/2020,0,3.6,2025-04-12
Census Tract,12031010700,Black,08/2020,3,4.2,2025-04-12
Census Tract,12031010700,Black,09/2020,7,7.4,2025-04-12
Census Tract,12031010700,Black,10/2020,3,3.2,2025-04-12
Census Tract,12031010700,Black,11/2020,6,2.6,2025-04-12
Census Tract,12031010700,Black,12/2020,3,3.2,2025-04-12
Census Tract,12031010700,Black,01/2021,2,2.8,2025-04-12
Census Tract,12031010700,Black,02/2021,4,3,2025-04-12
Census Tract,12031010700,Black,03/2021,3,1.8,2025-04-12
Census Tract,12031010700,Black,04/2021,3,5.2,2025-04-12
Census Tract,12031010700,Black,05/2021,2,3,2025-04-12
Census Tract,12031010700,Black,06/2021,1,3,2025-04-12
Census Tract,12031010700,Black,07/2021,4,3.6,2025-04-12
Census Tract,12031010700,Black,08/2021,1,4.2,2025-04-12
Census Tract,12031010700,Black,09/2021,3,7.4,2025-04-12
Census Tract,12031010700,Black,10/2021,7,3.2,2025-04-12
Census Tract,12031010700,Black,11/2021,1,2.6,2025-04-12
Census Tract,12031010700,Black,12/2021,5,3.2,2025-04-12
Census Tract,12031010700,Black,01/2022,2,2.8,2025-04-12
Census Tract,12031010700,Black,02/2022,2,3,2025-04-12
Census Tract,12031010700,Black,03/2022,2,1.8,2025-04-12
Census Tract,12031010700,Black,04/2022,3,5.2,2025-04-12
Census Tract,12031010700,Black,05/2022,5,3,2025-04-12
Census Tract,12031010700,Black,06/2022,8,3,2025-04-12
Census Tract,12031010700,Black,07/2022,3,3.6,2025-04-12
Census Tract,12031010700,Black,08/2022,6,4.2,2025-04-12
Census Tract,12031010700,Black,09/2022,2,7.4,2025-04-12
Census Tract,12031010700,Black,10/2022,5,3.2,2025-04-12
Census Tract,12031010700,Black,11/2022,5,2.6,2025-04-12
Census Tract,12031010700,Black,12/2022,4,3.2,2025-04-12
Census Tract,12031010700,Black,01/2023,8,2.8,2025-04-12
Census Tract,12031010700,Black,02/2023,3,3,2025-04-12
Census Tract,12031010700,Black,03/2023,2,1.8,2025-04-12
Census Tract,12031010700,Black,04/2023,4,5.2,2025-04-12
Census Tract,12031010700,Black,05/2023,6,3,2025-04-12
Census Tract,12031010700,Black,06/2023,4,3,2025-04-12
Census Tract,12031010700,Black,07/2023,5,3.6,2025-04-12
Census Tract,12031010700,Black,08/2023,5,4.2,2025-04-12
Census Tract,12031010700,Black,09/2023,5,7.4,2025-04-12
Census Tract,12031010700,Black,10/2023,3,3.2,2025-04-12
Census Tract,12031010700,Black,11/2023,3,2.6,2025-04-12
Census Tract,12031010700,Black,12/2023,2,3.2,2025-04-12
Census Tract,12031010700,Black,01/2024,5,2.8,2025-04-12
Census Tract,12031010700,Black,02/2024,2,3,2025-04-12
Census Tract,12031010700,Black,03/2024,3,1.8,2025-04-12
Census Tract,12031010700,Black,04/2024,3,5.2,2025-04-12
Census Tract,12031010700,Black,05/2024,7,3,2025-04-12
Census Tract,12031010700,Black,06/2024,3,3,2025-04-12
Census Tract,12031010700,Black,07/2024,5,3.6,2025-04-12
Census Tract,12031010700,Black,08/2024,2,4.2,2025-04-12
Census Tract,12031010700,Black,09/2024,6,7.4,2025-04-12
Census Tract,12031010700,Black,10/2024,4,3.2,2025-04-12
Census Tract,12031010700,Black,11/2024,2,2.6,2025-04-12
Census Tract,12031010700,Black,12/2024,3,3.2,2025-04-12
Census Tract,12031010700,Black,01/2025,3,2.8,2025-04-12
Census Tract,12031010700,Black,02/2025,3,3,2025-04-12
Census Tract,12031010700,Black,03/2025,2,1.8,2025-04-12
Census Tract,12031010700,Black,04/2025,0,1.4,2025-04-12
Census Tract,12031010800,Black,01/2020,5,5.4,2025-04-12
Census Tract,12031010800,Black,02/2020,3,3.8,2025-04-12
Census Tract,12031010800,Black,03/2020,4,2.6,2025-04-12
Census Tract,12031010800,Black,04/2020,0,4.2,2025-04-12
Census Tract,12031010800,Black,05/2020,0,1.2,2025-04-12
Census Tract,12031010800,Black,06/2020,0,4,2025-04-12
Census Tract,12031010800,Black,07/2020,0,5,2025-04-12
Census Tract,12031010800,Black,08/2020,2,3.6,2025-04-12
Census Tract,12031010800,Black,09/2020,3,5.6,2025-04-12
Census Tract,12031010800,Black,10/2020,3,5.4,2025-04-12
Census Tract,12031010800,Black,11/2020,6,3.4,2025-04-12
Census Tract,12031010800,Black,12/2020,1,4,2025-04-12
Census Tract,12031010800,Black,01/2021,4,5.4,2025-04-12
Census Tract,12031010800,Black,02/2021,10,3.8,2025-04-12
Census Tract,12031010800,Black,03/2021,4,2.6,2025-04-12
Census Tract,12031010800,Black,04/2021,1,4.2,2025-04-12
Census Tract,12031010800,Black,05/2021,3,1.2,2025-04-12
Census Tract,12031010800,Black,06/2021,4,4,2025-04-12
Census Tract,12031010800,Black,07/2021,5,5,2025-04-12
Census Tract,12031010800,Black,08/2021,4,3.6,2025-04-12
Census Tract,12031010800,Black,09/2021,4,5.6,2025-04-12
Census Tract,12031010800,Black,10/2021,4,5.4,2025-04-12
Census Tract,12031010800,Black,11/2021,1,3.4,2025-04-12
Census Tract,12031010800,Black,12/2021,4,4,2025-04-12
Census Tract,12031010800,Black,01/2022,2,5.4,2025-04-12
Census Tract,12031010800,Black,02/2022,7,3.8,2025-04-12
Census Tract,12031010800,Black,03/2022,2,2.6,2025-04-12
Census Tract,12031010800,Black,04/2022,3,4.2,2025-04-12
Census Tract,12031010800,Black,05/2022,6,1.2,2025-04-12
Census Tract,12031010800,Black,06/2022,6,4,2025-04-12
Census Tract,12031010800,Black,07/2022,5,5,2025-04-12
Census Tract,12031010800,Black,08/2022,3,3.6,2025-04-12
Census Tract,12031010800,Black,09/2022,7,5.6,2025-04-12
Census Tract,12031010800,Black,10/2022,4,5.4,2025-04-12
Census Tract,12031010800,Black,11/2022,6,3.4,2025-04-12
Census Tract,12031010800,Black,12/2022,4,4,2025-04-12
Census Tract,12031010800,Black,01/2023,3,5.4,2025-04-12
Census Tract,12031010800,Black,02/2023,6,3.8,2025-04-12
Census Tract,12031010800,Black,03/2023,6,2.6,2025-04-12
Census Tract,12031010800,Black,04/2023,4,4.2,2025-04-12
Census Tract,12031010800,Black,05/2023,13,1.2,2025-04-12
Census Tract,12031010800,Black,06/2023,5,4,2025-04-12
Census Tract,12031010800,Black,07/2023,5,5,2025-04-12
Census Tract,12031010800,Black,08/2023,5,3.6,2025-04-12
Census Tract,12031010800,Black,09/2023,5,5.6,2025-04-12
Census Tract,12031010800,Black,10/2023,6,5.4,2025-04-12
Census Tract,12031010800,Black,11/2023,4,3.4,2025-04-12
Census Tract,12031010800,Black,12/2023,6,4,2025-04-12
Census Tract,12031010800,Black,01/2024,6,5.4,2025-04-12
Census Tract,12031010800,Black,02/2024,6,3.8,2025-04-12
Census Tract,12031010800,Black,03/2024,5,2.6,2025-04-12
Census Tract,12031010800,Black,04/2024,6,4.2,2025-04-12
Census Tract,12031010800,Black,05/2024,3,1.2,2025-04-12
Census Tract,12031010800,Black,06/2024,6,4,2025-04-12
Census Tract,12031010800,Black,07/2024,11,5,2025-04-12
Census Tract,12031010800,Black,08/2024,10,3.6,2025-04-12
Census Tract,12031010800,Black,09/2024,6,5.6,2025-04-12
Census Tract,12031010800,Black,10/2024,5,5.4,2025-04-12
Census Tract,12031010800,Black,11/2024,4,3.4,2025-04-12
Census Tract,12031010800,Black,12/2024,6,4,2025-04-12
Census Tract,12031010800,Black,01/2025,6,5.4,2025-04-12
Census Tract,12031010800,Black,02/2025,7,3.8,2025-04-12
Census Tract,12031010800,Black,03/2025,2,2.6,2025-04-12
Census Tract,12031010800,Black,04/2025,0,1,2025-04-12
Census Tract,12031010900,Black,01/2020,3,3,2025-04-12
Census Tract,12031010900,Black,02/2020,2,2.6,2025-04-12
Census Tract,12031010900,Black,03/2020,1,1.8,2025-04-12
Census Tract,12031010900,Black,04/2020,0,1.8,2025-04-12
Census Tract,12031010900,Black,05/2020,0,2.8,2025-04-12
Census Tract,12031010900,Black,06/2020,0,2.2,2025-04-12
Census Tract,12031010900,Black,07/2020,0,2.6,2025-04-12
Census Tract,12031010900,Black,08/2020,4,3,2025-04-12
Census Tract,12031010900,Black,09/2020,5,2.2,2025-04-12
Census Tract,12031010900,Black,10/2020,2,2,2025-04-12
Census Tract,12031010900,Black,11/2020,4,1.4,2025-04-12
Census Tract,12031010900,Black,12/2020,3,2.6,2025-04-12
Census Tract,12031010900,Black,01/2021,0,3,2025-04-12
Census Tract,12031010900,Black,02/2021,2,2.6,2025-04-12
Census Tract,12031010900,Black,03/2021,1,1.8,2025-04-12
Census Tract,12031010900,Black,04/2021,3,1.8,2025-04-12
Census Tract,12031010900,Black,05/2021,1,2.8,2025-04-12
Census Tract,12031010900,Black,06/2021,2,2.2,2025-04-12
Census Tract,12031010900,Black,07/2021,4,2.6,2025-04-12
Census Tract,12031010900,Black,08/2021,2,3,2025-04-12
Census Tract,12031010900,Black,09/2021,5,2.2,2025-04-12
Census Tract,12031010900,Black,10/2021,0,2,2025-04-12
Census Tract,12031010900,Black,11/2021,0,1.4,2025-04-12
Census Tract,12031010900,Black,12/2021,2,2.6,2025-04-12
Census Tract,12031010900,Black,01/2022,3,3,2025-04-12
Census Tract,12031010900,Black,02/2022,2,2.6,2025-04-12
Census Tract,12031010900,Black,03/2022,2,1.8,2025-04-12
Census Tract,12031010900,Black,04/2022,3,1.8,2025-04-12
Census Tract,12031010900,Black,05/2022,4,2.8,2025-04-12
Census Tract,12031010900,Black,06/2022,4,2.2,2025-04-12
Census Tract,12031010900,Black,07/2022,2,2.6,2025-04-12
Census Tract,12031010900,Black,08/2022,4,3,2025-04-12
Census Tract,12031010900,Black,09/2022,3,2.2,2025-04-12
Census Tract,12031010900,Black,10/2022,1,2,2025-04-12
Census Tract,12031010900,Black,11/2022,4,1.4,2025-04-12
Census Tract,12031010900,Black,12/2022,3,2.6,2025-04-12
Census Tract,12031010900,Black,01/2023,5,3,2025-04-12
Census Tract,12031010900,Black,02/2023,5,2.6,2025-04-12
Census Tract,12031010900,Black,03/2023,4,1.8,2025-04-12
Census Tract,12031010900,Black,04/2023,3,1.8,2025-04-12
Census Tract,12031010900,Black,05/2023,1,2.8,2025-04-12
Census Tract,12031010900,Black,06/2023,4,2.2,2025-04-12
Census Tract,12031010900,Black,07/2023,3,2.6,2025-04-12
Census Tract,12031010900,Black,08/2023,4,3,2025-04-12
Census Tract,12031010900,Black,09/2023,0,2.2,2025-04-12
Census Tract,12031010900,Black,10/2023,0,2,2025-04-12
Census Tract,12031010900,Black,11/2023,4,1.4,2025-04-12
Census Tract,12031010900,Black,12/2023,6,2.6,2025-04-12
Census Tract,12031010900,Black,01/2024,5,3,2025-04-12
Census Tract,12031010900,Black,02/2024,8,2.6,2025-04-12
Census Tract,12031010900,Black,03/2024,0,1.8,2025-04-12
Census Tract,12031010900,Black,04/2024,5,1.8,2025-04-12
Census Tract,12031010900,Black,05/2024,2,2.8,2025-04-12
Census Tract,12031010900,Black,06/2024,2,2.2,2025-04-12
Census Tract,12031010900,Black,07/2024,6,2.6,2025-04-12
Census Tract,12031010900,Black,08/2024,1,3,2025-04-12
Census Tract,12031010900,Black,09/2024,3,2.2,2025-04-12
Census Tract,12031010900,Black,10/2024,2,2,2025-04-12
Census Tract,12031010900,Black,11/2024,2,1.4,2025-04-12
Census Tract,12031010900,Black,12/2024,2,2.6,2025-04-12
Census Tract,12031010900,Black,01/2025,4,3,2025-04-12
Census Tract,12031010900,Black,02/2025,1,2.6,2025-04-12
Census Tract,12031010900,Black,03/2025,1,1.8,2025-04-12
Census Tract,12031010900,Black,04/2025,0,1,2025-04-12
Census Tract,12031011000,Black,01/2020,7,5,2025-04-12
Census Tract,12031011000,Black,02/2020,5,3.6,2025-04-12
Census Tract,12031011000,Black,03/2020,3,4,2025-04-12
Census Tract,12031011000,Black,04/2020,0,3.6,2025-04-12
Census Tract,12031011000,Black,05/2020,0,4.4,2025-04-12
Census Tract,12031011000,Black,06/2020,0,5.8,2025-04-12
Census Tract,12031011000,Black,07/2020,0,6,2025-04-12
Census Tract,12031011000,Black,08/2020,5,5.8,2025-04-12
Census Tract,12031011000,Black,09/2020,8,6.2,2025-04-12
Census Tract,12031011000,Black,10/2020,7,5.8,2025-04-12
Census Tract,12031011000,Black,11/2020,7,3.4,2025-04-12
Census Tract,12031011000,Black,12/2020,7,4.6,2025-04-12
Census Tract,12031011000,Black,01/2021,4,5,2025-04-12
Census Tract,12031011000,Black,02/2021,1,3.6,2025-04-12
Census Tract,12031011000,Black,03/2021,4,4,2025-04-12
Census Tract,12031011000,Black,04/2021,2,3.6,2025-04-12
Census Tract,12031011000,Black,05/2021,3,4.4,2025-04-12
Census Tract,12031011000,Black,06/2021,3,5.8,2025-04-12
Census Tract,12031011000,Black,07/2021,3,6,2025-04-12
Census Tract,12031011000,Black,08/2021,1,5.8,2025-04-12
Census Tract,12031011000,Black,09/2021,5,6.2,2025-04-12
Census Tract,12031011000,Black,10/2021,4,5.8,2025-04-12
Census Tract,12031011000,Black,11/2021,2,3.4,2025-04-12
Census Tract,12031011000,Black,12/2021,9,4.6,2025-04-12
Census Tract,12031011000,Black,01/2022,6,5,2025-04-12
Census Tract,12031011000,Black,02/2022,4,3.6,2025-04-12
Census Tract,12031011000,Black,03/2022,4,4,2025-04-12
Census Tract,12031011000,Black,04/2022,1,3.6,2025-04-12
Census Tract,12031011000,Black,05/2022,5,4.4,2025-04-12
Census Tract,12031011000,Black,06/2022,7,5.8,2025-04-12
Census Tract,12031011000,Black,07/2022,6,6,2025-04-12
Census Tract,12031011000,Black,08/2022,7,5.8,2025-04-12
Census Tract,12031011000,Black,09/2022,10,6.2,2025-04-12
Census Tract,12031011000,Black,10/2022,8,5.8,2025-04-12
Census Tract,12031011000,Black,11/2022,5,3.4,2025-04-12
Census Tract,12031011000,Black,12/2022,6,4.6,2025-04-12
Census Tract,12031011000,Black,01/2023,4,5,2025-04-12
Census Tract,12031011000,Black,02/2023,6,3.6,2025-04-12
Census Tract,12031011000,Black,03/2023,4,4,2025-04-12
Census Tract,12031011000,Black,04/2023,7,3.6,2025-04-12
Census Tract,12031011000,Black,05/2023,5,4.4,2025-04-12
Census Tract,12031011000,Black,06/2023,7,5.8,2025-04-12
Census Tract,12031011000,Black,07/2023,10,6,2025-04-12
Census Tract,12031011000,Black,08/2023,6,5.8,2025-04-12
Census Tract,12031011000,Black,09/2023,4,6.2,2025-04-12
Census Tract,12031011000,Black,10/2023,13,5.8,2025-04-12
Census Tract,12031011000,Black,11/2023,4,3.4,2025-04-12
Census Tract,12031011000,Black,12/2023,8,4.6,2025-04-12
Census Tract,12031011000,Black,01/2024,3,5,2025-04-12
Census Tract,12031011000,Black,02/2024,10,3.6,2025-04-12
Census Tract,12031011000,Black,03/2024,4,4,2025-04-12
Census Tract,12031011000,Black,04/2024,5,3.6,2025-04-12
Census Tract,12031011000,Black,05/2024,8,4.4,2025-04-12
Census Tract,12031011000,Black,06/2024,10,5.8,2025-04-12
Census Tract,12031011000,Black,07/2024,6,6,2025-04-12
Census Tract,12031011000,Black,08/2024,6,5.8,2025-04-12
Census Tract,12031011000,Black,09/2024,5,6.2,2025-04-12
Census Tract,12031011000,Black,10/2024,7,5.8,2025-04-12
Census Tract,12031011000,Black,11/2024,3,3.4,2025-04-12
Census Tract,12031011000,Black,12/2024,6,4.6,2025-04-12
Census Tract,12031011000,Black,01/2025,9,5,2025-04-12
Census Tract,12031011000,Black,02/2025,5,3.6,2025-04-12
Census Tract,12031011000,Black,03/2025,2,4,2025-04-12
Census Tract,12031011000,Black,04/2025,0,0.8,2025-04-12
Census Tract,12031011100,Black,01/2020,9,5.8,2025-04-12
Census Tract,12031011100,Black,02/2020,2,2.2,2025-04-12
Census Tract,12031011100,Black,03/2020,1,4.8,2025-04-12
Census Tract,12031011100,Black,04/2020,0,2.2,2025-04-12
Census Tract,12031011100,Black,05/2020,0,5,2025-04-12
Census Tract,12031011100,Black,06/2020,0,5.4,2025-04-12
Census Tract,12031011100,Black,07/2020,0,6.2,2025-04-12
Census Tract,12031011100,Black,08/2020,17,5.4,2025-04-12
Census Tract,12031011100,Black,09/2020,7,5.6,2025-04-12
Census Tract,12031011100,Black,10/2020,3,4.2,2025-04-12
Census Tract,12031011100,Black,11/2020,2,5.2,2025-04-12
Census Tract,12031011100,Black,12/2020,9,4.6,2025-04-12
Census Tract,12031011100,Black,01/2021,9,5.8,2025-04-12
Census Tract,12031011100,Black,02/2021,2,2,2025-04-12
Census Tract,12031011100,Black,03/2021,3,4.8,2025-04-12
Census Tract,12031011100,Black,04/2021,2,2.2,2025-04-12
Census Tract,12031011100,Black,05/2021,2,5,2025-04-12
Census Tract,12031011100,Black,06/2021,3,5.4,2025-04-12
Census Tract,12031011100,Black,07/2021,2,6.2,2025-04-12
Census Tract,12031011100,Black,08/2021,2,5.4,2025-04-12
Census Tract,12031011100,Black,09/2021,5,5.6,2025-04-12
Census Tract,12031011100,Black,10/2021,3,4.2,2025-04-12
Census Tract,12031011100,Black,11/2021,5,5.2,2025-04-12
Census Tract,12031011100,Black,12/2021,1,4.6,2025-04-12
Census Tract,12031011100,Black,01/2022,3,5.8,2025-04-12
Census Tract,12031011100,Black,02/2022,0,2,2025-04-12
Census Tract,12031011100,Black,03/2022,3,4.8,2025-04-12
Census Tract,12031011100,Black,04/2022,3,2.2,2025-04-12
Census Tract,12031011100,Black,05/2022,9,5,2025-04-12
Census Tract,12031011100,Black,06/2022,5,5.4,2025-04-12
Census Tract,12031011100,Black,07/2022,5,6.2,2025-04-12
Census Tract,12031011100,Black,08/2022,6,5.4,2025-04-12
Census Tract,12031011100,Black,09/2022,18,5.6,2025-04-12
Census Tract,12031011100,Black,10/2022,11,4.2,2025-04-12
Census Tract,12031011100,Black,11/2022,4,5.2,2025-04-12
Census Tract,12031011100,Black,12/2022,9,4.6,2025-04-12
Census Tract,12031011100,Black,01/2023,7,5.8,2025-04-12
Census Tract,12031011100,Black,02/2023,7,2,2025-04-12
Census Tract,12031011100,Black,03/2023,3,4.8,2025-04-12
Census Tract,12031011100,Black,04/2023,8,2.2,2025-04-12
Census Tract,12031011100,Black,05/2023,9,5,2025-04-12
Census Tract,12031011100,Black,06/2023,4,5.4,2025-04-12
Census Tract,12031011100,Black,07/2023,5,6.2,2025-04-12
Census Tract,12031011100,Black,08/2023,5,5.4,2025-04-12
Census Tract,12031011100,Black,09/2023,3,5.6,2025-04-12
Census Tract,12031011100,Black,10/2023,3,4.2,2025-04-12
Census Tract,12031011100,Black,11/2023,6,5.2,2025-04-12
Census Tract,12031011100,Black,12/2023,3,4.6,2025-04-12
Census Tract,12031011100,Black,01/2024,6,5.8,2025-04-12
Census Tract,12031011100,Black,02/2024,4,2.2,2025-04-12
Census Tract,12031011100,Black,03/2024,3,4.8,2025-04-12
Census Tract,12031011100,Black,04/2024,3,2.2,2025-04-12
Census Tract,12031011100,Black,05/2024,7,5,2025-04-12
Census Tract,12031011100,Black,06/2024,10,5.4,2025-04-12
Census Tract,12031011100,Black,07/2024,5,6.2,2025-04-12
Census Tract,12031011100,Black,08/2024,7,5.4,2025-04-12
Census Tract,12031011100,Black,09/2024,3,5.6,2025-04-12
Census Tract,12031011100,Black,10/2024,1,4.2,2025-04-12
Census Tract,12031011100,Black,11/2024,1,5.2,2025-04-12
Census Tract,12031011100,Black,12/2024,3,4.6,2025-04-12
Census Tract,12031011100,Black,01/2025,1,5.8,2025-04-12
Census Tract,12031011100,Black,02/2025,5,2,2025-04-12
Census Tract,12031011100,Black,03/2025,3,4.8,2025-04-12
Census Tract,12031011100,Black,04/2025,0,0,2025-04-12
Census Tract,12031011200,Black,01/2020,1,2.4,2025-04-12
Census Tract,12031011200,Black,02/2020,4,2.2,2025-04-12
Census Tract,12031011200,Black,03/2020,2,1.2,2025-04-12
Census Tract,12031011200,Black,04/2020,0,2.6,2025-04-12
Census Tract,12031011200,Black,05/2020,0,3,2025-04-12
Census Tract,12031011200,Black,06/2020,0,2.6,2025-04-12
Census Tract,12031011200,Black,07/2020,2,1.4,2025-04-12
Census Tract,12031011200,Black,08/2020,5,2.2,2025-04-12
Census Tract,12031011200,Black,09/2020,5,1.4,2025-04-12
Census Tract,12031011200,Black,10/2020,6,2.8,2025-04-12
Census Tract,12031011200,Black,11/2020,3,3.2,2025-04-12
Census Tract,12031011200,Black,12/2020,2,3.2,2025-04-12
Census Tract,12031011200,Black,01/2021,1,2.4,2025-04-12
Census Tract,12031011200,Black,02/2021,3,2,2025-04-12
Census Tract,12031011200,Black,03/2021,6,1.2,2025-04-12
Census Tract,12031011200,Black,04/2021,2,2.6,2025-04-12
Census Tract,12031011200,Black,05/2021,3,3,2025-04-12
Census Tract,12031011200,Black,06/2021,2,2.6,2025-04-12
Census Tract,12031011200,Black,07/2021,5,1.4,2025-04-12
Census Tract,12031011200,Black,08/2021,6,2.2,2025-04-12
Census Tract,12031011200,Black,09/2021,5,1.4,2025-04-12
Census Tract,12031011200,Black,10/2021,1,2.8,2025-04-12
Census Tract,12031011200,Black,11/2021,1,3.2,2025-04-12
Census Tract,12031011200,Black,12/2021,1,3.2,2025-04-12
Census Tract,12031011200,Black,01/2022,0,2.4,2025-04-12
Census Tract,12031011200,Black,02/2022,2,2,2025-04-12
Census Tract,12031011200,Black,03/2022,1,1.2,2025-04-12
Census Tract,12031011200,Black,04/2022,0,2.6,2025-04-12
Census Tract,12031011200,Black,05/2022,2,3,2025-04-12
Census Tract,12031011200,Black,06/2022,4,2.6,2025-04-12
Census Tract,12031011200,Black,07/2022,2,1.4,2025-04-12
Census Tract,12031011200,Black,08/2022,3,2.2,2025-04-12
Census Tract,12031011200,Black,09/2022,8,1.4,2025-04-12
Census Tract,12031011200,Black,10/2022,3,2.8,2025-04-12
Census Tract,12031011200,Black,11/2022,1,3.2,2025-04-12
Census Tract,12031011200,Black,12/2022,14,3.2,2025-04-12
Census Tract,12031011200,Black,01/2023,1,2.4,2025-04-12
Census Tract,12031011200,Black,02/2023,1,2,2025-04-12
Census Tract,12031011200,Black,03/2023,7,1.2,2025-04-12
Census Tract,12031011200,Black,04/2023,5,2.6,2025-04-12
Census Tract,12031011200,Black,05/2023,5,3,2025-04-12
Census Tract,12031011200,Black,06/2023,12,2.6,2025-04-12
Census Tract,12031011200,Black,07/2023,0,1.4,2025-04-12
Census Tract,12031011200,Black,08/2023,3,2.2,2025-04-12
Census Tract,12031011200,Black,09/2023,5,1.4,2025-04-12
Census Tract,12031011200,Black,10/2023,4,2.8,2025-04-12
Census Tract,12031011200,Black,11/2023,9,3.2,2025-04-12
Census Tract,12031011200,Black,12/2023,5,3.2,2025-04-12
Census Tract,12031011200,Black,01/2024,2,2.4,2025-04-12
Census Tract,12031011200,Black,02/2024,5,2.2,2025-04-12
Census Tract,12031011200,Black,03/2024,3,1.2,2025-04-12
Census Tract,12031011200,Black,04/2024,1,2.6,2025-04-12
Census Tract,12031011200,Black,05/2024,13,3,2025-04-12
Census Tract,12031011200,Black,06/2024,3,2.6,2025-04-12
Census Tract,12031011200,Black,07/2024,4,1.4,2025-04-12
Census Tract,12031011200,Black,08/2024,8,2.2,2025-04-12
Census Tract,12031011200,Black,09/2024,9,1.4,2025-04-12
Census Tract,12031011200,Black,10/2024,5,2.8,2025-04-12
Census Tract,12031011200,Black,11/2024,4,3.2,2025-04-12
Census Tract,12031011200,Black,12/2024,2,3.2,2025-04-12
Census Tract,12031011200,Black,01/2025,5,2.4,2025-04-12
Census Tract,12031011200,Black,02/2025,3,2,2025-04-12
Census Tract,12031011200,Black,03/2025,4,1.2,2025-04-12
Census Tract,12031011200,Black,04/2025,0,1.2,2025-04-12
Census Tract,12031011300,Black,01/2020,2,3,2025-04-12
Census Tract,12031011300,Black,02/2020,3,3,2025-04-12
Census Tract,12031011300,Black,03/2020,2,4,2025-04-12
Census Tract,12031011300,Black,04/2020,0,4.6,2025-04-12
Census Tract,12031011300,Black,05/2020,0,4.4,2025-04-12
Census Tract,12031011300,Black,06/2020,0,4.8,2025-04-12
Census Tract,12031011300,Black,07/2020,0,5,2025-04-12
Census Tract,12031011300,Black,08/2020,4,5.2,2025-04-12
Census Tract,12031011300,Black,09/2020,3,4.8,2025-04-12
Census Tract,12031011300,Black,10/2020,6,3.4,2025-04-12
Census Tract,12031011300,Black,11/2020,3,4,2025-04-12
Census Tract,12031011300,Black,12/2020,3,3.8,2025-04-12
Census Tract,12031011300,Black,01/2021,8,3,2025-04-12
Census Tract,12031011300,Black,02/2021,4,3,2025-04-12
Census Tract,12031011300,Black,03/2021,4,4,2025-04-12
Census Tract,12031011300,Black,04/2021,7,4.6,2025-04-12
Census Tract,12031011300,Black,05/2021,4,4.4,2025-04-12
Census Tract,12031011300,Black,06/2021,3,4.8,2025-04-12
Census Tract,12031011300,Black,07/2021,1,5,2025-04-12
Census Tract,12031011300,Black,08/2021,4,5.2,2025-04-12
Census Tract,12031011300,Black,09/2021,3,4.8,2025-04-12
Census Tract,12031011300,Black,10/2021,3,3.4,2025-04-12
Census Tract,12031011300,Black,11/2021,1,4,2025-04-12
Census Tract,12031011300,Black,12/2021,4,3.8,2025-04-12
Census Tract,12031011300,Black,01/2022,5,3,2025-04-12
Census Tract,12031011300,Black,02/2022,3,3,2025-04-12
Census Tract,12031011300,Black,03/2022,5,4,2025-04-12
Census Tract,12031011300,Black,04/2022,2,4.6,2025-04-12
Census Tract,12031011300,Black,05/2022,3,4.4,2025-04-12
Census Tract,12031011300,Black,06/2022,9,4.8,2025-04-12
Census Tract,12031011300,Black,07/2022,3,5,2025-04-12
Census Tract,12031011300,Black,08/2022,3,5.2,2025-04-12
Census Tract,12031011300,Black,09/2022,11,4.8,2025-04-12
Census Tract,12031011300,Black,10/2022,7,3.4,2025-04-12
Census Tract,12031011300,Black,11/2022,3,4,2025-04-12
Census Tract,12031011300,Black,12/2022,0,3.8,2025-04-12
Census Tract,12031011300,Black,01/2023,3,3,2025-04-12
Census Tract,12031011300,Black,02/2023,7,3,2025-04-12
Census Tract,12031011300,Black,03/2023,3,4,2025-04-12
Census Tract,12031011300,Black,04/2023,3,4.6,2025-04-12
Census Tract,12031011300,Black,05/2023,3,4.4,2025-04-12
Census Tract,12031011300,Black,06/2023,9,4.8,2025-04-12
Census Tract,12031011300,Black,07/2023,8,5,2025-04-12
Census Tract,12031011300,Black,08/2023,5,5.2,2025-04-12
Census Tract,12031011300,Black,09/2023,7,4.8,2025-04-12
Census Tract,12031011300,Black,10/2023,8,3.4,2025-04-12
Census Tract,12031011300,Black,11/2023,6,4,2025-04-12
Census Tract,12031011300,Black,12/2023,4,3.8,2025-04-12
Census Tract,12031011300,Black,01/2024,7,3,2025-04-12
Census Tract,12031011300,Black,02/2024,1,3,2025-04-12
Census Tract,12031011300,Black,03/2024,5,4,2025-04-12
Census Tract,12031011300,Black,04/2024,5,4.6,2025-04-12
Census Tract,12031011300,Black,05/2024,3,4.4,2025-04-12
Census Tract,12031011300,Black,06/2024,2,4.8,2025-04-12
Census Tract,12031011300,Black,07/2024,5,5,2025-04-12
Census Tract,12031011300,Black,08/2024,7,5.2,2025-04-12
Census Tract,12031011300,Black,09/2024,2,4.8,2025-04-12
Census Tract,12031011300,Black,10/2024,7,3.4,2025-04-12
Census Tract,12031011300,Black,11/2024,3,4,2025-04-12
Census Tract,12031011300,Black,12/2024,7,3.8,2025-04-12
Census Tract,12031011300,Black,01/2025,7,3,2025-04-12
Census Tract,12031011300,Black,02/2025,5,3,2025-04-12
Census Tract,12031011300,Black,03/2025,4,4,2025-04-12
Census Tract,12031011300,Black,04/2025,0,1.6,2025-04-12
Census Tract,12031011400,Black,01/2020,1,1.2,2025-04-12
Census Tract,12031011400,Black,02/2020,0,0.4,2025-04-12
Census Tract,12031011400,Black,03/2020,1,1.6,2025-04-12
Census Tract,12031011400,Black,04/2020,0,1,2025-04-12
Census Tract,12031011400,Black,05/2020,0,2,2025-04-12
Census Tract,12031011400,Black,06/2020,1,1.6,2025-04-12
Census Tract,12031011400,Black,07/2020,0,2.2,2025-04-12
Census Tract,12031011400,Black,08/2020,1,1.4,2025-04-12
Census Tract,12031011400,Black,09/2020,1,1,2025-04-12
Census Tract,12031011400,Black,10/2020,2,0.8,2025-04-12
Census Tract,12031011400,Black,11/2020,3,1.4,2025-04-12
Census Tract,12031011400,Black,12/2020,2,1.4,2025-04-12
Census Tract,12031011400,Black,01/2021,1,1.2,2025-04-12
Census Tract,12031011400,Black,02/2021,1,0.4,2025-04-12
Census Tract,12031011400,Black,03/2021,2,1.6,2025-04-12
Census Tract,12031011400,Black,04/2021,1,1,2025-04-12
Census Tract,12031011400,Black,05/2021,1,2,2025-04-12
Census Tract,12031011400,Black,06/2021,2,1.6,2025-04-12
Census Tract,12031011400,Black,07/2021,1,2.2,2025-04-12
Census Tract,12031011400,Black,08/2021,0,1.4,2025-04-12
Census Tract,12031011400,Black,09/2021,3,1,2025-04-12
Census Tract,12031011400,Black,10/2021,2,0.8,2025-04-12
Census Tract,12031011400,Black,11/2021,0,1.4,2025-04-12
Census Tract,12031011400,Black,12/2021,2,1.4,2025-04-12
Census Tract,12031011400,Black,01/2022,1,1.2,2025-04-12
Census Tract,12031011400,Black,02/2022,2,0.4,2025-04-12
Census Tract,12031011400,Black,03/2022,2,1.6,2025-04-12
Census Tract,12031011400,Black,04/2022,1,1,2025-04-12
Census Tract,12031011400,Black,05/2022,0,2,2025-04-12
Census Tract,12031011400,Black,06/2022,4,1.6,2025-04-12
Census Tract,12031011400,Black,07/2022,7,2.2,2025-04-12
Census Tract,12031011400,Black,08/2022,6,1.4,2025-04-12
Census Tract,12031011400,Black,09/2022,3,1,2025-04-12
Census Tract,12031011400,Black,10/2022,4,0.8,2025-04-12
Census Tract,12031011400,Black,11/2022,0,1.4,2025-04-12
Census Tract,12031011400,Black,12/2022,3,1.4,2025-04-12
Census Tract,12031011400,Black,01/2023,2,1.2,2025-04-12
Census Tract,12031011400,Black,02/2023,3,0.4,2025-04-12
Census Tract,12031011400,Black,03/2023,3,1.6,2025-04-12
Census Tract,12031011400,Black,04/2023,3,1,2025-04-12
Census Tract,12031011400,Black,05/2023,0,2,2025-04-12
Census Tract,12031011400,Black,06/2023,4,1.6,2025-04-12
Census Tract,12031011400,Black,07/2023,1,2.2,2025-04-12
Census Tract,12031011400,Black,08/2023,3,1.4,2025-04-12
Census Tract,12031011400,Black,09/2023,3,1,2025-04-12
Census Tract,12031011400,Black,10/2023,1,0.8,2025-04-12
Census Tract,12031011400,Black,11/2023,2,1.4,2025-04-12
Census Tract,12031011400,Black,12/2023,2,1.4,2025-04-12
Census Tract,12031011400,Black,01/2024,1,1.2,2025-04-12
Census Tract,12031011400,Black,02/2024,0,0.4,2025-04-12
Census Tract,12031011400,Black,03/2024,1,1.6,2025-04-12
Census Tract,12031011400,Black,04/2024,2,1,2025-04-12
Census Tract,12031011400,Black,05/2024,1,2,2025-04-12
Census Tract,12031011400,Black,06/2024,1,1.6,2025-04-12
Census Tract,12031011400,Black,07/2024,1,2.2,2025-04-12
Census Tract,12031011400,Black,08/2024,1,1.4,2025-04-12
Census Tract,12031011400,Black,09/2024,3,1,2025-04-12
Census Tract,12031011400,Black,10/2024,3,0.8,2025-04-12
Census Tract,12031011400,Black,11/2024,2,1.4,2025-04-12
Census Tract,12031011400,Black,12/2024,1,1.4,2025-04-12
Census Tract,12031011400,Black,01/2025,2,1.2,2025-04-12
Census Tract,12031011400,Black,02/2025,5,0.4,2025-04-12
Census Tract,12031011400,Black,03/2025,0,1.6,2025-04-12
Census Tract,12031011400,Black,04/2025,0,0.4,2025-04-12
Census Tract,12031011500,Black,01/2020,5,6.8,2025-04-12
Census Tract,12031011500,Black,02/2020,1,2.4,2025-04-12
Census Tract,12031011500,Black,03/2020,5,3.6,2025-04-12
Census Tract,12031011500,Black,04/2020,0,3.2,2025-04-12
Census Tract,12031011500,Black,05/2020,0,5.6,2025-04-12
Census Tract,12031011500,Black,06/2020,1,2.8,2025-04-12
Census Tract,12031011500,Black,07/2020,0,3,2025-04-12
Census Tract,12031011500,Black,08/2020,9,5.2,2025-04-12
Census Tract,12031011500,Black,09/2020,9,4.2,2025-04-12
Census Tract,12031011500,Black,10/2020,3,4.8,2025-04-12
Census Tract,12031011500,Black,11/2020,3,4.2,2025-04-12
Census Tract,12031011500,Black,12/2020,5,4.4,2025-04-12
Census Tract,12031011500,Black,01/2021,5,6.8,2025-04-12
Census Tract,12031011500,Black,02/2021,7,2.4,2025-04-12
Census Tract,12031011500,Black,03/2021,3,3.6,2025-04-12
Census Tract,12031011500,Black,04/2021,3,3.2,2025-04-12
Census Tract,12031011500,Black,05/2021,7,5.6,2025-04-12
Census Tract,12031011500,Black,06/2021,7,2.8,2025-04-12
Census Tract,12031011500,Black,07/2021,3,3,2025-04-12
Census Tract,12031011500,Black,08/2021,7,5.2,2025-04-12
Census Tract,12031011500,Black,09/2021,3,4.2,2025-04-12
Census Tract,12031011500,Black,10/2021,1,4.8,2025-04-12
Census Tract,12031011500,Black,11/2021,0,4.2,2025-04-12
Census Tract,12031011500,Black,12/2021,8,4.4,2025-04-12
Census Tract,12031011500,Black,01/2022,10,6.8,2025-04-12
Census Tract,12031011500,Black,02/2022,3,2.4,2025-04-12
Census Tract,12031011500,Black,03/2022,6,3.6,2025-04-12
Census Tract,12031011500,Black,04/2022,4,3.2,2025-04-12
Census Tract,12031011500,Black,05/2022,3,5.6,2025-04-12
Census Tract,12031011500,Black,06/2022,13,2.8,2025-04-12
Census Tract,12031011500,Black,07/2022,8,3,2025-04-12
Census Tract,12031011500,Black,08/2022,10,5.2,2025-04-12
Census Tract,12031011500,Black,09/2022,8,4.2,2025-04-12
Census Tract,12031011500,Black,10/2022,5,4.8,2025-04-12
Census Tract,12031011500,Black,11/2022,8,4.2,2025-04-12
Census Tract,12031011500,Black,12/2022,7,4.4,2025-04-12
Census Tract,12031011500,Black,01/2023,10,6.8,2025-04-12
Census Tract,12031011500,Black,02/2023,10,2.4,2025-04-12
Census Tract,12031011500,Black,03/2023,5,3.6,2025-04-12
Census Tract,12031011500,Black,04/2023,2,3.2,2025-04-12
Census Tract,12031011500,Black,05/2023,13,5.6,2025-04-12
Census Tract,12031011500,Black,06/2023,10,2.8,2025-04-12
Census Tract,12031011500,Black,07/2023,8,3,2025-04-12
Census Tract,12031011500,Black,08/2023,4,5.2,2025-04-12
Census Tract,12031011500,Black,09/2023,6,4.2,2025-04-12
Census Tract,12031011500,Black,10/2023,12,4.8,2025-04-12
Census Tract,12031011500,Black,11/2023,6,4.2,2025-04-12
Census Tract,12031011500,Black,12/2023,5,4.4,2025-04-12
Census Tract,12031011500,Black,01/2024,5,6.8,2025-04-12
Census Tract,12031011500,Black,02/2024,3,2.4,2025-04-12
Census Tract,12031011500,Black,03/2024,4,3.6,2025-04-12
Census Tract,12031011500,Black,04/2024,4,3.2,2025-04-12
Census Tract,12031011500,Black,05/2024,4,5.6,2025-04-12
Census Tract,12031011500,Black,06/2024,10,2.8,2025-04-12
Census Tract,12031011500,Black,07/2024,8,3,2025-04-12
Census Tract,12031011500,Black,08/2024,21,5.2,2025-04-12
Census Tract,12031011500,Black,09/2024,9,4.2,2025-04-12
Census Tract,12031011500,Black,10/2024,9,4.8,2025-04-12
Census Tract,12031011500,Black,11/2024,9,4.2,2025-04-12
Census Tract,12031011500,Black,12/2024,5,4.4,2025-04-12
Census Tract,12031011500,Black,01/2025,10,6.8,2025-04-12
Census Tract,12031011500,Black,02/2025,6,2.4,2025-04-12
Census Tract,12031011500,Black,03/2025,4,3.6,2025-04-12
Census Tract,12031011500,Black,04/2025,0,1.2,2025-04-12
Census Tract,12031011600,Black,01/2020,7,4.2,2025-04-12
Census Tract,12031011600,Black,02/2020,6,3.6,2025-04-12
Census Tract,12031011600,Black,03/2020,1,3,2025-04-12
Census Tract,12031011600,Black,04/2020,0,3.4,2025-04-12
Census Tract,12031011600,Black,05/2020,0,4.6,2025-04-12
Census Tract,12031011600,Black,06/2020,2,3.8,2025-04-12
Census Tract,12031011600,Black,07/2020,0,6.8,2025-04-12
Census Tract,12031011600,Black,08/2020,2,5.6,2025-04-12
Census Tract,12031011600,Black,09/2020,2,4.2,2025-04-12
Census Tract,12031011600,Black,10/2020,3,4.2,2025-04-12
Census Tract,12031011600,Black,11/2020,1,6,2025-04-12
Census Tract,12031011600,Black,12/2020,5,3.6,2025-04-12
Census Tract,12031011600,Black,01/2021,2,4.2,2025-04-12
Census Tract,12031011600,Black,02/2021,1,3.4,2025-04-12
Census Tract,12031011600,Black,03/2021,3,3,2025-04-12
Census Tract,12031011600,Black,04/2021,1,3.4,2025-04-12
Census Tract,12031011600,Black,05/2021,2,4.6,2025-04-12
Census Tract,12031011600,Black,06/2021,2,3.8,2025-04-12
Census Tract,12031011600,Black,07/2021,5,6.8,2025-04-12
Census Tract,12031011600,Black,08/2021,2,5.6,2025-04-12
Census Tract,12031011600,Black,09/2021,1,4.2,2025-04-12
Census Tract,12031011600,Black,10/2021,1,4.2,2025-04-12
Census Tract,12031011600,Black,11/2021,5,6,2025-04-12
Census Tract,12031011600,Black,12/2021,1,3.6,2025-04-12
Census Tract,12031011600,Black,01/2022,2,4.2,2025-04-12
Census Tract,12031011600,Black,02/2022,0,3.4,2025-04-12
Census Tract,12031011600,Black,03/2022,5,3,2025-04-12
Census Tract,12031011600,Black,04/2022,3,3.4,2025-04-12
Census Tract,12031011600,Black,05/2022,1,4.6,2025-04-12
Census Tract,12031011600,Black,06/2022,9,3.8,2025-04-12
Census Tract,12031011600,Black,07/2022,7,6.8,2025-04-12
Census Tract,12031011600,Black,08/2022,5,5.6,2025-04-12
Census Tract,12031011600,Black,09/2022,1,4.2,2025-04-12
Census Tract,12031011600,Black,10/2022,11,4.2,2025-04-12
Census Tract,12031011600,Black,11/2022,2,6,2025-04-12
Census Tract,12031011600,Black,12/2022,3,3.6,2025-04-12
Census Tract,12031011600,Black,01/2023,3,4.2,2025-04-12
Census Tract,12031011600,Black,02/2023,9,3.4,2025-04-12
Census Tract,12031011600,Black,03/2023,4,3,2025-04-12
Census Tract,12031011600,Black,04/2023,3,3.4,2025-04-12
Census Tract,12031011600,Black,05/2023,2,4.6,2025-04-12
Census Tract,12031011600,Black,06/2023,3,3.8,2025-04-12
Census Tract,12031011600,Black,07/2023,6,6.8,2025-04-12
Census Tract,12031011600,Black,08/2023,9,5.6,2025-04-12
Census Tract,12031011600,Black,09/2023,7,4.2,2025-04-12
Census Tract,12031011600,Black,10/2023,6,4.2,2025-04-12
Census Tract,12031011600,Black,11/2023,4,6,2025-04-12
Census Tract,12031011600,Black,12/2023,4,3.6,2025-04-12
Census Tract,12031011600,Black,01/2024,3,4.2,2025-04-12
Census Tract,12031011600,Black,02/2024,2,3.6,2025-04-12
Census Tract,12031011600,Black,03/2024,1,3,2025-04-12
Census Tract,12031011600,Black,04/2024,4,3.4,2025-04-12
Census Tract,12031011600,Black,05/2024,1,4.6,2025-04-12
Census Tract,12031011600,Black,06/2024,5,3.8,2025-04-12
Census Tract,12031011600,Black,07/2024,4,6.8,2025-04-12
Census Tract,12031011600,Black,08/2024,3,5.6,2025-04-12
Census Tract,12031011600,Black,09/2024,6,4.2,2025-04-12
Census Tract,12031011600,Black,10/2024,5,4.2,2025-04-12
Census Tract,12031011600,Black,11/2024,6,6,2025-04-12
Census Tract,12031011600,Black,12/2024,4,3.6,2025-04-12
Census Tract,12031011600,Black,01/2025,5,4.2,2025-04-12
Census Tract,12031011600,Black,02/2025,3,3.4,2025-04-12
Census Tract,12031011600,Black,03/2025,4,3,2025-04-12
Census Tract,12031011600,Black,04/2025,0,1.4,2025-04-12
Census Tract,12031011700,White,01/2020,1,5.2,2025-04-12
Census Tract,12031011700,White,02/2020,1,4.6,2025-04-12
Census Tract,12031011700,White,03/2020,0,3.8,2025-04-12
Census Tract,12031011700,White,04/2020,0,5,2025-04-12
Census Tract,12031011700,White,05/2020,0,2.6,2025-04-12
Census Tract,12031011700,White,06/2020,0,8.8,2025-04-12
Census Tract,12031011700,White,07/2020,0,9.6,2025-04-12
Census Tract,12031011700,White,08/2020,28,5.8,2025-04-12
Census Tract,12031011700,White,09/2020,7,5.4,2025-04-12
Census Tract,12031011700,White,10/2020,5,7,2025-04-12
Census Tract,12031011700,White,11/2020,2,5,2025-04-12
Census Tract,12031011700,White,12/2020,2,3.8,2025-04-12
Census Tract,12031011700,White,01/2021,7,5.2,2025-04-12
Census Tract,12031011700,White,02/2021,5,4.6,2025-04-12
Census Tract,12031011700,White,03/2021,3,3.8,2025-04-12
Census Tract,12031011700,White,04/2021,1,5,2025-04-12
Census Tract,12031011700,White,05/2021,1,2.6,2025-04-12
Census Tract,12031011700,White,06/2021,17,8.8,2025-04-12
Census Tract,12031011700,White,07/2021,5,9.6,2025-04-12
Census Tract,12031011700,White,08/2021,9,5.8,2025-04-12
Census Tract,12031011700,White,09/2021,1,5.4,2025-04-12
Census Tract,12031011700,White,10/2021,2,7,2025-04-12
Census Tract,12031011700,White,11/2021,5,5,2025-04-12
Census Tract,12031011700,White,12/2021,3,3.8,2025-04-12
Census Tract,12031011700,White,01/2022,7,5.2,2025-04-12
Census Tract,12031011700,White,02/2022,4,4.6,2025-04-12
Census Tract,12031011700,White,03/2022,2,3.8,2025-04-12
Census Tract,12031011700,White,04/2022,2,5,2025-04-12
Census Tract,12031011700,White,05/2022,3,2.6,2025-04-12
Census Tract,12031011700,White,06/2022,7,8.8,2025-04-12
Census Tract,12031011700,White,07/2022,8,9.6,2025-04-12
Census Tract,12031011700,White,08/2022,7,5.8,2025-04-12
Census Tract,12031011700,White,09/2022,4,5.4,2025-04-12
Census Tract,12031011700,White,10/2022,1,7,2025-04-12
Census Tract,12031011700,White,11/2022,19,5,2025-04-12
Census Tract,12031011700,White,12/2022,1,3.8,2025-04-12
Census Tract,12031011700,White,01/2023,3,5.2,2025-04-12
Census Tract,12031011700,White,02/2023,5,4.6,2025-04-12
Census Tract,12031011700,White,03/2023,11,3.8,2025-04-12
Census Tract,12031011700,White,04/2023,4,5,2025-04-12
Census Tract,12031011700,White,05/2023,10,2.6,2025-04-12
Census Tract,12031011700,White,06/2023,16,8.8,2025-04-12
Census Tract,12031011700,White,07/2023,3,9.6,2025-04-12
Census Tract,12031011700,White,08/2023,3,5.8,2025-04-12
Census Tract,12031011700,White,09/2023,2,5.4,2025-04-12
Census Tract,12031011700,White,10/2023,6,7,2025-04-12
Census Tract,12031011700,White,11/2023,1,5,2025-04-12
Census Tract,12031011700,White,12/2023,4,3.8,2025-04-12
Census Tract,12031011700,White,01/2024,9,5.2,2025-04-12
Census Tract,12031011700,White,02/2024,4,4.6,2025-04-12
Census Tract,12031011700,White,03/2024,1,3.8,2025-04-12
Census Tract,12031011700,White,04/2024,3,5,2025-04-12
Census Tract,12031011700,White,05/2024,5,2.6,2025-04-12
Census Tract,12031011700,White,06/2024,4,8.8,2025-04-12
Census Tract,12031011700,White,07/2024,11,9.6,2025-04-12
Census Tract,12031011700,White,08/2024,2,5.8,2025-04-12
Census Tract,12031011700,White,09/2024,3,5.4,2025-04-12
Census Tract,12031011700,White,10/2024,4,7,2025-04-12
Census Tract,12031011700,White,11/2024,1,5,2025-04-12
Census Tract,12031011700,White,12/2024,1,3.8,2025-04-12
Census Tract,12031011700,White,01/2025,6,5.2,2025-04-12
Census Tract,12031011700,White,02/2025,0,4.6,2025-04-12
Census Tract,12031011700,White,03/2025,2,3.8,2025-04-12
Census Tract,12031011700,White,04/2025,0,1.2,2025-04-12
Census Tract,12031011800,White,01/2020,6,1.6,2025-04-12
Census Tract,12031011800,White,02/2020,3,3,2025-04-12
Census Tract,12031011800,White,03/2020,0,2.4,2025-04-12
Census Tract,12031011800,White,04/2020,0,2.8,2025-04-12
Census Tract,12031011800,White,05/2020,1,2.6,2025-04-12
Census Tract,12031011800,White,06/2020,1,3.4,2025-04-12
Census Tract,12031011800,White,07/2020,0,5.4,2025-04-12
Census Tract,12031011800,White,08/2020,7,3.2,2025-04-12
Census Tract,12031011800,White,09/2020,6,5.2,2025-04-12
Census Tract,12031011800,White,10/2020,5,5,2025-04-12
Census Tract,12031011800,White,11/2020,1,4,2025-04-12
Census Tract,12031011800,White,12/2020,5,2.6,2025-04-12
Census Tract,12031011800,White,01/2021,2,1.6,2025-04-12
Census Tract,12031011800,White,02/2021,3,3,2025-04-12
Census Tract,12031011800,White,03/2021,4,2.4,2025-04-12
Census Tract,12031011800,White,04/2021,0,2.8,2025-04-12
Census Tract,12031011800,White,05/2021,7,2.6,2025-04-12
Census Tract,12031011800,White,06/2021,1,3.4,2025-04-12
Census Tract,12031011800,White,07/2021,3,5.4,2025-04-12
Census Tract,12031011800,White,08/2021,4,3.2,2025-04-12
Census Tract,12031011800,White,09/2021,7,5.2,2025-04-12
Census Tract,12031011800,White,10/2021,6,5,2025-04-12
Census Tract,12031011800,White,11/2021,3,4,2025-04-12
Census Tract,12031011800,White,12/2021,1,2.6,2025-04-12
Census Tract,12031011800,White,01/2022,5,1.6,2025-04-12
Census Tract,12031011800,White,02/2022,2,3,2025-04-12
Census Tract,12031011800,White,03/2022,1,2.4,2025-04-12
Census Tract,12031011800,White,04/2022,3,2.8,2025-04-12
Census Tract,12031011800,White,05/2022,5,2.6,2025-04-12
Census Tract,12031011800,White,06/2022,6,3.4,2025-04-12
Census Tract,12031011800,White,07/2022,4,5.4,2025-04-12
Census Tract,12031011800,White,08/2022,3,3.2,2025-04-12
Census Tract,12031011800,White,09/2022,7,5.2,2025-04-12
Census Tract,12031011800,White,10/2022,6,5,2025-04-12
Census Tract,12031011800,White,11/2022,6,4,2025-04-12
Census Tract,12031011800,White,12/2022,3,2.6,2025-04-12
Census Tract,12031011800,White,01/2023,2,1.6,2025-04-12
Census Tract,12031011800,White,02/2023,3,3,2025-04-12
Census Tract,12031011800,White,03/2023,2,2.4,2025-04-12
Census Tract,12031011800,White,04/2023,3,2.8,2025-04-12
Census Tract,12031011800,White,05/2023,3,2.6,2025-04-12
Census Tract,12031011800,White,06/2023,9,3.4,2025-04-12
Census Tract,12031011800,White,07/2023,7,5.4,2025-04-12
Census Tract,12031011800,White,08/2023,4,3.2,2025-04-12
Census Tract,12031011800,White,09/2023,3,5.2,2025-04-12
Census Tract,12031011800,White,10/2023,7,5,2025-04-12
Census Tract,12031011800,White,11/2023,5,4,2025-04-12
Census Tract,12031011800,White,12/2023,4,2.6,2025-04-12
Census Tract,12031011800,White,01/2024,6,1.6,2025-04-12
Census Tract,12031011800,White,02/2024,9,3,2025-04-12
Census Tract,12031011800,White,03/2024,6,2.4,2025-04-12
Census Tract,12031011800,White,04/2024,9,2.8,2025-04-12
Census Tract,12031011800,White,05/2024,6,2.6,2025-04-12
Census Tract,12031011800,White,06/2024,10,3.4,2025-04-12
Census Tract,12031011800,White,07/2024,6,5.4,2025-04-12
Census Tract,12031011800,White,08/2024,5,3.2,2025-04-12
Census Tract,12031011800,White,09/2024,5,5.2,2025-04-12
Census Tract,12031011800,White,10/2024,9,5,2025-04-12
Census Tract,12031011800,White,11/2024,6,4,2025-04-12
Census Tract,12031011800,White,12/2024,4,2.6,2025-04-12
Census Tract,12031011800,White,01/2025,9,1.6,2025-04-12
Census Tract,12031011800,White,02/2025,12,3,2025-04-12
Census Tract,12031011800,White,03/2025,3,2.4,2025-04-12
Census Tract,12031011800,White,04/2025,1,0.6,2025-04-12
Census Tract,12031011901,White,01/2020,0,7.2,2025-04-12
Census Tract,12031011901,White,02/2020,2,4.2,2025-04-12
Census Tract,12031011901,White,03/2020,5,4.4,2025-04-12
Census Tract,12031011901,White,04/2020,0,6.6,2025-04-12
Census Tract,12031011901,White,05/2020,0,4.4,2025-04-12
Census Tract,12031011901,White,06/2020,0,8.6,2025-04-12
Census Tract,12031011901,White,07/2020,1,7,2025-04-12
Census Tract,12031011901,White,08/2020,5,8.4,2025-04-12
Census Tract,12031011901,White,09/2020,1,6,2025-04-12
Census Tract,12031011901,White,10/2020,1,9.2,2025-04-12
Census Tract,12031011901,White,11/2020,1,4.6,2025-04-12
Census Tract,12031011901,White,12/2020,1,4.2,2025-04-12
Census Tract,12031011901,White,01/2021,2,7.2,2025-04-12
Census Tract,12031011901,White,02/2021,2,4.2,2025-04-12
Census Tract,12031011901,White,03/2021,2,4.4,2025-04-12
Census Tract,12031011901,White,04/2021,2,6.6,2025-04-12
Census Tract,12031011901,White,05/2021,0,4.4,2025-04-12
Census Tract,12031011901,White,06/2021,5,8.6,2025-04-12
Census Tract,12031011901,White,07/2021,5,7,2025-04-12
Census Tract,12031011901,White,08/2021,8,8.4,2025-04-12
Census Tract,12031011901,White,09/2021,4,6,2025-04-12
Census Tract,12031011901,White,10/2021,4,9.2,2025-04-12
Census Tract,12031011901,White,11/2021,2,4.6,2025-04-12
Census Tract,12031011901,White,12/2021,0,4.2,2025-04-12
Census Tract,12031011901,White,01/2022,0,7.2,2025-04-12
Census Tract,12031011901,White,02/2022,8,4.2,2025-04-12
Census Tract,12031011901,White,03/2022,3,4.4,2025-04-12
Census Tract,12031011901,White,04/2022,9,6.6,2025-04-12
Census Tract,12031011901,White,05/2022,7,4.4,2025-04-12
Census Tract,12031011901,White,06/2022,2,8.6,2025-04-12
Census Tract,12031011901,White,07/2022,4,7,2025-04-12
Census Tract,12031011901,White,08/2022,3,8.4,2025-04-12
Census Tract,12031011901,White,09/2022,3,6,2025-04-12
Census Tract,12031011901,White,10/2022,1,9.2,2025-04-12
Census Tract,12031011901,White,11/2022,5,4.6,2025-04-12
Census Tract,12031011901,White,12/2022,6,4.2,2025-04-12
Census Tract,12031011901,White,01/2023,20,7.2,2025-04-12
Census Tract,12031011901,White,02/2023,16,4.2,2025-04-12
Census Tract,12031011901,White,03/2023,6,4.4,2025-04-12
Census Tract,12031011901,White,04/2023,5,6.6,2025-04-12
Census Tract,12031011901,White,05/2023,8,4.4,2025-04-12
Census Tract,12031011901,White,06/2023,14,8.6,2025-04-12
Census Tract,12031011901,White,07/2023,2,7,2025-04-12
Census Tract,12031011901,White,08/2023,6,8.4,2025-04-12
Census Tract,12031011901,White,09/2023,9,6,2025-04-12
Census Tract,12031011901,White,10/2023,8,9.2,2025-04-12
Census Tract,12031011901,White,11/2023,2,4.6,2025-04-12
Census Tract,12031011901,White,12/2023,6,4.2,2025-04-12
Census Tract,12031011901,White,01/2024,11,7.2,2025-04-12
Census Tract,12031011901,White,02/2024,7,4.2,2025-04-12
Census Tract,12031011901,White,03/2024,4,4.4,2025-04-12
Census Tract,12031011901,White,04/2024,6,6.6,2025-04-12
Census Tract,12031011901,White,05/2024,6,4.4,2025-04-12
Census Tract,12031011901,White,06/2024,5,8.6,2025-04-12
Census Tract,12031011901,White,07/2024,3,7,2025-04-12
Census Tract,12031011901,White,08/2024,7,8.4,2025-04-12
Census Tract,12031011901,White,09/2024,9,6,2025-04-12
Census Tract,12031011901,White,10/2024,7,9.2,2025-04-12
Census Tract,12031011901,White,11/2024,1,4.6,2025-04-12
Census Tract,12031011901,White,12/2024,10,4.2,2025-04-12
Census Tract,12031011901,White,01/2025,4,7.2,2025-04-12
Census Tract,12031011901,White,02/2025,6,4.2,2025-04-12
Census Tract,12031011901,White,03/2025,7,4.4,2025-04-12
Census Tract,12031011901,White,04/2025,0,2.6,2025-04-12
Census Tract,12031011903,White,01/2020,3,1.2,2025-04-12
Census Tract,12031011903,White,02/2020,4,1.6,2025-04-12
Census Tract,12031011903,White,03/2020,2,0.6,2025-04-12
Census Tract,12031011903,White,04/2020,0,2,2025-04-12
Census Tract,12031011903,White,05/2020,0,1,2025-04-12
Census Tract,12031011903,White,06/2020,0,1.2,2025-04-12
Census Tract,12031011903,White,07/2020,0,2,2025-04-12
Census Tract,12031011903,White,08/2020,0,1,2025-04-12
Census Tract,12031011903,White,09/2020,1,2.4,2025-04-12
Census Tract,12031011903,White,10/2020,1,2.2,2025-04-12
Census Tract,12031011903,White,11/2020,2,1,2025-04-12
Census Tract,12031011903,White,12/2020,0,2.2,2025-04-12
Census Tract,12031011903,White,01/2021,1,1.2,2025-04-12
Census Tract,12031011903,White,02/2021,0,1.6,2025-04-12
Census Tract,12031011903,White,03/2021,0,0.6,2025-04-12
Census Tract,12031011903,White,04/2021,0,2,2025-04-12
Census Tract,12031011903,White,05/2021,0,1,2025-04-12
Census Tract,12031011903,White,06/2021,1,1.2,2025-04-12
Census Tract,12031011903,White,07/2021,1,2,2025-04-12
Census Tract,12031011903,White,08/2021,0,1,2025-04-12
Census Tract,12031011903,White,09/2021,0,2.4,2025-04-12
Census Tract,12031011903,White,10/2021,4,2.2,2025-04-12
Census Tract,12031011903,White,11/2021,2,1,2025-04-12
Census Tract,12031011903,White,12/2021,0,2.2,2025-04-12
Census Tract,12031011903,White,01/2022,0,1.2,2025-04-12
Census Tract,12031011903,White,02/2022,2,1.6,2025-04-12
Census Tract,12031011903,White,03/2022,3,0.6,2025-04-12
Census Tract,12031011903,White,04/2022,1,2,2025-04-12
Census Tract,12031011903,White,05/2022,1,1,2025-04-12
Census Tract,12031011903,White,06/2022,4,1.2,2025-04-12
Census Tract,12031011903,White,07/2022,3,2,2025-04-12
Census Tract,12031011903,White,08/2022,3,1,2025-04-12
Census Tract,12031011903,White,09/2022,3,2.4,2025-04-12
Census Tract,12031011903,White,10/2022,1,2.2,2025-04-12
Census Tract,12031011903,White,11/2022,1,1,2025-04-12
Census Tract,12031011903,White,12/2022,0,2.2,2025-04-12
Census Tract,12031011903,White,01/2023,3,1.2,2025-04-12
Census Tract,12031011903,White,02/2023,3,1.6,2025-04-12
Census Tract,12031011903,White,03/2023,3,0.6,2025-04-12
Census Tract,12031011903,White,04/2023,0,2,2025-04-12
Census Tract,12031011903,White,05/2023,4,1,2025-04-12
Census Tract,12031011903,White,06/2023,2,1.2,2025-04-12
Census Tract,12031011903,White,07/2023,1,2,2025-04-12
Census Tract,12031011903,White,08/2023,1,1,2025-04-12
Census Tract,12031011903,White,09/2023,2,2.4,2025-04-12
Census Tract,12031011903,White,10/2023,0,2.2,2025-04-12
Census Tract,12031011903,White,11/2023,1,1,2025-04-12
Census Tract,12031011903,White,12/2023,0,2.2,2025-04-12
Census Tract,12031011903,White,01/2024,2,1.2,2025-04-12
Census Tract,12031011903,White,02/2024,0,1.6,2025-04-12
Census Tract,12031011903,White,03/2024,0,0.6,2025-04-12
Census Tract,12031011903,White,04/2024,1,2,2025-04-12
Census Tract,12031011903,White,05/2024,0,1,2025-04-12
Census Tract,12031011903,White,06/2024,1,1.2,2025-04-12
Census Tract,12031011903,White,07/2024,0,2,2025-04-12
Census Tract,12031011903,White,08/2024,2,1,2025-04-12
Census Tract,12031011903,White,09/2024,0,2.4,2025-04-12
Census Tract,12031011903,White,10/2024,1,2.2,2025-04-12
Census Tract,12031011903,White,11/2024,1,1,2025-04-12
Census Tract,12031011903,White,12/2024,2,2.2,2025-04-12
Census Tract,12031011903,White,01/2025,3,1.2,2025-04-12
Census Tract,12031011903,White,02/2025,2,1.6,2025-04-12
Census Tract,12031011903,White,03/2025,2,0.6,2025-04-12
Census Tract,12031011903,White,04/2025,0,0.2,2025-04-12
Census Tract,12031011904,Other,01/2020,0,1.2,2025-04-12
Census Tract,12031011904,Other,02/2020,1,1.6,2025-04-12
Census Tract,12031011904,Other,03/2020,0,1.8,2025-04-12
Census Tract,12031011904,Other,04/2020,0,1.4,2025-04-12
Census Tract,12031011904,Other,05/2020,0,2,2025-04-12
Census Tract,12031011904,Other,06/2020,0,1.4,2025-04-12
Census Tract,12031011904,Other,07/2020,0,1.2,2025-04-12
Census Tract,12031011904,Other,08/2020,1,1.8,2025-04-12
Census Tract,12031011904,Other,09/2020,1,0.8,2025-04-12
Census Tract,12031011904,Other,10/2020,1,1.4,2025-04-12
Census Tract,12031011904,Other,11/2020,1,1,2025-04-12
Census Tract,12031011904,Other,12/2020,1,1.2,2025-04-12
Census Tract,12031011904,Other,01/2021,2,1.2,2025-04-12
Census Tract,12031011904,Other,02/2021,2,1.6,2025-04-12
Census Tract,12031011904,Other,03/2021,0,1.8,2025-04-12
Census Tract,12031011904,Other,04/2021,0,1.4,2025-04-12
Census Tract,12031011904,Other,05/2021,2,2,2025-04-12
Census Tract,12031011904,Other,06/2021,1,1.4,2025-04-12
Census Tract,12031011904,Other,07/2021,0,1.2,2025-04-12
Census Tract,12031011904,Other,08/2021,1,1.8,2025-04-12
Census Tract,12031011904,Other,09/2021,0,0.8,2025-04-12
Census Tract,12031011904,Other,10/2021,0,1.4,2025-04-12
Census Tract,12031011904,Other,11/2021,0,1,2025-04-12
Census Tract,12031011904,Other,12/2021,2,1.2,2025-04-12
Census Tract,12031011904,Other,01/2022,1,1.2,2025-04-12
Census Tract,12031011904,Other,02/2022,1,1.6,2025-04-12
Census Tract,12031011904,Other,03/2022,2,1.8,2025-04-12
Census Tract,12031011904,Other,04/2022,1,1.4,2025-04-12
Census Tract,12031011904,Other,05/2022,4,2,2025-04-12
Census Tract,12031011904,Other,06/2022,3,1.4,2025-04-12
Census Tract,12031011904,Other,07/2022,3,1.2,2025-04-12
Census Tract,12031011904,Other,08/2022,3,1.8,2025-04-12
Census Tract,12031011904,Other,09/2022,5,0.8,2025-04-12
Census Tract,12031011904,Other,10/2022,1,1.4,2025-04-12
Census Tract,12031011904,Other,11/2022,2,1,2025-04-12
Census Tract,12031011904,Other,12/2022,0,1.2,2025-04-12
Census Tract,12031011904,Other,01/2023,3,1.2,2025-04-12
Census Tract,12031011904,Other,02/2023,4,1.6,2025-04-12
Census Tract,12031011904,Other,03/2023,1,1.8,2025-04-12
Census Tract,12031011904,Other,04/2023,1,1.4,2025-04-12
Census Tract,12031011904,Other,05/2023,3,2,2025-04-12
Census Tract,12031011904,Other,06/2023,2,1.4,2025-04-12
Census Tract,12031011904,Other,07/2023,0,1.2,2025-04-12
Census Tract,12031011904,Other,08/2023,1,1.8,2025-04-12
Census Tract,12031011904,Other,09/2023,3,0.8,2025-04-12
Census Tract,12031011904,Other,10/2023,0,1.4,2025-04-12
Census Tract,12031011904,Other,11/2023,3,1,2025-04-12
Census Tract,12031011904,Other,12/2023,1,1.2,2025-04-12
Census Tract,12031011904,Other,01/2024,1,1.2,2025-04-12
Census Tract,12031011904,Other,02/2024,2,1.6,2025-04-12
Census Tract,12031011904,Other,03/2024,2,1.8,2025-04-12
Census Tract,12031011904,Other,04/2024,1,1.4,2025-04-12
Census Tract,12031011904,Other,05/2024,0,2,2025-04-12
Census Tract,12031011904,Other,06/2024,1,1.4,2025-04-12
Census Tract,12031011904,Other,07/2024,1,1.2,2025-04-12
Census Tract,12031011904,Other,08/2024,1,1.8,2025-04-12
Census Tract,12031011904,Other,09/2024,1,0.8,2025-04-12
Census Tract,12031011904,Other,10/2024,2,1.4,2025-04-12
Census Tract,12031011904,Other,11/2024,2,1,2025-04-12
Census Tract,12031011904,Other,12/2024,0,1.2,2025-04-12
Census Tract,12031011904,Other,01/2025,3,1.2,2025-04-12
Census Tract,12031011904,Other,02/2025,2,1.6,2025-04-12
Census Tract,12031011904,Other,03/2025,1,1.8,2025-04-12
Census Tract,12031011904,Other,04/2025,1,0.4,2025-04-12
Census Tract,12031011905,White,01/2020,11,14.4,2025-04-12
Census Tract,12031011905,White,02/2020,7,11.8,2025-04-12
Census Tract,12031011905,White,03/2020,1,13.4,2025-04-12
Census Tract,12031011905,White,04/2020,0,9.8,2025-04-12
Census Tract,12031011905,White,05/2020,0,8,2025-04-12
Census Tract,12031011905,White,06/2020,0,10,2025-04-12
Census Tract,12031011905,White,07/2020,0,14,2025-04-12
Census Tract,12031011905,White,08/2020,2,14,2025-04-12
Census Tract,12031011905,White,09/2020,1,10.2,2025-04-12
Census Tract,12031011905,White,10/2020,2,13.2,2025-04-12
Census Tract,12031011905,White,11/2020,1,9,2025-04-12
Census Tract,12031011905,White,12/2020,7,12.8,2025-04-12
Census Tract,12031011905,White,01/2021,4,14.4,2025-04-12
Census Tract,12031011905,White,02/2021,1,11.8,2025-04-12
Census Tract,12031011905,White,03/2021,8,13.4,2025-04-12
Census Tract,12031011905,White,04/2021,0,9.8,2025-04-12
Census Tract,12031011905,White,05/2021,4,8,2025-04-12
Census Tract,12031011905,White,06/2021,10,10,2025-04-12
Census Tract,12031011905,White,07/2021,7,14,2025-04-12
Census Tract,12031011905,White,08/2021,7,14,2025-04-12
Census Tract,12031011905,White,09/2021,6,10.2,2025-04-12
Census Tract,12031011905,White,10/2021,7,13.2,2025-04-12
Census Tract,12031011905,White,11/2021,7,9,2025-04-12
Census Tract,12031011905,White,12/2021,5,12.8,2025-04-12
Census Tract,12031011905,White,01/2022,4,14.4,2025-04-12
Census Tract,12031011905,White,02/2022,3,11.8,2025-04-12
Census Tract,12031011905,White,03/2022,2,13.4,2025-04-12
Census Tract,12031011905,White,04/2022,5,9.8,2025-04-12
Census Tract,12031011905,White,05/2022,4,8,2025-04-12
Census Tract,12031011905,White,06/2022,10,10,2025-04-12
Census Tract,12031011905,White,07/2022,9,14,2025-04-12
Census Tract,12031011905,White,08/2022,8,14,2025-04-12
Census Tract,12031011905,White,09/2022,10,10.2,2025-04-12
Census Tract,12031011905,White,10/2022,8,13.2,2025-04-12
Census Tract,12031011905,White,11/2022,2,9,2025-04-12
Census Tract,12031011905,White,12/2022,9,12.8,2025-04-12
Census Tract,12031011905,White,01/2023,5,14.4,2025-04-12
Census Tract,12031011905,White,02/2023,8,11.8,2025-04-12
Census Tract,12031011905,White,03/2023,10,13.4,2025-04-12
Census Tract,12031011905,White,04/2023,5,9.8,2025-04-12
Census Tract,12031011905,White,05/2023,7,8,2025-04-12
Census Tract,12031011905,White,06/2023,10,10,2025-04-12
Census Tract,12031011905,White,07/2023,5,14,2025-04-12
Census Tract,12031011905,White,08/2023,11,14,2025-04-12
Census Tract,12031011905,White,09/2023,6,10.2,2025-04-12
Census Tract,12031011905,White,10/2023,8,13.2,2025-04-12
Census Tract,12031011905,White,11/2023,5,9,2025-04-12
Census Tract,12031011905,White,12/2023,12,12.8,2025-04-12
Census Tract,12031011905,White,01/2024,7,14.4,2025-04-12
Census Tract,12031011905,White,02/2024,4,11.8,2025-04-12
Census Tract,12031011905,White,03/2024,3,13.4,2025-04-12
Census Tract,12031011905,White,04/2024,7,9.8,2025-04-12
Census Tract,12031011905,White,05/2024,8,8,2025-04-12
Census Tract,12031011905,White,06/2024,10,10,2025-04-12
Census Tract,12031011905,White,07/2024,2,14,2025-04-12
Census Tract,12031011905,White,08/2024,4,14,2025-04-12
Census Tract,12031011905,White,09/2024,8,10.2,2025-04-12
Census Tract,12031011905,White,10/2024,13,13.2,2025-04-12
Census Tract,12031011905,White,11/2024,2,9,2025-04-12
Census Tract,12031011905,White,12/2024,5,12.8,2025-04-12
Census Tract,12031011905,White,01/2025,11,14.4,2025-04-12
Census Tract,12031011905,White,02/2025,4,11.8,2025-04-12
Census Tract,12031011905,White,03/2025,4,13.4,2025-04-12
Census Tract,12031011905,White,04/2025,2,1,2025-04-12
Census Tract,12031012000,White,01/2020,2,3.4,2025-04-12
Census Tract,12031012000,White,02/2020,6,2.6,2025-04-12
Census Tract,12031012000,White,03/2020,0,3.2,2025-04-12
Census Tract,12031012000,White,04/2020,0,3.6,2025-04-12
Census Tract,12031012000,White,05/2020,0,3.2,2025-04-12
Census Tract,12031012000,White,06/2020,0,5.4,2025-04-12
Census Tract,12031012000,White,07/2020,0,4,2025-04-12
Census Tract,12031012000,White,08/2020,2,3.8,2025-04-12
Census Tract,12031012000,White,09/2020,0,5.4,2025-04-12
Census Tract,12031012000,White,10/2020,2,5.8,2025-04-12
Census Tract,12031012000,White,11/2020,2,3.2,2025-04-12
Census Tract,12031012000,White,12/2020,1,4.2,2025-04-12
Census Tract,12031012000,White,01/2021,1,3.4,2025-04-12
Census Tract,12031012000,White,02/2021,5,2.6,2025-04-12
Census Tract,12031012000,White,03/2021,4,3.2,2025-04-12
Census Tract,12031012000,White,04/2021,2,3.6,2025-04-12
Census Tract,12031012000,White,05/2021,2,3.2,2025-04-12
Census Tract,12031012000,White,06/2021,3,5.4,2025-04-12
Census Tract,12031012000,White,07/2021,7,4,2025-04-12
Census Tract,12031012000,White,08/2021,4,3.8,2025-04-12
Census Tract,12031012000,White,09/2021,8,5.4,2025-04-12
Census Tract,12031012000,White,10/2021,14,5.8,2025-04-12
Census Tract,12031012000,White,11/2021,3,3.2,2025-04-12
Census Tract,12031012000,White,12/2021,2,4.2,2025-04-12
Census Tract,12031012000,White,01/2022,1,3.4,2025-04-12
Census Tract,12031012000,White,02/2022,3,2.6,2025-04-12
Census Tract,12031012000,White,03/2022,3,3.2,2025-04-12
Census Tract,12031012000,White,04/2022,9,3.6,2025-04-12
Census Tract,12031012000,White,05/2022,8,3.2,2025-04-12
Census Tract,12031012000,White,06/2022,5,5.4,2025-04-12
Census Tract,12031012000,White,07/2022,3,4,2025-04-12
Census Tract,12031012000,White,08/2022,21,3.8,2025-04-12
Census Tract,12031012000,White,09/2022,14,5.4,2025-04-12
Census Tract,12031012000,White,10/2022,19,5.8,2025-04-12
Census Tract,12031012000,White,11/2022,15,3.2,2025-04-12
Census Tract,12031012000,White,12/2022,16,4.2,2025-04-12
Census Tract,12031012000,White,01/2023,19,3.4,2025-04-12
Census Tract,12031012000,White,02/2023,19,2.6,2025-04-12
Census Tract,12031012000,White,03/2023,10,3.2,2025-04-12
Census Tract,12031012000,White,04/2023,9,3.6,2025-04-12
Census Tract,12031012000,White,05/2023,8,3.2,2025-04-12
Census Tract,12031012000,White,06/2023,7,5.4,2025-04-12
Census Tract,12031012000,White,07/2023,17,4,2025-04-12
Census Tract,12031012000,White,08/2023,26,3.8,2025-04-12
Census Tract,12031012000,White,09/2023,14,5.4,2025-04-12
Census Tract,12031012000,White,10/2023,14,5.8,2025-04-12
Census Tract,12031012000,White,11/2023,12,3.2,2025-04-12
Census Tract,12031012000,White,12/2023,17,4.2,2025-04-12
Census Tract,12031012000,White,01/2024,9,3.4,2025-04-12
Census Tract,12031012000,White,02/2024,10,2.6,2025-04-12
Census Tract,12031012000,White,03/2024,9,3.2,2025-04-12
Census Tract,12031012000,White,04/2024,11,3.6,2025-04-12
Census Tract,12031012000,White,05/2024,8,3.2,2025-04-12
Census Tract,12031012000,White,06/2024,18,5.4,2025-04-12
Census Tract,12031012000,White,07/2024,16,4,2025-04-12
Census Tract,12031012000,White,08/2024,9,3.8,2025-04-12
Census Tract,12031012000,White,09/2024,19,5.4,2025-04-12
Census Tract,12031012000,White,10/2024,2,5.8,2025-04-12
Census Tract,12031012000,White,11/2024,7,3.2,2025-04-12
Census Tract,12031012000,White,12/2024,17,4.2,2025-04-12
Census Tract,12031012000,White,01/2025,11,3.4,2025-04-12
Census Tract,12031012000,White,02/2025,8,2.6,2025-04-12
Census Tract,12031012000,White,03/2025,4,3.2,2025-04-12
Census Tract,12031012000,White,04/2025,0,0.8,2025-04-12
Census Tract,12031012100,White,01/2020,6,1.6,2025-04-12
Census Tract,12031012100,White,02/2020,5,1.4,2025-04-12
Census Tract,12031012100,White,03/2020,2,2.4,2025-04-12
Census Tract,12031012100,White,04/2020,1,2.4,2025-04-12
Census Tract,12031012100,White,05/2020,0,2.8,2025-04-12
Census Tract,12031012100,White,06/2020,1,3.4,2025-04-12
Census Tract,12031012100,White,07/2020,0,2.8,2025-04-12
Census Tract,12031012100,White,08/2020,1,1.8,2025-04-12
Census Tract,12031012100,White,09/2020,2,1.8,2025-04-12
Census Tract,12031012100,White,10/2020,2,1.8,2025-04-12
Census Tract,12031012100,White,11/2020,1,3.2,2025-04-12
Census Tract,12031012100,White,12/2020,3,2.6,2025-04-12
Census Tract,12031012100,White,01/2021,4,1.6,2025-04-12
Census Tract,12031012100,White,02/2021,1,1.4,2025-04-12
Census Tract,12031012100,White,03/2021,1,2.4,2025-04-12
Census Tract,12031012100,White,04/2021,0,2.4,2025-04-12
Census Tract,12031012100,White,05/2021,2,2.8,2025-04-12
Census Tract,12031012100,White,06/2021,2,3.4,2025-04-12
Census Tract,12031012100,White,07/2021,1,2.8,2025-04-12
Census Tract,12031012100,White,08/2021,4,1.8,2025-04-12
Census Tract,12031012100,White,09/2021,2,1.8,2025-04-12
Census Tract,12031012100,White,10/2021,7,1.8,2025-04-12
Census Tract,12031012100,White,11/2021,5,3.2,2025-04-12
Census Tract,12031012100,White,12/2021,5,2.6,2025-04-12
Census Tract,12031012100,White,01/2022,3,1.6,2025-04-12
Census Tract,12031012100,White,02/2022,2,1.4,2025-04-12
Census Tract,12031012100,White,03/2022,4,2.4,2025-04-12
Census Tract,12031012100,White,04/2022,4,2.4,2025-04-12
Census Tract,12031012100,White,05/2022,0,2.8,2025-04-12
Census Tract,12031012100,White,06/2022,5,3.4,2025-04-12
Census Tract,12031012100,White,07/2022,5,2.8,2025-04-12
Census Tract,12031012100,White,08/2022,3,1.8,2025-04-12
Census Tract,12031012100,White,09/2022,2,1.8,2025-04-12
Census Tract,12031012100,White,10/2022,3,1.8,2025-04-12
Census Tract,12031012100,White,11/2022,0,3.2,2025-04-12
Census Tract,12031012100,White,12/2022,3,2.6,2025-04-12
Census Tract,12031012100,White,01/2023,1,1.6,2025-04-12
Census Tract,12031012100,White,02/2023,6,1.4,2025-04-12
Census Tract,12031012100,White,03/2023,1,2.4,2025-04-12
Census Tract,12031012100,White,04/2023,0,2.4,2025-04-12
Census Tract,12031012100,White,05/2023,4,2.8,2025-04-12
Census Tract,12031012100,White,06/2023,2,3.4,2025-04-12
Census Tract,12031012100,White,07/2023,1,2.8,2025-04-12
Census Tract,12031012100,White,08/2023,5,1.8,2025-04-12
Census Tract,12031012100,White,09/2023,3,1.8,2025-04-12
Census Tract,12031012100,White,10/2023,2,1.8,2025-04-12
Census Tract,12031012100,White,11/2023,2,3.2,2025-04-12
Census Tract,12031012100,White,12/2023,4,2.6,2025-04-12
Census Tract,12031012100,White,01/2024,4,1.6,2025-04-12
Census Tract,12031012100,White,02/2024,5,1.4,2025-04-12
Census Tract,12031012100,White,03/2024,1,2.4,2025-04-12
Census Tract,12031012100,White,04/2024,0,2.4,2025-04-12
Census Tract,12031012100,White,05/2024,2,2.8,2025-04-12
Census Tract,12031012100,White,06/2024,1,3.4,2025-04-12
Census Tract,12031012100,White,07/2024,4,2.8,2025-04-12
Census Tract,12031012100,White,08/2024,3,1.8,2025-04-12
Census Tract,12031012100,White,09/2024,2,1.8,2025-04-12
Census Tract,12031012100,White,10/2024,2,1.8,2025-04-12
Census Tract,12031012100,White,11/2024,4,3.2,2025-04-12
Census Tract,12031012100,White,12/2024,2,2.6,2025-04-12
Census Tract,12031012100,White,01/2025,1,1.6,2025-04-12
Census Tract,12031012100,White,02/2025,3,1.4,2025-04-12
Census Tract,12031012100,White,03/2025,1,2.4,2025-04-12
Census Tract,12031012100,White,04/2025,0,0.8,2025-04-12
Census Tract,12031012201,Black,01/2020,4,3,2025-04-12
Census Tract,12031012201,Black,02/2020,5,1.8,2025-04-12
Census Tract,12031012201,Black,03/2020,0,2.6,2025-04-12
Census Tract,12031012201,Black,04/2020,0,2.4,2025-04-12
Census Tract,12031012201,Black,05/2020,0,2.2,2025-04-12
Census Tract,12031012201,Black,06/2020,0,3,2025-04-12
Census Tract,12031012201,Black,07/2020,0,3.4,2025-04-12
Census Tract,12031012201,Black,08/2020,3,2,2025-04-12
Census Tract,12031012201,Black,09/2020,4,5.2,2025-04-12
Census Tract,12031012201,Black,10/2020,1,4.2,2025-04-12
Census Tract,12031012201,Black,11/2020,1,3.4,2025-04-12
Census Tract,12031012201,Black,12/2020,3,4.8,2025-04-12
Census Tract,12031012201,Black,01/2021,1,3,2025-04-12
Census Tract,12031012201,Black,02/2021,4,1.8,2025-04-12
Census Tract,12031012201,Black,03/2021,1,2.6,2025-04-12
Census Tract,12031012201,Black,04/2021,0,2.4,2025-04-12
Census Tract,12031012201,Black,05/2021,2,2.2,2025-04-12
Census Tract,12031012201,Black,06/2021,4,3,2025-04-12
Census Tract,12031012201,Black,07/2021,2,3.4,2025-04-12
Census Tract,12031012201,Black,08/2021,1,2,2025-04-12
Census Tract,12031012201,Black,09/2021,0,5.2,2025-04-12
Census Tract,12031012201,Black,10/2021,1,4.2,2025-04-12
Census Tract,12031012201,Black,11/2021,2,3.4,2025-04-12
Census Tract,12031012201,Black,12/2021,1,4.8,2025-04-12
Census Tract,12031012201,Black,01/2022,1,3,2025-04-12
Census Tract,12031012201,Black,02/2022,1,1.8,2025-04-12
Census Tract,12031012201,Black,03/2022,1,2.6,2025-04-12
Census Tract,12031012201,Black,04/2022,1,2.4,2025-04-12
Census Tract,12031012201,Black,05/2022,0,2.2,2025-04-12
Census Tract,12031012201,Black,06/2022,0,3,2025-04-12
Census Tract,12031012201,Black,07/2022,2,3.4,2025-04-12
Census Tract,12031012201,Black,08/2022,3,2,2025-04-12
Census Tract,12031012201,Black,09/2022,3,5.2,2025-04-12
Census Tract,12031012201,Black,10/2022,3,4.2,2025-04-12
Census Tract,12031012201,Black,11/2022,3,3.4,2025-04-12
Census Tract,12031012201,Black,12/2022,1,4.8,2025-04-12
Census Tract,12031012201,Black,01/2023,2,3,2025-04-12
Census Tract,12031012201,Black,02/2023,5,1.8,2025-04-12
Census Tract,12031012201,Black,03/2023,0,2.6,2025-04-12
Census Tract,12031012201,Black,04/2023,1,2.4,2025-04-12
Census Tract,12031012201,Black,05/2023,0,2.2,2025-04-12
Census Tract,12031012201,Black,06/2023,0,3,2025-04-12
Census Tract,12031012201,Black,07/2023,2,3.4,2025-04-12
Census Tract,12031012201,Black,08/2023,6,2,2025-04-12
Census Tract,12031012201,Black,09/2023,5,5.2,2025-04-12
Census Tract,12031012201,Black,10/2023,1,4.2,2025-04-12
Census Tract,12031012201,Black,11/2023,0,3.4,2025-04-12
Census Tract,12031012201,Black,12/2023,2,4.8,2025-04-12
Census Tract,12031012201,Black,01/2024,2,3,2025-04-12
Census Tract,12031012201,Black,02/2024,3,1.8,2025-04-12
Census Tract,12031012201,Black,03/2024,0,2.6,2025-04-12
Census Tract,12031012201,Black,04/2024,6,2.4,2025-04-12
Census Tract,12031012201,Black,05/2024,2,2.2,2025-04-12
Census Tract,12031012201,Black,06/2024,5,3,2025-04-12
Census Tract,12031012201,Black,07/2024,3,3.4,2025-04-12
Census Tract,12031012201,Black,08/2024,3,2,2025-04-12
Census Tract,12031012201,Black,09/2024,3,5.2,2025-04-12
Census Tract,12031012201,Black,10/2024,3,4.2,2025-04-12
Census Tract,12031012201,Black,11/2024,1,3.4,2025-04-12
Census Tract,12031012201,Black,12/2024,0,4.8,2025-04-12
Census Tract,12031012201,Black,01/2025,2,3,2025-04-12
Census Tract,12031012201,Black,02/2025,9,1.8,2025-04-12
Census Tract,12031012201,Black,03/2025,1,2.6,2025-04-12
Census Tract,12031012201,Black,04/2025,0,0.8,2025-04-12
Census Tract,12031012202,Other,01/2020,14,9.8,2025-04-12
Census Tract,12031012202,Other,02/2020,8,4.8,2025-04-12
Census Tract,12031012202,Other,03/2020,8,7.4,2025-04-12
Census Tract,12031012202,Other,04/2020,0,7,2025-04-12
Census Tract,12031012202,Other,05/2020,0,9.8,2025-04-12
Census Tract,12031012202,Other,06/2020,1,13.4,2025-04-12
Census Tract,12031012202,Other,07/2020,0,12,2025-04-12
Census Tract,12031012202,Other,08/2020,5,11,2025-04-12
Census Tract,12031012202,Other,09/2020,7,9.8,2025-04-12
Census Tract,12031012202,Other,10/2020,7,15.2,2025-04-12
Census Tract,12031012202,Other,11/2020,0,7.4,2025-04-12
Census Tract,12031012202,Other,12/2020,4,12.4,2025-04-12
Census Tract,12031012202,Other,01/2021,4,9.8,2025-04-12
Census Tract,12031012202,Other,02/2021,6,4.8,2025-04-12
Census Tract,12031012202,Other,03/2021,2,7.4,2025-04-12
Census Tract,12031012202,Other,04/2021,0,7,2025-04-12
Census Tract,12031012202,Other,05/2021,6,9.8,2025-04-12
Census Tract,12031012202,Other,06/2021,10,13.4,2025-04-12
Census Tract,12031012202,Other,07/2021,3,12,2025-04-12
Census Tract,12031012202,Other,08/2021,9,11,2025-04-12
Census Tract,12031012202,Other,09/2021,13,9.8,2025-04-12
Census Tract,12031012202,Other,10/2021,4,15.2,2025-04-12
Census Tract,12031012202,Other,11/2021,3,7.4,2025-04-12
Census Tract,12031012202,Other,12/2021,1,12.4,2025-04-12
Census Tract,12031012202,Other,01/2022,3,9.8,2025-04-12
Census Tract,12031012202,Other,02/2022,4,4.8,2025-04-12
Census Tract,12031012202,Other,03/2022,4,7.4,2025-04-12
Census Tract,12031012202,Other,04/2022,6,7,2025-04-12
Census Tract,12031012202,Other,05/2022,6,9.8,2025-04-12
Census Tract,12031012202,Other,06/2022,10,13.4,2025-04-12
Census Tract,12031012202,Other,07/2022,7,12,2025-04-12
Census Tract,12031012202,Other,08/2022,9,11,2025-04-12
Census Tract,12031012202,Other,09/2022,2,9.8,2025-04-12
Census Tract,12031012202,Other,10/2022,4,15.2,2025-04-12
Census Tract,12031012202,Other,11/2022,5,7.4,2025-04-12
Census Tract,12031012202,Other,12/2022,8,12.4,2025-04-12
Census Tract,12031012202,Other,01/2023,7,9.8,2025-04-12
Census Tract,12031012202,Other,02/2023,8,4.8,2025-04-12
Census Tract,12031012202,Other,03/2023,8,7.4,2025-04-12
Census Tract,12031012202,Other,04/2023,1,7,2025-04-12
Census Tract,12031012202,Other,05/2023,6,9.8,2025-04-12
Census Tract,12031012202,Other,06/2023,11,13.4,2025-04-12
Census Tract,12031012202,Other,07/2023,18,12,2025-04-12
Census Tract,12031012202,Other,08/2023,20,11,2025-04-12
Census Tract,12031012202,Other,09/2023,11,9.8,2025-04-12
Census Tract,12031012202,Other,10/2023,16,15.2,2025-04-12
Census Tract,12031012202,Other,11/2023,3,7.4,2025-04-12
Census Tract,12031012202,Other,12/2023,15,12.4,2025-04-12
Census Tract,12031012202,Other,01/2024,17,9.8,2025-04-12
Census Tract,12031012202,Other,02/2024,12,4.8,2025-04-12
Census Tract,12031012202,Other,03/2024,3,7.4,2025-04-12
Census Tract,12031012202,Other,04/2024,13,7,2025-04-12
Census Tract,12031012202,Other,05/2024,4,9.8,2025-04-12
Census Tract,12031012202,Other,06/2024,9,13.4,2025-04-12
Census Tract,12031012202,Other,07/2024,12,12,2025-04-12
Census Tract,12031012202,Other,08/2024,10,11,2025-04-12
Census Tract,12031012202,Other,09/2024,10,9.8,2025-04-12
Census Tract,12031012202,Other,10/2024,10,15.2,2025-04-12
Census Tract,12031012202,Other,11/2024,14,7.4,2025-04-12
Census Tract,12031012202,Other,12/2024,7,12.4,2025-04-12
Census Tract,12031012202,Other,01/2025,5,9.8,2025-04-12
Census Tract,12031012202,Other,02/2025,21,4.8,2025-04-12
Census Tract,12031012202,Other,03/2025,21,7.4,2025-04-12
Census Tract,12031012202,Other,04/2025,0,2.6,2025-04-12
Census Tract,12031012300,White,01/2020,3,4.6,2025-04-12
Census Tract,12031012300,White,02/2020,2,3.8,2025-04-12
Census Tract,12031012300,White,03/2020,1,3.2,2025-04-12
Census Tract,12031012300,White,04/2020,0,3,2025-04-12
Census Tract,12031012300,White,05/2020,1,3.6,2025-04-12
Census Tract,12031012300,White,06/2020,0,2.2,2025-04-12
Census Tract,12031012300,White,07/2020,0,4.2,2025-04-12
Census Tract,12031012300,White,08/2020,10,3.4,2025-04-12
Census Tract,12031012300,White,09/2020,7,4.2,2025-04-12
Census Tract,12031012300,White,10/2020,7,3.6,2025-04-12
Census Tract,12031012300,White,11/2020,1,2.8,2025-04-12
Census Tract,12031012300,White,12/2020,2,3.2,2025-04-12
Census Tract,12031012300,White,01/2021,3,4.6,2025-04-12
Census Tract,12031012300,White,02/2021,5,3.4,2025-04-12
Census Tract,12031012300,White,03/2021,1,3.2,2025-04-12
Census Tract,12031012300,White,04/2021,2,3,2025-04-12
Census Tract,12031012300,White,05/2021,1,3.6,2025-04-12
Census Tract,12031012300,White,06/2021,3,2.2,2025-04-12
Census Tract,12031012300,White,07/2021,6,4.2,2025-04-12
Census Tract,12031012300,White,08/2021,8,3.4,2025-04-12
Census Tract,12031012300,White,09/2021,4,4.2,2025-04-12
Census Tract,12031012300,White,10/2021,3,3.6,2025-04-12
Census Tract,12031012300,White,11/2021,2,2.8,2025-04-12
Census Tract,12031012300,White,12/2021,6,3.2,2025-04-12
Census Tract,12031012300,White,01/2022,7,4.6,2025-04-12
Census Tract,12031012300,White,02/2022,2,3.4,2025-04-12
Census Tract,12031012300,White,03/2022,2,3.2,2025-04-12
Census Tract,12031012300,White,04/2022,3,3,2025-04-12
Census Tract,12031012300,White,05/2022,4,3.6,2025-04-12
Census Tract,12031012300,White,06/2022,6,2.2,2025-04-12
Census Tract,12031012300,White,07/2022,8,4.2,2025-04-12
Census Tract,12031012300,White,08/2022,6,3.4,2025-04-12
Census Tract,12031012300,White,09/2022,2,4.2,2025-04-12
Census Tract,12031012300,White,10/2022,8,3.6,2025-04-12
Census Tract,12031012300,White,11/2022,0,2.8,2025-04-12
Census Tract,12031012300,White,12/2022,5,3.2,2025-04-12
Census Tract,12031012300,White,01/2023,3,4.6,2025-04-12
Census Tract,12031012300,White,02/2023,1,3.4,2025-04-12
Census Tract,12031012300,White,03/2023,4,3.2,2025-04-12
Census Tract,12031012300,White,04/2023,0,3,2025-04-12
Census Tract,12031012300,White,05/2023,3,3.6,2025-04-12
Census Tract,12031012300,White,06/2023,7,2.2,2025-04-12
Census Tract,12031012300,White,07/2023,0,4.2,2025-04-12
Census Tract,12031012300,White,08/2023,4,3.4,2025-04-12
Census Tract,12031012300,White,09/2023,2,4.2,2025-04-12
Census Tract,12031012300,White,10/2023,4,3.6,2025-04-12
Census Tract,12031012300,White,11/2023,1,2.8,2025-04-12
Census Tract,12031012300,White,12/2023,3,3.2,2025-04-12
Census Tract,12031012300,White,01/2024,3,4.6,2025-04-12
Census Tract,12031012300,White,02/2024,5,3.8,2025-04-12
Census Tract,12031012300,White,03/2024,1,3.2,2025-04-12
Census Tract,12031012300,White,04/2024,5,3,2025-04-12
Census Tract,12031012300,White,05/2024,3,3.6,2025-04-12
Census Tract,12031012300,White,06/2024,1,2.2,2025-04-12
Census Tract,12031012300,White,07/2024,12,4.2,2025-04-12
Census Tract,12031012300,White,08/2024,4,3.4,2025-04-12
Census Tract,12031012300,White,09/2024,4,4.2,2025-04-12
Census Tract,12031012300,White,10/2024,3,3.6,2025-04-12
Census Tract,12031012300,White,11/2024,8,2.8,2025-04-12
Census Tract,12031012300,White,12/2024,1,3.2,2025-04-12
Census Tract,12031012300,White,01/2025,4,4.6,2025-04-12
Census Tract,12031012300,White,02/2025,2,3.4,2025-04-12
Census Tract,12031012300,White,03/2025,5,3.2,2025-04-12
Census Tract,12031012300,White,04/2025,0,1.6,2025-04-12
Census Tract,12031012400,White,01/2020,3,2.6,2025-04-12
Census Tract,12031012400,White,02/2020,1,1.2,2025-04-12
Census Tract,12031012400,White,03/2020,0,1.4,2025-04-12
Census Tract,12031012400,White,04/2020,1,1.2,2025-04-12
Census Tract,12031012400,White,05/2020,0,2.2,2025-04-12
Census Tract,12031012400,White,06/2020,1,2,2025-04-12
Census Tract,12031012400,White,07/2020,1,1.2,2025-04-12
Census Tract,12031012400,White,08/2020,2,2.4,2025-04-12
Census Tract,12031012400,White,09/2020,1,1.8,2025-04-12
Census Tract,12031012400,White,10/2020,2,1.6,2025-04-12
Census Tract,12031012400,White,11/2020,0,0.8,2025-04-12
Census Tract,12031012400,White,12/2020,2,1.2,2025-04-12
Census Tract,12031012400,White,01/2021,0,2.6,2025-04-12
Census Tract,12031012400,White,02/2021,0,1.2,2025-04-12
Census Tract,12031012400,White,03/2021,2,1.4,2025-04-12
Census Tract,12031012400,White,04/2021,3,1.2,2025-04-12
Census Tract,12031012400,White,05/2021,0,2.2,2025-04-12
Census Tract,12031012400,White,06/2021,0,2,2025-04-12
Census Tract,12031012400,White,07/2021,1,1.2,2025-04-12
Census Tract,12031012400,White,08/2021,1,2.4,2025-04-12
Census Tract,12031012400,White,09/2021,1,1.8,2025-04-12
Census Tract,12031012400,White,10/2021,0,1.6,2025-04-12
Census Tract,12031012400,White,11/2021,4,0.8,2025-04-12
Census Tract,12031012400,White,12/2021,1,1.2,2025-04-12
Census Tract,12031012400,White,01/2022,1,2.6,2025-04-12
Census Tract,12031012400,White,02/2022,0,1.2,2025-04-12
Census Tract,12031012400,White,03/2022,0,1.4,2025-04-12
Census Tract,12031012400,White,04/2022,2,1.2,2025-04-12
Census Tract,12031012400,White,05/2022,1,2.2,2025-04-12
Census Tract,12031012400,White,06/2022,2,2,2025-04-12
Census Tract,12031012400,White,07/2022,1,1.2,2025-04-12
Census Tract,12031012400,White,08/2022,1,2.4,2025-04-12
Census Tract,12031012400,White,09/2022,1,1.8,2025-04-12
Census Tract,12031012400,White,10/2022,1,1.6,2025-04-12
Census Tract,12031012400,White,11/2022,1,0.8,2025-04-12
Census Tract,12031012400,White,12/2022,3,1.2,2025-04-12
Census Tract,12031012400,White,01/2023,0,2.6,2025-04-12
Census Tract,12031012400,White,02/2023,0,1.2,2025-04-12
Census Tract,12031012400,White,03/2023,0,1.4,2025-04-12
Census Tract,12031012400,White,04/2023,1,1.2,2025-04-12
Census Tract,12031012400,White,05/2023,3,2.2,2025-04-12
Census Tract,12031012400,White,06/2023,0,2,2025-04-12
Census Tract,12031012400,White,07/2023,1,1.2,2025-04-12
Census Tract,12031012400,White,08/2023,1,2.4,2025-04-12
Census Tract,12031012400,White,09/2023,0,1.8,2025-04-12
Census Tract,12031012400,White,10/2023,1,1.6,2025-04-12
Census Tract,12031012400,White,11/2023,0,0.8,2025-04-12
Census Tract,12031012400,White,12/2023,3,1.2,2025-04-12
Census Tract,12031012400,White,01/2024,5,2.6,2025-04-12
Census Tract,12031012400,White,02/2024,2,1.2,2025-04-12
Census Tract,12031012400,White,03/2024,2,1.4,2025-04-12
Census Tract,12031012400,White,04/2024,1,1.2,2025-04-12
Census Tract,12031012400,White,05/2024,0,2.2,2025-04-12
Census Tract,12031012400,White,06/2024,3,2,2025-04-12
Census Tract,12031012400,White,07/2024,3,1.2,2025-04-12
Census Tract,12031012400,White,08/2024,0,2.4,2025-04-12
Census Tract,12031012400,White,09/2024,1,1.8,2025-04-12
Census Tract,12031012400,White,10/2024,0,1.6,2025-04-12
Census Tract,12031012400,White,11/2024,2,0.8,2025-04-12
Census Tract,12031012400,White,12/2024,1,1.2,2025-04-12
Census Tract,12031012400,White,01/2025,1,2.6,2025-04-12
Census Tract,12031012400,White,02/2025,0,1.2,2025-04-12
Census Tract,12031012400,White,03/2025,2,1.4,2025-04-12
Census Tract,12031012400,White,04/2025,0,0.4,2025-04-12
Census Tract,12031012500,Other,01/2020,29,13.4,2025-04-12
Census Tract,12031012500,Other,02/2020,10,12.4,2025-04-12
Census Tract,12031012500,Other,03/2020,22,11,2025-04-12
Census Tract,12031012500,Other,04/2020,5,9.4,2025-04-12
Census Tract,12031012500,Other,05/2020,0,10,2025-04-12
Census Tract,12031012500,Other,06/2020,0,12.4,2025-04-12
Census Tract,12031012500,Other,07/2020,1,13.8,2025-04-12
Census Tract,12031012500,Other,08/2020,34,11.6,2025-04-12
Census Tract,12031012500,Other,09/2020,12,12.2,2025-04-12
Census Tract,12031012500,Other,10/2020,11,11.2,2025-04-12
Census Tract,12031012500,Other,11/2020,9,8.4,2025-04-12
Census Tract,12031012500,Other,12/2020,14,10.6,2025-04-12
Census Tract,12031012500,Other,01/2021,25,13.4,2025-04-12
Census Tract,12031012500,Other,02/2021,14,12.2,2025-04-12
Census Tract,12031012500,Other,03/2021,5,11,2025-04-12
Census Tract,12031012500,Other,04/2021,1,9.4,2025-04-12
Census Tract,12031012500,Other,05/2021,4,10,2025-04-12
Census Tract,12031012500,Other,06/2021,5,12.4,2025-04-12
Census Tract,12031012500,Other,07/2021,9,13.8,2025-04-12
Census Tract,12031012500,Other,08/2021,11,11.6,2025-04-12
Census Tract,12031012500,Other,09/2021,23,12.2,2025-04-12
Census Tract,12031012500,Other,10/2021,19,11.2,2025-04-12
Census Tract,12031012500,Other,11/2021,9,8.4,2025-04-12
Census Tract,12031012500,Other,12/2021,16,10.6,2025-04-12
Census Tract,12031012500,Other,01/2022,23,13.4,2025-04-12
Census Tract,12031012500,Other,02/2022,8,12.2,2025-04-12
Census Tract,12031012500,Other,03/2022,9,11,2025-04-12
Census Tract,12031012500,Other,04/2022,16,9.4,2025-04-12
Census Tract,12031012500,Other,05/2022,19,10,2025-04-12
Census Tract,12031012500,Other,06/2022,33,12.4,2025-04-12
Census Tract,12031012500,Other,07/2022,35,13.8,2025-04-12
Census Tract,12031012500,Other,08/2022,15,11.6,2025-04-12
Census Tract,12031012500,Other,09/2022,14,12.2,2025-04-12
Census Tract,12031012500,Other,10/2022,44,11.2,2025-04-12
Census Tract,12031012500,Other,11/2022,23,8.4,2025-04-12
Census Tract,12031012500,Other,12/2022,22,10.6,2025-04-12
Census Tract,12031012500,Other,01/2023,10,13.4,2025-04-12
Census Tract,12031012500,Other,02/2023,10,12.2,2025-04-12
Census Tract,12031012500,Other,03/2023,20,11,2025-04-12
Census Tract,12031012500,Other,04/2023,6,9.4,2025-04-12
Census Tract,12031012500,Other,05/2023,24,10,2025-04-12
Census Tract,12031012500,Other,06/2023,9,12.4,2025-04-12
Census Tract,12031012500,Other,07/2023,14,13.8,2025-04-12
Census Tract,12031012500,Other,08/2023,19,11.6,2025-04-12
Census Tract,12031012500,Other,09/2023,10,12.2,2025-04-12
Census Tract,12031012500,Other,10/2023,24,11.2,2025-04-12
Census Tract,12031012500,Other,11/2023,17,8.4,2025-04-12
Census Tract,12031012500,Other,12/2023,13,10.6,2025-04-12
Census Tract,12031012500,Other,01/2024,17,13.4,2025-04-12
Census Tract,12031012500,Other,02/2024,14,12.4,2025-04-12
Census Tract,12031012500,Other,03/2024,7,11,2025-04-12
Census Tract,12031012500,Other,04/2024,9,9.4,2025-04-12
Census Tract,12031012500,Other,05/2024,9,10,2025-04-12
Census Tract,12031012500,Other,06/2024,13,12.4,2025-04-12
Census Tract,12031012500,Other,07/2024,19,13.8,2025-04-12
Census Tract,12031012500,Other,08/2024,11,11.6,2025-04-12
Census Tract,12031012500,Other,09/2024,8,12.2,2025-04-12
Census Tract,12031012500,Other,10/2024,2,11.2,2025-04-12
Census Tract,12031012500,Other,11/2024,3,8.4,2025-04-12
Census Tract,12031012500,Other,12/2024,12,10.6,2025-04-12
Census Tract,12031012500,Other,01/2025,20,13.4,2025-04-12
Census Tract,12031012500,Other,02/2025,6,12.2,2025-04-12
Census Tract,12031012500,Other,03/2025,16,11,2025-04-12
Census Tract,12031012500,Other,04/2025,1,2.4,2025-04-12
Census Tract,12031012601,Other,01/2020,68,25.4,2025-04-12
Census Tract,12031012601,Other,02/2020,25,11.4,2025-04-12
Census Tract,12031012601,Other,03/2020,13,9.2,2025-04-12
Census Tract,12031012601,Other,04/2020,0,15.6,2025-04-12
Census Tract,12031012601,Other,05/2020,0,19,2025-04-12
Census Tract,12031012601,Other,06/2020,0,22.8,2025-04-12
Census Tract,12031012601,Other,07/2020,1,21.2,2025-04-12
Census Tract,12031012601,Other,08/2020,5,16.6,2025-04-12
Census Tract,12031012601,Other,09/2020,17,33.2,2025-04-12
Census Tract,12031012601,Other,10/2020,9,21,2025-04-12
Census Tract,12031012601,Other,11/2020,12,12.4,2025-04-12
Census Tract,12031012601,Other,12/2020,7,12.6,2025-04-12
Census Tract,12031012601,Other,01/2021,4,25.4,2025-04-12
Census Tract,12031012601,Other,02/2021,13,11.2,2025-04-12
Census Tract,12031012601,Other,03/2021,28,9.2,2025-04-12
Census Tract,12031012601,Other,04/2021,3,15.6,2025-04-12
Census Tract,12031012601,Other,05/2021,3,19,2025-04-12
Census Tract,12031012601,Other,06/2021,6,22.8,2025-04-12
Census Tract,12031012601,Other,07/2021,5,21.2,2025-04-12
Census Tract,12031012601,Other,08/2021,25,16.6,2025-04-12
Census Tract,12031012601,Other,09/2021,4,33.2,2025-04-12
Census Tract,12031012601,Other,10/2021,2,21,2025-04-12
Census Tract,12031012601,Other,11/2021,11,12.4,2025-04-12
Census Tract,12031012601,Other,12/2021,7,12.6,2025-04-12
Census Tract,12031012601,Other,01/2022,0,25.4,2025-04-12
Census Tract,12031012601,Other,02/2022,0,11.2,2025-04-12
Census Tract,12031012601,Other,03/2022,1,9.2,2025-04-12
Census Tract,12031012601,Other,04/2022,11,15.6,2025-04-12
Census Tract,12031012601,Other,05/2022,33,19,2025-04-12
Census Tract,12031012601,Other,06/2022,23,22.8,2025-04-12
Census Tract,12031012601,Other,07/2022,24,21.2,2025-04-12
Census Tract,12031012601,Other,08/2022,6,16.6,2025-04-12
Census Tract,12031012601,Other,09/2022,14,33.2,2025-04-12
Census Tract,12031012601,Other,10/2022,27,21,2025-04-12
Census Tract,12031012601,Other,11/2022,21,12.4,2025-04-12
Census Tract,12031012601,Other,12/2022,10,12.6,2025-04-12
Census Tract,12031012601,Other,01/2023,41,25.4,2025-04-12
Census Tract,12031012601,Other,02/2023,7,11.2,2025-04-12
Census Tract,12031012601,Other,03/2023,28,9.2,2025-04-12
Census Tract,12031012601,Other,04/2023,12,15.6,2025-04-12
Census Tract,12031012601,Other,05/2023,8,19,2025-04-12
Census Tract,12031012601,Other,06/2023,12,22.8,2025-04-12
Census Tract,12031012601,Other,07/2023,14,21.2,2025-04-12
Census Tract,12031012601,Other,08/2023,24,16.6,2025-04-12
Census Tract,12031012601,Other,09/2023,9,33.2,2025-04-12
Census Tract,12031012601,Other,10/2023,14,21,2025-04-12
Census Tract,12031012601,Other,11/2023,15,12.4,2025-04-12
Census Tract,12031012601,Other,12/2023,12,12.6,2025-04-12
Census Tract,12031012601,Other,01/2024,23,25.4,2025-04-12
Census Tract,12031012601,Other,02/2024,4,11.4,2025-04-12
Census Tract,12031012601,Other,03/2024,6,9.2,2025-04-12
Census Tract,12031012601,Other,04/2024,8,15.6,2025-04-12
Census Tract,12031012601,Other,05/2024,29,19,2025-04-12
Census Tract,12031012601,Other,06/2024,16,22.8,2025-04-12
Census Tract,12031012601,Other,07/2024,17,21.2,2025-04-12
Census Tract,12031012601,Other,08/2024,21,16.6,2025-04-12
Census Tract,12031012601,Other,09/2024,18,33.2,2025-04-12
Census Tract,12031012601,Other,10/2024,12,21,2025-04-12
Census Tract,12031012601,Other,11/2024,7,12.4,2025-04-12
Census Tract,12031012601,Other,12/2024,11,12.6,2025-04-12
Census Tract,12031012601,Other,01/2025,25,25.4,2025-04-12
Census Tract,12031012601,Other,02/2025,10,11.2,2025-04-12
Census Tract,12031012601,Other,03/2025,5,9.2,2025-04-12
Census Tract,12031012601,Other,04/2025,0,5,2025-04-12
Census Tract,12031012602,Black,01/2020,22,12.2,2025-04-12
Census Tract,12031012602,Black,02/2020,24,8.4,2025-04-12
Census Tract,12031012602,Black,03/2020,8,10.4,2025-04-12
Census Tract,12031012602,Black,04/2020,0,9,2025-04-12
Census Tract,12031012602,Black,05/2020,1,12.8,2025-04-12
Census Tract,12031012602,Black,06/2020,0,11.2,2025-04-12
Census Tract,12031012602,Black,07/2020,0,12.6,2025-04-12
Census Tract,12031012602,Black,08/2020,26,12.8,2025-04-12
Census Tract,12031012602,Black,09/2020,6,17,2025-04-12
Census Tract,12031012602,Black,10/2020,3,15.8,2025-04-12
Census Tract,12031012602,Black,11/2020,9,11.8,2025-04-12
Census Tract,12031012602,Black,12/2020,8,9.8,2025-04-12
Census Tract,12031012602,Black,01/2021,14,12.2,2025-04-12
Census Tract,12031012602,Black,02/2021,9,8.2,2025-04-12
Census Tract,12031012602,Black,03/2021,4,10.4,2025-04-12
Census Tract,12031012602,Black,04/2021,2,9,2025-04-12
Census Tract,12031012602,Black,05/2021,6,12.8,2025-04-12
Census Tract,12031012602,Black,06/2021,6,11.2,2025-04-12
Census Tract,12031012602,Black,07/2021,7,12.6,2025-04-12
Census Tract,12031012602,Black,08/2021,15,12.8,2025-04-12
Census Tract,12031012602,Black,09/2021,27,17,2025-04-12
Census Tract,12031012602,Black,10/2021,19,15.8,2025-04-12
Census Tract,12031012602,Black,11/2021,2,11.8,2025-04-12
Census Tract,12031012602,Black,12/2021,2,9.8,2025-04-12
Census Tract,12031012602,Black,01/2022,10,12.2,2025-04-12
Census Tract,12031012602,Black,02/2022,13,8.2,2025-04-12
Census Tract,12031012602,Black,03/2022,13,10.4,2025-04-12
Census Tract,12031012602,Black,04/2022,18,9,2025-04-12
Census Tract,12031012602,Black,05/2022,20,12.8,2025-04-12
Census Tract,12031012602,Black,06/2022,28,11.2,2025-04-12
Census Tract,12031012602,Black,07/2022,32,12.6,2025-04-12
Census Tract,12031012602,Black,08/2022,21,12.8,2025-04-12
Census Tract,12031012602,Black,09/2022,18,17,2025-04-12
Census Tract,12031012602,Black,10/2022,33,15.8,2025-04-12
Census Tract,12031012602,Black,11/2022,14,11.8,2025-04-12
Census Tract,12031012602,Black,12/2022,30,9.8,2025-04-12
Census Tract,12031012602,Black,01/2023,17,12.2,2025-04-12
Census Tract,12031012602,Black,02/2023,18,8.2,2025-04-12
Census Tract,12031012602,Black,03/2023,20,10.4,2025-04-12
Census Tract,12031012602,Black,04/2023,14,9,2025-04-12
Census Tract,12031012602,Black,05/2023,16,12.8,2025-04-12
Census Tract,12031012602,Black,06/2023,23,11.2,2025-04-12
Census Tract,12031012602,Black,07/2023,9,12.6,2025-04-12
Census Tract,12031012602,Black,08/2023,13,12.8,2025-04-12
Census Tract,12031012602,Black,09/2023,18,17,2025-04-12
Census Tract,12031012602,Black,10/2023,13,15.8,2025-04-12
Census Tract,12031012602,Black,11/2023,15,11.8,2025-04-12
Census Tract,12031012602,Black,12/2023,17,9.8,2025-04-12
Census Tract,12031012602,Black,01/2024,12,12.2,2025-04-12
Census Tract,12031012602,Black,02/2024,17,8.4,2025-04-12
Census Tract,12031012602,Black,03/2024,19,10.4,2025-04-12
Census Tract,12031012602,Black,04/2024,12,9,2025-04-12
Census Tract,12031012602,Black,05/2024,15,12.8,2025-04-12
Census Tract,12031012602,Black,06/2024,12,11.2,2025-04-12
Census Tract,12031012602,Black,07/2024,10,12.6,2025-04-12
Census Tract,12031012602,Black,08/2024,20,12.8,2025-04-12
Census Tract,12031012602,Black,09/2024,14,17,2025-04-12
Census Tract,12031012602,Black,10/2024,10,15.8,2025-04-12
Census Tract,12031012602,Black,11/2024,7,11.8,2025-04-12
Census Tract,12031012602,Black,12/2024,12,9.8,2025-04-12
Census Tract,12031012602,Black,01/2025,10,12.2,2025-04-12
Census Tract,12031012602,Black,02/2025,12,8.2,2025-04-12
Census Tract,12031012602,Black,03/2025,7,10.4,2025-04-12
Census Tract,12031012602,Black,04/2025,0,1.6,2025-04-12
Census Tract,12031012702,Other,01/2020,11,6.2,2025-04-12
Census Tract,12031012702,Other,02/2020,7,6.6,2025-04-12
Census Tract,12031012702,Other,03/2020,6,8,2025-04-12
Census Tract,12031012702,Other,04/2020,1,6,2025-04-12
Census Tract,12031012702,Other,05/2020,0,6,2025-04-12
Census Tract,12031012702,Other,06/2020,0,7.2,2025-04-12
Census Tract,12031012702,Other,07/2020,0,8,2025-04-12
Census Tract,12031012702,Other,08/2020,15,8,2025-04-12
Census Tract,12031012702,Other,09/2020,8,5.6,2025-04-12
Census Tract,12031012702,Other,10/2020,3,7,2025-04-12
Census Tract,12031012702,Other,11/2020,6,4.4,2025-04-12
Census Tract,12031012702,Other,12/2020,10,4.8,2025-04-12
Census Tract,12031012702,Other,01/2021,11,6.2,2025-04-12
Census Tract,12031012702,Other,02/2021,7,6.6,2025-04-12
Census Tract,12031012702,Other,03/2021,4,8,2025-04-12
Census Tract,12031012702,Other,04/2021,6,6,2025-04-12
Census Tract,12031012702,Other,05/2021,9,6,2025-04-12
Census Tract,12031012702,Other,06/2021,4,7.2,2025-04-12
Census Tract,12031012702,Other,07/2021,1,8,2025-04-12
Census Tract,12031012702,Other,08/2021,4,8,2025-04-12
Census Tract,12031012702,Other,09/2021,6,5.6,2025-04-12
Census Tract,12031012702,Other,10/2021,4,7,2025-04-12
Census Tract,12031012702,Other,11/2021,6,4.4,2025-04-12
Census Tract,12031012702,Other,12/2021,2,4.8,2025-04-12
Census Tract,12031012702,Other,01/2022,6,6.2,2025-04-12
Census Tract,12031012702,Other,02/2022,4,6.6,2025-04-12
Census Tract,12031012702,Other,03/2022,2,8,2025-04-12
Census Tract,12031012702,Other,04/2022,0,6,2025-04-12
Census Tract,12031012702,Other,05/2022,3,6,2025-04-12
Census Tract,12031012702,Other,06/2022,9,7.2,2025-04-12
Census Tract,12031012702,Other,07/2022,4,8,2025-04-12
Census Tract,12031012702,Other,08/2022,5,8,2025-04-12
Census Tract,12031012702,Other,09/2022,4,5.6,2025-04-12
Census Tract,12031012702,Other,10/2022,2,7,2025-04-12
Census Tract,12031012702,Other,11/2022,12,4.4,2025-04-12
Census Tract,12031012702,Other,12/2022,5,4.8,2025-04-12
Census Tract,12031012702,Other,01/2023,7,6.2,2025-04-12
Census Tract,12031012702,Other,02/2023,9,6.6,2025-04-12
Census Tract,12031012702,Other,03/2023,7,8,2025-04-12
Census Tract,12031012702,Other,04/2023,7,6,2025-04-12
Census Tract,12031012702,Other,05/2023,7,6,2025-04-12
Census Tract,12031012702,Other,06/2023,3,7.2,2025-04-12
Census Tract,12031012702,Other,07/2023,11,8,2025-04-12
Census Tract,12031012702,Other,08/2023,4,8,2025-04-12
Census Tract,12031012702,Other,09/2023,3,5.6,2025-04-12
Census Tract,12031012702,Other,10/2023,8,7,2025-04-12
Census Tract,12031012702,Other,11/2023,3,4.4,2025-04-12
Census Tract,12031012702,Other,12/2023,4,4.8,2025-04-12
Census Tract,12031012702,Other,01/2024,1,6.2,2025-04-12
Census Tract,12031012702,Other,02/2024,3,6.6,2025-04-12
Census Tract,12031012702,Other,03/2024,7,8,2025-04-12
Census Tract,12031012702,Other,04/2024,4,6,2025-04-12
Census Tract,12031012702,Other,05/2024,4,6,2025-04-12
Census Tract,12031012702,Other,06/2024,6,7.2,2025-04-12
Census Tract,12031012702,Other,07/2024,3,8,2025-04-12
Census Tract,12031012702,Other,08/2024,6,8,2025-04-12
Census Tract,12031012702,Other,09/2024,6,5.6,2025-04-12
Census Tract,12031012702,Other,10/2024,3,7,2025-04-12
Census Tract,12031012702,Other,11/2024,5,4.4,2025-04-12
Census Tract,12031012702,Other,12/2024,4,4.8,2025-04-12
Census Tract,12031012702,Other,01/2025,6,6.2,2025-04-12
Census Tract,12031012702,Other,02/2025,8,6.6,2025-04-12
Census Tract,12031012702,Other,03/2025,5,8,2025-04-12
Census Tract,12031012702,Other,04/2025,0,2.4,2025-04-12
Census Tract,12031012703,Other,01/2020,3,3,2025-04-12
Census Tract,12031012703,Other,02/2020,3,1.6,2025-04-12
Census Tract,12031012703,Other,03/2020,3,2.4,2025-04-12
Census Tract,12031012703,Other,04/2020,0,2.2,2025-04-12
Census Tract,12031012703,Other,05/2020,0,4,2025-04-12
Census Tract,12031012703,Other,06/2020,1,2.2,2025-04-12
Census Tract,12031012703,Other,07/2020,0,3.2,2025-04-12
Census Tract,12031012703,Other,08/2020,3,2.4,2025-04-12
Census Tract,12031012703,Other,09/2020,2,2.2,2025-04-12
Census Tract,12031012703,Other,10/2020,4,3.8,2025-04-12
Census Tract,12031012703,Other,11/2020,4,2.6,2025-04-12
Census Tract,12031012703,Other,12/2020,3,3.2,2025-04-12
Census Tract,12031012703,Other,01/2021,3,3,2025-04-12
Census Tract,12031012703,Other,02/2021,4,1.6,2025-04-12
Census Tract,12031012703,Other,03/2021,5,2.4,2025-04-12
Census Tract,12031012703,Other,04/2021,5,2.2,2025-04-12
Census Tract,12031012703,Other,05/2021,3,4,2025-04-12
Census Tract,12031012703,Other,06/2021,3,2.2,2025-04-12
Census Tract,12031012703,Other,07/2021,5,3.2,2025-04-12
Census Tract,12031012703,Other,08/2021,3,2.4,2025-04-12
Census Tract,12031012703,Other,09/2021,3,2.2,2025-04-12
Census Tract,12031012703,Other,10/2021,2,3.8,2025-04-12
Census Tract,12031012703,Other,11/2021,2,2.6,2025-04-12
Census Tract,12031012703,Other,12/2021,4,3.2,2025-04-12
Census Tract,12031012703,Other,01/2022,2,3,2025-04-12
Census Tract,12031012703,Other,02/2022,3,1.6,2025-04-12
Census Tract,12031012703,Other,03/2022,2,2.4,2025-04-12
Census Tract,12031012703,Other,04/2022,2,2.2,2025-04-12
Census Tract,12031012703,Other,05/2022,6,4,2025-04-12
Census Tract,12031012703,Other,06/2022,1,2.2,2025-04-12
Census Tract,12031012703,Other,07/2022,8,3.2,2025-04-12
Census Tract,12031012703,Other,08/2022,10,2.4,2025-04-12
Census Tract,12031012703,Other,09/2022,5,2.2,2025-04-12
Census Tract,12031012703,Other,10/2022,6,3.8,2025-04-12
Census Tract,12031012703,Other,11/2022,5,2.6,2025-04-12
Census Tract,12031012703,Other,12/2022,2,3.2,2025-04-12
Census Tract,12031012703,Other,01/2023,3,3,2025-04-12
Census Tract,12031012703,Other,02/2023,8,1.6,2025-04-12
Census Tract,12031012703,Other,03/2023,2,2.4,2025-04-12
Census Tract,12031012703,Other,04/2023,3,2.2,2025-04-12
Census Tract,12031012703,Other,05/2023,7,4,2025-04-12
Census Tract,12031012703,Other,06/2023,6,2.2,2025-04-12
Census Tract,12031012703,Other,07/2023,5,3.2,2025-04-12
Census Tract,12031012703,Other,08/2023,5,2.4,2025-04-12
Census Tract,12031012703,Other,09/2023,2,2.2,2025-04-12
Census Tract,12031012703,Other,10/2023,5,3.8,2025-04-12
Census Tract,12031012703,Other,11/2023,1,2.6,2025-04-12
Census Tract,12031012703,Other,12/2023,7,3.2,2025-04-12
Census Tract,12031012703,Other,01/2024,8,3,2025-04-12
Census Tract,12031012703,Other,02/2024,6,1.6,2025-04-12
Census Tract,12031012703,Other,03/2024,6,2.4,2025-04-12
Census Tract,12031012703,Other,04/2024,6,2.2,2025-04-12
Census Tract,12031012703,Other,05/2024,2,4,2025-04-12
Census Tract,12031012703,Other,06/2024,3,2.2,2025-04-12
Census Tract,12031012703,Other,07/2024,4,3.2,2025-04-12
Census Tract,12031012703,Other,08/2024,14,2.4,2025-04-12
Census Tract,12031012703,Other,09/2024,5,2.2,2025-04-12
Census Tract,12031012703,Other,10/2024,7,3.8,2025-04-12
Census Tract,12031012703,Other,11/2024,4,2.6,2025-04-12
Census Tract,12031012703,Other,12/2024,5,3.2,2025-04-12
Census Tract,12031012703,Other,01/2025,7,3,2025-04-12
Census Tract,12031012703,Other,02/2025,6,1.6,2025-04-12
Census Tract,12031012703,Other,03/2025,6,2.4,2025-04-12
Census Tract,12031012703,Other,04/2025,0,1,2025-04-12
Census Tract,12031012704,Black,01/2020,9,9.8,2025-04-12
Census Tract,12031012704,Black,02/2020,7,11.2,2025-04-12
Census Tract,12031012704,Black,03/2020,6,9.6,2025-04-12
Census Tract,12031012704,Black,04/2020,0,12.6,2025-04-12
Census Tract,12031012704,Black,05/2020,0,11.4,2025-04-12
Census Tract,12031012704,Black,06/2020,0,13.6,2025-04-12
Census Tract,12031012704,Black,07/2020,1,13.8,2025-04-12
Census Tract,12031012704,Black,08/2020,2,15.4,2025-04-12
Census Tract,12031012704,Black,09/2020,9,17.6,2025-04-12
Census Tract,12031012704,Black,10/2020,7,12.4,2025-04-12
Census Tract,12031012704,Black,11/2020,13,12.4,2025-04-12
Census Tract,12031012704,Black,12/2020,10,12,2025-04-12
Census Tract,12031012704,Black,01/2021,7,9.8,2025-04-12
Census Tract,12031012704,Black,02/2021,8,11.2,2025-04-12
Census Tract,12031012704,Black,03/2021,2,9.6,2025-04-12
Census Tract,12031012704,Black,04/2021,4,12.6,2025-04-12
Census Tract,12031012704,Black,05/2021,6,11.4,2025-04-12
Census Tract,12031012704,Black,06/2021,5,13.6,2025-04-12
Census Tract,12031012704,Black,07/2021,4,13.8,2025-04-12
Census Tract,12031012704,Black,08/2021,1,15.4,2025-04-12
Census Tract,12031012704,Black,09/2021,7,17.6,2025-04-12
Census Tract,12031012704,Black,10/2021,4,12.4,2025-04-12
Census Tract,12031012704,Black,11/2021,8,12.4,2025-04-12
Census Tract,12031012704,Black,12/2021,4,12,2025-04-12
Census Tract,12031012704,Black,01/2022,4,9.8,2025-04-12
Census Tract,12031012704,Black,02/2022,2,11.2,2025-04-12
Census Tract,12031012704,Black,03/2022,6,9.6,2025-04-12
Census Tract,12031012704,Black,04/2022,9,12.6,2025-04-12
Census Tract,12031012704,Black,05/2022,6,11.4,2025-04-12
Census Tract,12031012704,Black,06/2022,4,13.6,2025-04-12
Census Tract,12031012704,Black,07/2022,10,13.8,2025-04-12
Census Tract,12031012704,Black,08/2022,14,15.4,2025-04-12
Census Tract,12031012704,Black,09/2022,7,17.6,2025-04-12
Census Tract,12031012704,Black,10/2022,10,12.4,2025-04-12
Census Tract,12031012704,Black,11/2022,9,12.4,2025-04-12
Census Tract,12031012704,Black,12/2022,12,12,2025-04-12
Census Tract,12031012704,Black,01/2023,6,9.8,2025-04-12
Census Tract,12031012704,Black,02/2023,9,11.2,2025-04-12
Census Tract,12031012704,Black,03/2023,11,9.6,2025-04-12
Census Tract,12031012704,Black,04/2023,10,12.6,2025-04-12
Census Tract,12031012704,Black,05/2023,6,11.4,2025-04-12
Census Tract,12031012704,Black,06/2023,11,13.6,2025-04-12
Census Tract,12031012704,Black,07/2023,5,13.8,2025-04-12
Census Tract,12031012704,Black,08/2023,5,15.4,2025-04-12
Census Tract,12031012704,Black,09/2023,6,17.6,2025-04-12
Census Tract,12031012704,Black,10/2023,7,12.4,2025-04-12
Census Tract,12031012704,Black,11/2023,9,12.4,2025-04-12
Census Tract,12031012704,Black,12/2023,8,12,2025-04-12
Census Tract,12031012704,Black,01/2024,9,9.8,2025-04-12
Census Tract,12031012704,Black,02/2024,5,11.2,2025-04-12
Census Tract,12031012704,Black,03/2024,3,9.6,2025-04-12
Census Tract,12031012704,Black,04/2024,3,12.6,2025-04-12
Census Tract,12031012704,Black,05/2024,10,11.4,2025-04-12
Census Tract,12031012704,Black,06/2024,5,13.6,2025-04-12
Census Tract,12031012704,Black,07/2024,14,13.8,2025-04-12
Census Tract,12031012704,Black,08/2024,12,15.4,2025-04-12
Census Tract,12031012704,Black,09/2024,5,17.6,2025-04-12
Census Tract,12031012704,Black,10/2024,8,12.4,2025-04-12
Census Tract,12031012704,Black,11/2024,6,12.4,2025-04-12
Census Tract,12031012704,Black,12/2024,9,12,2025-04-12
Census Tract,12031012704,Black,01/2025,10,9.8,2025-04-12
Census Tract,12031012704,Black,02/2025,3,11.2,2025-04-12
Census Tract,12031012704,Black,03/2025,6,9.6,2025-04-12
Census Tract,12031012704,Black,04/2025,0,3.4,2025-04-12
Census Tract,12031012800,Black,01/2020,9,4.4,2025-04-12
Census Tract,12031012800,Black,02/2020,3,3.6,2025-04-12
Census Tract,12031012800,Black,03/2020,6,5.4,2025-04-12
Census Tract,12031012800,Black,04/2020,0,4.2,2025-04-12
Census Tract,12031012800,Black,05/2020,0,4,2025-04-12
Census Tract,12031012800,Black,06/2020,0,4.6,2025-04-12
Census Tract,12031012800,Black,07/2020,0,6.6,2025-04-12
Census Tract,12031012800,Black,08/2020,4,6,2025-04-12
Census Tract,12031012800,Black,09/2020,6,7,2025-04-12
Census Tract,12031012800,Black,10/2020,8,6.6,2025-04-12
Census Tract,12031012800,Black,11/2020,9,4.6,2025-04-12
Census Tract,12031012800,Black,12/2020,2,5.6,2025-04-12
Census Tract,12031012800,Black,01/2021,9,4.4,2025-04-12
Census Tract,12031012800,Black,02/2021,6,3.6,2025-04-12
Census Tract,12031012800,Black,03/2021,6,5.4,2025-04-12
Census Tract,12031012800,Black,04/2021,3,4.2,2025-04-12
Census Tract,12031012800,Black,05/2021,4,4,2025-04-12
Census Tract,12031012800,Black,06/2021,4,4.6,2025-04-12
Census Tract,12031012800,Black,07/2021,7,6.6,2025-04-12
Census Tract,12031012800,Black,08/2021,4,6,2025-04-12
Census Tract,12031012800,Black,09/2021,5,7,2025-04-12
Census Tract,12031012800,Black,10/2021,5,6.6,2025-04-12
Census Tract,12031012800,Black,11/2021,4,4.6,2025-04-12
Census Tract,12031012800,Black,12/2021,4,5.6,2025-04-12
Census Tract,12031012800,Black,01/2022,4,4.4,2025-04-12
Census Tract,12031012800,Black,02/2022,5,3.6,2025-04-12
Census Tract,12031012800,Black,03/2022,1,5.4,2025-04-12
Census Tract,12031012800,Black,04/2022,4,4.2,2025-04-12
Census Tract,12031012800,Black,05/2022,2,4,2025-04-12
Census Tract,12031012800,Black,06/2022,4,4.6,2025-04-12
Census Tract,12031012800,Black,07/2022,4,6.6,2025-04-12
Census Tract,12031012800,Black,08/2022,8,6,2025-04-12
Census Tract,12031012800,Black,09/2022,8,7,2025-04-12
Census Tract,12031012800,Black,10/2022,5,6.6,2025-04-12
Census Tract,12031012800,Black,11/2022,6,4.6,2025-04-12
Census Tract,12031012800,Black,12/2022,3,5.6,2025-04-12
Census Tract,12031012800,Black,01/2023,9,4.4,2025-04-12
Census Tract,12031012800,Black,02/2023,14,3.6,2025-04-12
Census Tract,12031012800,Black,03/2023,8,5.4,2025-04-12
Census Tract,12031012800,Black,04/2023,7,4.2,2025-04-12
Census Tract,12031012800,Black,05/2023,5,4,2025-04-12
Census Tract,12031012800,Black,06/2023,7,4.6,2025-04-12
Census Tract,12031012800,Black,07/2023,4,6.6,2025-04-12
Census Tract,12031012800,Black,08/2023,9,6,2025-04-12
Census Tract,12031012800,Black,09/2023,14,7,2025-04-12
Census Tract,12031012800,Black,10/2023,3,6.6,2025-04-12
Census Tract,12031012800,Black,11/2023,5,4.6,2025-04-12
Census Tract,12031012800,Black,12/2023,9,5.6,2025-04-12
Census Tract,12031012800,Black,01/2024,6,4.4,2025-04-12
Census Tract,12031012800,Black,02/2024,12,3.6,2025-04-12
Census Tract,12031012800,Black,03/2024,1,5.4,2025-04-12
Census Tract,12031012800,Black,04/2024,8,4.2,2025-04-12
Census Tract,12031012800,Black,05/2024,11,4,2025-04-12
Census Tract,12031012800,Black,06/2024,4,4.6,2025-04-12
Census Tract,12031012800,Black,07/2024,6,6.6,2025-04-12
Census Tract,12031012800,Black,08/2024,4,6,2025-04-12
Census Tract,12031012800,Black,09/2024,5,7,2025-04-12
Census Tract,12031012800,Black,10/2024,5,6.6,2025-04-12
Census Tract,12031012800,Black,11/2024,0,4.6,2025-04-12
Census Tract,12031012800,Black,12/2024,10,5.6,2025-04-12
Census Tract,12031012800,Black,01/2025,10,4.4,2025-04-12
Census Tract,12031012800,Black,02/2025,8,3.6,2025-04-12
Census Tract,12031012800,Black,03/2025,3,5.4,2025-04-12
Census Tract,12031012800,Black,04/2025,2,0.8,2025-04-12
Census Tract,12031012900,Other,01/2020,0,0.8,2025-04-12
Census Tract,12031012900,Other,02/2020,3,1.6,2025-04-12
Census Tract,12031012900,Other,03/2020,2,1.2,2025-04-12
Census Tract,12031012900,Other,04/2020,0,1.8,2025-04-12
Census Tract,12031012900,Other,05/2020,0,1.2,2025-04-12
Census Tract,12031012900,Other,06/2020,0,1.2,2025-04-12
Census Tract,12031012900,Other,07/2020,0,1.6,2025-04-12
Census Tract,12031012900,Other,08/2020,3,1.6,2025-04-12
Census Tract,12031012900,Other,09/2020,1,1.2,2025-04-12
Census Tract,12031012900,Other,10/2020,2,3.2,2025-04-12
Census Tract,12031012900,Other,11/2020,1,2.6,2025-04-12
Census Tract,12031012900,Other,12/2020,0,0.4,2025-04-12
Census Tract,12031012900,Other,01/2021,3,0.8,2025-04-12
Census Tract,12031012900,Other,02/2021,2,1.4,2025-04-12
Census Tract,12031012900,Other,03/2021,0,1.2,2025-04-12
Census Tract,12031012900,Other,04/2021,2,1.8,2025-04-12
Census Tract,12031012900,Other,05/2021,0,1.2,2025-04-12
Census Tract,12031012900,Other,06/2021,1,1.2,2025-04-12
Census Tract,12031012900,Other,07/2021,1,1.6,2025-04-12
Census Tract,12031012900,Other,08/2021,2,1.6,2025-04-12
Census Tract,12031012900,Other,09/2021,1,1.2,2025-04-12
Census Tract,12031012900,Other,10/2021,0,3.2,2025-04-12
Census Tract,12031012900,Other,11/2021,0,2.6,2025-04-12
Census Tract,12031012900,Other,12/2021,1,0.4,2025-04-12
Census Tract,12031012900,Other,01/2022,0,0.8,2025-04-12
Census Tract,12031012900,Other,02/2022,0,1.4,2025-04-12
Census Tract,12031012900,Other,03/2022,0,1.2,2025-04-12
Census Tract,12031012900,Other,04/2022,0,1.8,2025-04-12
Census Tract,12031012900,Other,05/2022,1,1.2,2025-04-12
Census Tract,12031012900,Other,06/2022,2,1.2,2025-04-12
Census Tract,12031012900,Other,07/2022,3,1.6,2025-04-12
Census Tract,12031012900,Other,08/2022,0,1.6,2025-04-12
Census Tract,12031012900,Other,09/2022,2,1.2,2025-04-12
Census Tract,12031012900,Other,10/2022,1,3.2,2025-04-12
Census Tract,12031012900,Other,11/2022,0,2.6,2025-04-12
Census Tract,12031012900,Other,12/2022,5,0.4,2025-04-12
Census Tract,12031012900,Other,01/2023,0,0.8,2025-04-12
Census Tract,12031012900,Other,02/2023,3,1.4,2025-04-12
Census Tract,12031012900,Other,03/2023,2,1.2,2025-04-12
Census Tract,12031012900,Other,04/2023,1,1.8,2025-04-12
Census Tract,12031012900,Other,05/2023,0,1.2,2025-04-12
Census Tract,12031012900,Other,06/2023,1,1.2,2025-04-12
Census Tract,12031012900,Other,07/2023,3,1.6,2025-04-12
Census Tract,12031012900,Other,08/2023,3,1.6,2025-04-12
Census Tract,12031012900,Other,09/2023,1,1.2,2025-04-12
Census Tract,12031012900,Other,10/2023,0,3.2,2025-04-12
Census Tract,12031012900,Other,11/2023,2,2.6,2025-04-12
Census Tract,12031012900,Other,12/2023,1,0.4,2025-04-12
Census Tract,12031012900,Other,01/2024,1,0.8,2025-04-12
Census Tract,12031012900,Other,02/2024,6,1.6,2025-04-12
Census Tract,12031012900,Other,03/2024,3,1.2,2025-04-12
Census Tract,12031012900,Other,04/2024,0,1.8,2025-04-12
Census Tract,12031012900,Other,05/2024,3,1.2,2025-04-12
Census Tract,12031012900,Other,06/2024,1,1.2,2025-04-12
Census Tract,12031012900,Other,07/2024,3,1.6,2025-04-12
Census Tract,12031012900,Other,08/2024,4,1.6,2025-04-12
Census Tract,12031012900,Other,09/2024,0,1.2,2025-04-12
Census Tract,12031012900,Other,10/2024,1,3.2,2025-04-12
Census Tract,12031012900,Other,11/2024,0,2.6,2025-04-12
Census Tract,12031012900,Other,12/2024,2,0.4,2025-04-12
Census Tract,12031012900,Other,01/2025,3,0.8,2025-04-12
Census Tract,12031012900,Other,02/2025,2,1.4,2025-04-12
Census Tract,12031012900,Other,03/2025,0,1.2,2025-04-12
Census Tract,12031012900,Other,04/2025,0,0.8,2025-04-12
Census Tract,12031013000,White,01/2020,0,0.2,2025-04-12
Census Tract,12031013000,White,02/2020,0,0,2025-04-12
Census Tract,12031013000,White,03/2020,0,0,2025-04-12
Census Tract,12031013000,White,04/2020,0,0,2025-04-12
Census Tract,12031013000,White,05/2020,0,0,2025-04-12
Census Tract,12031013000,White,06/2020,0,0,2025-04-12
Census Tract,12031013000,White,07/2020,0,0,2025-04-12
Census Tract,12031013000,White,08/2020,0,0,2025-04-12
Census Tract,12031013000,White,09/2020,0,0.4,2025-04-12
Census Tract,12031013000,White,10/2020,0,0.2,2025-04-12
Census Tract,12031013000,White,11/2020,0,0,2025-04-12
Census Tract,12031013000,White,12/2020,0,0,2025-04-12
Census Tract,12031013000,White,01/2021,0,0.2,2025-04-12
Census Tract,12031013000,White,02/2021,0,0,2025-04-12
Census Tract,12031013000,White,03/2021,0,0,2025-04-12
Census Tract,12031013000,White,04/2021,0,0,2025-04-12
Census Tract,12031013000,White,05/2021,0,0,2025-04-12
Census Tract,12031013000,White,06/2021,0,0,2025-04-12
Census Tract,12031013000,White,07/2021,0,0,2025-04-12
Census Tract,12031013000,White,08/2021,0,0,2025-04-12
Census Tract,12031013000,White,09/2021,0,0.4,2025-04-12
Census Tract,12031013000,White,10/2021,0,0.2,2025-04-12
Census Tract,12031013000,White,11/2021,0,0,2025-04-12
Census Tract,12031013000,White,12/2021,0,0,2025-04-12
Census Tract,12031013000,White,01/2022,0,0.2,2025-04-12
Census Tract,12031013000,White,02/2022,0,0,2025-04-12
Census Tract,12031013000,White,03/2022,0,0,2025-04-12
Census Tract,12031013000,White,04/2022,0,0,2025-04-12
Census Tract,12031013000,White,05/2022,0,0,2025-04-12
Census Tract,12031013000,White,06/2022,0,0,2025-04-12
Census Tract,12031013000,White,07/2022,0,0,2025-04-12
Census Tract,12031013000,White,08/2022,0,0,2025-04-12
Census Tract,12031013000,White,09/2022,0,0.4,2025-04-12
Census Tract,12031013000,White,10/2022,0,0.2,2025-04-12
Census Tract,12031013000,White,11/2022,0,0,2025-04-12
Census Tract,12031013000,White,12/2022,0,0,2025-04-12
Census Tract,12031013000,White,01/2023,0,0.2,2025-04-12
Census Tract,12031013000,White,02/2023,0,0,2025-04-12
Census Tract,12031013000,White,03/2023,0,0,2025-04-12
Census Tract,12031013000,White,04/2023,0,0,2025-04-12
Census Tract,12031013000,White,05/2023,0,0,2025-04-12
Census Tract,12031013000,White,06/2023,0,0,2025-04-12
Census Tract,12031013000,White,07/2023,0,0,2025-04-12
Census Tract,12031013000,White,08/2023,0,0,2025-04-12
Census Tract,12031013000,White,09/2023,0,0.4,2025-04-12
Census Tract,12031013000,White,10/2023,0,0.2,2025-04-12
Census Tract,12031013000,White,11/2023,0,0,2025-04-12
Census Tract,12031013000,White,12/2023,0,0,2025-04-12
Census Tract,12031013000,White,01/2024,0,0.2,2025-04-12
Census Tract,12031013000,White,02/2024,0,0,2025-04-12
Census Tract,12031013000,White,03/2024,0,0,2025-04-12
Census Tract,12031013000,White,04/2024,0,0,2025-04-12
Census Tract,12031013000,White,05/2024,0,0,2025-04-12
Census Tract,12031013000,White,06/2024,0,0,2025-04-12
Census Tract,12031013000,White,07/2024,0,0,2025-04-12
Census Tract,12031013000,White,08/2024,0,0,2025-04-12
Census Tract,12031013000,White,09/2024,0,0.4,2025-04-12
Census Tract,12031013000,White,10/2024,0,0.2,2025-04-12
Census Tract,12031013000,White,11/2024,0,0,2025-04-12
Census Tract,12031013000,White,12/2024,0,0,2025-04-12
Census Tract,12031013000,White,01/2025,0,0.2,2025-04-12
Census Tract,12031013000,White,02/2025,0,0,2025-04-12
Census Tract,12031013000,White,03/2025,0,0,2025-04-12
Census Tract,12031013000,White,04/2025,0,0,2025-04-12
Census Tract,12031013100,White,01/2020,1,1,2025-04-12
Census Tract,12031013100,White,02/2020,0,0.6,2025-04-12
Census Tract,12031013100,White,03/2020,1,1.8,2025-04-12
Census Tract,12031013100,White,04/2020,0,0.8,2025-04-12
Census Tract,12031013100,White,05/2020,0,0.4,2025-04-12
Census Tract,12031013100,White,06/2020,0,1,2025-04-12
Census Tract,12031013100,White,07/2020,0,1.4,2025-04-12
Census Tract,12031013100,White,08/2020,1,1,2025-04-12
Census Tract,12031013100,White,09/2020,2,1.4,2025-04-12
Census Tract,12031013100,White,10/2020,1,0.8,2025-04-12
Census Tract,12031013100,White,11/2020,1,1.4,2025-04-12
Census Tract,12031013100,White,12/2020,1,1.2,2025-04-12
Census Tract,12031013100,White,01/2021,0,1,2025-04-12
Census Tract,12031013100,White,02/2021,0,0.6,2025-04-12
Census Tract,12031013100,White,03/2021,1,1.8,2025-04-12
Census Tract,12031013100,White,04/2021,1,0.8,2025-04-12
Census Tract,12031013100,White,05/2021,0,0.4,2025-04-12
Census Tract,12031013100,White,06/2021,4,1,2025-04-12
Census Tract,12031013100,White,07/2021,0,1.4,2025-04-12
Census Tract,12031013100,White,08/2021,2,1,2025-04-12
Census Tract,12031013100,White,09/2021,1,1.4,2025-04-12
Census Tract,12031013100,White,10/2021,2,0.8,2025-04-12
Census Tract,12031013100,White,11/2021,0,1.4,2025-04-12
Census Tract,12031013100,White,12/2021,1,1.2,2025-04-12
Census Tract,12031013100,White,01/2022,1,1,2025-04-12
Census Tract,12031013100,White,02/2022,1,0.6,2025-04-12
Census Tract,12031013100,White,03/2022,0,1.8,2025-04-12
Census Tract,12031013100,White,04/2022,0,0.8,2025-04-12
Census Tract,12031013100,White,05/2022,2,0.4,2025-04-12
Census Tract,12031013100,White,06/2022,4,1,2025-04-12
Census Tract,12031013100,White,07/2022,2,1.4,2025-04-12
Census Tract,12031013100,White,08/2022,0,1,2025-04-12
Census Tract,12031013100,White,09/2022,3,1.4,2025-04-12
Census Tract,12031013100,White,10/2022,1,0.8,2025-04-12
Census Tract,12031013100,White,11/2022,4,1.4,2025-04-12
Census Tract,12031013100,White,12/2022,4,1.2,2025-04-12
Census Tract,12031013100,White,01/2023,4,1,2025-04-12
Census Tract,12031013100,White,02/2023,1,0.6,2025-04-12
Census Tract,12031013100,White,03/2023,3,1.8,2025-04-12
Census Tract,12031013100,White,04/2023,1,0.8,2025-04-12
Census Tract,12031013100,White,05/2023,1,0.4,2025-04-12
Census Tract,12031013100,White,06/2023,3,1,2025-04-12
Census Tract,12031013100,White,07/2023,5,1.4,2025-04-12
Census Tract,12031013100,White,08/2023,4,1,2025-04-12
Census Tract,12031013100,White,09/2023,5,1.4,2025-04-12
Census Tract,12031013100,White,10/2023,9,0.8,2025-04-12
Census Tract,12031013100,White,11/2023,1,1.4,2025-04-12
Census Tract,12031013100,White,12/2023,6,1.2,2025-04-12
Census Tract,12031013100,White,01/2024,9,1,2025-04-12
Census Tract,12031013100,White,02/2024,5,0.6,2025-04-12
Census Tract,12031013100,White,03/2024,0,1.8,2025-04-12
Census Tract,12031013100,White,04/2024,3,0.8,2025-04-12
Census Tract,12031013100,White,05/2024,3,0.4,2025-04-12
Census Tract,12031013100,White,06/2024,5,1,2025-04-12
Census Tract,12031013100,White,07/2024,3,1.4,2025-04-12
Census Tract,12031013100,White,08/2024,3,1,2025-04-12
Census Tract,12031013100,White,09/2024,0,1.4,2025-04-12
Census Tract,12031013100,White,10/2024,3,0.8,2025-04-12
Census Tract,12031013100,White,11/2024,1,1.4,2025-04-12
Census Tract,12031013100,White,12/2024,3,1.2,2025-04-12
Census Tract,12031013100,White,01/2025,5,1,2025-04-12
Census Tract,12031013100,White,02/2025,0,0.6,2025-04-12
Census Tract,12031013100,White,03/2025,1,1.8,2025-04-12
Census Tract,12031013100,White,04/2025,0,0,2025-04-12
Census Tract,12031013200,White,01/2020,1,0.6,2025-04-12
Census Tract,12031013200,White,02/2020,0,0.2,2025-04-12
Census Tract,12031013200,White,03/2020,0,0.2,2025-04-12
Census Tract,12031013200,White,04/2020,0,0.2,2025-04-12
Census Tract,12031013200,White,05/2020,0,0.6,2025-04-12
Census Tract,12031013200,White,06/2020,0,0.4,2025-04-12
Census Tract,12031013200,White,07/2020,0,1,2025-04-12
Census Tract,12031013200,White,08/2020,1,0.8,2025-04-12
Census Tract,12031013200,White,09/2020,2,0.6,2025-04-12
Census Tract,12031013200,White,10/2020,0,1.2,2025-04-12
Census Tract,12031013200,White,11/2020,0,0.2,2025-04-12
Census Tract,12031013200,White,12/2020,1,0,2025-04-12
Census Tract,12031013200,White,01/2021,0,0.6,2025-04-12
Census Tract,12031013200,White,02/2021,0,0,2025-04-12
Census Tract,12031013200,White,03/2021,0,0.2,2025-04-12
Census Tract,12031013200,White,04/2021,0,0.2,2025-04-12
Census Tract,12031013200,White,05/2021,1,0.6,2025-04-12
Census Tract,12031013200,White,06/2021,0,0.4,2025-04-12
Census Tract,12031013200,White,07/2021,0,1,2025-04-12
Census Tract,12031013200,White,08/2021,1,0.8,2025-04-12
Census Tract,12031013200,White,09/2021,0,0.6,2025-04-12
Census Tract,12031013200,White,10/2021,0,1.2,2025-04-12
Census Tract,12031013200,White,11/2021,1,0.2,2025-04-12
Census Tract,12031013200,White,12/2021,1,0,2025-04-12
Census Tract,12031013200,White,01/2022,0,0.6,2025-04-12
Census Tract,12031013200,White,02/2022,0,0,2025-04-12
Census Tract,12031013200,White,03/2022,0,0.2,2025-04-12
Census Tract,12031013200,White,04/2022,1,0.2,2025-04-12
Census Tract,12031013200,White,05/2022,2,0.6,2025-04-12
Census Tract,12031013200,White,06/2022,0,0.4,2025-04-12
Census Tract,12031013200,White,07/2022,0,1,2025-04-12
Census Tract,12031013200,White,08/2022,1,0.8,2025-04-12
Census Tract,12031013200,White,09/2022,0,0.6,2025-04-12
Census Tract,12031013200,White,10/2022,0,1.2,2025-04-12
Census Tract,12031013200,White,11/2022,0,0.2,2025-04-12
Census Tract,12031013200,White,12/2022,1,0,2025-04-12
Census Tract,12031013200,White,01/2023,0,0.6,2025-04-12
Census Tract,12031013200,White,02/2023,1,0,2025-04-12
Census Tract,12031013200,White,03/2023,0,0.2,2025-04-12
Census Tract,12031013200,White,04/2023,0,0.2,2025-04-12
Census Tract,12031013200,White,05/2023,0,0.6,2025-04-12
Census Tract,12031013200,White,06/2023,0,0.4,2025-04-12
Census Tract,12031013200,White,07/2023,0,1,2025-04-12
Census Tract,12031013200,White,08/2023,0,0.8,2025-04-12
Census Tract,12031013200,White,09/2023,0,0.6,2025-04-12
Census Tract,12031013200,White,10/2023,0,1.2,2025-04-12
Census Tract,12031013200,White,11/2023,0,0.2,2025-04-12
Census Tract,12031013200,White,12/2023,0,0,2025-04-12
Census Tract,12031013200,White,01/2024,0,0.6,2025-04-12
Census Tract,12031013200,White,02/2024,0,0.2,2025-04-12
Census Tract,12031013200,White,03/2024,2,0.2,2025-04-12
Census Tract,12031013200,White,04/2024,0,0.2,2025-04-12
Census Tract,12031013200,White,05/2024,0,0.6,2025-04-12
Census Tract,12031013200,White,06/2024,1,0.4,2025-04-12
Census Tract,12031013200,White,07/2024,0,1,2025-04-12
Census Tract,12031013200,White,08/2024,0,0.8,2025-04-12
Census Tract,12031013200,White,09/2024,0,0.6,2025-04-12
Census Tract,12031013200,White,10/2024,0,1.2,2025-04-12
Census Tract,12031013200,White,11/2024,0,0.2,2025-04-12
Census Tract,12031013200,White,12/2024,0,0,2025-04-12
Census Tract,12031013200,White,01/2025,0,0.6,2025-04-12
Census Tract,12031013200,White,02/2025,1,0,2025-04-12
Census Tract,12031013200,White,03/2025,0,0.2,2025-04-12
Census Tract,12031013200,White,04/2025,0,0,2025-04-12
Census Tract,12031013301,Other,01/2020,4,5.8,2025-04-12
Census Tract,12031013301,Other,02/2020,3,2.2,2025-04-12
Census Tract,12031013301,Other,03/2020,3,2,2025-04-12
Census Tract,12031013301,Other,04/2020,0,2.8,2025-04-12
Census Tract,12031013301,Other,05/2020,1,3.6,2025-04-12
Census Tract,12031013301,Other,06/2020,0,6.2,2025-04-12
Census Tract,12031013301,Other,07/2020,0,2.2,2025-04-12
Census Tract,12031013301,Other,08/2020,1,3,2025-04-12
Census Tract,12031013301,Other,09/2020,4,3,2025-04-12
Census Tract,12031013301,Other,10/2020,4,2,2025-04-12
Census Tract,12031013301,Other,11/2020,2,3.8,2025-04-12
Census Tract,12031013301,Other,12/2020,0,3.4,2025-04-12
Census Tract,12031013301,Other,01/2021,0,5.8,2025-04-12
Census Tract,12031013301,Other,02/2021,4,2.2,2025-04-12
Census Tract,12031013301,Other,03/2021,1,2,2025-04-12
Census Tract,12031013301,Other,04/2021,0,2.8,2025-04-12
Census Tract,12031013301,Other,05/2021,3,3.6,2025-04-12
Census Tract,12031013301,Other,06/2021,3,6.2,2025-04-12
Census Tract,12031013301,Other,07/2021,3,2.2,2025-04-12
Census Tract,12031013301,Other,08/2021,1,3,2025-04-12
Census Tract,12031013301,Other,09/2021,4,3,2025-04-12
Census Tract,12031013301,Other,10/2021,0,2,2025-04-12
Census Tract,12031013301,Other,11/2021,5,3.8,2025-04-12
Census Tract,12031013301,Other,12/2021,5,3.4,2025-04-12
Census Tract,12031013301,Other,01/2022,2,5.8,2025-04-12
Census Tract,12031013301,Other,02/2022,4,2.2,2025-04-12
Census Tract,12031013301,Other,03/2022,0,2,2025-04-12
Census Tract,12031013301,Other,04/2022,1,2.8,2025-04-12
Census Tract,12031013301,Other,05/2022,5,3.6,2025-04-12
Census Tract,12031013301,Other,06/2022,2,6.2,2025-04-12
Census Tract,12031013301,Other,07/2022,5,2.2,2025-04-12
Census Tract,12031013301,Other,08/2022,1,3,2025-04-12
Census Tract,12031013301,Other,09/2022,3,3,2025-04-12
Census Tract,12031013301,Other,10/2022,2,2,2025-04-12
Census Tract,12031013301,Other,11/2022,0,3.8,2025-04-12
Census Tract,12031013301,Other,12/2022,3,3.4,2025-04-12
Census Tract,12031013301,Other,01/2023,0,5.8,2025-04-12
Census Tract,12031013301,Other,02/2023,9,2.2,2025-04-12
Census Tract,12031013301,Other,03/2023,3,2,2025-04-12
Census Tract,12031013301,Other,04/2023,3,2.8,2025-04-12
Census Tract,12031013301,Other,05/2023,4,3.6,2025-04-12
Census Tract,12031013301,Other,06/2023,1,6.2,2025-04-12
Census Tract,12031013301,Other,07/2023,3,2.2,2025-04-12
Census Tract,12031013301,Other,08/2023,1,3,2025-04-12
Census Tract,12031013301,Other,09/2023,0,3,2025-04-12
Census Tract,12031013301,Other,10/2023,0,2,2025-04-12
Census Tract,12031013301,Other,11/2023,9,3.8,2025-04-12
Census Tract,12031013301,Other,12/2023,2,3.4,2025-04-12
Census Tract,12031013301,Other,01/2024,1,5.8,2025-04-12
Census Tract,12031013301,Other,02/2024,7,2.2,2025-04-12
Census Tract,12031013301,Other,03/2024,0,2,2025-04-12
Census Tract,12031013301,Other,04/2024,0,2.8,2025-04-12
Census Tract,12031013301,Other,05/2024,1,3.6,2025-04-12
Census Tract,12031013301,Other,06/2024,2,6.2,2025-04-12
Census Tract,12031013301,Other,07/2024,1,2.2,2025-04-12
Census Tract,12031013301,Other,08/2024,1,3,2025-04-12
Census Tract,12031013301,Other,09/2024,0,3,2025-04-12
Census Tract,12031013301,Other,10/2024,0,2,2025-04-12
Census Tract,12031013301,Other,11/2024,2,3.8,2025-04-12
Census Tract,12031013301,Other,12/2024,2,3.4,2025-04-12
Census Tract,12031013301,Other,01/2025,6,5.8,2025-04-12
Census Tract,12031013301,Other,02/2025,1,2.2,2025-04-12
Census Tract,12031013301,Other,03/2025,1,2,2025-04-12
Census Tract,12031013301,Other,04/2025,0,0.4,2025-04-12
Census Tract,12031013302,Other,01/2020,9,14.4,2025-04-12
Census Tract,12031013302,Other,02/2020,6,8.2,2025-04-12
Census Tract,12031013302,Other,03/2020,13,10.6,2025-04-12
Census Tract,12031013302,Other,04/2020,0,14.4,2025-04-12
Census Tract,12031013302,Other,05/2020,1,14.4,2025-04-12
Census Tract,12031013302,Other,06/2020,2,23.2,2025-04-12
Census Tract,12031013302,Other,07/2020,0,16.4,2025-04-12
Census Tract,12031013302,Other,08/2020,1,16.8,2025-04-12
Census Tract,12031013302,Other,09/2020,13,17,2025-04-12
Census Tract,12031013302,Other,10/2020,11,19.4,2025-04-12
Census Tract,12031013302,Other,11/2020,8,9,2025-04-12
Census Tract,12031013302,Other,12/2020,12,16.4,2025-04-12
Census Tract,12031013302,Other,01/2021,4,14.4,2025-04-12
Census Tract,12031013302,Other,02/2021,6,8,2025-04-12
Census Tract,12031013302,Other,03/2021,12,10.6,2025-04-12
Census Tract,12031013302,Other,04/2021,6,14.4,2025-04-12
Census Tract,12031013302,Other,05/2021,1,14.4,2025-04-12
Census Tract,12031013302,Other,06/2021,3,23.2,2025-04-12
Census Tract,12031013302,Other,07/2021,7,16.4,2025-04-12
Census Tract,12031013302,Other,08/2021,9,16.8,2025-04-12
Census Tract,12031013302,Other,09/2021,16,17,2025-04-12
Census Tract,12031013302,Other,10/2021,4,19.4,2025-04-12
Census Tract,12031013302,Other,11/2021,4,9,2025-04-12
Census Tract,12031013302,Other,12/2021,6,16.4,2025-04-12
Census Tract,12031013302,Other,01/2022,12,14.4,2025-04-12
Census Tract,12031013302,Other,02/2022,14,8,2025-04-12
Census Tract,12031013302,Other,03/2022,20,10.6,2025-04-12
Census Tract,12031013302,Other,04/2022,19,14.4,2025-04-12
Census Tract,12031013302,Other,05/2022,18,14.4,2025-04-12
Census Tract,12031013302,Other,06/2022,22,23.2,2025-04-12
Census Tract,12031013302,Other,07/2022,20,16.4,2025-04-12
Census Tract,12031013302,Other,08/2022,12,16.8,2025-04-12
Census Tract,12031013302,Other,09/2022,14,17,2025-04-12
Census Tract,12031013302,Other,10/2022,13,19.4,2025-04-12
Census Tract,12031013302,Other,11/2022,17,9,2025-04-12
Census Tract,12031013302,Other,12/2022,19,16.4,2025-04-12
Census Tract,12031013302,Other,01/2023,22,14.4,2025-04-12
Census Tract,12031013302,Other,02/2023,15,8,2025-04-12
Census Tract,12031013302,Other,03/2023,9,10.6,2025-04-12
Census Tract,12031013302,Other,04/2023,22,14.4,2025-04-12
Census Tract,12031013302,Other,05/2023,23,14.4,2025-04-12
Census Tract,12031013302,Other,06/2023,26,23.2,2025-04-12
Census Tract,12031013302,Other,07/2023,9,16.4,2025-04-12
Census Tract,12031013302,Other,08/2023,17,16.8,2025-04-12
Census Tract,12031013302,Other,09/2023,9,17,2025-04-12
Census Tract,12031013302,Other,10/2023,14,19.4,2025-04-12
Census Tract,12031013302,Other,11/2023,8,9,2025-04-12
Census Tract,12031013302,Other,12/2023,9,16.4,2025-04-12
Census Tract,12031013302,Other,01/2024,17,14.4,2025-04-12
Census Tract,12031013302,Other,02/2024,15,8.2,2025-04-12
Census Tract,12031013302,Other,03/2024,17,10.6,2025-04-12
Census Tract,12031013302,Other,04/2024,9,14.4,2025-04-12
Census Tract,12031013302,Other,05/2024,25,14.4,2025-04-12
Census Tract,12031013302,Other,06/2024,21,23.2,2025-04-12
Census Tract,12031013302,Other,07/2024,10,16.4,2025-04-12
Census Tract,12031013302,Other,08/2024,16,16.8,2025-04-12
Census Tract,12031013302,Other,09/2024,22,17,2025-04-12
Census Tract,12031013302,Other,10/2024,22,19.4,2025-04-12
Census Tract,12031013302,Other,11/2024,13,9,2025-04-12
Census Tract,12031013302,Other,12/2024,18,16.4,2025-04-12
Census Tract,12031013302,Other,01/2025,18,14.4,2025-04-12
Census Tract,12031013302,Other,02/2025,18,8,2025-04-12
Census Tract,12031013302,Other,03/2025,19,10.6,2025-04-12
Census Tract,12031013302,Other,04/2025,0,2.4,2025-04-12
Census Tract,12031013402,Other,01/2020,13,9.4,2025-04-12
Census Tract,12031013402,Other,02/2020,8,9.8,2025-04-12
Census Tract,12031013402,Other,03/2020,7,6.6,2025-04-12
Census Tract,12031013402,Other,04/2020,1,7,2025-04-12
Census Tract,12031013402,Other,05/2020,0,9.6,2025-04-12
Census Tract,12031013402,Other,06/2020,0,7.2,2025-04-12
Census Tract,12031013402,Other,07/2020,0,8.4,2025-04-12
Census Tract,12031013402,Other,08/2020,20,11.2,2025-04-12
Census Tract,12031013402,Other,09/2020,14,11.4,2025-04-12
Census Tract,12031013402,Other,10/2020,8,10.8,2025-04-12
Census Tract,12031013402,Other,11/2020,6,6,2025-04-12
Census Tract,12031013402,Other,12/2020,4,11.4,2025-04-12
Census Tract,12031013402,Other,01/2021,9,9.4,2025-04-12
Census Tract,12031013402,Other,02/2021,10,9.6,2025-04-12
Census Tract,12031013402,Other,03/2021,4,6.6,2025-04-12
Census Tract,12031013402,Other,04/2021,5,7,2025-04-12
Census Tract,12031013402,Other,05/2021,3,9.6,2025-04-12
Census Tract,12031013402,Other,06/2021,1,7.2,2025-04-12
Census Tract,12031013402,Other,07/2021,8,8.4,2025-04-12
Census Tract,12031013402,Other,08/2021,6,11.2,2025-04-12
Census Tract,12031013402,Other,09/2021,11,11.4,2025-04-12
Census Tract,12031013402,Other,10/2021,10,10.8,2025-04-12
Census Tract,12031013402,Other,11/2021,5,6,2025-04-12
Census Tract,12031013402,Other,12/2021,7,11.4,2025-04-12
Census Tract,12031013402,Other,01/2022,7,9.4,2025-04-12
Census Tract,12031013402,Other,02/2022,9,9.6,2025-04-12
Census Tract,12031013402,Other,03/2022,7,6.6,2025-04-12
Census Tract,12031013402,Other,04/2022,3,7,2025-04-12
Census Tract,12031013402,Other,05/2022,6,9.6,2025-04-12
Census Tract,12031013402,Other,06/2022,9,7.2,2025-04-12
Census Tract,12031013402,Other,07/2022,13,8.4,2025-04-12
Census Tract,12031013402,Other,08/2022,7,11.2,2025-04-12
Census Tract,12031013402,Other,09/2022,13,11.4,2025-04-12
Census Tract,12031013402,Other,10/2022,7,10.8,2025-04-12
Census Tract,12031013402,Other,11/2022,7,6,2025-04-12
Census Tract,12031013402,Other,12/2022,10,11.4,2025-04-12
Census Tract,12031013402,Other,01/2023,8,9.4,2025-04-12
Census Tract,12031013402,Other,02/2023,6,9.6,2025-04-12
Census Tract,12031013402,Other,03/2023,5,6.6,2025-04-12
Census Tract,12031013402,Other,04/2023,7,7,2025-04-12
Census Tract,12031013402,Other,05/2023,5,9.6,2025-04-12
Census Tract,12031013402,Other,06/2023,6,7.2,2025-04-12
Census Tract,12031013402,Other,07/2023,7,8.4,2025-04-12
Census Tract,12031013402,Other,08/2023,7,11.2,2025-04-12
Census Tract,12031013402,Other,09/2023,11,11.4,2025-04-12
Census Tract,12031013402,Other,10/2023,3,10.8,2025-04-12
Census Tract,12031013402,Other,11/2023,6,6,2025-04-12
Census Tract,12031013402,Other,12/2023,5,11.4,2025-04-12
Census Tract,12031013402,Other,01/2024,8,9.4,2025-04-12
Census Tract,12031013402,Other,02/2024,10,9.8,2025-04-12
Census Tract,12031013402,Other,03/2024,7,6.6,2025-04-12
Census Tract,12031013402,Other,04/2024,4,7,2025-04-12
Census Tract,12031013402,Other,05/2024,9,9.6,2025-04-12
Census Tract,12031013402,Other,06/2024,6,7.2,2025-04-12
Census Tract,12031013402,Other,07/2024,8,8.4,2025-04-12
Census Tract,12031013402,Other,08/2024,3,11.2,2025-04-12
Census Tract,12031013402,Other,09/2024,7,11.4,2025-04-12
Census Tract,12031013402,Other,10/2024,7,10.8,2025-04-12
Census Tract,12031013402,Other,11/2024,2,6,2025-04-12
Census Tract,12031013402,Other,12/2024,10,11.4,2025-04-12
Census Tract,12031013402,Other,01/2025,7,9.4,2025-04-12
Census Tract,12031013402,Other,02/2025,6,9.6,2025-04-12
Census Tract,12031013402,Other,03/2025,6,6.6,2025-04-12
Census Tract,12031013402,Other,04/2025,0,2,2025-04-12
Census Tract,12031013403,Other,01/2020,23,11.4,2025-04-12
Census Tract,12031013403,Other,02/2020,8,9,2025-04-12
Census Tract,12031013403,Other,03/2020,12,10.2,2025-04-12
Census Tract,12031013403,Other,04/2020,0,11,2025-04-12
Census Tract,12031013403,Other,05/2020,0,10.2,2025-04-12
Census Tract,12031013403,Other,06/2020,0,11,2025-04-12
Census Tract,12031013403,Other,07/2020,2,13.8,2025-04-12
Census Tract,12031013403,Other,08/2020,7,18,2025-04-12
Census Tract,12031013403,Other,09/2020,36,15.4,2025-04-12
Census Tract,12031013403,Other,10/2020,20,13.2,2025-04-12
Census Tract,12031013403,Other,11/2020,4,13,2025-04-12
Census Tract,12031013403,Other,12/2020,12,12,2025-04-12
Census Tract,12031013403,Other,01/2021,21,11.4,2025-04-12
Census Tract,12031013403,Other,02/2021,9,8.8,2025-04-12
Census Tract,12031013403,Other,03/2021,11,10.2,2025-04-12
Census Tract,12031013403,Other,04/2021,2,11,2025-04-12
Census Tract,12031013403,Other,05/2021,0,10.2,2025-04-12
Census Tract,12031013403,Other,06/2021,2,11,2025-04-12
Census Tract,12031013403,Other,07/2021,2,13.8,2025-04-12
Census Tract,12031013403,Other,08/2021,1,18,2025-04-12
Census Tract,12031013403,Other,09/2021,1,15.4,2025-04-12
Census Tract,12031013403,Other,10/2021,1,13.2,2025-04-12
Census Tract,12031013403,Other,11/2021,47,13,2025-04-12
Census Tract,12031013403,Other,12/2021,12,12,2025-04-12
Census Tract,12031013403,Other,01/2022,1,11.4,2025-04-12
Census Tract,12031013403,Other,02/2022,1,8.8,2025-04-12
Census Tract,12031013403,Other,03/2022,5,10.2,2025-04-12
Census Tract,12031013403,Other,04/2022,17,11,2025-04-12
Census Tract,12031013403,Other,05/2022,2,10.2,2025-04-12
Census Tract,12031013403,Other,06/2022,20,11,2025-04-12
Census Tract,12031013403,Other,07/2022,8,13.8,2025-04-12
Census Tract,12031013403,Other,08/2022,15,18,2025-04-12
Census Tract,12031013403,Other,09/2022,5,15.4,2025-04-12
Census Tract,12031013403,Other,10/2022,1,13.2,2025-04-12
Census Tract,12031013403,Other,11/2022,11,13,2025-04-12
Census Tract,12031013403,Other,12/2022,16,12,2025-04-12
Census Tract,12031013403,Other,01/2023,33,11.4,2025-04-12
Census Tract,12031013403,Other,02/2023,9,8.8,2025-04-12
Census Tract,12031013403,Other,03/2023,6,10.2,2025-04-12
Census Tract,12031013403,Other,04/2023,1,11,2025-04-12
Census Tract,12031013403,Other,05/2023,12,10.2,2025-04-12
Census Tract,12031013403,Other,06/2023,5,11,2025-04-12
Census Tract,12031013403,Other,07/2023,40,13.8,2025-04-12
Census Tract,12031013403,Other,08/2023,13,18,2025-04-12
Census Tract,12031013403,Other,09/2023,13,15.4,2025-04-12
Census Tract,12031013403,Other,10/2023,23,13.2,2025-04-12
Census Tract,12031013403,Other,11/2023,8,13,2025-04-12
Census Tract,12031013403,Other,12/2023,1,12,2025-04-12
Census Tract,12031013403,Other,01/2024,5,11.4,2025-04-12
Census Tract,12031013403,Other,02/2024,12,9,2025-04-12
Census Tract,12031013403,Other,03/2024,15,10.2,2025-04-12
Census Tract,12031013403,Other,04/2024,8,11,2025-04-12
Census Tract,12031013403,Other,05/2024,14,10.2,2025-04-12
Census Tract,12031013403,Other,06/2024,16,11,2025-04-12
Census Tract,12031013403,Other,07/2024,9,13.8,2025-04-12
Census Tract,12031013403,Other,08/2024,0,18,2025-04-12
Census Tract,12031013403,Other,09/2024,35,15.4,2025-04-12
Census Tract,12031013403,Other,10/2024,14,13.2,2025-04-12
Census Tract,12031013403,Other,11/2024,3,13,2025-04-12
Census Tract,12031013403,Other,12/2024,1,12,2025-04-12
Census Tract,12031013403,Other,01/2025,25,11.4,2025-04-12
Census Tract,12031013403,Other,02/2025,18,8.8,2025-04-12
Census Tract,12031013403,Other,03/2025,50,10.2,2025-04-12
Census Tract,12031013403,Other,04/2025,0,0.4,2025-04-12
Census Tract,12031013404,Other,01/2020,8,15.4,2025-04-12
Census Tract,12031013404,Other,02/2020,11,9.8,2025-04-12
Census Tract,12031013404,Other,03/2020,4,7.2,2025-04-12
Census Tract,12031013404,Other,04/2020,0,10.6,2025-04-12
Census Tract,12031013404,Other,05/2020,0,10,2025-04-12
Census Tract,12031013404,Other,06/2020,1,13.8,2025-04-12
Census Tract,12031013404,Other,07/2020,1,8.4,2025-04-12
Census Tract,12031013404,Other,08/2020,7,10,2025-04-12
Census Tract,12031013404,Other,09/2020,12,9.2,2025-04-12
Census Tract,12031013404,Other,10/2020,3,16.6,2025-04-12
Census Tract,12031013404,Other,11/2020,13,9.8,2025-04-12
Census Tract,12031013404,Other,12/2020,8,12.2,2025-04-12
Census Tract,12031013404,Other,01/2021,7,15.4,2025-04-12
Census Tract,12031013404,Other,02/2021,2,9.6,2025-04-12
Census Tract,12031013404,Other,03/2021,3,7.2,2025-04-12
Census Tract,12031013404,Other,04/2021,4,10.6,2025-04-12
Census Tract,12031013404,Other,05/2021,1,10,2025-04-12
Census Tract,12031013404,Other,06/2021,2,13.8,2025-04-12
Census Tract,12031013404,Other,07/2021,9,8.4,2025-04-12
Census Tract,12031013404,Other,08/2021,14,10,2025-04-12
Census Tract,12031013404,Other,09/2021,11,9.2,2025-04-12
Census Tract,12031013404,Other,10/2021,7,16.6,2025-04-12
Census Tract,12031013404,Other,11/2021,10,9.8,2025-04-12
Census Tract,12031013404,Other,12/2021,10,12.2,2025-04-12
Census Tract,12031013404,Other,01/2022,5,15.4,2025-04-12
Census Tract,12031013404,Other,02/2022,5,9.6,2025-04-12
Census Tract,12031013404,Other,03/2022,4,7.2,2025-04-12
Census Tract,12031013404,Other,04/2022,1,10.6,2025-04-12
Census Tract,12031013404,Other,05/2022,14,10,2025-04-12
Census Tract,12031013404,Other,06/2022,9,13.8,2025-04-12
Census Tract,12031013404,Other,07/2022,5,8.4,2025-04-12
Census Tract,12031013404,Other,08/2022,8,10,2025-04-12
Census Tract,12031013404,Other,09/2022,23,9.2,2025-04-12
Census Tract,12031013404,Other,10/2022,4,16.6,2025-04-12
Census Tract,12031013404,Other,11/2022,7,9.8,2025-04-12
Census Tract,12031013404,Other,12/2022,20,12.2,2025-04-12
Census Tract,12031013404,Other,01/2023,14,15.4,2025-04-12
Census Tract,12031013404,Other,02/2023,17,9.6,2025-04-12
Census Tract,12031013404,Other,03/2023,12,7.2,2025-04-12
Census Tract,12031013404,Other,04/2023,12,10.6,2025-04-12
Census Tract,12031013404,Other,05/2023,5,10,2025-04-12
Census Tract,12031013404,Other,06/2023,14,13.8,2025-04-12
Census Tract,12031013404,Other,07/2023,12,8.4,2025-04-12
Census Tract,12031013404,Other,08/2023,15,10,2025-04-12
Census Tract,12031013404,Other,09/2023,10,9.2,2025-04-12
Census Tract,12031013404,Other,10/2023,9,16.6,2025-04-12
Census Tract,12031013404,Other,11/2023,8,9.8,2025-04-12
Census Tract,12031013404,Other,12/2023,12,12.2,2025-04-12
Census Tract,12031013404,Other,01/2024,10,15.4,2025-04-12
Census Tract,12031013404,Other,02/2024,2,9.8,2025-04-12
Census Tract,12031013404,Other,03/2024,1,7.2,2025-04-12
Census Tract,12031013404,Other,04/2024,5,10.6,2025-04-12
Census Tract,12031013404,Other,05/2024,4,10,2025-04-12
Census Tract,12031013404,Other,06/2024,3,13.8,2025-04-12
Census Tract,12031013404,Other,07/2024,4,8.4,2025-04-12
Census Tract,12031013404,Other,08/2024,5,10,2025-04-12
Census Tract,12031013404,Other,09/2024,6,9.2,2025-04-12
Census Tract,12031013404,Other,10/2024,9,16.6,2025-04-12
Census Tract,12031013404,Other,11/2024,6,9.8,2025-04-12
Census Tract,12031013404,Other,12/2024,4,12.2,2025-04-12
Census Tract,12031013404,Other,01/2025,15,15.4,2025-04-12
Census Tract,12031013404,Other,02/2025,7,9.6,2025-04-12
Census Tract,12031013404,Other,03/2025,2,7.2,2025-04-12
Census Tract,12031013404,Other,04/2025,5,1.8,2025-04-12
Census Tract,12031013502,Other,01/2020,1,1.6,2025-04-12
Census Tract,12031013502,Other,02/2020,1,2.2,2025-04-12
Census Tract,12031013502,Other,03/2020,3,1.2,2025-04-12
Census Tract,12031013502,Other,04/2020,0,1.6,2025-04-12
Census Tract,12031013502,Other,05/2020,1,1.6,2025-04-12
Census Tract,12031013502,Other,06/2020,0,2,2025-04-12
Census Tract,12031013502,Other,07/2020,0,3.4,2025-04-12
Census Tract,12031013502,Other,08/2020,4,4,2025-04-12
Census Tract,12031013502,Other,09/2020,3,1.8,2025-04-12
Census Tract,12031013502,Other,10/2020,2,1.8,2025-04-12
Census Tract,12031013502,Other,11/2020,4,1.8,2025-04-12
Census Tract,12031013502,Other,12/2020,0,1.2,2025-04-12
Census Tract,12031013502,Other,01/2021,2,1.6,2025-04-12
Census Tract,12031013502,Other,02/2021,1,2.2,2025-04-12
Census Tract,12031013502,Other,03/2021,0,1.2,2025-04-12
Census Tract,12031013502,Other,04/2021,0,1.6,2025-04-12
Census Tract,12031013502,Other,05/2021,2,1.6,2025-04-12
Census Tract,12031013502,Other,06/2021,0,2,2025-04-12
Census Tract,12031013502,Other,07/2021,0,3.4,2025-04-12
Census Tract,12031013502,Other,08/2021,1,4,2025-04-12
Census Tract,12031013502,Other,09/2021,2,1.8,2025-04-12
Census Tract,12031013502,Other,10/2021,1,1.8,2025-04-12
Census Tract,12031013502,Other,11/2021,0,1.8,2025-04-12
Census Tract,12031013502,Other,12/2021,2,1.2,2025-04-12
Census Tract,12031013502,Other,01/2022,2,1.6,2025-04-12
Census Tract,12031013502,Other,02/2022,1,2.2,2025-04-12
Census Tract,12031013502,Other,03/2022,2,1.2,2025-04-12
Census Tract,12031013502,Other,04/2022,0,1.6,2025-04-12
Census Tract,12031013502,Other,05/2022,1,1.6,2025-04-12
Census Tract,12031013502,Other,06/2022,2,2,2025-04-12
Census Tract,12031013502,Other,07/2022,1,3.4,2025-04-12
Census Tract,12031013502,Other,08/2022,1,4,2025-04-12
Census Tract,12031013502,Other,09/2022,2,1.8,2025-04-12
Census Tract,12031013502,Other,10/2022,1,1.8,2025-04-12
Census Tract,12031013502,Other,11/2022,3,1.8,2025-04-12
Census Tract,12031013502,Other,12/2022,3,1.2,2025-04-12
Census Tract,12031013502,Other,01/2023,2,1.6,2025-04-12
Census Tract,12031013502,Other,02/2023,4,2.2,2025-04-12
Census Tract,12031013502,Other,03/2023,0,1.2,2025-04-12
Census Tract,12031013502,Other,04/2023,1,1.6,2025-04-12
Census Tract,12031013502,Other,05/2023,0,1.6,2025-04-12
Census Tract,12031013502,Other,06/2023,1,2,2025-04-12
Census Tract,12031013502,Other,07/2023,3,3.4,2025-04-12
Census Tract,12031013502,Other,08/2023,1,4,2025-04-12
Census Tract,12031013502,Other,09/2023,5,1.8,2025-04-12
Census Tract,12031013502,Other,10/2023,3,1.8,2025-04-12
Census Tract,12031013502,Other,11/2023,1,1.8,2025-04-12
Census Tract,12031013502,Other,12/2023,4,1.2,2025-04-12
Census Tract,12031013502,Other,01/2024,0,1.6,2025-04-12
Census Tract,12031013502,Other,02/2024,2,2.2,2025-04-12
Census Tract,12031013502,Other,03/2024,2,1.2,2025-04-12
Census Tract,12031013502,Other,04/2024,0,1.6,2025-04-12
Census Tract,12031013502,Other,05/2024,1,1.6,2025-04-12
Census Tract,12031013502,Other,06/2024,1,2,2025-04-12
Census Tract,12031013502,Other,07/2024,4,3.4,2025-04-12
Census Tract,12031013502,Other,08/2024,2,4,2025-04-12
Census Tract,12031013502,Other,09/2024,4,1.8,2025-04-12
Census Tract,12031013502,Other,10/2024,1,1.8,2025-04-12
Census Tract,12031013502,Other,11/2024,2,1.8,2025-04-12
Census Tract,12031013502,Other,12/2024,4,1.2,2025-04-12
Census Tract,12031013502,Other,01/2025,2,1.6,2025-04-12
Census Tract,12031013502,Other,02/2025,4,2.2,2025-04-12
Census Tract,12031013502,Other,03/2025,1,1.2,2025-04-12
Census Tract,12031013502,Other,04/2025,0,0.2,2025-04-12
Census Tract,12031013504,Other,01/2020,9,14.4,2025-04-12
Census Tract,12031013504,Other,02/2020,5,5.6,2025-04-12
Census Tract,12031013504,Other,03/2020,9,6.4,2025-04-12
Census Tract,12031013504,Other,04/2020,3,8.8,2025-04-12
Census Tract,12031013504,Other,05/2020,0,9,2025-04-12
Census Tract,12031013504,Other,06/2020,0,12.2,2025-04-12
Census Tract,12031013504,Other,07/2020,0,11.4,2025-04-12
Census Tract,12031013504,Other,08/2020,11,9,2025-04-12
Census Tract,12031013504,Other,09/2020,6,14.4,2025-04-12
Census Tract,12031013504,Other,10/2020,12,13.8,2025-04-12
Census Tract,12031013504,Other,11/2020,2,12.4,2025-04-12
Census Tract,12031013504,Other,12/2020,2,14,2025-04-12
Census Tract,12031013504,Other,01/2021,4,14.4,2025-04-12
Census Tract,12031013504,Other,02/2021,6,5.6,2025-04-12
Census Tract,12031013504,Other,03/2021,0,6.4,2025-04-12
Census Tract,12031013504,Other,04/2021,8,8.8,2025-04-12
Census Tract,12031013504,Other,05/2021,5,9,2025-04-12
Census Tract,12031013504,Other,06/2021,9,12.2,2025-04-12
Census Tract,12031013504,Other,07/2021,6,11.4,2025-04-12
Census Tract,12031013504,Other,08/2021,6,9,2025-04-12
Census Tract,12031013504,Other,09/2021,3,14.4,2025-04-12
Census Tract,12031013504,Other,10/2021,8,13.8,2025-04-12
Census Tract,12031013504,Other,11/2021,10,12.4,2025-04-12
Census Tract,12031013504,Other,12/2021,2,14,2025-04-12
Census Tract,12031013504,Other,01/2022,3,14.4,2025-04-12
Census Tract,12031013504,Other,02/2022,3,5.6,2025-04-12
Census Tract,12031013504,Other,03/2022,13,6.4,2025-04-12
Census Tract,12031013504,Other,04/2022,3,8.8,2025-04-12
Census Tract,12031013504,Other,05/2022,4,9,2025-04-12
Census Tract,12031013504,Other,06/2022,28,12.2,2025-04-12
Census Tract,12031013504,Other,07/2022,29,11.4,2025-04-12
Census Tract,12031013504,Other,08/2022,6,9,2025-04-12
Census Tract,12031013504,Other,09/2022,20,14.4,2025-04-12
Census Tract,12031013504,Other,10/2022,14,13.8,2025-04-12
Census Tract,12031013504,Other,11/2022,6,12.4,2025-04-12
Census Tract,12031013504,Other,12/2022,31,14,2025-04-12
Census Tract,12031013504,Other,01/2023,10,14.4,2025-04-12
Census Tract,12031013504,Other,02/2023,6,5.6,2025-04-12
Census Tract,12031013504,Other,03/2023,16,6.4,2025-04-12
Census Tract,12031013504,Other,04/2023,9,8.8,2025-04-12
Census Tract,12031013504,Other,05/2023,8,9,2025-04-12
Census Tract,12031013504,Other,06/2023,7,12.2,2025-04-12
Census Tract,12031013504,Other,07/2023,7,11.4,2025-04-12
Census Tract,12031013504,Other,08/2023,5,9,2025-04-12
Census Tract,12031013504,Other,09/2023,7,14.4,2025-04-12
Census Tract,12031013504,Other,10/2023,4,13.8,2025-04-12
Census Tract,12031013504,Other,11/2023,13,12.4,2025-04-12
Census Tract,12031013504,Other,12/2023,2,14,2025-04-12
Census Tract,12031013504,Other,01/2024,13,14.4,2025-04-12
Census Tract,12031013504,Other,02/2024,8,5.6,2025-04-12
Census Tract,12031013504,Other,03/2024,5,6.4,2025-04-12
Census Tract,12031013504,Other,04/2024,2,8.8,2025-04-12
Census Tract,12031013504,Other,05/2024,7,9,2025-04-12
Census Tract,12031013504,Other,06/2024,7,12.2,2025-04-12
Census Tract,12031013504,Other,07/2024,11,11.4,2025-04-12
Census Tract,12031013504,Other,08/2024,3,9,2025-04-12
Census Tract,12031013504,Other,09/2024,4,14.4,2025-04-12
Census Tract,12031013504,Other,10/2024,5,13.8,2025-04-12
Census Tract,12031013504,Other,11/2024,4,12.4,2025-04-12
Census Tract,12031013504,Other,12/2024,7,14,2025-04-12
Census Tract,12031013504,Other,01/2025,6,14.4,2025-04-12
Census Tract,12031013504,Other,02/2025,7,5.6,2025-04-12
Census Tract,12031013504,Other,03/2025,4,6.4,2025-04-12
Census Tract,12031013504,Other,04/2025,1,2.2,2025-04-12
Census Tract,12031013522,White,01/2020,15,5.8,2025-04-12
Census Tract,12031013522,White,02/2020,4,1.6,2025-04-12
Census Tract,12031013522,White,03/2020,4,4,2025-04-12
Census Tract,12031013522,White,04/2020,0,1.6,2025-04-12
Census Tract,12031013522,White,05/2020,0,3.2,2025-04-12
Census Tract,12031013522,White,06/2020,0,2.2,2025-04-12
Census Tract,12031013522,White,07/2020,1,3,2025-04-12
Census Tract,12031013522,White,08/2020,4,2.6,2025-04-12
Census Tract,12031013522,White,09/2020,6,4.6,2025-04-12
Census Tract,12031013522,White,10/2020,8,1.6,2025-04-12
Census Tract,12031013522,White,11/2020,8,2.6,2025-04-12
Census Tract,12031013522,White,12/2020,15,1.8,2025-04-12
Census Tract,12031013522,White,01/2021,3,5.8,2025-04-12
Census Tract,12031013522,White,02/2021,3,1.6,2025-04-12
Census Tract,12031013522,White,03/2021,2,4,2025-04-12
Census Tract,12031013522,White,04/2021,3,1.6,2025-04-12
Census Tract,12031013522,White,05/2021,2,3.2,2025-04-12
Census Tract,12031013522,White,06/2021,3,2.2,2025-04-12
Census Tract,12031013522,White,07/2021,9,3,2025-04-12
Census Tract,12031013522,White,08/2021,5,2.6,2025-04-12
Census Tract,12031013522,White,09/2021,5,4.6,2025-04-12
Census Tract,12031013522,White,10/2021,3,1.6,2025-04-12
Census Tract,12031013522,White,11/2021,1,2.6,2025-04-12
Census Tract,12031013522,White,12/2021,2,1.8,2025-04-12
Census Tract,12031013522,White,01/2022,9,5.8,2025-04-12
Census Tract,12031013522,White,02/2022,9,1.6,2025-04-12
Census Tract,12031013522,White,03/2022,10,4,2025-04-12
Census Tract,12031013522,White,04/2022,6,1.6,2025-04-12
Census Tract,12031013522,White,05/2022,5,3.2,2025-04-12
Census Tract,12031013522,White,06/2022,8,2.2,2025-04-12
Census Tract,12031013522,White,07/2022,7,3,2025-04-12
Census Tract,12031013522,White,08/2022,5,2.6,2025-04-12
Census Tract,12031013522,White,09/2022,5,4.6,2025-04-12
Census Tract,12031013522,White,10/2022,6,1.6,2025-04-12
Census Tract,12031013522,White,11/2022,4,2.6,2025-04-12
Census Tract,12031013522,White,12/2022,12,1.8,2025-04-12
Census Tract,12031013522,White,01/2023,0,5.8,2025-04-12
Census Tract,12031013522,White,02/2023,4,1.6,2025-04-12
Census Tract,12031013522,White,03/2023,10,4,2025-04-12
Census Tract,12031013522,White,04/2023,5,1.6,2025-04-12
Census Tract,12031013522,White,05/2023,8,3.2,2025-04-12
Census Tract,12031013522,White,06/2023,7,2.2,2025-04-12
Census Tract,12031013522,White,07/2023,9,3,2025-04-12
Census Tract,12031013522,White,08/2023,10,2.6,2025-04-12
Census Tract,12031013522,White,09/2023,7,4.6,2025-04-12
Census Tract,12031013522,White,10/2023,6,1.6,2025-04-12
Census Tract,12031013522,White,11/2023,11,2.6,2025-04-12
Census Tract,12031013522,White,12/2023,8,1.8,2025-04-12
Census Tract,12031013522,White,01/2024,3,5.8,2025-04-12
Census Tract,12031013522,White,02/2024,5,1.6,2025-04-12
Census Tract,12031013522,White,03/2024,6,4,2025-04-12
Census Tract,12031013522,White,04/2024,8,1.6,2025-04-12
Census Tract,12031013522,White,05/2024,4,3.2,2025-04-12
Census Tract,12031013522,White,06/2024,0,2.2,2025-04-12
Census Tract,12031013522,White,07/2024,4,3,2025-04-12
Census Tract,12031013522,White,08/2024,2,2.6,2025-04-12
Census Tract,12031013522,White,09/2024,10,4.6,2025-04-12
Census Tract,12031013522,White,10/2024,1,1.6,2025-04-12
Census Tract,12031013522,White,11/2024,2,2.6,2025-04-12
Census Tract,12031013522,White,12/2024,7,1.8,2025-04-12
Census Tract,12031013522,White,01/2025,5,5.8,2025-04-12
Census Tract,12031013522,White,02/2025,2,1.6,2025-04-12
Census Tract,12031013522,White,03/2025,1,4,2025-04-12
Census Tract,12031013522,White,04/2025,0,0.6,2025-04-12
Census Tract,12031013523,Other,01/2020,15,6.8,2025-04-12
Census Tract,12031013523,Other,02/2020,13,1.8,2025-04-12
Census Tract,12031013523,Other,03/2020,5,3,2025-04-12
Census Tract,12031013523,Other,04/2020,0,4.2,2025-04-12
Census Tract,12031013523,Other,05/2020,0,3.4,2025-04-12
Census Tract,12031013523,Other,06/2020,1,8.2,2025-04-12
Census Tract,12031013523,Other,07/2020,0,6.6,2025-04-12
Census Tract,12031013523,Other,08/2020,9,5.8,2025-04-12
Census Tract,12031013523,Other,09/2020,3,5.4,2025-04-12
Census Tract,12031013523,Other,10/2020,4,4.4,2025-04-12
Census Tract,12031013523,Other,11/2020,1,5.2,2025-04-12
Census Tract,12031013523,Other,12/2020,11,3,2025-04-12
Census Tract,12031013523,Other,01/2021,9,6.8,2025-04-12
Census Tract,12031013523,Other,02/2021,0,1.8,2025-04-12
Census Tract,12031013523,Other,03/2021,5,3,2025-04-12
Census Tract,12031013523,Other,04/2021,0,4.2,2025-04-12
Census Tract,12031013523,Other,05/2021,2,3.4,2025-04-12
Census Tract,12031013523,Other,06/2021,10,8.2,2025-04-12
Census Tract,12031013523,Other,07/2021,5,6.6,2025-04-12
Census Tract,12031013523,Other,08/2021,6,5.8,2025-04-12
Census Tract,12031013523,Other,09/2021,4,5.4,2025-04-12
Census Tract,12031013523,Other,10/2021,13,4.4,2025-04-12
Census Tract,12031013523,Other,11/2021,2,5.2,2025-04-12
Census Tract,12031013523,Other,12/2021,2,3,2025-04-12
Census Tract,12031013523,Other,01/2022,3,6.8,2025-04-12
Census Tract,12031013523,Other,02/2022,7,1.8,2025-04-12
Census Tract,12031013523,Other,03/2022,6,3,2025-04-12
Census Tract,12031013523,Other,04/2022,6,4.2,2025-04-12
Census Tract,12031013523,Other,05/2022,3,3.4,2025-04-12
Census Tract,12031013523,Other,06/2022,15,8.2,2025-04-12
Census Tract,12031013523,Other,07/2022,4,6.6,2025-04-12
Census Tract,12031013523,Other,08/2022,5,5.8,2025-04-12
Census Tract,12031013523,Other,09/2022,12,5.4,2025-04-12
Census Tract,12031013523,Other,10/2022,6,4.4,2025-04-12
Census Tract,12031013523,Other,11/2022,6,5.2,2025-04-12
Census Tract,12031013523,Other,12/2022,6,3,2025-04-12
Census Tract,12031013523,Other,01/2023,0,6.8,2025-04-12
Census Tract,12031013523,Other,02/2023,4,1.8,2025-04-12
Census Tract,12031013523,Other,03/2023,2,3,2025-04-12
Census Tract,12031013523,Other,04/2023,6,4.2,2025-04-12
Census Tract,12031013523,Other,05/2023,1,3.4,2025-04-12
Census Tract,12031013523,Other,06/2023,8,8.2,2025-04-12
Census Tract,12031013523,Other,07/2023,3,6.6,2025-04-12
Census Tract,12031013523,Other,08/2023,12,5.8,2025-04-12
Census Tract,12031013523,Other,09/2023,6,5.4,2025-04-12
Census Tract,12031013523,Other,10/2023,19,4.4,2025-04-12
Census Tract,12031013523,Other,11/2023,5,5.2,2025-04-12
Census Tract,12031013523,Other,12/2023,5,3,2025-04-12
Census Tract,12031013523,Other,01/2024,3,6.8,2025-04-12
Census Tract,12031013523,Other,02/2024,10,1.8,2025-04-12
Census Tract,12031013523,Other,03/2024,2,3,2025-04-12
Census Tract,12031013523,Other,04/2024,1,4.2,2025-04-12
Census Tract,12031013523,Other,05/2024,4,3.4,2025-04-12
Census Tract,12031013523,Other,06/2024,5,8.2,2025-04-12
Census Tract,12031013523,Other,07/2024,6,6.6,2025-04-12
Census Tract,12031013523,Other,08/2024,5,5.8,2025-04-12
Census Tract,12031013523,Other,09/2024,3,5.4,2025-04-12
Census Tract,12031013523,Other,10/2024,3,4.4,2025-04-12
Census Tract,12031013523,Other,11/2024,5,5.2,2025-04-12
Census Tract,12031013523,Other,12/2024,5,3,2025-04-12
Census Tract,12031013523,Other,01/2025,5,6.8,2025-04-12
Census Tract,12031013523,Other,02/2025,4,1.8,2025-04-12
Census Tract,12031013523,Other,03/2025,7,3,2025-04-12
Census Tract,12031013523,Other,04/2025,0,1,2025-04-12
Census Tract,12031013524,Other,01/2020,7,9.4,2025-04-12
Census Tract,12031013524,Other,02/2020,3,3,2025-04-12
Census Tract,12031013524,Other,03/2020,5,4.8,2025-04-12
Census Tract,12031013524,Other,04/2020,0,8.8,2025-04-12
Census Tract,12031013524,Other,05/2020,0,6.6,2025-04-12
Census Tract,12031013524,Other,06/2020,0,7.4,2025-04-12
Census Tract,12031013524,Other,07/2020,0,8.6,2025-04-12
Census Tract,12031013524,Other,08/2020,2,6.4,2025-04-12
Census Tract,12031013524,Other,09/2020,0,9.4,2025-04-12
Census Tract,12031013524,Other,10/2020,2,5,2025-04-12
Census Tract,12031013524,Other,11/2020,0,4.2,2025-04-12
Census Tract,12031013524,Other,12/2020,1,5.4,2025-04-12
Census Tract,12031013524,Other,01/2021,4,9.4,2025-04-12
Census Tract,12031013524,Other,02/2021,0,3,2025-04-12
Census Tract,12031013524,Other,03/2021,1,4.8,2025-04-12
Census Tract,12031013524,Other,04/2021,1,8.8,2025-04-12
Census Tract,12031013524,Other,05/2021,3,6.6,2025-04-12
Census Tract,12031013524,Other,06/2021,1,7.4,2025-04-12
Census Tract,12031013524,Other,07/2021,0,8.6,2025-04-12
Census Tract,12031013524,Other,08/2021,2,6.4,2025-04-12
Census Tract,12031013524,Other,09/2021,1,9.4,2025-04-12
Census Tract,12031013524,Other,10/2021,2,5,2025-04-12
Census Tract,12031013524,Other,11/2021,0,4.2,2025-04-12
Census Tract,12031013524,Other,12/2021,0,5.4,2025-04-12
Census Tract,12031013524,Other,01/2022,0,9.4,2025-04-12
Census Tract,12031013524,Other,02/2022,3,3,2025-04-12
Census Tract,12031013524,Other,03/2022,1,4.8,2025-04-12
Census Tract,12031013524,Other,04/2022,1,8.8,2025-04-12
Census Tract,12031013524,Other,05/2022,1,6.6,2025-04-12
Census Tract,12031013524,Other,06/2022,0,7.4,2025-04-12
Census Tract,12031013524,Other,07/2022,8,8.6,2025-04-12
Census Tract,12031013524,Other,08/2022,0,6.4,2025-04-12
Census Tract,12031013524,Other,09/2022,8,9.4,2025-04-12
Census Tract,12031013524,Other,10/2022,2,5,2025-04-12
Census Tract,12031013524,Other,11/2022,23,4.2,2025-04-12
Census Tract,12031013524,Other,12/2022,3,5.4,2025-04-12
Census Tract,12031013524,Other,01/2023,2,9.4,2025-04-12
Census Tract,12031013524,Other,02/2023,5,3,2025-04-12
Census Tract,12031013524,Other,03/2023,4,4.8,2025-04-12
Census Tract,12031013524,Other,04/2023,1,8.8,2025-04-12
Census Tract,12031013524,Other,05/2023,5,6.6,2025-04-12
Census Tract,12031013524,Other,06/2023,2,7.4,2025-04-12
Census Tract,12031013524,Other,07/2023,2,8.6,2025-04-12
Census Tract,12031013524,Other,08/2023,3,6.4,2025-04-12
Census Tract,12031013524,Other,09/2023,1,9.4,2025-04-12
Census Tract,12031013524,Other,10/2023,0,5,2025-04-12
Census Tract,12031013524,Other,11/2023,2,4.2,2025-04-12
Census Tract,12031013524,Other,12/2023,1,5.4,2025-04-12
Census Tract,12031013524,Other,01/2024,0,9.4,2025-04-12
Census Tract,12031013524,Other,02/2024,2,3,2025-04-12
Census Tract,12031013524,Other,03/2024,3,4.8,2025-04-12
Census Tract,12031013524,Other,04/2024,4,8.8,2025-04-12
Census Tract,12031013524,Other,05/2024,6,6.6,2025-04-12
Census Tract,12031013524,Other,06/2024,1,7.4,2025-04-12
Census Tract,12031013524,Other,07/2024,4,8.6,2025-04-12
Census Tract,12031013524,Other,08/2024,8,6.4,2025-04-12
Census Tract,12031013524,Other,09/2024,9,9.4,2025-04-12
Census Tract,12031013524,Other,10/2024,7,5,2025-04-12
Census Tract,12031013524,Other,11/2024,6,4.2,2025-04-12
Census Tract,12031013524,Other,12/2024,1,5.4,2025-04-12
Census Tract,12031013524,Other,01/2025,11,9.4,2025-04-12
Census Tract,12031013524,Other,02/2025,7,3,2025-04-12
Census Tract,12031013524,Other,03/2025,5,4.8,2025-04-12
Census Tract,12031013524,Other,04/2025,0,0.6,2025-04-12
Census Tract,12031013525,Black,01/2020,25,10.8,2025-04-12
Census Tract,12031013525,Black,02/2020,7,7.6,2025-04-12
Census Tract,12031013525,Black,03/2020,13,8.4,2025-04-12
Census Tract,12031013525,Black,04/2020,1,11,2025-04-12
Census Tract,12031013525,Black,05/2020,0,12,2025-04-12
Census Tract,12031013525,Black,06/2020,0,13,2025-04-12
Census Tract,12031013525,Black,07/2020,0,13.4,2025-04-12
Census Tract,12031013525,Black,08/2020,3,19.8,2025-04-12
Census Tract,12031013525,Black,09/2020,12,13.8,2025-04-12
Census Tract,12031013525,Black,10/2020,12,14.6,2025-04-12
Census Tract,12031013525,Black,11/2020,12,7,2025-04-12
Census Tract,12031013525,Black,12/2020,4,12.4,2025-04-12
Census Tract,12031013525,Black,01/2021,16,10.8,2025-04-12
Census Tract,12031013525,Black,02/2021,19,7.6,2025-04-12
Census Tract,12031013525,Black,03/2021,17,8.4,2025-04-12
Census Tract,12031013525,Black,04/2021,5,11,2025-04-12
Census Tract,12031013525,Black,05/2021,6,12,2025-04-12
Census Tract,12031013525,Black,06/2021,14,13,2025-04-12
Census Tract,12031013525,Black,07/2021,7,13.4,2025-04-12
Census Tract,12031013525,Black,08/2021,3,19.8,2025-04-12
Census Tract,12031013525,Black,09/2021,13,13.8,2025-04-12
Census Tract,12031013525,Black,10/2021,20,14.6,2025-04-12
Census Tract,12031013525,Black,11/2021,3,7,2025-04-12
Census Tract,12031013525,Black,12/2021,14,12.4,2025-04-12
Census Tract,12031013525,Black,01/2022,17,10.8,2025-04-12
Census Tract,12031013525,Black,02/2022,4,7.6,2025-04-12
Census Tract,12031013525,Black,03/2022,9,8.4,2025-04-12
Census Tract,12031013525,Black,04/2022,18,11,2025-04-12
Census Tract,12031013525,Black,05/2022,21,12,2025-04-12
Census Tract,12031013525,Black,06/2022,12,13,2025-04-12
Census Tract,12031013525,Black,07/2022,19,13.4,2025-04-12
Census Tract,12031013525,Black,08/2022,23,19.8,2025-04-12
Census Tract,12031013525,Black,09/2022,21,13.8,2025-04-12
Census Tract,12031013525,Black,10/2022,19,14.6,2025-04-12
Census Tract,12031013525,Black,11/2022,21,7,2025-04-12
Census Tract,12031013525,Black,12/2022,2,12.4,2025-04-12
Census Tract,12031013525,Black,01/2023,22,10.8,2025-04-12
Census Tract,12031013525,Black,02/2023,24,7.6,2025-04-12
Census Tract,12031013525,Black,03/2023,17,8.4,2025-04-12
Census Tract,12031013525,Black,04/2023,9,11,2025-04-12
Census Tract,12031013525,Black,05/2023,23,12,2025-04-12
Census Tract,12031013525,Black,06/2023,22,13,2025-04-12
Census Tract,12031013525,Black,07/2023,16,13.4,2025-04-12
Census Tract,12031013525,Black,08/2023,23,19.8,2025-04-12
Census Tract,12031013525,Black,09/2023,28,13.8,2025-04-12
Census Tract,12031013525,Black,10/2023,21,14.6,2025-04-12
Census Tract,12031013525,Black,11/2023,22,7,2025-04-12
Census Tract,12031013525,Black,12/2023,14,12.4,2025-04-12
Census Tract,12031013525,Black,01/2024,15,10.8,2025-04-12
Census Tract,12031013525,Black,02/2024,12,7.6,2025-04-12
Census Tract,12031013525,Black,03/2024,13,8.4,2025-04-12
Census Tract,12031013525,Black,04/2024,20,11,2025-04-12
Census Tract,12031013525,Black,05/2024,9,12,2025-04-12
Census Tract,12031013525,Black,06/2024,16,13,2025-04-12
Census Tract,12031013525,Black,07/2024,25,13.4,2025-04-12
Census Tract,12031013525,Black,08/2024,9,19.8,2025-04-12
Census Tract,12031013525,Black,09/2024,20,13.8,2025-04-12
Census Tract,12031013525,Black,10/2024,19,14.6,2025-04-12
Census Tract,12031013525,Black,11/2024,6,7,2025-04-12
Census Tract,12031013525,Black,12/2024,20,12.4,2025-04-12
Census Tract,12031013525,Black,01/2025,23,10.8,2025-04-12
Census Tract,12031013525,Black,02/2025,10,7.6,2025-04-12
Census Tract,12031013525,Black,03/2025,11,8.4,2025-04-12
Census Tract,12031013525,Black,04/2025,2,2.4,2025-04-12
Census Tract,12031013526,Other,01/2020,27,15.6,2025-04-12
Census Tract,12031013526,Other,02/2020,13,11.4,2025-04-12
Census Tract,12031013526,Other,03/2020,11,7.6,2025-04-12
Census Tract,12031013526,Other,04/2020,1,12,2025-04-12
Census Tract,12031013526,Other,05/2020,0,13.6,2025-04-12
Census Tract,12031013526,Other,06/2020,0,16.4,2025-04-12
Census Tract,12031013526,Other,07/2020,0,18,2025-04-12
Census Tract,12031013526,Other,08/2020,1,14.4,2025-04-12
Census Tract,12031013526,Other,09/2020,14,13.4,2025-04-12
Census Tract,12031013526,Other,10/2020,6,15.6,2025-04-12
Census Tract,12031013526,Other,11/2020,7,12.2,2025-04-12
Census Tract,12031013526,Other,12/2020,13,16.6,2025-04-12
Census Tract,12031013526,Other,01/2021,2,15.6,2025-04-12
Census Tract,12031013526,Other,02/2021,11,11.4,2025-04-12
Census Tract,12031013526,Other,03/2021,13,7.6,2025-04-12
Census Tract,12031013526,Other,04/2021,2,12,2025-04-12
Census Tract,12031013526,Other,05/2021,7,13.6,2025-04-12
Census Tract,12031013526,Other,06/2021,6,16.4,2025-04-12
Census Tract,12031013526,Other,07/2021,5,18,2025-04-12
Census Tract,12031013526,Other,08/2021,7,14.4,2025-04-12
Census Tract,12031013526,Other,09/2021,10,13.4,2025-04-12
Census Tract,12031013526,Other,10/2021,13,15.6,2025-04-12
Census Tract,12031013526,Other,11/2021,15,12.2,2025-04-12
Census Tract,12031013526,Other,12/2021,9,16.6,2025-04-12
Census Tract,12031013526,Other,01/2022,12,15.6,2025-04-12
Census Tract,12031013526,Other,02/2022,13,11.4,2025-04-12
Census Tract,12031013526,Other,03/2022,9,7.6,2025-04-12
Census Tract,12031013526,Other,04/2022,11,12,2025-04-12
Census Tract,12031013526,Other,05/2022,8,13.6,2025-04-12
Census Tract,12031013526,Other,06/2022,36,16.4,2025-04-12
Census Tract,12031013526,Other,07/2022,26,18,2025-04-12
Census Tract,12031013526,Other,08/2022,32,14.4,2025-04-12
Census Tract,12031013526,Other,09/2022,43,13.4,2025-04-12
Census Tract,12031013526,Other,10/2022,27,15.6,2025-04-12
Census Tract,12031013526,Other,11/2022,19,12.2,2025-04-12
Census Tract,12031013526,Other,12/2022,23,16.6,2025-04-12
Census Tract,12031013526,Other,01/2023,21,15.6,2025-04-12
Census Tract,12031013526,Other,02/2023,21,11.4,2025-04-12
Census Tract,12031013526,Other,03/2023,26,7.6,2025-04-12
Census Tract,12031013526,Other,04/2023,19,12,2025-04-12
Census Tract,12031013526,Other,05/2023,20,13.6,2025-04-12
Census Tract,12031013526,Other,06/2023,21,16.4,2025-04-12
Census Tract,12031013526,Other,07/2023,11,18,2025-04-12
Census Tract,12031013526,Other,08/2023,18,14.4,2025-04-12
Census Tract,12031013526,Other,09/2023,28,13.4,2025-04-12
Census Tract,12031013526,Other,10/2023,21,15.6,2025-04-12
Census Tract,12031013526,Other,11/2023,25,12.2,2025-04-12
Census Tract,12031013526,Other,12/2023,17,16.6,2025-04-12
Census Tract,12031013526,Other,01/2024,19,15.6,2025-04-12
Census Tract,12031013526,Other,02/2024,18,11.4,2025-04-12
Census Tract,12031013526,Other,03/2024,19,7.6,2025-04-12
Census Tract,12031013526,Other,04/2024,19,12,2025-04-12
Census Tract,12031013526,Other,05/2024,15,13.6,2025-04-12
Census Tract,12031013526,Other,06/2024,17,16.4,2025-04-12
Census Tract,12031013526,Other,07/2024,19,18,2025-04-12
Census Tract,12031013526,Other,08/2024,15,14.4,2025-04-12
Census Tract,12031013526,Other,09/2024,19,13.4,2025-04-12
Census Tract,12031013526,Other,10/2024,15,15.6,2025-04-12
Census Tract,12031013526,Other,11/2024,15,12.2,2025-04-12
Census Tract,12031013526,Other,12/2024,16,16.6,2025-04-12
Census Tract,12031013526,Other,01/2025,24,15.6,2025-04-12
Census Tract,12031013526,Other,02/2025,7,11.4,2025-04-12
Census Tract,12031013526,Other,03/2025,10,7.6,2025-04-12
Census Tract,12031013526,Other,04/2025,0,1,2025-04-12
Census Tract,12031013723,Other,01/2020,4,13.4,2025-04-12
Census Tract,12031013723,Other,02/2020,11,12.8,2025-04-12
Census Tract,12031013723,Other,03/2020,4,8,2025-04-12
Census Tract,12031013723,Other,04/2020,0,8.2,2025-04-12
Census Tract,12031013723,Other,05/2020,0,11.2,2025-04-12
Census Tract,12031013723,Other,06/2020,4,12.4,2025-04-12
Census Tract,12031013723,Other,07/2020,0,12.2,2025-04-12
Census Tract,12031013723,Other,08/2020,10,12.6,2025-04-12
Census Tract,12031013723,Other,09/2020,6,12.2,2025-04-12
Census Tract,12031013723,Other,10/2020,16,12,2025-04-12
Census Tract,12031013723,Other,11/2020,5,8.4,2025-04-12
Census Tract,12031013723,Other,12/2020,8,11.8,2025-04-12
Census Tract,12031013723,Other,01/2021,10,13.4,2025-04-12
Census Tract,12031013723,Other,02/2021,8,12.4,2025-04-12
Census Tract,12031013723,Other,03/2021,7,8,2025-04-12
Census Tract,12031013723,Other,04/2021,2,8.2,2025-04-12
Census Tract,12031013723,Other,05/2021,8,11.2,2025-04-12
Census Tract,12031013723,Other,06/2021,10,12.4,2025-04-12
Census Tract,12031013723,Other,07/2021,16,12.2,2025-04-12
Census Tract,12031013723,Other,08/2021,8,12.6,2025-04-12
Census Tract,12031013723,Other,09/2021,12,12.2,2025-04-12
Census Tract,12031013723,Other,10/2021,10,12,2025-04-12
Census Tract,12031013723,Other,11/2021,10,8.4,2025-04-12
Census Tract,12031013723,Other,12/2021,5,11.8,2025-04-12
Census Tract,12031013723,Other,01/2022,25,13.4,2025-04-12
Census Tract,12031013723,Other,02/2022,18,12.4,2025-04-12
Census Tract,12031013723,Other,03/2022,13,8,2025-04-12
Census Tract,12031013723,Other,04/2022,14,8.2,2025-04-12
Census Tract,12031013723,Other,05/2022,6,11.2,2025-04-12
Census Tract,12031013723,Other,06/2022,17,12.4,2025-04-12
Census Tract,12031013723,Other,07/2022,9,12.2,2025-04-12
Census Tract,12031013723,Other,08/2022,32,12.6,2025-04-12
Census Tract,12031013723,Other,09/2022,12,12.2,2025-04-12
Census Tract,12031013723,Other,10/2022,20,12,2025-04-12
Census Tract,12031013723,Other,11/2022,6,8.4,2025-04-12
Census Tract,12031013723,Other,12/2022,17,11.8,2025-04-12
Census Tract,12031013723,Other,01/2023,18,13.4,2025-04-12
Census Tract,12031013723,Other,02/2023,15,12.4,2025-04-12
Census Tract,12031013723,Other,03/2023,20,8,2025-04-12
Census Tract,12031013723,Other,04/2023,19,8.2,2025-04-12
Census Tract,12031013723,Other,05/2023,13,11.2,2025-04-12
Census Tract,12031013723,Other,06/2023,11,12.4,2025-04-12
Census Tract,12031013723,Other,07/2023,15,12.2,2025-04-12
Census Tract,12031013723,Other,08/2023,16,12.6,2025-04-12
Census Tract,12031013723,Other,09/2023,17,12.2,2025-04-12
Census Tract,12031013723,Other,10/2023,14,12,2025-04-12
Census Tract,12031013723,Other,11/2023,18,8.4,2025-04-12
Census Tract,12031013723,Other,12/2023,10,11.8,2025-04-12
Census Tract,12031013723,Other,01/2024,16,13.4,2025-04-12
Census Tract,12031013723,Other,02/2024,19,12.8,2025-04-12
Census Tract,12031013723,Other,03/2024,10,8,2025-04-12
Census Tract,12031013723,Other,04/2024,14,8.2,2025-04-12
Census Tract,12031013723,Other,05/2024,17,11.2,2025-04-12
Census Tract,12031013723,Other,06/2024,12,12.4,2025-04-12
Census Tract,12031013723,Other,07/2024,13,12.2,2025-04-12
Census Tract,12031013723,Other,08/2024,20,12.6,2025-04-12
Census Tract,12031013723,Other,09/2024,25,12.2,2025-04-12
Census Tract,12031013723,Other,10/2024,19,12,2025-04-12
Census Tract,12031013723,Other,11/2024,21,8.4,2025-04-12
Census Tract,12031013723,Other,12/2024,26,11.8,2025-04-12
Census Tract,12031013723,Other,01/2025,25,13.4,2025-04-12
Census Tract,12031013723,Other,02/2025,16,12.4,2025-04-12
Census Tract,12031013723,Other,03/2025,20,8,2025-04-12
Census Tract,12031013723,Other,04/2025,0,3,2025-04-12
Census Tract,12031013728,White,01/2020,2,3.4,2025-04-12
Census Tract,12031013728,White,02/2020,2,1.4,2025-04-12
Census Tract,12031013728,White,03/2020,1,1.6,2025-04-12
Census Tract,12031013728,White,04/2020,0,2.8,2025-04-12
Census Tract,12031013728,White,05/2020,0,1.8,2025-04-12
Census Tract,12031013728,White,06/2020,0,2.8,2025-04-12
Census Tract,12031013728,White,07/2020,0,1.8,2025-04-12
Census Tract,12031013728,White,08/2020,3,2,2025-04-12
Census Tract,12031013728,White,09/2020,1,2,2025-04-12
Census Tract,12031013728,White,10/2020,1,2.4,2025-04-12
Census Tract,12031013728,White,11/2020,3,2.6,2025-04-12
Census Tract,12031013728,White,12/2020,0,2.4,2025-04-12
Census Tract,12031013728,White,01/2021,1,3.4,2025-04-12
Census Tract,12031013728,White,02/2021,1,1.4,2025-04-12
Census Tract,12031013728,White,03/2021,0,1.6,2025-04-12
Census Tract,12031013728,White,04/2021,3,2.8,2025-04-12
Census Tract,12031013728,White,05/2021,3,1.8,2025-04-12
Census Tract,12031013728,White,06/2021,1,2.8,2025-04-12
Census Tract,12031013728,White,07/2021,1,1.8,2025-04-12
Census Tract,12031013728,White,08/2021,1,2,2025-04-12
Census Tract,12031013728,White,09/2021,1,2,2025-04-12
Census Tract,12031013728,White,10/2021,1,2.4,2025-04-12
Census Tract,12031013728,White,11/2021,2,2.6,2025-04-12
Census Tract,12031013728,White,12/2021,1,2.4,2025-04-12
Census Tract,12031013728,White,01/2022,1,3.4,2025-04-12
Census Tract,12031013728,White,02/2022,2,1.4,2025-04-12
Census Tract,12031013728,White,03/2022,2,1.6,2025-04-12
Census Tract,12031013728,White,04/2022,0,2.8,2025-04-12
Census Tract,12031013728,White,05/2022,6,1.8,2025-04-12
Census Tract,12031013728,White,06/2022,3,2.8,2025-04-12
Census Tract,12031013728,White,07/2022,2,1.8,2025-04-12
Census Tract,12031013728,White,08/2022,3,2,2025-04-12
Census Tract,12031013728,White,09/2022,3,2,2025-04-12
Census Tract,12031013728,White,10/2022,0,2.4,2025-04-12
Census Tract,12031013728,White,11/2022,1,2.6,2025-04-12
Census Tract,12031013728,White,12/2022,1,2.4,2025-04-12
Census Tract,12031013728,White,01/2023,6,3.4,2025-04-12
Census Tract,12031013728,White,02/2023,6,1.4,2025-04-12
Census Tract,12031013728,White,03/2023,5,1.6,2025-04-12
Census Tract,12031013728,White,04/2023,9,2.8,2025-04-12
Census Tract,12031013728,White,05/2023,9,1.8,2025-04-12
Census Tract,12031013728,White,06/2023,15,2.8,2025-04-12
Census Tract,12031013728,White,07/2023,0,1.8,2025-04-12
Census Tract,12031013728,White,08/2023,17,2,2025-04-12
Census Tract,12031013728,White,09/2023,3,2,2025-04-12
Census Tract,12031013728,White,10/2023,5,2.4,2025-04-12
Census Tract,12031013728,White,11/2023,3,2.6,2025-04-12
Census Tract,12031013728,White,12/2023,4,2.4,2025-04-12
Census Tract,12031013728,White,01/2024,2,3.4,2025-04-12
Census Tract,12031013728,White,02/2024,4,1.4,2025-04-12
Census Tract,12031013728,White,03/2024,4,1.6,2025-04-12
Census Tract,12031013728,White,04/2024,2,2.8,2025-04-12
Census Tract,12031013728,White,05/2024,4,1.8,2025-04-12
Census Tract,12031013728,White,06/2024,6,2.8,2025-04-12
Census Tract,12031013728,White,07/2024,3,1.8,2025-04-12
Census Tract,12031013728,White,08/2024,1,2,2025-04-12
Census Tract,12031013728,White,09/2024,6,2,2025-04-12
Census Tract,12031013728,White,10/2024,3,2.4,2025-04-12
Census Tract,12031013728,White,11/2024,7,2.6,2025-04-12
Census Tract,12031013728,White,12/2024,4,2.4,2025-04-12
Census Tract,12031013728,White,01/2025,7,3.4,2025-04-12
Census Tract,12031013728,White,02/2025,6,1.4,2025-04-12
Census Tract,12031013728,White,03/2025,4,1.6,2025-04-12
Census Tract,12031013728,White,04/2025,0,1,2025-04-12
Census Tract,12031013729,White,01/2020,5,1.4,2025-04-12
Census Tract,12031013729,White,02/2020,1,1,2025-04-12
Census Tract,12031013729,White,03/2020,0,1.4,2025-04-12
Census Tract,12031013729,White,04/2020,0,1,2025-04-12
Census Tract,12031013729,White,05/2020,0,1.2,2025-04-12
Census Tract,12031013729,White,06/2020,0,3.6,2025-04-12
Census Tract,12031013729,White,07/2020,0,2.2,2025-04-12
Census Tract,12031013729,White,08/2020,0,1.4,2025-04-12
Census Tract,12031013729,White,09/2020,3,1.8,2025-04-12
Census Tract,12031013729,White,10/2020,1,1.6,2025-04-12
Census Tract,12031013729,White,11/2020,2,0.8,2025-04-12
Census Tract,12031013729,White,12/2020,2,2,2025-04-12
Census Tract,12031013729,White,01/2021,2,1.4,2025-04-12
Census Tract,12031013729,White,02/2021,2,1,2025-04-12
Census Tract,12031013729,White,03/2021,1,1.4,2025-04-12
Census Tract,12031013729,White,04/2021,0,1,2025-04-12
Census Tract,12031013729,White,05/2021,4,1.2,2025-04-12
Census Tract,12031013729,White,06/2021,2,3.6,2025-04-12
Census Tract,12031013729,White,07/2021,0,2.2,2025-04-12
Census Tract,12031013729,White,08/2021,2,1.4,2025-04-12
Census Tract,12031013729,White,09/2021,2,1.8,2025-04-12
Census Tract,12031013729,White,10/2021,2,1.6,2025-04-12
Census Tract,12031013729,White,11/2021,1,0.8,2025-04-12
Census Tract,12031013729,White,12/2021,2,2,2025-04-12
Census Tract,12031013729,White,01/2022,0,1.4,2025-04-12
Census Tract,12031013729,White,02/2022,1,1,2025-04-12
Census Tract,12031013729,White,03/2022,3,1.4,2025-04-12
Census Tract,12031013729,White,04/2022,4,1,2025-04-12
Census Tract,12031013729,White,05/2022,2,1.2,2025-04-12
Census Tract,12031013729,White,06/2022,3,3.6,2025-04-12
Census Tract,12031013729,White,07/2022,5,2.2,2025-04-12
Census Tract,12031013729,White,08/2022,3,1.4,2025-04-12
Census Tract,12031013729,White,09/2022,1,1.8,2025-04-12
Census Tract,12031013729,White,10/2022,5,1.6,2025-04-12
Census Tract,12031013729,White,11/2022,2,0.8,2025-04-12
Census Tract,12031013729,White,12/2022,1,2,2025-04-12
Census Tract,12031013729,White,01/2023,0,1.4,2025-04-12
Census Tract,12031013729,White,02/2023,0,1,2025-04-12
Census Tract,12031013729,White,03/2023,0,1.4,2025-04-12
Census Tract,12031013729,White,04/2023,2,1,2025-04-12
Census Tract,12031013729,White,05/2023,3,1.2,2025-04-12
Census Tract,12031013729,White,06/2023,2,3.6,2025-04-12
Census Tract,12031013729,White,07/2023,3,2.2,2025-04-12
Census Tract,12031013729,White,08/2023,2,1.4,2025-04-12
Census Tract,12031013729,White,09/2023,1,1.8,2025-04-12
Census Tract,12031013729,White,10/2023,2,1.6,2025-04-12
Census Tract,12031013729,White,11/2023,9,0.8,2025-04-12
Census Tract,12031013729,White,12/2023,1,2,2025-04-12
Census Tract,12031013729,White,01/2024,7,1.4,2025-04-12
Census Tract,12031013729,White,02/2024,2,1,2025-04-12
Census Tract,12031013729,White,03/2024,2,1.4,2025-04-12
Census Tract,12031013729,White,04/2024,0,1,2025-04-12
Census Tract,12031013729,White,05/2024,4,1.2,2025-04-12
Census Tract,12031013729,White,06/2024,5,3.6,2025-04-12
Census Tract,12031013729,White,07/2024,4,2.2,2025-04-12
Census Tract,12031013729,White,08/2024,2,1.4,2025-04-12
Census Tract,12031013729,White,09/2024,3,1.8,2025-04-12
Census Tract,12031013729,White,10/2024,2,1.6,2025-04-12
Census Tract,12031013729,White,11/2024,2,0.8,2025-04-12
Census Tract,12031013729,White,12/2024,4,2,2025-04-12
Census Tract,12031013729,White,01/2025,3,1.4,2025-04-12
Census Tract,12031013729,White,02/2025,2,1,2025-04-12
Census Tract,12031013729,White,03/2025,4,1.4,2025-04-12
Census Tract,12031013729,White,04/2025,1,0.4,2025-04-12
Census Tract,12031013730,Other,01/2020,0,1,2025-04-12
Census Tract,12031013730,Other,02/2020,0,1.2,2025-04-12
Census Tract,12031013730,Other,03/2020,0,0.6,2025-04-12
Census Tract,12031013730,Other,04/2020,0,0.4,2025-04-12
Census Tract,12031013730,Other,05/2020,0,1,2025-04-12
Census Tract,12031013730,Other,06/2020,0,0.6,2025-04-12
Census Tract,12031013730,Other,07/2020,0,0.2,2025-04-12
Census Tract,12031013730,Other,08/2020,1,0.6,2025-04-12
Census Tract,12031013730,Other,09/2020,0,0.6,2025-04-12
Census Tract,12031013730,Other,10/2020,1,0.6,2025-04-12
Census Tract,12031013730,Other,11/2020,0,0.8,2025-04-12
Census Tract,12031013730,Other,12/2020,0,0.6,2025-04-12
Census Tract,12031013730,Other,01/2021,1,1,2025-04-12
Census Tract,12031013730,Other,02/2021,0,1.2,2025-04-12
Census Tract,12031013730,Other,03/2021,0,0.6,2025-04-12
Census Tract,12031013730,Other,04/2021,0,0.4,2025-04-12
Census Tract,12031013730,Other,05/2021,0,1,2025-04-12
Census Tract,12031013730,Other,06/2021,0,0.6,2025-04-12
Census Tract,12031013730,Other,07/2021,1,0.2,2025-04-12
Census Tract,12031013730,Other,08/2021,0,0.6,2025-04-12
Census Tract,12031013730,Other,09/2021,1,0.6,2025-04-12
Census Tract,12031013730,Other,10/2021,0,0.6,2025-04-12
Census Tract,12031013730,Other,11/2021,0,0.8,2025-04-12
Census Tract,12031013730,Other,12/2021,0,0.6,2025-04-12
Census Tract,12031013730,Other,01/2022,0,1,2025-04-12
Census Tract,12031013730,Other,02/2022,0,1.2,2025-04-12
Census Tract,12031013730,Other,03/2022,1,0.6,2025-04-12
Census Tract,12031013730,Other,04/2022,0,0.4,2025-04-12
Census Tract,12031013730,Other,05/2022,1,1,2025-04-12
Census Tract,12031013730,Other,06/2022,0,0.6,2025-04-12
Census Tract,12031013730,Other,07/2022,1,0.2,2025-04-12
Census Tract,12031013730,Other,08/2022,0,0.6,2025-04-12
Census Tract,12031013730,Other,09/2022,0,0.6,2025-04-12
Census Tract,12031013730,Other,10/2022,0,0.6,2025-04-12
Census Tract,12031013730,Other,11/2022,0,0.8,2025-04-12
Census Tract,12031013730,Other,12/2022,0,0.6,2025-04-12
Census Tract,12031013730,Other,01/2023,1,1,2025-04-12
Census Tract,12031013730,Other,02/2023,1,1.2,2025-04-12
Census Tract,12031013730,Other,03/2023,0,0.6,2025-04-12
Census Tract,12031013730,Other,04/2023,0,0.4,2025-04-12
Census Tract,12031013730,Other,05/2023,0,1,2025-04-12
Census Tract,12031013730,Other,06/2023,1,0.6,2025-04-12
Census Tract,12031013730,Other,07/2023,0,0.2,2025-04-12
Census Tract,12031013730,Other,08/2023,5,0.6,2025-04-12
Census Tract,12031013730,Other,09/2023,2,0.6,2025-04-12
Census Tract,12031013730,Other,10/2023,0,0.6,2025-04-12
Census Tract,12031013730,Other,11/2023,1,0.8,2025-04-12
Census Tract,12031013730,Other,12/2023,1,0.6,2025-04-12
Census Tract,12031013730,Other,01/2024,4,1,2025-04-12
Census Tract,12031013730,Other,02/2024,1,1.2,2025-04-12
Census Tract,12031013730,Other,03/2024,0,0.6,2025-04-12
Census Tract,12031013730,Other,04/2024,1,0.4,2025-04-12
Census Tract,12031013730,Other,05/2024,0,1,2025-04-12
Census Tract,12031013730,Other,06/2024,4,0.6,2025-04-12
Census Tract,12031013730,Other,07/2024,1,0.2,2025-04-12
Census Tract,12031013730,Other,08/2024,5,0.6,2025-04-12
Census Tract,12031013730,Other,09/2024,2,0.6,2025-04-12
Census Tract,12031013730,Other,10/2024,0,0.6,2025-04-12
Census Tract,12031013730,Other,11/2024,1,0.8,2025-04-12
Census Tract,12031013730,Other,12/2024,0,0.6,2025-04-12
Census Tract,12031013730,Other,01/2025,3,1,2025-04-12
Census Tract,12031013730,Other,02/2025,5,1.2,2025-04-12
Census Tract,12031013730,Other,03/2025,1,0.6,2025-04-12
Census Tract,12031013730,Other,04/2025,0,0.2,2025-04-12
Census Tract,12031013731,White,01/2020,2,1.2,2025-04-12
Census Tract,12031013731,White,02/2020,0,0.2,2025-04-12
Census Tract,12031013731,White,03/2020,0,0.4,2025-04-12
Census Tract,12031013731,White,04/2020,0,0.6,2025-04-12
Census Tract,12031013731,White,05/2020,0,1,2025-04-12
Census Tract,12031013731,White,06/2020,0,1,2025-04-12
Census Tract,12031013731,White,07/2020,0,1.6,2025-04-12
Census Tract,12031013731,White,08/2020,2,0.8,2025-04-12
Census Tract,12031013731,White,09/2020,0,1.4,2025-04-12
Census Tract,12031013731,White,10/2020,1,0.2,2025-04-12
Census Tract,12031013731,White,11/2020,1,0.8,2025-04-12
Census Tract,12031013731,White,12/2020,1,0.4,2025-04-12
Census Tract,12031013731,White,01/2021,0,1.2,2025-04-12
Census Tract,12031013731,White,02/2021,2,0.2,2025-04-12
Census Tract,12031013731,White,03/2021,2,0.4,2025-04-12
Census Tract,12031013731,White,04/2021,0,0.6,2025-04-12
Census Tract,12031013731,White,05/2021,1,1,2025-04-12
Census Tract,12031013731,White,06/2021,0,1,2025-04-12
Census Tract,12031013731,White,07/2021,2,1.6,2025-04-12
Census Tract,12031013731,White,08/2021,1,0.8,2025-04-12
Census Tract,12031013731,White,09/2021,0,1.4,2025-04-12
Census Tract,12031013731,White,10/2021,0,0.2,2025-04-12
Census Tract,12031013731,White,11/2021,1,0.8,2025-04-12
Census Tract,12031013731,White,12/2021,0,0.4,2025-04-12
Census Tract,12031013731,White,01/2022,1,1.2,2025-04-12
Census Tract,12031013731,White,02/2022,0,0.2,2025-04-12
Census Tract,12031013731,White,03/2022,1,0.4,2025-04-12
Census Tract,12031013731,White,04/2022,1,0.6,2025-04-12
Census Tract,12031013731,White,05/2022,0,1,2025-04-12
Census Tract,12031013731,White,06/2022,0,1,2025-04-12
Census Tract,12031013731,White,07/2022,3,1.6,2025-04-12
Census Tract,12031013731,White,08/2022,1,0.8,2025-04-12
Census Tract,12031013731,White,09/2022,3,1.4,2025-04-12
Census Tract,12031013731,White,10/2022,5,0.2,2025-04-12
Census Tract,12031013731,White,11/2022,1,0.8,2025-04-12
Census Tract,12031013731,White,12/2022,2,0.4,2025-04-12
Census Tract,12031013731,White,01/2023,1,1.2,2025-04-12
Census Tract,12031013731,White,02/2023,6,0.2,2025-04-12
Census Tract,12031013731,White,03/2023,2,0.4,2025-04-12
Census Tract,12031013731,White,04/2023,4,0.6,2025-04-12
Census Tract,12031013731,White,05/2023,0,1,2025-04-12
Census Tract,12031013731,White,06/2023,3,1,2025-04-12
Census Tract,12031013731,White,07/2023,0,1.6,2025-04-12
Census Tract,12031013731,White,08/2023,5,0.8,2025-04-12
Census Tract,12031013731,White,09/2023,3,1.4,2025-04-12
Census Tract,12031013731,White,10/2023,1,0.2,2025-04-12
Census Tract,12031013731,White,11/2023,1,0.8,2025-04-12
Census Tract,12031013731,White,12/2023,5,0.4,2025-04-12
Census Tract,12031013731,White,01/2024,4,1.2,2025-04-12
Census Tract,12031013731,White,02/2024,0,0.2,2025-04-12
Census Tract,12031013731,White,03/2024,1,0.4,2025-04-12
Census Tract,12031013731,White,04/2024,5,0.6,2025-04-12
Census Tract,12031013731,White,05/2024,5,1,2025-04-12
Census Tract,12031013731,White,06/2024,1,1,2025-04-12
Census Tract,12031013731,White,07/2024,2,1.6,2025-04-12
Census Tract,12031013731,White,08/2024,2,0.8,2025-04-12
Census Tract,12031013731,White,09/2024,0,1.4,2025-04-12
Census Tract,12031013731,White,10/2024,2,0.2,2025-04-12
Census Tract,12031013731,White,11/2024,2,0.8,2025-04-12
Census Tract,12031013731,White,12/2024,4,0.4,2025-04-12
Census Tract,12031013731,White,01/2025,2,1.2,2025-04-12
Census Tract,12031013731,White,02/2025,2,0.2,2025-04-12
Census Tract,12031013731,White,03/2025,1,0.4,2025-04-12
Census Tract,12031013731,White,04/2025,0,0.4,2025-04-12
Census Tract,12031013732,Other,01/2020,13,12.6,2025-04-12
Census Tract,12031013732,Other,02/2020,5,6,2025-04-12
Census Tract,12031013732,Other,03/2020,2,8.2,2025-04-12
Census Tract,12031013732,Other,04/2020,1,9.4,2025-04-12
Census Tract,12031013732,Other,05/2020,0,11.8,2025-04-12
Census Tract,12031013732,Other,06/2020,0,12.6,2025-04-12
Census Tract,12031013732,Other,07/2020,0,15,2025-04-12
Census Tract,12031013732,Other,08/2020,7,17.2,2025-04-12
Census Tract,12031013732,Other,09/2020,7,13,2025-04-12
Census Tract,12031013732,Other,10/2020,3,11.8,2025-04-12
Census Tract,12031013732,Other,11/2020,8,8,2025-04-12
Census Tract,12031013732,Other,12/2020,13,10.2,2025-04-12
Census Tract,12031013732,Other,01/2021,11,12.6,2025-04-12
Census Tract,12031013732,Other,02/2021,10,6,2025-04-12
Census Tract,12031013732,Other,03/2021,7,8.2,2025-04-12
Census Tract,12031013732,Other,04/2021,5,9.4,2025-04-12
Census Tract,12031013732,Other,05/2021,5,11.8,2025-04-12
Census Tract,12031013732,Other,06/2021,14,12.6,2025-04-12
Census Tract,12031013732,Other,07/2021,14,15,2025-04-12
Census Tract,12031013732,Other,08/2021,8,17.2,2025-04-12
Census Tract,12031013732,Other,09/2021,9,13,2025-04-12
Census Tract,12031013732,Other,10/2021,6,11.8,2025-04-12
Census Tract,12031013732,Other,11/2021,8,8,2025-04-12
Census Tract,12031013732,Other,12/2021,1,10.2,2025-04-12
Census Tract,12031013732,Other,01/2022,15,12.6,2025-04-12
Census Tract,12031013732,Other,02/2022,3,6,2025-04-12
Census Tract,12031013732,Other,03/2022,6,8.2,2025-04-12
Census Tract,12031013732,Other,04/2022,6,9.4,2025-04-12
Census Tract,12031013732,Other,05/2022,12,11.8,2025-04-12
Census Tract,12031013732,Other,06/2022,17,12.6,2025-04-12
Census Tract,12031013732,Other,07/2022,15,15,2025-04-12
Census Tract,12031013732,Other,08/2022,13,17.2,2025-04-12
Census Tract,12031013732,Other,09/2022,13,13,2025-04-12
Census Tract,12031013732,Other,10/2022,21,11.8,2025-04-12
Census Tract,12031013732,Other,11/2022,30,8,2025-04-12
Census Tract,12031013732,Other,12/2022,13,10.2,2025-04-12
Census Tract,12031013732,Other,01/2023,13,12.6,2025-04-12
Census Tract,12031013732,Other,02/2023,27,6,2025-04-12
Census Tract,12031013732,Other,03/2023,12,8.2,2025-04-12
Census Tract,12031013732,Other,04/2023,7,9.4,2025-04-12
Census Tract,12031013732,Other,05/2023,12,11.8,2025-04-12
Census Tract,12031013732,Other,06/2023,9,12.6,2025-04-12
Census Tract,12031013732,Other,07/2023,12,15,2025-04-12
Census Tract,12031013732,Other,08/2023,18,17.2,2025-04-12
Census Tract,12031013732,Other,09/2023,26,13,2025-04-12
Census Tract,12031013732,Other,10/2023,28,11.8,2025-04-12
Census Tract,12031013732,Other,11/2023,12,8,2025-04-12
Census Tract,12031013732,Other,12/2023,19,10.2,2025-04-12
Census Tract,12031013732,Other,01/2024,23,12.6,2025-04-12
Census Tract,12031013732,Other,02/2024,22,6,2025-04-12
Census Tract,12031013732,Other,03/2024,13,8.2,2025-04-12
Census Tract,12031013732,Other,04/2024,16,9.4,2025-04-12
Census Tract,12031013732,Other,05/2024,7,11.8,2025-04-12
Census Tract,12031013732,Other,06/2024,15,12.6,2025-04-12
Census Tract,12031013732,Other,07/2024,15,15,2025-04-12
Census Tract,12031013732,Other,08/2024,16,17.2,2025-04-12
Census Tract,12031013732,Other,09/2024,19,13,2025-04-12
Census Tract,12031013732,Other,10/2024,18,11.8,2025-04-12
Census Tract,12031013732,Other,11/2024,10,8,2025-04-12
Census Tract,12031013732,Other,12/2024,11,10.2,2025-04-12
Census Tract,12031013732,Other,01/2025,26,12.6,2025-04-12
Census Tract,12031013732,Other,02/2025,26,6,2025-04-12
Census Tract,12031013732,Other,03/2025,7,8.2,2025-04-12
Census Tract,12031013732,Other,04/2025,1,1.6,2025-04-12
Census Tract,12031013733,Other,01/2020,2,4,2025-04-12
Census Tract,12031013733,Other,02/2020,7,2.6,2025-04-12
Census Tract,12031013733,Other,03/2020,2,2.6,2025-04-12
Census Tract,12031013733,Other,04/2020,0,2.8,2025-04-12
Census Tract,12031013733,Other,05/2020,0,2.8,2025-04-12
Census Tract,12031013733,Other,06/2020,0,3.2,2025-04-12
Census Tract,12031013733,Other,07/2020,1,1.6,2025-04-12
Census Tract,12031013733,Other,08/2020,1,3,2025-04-12
Census Tract,12031013733,Other,09/2020,2,2.2,2025-04-12
Census Tract,12031013733,Other,10/2020,1,2.8,2025-04-12
Census Tract,12031013733,Other,11/2020,1,2,2025-04-12
Census Tract,12031013733,Other,12/2020,2,3,2025-04-12
Census Tract,12031013733,Other,01/2021,3,4,2025-04-12
Census Tract,12031013733,Other,02/2021,1,2.6,2025-04-12
Census Tract,12031013733,Other,03/2021,3,2.6,2025-04-12
Census Tract,12031013733,Other,04/2021,2,2.8,2025-04-12
Census Tract,12031013733,Other,05/2021,2,2.8,2025-04-12
Census Tract,12031013733,Other,06/2021,1,3.2,2025-04-12
Census Tract,12031013733,Other,07/2021,2,1.6,2025-04-12
Census Tract,12031013733,Other,08/2021,0,3,2025-04-12
Census Tract,12031013733,Other,09/2021,2,2.2,2025-04-12
Census Tract,12031013733,Other,10/2021,1,2.8,2025-04-12
Census Tract,12031013733,Other,11/2021,2,2,2025-04-12
Census Tract,12031013733,Other,12/2021,4,3,2025-04-12
Census Tract,12031013733,Other,01/2022,0,4,2025-04-12
Census Tract,12031013733,Other,02/2022,1,2.6,2025-04-12
Census Tract,12031013733,Other,03/2022,0,2.6,2025-04-12
Census Tract,12031013733,Other,04/2022,4,2.8,2025-04-12
Census Tract,12031013733,Other,05/2022,3,2.8,2025-04-12
Census Tract,12031013733,Other,06/2022,2,3.2,2025-04-12
Census Tract,12031013733,Other,07/2022,5,1.6,2025-04-12
Census Tract,12031013733,Other,08/2022,4,3,2025-04-12
Census Tract,12031013733,Other,09/2022,1,2.2,2025-04-12
Census Tract,12031013733,Other,10/2022,3,2.8,2025-04-12
Census Tract,12031013733,Other,11/2022,1,2,2025-04-12
Census Tract,12031013733,Other,12/2022,2,3,2025-04-12
Census Tract,12031013733,Other,01/2023,4,4,2025-04-12
Census Tract,12031013733,Other,02/2023,10,2.6,2025-04-12
Census Tract,12031013733,Other,03/2023,4,2.6,2025-04-12
Census Tract,12031013733,Other,04/2023,3,2.8,2025-04-12
Census Tract,12031013733,Other,05/2023,8,2.8,2025-04-12
Census Tract,12031013733,Other,06/2023,5,3.2,2025-04-12
Census Tract,12031013733,Other,07/2023,7,1.6,2025-04-12
Census Tract,12031013733,Other,08/2023,4,3,2025-04-12
Census Tract,12031013733,Other,09/2023,4,2.2,2025-04-12
Census Tract,12031013733,Other,10/2023,7,2.8,2025-04-12
Census Tract,12031013733,Other,11/2023,8,2,2025-04-12
Census Tract,12031013733,Other,12/2023,6,3,2025-04-12
Census Tract,12031013733,Other,01/2024,7,4,2025-04-12
Census Tract,12031013733,Other,02/2024,9,2.6,2025-04-12
Census Tract,12031013733,Other,03/2024,8,2.6,2025-04-12
Census Tract,12031013733,Other,04/2024,5,2.8,2025-04-12
Census Tract,12031013733,Other,05/2024,4,2.8,2025-04-12
Census Tract,12031013733,Other,06/2024,8,3.2,2025-04-12
Census Tract,12031013733,Other,07/2024,11,1.6,2025-04-12
Census Tract,12031013733,Other,08/2024,13,3,2025-04-12
Census Tract,12031013733,Other,09/2024,8,2.2,2025-04-12
Census Tract,12031013733,Other,10/2024,3,2.8,2025-04-12
Census Tract,12031013733,Other,11/2024,6,2,2025-04-12
Census Tract,12031013733,Other,12/2024,9,3,2025-04-12
Census Tract,12031013733,Other,01/2025,4,4,2025-04-12
Census Tract,12031013733,Other,02/2025,12,2.6,2025-04-12
Census Tract,12031013733,Other,03/2025,6,2.6,2025-04-12
Census Tract,12031013733,Other,04/2025,1,0.6,2025-04-12
Census Tract,12031013800,White,01/2020,0,0.4,2025-04-12
Census Tract,12031013800,White,02/2020,1,0,2025-04-12
Census Tract,12031013800,White,03/2020,0,0,2025-04-12
Census Tract,12031013800,White,04/2020,0,0,2025-04-12
Census Tract,12031013800,White,05/2020,0,0,2025-04-12
Census Tract,12031013800,White,06/2020,0,0,2025-04-12
Census Tract,12031013800,White,07/2020,0,0.4,2025-04-12
Census Tract,12031013800,White,08/2020,1,0,2025-04-12
Census Tract,12031013800,White,09/2020,0,0,2025-04-12
Census Tract,12031013800,White,10/2020,0,0,2025-04-12
Census Tract,12031013800,White,11/2020,0,0.4,2025-04-12
Census Tract,12031013800,White,12/2020,1,0,2025-04-12
Census Tract,12031013800,White,01/2021,0,0.4,2025-04-12
Census Tract,12031013800,White,02/2021,0,0,2025-04-12
Census Tract,12031013800,White,03/2021,0,0,2025-04-12
Census Tract,12031013800,White,04/2021,0,0,2025-04-12
Census Tract,12031013800,White,05/2021,0,0,2025-04-12
Census Tract,12031013800,White,06/2021,0,0,2025-04-12
Census Tract,12031013800,White,07/2021,1,0.4,2025-04-12
Census Tract,12031013800,White,08/2021,0,0,2025-04-12
Census Tract,12031013800,White,09/2021,1,0,2025-04-12
Census Tract,12031013800,White,10/2021,2,0,2025-04-12
Census Tract,12031013800,White,11/2021,0,0.4,2025-04-12
Census Tract,12031013800,White,12/2021,0,0,2025-04-12
Census Tract,12031013800,White,01/2022,1,0.4,2025-04-12
Census Tract,12031013800,White,02/2022,1,0,2025-04-12
Census Tract,12031013800,White,03/2022,0,0,2025-04-12
Census Tract,12031013800,White,04/2022,1,0,2025-04-12
Census Tract,12031013800,White,05/2022,0,0,2025-04-12
Census Tract,12031013800,White,06/2022,0,0,2025-04-12
Census Tract,12031013800,White,07/2022,0,0.4,2025-04-12
Census Tract,12031013800,White,08/2022,2,0,2025-04-12
Census Tract,12031013800,White,09/2022,0,0,2025-04-12
Census Tract,12031013800,White,10/2022,0,0,2025-04-12
Census Tract,12031013800,White,11/2022,0,0.4,2025-04-12
Census Tract,12031013800,White,12/2022,0,0,2025-04-12
Census Tract,12031013800,White,01/2023,0,0.4,2025-04-12
Census Tract,12031013800,White,02/2023,0,0,2025-04-12
Census Tract,12031013800,White,03/2023,0,0,2025-04-12
Census Tract,12031013800,White,04/2023,0,0,2025-04-12
Census Tract,12031013800,White,05/2023,0,0,2025-04-12
Census Tract,12031013800,White,06/2023,0,0,2025-04-12
Census Tract,12031013800,White,07/2023,0,0.4,2025-04-12
Census Tract,12031013800,White,08/2023,0,0,2025-04-12
Census Tract,12031013800,White,09/2023,0,0,2025-04-12
Census Tract,12031013800,White,10/2023,0,0,2025-04-12
Census Tract,12031013800,White,11/2023,0,0.4,2025-04-12
Census Tract,12031013800,White,12/2023,0,0,2025-04-12
Census Tract,12031013800,White,01/2024,0,0.4,2025-04-12
Census Tract,12031013800,White,02/2024,0,0,2025-04-12
Census Tract,12031013800,White,03/2024,1,0,2025-04-12
Census Tract,12031013800,White,04/2024,1,0,2025-04-12
Census Tract,12031013800,White,05/2024,0,0,2025-04-12
Census Tract,12031013800,White,06/2024,0,0,2025-04-12
Census Tract,12031013800,White,07/2024,0,0.4,2025-04-12
Census Tract,12031013800,White,08/2024,0,0,2025-04-12
Census Tract,12031013800,White,09/2024,0,0,2025-04-12
Census Tract,12031013800,White,10/2024,0,0,2025-04-12
Census Tract,12031013800,White,11/2024,0,0.4,2025-04-12
Census Tract,12031013800,White,12/2024,0,0,2025-04-12
Census Tract,12031013800,White,01/2025,0,0.4,2025-04-12
Census Tract,12031013800,White,02/2025,0,0,2025-04-12
Census Tract,12031013800,White,03/2025,1,0,2025-04-12
Census Tract,12031013800,White,04/2025,0,0,2025-04-12
Census Tract,12031013901,White,01/2020,3,4.4,2025-04-12
Census Tract,12031013901,White,02/2020,2,2,2025-04-12
Census Tract,12031013901,White,03/2020,3,2,2025-04-12
Census Tract,12031013901,White,04/2020,0,1.6,2025-04-12
Census Tract,12031013901,White,05/2020,0,3,2025-04-12
Census Tract,12031013901,White,06/2020,0,4,2025-04-12
Census Tract,12031013901,White,07/2020,0,3.2,2025-04-12
Census Tract,12031013901,White,08/2020,0,3.8,2025-04-12
Census Tract,12031013901,White,09/2020,4,3.2,2025-04-12
Census Tract,12031013901,White,10/2020,0,2.6,2025-04-12
Census Tract,12031013901,White,11/2020,0,4.2,2025-04-12
Census Tract,12031013901,White,12/2020,0,3.2,2025-04-12
Census Tract,12031013901,White,01/2021,3,4.4,2025-04-12
Census Tract,12031013901,White,02/2021,2,1.8,2025-04-12
Census Tract,12031013901,White,03/2021,1,2,2025-04-12
Census Tract,12031013901,White,04/2021,4,1.6,2025-04-12
Census Tract,12031013901,White,05/2021,2,3,2025-04-12
Census Tract,12031013901,White,06/2021,5,4,2025-04-12
Census Tract,12031013901,White,07/2021,13,3.2,2025-04-12
Census Tract,12031013901,White,08/2021,2,3.8,2025-04-12
Census Tract,12031013901,White,09/2021,1,3.2,2025-04-12
Census Tract,12031013901,White,10/2021,4,2.6,2025-04-12
Census Tract,12031013901,White,11/2021,0,4.2,2025-04-12
Census Tract,12031013901,White,12/2021,0,3.2,2025-04-12
Census Tract,12031013901,White,01/2022,7,4.4,2025-04-12
Census Tract,12031013901,White,02/2022,2,1.8,2025-04-12
Census Tract,12031013901,White,03/2022,1,2,2025-04-12
Census Tract,12031013901,White,04/2022,4,1.6,2025-04-12
Census Tract,12031013901,White,05/2022,1,3,2025-04-12
Census Tract,12031013901,White,06/2022,1,4,2025-04-12
Census Tract,12031013901,White,07/2022,2,3.2,2025-04-12
Census Tract,12031013901,White,08/2022,6,3.8,2025-04-12
Census Tract,12031013901,White,09/2022,4,3.2,2025-04-12
Census Tract,12031013901,White,10/2022,5,2.6,2025-04-12
Census Tract,12031013901,White,11/2022,3,4.2,2025-04-12
Census Tract,12031013901,White,12/2022,1,3.2,2025-04-12
Census Tract,12031013901,White,01/2023,1,4.4,2025-04-12
Census Tract,12031013901,White,02/2023,3,1.8,2025-04-12
Census Tract,12031013901,White,03/2023,8,2,2025-04-12
Census Tract,12031013901,White,04/2023,7,1.6,2025-04-12
Census Tract,12031013901,White,05/2023,6,3,2025-04-12
Census Tract,12031013901,White,06/2023,4,4,2025-04-12
Census Tract,12031013901,White,07/2023,7,3.2,2025-04-12
Census Tract,12031013901,White,08/2023,0,3.8,2025-04-12
Census Tract,12031013901,White,09/2023,6,3.2,2025-04-12
Census Tract,12031013901,White,10/2023,3,2.6,2025-04-12
Census Tract,12031013901,White,11/2023,1,4.2,2025-04-12
Census Tract,12031013901,White,12/2023,6,3.2,2025-04-12
Census Tract,12031013901,White,01/2024,3,4.4,2025-04-12
Census Tract,12031013901,White,02/2024,3,2,2025-04-12
Census Tract,12031013901,White,03/2024,3,2,2025-04-12
Census Tract,12031013901,White,04/2024,2,1.6,2025-04-12
Census Tract,12031013901,White,05/2024,3,3,2025-04-12
Census Tract,12031013901,White,06/2024,6,4,2025-04-12
Census Tract,12031013901,White,07/2024,4,3.2,2025-04-12
Census Tract,12031013901,White,08/2024,2,3.8,2025-04-12
Census Tract,12031013901,White,09/2024,4,3.2,2025-04-12
Census Tract,12031013901,White,10/2024,1,2.6,2025-04-12
Census Tract,12031013901,White,11/2024,5,4.2,2025-04-12
Census Tract,12031013901,White,12/2024,8,3.2,2025-04-12
Census Tract,12031013901,White,01/2025,4,4.4,2025-04-12
Census Tract,12031013901,White,02/2025,8,1.8,2025-04-12
Census Tract,12031013901,White,03/2025,4,2,2025-04-12
Census Tract,12031013901,White,04/2025,0,0.6,2025-04-12
Census Tract,12031013902,White,01/2020,6,5.8,2025-04-12
Census Tract,12031013902,White,02/2020,4,4,2025-04-12
Census Tract,12031013902,White,03/2020,4,5.2,2025-04-12
Census Tract,12031013902,White,04/2020,0,5.4,2025-04-12
Census Tract,12031013902,White,05/2020,2,4.2,2025-04-12
Census Tract,12031013902,White,06/2020,0,9,2025-04-12
Census Tract,12031013902,White,07/2020,0,7.8,2025-04-12
Census Tract,12031013902,White,08/2020,1,7.4,2025-04-12
Census Tract,12031013902,White,09/2020,1,5.6,2025-04-12
Census Tract,12031013902,White,10/2020,1,7.8,2025-04-12
Census Tract,12031013902,White,11/2020,0,5,2025-04-12
Census Tract,12031013902,White,12/2020,1,5.2,2025-04-12
Census Tract,12031013902,White,01/2021,1,5.8,2025-04-12
Census Tract,12031013902,White,02/2021,1,4,2025-04-12
Census Tract,12031013902,White,03/2021,3,5.2,2025-04-12
Census Tract,12031013902,White,04/2021,6,5.4,2025-04-12
Census Tract,12031013902,White,05/2021,2,4.2,2025-04-12
Census Tract,12031013902,White,06/2021,2,9,2025-04-12
Census Tract,12031013902,White,07/2021,4,7.8,2025-04-12
Census Tract,12031013902,White,08/2021,4,7.4,2025-04-12
Census Tract,12031013902,White,09/2021,6,5.6,2025-04-12
Census Tract,12031013902,White,10/2021,5,7.8,2025-04-12
Census Tract,12031013902,White,11/2021,1,5,2025-04-12
Census Tract,12031013902,White,12/2021,4,5.2,2025-04-12
Census Tract,12031013902,White,01/2022,6,5.8,2025-04-12
Census Tract,12031013902,White,02/2022,2,4,2025-04-12
Census Tract,12031013902,White,03/2022,4,5.2,2025-04-12
Census Tract,12031013902,White,04/2022,2,5.4,2025-04-12
Census Tract,12031013902,White,05/2022,4,4.2,2025-04-12
Census Tract,12031013902,White,06/2022,2,9,2025-04-12
Census Tract,12031013902,White,07/2022,7,7.8,2025-04-12
Census Tract,12031013902,White,08/2022,5,7.4,2025-04-12
Census Tract,12031013902,White,09/2022,1,5.6,2025-04-12
Census Tract,12031013902,White,10/2022,3,7.8,2025-04-12
Census Tract,12031013902,White,11/2022,2,5,2025-04-12
Census Tract,12031013902,White,12/2022,5,5.2,2025-04-12
Census Tract,12031013902,White,01/2023,4,5.8,2025-04-12
Census Tract,12031013902,White,02/2023,1,4,2025-04-12
Census Tract,12031013902,White,03/2023,6,5.2,2025-04-12
Census Tract,12031013902,White,04/2023,6,5.4,2025-04-12
Census Tract,12031013902,White,05/2023,3,4.2,2025-04-12
Census Tract,12031013902,White,06/2023,2,9,2025-04-12
Census Tract,12031013902,White,07/2023,2,7.8,2025-04-12
Census Tract,12031013902,White,08/2023,2,7.4,2025-04-12
Census Tract,12031013902,White,09/2023,8,5.6,2025-04-12
Census Tract,12031013902,White,10/2023,3,7.8,2025-04-12
Census Tract,12031013902,White,11/2023,2,5,2025-04-12
Census Tract,12031013902,White,12/2023,5,5.2,2025-04-12
Census Tract,12031013902,White,01/2024,5,5.8,2025-04-12
Census Tract,12031013902,White,02/2024,2,4,2025-04-12
Census Tract,12031013902,White,03/2024,3,5.2,2025-04-12
Census Tract,12031013902,White,04/2024,3,5.4,2025-04-12
Census Tract,12031013902,White,05/2024,0,4.2,2025-04-12
Census Tract,12031013902,White,06/2024,1,9,2025-04-12
Census Tract,12031013902,White,07/2024,3,7.8,2025-04-12
Census Tract,12031013902,White,08/2024,3,7.4,2025-04-12
Census Tract,12031013902,White,09/2024,2,5.6,2025-04-12
Census Tract,12031013902,White,10/2024,1,7.8,2025-04-12
Census Tract,12031013902,White,11/2024,0,5,2025-04-12
Census Tract,12031013902,White,12/2024,2,5.2,2025-04-12
Census Tract,12031013902,White,01/2025,3,5.8,2025-04-12
Census Tract,12031013902,White,02/2025,1,4,2025-04-12
Census Tract,12031013902,White,03/2025,2,5.2,2025-04-12
Census Tract,12031013902,White,04/2025,0,1.4,2025-04-12
Census Tract,12031013904,White,01/2020,4,14.6,2025-04-12
Census Tract,12031013904,White,02/2020,5,6.6,2025-04-12
Census Tract,12031013904,White,03/2020,4,7.8,2025-04-12
Census Tract,12031013904,White,04/2020,0,8,2025-04-12
Census Tract,12031013904,White,05/2020,0,9.8,2025-04-12
Census Tract,12031013904,White,06/2020,1,13.4,2025-04-12
Census Tract,12031013904,White,07/2020,1,10.4,2025-04-12
Census Tract,12031013904,White,08/2020,5,9.2,2025-04-12
Census Tract,12031013904,White,09/2020,11,13.2,2025-04-12
Census Tract,12031013904,White,10/2020,10,13.2,2025-04-12
Census Tract,12031013904,White,11/2020,8,11.6,2025-04-12
Census Tract,12031013904,White,12/2020,3,9.8,2025-04-12
Census Tract,12031013904,White,01/2021,10,14.6,2025-04-12
Census Tract,12031013904,White,02/2021,2,6.6,2025-04-12
Census Tract,12031013904,White,03/2021,3,7.8,2025-04-12
Census Tract,12031013904,White,04/2021,0,8,2025-04-12
Census Tract,12031013904,White,05/2021,5,9.8,2025-04-12
Census Tract,12031013904,White,06/2021,1,13.4,2025-04-12
Census Tract,12031013904,White,07/2021,8,10.4,2025-04-12
Census Tract,12031013904,White,08/2021,1,9.2,2025-04-12
Census Tract,12031013904,White,09/2021,9,13.2,2025-04-12
Census Tract,12031013904,White,10/2021,5,13.2,2025-04-12
Census Tract,12031013904,White,11/2021,4,11.6,2025-04-12
Census Tract,12031013904,White,12/2021,2,9.8,2025-04-12
Census Tract,12031013904,White,01/2022,4,14.6,2025-04-12
Census Tract,12031013904,White,02/2022,5,6.6,2025-04-12
Census Tract,12031013904,White,03/2022,4,7.8,2025-04-12
Census Tract,12031013904,White,04/2022,0,8,2025-04-12
Census Tract,12031013904,White,05/2022,7,9.8,2025-04-12
Census Tract,12031013904,White,06/2022,18,13.4,2025-04-12
Census Tract,12031013904,White,07/2022,7,10.4,2025-04-12
Census Tract,12031013904,White,08/2022,15,9.2,2025-04-12
Census Tract,12031013904,White,09/2022,11,13.2,2025-04-12
Census Tract,12031013904,White,10/2022,9,13.2,2025-04-12
Census Tract,12031013904,White,11/2022,6,11.6,2025-04-12
Census Tract,12031013904,White,12/2022,5,9.8,2025-04-12
Census Tract,12031013904,White,01/2023,5,14.6,2025-04-12
Census Tract,12031013904,White,02/2023,4,6.6,2025-04-12
Census Tract,12031013904,White,03/2023,5,7.8,2025-04-12
Census Tract,12031013904,White,04/2023,12,8,2025-04-12
Census Tract,12031013904,White,05/2023,4,9.8,2025-04-12
Census Tract,12031013904,White,06/2023,5,13.4,2025-04-12
Census Tract,12031013904,White,07/2023,3,10.4,2025-04-12
Census Tract,12031013904,White,08/2023,4,9.2,2025-04-12
Census Tract,12031013904,White,09/2023,2,13.2,2025-04-12
Census Tract,12031013904,White,10/2023,3,13.2,2025-04-12
Census Tract,12031013904,White,11/2023,1,11.6,2025-04-12
Census Tract,12031013904,White,12/2023,4,9.8,2025-04-12
Census Tract,12031013904,White,01/2024,5,14.6,2025-04-12
Census Tract,12031013904,White,02/2024,9,6.6,2025-04-12
Census Tract,12031013904,White,03/2024,12,7.8,2025-04-12
Census Tract,12031013904,White,04/2024,3,8,2025-04-12
Census Tract,12031013904,White,05/2024,5,9.8,2025-04-12
Census Tract,12031013904,White,06/2024,7,13.4,2025-04-12
Census Tract,12031013904,White,07/2024,6,10.4,2025-04-12
Census Tract,12031013904,White,08/2024,4,9.2,2025-04-12
Census Tract,12031013904,White,09/2024,5,13.2,2025-04-12
Census Tract,12031013904,White,10/2024,4,13.2,2025-04-12
Census Tract,12031013904,White,11/2024,2,11.6,2025-04-12
Census Tract,12031013904,White,12/2024,2,9.8,2025-04-12
Census Tract,12031013904,White,01/2025,8,14.6,2025-04-12
Census Tract,12031013904,White,02/2025,3,6.6,2025-04-12
Census Tract,12031013904,White,03/2025,2,7.8,2025-04-12
Census Tract,12031013904,White,04/2025,0,3.4,2025-04-12
Census Tract,12031013905,White,01/2020,0,0.2,2025-04-12
Census Tract,12031013905,White,02/2020,1,0,2025-04-12
Census Tract,12031013905,White,03/2020,0,0.6,2025-04-12
Census Tract,12031013905,White,04/2020,0,0.2,2025-04-12
Census Tract,12031013905,White,05/2020,0,0,2025-04-12
Census Tract,12031013905,White,06/2020,0,0.2,2025-04-12
Census Tract,12031013905,White,07/2020,0,0,2025-04-12
Census Tract,12031013905,White,08/2020,0,0.2,2025-04-12
Census Tract,12031013905,White,09/2020,0,0.4,2025-04-12
Census Tract,12031013905,White,10/2020,0,0.2,2025-04-12
Census Tract,12031013905,White,11/2020,1,0,2025-04-12
Census Tract,12031013905,White,12/2020,0,0.4,2025-04-12
Census Tract,12031013905,White,01/2021,1,0.2,2025-04-12
Census Tract,12031013905,White,02/2021,1,0,2025-04-12
Census Tract,12031013905,White,03/2021,0,0.6,2025-04-12
Census Tract,12031013905,White,04/2021,0,0.2,2025-04-12
Census Tract,12031013905,White,05/2021,0,0,2025-04-12
Census Tract,12031013905,White,06/2021,0,0.2,2025-04-12
Census Tract,12031013905,White,07/2021,0,0,2025-04-12
Census Tract,12031013905,White,08/2021,3,0.2,2025-04-12
Census Tract,12031013905,White,09/2021,0,0.4,2025-04-12
Census Tract,12031013905,White,10/2021,1,0.2,2025-04-12
Census Tract,12031013905,White,11/2021,0,0,2025-04-12
Census Tract,12031013905,White,12/2021,1,0.4,2025-04-12
Census Tract,12031013905,White,01/2022,1,0.2,2025-04-12
Census Tract,12031013905,White,02/2022,1,0,2025-04-12
Census Tract,12031013905,White,03/2022,1,0.6,2025-04-12
Census Tract,12031013905,White,04/2022,0,0.2,2025-04-12
Census Tract,12031013905,White,05/2022,0,0,2025-04-12
Census Tract,12031013905,White,06/2022,0,0.2,2025-04-12
Census Tract,12031013905,White,07/2022,4,0,2025-04-12
Census Tract,12031013905,White,08/2022,0,0.2,2025-04-12
Census Tract,12031013905,White,09/2022,0,0.4,2025-04-12
Census Tract,12031013905,White,10/2022,0,0.2,2025-04-12
Census Tract,12031013905,White,11/2022,0,0,2025-04-12
Census Tract,12031013905,White,12/2022,0,0.4,2025-04-12
Census Tract,12031013905,White,01/2023,0,0.2,2025-04-12
Census Tract,12031013905,White,02/2023,0,0,2025-04-12
Census Tract,12031013905,White,03/2023,0,0.6,2025-04-12
Census Tract,12031013905,White,04/2023,0,0.2,2025-04-12
Census Tract,12031013905,White,05/2023,0,0,2025-04-12
Census Tract,12031013905,White,06/2023,0,0.2,2025-04-12
Census Tract,12031013905,White,07/2023,0,0,2025-04-12
Census Tract,12031013905,White,08/2023,0,0.2,2025-04-12
Census Tract,12031013905,White,09/2023,0,0.4,2025-04-12
Census Tract,12031013905,White,10/2023,0,0.2,2025-04-12
Census Tract,12031013905,White,11/2023,0,0,2025-04-12
Census Tract,12031013905,White,12/2023,0,0.4,2025-04-12
Census Tract,12031013905,White,01/2024,0,0.2,2025-04-12
Census Tract,12031013905,White,02/2024,0,0,2025-04-12
Census Tract,12031013905,White,03/2024,0,0.6,2025-04-12
Census Tract,12031013905,White,04/2024,1,0.2,2025-04-12
Census Tract,12031013905,White,05/2024,0,0,2025-04-12
Census Tract,12031013905,White,06/2024,0,0.2,2025-04-12
Census Tract,12031013905,White,07/2024,1,0,2025-04-12
Census Tract,12031013905,White,08/2024,2,0.2,2025-04-12
Census Tract,12031013905,White,09/2024,0,0.4,2025-04-12
Census Tract,12031013905,White,10/2024,0,0.2,2025-04-12
Census Tract,12031013905,White,11/2024,0,0,2025-04-12
Census Tract,12031013905,White,12/2024,1,0.4,2025-04-12
Census Tract,12031013905,White,01/2025,2,0.2,2025-04-12
Census Tract,12031013905,White,02/2025,2,0,2025-04-12
Census Tract,12031013905,White,03/2025,2,0.6,2025-04-12
Census Tract,12031013905,White,04/2025,0,0,2025-04-12
Census Tract,12031013906,White,01/2020,1,1.2,2025-04-12
Census Tract,12031013906,White,02/2020,0,0.4,2025-04-12
Census Tract,12031013906,White,03/2020,0,1,2025-04-12
Census Tract,12031013906,White,04/2020,0,0.8,2025-04-12
Census Tract,12031013906,White,05/2020,0,0.4,2025-04-12
Census Tract,12031013906,White,06/2020,0,0.6,2025-04-12
Census Tract,12031013906,White,07/2020,0,0.8,2025-04-12
Census Tract,12031013906,White,08/2020,1,1,2025-04-12
Census Tract,12031013906,White,09/2020,1,0.4,2025-04-12
Census Tract,12031013906,White,10/2020,0,0.4,2025-04-12
Census Tract,12031013906,White,11/2020,1,0,2025-04-12
Census Tract,12031013906,White,12/2020,0,0.4,2025-04-12
Census Tract,12031013906,White,01/2021,0,1.2,2025-04-12
Census Tract,12031013906,White,02/2021,0,0.4,2025-04-12
Census Tract,12031013906,White,03/2021,1,1,2025-04-12
Census Tract,12031013906,White,04/2021,0,0.8,2025-04-12
Census Tract,12031013906,White,05/2021,0,0.4,2025-04-12
Census Tract,12031013906,White,06/2021,0,0.6,2025-04-12
Census Tract,12031013906,White,07/2021,1,0.8,2025-04-12
Census Tract,12031013906,White,08/2021,1,1,2025-04-12
Census Tract,12031013906,White,09/2021,0,0.4,2025-04-12
Census Tract,12031013906,White,10/2021,0,0.4,2025-04-12
Census Tract,12031013906,White,11/2021,0,0,2025-04-12
Census Tract,12031013906,White,12/2021,0,0.4,2025-04-12
Census Tract,12031013906,White,01/2022,0,1.2,2025-04-12
Census Tract,12031013906,White,02/2022,1,0.4,2025-04-12
Census Tract,12031013906,White,03/2022,1,1,2025-04-12
Census Tract,12031013906,White,04/2022,0,0.8,2025-04-12
Census Tract,12031013906,White,05/2022,0,0.4,2025-04-12
Census Tract,12031013906,White,06/2022,1,0.6,2025-04-12
Census Tract,12031013906,White,07/2022,0,0.8,2025-04-12
Census Tract,12031013906,White,08/2022,1,1,2025-04-12
Census Tract,12031013906,White,09/2022,0,0.4,2025-04-12
Census Tract,12031013906,White,10/2022,2,0.4,2025-04-12
Census Tract,12031013906,White,11/2022,0,0,2025-04-12
Census Tract,12031013906,White,12/2022,0,0.4,2025-04-12
Census Tract,12031013906,White,01/2023,0,1.2,2025-04-12
Census Tract,12031013906,White,02/2023,1,0.4,2025-04-12
Census Tract,12031013906,White,03/2023,0,1,2025-04-12
Census Tract,12031013906,White,04/2023,0,0.8,2025-04-12
Census Tract,12031013906,White,05/2023,0,0.4,2025-04-12
Census Tract,12031013906,White,06/2023,6,0.6,2025-04-12
Census Tract,12031013906,White,07/2023,2,0.8,2025-04-12
Census Tract,12031013906,White,08/2023,7,1,2025-04-12
Census Tract,12031013906,White,09/2023,2,0.4,2025-04-12
Census Tract,12031013906,White,10/2023,4,0.4,2025-04-12
Census Tract,12031013906,White,11/2023,1,0,2025-04-12
Census Tract,12031013906,White,12/2023,2,0.4,2025-04-12
Census Tract,12031013906,White,01/2024,3,1.2,2025-04-12
Census Tract,12031013906,White,02/2024,0,0.4,2025-04-12
Census Tract,12031013906,White,03/2024,0,1,2025-04-12
Census Tract,12031013906,White,04/2024,2,0.8,2025-04-12
Census Tract,12031013906,White,05/2024,4,0.4,2025-04-12
Census Tract,12031013906,White,06/2024,2,0.6,2025-04-12
Census Tract,12031013906,White,07/2024,1,0.8,2025-04-12
Census Tract,12031013906,White,08/2024,1,1,2025-04-12
Census Tract,12031013906,White,09/2024,2,0.4,2025-04-12
Census Tract,12031013906,White,10/2024,4,0.4,2025-04-12
Census Tract,12031013906,White,11/2024,1,0,2025-04-12
Census Tract,12031013906,White,12/2024,0,0.4,2025-04-12
Census Tract,12031013906,White,01/2025,2,1.2,2025-04-12
Census Tract,12031013906,White,02/2025,1,0.4,2025-04-12
Census Tract,12031013906,White,03/2025,2,1,2025-04-12
Census Tract,12031013906,White,04/2025,0,0.6,2025-04-12
Census Tract,12031014001,White,01/2020,2,2.4,2025-04-12
Census Tract,12031014001,White,02/2020,0,1.6,2025-04-12
Census Tract,12031014001,White,03/2020,0,1.2,2025-04-12
Census Tract,12031014001,White,04/2020,0,1.6,2025-04-12
Census Tract,12031014001,White,05/2020,2,1.4,2025-04-12
Census Tract,12031014001,White,06/2020,0,1.6,2025-04-12
Census Tract,12031014001,White,07/2020,1,2,2025-04-12
Census Tract,12031014001,White,08/2020,1,3.2,2025-04-12
Census Tract,12031014001,White,09/2020,0,1.8,2025-04-12
Census Tract,12031014001,White,10/2020,1,1,2025-04-12
Census Tract,12031014001,White,11/2020,1,1.4,2025-04-12
Census Tract,12031014001,White,12/2020,1,2,2025-04-12
Census Tract,12031014001,White,01/2021,1,2.4,2025-04-12
Census Tract,12031014001,White,02/2021,2,1.6,2025-04-12
Census Tract,12031014001,White,03/2021,4,1.2,2025-04-12
Census Tract,12031014001,White,04/2021,0,1.6,2025-04-12
Census Tract,12031014001,White,05/2021,1,1.4,2025-04-12
Census Tract,12031014001,White,06/2021,1,1.6,2025-04-12
Census Tract,12031014001,White,07/2021,2,2,2025-04-12
Census Tract,12031014001,White,08/2021,0,3.2,2025-04-12
Census Tract,12031014001,White,09/2021,1,1.8,2025-04-12
Census Tract,12031014001,White,10/2021,0,1,2025-04-12
Census Tract,12031014001,White,11/2021,0,1.4,2025-04-12
Census Tract,12031014001,White,12/2021,2,2,2025-04-12
Census Tract,12031014001,White,01/2022,3,2.4,2025-04-12
Census Tract,12031014001,White,02/2022,0,1.6,2025-04-12
Census Tract,12031014001,White,03/2022,0,1.2,2025-04-12
Census Tract,12031014001,White,04/2022,1,1.6,2025-04-12
Census Tract,12031014001,White,05/2022,3,1.4,2025-04-12
Census Tract,12031014001,White,06/2022,2,1.6,2025-04-12
Census Tract,12031014001,White,07/2022,1,2,2025-04-12
Census Tract,12031014001,White,08/2022,1,3.2,2025-04-12
Census Tract,12031014001,White,09/2022,1,1.8,2025-04-12
Census Tract,12031014001,White,10/2022,0,1,2025-04-12
Census Tract,12031014001,White,11/2022,2,1.4,2025-04-12
Census Tract,12031014001,White,12/2022,1,2,2025-04-12
Census Tract,12031014001,White,01/2023,1,2.4,2025-04-12
Census Tract,12031014001,White,02/2023,0,1.6,2025-04-12
Census Tract,12031014001,White,03/2023,0,1.2,2025-04-12
Census Tract,12031014001,White,04/2023,4,1.6,2025-04-12
Census Tract,12031014001,White,05/2023,0,1.4,2025-04-12
Census Tract,12031014001,White,06/2023,1,1.6,2025-04-12
Census Tract,12031014001,White,07/2023,0,2,2025-04-12
Census Tract,12031014001,White,08/2023,0,3.2,2025-04-12
Census Tract,12031014001,White,09/2023,2,1.8,2025-04-12
Census Tract,12031014001,White,10/2023,1,1,2025-04-12
Census Tract,12031014001,White,11/2023,7,1.4,2025-04-12
Census Tract,12031014001,White,12/2023,1,2,2025-04-12
Census Tract,12031014001,White,01/2024,0,2.4,2025-04-12
Census Tract,12031014001,White,02/2024,2,1.6,2025-04-12
Census Tract,12031014001,White,03/2024,0,1.2,2025-04-12
Census Tract,12031014001,White,04/2024,0,1.6,2025-04-12
Census Tract,12031014001,White,05/2024,0,1.4,2025-04-12
Census Tract,12031014001,White,06/2024,1,1.6,2025-04-12
Census Tract,12031014001,White,07/2024,1,2,2025-04-12
Census Tract,12031014001,White,08/2024,2,3.2,2025-04-12
Census Tract,12031014001,White,09/2024,0,1.8,2025-04-12
Census Tract,12031014001,White,10/2024,2,1,2025-04-12
Census Tract,12031014001,White,11/2024,1,1.4,2025-04-12
Census Tract,12031014001,White,12/2024,0,2,2025-04-12
Census Tract,12031014001,White,01/2025,3,2.4,2025-04-12
Census Tract,12031014001,White,02/2025,1,1.6,2025-04-12
Census Tract,12031014001,White,03/2025,0,1.2,2025-04-12
Census Tract,12031014001,White,04/2025,0,0.2,2025-04-12
Census Tract,12031014002,White,01/2020,0,0,2025-04-12
Census Tract,12031014002,White,02/2020,0,0.4,2025-04-12
Census Tract,12031014002,White,03/2020,0,0.6,2025-04-12
Census Tract,12031014002,White,04/2020,0,0,2025-04-12
Census Tract,12031014002,White,05/2020,0,0.4,2025-04-12
Census Tract,12031014002,White,06/2020,0,0.2,2025-04-12
Census Tract,12031014002,White,07/2020,0,0.2,2025-04-12
Census Tract,12031014002,White,08/2020,0,0,2025-04-12
Census Tract,12031014002,White,09/2020,0,0.6,2025-04-12
Census Tract,12031014002,White,10/2020,0,0.4,2025-04-12
Census Tract,12031014002,White,11/2020,0,0.2,2025-04-12
Census Tract,12031014002,White,12/2020,0,0.4,2025-04-12
Census Tract,12031014002,White,01/2021,0,0,2025-04-12
Census Tract,12031014002,White,02/2021,0,0.4,2025-04-12
Census Tract,12031014002,White,03/2021,0,0.6,2025-04-12
Census Tract,12031014002,White,04/2021,0,0,2025-04-12
Census Tract,12031014002,White,05/2021,0,0.4,2025-04-12
Census Tract,12031014002,White,06/2021,0,0.2,2025-04-12
Census Tract,12031014002,White,07/2021,1,0.2,2025-04-12
Census Tract,12031014002,White,08/2021,0,0,2025-04-12
Census Tract,12031014002,White,09/2021,0,0.6,2025-04-12
Census Tract,12031014002,White,10/2021,1,0.4,2025-04-12
Census Tract,12031014002,White,11/2021,1,0.2,2025-04-12
Census Tract,12031014002,White,12/2021,0,0.4,2025-04-12
Census Tract,12031014002,White,01/2022,0,0,2025-04-12
Census Tract,12031014002,White,02/2022,0,0.4,2025-04-12
Census Tract,12031014002,White,03/2022,1,0.6,2025-04-12
Census Tract,12031014002,White,04/2022,0,0,2025-04-12
Census Tract,12031014002,White,05/2022,0,0.4,2025-04-12
Census Tract,12031014002,White,06/2022,0,0.2,2025-04-12
Census Tract,12031014002,White,07/2022,0,0.2,2025-04-12
Census Tract,12031014002,White,08/2022,0,0,2025-04-12
Census Tract,12031014002,White,09/2022,0,0.6,2025-04-12
Census Tract,12031014002,White,10/2022,0,0.4,2025-04-12
Census Tract,12031014002,White,11/2022,1,0.2,2025-04-12
Census Tract,12031014002,White,12/2022,0,0.4,2025-04-12
Census Tract,12031014002,White,01/2023,0,0,2025-04-12
Census Tract,12031014002,White,02/2023,1,0.4,2025-04-12
Census Tract,12031014002,White,03/2023,0,0.6,2025-04-12
Census Tract,12031014002,White,04/2023,0,0,2025-04-12
Census Tract,12031014002,White,05/2023,0,0.4,2025-04-12
Census Tract,12031014002,White,06/2023,0,0.2,2025-04-12
Census Tract,12031014002,White,07/2023,1,0.2,2025-04-12
Census Tract,12031014002,White,08/2023,0,0,2025-04-12
Census Tract,12031014002,White,09/2023,0,0.6,2025-04-12
Census Tract,12031014002,White,10/2023,1,0.4,2025-04-12
Census Tract,12031014002,White,11/2023,0,0.2,2025-04-12
Census Tract,12031014002,White,12/2023,0,0.4,2025-04-12
Census Tract,12031014002,White,01/2024,0,0,2025-04-12
Census Tract,12031014002,White,02/2024,0,0.4,2025-04-12
Census Tract,12031014002,White,03/2024,0,0.6,2025-04-12
Census Tract,12031014002,White,04/2024,0,0,2025-04-12
Census Tract,12031014002,White,05/2024,0,0.4,2025-04-12
Census Tract,12031014002,White,06/2024,0,0.2,2025-04-12
Census Tract,12031014002,White,07/2024,0,0.2,2025-04-12
Census Tract,12031014002,White,08/2024,0,0,2025-04-12
Census Tract,12031014002,White,09/2024,0,0.6,2025-04-12
Census Tract,12031014002,White,10/2024,0,0.4,2025-04-12
Census Tract,12031014002,White,11/2024,1,0.2,2025-04-12
Census Tract,12031014002,White,12/2024,0,0.4,2025-04-12
Census Tract,12031014002,White,01/2025,0,0,2025-04-12
Census Tract,12031014002,White,02/2025,1,0.4,2025-04-12
Census Tract,12031014002,White,03/2025,0,0.6,2025-04-12
Census Tract,12031014002,White,04/2025,0,0,2025-04-12
Census Tract,12031014101,White,01/2020,0,1,2025-04-12
Census Tract,12031014101,White,02/2020,0,0.6,2025-04-12
Census Tract,12031014101,White,03/2020,2,0.2,2025-04-12
Census Tract,12031014101,White,04/2020,0,1,2025-04-12
Census Tract,12031014101,White,05/2020,0,0.6,2025-04-12
Census Tract,12031014101,White,06/2020,1,1.2,2025-04-12
Census Tract,12031014101,White,07/2020,0,0.4,2025-04-12
Census Tract,12031014101,White,08/2020,0,1.4,2025-04-12
Census Tract,12031014101,White,09/2020,0,0.6,2025-04-12
Census Tract,12031014101,White,10/2020,0,0.2,2025-04-12
Census Tract,12031014101,White,11/2020,0,0.2,2025-04-12
Census Tract,12031014101,White,12/2020,0,0.4,2025-04-12
Census Tract,12031014101,White,01/2021,0,1,2025-04-12
Census Tract,12031014101,White,02/2021,3,0.6,2025-04-12
Census Tract,12031014101,White,03/2021,0,0.2,2025-04-12
Census Tract,12031014101,White,04/2021,0,1,2025-04-12
Census Tract,12031014101,White,05/2021,1,0.6,2025-04-12
Census Tract,12031014101,White,06/2021,1,1.2,2025-04-12
Census Tract,12031014101,White,07/2021,1,0.4,2025-04-12
Census Tract,12031014101,White,08/2021,1,1.4,2025-04-12
Census Tract,12031014101,White,09/2021,1,0.6,2025-04-12
Census Tract,12031014101,White,10/2021,0,0.2,2025-04-12
Census Tract,12031014101,White,11/2021,0,0.2,2025-04-12
Census Tract,12031014101,White,12/2021,0,0.4,2025-04-12
Census Tract,12031014101,White,01/2022,0,1,2025-04-12
Census Tract,12031014101,White,02/2022,1,0.6,2025-04-12
Census Tract,12031014101,White,03/2022,0,0.2,2025-04-12
Census Tract,12031014101,White,04/2022,1,1,2025-04-12
Census Tract,12031014101,White,05/2022,0,0.6,2025-04-12
Census Tract,12031014101,White,06/2022,0,1.2,2025-04-12
Census Tract,12031014101,White,07/2022,1,0.4,2025-04-12
Census Tract,12031014101,White,08/2022,0,1.4,2025-04-12
Census Tract,12031014101,White,09/2022,1,0.6,2025-04-12
Census Tract,12031014101,White,10/2022,1,0.2,2025-04-12
Census Tract,12031014101,White,11/2022,0,0.2,2025-04-12
Census Tract,12031014101,White,12/2022,1,0.4,2025-04-12
Census Tract,12031014101,White,01/2023,0,1,2025-04-12
Census Tract,12031014101,White,02/2023,0,0.6,2025-04-12
Census Tract,12031014101,White,03/2023,0,0.2,2025-04-12
Census Tract,12031014101,White,04/2023,1,1,2025-04-12
Census Tract,12031014101,White,05/2023,0,0.6,2025-04-12
Census Tract,12031014101,White,06/2023,0,1.2,2025-04-12
Census Tract,12031014101,White,07/2023,0,0.4,2025-04-12
Census Tract,12031014101,White,08/2023,0,1.4,2025-04-12
Census Tract,12031014101,White,09/2023,0,0.6,2025-04-12
Census Tract,12031014101,White,10/2023,0,0.2,2025-04-12
Census Tract,12031014101,White,11/2023,0,0.2,2025-04-12
Census Tract,12031014101,White,12/2023,0,0.4,2025-04-12
Census Tract,12031014101,White,01/2024,0,1,2025-04-12
Census Tract,12031014101,White,02/2024,0,0.6,2025-04-12
Census Tract,12031014101,White,03/2024,2,0.2,2025-04-12
Census Tract,12031014101,White,04/2024,0,1,2025-04-12
Census Tract,12031014101,White,05/2024,0,0.6,2025-04-12
Census Tract,12031014101,White,06/2024,0,1.2,2025-04-12
Census Tract,12031014101,White,07/2024,0,0.4,2025-04-12
Census Tract,12031014101,White,08/2024,0,1.4,2025-04-12
Census Tract,12031014101,White,09/2024,0,0.6,2025-04-12
Census Tract,12031014101,White,10/2024,0,0.2,2025-04-12
Census Tract,12031014101,White,11/2024,0,0.2,2025-04-12
Census Tract,12031014101,White,12/2024,0,0.4,2025-04-12
Census Tract,12031014101,White,01/2025,2,1,2025-04-12
Census Tract,12031014101,White,02/2025,0,0.6,2025-04-12
Census Tract,12031014101,White,03/2025,0,0.2,2025-04-12
Census Tract,12031014101,White,04/2025,0,0.4,2025-04-12
Census Tract,12031014103,White,01/2020,2,0.8,2025-04-12
Census Tract,12031014103,White,02/2020,4,0.8,2025-04-12
Census Tract,12031014103,White,03/2020,1,0.6,2025-04-12
Census Tract,12031014103,White,04/2020,0,0.6,2025-04-12
Census Tract,12031014103,White,05/2020,1,0.6,2025-04-12
Census Tract,12031014103,White,06/2020,0,1.4,2025-04-12
Census Tract,12031014103,White,07/2020,0,0.6,2025-04-12
Census Tract,12031014103,White,08/2020,1,1,2025-04-12
Census Tract,12031014103,White,09/2020,0,0.8,2025-04-12
Census Tract,12031014103,White,10/2020,0,0.8,2025-04-12
Census Tract,12031014103,White,11/2020,0,1.4,2025-04-12
Census Tract,12031014103,White,12/2020,0,0.6,2025-04-12
Census Tract,12031014103,White,01/2021,0,0.8,2025-04-12
Census Tract,12031014103,White,02/2021,0,0.8,2025-04-12
Census Tract,12031014103,White,03/2021,0,0.6,2025-04-12
Census Tract,12031014103,White,04/2021,0,0.6,2025-04-12
Census Tract,12031014103,White,05/2021,0,0.6,2025-04-12
Census Tract,12031014103,White,06/2021,0,1.4,2025-04-12
Census Tract,12031014103,White,07/2021,0,0.6,2025-04-12
Census Tract,12031014103,White,08/2021,1,1,2025-04-12
Census Tract,12031014103,White,09/2021,2,0.8,2025-04-12
Census Tract,12031014103,White,10/2021,0,0.8,2025-04-12
Census Tract,12031014103,White,11/2021,0,1.4,2025-04-12
Census Tract,12031014103,White,12/2021,2,0.6,2025-04-12
Census Tract,12031014103,White,01/2022,2,0.8,2025-04-12
Census Tract,12031014103,White,02/2022,1,0.8,2025-04-12
Census Tract,12031014103,White,03/2022,0,0.6,2025-04-12
Census Tract,12031014103,White,04/2022,1,0.6,2025-04-12
Census Tract,12031014103,White,05/2022,0,0.6,2025-04-12
Census Tract,12031014103,White,06/2022,0,1.4,2025-04-12
Census Tract,12031014103,White,07/2022,0,0.6,2025-04-12
Census Tract,12031014103,White,08/2022,0,1,2025-04-12
Census Tract,12031014103,White,09/2022,0,0.8,2025-04-12
Census Tract,12031014103,White,10/2022,2,0.8,2025-04-12
Census Tract,12031014103,White,11/2022,1,1.4,2025-04-12
Census Tract,12031014103,White,12/2022,1,0.6,2025-04-12
Census Tract,12031014103,White,01/2023,0,0.8,2025-04-12
Census Tract,12031014103,White,02/2023,0,0.8,2025-04-12
Census Tract,12031014103,White,03/2023,0,0.6,2025-04-12
Census Tract,12031014103,White,04/2023,2,0.6,2025-04-12
Census Tract,12031014103,White,05/2023,0,0.6,2025-04-12
Census Tract,12031014103,White,06/2023,0,1.4,2025-04-12
Census Tract,12031014103,White,07/2023,0,0.6,2025-04-12
Census Tract,12031014103,White,08/2023,0,1,2025-04-12
Census Tract,12031014103,White,09/2023,0,0.8,2025-04-12
Census Tract,12031014103,White,10/2023,2,0.8,2025-04-12
Census Tract,12031014103,White,11/2023,1,1.4,2025-04-12
Census Tract,12031014103,White,12/2023,0,0.6,2025-04-12
Census Tract,12031014103,White,01/2024,0,0.8,2025-04-12
Census Tract,12031014103,White,02/2024,0,0.8,2025-04-12
Census Tract,12031014103,White,03/2024,0,0.6,2025-04-12
Census Tract,12031014103,White,04/2024,0,0.6,2025-04-12
Census Tract,12031014103,White,05/2024,0,0.6,2025-04-12
Census Tract,12031014103,White,06/2024,0,1.4,2025-04-12
Census Tract,12031014103,White,07/2024,0,0.6,2025-04-12
Census Tract,12031014103,White,08/2024,0,1,2025-04-12
Census Tract,12031014103,White,09/2024,0,0.8,2025-04-12
Census Tract,12031014103,White,10/2024,0,0.8,2025-04-12
Census Tract,12031014103,White,11/2024,0,1.4,2025-04-12
Census Tract,12031014103,White,12/2024,0,0.6,2025-04-12
Census Tract,12031014103,White,01/2025,2,0.8,2025-04-12
Census Tract,12031014103,White,02/2025,0,0.8,2025-04-12
Census Tract,12031014103,White,03/2025,0,0.6,2025-04-12
Census Tract,12031014103,White,04/2025,1,0.2,2025-04-12
Census Tract,12031014104,White,01/2020,0,1.6,2025-04-12
Census Tract,12031014104,White,02/2020,0,1.2,2025-04-12
Census Tract,12031014104,White,03/2020,1,1,2025-04-12
Census Tract,12031014104,White,04/2020,0,0.8,2025-04-12
Census Tract,12031014104,White,05/2020,0,1.4,2025-04-12
Census Tract,12031014104,White,06/2020,0,1.2,2025-04-12
Census Tract,12031014104,White,07/2020,0,0.8,2025-04-12
Census Tract,12031014104,White,08/2020,0,1.4,2025-04-12
Census Tract,12031014104,White,09/2020,3,2,2025-04-12
Census Tract,12031014104,White,10/2020,1,1.6,2025-04-12
Census Tract,12031014104,White,11/2020,0,0.6,2025-04-12
Census Tract,12031014104,White,12/2020,1,1.2,2025-04-12
Census Tract,12031014104,White,01/2021,0,1.6,2025-04-12
Census Tract,12031014104,White,02/2021,0,1.2,2025-04-12
Census Tract,12031014104,White,03/2021,0,1,2025-04-12
Census Tract,12031014104,White,04/2021,0,0.8,2025-04-12
Census Tract,12031014104,White,05/2021,1,1.4,2025-04-12
Census Tract,12031014104,White,06/2021,1,1.2,2025-04-12
Census Tract,12031014104,White,07/2021,0,0.8,2025-04-12
Census Tract,12031014104,White,08/2021,0,1.4,2025-04-12
Census Tract,12031014104,White,09/2021,0,2,2025-04-12
Census Tract,12031014104,White,10/2021,0,1.6,2025-04-12
Census Tract,12031014104,White,11/2021,0,0.6,2025-04-12
Census Tract,12031014104,White,12/2021,0,1.2,2025-04-12
Census Tract,12031014104,White,01/2022,0,1.6,2025-04-12
Census Tract,12031014104,White,02/2022,0,1.2,2025-04-12
Census Tract,12031014104,White,03/2022,0,1,2025-04-12
Census Tract,12031014104,White,04/2022,0,0.8,2025-04-12
Census Tract,12031014104,White,05/2022,1,1.4,2025-04-12
Census Tract,12031014104,White,06/2022,0,1.2,2025-04-12
Census Tract,12031014104,White,07/2022,0,0.8,2025-04-12
Census Tract,12031014104,White,08/2022,1,1.4,2025-04-12
Census Tract,12031014104,White,09/2022,0,2,2025-04-12
Census Tract,12031014104,White,10/2022,1,1.6,2025-04-12
Census Tract,12031014104,White,11/2022,0,0.6,2025-04-12
Census Tract,12031014104,White,12/2022,0,1.2,2025-04-12
Census Tract,12031014104,White,01/2023,0,1.6,2025-04-12
Census Tract,12031014104,White,02/2023,0,1.2,2025-04-12
Census Tract,12031014104,White,03/2023,1,1,2025-04-12
Census Tract,12031014104,White,04/2023,0,0.8,2025-04-12
Census Tract,12031014104,White,05/2023,1,1.4,2025-04-12
Census Tract,12031014104,White,06/2023,0,1.2,2025-04-12
Census Tract,12031014104,White,07/2023,0,0.8,2025-04-12
Census Tract,12031014104,White,08/2023,0,1.4,2025-04-12
Census Tract,12031014104,White,09/2023,0,2,2025-04-12
Census Tract,12031014104,White,10/2023,1,1.6,2025-04-12
Census Tract,12031014104,White,11/2023,0,0.6,2025-04-12
Census Tract,12031014104,White,12/2023,1,1.2,2025-04-12
Census Tract,12031014104,White,01/2024,2,1.6,2025-04-12
Census Tract,12031014104,White,02/2024,3,1.2,2025-04-12
Census Tract,12031014104,White,03/2024,0,1,2025-04-12
Census Tract,12031014104,White,04/2024,2,0.8,2025-04-12
Census Tract,12031014104,White,05/2024,0,1.4,2025-04-12
Census Tract,12031014104,White,06/2024,1,1.2,2025-04-12
Census Tract,12031014104,White,07/2024,1,0.8,2025-04-12
Census Tract,12031014104,White,08/2024,0,1.4,2025-04-12
Census Tract,12031014104,White,09/2024,0,2,2025-04-12
Census Tract,12031014104,White,10/2024,2,1.6,2025-04-12
Census Tract,12031014104,White,11/2024,1,0.6,2025-04-12
Census Tract,12031014104,White,12/2024,1,1.2,2025-04-12
Census Tract,12031014104,White,01/2025,2,1.6,2025-04-12
Census Tract,12031014104,White,02/2025,0,1.2,2025-04-12
Census Tract,12031014104,White,03/2025,0,1,2025-04-12
Census Tract,12031014104,White,04/2025,0,0,2025-04-12
Census Tract,12031014203,White,01/2020,0,0.8,2025-04-12
Census Tract,12031014203,White,02/2020,0,0.6,2025-04-12
Census Tract,12031014203,White,03/2020,0,0.6,2025-04-12
Census Tract,12031014203,White,04/2020,0,1.2,2025-04-12
Census Tract,12031014203,White,05/2020,0,1.4,2025-04-12
Census Tract,12031014203,White,06/2020,0,0.2,2025-04-12
Census Tract,12031014203,White,07/2020,0,0.6,2025-04-12
Census Tract,12031014203,White,08/2020,0,1.4,2025-04-12
Census Tract,12031014203,White,09/2020,0,1.8,2025-04-12
Census Tract,12031014203,White,10/2020,2,0.8,2025-04-12
Census Tract,12031014203,White,11/2020,0,0.2,2025-04-12
Census Tract,12031014203,White,12/2020,0,0.6,2025-04-12
Census Tract,12031014203,White,01/2021,1,0.8,2025-04-12
Census Tract,12031014203,White,02/2021,1,0.6,2025-04-12
Census Tract,12031014203,White,03/2021,1,0.6,2025-04-12
Census Tract,12031014203,White,04/2021,0,1.2,2025-04-12
Census Tract,12031014203,White,05/2021,0,1.4,2025-04-12
Census Tract,12031014203,White,06/2021,1,0.2,2025-04-12
Census Tract,12031014203,White,07/2021,0,0.6,2025-04-12
Census Tract,12031014203,White,08/2021,0,1.4,2025-04-12
Census Tract,12031014203,White,09/2021,0,1.8,2025-04-12
Census Tract,12031014203,White,10/2021,2,0.8,2025-04-12
Census Tract,12031014203,White,11/2021,0,0.2,2025-04-12
Census Tract,12031014203,White,12/2021,3,0.6,2025-04-12
Census Tract,12031014203,White,01/2022,0,0.8,2025-04-12
Census Tract,12031014203,White,02/2022,1,0.6,2025-04-12
Census Tract,12031014203,White,03/2022,1,0.6,2025-04-12
Census Tract,12031014203,White,04/2022,1,1.2,2025-04-12
Census Tract,12031014203,White,05/2022,0,1.4,2025-04-12
Census Tract,12031014203,White,06/2022,0,0.2,2025-04-12
Census Tract,12031014203,White,07/2022,0,0.6,2025-04-12
Census Tract,12031014203,White,08/2022,0,1.4,2025-04-12
Census Tract,12031014203,White,09/2022,1,1.8,2025-04-12
Census Tract,12031014203,White,10/2022,0,0.8,2025-04-12
Census Tract,12031014203,White,11/2022,1,0.2,2025-04-12
Census Tract,12031014203,White,12/2022,1,0.6,2025-04-12
Census Tract,12031014203,White,01/2023,1,0.8,2025-04-12
Census Tract,12031014203,White,02/2023,4,0.6,2025-04-12
Census Tract,12031014203,White,03/2023,1,0.6,2025-04-12
Census Tract,12031014203,White,04/2023,0,1.2,2025-04-12
Census Tract,12031014203,White,05/2023,0,1.4,2025-04-12
Census Tract,12031014203,White,06/2023,2,0.2,2025-04-12
Census Tract,12031014203,White,07/2023,0,0.6,2025-04-12
Census Tract,12031014203,White,08/2023,1,1.4,2025-04-12
Census Tract,12031014203,White,09/2023,0,1.8,2025-04-12
Census Tract,12031014203,White,10/2023,4,0.8,2025-04-12
Census Tract,12031014203,White,11/2023,0,0.2,2025-04-12
Census Tract,12031014203,White,12/2023,0,0.6,2025-04-12
Census Tract,12031014203,White,01/2024,0,0.8,2025-04-12
Census Tract,12031014203,White,02/2024,0,0.6,2025-04-12
Census Tract,12031014203,White,03/2024,1,0.6,2025-04-12
Census Tract,12031014203,White,04/2024,0,1.2,2025-04-12
Census Tract,12031014203,White,05/2024,1,1.4,2025-04-12
Census Tract,12031014203,White,06/2024,0,0.2,2025-04-12
Census Tract,12031014203,White,07/2024,1,0.6,2025-04-12
Census Tract,12031014203,White,08/2024,1,1.4,2025-04-12
Census Tract,12031014203,White,09/2024,1,1.8,2025-04-12
Census Tract,12031014203,White,10/2024,0,0.8,2025-04-12
Census Tract,12031014203,White,11/2024,0,0.2,2025-04-12
Census Tract,12031014203,White,12/2024,1,0.6,2025-04-12
Census Tract,12031014203,White,01/2025,3,0.8,2025-04-12
Census Tract,12031014203,White,02/2025,1,0.6,2025-04-12
Census Tract,12031014203,White,03/2025,0,0.6,2025-04-12
Census Tract,12031014203,White,04/2025,0,0.4,2025-04-12
Census Tract,12031014204,White,01/2020,2,1.2,2025-04-12
Census Tract,12031014204,White,02/2020,2,0.8,2025-04-12
Census Tract,12031014204,White,03/2020,0,0.8,2025-04-12
Census Tract,12031014204,White,04/2020,0,0.2,2025-04-12
Census Tract,12031014204,White,05/2020,0,0.8,2025-04-12
Census Tract,12031014204,White,06/2020,0,0.2,2025-04-12
Census Tract,12031014204,White,07/2020,0,1,2025-04-12
Census Tract,12031014204,White,08/2020,0,1,2025-04-12
Census Tract,12031014204,White,09/2020,2,1,2025-04-12
Census Tract,12031014204,White,10/2020,1,0.6,2025-04-12
Census Tract,12031014204,White,11/2020,0,2.4,2025-04-12
Census Tract,12031014204,White,12/2020,0,0.8,2025-04-12
Census Tract,12031014204,White,01/2021,1,1.2,2025-04-12
Census Tract,12031014204,White,02/2021,0,0.8,2025-04-12
Census Tract,12031014204,White,03/2021,2,0.8,2025-04-12
Census Tract,12031014204,White,04/2021,1,0.2,2025-04-12
Census Tract,12031014204,White,05/2021,0,0.8,2025-04-12
Census Tract,12031014204,White,06/2021,0,0.2,2025-04-12
Census Tract,12031014204,White,07/2021,1,1,2025-04-12
Census Tract,12031014204,White,08/2021,0,1,2025-04-12
Census Tract,12031014204,White,09/2021,2,1,2025-04-12
Census Tract,12031014204,White,10/2021,0,0.6,2025-04-12
Census Tract,12031014204,White,11/2021,0,2.4,2025-04-12
Census Tract,12031014204,White,12/2021,1,0.8,2025-04-12
Census Tract,12031014204,White,01/2022,0,1.2,2025-04-12
Census Tract,12031014204,White,02/2022,0,0.8,2025-04-12
Census Tract,12031014204,White,03/2022,0,0.8,2025-04-12
Census Tract,12031014204,White,04/2022,0,0.2,2025-04-12
Census Tract,12031014204,White,05/2022,2,0.8,2025-04-12
Census Tract,12031014204,White,06/2022,0,0.2,2025-04-12
Census Tract,12031014204,White,07/2022,0,1,2025-04-12
Census Tract,12031014204,White,08/2022,0,1,2025-04-12
Census Tract,12031014204,White,09/2022,0,1,2025-04-12
Census Tract,12031014204,White,10/2022,1,0.6,2025-04-12
Census Tract,12031014204,White,11/2022,0,2.4,2025-04-12
Census Tract,12031014204,White,12/2022,1,0.8,2025-04-12
Census Tract,12031014204,White,01/2023,0,1.2,2025-04-12
Census Tract,12031014204,White,02/2023,2,0.8,2025-04-12
Census Tract,12031014204,White,03/2023,1,0.8,2025-04-12
Census Tract,12031014204,White,04/2023,0,0.2,2025-04-12
Census Tract,12031014204,White,05/2023,1,0.8,2025-04-12
Census Tract,12031014204,White,06/2023,0,0.2,2025-04-12
Census Tract,12031014204,White,07/2023,2,1,2025-04-12
Census Tract,12031014204,White,08/2023,3,1,2025-04-12
Census Tract,12031014204,White,09/2023,2,1,2025-04-12
Census Tract,12031014204,White,10/2023,4,0.6,2025-04-12
Census Tract,12031014204,White,11/2023,1,2.4,2025-04-12
Census Tract,12031014204,White,12/2023,1,0.8,2025-04-12
Census Tract,12031014204,White,01/2024,0,1.2,2025-04-12
Census Tract,12031014204,White,02/2024,0,0.8,2025-04-12
Census Tract,12031014204,White,03/2024,0,0.8,2025-04-12
Census Tract,12031014204,White,04/2024,0,0.2,2025-04-12
Census Tract,12031014204,White,05/2024,1,0.8,2025-04-12
Census Tract,12031014204,White,06/2024,1,0.2,2025-04-12
Census Tract,12031014204,White,07/2024,1,1,2025-04-12
Census Tract,12031014204,White,08/2024,1,1,2025-04-12
Census Tract,12031014204,White,09/2024,0,1,2025-04-12
Census Tract,12031014204,White,10/2024,0,0.6,2025-04-12
Census Tract,12031014204,White,11/2024,0,2.4,2025-04-12
Census Tract,12031014204,White,12/2024,0,0.8,2025-04-12
Census Tract,12031014204,White,01/2025,0,1.2,2025-04-12
Census Tract,12031014204,White,02/2025,1,0.8,2025-04-12
Census Tract,12031014204,White,03/2025,0,0.8,2025-04-12
Census Tract,12031014204,White,04/2025,0,0,2025-04-12
Census Tract,12031014205,White,01/2020,2,2.2,2025-04-12
Census Tract,12031014205,White,02/2020,1,1.8,2025-04-12
Census Tract,12031014205,White,03/2020,2,1.8,2025-04-12
Census Tract,12031014205,White,04/2020,0,2.4,2025-04-12
Census Tract,12031014205,White,05/2020,0,3,2025-04-12
Census Tract,12031014205,White,06/2020,0,3.4,2025-04-12
Census Tract,12031014205,White,07/2020,0,3.8,2025-04-12
Census Tract,12031014205,White,08/2020,1,3.4,2025-04-12
Census Tract,12031014205,White,09/2020,1,2.2,2025-04-12
Census Tract,12031014205,White,10/2020,1,3,2025-04-12
Census Tract,12031014205,White,11/2020,1,2.8,2025-04-12
Census Tract,12031014205,White,12/2020,0,3.8,2025-04-12
Census Tract,12031014205,White,01/2021,1,2.2,2025-04-12
Census Tract,12031014205,White,02/2021,1,1.8,2025-04-12
Census Tract,12031014205,White,03/2021,1,1.8,2025-04-12
Census Tract,12031014205,White,04/2021,0,2.4,2025-04-12
Census Tract,12031014205,White,05/2021,0,3,2025-04-12
Census Tract,12031014205,White,06/2021,2,3.4,2025-04-12
Census Tract,12031014205,White,07/2021,0,3.8,2025-04-12
Census Tract,12031014205,White,08/2021,1,3.4,2025-04-12
Census Tract,12031014205,White,09/2021,0,2.2,2025-04-12
Census Tract,12031014205,White,10/2021,0,3,2025-04-12
Census Tract,12031014205,White,11/2021,0,2.8,2025-04-12
Census Tract,12031014205,White,12/2021,0,3.8,2025-04-12
Census Tract,12031014205,White,01/2022,0,2.2,2025-04-12
Census Tract,12031014205,White,02/2022,0,1.8,2025-04-12
Census Tract,12031014205,White,03/2022,0,1.8,2025-04-12
Census Tract,12031014205,White,04/2022,3,2.4,2025-04-12
Census Tract,12031014205,White,05/2022,1,3,2025-04-12
Census Tract,12031014205,White,06/2022,1,3.4,2025-04-12
Census Tract,12031014205,White,07/2022,1,3.8,2025-04-12
Census Tract,12031014205,White,08/2022,1,3.4,2025-04-12
Census Tract,12031014205,White,09/2022,0,2.2,2025-04-12
Census Tract,12031014205,White,10/2022,1,3,2025-04-12
Census Tract,12031014205,White,11/2022,0,2.8,2025-04-12
Census Tract,12031014205,White,12/2022,3,3.8,2025-04-12
Census Tract,12031014205,White,01/2023,1,2.2,2025-04-12
Census Tract,12031014205,White,02/2023,1,1.8,2025-04-12
Census Tract,12031014205,White,03/2023,1,1.8,2025-04-12
Census Tract,12031014205,White,04/2023,1,2.4,2025-04-12
Census Tract,12031014205,White,05/2023,1,3,2025-04-12
Census Tract,12031014205,White,06/2023,1,3.4,2025-04-12
Census Tract,12031014205,White,07/2023,3,3.8,2025-04-12
Census Tract,12031014205,White,08/2023,1,3.4,2025-04-12
Census Tract,12031014205,White,09/2023,1,2.2,2025-04-12
Census Tract,12031014205,White,10/2023,4,3,2025-04-12
Census Tract,12031014205,White,11/2023,1,2.8,2025-04-12
Census Tract,12031014205,White,12/2023,0,3.8,2025-04-12
Census Tract,12031014205,White,01/2024,0,2.2,2025-04-12
Census Tract,12031014205,White,02/2024,1,1.8,2025-04-12
Census Tract,12031014205,White,03/2024,0,1.8,2025-04-12
Census Tract,12031014205,White,04/2024,4,2.4,2025-04-12
Census Tract,12031014205,White,05/2024,0,3,2025-04-12
Census Tract,12031014205,White,06/2024,1,3.4,2025-04-12
Census Tract,12031014205,White,07/2024,0,3.8,2025-04-12
Census Tract,12031014205,White,08/2024,0,3.4,2025-04-12
Census Tract,12031014205,White,09/2024,1,2.2,2025-04-12
Census Tract,12031014205,White,10/2024,1,3,2025-04-12
Census Tract,12031014205,White,11/2024,0,2.8,2025-04-12
Census Tract,12031014205,White,12/2024,0,3.8,2025-04-12
Census Tract,12031014205,White,01/2025,5,2.2,2025-04-12
Census Tract,12031014205,White,02/2025,1,1.8,2025-04-12
Census Tract,12031014205,White,03/2025,1,1.8,2025-04-12
Census Tract,12031014205,White,04/2025,0,1,2025-04-12
Census Tract,12031014206,White,01/2020,0,1,2025-04-12
Census Tract,12031014206,White,02/2020,0,0,2025-04-12
Census Tract,12031014206,White,03/2020,0,0.4,2025-04-12
Census Tract,12031014206,White,04/2020,0,0.4,2025-04-12
Census Tract,12031014206,White,05/2020,0,0,2025-04-12
Census Tract,12031014206,White,06/2020,1,0.6,2025-04-12
Census Tract,12031014206,White,07/2020,0,0.4,2025-04-12
Census Tract,12031014206,White,08/2020,1,0,2025-04-12
Census Tract,12031014206,White,09/2020,0,0.6,2025-04-12
Census Tract,12031014206,White,10/2020,0,0.6,2025-04-12
Census Tract,12031014206,White,11/2020,0,0.2,2025-04-12
Census Tract,12031014206,White,12/2020,0,0.4,2025-04-12
Census Tract,12031014206,White,01/2021,1,1,2025-04-12
Census Tract,12031014206,White,02/2021,0,0,2025-04-12
Census Tract,12031014206,White,03/2021,0,0.4,2025-04-12
Census Tract,12031014206,White,04/2021,0,0.4,2025-04-12
Census Tract,12031014206,White,05/2021,0,0,2025-04-12
Census Tract,12031014206,White,06/2021,1,0.6,2025-04-12
Census Tract,12031014206,White,07/2021,0,0.4,2025-04-12
Census Tract,12031014206,White,08/2021,0,0,2025-04-12
Census Tract,12031014206,White,09/2021,0,0.6,2025-04-12
Census Tract,12031014206,White,10/2021,1,0.6,2025-04-12
Census Tract,12031014206,White,11/2021,0,0.2,2025-04-12
Census Tract,12031014206,White,12/2021,0,0.4,2025-04-12
Census Tract,12031014206,White,01/2022,1,1,2025-04-12
Census Tract,12031014206,White,02/2022,0,0,2025-04-12
Census Tract,12031014206,White,03/2022,0,0.4,2025-04-12
Census Tract,12031014206,White,04/2022,1,0.4,2025-04-12
Census Tract,12031014206,White,05/2022,0,0,2025-04-12
Census Tract,12031014206,White,06/2022,0,0.6,2025-04-12
Census Tract,12031014206,White,07/2022,0,0.4,2025-04-12
Census Tract,12031014206,White,08/2022,0,0,2025-04-12
Census Tract,12031014206,White,09/2022,0,0.6,2025-04-12
Census Tract,12031014206,White,10/2022,0,0.6,2025-04-12
Census Tract,12031014206,White,11/2022,0,0.2,2025-04-12
Census Tract,12031014206,White,12/2022,0,0.4,2025-04-12
Census Tract,12031014206,White,01/2023,0,1,2025-04-12
Census Tract,12031014206,White,02/2023,0,0,2025-04-12
Census Tract,12031014206,White,03/2023,0,0.4,2025-04-12
Census Tract,12031014206,White,04/2023,0,0.4,2025-04-12
Census Tract,12031014206,White,05/2023,0,0,2025-04-12
Census Tract,12031014206,White,06/2023,0,0.6,2025-04-12
Census Tract,12031014206,White,07/2023,0,0.4,2025-04-12
Census Tract,12031014206,White,08/2023,0,0,2025-04-12
Census Tract,12031014206,White,09/2023,0,0.6,2025-04-12
Census Tract,12031014206,White,10/2023,0,0.6,2025-04-12
Census Tract,12031014206,White,11/2023,0,0.2,2025-04-12
Census Tract,12031014206,White,12/2023,0,0.4,2025-04-12
Census Tract,12031014206,White,01/2024,0,1,2025-04-12
Census Tract,12031014206,White,02/2024,0,0,2025-04-12
Census Tract,12031014206,White,03/2024,1,0.4,2025-04-12
Census Tract,12031014206,White,04/2024,1,0.4,2025-04-12
Census Tract,12031014206,White,05/2024,0,0,2025-04-12
Census Tract,12031014206,White,06/2024,0,0.6,2025-04-12
Census Tract,12031014206,White,07/2024,0,0.4,2025-04-12
Census Tract,12031014206,White,08/2024,0,0,2025-04-12
Census Tract,12031014206,White,09/2024,0,0.6,2025-04-12
Census Tract,12031014206,White,10/2024,0,0.6,2025-04-12
Census Tract,12031014206,White,11/2024,0,0.2,2025-04-12
Census Tract,12031014206,White,12/2024,0,0.4,2025-04-12
Census Tract,12031014206,White,01/2025,0,1,2025-04-12
Census Tract,12031014206,White,02/2025,0,0,2025-04-12
Census Tract,12031014206,White,03/2025,0,0.4,2025-04-12
Census Tract,12031014206,White,04/2025,0,0.2,2025-04-12
Census Tract,12031014311,White,01/2020,8,5.8,2025-04-12
Census Tract,12031014311,White,02/2020,5,2.8,2025-04-12
Census Tract,12031014311,White,03/2020,5,4.2,2025-04-12
Census Tract,12031014311,White,04/2020,0,4.4,2025-04-12
Census Tract,12031014311,White,05/2020,3,5.6,2025-04-12
Census Tract,12031014311,White,06/2020,0,4.2,2025-04-12
Census Tract,12031014311,White,07/2020,0,6.2,2025-04-12
Census Tract,12031014311,White,08/2020,3,5.8,2025-04-12
Census Tract,12031014311,White,09/2020,20,3.8,2025-04-12
Census Tract,12031014311,White,10/2020,6,3,2025-04-12
Census Tract,12031014311,White,11/2020,6,9,2025-04-12
Census Tract,12031014311,White,12/2020,6,5.4,2025-04-12
Census Tract,12031014311,White,01/2021,8,5.8,2025-04-12
Census Tract,12031014311,White,02/2021,12,2.8,2025-04-12
Census Tract,12031014311,White,03/2021,6,4.2,2025-04-12
Census Tract,12031014311,White,04/2021,5,4.4,2025-04-12
Census Tract,12031014311,White,05/2021,1,5.6,2025-04-12
Census Tract,12031014311,White,06/2021,5,4.2,2025-04-12
Census Tract,12031014311,White,07/2021,11,6.2,2025-04-12
Census Tract,12031014311,White,08/2021,3,5.8,2025-04-12
Census Tract,12031014311,White,09/2021,11,3.8,2025-04-12
Census Tract,12031014311,White,10/2021,13,3,2025-04-12
Census Tract,12031014311,White,11/2021,10,9,2025-04-12
Census Tract,12031014311,White,12/2021,1,5.4,2025-04-12
Census Tract,12031014311,White,01/2022,3,5.8,2025-04-12
Census Tract,12031014311,White,02/2022,4,2.8,2025-04-12
Census Tract,12031014311,White,03/2022,3,4.2,2025-04-12
Census Tract,12031014311,White,04/2022,10,4.4,2025-04-12
Census Tract,12031014311,White,05/2022,6,5.6,2025-04-12
Census Tract,12031014311,White,06/2022,2,4.2,2025-04-12
Census Tract,12031014311,White,07/2022,4,6.2,2025-04-12
Census Tract,12031014311,White,08/2022,2,5.8,2025-04-12
Census Tract,12031014311,White,09/2022,11,3.8,2025-04-12
Census Tract,12031014311,White,10/2022,11,3,2025-04-12
Census Tract,12031014311,White,11/2022,11,9,2025-04-12
Census Tract,12031014311,White,12/2022,1,5.4,2025-04-12
Census Tract,12031014311,White,01/2023,10,5.8,2025-04-12
Census Tract,12031014311,White,02/2023,14,2.8,2025-04-12
Census Tract,12031014311,White,03/2023,11,4.2,2025-04-12
Census Tract,12031014311,White,04/2023,6,4.4,2025-04-12
Census Tract,12031014311,White,05/2023,1,5.6,2025-04-12
Census Tract,12031014311,White,06/2023,9,4.2,2025-04-12
Census Tract,12031014311,White,07/2023,10,6.2,2025-04-12
Census Tract,12031014311,White,08/2023,14,5.8,2025-04-12
Census Tract,12031014311,White,09/2023,6,3.8,2025-04-12
Census Tract,12031014311,White,10/2023,3,3,2025-04-12
Census Tract,12031014311,White,11/2023,2,9,2025-04-12
Census Tract,12031014311,White,12/2023,3,5.4,2025-04-12
Census Tract,12031014311,White,01/2024,6,5.8,2025-04-12
Census Tract,12031014311,White,02/2024,5,2.8,2025-04-12
Census Tract,12031014311,White,03/2024,3,4.2,2025-04-12
Census Tract,12031014311,White,04/2024,2,4.4,2025-04-12
Census Tract,12031014311,White,05/2024,7,5.6,2025-04-12
Census Tract,12031014311,White,06/2024,2,4.2,2025-04-12
Census Tract,12031014311,White,07/2024,5,6.2,2025-04-12
Census Tract,12031014311,White,08/2024,2,5.8,2025-04-12
Census Tract,12031014311,White,09/2024,3,3.8,2025-04-12
Census Tract,12031014311,White,10/2024,3,3,2025-04-12
Census Tract,12031014311,White,11/2024,2,9,2025-04-12
Census Tract,12031014311,White,12/2024,4,5.4,2025-04-12
Census Tract,12031014311,White,01/2025,2,5.8,2025-04-12
Census Tract,12031014311,White,02/2025,3,2.8,2025-04-12
Census Tract,12031014311,White,03/2025,5,4.2,2025-04-12
Census Tract,12031014311,White,04/2025,0,1.4,2025-04-12
Census Tract,12031014312,White,01/2020,11,5.6,2025-04-12
Census Tract,12031014312,White,02/2020,6,1.2,2025-04-12
Census Tract,12031014312,White,03/2020,5,2.8,2025-04-12
Census Tract,12031014312,White,04/2020,1,3,2025-04-12
Census Tract,12031014312,White,05/2020,0,2.4,2025-04-12
Census Tract,12031014312,White,06/2020,1,4,2025-04-12
Census Tract,12031014312,White,07/2020,0,3.4,2025-04-12
Census Tract,12031014312,White,08/2020,1,3,2025-04-12
Census Tract,12031014312,White,09/2020,6,2.4,2025-04-12
Census Tract,12031014312,White,10/2020,13,2.8,2025-04-12
Census Tract,12031014312,White,11/2020,4,3,2025-04-12
Census Tract,12031014312,White,12/2020,6,2.6,2025-04-12
Census Tract,12031014312,White,01/2021,10,5.6,2025-04-12
Census Tract,12031014312,White,02/2021,8,1.2,2025-04-12
Census Tract,12031014312,White,03/2021,8,2.8,2025-04-12
Census Tract,12031014312,White,04/2021,1,3,2025-04-12
Census Tract,12031014312,White,05/2021,6,2.4,2025-04-12
Census Tract,12031014312,White,06/2021,4,4,2025-04-12
Census Tract,12031014312,White,07/2021,10,3.4,2025-04-12
Census Tract,12031014312,White,08/2021,9,3,2025-04-12
Census Tract,12031014312,White,09/2021,9,2.4,2025-04-12
Census Tract,12031014312,White,10/2021,9,2.8,2025-04-12
Census Tract,12031014312,White,11/2021,5,3,2025-04-12
Census Tract,12031014312,White,12/2021,4,2.6,2025-04-12
Census Tract,12031014312,White,01/2022,1,5.6,2025-04-12
Census Tract,12031014312,White,02/2022,5,1.2,2025-04-12
Census Tract,12031014312,White,03/2022,4,2.8,2025-04-12
Census Tract,12031014312,White,04/2022,11,3,2025-04-12
Census Tract,12031014312,White,05/2022,7,2.4,2025-04-12
Census Tract,12031014312,White,06/2022,10,4,2025-04-12
Census Tract,12031014312,White,07/2022,3,3.4,2025-04-12
Census Tract,12031014312,White,08/2022,12,3,2025-04-12
Census Tract,12031014312,White,09/2022,3,2.4,2025-04-12
Census Tract,12031014312,White,10/2022,6,2.8,2025-04-12
Census Tract,12031014312,White,11/2022,3,3,2025-04-12
Census Tract,12031014312,White,12/2022,4,2.6,2025-04-12
Census Tract,12031014312,White,01/2023,3,5.6,2025-04-12
Census Tract,12031014312,White,02/2023,6,1.2,2025-04-12
Census Tract,12031014312,White,03/2023,12,2.8,2025-04-12
Census Tract,12031014312,White,04/2023,2,3,2025-04-12
Census Tract,12031014312,White,05/2023,11,2.4,2025-04-12
Census Tract,12031014312,White,06/2023,6,4,2025-04-12
Census Tract,12031014312,White,07/2023,7,3.4,2025-04-12
Census Tract,12031014312,White,08/2023,4,3,2025-04-12
Census Tract,12031014312,White,09/2023,14,2.4,2025-04-12
Census Tract,12031014312,White,10/2023,6,2.8,2025-04-12
Census Tract,12031014312,White,11/2023,9,3,2025-04-12
Census Tract,12031014312,White,12/2023,9,2.6,2025-04-12
Census Tract,12031014312,White,01/2024,6,5.6,2025-04-12
Census Tract,12031014312,White,02/2024,6,1.2,2025-04-12
Census Tract,12031014312,White,03/2024,4,2.8,2025-04-12
Census Tract,12031014312,White,04/2024,3,3,2025-04-12
Census Tract,12031014312,White,05/2024,5,2.4,2025-04-12
Census Tract,12031014312,White,06/2024,6,4,2025-04-12
Census Tract,12031014312,White,07/2024,3,3.4,2025-04-12
Census Tract,12031014312,White,08/2024,9,3,2025-04-12
Census Tract,12031014312,White,09/2024,2,2.4,2025-04-12
Census Tract,12031014312,White,10/2024,2,2.8,2025-04-12
Census Tract,12031014312,White,11/2024,2,3,2025-04-12
Census Tract,12031014312,White,12/2024,6,2.6,2025-04-12
Census Tract,12031014312,White,01/2025,4,5.6,2025-04-12
Census Tract,12031014312,White,02/2025,6,1.2,2025-04-12
Census Tract,12031014312,White,03/2025,6,2.8,2025-04-12
Census Tract,12031014312,White,04/2025,0,0.6,2025-04-12
Census Tract,12031014328,White,01/2020,3,1.4,2025-04-12
Census Tract,12031014328,White,02/2020,2,2.2,2025-04-12
Census Tract,12031014328,White,03/2020,5,1.8,2025-04-12
Census Tract,12031014328,White,04/2020,0,1.2,2025-04-12
Census Tract,12031014328,White,05/2020,0,3,2025-04-12
Census Tract,12031014328,White,06/2020,0,1.2,2025-04-12
Census Tract,12031014328,White,07/2020,0,2.2,2025-04-12
Census Tract,12031014328,White,08/2020,0,2,2025-04-12
Census Tract,12031014328,White,09/2020,2,1.6,2025-04-12
Census Tract,12031014328,White,10/2020,5,2,2025-04-12
Census Tract,12031014328,White,11/2020,1,1,2025-04-12
Census Tract,12031014328,White,12/2020,0,1.8,2025-04-12
Census Tract,12031014328,White,01/2021,1,1.4,2025-04-12
Census Tract,12031014328,White,02/2021,1,2,2025-04-12
Census Tract,12031014328,White,03/2021,1,1.8,2025-04-12
Census Tract,12031014328,White,04/2021,0,1.2,2025-04-12
Census Tract,12031014328,White,05/2021,0,3,2025-04-12
Census Tract,12031014328,White,06/2021,3,1.2,2025-04-12
Census Tract,12031014328,White,07/2021,2,2.2,2025-04-12
Census Tract,12031014328,White,08/2021,3,2,2025-04-12
Census Tract,12031014328,White,09/2021,2,1.6,2025-04-12
Census Tract,12031014328,White,10/2021,5,2,2025-04-12
Census Tract,12031014328,White,11/2021,0,1,2025-04-12
Census Tract,12031014328,White,12/2021,4,1.8,2025-04-12
Census Tract,12031014328,White,01/2022,4,1.4,2025-04-12
Census Tract,12031014328,White,02/2022,7,2,2025-04-12
Census Tract,12031014328,White,03/2022,1,1.8,2025-04-12
Census Tract,12031014328,White,04/2022,5,1.2,2025-04-12
Census Tract,12031014328,White,05/2022,2,3,2025-04-12
Census Tract,12031014328,White,06/2022,1,1.2,2025-04-12
Census Tract,12031014328,White,07/2022,5,2.2,2025-04-12
Census Tract,12031014328,White,08/2022,7,2,2025-04-12
Census Tract,12031014328,White,09/2022,7,1.6,2025-04-12
Census Tract,12031014328,White,10/2022,10,2,2025-04-12
Census Tract,12031014328,White,11/2022,3,1,2025-04-12
Census Tract,12031014328,White,12/2022,4,1.8,2025-04-12
Census Tract,12031014328,White,01/2023,8,1.4,2025-04-12
Census Tract,12031014328,White,02/2023,6,2,2025-04-12
Census Tract,12031014328,White,03/2023,4,1.8,2025-04-12
Census Tract,12031014328,White,04/2023,9,1.2,2025-04-12
Census Tract,12031014328,White,05/2023,5,3,2025-04-12
Census Tract,12031014328,White,06/2023,5,1.2,2025-04-12
Census Tract,12031014328,White,07/2023,5,2.2,2025-04-12
Census Tract,12031014328,White,08/2023,5,2,2025-04-12
Census Tract,12031014328,White,09/2023,7,1.6,2025-04-12
Census Tract,12031014328,White,10/2023,10,2,2025-04-12
Census Tract,12031014328,White,11/2023,6,1,2025-04-12
Census Tract,12031014328,White,12/2023,3,1.8,2025-04-12
Census Tract,12031014328,White,01/2024,8,1.4,2025-04-12
Census Tract,12031014328,White,02/2024,4,2.2,2025-04-12
Census Tract,12031014328,White,03/2024,2,1.8,2025-04-12
Census Tract,12031014328,White,04/2024,3,1.2,2025-04-12
Census Tract,12031014328,White,05/2024,8,3,2025-04-12
Census Tract,12031014328,White,06/2024,2,1.2,2025-04-12
Census Tract,12031014328,White,07/2024,2,2.2,2025-04-12
Census Tract,12031014328,White,08/2024,2,2,2025-04-12
Census Tract,12031014328,White,09/2024,3,1.6,2025-04-12
Census Tract,12031014328,White,10/2024,3,2,2025-04-12
Census Tract,12031014328,White,11/2024,2,1,2025-04-12
Census Tract,12031014328,White,12/2024,7,1.8,2025-04-12
Census Tract,12031014328,White,01/2025,5,1.4,2025-04-12
Census Tract,12031014328,White,02/2025,3,2,2025-04-12
Census Tract,12031014328,White,03/2025,1,1.8,2025-04-12
Census Tract,12031014328,White,04/2025,0,0,2025-04-12
Census Tract,12031014329,White,01/2020,0,0.6,2025-04-12
Census Tract,12031014329,White,02/2020,0,0.2,2025-04-12
Census Tract,12031014329,White,03/2020,1,0,2025-04-12
Census Tract,12031014329,White,04/2020,0,0.6,2025-04-12
Census Tract,12031014329,White,05/2020,0,0.4,2025-04-12
Census Tract,12031014329,White,06/2020,1,0.4,2025-04-12
Census Tract,12031014329,White,07/2020,1,0.6,2025-04-12
Census Tract,12031014329,White,08/2020,0,0.6,2025-04-12
Census Tract,12031014329,White,09/2020,0,0.8,2025-04-12
Census Tract,12031014329,White,10/2020,1,0.2,2025-04-12
Census Tract,12031014329,White,11/2020,0,0,2025-04-12
Census Tract,12031014329,White,12/2020,0,0.4,2025-04-12
Census Tract,12031014329,White,01/2021,0,0.6,2025-04-12
Census Tract,12031014329,White,02/2021,2,0.2,2025-04-12
Census Tract,12031014329,White,03/2021,0,0,2025-04-12
Census Tract,12031014329,White,04/2021,0,0.6,2025-04-12
Census Tract,12031014329,White,05/2021,1,0.4,2025-04-12
Census Tract,12031014329,White,06/2021,0,0.4,2025-04-12
Census Tract,12031014329,White,07/2021,0,0.6,2025-04-12
Census Tract,12031014329,White,08/2021,0,0.6,2025-04-12
Census Tract,12031014329,White,09/2021,1,0.8,2025-04-12
Census Tract,12031014329,White,10/2021,1,0.2,2025-04-12
Census Tract,12031014329,White,11/2021,0,0,2025-04-12
Census Tract,12031014329,White,12/2021,0,0.4,2025-04-12
Census Tract,12031014329,White,01/2022,0,0.6,2025-04-12
Census Tract,12031014329,White,02/2022,0,0.2,2025-04-12
Census Tract,12031014329,White,03/2022,0,0,2025-04-12
Census Tract,12031014329,White,04/2022,3,0.6,2025-04-12
Census Tract,12031014329,White,05/2022,0,0.4,2025-04-12
Census Tract,12031014329,White,06/2022,0,0.4,2025-04-12
Census Tract,12031014329,White,07/2022,0,0.6,2025-04-12
Census Tract,12031014329,White,08/2022,0,0.6,2025-04-12
Census Tract,12031014329,White,09/2022,1,0.8,2025-04-12
Census Tract,12031014329,White,10/2022,1,0.2,2025-04-12
Census Tract,12031014329,White,11/2022,0,0,2025-04-12
Census Tract,12031014329,White,12/2022,0,0.4,2025-04-12
Census Tract,12031014329,White,01/2023,0,0.6,2025-04-12
Census Tract,12031014329,White,02/2023,1,0.2,2025-04-12
Census Tract,12031014329,White,03/2023,1,0,2025-04-12
Census Tract,12031014329,White,04/2023,1,0.6,2025-04-12
Census Tract,12031014329,White,05/2023,1,0.4,2025-04-12
Census Tract,12031014329,White,06/2023,0,0.4,2025-04-12
Census Tract,12031014329,White,07/2023,0,0.6,2025-04-12
Census Tract,12031014329,White,08/2023,0,0.6,2025-04-12
Census Tract,12031014329,White,09/2023,1,0.8,2025-04-12
Census Tract,12031014329,White,10/2023,0,0.2,2025-04-12
Census Tract,12031014329,White,11/2023,1,0,2025-04-12
Census Tract,12031014329,White,12/2023,0,0.4,2025-04-12
Census Tract,12031014329,White,01/2024,1,0.6,2025-04-12
Census Tract,12031014329,White,02/2024,0,0.2,2025-04-12
Census Tract,12031014329,White,03/2024,0,0,2025-04-12
Census Tract,12031014329,White,04/2024,0,0.6,2025-04-12
Census Tract,12031014329,White,05/2024,0,0.4,2025-04-12
Census Tract,12031014329,White,06/2024,0,0.4,2025-04-12
Census Tract,12031014329,White,07/2024,0,0.6,2025-04-12
Census Tract,12031014329,White,08/2024,0,0.6,2025-04-12
Census Tract,12031014329,White,09/2024,0,0.8,2025-04-12
Census Tract,12031014329,White,10/2024,0,0.2,2025-04-12
Census Tract,12031014329,White,11/2024,1,0,2025-04-12
Census Tract,12031014329,White,12/2024,0,0.4,2025-04-12
Census Tract,12031014329,White,01/2025,0,0.6,2025-04-12
Census Tract,12031014329,White,02/2025,1,0.2,2025-04-12
Census Tract,12031014329,White,03/2025,0,0,2025-04-12
Census Tract,12031014329,White,04/2025,0,0,2025-04-12
Census Tract,12031014330,White,01/2020,0,0.2,2025-04-12
Census Tract,12031014330,White,02/2020,0,0,2025-04-12
Census Tract,12031014330,White,03/2020,1,0.2,2025-04-12
Census Tract,12031014330,White,04/2020,0,0,2025-04-12
Census Tract,12031014330,White,05/2020,0,0.2,2025-04-12
Census Tract,12031014330,White,06/2020,0,0.2,2025-04-12
Census Tract,12031014330,White,07/2020,0,0.2,2025-04-12
Census Tract,12031014330,White,08/2020,0,0,2025-04-12
Census Tract,12031014330,White,09/2020,0,0.4,2025-04-12
Census Tract,12031014330,White,10/2020,0,0,2025-04-12
Census Tract,12031014330,White,11/2020,0,0.4,2025-04-12
Census Tract,12031014330,White,12/2020,0,0.4,2025-04-12
Census Tract,12031014330,White,01/2021,0,0.2,2025-04-12
Census Tract,12031014330,White,02/2021,0,0,2025-04-12
Census Tract,12031014330,White,03/2021,0,0.2,2025-04-12
Census Tract,12031014330,White,04/2021,0,0,2025-04-12
Census Tract,12031014330,White,05/2021,0,0.2,2025-04-12
Census Tract,12031014330,White,06/2021,0,0.2,2025-04-12
Census Tract,12031014330,White,07/2021,0,0.2,2025-04-12
Census Tract,12031014330,White,08/2021,0,0,2025-04-12
Census Tract,12031014330,White,09/2021,0,0.4,2025-04-12
Census Tract,12031014330,White,10/2021,2,0,2025-04-12
Census Tract,12031014330,White,11/2021,2,0.4,2025-04-12
Census Tract,12031014330,White,12/2021,1,0.4,2025-04-12
Census Tract,12031014330,White,01/2022,1,0.2,2025-04-12
Census Tract,12031014330,White,02/2022,1,0,2025-04-12
Census Tract,12031014330,White,03/2022,0,0.2,2025-04-12
Census Tract,12031014330,White,04/2022,0,0,2025-04-12
Census Tract,12031014330,White,05/2022,0,0.2,2025-04-12
Census Tract,12031014330,White,06/2022,0,0.2,2025-04-12
Census Tract,12031014330,White,07/2022,3,0.2,2025-04-12
Census Tract,12031014330,White,08/2022,0,0,2025-04-12
Census Tract,12031014330,White,09/2022,0,0.4,2025-04-12
Census Tract,12031014330,White,10/2022,1,0,2025-04-12
Census Tract,12031014330,White,11/2022,0,0.4,2025-04-12
Census Tract,12031014330,White,12/2022,0,0.4,2025-04-12
Census Tract,12031014330,White,01/2023,0,0.2,2025-04-12
Census Tract,12031014330,White,02/2023,0,0,2025-04-12
Census Tract,12031014330,White,03/2023,0,0.2,2025-04-12
Census Tract,12031014330,White,04/2023,0,0,2025-04-12
Census Tract,12031014330,White,05/2023,0,0.2,2025-04-12
Census Tract,12031014330,White,06/2023,0,0.2,2025-04-12
Census Tract,12031014330,White,07/2023,0,0.2,2025-04-12
Census Tract,12031014330,White,08/2023,0,0,2025-04-12
Census Tract,12031014330,White,09/2023,0,0.4,2025-04-12
Census Tract,12031014330,White,10/2023,0,0,2025-04-12
Census Tract,12031014330,White,11/2023,1,0.4,2025-04-12
Census Tract,12031014330,White,12/2023,0,0.4,2025-04-12
Census Tract,12031014330,White,01/2024,0,0.2,2025-04-12
Census Tract,12031014330,White,02/2024,1,0,2025-04-12
Census Tract,12031014330,White,03/2024,0,0.2,2025-04-12
Census Tract,12031014330,White,04/2024,1,0,2025-04-12
Census Tract,12031014330,White,05/2024,0,0.2,2025-04-12
Census Tract,12031014330,White,06/2024,0,0.2,2025-04-12
Census Tract,12031014330,White,07/2024,0,0.2,2025-04-12
Census Tract,12031014330,White,08/2024,1,0,2025-04-12
Census Tract,12031014330,White,09/2024,1,0.4,2025-04-12
Census Tract,12031014330,White,10/2024,0,0,2025-04-12
Census Tract,12031014330,White,11/2024,0,0.4,2025-04-12
Census Tract,12031014330,White,12/2024,0,0.4,2025-04-12
Census Tract,12031014330,White,01/2025,0,0.2,2025-04-12
Census Tract,12031014330,White,02/2025,1,0,2025-04-12
Census Tract,12031014330,White,03/2025,1,0.2,2025-04-12
Census Tract,12031014330,White,04/2025,0,0,2025-04-12
Census Tract,12031014331,Other,01/2020,7,13.2,2025-04-12
Census Tract,12031014331,Other,02/2020,5,14,2025-04-12
Census Tract,12031014331,Other,03/2020,4,9.8,2025-04-12
Census Tract,12031014331,Other,04/2020,0,10.8,2025-04-12
Census Tract,12031014331,Other,05/2020,0,13.2,2025-04-12
Census Tract,12031014331,Other,06/2020,0,17.2,2025-04-12
Census Tract,12031014331,Other,07/2020,0,17.2,2025-04-12
Census Tract,12031014331,Other,08/2020,13,12.4,2025-04-12
Census Tract,12031014331,Other,09/2020,7,13,2025-04-12
Census Tract,12031014331,Other,10/2020,5,11.4,2025-04-12
Census Tract,12031014331,Other,11/2020,12,11.2,2025-04-12
Census Tract,12031014331,Other,12/2020,15,15.4,2025-04-12
Census Tract,12031014331,Other,01/2021,4,13.2,2025-04-12
Census Tract,12031014331,Other,02/2021,6,13.8,2025-04-12
Census Tract,12031014331,Other,03/2021,4,9.8,2025-04-12
Census Tract,12031014331,Other,04/2021,1,10.8,2025-04-12
Census Tract,12031014331,Other,05/2021,1,13.2,2025-04-12
Census Tract,12031014331,Other,06/2021,3,17.2,2025-04-12
Census Tract,12031014331,Other,07/2021,2,17.2,2025-04-12
Census Tract,12031014331,Other,08/2021,4,12.4,2025-04-12
Census Tract,12031014331,Other,09/2021,0,13,2025-04-12
Census Tract,12031014331,Other,10/2021,2,11.4,2025-04-12
Census Tract,12031014331,Other,11/2021,2,11.2,2025-04-12
Census Tract,12031014331,Other,12/2021,0,15.4,2025-04-12
Census Tract,12031014331,Other,01/2022,2,13.2,2025-04-12
Census Tract,12031014331,Other,02/2022,4,13.8,2025-04-12
Census Tract,12031014331,Other,03/2022,8,9.8,2025-04-12
Census Tract,12031014331,Other,04/2022,3,10.8,2025-04-12
Census Tract,12031014331,Other,05/2022,3,13.2,2025-04-12
Census Tract,12031014331,Other,06/2022,9,17.2,2025-04-12
Census Tract,12031014331,Other,07/2022,8,17.2,2025-04-12
Census Tract,12031014331,Other,08/2022,9,12.4,2025-04-12
Census Tract,12031014331,Other,09/2022,5,13,2025-04-12
Census Tract,12031014331,Other,10/2022,3,11.4,2025-04-12
Census Tract,12031014331,Other,11/2022,5,11.2,2025-04-12
Census Tract,12031014331,Other,12/2022,5,15.4,2025-04-12
Census Tract,12031014331,Other,01/2023,4,13.2,2025-04-12
Census Tract,12031014331,Other,02/2023,3,13.8,2025-04-12
Census Tract,12031014331,Other,03/2023,6,9.8,2025-04-12
Census Tract,12031014331,Other,04/2023,4,10.8,2025-04-12
Census Tract,12031014331,Other,05/2023,3,13.2,2025-04-12
Census Tract,12031014331,Other,06/2023,8,17.2,2025-04-12
Census Tract,12031014331,Other,07/2023,2,17.2,2025-04-12
Census Tract,12031014331,Other,08/2023,6,12.4,2025-04-12
Census Tract,12031014331,Other,09/2023,1,13,2025-04-12
Census Tract,12031014331,Other,10/2023,3,11.4,2025-04-12
Census Tract,12031014331,Other,11/2023,6,11.2,2025-04-12
Census Tract,12031014331,Other,12/2023,0,15.4,2025-04-12
Census Tract,12031014331,Other,01/2024,8,13.2,2025-04-12
Census Tract,12031014331,Other,02/2024,3,14,2025-04-12
Census Tract,12031014331,Other,03/2024,6,9.8,2025-04-12
Census Tract,12031014331,Other,04/2024,4,10.8,2025-04-12
Census Tract,12031014331,Other,05/2024,3,13.2,2025-04-12
Census Tract,12031014331,Other,06/2024,3,17.2,2025-04-12
Census Tract,12031014331,Other,07/2024,3,17.2,2025-04-12
Census Tract,12031014331,Other,08/2024,5,12.4,2025-04-12
Census Tract,12031014331,Other,09/2024,1,13,2025-04-12
Census Tract,12031014331,Other,10/2024,3,11.4,2025-04-12
Census Tract,12031014331,Other,11/2024,2,11.2,2025-04-12
Census Tract,12031014331,Other,12/2024,5,15.4,2025-04-12
Census Tract,12031014331,Other,01/2025,5,13.2,2025-04-12
Census Tract,12031014331,Other,02/2025,2,13.8,2025-04-12
Census Tract,12031014331,Other,03/2025,4,9.8,2025-04-12
Census Tract,12031014331,Other,04/2025,0,2.4,2025-04-12
Census Tract,12031014333,White,01/2020,1,1,2025-04-12
Census Tract,12031014333,White,02/2020,2,0.2,2025-04-12
Census Tract,12031014333,White,03/2020,0,1,2025-04-12
Census Tract,12031014333,White,04/2020,0,1.2,2025-04-12
Census Tract,12031014333,White,05/2020,0,0.4,2025-04-12
Census Tract,12031014333,White,06/2020,0,0.4,2025-04-12
Census Tract,12031014333,White,07/2020,0,1.6,2025-04-12
Census Tract,12031014333,White,08/2020,0,1,2025-04-12
Census Tract,12031014333,White,09/2020,1,1,2025-04-12
Census Tract,12031014333,White,10/2020,0,1.6,2025-04-12
Census Tract,12031014333,White,11/2020,1,0.8,2025-04-12
Census Tract,12031014333,White,12/2020,0,0.8,2025-04-12
Census Tract,12031014333,White,01/2021,0,1,2025-04-12
Census Tract,12031014333,White,02/2021,0,0.2,2025-04-12
Census Tract,12031014333,White,03/2021,0,1,2025-04-12
Census Tract,12031014333,White,04/2021,1,1.2,2025-04-12
Census Tract,12031014333,White,05/2021,0,0.4,2025-04-12
Census Tract,12031014333,White,06/2021,1,0.4,2025-04-12
Census Tract,12031014333,White,07/2021,0,1.6,2025-04-12
Census Tract,12031014333,White,08/2021,0,1,2025-04-12
Census Tract,12031014333,White,09/2021,2,1,2025-04-12
Census Tract,12031014333,White,10/2021,1,1.6,2025-04-12
Census Tract,12031014333,White,11/2021,0,0.8,2025-04-12
Census Tract,12031014333,White,12/2021,1,0.8,2025-04-12
Census Tract,12031014333,White,01/2022,0,1,2025-04-12
Census Tract,12031014333,White,02/2022,0,0.2,2025-04-12
Census Tract,12031014333,White,03/2022,0,1,2025-04-12
Census Tract,12031014333,White,04/2022,0,1.2,2025-04-12
Census Tract,12031014333,White,05/2022,0,0.4,2025-04-12
Census Tract,12031014333,White,06/2022,0,0.4,2025-04-12
Census Tract,12031014333,White,07/2022,0,1.6,2025-04-12
Census Tract,12031014333,White,08/2022,1,1,2025-04-12
Census Tract,12031014333,White,09/2022,2,1,2025-04-12
Census Tract,12031014333,White,10/2022,1,1.6,2025-04-12
Census Tract,12031014333,White,11/2022,1,0.8,2025-04-12
Census Tract,12031014333,White,12/2022,0,0.8,2025-04-12
Census Tract,12031014333,White,01/2023,0,1,2025-04-12
Census Tract,12031014333,White,02/2023,0,0.2,2025-04-12
Census Tract,12031014333,White,03/2023,0,1,2025-04-12
Census Tract,12031014333,White,04/2023,1,1.2,2025-04-12
Census Tract,12031014333,White,05/2023,0,0.4,2025-04-12
Census Tract,12031014333,White,06/2023,0,0.4,2025-04-12
Census Tract,12031014333,White,07/2023,0,1.6,2025-04-12
Census Tract,12031014333,White,08/2023,0,1,2025-04-12
Census Tract,12031014333,White,09/2023,1,1,2025-04-12
Census Tract,12031014333,White,10/2023,0,1.6,2025-04-12
Census Tract,12031014333,White,11/2023,0,0.8,2025-04-12
Census Tract,12031014333,White,12/2023,2,0.8,2025-04-12
Census Tract,12031014333,White,01/2024,0,1,2025-04-12
Census Tract,12031014333,White,02/2024,0,0.2,2025-04-12
Census Tract,12031014333,White,03/2024,1,1,2025-04-12
Census Tract,12031014333,White,04/2024,0,1.2,2025-04-12
Census Tract,12031014333,White,05/2024,2,0.4,2025-04-12
Census Tract,12031014333,White,06/2024,2,0.4,2025-04-12
Census Tract,12031014333,White,07/2024,2,1.6,2025-04-12
Census Tract,12031014333,White,08/2024,2,1,2025-04-12
Census Tract,12031014333,White,09/2024,1,1,2025-04-12
Census Tract,12031014333,White,10/2024,0,1.6,2025-04-12
Census Tract,12031014333,White,11/2024,0,0.8,2025-04-12
Census Tract,12031014333,White,12/2024,0,0.8,2025-04-12
Census Tract,12031014333,White,01/2025,1,1,2025-04-12
Census Tract,12031014333,White,02/2025,0,0.2,2025-04-12
Census Tract,12031014333,White,03/2025,0,1,2025-04-12
Census Tract,12031014333,White,04/2025,0,0.4,2025-04-12
Census Tract,12031014334,White,01/2020,2,2.2,2025-04-12
Census Tract,12031014334,White,02/2020,4,2,2025-04-12
Census Tract,12031014334,White,03/2020,1,3.8,2025-04-12
Census Tract,12031014334,White,04/2020,0,2.4,2025-04-12
Census Tract,12031014334,White,05/2020,0,2.4,2025-04-12
Census Tract,12031014334,White,06/2020,0,3.6,2025-04-12
Census Tract,12031014334,White,07/2020,0,4.6,2025-04-12
Census Tract,12031014334,White,08/2020,0,2.4,2025-04-12
Census Tract,12031014334,White,09/2020,3,2.6,2025-04-12
Census Tract,12031014334,White,10/2020,6,1.6,2025-04-12
Census Tract,12031014334,White,11/2020,5,1.6,2025-04-12
Census Tract,12031014334,White,12/2020,6,2.6,2025-04-12
Census Tract,12031014334,White,01/2021,1,2.2,2025-04-12
Census Tract,12031014334,White,02/2021,3,2,2025-04-12
Census Tract,12031014334,White,03/2021,3,3.8,2025-04-12
Census Tract,12031014334,White,04/2021,3,2.4,2025-04-12
Census Tract,12031014334,White,05/2021,2,2.4,2025-04-12
Census Tract,12031014334,White,06/2021,5,3.6,2025-04-12
Census Tract,12031014334,White,07/2021,0,4.6,2025-04-12
Census Tract,12031014334,White,08/2021,1,2.4,2025-04-12
Census Tract,12031014334,White,09/2021,1,2.6,2025-04-12
Census Tract,12031014334,White,10/2021,3,1.6,2025-04-12
Census Tract,12031014334,White,11/2021,0,1.6,2025-04-12
Census Tract,12031014334,White,12/2021,0,2.6,2025-04-12
Census Tract,12031014334,White,01/2022,0,2.2,2025-04-12
Census Tract,12031014334,White,02/2022,1,2,2025-04-12
Census Tract,12031014334,White,03/2022,3,3.8,2025-04-12
Census Tract,12031014334,White,04/2022,0,2.4,2025-04-12
Census Tract,12031014334,White,05/2022,2,2.4,2025-04-12
Census Tract,12031014334,White,06/2022,0,3.6,2025-04-12
Census Tract,12031014334,White,07/2022,3,4.6,2025-04-12
Census Tract,12031014334,White,08/2022,5,2.4,2025-04-12
Census Tract,12031014334,White,09/2022,6,2.6,2025-04-12
Census Tract,12031014334,White,10/2022,2,1.6,2025-04-12
Census Tract,12031014334,White,11/2022,2,1.6,2025-04-12
Census Tract,12031014334,White,12/2022,4,2.6,2025-04-12
Census Tract,12031014334,White,01/2023,0,2.2,2025-04-12
Census Tract,12031014334,White,02/2023,1,2,2025-04-12
Census Tract,12031014334,White,03/2023,0,3.8,2025-04-12
Census Tract,12031014334,White,04/2023,2,2.4,2025-04-12
Census Tract,12031014334,White,05/2023,7,2.4,2025-04-12
Census Tract,12031014334,White,06/2023,4,3.6,2025-04-12
Census Tract,12031014334,White,07/2023,2,4.6,2025-04-12
Census Tract,12031014334,White,08/2023,3,2.4,2025-04-12
Census Tract,12031014334,White,09/2023,0,2.6,2025-04-12
Census Tract,12031014334,White,10/2023,5,1.6,2025-04-12
Census Tract,12031014334,White,11/2023,3,1.6,2025-04-12
Census Tract,12031014334,White,12/2023,6,2.6,2025-04-12
Census Tract,12031014334,White,01/2024,1,2.2,2025-04-12
Census Tract,12031014334,White,02/2024,6,2,2025-04-12
Census Tract,12031014334,White,03/2024,3,3.8,2025-04-12
Census Tract,12031014334,White,04/2024,4,2.4,2025-04-12
Census Tract,12031014334,White,05/2024,3,2.4,2025-04-12
Census Tract,12031014334,White,06/2024,3,3.6,2025-04-12
Census Tract,12031014334,White,07/2024,3,4.6,2025-04-12
Census Tract,12031014334,White,08/2024,5,2.4,2025-04-12
Census Tract,12031014334,White,09/2024,1,2.6,2025-04-12
Census Tract,12031014334,White,10/2024,0,1.6,2025-04-12
Census Tract,12031014334,White,11/2024,0,1.6,2025-04-12
Census Tract,12031014334,White,12/2024,5,2.6,2025-04-12
Census Tract,12031014334,White,01/2025,10,2.2,2025-04-12
Census Tract,12031014334,White,02/2025,7,2,2025-04-12
Census Tract,12031014334,White,03/2025,3,3.8,2025-04-12
Census Tract,12031014334,White,04/2025,0,0,2025-04-12
Census Tract,12031014335,White,01/2020,2,1,2025-04-12
Census Tract,12031014335,White,02/2020,2,1.2,2025-04-12
Census Tract,12031014335,White,03/2020,1,0.4,2025-04-12
Census Tract,12031014335,White,04/2020,0,1,2025-04-12
Census Tract,12031014335,White,05/2020,0,1,2025-04-12
Census Tract,12031014335,White,06/2020,0,2,2025-04-12
Census Tract,12031014335,White,07/2020,0,0.6,2025-04-12
Census Tract,12031014335,White,08/2020,0,1.2,2025-04-12
Census Tract,12031014335,White,09/2020,0,1.4,2025-04-12
Census Tract,12031014335,White,10/2020,1,0.4,2025-04-12
Census Tract,12031014335,White,11/2020,0,1,2025-04-12
Census Tract,12031014335,White,12/2020,0,0.8,2025-04-12
Census Tract,12031014335,White,01/2021,0,1,2025-04-12
Census Tract,12031014335,White,02/2021,0,1.2,2025-04-12
Census Tract,12031014335,White,03/2021,0,0.4,2025-04-12
Census Tract,12031014335,White,04/2021,0,1,2025-04-12
Census Tract,12031014335,White,05/2021,0,1,2025-04-12
Census Tract,12031014335,White,06/2021,1,2,2025-04-12
Census Tract,12031014335,White,07/2021,0,0.6,2025-04-12
Census Tract,12031014335,White,08/2021,0,1.2,2025-04-12
Census Tract,12031014335,White,09/2021,0,1.4,2025-04-12
Census Tract,12031014335,White,10/2021,1,0.4,2025-04-12
Census Tract,12031014335,White,11/2021,0,1,2025-04-12
Census Tract,12031014335,White,12/2021,0,0.8,2025-04-12
Census Tract,12031014335,White,01/2022,1,1,2025-04-12
Census Tract,12031014335,White,02/2022,1,1.2,2025-04-12
Census Tract,12031014335,White,03/2022,1,0.4,2025-04-12
Census Tract,12031014335,White,04/2022,0,1,2025-04-12
Census Tract,12031014335,White,05/2022,1,1,2025-04-12
Census Tract,12031014335,White,06/2022,2,2,2025-04-12
Census Tract,12031014335,White,07/2022,0,0.6,2025-04-12
Census Tract,12031014335,White,08/2022,0,1.2,2025-04-12
Census Tract,12031014335,White,09/2022,2,1.4,2025-04-12
Census Tract,12031014335,White,10/2022,0,0.4,2025-04-12
Census Tract,12031014335,White,11/2022,0,1,2025-04-12
Census Tract,12031014335,White,12/2022,3,0.8,2025-04-12
Census Tract,12031014335,White,01/2023,1,1,2025-04-12
Census Tract,12031014335,White,02/2023,0,1.2,2025-04-12
Census Tract,12031014335,White,03/2023,0,0.4,2025-04-12
Census Tract,12031014335,White,04/2023,1,1,2025-04-12
Census Tract,12031014335,White,05/2023,2,1,2025-04-12
Census Tract,12031014335,White,06/2023,1,2,2025-04-12
Census Tract,12031014335,White,07/2023,0,0.6,2025-04-12
Census Tract,12031014335,White,08/2023,1,1.2,2025-04-12
Census Tract,12031014335,White,09/2023,1,1.4,2025-04-12
Census Tract,12031014335,White,10/2023,1,0.4,2025-04-12
Census Tract,12031014335,White,11/2023,1,1,2025-04-12
Census Tract,12031014335,White,12/2023,2,0.8,2025-04-12
Census Tract,12031014335,White,01/2024,1,1,2025-04-12
Census Tract,12031014335,White,02/2024,1,1.2,2025-04-12
Census Tract,12031014335,White,03/2024,0,0.4,2025-04-12
Census Tract,12031014335,White,04/2024,0,1,2025-04-12
Census Tract,12031014335,White,05/2024,1,1,2025-04-12
Census Tract,12031014335,White,06/2024,0,2,2025-04-12
Census Tract,12031014335,White,07/2024,0,0.6,2025-04-12
Census Tract,12031014335,White,08/2024,0,1.2,2025-04-12
Census Tract,12031014335,White,09/2024,0,1.4,2025-04-12
Census Tract,12031014335,White,10/2024,1,0.4,2025-04-12
Census Tract,12031014335,White,11/2024,0,1,2025-04-12
Census Tract,12031014335,White,12/2024,1,0.8,2025-04-12
Census Tract,12031014335,White,01/2025,0,1,2025-04-12
Census Tract,12031014335,White,02/2025,2,1.2,2025-04-12
Census Tract,12031014335,White,03/2025,1,0.4,2025-04-12
Census Tract,12031014335,White,04/2025,0,0.4,2025-04-12
Census Tract,12031014336,White,01/2020,1,1,2025-04-12
Census Tract,12031014336,White,02/2020,0,1.2,2025-04-12
Census Tract,12031014336,White,03/2020,0,1.4,2025-04-12
Census Tract,12031014336,White,04/2020,0,1.2,2025-04-12
Census Tract,12031014336,White,05/2020,0,1,2025-04-12
Census Tract,12031014336,White,06/2020,0,1.2,2025-04-12
Census Tract,12031014336,White,07/2020,0,1.4,2025-04-12
Census Tract,12031014336,White,08/2020,0,1.2,2025-04-12
Census Tract,12031014336,White,09/2020,1,1.4,2025-04-12
Census Tract,12031014336,White,10/2020,1,1,2025-04-12
Census Tract,12031014336,White,11/2020,9,0.8,2025-04-12
Census Tract,12031014336,White,12/2020,1,1.4,2025-04-12
Census Tract,12031014336,White,01/2021,2,1,2025-04-12
Census Tract,12031014336,White,02/2021,0,1.2,2025-04-12
Census Tract,12031014336,White,03/2021,0,1.4,2025-04-12
Census Tract,12031014336,White,04/2021,0,1.2,2025-04-12
Census Tract,12031014336,White,05/2021,0,1,2025-04-12
Census Tract,12031014336,White,06/2021,0,1.2,2025-04-12
Census Tract,12031014336,White,07/2021,4,1.4,2025-04-12
Census Tract,12031014336,White,08/2021,0,1.2,2025-04-12
Census Tract,12031014336,White,09/2021,1,1.4,2025-04-12
Census Tract,12031014336,White,10/2021,1,1,2025-04-12
Census Tract,12031014336,White,11/2021,0,0.8,2025-04-12
Census Tract,12031014336,White,12/2021,0,1.4,2025-04-12
Census Tract,12031014336,White,01/2022,0,1,2025-04-12
Census Tract,12031014336,White,02/2022,0,1.2,2025-04-12
Census Tract,12031014336,White,03/2022,3,1.4,2025-04-12
Census Tract,12031014336,White,04/2022,1,1.2,2025-04-12
Census Tract,12031014336,White,05/2022,0,1,2025-04-12
Census Tract,12031014336,White,06/2022,1,1.2,2025-04-12
Census Tract,12031014336,White,07/2022,3,1.4,2025-04-12
Census Tract,12031014336,White,08/2022,3,1.2,2025-04-12
Census Tract,12031014336,White,09/2022,1,1.4,2025-04-12
Census Tract,12031014336,White,10/2022,1,1,2025-04-12
Census Tract,12031014336,White,11/2022,0,0.8,2025-04-12
Census Tract,12031014336,White,12/2022,1,1.4,2025-04-12
Census Tract,12031014336,White,01/2023,1,1,2025-04-12
Census Tract,12031014336,White,02/2023,4,1.2,2025-04-12
Census Tract,12031014336,White,03/2023,1,1.4,2025-04-12
Census Tract,12031014336,White,04/2023,3,1.2,2025-04-12
Census Tract,12031014336,White,05/2023,1,1,2025-04-12
Census Tract,12031014336,White,06/2023,0,1.2,2025-04-12
Census Tract,12031014336,White,07/2023,3,1.4,2025-04-12
Census Tract,12031014336,White,08/2023,1,1.2,2025-04-12
Census Tract,12031014336,White,09/2023,1,1.4,2025-04-12
Census Tract,12031014336,White,10/2023,0,1,2025-04-12
Census Tract,12031014336,White,11/2023,1,0.8,2025-04-12
Census Tract,12031014336,White,12/2023,1,1.4,2025-04-12
Census Tract,12031014336,White,01/2024,2,1,2025-04-12
Census Tract,12031014336,White,02/2024,1,1.2,2025-04-12
Census Tract,12031014336,White,03/2024,0,1.4,2025-04-12
Census Tract,12031014336,White,04/2024,0,1.2,2025-04-12
Census Tract,12031014336,White,05/2024,1,1,2025-04-12
Census Tract,12031014336,White,06/2024,1,1.2,2025-04-12
Census Tract,12031014336,White,07/2024,0,1.4,2025-04-12
Census Tract,12031014336,White,08/2024,1,1.2,2025-04-12
Census Tract,12031014336,White,09/2024,0,1.4,2025-04-12
Census Tract,12031014336,White,10/2024,0,1,2025-04-12
Census Tract,12031014336,White,11/2024,1,0.8,2025-04-12
Census Tract,12031014336,White,12/2024,2,1.4,2025-04-12
Census Tract,12031014336,White,01/2025,1,1,2025-04-12
Census Tract,12031014336,White,02/2025,0,1.2,2025-04-12
Census Tract,12031014336,White,03/2025,1,1.4,2025-04-12
Census Tract,12031014336,White,04/2025,0,1,2025-04-12
Census Tract,12031014338,White,01/2020,0,4.4,2025-04-12
Census Tract,12031014338,White,02/2020,1,2.8,2025-04-12
Census Tract,12031014338,White,03/2020,1,2.8,2025-04-12
Census Tract,12031014338,White,04/2020,0,6,2025-04-12
Census Tract,12031014338,White,05/2020,0,5.6,2025-04-12
Census Tract,12031014338,White,06/2020,0,6.2,2025-04-12
Census Tract,12031014338,White,07/2020,0,5.6,2025-04-12
Census Tract,12031014338,White,08/2020,0,4.4,2025-04-12
Census Tract,12031014338,White,09/2020,1,3.8,2025-04-12
Census Tract,12031014338,White,10/2020,1,7,2025-04-12
Census Tract,12031014338,White,11/2020,0,2.4,2025-04-12
Census Tract,12031014338,White,12/2020,0,4.2,2025-04-12
Census Tract,12031014338,White,01/2021,0,4.4,2025-04-12
Census Tract,12031014338,White,02/2021,2,2.8,2025-04-12
Census Tract,12031014338,White,03/2021,0,2.8,2025-04-12
Census Tract,12031014338,White,04/2021,5,6,2025-04-12
Census Tract,12031014338,White,05/2021,1,5.6,2025-04-12
Census Tract,12031014338,White,06/2021,1,6.2,2025-04-12
Census Tract,12031014338,White,07/2021,1,5.6,2025-04-12
Census Tract,12031014338,White,08/2021,1,4.4,2025-04-12
Census Tract,12031014338,White,09/2021,1,3.8,2025-04-12
Census Tract,12031014338,White,10/2021,2,7,2025-04-12
Census Tract,12031014338,White,11/2021,0,2.4,2025-04-12
Census Tract,12031014338,White,12/2021,1,4.2,2025-04-12
Census Tract,12031014338,White,01/2022,1,4.4,2025-04-12
Census Tract,12031014338,White,02/2022,0,2.8,2025-04-12
Census Tract,12031014338,White,03/2022,1,2.8,2025-04-12
Census Tract,12031014338,White,04/2022,1,6,2025-04-12
Census Tract,12031014338,White,05/2022,5,5.6,2025-04-12
Census Tract,12031014338,White,06/2022,1,6.2,2025-04-12
Census Tract,12031014338,White,07/2022,1,5.6,2025-04-12
Census Tract,12031014338,White,08/2022,1,4.4,2025-04-12
Census Tract,12031014338,White,09/2022,0,3.8,2025-04-12
Census Tract,12031014338,White,10/2022,1,7,2025-04-12
Census Tract,12031014338,White,11/2022,2,2.4,2025-04-12
Census Tract,12031014338,White,12/2022,6,4.2,2025-04-12
Census Tract,12031014338,White,01/2023,0,4.4,2025-04-12
Census Tract,12031014338,White,02/2023,3,2.8,2025-04-12
Census Tract,12031014338,White,03/2023,4,2.8,2025-04-12
Census Tract,12031014338,White,04/2023,4,6,2025-04-12
Census Tract,12031014338,White,05/2023,0,5.6,2025-04-12
Census Tract,12031014338,White,06/2023,5,6.2,2025-04-12
Census Tract,12031014338,White,07/2023,4,5.6,2025-04-12
Census Tract,12031014338,White,08/2023,3,4.4,2025-04-12
Census Tract,12031014338,White,09/2023,0,3.8,2025-04-12
Census Tract,12031014338,White,10/2023,2,7,2025-04-12
Census Tract,12031014338,White,11/2023,1,2.4,2025-04-12
Census Tract,12031014338,White,12/2023,7,4.2,2025-04-12
Census Tract,12031014338,White,01/2024,1,4.4,2025-04-12
Census Tract,12031014338,White,02/2024,4,2.8,2025-04-12
Census Tract,12031014338,White,03/2024,2,2.8,2025-04-12
Census Tract,12031014338,White,04/2024,1,6,2025-04-12
Census Tract,12031014338,White,05/2024,3,5.6,2025-04-12
Census Tract,12031014338,White,06/2024,1,6.2,2025-04-12
Census Tract,12031014338,White,07/2024,1,5.6,2025-04-12
Census Tract,12031014338,White,08/2024,0,4.4,2025-04-12
Census Tract,12031014338,White,09/2024,4,3.8,2025-04-12
Census Tract,12031014338,White,10/2024,3,7,2025-04-12
Census Tract,12031014338,White,11/2024,2,2.4,2025-04-12
Census Tract,12031014338,White,12/2024,2,4.2,2025-04-12
Census Tract,12031014338,White,01/2025,3,4.4,2025-04-12
Census Tract,12031014338,White,02/2025,1,2.8,2025-04-12
Census Tract,12031014338,White,03/2025,2,2.8,2025-04-12
Census Tract,12031014338,White,04/2025,0,1.6,2025-04-12
Census Tract,12031014339,White,01/2020,1,0,2025-04-12
Census Tract,12031014339,White,02/2020,0,0.4,2025-04-12
Census Tract,12031014339,White,03/2020,1,0,2025-04-12
Census Tract,12031014339,White,04/2020,0,0,2025-04-12
Census Tract,12031014339,White,05/2020,0,0.2,2025-04-12
Census Tract,12031014339,White,06/2020,0,0.2,2025-04-12
Census Tract,12031014339,White,07/2020,0,0.4,2025-04-12
Census Tract,12031014339,White,08/2020,0,0.2,2025-04-12
Census Tract,12031014339,White,09/2020,0,0,2025-04-12
Census Tract,12031014339,White,10/2020,0,0,2025-04-12
Census Tract,12031014339,White,11/2020,0,0.4,2025-04-12
Census Tract,12031014339,White,12/2020,0,0.2,2025-04-12
Census Tract,12031014339,White,01/2021,2,0,2025-04-12
Census Tract,12031014339,White,02/2021,0,0.4,2025-04-12
Census Tract,12031014339,White,03/2021,1,0,2025-04-12
Census Tract,12031014339,White,04/2021,0,0,2025-04-12
Census Tract,12031014339,White,05/2021,1,0.2,2025-04-12
Census Tract,12031014339,White,06/2021,0,0.2,2025-04-12
Census Tract,12031014339,White,07/2021,0,0.4,2025-04-12
Census Tract,12031014339,White,08/2021,1,0.2,2025-04-12
Census Tract,12031014339,White,09/2021,2,0,2025-04-12
Census Tract,12031014339,White,10/2021,2,0,2025-04-12
Census Tract,12031014339,White,11/2021,0,0.4,2025-04-12
Census Tract,12031014339,White,12/2021,0,0.2,2025-04-12
Census Tract,12031014339,White,01/2022,4,0,2025-04-12
Census Tract,12031014339,White,02/2022,0,0.4,2025-04-12
Census Tract,12031014339,White,03/2022,0,0,2025-04-12
Census Tract,12031014339,White,04/2022,0,0,2025-04-12
Census Tract,12031014339,White,05/2022,0,0.2,2025-04-12
Census Tract,12031014339,White,06/2022,3,0.2,2025-04-12
Census Tract,12031014339,White,07/2022,3,0.4,2025-04-12
Census Tract,12031014339,White,08/2022,0,0.2,2025-04-12
Census Tract,12031014339,White,09/2022,1,0,2025-04-12
Census Tract,12031014339,White,10/2022,0,0,2025-04-12
Census Tract,12031014339,White,11/2022,3,0.4,2025-04-12
Census Tract,12031014339,White,12/2022,2,0.2,2025-04-12
Census Tract,12031014339,White,01/2023,1,0,2025-04-12
Census Tract,12031014339,White,02/2023,1,0.4,2025-04-12
Census Tract,12031014339,White,03/2023,1,0,2025-04-12
Census Tract,12031014339,White,04/2023,0,0,2025-04-12
Census Tract,12031014339,White,05/2023,1,0.2,2025-04-12
Census Tract,12031014339,White,06/2023,0,0.2,2025-04-12
Census Tract,12031014339,White,07/2023,0,0.4,2025-04-12
Census Tract,12031014339,White,08/2023,0,0.2,2025-04-12
Census Tract,12031014339,White,09/2023,0,0,2025-04-12
Census Tract,12031014339,White,10/2023,1,0,2025-04-12
Census Tract,12031014339,White,11/2023,1,0.4,2025-04-12
Census Tract,12031014339,White,12/2023,0,0.2,2025-04-12
Census Tract,12031014339,White,01/2024,0,0,2025-04-12
Census Tract,12031014339,White,02/2024,0,0.4,2025-04-12
Census Tract,12031014339,White,03/2024,0,0,2025-04-12
Census Tract,12031014339,White,04/2024,1,0,2025-04-12
Census Tract,12031014339,White,05/2024,0,0.2,2025-04-12
Census Tract,12031014339,White,06/2024,1,0.2,2025-04-12
Census Tract,12031014339,White,07/2024,0,0.4,2025-04-12
Census Tract,12031014339,White,08/2024,0,0.2,2025-04-12
Census Tract,12031014339,White,09/2024,2,0,2025-04-12
Census Tract,12031014339,White,10/2024,0,0,2025-04-12
Census Tract,12031014339,White,11/2024,0,0.4,2025-04-12
Census Tract,12031014339,White,12/2024,0,0.2,2025-04-12
Census Tract,12031014339,White,01/2025,1,0,2025-04-12
Census Tract,12031014339,White,02/2025,1,0.4,2025-04-12
Census Tract,12031014339,White,03/2025,2,0,2025-04-12
Census Tract,12031014339,White,04/2025,0,0,2025-04-12
Census Tract,12031014340,White,01/2020,2,4,2025-04-12
Census Tract,12031014340,White,02/2020,0,3.4,2025-04-12
Census Tract,12031014340,White,03/2020,1,1.8,2025-04-12
Census Tract,12031014340,White,04/2020,0,2.4,2025-04-12
Census Tract,12031014340,White,05/2020,0,2,2025-04-12
Census Tract,12031014340,White,06/2020,0,3.4,2025-04-12
Census Tract,12031014340,White,07/2020,0,4,2025-04-12
Census Tract,12031014340,White,08/2020,0,3.2,2025-04-12
Census Tract,12031014340,White,09/2020,0,5,2025-04-12
Census Tract,12031014340,White,10/2020,0,5,2025-04-12
Census Tract,12031014340,White,11/2020,8,2,2025-04-12
Census Tract,12031014340,White,12/2020,7,2.4,2025-04-12
Census Tract,12031014340,White,01/2021,0,4,2025-04-12
Census Tract,12031014340,White,02/2021,4,3.4,2025-04-12
Census Tract,12031014340,White,03/2021,0,1.8,2025-04-12
Census Tract,12031014340,White,04/2021,0,2.4,2025-04-12
Census Tract,12031014340,White,05/2021,0,2,2025-04-12
Census Tract,12031014340,White,06/2021,0,3.4,2025-04-12
Census Tract,12031014340,White,07/2021,0,4,2025-04-12
Census Tract,12031014340,White,08/2021,1,3.2,2025-04-12
Census Tract,12031014340,White,09/2021,0,5,2025-04-12
Census Tract,12031014340,White,10/2021,0,5,2025-04-12
Census Tract,12031014340,White,11/2021,0,2,2025-04-12
Census Tract,12031014340,White,12/2021,0,2.4,2025-04-12
Census Tract,12031014340,White,01/2022,2,4,2025-04-12
Census Tract,12031014340,White,02/2022,0,3.4,2025-04-12
Census Tract,12031014340,White,03/2022,9,1.8,2025-04-12
Census Tract,12031014340,White,04/2022,6,2.4,2025-04-12
Census Tract,12031014340,White,05/2022,4,2,2025-04-12
Census Tract,12031014340,White,06/2022,0,3.4,2025-04-12
Census Tract,12031014340,White,07/2022,15,4,2025-04-12
Census Tract,12031014340,White,08/2022,3,3.2,2025-04-12
Census Tract,12031014340,White,09/2022,15,5,2025-04-12
Census Tract,12031014340,White,10/2022,1,5,2025-04-12
Census Tract,12031014340,White,11/2022,10,2,2025-04-12
Census Tract,12031014340,White,12/2022,1,2.4,2025-04-12
Census Tract,12031014340,White,01/2023,14,4,2025-04-12
Census Tract,12031014340,White,02/2023,0,3.4,2025-04-12
Census Tract,12031014340,White,03/2023,1,1.8,2025-04-12
Census Tract,12031014340,White,04/2023,10,2.4,2025-04-12
Census Tract,12031014340,White,05/2023,1,2,2025-04-12
Census Tract,12031014340,White,06/2023,6,3.4,2025-04-12
Census Tract,12031014340,White,07/2023,0,4,2025-04-12
Census Tract,12031014340,White,08/2023,2,3.2,2025-04-12
Census Tract,12031014340,White,09/2023,6,5,2025-04-12
Census Tract,12031014340,White,10/2023,17,5,2025-04-12
Census Tract,12031014340,White,11/2023,2,2,2025-04-12
Census Tract,12031014340,White,12/2023,1,2.4,2025-04-12
Census Tract,12031014340,White,01/2024,10,4,2025-04-12
Census Tract,12031014340,White,02/2024,10,3.4,2025-04-12
Census Tract,12031014340,White,03/2024,0,1.8,2025-04-12
Census Tract,12031014340,White,04/2024,1,2.4,2025-04-12
Census Tract,12031014340,White,05/2024,2,2,2025-04-12
Census Tract,12031014340,White,06/2024,0,3.4,2025-04-12
Census Tract,12031014340,White,07/2024,0,4,2025-04-12
Census Tract,12031014340,White,08/2024,0,3.2,2025-04-12
Census Tract,12031014340,White,09/2024,7,5,2025-04-12
Census Tract,12031014340,White,10/2024,0,5,2025-04-12
Census Tract,12031014340,White,11/2024,2,2,2025-04-12
Census Tract,12031014340,White,12/2024,1,2.4,2025-04-12
Census Tract,12031014340,White,01/2025,0,4,2025-04-12
Census Tract,12031014340,White,02/2025,0,3.4,2025-04-12
Census Tract,12031014340,White,03/2025,0,1.8,2025-04-12
Census Tract,12031014340,White,04/2025,0,0.2,2025-04-12
Census Tract,12031014341,White,01/2020,3,0.6,2025-04-12
Census Tract,12031014341,White,02/2020,0,1,2025-04-12
Census Tract,12031014341,White,03/2020,0,1.6,2025-04-12
Census Tract,12031014341,White,04/2020,0,0.2,2025-04-12
Census Tract,12031014341,White,05/2020,0,0,2025-04-12
Census Tract,12031014341,White,06/2020,0,1.2,2025-04-12
Census Tract,12031014341,White,07/2020,0,1.2,2025-04-12
Census Tract,12031014341,White,08/2020,1,0.4,2025-04-12
Census Tract,12031014341,White,09/2020,1,1.6,2025-04-12
Census Tract,12031014341,White,10/2020,0,1.2,2025-04-12
Census Tract,12031014341,White,11/2020,1,2,2025-04-12
Census Tract,12031014341,White,12/2020,0,1.6,2025-04-12
Census Tract,12031014341,White,01/2021,3,0.6,2025-04-12
Census Tract,12031014341,White,02/2021,0,1,2025-04-12
Census Tract,12031014341,White,03/2021,3,1.6,2025-04-12
Census Tract,12031014341,White,04/2021,0,0.2,2025-04-12
Census Tract,12031014341,White,05/2021,0,0,2025-04-12
Census Tract,12031014341,White,06/2021,2,1.2,2025-04-12
Census Tract,12031014341,White,07/2021,1,1.2,2025-04-12
Census Tract,12031014341,White,08/2021,0,0.4,2025-04-12
Census Tract,12031014341,White,09/2021,1,1.6,2025-04-12
Census Tract,12031014341,White,10/2021,2,1.2,2025-04-12
Census Tract,12031014341,White,11/2021,0,2,2025-04-12
Census Tract,12031014341,White,12/2021,1,1.6,2025-04-12
Census Tract,12031014341,White,01/2022,0,0.6,2025-04-12
Census Tract,12031014341,White,02/2022,0,1,2025-04-12
Census Tract,12031014341,White,03/2022,4,1.6,2025-04-12
Census Tract,12031014341,White,04/2022,0,0.2,2025-04-12
Census Tract,12031014341,White,05/2022,2,0,2025-04-12
Census Tract,12031014341,White,06/2022,1,1.2,2025-04-12
Census Tract,12031014341,White,07/2022,2,1.2,2025-04-12
Census Tract,12031014341,White,08/2022,3,0.4,2025-04-12
Census Tract,12031014341,White,09/2022,0,1.6,2025-04-12
Census Tract,12031014341,White,10/2022,0,1.2,2025-04-12
Census Tract,12031014341,White,11/2022,1,2,2025-04-12
Census Tract,12031014341,White,12/2022,0,1.6,2025-04-12
Census Tract,12031014341,White,01/2023,2,0.6,2025-04-12
Census Tract,12031014341,White,02/2023,1,1,2025-04-12
Census Tract,12031014341,White,03/2023,0,1.6,2025-04-12
Census Tract,12031014341,White,04/2023,1,0.2,2025-04-12
Census Tract,12031014341,White,05/2023,0,0,2025-04-12
Census Tract,12031014341,White,06/2023,5,1.2,2025-04-12
Census Tract,12031014341,White,07/2023,7,1.2,2025-04-12
Census Tract,12031014341,White,08/2023,7,0.4,2025-04-12
Census Tract,12031014341,White,09/2023,1,1.6,2025-04-12
Census Tract,12031014341,White,10/2023,1,1.2,2025-04-12
Census Tract,12031014341,White,11/2023,0,2,2025-04-12
Census Tract,12031014341,White,12/2023,7,1.6,2025-04-12
Census Tract,12031014341,White,01/2024,3,0.6,2025-04-12
Census Tract,12031014341,White,02/2024,3,1,2025-04-12
Census Tract,12031014341,White,03/2024,2,1.6,2025-04-12
Census Tract,12031014341,White,04/2024,3,0.2,2025-04-12
Census Tract,12031014341,White,05/2024,4,0,2025-04-12
Census Tract,12031014341,White,06/2024,1,1.2,2025-04-12
Census Tract,12031014341,White,07/2024,1,1.2,2025-04-12
Census Tract,12031014341,White,08/2024,2,0.4,2025-04-12
Census Tract,12031014341,White,09/2024,1,1.6,2025-04-12
Census Tract,12031014341,White,10/2024,5,1.2,2025-04-12
Census Tract,12031014341,White,11/2024,2,2,2025-04-12
Census Tract,12031014341,White,12/2024,5,1.6,2025-04-12
Census Tract,12031014341,White,01/2025,4,0.6,2025-04-12
Census Tract,12031014341,White,02/2025,3,1,2025-04-12
Census Tract,12031014341,White,03/2025,2,1.6,2025-04-12
Census Tract,12031014341,White,04/2025,0,0,2025-04-12
Census Tract,12031014342,White,01/2020,10,11.4,2025-04-12
Census Tract,12031014342,White,02/2020,8,5.8,2025-04-12
Census Tract,12031014342,White,03/2020,4,4,2025-04-12
Census Tract,12031014342,White,04/2020,0,6.4,2025-04-12
Census Tract,12031014342,White,05/2020,1,6,2025-04-12
Census Tract,12031014342,White,06/2020,0,6,2025-04-12
Census Tract,12031014342,White,07/2020,0,8.6,2025-04-12
Census Tract,12031014342,White,08/2020,7,8,2025-04-12
Census Tract,12031014342,White,09/2020,6,6.4,2025-04-12
Census Tract,12031014342,White,10/2020,8,6.2,2025-04-12
Census Tract,12031014342,White,11/2020,7,7.2,2025-04-12
Census Tract,12031014342,White,12/2020,4,5.2,2025-04-12
Census Tract,12031014342,White,01/2021,7,11.4,2025-04-12
Census Tract,12031014342,White,02/2021,5,5.8,2025-04-12
Census Tract,12031014342,White,03/2021,3,4,2025-04-12
Census Tract,12031014342,White,04/2021,2,6.4,2025-04-12
Census Tract,12031014342,White,05/2021,3,6,2025-04-12
Census Tract,12031014342,White,06/2021,1,6,2025-04-12
Census Tract,12031014342,White,07/2021,4,8.6,2025-04-12
Census Tract,12031014342,White,08/2021,3,8,2025-04-12
Census Tract,12031014342,White,09/2021,4,6.4,2025-04-12
Census Tract,12031014342,White,10/2021,4,6.2,2025-04-12
Census Tract,12031014342,White,11/2021,5,7.2,2025-04-12
Census Tract,12031014342,White,12/2021,6,5.2,2025-04-12
Census Tract,12031014342,White,01/2022,8,11.4,2025-04-12
Census Tract,12031014342,White,02/2022,4,5.8,2025-04-12
Census Tract,12031014342,White,03/2022,4,4,2025-04-12
Census Tract,12031014342,White,04/2022,8,6.4,2025-04-12
Census Tract,12031014342,White,05/2022,4,6,2025-04-12
Census Tract,12031014342,White,06/2022,8,6,2025-04-12
Census Tract,12031014342,White,07/2022,6,8.6,2025-04-12
Census Tract,12031014342,White,08/2022,2,8,2025-04-12
Census Tract,12031014342,White,09/2022,6,6.4,2025-04-12
Census Tract,12031014342,White,10/2022,10,6.2,2025-04-12
Census Tract,12031014342,White,11/2022,5,7.2,2025-04-12
Census Tract,12031014342,White,12/2022,7,5.2,2025-04-12
Census Tract,12031014342,White,01/2023,14,11.4,2025-04-12
Census Tract,12031014342,White,02/2023,13,5.8,2025-04-12
Census Tract,12031014342,White,03/2023,11,4,2025-04-12
Census Tract,12031014342,White,04/2023,13,6.4,2025-04-12
Census Tract,12031014342,White,05/2023,12,6,2025-04-12
Census Tract,12031014342,White,06/2023,8,6,2025-04-12
Census Tract,12031014342,White,07/2023,20,8.6,2025-04-12
Census Tract,12031014342,White,08/2023,3,8,2025-04-12
Census Tract,12031014342,White,09/2023,22,6.4,2025-04-12
Census Tract,12031014342,White,10/2023,3,6.2,2025-04-12
Census Tract,12031014342,White,11/2023,16,7.2,2025-04-12
Census Tract,12031014342,White,12/2023,29,5.2,2025-04-12
Census Tract,12031014342,White,01/2024,10,11.4,2025-04-12
Census Tract,12031014342,White,02/2024,19,5.8,2025-04-12
Census Tract,12031014342,White,03/2024,5,4,2025-04-12
Census Tract,12031014342,White,04/2024,15,6.4,2025-04-12
Census Tract,12031014342,White,05/2024,6,6,2025-04-12
Census Tract,12031014342,White,06/2024,18,6,2025-04-12
Census Tract,12031014342,White,07/2024,11,8.6,2025-04-12
Census Tract,12031014342,White,08/2024,11,8,2025-04-12
Census Tract,12031014342,White,09/2024,7,6.4,2025-04-12
Census Tract,12031014342,White,10/2024,8,6.2,2025-04-12
Census Tract,12031014342,White,11/2024,9,7.2,2025-04-12
Census Tract,12031014342,White,12/2024,11,5.2,2025-04-12
Census Tract,12031014342,White,01/2025,14,11.4,2025-04-12
Census Tract,12031014342,White,02/2025,13,5.8,2025-04-12
Census Tract,12031014342,White,03/2025,9,4,2025-04-12
Census Tract,12031014342,White,04/2025,2,0.8,2025-04-12
Census Tract,12031014343,White,01/2020,0,1.6,2025-04-12
Census Tract,12031014343,White,02/2020,1,1.8,2025-04-12
Census Tract,12031014343,White,03/2020,1,0.6,2025-04-12
Census Tract,12031014343,White,04/2020,1,2,2025-04-12
Census Tract,12031014343,White,05/2020,0,1.8,2025-04-12
Census Tract,12031014343,White,06/2020,0,3,2025-04-12
Census Tract,12031014343,White,07/2020,0,1.8,2025-04-12
Census Tract,12031014343,White,08/2020,1,1,2025-04-12
Census Tract,12031014343,White,09/2020,3,1.8,2025-04-12
Census Tract,12031014343,White,10/2020,3,1.4,2025-04-12
Census Tract,12031014343,White,11/2020,0,1.2,2025-04-12
Census Tract,12031014343,White,12/2020,3,3.4,2025-04-12
Census Tract,12031014343,White,01/2021,1,1.6,2025-04-12
Census Tract,12031014343,White,02/2021,1,1.8,2025-04-12
Census Tract,12031014343,White,03/2021,1,0.6,2025-04-12
Census Tract,12031014343,White,04/2021,1,2,2025-04-12
Census Tract,12031014343,White,05/2021,0,1.8,2025-04-12
Census Tract,12031014343,White,06/2021,4,3,2025-04-12
Census Tract,12031014343,White,07/2021,2,1.8,2025-04-12
Census Tract,12031014343,White,08/2021,1,1,2025-04-12
Census Tract,12031014343,White,09/2021,1,1.8,2025-04-12
Census Tract,12031014343,White,10/2021,1,1.4,2025-04-12
Census Tract,12031014343,White,11/2021,2,1.2,2025-04-12
Census Tract,12031014343,White,12/2021,1,3.4,2025-04-12
Census Tract,12031014343,White,01/2022,2,1.6,2025-04-12
Census Tract,12031014343,White,02/2022,2,1.8,2025-04-12
Census Tract,12031014343,White,03/2022,1,0.6,2025-04-12
Census Tract,12031014343,White,04/2022,5,2,2025-04-12
Census Tract,12031014343,White,05/2022,3,1.8,2025-04-12
Census Tract,12031014343,White,06/2022,2,3,2025-04-12
Census Tract,12031014343,White,07/2022,2,1.8,2025-04-12
Census Tract,12031014343,White,08/2022,3,1,2025-04-12
Census Tract,12031014343,White,09/2022,2,1.8,2025-04-12
Census Tract,12031014343,White,10/2022,4,1.4,2025-04-12
Census Tract,12031014343,White,11/2022,1,1.2,2025-04-12
Census Tract,12031014343,White,12/2022,2,3.4,2025-04-12
Census Tract,12031014343,White,01/2023,4,1.6,2025-04-12
Census Tract,12031014343,White,02/2023,1,1.8,2025-04-12
Census Tract,12031014343,White,03/2023,2,0.6,2025-04-12
Census Tract,12031014343,White,04/2023,3,2,2025-04-12
Census Tract,12031014343,White,05/2023,3,1.8,2025-04-12
Census Tract,12031014343,White,06/2023,6,3,2025-04-12
Census Tract,12031014343,White,07/2023,1,1.8,2025-04-12
Census Tract,12031014343,White,08/2023,2,1,2025-04-12
Census Tract,12031014343,White,09/2023,5,1.8,2025-04-12
Census Tract,12031014343,White,10/2023,4,1.4,2025-04-12
Census Tract,12031014343,White,11/2023,1,1.2,2025-04-12
Census Tract,12031014343,White,12/2023,1,3.4,2025-04-12
Census Tract,12031014343,White,01/2024,8,1.6,2025-04-12
Census Tract,12031014343,White,02/2024,2,1.8,2025-04-12
Census Tract,12031014343,White,03/2024,0,0.6,2025-04-12
Census Tract,12031014343,White,04/2024,4,2,2025-04-12
Census Tract,12031014343,White,05/2024,4,1.8,2025-04-12
Census Tract,12031014343,White,06/2024,3,3,2025-04-12
Census Tract,12031014343,White,07/2024,6,1.8,2025-04-12
Census Tract,12031014343,White,08/2024,2,1,2025-04-12
Census Tract,12031014343,White,09/2024,1,1.8,2025-04-12
Census Tract,12031014343,White,10/2024,2,1.4,2025-04-12
Census Tract,12031014343,White,11/2024,0,1.2,2025-04-12
Census Tract,12031014343,White,12/2024,2,3.4,2025-04-12
Census Tract,12031014343,White,01/2025,1,1.6,2025-04-12
Census Tract,12031014343,White,02/2025,0,1.8,2025-04-12
Census Tract,12031014343,White,03/2025,1,0.6,2025-04-12
Census Tract,12031014343,White,04/2025,0,0.6,2025-04-12
Census Tract,12031014344,Other,01/2020,6,1.4,2025-04-12
Census Tract,12031014344,Other,02/2020,1,0.8,2025-04-12
Census Tract,12031014344,Other,03/2020,0,1.6,2025-04-12
Census Tract,12031014344,Other,04/2020,0,1.2,2025-04-12
Census Tract,12031014344,Other,05/2020,0,1.6,2025-04-12
Census Tract,12031014344,Other,06/2020,1,2.4,2025-04-12
Census Tract,12031014344,Other,07/2020,0,1.4,2025-04-12
Census Tract,12031014344,Other,08/2020,0,1.8,2025-04-12
Census Tract,12031014344,Other,09/2020,1,1.4,2025-04-12
Census Tract,12031014344,Other,10/2020,3,1.6,2025-04-12
Census Tract,12031014344,Other,11/2020,2,0.8,2025-04-12
Census Tract,12031014344,Other,12/2020,2,1.6,2025-04-12
Census Tract,12031014344,Other,01/2021,0,1.4,2025-04-12
Census Tract,12031014344,Other,02/2021,2,0.8,2025-04-12
Census Tract,12031014344,Other,03/2021,1,1.6,2025-04-12
Census Tract,12031014344,Other,04/2021,1,1.2,2025-04-12
Census Tract,12031014344,Other,05/2021,0,1.6,2025-04-12
Census Tract,12031014344,Other,06/2021,0,2.4,2025-04-12
Census Tract,12031014344,Other,07/2021,0,1.4,2025-04-12
Census Tract,12031014344,Other,08/2021,0,1.8,2025-04-12
Census Tract,12031014344,Other,09/2021,0,1.4,2025-04-12
Census Tract,12031014344,Other,10/2021,0,1.6,2025-04-12
Census Tract,12031014344,Other,11/2021,0,0.8,2025-04-12
Census Tract,12031014344,Other,12/2021,1,1.6,2025-04-12
Census Tract,12031014344,Other,01/2022,1,1.4,2025-04-12
Census Tract,12031014344,Other,02/2022,0,0.8,2025-04-12
Census Tract,12031014344,Other,03/2022,4,1.6,2025-04-12
Census Tract,12031014344,Other,04/2022,2,1.2,2025-04-12
Census Tract,12031014344,Other,05/2022,6,1.6,2025-04-12
Census Tract,12031014344,Other,06/2022,1,2.4,2025-04-12
Census Tract,12031014344,Other,07/2022,4,1.4,2025-04-12
Census Tract,12031014344,Other,08/2022,4,1.8,2025-04-12
Census Tract,12031014344,Other,09/2022,6,1.4,2025-04-12
Census Tract,12031014344,Other,10/2022,5,1.6,2025-04-12
Census Tract,12031014344,Other,11/2022,1,0.8,2025-04-12
Census Tract,12031014344,Other,12/2022,4,1.6,2025-04-12
Census Tract,12031014344,Other,01/2023,1,1.4,2025-04-12
Census Tract,12031014344,Other,02/2023,2,0.8,2025-04-12
Census Tract,12031014344,Other,03/2023,2,1.6,2025-04-12
Census Tract,12031014344,Other,04/2023,0,1.2,2025-04-12
Census Tract,12031014344,Other,05/2023,0,1.6,2025-04-12
Census Tract,12031014344,Other,06/2023,4,2.4,2025-04-12
Census Tract,12031014344,Other,07/2023,2,1.4,2025-04-12
Census Tract,12031014344,Other,08/2023,8,1.8,2025-04-12
Census Tract,12031014344,Other,09/2023,5,1.4,2025-04-12
Census Tract,12031014344,Other,10/2023,0,1.6,2025-04-12
Census Tract,12031014344,Other,11/2023,0,0.8,2025-04-12
Census Tract,12031014344,Other,12/2023,0,1.6,2025-04-12
Census Tract,12031014344,Other,01/2024,7,1.4,2025-04-12
Census Tract,12031014344,Other,02/2024,2,0.8,2025-04-12
Census Tract,12031014344,Other,03/2024,3,1.6,2025-04-12
Census Tract,12031014344,Other,04/2024,2,1.2,2025-04-12
Census Tract,12031014344,Other,05/2024,0,1.6,2025-04-12
Census Tract,12031014344,Other,06/2024,3,2.4,2025-04-12
Census Tract,12031014344,Other,07/2024,0,1.4,2025-04-12
Census Tract,12031014344,Other,08/2024,0,1.8,2025-04-12
Census Tract,12031014344,Other,09/2024,2,1.4,2025-04-12
Census Tract,12031014344,Other,10/2024,1,1.6,2025-04-12
Census Tract,12031014344,Other,11/2024,1,0.8,2025-04-12
Census Tract,12031014344,Other,12/2024,2,1.6,2025-04-12
Census Tract,12031014344,Other,01/2025,0,1.4,2025-04-12
Census Tract,12031014344,Other,02/2025,1,0.8,2025-04-12
Census Tract,12031014344,Other,03/2025,1,1.6,2025-04-12
Census Tract,12031014344,Other,04/2025,0,0,2025-04-12
Census Tract,12031014408,White,01/2020,4,6,2025-04-12
Census Tract,12031014408,White,02/2020,2,5.6,2025-04-12
Census Tract,12031014408,White,03/2020,0,4.4,2025-04-12
Census Tract,12031014408,White,04/2020,0,5.8,2025-04-12
Census Tract,12031014408,White,05/2020,0,4.4,2025-04-12
Census Tract,12031014408,White,06/2020,0,3.8,2025-04-12
Census Tract,12031014408,White,07/2020,0,4.4,2025-04-12
Census Tract,12031014408,White,08/2020,1,6.2,2025-04-12
Census Tract,12031014408,White,09/2020,1,6.6,2025-04-12
Census Tract,12031014408,White,10/2020,1,7.2,2025-04-12
Census Tract,12031014408,White,11/2020,2,3.4,2025-04-12
Census Tract,12031014408,White,12/2020,0,2,2025-04-12
Census Tract,12031014408,White,01/2021,1,6,2025-04-12
Census Tract,12031014408,White,02/2021,1,5.6,2025-04-12
Census Tract,12031014408,White,03/2021,1,4.4,2025-04-12
Census Tract,12031014408,White,04/2021,0,5.8,2025-04-12
Census Tract,12031014408,White,05/2021,1,4.4,2025-04-12
Census Tract,12031014408,White,06/2021,1,3.8,2025-04-12
Census Tract,12031014408,White,07/2021,1,4.4,2025-04-12
Census Tract,12031014408,White,08/2021,0,6.2,2025-04-12
Census Tract,12031014408,White,09/2021,0,6.6,2025-04-12
Census Tract,12031014408,White,10/2021,5,7.2,2025-04-12
Census Tract,12031014408,White,11/2021,4,3.4,2025-04-12
Census Tract,12031014408,White,12/2021,3,2,2025-04-12
Census Tract,12031014408,White,01/2022,1,6,2025-04-12
Census Tract,12031014408,White,02/2022,0,5.6,2025-04-12
Census Tract,12031014408,White,03/2022,4,4.4,2025-04-12
Census Tract,12031014408,White,04/2022,0,5.8,2025-04-12
Census Tract,12031014408,White,05/2022,0,4.4,2025-04-12
Census Tract,12031014408,White,06/2022,11,3.8,2025-04-12
Census Tract,12031014408,White,07/2022,7,4.4,2025-04-12
Census Tract,12031014408,White,08/2022,4,6.2,2025-04-12
Census Tract,12031014408,White,09/2022,0,6.6,2025-04-12
Census Tract,12031014408,White,10/2022,3,7.2,2025-04-12
Census Tract,12031014408,White,11/2022,11,3.4,2025-04-12
Census Tract,12031014408,White,12/2022,7,2,2025-04-12
Census Tract,12031014408,White,01/2023,11,6,2025-04-12
Census Tract,12031014408,White,02/2023,2,5.6,2025-04-12
Census Tract,12031014408,White,03/2023,2,4.4,2025-04-12
Census Tract,12031014408,White,04/2023,5,5.8,2025-04-12
Census Tract,12031014408,White,05/2023,1,4.4,2025-04-12
Census Tract,12031014408,White,06/2023,0,3.8,2025-04-12
Census Tract,12031014408,White,07/2023,2,4.4,2025-04-12
Census Tract,12031014408,White,08/2023,3,6.2,2025-04-12
Census Tract,12031014408,White,09/2023,1,6.6,2025-04-12
Census Tract,12031014408,White,10/2023,7,7.2,2025-04-12
Census Tract,12031014408,White,11/2023,1,3.4,2025-04-12
Census Tract,12031014408,White,12/2023,3,2,2025-04-12
Census Tract,12031014408,White,01/2024,2,6,2025-04-12
Census Tract,12031014408,White,02/2024,5,5.6,2025-04-12
Census Tract,12031014408,White,03/2024,2,4.4,2025-04-12
Census Tract,12031014408,White,04/2024,2,5.8,2025-04-12
Census Tract,12031014408,White,05/2024,1,4.4,2025-04-12
Census Tract,12031014408,White,06/2024,1,3.8,2025-04-12
Census Tract,12031014408,White,07/2024,0,4.4,2025-04-12
Census Tract,12031014408,White,08/2024,5,6.2,2025-04-12
Census Tract,12031014408,White,09/2024,4,6.6,2025-04-12
Census Tract,12031014408,White,10/2024,2,7.2,2025-04-12
Census Tract,12031014408,White,11/2024,4,3.4,2025-04-12
Census Tract,12031014408,White,12/2024,7,2,2025-04-12
Census Tract,12031014408,White,01/2025,3,6,2025-04-12
Census Tract,12031014408,White,02/2025,1,5.6,2025-04-12
Census Tract,12031014408,White,03/2025,1,4.4,2025-04-12
Census Tract,12031014408,White,04/2025,0,0.4,2025-04-12
Census Tract,12031014413,Other,01/2020,5,5.8,2025-04-12
Census Tract,12031014413,Other,02/2020,5,5.8,2025-04-12
Census Tract,12031014413,Other,03/2020,0,5.8,2025-04-12
Census Tract,12031014413,Other,04/2020,0,4,2025-04-12
Census Tract,12031014413,Other,05/2020,0,3.6,2025-04-12
Census Tract,12031014413,Other,06/2020,1,6,2025-04-12
Census Tract,12031014413,Other,07/2020,2,2.8,2025-04-12
Census Tract,12031014413,Other,08/2020,0,4.2,2025-04-12
Census Tract,12031014413,Other,09/2020,1,5.2,2025-04-12
Census Tract,12031014413,Other,10/2020,3,3.2,2025-04-12
Census Tract,12031014413,Other,11/2020,1,4,2025-04-12
Census Tract,12031014413,Other,12/2020,5,4.4,2025-04-12
Census Tract,12031014413,Other,01/2021,3,5.8,2025-04-12
Census Tract,12031014413,Other,02/2021,3,5.6,2025-04-12
Census Tract,12031014413,Other,03/2021,3,5.8,2025-04-12
Census Tract,12031014413,Other,04/2021,1,4,2025-04-12
Census Tract,12031014413,Other,05/2021,1,3.6,2025-04-12
Census Tract,12031014413,Other,06/2021,5,6,2025-04-12
Census Tract,12031014413,Other,07/2021,0,2.8,2025-04-12
Census Tract,12031014413,Other,08/2021,3,4.2,2025-04-12
Census Tract,12031014413,Other,09/2021,11,5.2,2025-04-12
Census Tract,12031014413,Other,10/2021,6,3.2,2025-04-12
Census Tract,12031014413,Other,11/2021,4,4,2025-04-12
Census Tract,12031014413,Other,12/2021,7,4.4,2025-04-12
Census Tract,12031014413,Other,01/2022,10,5.8,2025-04-12
Census Tract,12031014413,Other,02/2022,5,5.6,2025-04-12
Census Tract,12031014413,Other,03/2022,2,5.8,2025-04-12
Census Tract,12031014413,Other,04/2022,4,4,2025-04-12
Census Tract,12031014413,Other,05/2022,15,3.6,2025-04-12
Census Tract,12031014413,Other,06/2022,19,6,2025-04-12
Census Tract,12031014413,Other,07/2022,5,2.8,2025-04-12
Census Tract,12031014413,Other,08/2022,20,4.2,2025-04-12
Census Tract,12031014413,Other,09/2022,1,5.2,2025-04-12
Census Tract,12031014413,Other,10/2022,7,3.2,2025-04-12
Census Tract,12031014413,Other,11/2022,2,4,2025-04-12
Census Tract,12031014413,Other,12/2022,13,4.4,2025-04-12
Census Tract,12031014413,Other,01/2023,11,5.8,2025-04-12
Census Tract,12031014413,Other,02/2023,5,5.6,2025-04-12
Census Tract,12031014413,Other,03/2023,0,5.8,2025-04-12
Census Tract,12031014413,Other,04/2023,4,4,2025-04-12
Census Tract,12031014413,Other,05/2023,10,3.6,2025-04-12
Census Tract,12031014413,Other,06/2023,6,6,2025-04-12
Census Tract,12031014413,Other,07/2023,10,2.8,2025-04-12
Census Tract,12031014413,Other,08/2023,10,4.2,2025-04-12
Census Tract,12031014413,Other,09/2023,17,5.2,2025-04-12
Census Tract,12031014413,Other,10/2023,20,3.2,2025-04-12
Census Tract,12031014413,Other,11/2023,7,4,2025-04-12
Census Tract,12031014413,Other,12/2023,7,4.4,2025-04-12
Census Tract,12031014413,Other,01/2024,9,5.8,2025-04-12
Census Tract,12031014413,Other,02/2024,8,5.8,2025-04-12
Census Tract,12031014413,Other,03/2024,9,5.8,2025-04-12
Census Tract,12031014413,Other,04/2024,5,4,2025-04-12
Census Tract,12031014413,Other,05/2024,7,3.6,2025-04-12
Census Tract,12031014413,Other,06/2024,10,6,2025-04-12
Census Tract,12031014413,Other,07/2024,10,2.8,2025-04-12
Census Tract,12031014413,Other,08/2024,6,4.2,2025-04-12
Census Tract,12031014413,Other,09/2024,9,5.2,2025-04-12
Census Tract,12031014413,Other,10/2024,11,3.2,2025-04-12
Census Tract,12031014413,Other,11/2024,3,4,2025-04-12
Census Tract,12031014413,Other,12/2024,7,4.4,2025-04-12
Census Tract,12031014413,Other,01/2025,9,5.8,2025-04-12
Census Tract,12031014413,Other,02/2025,6,5.6,2025-04-12
Census Tract,12031014413,Other,03/2025,3,5.8,2025-04-12
Census Tract,12031014413,Other,04/2025,0,0.2,2025-04-12
Census Tract,12031014414,Other,01/2020,4,8.2,2025-04-12
Census Tract,12031014414,Other,02/2020,8,8.4,2025-04-12
Census Tract,12031014414,Other,03/2020,3,7.4,2025-04-12
Census Tract,12031014414,Other,04/2020,0,10,2025-04-12
Census Tract,12031014414,Other,05/2020,2,10.4,2025-04-12
Census Tract,12031014414,Other,06/2020,0,11,2025-04-12
Census Tract,12031014414,Other,07/2020,0,13,2025-04-12
Census Tract,12031014414,Other,08/2020,8,8.4,2025-04-12
Census Tract,12031014414,Other,09/2020,5,10.6,2025-04-12
Census Tract,12031014414,Other,10/2020,7,8.2,2025-04-12
Census Tract,12031014414,Other,11/2020,2,7.4,2025-04-12
Census Tract,12031014414,Other,12/2020,6,6,2025-04-12
Census Tract,12031014414,Other,01/2021,5,8.2,2025-04-12
Census Tract,12031014414,Other,02/2021,3,8.4,2025-04-12
Census Tract,12031014414,Other,03/2021,3,7.4,2025-04-12
Census Tract,12031014414,Other,04/2021,2,10,2025-04-12
Census Tract,12031014414,Other,05/2021,3,10.4,2025-04-12
Census Tract,12031014414,Other,06/2021,6,11,2025-04-12
Census Tract,12031014414,Other,07/2021,1,13,2025-04-12
Census Tract,12031014414,Other,08/2021,3,8.4,2025-04-12
Census Tract,12031014414,Other,09/2021,10,10.6,2025-04-12
Census Tract,12031014414,Other,10/2021,8,8.2,2025-04-12
Census Tract,12031014414,Other,11/2021,3,7.4,2025-04-12
Census Tract,12031014414,Other,12/2021,3,6,2025-04-12
Census Tract,12031014414,Other,01/2022,10,8.2,2025-04-12
Census Tract,12031014414,Other,02/2022,2,8.4,2025-04-12
Census Tract,12031014414,Other,03/2022,7,7.4,2025-04-12
Census Tract,12031014414,Other,04/2022,2,10,2025-04-12
Census Tract,12031014414,Other,05/2022,11,10.4,2025-04-12
Census Tract,12031014414,Other,06/2022,3,11,2025-04-12
Census Tract,12031014414,Other,07/2022,5,13,2025-04-12
Census Tract,12031014414,Other,08/2022,1,8.4,2025-04-12
Census Tract,12031014414,Other,09/2022,4,10.6,2025-04-12
Census Tract,12031014414,Other,10/2022,7,8.2,2025-04-12
Census Tract,12031014414,Other,11/2022,5,7.4,2025-04-12
Census Tract,12031014414,Other,12/2022,9,6,2025-04-12
Census Tract,12031014414,Other,01/2023,4,8.2,2025-04-12
Census Tract,12031014414,Other,02/2023,9,8.4,2025-04-12
Census Tract,12031014414,Other,03/2023,7,7.4,2025-04-12
Census Tract,12031014414,Other,04/2023,6,10,2025-04-12
Census Tract,12031014414,Other,05/2023,4,10.4,2025-04-12
Census Tract,12031014414,Other,06/2023,9,11,2025-04-12
Census Tract,12031014414,Other,07/2023,6,13,2025-04-12
Census Tract,12031014414,Other,08/2023,9,8.4,2025-04-12
Census Tract,12031014414,Other,09/2023,10,10.6,2025-04-12
Census Tract,12031014414,Other,10/2023,6,8.2,2025-04-12
Census Tract,12031014414,Other,11/2023,10,7.4,2025-04-12
Census Tract,12031014414,Other,12/2023,3,6,2025-04-12
Census Tract,12031014414,Other,01/2024,5,8.2,2025-04-12
Census Tract,12031014414,Other,02/2024,2,8.4,2025-04-12
Census Tract,12031014414,Other,03/2024,3,7.4,2025-04-12
Census Tract,12031014414,Other,04/2024,7,10,2025-04-12
Census Tract,12031014414,Other,05/2024,2,10.4,2025-04-12
Census Tract,12031014414,Other,06/2024,5,11,2025-04-12
Census Tract,12031014414,Other,07/2024,4,13,2025-04-12
Census Tract,12031014414,Other,08/2024,8,8.4,2025-04-12
Census Tract,12031014414,Other,09/2024,8,10.6,2025-04-12
Census Tract,12031014414,Other,10/2024,6,8.2,2025-04-12
Census Tract,12031014414,Other,11/2024,7,7.4,2025-04-12
Census Tract,12031014414,Other,12/2024,8,6,2025-04-12
Census Tract,12031014414,Other,01/2025,16,8.2,2025-04-12
Census Tract,12031014414,Other,02/2025,2,8.4,2025-04-12
Census Tract,12031014414,Other,03/2025,7,7.4,2025-04-12
Census Tract,12031014414,Other,04/2025,0,1.2,2025-04-12
Census Tract,12031014415,White,01/2020,1,1.2,2025-04-12
Census Tract,12031014415,White,02/2020,3,0.4,2025-04-12
Census Tract,12031014415,White,03/2020,4,0.2,2025-04-12
Census Tract,12031014415,White,04/2020,0,0.4,2025-04-12
Census Tract,12031014415,White,05/2020,0,0.2,2025-04-12
Census Tract,12031014415,White,06/2020,0,1,2025-04-12
Census Tract,12031014415,White,07/2020,0,0.2,2025-04-12
Census Tract,12031014415,White,08/2020,0,0.8,2025-04-12
Census Tract,12031014415,White,09/2020,1,0.8,2025-04-12
Census Tract,12031014415,White,10/2020,2,0,2025-04-12
Census Tract,12031014415,White,11/2020,1,0.4,2025-04-12
Census Tract,12031014415,White,12/2020,3,0.4,2025-04-12
Census Tract,12031014415,White,01/2021,4,1.2,2025-04-12
Census Tract,12031014415,White,02/2021,0,0.4,2025-04-12
Census Tract,12031014415,White,03/2021,6,0.2,2025-04-12
Census Tract,12031014415,White,04/2021,1,0.4,2025-04-12
Census Tract,12031014415,White,05/2021,0,0.2,2025-04-12
Census Tract,12031014415,White,06/2021,0,1,2025-04-12
Census Tract,12031014415,White,07/2021,1,0.2,2025-04-12
Census Tract,12031014415,White,08/2021,0,0.8,2025-04-12
Census Tract,12031014415,White,09/2021,3,0.8,2025-04-12
Census Tract,12031014415,White,10/2021,5,0,2025-04-12
Census Tract,12031014415,White,11/2021,1,0.4,2025-04-12
Census Tract,12031014415,White,12/2021,1,0.4,2025-04-12
Census Tract,12031014415,White,01/2022,6,1.2,2025-04-12
Census Tract,12031014415,White,02/2022,4,0.4,2025-04-12
Census Tract,12031014415,White,03/2022,3,0.2,2025-04-12
Census Tract,12031014415,White,04/2022,1,0.4,2025-04-12
Census Tract,12031014415,White,05/2022,5,0.2,2025-04-12
Census Tract,12031014415,White,06/2022,2,1,2025-04-12
Census Tract,12031014415,White,07/2022,2,0.2,2025-04-12
Census Tract,12031014415,White,08/2022,1,0.8,2025-04-12
Census Tract,12031014415,White,09/2022,8,0.8,2025-04-12
Census Tract,12031014415,White,10/2022,4,0,2025-04-12
Census Tract,12031014415,White,11/2022,8,0.4,2025-04-12
Census Tract,12031014415,White,12/2022,2,0.4,2025-04-12
Census Tract,12031014415,White,01/2023,6,1.2,2025-04-12
Census Tract,12031014415,White,02/2023,2,0.4,2025-04-12
Census Tract,12031014415,White,03/2023,4,0.2,2025-04-12
Census Tract,12031014415,White,04/2023,0,0.4,2025-04-12
Census Tract,12031014415,White,05/2023,3,0.2,2025-04-12
Census Tract,12031014415,White,06/2023,4,1,2025-04-12
Census Tract,12031014415,White,07/2023,2,0.2,2025-04-12
Census Tract,12031014415,White,08/2023,8,0.8,2025-04-12
Census Tract,12031014415,White,09/2023,0,0.8,2025-04-12
Census Tract,12031014415,White,10/2023,3,0,2025-04-12
Census Tract,12031014415,White,11/2023,1,0.4,2025-04-12
Census Tract,12031014415,White,12/2023,0,0.4,2025-04-12
Census Tract,12031014415,White,01/2024,7,1.2,2025-04-12
Census Tract,12031014415,White,02/2024,6,0.4,2025-04-12
Census Tract,12031014415,White,03/2024,4,0.2,2025-04-12
Census Tract,12031014415,White,04/2024,3,0.4,2025-04-12
Census Tract,12031014415,White,05/2024,3,0.2,2025-04-12
Census Tract,12031014415,White,06/2024,1,1,2025-04-12
Census Tract,12031014415,White,07/2024,5,0.2,2025-04-12
Census Tract,12031014415,White,08/2024,0,0.8,2025-04-12
Census Tract,12031014415,White,09/2024,4,0.8,2025-04-12
Census Tract,12031014415,White,10/2024,1,0,2025-04-12
Census Tract,12031014415,White,11/2024,0,0.4,2025-04-12
Census Tract,12031014415,White,12/2024,1,0.4,2025-04-12
Census Tract,12031014415,White,01/2025,4,1.2,2025-04-12
Census Tract,12031014415,White,02/2025,1,0.4,2025-04-12
Census Tract,12031014415,White,03/2025,3,0.2,2025-04-12
Census Tract,12031014415,White,04/2025,0,0,2025-04-12
Census Tract,12031014416,White,01/2020,2,2.8,2025-04-12
Census Tract,12031014416,White,02/2020,0,2.4,2025-04-12
Census Tract,12031014416,White,03/2020,19,2.4,2025-04-12
Census Tract,12031014416,White,04/2020,0,2.6,2025-04-12
Census Tract,12031014416,White,05/2020,0,2.4,2025-04-12
Census Tract,12031014416,White,06/2020,0,4.6,2025-04-12
Census Tract,12031014416,White,07/2020,0,4.4,2025-04-12
Census Tract,12031014416,White,08/2020,1,3.2,2025-04-12
Census Tract,12031014416,White,09/2020,26,2.2,2025-04-12
Census Tract,12031014416,White,10/2020,6,2.8,2025-04-12
Census Tract,12031014416,White,11/2020,1,1,2025-04-12
Census Tract,12031014416,White,12/2020,4,1.2,2025-04-12
Census Tract,12031014416,White,01/2021,6,2.8,2025-04-12
Census Tract,12031014416,White,02/2021,2,2.4,2025-04-12
Census Tract,12031014416,White,03/2021,3,2.4,2025-04-12
Census Tract,12031014416,White,04/2021,3,2.6,2025-04-12
Census Tract,12031014416,White,05/2021,2,2.4,2025-04-12
Census Tract,12031014416,White,06/2021,2,4.6,2025-04-12
Census Tract,12031014416,White,07/2021,4,4.4,2025-04-12
Census Tract,12031014416,White,08/2021,3,3.2,2025-04-12
Census Tract,12031014416,White,09/2021,7,2.2,2025-04-12
Census Tract,12031014416,White,10/2021,4,2.8,2025-04-12
Census Tract,12031014416,White,11/2021,3,1,2025-04-12
Census Tract,12031014416,White,12/2021,3,1.2,2025-04-12
Census Tract,12031014416,White,01/2022,2,2.8,2025-04-12
Census Tract,12031014416,White,02/2022,1,2.4,2025-04-12
Census Tract,12031014416,White,03/2022,5,2.4,2025-04-12
Census Tract,12031014416,White,04/2022,3,2.6,2025-04-12
Census Tract,12031014416,White,05/2022,0,2.4,2025-04-12
Census Tract,12031014416,White,06/2022,3,4.6,2025-04-12
Census Tract,12031014416,White,07/2022,9,4.4,2025-04-12
Census Tract,12031014416,White,08/2022,4,3.2,2025-04-12
Census Tract,12031014416,White,09/2022,7,2.2,2025-04-12
Census Tract,12031014416,White,10/2022,6,2.8,2025-04-12
Census Tract,12031014416,White,11/2022,8,1,2025-04-12
Census Tract,12031014416,White,12/2022,5,1.2,2025-04-12
Census Tract,12031014416,White,01/2023,2,2.8,2025-04-12
Census Tract,12031014416,White,02/2023,0,2.4,2025-04-12
Census Tract,12031014416,White,03/2023,5,2.4,2025-04-12
Census Tract,12031014416,White,04/2023,4,2.6,2025-04-12
Census Tract,12031014416,White,05/2023,0,2.4,2025-04-12
Census Tract,12031014416,White,06/2023,7,4.6,2025-04-12
Census Tract,12031014416,White,07/2023,3,4.4,2025-04-12
Census Tract,12031014416,White,08/2023,1,3.2,2025-04-12
Census Tract,12031014416,White,09/2023,1,2.2,2025-04-12
Census Tract,12031014416,White,10/2023,2,2.8,2025-04-12
Census Tract,12031014416,White,11/2023,3,1,2025-04-12
Census Tract,12031014416,White,12/2023,1,1.2,2025-04-12
Census Tract,12031014416,White,01/2024,2,2.8,2025-04-12
Census Tract,12031014416,White,02/2024,7,2.4,2025-04-12
Census Tract,12031014416,White,03/2024,9,2.4,2025-04-12
Census Tract,12031014416,White,04/2024,2,2.6,2025-04-12
Census Tract,12031014416,White,05/2024,14,2.4,2025-04-12
Census Tract,12031014416,White,06/2024,15,4.6,2025-04-12
Census Tract,12031014416,White,07/2024,3,4.4,2025-04-12
Census Tract,12031014416,White,08/2024,8,3.2,2025-04-12
Census Tract,12031014416,White,09/2024,10,2.2,2025-04-12
Census Tract,12031014416,White,10/2024,7,2.8,2025-04-12
Census Tract,12031014416,White,11/2024,2,1,2025-04-12
Census Tract,12031014416,White,12/2024,0,1.2,2025-04-12
Census Tract,12031014416,White,01/2025,0,2.8,2025-04-12
Census Tract,12031014416,White,02/2025,9,2.4,2025-04-12
Census Tract,12031014416,White,03/2025,11,2.4,2025-04-12
Census Tract,12031014416,White,04/2025,0,0.6,2025-04-12
Census Tract,12031014417,White,01/2020,4,3.2,2025-04-12
Census Tract,12031014417,White,02/2020,3,1.6,2025-04-12
Census Tract,12031014417,White,03/2020,6,0.8,2025-04-12
Census Tract,12031014417,White,04/2020,0,0.8,2025-04-12
Census Tract,12031014417,White,05/2020,0,1,2025-04-12
Census Tract,12031014417,White,06/2020,1,1.2,2025-04-12
Census Tract,12031014417,White,07/2020,0,1.4,2025-04-12
Census Tract,12031014417,White,08/2020,12,2.4,2025-04-12
Census Tract,12031014417,White,09/2020,1,1.4,2025-04-12
Census Tract,12031014417,White,10/2020,2,2.2,2025-04-12
Census Tract,12031014417,White,11/2020,5,0.6,2025-04-12
Census Tract,12031014417,White,12/2020,3,2,2025-04-12
Census Tract,12031014417,White,01/2021,3,3.2,2025-04-12
Census Tract,12031014417,White,02/2021,2,1.6,2025-04-12
Census Tract,12031014417,White,03/2021,5,0.8,2025-04-12
Census Tract,12031014417,White,04/2021,0,0.8,2025-04-12
Census Tract,12031014417,White,05/2021,1,1,2025-04-12
Census Tract,12031014417,White,06/2021,0,1.2,2025-04-12
Census Tract,12031014417,White,07/2021,1,1.4,2025-04-12
Census Tract,12031014417,White,08/2021,0,2.4,2025-04-12
Census Tract,12031014417,White,09/2021,8,1.4,2025-04-12
Census Tract,12031014417,White,10/2021,3,2.2,2025-04-12
Census Tract,12031014417,White,11/2021,0,0.6,2025-04-12
Census Tract,12031014417,White,12/2021,2,2,2025-04-12
Census Tract,12031014417,White,01/2022,2,3.2,2025-04-12
Census Tract,12031014417,White,02/2022,4,1.6,2025-04-12
Census Tract,12031014417,White,03/2022,3,0.8,2025-04-12
Census Tract,12031014417,White,04/2022,4,0.8,2025-04-12
Census Tract,12031014417,White,05/2022,2,1,2025-04-12
Census Tract,12031014417,White,06/2022,1,1.2,2025-04-12
Census Tract,12031014417,White,07/2022,2,1.4,2025-04-12
Census Tract,12031014417,White,08/2022,8,2.4,2025-04-12
Census Tract,12031014417,White,09/2022,0,1.4,2025-04-12
Census Tract,12031014417,White,10/2022,9,2.2,2025-04-12
Census Tract,12031014417,White,11/2022,6,0.6,2025-04-12
Census Tract,12031014417,White,12/2022,3,2,2025-04-12
Census Tract,12031014417,White,01/2023,3,3.2,2025-04-12
Census Tract,12031014417,White,02/2023,3,1.6,2025-04-12
Census Tract,12031014417,White,03/2023,4,0.8,2025-04-12
Census Tract,12031014417,White,04/2023,3,0.8,2025-04-12
Census Tract,12031014417,White,05/2023,1,1,2025-04-12
Census Tract,12031014417,White,06/2023,6,1.2,2025-04-12
Census Tract,12031014417,White,07/2023,3,1.4,2025-04-12
Census Tract,12031014417,White,08/2023,7,2.4,2025-04-12
Census Tract,12031014417,White,09/2023,4,1.4,2025-04-12
Census Tract,12031014417,White,10/2023,4,2.2,2025-04-12
Census Tract,12031014417,White,11/2023,4,0.6,2025-04-12
Census Tract,12031014417,White,12/2023,3,2,2025-04-12
Census Tract,12031014417,White,01/2024,7,3.2,2025-04-12
Census Tract,12031014417,White,02/2024,6,1.6,2025-04-12
Census Tract,12031014417,White,03/2024,3,0.8,2025-04-12
Census Tract,12031014417,White,04/2024,2,0.8,2025-04-12
Census Tract,12031014417,White,05/2024,2,1,2025-04-12
Census Tract,12031014417,White,06/2024,9,1.2,2025-04-12
Census Tract,12031014417,White,07/2024,1,1.4,2025-04-12
Census Tract,12031014417,White,08/2024,3,2.4,2025-04-12
Census Tract,12031014417,White,09/2024,5,1.4,2025-04-12
Census Tract,12031014417,White,10/2024,1,2.2,2025-04-12
Census Tract,12031014417,White,11/2024,9,0.6,2025-04-12
Census Tract,12031014417,White,12/2024,1,2,2025-04-12
Census Tract,12031014417,White,01/2025,1,3.2,2025-04-12
Census Tract,12031014417,White,02/2025,5,1.6,2025-04-12
Census Tract,12031014417,White,03/2025,3,0.8,2025-04-12
Census Tract,12031014417,White,04/2025,0,0.2,2025-04-12
Census Tract,12031014418,White,01/2020,0,0,2025-04-12
Census Tract,12031014418,White,02/2020,0,0,2025-04-12
Census Tract,12031014418,White,03/2020,0,0,2025-04-12
Census Tract,12031014418,White,04/2020,0,0,2025-04-12
Census Tract,12031014418,White,05/2020,0,0,2025-04-12
Census Tract,12031014418,White,06/2020,0,0,2025-04-12
Census Tract,12031014418,White,07/2020,0,0,2025-04-12
Census Tract,12031014418,White,08/2020,0,0,2025-04-12
Census Tract,12031014418,White,09/2020,0,0,2025-04-12
Census Tract,12031014418,White,10/2020,0,0,2025-04-12
Census Tract,12031014418,White,11/2020,0,0,2025-04-12
Census Tract,12031014418,White,12/2020,0,0,2025-04-12
Census Tract,12031014418,White,01/2021,0,0,2025-04-12
Census Tract,12031014418,White,02/2021,1,0,2025-04-12
Census Tract,12031014418,White,03/2021,0,0,2025-04-12
Census Tract,12031014418,White,04/2021,0,0,2025-04-12
Census Tract,12031014418,White,05/2021,0,0,2025-04-12
Census Tract,12031014418,White,06/2021,0,0,2025-04-12
Census Tract,12031014418,White,07/2021,0,0,2025-04-12
Census Tract,12031014418,White,08/2021,0,0,2025-04-12
Census Tract,12031014418,White,09/2021,0,0,2025-04-12
Census Tract,12031014418,White,10/2021,0,0,2025-04-12
Census Tract,12031014418,White,11/2021,0,0,2025-04-12
Census Tract,12031014418,White,12/2021,0,0,2025-04-12
Census Tract,12031014418,White,01/2022,0,0,2025-04-12
Census Tract,12031014418,White,02/2022,0,0,2025-04-12
Census Tract,12031014418,White,03/2022,0,0,2025-04-12
Census Tract,12031014418,White,04/2022,0,0,2025-04-12
Census Tract,12031014418,White,05/2022,0,0,2025-04-12
Census Tract,12031014418,White,06/2022,0,0,2025-04-12
Census Tract,12031014418,White,07/2022,0,0,2025-04-12
Census Tract,12031014418,White,08/2022,0,0,2025-04-12
Census Tract,12031014418,White,09/2022,0,0,2025-04-12
Census Tract,12031014418,White,10/2022,0,0,2025-04-12
Census Tract,12031014418,White,11/2022,0,0,2025-04-12
Census Tract,12031014418,White,12/2022,0,0,2025-04-12
Census Tract,12031014418,White,01/2023,0,0,2025-04-12
Census Tract,12031014418,White,02/2023,0,0,2025-04-12
Census Tract,12031014418,White,03/2023,0,0,2025-04-12
Census Tract,12031014418,White,04/2023,0,0,2025-04-12
Census Tract,12031014418,White,05/2023,0,0,2025-04-12
Census Tract,12031014418,White,06/2023,0,0,2025-04-12
Census Tract,12031014418,White,07/2023,0,0,2025-04-12
Census Tract,12031014418,White,08/2023,0,0,2025-04-12
Census Tract,12031014418,White,09/2023,0,0,2025-04-12
Census Tract,12031014418,White,10/2023,0,0,2025-04-12
Census Tract,12031014418,White,11/2023,0,0,2025-04-12
Census Tract,12031014418,White,12/2023,0,0,2025-04-12
Census Tract,12031014418,White,01/2024,0,0,2025-04-12
Census Tract,12031014418,White,02/2024,0,0,2025-04-12
Census Tract,12031014418,White,03/2024,0,0,2025-04-12
Census Tract,12031014418,White,04/2024,0,0,2025-04-12
Census Tract,12031014418,White,05/2024,0,0,2025-04-12
Census Tract,12031014418,White,06/2024,0,0,2025-04-12
Census Tract,12031014418,White,07/2024,0,0,2025-04-12
Census Tract,12031014418,White,08/2024,0,0,2025-04-12
Census Tract,12031014418,White,09/2024,0,0,2025-04-12
Census Tract,12031014418,White,10/2024,0,0,2025-04-12
Census Tract,12031014418,White,11/2024,1,0,2025-04-12
Census Tract,12031014418,White,12/2024,0,0,2025-04-12
Census Tract,12031014418,White,01/2025,0,0,2025-04-12
Census Tract,12031014418,White,02/2025,0,0,2025-04-12
Census Tract,12031014418,White,03/2025,0,0,2025-04-12
Census Tract,12031014418,White,04/2025,0,0,2025-04-12
Census Tract,12031014419,White,01/2020,1,2.4,2025-04-12
Census Tract,12031014419,White,02/2020,0,2,2025-04-12
Census Tract,12031014419,White,03/2020,0,2.4,2025-04-12
Census Tract,12031014419,White,04/2020,0,0.4,2025-04-12
Census Tract,12031014419,White,05/2020,0,0.6,2025-04-12
Census Tract,12031014419,White,06/2020,0,2,2025-04-12
Census Tract,12031014419,White,07/2020,0,2,2025-04-12
Census Tract,12031014419,White,08/2020,0,0.2,2025-04-12
Census Tract,12031014419,White,09/2020,0,0.8,2025-04-12
Census Tract,12031014419,White,10/2020,0,2,2025-04-12
Census Tract,12031014419,White,11/2020,0,5,2025-04-12
Census Tract,12031014419,White,12/2020,0,4.2,2025-04-12
Census Tract,12031014419,White,01/2021,0,2.4,2025-04-12
Census Tract,12031014419,White,02/2021,0,2,2025-04-12
Census Tract,12031014419,White,03/2021,0,2.4,2025-04-12
Census Tract,12031014419,White,04/2021,0,0.4,2025-04-12
Census Tract,12031014419,White,05/2021,1,0.6,2025-04-12
Census Tract,12031014419,White,06/2021,0,2,2025-04-12
Census Tract,12031014419,White,07/2021,0,2,2025-04-12
Census Tract,12031014419,White,08/2021,0,0.2,2025-04-12
Census Tract,12031014419,White,09/2021,1,0.8,2025-04-12
Census Tract,12031014419,White,10/2021,0,2,2025-04-12
Census Tract,12031014419,White,11/2021,0,5,2025-04-12
Census Tract,12031014419,White,12/2021,0,4.2,2025-04-12
Census Tract,12031014419,White,01/2022,0,2.4,2025-04-12
Census Tract,12031014419,White,02/2022,0,2,2025-04-12
Census Tract,12031014419,White,03/2022,2,2.4,2025-04-12
Census Tract,12031014419,White,04/2022,0,0.4,2025-04-12
Census Tract,12031014419,White,05/2022,0,0.6,2025-04-12
Census Tract,12031014419,White,06/2022,0,2,2025-04-12
Census Tract,12031014419,White,07/2022,1,2,2025-04-12
Census Tract,12031014419,White,08/2022,0,0.2,2025-04-12
Census Tract,12031014419,White,09/2022,0,0.8,2025-04-12
Census Tract,12031014419,White,10/2022,0,2,2025-04-12
Census Tract,12031014419,White,11/2022,1,5,2025-04-12
Census Tract,12031014419,White,12/2022,2,4.2,2025-04-12
Census Tract,12031014419,White,01/2023,0,2.4,2025-04-12
Census Tract,12031014419,White,02/2023,0,2,2025-04-12
Census Tract,12031014419,White,03/2023,0,2.4,2025-04-12
Census Tract,12031014419,White,04/2023,1,0.4,2025-04-12
Census Tract,12031014419,White,05/2023,0,0.6,2025-04-12
Census Tract,12031014419,White,06/2023,1,2,2025-04-12
Census Tract,12031014419,White,07/2023,1,2,2025-04-12
Census Tract,12031014419,White,08/2023,0,0.2,2025-04-12
Census Tract,12031014419,White,09/2023,0,0.8,2025-04-12
Census Tract,12031014419,White,10/2023,0,2,2025-04-12
Census Tract,12031014419,White,11/2023,0,5,2025-04-12
Census Tract,12031014419,White,12/2023,2,4.2,2025-04-12
Census Tract,12031014419,White,01/2024,1,2.4,2025-04-12
Census Tract,12031014419,White,02/2024,0,2,2025-04-12
Census Tract,12031014419,White,03/2024,0,2.4,2025-04-12
Census Tract,12031014419,White,04/2024,0,0.4,2025-04-12
Census Tract,12031014419,White,05/2024,0,0.6,2025-04-12
Census Tract,12031014419,White,06/2024,0,2,2025-04-12
Census Tract,12031014419,White,07/2024,0,2,2025-04-12
Census Tract,12031014419,White,08/2024,0,0.2,2025-04-12
Census Tract,12031014419,White,09/2024,0,0.8,2025-04-12
Census Tract,12031014419,White,10/2024,1,2,2025-04-12
Census Tract,12031014419,White,11/2024,0,5,2025-04-12
Census Tract,12031014419,White,12/2024,0,4.2,2025-04-12
Census Tract,12031014419,White,01/2025,0,2.4,2025-04-12
Census Tract,12031014419,White,02/2025,1,2,2025-04-12
Census Tract,12031014419,White,03/2025,0,2.4,2025-04-12
Census Tract,12031014419,White,04/2025,0,0.2,2025-04-12
Census Tract,12031014420,White,01/2020,1,2.4,2025-04-12
Census Tract,12031014420,White,02/2020,5,1.4,2025-04-12
Census Tract,12031014420,White,03/2020,1,2.8,2025-04-12
Census Tract,12031014420,White,04/2020,0,2,2025-04-12
Census Tract,12031014420,White,05/2020,0,1.4,2025-04-12
Census Tract,12031014420,White,06/2020,0,1.8,2025-04-12
Census Tract,12031014420,White,07/2020,0,2.4,2025-04-12
Census Tract,12031014420,White,08/2020,2,3,2025-04-12
Census Tract,12031014420,White,09/2020,2,3.4,2025-04-12
Census Tract,12031014420,White,10/2020,2,3,2025-04-12
Census Tract,12031014420,White,11/2020,0,1.6,2025-04-12
Census Tract,12031014420,White,12/2020,4,1.6,2025-04-12
Census Tract,12031014420,White,01/2021,0,2.4,2025-04-12
Census Tract,12031014420,White,02/2021,0,1.4,2025-04-12
Census Tract,12031014420,White,03/2021,2,2.8,2025-04-12
Census Tract,12031014420,White,04/2021,1,2,2025-04-12
Census Tract,12031014420,White,05/2021,0,1.4,2025-04-12
Census Tract,12031014420,White,06/2021,0,1.8,2025-04-12
Census Tract,12031014420,White,07/2021,0,2.4,2025-04-12
Census Tract,12031014420,White,08/2021,3,3,2025-04-12
Census Tract,12031014420,White,09/2021,4,3.4,2025-04-12
Census Tract,12031014420,White,10/2021,3,3,2025-04-12
Census Tract,12031014420,White,11/2021,2,1.6,2025-04-12
Census Tract,12031014420,White,12/2021,1,1.6,2025-04-12
Census Tract,12031014420,White,01/2022,3,2.4,2025-04-12
Census Tract,12031014420,White,02/2022,1,1.4,2025-04-12
Census Tract,12031014420,White,03/2022,0,2.8,2025-04-12
Census Tract,12031014420,White,04/2022,1,2,2025-04-12
Census Tract,12031014420,White,05/2022,2,1.4,2025-04-12
Census Tract,12031014420,White,06/2022,1,1.8,2025-04-12
Census Tract,12031014420,White,07/2022,1,2.4,2025-04-12
Census Tract,12031014420,White,08/2022,0,3,2025-04-12
Census Tract,12031014420,White,09/2022,5,3.4,2025-04-12
Census Tract,12031014420,White,10/2022,3,3,2025-04-12
Census Tract,12031014420,White,11/2022,3,1.6,2025-04-12
Census Tract,12031014420,White,12/2022,1,1.6,2025-04-12
Census Tract,12031014420,White,01/2023,0,2.4,2025-04-12
Census Tract,12031014420,White,02/2023,0,1.4,2025-04-12
Census Tract,12031014420,White,03/2023,1,2.8,2025-04-12
Census Tract,12031014420,White,04/2023,0,2,2025-04-12
Census Tract,12031014420,White,05/2023,3,1.4,2025-04-12
Census Tract,12031014420,White,06/2023,4,1.8,2025-04-12
Census Tract,12031014420,White,07/2023,3,2.4,2025-04-12
Census Tract,12031014420,White,08/2023,0,3,2025-04-12
Census Tract,12031014420,White,09/2023,1,3.4,2025-04-12
Census Tract,12031014420,White,10/2023,13,3,2025-04-12
Census Tract,12031014420,White,11/2023,3,1.6,2025-04-12
Census Tract,12031014420,White,12/2023,3,1.6,2025-04-12
Census Tract,12031014420,White,01/2024,1,2.4,2025-04-12
Census Tract,12031014420,White,02/2024,2,1.4,2025-04-12
Census Tract,12031014420,White,03/2024,1,2.8,2025-04-12
Census Tract,12031014420,White,04/2024,0,2,2025-04-12
Census Tract,12031014420,White,05/2024,1,1.4,2025-04-12
Census Tract,12031014420,White,06/2024,1,1.8,2025-04-12
Census Tract,12031014420,White,07/2024,3,2.4,2025-04-12
Census Tract,12031014420,White,08/2024,2,3,2025-04-12
Census Tract,12031014420,White,09/2024,2,3.4,2025-04-12
Census Tract,12031014420,White,10/2024,3,3,2025-04-12
Census Tract,12031014420,White,11/2024,0,1.6,2025-04-12
Census Tract,12031014420,White,12/2024,3,1.6,2025-04-12
Census Tract,12031014420,White,01/2025,3,2.4,2025-04-12
Census Tract,12031014420,White,02/2025,4,1.4,2025-04-12
Census Tract,12031014420,White,03/2025,0,2.8,2025-04-12
Census Tract,12031014420,White,04/2025,0,0,2025-04-12
Census Tract,12031014421,White,01/2020,0,1.2,2025-04-12
Census Tract,12031014421,White,02/2020,1,0.2,2025-04-12
Census Tract,12031014421,White,03/2020,0,0.6,2025-04-12
Census Tract,12031014421,White,04/2020,0,0.8,2025-04-12
Census Tract,12031014421,White,05/2020,0,0.4,2025-04-12
Census Tract,12031014421,White,06/2020,1,1.4,2025-04-12
Census Tract,12031014421,White,07/2020,1,1.4,2025-04-12
Census Tract,12031014421,White,08/2020,1,1.4,2025-04-12
Census Tract,12031014421,White,09/2020,1,0.8,2025-04-12
Census Tract,12031014421,White,10/2020,0,1.2,2025-04-12
Census Tract,12031014421,White,11/2020,1,0.6,2025-04-12
Census Tract,12031014421,White,12/2020,1,1.2,2025-04-12
Census Tract,12031014421,White,01/2021,2,1.2,2025-04-12
Census Tract,12031014421,White,02/2021,0,0.2,2025-04-12
Census Tract,12031014421,White,03/2021,1,0.6,2025-04-12
Census Tract,12031014421,White,04/2021,0,0.8,2025-04-12
Census Tract,12031014421,White,05/2021,0,0.4,2025-04-12
Census Tract,12031014421,White,06/2021,0,1.4,2025-04-12
Census Tract,12031014421,White,07/2021,2,1.4,2025-04-12
Census Tract,12031014421,White,08/2021,0,1.4,2025-04-12
Census Tract,12031014421,White,09/2021,1,0.8,2025-04-12
Census Tract,12031014421,White,10/2021,0,1.2,2025-04-12
Census Tract,12031014421,White,11/2021,0,0.6,2025-04-12
Census Tract,12031014421,White,12/2021,4,1.2,2025-04-12
Census Tract,12031014421,White,01/2022,0,1.2,2025-04-12
Census Tract,12031014421,White,02/2022,2,0.2,2025-04-12
Census Tract,12031014421,White,03/2022,0,0.6,2025-04-12
Census Tract,12031014421,White,04/2022,1,0.8,2025-04-12
Census Tract,12031014421,White,05/2022,0,0.4,2025-04-12
Census Tract,12031014421,White,06/2022,4,1.4,2025-04-12
Census Tract,12031014421,White,07/2022,0,1.4,2025-04-12
Census Tract,12031014421,White,08/2022,1,1.4,2025-04-12
Census Tract,12031014421,White,09/2022,1,0.8,2025-04-12
Census Tract,12031014421,White,10/2022,0,1.2,2025-04-12
Census Tract,12031014421,White,11/2022,3,0.6,2025-04-12
Census Tract,12031014421,White,12/2022,1,1.2,2025-04-12
Census Tract,12031014421,White,01/2023,3,1.2,2025-04-12
Census Tract,12031014421,White,02/2023,1,0.2,2025-04-12
Census Tract,12031014421,White,03/2023,0,0.6,2025-04-12
Census Tract,12031014421,White,04/2023,1,0.8,2025-04-12
Census Tract,12031014421,White,05/2023,3,0.4,2025-04-12
Census Tract,12031014421,White,06/2023,1,1.4,2025-04-12
Census Tract,12031014421,White,07/2023,0,1.4,2025-04-12
Census Tract,12031014421,White,08/2023,1,1.4,2025-04-12
Census Tract,12031014421,White,09/2023,1,0.8,2025-04-12
Census Tract,12031014421,White,10/2023,1,1.2,2025-04-12
Census Tract,12031014421,White,11/2023,0,0.6,2025-04-12
Census Tract,12031014421,White,12/2023,3,1.2,2025-04-12
Census Tract,12031014421,White,01/2024,0,1.2,2025-04-12
Census Tract,12031014421,White,02/2024,1,0.2,2025-04-12
Census Tract,12031014421,White,03/2024,1,0.6,2025-04-12
Census Tract,12031014421,White,04/2024,0,0.8,2025-04-12
Census Tract,12031014421,White,05/2024,0,0.4,2025-04-12
Census Tract,12031014421,White,06/2024,1,1.4,2025-04-12
Census Tract,12031014421,White,07/2024,2,1.4,2025-04-12
Census Tract,12031014421,White,08/2024,0,1.4,2025-04-12
Census Tract,12031014421,White,09/2024,1,0.8,2025-04-12
Census Tract,12031014421,White,10/2024,0,1.2,2025-04-12
Census Tract,12031014421,White,11/2024,3,0.6,2025-04-12
Census Tract,12031014421,White,12/2024,1,1.2,2025-04-12
Census Tract,12031014421,White,01/2025,0,1.2,2025-04-12
Census Tract,12031014421,White,02/2025,1,0.2,2025-04-12
Census Tract,12031014421,White,03/2025,2,0.6,2025-04-12
Census Tract,12031014421,White,04/2025,0,0,2025-04-12
Census Tract,12031014422,White,01/2020,1,1,2025-04-12
Census Tract,12031014422,White,02/2020,0,1.2,2025-04-12
Census Tract,12031014422,White,03/2020,0,0.8,2025-04-12
Census Tract,12031014422,White,04/2020,0,0.2,2025-04-12
Census Tract,12031014422,White,05/2020,0,0.8,2025-04-12
Census Tract,12031014422,White,06/2020,0,1,2025-04-12
Census Tract,12031014422,White,07/2020,0,0.2,2025-04-12
Census Tract,12031014422,White,08/2020,0,0.8,2025-04-12
Census Tract,12031014422,White,09/2020,3,1,2025-04-12
Census Tract,12031014422,White,10/2020,0,0.6,2025-04-12
Census Tract,12031014422,White,11/2020,0,1.2,2025-04-12
Census Tract,12031014422,White,12/2020,0,1,2025-04-12
Census Tract,12031014422,White,01/2021,0,1,2025-04-12
Census Tract,12031014422,White,02/2021,0,1.2,2025-04-12
Census Tract,12031014422,White,03/2021,0,0.8,2025-04-12
Census Tract,12031014422,White,04/2021,1,0.2,2025-04-12
Census Tract,12031014422,White,05/2021,0,0.8,2025-04-12
Census Tract,12031014422,White,06/2021,0,1,2025-04-12
Census Tract,12031014422,White,07/2021,0,0.2,2025-04-12
Census Tract,12031014422,White,08/2021,0,0.8,2025-04-12
Census Tract,12031014422,White,09/2021,0,1,2025-04-12
Census Tract,12031014422,White,10/2021,1,0.6,2025-04-12
Census Tract,12031014422,White,11/2021,2,1.2,2025-04-12
Census Tract,12031014422,White,12/2021,1,1,2025-04-12
Census Tract,12031014422,White,01/2022,0,1,2025-04-12
Census Tract,12031014422,White,02/2022,1,1.2,2025-04-12
Census Tract,12031014422,White,03/2022,0,0.8,2025-04-12
Census Tract,12031014422,White,04/2022,0,0.2,2025-04-12
Census Tract,12031014422,White,05/2022,0,0.8,2025-04-12
Census Tract,12031014422,White,06/2022,1,1,2025-04-12
Census Tract,12031014422,White,07/2022,2,0.2,2025-04-12
Census Tract,12031014422,White,08/2022,2,0.8,2025-04-12
Census Tract,12031014422,White,09/2022,2,1,2025-04-12
Census Tract,12031014422,White,10/2022,1,0.6,2025-04-12
Census Tract,12031014422,White,11/2022,2,1.2,2025-04-12
Census Tract,12031014422,White,12/2022,0,1,2025-04-12
Census Tract,12031014422,White,01/2023,0,1,2025-04-12
Census Tract,12031014422,White,02/2023,0,1.2,2025-04-12
Census Tract,12031014422,White,03/2023,1,0.8,2025-04-12
Census Tract,12031014422,White,04/2023,2,0.2,2025-04-12
Census Tract,12031014422,White,05/2023,2,0.8,2025-04-12
Census Tract,12031014422,White,06/2023,4,1,2025-04-12
Census Tract,12031014422,White,07/2023,0,0.2,2025-04-12
Census Tract,12031014422,White,08/2023,0,0.8,2025-04-12
Census Tract,12031014422,White,09/2023,0,1,2025-04-12
Census Tract,12031014422,White,10/2023,3,0.6,2025-04-12
Census Tract,12031014422,White,11/2023,1,1.2,2025-04-12
Census Tract,12031014422,White,12/2023,0,1,2025-04-12
Census Tract,12031014422,White,01/2024,0,1,2025-04-12
Census Tract,12031014422,White,02/2024,0,1.2,2025-04-12
Census Tract,12031014422,White,03/2024,1,0.8,2025-04-12
Census Tract,12031014422,White,04/2024,1,0.2,2025-04-12
Census Tract,12031014422,White,05/2024,1,0.8,2025-04-12
Census Tract,12031014422,White,06/2024,1,1,2025-04-12
Census Tract,12031014422,White,07/2024,0,0.2,2025-04-12
Census Tract,12031014422,White,08/2024,1,0.8,2025-04-12
Census Tract,12031014422,White,09/2024,2,1,2025-04-12
Census Tract,12031014422,White,10/2024,1,0.6,2025-04-12
Census Tract,12031014422,White,11/2024,0,1.2,2025-04-12
Census Tract,12031014422,White,12/2024,2,1,2025-04-12
Census Tract,12031014422,White,01/2025,0,1,2025-04-12
Census Tract,12031014422,White,02/2025,0,1.2,2025-04-12
Census Tract,12031014422,White,03/2025,1,0.8,2025-04-12
Census Tract,12031014422,White,04/2025,0,0,2025-04-12
Census Tract,12031014423,White,01/2020,11,1.4,2025-04-12
Census Tract,12031014423,White,02/2020,11,1.8,2025-04-12
Census Tract,12031014423,White,03/2020,5,1.6,2025-04-12
Census Tract,12031014423,White,04/2020,1,1,2025-04-12
Census Tract,12031014423,White,05/2020,0,1.6,2025-04-12
Census Tract,12031014423,White,06/2020,0,1.8,2025-04-12
Census Tract,12031014423,White,07/2020,0,1.2,2025-04-12
Census Tract,12031014423,White,08/2020,2,1.6,2025-04-12
Census Tract,12031014423,White,09/2020,3,1,2025-04-12
Census Tract,12031014423,White,10/2020,4,2.2,2025-04-12
Census Tract,12031014423,White,11/2020,9,1.4,2025-04-12
Census Tract,12031014423,White,12/2020,4,0.8,2025-04-12
Census Tract,12031014423,White,01/2021,10,1.4,2025-04-12
Census Tract,12031014423,White,02/2021,1,1.8,2025-04-12
Census Tract,12031014423,White,03/2021,3,1.6,2025-04-12
Census Tract,12031014423,White,04/2021,1,1,2025-04-12
Census Tract,12031014423,White,05/2021,4,1.6,2025-04-12
Census Tract,12031014423,White,06/2021,3,1.8,2025-04-12
Census Tract,12031014423,White,07/2021,5,1.2,2025-04-12
Census Tract,12031014423,White,08/2021,8,1.6,2025-04-12
Census Tract,12031014423,White,09/2021,6,1,2025-04-12
Census Tract,12031014423,White,10/2021,12,2.2,2025-04-12
Census Tract,12031014423,White,11/2021,6,1.4,2025-04-12
Census Tract,12031014423,White,12/2021,8,0.8,2025-04-12
Census Tract,12031014423,White,01/2022,9,1.4,2025-04-12
Census Tract,12031014423,White,02/2022,6,1.8,2025-04-12
Census Tract,12031014423,White,03/2022,4,1.6,2025-04-12
Census Tract,12031014423,White,04/2022,11,1,2025-04-12
Census Tract,12031014423,White,05/2022,9,1.6,2025-04-12
Census Tract,12031014423,White,06/2022,13,1.8,2025-04-12
Census Tract,12031014423,White,07/2022,20,1.2,2025-04-12
Census Tract,12031014423,White,08/2022,14,1.6,2025-04-12
Census Tract,12031014423,White,09/2022,19,1,2025-04-12
Census Tract,12031014423,White,10/2022,24,2.2,2025-04-12
Census Tract,12031014423,White,11/2022,21,1.4,2025-04-12
Census Tract,12031014423,White,12/2022,23,0.8,2025-04-12
Census Tract,12031014423,White,01/2023,35,1.4,2025-04-12
Census Tract,12031014423,White,02/2023,33,1.8,2025-04-12
Census Tract,12031014423,White,03/2023,20,1.6,2025-04-12
Census Tract,12031014423,White,04/2023,16,1,2025-04-12
Census Tract,12031014423,White,05/2023,29,1.6,2025-04-12
Census Tract,12031014423,White,06/2023,27,1.8,2025-04-12
Census Tract,12031014423,White,07/2023,15,1.2,2025-04-12
Census Tract,12031014423,White,08/2023,21,1.6,2025-04-12
Census Tract,12031014423,White,09/2023,22,1,2025-04-12
Census Tract,12031014423,White,10/2023,25,2.2,2025-04-12
Census Tract,12031014423,White,11/2023,15,1.4,2025-04-12
Census Tract,12031014423,White,12/2023,16,0.8,2025-04-12
Census Tract,12031014423,White,01/2024,18,1.4,2025-04-12
Census Tract,12031014423,White,02/2024,12,1.8,2025-04-12
Census Tract,12031014423,White,03/2024,12,1.6,2025-04-12
Census Tract,12031014423,White,04/2024,11,1,2025-04-12
Census Tract,12031014423,White,05/2024,12,1.6,2025-04-12
Census Tract,12031014423,White,06/2024,17,1.8,2025-04-12
Census Tract,12031014423,White,07/2024,19,1.2,2025-04-12
Census Tract,12031014423,White,08/2024,20,1.6,2025-04-12
Census Tract,12031014423,White,09/2024,13,1,2025-04-12
Census Tract,12031014423,White,10/2024,14,2.2,2025-04-12
Census Tract,12031014423,White,11/2024,19,1.4,2025-04-12
Census Tract,12031014423,White,12/2024,13,0.8,2025-04-12
Census Tract,12031014423,White,01/2025,14,1.4,2025-04-12
Census Tract,12031014423,White,02/2025,15,1.8,2025-04-12
Census Tract,12031014423,White,03/2025,16,1.6,2025-04-12
Census Tract,12031014423,White,04/2025,1,0,2025-04-12
Census Tract,12031014424,White,01/2020,2,0.4,2025-04-12
Census Tract,12031014424,White,02/2020,8,1.6,2025-04-12
Census Tract,12031014424,White,03/2020,7,1.2,2025-04-12
Census Tract,12031014424,White,04/2020,0,0.6,2025-04-12
Census Tract,12031014424,White,05/2020,0,1.2,2025-04-12
Census Tract,12031014424,White,06/2020,1,1,2025-04-12
Census Tract,12031014424,White,07/2020,0,1.8,2025-04-12
Census Tract,12031014424,White,08/2020,2,1.2,2025-04-12
Census Tract,12031014424,White,09/2020,7,1.2,2025-04-12
Census Tract,12031014424,White,10/2020,6,2.6,2025-04-12
Census Tract,12031014424,White,11/2020,2,2.2,2025-04-12
Census Tract,12031014424,White,12/2020,5,1.4,2025-04-12
Census Tract,12031014424,White,01/2021,9,0.4,2025-04-12
Census Tract,12031014424,White,02/2021,3,1.6,2025-04-12
Census Tract,12031014424,White,03/2021,3,1.2,2025-04-12
Census Tract,12031014424,White,04/2021,2,0.6,2025-04-12
Census Tract,12031014424,White,05/2021,6,1.2,2025-04-12
Census Tract,12031014424,White,06/2021,11,1,2025-04-12
Census Tract,12031014424,White,07/2021,6,1.8,2025-04-12
Census Tract,12031014424,White,08/2021,8,1.2,2025-04-12
Census Tract,12031014424,White,09/2021,21,1.2,2025-04-12
Census Tract,12031014424,White,10/2021,5,2.6,2025-04-12
Census Tract,12031014424,White,11/2021,2,2.2,2025-04-12
Census Tract,12031014424,White,12/2021,8,1.4,2025-04-12
Census Tract,12031014424,White,01/2022,8,0.4,2025-04-12
Census Tract,12031014424,White,02/2022,4,1.6,2025-04-12
Census Tract,12031014424,White,03/2022,10,1.2,2025-04-12
Census Tract,12031014424,White,04/2022,5,0.6,2025-04-12
Census Tract,12031014424,White,05/2022,6,1.2,2025-04-12
Census Tract,12031014424,White,06/2022,6,1,2025-04-12
Census Tract,12031014424,White,07/2022,5,1.8,2025-04-12
Census Tract,12031014424,White,08/2022,0,1.2,2025-04-12
Census Tract,12031014424,White,09/2022,5,1.2,2025-04-12
Census Tract,12031014424,White,10/2022,5,2.6,2025-04-12
Census Tract,12031014424,White,11/2022,10,2.2,2025-04-12
Census Tract,12031014424,White,12/2022,7,1.4,2025-04-12
Census Tract,12031014424,White,01/2023,12,0.4,2025-04-12
Census Tract,12031014424,White,02/2023,7,1.6,2025-04-12
Census Tract,12031014424,White,03/2023,8,1.2,2025-04-12
Census Tract,12031014424,White,04/2023,3,0.6,2025-04-12
Census Tract,12031014424,White,05/2023,6,1.2,2025-04-12
Census Tract,12031014424,White,06/2023,7,1,2025-04-12
Census Tract,12031014424,White,07/2023,13,1.8,2025-04-12
Census Tract,12031014424,White,08/2023,9,1.2,2025-04-12
Census Tract,12031014424,White,09/2023,18,1.2,2025-04-12
Census Tract,12031014424,White,10/2023,25,2.6,2025-04-12
Census Tract,12031014424,White,11/2023,15,2.2,2025-04-12
Census Tract,12031014424,White,12/2023,10,1.4,2025-04-12
Census Tract,12031014424,White,01/2024,6,0.4,2025-04-12
Census Tract,12031014424,White,02/2024,5,1.6,2025-04-12
Census Tract,12031014424,White,03/2024,6,1.2,2025-04-12
Census Tract,12031014424,White,04/2024,5,0.6,2025-04-12
Census Tract,12031014424,White,05/2024,10,1.2,2025-04-12
Census Tract,12031014424,White,06/2024,5,1,2025-04-12
Census Tract,12031014424,White,07/2024,4,1.8,2025-04-12
Census Tract,12031014424,White,08/2024,10,1.2,2025-04-12
Census Tract,12031014424,White,09/2024,11,1.2,2025-04-12
Census Tract,12031014424,White,10/2024,6,2.6,2025-04-12
Census Tract,12031014424,White,11/2024,8,2.2,2025-04-12
Census Tract,12031014424,White,12/2024,6,1.4,2025-04-12
Census Tract,12031014424,White,01/2025,7,0.4,2025-04-12
Census Tract,12031014424,White,02/2025,8,1.6,2025-04-12
Census Tract,12031014424,White,03/2025,5,1.2,2025-04-12
Census Tract,12031014424,White,04/2025,1,0.2,2025-04-12
Census Tract,12031014425,Other,01/2020,4,0.4,2025-04-12
Census Tract,12031014425,Other,02/2020,2,0.2,2025-04-12
Census Tract,12031014425,Other,03/2020,0,0.4,2025-04-12
Census Tract,12031014425,Other,04/2020,0,0.2,2025-04-12
Census Tract,12031014425,Other,05/2020,0,0.2,2025-04-12
Census Tract,12031014425,Other,06/2020,0,0.8,2025-04-12
Census Tract,12031014425,Other,07/2020,0,0.2,2025-04-12
Census Tract,12031014425,Other,08/2020,0,0.2,2025-04-12
Census Tract,12031014425,Other,09/2020,0,0.4,2025-04-12
Census Tract,12031014425,Other,10/2020,1,0,2025-04-12
Census Tract,12031014425,Other,11/2020,0,0.2,2025-04-12
Census Tract,12031014425,Other,12/2020,1,0.4,2025-04-12
Census Tract,12031014425,Other,01/2021,1,0.4,2025-04-12
Census Tract,12031014425,Other,02/2021,1,0.2,2025-04-12
Census Tract,12031014425,Other,03/2021,1,0.4,2025-04-12
Census Tract,12031014425,Other,04/2021,0,0.2,2025-04-12
Census Tract,12031014425,Other,05/2021,0,0.2,2025-04-12
Census Tract,12031014425,Other,06/2021,0,0.8,2025-04-12
Census Tract,12031014425,Other,07/2021,0,0.2,2025-04-12
Census Tract,12031014425,Other,08/2021,2,0.2,2025-04-12
Census Tract,12031014425,Other,09/2021,6,0.4,2025-04-12
Census Tract,12031014425,Other,10/2021,6,0,2025-04-12
Census Tract,12031014425,Other,11/2021,3,0.2,2025-04-12
Census Tract,12031014425,Other,12/2021,8,0.4,2025-04-12
Census Tract,12031014425,Other,01/2022,3,0.4,2025-04-12
Census Tract,12031014425,Other,02/2022,3,0.2,2025-04-12
Census Tract,12031014425,Other,03/2022,4,0.4,2025-04-12
Census Tract,12031014425,Other,04/2022,2,0.2,2025-04-12
Census Tract,12031014425,Other,05/2022,8,0.2,2025-04-12
Census Tract,12031014425,Other,06/2022,13,0.8,2025-04-12
Census Tract,12031014425,Other,07/2022,4,0.2,2025-04-12
Census Tract,12031014425,Other,08/2022,2,0.2,2025-04-12
Census Tract,12031014425,Other,09/2022,2,0.4,2025-04-12
Census Tract,12031014425,Other,10/2022,5,0,2025-04-12
Census Tract,12031014425,Other,11/2022,4,0.2,2025-04-12
Census Tract,12031014425,Other,12/2022,14,0.4,2025-04-12
Census Tract,12031014425,Other,01/2023,2,0.4,2025-04-12
Census Tract,12031014425,Other,02/2023,2,0.2,2025-04-12
Census Tract,12031014425,Other,03/2023,6,0.4,2025-04-12
Census Tract,12031014425,Other,04/2023,3,0.2,2025-04-12
Census Tract,12031014425,Other,05/2023,12,0.2,2025-04-12
Census Tract,12031014425,Other,06/2023,3,0.8,2025-04-12
Census Tract,12031014425,Other,07/2023,6,0.2,2025-04-12
Census Tract,12031014425,Other,08/2023,8,0.2,2025-04-12
Census Tract,12031014425,Other,09/2023,5,0.4,2025-04-12
Census Tract,12031014425,Other,10/2023,8,0,2025-04-12
Census Tract,12031014425,Other,11/2023,15,0.2,2025-04-12
Census Tract,12031014425,Other,12/2023,5,0.4,2025-04-12
Census Tract,12031014425,Other,01/2024,16,0.4,2025-04-12
Census Tract,12031014425,Other,02/2024,8,0.2,2025-04-12
Census Tract,12031014425,Other,03/2024,5,0.4,2025-04-12
Census Tract,12031014425,Other,04/2024,8,0.2,2025-04-12
Census Tract,12031014425,Other,05/2024,10,0.2,2025-04-12
Census Tract,12031014425,Other,06/2024,13,0.8,2025-04-12
Census Tract,12031014425,Other,07/2024,4,0.2,2025-04-12
Census Tract,12031014425,Other,08/2024,9,0.2,2025-04-12
Census Tract,12031014425,Other,09/2024,7,0.4,2025-04-12
Census Tract,12031014425,Other,10/2024,2,0,2025-04-12
Census Tract,12031014425,Other,11/2024,8,0.2,2025-04-12
Census Tract,12031014425,Other,12/2024,6,0.4,2025-04-12
Census Tract,12031014425,Other,01/2025,10,0.4,2025-04-12
Census Tract,12031014425,Other,02/2025,5,0.2,2025-04-12
Census Tract,12031014425,Other,03/2025,5,0.4,2025-04-12
Census Tract,12031014425,Other,04/2025,0,0.2,2025-04-12
Census Tract,12031014426,White,01/2020,6,3.6,2025-04-12
Census Tract,12031014426,White,02/2020,8,3,2025-04-12
Census Tract,12031014426,White,03/2020,4,2.4,2025-04-12
Census Tract,12031014426,White,04/2020,0,5,2025-04-12
Census Tract,12031014426,White,05/2020,0,5.4,2025-04-12
Census Tract,12031014426,White,06/2020,0,6.4,2025-04-12
Census Tract,12031014426,White,07/2020,0,6.2,2025-04-12
Census Tract,12031014426,White,08/2020,0,5.8,2025-04-12
Census Tract,12031014426,White,09/2020,4,7.6,2025-04-12
Census Tract,12031014426,White,10/2020,7,7.2,2025-04-12
Census Tract,12031014426,White,11/2020,4,4.8,2025-04-12
Census Tract,12031014426,White,12/2020,4,3.8,2025-04-12
Census Tract,12031014426,White,01/2021,5,3.6,2025-04-12
Census Tract,12031014426,White,02/2021,4,3,2025-04-12
Census Tract,12031014426,White,03/2021,1,2.4,2025-04-12
Census Tract,12031014426,White,04/2021,2,5,2025-04-12
Census Tract,12031014426,White,05/2021,3,5.4,2025-04-12
Census Tract,12031014426,White,06/2021,3,6.4,2025-04-12
Census Tract,12031014426,White,07/2021,5,6.2,2025-04-12
Census Tract,12031014426,White,08/2021,3,5.8,2025-04-12
Census Tract,12031014426,White,09/2021,1,7.6,2025-04-12
Census Tract,12031014426,White,10/2021,3,7.2,2025-04-12
Census Tract,12031014426,White,11/2021,3,4.8,2025-04-12
Census Tract,12031014426,White,12/2021,3,3.8,2025-04-12
Census Tract,12031014426,White,01/2022,4,3.6,2025-04-12
Census Tract,12031014426,White,02/2022,1,3,2025-04-12
Census Tract,12031014426,White,03/2022,2,2.4,2025-04-12
Census Tract,12031014426,White,04/2022,5,5,2025-04-12
Census Tract,12031014426,White,05/2022,4,5.4,2025-04-12
Census Tract,12031014426,White,06/2022,2,6.4,2025-04-12
Census Tract,12031014426,White,07/2022,10,6.2,2025-04-12
Census Tract,12031014426,White,08/2022,3,5.8,2025-04-12
Census Tract,12031014426,White,09/2022,1,7.6,2025-04-12
Census Tract,12031014426,White,10/2022,5,7.2,2025-04-12
Census Tract,12031014426,White,11/2022,4,4.8,2025-04-12
Census Tract,12031014426,White,12/2022,3,3.8,2025-04-12
Census Tract,12031014426,White,01/2023,5,3.6,2025-04-12
Census Tract,12031014426,White,02/2023,10,3,2025-04-12
Census Tract,12031014426,White,03/2023,5,2.4,2025-04-12
Census Tract,12031014426,White,04/2023,2,5,2025-04-12
Census Tract,12031014426,White,05/2023,4,5.4,2025-04-12
Census Tract,12031014426,White,06/2023,10,6.4,2025-04-12
Census Tract,12031014426,White,07/2023,5,6.2,2025-04-12
Census Tract,12031014426,White,08/2023,6,5.8,2025-04-12
Census Tract,12031014426,White,09/2023,2,7.6,2025-04-12
Census Tract,12031014426,White,10/2023,6,7.2,2025-04-12
Census Tract,12031014426,White,11/2023,5,4.8,2025-04-12
Census Tract,12031014426,White,12/2023,5,3.8,2025-04-12
Census Tract,12031014426,White,01/2024,12,3.6,2025-04-12
Census Tract,12031014426,White,02/2024,6,3,2025-04-12
Census Tract,12031014426,White,03/2024,4,2.4,2025-04-12
Census Tract,12031014426,White,04/2024,6,5,2025-04-12
Census Tract,12031014426,White,05/2024,5,5.4,2025-04-12
Census Tract,12031014426,White,06/2024,7,6.4,2025-04-12
Census Tract,12031014426,White,07/2024,5,6.2,2025-04-12
Census Tract,12031014426,White,08/2024,9,5.8,2025-04-12
Census Tract,12031014426,White,09/2024,6,7.6,2025-04-12
Census Tract,12031014426,White,10/2024,6,7.2,2025-04-12
Census Tract,12031014426,White,11/2024,5,4.8,2025-04-12
Census Tract,12031014426,White,12/2024,3,3.8,2025-04-12
Census Tract,12031014426,White,01/2025,8,3.6,2025-04-12
Census Tract,12031014426,White,02/2025,5,3,2025-04-12
Census Tract,12031014426,White,03/2025,2,2.4,2025-04-12
Census Tract,12031014426,White,04/2025,0,0.2,2025-04-12
Census Tract,12031014427,Latinx,01/2020,0,0.8,2025-04-12
Census Tract,12031014427,Latinx,02/2020,0,0.6,2025-04-12
Census Tract,12031014427,Latinx,03/2020,0,1.4,2025-04-12
Census Tract,12031014427,Latinx,04/2020,0,0.2,2025-04-12
Census Tract,12031014427,Latinx,05/2020,0,1,2025-04-12
Census Tract,12031014427,Latinx,06/2020,0,1.2,2025-04-12
Census Tract,12031014427,Latinx,07/2020,0,2.2,2025-04-12
Census Tract,12031014427,Latinx,08/2020,1,1.8,2025-04-12
Census Tract,12031014427,Latinx,09/2020,1,1,2025-04-12
Census Tract,12031014427,Latinx,10/2020,2,0.6,2025-04-12
Census Tract,12031014427,Latinx,11/2020,2,1,2025-04-12
Census Tract,12031014427,Latinx,12/2020,0,1.6,2025-04-12
Census Tract,12031014427,Latinx,01/2021,2,0.8,2025-04-12
Census Tract,12031014427,Latinx,02/2021,2,0.6,2025-04-12
Census Tract,12031014427,Latinx,03/2021,1,1.4,2025-04-12
Census Tract,12031014427,Latinx,04/2021,1,0.2,2025-04-12
Census Tract,12031014427,Latinx,05/2021,0,1,2025-04-12
Census Tract,12031014427,Latinx,06/2021,0,1.2,2025-04-12
Census Tract,12031014427,Latinx,07/2021,0,2.2,2025-04-12
Census Tract,12031014427,Latinx,08/2021,0,1.8,2025-04-12
Census Tract,12031014427,Latinx,09/2021,0,1,2025-04-12
Census Tract,12031014427,Latinx,10/2021,0,0.6,2025-04-12
Census Tract,12031014427,Latinx,11/2021,0,1,2025-04-12
Census Tract,12031014427,Latinx,12/2021,1,1.6,2025-04-12
Census Tract,12031014427,Latinx,01/2022,2,0.8,2025-04-12
Census Tract,12031014427,Latinx,02/2022,0,0.6,2025-04-12
Census Tract,12031014427,Latinx,03/2022,7,1.4,2025-04-12
Census Tract,12031014427,Latinx,04/2022,2,0.2,2025-04-12
Census Tract,12031014427,Latinx,05/2022,1,1,2025-04-12
Census Tract,12031014427,Latinx,06/2022,2,1.2,2025-04-12
Census Tract,12031014427,Latinx,07/2022,4,2.2,2025-04-12
Census Tract,12031014427,Latinx,08/2022,1,1.8,2025-04-12
Census Tract,12031014427,Latinx,09/2022,0,1,2025-04-12
Census Tract,12031014427,Latinx,10/2022,2,0.6,2025-04-12
Census Tract,12031014427,Latinx,11/2022,1,1,2025-04-12
Census Tract,12031014427,Latinx,12/2022,2,1.6,2025-04-12
Census Tract,12031014427,Latinx,01/2023,0,0.8,2025-04-12
Census Tract,12031014427,Latinx,02/2023,2,0.6,2025-04-12
Census Tract,12031014427,Latinx,03/2023,1,1.4,2025-04-12
Census Tract,12031014427,Latinx,04/2023,1,0.2,2025-04-12
Census Tract,12031014427,Latinx,05/2023,3,1,2025-04-12
Census Tract,12031014427,Latinx,06/2023,3,1.2,2025-04-12
Census Tract,12031014427,Latinx,07/2023,4,2.2,2025-04-12
Census Tract,12031014427,Latinx,08/2023,0,1.8,2025-04-12
Census Tract,12031014427,Latinx,09/2023,2,1,2025-04-12
Census Tract,12031014427,Latinx,10/2023,1,0.6,2025-04-12
Census Tract,12031014427,Latinx,11/2023,1,1,2025-04-12
Census Tract,12031014427,Latinx,12/2023,3,1.6,2025-04-12
Census Tract,12031014427,Latinx,01/2024,0,0.8,2025-04-12
Census Tract,12031014427,Latinx,02/2024,0,0.6,2025-04-12
Census Tract,12031014427,Latinx,03/2024,0,1.4,2025-04-12
Census Tract,12031014427,Latinx,04/2024,2,0.2,2025-04-12
Census Tract,12031014427,Latinx,05/2024,3,1,2025-04-12
Census Tract,12031014427,Latinx,06/2024,0,1.2,2025-04-12
Census Tract,12031014427,Latinx,07/2024,1,2.2,2025-04-12
Census Tract,12031014427,Latinx,08/2024,2,1.8,2025-04-12
Census Tract,12031014427,Latinx,09/2024,5,1,2025-04-12
Census Tract,12031014427,Latinx,10/2024,1,0.6,2025-04-12
Census Tract,12031014427,Latinx,11/2024,3,1,2025-04-12
Census Tract,12031014427,Latinx,12/2024,1,1.6,2025-04-12
Census Tract,12031014427,Latinx,01/2025,0,0.8,2025-04-12
Census Tract,12031014427,Latinx,02/2025,0,0.6,2025-04-12
Census Tract,12031014427,Latinx,03/2025,1,1.4,2025-04-12
Census Tract,12031014427,Latinx,04/2025,0,0.2,2025-04-12
Census Tract,12031014428,White,01/2020,6,6,2025-04-12
Census Tract,12031014428,White,02/2020,11,3,2025-04-12
Census Tract,12031014428,White,03/2020,3,4.2,2025-04-12
Census Tract,12031014428,White,04/2020,0,2.8,2025-04-12
Census Tract,12031014428,White,05/2020,0,3,2025-04-12
Census Tract,12031014428,White,06/2020,0,2.6,2025-04-12
Census Tract,12031014428,White,07/2020,0,3.6,2025-04-12
Census Tract,12031014428,White,08/2020,6,4.4,2025-04-12
Census Tract,12031014428,White,09/2020,6,4,2025-04-12
Census Tract,12031014428,White,10/2020,10,4.2,2025-04-12
Census Tract,12031014428,White,11/2020,5,3.6,2025-04-12
Census Tract,12031014428,White,12/2020,6,5.2,2025-04-12
Census Tract,12031014428,White,01/2021,6,6,2025-04-12
Census Tract,12031014428,White,02/2021,3,2.8,2025-04-12
Census Tract,12031014428,White,03/2021,3,4.2,2025-04-12
Census Tract,12031014428,White,04/2021,3,2.8,2025-04-12
Census Tract,12031014428,White,05/2021,5,3,2025-04-12
Census Tract,12031014428,White,06/2021,3,2.6,2025-04-12
Census Tract,12031014428,White,07/2021,4,3.6,2025-04-12
Census Tract,12031014428,White,08/2021,8,4.4,2025-04-12
Census Tract,12031014428,White,09/2021,7,4,2025-04-12
Census Tract,12031014428,White,10/2021,6,4.2,2025-04-12
Census Tract,12031014428,White,11/2021,5,3.6,2025-04-12
Census Tract,12031014428,White,12/2021,5,5.2,2025-04-12
Census Tract,12031014428,White,01/2022,13,6,2025-04-12
Census Tract,12031014428,White,02/2022,7,2.8,2025-04-12
Census Tract,12031014428,White,03/2022,4,4.2,2025-04-12
Census Tract,12031014428,White,04/2022,14,2.8,2025-04-12
Census Tract,12031014428,White,05/2022,12,3,2025-04-12
Census Tract,12031014428,White,06/2022,15,2.6,2025-04-12
Census Tract,12031014428,White,07/2022,11,3.6,2025-04-12
Census Tract,12031014428,White,08/2022,13,4.4,2025-04-12
Census Tract,12031014428,White,09/2022,3,4,2025-04-12
Census Tract,12031014428,White,10/2022,7,4.2,2025-04-12
Census Tract,12031014428,White,11/2022,12,3.6,2025-04-12
Census Tract,12031014428,White,12/2022,11,5.2,2025-04-12
Census Tract,12031014428,White,01/2023,15,6,2025-04-12
Census Tract,12031014428,White,02/2023,6,2.8,2025-04-12
Census Tract,12031014428,White,03/2023,14,4.2,2025-04-12
Census Tract,12031014428,White,04/2023,7,2.8,2025-04-12
Census Tract,12031014428,White,05/2023,16,3,2025-04-12
Census Tract,12031014428,White,06/2023,16,2.6,2025-04-12
Census Tract,12031014428,White,07/2023,10,3.6,2025-04-12
Census Tract,12031014428,White,08/2023,15,4.4,2025-04-12
Census Tract,12031014428,White,09/2023,16,4,2025-04-12
Census Tract,12031014428,White,10/2023,13,4.2,2025-04-12
Census Tract,12031014428,White,11/2023,8,3.6,2025-04-12
Census Tract,12031014428,White,12/2023,8,5.2,2025-04-12
Census Tract,12031014428,White,01/2024,10,6,2025-04-12
Census Tract,12031014428,White,02/2024,10,3,2025-04-12
Census Tract,12031014428,White,03/2024,11,4.2,2025-04-12
Census Tract,12031014428,White,04/2024,16,2.8,2025-04-12
Census Tract,12031014428,White,05/2024,4,3,2025-04-12
Census Tract,12031014428,White,06/2024,5,2.6,2025-04-12
Census Tract,12031014428,White,07/2024,3,3.6,2025-04-12
Census Tract,12031014428,White,08/2024,7,4.4,2025-04-12
Census Tract,12031014428,White,09/2024,10,4,2025-04-12
Census Tract,12031014428,White,10/2024,10,4.2,2025-04-12
Census Tract,12031014428,White,11/2024,10,3.6,2025-04-12
Census Tract,12031014428,White,12/2024,6,5.2,2025-04-12
Census Tract,12031014428,White,01/2025,11,6,2025-04-12
Census Tract,12031014428,White,02/2025,6,2.8,2025-04-12
Census Tract,12031014428,White,03/2025,9,4.2,2025-04-12
Census Tract,12031014428,White,04/2025,0,0.6,2025-04-12
Census Tract,12031014500,White,01/2020,8,4.4,2025-04-12
Census Tract,12031014500,White,02/2020,8,2.4,2025-04-12
Census Tract,12031014500,White,03/2020,9,1.8,2025-04-12
Census Tract,12031014500,White,04/2020,0,2,2025-04-12
Census Tract,12031014500,White,05/2020,0,2.8,2025-04-12
Census Tract,12031014500,White,06/2020,1,3.4,2025-04-12
Census Tract,12031014500,White,07/2020,0,2.2,2025-04-12
Census Tract,12031014500,White,08/2020,2,3.4,2025-04-12
Census Tract,12031014500,White,09/2020,5,2,2025-04-12
Census Tract,12031014500,White,10/2020,2,2.2,2025-04-12
Census Tract,12031014500,White,11/2020,0,2.4,2025-04-12
Census Tract,12031014500,White,12/2020,2,2.6,2025-04-12
Census Tract,12031014500,White,01/2021,0,4.4,2025-04-12
Census Tract,12031014500,White,02/2021,2,2.4,2025-04-12
Census Tract,12031014500,White,03/2021,4,1.8,2025-04-12
Census Tract,12031014500,White,04/2021,1,2,2025-04-12
Census Tract,12031014500,White,05/2021,5,2.8,2025-04-12
Census Tract,12031014500,White,06/2021,0,3.4,2025-04-12
Census Tract,12031014500,White,07/2021,0,2.2,2025-04-12
Census Tract,12031014500,White,08/2021,0,3.4,2025-04-12
Census Tract,12031014500,White,09/2021,3,2,2025-04-12
Census Tract,12031014500,White,10/2021,8,2.2,2025-04-12
Census Tract,12031014500,White,11/2021,2,2.4,2025-04-12
Census Tract,12031014500,White,12/2021,0,2.6,2025-04-12
Census Tract,12031014500,White,01/2022,0,4.4,2025-04-12
Census Tract,12031014500,White,02/2022,1,2.4,2025-04-12
Census Tract,12031014500,White,03/2022,4,1.8,2025-04-12
Census Tract,12031014500,White,04/2022,3,2,2025-04-12
Census Tract,12031014500,White,05/2022,2,2.8,2025-04-12
Census Tract,12031014500,White,06/2022,2,3.4,2025-04-12
Census Tract,12031014500,White,07/2022,0,2.2,2025-04-12
Census Tract,12031014500,White,08/2022,1,3.4,2025-04-12
Census Tract,12031014500,White,09/2022,1,2,2025-04-12
Census Tract,12031014500,White,10/2022,3,2.2,2025-04-12
Census Tract,12031014500,White,11/2022,4,2.4,2025-04-12
Census Tract,12031014500,White,12/2022,0,2.6,2025-04-12
Census Tract,12031014500,White,01/2023,2,4.4,2025-04-12
Census Tract,12031014500,White,02/2023,6,2.4,2025-04-12
Census Tract,12031014500,White,03/2023,1,1.8,2025-04-12
Census Tract,12031014500,White,04/2023,1,2,2025-04-12
Census Tract,12031014500,White,05/2023,0,2.8,2025-04-12
Census Tract,12031014500,White,06/2023,1,3.4,2025-04-12
Census Tract,12031014500,White,07/2023,1,2.2,2025-04-12
Census Tract,12031014500,White,08/2023,1,3.4,2025-04-12
Census Tract,12031014500,White,09/2023,1,2,2025-04-12
Census Tract,12031014500,White,10/2023,1,2.2,2025-04-12
Census Tract,12031014500,White,11/2023,1,2.4,2025-04-12
Census Tract,12031014500,White,12/2023,6,2.6,2025-04-12
Census Tract,12031014500,White,01/2024,5,4.4,2025-04-12
Census Tract,12031014500,White,02/2024,5,2.4,2025-04-12
Census Tract,12031014500,White,03/2024,1,1.8,2025-04-12
Census Tract,12031014500,White,04/2024,1,2,2025-04-12
Census Tract,12031014500,White,05/2024,2,2.8,2025-04-12
Census Tract,12031014500,White,06/2024,1,3.4,2025-04-12
Census Tract,12031014500,White,07/2024,0,2.2,2025-04-12
Census Tract,12031014500,White,08/2024,1,3.4,2025-04-12
Census Tract,12031014500,White,09/2024,3,2,2025-04-12
Census Tract,12031014500,White,10/2024,6,2.2,2025-04-12
Census Tract,12031014500,White,11/2024,0,2.4,2025-04-12
Census Tract,12031014500,White,12/2024,1,2.6,2025-04-12
Census Tract,12031014500,White,01/2025,2,4.4,2025-04-12
Census Tract,12031014500,White,02/2025,2,2.4,2025-04-12
Census Tract,12031014500,White,03/2025,1,1.8,2025-04-12
Census Tract,12031014500,White,04/2025,0,0.6,2025-04-12
Census Tract,12031014601,White,01/2020,0,0.2,2025-04-12
Census Tract,12031014601,White,02/2020,1,0.4,2025-04-12
Census Tract,12031014601,White,03/2020,1,0,2025-04-12
Census Tract,12031014601,White,04/2020,0,0,2025-04-12
Census Tract,12031014601,White,05/2020,0,0,2025-04-12
Census Tract,12031014601,White,06/2020,0,0.4,2025-04-12
Census Tract,12031014601,White,07/2020,0,0.4,2025-04-12
Census Tract,12031014601,White,08/2020,0,0.4,2025-04-12
Census Tract,12031014601,White,09/2020,0,0,2025-04-12
Census Tract,12031014601,White,10/2020,0,0.4,2025-04-12
Census Tract,12031014601,White,11/2020,0,0,2025-04-12
Census Tract,12031014601,White,12/2020,0,0.2,2025-04-12
Census Tract,12031014601,White,01/2021,2,0.2,2025-04-12
Census Tract,12031014601,White,02/2021,0,0.4,2025-04-12
Census Tract,12031014601,White,03/2021,0,0,2025-04-12
Census Tract,12031014601,White,04/2021,0,0,2025-04-12
Census Tract,12031014601,White,05/2021,0,0,2025-04-12
Census Tract,12031014601,White,06/2021,1,0.4,2025-04-12
Census Tract,12031014601,White,07/2021,0,0.4,2025-04-12
Census Tract,12031014601,White,08/2021,0,0.4,2025-04-12
Census Tract,12031014601,White,09/2021,0,0,2025-04-12
Census Tract,12031014601,White,10/2021,0,0.4,2025-04-12
Census Tract,12031014601,White,11/2021,0,0,2025-04-12
Census Tract,12031014601,White,12/2021,0,0.2,2025-04-12
Census Tract,12031014601,White,01/2022,1,0.2,2025-04-12
Census Tract,12031014601,White,02/2022,1,0.4,2025-04-12
Census Tract,12031014601,White,03/2022,0,0,2025-04-12
Census Tract,12031014601,White,04/2022,0,0,2025-04-12
Census Tract,12031014601,White,05/2022,0,0,2025-04-12
Census Tract,12031014601,White,06/2022,0,0.4,2025-04-12
Census Tract,12031014601,White,07/2022,0,0.4,2025-04-12
Census Tract,12031014601,White,08/2022,0,0.4,2025-04-12
Census Tract,12031014601,White,09/2022,1,0,2025-04-12
Census Tract,12031014601,White,10/2022,1,0.4,2025-04-12
Census Tract,12031014601,White,11/2022,0,0,2025-04-12
Census Tract,12031014601,White,12/2022,0,0.2,2025-04-12
Census Tract,12031014601,White,01/2023,1,0.2,2025-04-12
Census Tract,12031014601,White,02/2023,0,0.4,2025-04-12
Census Tract,12031014601,White,03/2023,0,0,2025-04-12
Census Tract,12031014601,White,04/2023,0,0,2025-04-12
Census Tract,12031014601,White,05/2023,0,0,2025-04-12
Census Tract,12031014601,White,06/2023,0,0.4,2025-04-12
Census Tract,12031014601,White,07/2023,0,0.4,2025-04-12
Census Tract,12031014601,White,08/2023,1,0.4,2025-04-12
Census Tract,12031014601,White,09/2023,1,0,2025-04-12
Census Tract,12031014601,White,10/2023,0,0.4,2025-04-12
Census Tract,12031014601,White,11/2023,0,0,2025-04-12
Census Tract,12031014601,White,12/2023,0,0.2,2025-04-12
Census Tract,12031014601,White,01/2024,1,0.2,2025-04-12
Census Tract,12031014601,White,02/2024,2,0.4,2025-04-12
Census Tract,12031014601,White,03/2024,1,0,2025-04-12
Census Tract,12031014601,White,04/2024,0,0,2025-04-12
Census Tract,12031014601,White,05/2024,1,0,2025-04-12
Census Tract,12031014601,White,06/2024,0,0.4,2025-04-12
Census Tract,12031014601,White,07/2024,0,0.4,2025-04-12
Census Tract,12031014601,White,08/2024,1,0.4,2025-04-12
Census Tract,12031014601,White,09/2024,1,0,2025-04-12
Census Tract,12031014601,White,10/2024,2,0.4,2025-04-12
Census Tract,12031014601,White,11/2024,0,0,2025-04-12
Census Tract,12031014601,White,12/2024,0,0.2,2025-04-12
Census Tract,12031014601,White,01/2025,0,0.2,2025-04-12
Census Tract,12031014601,White,02/2025,0,0.4,2025-04-12
Census Tract,12031014601,White,03/2025,2,0,2025-04-12
Census Tract,12031014601,White,04/2025,0,0,2025-04-12
Census Tract,12031014603,White,01/2020,7,8.2,2025-04-12
Census Tract,12031014603,White,02/2020,5,5,2025-04-12
Census Tract,12031014603,White,03/2020,3,4.2,2025-04-12
Census Tract,12031014603,White,04/2020,1,4.2,2025-04-12
Census Tract,12031014603,White,05/2020,0,7.2,2025-04-12
Census Tract,12031014603,White,06/2020,0,6.4,2025-04-12
Census Tract,12031014603,White,07/2020,0,7.2,2025-04-12
Census Tract,12031014603,White,08/2020,3,8.8,2025-04-12
Census Tract,12031014603,White,09/2020,4,6,2025-04-12
Census Tract,12031014603,White,10/2020,5,6.6,2025-04-12
Census Tract,12031014603,White,11/2020,6,6.4,2025-04-12
Census Tract,12031014603,White,12/2020,8,5,2025-04-12
Census Tract,12031014603,White,01/2021,2,8.2,2025-04-12
Census Tract,12031014603,White,02/2021,1,5,2025-04-12
Census Tract,12031014603,White,03/2021,3,4.2,2025-04-12
Census Tract,12031014603,White,04/2021,3,4.2,2025-04-12
Census Tract,12031014603,White,05/2021,1,7.2,2025-04-12
Census Tract,12031014603,White,06/2021,3,6.4,2025-04-12
Census Tract,12031014603,White,07/2021,8,7.2,2025-04-12
Census Tract,12031014603,White,08/2021,1,8.8,2025-04-12
Census Tract,12031014603,White,09/2021,1,6,2025-04-12
Census Tract,12031014603,White,10/2021,3,6.6,2025-04-12
Census Tract,12031014603,White,11/2021,2,6.4,2025-04-12
Census Tract,12031014603,White,12/2021,2,5,2025-04-12
Census Tract,12031014603,White,01/2022,1,8.2,2025-04-12
Census Tract,12031014603,White,02/2022,5,5,2025-04-12
Census Tract,12031014603,White,03/2022,9,4.2,2025-04-12
Census Tract,12031014603,White,04/2022,3,4.2,2025-04-12
Census Tract,12031014603,White,05/2022,7,7.2,2025-04-12
Census Tract,12031014603,White,06/2022,9,6.4,2025-04-12
Census Tract,12031014603,White,07/2022,5,7.2,2025-04-12
Census Tract,12031014603,White,08/2022,11,8.8,2025-04-12
Census Tract,12031014603,White,09/2022,0,6,2025-04-12
Census Tract,12031014603,White,10/2022,7,6.6,2025-04-12
Census Tract,12031014603,White,11/2022,4,6.4,2025-04-12
Census Tract,12031014603,White,12/2022,5,5,2025-04-12
Census Tract,12031014603,White,01/2023,4,8.2,2025-04-12
Census Tract,12031014603,White,02/2023,4,5,2025-04-12
Census Tract,12031014603,White,03/2023,7,4.2,2025-04-12
Census Tract,12031014603,White,04/2023,12,4.2,2025-04-12
Census Tract,12031014603,White,05/2023,3,7.2,2025-04-12
Census Tract,12031014603,White,06/2023,8,6.4,2025-04-12
Census Tract,12031014603,White,07/2023,4,7.2,2025-04-12
Census Tract,12031014603,White,08/2023,9,8.8,2025-04-12
Census Tract,12031014603,White,09/2023,7,6,2025-04-12
Census Tract,12031014603,White,10/2023,6,6.6,2025-04-12
Census Tract,12031014603,White,11/2023,10,6.4,2025-04-12
Census Tract,12031014603,White,12/2023,5,5,2025-04-12
Census Tract,12031014603,White,01/2024,8,8.2,2025-04-12
Census Tract,12031014603,White,02/2024,3,5,2025-04-12
Census Tract,12031014603,White,03/2024,5,4.2,2025-04-12
Census Tract,12031014603,White,04/2024,3,4.2,2025-04-12
Census Tract,12031014603,White,05/2024,9,7.2,2025-04-12
Census Tract,12031014603,White,06/2024,5,6.4,2025-04-12
Census Tract,12031014603,White,07/2024,27,7.2,2025-04-12
Census Tract,12031014603,White,08/2024,15,8.8,2025-04-12
Census Tract,12031014603,White,09/2024,5,6,2025-04-12
Census Tract,12031014603,White,10/2024,7,6.6,2025-04-12
Census Tract,12031014603,White,11/2024,1,6.4,2025-04-12
Census Tract,12031014603,White,12/2024,3,5,2025-04-12
Census Tract,12031014603,White,01/2025,7,8.2,2025-04-12
Census Tract,12031014603,White,02/2025,8,5,2025-04-12
Census Tract,12031014603,White,03/2025,10,4.2,2025-04-12
Census Tract,12031014603,White,04/2025,0,1.2,2025-04-12
Census Tract,12031014604,Other,01/2020,8,26.6,2025-04-12
Census Tract,12031014604,Other,02/2020,13,13.6,2025-04-12
Census Tract,12031014604,Other,03/2020,5,12.6,2025-04-12
Census Tract,12031014604,Other,04/2020,1,16,2025-04-12
Census Tract,12031014604,Other,05/2020,0,25.6,2025-04-12
Census Tract,12031014604,Other,06/2020,0,23,2025-04-12
Census Tract,12031014604,Other,07/2020,2,28.8,2025-04-12
Census Tract,12031014604,Other,08/2020,4,29.2,2025-04-12
Census Tract,12031014604,Other,09/2020,36,19.2,2025-04-12
Census Tract,12031014604,Other,10/2020,5,20,2025-04-12
Census Tract,12031014604,Other,11/2020,16,21,2025-04-12
Census Tract,12031014604,Other,12/2020,14,22.2,2025-04-12
Census Tract,12031014604,Other,01/2021,20,26.6,2025-04-12
Census Tract,12031014604,Other,02/2021,9,13.6,2025-04-12
Census Tract,12031014604,Other,03/2021,20,12.6,2025-04-12
Census Tract,12031014604,Other,04/2021,7,16,2025-04-12
Census Tract,12031014604,Other,05/2021,6,25.6,2025-04-12
Census Tract,12031014604,Other,06/2021,13,23,2025-04-12
Census Tract,12031014604,Other,07/2021,21,28.8,2025-04-12
Census Tract,12031014604,Other,08/2021,15,29.2,2025-04-12
Census Tract,12031014604,Other,09/2021,15,19.2,2025-04-12
Census Tract,12031014604,Other,10/2021,27,20,2025-04-12
Census Tract,12031014604,Other,11/2021,11,21,2025-04-12
Census Tract,12031014604,Other,12/2021,17,22.2,2025-04-12
Census Tract,12031014604,Other,01/2022,18,26.6,2025-04-12
Census Tract,12031014604,Other,02/2022,3,13.6,2025-04-12
Census Tract,12031014604,Other,03/2022,9,12.6,2025-04-12
Census Tract,12031014604,Other,04/2022,20,16,2025-04-12
Census Tract,12031014604,Other,05/2022,16,25.6,2025-04-12
Census Tract,12031014604,Other,06/2022,24,23,2025-04-12
Census Tract,12031014604,Other,07/2022,11,28.8,2025-04-12
Census Tract,12031014604,Other,08/2022,22,29.2,2025-04-12
Census Tract,12031014604,Other,09/2022,21,19.2,2025-04-12
Census Tract,12031014604,Other,10/2022,23,20,2025-04-12
Census Tract,12031014604,Other,11/2022,33,21,2025-04-12
Census Tract,12031014604,Other,12/2022,26,22.2,2025-04-12
Census Tract,12031014604,Other,01/2023,41,26.6,2025-04-12
Census Tract,12031014604,Other,02/2023,21,13.6,2025-04-12
Census Tract,12031014604,Other,03/2023,19,12.6,2025-04-12
Census Tract,12031014604,Other,04/2023,14,16,2025-04-12
Census Tract,12031014604,Other,05/2023,41,25.6,2025-04-12
Census Tract,12031014604,Other,06/2023,16,23,2025-04-12
Census Tract,12031014604,Other,07/2023,23,28.8,2025-04-12
Census Tract,12031014604,Other,08/2023,29,29.2,2025-04-12
Census Tract,12031014604,Other,09/2023,27,19.2,2025-04-12
Census Tract,12031014604,Other,10/2023,16,20,2025-04-12
Census Tract,12031014604,Other,11/2023,19,21,2025-04-12
Census Tract,12031014604,Other,12/2023,17,22.2,2025-04-12
Census Tract,12031014604,Other,01/2024,33,26.6,2025-04-12
Census Tract,12031014604,Other,02/2024,22,13.6,2025-04-12
Census Tract,12031014604,Other,03/2024,21,12.6,2025-04-12
Census Tract,12031014604,Other,04/2024,19,16,2025-04-12
Census Tract,12031014604,Other,05/2024,11,25.6,2025-04-12
Census Tract,12031014604,Other,06/2024,13,23,2025-04-12
Census Tract,12031014604,Other,07/2024,19,28.8,2025-04-12
Census Tract,12031014604,Other,08/2024,30,29.2,2025-04-12
Census Tract,12031014604,Other,09/2024,22,19.2,2025-04-12
Census Tract,12031014604,Other,10/2024,29,20,2025-04-12
Census Tract,12031014604,Other,11/2024,18,21,2025-04-12
Census Tract,12031014604,Other,12/2024,9,22.2,2025-04-12
Census Tract,12031014604,Other,01/2025,24,26.6,2025-04-12
Census Tract,12031014604,Other,02/2025,18,13.6,2025-04-12
Census Tract,12031014604,Other,03/2025,24,12.6,2025-04-12
Census Tract,12031014604,Other,04/2025,2,3.8,2025-04-12
Census Tract,12031014702,Other,01/2020,3,1,2025-04-12
Census Tract,12031014702,Other,02/2020,1,0.4,2025-04-12
Census Tract,12031014702,Other,03/2020,0,0.8,2025-04-12
Census Tract,12031014702,Other,04/2020,0,1,2025-04-12
Census Tract,12031014702,Other,05/2020,0,0.8,2025-04-12
Census Tract,12031014702,Other,06/2020,0,1.6,2025-04-12
Census Tract,12031014702,Other,07/2020,0,1,2025-04-12
Census Tract,12031014702,Other,08/2020,1,0.8,2025-04-12
Census Tract,12031014702,Other,09/2020,0,0.8,2025-04-12
Census Tract,12031014702,Other,10/2020,1,0.8,2025-04-12
Census Tract,12031014702,Other,11/2020,0,1.2,2025-04-12
Census Tract,12031014702,Other,12/2020,2,0.6,2025-04-12
Census Tract,12031014702,Other,01/2021,0,1,2025-04-12
Census Tract,12031014702,Other,02/2021,0,0.4,2025-04-12
Census Tract,12031014702,Other,03/2021,1,0.8,2025-04-12
Census Tract,12031014702,Other,04/2021,0,1,2025-04-12
Census Tract,12031014702,Other,05/2021,1,0.8,2025-04-12
Census Tract,12031014702,Other,06/2021,0,1.6,2025-04-12
Census Tract,12031014702,Other,07/2021,1,1,2025-04-12
Census Tract,12031014702,Other,08/2021,0,0.8,2025-04-12
Census Tract,12031014702,Other,09/2021,3,0.8,2025-04-12
Census Tract,12031014702,Other,10/2021,0,0.8,2025-04-12
Census Tract,12031014702,Other,11/2021,0,1.2,2025-04-12
Census Tract,12031014702,Other,12/2021,0,0.6,2025-04-12
Census Tract,12031014702,Other,01/2022,0,1,2025-04-12
Census Tract,12031014702,Other,02/2022,0,0.4,2025-04-12
Census Tract,12031014702,Other,03/2022,1,0.8,2025-04-12
Census Tract,12031014702,Other,04/2022,0,1,2025-04-12
Census Tract,12031014702,Other,05/2022,0,0.8,2025-04-12
Census Tract,12031014702,Other,06/2022,0,1.6,2025-04-12
Census Tract,12031014702,Other,07/2022,0,1,2025-04-12
Census Tract,12031014702,Other,08/2022,0,0.8,2025-04-12
Census Tract,12031014702,Other,09/2022,1,0.8,2025-04-12
Census Tract,12031014702,Other,10/2022,2,0.8,2025-04-12
Census Tract,12031014702,Other,11/2022,0,1.2,2025-04-12
Census Tract,12031014702,Other,12/2022,2,0.6,2025-04-12
Census Tract,12031014702,Other,01/2023,0,1,2025-04-12
Census Tract,12031014702,Other,02/2023,0,0.4,2025-04-12
Census Tract,12031014702,Other,03/2023,0,0.8,2025-04-12
Census Tract,12031014702,Other,04/2023,0,1,2025-04-12
Census Tract,12031014702,Other,05/2023,0,0.8,2025-04-12
Census Tract,12031014702,Other,06/2023,2,1.6,2025-04-12
Census Tract,12031014702,Other,07/2023,0,1,2025-04-12
Census Tract,12031014702,Other,08/2023,1,0.8,2025-04-12
Census Tract,12031014702,Other,09/2023,1,0.8,2025-04-12
Census Tract,12031014702,Other,10/2023,2,0.8,2025-04-12
Census Tract,12031014702,Other,11/2023,1,1.2,2025-04-12
Census Tract,12031014702,Other,12/2023,0,0.6,2025-04-12
Census Tract,12031014702,Other,01/2024,1,1,2025-04-12
Census Tract,12031014702,Other,02/2024,0,0.4,2025-04-12
Census Tract,12031014702,Other,03/2024,3,0.8,2025-04-12
Census Tract,12031014702,Other,04/2024,2,1,2025-04-12
Census Tract,12031014702,Other,05/2024,0,0.8,2025-04-12
Census Tract,12031014702,Other,06/2024,2,1.6,2025-04-12
Census Tract,12031014702,Other,07/2024,1,1,2025-04-12
Census Tract,12031014702,Other,08/2024,5,0.8,2025-04-12
Census Tract,12031014702,Other,09/2024,0,0.8,2025-04-12
Census Tract,12031014702,Other,10/2024,0,0.8,2025-04-12
Census Tract,12031014702,Other,11/2024,0,1.2,2025-04-12
Census Tract,12031014702,Other,12/2024,1,0.6,2025-04-12
Census Tract,12031014702,Other,01/2025,1,1,2025-04-12
Census Tract,12031014702,Other,02/2025,0,0.4,2025-04-12
Census Tract,12031014702,Other,03/2025,5,0.8,2025-04-12
Census Tract,12031014702,Other,04/2025,0,0,2025-04-12
Census Tract,12031014703,White,01/2020,1,0,2025-04-12
Census Tract,12031014703,White,02/2020,0,0,2025-04-12
Census Tract,12031014703,White,03/2020,0,0.4,2025-04-12
Census Tract,12031014703,White,04/2020,0,0,2025-04-12
Census Tract,12031014703,White,05/2020,0,0,2025-04-12
Census Tract,12031014703,White,06/2020,0,0,2025-04-12
Census Tract,12031014703,White,07/2020,0,0,2025-04-12
Census Tract,12031014703,White,08/2020,0,0.2,2025-04-12
Census Tract,12031014703,White,09/2020,0,0,2025-04-12
Census Tract,12031014703,White,10/2020,0,0.2,2025-04-12
Census Tract,12031014703,White,11/2020,0,0,2025-04-12
Census Tract,12031014703,White,12/2020,0,0.2,2025-04-12
Census Tract,12031014703,White,01/2021,0,0,2025-04-12
Census Tract,12031014703,White,02/2021,0,0,2025-04-12
Census Tract,12031014703,White,03/2021,0,0.4,2025-04-12
Census Tract,12031014703,White,04/2021,1,0,2025-04-12
Census Tract,12031014703,White,05/2021,0,0,2025-04-12
Census Tract,12031014703,White,06/2021,0,0,2025-04-12
Census Tract,12031014703,White,07/2021,0,0,2025-04-12
Census Tract,12031014703,White,08/2021,0,0.2,2025-04-12
Census Tract,12031014703,White,09/2021,0,0,2025-04-12
Census Tract,12031014703,White,10/2021,0,0.2,2025-04-12
Census Tract,12031014703,White,11/2021,0,0,2025-04-12
Census Tract,12031014703,White,12/2021,0,0.2,2025-04-12
Census Tract,12031014703,White,01/2022,1,0,2025-04-12
Census Tract,12031014703,White,02/2022,0,0,2025-04-12
Census Tract,12031014703,White,03/2022,0,0.4,2025-04-12
Census Tract,12031014703,White,04/2022,0,0,2025-04-12
Census Tract,12031014703,White,05/2022,0,0,2025-04-12
Census Tract,12031014703,White,06/2022,0,0,2025-04-12
Census Tract,12031014703,White,07/2022,0,0,2025-04-12
Census Tract,12031014703,White,08/2022,0,0.2,2025-04-12
Census Tract,12031014703,White,09/2022,1,0,2025-04-12
Census Tract,12031014703,White,10/2022,0,0.2,2025-04-12
Census Tract,12031014703,White,11/2022,0,0,2025-04-12
Census Tract,12031014703,White,12/2022,1,0.2,2025-04-12
Census Tract,12031014703,White,01/2023,0,0,2025-04-12
Census Tract,12031014703,White,02/2023,1,0,2025-04-12
Census Tract,12031014703,White,03/2023,0,0.4,2025-04-12
Census Tract,12031014703,White,04/2023,0,0,2025-04-12
Census Tract,12031014703,White,05/2023,1,0,2025-04-12
Census Tract,12031014703,White,06/2023,1,0,2025-04-12
Census Tract,12031014703,White,07/2023,0,0,2025-04-12
Census Tract,12031014703,White,08/2023,2,0.2,2025-04-12
Census Tract,12031014703,White,09/2023,0,0,2025-04-12
Census Tract,12031014703,White,10/2023,1,0.2,2025-04-12
Census Tract,12031014703,White,11/2023,0,0,2025-04-12
Census Tract,12031014703,White,12/2023,1,0.2,2025-04-12
Census Tract,12031014703,White,01/2024,0,0,2025-04-12
Census Tract,12031014703,White,02/2024,0,0,2025-04-12
Census Tract,12031014703,White,03/2024,1,0.4,2025-04-12
Census Tract,12031014703,White,04/2024,1,0,2025-04-12
Census Tract,12031014703,White,05/2024,0,0,2025-04-12
Census Tract,12031014703,White,06/2024,0,0,2025-04-12
Census Tract,12031014703,White,07/2024,0,0,2025-04-12
Census Tract,12031014703,White,08/2024,0,0.2,2025-04-12
Census Tract,12031014703,White,09/2024,0,0,2025-04-12
Census Tract,12031014703,White,10/2024,0,0.2,2025-04-12
Census Tract,12031014703,White,11/2024,0,0,2025-04-12
Census Tract,12031014703,White,12/2024,0,0.2,2025-04-12
Census Tract,12031014703,White,01/2025,1,0,2025-04-12
Census Tract,12031014703,White,02/2025,0,0,2025-04-12
Census Tract,12031014703,White,03/2025,0,0.4,2025-04-12
Census Tract,12031014703,White,04/2025,0,0,2025-04-12
Census Tract,12031014704,Black,01/2020,34,24.4,2025-04-12
Census Tract,12031014704,Black,02/2020,24,18.8,2025-04-12
Census Tract,12031014704,Black,03/2020,14,17.4,2025-04-12
Census Tract,12031014704,Black,04/2020,0,18.2,2025-04-12
Census Tract,12031014704,Black,05/2020,0,22,2025-04-12
Census Tract,12031014704,Black,06/2020,0,25.4,2025-04-12
Census Tract,12031014704,Black,07/2020,1,34.2,2025-04-12
Census Tract,12031014704,Black,08/2020,11,25.6,2025-04-12
Census Tract,12031014704,Black,09/2020,13,30.4,2025-04-12
Census Tract,12031014704,Black,10/2020,22,23,2025-04-12
Census Tract,12031014704,Black,11/2020,11,20.4,2025-04-12
Census Tract,12031014704,Black,12/2020,14,24.8,2025-04-12
Census Tract,12031014704,Black,01/2021,28,24.4,2025-04-12
Census Tract,12031014704,Black,02/2021,16,18.8,2025-04-12
Census Tract,12031014704,Black,03/2021,28,17.4,2025-04-12
Census Tract,12031014704,Black,04/2021,26,18.2,2025-04-12
Census Tract,12031014704,Black,05/2021,9,22,2025-04-12
Census Tract,12031014704,Black,06/2021,6,25.4,2025-04-12
Census Tract,12031014704,Black,07/2021,22,34.2,2025-04-12
Census Tract,12031014704,Black,08/2021,9,25.6,2025-04-12
Census Tract,12031014704,Black,09/2021,20,30.4,2025-04-12
Census Tract,12031014704,Black,10/2021,15,23,2025-04-12
Census Tract,12031014704,Black,11/2021,4,20.4,2025-04-12
Census Tract,12031014704,Black,12/2021,7,24.8,2025-04-12
Census Tract,12031014704,Black,01/2022,13,24.4,2025-04-12
Census Tract,12031014704,Black,02/2022,12,18.8,2025-04-12
Census Tract,12031014704,Black,03/2022,5,17.4,2025-04-12
Census Tract,12031014704,Black,04/2022,22,18.2,2025-04-12
Census Tract,12031014704,Black,05/2022,31,22,2025-04-12
Census Tract,12031014704,Black,06/2022,29,25.4,2025-04-12
Census Tract,12031014704,Black,07/2022,29,34.2,2025-04-12
Census Tract,12031014704,Black,08/2022,28,25.6,2025-04-12
Census Tract,12031014704,Black,09/2022,22,30.4,2025-04-12
Census Tract,12031014704,Black,10/2022,18,23,2025-04-12
Census Tract,12031014704,Black,11/2022,41,20.4,2025-04-12
Census Tract,12031014704,Black,12/2022,16,24.8,2025-04-12
Census Tract,12031014704,Black,01/2023,22,24.4,2025-04-12
Census Tract,12031014704,Black,02/2023,36,18.8,2025-04-12
Census Tract,12031014704,Black,03/2023,38,17.4,2025-04-12
Census Tract,12031014704,Black,04/2023,10,18.2,2025-04-12
Census Tract,12031014704,Black,05/2023,19,22,2025-04-12
Census Tract,12031014704,Black,06/2023,39,25.4,2025-04-12
Census Tract,12031014704,Black,07/2023,44,34.2,2025-04-12
Census Tract,12031014704,Black,08/2023,28,25.6,2025-04-12
Census Tract,12031014704,Black,09/2023,20,30.4,2025-04-12
Census Tract,12031014704,Black,10/2023,23,23,2025-04-12
Census Tract,12031014704,Black,11/2023,30,20.4,2025-04-12
Census Tract,12031014704,Black,12/2023,21,24.8,2025-04-12
Census Tract,12031014704,Black,01/2024,29,24.4,2025-04-12
Census Tract,12031014704,Black,02/2024,26,18.8,2025-04-12
Census Tract,12031014704,Black,03/2024,30,17.4,2025-04-12
Census Tract,12031014704,Black,04/2024,20,18.2,2025-04-12
Census Tract,12031014704,Black,05/2024,39,22,2025-04-12
Census Tract,12031014704,Black,06/2024,19,25.4,2025-04-12
Census Tract,12031014704,Black,07/2024,27,34.2,2025-04-12
Census Tract,12031014704,Black,08/2024,25,25.6,2025-04-12
Census Tract,12031014704,Black,09/2024,10,30.4,2025-04-12
Census Tract,12031014704,Black,10/2024,35,23,2025-04-12
Census Tract,12031014704,Black,11/2024,12,20.4,2025-04-12
Census Tract,12031014704,Black,12/2024,22,24.8,2025-04-12
Census Tract,12031014704,Black,01/2025,44,24.4,2025-04-12
Census Tract,12031014704,Black,02/2025,25,18.8,2025-04-12
Census Tract,12031014704,Black,03/2025,16,17.4,2025-04-12
Census Tract,12031014704,Black,04/2025,0,1.4,2025-04-12
Census Tract,12031014800,Other,01/2020,34,20.6,2025-04-12
Census Tract,12031014800,Other,02/2020,28,14.4,2025-04-12
Census Tract,12031014800,Other,03/2020,17,15.4,2025-04-12
Census Tract,12031014800,Other,04/2020,6,20.2,2025-04-12
Census Tract,12031014800,Other,05/2020,0,14.4,2025-04-12
Census Tract,12031014800,Other,06/2020,1,24.2,2025-04-12
Census Tract,12031014800,Other,07/2020,1,23,2025-04-12
Census Tract,12031014800,Other,08/2020,15,21.4,2025-04-12
Census Tract,12031014800,Other,09/2020,5,27.4,2025-04-12
Census Tract,12031014800,Other,10/2020,87,23,2025-04-12
Census Tract,12031014800,Other,11/2020,29,18.2,2025-04-12
Census Tract,12031014800,Other,12/2020,94,20.4,2025-04-12
Census Tract,12031014800,Other,01/2021,64,20.6,2025-04-12
Census Tract,12031014800,Other,02/2021,15,14.2,2025-04-12
Census Tract,12031014800,Other,03/2021,19,15.4,2025-04-12
Census Tract,12031014800,Other,04/2021,9,20.2,2025-04-12
Census Tract,12031014800,Other,05/2021,9,14.4,2025-04-12
Census Tract,12031014800,Other,06/2021,13,24.2,2025-04-12
Census Tract,12031014800,Other,07/2021,20,23,2025-04-12
Census Tract,12031014800,Other,08/2021,15,21.4,2025-04-12
Census Tract,12031014800,Other,09/2021,17,27.4,2025-04-12
Census Tract,12031014800,Other,10/2021,9,23,2025-04-12
Census Tract,12031014800,Other,11/2021,14,18.2,2025-04-12
Census Tract,12031014800,Other,12/2021,35,20.4,2025-04-12
Census Tract,12031014800,Other,01/2022,66,20.6,2025-04-12
Census Tract,12031014800,Other,02/2022,36,14.2,2025-04-12
Census Tract,12031014800,Other,03/2022,122,15.4,2025-04-12
Census Tract,12031014800,Other,04/2022,40,20.2,2025-04-12
Census Tract,12031014800,Other,05/2022,26,14.4,2025-04-12
Census Tract,12031014800,Other,06/2022,27,24.2,2025-04-12
Census Tract,12031014800,Other,07/2022,42,23,2025-04-12
Census Tract,12031014800,Other,08/2022,73,21.4,2025-04-12
Census Tract,12031014800,Other,09/2022,45,27.4,2025-04-12
Census Tract,12031014800,Other,10/2022,58,23,2025-04-12
Census Tract,12031014800,Other,11/2022,38,18.2,2025-04-12
Census Tract,12031014800,Other,12/2022,15,20.4,2025-04-12
Census Tract,12031014800,Other,01/2023,23,20.6,2025-04-12
Census Tract,12031014800,Other,02/2023,56,14.2,2025-04-12
Census Tract,12031014800,Other,03/2023,29,15.4,2025-04-12
Census Tract,12031014800,Other,04/2023,27,20.2,2025-04-12
Census Tract,12031014800,Other,05/2023,23,14.4,2025-04-12
Census Tract,12031014800,Other,06/2023,29,24.2,2025-04-12
Census Tract,12031014800,Other,07/2023,6,23,2025-04-12
Census Tract,12031014800,Other,08/2023,12,21.4,2025-04-12
Census Tract,12031014800,Other,09/2023,21,27.4,2025-04-12
Census Tract,12031014800,Other,10/2023,40,23,2025-04-12
Census Tract,12031014800,Other,11/2023,8,18.2,2025-04-12
Census Tract,12031014800,Other,12/2023,14,20.4,2025-04-12
Census Tract,12031014800,Other,01/2024,31,20.6,2025-04-12
Census Tract,12031014800,Other,02/2024,25,14.4,2025-04-12
Census Tract,12031014800,Other,03/2024,17,15.4,2025-04-12
Census Tract,12031014800,Other,04/2024,19,20.2,2025-04-12
Census Tract,12031014800,Other,05/2024,25,14.4,2025-04-12
Census Tract,12031014800,Other,06/2024,20,24.2,2025-04-12
Census Tract,12031014800,Other,07/2024,26,23,2025-04-12
Census Tract,12031014800,Other,08/2024,27,21.4,2025-04-12
Census Tract,12031014800,Other,09/2024,26,27.4,2025-04-12
Census Tract,12031014800,Other,10/2024,12,23,2025-04-12
Census Tract,12031014800,Other,11/2024,7,18.2,2025-04-12
Census Tract,12031014800,Other,12/2024,6,20.4,2025-04-12
Census Tract,12031014800,Other,01/2025,31,20.6,2025-04-12
Census Tract,12031014800,Other,02/2025,47,14.2,2025-04-12
Census Tract,12031014800,Other,03/2025,15,15.4,2025-04-12
Census Tract,12031014800,Other,04/2025,0,6.6,2025-04-12
Census Tract,12031014901,Other,01/2020,5,11.8,2025-04-12
Census Tract,12031014901,Other,02/2020,5,6.2,2025-04-12
Census Tract,12031014901,Other,03/2020,2,5.4,2025-04-12
Census Tract,12031014901,Other,04/2020,0,10.2,2025-04-12
Census Tract,12031014901,Other,05/2020,0,9.8,2025-04-12
Census Tract,12031014901,Other,06/2020,0,12,2025-04-12
Census Tract,12031014901,Other,07/2020,0,12,2025-04-12
Census Tract,12031014901,Other,08/2020,1,8.8,2025-04-12
Census Tract,12031014901,Other,09/2020,1,9.6,2025-04-12
Census Tract,12031014901,Other,10/2020,5,10.2,2025-04-12
Census Tract,12031014901,Other,11/2020,5,9,2025-04-12
Census Tract,12031014901,Other,12/2020,2,8.6,2025-04-12
Census Tract,12031014901,Other,01/2021,1,11.8,2025-04-12
Census Tract,12031014901,Other,02/2021,0,6.2,2025-04-12
Census Tract,12031014901,Other,03/2021,8,5.4,2025-04-12
Census Tract,12031014901,Other,04/2021,0,10.2,2025-04-12
Census Tract,12031014901,Other,05/2021,4,9.8,2025-04-12
Census Tract,12031014901,Other,06/2021,16,12,2025-04-12
Census Tract,12031014901,Other,07/2021,2,12,2025-04-12
Census Tract,12031014901,Other,08/2021,2,8.8,2025-04-12
Census Tract,12031014901,Other,09/2021,5,9.6,2025-04-12
Census Tract,12031014901,Other,10/2021,5,10.2,2025-04-12
Census Tract,12031014901,Other,11/2021,1,9,2025-04-12
Census Tract,12031014901,Other,12/2021,4,8.6,2025-04-12
Census Tract,12031014901,Other,01/2022,3,11.8,2025-04-12
Census Tract,12031014901,Other,02/2022,0,6.2,2025-04-12
Census Tract,12031014901,Other,03/2022,4,5.4,2025-04-12
Census Tract,12031014901,Other,04/2022,7,10.2,2025-04-12
Census Tract,12031014901,Other,05/2022,8,9.8,2025-04-12
Census Tract,12031014901,Other,06/2022,4,12,2025-04-12
Census Tract,12031014901,Other,07/2022,3,12,2025-04-12
Census Tract,12031014901,Other,08/2022,6,8.8,2025-04-12
Census Tract,12031014901,Other,09/2022,3,9.6,2025-04-12
Census Tract,12031014901,Other,10/2022,7,10.2,2025-04-12
Census Tract,12031014901,Other,11/2022,12,9,2025-04-12
Census Tract,12031014901,Other,12/2022,17,8.6,2025-04-12
Census Tract,12031014901,Other,01/2023,10,11.8,2025-04-12
Census Tract,12031014901,Other,02/2023,4,6.2,2025-04-12
Census Tract,12031014901,Other,03/2023,2,5.4,2025-04-12
Census Tract,12031014901,Other,04/2023,5,10.2,2025-04-12
Census Tract,12031014901,Other,05/2023,4,9.8,2025-04-12
Census Tract,12031014901,Other,06/2023,10,12,2025-04-12
Census Tract,12031014901,Other,07/2023,3,12,2025-04-12
Census Tract,12031014901,Other,08/2023,2,8.8,2025-04-12
Census Tract,12031014901,Other,09/2023,4,9.6,2025-04-12
Census Tract,12031014901,Other,10/2023,8,10.2,2025-04-12
Census Tract,12031014901,Other,11/2023,1,9,2025-04-12
Census Tract,12031014901,Other,12/2023,6,8.6,2025-04-12
Census Tract,12031014901,Other,01/2024,4,11.8,2025-04-12
Census Tract,12031014901,Other,02/2024,5,6.2,2025-04-12
Census Tract,12031014901,Other,03/2024,6,5.4,2025-04-12
Census Tract,12031014901,Other,04/2024,2,10.2,2025-04-12
Census Tract,12031014901,Other,05/2024,2,9.8,2025-04-12
Census Tract,12031014901,Other,06/2024,5,12,2025-04-12
Census Tract,12031014901,Other,07/2024,2,12,2025-04-12
Census Tract,12031014901,Other,08/2024,2,8.8,2025-04-12
Census Tract,12031014901,Other,09/2024,0,9.6,2025-04-12
Census Tract,12031014901,Other,10/2024,3,10.2,2025-04-12
Census Tract,12031014901,Other,11/2024,0,9,2025-04-12
Census Tract,12031014901,Other,12/2024,2,8.6,2025-04-12
Census Tract,12031014901,Other,01/2025,3,11.8,2025-04-12
Census Tract,12031014901,Other,02/2025,7,6.2,2025-04-12
Census Tract,12031014901,Other,03/2025,0,5.4,2025-04-12
Census Tract,12031014901,Other,04/2025,0,2.4,2025-04-12
Census Tract,12031014902,Other,01/2020,13,8.8,2025-04-12
Census Tract,12031014902,Other,02/2020,6,3.8,2025-04-12
Census Tract,12031014902,Other,03/2020,3,5.4,2025-04-12
Census Tract,12031014902,Other,04/2020,0,8.4,2025-04-12
Census Tract,12031014902,Other,05/2020,0,8.8,2025-04-12
Census Tract,12031014902,Other,06/2020,0,6.8,2025-04-12
Census Tract,12031014902,Other,07/2020,0,8,2025-04-12
Census Tract,12031014902,Other,08/2020,1,8.8,2025-04-12
Census Tract,12031014902,Other,09/2020,11,11.4,2025-04-12
Census Tract,12031014902,Other,10/2020,7,6.2,2025-04-12
Census Tract,12031014902,Other,11/2020,6,6.4,2025-04-12
Census Tract,12031014902,Other,12/2020,4,9.2,2025-04-12
Census Tract,12031014902,Other,01/2021,2,8.8,2025-04-12
Census Tract,12031014902,Other,02/2021,4,3.6,2025-04-12
Census Tract,12031014902,Other,03/2021,8,5.4,2025-04-12
Census Tract,12031014902,Other,04/2021,1,8.4,2025-04-12
Census Tract,12031014902,Other,05/2021,1,8.8,2025-04-12
Census Tract,12031014902,Other,06/2021,9,6.8,2025-04-12
Census Tract,12031014902,Other,07/2021,6,8,2025-04-12
Census Tract,12031014902,Other,08/2021,4,8.8,2025-04-12
Census Tract,12031014902,Other,09/2021,7,11.4,2025-04-12
Census Tract,12031014902,Other,10/2021,15,6.2,2025-04-12
Census Tract,12031014902,Other,11/2021,9,6.4,2025-04-12
Census Tract,12031014902,Other,12/2021,9,9.2,2025-04-12
Census Tract,12031014902,Other,01/2022,6,8.8,2025-04-12
Census Tract,12031014902,Other,02/2022,4,3.6,2025-04-12
Census Tract,12031014902,Other,03/2022,7,5.4,2025-04-12
Census Tract,12031014902,Other,04/2022,5,8.4,2025-04-12
Census Tract,12031014902,Other,05/2022,14,8.8,2025-04-12
Census Tract,12031014902,Other,06/2022,9,6.8,2025-04-12
Census Tract,12031014902,Other,07/2022,6,8,2025-04-12
Census Tract,12031014902,Other,08/2022,34,8.8,2025-04-12
Census Tract,12031014902,Other,09/2022,17,11.4,2025-04-12
Census Tract,12031014902,Other,10/2022,16,6.2,2025-04-12
Census Tract,12031014902,Other,11/2022,14,6.4,2025-04-12
Census Tract,12031014902,Other,12/2022,33,9.2,2025-04-12
Census Tract,12031014902,Other,01/2023,11,8.8,2025-04-12
Census Tract,12031014902,Other,02/2023,17,3.6,2025-04-12
Census Tract,12031014902,Other,03/2023,8,5.4,2025-04-12
Census Tract,12031014902,Other,04/2023,13,8.4,2025-04-12
Census Tract,12031014902,Other,05/2023,12,8.8,2025-04-12
Census Tract,12031014902,Other,06/2023,16,6.8,2025-04-12
Census Tract,12031014902,Other,07/2023,16,8,2025-04-12
Census Tract,12031014902,Other,08/2023,10,8.8,2025-04-12
Census Tract,12031014902,Other,09/2023,16,11.4,2025-04-12
Census Tract,12031014902,Other,10/2023,17,6.2,2025-04-12
Census Tract,12031014902,Other,11/2023,9,6.4,2025-04-12
Census Tract,12031014902,Other,12/2023,11,9.2,2025-04-12
Census Tract,12031014902,Other,01/2024,13,8.8,2025-04-12
Census Tract,12031014902,Other,02/2024,8,3.8,2025-04-12
Census Tract,12031014902,Other,03/2024,7,5.4,2025-04-12
Census Tract,12031014902,Other,04/2024,5,8.4,2025-04-12
Census Tract,12031014902,Other,05/2024,10,8.8,2025-04-12
Census Tract,12031014902,Other,06/2024,12,6.8,2025-04-12
Census Tract,12031014902,Other,07/2024,18,8,2025-04-12
Census Tract,12031014902,Other,08/2024,8,8.8,2025-04-12
Census Tract,12031014902,Other,09/2024,12,11.4,2025-04-12
Census Tract,12031014902,Other,10/2024,13,6.2,2025-04-12
Census Tract,12031014902,Other,11/2024,7,6.4,2025-04-12
Census Tract,12031014902,Other,12/2024,14,9.2,2025-04-12
Census Tract,12031014902,Other,01/2025,8,8.8,2025-04-12
Census Tract,12031014902,Other,02/2025,6,3.6,2025-04-12
Census Tract,12031014902,Other,03/2025,7,5.4,2025-04-12
Census Tract,12031014902,Other,04/2025,0,2.4,2025-04-12
Census Tract,12031015001,White,01/2020,9,3.6,2025-04-12
Census Tract,12031015001,White,02/2020,8,2,2025-04-12
Census Tract,12031015001,White,03/2020,3,1.4,2025-04-12
Census Tract,12031015001,White,04/2020,1,2.2,2025-04-12
Census Tract,12031015001,White,05/2020,0,3.4,2025-04-12
Census Tract,12031015001,White,06/2020,0,3.4,2025-04-12
Census Tract,12031015001,White,07/2020,0,4.4,2025-04-12
Census Tract,12031015001,White,08/2020,3,3.6,2025-04-12
Census Tract,12031015001,White,09/2020,7,2.8,2025-04-12
Census Tract,12031015001,White,10/2020,2,3.4,2025-04-12
Census Tract,12031015001,White,11/2020,4,3.6,2025-04-12
Census Tract,12031015001,White,12/2020,5,2.6,2025-04-12
Census Tract,12031015001,White,01/2021,4,3.6,2025-04-12
Census Tract,12031015001,White,02/2021,3,2,2025-04-12
Census Tract,12031015001,White,03/2021,8,1.4,2025-04-12
Census Tract,12031015001,White,04/2021,4,2.2,2025-04-12
Census Tract,12031015001,White,05/2021,0,3.4,2025-04-12
Census Tract,12031015001,White,06/2021,4,3.4,2025-04-12
Census Tract,12031015001,White,07/2021,1,4.4,2025-04-12
Census Tract,12031015001,White,08/2021,6,3.6,2025-04-12
Census Tract,12031015001,White,09/2021,3,2.8,2025-04-12
Census Tract,12031015001,White,10/2021,3,3.4,2025-04-12
Census Tract,12031015001,White,11/2021,5,3.6,2025-04-12
Census Tract,12031015001,White,12/2021,2,2.6,2025-04-12
Census Tract,12031015001,White,01/2022,4,3.6,2025-04-12
Census Tract,12031015001,White,02/2022,0,2,2025-04-12
Census Tract,12031015001,White,03/2022,4,1.4,2025-04-12
Census Tract,12031015001,White,04/2022,11,2.2,2025-04-12
Census Tract,12031015001,White,05/2022,4,3.4,2025-04-12
Census Tract,12031015001,White,06/2022,5,3.4,2025-04-12
Census Tract,12031015001,White,07/2022,3,4.4,2025-04-12
Census Tract,12031015001,White,08/2022,9,3.6,2025-04-12
Census Tract,12031015001,White,09/2022,6,2.8,2025-04-12
Census Tract,12031015001,White,10/2022,10,3.4,2025-04-12
Census Tract,12031015001,White,11/2022,2,3.6,2025-04-12
Census Tract,12031015001,White,12/2022,5,2.6,2025-04-12
Census Tract,12031015001,White,01/2023,7,3.6,2025-04-12
Census Tract,12031015001,White,02/2023,5,2,2025-04-12
Census Tract,12031015001,White,03/2023,5,1.4,2025-04-12
Census Tract,12031015001,White,04/2023,1,2.2,2025-04-12
Census Tract,12031015001,White,05/2023,3,3.4,2025-04-12
Census Tract,12031015001,White,06/2023,1,3.4,2025-04-12
Census Tract,12031015001,White,07/2023,8,4.4,2025-04-12
Census Tract,12031015001,White,08/2023,5,3.6,2025-04-12
Census Tract,12031015001,White,09/2023,3,2.8,2025-04-12
Census Tract,12031015001,White,10/2023,4,3.4,2025-04-12
Census Tract,12031015001,White,11/2023,2,3.6,2025-04-12
Census Tract,12031015001,White,12/2023,7,2.6,2025-04-12
Census Tract,12031015001,White,01/2024,3,3.6,2025-04-12
Census Tract,12031015001,White,02/2024,4,2,2025-04-12
Census Tract,12031015001,White,03/2024,8,1.4,2025-04-12
Census Tract,12031015001,White,04/2024,12,2.2,2025-04-12
Census Tract,12031015001,White,05/2024,6,3.4,2025-04-12
Census Tract,12031015001,White,06/2024,4,3.4,2025-04-12
Census Tract,12031015001,White,07/2024,2,4.4,2025-04-12
Census Tract,12031015001,White,08/2024,4,3.6,2025-04-12
Census Tract,12031015001,White,09/2024,7,2.8,2025-04-12
Census Tract,12031015001,White,10/2024,7,3.4,2025-04-12
Census Tract,12031015001,White,11/2024,6,3.6,2025-04-12
Census Tract,12031015001,White,12/2024,10,2.6,2025-04-12
Census Tract,12031015001,White,01/2025,2,3.6,2025-04-12
Census Tract,12031015001,White,02/2025,4,2,2025-04-12
Census Tract,12031015001,White,03/2025,7,1.4,2025-04-12
Census Tract,12031015001,White,04/2025,0,0.6,2025-04-12
Census Tract,12031015002,White,01/2020,10,4.6,2025-04-12
Census Tract,12031015002,White,02/2020,3,7,2025-04-12
Census Tract,12031015002,White,03/2020,0,3,2025-04-12
Census Tract,12031015002,White,04/2020,0,3.6,2025-04-12
Census Tract,12031015002,White,05/2020,0,5.4,2025-04-12
Census Tract,12031015002,White,06/2020,0,7.2,2025-04-12
Census Tract,12031015002,White,07/2020,1,4.8,2025-04-12
Census Tract,12031015002,White,08/2020,0,7.4,2025-04-12
Census Tract,12031015002,White,09/2020,3,6.8,2025-04-12
Census Tract,12031015002,White,10/2020,20,6.8,2025-04-12
Census Tract,12031015002,White,11/2020,7,5.6,2025-04-12
Census Tract,12031015002,White,12/2020,42,4.2,2025-04-12
Census Tract,12031015002,White,01/2021,0,4.6,2025-04-12
Census Tract,12031015002,White,02/2021,1,7,2025-04-12
Census Tract,12031015002,White,03/2021,0,3,2025-04-12
Census Tract,12031015002,White,04/2021,2,3.6,2025-04-12
Census Tract,12031015002,White,05/2021,1,5.4,2025-04-12
Census Tract,12031015002,White,06/2021,1,7.2,2025-04-12
Census Tract,12031015002,White,07/2021,0,4.8,2025-04-12
Census Tract,12031015002,White,08/2021,0,7.4,2025-04-12
Census Tract,12031015002,White,09/2021,3,6.8,2025-04-12
Census Tract,12031015002,White,10/2021,1,6.8,2025-04-12
Census Tract,12031015002,White,11/2021,6,5.6,2025-04-12
Census Tract,12031015002,White,12/2021,1,4.2,2025-04-12
Census Tract,12031015002,White,01/2022,7,4.6,2025-04-12
Census Tract,12031015002,White,02/2022,35,7,2025-04-12
Census Tract,12031015002,White,03/2022,51,3,2025-04-12
Census Tract,12031015002,White,04/2022,11,3.6,2025-04-12
Census Tract,12031015002,White,05/2022,5,5.4,2025-04-12
Census Tract,12031015002,White,06/2022,22,7.2,2025-04-12
Census Tract,12031015002,White,07/2022,9,4.8,2025-04-12
Census Tract,12031015002,White,08/2022,58,7.4,2025-04-12
Census Tract,12031015002,White,09/2022,2,6.8,2025-04-12
Census Tract,12031015002,White,10/2022,3,6.8,2025-04-12
Census Tract,12031015002,White,11/2022,2,5.6,2025-04-12
Census Tract,12031015002,White,12/2022,18,4.2,2025-04-12
Census Tract,12031015002,White,01/2023,25,4.6,2025-04-12
Census Tract,12031015002,White,02/2023,5,7,2025-04-12
Census Tract,12031015002,White,03/2023,23,3,2025-04-12
Census Tract,12031015002,White,04/2023,21,3.6,2025-04-12
Census Tract,12031015002,White,05/2023,10,5.4,2025-04-12
Census Tract,12031015002,White,06/2023,4,7.2,2025-04-12
Census Tract,12031015002,White,07/2023,5,4.8,2025-04-12
Census Tract,12031015002,White,08/2023,3,7.4,2025-04-12
Census Tract,12031015002,White,09/2023,28,6.8,2025-04-12
Census Tract,12031015002,White,10/2023,7,6.8,2025-04-12
Census Tract,12031015002,White,11/2023,2,5.6,2025-04-12
Census Tract,12031015002,White,12/2023,5,4.2,2025-04-12
Census Tract,12031015002,White,01/2024,14,4.6,2025-04-12
Census Tract,12031015002,White,02/2024,12,7,2025-04-12
Census Tract,12031015002,White,03/2024,5,3,2025-04-12
Census Tract,12031015002,White,04/2024,9,3.6,2025-04-12
Census Tract,12031015002,White,05/2024,6,5.4,2025-04-12
Census Tract,12031015002,White,06/2024,13,7.2,2025-04-12
Census Tract,12031015002,White,07/2024,11,4.8,2025-04-12
Census Tract,12031015002,White,08/2024,5,7.4,2025-04-12
Census Tract,12031015002,White,09/2024,5,6.8,2025-04-12
Census Tract,12031015002,White,10/2024,5,6.8,2025-04-12
Census Tract,12031015002,White,11/2024,4,5.6,2025-04-12
Census Tract,12031015002,White,12/2024,1,4.2,2025-04-12
Census Tract,12031015002,White,01/2025,22,4.6,2025-04-12
Census Tract,12031015002,White,02/2025,1,7,2025-04-12
Census Tract,12031015002,White,03/2025,8,3,2025-04-12
Census Tract,12031015002,White,04/2025,0,0.8,2025-04-12
Census Tract,12031015100,Other,01/2020,12,8.8,2025-04-12
Census Tract,12031015100,Other,02/2020,7,6.6,2025-04-12
Census Tract,12031015100,Other,03/2020,1,4,2025-04-12
Census Tract,12031015100,Other,04/2020,0,5.6,2025-04-12
Census Tract,12031015100,Other,05/2020,0,6.4,2025-04-12
Census Tract,12031015100,Other,06/2020,0,9.4,2025-04-12
Census Tract,12031015100,Other,07/2020,1,5.4,2025-04-12
Census Tract,12031015100,Other,08/2020,4,5.2,2025-04-12
Census Tract,12031015100,Other,09/2020,0,7.2,2025-04-12
Census Tract,12031015100,Other,10/2020,9,7.8,2025-04-12
Census Tract,12031015100,Other,11/2020,12,7,2025-04-12
Census Tract,12031015100,Other,12/2020,22,7.2,2025-04-12
Census Tract,12031015100,Other,01/2021,3,8.8,2025-04-12
Census Tract,12031015100,Other,02/2021,1,6.6,2025-04-12
Census Tract,12031015100,Other,03/2021,10,4,2025-04-12
Census Tract,12031015100,Other,04/2021,1,5.6,2025-04-12
Census Tract,12031015100,Other,05/2021,4,6.4,2025-04-12
Census Tract,12031015100,Other,06/2021,5,9.4,2025-04-12
Census Tract,12031015100,Other,07/2021,3,5.4,2025-04-12
Census Tract,12031015100,Other,08/2021,1,5.2,2025-04-12
Census Tract,12031015100,Other,09/2021,3,7.2,2025-04-12
Census Tract,12031015100,Other,10/2021,4,7.8,2025-04-12
Census Tract,12031015100,Other,11/2021,2,7,2025-04-12
Census Tract,12031015100,Other,12/2021,4,7.2,2025-04-12
Census Tract,12031015100,Other,01/2022,3,8.8,2025-04-12
Census Tract,12031015100,Other,02/2022,19,6.6,2025-04-12
Census Tract,12031015100,Other,03/2022,12,4,2025-04-12
Census Tract,12031015100,Other,04/2022,20,5.6,2025-04-12
Census Tract,12031015100,Other,05/2022,3,6.4,2025-04-12
Census Tract,12031015100,Other,06/2022,9,9.4,2025-04-12
Census Tract,12031015100,Other,07/2022,4,5.4,2025-04-12
Census Tract,12031015100,Other,08/2022,15,5.2,2025-04-12
Census Tract,12031015100,Other,09/2022,10,7.2,2025-04-12
Census Tract,12031015100,Other,10/2022,7,7.8,2025-04-12
Census Tract,12031015100,Other,11/2022,14,7,2025-04-12
Census Tract,12031015100,Other,12/2022,3,7.2,2025-04-12
Census Tract,12031015100,Other,01/2023,5,8.8,2025-04-12
Census Tract,12031015100,Other,02/2023,18,6.6,2025-04-12
Census Tract,12031015100,Other,03/2023,13,4,2025-04-12
Census Tract,12031015100,Other,04/2023,7,5.6,2025-04-12
Census Tract,12031015100,Other,05/2023,5,6.4,2025-04-12
Census Tract,12031015100,Other,06/2023,9,9.4,2025-04-12
Census Tract,12031015100,Other,07/2023,10,5.4,2025-04-12
Census Tract,12031015100,Other,08/2023,15,5.2,2025-04-12
Census Tract,12031015100,Other,09/2023,10,7.2,2025-04-12
Census Tract,12031015100,Other,10/2023,14,7.8,2025-04-12
Census Tract,12031015100,Other,11/2023,6,7,2025-04-12
Census Tract,12031015100,Other,12/2023,9,7.2,2025-04-12
Census Tract,12031015100,Other,01/2024,7,8.8,2025-04-12
Census Tract,12031015100,Other,02/2024,12,6.6,2025-04-12
Census Tract,12031015100,Other,03/2024,9,4,2025-04-12
Census Tract,12031015100,Other,04/2024,5,5.6,2025-04-12
Census Tract,12031015100,Other,05/2024,7,6.4,2025-04-12
Census Tract,12031015100,Other,06/2024,5,9.4,2025-04-12
Census Tract,12031015100,Other,07/2024,10,5.4,2025-04-12
Census Tract,12031015100,Other,08/2024,7,5.2,2025-04-12
Census Tract,12031015100,Other,09/2024,9,7.2,2025-04-12
Census Tract,12031015100,Other,10/2024,5,7.8,2025-04-12
Census Tract,12031015100,Other,11/2024,3,7,2025-04-12
Census Tract,12031015100,Other,12/2024,6,7.2,2025-04-12
Census Tract,12031015100,Other,01/2025,32,8.8,2025-04-12
Census Tract,12031015100,Other,02/2025,11,6.6,2025-04-12
Census Tract,12031015100,Other,03/2025,3,4,2025-04-12
Census Tract,12031015100,Other,04/2025,0,1.6,2025-04-12
Census Tract,12031015200,Other,01/2020,11,7.8,2025-04-12
Census Tract,12031015200,Other,02/2020,9,4.4,2025-04-12
Census Tract,12031015200,Other,03/2020,2,4,2025-04-12
Census Tract,12031015200,Other,04/2020,0,7.4,2025-04-12
Census Tract,12031015200,Other,05/2020,0,4.4,2025-04-12
Census Tract,12031015200,Other,06/2020,0,4.6,2025-04-12
Census Tract,12031015200,Other,07/2020,0,7.6,2025-04-12
Census Tract,12031015200,Other,08/2020,10,6.4,2025-04-12
Census Tract,12031015200,Other,09/2020,3,6,2025-04-12
Census Tract,12031015200,Other,10/2020,12,6.8,2025-04-12
Census Tract,12031015200,Other,11/2020,4,6.8,2025-04-12
Census Tract,12031015200,Other,12/2020,33,7.2,2025-04-12
Census Tract,12031015200,Other,01/2021,5,7.8,2025-04-12
Census Tract,12031015200,Other,02/2021,2,4.4,2025-04-12
Census Tract,12031015200,Other,03/2021,17,4,2025-04-12
Census Tract,12031015200,Other,04/2021,1,7.4,2025-04-12
Census Tract,12031015200,Other,05/2021,0,4.4,2025-04-12
Census Tract,12031015200,Other,06/2021,0,4.6,2025-04-12
Census Tract,12031015200,Other,07/2021,28,7.6,2025-04-12
Census Tract,12031015200,Other,08/2021,0,6.4,2025-04-12
Census Tract,12031015200,Other,09/2021,29,6,2025-04-12
Census Tract,12031015200,Other,10/2021,20,6.8,2025-04-12
Census Tract,12031015200,Other,11/2021,13,6.8,2025-04-12
Census Tract,12031015200,Other,12/2021,1,7.2,2025-04-12
Census Tract,12031015200,Other,01/2022,7,7.8,2025-04-12
Census Tract,12031015200,Other,02/2022,19,4.4,2025-04-12
Census Tract,12031015200,Other,03/2022,20,4,2025-04-12
Census Tract,12031015200,Other,04/2022,13,7.4,2025-04-12
Census Tract,12031015200,Other,05/2022,1,4.4,2025-04-12
Census Tract,12031015200,Other,06/2022,15,4.6,2025-04-12
Census Tract,12031015200,Other,07/2022,22,7.6,2025-04-12
Census Tract,12031015200,Other,08/2022,7,6.4,2025-04-12
Census Tract,12031015200,Other,09/2022,10,6,2025-04-12
Census Tract,12031015200,Other,10/2022,11,6.8,2025-04-12
Census Tract,12031015200,Other,11/2022,6,6.8,2025-04-12
Census Tract,12031015200,Other,12/2022,2,7.2,2025-04-12
Census Tract,12031015200,Other,01/2023,11,7.8,2025-04-12
Census Tract,12031015200,Other,02/2023,17,4.4,2025-04-12
Census Tract,12031015200,Other,03/2023,4,4,2025-04-12
Census Tract,12031015200,Other,04/2023,8,7.4,2025-04-12
Census Tract,12031015200,Other,05/2023,14,4.4,2025-04-12
Census Tract,12031015200,Other,06/2023,12,4.6,2025-04-12
Census Tract,12031015200,Other,07/2023,19,7.6,2025-04-12
Census Tract,12031015200,Other,08/2023,3,6.4,2025-04-12
Census Tract,12031015200,Other,09/2023,6,6,2025-04-12
Census Tract,12031015200,Other,10/2023,25,6.8,2025-04-12
Census Tract,12031015200,Other,11/2023,7,6.8,2025-04-12
Census Tract,12031015200,Other,12/2023,8,7.2,2025-04-12
Census Tract,12031015200,Other,01/2024,0,7.8,2025-04-12
Census Tract,12031015200,Other,02/2024,5,4.4,2025-04-12
Census Tract,12031015200,Other,03/2024,2,4,2025-04-12
Census Tract,12031015200,Other,04/2024,6,7.4,2025-04-12
Census Tract,12031015200,Other,05/2024,1,4.4,2025-04-12
Census Tract,12031015200,Other,06/2024,11,4.6,2025-04-12
Census Tract,12031015200,Other,07/2024,7,7.6,2025-04-12
Census Tract,12031015200,Other,08/2024,2,6.4,2025-04-12
Census Tract,12031015200,Other,09/2024,13,6,2025-04-12
Census Tract,12031015200,Other,10/2024,10,6.8,2025-04-12
Census Tract,12031015200,Other,11/2024,0,6.8,2025-04-12
Census Tract,12031015200,Other,12/2024,3,7.2,2025-04-12
Census Tract,12031015200,Other,01/2025,12,7.8,2025-04-12
Census Tract,12031015200,Other,02/2025,12,4.4,2025-04-12
Census Tract,12031015200,Other,03/2025,3,4,2025-04-12
Census Tract,12031015200,Other,04/2025,0,2.4,2025-04-12
Census Tract,12031015300,Other,01/2020,10,6.4,2025-04-12
Census Tract,12031015300,Other,02/2020,3,3.2,2025-04-12
Census Tract,12031015300,Other,03/2020,6,4.2,2025-04-12
Census Tract,12031015300,Other,04/2020,0,6.6,2025-04-12
Census Tract,12031015300,Other,05/2020,0,8.8,2025-04-12
Census Tract,12031015300,Other,06/2020,0,11.6,2025-04-12
Census Tract,12031015300,Other,07/2020,0,12.6,2025-04-12
Census Tract,12031015300,Other,08/2020,7,9,2025-04-12
Census Tract,12031015300,Other,09/2020,2,8.4,2025-04-12
Census Tract,12031015300,Other,10/2020,15,8.2,2025-04-12
Census Tract,12031015300,Other,11/2020,8,8,2025-04-12
Census Tract,12031015300,Other,12/2020,23,6.2,2025-04-12
Census Tract,12031015300,Other,01/2021,10,6.4,2025-04-12
Census Tract,12031015300,Other,02/2021,2,3.2,2025-04-12
Census Tract,12031015300,Other,03/2021,8,4.2,2025-04-12
Census Tract,12031015300,Other,04/2021,4,6.6,2025-04-12
Census Tract,12031015300,Other,05/2021,1,8.8,2025-04-12
Census Tract,12031015300,Other,06/2021,3,11.6,2025-04-12
Census Tract,12031015300,Other,07/2021,11,12.6,2025-04-12
Census Tract,12031015300,Other,08/2021,10,9,2025-04-12
Census Tract,12031015300,Other,09/2021,4,8.4,2025-04-12
Census Tract,12031015300,Other,10/2021,7,8.2,2025-04-12
Census Tract,12031015300,Other,11/2021,1,8,2025-04-12
Census Tract,12031015300,Other,12/2021,3,6.2,2025-04-12
Census Tract,12031015300,Other,01/2022,2,6.4,2025-04-12
Census Tract,12031015300,Other,02/2022,9,3.2,2025-04-12
Census Tract,12031015300,Other,03/2022,15,4.2,2025-04-12
Census Tract,12031015300,Other,04/2022,2,6.6,2025-04-12
Census Tract,12031015300,Other,05/2022,3,8.8,2025-04-12
Census Tract,12031015300,Other,06/2022,7,11.6,2025-04-12
Census Tract,12031015300,Other,07/2022,21,12.6,2025-04-12
Census Tract,12031015300,Other,08/2022,8,9,2025-04-12
Census Tract,12031015300,Other,09/2022,8,8.4,2025-04-12
Census Tract,12031015300,Other,10/2022,6,8.2,2025-04-12
Census Tract,12031015300,Other,11/2022,10,8,2025-04-12
Census Tract,12031015300,Other,12/2022,11,6.2,2025-04-12
Census Tract,12031015300,Other,01/2023,8,6.4,2025-04-12
Census Tract,12031015300,Other,02/2023,7,3.2,2025-04-12
Census Tract,12031015300,Other,03/2023,20,4.2,2025-04-12
Census Tract,12031015300,Other,04/2023,3,6.6,2025-04-12
Census Tract,12031015300,Other,05/2023,5,8.8,2025-04-12
Census Tract,12031015300,Other,06/2023,9,11.6,2025-04-12
Census Tract,12031015300,Other,07/2023,11,12.6,2025-04-12
Census Tract,12031015300,Other,08/2023,5,9,2025-04-12
Census Tract,12031015300,Other,09/2023,8,8.4,2025-04-12
Census Tract,12031015300,Other,10/2023,10,8.2,2025-04-12
Census Tract,12031015300,Other,11/2023,8,8,2025-04-12
Census Tract,12031015300,Other,12/2023,8,6.2,2025-04-12
Census Tract,12031015300,Other,01/2024,9,6.4,2025-04-12
Census Tract,12031015300,Other,02/2024,9,3.2,2025-04-12
Census Tract,12031015300,Other,03/2024,6,4.2,2025-04-12
Census Tract,12031015300,Other,04/2024,5,6.6,2025-04-12
Census Tract,12031015300,Other,05/2024,10,8.8,2025-04-12
Census Tract,12031015300,Other,06/2024,7,11.6,2025-04-12
Census Tract,12031015300,Other,07/2024,6,12.6,2025-04-12
Census Tract,12031015300,Other,08/2024,5,9,2025-04-12
Census Tract,12031015300,Other,09/2024,1,8.4,2025-04-12
Census Tract,12031015300,Other,10/2024,3,8.2,2025-04-12
Census Tract,12031015300,Other,11/2024,4,8,2025-04-12
Census Tract,12031015300,Other,12/2024,1,6.2,2025-04-12
Census Tract,12031015300,Other,01/2025,8,6.4,2025-04-12
Census Tract,12031015300,Other,02/2025,18,3.2,2025-04-12
Census Tract,12031015300,Other,03/2025,6,4.2,2025-04-12
Census Tract,12031015300,Other,04/2025,0,3.8,2025-04-12
Census Tract,12031015400,White,01/2020,2,6.6,2025-04-12
Census Tract,12031015400,White,02/2020,3,4.8,2025-04-12
Census Tract,12031015400,White,03/2020,0,4,2025-04-12
Census Tract,12031015400,White,04/2020,1,5,2025-04-12
Census Tract,12031015400,White,05/2020,0,7.6,2025-04-12
Census Tract,12031015400,White,06/2020,0,7.4,2025-04-12
Census Tract,12031015400,White,07/2020,0,7.6,2025-04-12
Census Tract,12031015400,White,08/2020,5,6.2,2025-04-12
Census Tract,12031015400,White,09/2020,2,7.2,2025-04-12
Census Tract,12031015400,White,10/2020,2,7.4,2025-04-12
Census Tract,12031015400,White,11/2020,2,4.4,2025-04-12
Census Tract,12031015400,White,12/2020,0,5,2025-04-12
Census Tract,12031015400,White,01/2021,2,6.6,2025-04-12
Census Tract,12031015400,White,02/2021,5,4.8,2025-04-12
Census Tract,12031015400,White,03/2021,2,4,2025-04-12
Census Tract,12031015400,White,04/2021,0,5,2025-04-12
Census Tract,12031015400,White,05/2021,2,7.6,2025-04-12
Census Tract,12031015400,White,06/2021,7,7.4,2025-04-12
Census Tract,12031015400,White,07/2021,6,7.6,2025-04-12
Census Tract,12031015400,White,08/2021,2,6.2,2025-04-12
Census Tract,12031015400,White,09/2021,3,7.2,2025-04-12
Census Tract,12031015400,White,10/2021,3,7.4,2025-04-12
Census Tract,12031015400,White,11/2021,1,4.4,2025-04-12
Census Tract,12031015400,White,12/2021,2,5,2025-04-12
Census Tract,12031015400,White,01/2022,3,6.6,2025-04-12
Census Tract,12031015400,White,02/2022,4,4.8,2025-04-12
Census Tract,12031015400,White,03/2022,4,4,2025-04-12
Census Tract,12031015400,White,04/2022,1,5,2025-04-12
Census Tract,12031015400,White,05/2022,3,7.6,2025-04-12
Census Tract,12031015400,White,06/2022,2,7.4,2025-04-12
Census Tract,12031015400,White,07/2022,3,7.6,2025-04-12
Census Tract,12031015400,White,08/2022,3,6.2,2025-04-12
Census Tract,12031015400,White,09/2022,4,7.2,2025-04-12
Census Tract,12031015400,White,10/2022,2,7.4,2025-04-12
Census Tract,12031015400,White,11/2022,3,4.4,2025-04-12
Census Tract,12031015400,White,12/2022,3,5,2025-04-12
Census Tract,12031015400,White,01/2023,3,6.6,2025-04-12
Census Tract,12031015400,White,02/2023,5,4.8,2025-04-12
Census Tract,12031015400,White,03/2023,2,4,2025-04-12
Census Tract,12031015400,White,04/2023,1,5,2025-04-12
Census Tract,12031015400,White,05/2023,3,7.6,2025-04-12
Census Tract,12031015400,White,06/2023,1,7.4,2025-04-12
Census Tract,12031015400,White,07/2023,4,7.6,2025-04-12
Census Tract,12031015400,White,08/2023,3,6.2,2025-04-12
Census Tract,12031015400,White,09/2023,5,7.2,2025-04-12
Census Tract,12031015400,White,10/2023,4,7.4,2025-04-12
Census Tract,12031015400,White,11/2023,5,4.4,2025-04-12
Census Tract,12031015400,White,12/2023,4,5,2025-04-12
Census Tract,12031015400,White,01/2024,2,6.6,2025-04-12
Census Tract,12031015400,White,02/2024,2,4.8,2025-04-12
Census Tract,12031015400,White,03/2024,2,4,2025-04-12
Census Tract,12031015400,White,04/2024,4,5,2025-04-12
Census Tract,12031015400,White,05/2024,0,7.6,2025-04-12
Census Tract,12031015400,White,06/2024,1,7.4,2025-04-12
Census Tract,12031015400,White,07/2024,7,7.6,2025-04-12
Census Tract,12031015400,White,08/2024,2,6.2,2025-04-12
Census Tract,12031015400,White,09/2024,3,7.2,2025-04-12
Census Tract,12031015400,White,10/2024,3,7.4,2025-04-12
Census Tract,12031015400,White,11/2024,2,4.4,2025-04-12
Census Tract,12031015400,White,12/2024,3,5,2025-04-12
Census Tract,12031015400,White,01/2025,5,6.6,2025-04-12
Census Tract,12031015400,White,02/2025,1,4.8,2025-04-12
Census Tract,12031015400,White,03/2025,0,4,2025-04-12
Census Tract,12031015400,White,04/2025,0,0.8,2025-04-12
Census Tract,12031015501,Other,01/2020,14,9.8,2025-04-12
Census Tract,12031015501,Other,02/2020,9,10.2,2025-04-12
Census Tract,12031015501,Other,03/2020,16,7.8,2025-04-12
Census Tract,12031015501,Other,04/2020,0,4.2,2025-04-12
Census Tract,12031015501,Other,05/2020,1,7.6,2025-04-12
Census Tract,12031015501,Other,06/2020,0,11,2025-04-12
Census Tract,12031015501,Other,07/2020,0,6.6,2025-04-12
Census Tract,12031015501,Other,08/2020,9,8.2,2025-04-12
Census Tract,12031015501,Other,09/2020,11,10.8,2025-04-12
Census Tract,12031015501,Other,10/2020,9,7.4,2025-04-12
Census Tract,12031015501,Other,11/2020,5,8,2025-04-12
Census Tract,12031015501,Other,12/2020,8,8,2025-04-12
Census Tract,12031015501,Other,01/2021,8,9.8,2025-04-12
Census Tract,12031015501,Other,02/2021,5,10.2,2025-04-12
Census Tract,12031015501,Other,03/2021,7,7.8,2025-04-12
Census Tract,12031015501,Other,04/2021,7,4.2,2025-04-12
Census Tract,12031015501,Other,05/2021,7,7.6,2025-04-12
Census Tract,12031015501,Other,06/2021,11,11,2025-04-12
Census Tract,12031015501,Other,07/2021,10,6.6,2025-04-12
Census Tract,12031015501,Other,08/2021,6,8.2,2025-04-12
Census Tract,12031015501,Other,09/2021,14,10.8,2025-04-12
Census Tract,12031015501,Other,10/2021,2,7.4,2025-04-12
Census Tract,12031015501,Other,11/2021,10,8,2025-04-12
Census Tract,12031015501,Other,12/2021,6,8,2025-04-12
Census Tract,12031015501,Other,01/2022,8,9.8,2025-04-12
Census Tract,12031015501,Other,02/2022,2,10.2,2025-04-12
Census Tract,12031015501,Other,03/2022,11,7.8,2025-04-12
Census Tract,12031015501,Other,04/2022,9,4.2,2025-04-12
Census Tract,12031015501,Other,05/2022,13,7.6,2025-04-12
Census Tract,12031015501,Other,06/2022,7,11,2025-04-12
Census Tract,12031015501,Other,07/2022,28,6.6,2025-04-12
Census Tract,12031015501,Other,08/2022,15,8.2,2025-04-12
Census Tract,12031015501,Other,09/2022,6,10.8,2025-04-12
Census Tract,12031015501,Other,10/2022,21,7.4,2025-04-12
Census Tract,12031015501,Other,11/2022,8,8,2025-04-12
Census Tract,12031015501,Other,12/2022,8,8,2025-04-12
Census Tract,12031015501,Other,01/2023,6,9.8,2025-04-12
Census Tract,12031015501,Other,02/2023,30,10.2,2025-04-12
Census Tract,12031015501,Other,03/2023,17,7.8,2025-04-12
Census Tract,12031015501,Other,04/2023,12,4.2,2025-04-12
Census Tract,12031015501,Other,05/2023,8,7.6,2025-04-12
Census Tract,12031015501,Other,06/2023,9,11,2025-04-12
Census Tract,12031015501,Other,07/2023,12,6.6,2025-04-12
Census Tract,12031015501,Other,08/2023,8,8.2,2025-04-12
Census Tract,12031015501,Other,09/2023,6,10.8,2025-04-12
Census Tract,12031015501,Other,10/2023,6,7.4,2025-04-12
Census Tract,12031015501,Other,11/2023,9,8,2025-04-12
Census Tract,12031015501,Other,12/2023,4,8,2025-04-12
Census Tract,12031015501,Other,01/2024,12,9.8,2025-04-12
Census Tract,12031015501,Other,02/2024,6,10.2,2025-04-12
Census Tract,12031015501,Other,03/2024,7,7.8,2025-04-12
Census Tract,12031015501,Other,04/2024,9,4.2,2025-04-12
Census Tract,12031015501,Other,05/2024,6,7.6,2025-04-12
Census Tract,12031015501,Other,06/2024,9,11,2025-04-12
Census Tract,12031015501,Other,07/2024,8,6.6,2025-04-12
Census Tract,12031015501,Other,08/2024,5,8.2,2025-04-12
Census Tract,12031015501,Other,09/2024,6,10.8,2025-04-12
Census Tract,12031015501,Other,10/2024,2,7.4,2025-04-12
Census Tract,12031015501,Other,11/2024,7,8,2025-04-12
Census Tract,12031015501,Other,12/2024,7,8,2025-04-12
Census Tract,12031015501,Other,01/2025,6,9.8,2025-04-12
Census Tract,12031015501,Other,02/2025,4,10.2,2025-04-12
Census Tract,12031015501,Other,03/2025,5,7.8,2025-04-12
Census Tract,12031015501,Other,04/2025,0,1,2025-04-12
Census Tract,12031015502,Black,01/2020,32,7.2,2025-04-12
Census Tract,12031015502,Black,02/2020,15,8,2025-04-12
Census Tract,12031015502,Black,03/2020,13,5.6,2025-04-12
Census Tract,12031015502,Black,04/2020,0,7,2025-04-12
Census Tract,12031015502,Black,05/2020,0,5.6,2025-04-12
Census Tract,12031015502,Black,06/2020,0,9.4,2025-04-12
Census Tract,12031015502,Black,07/2020,0,12,2025-04-12
Census Tract,12031015502,Black,08/2020,14,8.8,2025-04-12
Census Tract,12031015502,Black,09/2020,12,9.6,2025-04-12
Census Tract,12031015502,Black,10/2020,21,9,2025-04-12
Census Tract,12031015502,Black,11/2020,18,6.2,2025-04-12
Census Tract,12031015502,Black,12/2020,12,5.4,2025-04-12
Census Tract,12031015502,Black,01/2021,8,7.2,2025-04-12
Census Tract,12031015502,Black,02/2021,7,7.8,2025-04-12
Census Tract,12031015502,Black,03/2021,7,5.6,2025-04-12
Census Tract,12031015502,Black,04/2021,8,7,2025-04-12
Census Tract,12031015502,Black,05/2021,8,5.6,2025-04-12
Census Tract,12031015502,Black,06/2021,18,9.4,2025-04-12
Census Tract,12031015502,Black,07/2021,16,12,2025-04-12
Census Tract,12031015502,Black,08/2021,8,8.8,2025-04-12
Census Tract,12031015502,Black,09/2021,50,9.6,2025-04-12
Census Tract,12031015502,Black,10/2021,16,9,2025-04-12
Census Tract,12031015502,Black,11/2021,3,6.2,2025-04-12
Census Tract,12031015502,Black,12/2021,5,5.4,2025-04-12
Census Tract,12031015502,Black,01/2022,13,7.2,2025-04-12
Census Tract,12031015502,Black,02/2022,10,7.8,2025-04-12
Census Tract,12031015502,Black,03/2022,13,5.6,2025-04-12
Census Tract,12031015502,Black,04/2022,19,7,2025-04-12
Census Tract,12031015502,Black,05/2022,9,5.6,2025-04-12
Census Tract,12031015502,Black,06/2022,20,9.4,2025-04-12
Census Tract,12031015502,Black,07/2022,19,12,2025-04-12
Census Tract,12031015502,Black,08/2022,27,8.8,2025-04-12
Census Tract,12031015502,Black,09/2022,22,9.6,2025-04-12
Census Tract,12031015502,Black,10/2022,16,9,2025-04-12
Census Tract,12031015502,Black,11/2022,34,6.2,2025-04-12
Census Tract,12031015502,Black,12/2022,26,5.4,2025-04-12
Census Tract,12031015502,Black,01/2023,48,7.2,2025-04-12
Census Tract,12031015502,Black,02/2023,34,7.8,2025-04-12
Census Tract,12031015502,Black,03/2023,38,5.6,2025-04-12
Census Tract,12031015502,Black,04/2023,23,7,2025-04-12
Census Tract,12031015502,Black,05/2023,14,5.6,2025-04-12
Census Tract,12031015502,Black,06/2023,12,9.4,2025-04-12
Census Tract,12031015502,Black,07/2023,12,12,2025-04-12
Census Tract,12031015502,Black,08/2023,13,8.8,2025-04-12
Census Tract,12031015502,Black,09/2023,35,9.6,2025-04-12
Census Tract,12031015502,Black,10/2023,46,9,2025-04-12
Census Tract,12031015502,Black,11/2023,10,6.2,2025-04-12
Census Tract,12031015502,Black,12/2023,16,5.4,2025-04-12
Census Tract,12031015502,Black,01/2024,31,7.2,2025-04-12
Census Tract,12031015502,Black,02/2024,19,8,2025-04-12
Census Tract,12031015502,Black,03/2024,10,5.6,2025-04-12
Census Tract,12031015502,Black,04/2024,9,7,2025-04-12
Census Tract,12031015502,Black,05/2024,15,5.6,2025-04-12
Census Tract,12031015502,Black,06/2024,5,9.4,2025-04-12
Census Tract,12031015502,Black,07/2024,18,12,2025-04-12
Census Tract,12031015502,Black,08/2024,18,8.8,2025-04-12
Census Tract,12031015502,Black,09/2024,10,9.6,2025-04-12
Census Tract,12031015502,Black,10/2024,21,9,2025-04-12
Census Tract,12031015502,Black,11/2024,12,6.2,2025-04-12
Census Tract,12031015502,Black,12/2024,11,5.4,2025-04-12
Census Tract,12031015502,Black,01/2025,9,7.2,2025-04-12
Census Tract,12031015502,Black,02/2025,12,7.8,2025-04-12
Census Tract,12031015502,Black,03/2025,12,5.6,2025-04-12
Census Tract,12031015502,Black,04/2025,0,2.8,2025-04-12
Census Tract,12031015600,White,01/2020,15,6.4,2025-04-12
Census Tract,12031015600,White,02/2020,6,5.2,2025-04-12
Census Tract,12031015600,White,03/2020,2,5,2025-04-12
Census Tract,12031015600,White,04/2020,0,8.4,2025-04-12
Census Tract,12031015600,White,05/2020,0,6.8,2025-04-12
Census Tract,12031015600,White,06/2020,1,6.8,2025-04-12
Census Tract,12031015600,White,07/2020,0,9.4,2025-04-12
Census Tract,12031015600,White,08/2020,3,8.6,2025-04-12
Census Tract,12031015600,White,09/2020,1,9.8,2025-04-12
Census Tract,12031015600,White,10/2020,5,8,2025-04-12
Census Tract,12031015600,White,11/2020,15,4.4,2025-04-12
Census Tract,12031015600,White,12/2020,5,6.4,2025-04-12
Census Tract,12031015600,White,01/2021,7,6.4,2025-04-12
Census Tract,12031015600,White,02/2021,5,5.2,2025-04-12
Census Tract,12031015600,White,03/2021,1,5,2025-04-12
Census Tract,12031015600,White,04/2021,4,8.4,2025-04-12
Census Tract,12031015600,White,05/2021,5,6.8,2025-04-12
Census Tract,12031015600,White,06/2021,3,6.8,2025-04-12
Census Tract,12031015600,White,07/2021,4,9.4,2025-04-12
Census Tract,12031015600,White,08/2021,5,8.6,2025-04-12
Census Tract,12031015600,White,09/2021,2,9.8,2025-04-12
Census Tract,12031015600,White,10/2021,2,8,2025-04-12
Census Tract,12031015600,White,11/2021,2,4.4,2025-04-12
Census Tract,12031015600,White,12/2021,0,6.4,2025-04-12
Census Tract,12031015600,White,01/2022,5,6.4,2025-04-12
Census Tract,12031015600,White,02/2022,1,5.2,2025-04-12
Census Tract,12031015600,White,03/2022,2,5,2025-04-12
Census Tract,12031015600,White,04/2022,0,8.4,2025-04-12
Census Tract,12031015600,White,05/2022,5,6.8,2025-04-12
Census Tract,12031015600,White,06/2022,12,6.8,2025-04-12
Census Tract,12031015600,White,07/2022,14,9.4,2025-04-12
Census Tract,12031015600,White,08/2022,1,8.6,2025-04-12
Census Tract,12031015600,White,09/2022,25,9.8,2025-04-12
Census Tract,12031015600,White,10/2022,4,8,2025-04-12
Census Tract,12031015600,White,11/2022,7,4.4,2025-04-12
Census Tract,12031015600,White,12/2022,11,6.4,2025-04-12
Census Tract,12031015600,White,01/2023,4,6.4,2025-04-12
Census Tract,12031015600,White,02/2023,9,5.2,2025-04-12
Census Tract,12031015600,White,03/2023,6,5,2025-04-12
Census Tract,12031015600,White,04/2023,3,8.4,2025-04-12
Census Tract,12031015600,White,05/2023,7,6.8,2025-04-12
Census Tract,12031015600,White,06/2023,2,6.8,2025-04-12
Census Tract,12031015600,White,07/2023,10,9.4,2025-04-12
Census Tract,12031015600,White,08/2023,5,8.6,2025-04-12
Census Tract,12031015600,White,09/2023,5,9.8,2025-04-12
Census Tract,12031015600,White,10/2023,2,8,2025-04-12
Census Tract,12031015600,White,11/2023,3,4.4,2025-04-12
Census Tract,12031015600,White,12/2023,4,6.4,2025-04-12
Census Tract,12031015600,White,01/2024,7,6.4,2025-04-12
Census Tract,12031015600,White,02/2024,8,5.2,2025-04-12
Census Tract,12031015600,White,03/2024,3,5,2025-04-12
Census Tract,12031015600,White,04/2024,0,8.4,2025-04-12
Census Tract,12031015600,White,05/2024,10,6.8,2025-04-12
Census Tract,12031015600,White,06/2024,6,6.8,2025-04-12
Census Tract,12031015600,White,07/2024,8,9.4,2025-04-12
Census Tract,12031015600,White,08/2024,5,8.6,2025-04-12
Census Tract,12031015600,White,09/2024,3,9.8,2025-04-12
Census Tract,12031015600,White,10/2024,4,8,2025-04-12
Census Tract,12031015600,White,11/2024,4,4.4,2025-04-12
Census Tract,12031015600,White,12/2024,4,6.4,2025-04-12
Census Tract,12031015600,White,01/2025,4,6.4,2025-04-12
Census Tract,12031015600,White,02/2025,10,5.2,2025-04-12
Census Tract,12031015600,White,03/2025,4,5,2025-04-12
Census Tract,12031015600,White,04/2025,0,5.8,2025-04-12
Census Tract,12031015701,Other,01/2020,12,10.2,2025-04-12
Census Tract,12031015701,Other,02/2020,5,8,2025-04-12
Census Tract,12031015701,Other,03/2020,4,5,2025-04-12
Census Tract,12031015701,Other,04/2020,1,6.6,2025-04-12
Census Tract,12031015701,Other,05/2020,0,8.6,2025-04-12
Census Tract,12031015701,Other,06/2020,1,10.2,2025-04-12
Census Tract,12031015701,Other,07/2020,0,8.4,2025-04-12
Census Tract,12031015701,Other,08/2020,5,10.4,2025-04-12
Census Tract,12031015701,Other,09/2020,4,8.4,2025-04-12
Census Tract,12031015701,Other,10/2020,4,8,2025-04-12
Census Tract,12031015701,Other,11/2020,6,7.6,2025-04-12
Census Tract,12031015701,Other,12/2020,3,9.8,2025-04-12
Census Tract,12031015701,Other,01/2021,0,10.2,2025-04-12
Census Tract,12031015701,Other,02/2021,2,8,2025-04-12
Census Tract,12031015701,Other,03/2021,8,5,2025-04-12
Census Tract,12031015701,Other,04/2021,1,6.6,2025-04-12
Census Tract,12031015701,Other,05/2021,2,8.6,2025-04-12
Census Tract,12031015701,Other,06/2021,10,10.2,2025-04-12
Census Tract,12031015701,Other,07/2021,19,8.4,2025-04-12
Census Tract,12031015701,Other,08/2021,3,10.4,2025-04-12
Census Tract,12031015701,Other,09/2021,17,8.4,2025-04-12
Census Tract,12031015701,Other,10/2021,9,8,2025-04-12
Census Tract,12031015701,Other,11/2021,16,7.6,2025-04-12
Census Tract,12031015701,Other,12/2021,10,9.8,2025-04-12
Census Tract,12031015701,Other,01/2022,12,10.2,2025-04-12
Census Tract,12031015701,Other,02/2022,4,8,2025-04-12
Census Tract,12031015701,Other,03/2022,3,5,2025-04-12
Census Tract,12031015701,Other,04/2022,3,6.6,2025-04-12
Census Tract,12031015701,Other,05/2022,6,8.6,2025-04-12
Census Tract,12031015701,Other,06/2022,2,10.2,2025-04-12
Census Tract,12031015701,Other,07/2022,4,8.4,2025-04-12
Census Tract,12031015701,Other,08/2022,13,10.4,2025-04-12
Census Tract,12031015701,Other,09/2022,7,8.4,2025-04-12
Census Tract,12031015701,Other,10/2022,8,8,2025-04-12
Census Tract,12031015701,Other,11/2022,3,7.6,2025-04-12
Census Tract,12031015701,Other,12/2022,4,9.8,2025-04-12
Census Tract,12031015701,Other,01/2023,10,10.2,2025-04-12
Census Tract,12031015701,Other,02/2023,3,8,2025-04-12
Census Tract,12031015701,Other,03/2023,20,5,2025-04-12
Census Tract,12031015701,Other,04/2023,6,6.6,2025-04-12
Census Tract,12031015701,Other,05/2023,9,8.6,2025-04-12
Census Tract,12031015701,Other,06/2023,5,10.2,2025-04-12
Census Tract,12031015701,Other,07/2023,7,8.4,2025-04-12
Census Tract,12031015701,Other,08/2023,11,10.4,2025-04-12
Census Tract,12031015701,Other,09/2023,3,8.4,2025-04-12
Census Tract,12031015701,Other,10/2023,4,8,2025-04-12
Census Tract,12031015701,Other,11/2023,6,7.6,2025-04-12
Census Tract,12031015701,Other,12/2023,6,9.8,2025-04-12
Census Tract,12031015701,Other,01/2024,2,10.2,2025-04-12
Census Tract,12031015701,Other,02/2024,1,8,2025-04-12
Census Tract,12031015701,Other,03/2024,1,5,2025-04-12
Census Tract,12031015701,Other,04/2024,3,6.6,2025-04-12
Census Tract,12031015701,Other,05/2024,1,8.6,2025-04-12
Census Tract,12031015701,Other,06/2024,1,10.2,2025-04-12
Census Tract,12031015701,Other,07/2024,6,8.4,2025-04-12
Census Tract,12031015701,Other,08/2024,4,10.4,2025-04-12
Census Tract,12031015701,Other,09/2024,9,8.4,2025-04-12
Census Tract,12031015701,Other,10/2024,5,8,2025-04-12
Census Tract,12031015701,Other,11/2024,2,7.6,2025-04-12
Census Tract,12031015701,Other,12/2024,1,9.8,2025-04-12
Census Tract,12031015701,Other,01/2025,10,10.2,2025-04-12
Census Tract,12031015701,Other,02/2025,4,8,2025-04-12
Census Tract,12031015701,Other,03/2025,2,5,2025-04-12
Census Tract,12031015701,Other,04/2025,1,0.4,2025-04-12
Census Tract,12031015702,White,01/2020,5,7.2,2025-04-12
Census Tract,12031015702,White,02/2020,4,6,2025-04-12
Census Tract,12031015702,White,03/2020,2,3.6,2025-04-12
Census Tract,12031015702,White,04/2020,0,4.6,2025-04-12
Census Tract,12031015702,White,05/2020,0,3.2,2025-04-12
Census Tract,12031015702,White,06/2020,0,4,2025-04-12
Census Tract,12031015702,White,07/2020,0,4.6,2025-04-12
Census Tract,12031015702,White,08/2020,4,5.2,2025-04-12
Census Tract,12031015702,White,09/2020,14,5.6,2025-04-12
Census Tract,12031015702,White,10/2020,9,5.4,2025-04-12
Census Tract,12031015702,White,11/2020,0,4,2025-04-12
Census Tract,12031015702,White,12/2020,8,6.6,2025-04-12
Census Tract,12031015702,White,01/2021,20,7.2,2025-04-12
Census Tract,12031015702,White,02/2021,3,6,2025-04-12
Census Tract,12031015702,White,03/2021,1,3.6,2025-04-12
Census Tract,12031015702,White,04/2021,0,4.6,2025-04-12
Census Tract,12031015702,White,05/2021,1,3.2,2025-04-12
Census Tract,12031015702,White,06/2021,0,4,2025-04-12
Census Tract,12031015702,White,07/2021,13,4.6,2025-04-12
Census Tract,12031015702,White,08/2021,13,5.2,2025-04-12
Census Tract,12031015702,White,09/2021,5,5.6,2025-04-12
Census Tract,12031015702,White,10/2021,5,5.4,2025-04-12
Census Tract,12031015702,White,11/2021,1,4,2025-04-12
Census Tract,12031015702,White,12/2021,3,6.6,2025-04-12
Census Tract,12031015702,White,01/2022,4,7.2,2025-04-12
Census Tract,12031015702,White,02/2022,4,6,2025-04-12
Census Tract,12031015702,White,03/2022,9,3.6,2025-04-12
Census Tract,12031015702,White,04/2022,13,4.6,2025-04-12
Census Tract,12031015702,White,05/2022,4,3.2,2025-04-12
Census Tract,12031015702,White,06/2022,11,4,2025-04-12
Census Tract,12031015702,White,07/2022,16,4.6,2025-04-12
Census Tract,12031015702,White,08/2022,13,5.2,2025-04-12
Census Tract,12031015702,White,09/2022,16,5.6,2025-04-12
Census Tract,12031015702,White,10/2022,10,5.4,2025-04-12
Census Tract,12031015702,White,11/2022,12,4,2025-04-12
Census Tract,12031015702,White,12/2022,13,6.6,2025-04-12
Census Tract,12031015702,White,01/2023,10,7.2,2025-04-12
Census Tract,12031015702,White,02/2023,11,6,2025-04-12
Census Tract,12031015702,White,03/2023,10,3.6,2025-04-12
Census Tract,12031015702,White,04/2023,5,4.6,2025-04-12
Census Tract,12031015702,White,05/2023,6,3.2,2025-04-12
Census Tract,12031015702,White,06/2023,8,4,2025-04-12
Census Tract,12031015702,White,07/2023,17,4.6,2025-04-12
Census Tract,12031015702,White,08/2023,9,5.2,2025-04-12
Census Tract,12031015702,White,09/2023,6,5.6,2025-04-12
Census Tract,12031015702,White,10/2023,6,5.4,2025-04-12
Census Tract,12031015702,White,11/2023,9,4,2025-04-12
Census Tract,12031015702,White,12/2023,14,6.6,2025-04-12
Census Tract,12031015702,White,01/2024,5,7.2,2025-04-12
Census Tract,12031015702,White,02/2024,15,6,2025-04-12
Census Tract,12031015702,White,03/2024,9,3.6,2025-04-12
Census Tract,12031015702,White,04/2024,15,4.6,2025-04-12
Census Tract,12031015702,White,05/2024,9,3.2,2025-04-12
Census Tract,12031015702,White,06/2024,10,4,2025-04-12
Census Tract,12031015702,White,07/2024,7,4.6,2025-04-12
Census Tract,12031015702,White,08/2024,14,5.2,2025-04-12
Census Tract,12031015702,White,09/2024,5,5.6,2025-04-12
Census Tract,12031015702,White,10/2024,7,5.4,2025-04-12
Census Tract,12031015702,White,11/2024,14,4,2025-04-12
Census Tract,12031015702,White,12/2024,3,6.6,2025-04-12
Census Tract,12031015702,White,01/2025,10,7.2,2025-04-12
Census Tract,12031015702,White,02/2025,8,6,2025-04-12
Census Tract,12031015702,White,03/2025,11,3.6,2025-04-12
Census Tract,12031015702,White,04/2025,1,0.4,2025-04-12
Census Tract,12031015803,White,01/2020,5,5,2025-04-12
Census Tract,12031015803,White,02/2020,3,4.2,2025-04-12
Census Tract,12031015803,White,03/2020,0,2.8,2025-04-12
Census Tract,12031015803,White,04/2020,0,5.2,2025-04-12
Census Tract,12031015803,White,05/2020,0,6.6,2025-04-12
Census Tract,12031015803,White,06/2020,0,4.8,2025-04-12
Census Tract,12031015803,White,07/2020,0,6.2,2025-04-12
Census Tract,12031015803,White,08/2020,5,4.4,2025-04-12
Census Tract,12031015803,White,09/2020,7,8.4,2025-04-12
Census Tract,12031015803,White,10/2020,2,3.2,2025-04-12
Census Tract,12031015803,White,11/2020,4,3.6,2025-04-12
Census Tract,12031015803,White,12/2020,1,5.8,2025-04-12
Census Tract,12031015803,White,01/2021,12,5,2025-04-12
Census Tract,12031015803,White,02/2021,1,4.2,2025-04-12
Census Tract,12031015803,White,03/2021,2,2.8,2025-04-12
Census Tract,12031015803,White,04/2021,3,5.2,2025-04-12
Census Tract,12031015803,White,05/2021,0,6.6,2025-04-12
Census Tract,12031015803,White,06/2021,2,4.8,2025-04-12
Census Tract,12031015803,White,07/2021,3,6.2,2025-04-12
Census Tract,12031015803,White,08/2021,0,4.4,2025-04-12
Census Tract,12031015803,White,09/2021,0,8.4,2025-04-12
Census Tract,12031015803,White,10/2021,1,3.2,2025-04-12
Census Tract,12031015803,White,11/2021,1,3.6,2025-04-12
Census Tract,12031015803,White,12/2021,1,5.8,2025-04-12
Census Tract,12031015803,White,01/2022,1,5,2025-04-12
Census Tract,12031015803,White,02/2022,1,4.2,2025-04-12
Census Tract,12031015803,White,03/2022,0,2.8,2025-04-12
Census Tract,12031015803,White,04/2022,1,5.2,2025-04-12
Census Tract,12031015803,White,05/2022,13,6.6,2025-04-12
Census Tract,12031015803,White,06/2022,5,4.8,2025-04-12
Census Tract,12031015803,White,07/2022,1,6.2,2025-04-12
Census Tract,12031015803,White,08/2022,8,4.4,2025-04-12
Census Tract,12031015803,White,09/2022,11,8.4,2025-04-12
Census Tract,12031015803,White,10/2022,16,3.2,2025-04-12
Census Tract,12031015803,White,11/2022,1,3.6,2025-04-12
Census Tract,12031015803,White,12/2022,6,5.8,2025-04-12
Census Tract,12031015803,White,01/2023,4,5,2025-04-12
Census Tract,12031015803,White,02/2023,9,4.2,2025-04-12
Census Tract,12031015803,White,03/2023,3,2.8,2025-04-12
Census Tract,12031015803,White,04/2023,2,5.2,2025-04-12
Census Tract,12031015803,White,05/2023,5,6.6,2025-04-12
Census Tract,12031015803,White,06/2023,5,4.8,2025-04-12
Census Tract,12031015803,White,07/2023,4,6.2,2025-04-12
Census Tract,12031015803,White,08/2023,9,4.4,2025-04-12
Census Tract,12031015803,White,09/2023,3,8.4,2025-04-12
Census Tract,12031015803,White,10/2023,4,3.2,2025-04-12
Census Tract,12031015803,White,11/2023,14,3.6,2025-04-12
Census Tract,12031015803,White,12/2023,5,5.8,2025-04-12
Census Tract,12031015803,White,01/2024,11,5,2025-04-12
Census Tract,12031015803,White,02/2024,2,4.2,2025-04-12
Census Tract,12031015803,White,03/2024,2,2.8,2025-04-12
Census Tract,12031015803,White,04/2024,4,5.2,2025-04-12
Census Tract,12031015803,White,05/2024,13,6.6,2025-04-12
Census Tract,12031015803,White,06/2024,13,4.8,2025-04-12
Census Tract,12031015803,White,07/2024,11,6.2,2025-04-12
Census Tract,12031015803,White,08/2024,3,4.4,2025-04-12
Census Tract,12031015803,White,09/2024,3,8.4,2025-04-12
Census Tract,12031015803,White,10/2024,0,3.2,2025-04-12
Census Tract,12031015803,White,11/2024,0,3.6,2025-04-12
Census Tract,12031015803,White,12/2024,1,5.8,2025-04-12
Census Tract,12031015803,White,01/2025,5,5,2025-04-12
Census Tract,12031015803,White,02/2025,2,4.2,2025-04-12
Census Tract,12031015803,White,03/2025,0,2.8,2025-04-12
Census Tract,12031015803,White,04/2025,0,0.6,2025-04-12
Census Tract,12031015804,White,01/2020,3,5.4,2025-04-12
Census Tract,12031015804,White,02/2020,3,2.4,2025-04-12
Census Tract,12031015804,White,03/2020,0,3.2,2025-04-12
Census Tract,12031015804,White,04/2020,1,3.6,2025-04-12
Census Tract,12031015804,White,05/2020,0,3.6,2025-04-12
Census Tract,12031015804,White,06/2020,0,3.4,2025-04-12
Census Tract,12031015804,White,07/2020,1,4.4,2025-04-12
Census Tract,12031015804,White,08/2020,3,6,2025-04-12
Census Tract,12031015804,White,09/2020,0,4.6,2025-04-12
Census Tract,12031015804,White,10/2020,2,6.2,2025-04-12
Census Tract,12031015804,White,11/2020,3,5.8,2025-04-12
Census Tract,12031015804,White,12/2020,1,4.2,2025-04-12
Census Tract,12031015804,White,01/2021,1,5.4,2025-04-12
Census Tract,12031015804,White,02/2021,3,2.4,2025-04-12
Census Tract,12031015804,White,03/2021,3,3.2,2025-04-12
Census Tract,12031015804,White,04/2021,4,3.6,2025-04-12
Census Tract,12031015804,White,05/2021,1,3.6,2025-04-12
Census Tract,12031015804,White,06/2021,3,3.4,2025-04-12
Census Tract,12031015804,White,07/2021,1,4.4,2025-04-12
Census Tract,12031015804,White,08/2021,3,6,2025-04-12
Census Tract,12031015804,White,09/2021,3,4.6,2025-04-12
Census Tract,12031015804,White,10/2021,4,6.2,2025-04-12
Census Tract,12031015804,White,11/2021,1,5.8,2025-04-12
Census Tract,12031015804,White,12/2021,1,4.2,2025-04-12
Census Tract,12031015804,White,01/2022,2,5.4,2025-04-12
Census Tract,12031015804,White,02/2022,3,2.4,2025-04-12
Census Tract,12031015804,White,03/2022,7,3.2,2025-04-12
Census Tract,12031015804,White,04/2022,2,3.6,2025-04-12
Census Tract,12031015804,White,05/2022,3,3.6,2025-04-12
Census Tract,12031015804,White,06/2022,3,3.4,2025-04-12
Census Tract,12031015804,White,07/2022,3,4.4,2025-04-12
Census Tract,12031015804,White,08/2022,4,6,2025-04-12
Census Tract,12031015804,White,09/2022,2,4.6,2025-04-12
Census Tract,12031015804,White,10/2022,4,6.2,2025-04-12
Census Tract,12031015804,White,11/2022,2,5.8,2025-04-12
Census Tract,12031015804,White,12/2022,6,4.2,2025-04-12
Census Tract,12031015804,White,01/2023,0,5.4,2025-04-12
Census Tract,12031015804,White,02/2023,5,2.4,2025-04-12
Census Tract,12031015804,White,03/2023,4,3.2,2025-04-12
Census Tract,12031015804,White,04/2023,2,3.6,2025-04-12
Census Tract,12031015804,White,05/2023,2,3.6,2025-04-12
Census Tract,12031015804,White,06/2023,1,3.4,2025-04-12
Census Tract,12031015804,White,07/2023,3,4.4,2025-04-12
Census Tract,12031015804,White,08/2023,1,6,2025-04-12
Census Tract,12031015804,White,09/2023,5,4.6,2025-04-12
Census Tract,12031015804,White,10/2023,3,6.2,2025-04-12
Census Tract,12031015804,White,11/2023,1,5.8,2025-04-12
Census Tract,12031015804,White,12/2023,4,4.2,2025-04-12
Census Tract,12031015804,White,01/2024,1,5.4,2025-04-12
Census Tract,12031015804,White,02/2024,3,2.4,2025-04-12
Census Tract,12031015804,White,03/2024,0,3.2,2025-04-12
Census Tract,12031015804,White,04/2024,3,3.6,2025-04-12
Census Tract,12031015804,White,05/2024,2,3.6,2025-04-12
Census Tract,12031015804,White,06/2024,0,3.4,2025-04-12
Census Tract,12031015804,White,07/2024,0,4.4,2025-04-12
Census Tract,12031015804,White,08/2024,3,6,2025-04-12
Census Tract,12031015804,White,09/2024,1,4.6,2025-04-12
Census Tract,12031015804,White,10/2024,1,6.2,2025-04-12
Census Tract,12031015804,White,11/2024,0,5.8,2025-04-12
Census Tract,12031015804,White,12/2024,0,4.2,2025-04-12
Census Tract,12031015804,White,01/2025,7,5.4,2025-04-12
Census Tract,12031015804,White,02/2025,0,2.4,2025-04-12
Census Tract,12031015804,White,03/2025,8,3.2,2025-04-12
Census Tract,12031015804,White,04/2025,0,0.8,2025-04-12
Census Tract,12031015805,Other,01/2020,25,21.2,2025-04-12
Census Tract,12031015805,Other,02/2020,21,15,2025-04-12
Census Tract,12031015805,Other,03/2020,2,15,2025-04-12
Census Tract,12031015805,Other,04/2020,0,18.2,2025-04-12
Census Tract,12031015805,Other,05/2020,0,18.8,2025-04-12
Census Tract,12031015805,Other,06/2020,0,21.2,2025-04-12
Census Tract,12031015805,Other,07/2020,1,19,2025-04-12
Census Tract,12031015805,Other,08/2020,2,22.4,2025-04-12
Census Tract,12031015805,Other,09/2020,0,26.8,2025-04-12
Census Tract,12031015805,Other,10/2020,9,21.8,2025-04-12
Census Tract,12031015805,Other,11/2020,61,15.8,2025-04-12
Census Tract,12031015805,Other,12/2020,69,19.4,2025-04-12
Census Tract,12031015805,Other,01/2021,33,21.2,2025-04-12
Census Tract,12031015805,Other,02/2021,23,15,2025-04-12
Census Tract,12031015805,Other,03/2021,15,15,2025-04-12
Census Tract,12031015805,Other,04/2021,18,18.2,2025-04-12
Census Tract,12031015805,Other,05/2021,3,18.8,2025-04-12
Census Tract,12031015805,Other,06/2021,3,21.2,2025-04-12
Census Tract,12031015805,Other,07/2021,1,19,2025-04-12
Census Tract,12031015805,Other,08/2021,3,22.4,2025-04-12
Census Tract,12031015805,Other,09/2021,3,26.8,2025-04-12
Census Tract,12031015805,Other,10/2021,2,21.8,2025-04-12
Census Tract,12031015805,Other,11/2021,2,15.8,2025-04-12
Census Tract,12031015805,Other,12/2021,2,19.4,2025-04-12
Census Tract,12031015805,Other,01/2022,5,21.2,2025-04-12
Census Tract,12031015805,Other,02/2022,34,15,2025-04-12
Census Tract,12031015805,Other,03/2022,53,15,2025-04-12
Census Tract,12031015805,Other,04/2022,45,18.2,2025-04-12
Census Tract,12031015805,Other,05/2022,38,18.8,2025-04-12
Census Tract,12031015805,Other,06/2022,2,21.2,2025-04-12
Census Tract,12031015805,Other,07/2022,43,19,2025-04-12
Census Tract,12031015805,Other,08/2022,176,22.4,2025-04-12
Census Tract,12031015805,Other,09/2022,13,26.8,2025-04-12
Census Tract,12031015805,Other,10/2022,56,21.8,2025-04-12
Census Tract,12031015805,Other,11/2022,26,15.8,2025-04-12
Census Tract,12031015805,Other,12/2022,44,19.4,2025-04-12
Census Tract,12031015805,Other,01/2023,23,21.2,2025-04-12
Census Tract,12031015805,Other,02/2023,13,15,2025-04-12
Census Tract,12031015805,Other,03/2023,29,15,2025-04-12
Census Tract,12031015805,Other,04/2023,31,18.2,2025-04-12
Census Tract,12031015805,Other,05/2023,36,18.8,2025-04-12
Census Tract,12031015805,Other,06/2023,34,21.2,2025-04-12
Census Tract,12031015805,Other,07/2023,29,19,2025-04-12
Census Tract,12031015805,Other,08/2023,15,22.4,2025-04-12
Census Tract,12031015805,Other,09/2023,46,26.8,2025-04-12
Census Tract,12031015805,Other,10/2023,10,21.8,2025-04-12
Census Tract,12031015805,Other,11/2023,3,15.8,2025-04-12
Census Tract,12031015805,Other,12/2023,7,19.4,2025-04-12
Census Tract,12031015805,Other,01/2024,12,21.2,2025-04-12
Census Tract,12031015805,Other,02/2024,24,15,2025-04-12
Census Tract,12031015805,Other,03/2024,7,15,2025-04-12
Census Tract,12031015805,Other,04/2024,14,18.2,2025-04-12
Census Tract,12031015805,Other,05/2024,12,18.8,2025-04-12
Census Tract,12031015805,Other,06/2024,17,21.2,2025-04-12
Census Tract,12031015805,Other,07/2024,19,19,2025-04-12
Census Tract,12031015805,Other,08/2024,3,22.4,2025-04-12
Census Tract,12031015805,Other,09/2024,7,26.8,2025-04-12
Census Tract,12031015805,Other,10/2024,2,21.8,2025-04-12
Census Tract,12031015805,Other,11/2024,3,15.8,2025-04-12
Census Tract,12031015805,Other,12/2024,9,19.4,2025-04-12
Census Tract,12031015805,Other,01/2025,5,21.2,2025-04-12
Census Tract,12031015805,Other,02/2025,64,15,2025-04-12
Census Tract,12031015805,Other,03/2025,95,15,2025-04-12
Census Tract,12031015805,Other,04/2025,0,3,2025-04-12
Census Tract,12031015806,White,01/2020,1,1,2025-04-12
Census Tract,12031015806,White,02/2020,1,0.4,2025-04-12
Census Tract,12031015806,White,03/2020,0,0.4,2025-04-12
Census Tract,12031015806,White,04/2020,0,0.6,2025-04-12
Census Tract,12031015806,White,05/2020,1,1.4,2025-04-12
Census Tract,12031015806,White,06/2020,0,2,2025-04-12
Census Tract,12031015806,White,07/2020,1,1,2025-04-12
Census Tract,12031015806,White,08/2020,0,0.8,2025-04-12
Census Tract,12031015806,White,09/2020,0,0.8,2025-04-12
Census Tract,12031015806,White,10/2020,2,0.4,2025-04-12
Census Tract,12031015806,White,11/2020,2,1.4,2025-04-12
Census Tract,12031015806,White,12/2020,1,0.2,2025-04-12
Census Tract,12031015806,White,01/2021,2,1,2025-04-12
Census Tract,12031015806,White,02/2021,2,0.4,2025-04-12
Census Tract,12031015806,White,03/2021,1,0.4,2025-04-12
Census Tract,12031015806,White,04/2021,1,0.6,2025-04-12
Census Tract,12031015806,White,05/2021,1,1.4,2025-04-12
Census Tract,12031015806,White,06/2021,0,2,2025-04-12
Census Tract,12031015806,White,07/2021,1,1,2025-04-12
Census Tract,12031015806,White,08/2021,0,0.8,2025-04-12
Census Tract,12031015806,White,09/2021,1,0.8,2025-04-12
Census Tract,12031015806,White,10/2021,2,0.4,2025-04-12
Census Tract,12031015806,White,11/2021,0,1.4,2025-04-12
Census Tract,12031015806,White,12/2021,1,0.2,2025-04-12
Census Tract,12031015806,White,01/2022,0,1,2025-04-12
Census Tract,12031015806,White,02/2022,1,0.4,2025-04-12
Census Tract,12031015806,White,03/2022,0,0.4,2025-04-12
Census Tract,12031015806,White,04/2022,0,0.6,2025-04-12
Census Tract,12031015806,White,05/2022,1,1.4,2025-04-12
Census Tract,12031015806,White,06/2022,1,2,2025-04-12
Census Tract,12031015806,White,07/2022,0,1,2025-04-12
Census Tract,12031015806,White,08/2022,0,0.8,2025-04-12
Census Tract,12031015806,White,09/2022,2,0.8,2025-04-12
Census Tract,12031015806,White,10/2022,3,0.4,2025-04-12
Census Tract,12031015806,White,11/2022,0,1.4,2025-04-12
Census Tract,12031015806,White,12/2022,3,0.2,2025-04-12
Census Tract,12031015806,White,01/2023,3,1,2025-04-12
Census Tract,12031015806,White,02/2023,1,0.4,2025-04-12
Census Tract,12031015806,White,03/2023,2,0.4,2025-04-12
Census Tract,12031015806,White,04/2023,0,0.6,2025-04-12
Census Tract,12031015806,White,05/2023,3,1.4,2025-04-12
Census Tract,12031015806,White,06/2023,1,2,2025-04-12
Census Tract,12031015806,White,07/2023,0,1,2025-04-12
Census Tract,12031015806,White,08/2023,3,0.8,2025-04-12
Census Tract,12031015806,White,09/2023,1,0.8,2025-04-12
Census Tract,12031015806,White,10/2023,1,0.4,2025-04-12
Census Tract,12031015806,White,11/2023,2,1.4,2025-04-12
Census Tract,12031015806,White,12/2023,4,0.2,2025-04-12
Census Tract,12031015806,White,01/2024,4,1,2025-04-12
Census Tract,12031015806,White,02/2024,4,0.4,2025-04-12
Census Tract,12031015806,White,03/2024,1,0.4,2025-04-12
Census Tract,12031015806,White,04/2024,1,0.6,2025-04-12
Census Tract,12031015806,White,05/2024,2,1.4,2025-04-12
Census Tract,12031015806,White,06/2024,1,2,2025-04-12
Census Tract,12031015806,White,07/2024,0,1,2025-04-12
Census Tract,12031015806,White,08/2024,2,0.8,2025-04-12
Census Tract,12031015806,White,09/2024,0,0.8,2025-04-12
Census Tract,12031015806,White,10/2024,2,0.4,2025-04-12
Census Tract,12031015806,White,11/2024,0,1.4,2025-04-12
Census Tract,12031015806,White,12/2024,3,0.2,2025-04-12
Census Tract,12031015806,White,01/2025,3,1,2025-04-12
Census Tract,12031015806,White,02/2025,2,0.4,2025-04-12
Census Tract,12031015806,White,03/2025,1,0.4,2025-04-12
Census Tract,12031015806,White,04/2025,0,0.2,2025-04-12
Census Tract,12031015922,White,01/2020,10,17.4,2025-04-12
Census Tract,12031015922,White,02/2020,12,9.8,2025-04-12
Census Tract,12031015922,White,03/2020,9,6.8,2025-04-12
Census Tract,12031015922,White,04/2020,0,9.2,2025-04-12
Census Tract,12031015922,White,05/2020,0,9,2025-04-12
Census Tract,12031015922,White,06/2020,0,10.4,2025-04-12
Census Tract,12031015922,White,07/2020,1,14,2025-04-12
Census Tract,12031015922,White,08/2020,18,12,2025-04-12
Census Tract,12031015922,White,09/2020,15,11.6,2025-04-12
Census Tract,12031015922,White,10/2020,9,13.8,2025-04-12
Census Tract,12031015922,White,11/2020,2,11,2025-04-12
Census Tract,12031015922,White,12/2020,9,9.4,2025-04-12
Census Tract,12031015922,White,01/2021,5,17.4,2025-04-12
Census Tract,12031015922,White,02/2021,7,9.4,2025-04-12
Census Tract,12031015922,White,03/2021,0,6.8,2025-04-12
Census Tract,12031015922,White,04/2021,3,9.2,2025-04-12
Census Tract,12031015922,White,05/2021,4,9,2025-04-12
Census Tract,12031015922,White,06/2021,5,10.4,2025-04-12
Census Tract,12031015922,White,07/2021,5,14,2025-04-12
Census Tract,12031015922,White,08/2021,5,12,2025-04-12
Census Tract,12031015922,White,09/2021,7,11.6,2025-04-12
Census Tract,12031015922,White,10/2021,0,13.8,2025-04-12
Census Tract,12031015922,White,11/2021,6,11,2025-04-12
Census Tract,12031015922,White,12/2021,6,9.4,2025-04-12
Census Tract,12031015922,White,01/2022,6,17.4,2025-04-12
Census Tract,12031015922,White,02/2022,13,9.4,2025-04-12
Census Tract,12031015922,White,03/2022,10,6.8,2025-04-12
Census Tract,12031015922,White,04/2022,10,9.2,2025-04-12
Census Tract,12031015922,White,05/2022,16,9,2025-04-12
Census Tract,12031015922,White,06/2022,20,10.4,2025-04-12
Census Tract,12031015922,White,07/2022,23,14,2025-04-12
Census Tract,12031015922,White,08/2022,16,12,2025-04-12
Census Tract,12031015922,White,09/2022,15,11.6,2025-04-12
Census Tract,12031015922,White,10/2022,17,13.8,2025-04-12
Census Tract,12031015922,White,11/2022,21,11,2025-04-12
Census Tract,12031015922,White,12/2022,13,9.4,2025-04-12
Census Tract,12031015922,White,01/2023,14,17.4,2025-04-12
Census Tract,12031015922,White,02/2023,31,9.4,2025-04-12
Census Tract,12031015922,White,03/2023,23,6.8,2025-04-12
Census Tract,12031015922,White,04/2023,11,9.2,2025-04-12
Census Tract,12031015922,White,05/2023,21,9,2025-04-12
Census Tract,12031015922,White,06/2023,30,10.4,2025-04-12
Census Tract,12031015922,White,07/2023,13,14,2025-04-12
Census Tract,12031015922,White,08/2023,19,12,2025-04-12
Census Tract,12031015922,White,09/2023,21,11.6,2025-04-12
Census Tract,12031015922,White,10/2023,29,13.8,2025-04-12
Census Tract,12031015922,White,11/2023,20,11,2025-04-12
Census Tract,12031015922,White,12/2023,18,9.4,2025-04-12
Census Tract,12031015922,White,01/2024,20,17.4,2025-04-12
Census Tract,12031015922,White,02/2024,31,9.8,2025-04-12
Census Tract,12031015922,White,03/2024,17,6.8,2025-04-12
Census Tract,12031015922,White,04/2024,17,9.2,2025-04-12
Census Tract,12031015922,White,05/2024,24,9,2025-04-12
Census Tract,12031015922,White,06/2024,9,10.4,2025-04-12
Census Tract,12031015922,White,07/2024,33,14,2025-04-12
Census Tract,12031015922,White,08/2024,28,12,2025-04-12
Census Tract,12031015922,White,09/2024,23,11.6,2025-04-12
Census Tract,12031015922,White,10/2024,18,13.8,2025-04-12
Census Tract,12031015922,White,11/2024,17,11,2025-04-12
Census Tract,12031015922,White,12/2024,18,9.4,2025-04-12
Census Tract,12031015922,White,01/2025,20,17.4,2025-04-12
Census Tract,12031015922,White,02/2025,31,9.4,2025-04-12
Census Tract,12031015922,White,03/2025,15,6.8,2025-04-12
Census Tract,12031015922,White,04/2025,0,1.2,2025-04-12
Census Tract,12031015924,White,01/2020,7,2.2,2025-04-12
Census Tract,12031015924,White,02/2020,5,3.2,2025-04-12
Census Tract,12031015924,White,03/2020,4,1.8,2025-04-12
Census Tract,12031015924,White,04/2020,0,1.6,2025-04-12
Census Tract,12031015924,White,05/2020,0,3.2,2025-04-12
Census Tract,12031015924,White,06/2020,0,2.8,2025-04-12
Census Tract,12031015924,White,07/2020,1,3.8,2025-04-12
Census Tract,12031015924,White,08/2020,0,3.8,2025-04-12
Census Tract,12031015924,White,09/2020,2,5,2025-04-12
Census Tract,12031015924,White,10/2020,5,3.2,2025-04-12
Census Tract,12031015924,White,11/2020,1,3.2,2025-04-12
Census Tract,12031015924,White,12/2020,1,3.4,2025-04-12
Census Tract,12031015924,White,01/2021,3,2.2,2025-04-12
Census Tract,12031015924,White,02/2021,3,3.2,2025-04-12
Census Tract,12031015924,White,03/2021,1,1.8,2025-04-12
Census Tract,12031015924,White,04/2021,4,1.6,2025-04-12
Census Tract,12031015924,White,05/2021,0,3.2,2025-04-12
Census Tract,12031015924,White,06/2021,3,2.8,2025-04-12
Census Tract,12031015924,White,07/2021,0,3.8,2025-04-12
Census Tract,12031015924,White,08/2021,3,3.8,2025-04-12
Census Tract,12031015924,White,09/2021,1,5,2025-04-12
Census Tract,12031015924,White,10/2021,0,3.2,2025-04-12
Census Tract,12031015924,White,11/2021,3,3.2,2025-04-12
Census Tract,12031015924,White,12/2021,4,3.4,2025-04-12
Census Tract,12031015924,White,01/2022,1,2.2,2025-04-12
Census Tract,12031015924,White,02/2022,2,3.2,2025-04-12
Census Tract,12031015924,White,03/2022,5,1.8,2025-04-12
Census Tract,12031015924,White,04/2022,1,1.6,2025-04-12
Census Tract,12031015924,White,05/2022,12,3.2,2025-04-12
Census Tract,12031015924,White,06/2022,4,2.8,2025-04-12
Census Tract,12031015924,White,07/2022,9,3.8,2025-04-12
Census Tract,12031015924,White,08/2022,2,3.8,2025-04-12
Census Tract,12031015924,White,09/2022,4,5,2025-04-12
Census Tract,12031015924,White,10/2022,6,3.2,2025-04-12
Census Tract,12031015924,White,11/2022,3,3.2,2025-04-12
Census Tract,12031015924,White,12/2022,4,3.4,2025-04-12
Census Tract,12031015924,White,01/2023,11,2.2,2025-04-12
Census Tract,12031015924,White,02/2023,4,3.2,2025-04-12
Census Tract,12031015924,White,03/2023,6,1.8,2025-04-12
Census Tract,12031015924,White,04/2023,3,1.6,2025-04-12
Census Tract,12031015924,White,05/2023,2,3.2,2025-04-12
Census Tract,12031015924,White,06/2023,6,2.8,2025-04-12
Census Tract,12031015924,White,07/2023,7,3.8,2025-04-12
Census Tract,12031015924,White,08/2023,6,3.8,2025-04-12
Census Tract,12031015924,White,09/2023,3,5,2025-04-12
Census Tract,12031015924,White,10/2023,4,3.2,2025-04-12
Census Tract,12031015924,White,11/2023,6,3.2,2025-04-12
Census Tract,12031015924,White,12/2023,3,3.4,2025-04-12
Census Tract,12031015924,White,01/2024,14,2.2,2025-04-12
Census Tract,12031015924,White,02/2024,6,3.2,2025-04-12
Census Tract,12031015924,White,03/2024,2,1.8,2025-04-12
Census Tract,12031015924,White,04/2024,4,1.6,2025-04-12
Census Tract,12031015924,White,05/2024,8,3.2,2025-04-12
Census Tract,12031015924,White,06/2024,7,2.8,2025-04-12
Census Tract,12031015924,White,07/2024,9,3.8,2025-04-12
Census Tract,12031015924,White,08/2024,8,3.8,2025-04-12
Census Tract,12031015924,White,09/2024,12,5,2025-04-12
Census Tract,12031015924,White,10/2024,9,3.2,2025-04-12
Census Tract,12031015924,White,11/2024,0,3.2,2025-04-12
Census Tract,12031015924,White,12/2024,21,3.4,2025-04-12
Census Tract,12031015924,White,01/2025,16,2.2,2025-04-12
Census Tract,12031015924,White,02/2025,9,3.2,2025-04-12
Census Tract,12031015924,White,03/2025,16,1.8,2025-04-12
Census Tract,12031015924,White,04/2025,0,0,2025-04-12
Census Tract,12031015925,Other,01/2020,19,10.4,2025-04-12
Census Tract,12031015925,Other,02/2020,14,5.8,2025-04-12
Census Tract,12031015925,Other,03/2020,17,5.6,2025-04-12
Census Tract,12031015925,Other,04/2020,0,7.2,2025-04-12
Census Tract,12031015925,Other,05/2020,1,7,2025-04-12
Census Tract,12031015925,Other,06/2020,1,10.6,2025-04-12
Census Tract,12031015925,Other,07/2020,0,11,2025-04-12
Census Tract,12031015925,Other,08/2020,10,10.6,2025-04-12
Census Tract,12031015925,Other,09/2020,21,9.6,2025-04-12
Census Tract,12031015925,Other,10/2020,22,13.4,2025-04-12
Census Tract,12031015925,Other,11/2020,11,5.4,2025-04-12
Census Tract,12031015925,Other,12/2020,19,9.6,2025-04-12
Census Tract,12031015925,Other,01/2021,12,10.4,2025-04-12
Census Tract,12031015925,Other,02/2021,14,5,2025-04-12
Census Tract,12031015925,Other,03/2021,10,5.6,2025-04-12
Census Tract,12031015925,Other,04/2021,13,7.2,2025-04-12
Census Tract,12031015925,Other,05/2021,5,7,2025-04-12
Census Tract,12031015925,Other,06/2021,8,10.6,2025-04-12
Census Tract,12031015925,Other,07/2021,26,11,2025-04-12
Census Tract,12031015925,Other,08/2021,22,10.6,2025-04-12
Census Tract,12031015925,Other,09/2021,31,9.6,2025-04-12
Census Tract,12031015925,Other,10/2021,17,13.4,2025-04-12
Census Tract,12031015925,Other,11/2021,13,5.4,2025-04-12
Census Tract,12031015925,Other,12/2021,9,9.6,2025-04-12
Census Tract,12031015925,Other,01/2022,9,10.4,2025-04-12
Census Tract,12031015925,Other,02/2022,13,5,2025-04-12
Census Tract,12031015925,Other,03/2022,19,5.6,2025-04-12
Census Tract,12031015925,Other,04/2022,12,7.2,2025-04-12
Census Tract,12031015925,Other,05/2022,19,7,2025-04-12
Census Tract,12031015925,Other,06/2022,20,10.6,2025-04-12
Census Tract,12031015925,Other,07/2022,14,11,2025-04-12
Census Tract,12031015925,Other,08/2022,20,10.6,2025-04-12
Census Tract,12031015925,Other,09/2022,29,9.6,2025-04-12
Census Tract,12031015925,Other,10/2022,18,13.4,2025-04-12
Census Tract,12031015925,Other,11/2022,22,5.4,2025-04-12
Census Tract,12031015925,Other,12/2022,17,9.6,2025-04-12
Census Tract,12031015925,Other,01/2023,7,10.4,2025-04-12
Census Tract,12031015925,Other,02/2023,29,5,2025-04-12
Census Tract,12031015925,Other,03/2023,6,5.6,2025-04-12
Census Tract,12031015925,Other,04/2023,6,7.2,2025-04-12
Census Tract,12031015925,Other,05/2023,28,7,2025-04-12
Census Tract,12031015925,Other,06/2023,16,10.6,2025-04-12
Census Tract,12031015925,Other,07/2023,14,11,2025-04-12
Census Tract,12031015925,Other,08/2023,27,10.6,2025-04-12
Census Tract,12031015925,Other,09/2023,18,9.6,2025-04-12
Census Tract,12031015925,Other,10/2023,16,13.4,2025-04-12
Census Tract,12031015925,Other,11/2023,27,5.4,2025-04-12
Census Tract,12031015925,Other,12/2023,11,9.6,2025-04-12
Census Tract,12031015925,Other,01/2024,30,10.4,2025-04-12
Census Tract,12031015925,Other,02/2024,20,5.8,2025-04-12
Census Tract,12031015925,Other,03/2024,15,5.6,2025-04-12
Census Tract,12031015925,Other,04/2024,27,7.2,2025-04-12
Census Tract,12031015925,Other,05/2024,29,7,2025-04-12
Census Tract,12031015925,Other,06/2024,14,10.6,2025-04-12
Census Tract,12031015925,Other,07/2024,38,11,2025-04-12
Census Tract,12031015925,Other,08/2024,31,10.6,2025-04-12
Census Tract,12031015925,Other,09/2024,27,9.6,2025-04-12
Census Tract,12031015925,Other,10/2024,35,13.4,2025-04-12
Census Tract,12031015925,Other,11/2024,29,5.4,2025-04-12
Census Tract,12031015925,Other,12/2024,21,9.6,2025-04-12
Census Tract,12031015925,Other,01/2025,35,10.4,2025-04-12
Census Tract,12031015925,Other,02/2025,23,5,2025-04-12
Census Tract,12031015925,Other,03/2025,14,5.6,2025-04-12
Census Tract,12031015925,Other,04/2025,2,2,2025-04-12
Census Tract,12031015926,Other,01/2020,12,4.8,2025-04-12
Census Tract,12031015926,Other,02/2020,11,8,2025-04-12
Census Tract,12031015926,Other,03/2020,12,4.4,2025-04-12
Census Tract,12031015926,Other,04/2020,0,6.4,2025-04-12
Census Tract,12031015926,Other,05/2020,0,7.6,2025-04-12
Census Tract,12031015926,Other,06/2020,0,8,2025-04-12
Census Tract,12031015926,Other,07/2020,0,6,2025-04-12
Census Tract,12031015926,Other,08/2020,2,8.8,2025-04-12
Census Tract,12031015926,Other,09/2020,11,6.6,2025-04-12
Census Tract,12031015926,Other,10/2020,7,6,2025-04-12
Census Tract,12031015926,Other,11/2020,7,4.2,2025-04-12
Census Tract,12031015926,Other,12/2020,6,7.8,2025-04-12
Census Tract,12031015926,Other,01/2021,5,4.8,2025-04-12
Census Tract,12031015926,Other,02/2021,5,8,2025-04-12
Census Tract,12031015926,Other,03/2021,5,4.4,2025-04-12
Census Tract,12031015926,Other,04/2021,4,6.4,2025-04-12
Census Tract,12031015926,Other,05/2021,0,7.6,2025-04-12
Census Tract,12031015926,Other,06/2021,0,8,2025-04-12
Census Tract,12031015926,Other,07/2021,5,6,2025-04-12
Census Tract,12031015926,Other,08/2021,9,8.8,2025-04-12
Census Tract,12031015926,Other,09/2021,8,6.6,2025-04-12
Census Tract,12031015926,Other,10/2021,15,6,2025-04-12
Census Tract,12031015926,Other,11/2021,8,4.2,2025-04-12
Census Tract,12031015926,Other,12/2021,3,7.8,2025-04-12
Census Tract,12031015926,Other,01/2022,7,4.8,2025-04-12
Census Tract,12031015926,Other,02/2022,3,8,2025-04-12
Census Tract,12031015926,Other,03/2022,15,4.4,2025-04-12
Census Tract,12031015926,Other,04/2022,14,6.4,2025-04-12
Census Tract,12031015926,Other,05/2022,4,7.6,2025-04-12
Census Tract,12031015926,Other,06/2022,11,8,2025-04-12
Census Tract,12031015926,Other,07/2022,10,6,2025-04-12
Census Tract,12031015926,Other,08/2022,17,8.8,2025-04-12
Census Tract,12031015926,Other,09/2022,7,6.6,2025-04-12
Census Tract,12031015926,Other,10/2022,13,6,2025-04-12
Census Tract,12031015926,Other,11/2022,15,4.2,2025-04-12
Census Tract,12031015926,Other,12/2022,14,7.8,2025-04-12
Census Tract,12031015926,Other,01/2023,10,4.8,2025-04-12
Census Tract,12031015926,Other,02/2023,13,8,2025-04-12
Census Tract,12031015926,Other,03/2023,16,4.4,2025-04-12
Census Tract,12031015926,Other,04/2023,17,6.4,2025-04-12
Census Tract,12031015926,Other,05/2023,19,7.6,2025-04-12
Census Tract,12031015926,Other,06/2023,13,8,2025-04-12
Census Tract,12031015926,Other,07/2023,17,6,2025-04-12
Census Tract,12031015926,Other,08/2023,15,8.8,2025-04-12
Census Tract,12031015926,Other,09/2023,21,6.6,2025-04-12
Census Tract,12031015926,Other,10/2023,21,6,2025-04-12
Census Tract,12031015926,Other,11/2023,14,4.2,2025-04-12
Census Tract,12031015926,Other,12/2023,21,7.8,2025-04-12
Census Tract,12031015926,Other,01/2024,27,4.8,2025-04-12
Census Tract,12031015926,Other,02/2024,8,8,2025-04-12
Census Tract,12031015926,Other,03/2024,18,4.4,2025-04-12
Census Tract,12031015926,Other,04/2024,6,6.4,2025-04-12
Census Tract,12031015926,Other,05/2024,25,7.6,2025-04-12
Census Tract,12031015926,Other,06/2024,13,8,2025-04-12
Census Tract,12031015926,Other,07/2024,18,6,2025-04-12
Census Tract,12031015926,Other,08/2024,23,8.8,2025-04-12
Census Tract,12031015926,Other,09/2024,18,6.6,2025-04-12
Census Tract,12031015926,Other,10/2024,23,6,2025-04-12
Census Tract,12031015926,Other,11/2024,8,4.2,2025-04-12
Census Tract,12031015926,Other,12/2024,12,7.8,2025-04-12
Census Tract,12031015926,Other,01/2025,26,4.8,2025-04-12
Census Tract,12031015926,Other,02/2025,21,8,2025-04-12
Census Tract,12031015926,Other,03/2025,8,4.4,2025-04-12
Census Tract,12031015926,Other,04/2025,0,1.2,2025-04-12
Census Tract,12031015927,Other,01/2020,1,3.2,2025-04-12
Census Tract,12031015927,Other,02/2020,1,2.2,2025-04-12
Census Tract,12031015927,Other,03/2020,1,1.6,2025-04-12
Census Tract,12031015927,Other,04/2020,0,3.4,2025-04-12
Census Tract,12031015927,Other,05/2020,0,2,2025-04-12
Census Tract,12031015927,Other,06/2020,0,2.4,2025-04-12
Census Tract,12031015927,Other,07/2020,1,1,2025-04-12
Census Tract,12031015927,Other,08/2020,1,3.4,2025-04-12
Census Tract,12031015927,Other,09/2020,2,2.6,2025-04-12
Census Tract,12031015927,Other,10/2020,1,1.6,2025-04-12
Census Tract,12031015927,Other,11/2020,0,2,2025-04-12
Census Tract,12031015927,Other,12/2020,2,3.2,2025-04-12
Census Tract,12031015927,Other,01/2021,0,3.2,2025-04-12
Census Tract,12031015927,Other,02/2021,2,2.2,2025-04-12
Census Tract,12031015927,Other,03/2021,1,1.6,2025-04-12
Census Tract,12031015927,Other,04/2021,1,3.4,2025-04-12
Census Tract,12031015927,Other,05/2021,0,2,2025-04-12
Census Tract,12031015927,Other,06/2021,0,2.4,2025-04-12
Census Tract,12031015927,Other,07/2021,0,1,2025-04-12
Census Tract,12031015927,Other,08/2021,0,3.4,2025-04-12
Census Tract,12031015927,Other,09/2021,2,2.6,2025-04-12
Census Tract,12031015927,Other,10/2021,2,1.6,2025-04-12
Census Tract,12031015927,Other,11/2021,1,2,2025-04-12
Census Tract,12031015927,Other,12/2021,0,3.2,2025-04-12
Census Tract,12031015927,Other,01/2022,1,3.2,2025-04-12
Census Tract,12031015927,Other,02/2022,1,2.2,2025-04-12
Census Tract,12031015927,Other,03/2022,2,1.6,2025-04-12
Census Tract,12031015927,Other,04/2022,0,3.4,2025-04-12
Census Tract,12031015927,Other,05/2022,2,2,2025-04-12
Census Tract,12031015927,Other,06/2022,1,2.4,2025-04-12
Census Tract,12031015927,Other,07/2022,3,1,2025-04-12
Census Tract,12031015927,Other,08/2022,4,3.4,2025-04-12
Census Tract,12031015927,Other,09/2022,2,2.6,2025-04-12
Census Tract,12031015927,Other,10/2022,3,1.6,2025-04-12
Census Tract,12031015927,Other,11/2022,1,2,2025-04-12
Census Tract,12031015927,Other,12/2022,3,3.2,2025-04-12
Census Tract,12031015927,Other,01/2023,1,3.2,2025-04-12
Census Tract,12031015927,Other,02/2023,1,2.2,2025-04-12
Census Tract,12031015927,Other,03/2023,0,1.6,2025-04-12
Census Tract,12031015927,Other,04/2023,3,3.4,2025-04-12
Census Tract,12031015927,Other,05/2023,3,2,2025-04-12
Census Tract,12031015927,Other,06/2023,4,2.4,2025-04-12
Census Tract,12031015927,Other,07/2023,1,1,2025-04-12
Census Tract,12031015927,Other,08/2023,3,3.4,2025-04-12
Census Tract,12031015927,Other,09/2023,2,2.6,2025-04-12
Census Tract,12031015927,Other,10/2023,2,1.6,2025-04-12
Census Tract,12031015927,Other,11/2023,0,2,2025-04-12
Census Tract,12031015927,Other,12/2023,1,3.2,2025-04-12
Census Tract,12031015927,Other,01/2024,0,3.2,2025-04-12
Census Tract,12031015927,Other,02/2024,1,2.2,2025-04-12
Census Tract,12031015927,Other,03/2024,3,1.6,2025-04-12
Census Tract,12031015927,Other,04/2024,0,3.4,2025-04-12
Census Tract,12031015927,Other,05/2024,2,2,2025-04-12
Census Tract,12031015927,Other,06/2024,0,2.4,2025-04-12
Census Tract,12031015927,Other,07/2024,3,1,2025-04-12
Census Tract,12031015927,Other,08/2024,3,3.4,2025-04-12
Census Tract,12031015927,Other,09/2024,3,2.6,2025-04-12
Census Tract,12031015927,Other,10/2024,4,1.6,2025-04-12
Census Tract,12031015927,Other,11/2024,2,2,2025-04-12
Census Tract,12031015927,Other,12/2024,2,3.2,2025-04-12
Census Tract,12031015927,Other,01/2025,3,3.2,2025-04-12
Census Tract,12031015927,Other,02/2025,1,2.2,2025-04-12
Census Tract,12031015927,Other,03/2025,2,1.6,2025-04-12
Census Tract,12031015927,Other,04/2025,0,0.4,2025-04-12
Census Tract,12031015928,Other,01/2020,5,2,2025-04-12
Census Tract,12031015928,Other,02/2020,4,1.8,2025-04-12
Census Tract,12031015928,Other,03/2020,1,2,2025-04-12
Census Tract,12031015928,Other,04/2020,0,1.2,2025-04-12
Census Tract,12031015928,Other,05/2020,0,2.8,2025-04-12
Census Tract,12031015928,Other,06/2020,0,3,2025-04-12
Census Tract,12031015928,Other,07/2020,0,2,2025-04-12
Census Tract,12031015928,Other,08/2020,1,1.4,2025-04-12
Census Tract,12031015928,Other,09/2020,11,3.6,2025-04-12
Census Tract,12031015928,Other,10/2020,5,4.2,2025-04-12
Census Tract,12031015928,Other,11/2020,6,2.4,2025-04-12
Census Tract,12031015928,Other,12/2020,2,2.8,2025-04-12
Census Tract,12031015928,Other,01/2021,6,2,2025-04-12
Census Tract,12031015928,Other,02/2021,1,1.8,2025-04-12
Census Tract,12031015928,Other,03/2021,0,2,2025-04-12
Census Tract,12031015928,Other,04/2021,3,1.2,2025-04-12
Census Tract,12031015928,Other,05/2021,0,2.8,2025-04-12
Census Tract,12031015928,Other,06/2021,0,3,2025-04-12
Census Tract,12031015928,Other,07/2021,0,2,2025-04-12
Census Tract,12031015928,Other,08/2021,0,1.4,2025-04-12
Census Tract,12031015928,Other,09/2021,1,3.6,2025-04-12
Census Tract,12031015928,Other,10/2021,2,4.2,2025-04-12
Census Tract,12031015928,Other,11/2021,0,2.4,2025-04-12
Census Tract,12031015928,Other,12/2021,2,2.8,2025-04-12
Census Tract,12031015928,Other,01/2022,0,2,2025-04-12
Census Tract,12031015928,Other,02/2022,0,1.8,2025-04-12
Census Tract,12031015928,Other,03/2022,4,2,2025-04-12
Census Tract,12031015928,Other,04/2022,3,1.2,2025-04-12
Census Tract,12031015928,Other,05/2022,2,2.8,2025-04-12
Census Tract,12031015928,Other,06/2022,3,3,2025-04-12
Census Tract,12031015928,Other,07/2022,1,2,2025-04-12
Census Tract,12031015928,Other,08/2022,10,1.4,2025-04-12
Census Tract,12031015928,Other,09/2022,5,3.6,2025-04-12
Census Tract,12031015928,Other,10/2022,5,4.2,2025-04-12
Census Tract,12031015928,Other,11/2022,3,2.4,2025-04-12
Census Tract,12031015928,Other,12/2022,2,2.8,2025-04-12
Census Tract,12031015928,Other,01/2023,0,2,2025-04-12
Census Tract,12031015928,Other,02/2023,12,1.8,2025-04-12
Census Tract,12031015928,Other,03/2023,2,2,2025-04-12
Census Tract,12031015928,Other,04/2023,7,1.2,2025-04-12
Census Tract,12031015928,Other,05/2023,1,2.8,2025-04-12
Census Tract,12031015928,Other,06/2023,8,3,2025-04-12
Census Tract,12031015928,Other,07/2023,7,2,2025-04-12
Census Tract,12031015928,Other,08/2023,4,1.4,2025-04-12
Census Tract,12031015928,Other,09/2023,7,3.6,2025-04-12
Census Tract,12031015928,Other,10/2023,5,4.2,2025-04-12
Census Tract,12031015928,Other,11/2023,3,2.4,2025-04-12
Census Tract,12031015928,Other,12/2023,7,2.8,2025-04-12
Census Tract,12031015928,Other,01/2024,2,2,2025-04-12
Census Tract,12031015928,Other,02/2024,4,1.8,2025-04-12
Census Tract,12031015928,Other,03/2024,8,2,2025-04-12
Census Tract,12031015928,Other,04/2024,4,1.2,2025-04-12
Census Tract,12031015928,Other,05/2024,4,2.8,2025-04-12
Census Tract,12031015928,Other,06/2024,4,3,2025-04-12
Census Tract,12031015928,Other,07/2024,7,2,2025-04-12
Census Tract,12031015928,Other,08/2024,6,1.4,2025-04-12
Census Tract,12031015928,Other,09/2024,1,3.6,2025-04-12
Census Tract,12031015928,Other,10/2024,2,4.2,2025-04-12
Census Tract,12031015928,Other,11/2024,3,2.4,2025-04-12
Census Tract,12031015928,Other,12/2024,3,2.8,2025-04-12
Census Tract,12031015928,Other,01/2025,5,2,2025-04-12
Census Tract,12031015928,Other,02/2025,3,1.8,2025-04-12
Census Tract,12031015928,Other,03/2025,5,2,2025-04-12
Census Tract,12031015928,Other,04/2025,0,0,2025-04-12
Census Tract,12031015929,White,01/2020,3,1.6,2025-04-12
Census Tract,12031015929,White,02/2020,4,1.4,2025-04-12
Census Tract,12031015929,White,03/2020,8,0.6,2025-04-12
Census Tract,12031015929,White,04/2020,0,0.8,2025-04-12
Census Tract,12031015929,White,05/2020,0,0.6,2025-04-12
Census Tract,12031015929,White,06/2020,0,1.6,2025-04-12
Census Tract,12031015929,White,07/2020,0,0.8,2025-04-12
Census Tract,12031015929,White,08/2020,3,2,2025-04-12
Census Tract,12031015929,White,09/2020,4,1.4,2025-04-12
Census Tract,12031015929,White,10/2020,3,2.2,2025-04-12
Census Tract,12031015929,White,11/2020,1,2,2025-04-12
Census Tract,12031015929,White,12/2020,2,1.4,2025-04-12
Census Tract,12031015929,White,01/2021,2,1.6,2025-04-12
Census Tract,12031015929,White,02/2021,0,1.4,2025-04-12
Census Tract,12031015929,White,03/2021,0,0.6,2025-04-12
Census Tract,12031015929,White,04/2021,0,0.8,2025-04-12
Census Tract,12031015929,White,05/2021,0,0.6,2025-04-12
Census Tract,12031015929,White,06/2021,1,1.6,2025-04-12
Census Tract,12031015929,White,07/2021,1,0.8,2025-04-12
Census Tract,12031015929,White,08/2021,1,2,2025-04-12
Census Tract,12031015929,White,09/2021,2,1.4,2025-04-12
Census Tract,12031015929,White,10/2021,4,2.2,2025-04-12
Census Tract,12031015929,White,11/2021,0,2,2025-04-12
Census Tract,12031015929,White,12/2021,0,1.4,2025-04-12
Census Tract,12031015929,White,01/2022,3,1.6,2025-04-12
Census Tract,12031015929,White,02/2022,0,1.4,2025-04-12
Census Tract,12031015929,White,03/2022,2,0.6,2025-04-12
Census Tract,12031015929,White,04/2022,2,0.8,2025-04-12
Census Tract,12031015929,White,05/2022,0,0.6,2025-04-12
Census Tract,12031015929,White,06/2022,2,1.6,2025-04-12
Census Tract,12031015929,White,07/2022,6,0.8,2025-04-12
Census Tract,12031015929,White,08/2022,2,2,2025-04-12
Census Tract,12031015929,White,09/2022,5,1.4,2025-04-12
Census Tract,12031015929,White,10/2022,6,2.2,2025-04-12
Census Tract,12031015929,White,11/2022,8,2,2025-04-12
Census Tract,12031015929,White,12/2022,4,1.4,2025-04-12
Census Tract,12031015929,White,01/2023,3,1.6,2025-04-12
Census Tract,12031015929,White,02/2023,2,1.4,2025-04-12
Census Tract,12031015929,White,03/2023,6,0.6,2025-04-12
Census Tract,12031015929,White,04/2023,2,0.8,2025-04-12
Census Tract,12031015929,White,05/2023,3,0.6,2025-04-12
Census Tract,12031015929,White,06/2023,7,1.6,2025-04-12
Census Tract,12031015929,White,07/2023,4,0.8,2025-04-12
Census Tract,12031015929,White,08/2023,5,2,2025-04-12
Census Tract,12031015929,White,09/2023,1,1.4,2025-04-12
Census Tract,12031015929,White,10/2023,9,2.2,2025-04-12
Census Tract,12031015929,White,11/2023,4,2,2025-04-12
Census Tract,12031015929,White,12/2023,3,1.4,2025-04-12
Census Tract,12031015929,White,01/2024,5,1.6,2025-04-12
Census Tract,12031015929,White,02/2024,5,1.4,2025-04-12
Census Tract,12031015929,White,03/2024,5,0.6,2025-04-12
Census Tract,12031015929,White,04/2024,2,0.8,2025-04-12
Census Tract,12031015929,White,05/2024,9,0.6,2025-04-12
Census Tract,12031015929,White,06/2024,5,1.6,2025-04-12
Census Tract,12031015929,White,07/2024,7,0.8,2025-04-12
Census Tract,12031015929,White,08/2024,1,2,2025-04-12
Census Tract,12031015929,White,09/2024,7,1.4,2025-04-12
Census Tract,12031015929,White,10/2024,7,2.2,2025-04-12
Census Tract,12031015929,White,11/2024,6,2,2025-04-12
Census Tract,12031015929,White,12/2024,10,1.4,2025-04-12
Census Tract,12031015929,White,01/2025,10,1.6,2025-04-12
Census Tract,12031015929,White,02/2025,6,1.4,2025-04-12
Census Tract,12031015929,White,03/2025,8,0.6,2025-04-12
Census Tract,12031015929,White,04/2025,1,0.2,2025-04-12
Census Tract,12031016001,White,01/2020,9,8.4,2025-04-12
Census Tract,12031016001,White,02/2020,8,2.8,2025-04-12
Census Tract,12031016001,White,03/2020,1,4.8,2025-04-12
Census Tract,12031016001,White,04/2020,0,6.6,2025-04-12
Census Tract,12031016001,White,05/2020,0,5.2,2025-04-12
Census Tract,12031016001,White,06/2020,1,4.6,2025-04-12
Census Tract,12031016001,White,07/2020,0,9.6,2025-04-12
Census Tract,12031016001,White,08/2020,0,7,2025-04-12
Census Tract,12031016001,White,09/2020,6,6,2025-04-12
Census Tract,12031016001,White,10/2020,2,7.6,2025-04-12
Census Tract,12031016001,White,11/2020,5,4.2,2025-04-12
Census Tract,12031016001,White,12/2020,1,5.4,2025-04-12
Census Tract,12031016001,White,01/2021,3,8.4,2025-04-12
Census Tract,12031016001,White,02/2021,4,2.8,2025-04-12
Census Tract,12031016001,White,03/2021,8,4.8,2025-04-12
Census Tract,12031016001,White,04/2021,1,6.6,2025-04-12
Census Tract,12031016001,White,05/2021,2,5.2,2025-04-12
Census Tract,12031016001,White,06/2021,2,4.6,2025-04-12
Census Tract,12031016001,White,07/2021,8,9.6,2025-04-12
Census Tract,12031016001,White,08/2021,7,7,2025-04-12
Census Tract,12031016001,White,09/2021,7,6,2025-04-12
Census Tract,12031016001,White,10/2021,2,7.6,2025-04-12
Census Tract,12031016001,White,11/2021,1,4.2,2025-04-12
Census Tract,12031016001,White,12/2021,4,5.4,2025-04-12
Census Tract,12031016001,White,01/2022,4,8.4,2025-04-12
Census Tract,12031016001,White,02/2022,4,2.8,2025-04-12
Census Tract,12031016001,White,03/2022,6,4.8,2025-04-12
Census Tract,12031016001,White,04/2022,3,6.6,2025-04-12
Census Tract,12031016001,White,05/2022,2,5.2,2025-04-12
Census Tract,12031016001,White,06/2022,2,4.6,2025-04-12
Census Tract,12031016001,White,07/2022,4,9.6,2025-04-12
Census Tract,12031016001,White,08/2022,9,7,2025-04-12
Census Tract,12031016001,White,09/2022,6,6,2025-04-12
Census Tract,12031016001,White,10/2022,14,7.6,2025-04-12
Census Tract,12031016001,White,11/2022,6,4.2,2025-04-12
Census Tract,12031016001,White,12/2022,7,5.4,2025-04-12
Census Tract,12031016001,White,01/2023,2,8.4,2025-04-12
Census Tract,12031016001,White,02/2023,8,2.8,2025-04-12
Census Tract,12031016001,White,03/2023,4,4.8,2025-04-12
Census Tract,12031016001,White,04/2023,1,6.6,2025-04-12
Census Tract,12031016001,White,05/2023,0,5.2,2025-04-12
Census Tract,12031016001,White,06/2023,0,4.6,2025-04-12
Census Tract,12031016001,White,07/2023,0,9.6,2025-04-12
Census Tract,12031016001,White,08/2023,0,7,2025-04-12
Census Tract,12031016001,White,09/2023,9,6,2025-04-12
Census Tract,12031016001,White,10/2023,4,7.6,2025-04-12
Census Tract,12031016001,White,11/2023,4,4.2,2025-04-12
Census Tract,12031016001,White,12/2023,3,5.4,2025-04-12
Census Tract,12031016001,White,01/2024,8,8.4,2025-04-12
Census Tract,12031016001,White,02/2024,1,2.8,2025-04-12
Census Tract,12031016001,White,03/2024,3,4.8,2025-04-12
Census Tract,12031016001,White,04/2024,2,6.6,2025-04-12
Census Tract,12031016001,White,05/2024,7,5.2,2025-04-12
Census Tract,12031016001,White,06/2024,2,4.6,2025-04-12
Census Tract,12031016001,White,07/2024,6,9.6,2025-04-12
Census Tract,12031016001,White,08/2024,5,7,2025-04-12
Census Tract,12031016001,White,09/2024,3,6,2025-04-12
Census Tract,12031016001,White,10/2024,4,7.6,2025-04-12
Census Tract,12031016001,White,11/2024,2,4.2,2025-04-12
Census Tract,12031016001,White,12/2024,3,5.4,2025-04-12
Census Tract,12031016001,White,01/2025,5,8.4,2025-04-12
Census Tract,12031016001,White,02/2025,26,2.8,2025-04-12
Census Tract,12031016001,White,03/2025,1,4.8,2025-04-12
Census Tract,12031016001,White,04/2025,0,1.6,2025-04-12
Census Tract,12031016002,White,01/2020,2,5.4,2025-04-12
Census Tract,12031016002,White,02/2020,3,2.2,2025-04-12
Census Tract,12031016002,White,03/2020,1,4.6,2025-04-12
Census Tract,12031016002,White,04/2020,0,3,2025-04-12
Census Tract,12031016002,White,05/2020,0,3.6,2025-04-12
Census Tract,12031016002,White,06/2020,0,4.6,2025-04-12
Census Tract,12031016002,White,07/2020,0,4.2,2025-04-12
Census Tract,12031016002,White,08/2020,10,5.8,2025-04-12
Census Tract,12031016002,White,09/2020,5,4.2,2025-04-12
Census Tract,12031016002,White,10/2020,0,3.8,2025-04-12
Census Tract,12031016002,White,11/2020,4,2.4,2025-04-12
Census Tract,12031016002,White,12/2020,3,2.6,2025-04-12
Census Tract,12031016002,White,01/2021,6,5.4,2025-04-12
Census Tract,12031016002,White,02/2021,0,2.2,2025-04-12
Census Tract,12031016002,White,03/2021,4,4.6,2025-04-12
Census Tract,12031016002,White,04/2021,1,3,2025-04-12
Census Tract,12031016002,White,05/2021,3,3.6,2025-04-12
Census Tract,12031016002,White,06/2021,4,4.6,2025-04-12
Census Tract,12031016002,White,07/2021,3,4.2,2025-04-12
Census Tract,12031016002,White,08/2021,7,5.8,2025-04-12
Census Tract,12031016002,White,09/2021,4,4.2,2025-04-12
Census Tract,12031016002,White,10/2021,4,3.8,2025-04-12
Census Tract,12031016002,White,11/2021,3,2.4,2025-04-12
Census Tract,12031016002,White,12/2021,0,2.6,2025-04-12
Census Tract,12031016002,White,01/2022,4,5.4,2025-04-12
Census Tract,12031016002,White,02/2022,3,2.2,2025-04-12
Census Tract,12031016002,White,03/2022,3,4.6,2025-04-12
Census Tract,12031016002,White,04/2022,6,3,2025-04-12
Census Tract,12031016002,White,05/2022,6,3.6,2025-04-12
Census Tract,12031016002,White,06/2022,6,4.6,2025-04-12
Census Tract,12031016002,White,07/2022,6,4.2,2025-04-12
Census Tract,12031016002,White,08/2022,4,5.8,2025-04-12
Census Tract,12031016002,White,09/2022,2,4.2,2025-04-12
Census Tract,12031016002,White,10/2022,8,3.8,2025-04-12
Census Tract,12031016002,White,11/2022,1,2.4,2025-04-12
Census Tract,12031016002,White,12/2022,4,2.6,2025-04-12
Census Tract,12031016002,White,01/2023,3,5.4,2025-04-12
Census Tract,12031016002,White,02/2023,8,2.2,2025-04-12
Census Tract,12031016002,White,03/2023,8,4.6,2025-04-12
Census Tract,12031016002,White,04/2023,5,3,2025-04-12
Census Tract,12031016002,White,05/2023,7,3.6,2025-04-12
Census Tract,12031016002,White,06/2023,10,4.6,2025-04-12
Census Tract,12031016002,White,07/2023,3,4.2,2025-04-12
Census Tract,12031016002,White,08/2023,5,5.8,2025-04-12
Census Tract,12031016002,White,09/2023,5,4.2,2025-04-12
Census Tract,12031016002,White,10/2023,3,3.8,2025-04-12
Census Tract,12031016002,White,11/2023,5,2.4,2025-04-12
Census Tract,12031016002,White,12/2023,6,2.6,2025-04-12
Census Tract,12031016002,White,01/2024,11,5.4,2025-04-12
Census Tract,12031016002,White,02/2024,7,2.2,2025-04-12
Census Tract,12031016002,White,03/2024,4,4.6,2025-04-12
Census Tract,12031016002,White,04/2024,1,3,2025-04-12
Census Tract,12031016002,White,05/2024,14,3.6,2025-04-12
Census Tract,12031016002,White,06/2024,7,4.6,2025-04-12
Census Tract,12031016002,White,07/2024,10,4.2,2025-04-12
Census Tract,12031016002,White,08/2024,10,5.8,2025-04-12
Census Tract,12031016002,White,09/2024,8,4.2,2025-04-12
Census Tract,12031016002,White,10/2024,6,3.8,2025-04-12
Census Tract,12031016002,White,11/2024,4,2.4,2025-04-12
Census Tract,12031016002,White,12/2024,5,2.6,2025-04-12
Census Tract,12031016002,White,01/2025,10,5.4,2025-04-12
Census Tract,12031016002,White,02/2025,4,2.2,2025-04-12
Census Tract,12031016002,White,03/2025,5,4.6,2025-04-12
Census Tract,12031016002,White,04/2025,0,0.8,2025-04-12
Census Tract,12031016101,Other,01/2020,4,2.8,2025-04-12
Census Tract,12031016101,Other,02/2020,1,3.6,2025-04-12
Census Tract,12031016101,Other,03/2020,0,3.4,2025-04-12
Census Tract,12031016101,Other,04/2020,0,3.2,2025-04-12
Census Tract,12031016101,Other,05/2020,0,5.2,2025-04-12
Census Tract,12031016101,Other,06/2020,0,5.8,2025-04-12
Census Tract,12031016101,Other,07/2020,0,3.2,2025-04-12
Census Tract,12031016101,Other,08/2020,0,3.6,2025-04-12
Census Tract,12031016101,Other,09/2020,0,3.8,2025-04-12
Census Tract,12031016101,Other,10/2020,4,3.4,2025-04-12
Census Tract,12031016101,Other,11/2020,3,4,2025-04-12
Census Tract,12031016101,Other,12/2020,6,3.2,2025-04-12
Census Tract,12031016101,Other,01/2021,0,2.8,2025-04-12
Census Tract,12031016101,Other,02/2021,1,3.6,2025-04-12
Census Tract,12031016101,Other,03/2021,0,3.4,2025-04-12
Census Tract,12031016101,Other,04/2021,1,3.2,2025-04-12
Census Tract,12031016101,Other,05/2021,0,5.2,2025-04-12
Census Tract,12031016101,Other,06/2021,2,5.8,2025-04-12
Census Tract,12031016101,Other,07/2021,10,3.2,2025-04-12
Census Tract,12031016101,Other,08/2021,3,3.6,2025-04-12
Census Tract,12031016101,Other,09/2021,6,3.8,2025-04-12
Census Tract,12031016101,Other,10/2021,1,3.4,2025-04-12
Census Tract,12031016101,Other,11/2021,2,4,2025-04-12
Census Tract,12031016101,Other,12/2021,1,3.2,2025-04-12
Census Tract,12031016101,Other,01/2022,1,2.8,2025-04-12
Census Tract,12031016101,Other,02/2022,3,3.6,2025-04-12
Census Tract,12031016101,Other,03/2022,0,3.4,2025-04-12
Census Tract,12031016101,Other,04/2022,2,3.2,2025-04-12
Census Tract,12031016101,Other,05/2022,2,5.2,2025-04-12
Census Tract,12031016101,Other,06/2022,2,5.8,2025-04-12
Census Tract,12031016101,Other,07/2022,2,3.2,2025-04-12
Census Tract,12031016101,Other,08/2022,10,3.6,2025-04-12
Census Tract,12031016101,Other,09/2022,3,3.8,2025-04-12
Census Tract,12031016101,Other,10/2022,4,3.4,2025-04-12
Census Tract,12031016101,Other,11/2022,7,4,2025-04-12
Census Tract,12031016101,Other,12/2022,5,3.2,2025-04-12
Census Tract,12031016101,Other,01/2023,5,2.8,2025-04-12
Census Tract,12031016101,Other,02/2023,5,3.6,2025-04-12
Census Tract,12031016101,Other,03/2023,4,3.4,2025-04-12
Census Tract,12031016101,Other,04/2023,3,3.2,2025-04-12
Census Tract,12031016101,Other,05/2023,1,5.2,2025-04-12
Census Tract,12031016101,Other,06/2023,0,5.8,2025-04-12
Census Tract,12031016101,Other,07/2023,0,3.2,2025-04-12
Census Tract,12031016101,Other,08/2023,4,3.6,2025-04-12
Census Tract,12031016101,Other,09/2023,1,3.8,2025-04-12
Census Tract,12031016101,Other,10/2023,4,3.4,2025-04-12
Census Tract,12031016101,Other,11/2023,4,4,2025-04-12
Census Tract,12031016101,Other,12/2023,2,3.2,2025-04-12
Census Tract,12031016101,Other,01/2024,2,2.8,2025-04-12
Census Tract,12031016101,Other,02/2024,1,3.6,2025-04-12
Census Tract,12031016101,Other,03/2024,6,3.4,2025-04-12
Census Tract,12031016101,Other,04/2024,2,3.2,2025-04-12
Census Tract,12031016101,Other,05/2024,2,5.2,2025-04-12
Census Tract,12031016101,Other,06/2024,1,5.8,2025-04-12
Census Tract,12031016101,Other,07/2024,0,3.2,2025-04-12
Census Tract,12031016101,Other,08/2024,0,3.6,2025-04-12
Census Tract,12031016101,Other,09/2024,0,3.8,2025-04-12
Census Tract,12031016101,Other,10/2024,1,3.4,2025-04-12
Census Tract,12031016101,Other,11/2024,1,4,2025-04-12
Census Tract,12031016101,Other,12/2024,1,3.2,2025-04-12
Census Tract,12031016101,Other,01/2025,2,2.8,2025-04-12
Census Tract,12031016101,Other,02/2025,2,3.6,2025-04-12
Census Tract,12031016101,Other,03/2025,1,3.4,2025-04-12
Census Tract,12031016101,Other,04/2025,0,0.8,2025-04-12
Census Tract,12031016102,Other,01/2020,10,4.2,2025-04-12
Census Tract,12031016102,Other,02/2020,2,5,2025-04-12
Census Tract,12031016102,Other,03/2020,2,4.4,2025-04-12
Census Tract,12031016102,Other,04/2020,0,6,2025-04-12
Census Tract,12031016102,Other,05/2020,0,5.2,2025-04-12
Census Tract,12031016102,Other,06/2020,0,7.6,2025-04-12
Census Tract,12031016102,Other,07/2020,0,6.8,2025-04-12
Census Tract,12031016102,Other,08/2020,6,4,2025-04-12
Census Tract,12031016102,Other,09/2020,10,6.2,2025-04-12
Census Tract,12031016102,Other,10/2020,1,6.4,2025-04-12
Census Tract,12031016102,Other,11/2020,6,5.2,2025-04-12
Census Tract,12031016102,Other,12/2020,0,4.6,2025-04-12
Census Tract,12031016102,Other,01/2021,8,4.2,2025-04-12
Census Tract,12031016102,Other,02/2021,8,4.8,2025-04-12
Census Tract,12031016102,Other,03/2021,11,4.4,2025-04-12
Census Tract,12031016102,Other,04/2021,11,6,2025-04-12
Census Tract,12031016102,Other,05/2021,1,5.2,2025-04-12
Census Tract,12031016102,Other,06/2021,0,7.6,2025-04-12
Census Tract,12031016102,Other,07/2021,2,6.8,2025-04-12
Census Tract,12031016102,Other,08/2021,2,4,2025-04-12
Census Tract,12031016102,Other,09/2021,4,6.2,2025-04-12
Census Tract,12031016102,Other,10/2021,3,6.4,2025-04-12
Census Tract,12031016102,Other,11/2021,1,5.2,2025-04-12
Census Tract,12031016102,Other,12/2021,2,4.6,2025-04-12
Census Tract,12031016102,Other,01/2022,1,4.2,2025-04-12
Census Tract,12031016102,Other,02/2022,0,4.8,2025-04-12
Census Tract,12031016102,Other,03/2022,0,4.4,2025-04-12
Census Tract,12031016102,Other,04/2022,4,6,2025-04-12
Census Tract,12031016102,Other,05/2022,2,5.2,2025-04-12
Census Tract,12031016102,Other,06/2022,2,7.6,2025-04-12
Census Tract,12031016102,Other,07/2022,3,6.8,2025-04-12
Census Tract,12031016102,Other,08/2022,7,4,2025-04-12
Census Tract,12031016102,Other,09/2022,6,6.2,2025-04-12
Census Tract,12031016102,Other,10/2022,2,6.4,2025-04-12
Census Tract,12031016102,Other,11/2022,3,5.2,2025-04-12
Census Tract,12031016102,Other,12/2022,1,4.6,2025-04-12
Census Tract,12031016102,Other,01/2023,7,4.2,2025-04-12
Census Tract,12031016102,Other,02/2023,2,4.8,2025-04-12
Census Tract,12031016102,Other,03/2023,2,4.4,2025-04-12
Census Tract,12031016102,Other,04/2023,0,6,2025-04-12
Census Tract,12031016102,Other,05/2023,1,5.2,2025-04-12
Census Tract,12031016102,Other,06/2023,0,7.6,2025-04-12
Census Tract,12031016102,Other,07/2023,0,6.8,2025-04-12
Census Tract,12031016102,Other,08/2023,3,4,2025-04-12
Census Tract,12031016102,Other,09/2023,2,6.2,2025-04-12
Census Tract,12031016102,Other,10/2023,0,6.4,2025-04-12
Census Tract,12031016102,Other,11/2023,0,5.2,2025-04-12
Census Tract,12031016102,Other,12/2023,2,4.6,2025-04-12
Census Tract,12031016102,Other,01/2024,0,4.2,2025-04-12
Census Tract,12031016102,Other,02/2024,1,5,2025-04-12
Census Tract,12031016102,Other,03/2024,0,4.4,2025-04-12
Census Tract,12031016102,Other,04/2024,4,6,2025-04-12
Census Tract,12031016102,Other,05/2024,3,5.2,2025-04-12
Census Tract,12031016102,Other,06/2024,0,7.6,2025-04-12
Census Tract,12031016102,Other,07/2024,3,6.8,2025-04-12
Census Tract,12031016102,Other,08/2024,8,4,2025-04-12
Census Tract,12031016102,Other,09/2024,2,6.2,2025-04-12
Census Tract,12031016102,Other,10/2024,3,6.4,2025-04-12
Census Tract,12031016102,Other,11/2024,2,5.2,2025-04-12
Census Tract,12031016102,Other,12/2024,1,4.6,2025-04-12
Census Tract,12031016102,Other,01/2025,7,4.2,2025-04-12
Census Tract,12031016102,Other,02/2025,6,4.8,2025-04-12
Census Tract,12031016102,Other,03/2025,0,4.4,2025-04-12
Census Tract,12031016102,Other,04/2025,0,1.4,2025-04-12
Census Tract,12031016200,Other,01/2020,6,4,2025-04-12
Census Tract,12031016200,Other,02/2020,3,3,2025-04-12
Census Tract,12031016200,Other,03/2020,2,2,2025-04-12
Census Tract,12031016200,Other,04/2020,0,2.6,2025-04-12
Census Tract,12031016200,Other,05/2020,0,2.4,2025-04-12
Census Tract,12031016200,Other,06/2020,0,3.6,2025-04-12
Census Tract,12031016200,Other,07/2020,0,2.6,2025-04-12
Census Tract,12031016200,Other,08/2020,2,4,2025-04-12
Census Tract,12031016200,Other,09/2020,0,4.6,2025-04-12
Census Tract,12031016200,Other,10/2020,4,4.2,2025-04-12
Census Tract,12031016200,Other,11/2020,1,3.4,2025-04-12
Census Tract,12031016200,Other,12/2020,1,4.6,2025-04-12
Census Tract,12031016200,Other,01/2021,1,4,2025-04-12
Census Tract,12031016200,Other,02/2021,0,3,2025-04-12
Census Tract,12031016200,Other,03/2021,2,2,2025-04-12
Census Tract,12031016200,Other,04/2021,0,2.6,2025-04-12
Census Tract,12031016200,Other,05/2021,1,2.4,2025-04-12
Census Tract,12031016200,Other,06/2021,0,3.6,2025-04-12
Census Tract,12031016200,Other,07/2021,2,2.6,2025-04-12
Census Tract,12031016200,Other,08/2021,5,4,2025-04-12
Census Tract,12031016200,Other,09/2021,1,4.6,2025-04-12
Census Tract,12031016200,Other,10/2021,3,4.2,2025-04-12
Census Tract,12031016200,Other,11/2021,3,3.4,2025-04-12
Census Tract,12031016200,Other,12/2021,2,4.6,2025-04-12
Census Tract,12031016200,Other,01/2022,8,4,2025-04-12
Census Tract,12031016200,Other,02/2022,2,3,2025-04-12
Census Tract,12031016200,Other,03/2022,1,2,2025-04-12
Census Tract,12031016200,Other,04/2022,2,2.6,2025-04-12
Census Tract,12031016200,Other,05/2022,2,2.4,2025-04-12
Census Tract,12031016200,Other,06/2022,12,3.6,2025-04-12
Census Tract,12031016200,Other,07/2022,1,2.6,2025-04-12
Census Tract,12031016200,Other,08/2022,3,4,2025-04-12
Census Tract,12031016200,Other,09/2022,3,4.6,2025-04-12
Census Tract,12031016200,Other,10/2022,4,4.2,2025-04-12
Census Tract,12031016200,Other,11/2022,5,3.4,2025-04-12
Census Tract,12031016200,Other,12/2022,5,4.6,2025-04-12
Census Tract,12031016200,Other,01/2023,2,4,2025-04-12
Census Tract,12031016200,Other,02/2023,2,3,2025-04-12
Census Tract,12031016200,Other,03/2023,7,2,2025-04-12
Census Tract,12031016200,Other,04/2023,5,2.6,2025-04-12
Census Tract,12031016200,Other,05/2023,5,2.4,2025-04-12
Census Tract,12031016200,Other,06/2023,3,3.6,2025-04-12
Census Tract,12031016200,Other,07/2023,0,2.6,2025-04-12
Census Tract,12031016200,Other,08/2023,13,4,2025-04-12
Census Tract,12031016200,Other,09/2023,3,4.6,2025-04-12
Census Tract,12031016200,Other,10/2023,4,4.2,2025-04-12
Census Tract,12031016200,Other,11/2023,3,3.4,2025-04-12
Census Tract,12031016200,Other,12/2023,12,4.6,2025-04-12
Census Tract,12031016200,Other,01/2024,2,4,2025-04-12
Census Tract,12031016200,Other,02/2024,9,3,2025-04-12
Census Tract,12031016200,Other,03/2024,0,2,2025-04-12
Census Tract,12031016200,Other,04/2024,9,2.6,2025-04-12
Census Tract,12031016200,Other,05/2024,3,2.4,2025-04-12
Census Tract,12031016200,Other,06/2024,5,3.6,2025-04-12
Census Tract,12031016200,Other,07/2024,3,2.6,2025-04-12
Census Tract,12031016200,Other,08/2024,1,4,2025-04-12
Census Tract,12031016200,Other,09/2024,1,4.6,2025-04-12
Census Tract,12031016200,Other,10/2024,1,4.2,2025-04-12
Census Tract,12031016200,Other,11/2024,3,3.4,2025-04-12
Census Tract,12031016200,Other,12/2024,3,4.6,2025-04-12
Census Tract,12031016200,Other,01/2025,4,4,2025-04-12
Census Tract,12031016200,Other,02/2025,1,3,2025-04-12
Census Tract,12031016200,Other,03/2025,1,2,2025-04-12
Census Tract,12031016200,Other,04/2025,0,0.8,2025-04-12
Census Tract,12031016300,Other,01/2020,1,1.6,2025-04-12
Census Tract,12031016300,Other,02/2020,3,1.4,2025-04-12
Census Tract,12031016300,Other,03/2020,0,0.6,2025-04-12
Census Tract,12031016300,Other,04/2020,0,1.4,2025-04-12
Census Tract,12031016300,Other,05/2020,0,2,2025-04-12
Census Tract,12031016300,Other,06/2020,0,2.2,2025-04-12
Census Tract,12031016300,Other,07/2020,0,1.2,2025-04-12
Census Tract,12031016300,Other,08/2020,3,3.4,2025-04-12
Census Tract,12031016300,Other,09/2020,3,1.4,2025-04-12
Census Tract,12031016300,Other,10/2020,0,1.4,2025-04-12
Census Tract,12031016300,Other,11/2020,1,1,2025-04-12
Census Tract,12031016300,Other,12/2020,1,0.8,2025-04-12
Census Tract,12031016300,Other,01/2021,2,1.6,2025-04-12
Census Tract,12031016300,Other,02/2021,1,1.4,2025-04-12
Census Tract,12031016300,Other,03/2021,1,0.6,2025-04-12
Census Tract,12031016300,Other,04/2021,0,1.4,2025-04-12
Census Tract,12031016300,Other,05/2021,0,2,2025-04-12
Census Tract,12031016300,Other,06/2021,1,2.2,2025-04-12
Census Tract,12031016300,Other,07/2021,1,1.2,2025-04-12
Census Tract,12031016300,Other,08/2021,1,3.4,2025-04-12
Census Tract,12031016300,Other,09/2021,1,1.4,2025-04-12
Census Tract,12031016300,Other,10/2021,1,1.4,2025-04-12
Census Tract,12031016300,Other,11/2021,1,1,2025-04-12
Census Tract,12031016300,Other,12/2021,0,0.8,2025-04-12
Census Tract,12031016300,Other,01/2022,3,1.6,2025-04-12
Census Tract,12031016300,Other,02/2022,1,1.4,2025-04-12
Census Tract,12031016300,Other,03/2022,2,0.6,2025-04-12
Census Tract,12031016300,Other,04/2022,1,1.4,2025-04-12
Census Tract,12031016300,Other,05/2022,0,2,2025-04-12
Census Tract,12031016300,Other,06/2022,3,2.2,2025-04-12
Census Tract,12031016300,Other,07/2022,0,1.2,2025-04-12
Census Tract,12031016300,Other,08/2022,1,3.4,2025-04-12
Census Tract,12031016300,Other,09/2022,0,1.4,2025-04-12
Census Tract,12031016300,Other,10/2022,0,1.4,2025-04-12
Census Tract,12031016300,Other,11/2022,1,1,2025-04-12
Census Tract,12031016300,Other,12/2022,0,0.8,2025-04-12
Census Tract,12031016300,Other,01/2023,2,1.6,2025-04-12
Census Tract,12031016300,Other,02/2023,1,1.4,2025-04-12
Census Tract,12031016300,Other,03/2023,3,0.6,2025-04-12
Census Tract,12031016300,Other,04/2023,0,1.4,2025-04-12
Census Tract,12031016300,Other,05/2023,0,2,2025-04-12
Census Tract,12031016300,Other,06/2023,1,2.2,2025-04-12
Census Tract,12031016300,Other,07/2023,1,1.2,2025-04-12
Census Tract,12031016300,Other,08/2023,1,3.4,2025-04-12
Census Tract,12031016300,Other,09/2023,0,1.4,2025-04-12
Census Tract,12031016300,Other,10/2023,1,1.4,2025-04-12
Census Tract,12031016300,Other,11/2023,3,1,2025-04-12
Census Tract,12031016300,Other,12/2023,1,0.8,2025-04-12
Census Tract,12031016300,Other,01/2024,1,1.6,2025-04-12
Census Tract,12031016300,Other,02/2024,0,1.4,2025-04-12
Census Tract,12031016300,Other,03/2024,0,0.6,2025-04-12
Census Tract,12031016300,Other,04/2024,1,1.4,2025-04-12
Census Tract,12031016300,Other,05/2024,0,2,2025-04-12
Census Tract,12031016300,Other,06/2024,0,2.2,2025-04-12
Census Tract,12031016300,Other,07/2024,2,1.2,2025-04-12
Census Tract,12031016300,Other,08/2024,1,3.4,2025-04-12
Census Tract,12031016300,Other,09/2024,2,1.4,2025-04-12
Census Tract,12031016300,Other,10/2024,3,1.4,2025-04-12
Census Tract,12031016300,Other,11/2024,1,1,2025-04-12
Census Tract,12031016300,Other,12/2024,1,0.8,2025-04-12
Census Tract,12031016300,Other,01/2025,0,1.6,2025-04-12
Census Tract,12031016300,Other,02/2025,0,1.4,2025-04-12
Census Tract,12031016300,Other,03/2025,0,0.6,2025-04-12
Census Tract,12031016300,Other,04/2025,0,0.6,2025-04-12
Census Tract,12031016400,White,01/2020,3,3.2,2025-04-12
Census Tract,12031016400,White,02/2020,4,2.8,2025-04-12
Census Tract,12031016400,White,03/2020,1,1.2,2025-04-12
Census Tract,12031016400,White,04/2020,0,4,2025-04-12
Census Tract,12031016400,White,05/2020,0,2.8,2025-04-12
Census Tract,12031016400,White,06/2020,0,2.6,2025-04-12
Census Tract,12031016400,White,07/2020,0,3,2025-04-12
Census Tract,12031016400,White,08/2020,0,5.2,2025-04-12
Census Tract,12031016400,White,09/2020,0,2.4,2025-04-12
Census Tract,12031016400,White,10/2020,0,2.2,2025-04-12
Census Tract,12031016400,White,11/2020,1,2,2025-04-12
Census Tract,12031016400,White,12/2020,2,3.4,2025-04-12
Census Tract,12031016400,White,01/2021,15,3.2,2025-04-12
Census Tract,12031016400,White,02/2021,0,2.8,2025-04-12
Census Tract,12031016400,White,03/2021,0,1.2,2025-04-12
Census Tract,12031016400,White,04/2021,0,4,2025-04-12
Census Tract,12031016400,White,05/2021,0,2.8,2025-04-12
Census Tract,12031016400,White,06/2021,2,2.6,2025-04-12
Census Tract,12031016400,White,07/2021,1,3,2025-04-12
Census Tract,12031016400,White,08/2021,2,5.2,2025-04-12
Census Tract,12031016400,White,09/2021,2,2.4,2025-04-12
Census Tract,12031016400,White,10/2021,1,2.2,2025-04-12
Census Tract,12031016400,White,11/2021,1,2,2025-04-12
Census Tract,12031016400,White,12/2021,8,3.4,2025-04-12
Census Tract,12031016400,White,01/2022,3,3.2,2025-04-12
Census Tract,12031016400,White,02/2022,1,2.8,2025-04-12
Census Tract,12031016400,White,03/2022,3,1.2,2025-04-12
Census Tract,12031016400,White,04/2022,5,4,2025-04-12
Census Tract,12031016400,White,05/2022,6,2.8,2025-04-12
Census Tract,12031016400,White,06/2022,7,2.6,2025-04-12
Census Tract,12031016400,White,07/2022,3,3,2025-04-12
Census Tract,12031016400,White,08/2022,4,5.2,2025-04-12
Census Tract,12031016400,White,09/2022,2,2.4,2025-04-12
Census Tract,12031016400,White,10/2022,4,2.2,2025-04-12
Census Tract,12031016400,White,11/2022,3,2,2025-04-12
Census Tract,12031016400,White,12/2022,1,3.4,2025-04-12
Census Tract,12031016400,White,01/2023,3,3.2,2025-04-12
Census Tract,12031016400,White,02/2023,3,2.8,2025-04-12
Census Tract,12031016400,White,03/2023,3,1.2,2025-04-12
Census Tract,12031016400,White,04/2023,1,4,2025-04-12
Census Tract,12031016400,White,05/2023,1,2.8,2025-04-12
Census Tract,12031016400,White,06/2023,2,2.6,2025-04-12
Census Tract,12031016400,White,07/2023,1,3,2025-04-12
Census Tract,12031016400,White,08/2023,3,5.2,2025-04-12
Census Tract,12031016400,White,09/2023,4,2.4,2025-04-12
Census Tract,12031016400,White,10/2023,2,2.2,2025-04-12
Census Tract,12031016400,White,11/2023,5,2,2025-04-12
Census Tract,12031016400,White,12/2023,0,3.4,2025-04-12
Census Tract,12031016400,White,01/2024,4,3.2,2025-04-12
Census Tract,12031016400,White,02/2024,3,2.8,2025-04-12
Census Tract,12031016400,White,03/2024,0,1.2,2025-04-12
Census Tract,12031016400,White,04/2024,0,4,2025-04-12
Census Tract,12031016400,White,05/2024,1,2.8,2025-04-12
Census Tract,12031016400,White,06/2024,1,2.6,2025-04-12
Census Tract,12031016400,White,07/2024,5,3,2025-04-12
Census Tract,12031016400,White,08/2024,4,5.2,2025-04-12
Census Tract,12031016400,White,09/2024,1,2.4,2025-04-12
Census Tract,12031016400,White,10/2024,1,2.2,2025-04-12
Census Tract,12031016400,White,11/2024,1,2,2025-04-12
Census Tract,12031016400,White,12/2024,0,3.4,2025-04-12
Census Tract,12031016400,White,01/2025,1,3.2,2025-04-12
Census Tract,12031016400,White,02/2025,0,2.8,2025-04-12
Census Tract,12031016400,White,03/2025,1,1.2,2025-04-12
Census Tract,12031016400,White,04/2025,0,0.4,2025-04-12
Census Tract,12031016500,White,01/2020,1,0.4,2025-04-12
Census Tract,12031016500,White,02/2020,1,1.2,2025-04-12
Census Tract,12031016500,White,03/2020,2,0.8,2025-04-12
Census Tract,12031016500,White,04/2020,0,0.6,2025-04-12
Census Tract,12031016500,White,05/2020,0,0.4,2025-04-12
Census Tract,12031016500,White,06/2020,0,0.6,2025-04-12
Census Tract,12031016500,White,07/2020,0,1,2025-04-12
Census Tract,12031016500,White,08/2020,0,0.8,2025-04-12
Census Tract,12031016500,White,09/2020,1,0.6,2025-04-12
Census Tract,12031016500,White,10/2020,0,1.6,2025-04-12
Census Tract,12031016500,White,11/2020,1,0.8,2025-04-12
Census Tract,12031016500,White,12/2020,0,0.6,2025-04-12
Census Tract,12031016500,White,01/2021,0,0.4,2025-04-12
Census Tract,12031016500,White,02/2021,1,1.2,2025-04-12
Census Tract,12031016500,White,03/2021,0,0.8,2025-04-12
Census Tract,12031016500,White,04/2021,0,0.6,2025-04-12
Census Tract,12031016500,White,05/2021,0,0.4,2025-04-12
Census Tract,12031016500,White,06/2021,1,0.6,2025-04-12
Census Tract,12031016500,White,07/2021,1,1,2025-04-12
Census Tract,12031016500,White,08/2021,1,0.8,2025-04-12
Census Tract,12031016500,White,09/2021,3,0.6,2025-04-12
Census Tract,12031016500,White,10/2021,3,1.6,2025-04-12
Census Tract,12031016500,White,11/2021,3,0.8,2025-04-12
Census Tract,12031016500,White,12/2021,0,0.6,2025-04-12
Census Tract,12031016500,White,01/2022,1,0.4,2025-04-12
Census Tract,12031016500,White,02/2022,0,1.2,2025-04-12
Census Tract,12031016500,White,03/2022,2,0.8,2025-04-12
Census Tract,12031016500,White,04/2022,0,0.6,2025-04-12
Census Tract,12031016500,White,05/2022,3,0.4,2025-04-12
Census Tract,12031016500,White,06/2022,2,0.6,2025-04-12
Census Tract,12031016500,White,07/2022,1,1,2025-04-12
Census Tract,12031016500,White,08/2022,1,0.8,2025-04-12
Census Tract,12031016500,White,09/2022,0,0.6,2025-04-12
Census Tract,12031016500,White,10/2022,0,1.6,2025-04-12
Census Tract,12031016500,White,11/2022,0,0.8,2025-04-12
Census Tract,12031016500,White,12/2022,3,0.6,2025-04-12
Census Tract,12031016500,White,01/2023,0,0.4,2025-04-12
Census Tract,12031016500,White,02/2023,1,1.2,2025-04-12
Census Tract,12031016500,White,03/2023,2,0.8,2025-04-12
Census Tract,12031016500,White,04/2023,0,0.6,2025-04-12
Census Tract,12031016500,White,05/2023,2,0.4,2025-04-12
Census Tract,12031016500,White,06/2023,1,0.6,2025-04-12
Census Tract,12031016500,White,07/2023,0,1,2025-04-12
Census Tract,12031016500,White,08/2023,0,0.8,2025-04-12
Census Tract,12031016500,White,09/2023,0,0.6,2025-04-12
Census Tract,12031016500,White,10/2023,2,1.6,2025-04-12
Census Tract,12031016500,White,11/2023,1,0.8,2025-04-12
Census Tract,12031016500,White,12/2023,0,0.6,2025-04-12
Census Tract,12031016500,White,01/2024,0,0.4,2025-04-12
Census Tract,12031016500,White,02/2024,0,1.2,2025-04-12
Census Tract,12031016500,White,03/2024,0,0.8,2025-04-12
Census Tract,12031016500,White,04/2024,0,0.6,2025-04-12
Census Tract,12031016500,White,05/2024,0,0.4,2025-04-12
Census Tract,12031016500,White,06/2024,1,0.6,2025-04-12
Census Tract,12031016500,White,07/2024,0,1,2025-04-12
Census Tract,12031016500,White,08/2024,0,0.8,2025-04-12
Census Tract,12031016500,White,09/2024,1,0.6,2025-04-12
Census Tract,12031016500,White,10/2024,1,1.6,2025-04-12
Census Tract,12031016500,White,11/2024,0,0.8,2025-04-12
Census Tract,12031016500,White,12/2024,0,0.6,2025-04-12
Census Tract,12031016500,White,01/2025,1,0.4,2025-04-12
Census Tract,12031016500,White,02/2025,0,1.2,2025-04-12
Census Tract,12031016500,White,03/2025,0,0.8,2025-04-12
Census Tract,12031016500,White,04/2025,0,0,2025-04-12
Census Tract,12031016603,White,01/2020,3,1.4,2025-04-12
Census Tract,12031016603,White,02/2020,2,1.6,2025-04-12
Census Tract,12031016603,White,03/2020,1,0.8,2025-04-12
Census Tract,12031016603,White,04/2020,0,1.2,2025-04-12
Census Tract,12031016603,White,05/2020,0,2.8,2025-04-12
Census Tract,12031016603,White,06/2020,0,1.4,2025-04-12
Census Tract,12031016603,White,07/2020,0,2,2025-04-12
Census Tract,12031016603,White,08/2020,1,3.8,2025-04-12
Census Tract,12031016603,White,09/2020,1,1.2,2025-04-12
Census Tract,12031016603,White,10/2020,1,2,2025-04-12
Census Tract,12031016603,White,11/2020,0,0.8,2025-04-12
Census Tract,12031016603,White,12/2020,0,1.6,2025-04-12
Census Tract,12031016603,White,01/2021,0,1.4,2025-04-12
Census Tract,12031016603,White,02/2021,0,1.6,2025-04-12
Census Tract,12031016603,White,03/2021,0,0.8,2025-04-12
Census Tract,12031016603,White,04/2021,1,1.2,2025-04-12
Census Tract,12031016603,White,05/2021,0,2.8,2025-04-12
Census Tract,12031016603,White,06/2021,1,1.4,2025-04-12
Census Tract,12031016603,White,07/2021,2,2,2025-04-12
Census Tract,12031016603,White,08/2021,1,3.8,2025-04-12
Census Tract,12031016603,White,09/2021,1,1.2,2025-04-12
Census Tract,12031016603,White,10/2021,1,2,2025-04-12
Census Tract,12031016603,White,11/2021,1,0.8,2025-04-12
Census Tract,12031016603,White,12/2021,1,1.6,2025-04-12
Census Tract,12031016603,White,01/2022,0,1.4,2025-04-12
Census Tract,12031016603,White,02/2022,0,1.6,2025-04-12
Census Tract,12031016603,White,03/2022,0,0.8,2025-04-12
Census Tract,12031016603,White,04/2022,0,1.2,2025-04-12
Census Tract,12031016603,White,05/2022,1,2.8,2025-04-12
Census Tract,12031016603,White,06/2022,1,1.4,2025-04-12
Census Tract,12031016603,White,07/2022,1,2,2025-04-12
Census Tract,12031016603,White,08/2022,2,3.8,2025-04-12
Census Tract,12031016603,White,09/2022,0,1.2,2025-04-12
Census Tract,12031016603,White,10/2022,1,2,2025-04-12
Census Tract,12031016603,White,11/2022,0,0.8,2025-04-12
Census Tract,12031016603,White,12/2022,1,1.6,2025-04-12
Census Tract,12031016603,White,01/2023,2,1.4,2025-04-12
Census Tract,12031016603,White,02/2023,1,1.6,2025-04-12
Census Tract,12031016603,White,03/2023,3,0.8,2025-04-12
Census Tract,12031016603,White,04/2023,0,1.2,2025-04-12
Census Tract,12031016603,White,05/2023,1,2.8,2025-04-12
Census Tract,12031016603,White,06/2023,2,1.4,2025-04-12
Census Tract,12031016603,White,07/2023,4,2,2025-04-12
Census Tract,12031016603,White,08/2023,5,3.8,2025-04-12
Census Tract,12031016603,White,09/2023,1,1.2,2025-04-12
Census Tract,12031016603,White,10/2023,0,2,2025-04-12
Census Tract,12031016603,White,11/2023,0,0.8,2025-04-12
Census Tract,12031016603,White,12/2023,2,1.6,2025-04-12
Census Tract,12031016603,White,01/2024,1,1.4,2025-04-12
Census Tract,12031016603,White,02/2024,0,1.6,2025-04-12
Census Tract,12031016603,White,03/2024,0,0.8,2025-04-12
Census Tract,12031016603,White,04/2024,0,1.2,2025-04-12
Census Tract,12031016603,White,05/2024,2,2.8,2025-04-12
Census Tract,12031016603,White,06/2024,1,1.4,2025-04-12
Census Tract,12031016603,White,07/2024,2,2,2025-04-12
Census Tract,12031016603,White,08/2024,3,3.8,2025-04-12
Census Tract,12031016603,White,09/2024,1,1.2,2025-04-12
Census Tract,12031016603,White,10/2024,0,2,2025-04-12
Census Tract,12031016603,White,11/2024,2,0.8,2025-04-12
Census Tract,12031016603,White,12/2024,3,1.6,2025-04-12
Census Tract,12031016603,White,01/2025,2,1.4,2025-04-12
Census Tract,12031016603,White,02/2025,0,1.6,2025-04-12
Census Tract,12031016603,White,03/2025,2,0.8,2025-04-12
Census Tract,12031016603,White,04/2025,0,0.4,2025-04-12
Census Tract,12031016604,White,01/2020,3,1.2,2025-04-12
Census Tract,12031016604,White,02/2020,1,1.2,2025-04-12
Census Tract,12031016604,White,03/2020,0,0.4,2025-04-12
Census Tract,12031016604,White,04/2020,1,0.6,2025-04-12
Census Tract,12031016604,White,05/2020,0,1.4,2025-04-12
Census Tract,12031016604,White,06/2020,0,0.2,2025-04-12
Census Tract,12031016604,White,07/2020,0,0.8,2025-04-12
Census Tract,12031016604,White,08/2020,1,1,2025-04-12
Census Tract,12031016604,White,09/2020,4,1.8,2025-04-12
Census Tract,12031016604,White,10/2020,5,0.8,2025-04-12
Census Tract,12031016604,White,11/2020,1,1,2025-04-12
Census Tract,12031016604,White,12/2020,1,1.8,2025-04-12
Census Tract,12031016604,White,01/2021,2,1.2,2025-04-12
Census Tract,12031016604,White,02/2021,1,1.2,2025-04-12
Census Tract,12031016604,White,03/2021,1,0.4,2025-04-12
Census Tract,12031016604,White,04/2021,0,0.6,2025-04-12
Census Tract,12031016604,White,05/2021,0,1.4,2025-04-12
Census Tract,12031016604,White,06/2021,1,0.2,2025-04-12
Census Tract,12031016604,White,07/2021,1,0.8,2025-04-12
Census Tract,12031016604,White,08/2021,2,1,2025-04-12
Census Tract,12031016604,White,09/2021,1,1.8,2025-04-12
Census Tract,12031016604,White,10/2021,3,0.8,2025-04-12
Census Tract,12031016604,White,11/2021,0,1,2025-04-12
Census Tract,12031016604,White,12/2021,0,1.8,2025-04-12
Census Tract,12031016604,White,01/2022,4,1.2,2025-04-12
Census Tract,12031016604,White,02/2022,1,1.2,2025-04-12
Census Tract,12031016604,White,03/2022,0,0.4,2025-04-12
Census Tract,12031016604,White,04/2022,4,0.6,2025-04-12
Census Tract,12031016604,White,05/2022,2,1.4,2025-04-12
Census Tract,12031016604,White,06/2022,4,0.2,2025-04-12
Census Tract,12031016604,White,07/2022,3,0.8,2025-04-12
Census Tract,12031016604,White,08/2022,3,1,2025-04-12
Census Tract,12031016604,White,09/2022,2,1.8,2025-04-12
Census Tract,12031016604,White,10/2022,3,0.8,2025-04-12
Census Tract,12031016604,White,11/2022,5,1,2025-04-12
Census Tract,12031016604,White,12/2022,2,1.8,2025-04-12
Census Tract,12031016604,White,01/2023,1,1.2,2025-04-12
Census Tract,12031016604,White,02/2023,2,1.2,2025-04-12
Census Tract,12031016604,White,03/2023,1,0.4,2025-04-12
Census Tract,12031016604,White,04/2023,2,0.6,2025-04-12
Census Tract,12031016604,White,05/2023,2,1.4,2025-04-12
Census Tract,12031016604,White,06/2023,0,0.2,2025-04-12
Census Tract,12031016604,White,07/2023,3,0.8,2025-04-12
Census Tract,12031016604,White,08/2023,2,1,2025-04-12
Census Tract,12031016604,White,09/2023,4,1.8,2025-04-12
Census Tract,12031016604,White,10/2023,2,0.8,2025-04-12
Census Tract,12031016604,White,11/2023,3,1,2025-04-12
Census Tract,12031016604,White,12/2023,5,1.8,2025-04-12
Census Tract,12031016604,White,01/2024,2,1.2,2025-04-12
Census Tract,12031016604,White,02/2024,1,1.2,2025-04-12
Census Tract,12031016604,White,03/2024,4,0.4,2025-04-12
Census Tract,12031016604,White,04/2024,4,0.6,2025-04-12
Census Tract,12031016604,White,05/2024,5,1.4,2025-04-12
Census Tract,12031016604,White,06/2024,2,0.2,2025-04-12
Census Tract,12031016604,White,07/2024,0,0.8,2025-04-12
Census Tract,12031016604,White,08/2024,1,1,2025-04-12
Census Tract,12031016604,White,09/2024,1,1.8,2025-04-12
Census Tract,12031016604,White,10/2024,0,0.8,2025-04-12
Census Tract,12031016604,White,11/2024,0,1,2025-04-12
Census Tract,12031016604,White,12/2024,2,1.8,2025-04-12
Census Tract,12031016604,White,01/2025,5,1.2,2025-04-12
Census Tract,12031016604,White,02/2025,0,1.2,2025-04-12
Census Tract,12031016604,White,03/2025,1,0.4,2025-04-12
Census Tract,12031016604,White,04/2025,0,0.4,2025-04-12
Census Tract,12031016605,White,01/2020,1,14.2,2025-04-12
Census Tract,12031016605,White,02/2020,2,7.8,2025-04-12
Census Tract,12031016605,White,03/2020,1,10.8,2025-04-12
Census Tract,12031016605,White,04/2020,0,10.6,2025-04-12
Census Tract,12031016605,White,05/2020,0,11.2,2025-04-12
Census Tract,12031016605,White,06/2020,0,13.2,2025-04-12
Census Tract,12031016605,White,07/2020,0,11.2,2025-04-12
Census Tract,12031016605,White,08/2020,0,12,2025-04-12
Census Tract,12031016605,White,09/2020,0,13.8,2025-04-12
Census Tract,12031016605,White,10/2020,1,10.6,2025-04-12
Census Tract,12031016605,White,11/2020,2,8.6,2025-04-12
Census Tract,12031016605,White,12/2020,1,11.6,2025-04-12
Census Tract,12031016605,White,01/2021,1,14.2,2025-04-12
Census Tract,12031016605,White,02/2021,0,7.8,2025-04-12
Census Tract,12031016605,White,03/2021,1,10.8,2025-04-12
Census Tract,12031016605,White,04/2021,0,10.6,2025-04-12
Census Tract,12031016605,White,05/2021,0,11.2,2025-04-12
Census Tract,12031016605,White,06/2021,0,13.2,2025-04-12
Census Tract,12031016605,White,07/2021,1,11.2,2025-04-12
Census Tract,12031016605,White,08/2021,2,12,2025-04-12
Census Tract,12031016605,White,09/2021,3,13.8,2025-04-12
Census Tract,12031016605,White,10/2021,0,10.6,2025-04-12
Census Tract,12031016605,White,11/2021,0,8.6,2025-04-12
Census Tract,12031016605,White,12/2021,0,11.6,2025-04-12
Census Tract,12031016605,White,01/2022,0,14.2,2025-04-12
Census Tract,12031016605,White,02/2022,2,7.8,2025-04-12
Census Tract,12031016605,White,03/2022,1,10.8,2025-04-12
Census Tract,12031016605,White,04/2022,0,10.6,2025-04-12
Census Tract,12031016605,White,05/2022,1,11.2,2025-04-12
Census Tract,12031016605,White,06/2022,4,13.2,2025-04-12
Census Tract,12031016605,White,07/2022,1,11.2,2025-04-12
Census Tract,12031016605,White,08/2022,1,12,2025-04-12
Census Tract,12031016605,White,09/2022,0,13.8,2025-04-12
Census Tract,12031016605,White,10/2022,7,10.6,2025-04-12
Census Tract,12031016605,White,11/2022,0,8.6,2025-04-12
Census Tract,12031016605,White,12/2022,2,11.6,2025-04-12
Census Tract,12031016605,White,01/2023,0,14.2,2025-04-12
Census Tract,12031016605,White,02/2023,1,7.8,2025-04-12
Census Tract,12031016605,White,03/2023,7,10.8,2025-04-12
Census Tract,12031016605,White,04/2023,3,10.6,2025-04-12
Census Tract,12031016605,White,05/2023,3,11.2,2025-04-12
Census Tract,12031016605,White,06/2023,3,13.2,2025-04-12
Census Tract,12031016605,White,07/2023,2,11.2,2025-04-12
Census Tract,12031016605,White,08/2023,1,12,2025-04-12
Census Tract,12031016605,White,09/2023,5,13.8,2025-04-12
Census Tract,12031016605,White,10/2023,7,10.6,2025-04-12
Census Tract,12031016605,White,11/2023,3,8.6,2025-04-12
Census Tract,12031016605,White,12/2023,4,11.6,2025-04-12
Census Tract,12031016605,White,01/2024,4,14.2,2025-04-12
Census Tract,12031016605,White,02/2024,1,7.8,2025-04-12
Census Tract,12031016605,White,03/2024,3,10.8,2025-04-12
Census Tract,12031016605,White,04/2024,5,10.6,2025-04-12
Census Tract,12031016605,White,05/2024,4,11.2,2025-04-12
Census Tract,12031016605,White,06/2024,5,13.2,2025-04-12
Census Tract,12031016605,White,07/2024,3,11.2,2025-04-12
Census Tract,12031016605,White,08/2024,1,12,2025-04-12
Census Tract,12031016605,White,09/2024,2,13.8,2025-04-12
Census Tract,12031016605,White,10/2024,0,10.6,2025-04-12
Census Tract,12031016605,White,11/2024,1,8.6,2025-04-12
Census Tract,12031016605,White,12/2024,0,11.6,2025-04-12
Census Tract,12031016605,White,01/2025,2,14.2,2025-04-12
Census Tract,12031016605,White,02/2025,4,7.8,2025-04-12
Census Tract,12031016605,White,03/2025,2,10.8,2025-04-12
Census Tract,12031016605,White,04/2025,0,3.6,2025-04-12
Census Tract,12031016606,Other,01/2020,21,14.6,2025-04-12
Census Tract,12031016606,Other,02/2020,9,10.6,2025-04-12
Census Tract,12031016606,Other,03/2020,2,11,2025-04-12
Census Tract,12031016606,Other,04/2020,0,10.8,2025-04-12
Census Tract,12031016606,Other,05/2020,0,7.8,2025-04-12
Census Tract,12031016606,Other,06/2020,1,10.6,2025-04-12
Census Tract,12031016606,Other,07/2020,0,19.8,2025-04-12
Census Tract,12031016606,Other,08/2020,8,15.2,2025-04-12
Census Tract,12031016606,Other,09/2020,6,16,2025-04-12
Census Tract,12031016606,Other,10/2020,13,14.8,2025-04-12
Census Tract,12031016606,Other,11/2020,9,8,2025-04-12
Census Tract,12031016606,Other,12/2020,5,14.6,2025-04-12
Census Tract,12031016606,Other,01/2021,3,14.6,2025-04-12
Census Tract,12031016606,Other,02/2021,5,10.6,2025-04-12
Census Tract,12031016606,Other,03/2021,5,11,2025-04-12
Census Tract,12031016606,Other,04/2021,1,10.8,2025-04-12
Census Tract,12031016606,Other,05/2021,0,7.8,2025-04-12
Census Tract,12031016606,Other,06/2021,11,10.6,2025-04-12
Census Tract,12031016606,Other,07/2021,17,19.8,2025-04-12
Census Tract,12031016606,Other,08/2021,13,15.2,2025-04-12
Census Tract,12031016606,Other,09/2021,26,16,2025-04-12
Census Tract,12031016606,Other,10/2021,14,14.8,2025-04-12
Census Tract,12031016606,Other,11/2021,23,8,2025-04-12
Census Tract,12031016606,Other,12/2021,7,14.6,2025-04-12
Census Tract,12031016606,Other,01/2022,13,14.6,2025-04-12
Census Tract,12031016606,Other,02/2022,6,10.6,2025-04-12
Census Tract,12031016606,Other,03/2022,11,11,2025-04-12
Census Tract,12031016606,Other,04/2022,14,10.8,2025-04-12
Census Tract,12031016606,Other,05/2022,14,7.8,2025-04-12
Census Tract,12031016606,Other,06/2022,23,10.6,2025-04-12
Census Tract,12031016606,Other,07/2022,6,19.8,2025-04-12
Census Tract,12031016606,Other,08/2022,10,15.2,2025-04-12
Census Tract,12031016606,Other,09/2022,29,16,2025-04-12
Census Tract,12031016606,Other,10/2022,17,14.8,2025-04-12
Census Tract,12031016606,Other,11/2022,15,8,2025-04-12
Census Tract,12031016606,Other,12/2022,17,14.6,2025-04-12
Census Tract,12031016606,Other,01/2023,16,14.6,2025-04-12
Census Tract,12031016606,Other,02/2023,20,10.6,2025-04-12
Census Tract,12031016606,Other,03/2023,9,11,2025-04-12
Census Tract,12031016606,Other,04/2023,12,10.8,2025-04-12
Census Tract,12031016606,Other,05/2023,15,7.8,2025-04-12
Census Tract,12031016606,Other,06/2023,15,10.6,2025-04-12
Census Tract,12031016606,Other,07/2023,12,19.8,2025-04-12
Census Tract,12031016606,Other,08/2023,8,15.2,2025-04-12
Census Tract,12031016606,Other,09/2023,20,16,2025-04-12
Census Tract,12031016606,Other,10/2023,10,14.8,2025-04-12
Census Tract,12031016606,Other,11/2023,12,8,2025-04-12
Census Tract,12031016606,Other,12/2023,15,14.6,2025-04-12
Census Tract,12031016606,Other,01/2024,9,14.6,2025-04-12
Census Tract,12031016606,Other,02/2024,19,10.6,2025-04-12
Census Tract,12031016606,Other,03/2024,14,11,2025-04-12
Census Tract,12031016606,Other,04/2024,17,10.8,2025-04-12
Census Tract,12031016606,Other,05/2024,27,7.8,2025-04-12
Census Tract,12031016606,Other,06/2024,12,10.6,2025-04-12
Census Tract,12031016606,Other,07/2024,21,19.8,2025-04-12
Census Tract,12031016606,Other,08/2024,28,15.2,2025-04-12
Census Tract,12031016606,Other,09/2024,26,16,2025-04-12
Census Tract,12031016606,Other,10/2024,16,14.8,2025-04-12
Census Tract,12031016606,Other,11/2024,18,8,2025-04-12
Census Tract,12031016606,Other,12/2024,10,14.6,2025-04-12
Census Tract,12031016606,Other,01/2025,17,14.6,2025-04-12
Census Tract,12031016606,Other,02/2025,27,10.6,2025-04-12
Census Tract,12031016606,Other,03/2025,14,11,2025-04-12
Census Tract,12031016606,Other,04/2025,1,1.6,2025-04-12
Census Tract,12031016711,White,01/2020,0,0.2,2025-04-12
Census Tract,12031016711,White,02/2020,0,0,2025-04-12
Census Tract,12031016711,White,03/2020,0,0.2,2025-04-12
Census Tract,12031016711,White,04/2020,0,0.6,2025-04-12
Census Tract,12031016711,White,05/2020,0,0.2,2025-04-12
Census Tract,12031016711,White,06/2020,0,0.2,2025-04-12
Census Tract,12031016711,White,07/2020,0,0.6,2025-04-12
Census Tract,12031016711,White,08/2020,0,0,2025-04-12
Census Tract,12031016711,White,09/2020,0,0,2025-04-12
Census Tract,12031016711,White,10/2020,0,0.2,2025-04-12
Census Tract,12031016711,White,11/2020,0,0.6,2025-04-12
Census Tract,12031016711,White,12/2020,0,0.2,2025-04-12
Census Tract,12031016711,White,01/2021,0,0.2,2025-04-12
Census Tract,12031016711,White,02/2021,0,0,2025-04-12
Census Tract,12031016711,White,03/2021,0,0.2,2025-04-12
Census Tract,12031016711,White,04/2021,0,0.6,2025-04-12
Census Tract,12031016711,White,05/2021,0,0.2,2025-04-12
Census Tract,12031016711,White,06/2021,0,0.2,2025-04-12
Census Tract,12031016711,White,07/2021,0,0.6,2025-04-12
Census Tract,12031016711,White,08/2021,0,0,2025-04-12
Census Tract,12031016711,White,09/2021,1,0,2025-04-12
Census Tract,12031016711,White,10/2021,0,0.2,2025-04-12
Census Tract,12031016711,White,11/2021,0,0.6,2025-04-12
Census Tract,12031016711,White,12/2021,0,0.2,2025-04-12
Census Tract,12031016711,White,01/2022,1,0.2,2025-04-12
Census Tract,12031016711,White,02/2022,0,0,2025-04-12
Census Tract,12031016711,White,03/2022,1,0.2,2025-04-12
Census Tract,12031016711,White,04/2022,0,0.6,2025-04-12
Census Tract,12031016711,White,05/2022,0,0.2,2025-04-12
Census Tract,12031016711,White,06/2022,2,0.2,2025-04-12
Census Tract,12031016711,White,07/2022,1,0.6,2025-04-12
Census Tract,12031016711,White,08/2022,1,0,2025-04-12
Census Tract,12031016711,White,09/2022,0,0,2025-04-12
Census Tract,12031016711,White,10/2022,1,0.2,2025-04-12
Census Tract,12031016711,White,11/2022,1,0.6,2025-04-12
Census Tract,12031016711,White,12/2022,1,0.2,2025-04-12
Census Tract,12031016711,White,01/2023,0,0.2,2025-04-12
Census Tract,12031016711,White,02/2023,0,0,2025-04-12
Census Tract,12031016711,White,03/2023,0,0.2,2025-04-12
Census Tract,12031016711,White,04/2023,1,0.6,2025-04-12
Census Tract,12031016711,White,05/2023,0,0.2,2025-04-12
Census Tract,12031016711,White,06/2023,0,0.2,2025-04-12
Census Tract,12031016711,White,07/2023,1,0.6,2025-04-12
Census Tract,12031016711,White,08/2023,0,0,2025-04-12
Census Tract,12031016711,White,09/2023,0,0,2025-04-12
Census Tract,12031016711,White,10/2023,0,0.2,2025-04-12
Census Tract,12031016711,White,11/2023,0,0.6,2025-04-12
Census Tract,12031016711,White,12/2023,0,0.2,2025-04-12
Census Tract,12031016711,White,01/2024,0,0.2,2025-04-12
Census Tract,12031016711,White,02/2024,2,0,2025-04-12
Census Tract,12031016711,White,03/2024,0,0.2,2025-04-12
Census Tract,12031016711,White,04/2024,0,0.6,2025-04-12
Census Tract,12031016711,White,05/2024,1,0.2,2025-04-12
Census Tract,12031016711,White,06/2024,0,0.2,2025-04-12
Census Tract,12031016711,White,07/2024,2,0.6,2025-04-12
Census Tract,12031016711,White,08/2024,1,0,2025-04-12
Census Tract,12031016711,White,09/2024,0,0,2025-04-12
Census Tract,12031016711,White,10/2024,2,0.2,2025-04-12
Census Tract,12031016711,White,11/2024,0,0.6,2025-04-12
Census Tract,12031016711,White,12/2024,0,0.2,2025-04-12
Census Tract,12031016711,White,01/2025,0,0.2,2025-04-12
Census Tract,12031016711,White,02/2025,0,0,2025-04-12
Census Tract,12031016711,White,03/2025,0,0.2,2025-04-12
Census Tract,12031016711,White,04/2025,0,0.4,2025-04-12
Census Tract,12031016724,White,01/2020,8,14.4,2025-04-12
Census Tract,12031016724,White,02/2020,4,9.4,2025-04-12
Census Tract,12031016724,White,03/2020,5,8.2,2025-04-12
Census Tract,12031016724,White,04/2020,0,8.4,2025-04-12
Census Tract,12031016724,White,05/2020,1,13,2025-04-12
Census Tract,12031016724,White,06/2020,0,12.4,2025-04-12
Census Tract,12031016724,White,07/2020,0,13,2025-04-12
Census Tract,12031016724,White,08/2020,3,10.2,2025-04-12
Census Tract,12031016724,White,09/2020,9,14.6,2025-04-12
Census Tract,12031016724,White,10/2020,5,13.8,2025-04-12
Census Tract,12031016724,White,11/2020,6,7.4,2025-04-12
Census Tract,12031016724,White,12/2020,5,9.6,2025-04-12
Census Tract,12031016724,White,01/2021,6,14.4,2025-04-12
Census Tract,12031016724,White,02/2021,6,9.4,2025-04-12
Census Tract,12031016724,White,03/2021,5,8.2,2025-04-12
Census Tract,12031016724,White,04/2021,0,8.4,2025-04-12
Census Tract,12031016724,White,05/2021,4,13,2025-04-12
Census Tract,12031016724,White,06/2021,4,12.4,2025-04-12
Census Tract,12031016724,White,07/2021,12,13,2025-04-12
Census Tract,12031016724,White,08/2021,5,10.2,2025-04-12
Census Tract,12031016724,White,09/2021,6,14.6,2025-04-12
Census Tract,12031016724,White,10/2021,6,13.8,2025-04-12
Census Tract,12031016724,White,11/2021,5,7.4,2025-04-12
Census Tract,12031016724,White,12/2021,5,9.6,2025-04-12
Census Tract,12031016724,White,01/2022,4,14.4,2025-04-12
Census Tract,12031016724,White,02/2022,6,9.4,2025-04-12
Census Tract,12031016724,White,03/2022,8,8.2,2025-04-12
Census Tract,12031016724,White,04/2022,4,8.4,2025-04-12
Census Tract,12031016724,White,05/2022,10,13,2025-04-12
Census Tract,12031016724,White,06/2022,13,12.4,2025-04-12
Census Tract,12031016724,White,07/2022,5,13,2025-04-12
Census Tract,12031016724,White,08/2022,10,10.2,2025-04-12
Census Tract,12031016724,White,09/2022,14,14.6,2025-04-12
Census Tract,12031016724,White,10/2022,10,13.8,2025-04-12
Census Tract,12031016724,White,11/2022,5,7.4,2025-04-12
Census Tract,12031016724,White,12/2022,13,9.6,2025-04-12
Census Tract,12031016724,White,01/2023,3,14.4,2025-04-12
Census Tract,12031016724,White,02/2023,15,9.4,2025-04-12
Census Tract,12031016724,White,03/2023,5,8.2,2025-04-12
Census Tract,12031016724,White,04/2023,6,8.4,2025-04-12
Census Tract,12031016724,White,05/2023,10,13,2025-04-12
Census Tract,12031016724,White,06/2023,12,12.4,2025-04-12
Census Tract,12031016724,White,07/2023,15,13,2025-04-12
Census Tract,12031016724,White,08/2023,4,10.2,2025-04-12
Census Tract,12031016724,White,09/2023,9,14.6,2025-04-12
Census Tract,12031016724,White,10/2023,9,13.8,2025-04-12
Census Tract,12031016724,White,11/2023,10,7.4,2025-04-12
Census Tract,12031016724,White,12/2023,12,9.6,2025-04-12
Census Tract,12031016724,White,01/2024,17,14.4,2025-04-12
Census Tract,12031016724,White,02/2024,11,9.4,2025-04-12
Census Tract,12031016724,White,03/2024,17,8.2,2025-04-12
Census Tract,12031016724,White,04/2024,9,8.4,2025-04-12
Census Tract,12031016724,White,05/2024,10,13,2025-04-12
Census Tract,12031016724,White,06/2024,8,12.4,2025-04-12
Census Tract,12031016724,White,07/2024,10,13,2025-04-12
Census Tract,12031016724,White,08/2024,10,10.2,2025-04-12
Census Tract,12031016724,White,09/2024,9,14.6,2025-04-12
Census Tract,12031016724,White,10/2024,13,13.8,2025-04-12
Census Tract,12031016724,White,11/2024,6,7.4,2025-04-12
Census Tract,12031016724,White,12/2024,8,9.6,2025-04-12
Census Tract,12031016724,White,01/2025,15,14.4,2025-04-12
Census Tract,12031016724,White,02/2025,11,9.4,2025-04-12
Census Tract,12031016724,White,03/2025,11,8.2,2025-04-12
Census Tract,12031016724,White,04/2025,1,0.8,2025-04-12
Census Tract,12031016725,White,01/2020,8,13.4,2025-04-12
Census Tract,12031016725,White,02/2020,6,6.2,2025-04-12
Census Tract,12031016725,White,03/2020,1,6.4,2025-04-12
Census Tract,12031016725,White,04/2020,0,7,2025-04-12
Census Tract,12031016725,White,05/2020,0,10.6,2025-04-12
Census Tract,12031016725,White,06/2020,0,10.2,2025-04-12
Census Tract,12031016725,White,07/2020,0,11.4,2025-04-12
Census Tract,12031016725,White,08/2020,0,9,2025-04-12
Census Tract,12031016725,White,09/2020,3,8.4,2025-04-12
Census Tract,12031016725,White,10/2020,4,11,2025-04-12
Census Tract,12031016725,White,11/2020,4,6.2,2025-04-12
Census Tract,12031016725,White,12/2020,4,8.6,2025-04-12
Census Tract,12031016725,White,01/2021,3,13.4,2025-04-12
Census Tract,12031016725,White,02/2021,4,5.6,2025-04-12
Census Tract,12031016725,White,03/2021,1,6.4,2025-04-12
Census Tract,12031016725,White,04/2021,0,7,2025-04-12
Census Tract,12031016725,White,05/2021,0,10.6,2025-04-12
Census Tract,12031016725,White,06/2021,0,10.2,2025-04-12
Census Tract,12031016725,White,07/2021,2,11.4,2025-04-12
Census Tract,12031016725,White,08/2021,1,9,2025-04-12
Census Tract,12031016725,White,09/2021,1,8.4,2025-04-12
Census Tract,12031016725,White,10/2021,1,11,2025-04-12
Census Tract,12031016725,White,11/2021,1,6.2,2025-04-12
Census Tract,12031016725,White,12/2021,1,8.6,2025-04-12
Census Tract,12031016725,White,01/2022,2,13.4,2025-04-12
Census Tract,12031016725,White,02/2022,1,5.6,2025-04-12
Census Tract,12031016725,White,03/2022,2,6.4,2025-04-12
Census Tract,12031016725,White,04/2022,2,7,2025-04-12
Census Tract,12031016725,White,05/2022,5,10.6,2025-04-12
Census Tract,12031016725,White,06/2022,18,10.2,2025-04-12
Census Tract,12031016725,White,07/2022,7,11.4,2025-04-12
Census Tract,12031016725,White,08/2022,12,9,2025-04-12
Census Tract,12031016725,White,09/2022,6,8.4,2025-04-12
Census Tract,12031016725,White,10/2022,6,11,2025-04-12
Census Tract,12031016725,White,11/2022,4,6.2,2025-04-12
Census Tract,12031016725,White,12/2022,5,8.6,2025-04-12
Census Tract,12031016725,White,01/2023,3,13.4,2025-04-12
Census Tract,12031016725,White,02/2023,5,5.6,2025-04-12
Census Tract,12031016725,White,03/2023,29,6.4,2025-04-12
Census Tract,12031016725,White,04/2023,2,7,2025-04-12
Census Tract,12031016725,White,05/2023,0,10.6,2025-04-12
Census Tract,12031016725,White,06/2023,6,10.2,2025-04-12
Census Tract,12031016725,White,07/2023,2,11.4,2025-04-12
Census Tract,12031016725,White,08/2023,1,9,2025-04-12
Census Tract,12031016725,White,09/2023,0,8.4,2025-04-12
Census Tract,12031016725,White,10/2023,2,11,2025-04-12
Census Tract,12031016725,White,11/2023,3,6.2,2025-04-12
Census Tract,12031016725,White,12/2023,5,8.6,2025-04-12
Census Tract,12031016725,White,01/2024,1,13.4,2025-04-12
Census Tract,12031016725,White,02/2024,2,6.2,2025-04-12
Census Tract,12031016725,White,03/2024,6,6.4,2025-04-12
Census Tract,12031016725,White,04/2024,3,7,2025-04-12
Census Tract,12031016725,White,05/2024,4,10.6,2025-04-12
Census Tract,12031016725,White,06/2024,4,10.2,2025-04-12
Census Tract,12031016725,White,07/2024,1,11.4,2025-04-12
Census Tract,12031016725,White,08/2024,4,9,2025-04-12
Census Tract,12031016725,White,09/2024,9,8.4,2025-04-12
Census Tract,12031016725,White,10/2024,1,11,2025-04-12
Census Tract,12031016725,White,11/2024,3,6.2,2025-04-12
Census Tract,12031016725,White,12/2024,4,8.6,2025-04-12
Census Tract,12031016725,White,01/2025,14,13.4,2025-04-12
Census Tract,12031016725,White,02/2025,3,5.6,2025-04-12
Census Tract,12031016725,White,03/2025,1,6.4,2025-04-12
Census Tract,12031016725,White,04/2025,0,1,2025-04-12
Census Tract,12031016726,White,01/2020,4,3,2025-04-12
Census Tract,12031016726,White,02/2020,4,4,2025-04-12
Census Tract,12031016726,White,03/2020,0,1.2,2025-04-12
Census Tract,12031016726,White,04/2020,0,2.2,2025-04-12
Census Tract,12031016726,White,05/2020,0,3.6,2025-04-12
Census Tract,12031016726,White,06/2020,0,5.8,2025-04-12
Census Tract,12031016726,White,07/2020,1,3.6,2025-04-12
Census Tract,12031016726,White,08/2020,0,5.2,2025-04-12
Census Tract,12031016726,White,09/2020,2,2.8,2025-04-12
Census Tract,12031016726,White,10/2020,5,2.8,2025-04-12
Census Tract,12031016726,White,11/2020,4,3.6,2025-04-12
Census Tract,12031016726,White,12/2020,4,2.4,2025-04-12
Census Tract,12031016726,White,01/2021,1,3,2025-04-12
Census Tract,12031016726,White,02/2021,2,4,2025-04-12
Census Tract,12031016726,White,03/2021,1,1.2,2025-04-12
Census Tract,12031016726,White,04/2021,3,2.2,2025-04-12
Census Tract,12031016726,White,05/2021,1,3.6,2025-04-12
Census Tract,12031016726,White,06/2021,0,5.8,2025-04-12
Census Tract,12031016726,White,07/2021,3,3.6,2025-04-12
Census Tract,12031016726,White,08/2021,2,5.2,2025-04-12
Census Tract,12031016726,White,09/2021,5,2.8,2025-04-12
Census Tract,12031016726,White,10/2021,4,2.8,2025-04-12
Census Tract,12031016726,White,11/2021,0,3.6,2025-04-12
Census Tract,12031016726,White,12/2021,1,2.4,2025-04-12
Census Tract,12031016726,White,01/2022,4,3,2025-04-12
Census Tract,12031016726,White,02/2022,3,4,2025-04-12
Census Tract,12031016726,White,03/2022,0,1.2,2025-04-12
Census Tract,12031016726,White,04/2022,4,2.2,2025-04-12
Census Tract,12031016726,White,05/2022,0,3.6,2025-04-12
Census Tract,12031016726,White,06/2022,3,5.8,2025-04-12
Census Tract,12031016726,White,07/2022,1,3.6,2025-04-12
Census Tract,12031016726,White,08/2022,3,5.2,2025-04-12
Census Tract,12031016726,White,09/2022,6,2.8,2025-04-12
Census Tract,12031016726,White,10/2022,7,2.8,2025-04-12
Census Tract,12031016726,White,11/2022,2,3.6,2025-04-12
Census Tract,12031016726,White,12/2022,5,2.4,2025-04-12
Census Tract,12031016726,White,01/2023,0,3,2025-04-12
Census Tract,12031016726,White,02/2023,2,4,2025-04-12
Census Tract,12031016726,White,03/2023,6,1.2,2025-04-12
Census Tract,12031016726,White,04/2023,5,2.2,2025-04-12
Census Tract,12031016726,White,05/2023,4,3.6,2025-04-12
Census Tract,12031016726,White,06/2023,9,5.8,2025-04-12
Census Tract,12031016726,White,07/2023,4,3.6,2025-04-12
Census Tract,12031016726,White,08/2023,3,5.2,2025-04-12
Census Tract,12031016726,White,09/2023,2,2.8,2025-04-12
Census Tract,12031016726,White,10/2023,3,2.8,2025-04-12
Census Tract,12031016726,White,11/2023,3,3.6,2025-04-12
Census Tract,12031016726,White,12/2023,1,2.4,2025-04-12
Census Tract,12031016726,White,01/2024,3,3,2025-04-12
Census Tract,12031016726,White,02/2024,2,4,2025-04-12
Census Tract,12031016726,White,03/2024,0,1.2,2025-04-12
Census Tract,12031016726,White,04/2024,0,2.2,2025-04-12
Census Tract,12031016726,White,05/2024,2,3.6,2025-04-12
Census Tract,12031016726,White,06/2024,2,5.8,2025-04-12
Census Tract,12031016726,White,07/2024,2,3.6,2025-04-12
Census Tract,12031016726,White,08/2024,2,5.2,2025-04-12
Census Tract,12031016726,White,09/2024,0,2.8,2025-04-12
Census Tract,12031016726,White,10/2024,1,2.8,2025-04-12
Census Tract,12031016726,White,11/2024,0,3.6,2025-04-12
Census Tract,12031016726,White,12/2024,2,2.4,2025-04-12
Census Tract,12031016726,White,01/2025,1,3,2025-04-12
Census Tract,12031016726,White,02/2025,3,4,2025-04-12
Census Tract,12031016726,White,03/2025,2,1.2,2025-04-12
Census Tract,12031016726,White,04/2025,0,0.6,2025-04-12
Census Tract,12031016727,White,01/2020,4,5,2025-04-12
Census Tract,12031016727,White,02/2020,5,4,2025-04-12
Census Tract,12031016727,White,03/2020,3,3.6,2025-04-12
Census Tract,12031016727,White,04/2020,2,4.2,2025-04-12
Census Tract,12031016727,White,05/2020,0,5,2025-04-12
Census Tract,12031016727,White,06/2020,1,8.4,2025-04-12
Census Tract,12031016727,White,07/2020,0,5.4,2025-04-12
Census Tract,12031016727,White,08/2020,1,5,2025-04-12
Census Tract,12031016727,White,09/2020,7,5.6,2025-04-12
Census Tract,12031016727,White,10/2020,6,6.4,2025-04-12
Census Tract,12031016727,White,11/2020,0,5.4,2025-04-12
Census Tract,12031016727,White,12/2020,3,4.4,2025-04-12
Census Tract,12031016727,White,01/2021,3,5,2025-04-12
Census Tract,12031016727,White,02/2021,2,4,2025-04-12
Census Tract,12031016727,White,03/2021,4,3.6,2025-04-12
Census Tract,12031016727,White,04/2021,2,4.2,2025-04-12
Census Tract,12031016727,White,05/2021,2,5,2025-04-12
Census Tract,12031016727,White,06/2021,0,8.4,2025-04-12
Census Tract,12031016727,White,07/2021,4,5.4,2025-04-12
Census Tract,12031016727,White,08/2021,0,5,2025-04-12
Census Tract,12031016727,White,09/2021,7,5.6,2025-04-12
Census Tract,12031016727,White,10/2021,0,6.4,2025-04-12
Census Tract,12031016727,White,11/2021,2,5.4,2025-04-12
Census Tract,12031016727,White,12/2021,4,4.4,2025-04-12
Census Tract,12031016727,White,01/2022,3,5,2025-04-12
Census Tract,12031016727,White,02/2022,1,4,2025-04-12
Census Tract,12031016727,White,03/2022,0,3.6,2025-04-12
Census Tract,12031016727,White,04/2022,2,4.2,2025-04-12
Census Tract,12031016727,White,05/2022,0,5,2025-04-12
Census Tract,12031016727,White,06/2022,1,8.4,2025-04-12
Census Tract,12031016727,White,07/2022,6,5.4,2025-04-12
Census Tract,12031016727,White,08/2022,5,5,2025-04-12
Census Tract,12031016727,White,09/2022,3,5.6,2025-04-12
Census Tract,12031016727,White,10/2022,2,6.4,2025-04-12
Census Tract,12031016727,White,11/2022,2,5.4,2025-04-12
Census Tract,12031016727,White,12/2022,5,4.4,2025-04-12
Census Tract,12031016727,White,01/2023,4,5,2025-04-12
Census Tract,12031016727,White,02/2023,3,4,2025-04-12
Census Tract,12031016727,White,03/2023,4,3.6,2025-04-12
Census Tract,12031016727,White,04/2023,1,4.2,2025-04-12
Census Tract,12031016727,White,05/2023,2,5,2025-04-12
Census Tract,12031016727,White,06/2023,2,8.4,2025-04-12
Census Tract,12031016727,White,07/2023,2,5.4,2025-04-12
Census Tract,12031016727,White,08/2023,5,5,2025-04-12
Census Tract,12031016727,White,09/2023,5,5.6,2025-04-12
Census Tract,12031016727,White,10/2023,0,6.4,2025-04-12
Census Tract,12031016727,White,11/2023,4,5.4,2025-04-12
Census Tract,12031016727,White,12/2023,0,4.4,2025-04-12
Census Tract,12031016727,White,01/2024,3,5,2025-04-12
Census Tract,12031016727,White,02/2024,3,4,2025-04-12
Census Tract,12031016727,White,03/2024,3,3.6,2025-04-12
Census Tract,12031016727,White,04/2024,2,4.2,2025-04-12
Census Tract,12031016727,White,05/2024,6,5,2025-04-12
Census Tract,12031016727,White,06/2024,3,8.4,2025-04-12
Census Tract,12031016727,White,07/2024,4,5.4,2025-04-12
Census Tract,12031016727,White,08/2024,3,5,2025-04-12
Census Tract,12031016727,White,09/2024,7,5.6,2025-04-12
Census Tract,12031016727,White,10/2024,0,6.4,2025-04-12
Census Tract,12031016727,White,11/2024,0,5.4,2025-04-12
Census Tract,12031016727,White,12/2024,5,4.4,2025-04-12
Census Tract,12031016727,White,01/2025,2,5,2025-04-12
Census Tract,12031016727,White,02/2025,1,4,2025-04-12
Census Tract,12031016727,White,03/2025,0,3.6,2025-04-12
Census Tract,12031016727,White,04/2025,0,2.2,2025-04-12
Census Tract,12031016728,White,01/2020,2,0.8,2025-04-12
Census Tract,12031016728,White,02/2020,0,1.4,2025-04-12
Census Tract,12031016728,White,03/2020,1,1.2,2025-04-12
Census Tract,12031016728,White,04/2020,0,0.8,2025-04-12
Census Tract,12031016728,White,05/2020,0,1.6,2025-04-12
Census Tract,12031016728,White,06/2020,1,0.4,2025-04-12
Census Tract,12031016728,White,07/2020,1,1,2025-04-12
Census Tract,12031016728,White,08/2020,0,1,2025-04-12
Census Tract,12031016728,White,09/2020,0,0.4,2025-04-12
Census Tract,12031016728,White,10/2020,3,1.6,2025-04-12
Census Tract,12031016728,White,11/2020,2,1.6,2025-04-12
Census Tract,12031016728,White,12/2020,0,0.4,2025-04-12
Census Tract,12031016728,White,01/2021,2,0.8,2025-04-12
Census Tract,12031016728,White,02/2021,0,1.4,2025-04-12
Census Tract,12031016728,White,03/2021,0,1.2,2025-04-12
Census Tract,12031016728,White,04/2021,0,0.8,2025-04-12
Census Tract,12031016728,White,05/2021,1,1.6,2025-04-12
Census Tract,12031016728,White,06/2021,0,0.4,2025-04-12
Census Tract,12031016728,White,07/2021,0,1,2025-04-12
Census Tract,12031016728,White,08/2021,0,1,2025-04-12
Census Tract,12031016728,White,09/2021,0,0.4,2025-04-12
Census Tract,12031016728,White,10/2021,0,1.6,2025-04-12
Census Tract,12031016728,White,11/2021,0,1.6,2025-04-12
Census Tract,12031016728,White,12/2021,0,0.4,2025-04-12
Census Tract,12031016728,White,01/2022,0,0.8,2025-04-12
Census Tract,12031016728,White,02/2022,1,1.4,2025-04-12
Census Tract,12031016728,White,03/2022,0,1.2,2025-04-12
Census Tract,12031016728,White,04/2022,0,0.8,2025-04-12
Census Tract,12031016728,White,05/2022,0,1.6,2025-04-12
Census Tract,12031016728,White,06/2022,0,0.4,2025-04-12
Census Tract,12031016728,White,07/2022,1,1,2025-04-12
Census Tract,12031016728,White,08/2022,1,1,2025-04-12
Census Tract,12031016728,White,09/2022,0,0.4,2025-04-12
Census Tract,12031016728,White,10/2022,0,1.6,2025-04-12
Census Tract,12031016728,White,11/2022,0,1.6,2025-04-12
Census Tract,12031016728,White,12/2022,2,0.4,2025-04-12
Census Tract,12031016728,White,01/2023,0,0.8,2025-04-12
Census Tract,12031016728,White,02/2023,2,1.4,2025-04-12
Census Tract,12031016728,White,03/2023,0,1.2,2025-04-12
Census Tract,12031016728,White,04/2023,1,0.8,2025-04-12
Census Tract,12031016728,White,05/2023,1,1.6,2025-04-12
Census Tract,12031016728,White,06/2023,0,0.4,2025-04-12
Census Tract,12031016728,White,07/2023,1,1,2025-04-12
Census Tract,12031016728,White,08/2023,2,1,2025-04-12
Census Tract,12031016728,White,09/2023,0,0.4,2025-04-12
Census Tract,12031016728,White,10/2023,2,1.6,2025-04-12
Census Tract,12031016728,White,11/2023,0,1.6,2025-04-12
Census Tract,12031016728,White,12/2023,0,0.4,2025-04-12
Census Tract,12031016728,White,01/2024,0,0.8,2025-04-12
Census Tract,12031016728,White,02/2024,1,1.4,2025-04-12
Census Tract,12031016728,White,03/2024,0,1.2,2025-04-12
Census Tract,12031016728,White,04/2024,0,0.8,2025-04-12
Census Tract,12031016728,White,05/2024,1,1.6,2025-04-12
Census Tract,12031016728,White,06/2024,0,0.4,2025-04-12
Census Tract,12031016728,White,07/2024,1,1,2025-04-12
Census Tract,12031016728,White,08/2024,0,1,2025-04-12
Census Tract,12031016728,White,09/2024,3,0.4,2025-04-12
Census Tract,12031016728,White,10/2024,0,1.6,2025-04-12
Census Tract,12031016728,White,11/2024,0,1.6,2025-04-12
Census Tract,12031016728,White,12/2024,1,0.4,2025-04-12
Census Tract,12031016728,White,01/2025,0,0.8,2025-04-12
Census Tract,12031016728,White,02/2025,1,1.4,2025-04-12
Census Tract,12031016728,White,03/2025,3,1.2,2025-04-12
Census Tract,12031016728,White,04/2025,0,0,2025-04-12
Census Tract,12031016729,White,01/2020,7,6.4,2025-04-12
Census Tract,12031016729,White,02/2020,6,2.8,2025-04-12
Census Tract,12031016729,White,03/2020,3,2.8,2025-04-12
Census Tract,12031016729,White,04/2020,0,3.4,2025-04-12
Census Tract,12031016729,White,05/2020,0,3,2025-04-12
Census Tract,12031016729,White,06/2020,0,2.6,2025-04-12
Census Tract,12031016729,White,07/2020,0,5,2025-04-12
Census Tract,12031016729,White,08/2020,10,6.4,2025-04-12
Census Tract,12031016729,White,09/2020,2,3.4,2025-04-12
Census Tract,12031016729,White,10/2020,2,4.6,2025-04-12
Census Tract,12031016729,White,11/2020,1,4.2,2025-04-12
Census Tract,12031016729,White,12/2020,2,4,2025-04-12
Census Tract,12031016729,White,01/2021,2,6.4,2025-04-12
Census Tract,12031016729,White,02/2021,2,2.6,2025-04-12
Census Tract,12031016729,White,03/2021,1,2.8,2025-04-12
Census Tract,12031016729,White,04/2021,0,3.4,2025-04-12
Census Tract,12031016729,White,05/2021,2,3,2025-04-12
Census Tract,12031016729,White,06/2021,3,2.6,2025-04-12
Census Tract,12031016729,White,07/2021,0,5,2025-04-12
Census Tract,12031016729,White,08/2021,0,6.4,2025-04-12
Census Tract,12031016729,White,09/2021,2,3.4,2025-04-12
Census Tract,12031016729,White,10/2021,2,4.6,2025-04-12
Census Tract,12031016729,White,11/2021,0,4.2,2025-04-12
Census Tract,12031016729,White,12/2021,1,4,2025-04-12
Census Tract,12031016729,White,01/2022,0,6.4,2025-04-12
Census Tract,12031016729,White,02/2022,2,2.6,2025-04-12
Census Tract,12031016729,White,03/2022,1,2.8,2025-04-12
Census Tract,12031016729,White,04/2022,2,3.4,2025-04-12
Census Tract,12031016729,White,05/2022,4,3,2025-04-12
Census Tract,12031016729,White,06/2022,1,2.6,2025-04-12
Census Tract,12031016729,White,07/2022,7,5,2025-04-12
Census Tract,12031016729,White,08/2022,1,6.4,2025-04-12
Census Tract,12031016729,White,09/2022,2,3.4,2025-04-12
Census Tract,12031016729,White,10/2022,2,4.6,2025-04-12
Census Tract,12031016729,White,11/2022,4,4.2,2025-04-12
Census Tract,12031016729,White,12/2022,1,4,2025-04-12
Census Tract,12031016729,White,01/2023,7,6.4,2025-04-12
Census Tract,12031016729,White,02/2023,5,2.6,2025-04-12
Census Tract,12031016729,White,03/2023,4,2.8,2025-04-12
Census Tract,12031016729,White,04/2023,6,3.4,2025-04-12
Census Tract,12031016729,White,05/2023,4,3,2025-04-12
Census Tract,12031016729,White,06/2023,6,2.6,2025-04-12
Census Tract,12031016729,White,07/2023,1,5,2025-04-12
Census Tract,12031016729,White,08/2023,2,6.4,2025-04-12
Census Tract,12031016729,White,09/2023,2,3.4,2025-04-12
Census Tract,12031016729,White,10/2023,2,4.6,2025-04-12
Census Tract,12031016729,White,11/2023,2,4.2,2025-04-12
Census Tract,12031016729,White,12/2023,8,4,2025-04-12
Census Tract,12031016729,White,01/2024,4,6.4,2025-04-12
Census Tract,12031016729,White,02/2024,2,2.8,2025-04-12
Census Tract,12031016729,White,03/2024,6,2.8,2025-04-12
Census Tract,12031016729,White,04/2024,4,3.4,2025-04-12
Census Tract,12031016729,White,05/2024,1,3,2025-04-12
Census Tract,12031016729,White,06/2024,4,2.6,2025-04-12
Census Tract,12031016729,White,07/2024,5,5,2025-04-12
Census Tract,12031016729,White,08/2024,1,6.4,2025-04-12
Census Tract,12031016729,White,09/2024,1,3.4,2025-04-12
Census Tract,12031016729,White,10/2024,7,4.6,2025-04-12
Census Tract,12031016729,White,11/2024,3,4.2,2025-04-12
Census Tract,12031016729,White,12/2024,4,4,2025-04-12
Census Tract,12031016729,White,01/2025,4,6.4,2025-04-12
Census Tract,12031016729,White,02/2025,7,2.6,2025-04-12
Census Tract,12031016729,White,03/2025,9,2.8,2025-04-12
Census Tract,12031016729,White,04/2025,0,0.6,2025-04-12
Census Tract,12031016730,White,01/2020,0,0,2025-04-12
Census Tract,12031016730,White,02/2020,0,0.4,2025-04-12
Census Tract,12031016730,White,03/2020,1,0,2025-04-12
Census Tract,12031016730,White,04/2020,0,0,2025-04-12
Census Tract,12031016730,White,05/2020,0,0,2025-04-12
Census Tract,12031016730,White,06/2020,0,0,2025-04-12
Census Tract,12031016730,White,07/2020,0,0.2,2025-04-12
Census Tract,12031016730,White,08/2020,0,0.2,2025-04-12
Census Tract,12031016730,White,09/2020,0,0.4,2025-04-12
Census Tract,12031016730,White,10/2020,1,0,2025-04-12
Census Tract,12031016730,White,11/2020,0,0.2,2025-04-12
Census Tract,12031016730,White,12/2020,1,0,2025-04-12
Census Tract,12031016730,White,01/2021,0,0,2025-04-12
Census Tract,12031016730,White,02/2021,0,0.4,2025-04-12
Census Tract,12031016730,White,03/2021,0,0,2025-04-12
Census Tract,12031016730,White,04/2021,0,0,2025-04-12
Census Tract,12031016730,White,05/2021,0,0,2025-04-12
Census Tract,12031016730,White,06/2021,0,0,2025-04-12
Census Tract,12031016730,White,07/2021,0,0.2,2025-04-12
Census Tract,12031016730,White,08/2021,0,0.2,2025-04-12
Census Tract,12031016730,White,09/2021,1,0.4,2025-04-12
Census Tract,12031016730,White,10/2021,0,0,2025-04-12
Census Tract,12031016730,White,11/2021,0,0.2,2025-04-12
Census Tract,12031016730,White,12/2021,0,0,2025-04-12
Census Tract,12031016730,White,01/2022,0,0,2025-04-12
Census Tract,12031016730,White,02/2022,0,0.4,2025-04-12
Census Tract,12031016730,White,03/2022,0,0,2025-04-12
Census Tract,12031016730,White,04/2022,2,0,2025-04-12
Census Tract,12031016730,White,05/2022,0,0,2025-04-12
Census Tract,12031016730,White,06/2022,0,0,2025-04-12
Census Tract,12031016730,White,07/2022,1,0.2,2025-04-12
Census Tract,12031016730,White,08/2022,0,0.2,2025-04-12
Census Tract,12031016730,White,09/2022,1,0.4,2025-04-12
Census Tract,12031016730,White,10/2022,0,0,2025-04-12
Census Tract,12031016730,White,11/2022,0,0.2,2025-04-12
Census Tract,12031016730,White,12/2022,2,0,2025-04-12
Census Tract,12031016730,White,01/2023,2,0,2025-04-12
Census Tract,12031016730,White,02/2023,0,0.4,2025-04-12
Census Tract,12031016730,White,03/2023,0,0,2025-04-12
Census Tract,12031016730,White,04/2023,0,0,2025-04-12
Census Tract,12031016730,White,05/2023,0,0,2025-04-12
Census Tract,12031016730,White,06/2023,1,0,2025-04-12
Census Tract,12031016730,White,07/2023,0,0.2,2025-04-12
Census Tract,12031016730,White,08/2023,0,0.2,2025-04-12
Census Tract,12031016730,White,09/2023,0,0.4,2025-04-12
Census Tract,12031016730,White,10/2023,0,0,2025-04-12
Census Tract,12031016730,White,11/2023,0,0.2,2025-04-12
Census Tract,12031016730,White,12/2023,1,0,2025-04-12
Census Tract,12031016730,White,01/2024,0,0,2025-04-12
Census Tract,12031016730,White,02/2024,0,0.4,2025-04-12
Census Tract,12031016730,White,03/2024,0,0,2025-04-12
Census Tract,12031016730,White,04/2024,0,0,2025-04-12
Census Tract,12031016730,White,05/2024,0,0,2025-04-12
Census Tract,12031016730,White,06/2024,0,0,2025-04-12
Census Tract,12031016730,White,07/2024,1,0.2,2025-04-12
Census Tract,12031016730,White,08/2024,0,0.2,2025-04-12
Census Tract,12031016730,White,09/2024,0,0.4,2025-04-12
Census Tract,12031016730,White,10/2024,0,0,2025-04-12
Census Tract,12031016730,White,11/2024,0,0.2,2025-04-12
Census Tract,12031016730,White,12/2024,0,0,2025-04-12
Census Tract,12031016730,White,01/2025,1,0,2025-04-12
Census Tract,12031016730,White,02/2025,0,0.4,2025-04-12
Census Tract,12031016730,White,03/2025,0,0,2025-04-12
Census Tract,12031016730,White,04/2025,0,0,2025-04-12
Census Tract,12031016731,White,01/2020,5,11.4,2025-04-12
Census Tract,12031016731,White,02/2020,5,4.6,2025-04-12
Census Tract,12031016731,White,03/2020,1,9,2025-04-12
Census Tract,12031016731,White,04/2020,0,9.8,2025-04-12
Census Tract,12031016731,White,05/2020,0,8.4,2025-04-12
Census Tract,12031016731,White,06/2020,2,10.6,2025-04-12
Census Tract,12031016731,White,07/2020,0,13.8,2025-04-12
Census Tract,12031016731,White,08/2020,12,12.2,2025-04-12
Census Tract,12031016731,White,09/2020,3,10,2025-04-12
Census Tract,12031016731,White,10/2020,3,9.8,2025-04-12
Census Tract,12031016731,White,11/2020,3,5.6,2025-04-12
Census Tract,12031016731,White,12/2020,7,11.4,2025-04-12
Census Tract,12031016731,White,01/2021,6,11.4,2025-04-12
Census Tract,12031016731,White,02/2021,6,4.6,2025-04-12
Census Tract,12031016731,White,03/2021,7,9,2025-04-12
Census Tract,12031016731,White,04/2021,2,9.8,2025-04-12
Census Tract,12031016731,White,05/2021,8,8.4,2025-04-12
Census Tract,12031016731,White,06/2021,6,10.6,2025-04-12
Census Tract,12031016731,White,07/2021,6,13.8,2025-04-12
Census Tract,12031016731,White,08/2021,11,12.2,2025-04-12
Census Tract,12031016731,White,09/2021,6,10,2025-04-12
Census Tract,12031016731,White,10/2021,3,9.8,2025-04-12
Census Tract,12031016731,White,11/2021,2,5.6,2025-04-12
Census Tract,12031016731,White,12/2021,6,11.4,2025-04-12
Census Tract,12031016731,White,01/2022,8,11.4,2025-04-12
Census Tract,12031016731,White,02/2022,5,4.6,2025-04-12
Census Tract,12031016731,White,03/2022,3,9,2025-04-12
Census Tract,12031016731,White,04/2022,4,9.8,2025-04-12
Census Tract,12031016731,White,05/2022,5,8.4,2025-04-12
Census Tract,12031016731,White,06/2022,6,10.6,2025-04-12
Census Tract,12031016731,White,07/2022,4,13.8,2025-04-12
Census Tract,12031016731,White,08/2022,4,12.2,2025-04-12
Census Tract,12031016731,White,09/2022,5,10,2025-04-12
Census Tract,12031016731,White,10/2022,6,9.8,2025-04-12
Census Tract,12031016731,White,11/2022,6,5.6,2025-04-12
Census Tract,12031016731,White,12/2022,14,11.4,2025-04-12
Census Tract,12031016731,White,01/2023,5,11.4,2025-04-12
Census Tract,12031016731,White,02/2023,4,4.6,2025-04-12
Census Tract,12031016731,White,03/2023,3,9,2025-04-12
Census Tract,12031016731,White,04/2023,6,9.8,2025-04-12
Census Tract,12031016731,White,05/2023,5,8.4,2025-04-12
Census Tract,12031016731,White,06/2023,3,10.6,2025-04-12
Census Tract,12031016731,White,07/2023,4,13.8,2025-04-12
Census Tract,12031016731,White,08/2023,18,12.2,2025-04-12
Census Tract,12031016731,White,09/2023,3,10,2025-04-12
Census Tract,12031016731,White,10/2023,12,9.8,2025-04-12
Census Tract,12031016731,White,11/2023,8,5.6,2025-04-12
Census Tract,12031016731,White,12/2023,16,11.4,2025-04-12
Census Tract,12031016731,White,01/2024,5,11.4,2025-04-12
Census Tract,12031016731,White,02/2024,2,4.6,2025-04-12
Census Tract,12031016731,White,03/2024,8,9,2025-04-12
Census Tract,12031016731,White,04/2024,5,9.8,2025-04-12
Census Tract,12031016731,White,05/2024,2,8.4,2025-04-12
Census Tract,12031016731,White,06/2024,3,10.6,2025-04-12
Census Tract,12031016731,White,07/2024,9,13.8,2025-04-12
Census Tract,12031016731,White,08/2024,4,12.2,2025-04-12
Census Tract,12031016731,White,09/2024,5,10,2025-04-12
Census Tract,12031016731,White,10/2024,13,9.8,2025-04-12
Census Tract,12031016731,White,11/2024,5,5.6,2025-04-12
Census Tract,12031016731,White,12/2024,9,11.4,2025-04-12
Census Tract,12031016731,White,01/2025,22,11.4,2025-04-12
Census Tract,12031016731,White,02/2025,11,4.6,2025-04-12
Census Tract,12031016731,White,03/2025,2,9,2025-04-12
Census Tract,12031016731,White,04/2025,1,2.4,2025-04-12
Census Tract,12031016801,White,01/2020,0,0,2025-04-12
Census Tract,12031016801,White,02/2020,0,0,2025-04-12
Census Tract,12031016801,White,03/2020,0,0.2,2025-04-12
Census Tract,12031016801,White,04/2020,0,0,2025-04-12
Census Tract,12031016801,White,05/2020,0,0.2,2025-04-12
Census Tract,12031016801,White,06/2020,0,0,2025-04-12
Census Tract,12031016801,White,07/2020,0,0.2,2025-04-12
Census Tract,12031016801,White,08/2020,0,0.2,2025-04-12
Census Tract,12031016801,White,09/2020,0,0,2025-04-12
Census Tract,12031016801,White,10/2020,2,0,2025-04-12
Census Tract,12031016801,White,11/2020,0,0,2025-04-12
Census Tract,12031016801,White,12/2020,0,0.2,2025-04-12
Census Tract,12031016801,White,01/2021,0,0,2025-04-12
Census Tract,12031016801,White,02/2021,0,0,2025-04-12
Census Tract,12031016801,White,03/2021,0,0.2,2025-04-12
Census Tract,12031016801,White,04/2021,0,0,2025-04-12
Census Tract,12031016801,White,05/2021,0,0.2,2025-04-12
Census Tract,12031016801,White,06/2021,0,0,2025-04-12
Census Tract,12031016801,White,07/2021,0,0.2,2025-04-12
Census Tract,12031016801,White,08/2021,0,0.2,2025-04-12
Census Tract,12031016801,White,09/2021,1,0,2025-04-12
Census Tract,12031016801,White,10/2021,0,0,2025-04-12
Census Tract,12031016801,White,11/2021,1,0,2025-04-12
Census Tract,12031016801,White,12/2021,0,0.2,2025-04-12
Census Tract,12031016801,White,01/2022,0,0,2025-04-12
Census Tract,12031016801,White,02/2022,0,0,2025-04-12
Census Tract,12031016801,White,03/2022,0,0.2,2025-04-12
Census Tract,12031016801,White,04/2022,0,0,2025-04-12
Census Tract,12031016801,White,05/2022,0,0.2,2025-04-12
Census Tract,12031016801,White,06/2022,0,0,2025-04-12
Census Tract,12031016801,White,07/2022,0,0.2,2025-04-12
Census Tract,12031016801,White,08/2022,0,0.2,2025-04-12
Census Tract,12031016801,White,09/2022,0,0,2025-04-12
Census Tract,12031016801,White,10/2022,0,0,2025-04-12
Census Tract,12031016801,White,11/2022,0,0,2025-04-12
Census Tract,12031016801,White,12/2022,0,0.2,2025-04-12
Census Tract,12031016801,White,01/2023,0,0,2025-04-12
Census Tract,12031016801,White,02/2023,0,0,2025-04-12
Census Tract,12031016801,White,03/2023,0,0.2,2025-04-12
Census Tract,12031016801,White,04/2023,0,0,2025-04-12
Census Tract,12031016801,White,05/2023,0,0.2,2025-04-12
Census Tract,12031016801,White,06/2023,0,0,2025-04-12
Census Tract,12031016801,White,07/2023,0,0.2,2025-04-12
Census Tract,12031016801,White,08/2023,1,0.2,2025-04-12
Census Tract,12031016801,White,09/2023,0,0,2025-04-12
Census Tract,12031016801,White,10/2023,1,0,2025-04-12
Census Tract,12031016801,White,11/2023,0,0,2025-04-12
Census Tract,12031016801,White,12/2023,0,0.2,2025-04-12
Census Tract,12031016801,White,01/2024,0,0,2025-04-12
Census Tract,12031016801,White,02/2024,0,0,2025-04-12
Census Tract,12031016801,White,03/2024,0,0.2,2025-04-12
Census Tract,12031016801,White,04/2024,0,0,2025-04-12
Census Tract,12031016801,White,05/2024,0,0.2,2025-04-12
Census Tract,12031016801,White,06/2024,0,0,2025-04-12
Census Tract,12031016801,White,07/2024,0,0.2,2025-04-12
Census Tract,12031016801,White,08/2024,1,0.2,2025-04-12
Census Tract,12031016801,White,09/2024,0,0,2025-04-12
Census Tract,12031016801,White,10/2024,1,0,2025-04-12
Census Tract,12031016801,White,11/2024,0,0,2025-04-12
Census Tract,12031016801,White,12/2024,0,0.2,2025-04-12
Census Tract,12031016801,White,01/2025,1,0,2025-04-12
Census Tract,12031016801,White,02/2025,0,0,2025-04-12
Census Tract,12031016801,White,03/2025,0,0.2,2025-04-12
Census Tract,12031016801,White,04/2025,0,0,2025-04-12
Census Tract,12031016803,White,01/2020,1,0.4,2025-04-12
Census Tract,12031016803,White,02/2020,2,0,2025-04-12
Census Tract,12031016803,White,03/2020,0,0.2,2025-04-12
Census Tract,12031016803,White,04/2020,0,0,2025-04-12
Census Tract,12031016803,White,05/2020,0,1.2,2025-04-12
Census Tract,12031016803,White,06/2020,0,0.6,2025-04-12
Census Tract,12031016803,White,07/2020,1,0.8,2025-04-12
Census Tract,12031016803,White,08/2020,0,0.8,2025-04-12
Census Tract,12031016803,White,09/2020,0,0.6,2025-04-12
Census Tract,12031016803,White,10/2020,0,0.8,2025-04-12
Census Tract,12031016803,White,11/2020,0,0.6,2025-04-12
Census Tract,12031016803,White,12/2020,0,0.8,2025-04-12
Census Tract,12031016803,White,01/2021,0,0.4,2025-04-12
Census Tract,12031016803,White,02/2021,0,0,2025-04-12
Census Tract,12031016803,White,03/2021,0,0.2,2025-04-12
Census Tract,12031016803,White,04/2021,0,0,2025-04-12
Census Tract,12031016803,White,05/2021,0,1.2,2025-04-12
Census Tract,12031016803,White,06/2021,0,0.6,2025-04-12
Census Tract,12031016803,White,07/2021,1,0.8,2025-04-12
Census Tract,12031016803,White,08/2021,0,0.8,2025-04-12
Census Tract,12031016803,White,09/2021,2,0.6,2025-04-12
Census Tract,12031016803,White,10/2021,0,0.8,2025-04-12
Census Tract,12031016803,White,11/2021,0,0.6,2025-04-12
Census Tract,12031016803,White,12/2021,0,0.8,2025-04-12
Census Tract,12031016803,White,01/2022,0,0.4,2025-04-12
Census Tract,12031016803,White,02/2022,1,0,2025-04-12
Census Tract,12031016803,White,03/2022,2,0.2,2025-04-12
Census Tract,12031016803,White,04/2022,1,0,2025-04-12
Census Tract,12031016803,White,05/2022,0,1.2,2025-04-12
Census Tract,12031016803,White,06/2022,0,0.6,2025-04-12
Census Tract,12031016803,White,07/2022,0,0.8,2025-04-12
Census Tract,12031016803,White,08/2022,0,0.8,2025-04-12
Census Tract,12031016803,White,09/2022,2,0.6,2025-04-12
Census Tract,12031016803,White,10/2022,0,0.8,2025-04-12
Census Tract,12031016803,White,11/2022,0,0.6,2025-04-12
Census Tract,12031016803,White,12/2022,1,0.8,2025-04-12
Census Tract,12031016803,White,01/2023,0,0.4,2025-04-12
Census Tract,12031016803,White,02/2023,5,0,2025-04-12
Census Tract,12031016803,White,03/2023,0,0.2,2025-04-12
Census Tract,12031016803,White,04/2023,1,0,2025-04-12
Census Tract,12031016803,White,05/2023,0,1.2,2025-04-12
Census Tract,12031016803,White,06/2023,0,0.6,2025-04-12
Census Tract,12031016803,White,07/2023,1,0.8,2025-04-12
Census Tract,12031016803,White,08/2023,1,0.8,2025-04-12
Census Tract,12031016803,White,09/2023,1,0.6,2025-04-12
Census Tract,12031016803,White,10/2023,2,0.8,2025-04-12
Census Tract,12031016803,White,11/2023,1,0.6,2025-04-12
Census Tract,12031016803,White,12/2023,2,0.8,2025-04-12
Census Tract,12031016803,White,01/2024,3,0.4,2025-04-12
Census Tract,12031016803,White,02/2024,6,0,2025-04-12
Census Tract,12031016803,White,03/2024,2,0.2,2025-04-12
Census Tract,12031016803,White,04/2024,2,0,2025-04-12
Census Tract,12031016803,White,05/2024,0,1.2,2025-04-12
Census Tract,12031016803,White,06/2024,0,0.6,2025-04-12
Census Tract,12031016803,White,07/2024,2,0.8,2025-04-12
Census Tract,12031016803,White,08/2024,4,0.8,2025-04-12
Census Tract,12031016803,White,09/2024,2,0.6,2025-04-12
Census Tract,12031016803,White,10/2024,1,0.8,2025-04-12
Census Tract,12031016803,White,11/2024,0,0.6,2025-04-12
Census Tract,12031016803,White,12/2024,1,0.8,2025-04-12
Census Tract,12031016803,White,01/2025,0,0.4,2025-04-12
Census Tract,12031016803,White,02/2025,0,0,2025-04-12
Census Tract,12031016803,White,03/2025,0,0.2,2025-04-12
Census Tract,12031016803,White,04/2025,0,0,2025-04-12
Census Tract,12031016804,White,01/2020,0,0.4,2025-04-12
Census Tract,12031016804,White,02/2020,0,0.2,2025-04-12
Census Tract,12031016804,White,03/2020,0,0.4,2025-04-12
Census Tract,12031016804,White,04/2020,0,0.2,2025-04-12
Census Tract,12031016804,White,05/2020,0,0,2025-04-12
Census Tract,12031016804,White,06/2020,0,0.8,2025-04-12
Census Tract,12031016804,White,07/2020,0,0.4,2025-04-12
Census Tract,12031016804,White,08/2020,0,0.8,2025-04-12
Census Tract,12031016804,White,09/2020,0,0.2,2025-04-12
Census Tract,12031016804,White,10/2020,0,0.4,2025-04-12
Census Tract,12031016804,White,11/2020,0,0.2,2025-04-12
Census Tract,12031016804,White,12/2020,0,0.2,2025-04-12
Census Tract,12031016804,White,01/2021,0,0.4,2025-04-12
Census Tract,12031016804,White,02/2021,1,0.2,2025-04-12
Census Tract,12031016804,White,03/2021,0,0.4,2025-04-12
Census Tract,12031016804,White,04/2021,2,0.2,2025-04-12
Census Tract,12031016804,White,05/2021,0,0,2025-04-12
Census Tract,12031016804,White,06/2021,0,0.8,2025-04-12
Census Tract,12031016804,White,07/2021,0,0.4,2025-04-12
Census Tract,12031016804,White,08/2021,0,0.8,2025-04-12
Census Tract,12031016804,White,09/2021,0,0.2,2025-04-12
Census Tract,12031016804,White,10/2021,0,0.4,2025-04-12
Census Tract,12031016804,White,11/2021,0,0.2,2025-04-12
Census Tract,12031016804,White,12/2021,0,0.2,2025-04-12
Census Tract,12031016804,White,01/2022,0,0.4,2025-04-12
Census Tract,12031016804,White,02/2022,0,0.2,2025-04-12
Census Tract,12031016804,White,03/2022,1,0.4,2025-04-12
Census Tract,12031016804,White,04/2022,0,0.2,2025-04-12
Census Tract,12031016804,White,05/2022,0,0,2025-04-12
Census Tract,12031016804,White,06/2022,0,0.8,2025-04-12
Census Tract,12031016804,White,07/2022,1,0.4,2025-04-12
Census Tract,12031016804,White,08/2022,0,0.8,2025-04-12
Census Tract,12031016804,White,09/2022,0,0.2,2025-04-12
Census Tract,12031016804,White,10/2022,0,0.4,2025-04-12
Census Tract,12031016804,White,11/2022,0,0.2,2025-04-12
Census Tract,12031016804,White,12/2022,0,0.2,2025-04-12
Census Tract,12031016804,White,01/2023,0,0.4,2025-04-12
Census Tract,12031016804,White,02/2023,0,0.2,2025-04-12
Census Tract,12031016804,White,03/2023,1,0.4,2025-04-12
Census Tract,12031016804,White,04/2023,0,0.2,2025-04-12
Census Tract,12031016804,White,05/2023,0,0,2025-04-12
Census Tract,12031016804,White,06/2023,0,0.8,2025-04-12
Census Tract,12031016804,White,07/2023,0,0.4,2025-04-12
Census Tract,12031016804,White,08/2023,0,0.8,2025-04-12
Census Tract,12031016804,White,09/2023,1,0.2,2025-04-12
Census Tract,12031016804,White,10/2023,0,0.4,2025-04-12
Census Tract,12031016804,White,11/2023,0,0.2,2025-04-12
Census Tract,12031016804,White,12/2023,0,0.2,2025-04-12
Census Tract,12031016804,White,01/2024,0,0.4,2025-04-12
Census Tract,12031016804,White,02/2024,0,0.2,2025-04-12
Census Tract,12031016804,White,03/2024,0,0.4,2025-04-12
Census Tract,12031016804,White,04/2024,0,0.2,2025-04-12
Census Tract,12031016804,White,05/2024,1,0,2025-04-12
Census Tract,12031016804,White,06/2024,0,0.8,2025-04-12
Census Tract,12031016804,White,07/2024,2,0.4,2025-04-12
Census Tract,12031016804,White,08/2024,0,0.8,2025-04-12
Census Tract,12031016804,White,09/2024,0,0.2,2025-04-12
Census Tract,12031016804,White,10/2024,0,0.4,2025-04-12
Census Tract,12031016804,White,11/2024,0,0.2,2025-04-12
Census Tract,12031016804,White,12/2024,0,0.2,2025-04-12
Census Tract,12031016804,White,01/2025,1,0.4,2025-04-12
Census Tract,12031016804,White,02/2025,0,0.2,2025-04-12
Census Tract,12031016804,White,03/2025,3,0.4,2025-04-12
Census Tract,12031016804,White,04/2025,0,0,2025-04-12
Census Tract,12031016807,White,01/2020,6,2,2025-04-12
Census Tract,12031016807,White,02/2020,5,1.8,2025-04-12
Census Tract,12031016807,White,03/2020,2,2,2025-04-12
Census Tract,12031016807,White,04/2020,0,3,2025-04-12
Census Tract,12031016807,White,05/2020,0,1.4,2025-04-12
Census Tract,12031016807,White,06/2020,0,1.6,2025-04-12
Census Tract,12031016807,White,07/2020,0,2,2025-04-12
Census Tract,12031016807,White,08/2020,6,1.4,2025-04-12
Census Tract,12031016807,White,09/2020,7,3.4,2025-04-12
Census Tract,12031016807,White,10/2020,3,2,2025-04-12
Census Tract,12031016807,White,11/2020,8,0.8,2025-04-12
Census Tract,12031016807,White,12/2020,5,1.6,2025-04-12
Census Tract,12031016807,White,01/2021,1,2,2025-04-12
Census Tract,12031016807,White,02/2021,0,1.8,2025-04-12
Census Tract,12031016807,White,03/2021,2,2,2025-04-12
Census Tract,12031016807,White,04/2021,2,3,2025-04-12
Census Tract,12031016807,White,05/2021,0,1.4,2025-04-12
Census Tract,12031016807,White,06/2021,4,1.6,2025-04-12
Census Tract,12031016807,White,07/2021,0,2,2025-04-12
Census Tract,12031016807,White,08/2021,1,1.4,2025-04-12
Census Tract,12031016807,White,09/2021,0,3.4,2025-04-12
Census Tract,12031016807,White,10/2021,1,2,2025-04-12
Census Tract,12031016807,White,11/2021,7,0.8,2025-04-12
Census Tract,12031016807,White,12/2021,0,1.6,2025-04-12
Census Tract,12031016807,White,01/2022,0,2,2025-04-12
Census Tract,12031016807,White,02/2022,1,1.8,2025-04-12
Census Tract,12031016807,White,03/2022,1,2,2025-04-12
Census Tract,12031016807,White,04/2022,3,3,2025-04-12
Census Tract,12031016807,White,05/2022,0,1.4,2025-04-12
Census Tract,12031016807,White,06/2022,2,1.6,2025-04-12
Census Tract,12031016807,White,07/2022,4,2,2025-04-12
Census Tract,12031016807,White,08/2022,1,1.4,2025-04-12
Census Tract,12031016807,White,09/2022,1,3.4,2025-04-12
Census Tract,12031016807,White,10/2022,1,2,2025-04-12
Census Tract,12031016807,White,11/2022,2,0.8,2025-04-12
Census Tract,12031016807,White,12/2022,1,1.6,2025-04-12
Census Tract,12031016807,White,01/2023,4,2,2025-04-12
Census Tract,12031016807,White,02/2023,5,1.8,2025-04-12
Census Tract,12031016807,White,03/2023,1,2,2025-04-12
Census Tract,12031016807,White,04/2023,2,3,2025-04-12
Census Tract,12031016807,White,05/2023,3,1.4,2025-04-12
Census Tract,12031016807,White,06/2023,2,1.6,2025-04-12
Census Tract,12031016807,White,07/2023,3,2,2025-04-12
Census Tract,12031016807,White,08/2023,4,1.4,2025-04-12
Census Tract,12031016807,White,09/2023,4,3.4,2025-04-12
Census Tract,12031016807,White,10/2023,5,2,2025-04-12
Census Tract,12031016807,White,11/2023,4,0.8,2025-04-12
Census Tract,12031016807,White,12/2023,0,1.6,2025-04-12
Census Tract,12031016807,White,01/2024,1,2,2025-04-12
Census Tract,12031016807,White,02/2024,3,1.8,2025-04-12
Census Tract,12031016807,White,03/2024,5,2,2025-04-12
Census Tract,12031016807,White,04/2024,1,3,2025-04-12
Census Tract,12031016807,White,05/2024,0,1.4,2025-04-12
Census Tract,12031016807,White,06/2024,1,1.6,2025-04-12
Census Tract,12031016807,White,07/2024,3,2,2025-04-12
Census Tract,12031016807,White,08/2024,1,1.4,2025-04-12
Census Tract,12031016807,White,09/2024,3,3.4,2025-04-12
Census Tract,12031016807,White,10/2024,4,2,2025-04-12
Census Tract,12031016807,White,11/2024,5,0.8,2025-04-12
Census Tract,12031016807,White,12/2024,2,1.6,2025-04-12
Census Tract,12031016807,White,01/2025,4,2,2025-04-12
Census Tract,12031016807,White,02/2025,0,1.8,2025-04-12
Census Tract,12031016807,White,03/2025,5,2,2025-04-12
Census Tract,12031016807,White,04/2025,0,0.2,2025-04-12
Census Tract,12031016808,White,01/2020,2,4.2,2025-04-12
Census Tract,12031016808,White,02/2020,4,2.6,2025-04-12
Census Tract,12031016808,White,03/2020,2,1.8,2025-04-12
Census Tract,12031016808,White,04/2020,0,1.2,2025-04-12
Census Tract,12031016808,White,05/2020,0,5.6,2025-04-12
Census Tract,12031016808,White,06/2020,0,2.4,2025-04-12
Census Tract,12031016808,White,07/2020,1,3.6,2025-04-12
Census Tract,12031016808,White,08/2020,1,3.4,2025-04-12
Census Tract,12031016808,White,09/2020,1,3,2025-04-12
Census Tract,12031016808,White,10/2020,3,2.6,2025-04-12
Census Tract,12031016808,White,11/2020,0,1.2,2025-04-12
Census Tract,12031016808,White,12/2020,5,2.6,2025-04-12
Census Tract,12031016808,White,01/2021,6,4.2,2025-04-12
Census Tract,12031016808,White,02/2021,1,2.6,2025-04-12
Census Tract,12031016808,White,03/2021,4,1.8,2025-04-12
Census Tract,12031016808,White,04/2021,1,1.2,2025-04-12
Census Tract,12031016808,White,05/2021,2,5.6,2025-04-12
Census Tract,12031016808,White,06/2021,1,2.4,2025-04-12
Census Tract,12031016808,White,07/2021,2,3.6,2025-04-12
Census Tract,12031016808,White,08/2021,0,3.4,2025-04-12
Census Tract,12031016808,White,09/2021,0,3,2025-04-12
Census Tract,12031016808,White,10/2021,4,2.6,2025-04-12
Census Tract,12031016808,White,11/2021,7,1.2,2025-04-12
Census Tract,12031016808,White,12/2021,3,2.6,2025-04-12
Census Tract,12031016808,White,01/2022,4,4.2,2025-04-12
Census Tract,12031016808,White,02/2022,3,2.6,2025-04-12
Census Tract,12031016808,White,03/2022,1,1.8,2025-04-12
Census Tract,12031016808,White,04/2022,1,1.2,2025-04-12
Census Tract,12031016808,White,05/2022,3,5.6,2025-04-12
Census Tract,12031016808,White,06/2022,5,2.4,2025-04-12
Census Tract,12031016808,White,07/2022,5,3.6,2025-04-12
Census Tract,12031016808,White,08/2022,5,3.4,2025-04-12
Census Tract,12031016808,White,09/2022,5,3,2025-04-12
Census Tract,12031016808,White,10/2022,8,2.6,2025-04-12
Census Tract,12031016808,White,11/2022,3,1.2,2025-04-12
Census Tract,12031016808,White,12/2022,3,2.6,2025-04-12
Census Tract,12031016808,White,01/2023,5,4.2,2025-04-12
Census Tract,12031016808,White,02/2023,8,2.6,2025-04-12
Census Tract,12031016808,White,03/2023,4,1.8,2025-04-12
Census Tract,12031016808,White,04/2023,1,1.2,2025-04-12
Census Tract,12031016808,White,05/2023,5,5.6,2025-04-12
Census Tract,12031016808,White,06/2023,2,2.4,2025-04-12
Census Tract,12031016808,White,07/2023,6,3.6,2025-04-12
Census Tract,12031016808,White,08/2023,8,3.4,2025-04-12
Census Tract,12031016808,White,09/2023,3,3,2025-04-12
Census Tract,12031016808,White,10/2023,8,2.6,2025-04-12
Census Tract,12031016808,White,11/2023,11,1.2,2025-04-12
Census Tract,12031016808,White,12/2023,7,2.6,2025-04-12
Census Tract,12031016808,White,01/2024,8,4.2,2025-04-12
Census Tract,12031016808,White,02/2024,3,2.6,2025-04-12
Census Tract,12031016808,White,03/2024,7,1.8,2025-04-12
Census Tract,12031016808,White,04/2024,1,1.2,2025-04-12
Census Tract,12031016808,White,05/2024,5,5.6,2025-04-12
Census Tract,12031016808,White,06/2024,4,2.4,2025-04-12
Census Tract,12031016808,White,07/2024,14,3.6,2025-04-12
Census Tract,12031016808,White,08/2024,11,3.4,2025-04-12
Census Tract,12031016808,White,09/2024,10,3,2025-04-12
Census Tract,12031016808,White,10/2024,3,2.6,2025-04-12
Census Tract,12031016808,White,11/2024,4,1.2,2025-04-12
Census Tract,12031016808,White,12/2024,6,2.6,2025-04-12
Census Tract,12031016808,White,01/2025,4,4.2,2025-04-12
Census Tract,12031016808,White,02/2025,6,2.6,2025-04-12
Census Tract,12031016808,White,03/2025,4,1.8,2025-04-12
Census Tract,12031016808,White,04/2025,0,0.2,2025-04-12
Census Tract,12031016809,White,01/2020,0,0.6,2025-04-12
Census Tract,12031016809,White,02/2020,1,0.2,2025-04-12
Census Tract,12031016809,White,03/2020,1,0,2025-04-12
Census Tract,12031016809,White,04/2020,0,0,2025-04-12
Census Tract,12031016809,White,05/2020,0,0.2,2025-04-12
Census Tract,12031016809,White,06/2020,0,0.6,2025-04-12
Census Tract,12031016809,White,07/2020,0,0.2,2025-04-12
Census Tract,12031016809,White,08/2020,0,0.6,2025-04-12
Census Tract,12031016809,White,09/2020,0,0,2025-04-12
Census Tract,12031016809,White,10/2020,0,0,2025-04-12
Census Tract,12031016809,White,11/2020,0,0.4,2025-04-12
Census Tract,12031016809,White,12/2020,0,0.2,2025-04-12
Census Tract,12031016809,White,01/2021,0,0.6,2025-04-12
Census Tract,12031016809,White,02/2021,0,0.2,2025-04-12
Census Tract,12031016809,White,03/2021,0,0,2025-04-12
Census Tract,12031016809,White,04/2021,1,0,2025-04-12
Census Tract,12031016809,White,05/2021,1,0.2,2025-04-12
Census Tract,12031016809,White,06/2021,0,0.6,2025-04-12
Census Tract,12031016809,White,07/2021,0,0.2,2025-04-12
Census Tract,12031016809,White,08/2021,0,0.6,2025-04-12
Census Tract,12031016809,White,09/2021,0,0,2025-04-12
Census Tract,12031016809,White,10/2021,1,0,2025-04-12
Census Tract,12031016809,White,11/2021,0,0.4,2025-04-12
Census Tract,12031016809,White,12/2021,1,0.2,2025-04-12
Census Tract,12031016809,White,01/2022,0,0.6,2025-04-12
Census Tract,12031016809,White,02/2022,0,0.2,2025-04-12
Census Tract,12031016809,White,03/2022,0,0,2025-04-12
Census Tract,12031016809,White,04/2022,0,0,2025-04-12
Census Tract,12031016809,White,05/2022,0,0.2,2025-04-12
Census Tract,12031016809,White,06/2022,0,0.6,2025-04-12
Census Tract,12031016809,White,07/2022,0,0.2,2025-04-12
Census Tract,12031016809,White,08/2022,2,0.6,2025-04-12
Census Tract,12031016809,White,09/2022,1,0,2025-04-12
Census Tract,12031016809,White,10/2022,0,0,2025-04-12
Census Tract,12031016809,White,11/2022,1,0.4,2025-04-12
Census Tract,12031016809,White,12/2022,0,0.2,2025-04-12
Census Tract,12031016809,White,01/2023,1,0.6,2025-04-12
Census Tract,12031016809,White,02/2023,1,0.2,2025-04-12
Census Tract,12031016809,White,03/2023,0,0,2025-04-12
Census Tract,12031016809,White,04/2023,1,0,2025-04-12
Census Tract,12031016809,White,05/2023,2,0.2,2025-04-12
Census Tract,12031016809,White,06/2023,2,0.6,2025-04-12
Census Tract,12031016809,White,07/2023,0,0.2,2025-04-12
Census Tract,12031016809,White,08/2023,0,0.6,2025-04-12
Census Tract,12031016809,White,09/2023,1,0,2025-04-12
Census Tract,12031016809,White,10/2023,1,0,2025-04-12
Census Tract,12031016809,White,11/2023,0,0.4,2025-04-12
Census Tract,12031016809,White,12/2023,0,0.2,2025-04-12
Census Tract,12031016809,White,01/2024,2,0.6,2025-04-12
Census Tract,12031016809,White,02/2024,0,0.2,2025-04-12
Census Tract,12031016809,White,03/2024,2,0,2025-04-12
Census Tract,12031016809,White,04/2024,0,0,2025-04-12
Census Tract,12031016809,White,05/2024,1,0.2,2025-04-12
Census Tract,12031016809,White,06/2024,0,0.6,2025-04-12
Census Tract,12031016809,White,07/2024,0,0.2,2025-04-12
Census Tract,12031016809,White,08/2024,0,0.6,2025-04-12
Census Tract,12031016809,White,09/2024,1,0,2025-04-12
Census Tract,12031016809,White,10/2024,1,0,2025-04-12
Census Tract,12031016809,White,11/2024,1,0.4,2025-04-12
Census Tract,12031016809,White,12/2024,0,0.2,2025-04-12
Census Tract,12031016809,White,01/2025,0,0.6,2025-04-12
Census Tract,12031016809,White,02/2025,0,0.2,2025-04-12
Census Tract,12031016809,White,03/2025,0,0,2025-04-12
Census Tract,12031016809,White,04/2025,0,0,2025-04-12
Census Tract,12031016810,White,01/2020,0,1.2,2025-04-12
Census Tract,12031016810,White,02/2020,0,0,2025-04-12
Census Tract,12031016810,White,03/2020,0,0.2,2025-04-12
Census Tract,12031016810,White,04/2020,0,0.2,2025-04-12
Census Tract,12031016810,White,05/2020,0,0,2025-04-12
Census Tract,12031016810,White,06/2020,0,0,2025-04-12
Census Tract,12031016810,White,07/2020,0,0.4,2025-04-12
Census Tract,12031016810,White,08/2020,0,1.4,2025-04-12
Census Tract,12031016810,White,09/2020,0,0.6,2025-04-12
Census Tract,12031016810,White,10/2020,0,0.2,2025-04-12
Census Tract,12031016810,White,11/2020,1,0.6,2025-04-12
Census Tract,12031016810,White,12/2020,0,0.2,2025-04-12
Census Tract,12031016810,White,01/2021,0,1.2,2025-04-12
Census Tract,12031016810,White,02/2021,0,0,2025-04-12
Census Tract,12031016810,White,03/2021,0,0.2,2025-04-12
Census Tract,12031016810,White,04/2021,0,0.2,2025-04-12
Census Tract,12031016810,White,05/2021,0,0,2025-04-12
Census Tract,12031016810,White,06/2021,0,0,2025-04-12
Census Tract,12031016810,White,07/2021,0,0.4,2025-04-12
Census Tract,12031016810,White,08/2021,0,1.4,2025-04-12
Census Tract,12031016810,White,09/2021,1,0.6,2025-04-12
Census Tract,12031016810,White,10/2021,1,0.2,2025-04-12
Census Tract,12031016810,White,11/2021,0,0.6,2025-04-12
Census Tract,12031016810,White,12/2021,0,0.2,2025-04-12
Census Tract,12031016810,White,01/2022,0,1.2,2025-04-12
Census Tract,12031016810,White,02/2022,0,0,2025-04-12
Census Tract,12031016810,White,03/2022,0,0.2,2025-04-12
Census Tract,12031016810,White,04/2022,1,0.2,2025-04-12
Census Tract,12031016810,White,05/2022,0,0,2025-04-12
Census Tract,12031016810,White,06/2022,0,0,2025-04-12
Census Tract,12031016810,White,07/2022,1,0.4,2025-04-12
Census Tract,12031016810,White,08/2022,2,1.4,2025-04-12
Census Tract,12031016810,White,09/2022,0,0.6,2025-04-12
Census Tract,12031016810,White,10/2022,0,0.2,2025-04-12
Census Tract,12031016810,White,11/2022,0,0.6,2025-04-12
Census Tract,12031016810,White,12/2022,0,0.2,2025-04-12
Census Tract,12031016810,White,01/2023,0,1.2,2025-04-12
Census Tract,12031016810,White,02/2023,0,0,2025-04-12
Census Tract,12031016810,White,03/2023,0,0.2,2025-04-12
Census Tract,12031016810,White,04/2023,0,0.2,2025-04-12
Census Tract,12031016810,White,05/2023,1,0,2025-04-12
Census Tract,12031016810,White,06/2023,0,0,2025-04-12
Census Tract,12031016810,White,07/2023,1,0.4,2025-04-12
Census Tract,12031016810,White,08/2023,0,1.4,2025-04-12
Census Tract,12031016810,White,09/2023,0,0.6,2025-04-12
Census Tract,12031016810,White,10/2023,1,0.2,2025-04-12
Census Tract,12031016810,White,11/2023,0,0.6,2025-04-12
Census Tract,12031016810,White,12/2023,0,0.2,2025-04-12
Census Tract,12031016810,White,01/2024,0,1.2,2025-04-12
Census Tract,12031016810,White,02/2024,1,0,2025-04-12
Census Tract,12031016810,White,03/2024,0,0.2,2025-04-12
Census Tract,12031016810,White,04/2024,1,0.2,2025-04-12
Census Tract,12031016810,White,05/2024,0,0,2025-04-12
Census Tract,12031016810,White,06/2024,0,0,2025-04-12
Census Tract,12031016810,White,07/2024,0,0.4,2025-04-12
Census Tract,12031016810,White,08/2024,0,1.4,2025-04-12
Census Tract,12031016810,White,09/2024,0,0.6,2025-04-12
Census Tract,12031016810,White,10/2024,1,0.2,2025-04-12
Census Tract,12031016810,White,11/2024,1,0.6,2025-04-12
Census Tract,12031016810,White,12/2024,0,0.2,2025-04-12
Census Tract,12031016810,White,01/2025,0,1.2,2025-04-12
Census Tract,12031016810,White,02/2025,1,0,2025-04-12
Census Tract,12031016810,White,03/2025,0,0.2,2025-04-12
Census Tract,12031016810,White,04/2025,0,0,2025-04-12
Census Tract,12031016811,White,01/2020,1,0.6,2025-04-12
Census Tract,12031016811,White,02/2020,0,0.8,2025-04-12
Census Tract,12031016811,White,03/2020,0,0.2,2025-04-12
Census Tract,12031016811,White,04/2020,0,0.4,2025-04-12
Census Tract,12031016811,White,05/2020,0,0,2025-04-12
Census Tract,12031016811,White,06/2020,0,1,2025-04-12
Census Tract,12031016811,White,07/2020,0,1,2025-04-12
Census Tract,12031016811,White,08/2020,0,0.6,2025-04-12
Census Tract,12031016811,White,09/2020,2,0.4,2025-04-12
Census Tract,12031016811,White,10/2020,0,1.4,2025-04-12
Census Tract,12031016811,White,11/2020,1,0.4,2025-04-12
Census Tract,12031016811,White,12/2020,0,0.8,2025-04-12
Census Tract,12031016811,White,01/2021,0,0.6,2025-04-12
Census Tract,12031016811,White,02/2021,0,0.8,2025-04-12
Census Tract,12031016811,White,03/2021,0,0.2,2025-04-12
Census Tract,12031016811,White,04/2021,0,0.4,2025-04-12
Census Tract,12031016811,White,05/2021,1,0,2025-04-12
Census Tract,12031016811,White,06/2021,0,1,2025-04-12
Census Tract,12031016811,White,07/2021,1,1,2025-04-12
Census Tract,12031016811,White,08/2021,0,0.6,2025-04-12
Census Tract,12031016811,White,09/2021,1,0.4,2025-04-12
Census Tract,12031016811,White,10/2021,0,1.4,2025-04-12
Census Tract,12031016811,White,11/2021,0,0.4,2025-04-12
Census Tract,12031016811,White,12/2021,0,0.8,2025-04-12
Census Tract,12031016811,White,01/2022,0,0.6,2025-04-12
Census Tract,12031016811,White,02/2022,0,0.8,2025-04-12
Census Tract,12031016811,White,03/2022,0,0.2,2025-04-12
Census Tract,12031016811,White,04/2022,2,0.4,2025-04-12
Census Tract,12031016811,White,05/2022,0,0,2025-04-12
Census Tract,12031016811,White,06/2022,0,1,2025-04-12
Census Tract,12031016811,White,07/2022,0,1,2025-04-12
Census Tract,12031016811,White,08/2022,0,0.6,2025-04-12
Census Tract,12031016811,White,09/2022,1,0.4,2025-04-12
Census Tract,12031016811,White,10/2022,1,1.4,2025-04-12
Census Tract,12031016811,White,11/2022,0,0.4,2025-04-12
Census Tract,12031016811,White,12/2022,0,0.8,2025-04-12
Census Tract,12031016811,White,01/2023,0,0.6,2025-04-12
Census Tract,12031016811,White,02/2023,0,0.8,2025-04-12
Census Tract,12031016811,White,03/2023,1,0.2,2025-04-12
Census Tract,12031016811,White,04/2023,0,0.4,2025-04-12
Census Tract,12031016811,White,05/2023,0,0,2025-04-12
Census Tract,12031016811,White,06/2023,0,1,2025-04-12
Census Tract,12031016811,White,07/2023,1,1,2025-04-12
Census Tract,12031016811,White,08/2023,0,0.6,2025-04-12
Census Tract,12031016811,White,09/2023,0,0.4,2025-04-12
Census Tract,12031016811,White,10/2023,1,1.4,2025-04-12
Census Tract,12031016811,White,11/2023,0,0.4,2025-04-12
Census Tract,12031016811,White,12/2023,0,0.8,2025-04-12
Census Tract,12031016811,White,01/2024,1,0.6,2025-04-12
Census Tract,12031016811,White,02/2024,1,0.8,2025-04-12
Census Tract,12031016811,White,03/2024,0,0.2,2025-04-12
Census Tract,12031016811,White,04/2024,0,0.4,2025-04-12
Census Tract,12031016811,White,05/2024,1,0,2025-04-12
Census Tract,12031016811,White,06/2024,0,1,2025-04-12
Census Tract,12031016811,White,07/2024,1,1,2025-04-12
Census Tract,12031016811,White,08/2024,2,0.6,2025-04-12
Census Tract,12031016811,White,09/2024,0,0.4,2025-04-12
Census Tract,12031016811,White,10/2024,1,1.4,2025-04-12
Census Tract,12031016811,White,11/2024,0,0.4,2025-04-12
Census Tract,12031016811,White,12/2024,0,0.8,2025-04-12
Census Tract,12031016811,White,01/2025,1,0.6,2025-04-12
Census Tract,12031016811,White,02/2025,0,0.8,2025-04-12
Census Tract,12031016811,White,03/2025,1,0.2,2025-04-12
Census Tract,12031016811,White,04/2025,0,0,2025-04-12
Census Tract,12031016812,White,01/2020,3,1.6,2025-04-12
Census Tract,12031016812,White,02/2020,1,0.2,2025-04-12
Census Tract,12031016812,White,03/2020,2,0.2,2025-04-12
Census Tract,12031016812,White,04/2020,1,0.4,2025-04-12
Census Tract,12031016812,White,05/2020,0,1,2025-04-12
Census Tract,12031016812,White,06/2020,0,1.6,2025-04-12
Census Tract,12031016812,White,07/2020,0,1,2025-04-12
Census Tract,12031016812,White,08/2020,1,1.8,2025-04-12
Census Tract,12031016812,White,09/2020,1,0.8,2025-04-12
Census Tract,12031016812,White,10/2020,2,1.6,2025-04-12
Census Tract,12031016812,White,11/2020,2,0.6,2025-04-12
Census Tract,12031016812,White,12/2020,3,1.2,2025-04-12
Census Tract,12031016812,White,01/2021,0,1.6,2025-04-12
Census Tract,12031016812,White,02/2021,0,0.2,2025-04-12
Census Tract,12031016812,White,03/2021,0,0.2,2025-04-12
Census Tract,12031016812,White,04/2021,1,0.4,2025-04-12
Census Tract,12031016812,White,05/2021,3,1,2025-04-12
Census Tract,12031016812,White,06/2021,0,1.6,2025-04-12
Census Tract,12031016812,White,07/2021,1,1,2025-04-12
Census Tract,12031016812,White,08/2021,0,1.8,2025-04-12
Census Tract,12031016812,White,09/2021,1,0.8,2025-04-12
Census Tract,12031016812,White,10/2021,1,1.6,2025-04-12
Census Tract,12031016812,White,11/2021,0,0.6,2025-04-12
Census Tract,12031016812,White,12/2021,1,1.2,2025-04-12
Census Tract,12031016812,White,01/2022,1,1.6,2025-04-12
Census Tract,12031016812,White,02/2022,1,0.2,2025-04-12
Census Tract,12031016812,White,03/2022,2,0.2,2025-04-12
Census Tract,12031016812,White,04/2022,0,0.4,2025-04-12
Census Tract,12031016812,White,05/2022,0,1,2025-04-12
Census Tract,12031016812,White,06/2022,2,1.6,2025-04-12
Census Tract,12031016812,White,07/2022,0,1,2025-04-12
Census Tract,12031016812,White,08/2022,1,1.8,2025-04-12
Census Tract,12031016812,White,09/2022,0,0.8,2025-04-12
Census Tract,12031016812,White,10/2022,1,1.6,2025-04-12
Census Tract,12031016812,White,11/2022,1,0.6,2025-04-12
Census Tract,12031016812,White,12/2022,0,1.2,2025-04-12
Census Tract,12031016812,White,01/2023,0,1.6,2025-04-12
Census Tract,12031016812,White,02/2023,0,0.2,2025-04-12
Census Tract,12031016812,White,03/2023,0,0.2,2025-04-12
Census Tract,12031016812,White,04/2023,0,0.4,2025-04-12
Census Tract,12031016812,White,05/2023,1,1,2025-04-12
Census Tract,12031016812,White,06/2023,1,1.6,2025-04-12
Census Tract,12031016812,White,07/2023,0,1,2025-04-12
Census Tract,12031016812,White,08/2023,3,1.8,2025-04-12
Census Tract,12031016812,White,09/2023,1,0.8,2025-04-12
Census Tract,12031016812,White,10/2023,0,1.6,2025-04-12
Census Tract,12031016812,White,11/2023,2,0.6,2025-04-12
Census Tract,12031016812,White,12/2023,1,1.2,2025-04-12
Census Tract,12031016812,White,01/2024,5,1.6,2025-04-12
Census Tract,12031016812,White,02/2024,2,0.2,2025-04-12
Census Tract,12031016812,White,03/2024,2,0.2,2025-04-12
Census Tract,12031016812,White,04/2024,2,0.4,2025-04-12
Census Tract,12031016812,White,05/2024,0,1,2025-04-12
Census Tract,12031016812,White,06/2024,3,1.6,2025-04-12
Census Tract,12031016812,White,07/2024,1,1,2025-04-12
Census Tract,12031016812,White,08/2024,3,1.8,2025-04-12
Census Tract,12031016812,White,09/2024,0,0.8,2025-04-12
Census Tract,12031016812,White,10/2024,3,1.6,2025-04-12
Census Tract,12031016812,White,11/2024,0,0.6,2025-04-12
Census Tract,12031016812,White,12/2024,4,1.2,2025-04-12
Census Tract,12031016812,White,01/2025,3,1.6,2025-04-12
Census Tract,12031016812,White,02/2025,6,0.2,2025-04-12
Census Tract,12031016812,White,03/2025,2,0.2,2025-04-12
Census Tract,12031016812,White,04/2025,0,0,2025-04-12
Census Tract,12031016813,White,01/2020,2,2,2025-04-12
Census Tract,12031016813,White,02/2020,2,1.8,2025-04-12
Census Tract,12031016813,White,03/2020,2,0.4,2025-04-12
Census Tract,12031016813,White,04/2020,0,0.6,2025-04-12
Census Tract,12031016813,White,05/2020,0,1.2,2025-04-12
Census Tract,12031016813,White,06/2020,0,3,2025-04-12
Census Tract,12031016813,White,07/2020,0,1.2,2025-04-12
Census Tract,12031016813,White,08/2020,0,1.4,2025-04-12
Census Tract,12031016813,White,09/2020,0,2.2,2025-04-12
Census Tract,12031016813,White,10/2020,3,1.6,2025-04-12
Census Tract,12031016813,White,11/2020,1,1.4,2025-04-12
Census Tract,12031016813,White,12/2020,0,1.8,2025-04-12
Census Tract,12031016813,White,01/2021,0,2,2025-04-12
Census Tract,12031016813,White,02/2021,1,1.8,2025-04-12
Census Tract,12031016813,White,03/2021,2,0.4,2025-04-12
Census Tract,12031016813,White,04/2021,1,0.6,2025-04-12
Census Tract,12031016813,White,05/2021,1,1.2,2025-04-12
Census Tract,12031016813,White,06/2021,0,3,2025-04-12
Census Tract,12031016813,White,07/2021,0,1.2,2025-04-12
Census Tract,12031016813,White,08/2021,1,1.4,2025-04-12
Census Tract,12031016813,White,09/2021,0,2.2,2025-04-12
Census Tract,12031016813,White,10/2021,0,1.6,2025-04-12
Census Tract,12031016813,White,11/2021,0,1.4,2025-04-12
Census Tract,12031016813,White,12/2021,0,1.8,2025-04-12
Census Tract,12031016813,White,01/2022,0,2,2025-04-12
Census Tract,12031016813,White,02/2022,0,1.8,2025-04-12
Census Tract,12031016813,White,03/2022,0,0.4,2025-04-12
Census Tract,12031016813,White,04/2022,1,0.6,2025-04-12
Census Tract,12031016813,White,05/2022,0,1.2,2025-04-12
Census Tract,12031016813,White,06/2022,1,3,2025-04-12
Census Tract,12031016813,White,07/2022,1,1.2,2025-04-12
Census Tract,12031016813,White,08/2022,0,1.4,2025-04-12
Census Tract,12031016813,White,09/2022,0,2.2,2025-04-12
Census Tract,12031016813,White,10/2022,1,1.6,2025-04-12
Census Tract,12031016813,White,11/2022,2,1.4,2025-04-12
Census Tract,12031016813,White,12/2022,1,1.8,2025-04-12
Census Tract,12031016813,White,01/2023,2,2,2025-04-12
Census Tract,12031016813,White,02/2023,4,1.8,2025-04-12
Census Tract,12031016813,White,03/2023,3,0.4,2025-04-12
Census Tract,12031016813,White,04/2023,1,0.6,2025-04-12
Census Tract,12031016813,White,05/2023,0,1.2,2025-04-12
Census Tract,12031016813,White,06/2023,2,3,2025-04-12
Census Tract,12031016813,White,07/2023,0,1.2,2025-04-12
Census Tract,12031016813,White,08/2023,1,1.4,2025-04-12
Census Tract,12031016813,White,09/2023,3,2.2,2025-04-12
Census Tract,12031016813,White,10/2023,3,1.6,2025-04-12
Census Tract,12031016813,White,11/2023,1,1.4,2025-04-12
Census Tract,12031016813,White,12/2023,4,1.8,2025-04-12
Census Tract,12031016813,White,01/2024,6,2,2025-04-12
Census Tract,12031016813,White,02/2024,13,1.8,2025-04-12
Census Tract,12031016813,White,03/2024,6,0.4,2025-04-12
Census Tract,12031016813,White,04/2024,3,0.6,2025-04-12
Census Tract,12031016813,White,05/2024,3,1.2,2025-04-12
Census Tract,12031016813,White,06/2024,4,3,2025-04-12
Census Tract,12031016813,White,07/2024,9,1.2,2025-04-12
Census Tract,12031016813,White,08/2024,7,1.4,2025-04-12
Census Tract,12031016813,White,09/2024,3,2.2,2025-04-12
Census Tract,12031016813,White,10/2024,7,1.6,2025-04-12
Census Tract,12031016813,White,11/2024,3,1.4,2025-04-12
Census Tract,12031016813,White,12/2024,3,1.8,2025-04-12
Census Tract,12031016813,White,01/2025,5,2,2025-04-12
Census Tract,12031016813,White,02/2025,2,1.8,2025-04-12
Census Tract,12031016813,White,03/2025,6,0.4,2025-04-12
Census Tract,12031016813,White,04/2025,0,0,2025-04-12
Census Tract,12031017101,White,01/2020,1,4,2025-04-12
Census Tract,12031017101,White,02/2020,1,1.4,2025-04-12
Census Tract,12031017101,White,03/2020,1,0.8,2025-04-12
Census Tract,12031017101,White,04/2020,0,2.8,2025-04-12
Census Tract,12031017101,White,05/2020,0,3,2025-04-12
Census Tract,12031017101,White,06/2020,1,2.2,2025-04-12
Census Tract,12031017101,White,07/2020,1,2.2,2025-04-12
Census Tract,12031017101,White,08/2020,2,3.2,2025-04-12
Census Tract,12031017101,White,09/2020,1,1.4,2025-04-12
Census Tract,12031017101,White,10/2020,2,2.8,2025-04-12
Census Tract,12031017101,White,11/2020,2,0.8,2025-04-12
Census Tract,12031017101,White,12/2020,0,1.2,2025-04-12
Census Tract,12031017101,White,01/2021,2,4,2025-04-12
Census Tract,12031017101,White,02/2021,1,1.4,2025-04-12
Census Tract,12031017101,White,03/2021,2,0.8,2025-04-12
Census Tract,12031017101,White,04/2021,1,2.8,2025-04-12
Census Tract,12031017101,White,05/2021,2,3,2025-04-12
Census Tract,12031017101,White,06/2021,2,2.2,2025-04-12
Census Tract,12031017101,White,07/2021,0,2.2,2025-04-12
Census Tract,12031017101,White,08/2021,1,3.2,2025-04-12
Census Tract,12031017101,White,09/2021,2,1.4,2025-04-12
Census Tract,12031017101,White,10/2021,1,2.8,2025-04-12
Census Tract,12031017101,White,11/2021,1,0.8,2025-04-12
Census Tract,12031017101,White,12/2021,1,1.2,2025-04-12
Census Tract,12031017101,White,01/2022,1,4,2025-04-12
Census Tract,12031017101,White,02/2022,0,1.4,2025-04-12
Census Tract,12031017101,White,03/2022,1,0.8,2025-04-12
Census Tract,12031017101,White,04/2022,2,2.8,2025-04-12
Census Tract,12031017101,White,05/2022,2,3,2025-04-12
Census Tract,12031017101,White,06/2022,2,2.2,2025-04-12
Census Tract,12031017101,White,07/2022,0,2.2,2025-04-12
Census Tract,12031017101,White,08/2022,3,3.2,2025-04-12
Census Tract,12031017101,White,09/2022,1,1.4,2025-04-12
Census Tract,12031017101,White,10/2022,5,2.8,2025-04-12
Census Tract,12031017101,White,11/2022,0,0.8,2025-04-12
Census Tract,12031017101,White,12/2022,0,1.2,2025-04-12
Census Tract,12031017101,White,01/2023,1,4,2025-04-12
Census Tract,12031017101,White,02/2023,0,1.4,2025-04-12
Census Tract,12031017101,White,03/2023,0,0.8,2025-04-12
Census Tract,12031017101,White,04/2023,1,2.8,2025-04-12
Census Tract,12031017101,White,05/2023,1,3,2025-04-12
Census Tract,12031017101,White,06/2023,2,2.2,2025-04-12
Census Tract,12031017101,White,07/2023,3,2.2,2025-04-12
Census Tract,12031017101,White,08/2023,0,3.2,2025-04-12
Census Tract,12031017101,White,09/2023,0,1.4,2025-04-12
Census Tract,12031017101,White,10/2023,3,2.8,2025-04-12
Census Tract,12031017101,White,11/2023,0,0.8,2025-04-12
Census Tract,12031017101,White,12/2023,0,1.2,2025-04-12
Census Tract,12031017101,White,01/2024,3,4,2025-04-12
Census Tract,12031017101,White,02/2024,5,1.4,2025-04-12
Census Tract,12031017101,White,03/2024,3,0.8,2025-04-12
Census Tract,12031017101,White,04/2024,1,2.8,2025-04-12
Census Tract,12031017101,White,05/2024,0,3,2025-04-12
Census Tract,12031017101,White,06/2024,1,2.2,2025-04-12
Census Tract,12031017101,White,07/2024,1,2.2,2025-04-12
Census Tract,12031017101,White,08/2024,1,3.2,2025-04-12
Census Tract,12031017101,White,09/2024,0,1.4,2025-04-12
Census Tract,12031017101,White,10/2024,0,2.8,2025-04-12
Census Tract,12031017101,White,11/2024,1,0.8,2025-04-12
Census Tract,12031017101,White,12/2024,2,1.2,2025-04-12
Census Tract,12031017101,White,01/2025,3,4,2025-04-12
Census Tract,12031017101,White,02/2025,3,1.4,2025-04-12
Census Tract,12031017101,White,03/2025,3,0.8,2025-04-12
Census Tract,12031017101,White,04/2025,0,1.4,2025-04-12
Census Tract,12031017102,White,01/2020,3,1,2025-04-12
Census Tract,12031017102,White,02/2020,4,0.8,2025-04-12
Census Tract,12031017102,White,03/2020,1,0.4,2025-04-12
Census Tract,12031017102,White,04/2020,0,1.2,2025-04-12
Census Tract,12031017102,White,05/2020,0,0.8,2025-04-12
Census Tract,12031017102,White,06/2020,0,1,2025-04-12
Census Tract,12031017102,White,07/2020,0,1.8,2025-04-12
Census Tract,12031017102,White,08/2020,0,0.2,2025-04-12
Census Tract,12031017102,White,09/2020,0,0.6,2025-04-12
Census Tract,12031017102,White,10/2020,1,0.4,2025-04-12
Census Tract,12031017102,White,11/2020,1,2,2025-04-12
Census Tract,12031017102,White,12/2020,3,1.8,2025-04-12
Census Tract,12031017102,White,01/2021,3,1,2025-04-12
Census Tract,12031017102,White,02/2021,3,0.8,2025-04-12
Census Tract,12031017102,White,03/2021,2,0.4,2025-04-12
Census Tract,12031017102,White,04/2021,3,1.2,2025-04-12
Census Tract,12031017102,White,05/2021,4,0.8,2025-04-12
Census Tract,12031017102,White,06/2021,0,1,2025-04-12
Census Tract,12031017102,White,07/2021,3,1.8,2025-04-12
Census Tract,12031017102,White,08/2021,4,0.2,2025-04-12
Census Tract,12031017102,White,09/2021,6,0.6,2025-04-12
Census Tract,12031017102,White,10/2021,5,0.4,2025-04-12
Census Tract,12031017102,White,11/2021,9,2,2025-04-12
Census Tract,12031017102,White,12/2021,2,1.8,2025-04-12
Census Tract,12031017102,White,01/2022,2,1,2025-04-12
Census Tract,12031017102,White,02/2022,5,0.8,2025-04-12
Census Tract,12031017102,White,03/2022,7,0.4,2025-04-12
Census Tract,12031017102,White,04/2022,3,1.2,2025-04-12
Census Tract,12031017102,White,05/2022,6,0.8,2025-04-12
Census Tract,12031017102,White,06/2022,4,1,2025-04-12
Census Tract,12031017102,White,07/2022,6,1.8,2025-04-12
Census Tract,12031017102,White,08/2022,5,0.2,2025-04-12
Census Tract,12031017102,White,09/2022,3,0.6,2025-04-12
Census Tract,12031017102,White,10/2022,4,0.4,2025-04-12
Census Tract,12031017102,White,11/2022,5,2,2025-04-12
Census Tract,12031017102,White,12/2022,2,1.8,2025-04-12
Census Tract,12031017102,White,01/2023,4,1,2025-04-12
Census Tract,12031017102,White,02/2023,6,0.8,2025-04-12
Census Tract,12031017102,White,03/2023,6,0.4,2025-04-12
Census Tract,12031017102,White,04/2023,1,1.2,2025-04-12
Census Tract,12031017102,White,05/2023,6,0.8,2025-04-12
Census Tract,12031017102,White,06/2023,6,1,2025-04-12
Census Tract,12031017102,White,07/2023,5,1.8,2025-04-12
Census Tract,12031017102,White,08/2023,5,0.2,2025-04-12
Census Tract,12031017102,White,09/2023,0,0.6,2025-04-12
Census Tract,12031017102,White,10/2023,6,0.4,2025-04-12
Census Tract,12031017102,White,11/2023,4,2,2025-04-12
Census Tract,12031017102,White,12/2023,5,1.8,2025-04-12
Census Tract,12031017102,White,01/2024,6,1,2025-04-12
Census Tract,12031017102,White,02/2024,7,0.8,2025-04-12
Census Tract,12031017102,White,03/2024,5,0.4,2025-04-12
Census Tract,12031017102,White,04/2024,11,1.2,2025-04-12
Census Tract,12031017102,White,05/2024,6,0.8,2025-04-12
Census Tract,12031017102,White,06/2024,8,1,2025-04-12
Census Tract,12031017102,White,07/2024,4,1.8,2025-04-12
Census Tract,12031017102,White,08/2024,5,0.2,2025-04-12
Census Tract,12031017102,White,09/2024,6,0.6,2025-04-12
Census Tract,12031017102,White,10/2024,2,0.4,2025-04-12
Census Tract,12031017102,White,11/2024,1,2,2025-04-12
Census Tract,12031017102,White,12/2024,4,1.8,2025-04-12
Census Tract,12031017102,White,01/2025,4,1,2025-04-12
Census Tract,12031017102,White,02/2025,8,0.8,2025-04-12
Census Tract,12031017102,White,03/2025,2,0.4,2025-04-12
Census Tract,12031017102,White,04/2025,0,0,2025-04-12
Census Tract,12031017200,Other,01/2020,4,4.4,2025-04-12
Census Tract,12031017200,Other,02/2020,13,3.2,2025-04-12
Census Tract,12031017200,Other,03/2020,7,2.4,2025-04-12
Census Tract,12031017200,Other,04/2020,0,5,2025-04-12
Census Tract,12031017200,Other,05/2020,0,3.2,2025-04-12
Census Tract,12031017200,Other,06/2020,0,4.4,2025-04-12
Census Tract,12031017200,Other,07/2020,1,4.4,2025-04-12
Census Tract,12031017200,Other,08/2020,0,3.8,2025-04-12
Census Tract,12031017200,Other,09/2020,13,4.2,2025-04-12
Census Tract,12031017200,Other,10/2020,4,5,2025-04-12
Census Tract,12031017200,Other,11/2020,1,4.2,2025-04-12
Census Tract,12031017200,Other,12/2020,8,4.6,2025-04-12
Census Tract,12031017200,Other,01/2021,19,4.4,2025-04-12
Census Tract,12031017200,Other,02/2021,4,3.2,2025-04-12
Census Tract,12031017200,Other,03/2021,5,2.4,2025-04-12
Census Tract,12031017200,Other,04/2021,7,5,2025-04-12
Census Tract,12031017200,Other,05/2021,5,3.2,2025-04-12
Census Tract,12031017200,Other,06/2021,2,4.4,2025-04-12
Census Tract,12031017200,Other,07/2021,3,4.4,2025-04-12
Census Tract,12031017200,Other,08/2021,9,3.8,2025-04-12
Census Tract,12031017200,Other,09/2021,11,4.2,2025-04-12
Census Tract,12031017200,Other,10/2021,3,5,2025-04-12
Census Tract,12031017200,Other,11/2021,4,4.2,2025-04-12
Census Tract,12031017200,Other,12/2021,8,4.6,2025-04-12
Census Tract,12031017200,Other,01/2022,11,4.4,2025-04-12
Census Tract,12031017200,Other,02/2022,4,3.2,2025-04-12
Census Tract,12031017200,Other,03/2022,11,2.4,2025-04-12
Census Tract,12031017200,Other,04/2022,8,5,2025-04-12
Census Tract,12031017200,Other,05/2022,9,3.2,2025-04-12
Census Tract,12031017200,Other,06/2022,7,4.4,2025-04-12
Census Tract,12031017200,Other,07/2022,14,4.4,2025-04-12
Census Tract,12031017200,Other,08/2022,10,3.8,2025-04-12
Census Tract,12031017200,Other,09/2022,4,4.2,2025-04-12
Census Tract,12031017200,Other,10/2022,8,5,2025-04-12
Census Tract,12031017200,Other,11/2022,7,4.2,2025-04-12
Census Tract,12031017200,Other,12/2022,16,4.6,2025-04-12
Census Tract,12031017200,Other,01/2023,11,4.4,2025-04-12
Census Tract,12031017200,Other,02/2023,7,3.2,2025-04-12
Census Tract,12031017200,Other,03/2023,14,2.4,2025-04-12
Census Tract,12031017200,Other,04/2023,7,5,2025-04-12
Census Tract,12031017200,Other,05/2023,6,3.2,2025-04-12
Census Tract,12031017200,Other,06/2023,12,4.4,2025-04-12
Census Tract,12031017200,Other,07/2023,4,4.4,2025-04-12
Census Tract,12031017200,Other,08/2023,15,3.8,2025-04-12
Census Tract,12031017200,Other,09/2023,14,4.2,2025-04-12
Census Tract,12031017200,Other,10/2023,6,5,2025-04-12
Census Tract,12031017200,Other,11/2023,7,4.2,2025-04-12
Census Tract,12031017200,Other,12/2023,10,4.6,2025-04-12
Census Tract,12031017200,Other,01/2024,20,4.4,2025-04-12
Census Tract,12031017200,Other,02/2024,7,3.2,2025-04-12
Census Tract,12031017200,Other,03/2024,8,2.4,2025-04-12
Census Tract,12031017200,Other,04/2024,11,5,2025-04-12
Census Tract,12031017200,Other,05/2024,9,3.2,2025-04-12
Census Tract,12031017200,Other,06/2024,5,4.4,2025-04-12
Census Tract,12031017200,Other,07/2024,13,4.4,2025-04-12
Census Tract,12031017200,Other,08/2024,16,3.8,2025-04-12
Census Tract,12031017200,Other,09/2024,10,4.2,2025-04-12
Census Tract,12031017200,Other,10/2024,16,5,2025-04-12
Census Tract,12031017200,Other,11/2024,6,4.2,2025-04-12
Census Tract,12031017200,Other,12/2024,15,4.6,2025-04-12
Census Tract,12031017200,Other,01/2025,17,4.4,2025-04-12
Census Tract,12031017200,Other,02/2025,8,3.2,2025-04-12
Census Tract,12031017200,Other,03/2025,13,2.4,2025-04-12
Census Tract,12031017200,Other,04/2025,0,1.4,2025-04-12
Census Tract,12031017300,White,01/2020,0,2.8,2025-04-12
Census Tract,12031017300,White,02/2020,4,1.6,2025-04-12
Census Tract,12031017300,White,03/2020,0,3,2025-04-12
Census Tract,12031017300,White,04/2020,1,3,2025-04-12
Census Tract,12031017300,White,05/2020,0,3,2025-04-12
Census Tract,12031017300,White,06/2020,1,2,2025-04-12
Census Tract,12031017300,White,07/2020,0,2.2,2025-04-12
Census Tract,12031017300,White,08/2020,4,2.6,2025-04-12
Census Tract,12031017300,White,09/2020,2,4.2,2025-04-12
Census Tract,12031017300,White,10/2020,5,3.4,2025-04-12
Census Tract,12031017300,White,11/2020,1,3.2,2025-04-12
Census Tract,12031017300,White,12/2020,2,5,2025-04-12
Census Tract,12031017300,White,01/2021,1,2.8,2025-04-12
Census Tract,12031017300,White,02/2021,2,1.2,2025-04-12
Census Tract,12031017300,White,03/2021,1,3,2025-04-12
Census Tract,12031017300,White,04/2021,3,3,2025-04-12
Census Tract,12031017300,White,05/2021,3,3,2025-04-12
Census Tract,12031017300,White,06/2021,2,2,2025-04-12
Census Tract,12031017300,White,07/2021,2,2.2,2025-04-12
Census Tract,12031017300,White,08/2021,5,2.6,2025-04-12
Census Tract,12031017300,White,09/2021,3,4.2,2025-04-12
Census Tract,12031017300,White,10/2021,3,3.4,2025-04-12
Census Tract,12031017300,White,11/2021,1,3.2,2025-04-12
Census Tract,12031017300,White,12/2021,0,5,2025-04-12
Census Tract,12031017300,White,01/2022,6,2.8,2025-04-12
Census Tract,12031017300,White,02/2022,1,1.2,2025-04-12
Census Tract,12031017300,White,03/2022,5,3,2025-04-12
Census Tract,12031017300,White,04/2022,3,3,2025-04-12
Census Tract,12031017300,White,05/2022,7,3,2025-04-12
Census Tract,12031017300,White,06/2022,4,2,2025-04-12
Census Tract,12031017300,White,07/2022,8,2.2,2025-04-12
Census Tract,12031017300,White,08/2022,14,2.6,2025-04-12
Census Tract,12031017300,White,09/2022,7,4.2,2025-04-12
Census Tract,12031017300,White,10/2022,6,3.4,2025-04-12
Census Tract,12031017300,White,11/2022,4,3.2,2025-04-12
Census Tract,12031017300,White,12/2022,6,5,2025-04-12
Census Tract,12031017300,White,01/2023,5,2.8,2025-04-12
Census Tract,12031017300,White,02/2023,11,1.2,2025-04-12
Census Tract,12031017300,White,03/2023,3,3,2025-04-12
Census Tract,12031017300,White,04/2023,3,3,2025-04-12
Census Tract,12031017300,White,05/2023,9,3,2025-04-12
Census Tract,12031017300,White,06/2023,13,2,2025-04-12
Census Tract,12031017300,White,07/2023,10,2.2,2025-04-12
Census Tract,12031017300,White,08/2023,4,2.6,2025-04-12
Census Tract,12031017300,White,09/2023,21,4.2,2025-04-12
Census Tract,12031017300,White,10/2023,16,3.4,2025-04-12
Census Tract,12031017300,White,11/2023,12,3.2,2025-04-12
Census Tract,12031017300,White,12/2023,1,5,2025-04-12
Census Tract,12031017300,White,01/2024,8,2.8,2025-04-12
Census Tract,12031017300,White,02/2024,20,1.6,2025-04-12
Census Tract,12031017300,White,03/2024,6,3,2025-04-12
Census Tract,12031017300,White,04/2024,11,3,2025-04-12
Census Tract,12031017300,White,05/2024,10,3,2025-04-12
Census Tract,12031017300,White,06/2024,4,2,2025-04-12
Census Tract,12031017300,White,07/2024,10,2.2,2025-04-12
Census Tract,12031017300,White,08/2024,8,2.6,2025-04-12
Census Tract,12031017300,White,09/2024,10,4.2,2025-04-12
Census Tract,12031017300,White,10/2024,3,3.4,2025-04-12
Census Tract,12031017300,White,11/2024,4,3.2,2025-04-12
Census Tract,12031017300,White,12/2024,8,5,2025-04-12
Census Tract,12031017300,White,01/2025,7,2.8,2025-04-12
Census Tract,12031017300,White,02/2025,9,1.2,2025-04-12
Census Tract,12031017300,White,03/2025,9,3,2025-04-12
Census Tract,12031017300,White,04/2025,0,0.8,2025-04-12
Census Tract,12031017400,Black,01/2020,4,5.6,2025-04-12
Census Tract,12031017400,Black,02/2020,6,2.8,2025-04-12
Census Tract,12031017400,Black,03/2020,6,3.4,2025-04-12
Census Tract,12031017400,Black,04/2020,2,4.4,2025-04-12
Census Tract,12031017400,Black,05/2020,1,4.6,2025-04-12
Census Tract,12031017400,Black,06/2020,0,6.4,2025-04-12
Census Tract,12031017400,Black,07/2020,0,5,2025-04-12
Census Tract,12031017400,Black,08/2020,15,6,2025-04-12
Census Tract,12031017400,Black,09/2020,3,4.4,2025-04-12
Census Tract,12031017400,Black,10/2020,6,7,2025-04-12
Census Tract,12031017400,Black,11/2020,7,5.4,2025-04-12
Census Tract,12031017400,Black,12/2020,6,6,2025-04-12
Census Tract,12031017400,Black,01/2021,8,5.6,2025-04-12
Census Tract,12031017400,Black,02/2021,1,2.8,2025-04-12
Census Tract,12031017400,Black,03/2021,5,3.4,2025-04-12
Census Tract,12031017400,Black,04/2021,3,4.4,2025-04-12
Census Tract,12031017400,Black,05/2021,3,4.6,2025-04-12
Census Tract,12031017400,Black,06/2021,4,6.4,2025-04-12
Census Tract,12031017400,Black,07/2021,9,5,2025-04-12
Census Tract,12031017400,Black,08/2021,4,6,2025-04-12
Census Tract,12031017400,Black,09/2021,11,4.4,2025-04-12
Census Tract,12031017400,Black,10/2021,7,7,2025-04-12
Census Tract,12031017400,Black,11/2021,7,5.4,2025-04-12
Census Tract,12031017400,Black,12/2021,4,6,2025-04-12
Census Tract,12031017400,Black,01/2022,12,5.6,2025-04-12
Census Tract,12031017400,Black,02/2022,2,2.8,2025-04-12
Census Tract,12031017400,Black,03/2022,10,3.4,2025-04-12
Census Tract,12031017400,Black,04/2022,4,4.4,2025-04-12
Census Tract,12031017400,Black,05/2022,11,4.6,2025-04-12
Census Tract,12031017400,Black,06/2022,8,6.4,2025-04-12
Census Tract,12031017400,Black,07/2022,9,5,2025-04-12
Census Tract,12031017400,Black,08/2022,4,6,2025-04-12
Census Tract,12031017400,Black,09/2022,1,4.4,2025-04-12
Census Tract,12031017400,Black,10/2022,2,7,2025-04-12
Census Tract,12031017400,Black,11/2022,13,5.4,2025-04-12
Census Tract,12031017400,Black,12/2022,5,6,2025-04-12
Census Tract,12031017400,Black,01/2023,4,5.6,2025-04-12
Census Tract,12031017400,Black,02/2023,18,2.8,2025-04-12
Census Tract,12031017400,Black,03/2023,10,3.4,2025-04-12
Census Tract,12031017400,Black,04/2023,3,4.4,2025-04-12
Census Tract,12031017400,Black,05/2023,5,4.6,2025-04-12
Census Tract,12031017400,Black,06/2023,4,6.4,2025-04-12
Census Tract,12031017400,Black,07/2023,3,5,2025-04-12
Census Tract,12031017400,Black,08/2023,7,6,2025-04-12
Census Tract,12031017400,Black,09/2023,2,4.4,2025-04-12
Census Tract,12031017400,Black,10/2023,6,7,2025-04-12
Census Tract,12031017400,Black,11/2023,2,5.4,2025-04-12
Census Tract,12031017400,Black,12/2023,3,6,2025-04-12
Census Tract,12031017400,Black,01/2024,17,5.6,2025-04-12
Census Tract,12031017400,Black,02/2024,5,2.8,2025-04-12
Census Tract,12031017400,Black,03/2024,4,3.4,2025-04-12
Census Tract,12031017400,Black,04/2024,8,4.4,2025-04-12
Census Tract,12031017400,Black,05/2024,6,4.6,2025-04-12
Census Tract,12031017400,Black,06/2024,7,6.4,2025-04-12
Census Tract,12031017400,Black,07/2024,3,5,2025-04-12
Census Tract,12031017400,Black,08/2024,1,6,2025-04-12
Census Tract,12031017400,Black,09/2024,5,4.4,2025-04-12
Census Tract,12031017400,Black,10/2024,3,7,2025-04-12
Census Tract,12031017400,Black,11/2024,3,5.4,2025-04-12
Census Tract,12031017400,Black,12/2024,9,6,2025-04-12
Census Tract,12031017400,Black,01/2025,6,5.6,2025-04-12
Census Tract,12031017400,Black,02/2025,4,2.8,2025-04-12
Census Tract,12031017400,Black,03/2025,5,3.4,2025-04-12
Census Tract,12031017400,Black,04/2025,0,2.6,2025-04-12
Census Tract,12031990000,Other,01/2020,0,0,2025-04-12
Census Tract,12031990000,Other,02/2020,0,0,2025-04-12
Census Tract,12031990000,Other,03/2020,0,0,2025-04-12
Census Tract,12031990000,Other,04/2020,0,0,2025-04-12
Census Tract,12031990000,Other,05/2020,0,0,2025-04-12
Census Tract,12031990000,Other,06/2020,0,0,2025-04-12
Census Tract,12031990000,Other,07/2020,0,0,2025-04-12
Census Tract,12031990000,Other,08/2020,0,0,2025-04-12
Census Tract,12031990000,Other,09/2020,0,0,2025-04-12
Census Tract,12031990000,Other,10/2020,0,0,2025-04-12
Census Tract,12031990000,Other,11/2020,0,0,2025-04-12
Census Tract,12031990000,Other,12/2020,0,0,2025-04-12
Census Tract,12031990000,Other,01/2021,0,0,2025-04-12
Census Tract,12031990000,Other,02/2021,0,0,2025-04-12
Census Tract,12031990000,Other,03/2021,0,0,2025-04-12
Census Tract,12031990000,Other,04/2021,0,0,2025-04-12
Census Tract,12031990000,Other,05/2021,0,0,2025-04-12
Census Tract,12031990000,Other,06/2021,0,0,2025-04-12
Census Tract,12031990000,Other,07/2021,0,0,2025-04-12
Census Tract,12031990000,Other,08/2021,0,0,2025-04-12
Census Tract,12031990000,Other,09/2021,0,0,2025-04-12
Census Tract,12031990000,Other,10/2021,0,0,2025-04-12
Census Tract,12031990000,Other,11/2021,0,0,2025-04-12
Census Tract,12031990000,Other,12/2021,0,0,2025-04-12
Census Tract,12031990000,Other,01/2022,0,0,2025-04-12
Census Tract,12031990000,Other,02/2022,0,0,2025-04-12
Census Tract,12031990000,Other,03/2022,0,0,2025-04-12
Census Tract,12031990000,Other,04/2022,0,0,2025-04-12
Census Tract,12031990000,Other,05/2022,0,0,2025-04-12
Census Tract,12031990000,Other,06/2022,0,0,2025-04-12
Census Tract,12031990000,Other,07/2022,0,0,2025-04-12
Census Tract,12031990000,Other,08/2022,0,0,2025-04-12
Census Tract,12031990000,Other,09/2022,0,0,2025-04-12
Census Tract,12031990000,Other,10/2022,0,0,2025-04-12
Census Tract,12031990000,Other,11/2022,0,0,2025-04-12
Census Tract,12031990000,Other,12/2022,0,0,2025-04-12
Census Tract,12031990000,Other,01/2023,0,0,2025-04-12
Census Tract,12031990000,Other,02/2023,0,0,2025-04-12
Census Tract,12031990000,Other,03/2023,0,0,2025-04-12
Census Tract,12031990000,Other,04/2023,0,0,2025-04-12
Census Tract,12031990000,Other,05/2023,0,0,2025-04-12
Census Tract,12031990000,Other,06/2023,0,0,2025-04-12
Census Tract,12031990000,Other,07/2023,0,0,2025-04-12
Census Tract,12031990000,Other,08/2023,0,0,2025-04-12
Census Tract,12031990000,Other,09/2023,0,0,2025-04-12
Census Tract,12031990000,Other,10/2023,0,0,2025-04-12
Census Tract,12031990000,Other,11/2023,0,0,2025-04-12
Census Tract,12031990000,Other,12/2023,0,0,2025-04-12
Census Tract,12031990000,Other,01/2024,0,0,2025-04-12
Census Tract,12031990000,Other,02/2024,0,0,2025-04-12
Census Tract,12031990000,Other,03/2024,0,0,2025-04-12
Census Tract,12031990000,Other,04/2024,0,0,2025-04-12
Census Tract,12031990000,Other,05/2024,0,0,2025-04-12
Census Tract,12031990000,Other,06/2024,0,0,2025-04-12
Census Tract,12031990000,Other,07/2024,0,0,2025-04-12
Census Tract,12031990000,Other,08/2024,0,0,2025-04-12
Census Tract,12031990000,Other,09/2024,0,0,2025-04-12
Census Tract,12031990000,Other,10/2024,0,0,2025-04-12
Census Tract,12031990000,Other,11/2024,0,0,2025-04-12
Census Tract,12031990000,Other,12/2024,0,0,2025-04-12
Census Tract,12031990000,Other,01/2025,0,0,2025-04-12
Census Tract,12031990000,Other,02/2025,0,0,2025-04-12
Census Tract,12031990000,Other,03/2025,0,0,2025-04-12
Census Tract,12031990000,Other,04/2025,0,0,2025-04-12
Census Tract,sealed,,01/2020,3,1.2,2025-04-12
Census Tract,sealed,,02/2020,6,0.8,2025-04-12
Census Tract,sealed,,03/2020,2,0.6,2025-04-12
Census Tract,sealed,,04/2020,0,1,2025-04-12
Census Tract,sealed,,05/2020,0,1.4,2025-04-12
Census Tract,sealed,,06/2020,0,1.2,2025-04-12
Census Tract,sealed,,07/2020,2,0.8,2025-04-12
Census Tract,sealed,,08/2020,2,0.4,2025-04-12
Census Tract,sealed,,09/2020,4,0.8,2025-04-12
Census Tract,sealed,,10/2020,0,0.2,2025-04-12
Census Tract,sealed,,11/2020,2,1.2,2025-04-12
Census Tract,sealed,,12/2020,1,1.2,2025-04-12
Census Tract,sealed,,01/2021,0,1.2,2025-04-12
Census Tract,sealed,,02/2021,3,0.8,2025-04-12
Census Tract,sealed,,03/2021,0,0.6,2025-04-12
Census Tract,sealed,,04/2021,4,1,2025-04-12
Census Tract,sealed,,05/2021,5,1.4,2025-04-12
Census Tract,sealed,,06/2021,1,1.2,2025-04-12
Census Tract,sealed,,07/2021,0,0.8,2025-04-12
Census Tract,sealed,,08/2021,8,0.4,2025-04-12
Census Tract,sealed,,09/2021,4,0.8,2025-04-12
Census Tract,sealed,,10/2021,5,0.2,2025-04-12
Census Tract,sealed,,11/2021,2,1.2,2025-04-12
Census Tract,sealed,,12/2021,2,1.2,2025-04-12
Census Tract,sealed,,01/2022,3,1.2,2025-04-12
Census Tract,sealed,,02/2022,3,0.8,2025-04-12
Census Tract,sealed,,03/2022,2,0.6,2025-04-12
Census Tract,sealed,,04/2022,3,1,2025-04-12
Census Tract,sealed,,05/2022,2,1.4,2025-04-12
Census Tract,sealed,,06/2022,6,1.2,2025-04-12
Census Tract,sealed,,07/2022,2,0.8,2025-04-12
Census Tract,sealed,,08/2022,5,0.4,2025-04-12
Census Tract,sealed,,09/2022,6,0.8,2025-04-12
Census Tract,sealed,,10/2022,3,0.2,2025-04-12
Census Tract,sealed,,11/2022,1,1.2,2025-04-12
Census Tract,sealed,,12/2022,6,1.2,2025-04-12
Census Tract,sealed,,01/2023,3,1.2,2025-04-12
Census Tract,sealed,,02/2023,12,0.8,2025-04-12
Census Tract,sealed,,03/2023,6,0.6,2025-04-12
Census Tract,sealed,,04/2023,7,1,2025-04-12
Census Tract,sealed,,05/2023,6,1.4,2025-04-12
Census Tract,sealed,,06/2023,7,1.2,2025-04-12
Census Tract,sealed,,07/2023,3,0.8,2025-04-12
Census Tract,sealed,,08/2023,3,0.4,2025-04-12
Census Tract,sealed,,09/2023,5,0.8,2025-04-12
Census Tract,sealed,,10/2023,7,0.2,2025-04-12
Census Tract,sealed,,11/2023,3,1.2,2025-04-12
Census Tract,sealed,,12/2023,3,1.2,2025-04-12
Census Tract,sealed,,01/2024,6,1.2,2025-04-12
Census Tract,sealed,,02/2024,3,0.8,2025-04-12
Census Tract,sealed,,03/2024,5,0.6,2025-04-12
Census Tract,sealed,,04/2024,2,1,2025-04-12
Census Tract,sealed,,05/2024,5,1.4,2025-04-12
Census Tract,sealed,,06/2024,4,1.2,2025-04-12
Census Tract,sealed,,07/2024,8,0.8,2025-04-12
Census Tract,sealed,,08/2024,7,0.4,2025-04-12
Census Tract,sealed,,09/2024,6,0.8,2025-04-12
Census Tract,sealed,,10/2024,40,0.2,2025-04-12
Census Tract,sealed,,11/2024,80,1.2,2025-04-12
Census Tract,sealed,,12/2024,8,1.2,2025-04-12
Census Tract,sealed,,01/2025,10,1.2,2025-04-12
Census Tract,sealed,,02/2025,4,0.8,2025-04-12
Census Tract,sealed,,03/2025,2,0.6,2025-04-12
Census Tract,sealed,,04/2025,2,0,2025-04-12
