group,month,month_last_day,month_filings,avg_filings,month_diff,month_filings_imputed,baseline_share
White,06/2023,,145,4039.6,0.0358946430339638,,0.430390374428452
Black,06/2023,,283,3564.4,0.0793962518235888,,0.38765636419645
Other,06/2023,,118,4298.8,0.0274495207965014,,
Latinx,06/2023,,,,,,0.115529811124735
Female,06/2023,,,,,,0.525311846064753
