group,month,month_last_day,month_filings,avg_filings,month_diff,month_filings_imputed,baseline_share
White,07/2023,,136,4039.6,0.033666699673235,,0.430390374428452
Black,07/2023,,263,3564.4,0.0737852092918864,,0.38765636419645
Other,07/2023,,114,4298.8,0.0265190285661115,,
Latinx,07/2023,,,,,,0.115529811124735
Female,07/2023,,,,,,0.525311846064753
