group,month,month_last_day,month_filings,avg_filings,month_diff,month_filings_imputed,baseline_share
White,08/2022,,5153,4036,1.27675916749257,0.313299627245002,0.430390374428452
Black,08/2022,,4459,3560.4,1.25238737220537,0.573768756353778,0.38765636419645
Other,08/2022,,5902,4295.8,1.37390008845849,0.0349662487292444,
Latinx,08/2022,,,,,0.0779653676719756,0.115529811124735
Female,08/2022,,,,,0.611123195467319,0.525311846064753
