group,month,month_last_day,month_filings,avg_filings,month_diff,month_filings_imputed,baseline_share
White,06/2022,,5116,4036,1.26759167492567,0.29156541753112,0.450877361272467
Black,06/2022,,4527,3560.4,1.27148634984833,0.594578514004149,0.36485723116933
Other,06/2022,,6012,4295.8,1.39950649471577,0.0185469722510373,
Latinx,06/2022,,,,,0.0767621239626556,0.124162874064284
Female,06/2022,,,,,0.580347496941931,0.525311846064753
