group,month,month_last_day,month_filings,avg_filings,month_diff,month_filings_imputed,baseline_share
White,09/2022,,5237,4036,1.29757185332012,0.313865138453501,0.430390374428452
Black,09/2022,,4442,3560.4,1.24761262779463,0.572251371473354,0.38765636419645
Other,09/2022,,5606,4295.8,1.30499557707528,0.0355474791013584,
Latinx,09/2022,,,,,0.0783360109717868,0.115529811124735
Female,09/2022,,,,,0.611123195467319,0.525311846064753
