group,month,month_last_day,month_filings,avg_filings,month_diff,month_filings_imputed,baseline_share
White,05/2023,,5220,4039.6,1.2922071492227,0.344165505550417,0.430390374428452
Black,05/2023,,4006,3564.4,1.12389181909999,0.534405711814144,0.38765636419645
Other,05/2023,,5221,4298.8,1.21452498371639,0.0395396926183601,
Latinx,05/2023,,,,,0.0818890900170793,0.115529811124735
Female,05/2023,,,,,0.606580324170527,0.525311846064753
