month,month_last_day,month_filings,avg_filings,percentage_diff
January,,757,820,0.923170731707317
February,,591,697.25,0.847615632843313
March,,435,583.75,0.745182012847966
April,,153,709.5,0.215644820295983
May,,172,727,0.236588720770289
June,13/06/2020,107,352,0.303977272727273
