group,month,month_last_day,month_filings,avg_filings,month_diff,month_filings_imputed,baseline_share
White,01/2023,,5217,4036,1.29261645193261,0.339326734291313,0.430390374428452
Black,01/2023,,4249,3560.4,1.19340523536681,0.538378524033977,0.38765636419645
Other,01/2023,,5473,4295.8,1.27403510405512,0.0398542747362991,
Latinx,01/2023,,,,,0.082440466938411,0.115529811124735
Female,01/2023,,,,,0.60972443183007,0.525311846064753
