group,month,month_last_day,month_filings,avg_filings,month_diff,month_filings_imputed,baseline_share
White,04/2022,,4912,4036,1.21704658077304,0.292068511938159,0.450877361272467
Black,04/2022,,4356,3560.4,1.22345803842265,0.594301976186023,0.36485723116933
Other,04/2022,,5794,4295.8,1.34875925322408,0.0188677139829188,
Latinx,04/2022,,,,,0.0758940839099807,0.124162874064284
Female,04/2022,,,,,0.581218528273738,0.525311846064753
