group,month,month_last_day,month_filings,avg_filings,month_diff,month_filings_imputed,baseline_share
White,03/2023,,5287,4039.6,1.30879294979701,0.342073352514094,0.430390374428452
Black,03/2023,,4149,3564.4,1.16401077320166,0.534162925589764,0.38765636419645
Other,03/2023,,5322,4298.8,1.23801991253373,0.039541543686818,
Latinx,03/2023,,,,,0.0842221782093235,0.115529811124735
Female,03/2023,,,,,0.607023499217679,0.525311846064753
