group,month,month_last_day,month_filings,avg_filings,month_diff,month_filings_imputed,baseline_share
White,04/2022,,4984,4036,1.23488602576809,0.29156541753112,0.450877361272467
Black,04/2022,,4431,3560.4,1.24452308729356,0.594578514004149,0.36485723116933
Other,04/2022,,5923,4295.8,1.37878858419852,0.0185469722510373,
Latinx,04/2022,,,,,0.0767621239626556,0.124162874064284
Female,04/2022,,,,,0.580347496941931,0.525311846064753
