group,month,month_last_day,month_filings,avg_filings,month_diff,month_filings_imputed,baseline_share
White,10/2023,,4326,3900.75,1.10901749663526,0.436413696055933,0.535122342690556
Black,10/2023,,2298,2812.25,0.817139301271224,0.435090496769328,0.341249303940516
Latinx,10/2023,,145,229.75,0.631120783460283,0.0739321210670291,0.0708260997739854
Other,10/2023,,1859,2049.75,0.906939870715941,0.0545636861077102,
Female,10/2023,,,,,0.58334998140124,0.542745807455866
