group,month,month_last_day,month_filings,avg_filings,month_diff,month_filings_imputed,baseline_share
White,12/2022,,4594,4113.25,1.1168783808424,0.401353858058811,0.535122342690556
Black,12/2022,,2780,2987,0.930699698694342,0.504380499668362,0.341249303940516
Latinx,12/2022,,130,193.5,0.671834625322997,0.0525687596727836,0.0708260997739854
Other,12/2022,,1530,1673.25,0.914388166741372,0.0416968826000442,
Female,12/2022,,,,,0.575847560027414,0.542745807455866
