group,month,month_last_day,month_filings,avg_filings,month_diff,month_filings_imputed,baseline_share
White,04/2023,,4355,4117,1.05780908428467,0.398263293813828,0.535122342690556
Black,04/2023,,2552,2988.25,0.854011545218773,0.501230308721681,0.341249303940516
Latinx,04/2023,,107,193.75,0.552258064516129,0.0590424932503815,0.0708260997739854
Other,04/2023,,1491,1673.5,0.890947116821034,0.0414639042141096,
Female,04/2023,,,,,0.571302973017399,0.542745807455866
