group,month,month_last_day,month_filings,avg_filings,month_diff,month_filings_imputed,baseline_share
White,12/2022,,4618,4113.25,1.12271318300614,0.401516899504281,0.535122342690556
Black,12/2022,,2802,2987,0.93806494810847,0.502995606128887,0.341249303940516
Latinx,12/2022,,130,193.5,0.671834625322997,0.0538411446597567,0.0708260997739854
Other,12/2022,,1538,1673.25,0.919169281338712,0.0416463497070754,
Female,12/2022,,,,,0.574739338471298,0.542745807455866
