group,month,month_last_day,month_filings,avg_filings,month_diff,month_filings_imputed,baseline_share
White,06/2023,,3070,4117,0.745688608209862,0.377419708978798,0.535122342690556
Black,06/2023,,2378,2988.25,0.795783485317494,0.512148028199511,0.341249303940516
Latinx,06/2023,,103,193.75,0.531612903225807,0.0648395041725948,0.0708260997739854
Other,06/2023,,1442,1673.5,0.861667164625037,0.0455927586490962,
Female,06/2023,,,,,0.57486781798693,0.542745807455866
