group,month,month_last_day,month_filings,avg_filings,month_diff,month_filings_imputed,baseline_share
White,03/2023,,4429,4117,1.07578333738159,0.398171548117155,0.535122342690556
Black,03/2023,,2598,2988.25,0.869405170250147,0.505244072524407,0.341249303940516
Latinx,03/2023,,115,193.75,0.593548387096774,0.0551867735936774,0.0708260997739854
Other,03/2023,,1510,1673.5,0.902300567672543,0.0413976057647605,
Female,03/2023,,,,,0.577337097195271,0.542745807455866
