group,month,month_last_day,month_filings,avg_filings,month_diff,month_filings_imputed,baseline_share
White,08/2023,,4134,3900.75,1.0597961930398,0.418699029801639,0.535122342690556
Black,08/2023,,2250,2812.25,0.800071117432661,0.457700663835788,0.341249303940516
Latinx,08/2023,,140,229.75,0.609357997823722,0.071880567540424,0.0708260997739854
Other,08/2023,,1762,2049.75,0.859617026466642,0.0517197388221488,
Female,08/2023,,,,,0.578847800661959,0.542745807455866
