group,month,month_last_day,month_filings,avg_filings,month_diff,month_filings_imputed,baseline_share
White,07/2022,,4790,4113.25,1.1645292651796,0.400957010684671,0.527889818520291
Black,07/2022,,2776,2987,0.929360562437228,0.502927993353411,0.332553284356775
Latinx,07/2022,,186,193.5,0.961240310077519,0.0511277449768818,0.0887520443418403
Other,07/2022,,1737,1673.25,1.03809950694756,0.0224936254925181,
Female,07/2022,,,,,0.563185405703564,0.542745807455866
