group,month,month_last_day,month_filings,avg_filings,month_diff,month_filings_imputed,baseline_share
White,02/2023,,4446,4113.25,1.08089710083267,0.398171548117155,0.535122342690556
Black,02/2023,,2682,2987,0.897890860395045,0.505244072524407,0.341249303940516
Latinx,02/2023,,122,193.5,0.630490956072351,0.0551867735936774,0.0708260997739854
Other,02/2023,,1497,1673.25,0.894666069027342,0.0413976057647605,
Female,02/2023,,,,,0.577337097195271,0.542745807455866
