group,month,month_last_day,month_filings,avg_filings,month_diff,month_filings_imputed,baseline_share
White,01/2023,,4577,4113.25,1.11274539597642,0.401516899504281,0.535122342690556
Black,01/2023,,2755,2987,0.922330097087379,0.502995606128887,0.341249303940516
Latinx,01/2023,,127,193.5,0.656330749354005,0.0538411446597567,0.0708260997739854
Other,01/2023,,1510,1673.25,0.90243538024802,0.0416463497070754,
Female,01/2023,,,,,0.574739338471298,0.542745807455866
