group,month,month_last_day,month_filings,avg_filings,month_diff,month_filings_imputed,baseline_share
White,07/2022,,4790,4113.25,1.1645292651796,0.404837161652108,0.535122342690556
Black,07/2022,,2776,2987,0.929360562437228,0.500922463064812,0.341249303940516
Latinx,07/2022,,186,193.5,0.961240310077519,0.051754771918473,0.0708260997739854
Other,07/2022,,1737,1673.25,1.03809950694756,0.0212428016823035,
Female,07/2022,,,,,0.571739458294438,0.542745807455866
