group,month,month_last_day,month_filings,avg_filings,month_diff,month_filings_imputed,baseline_share
White,09/2023,,4028,3900.75,1.03262193167981,0.436413696055933,0.535122342690556
Black,09/2023,,2173,2812.25,0.772690905858299,0.435090496769328,0.341249303940516
Latinx,09/2023,,138,229.75,0.600652883569097,0.0739321210670291,0.0708260997739854
Other,09/2023,,1759,2049.75,0.85815343334553,0.0545636861077102,
Female,09/2023,,,,,0.58334998140124,0.542745807455866
