group,month,month_last_day,month_filings,avg_filings,month_diff,month_filings_imputed,baseline_share
White,05/2023,,4272,4117,1.03764877337867,0.399439346246973,0.535122342690556
Black,05/2023,,2426,2988.25,0.811846398393709,0.498348668280872,0.341249303940516
Latinx,05/2023,,104,193.75,0.536774193548387,0.0600243341404358,0.0708260997739854
Other,05/2023,,1453,1673.5,0.868240215118016,0.0421876513317192,
Female,05/2023,,,,,0.56842690219892,0.542745807455866
