group,month,month_last_day,month_filings,avg_filings,month_diff,month_filings_imputed,baseline_share
White,10/2022,,4596,4113.25,1.11736461435604,0.402935175590098,0.535122342690556
Black,10/2022,,2763,2987,0.925008369601607,0.502802417962004,0.341249303940516
Latinx,10/2022,,134,193.5,0.69250645994832,0.0521434657455383,0.0708260997739854
Other,10/2022,,1511,1673.25,0.903033019572688,0.0421189407023604,
Female,10/2022,,,,,0.576820705035895,0.542745807455866
