group,month,month_last_day,month_filings,avg_filings,month_diff,month_filings_imputed,baseline_share
White,04/2022,,4565,4113.25,1.10982799489455,0.403173462675833,0.527889818520291
Black,04/2022,,2495,2987,0.835286240374958,0.500009580401762,0.332553284356775
Latinx,04/2022,,174,193.5,0.89922480620155,0.0513132478134251,0.0887520443418403
Other,04/2022,,1646,1673.25,0.983714328402809,0.02275185455449,
Female,04/2022,,,,,0.563658693998133,0.542745807455866
