group,month,month_last_day,month_filings,avg_filings,month_diff,month_filings_imputed,baseline_share
White,09/2023,,9487,5432.75,1.74626110165202,,0.403803427264128
Black,09/2023,,133,207.75,0.640192539109507,,0.195351855518159
Latinx,09/2023,,10835,9751.75,1.1110826261953,,0.2809454673442
Other,09/2023,,26974,21029.75,1.28265909009855,,
Female,09/2023,,,,,,0.505411532054865
