group,month,month_last_day,month_filings,avg_filings,month_diff,month_filings_imputed,baseline_share
White,10/2023,,9934,5432.75,1.82853987391284,,0.403803427264128
Black,10/2023,,144,207.75,0.693140794223827,,0.195351855518159
Latinx,10/2023,,11693,9751.75,1.19906683415797,,0.2809454673442
Other,10/2023,,29007,21029.75,1.37933166109916,,
Female,10/2023,,,,,,0.505411532054865
