group,month,month_last_day,month_filings,avg_filings,month_diff,month_filings_imputed,baseline_share
White,01/2023,,10543,5855,1.80068317677199,0.357424150579151,0.403803427264128
Black,01/2023,,294,276.25,1.06425339366516,0.346939092664093,0.195351855518159
Latinx,01/2023,,12933,9318.75,1.38784708249497,0.212504787644788,0.2809454673442
Other,01/2023,,33310,20954.25,1.58965365021416,0.0831319691119692,
Female,01/2023,,,,,0.607537404565514,0.505411532054865
