group,month,month_last_day,month_filings,avg_filings,month_diff,month_filings_imputed,baseline_share
White,04/2023,,10547,5856.75,1.80082810432407,0.35748376689144,0.403803427264128
Black,04/2023,,276,276.5,0.998191681735985,0.339751035201711,0.195351855518159
Latinx,04/2023,,12380,9324.25,1.3277207282087,0.219824608935214,0.2809454673442
Other,04/2023,,31766,20964.5,1.51522812373298,0.0829405889716343,
Female,04/2023,,,,,0.601496614860864,0.505411532054865
