group,month,month_last_day,month_filings,avg_filings,month_diff,month_filings_imputed,baseline_share
White,03/2023,,10455,5856.75,1.78511973364067,0.357450634769792,0.403803427264128
Black,03/2023,,292,276.5,1.05605786618445,0.343340116915238,0.195351855518159
Latinx,03/2023,,12695,9324.25,1.36150360618817,0.216335774764409,0.2809454673442
Other,03/2023,,32648,20964.5,1.55729924396003,0.082873473550561,
Female,03/2023,,,,,0.604753072921089,0.505411532054865
