group,month,month_last_day,month_filings,avg_filings,month_diff,month_filings_imputed,baseline_share
White,06/2023,,5481,5856.75,0.935843257779485,,
Black,06/2023,,240,276.5,0.867992766726944,,
Latinx,06/2023,,10896,9324.25,1.16856583639435,,
Other,06/2023,,22953,20964.5,1.09485081924205,,
