group,month,month_last_day,month_filings,avg_filings,month_diff,month_filings_imputed,baseline_share
White,09/2022,,10864,5855,1.85550811272417,0.356345210153519,0.403803427264128
Black,09/2022,,329,276.25,1.19095022624434,0.359081393683807,0.195351855518159
Latinx,09/2022,,13703,9318.75,1.47047619047619,0.20170401527468,0.2809454673442
Other,09/2022,,35017,20954.25,1.67111683787299,0.0828693808879944,
Female,09/2022,,,,,0.618198535881263,0.505411532054865
