group,month,month_last_day,month_filings,avg_filings,month_diff,month_filings_imputed,baseline_share
White,07/2022,,10905,5855,1.86251067463706,0.356176917038983,0.403803427264128
Black,07/2022,,330,276.25,1.19457013574661,0.360842151948453,0.195351855518159
Latinx,07/2022,,13606,9318.75,1.46006706908115,0.200442938780532,0.2809454673442
Other,07/2022,,35550,20954.25,1.69655320519704,0.0825379922320324,
Female,07/2022,,,,,0.618198535881263,0.505411532054865
