group,month,month_last_day,month_filings,avg_filings,month_diff,month_filings_imputed,baseline_share
White,02/2023,,10482,5855,1.79026473099915,0.357450634769792,0.403803427264128
Black,02/2023,,287,276.25,1.03891402714932,0.343340116915238,0.195351855518159
Latinx,02/2023,,12754,9318.75,1.36863849765258,0.216335774764409,0.2809454673442
Other,02/2023,,32854,20954.25,1.56789195509264,0.082873473550561,
Female,02/2023,,,,,0.606087672446005,0.505411532054865
