group,month,month_last_day,month_filings,avg_filings,month_diff,month_filings_imputed,baseline_share
White,09/2022,,9955,5855,1.7002561912895,0.356176917038983,0.403803427264128
Black,09/2022,,287,276.25,1.03891402714932,0.360842151948453,0.195351855518159
Latinx,09/2022,,12587,9318.75,1.35071763916834,0.200442938780532,0.2809454673442
Other,09/2022,,32143,20954.25,1.5339608909887,0.0825379922320324,
Female,09/2022,,,,,0.618198535881263,0.505411532054865
