group,month,month_last_day,month_filings,avg_filings,month_diff,month_filings_imputed,baseline_share
White,09/2023,,9968,5432.75,1.83479821453224,,0.403803427264128
Black,09/2023,,143,207.75,0.688327316486161,,0.195351855518159
Latinx,09/2023,,11752,9751.75,1.20511703027662,,0.2809454673442
Other,09/2023,,29115,21029.75,1.38446724283456,,
Female,09/2023,,,,,,0.505411532054865
