group,month,month_last_day,month_filings,avg_filings,month_diff,month_filings_imputed,baseline_share
White,06/2023,,5870,5856.75,1.00226234686473,,
Black,06/2023,,246,276.5,0.889692585895118,,
Latinx,06/2023,,11647,9324.25,1.24910850738665,,
Other,06/2023,,24667,20964.5,1.1766080755563,,
