group,month,month_last_day,month_filings,avg_filings,month_diff,month_filings_imputed,baseline_share
White,12/2022,,10826,5855,1.84901793339026,0.358278182139195,0.403803427264128
Black,12/2022,,299,276.25,1.08235294117647,0.350262000788883,0.195351855518159
Latinx,12/2022,,13299,9318.75,1.42712273641851,0.208525642224284,0.2809454673442
Other,12/2022,,34084,20954.25,1.62659126430199,0.0829341748476378,
Female,12/2022,,,,,0.612125973550682,0.505411532054865
