group,month,month_last_day,month_filings,avg_filings,month_diff,month_filings_imputed,baseline_share
White,07/2023,,8603,5856.75,1.46890340205746,,
Black,07/2023,,223,276.5,0.806509945750452,,
Latinx,07/2023,,11380,9324.25,1.22047349652787,,
Other,07/2023,,24454,20964.5,1.16644804312051,,
