group,month,month_last_day,month_filings,avg_filings,month_diff,month_filings_imputed,baseline_share
White,05/2023,,10792,5856.75,1.8426601784266,0.358708892135771,0.403803427264128
Black,05/2023,,269,276.5,0.972875226039783,0.335454263778797,0.195351855518159
Latinx,05/2023,,12272,9324.25,1.31613802718717,0.222781029268432,0.2809454673442
Other,05/2023,,31387,20964.5,1.49714994395287,0.0830558148170003,
Female,05/2023,,,,,0.598152953278768,0.505411532054865
