group,month,month_last_day,month_filings,avg_filings,month_diff,month_filings_imputed,baseline_share
White,08/2023,,10065,5432.75,1.85265289218168,,0.403803427264128
Black,08/2023,,152,207.75,0.73164861612515,,0.195351855518159
Latinx,08/2023,,11953,9751.75,1.22572871535878,,0.2809454673442
Other,08/2023,,29439,21029.75,1.39987398804075,,
Female,08/2023,,,,,,0.505411532054865
