share,last_year,prepandemic,renters
white_share,0.3980811731203303,0.4,0.4
black_share,0.40769253452552345,0.4,0.4
latinx_share,0.14569805141051212,0.15,0.15
other_share,0.02426412047181704,0.05,0.05
female_share,0.5661721709205234,0.5,0.5
