share,last_year,prepandemic,renters
white_share,0.4139311630217219,0.4235891311689067,0.48680755287289706
black_share,0.39922662384722446,0.40337772659802484,0.2649672202166167
latinx_share,0.1422419671731921,0.13324388837817155,0.17242324463730083
other_share,0.044600245957861585,0.039789253854896955,0.07580198227318546
female_share,0.5903636143471032,0.5894065137467225,0.526354954629691
