share,last_year,prepandemic,renters
white_share,0.4235237559111316,0.42983152629923516,0.4841833325429183
black_share,0.3963472550249728,0.4049186786097233,0.2694152312434253
latinx_share,0.1380931768429091,0.12823333242024962,0.17313084827300879
other_share,0.04203581222098649,0.03701646267079195,0.07327058794064767
female_share,0.5883160683194034,0.5870845681165457,0.5263286650551782
