site_id,month,month_filings,pct_of_historical,avg_filings,eviction_filing_rate,site
0,1/1/20,118307,1.018,116193,0.091,all_sites
0,2/1/20,103877,0.994,104550.5,0.08,all_sites
0,3/1/20,58899,0.594,99108.5,0.045,all_sites
0,4/1/20,8093,0.083,97123,0.006,all_sites
0,5/1/20,11901,0.111,107058.5,0.009,all_sites
0,6/1/20,23299,0.214,109032.5,0.018,all_sites
0,7/1/20,28837,0.258,111867.5,0.022,all_sites
0,8/1/20,44735,0.389,115132.5,0.034,all_sites
0,9/1/20,61842,0.574,107760,0.048,all_sites
0,10/1/20,63089,0.565,111607.5,0.049,all_sites
0,11/1/20,56486,0.573,98632.5,0.044,all_sites
0,12/1/20,56381,0.562,100348.5,0.043,all_sites
0,1/1/21,47060,0.405,116193,0.036,all_sites
0,2/1/21,41954,0.409,102589.5,0.032,all_sites
0,3/1/21,52372,0.528,99108.5,0.04,all_sites
0,4/1/21,43748,0.45,97123,0.034,all_sites
0,5/1/21,44382,0.415,107058.5,0.034,all_sites
0,6/1/21,54792,0.503,109032.5,0.042,all_sites
0,7/1/21,55852,0.499,111867.5,0.043,all_sites
0,8/1/21,58879,0.511,115132.5,0.045,all_sites
0,9/1/21,65045,0.604,107760,0.05,all_sites
0,10/1/21,70069,0.628,111607.5,0.054,all_sites
0,11/1/21,65486,0.664,98632.5,0.05,all_sites
0,12/1/21,66587,0.664,100348.5,0.051,all_sites
0,1/1/22,80849,0.696,116193,0.062,all_sites
0,2/1/22,79435,0.774,102589.5,0.061,all_sites
0,3/1/22,89348,0.902,99108.5,0.069,all_sites
0,4/1/22,81458,0.839,97123,0.063,all_sites
0,5/1/22,89183,0.833,107058.5,0.069,all_sites
0,6/1/22,98723,0.905,109032.5,0.076,all_sites
0,7/1/22,105493,0.943,111867.5,0.081,all_sites
0,8/1/22,115078,1,115132.5,0.089,all_sites
0,9/1/22,109645,1.017,107760,0.084,all_sites
0,10/1/22,108043,0.968,111607.5,0.083,all_sites
0,11/1/22,98849,1.002,98632.5,0.076,all_sites
0,12/1/22,102221,1.019,100348.5,0.079,all_sites
0,1/1/23,117141,1.008,116193,0.09,all_sites
0,2/1/23,102497,0.999,102589.5,0.079,all_sites
0,3/1/23,105041,1.06,99108.5,0.081,all_sites
0,4/1/23,96365,0.992,97123,0.074,all_sites
0,5/1/23,109331,1.021,107058.5,0.084,all_sites
0,6/1/23,113030,1.037,109032.5,0.087,all_sites
0,7/1/23,111448,0.996,111867.5,0.086,all_sites
0,8/1/23,119058,1.034,115132.5,0.092,all_sites
0,9/1/23,109061,1.012,107760,0.084,all_sites
0,10/1/23,116727,1.046,111607.5,0.09,all_sites
0,11/1/23,102359,1.038,98632.5,0.079,all_sites
0,12/1/23,101473,1.011,100348.5,0.078,all_sites
0,1/1/24,115683,0.996,116193,0.089,all_sites
0,2/1/24,107229,1.026,104550.5,0.083,all_sites
0,3/1/24,93977,0.948,99108.5,0.072,all_sites
0,4/1/24,99063,1.02,97123,0.076,all_sites
0,5/1/24,104469,0.976,107058.5,0.08,all_sites
0,6/1/24,105778,0.97,109032.5,0.081,all_sites
0,7/1/24,113511,1.015,111867.5,0.087,all_sites
0,8/1/24,111967,0.973,115132.5,0.086,all_sites
0,9/1/24,106774,0.991,107760,0.082,all_sites
0,10/1/24,105291,0.943,111607.5,0.081,all_sites
0,11/1/24,95863,0.972,98632.5,0.074,all_sites
0,12/1/24,101090,1.007,100348.5,0.078,all_sites
0,1/1/25,114541,0.986,116193,0.088,all_sites
0,2/1/25,99929,0.974,102589.5,0.077,all_sites
0,3/1/25,93569,0.944,99108.5,0.072,all_sites
0,4/1/25,93909,0.967,97123,0.072,all_sites
0,5/1/25,100113,0.935,107058.5,0.077,all_sites
0,6/1/25,102500,0.94,109032.5,0.079,all_sites
0,7/1/25,113706,1.016,111867.5,0.088,all_sites
0,8/1/25,105992,0.921,115132.5,0.082,all_sites
0,9/1/25,105525,0.979,107760,0.081,all_sites
0,10/1/25,104803,0.989,105974,0.081,all_sites
0,11/1/25,85052,0.909,93540,0.066,all_sites
0,12/1/25,92186,0.986,93463.5,0.071,all_sites
0,1/1/26,94903,0.919,103276.5,0.073,all_sites
0,2/1/26,75146,0.853,88061,0.058,all_sites
35001,1/1/20,1023,1.355,755,0.122,albuquerque
35001,2/1/20,888,1.262,703.5,0.106,albuquerque
35001,3/1/20,698,0.963,724.5,0.083,albuquerque
35001,4/1/20,298,0.401,743,0.036,albuquerque
35001,5/1/20,271,0.335,809,0.032,albuquerque
35001,6/1/20,301,0.381,790.5,0.036,albuquerque
35001,7/1/20,295,0.37,797.5,0.035,albuquerque
35001,8/1/20,410,0.455,900.5,0.049,albuquerque
35001,9/1/20,386,0.497,777,0.046,albuquerque
35001,10/1/20,416,0.51,815.5,0.05,albuquerque
35001,11/1/20,425,0.598,710.5,0.051,albuquerque
35001,12/1/20,215,0.293,733.5,0.026,albuquerque
35001,1/1/21,550,0.728,755,0.066,albuquerque
35001,2/1/21,423,0.605,699.5,0.051,albuquerque
35001,3/1/21,409,0.565,724.5,0.049,albuquerque
35001,4/1/21,342,0.46,743,0.041,albuquerque
35001,5/1/21,463,0.572,809,0.055,albuquerque
35001,6/1/21,489,0.619,790.5,0.058,albuquerque
35001,7/1/21,488,0.612,797.5,0.058,albuquerque
35001,8/1/21,455,0.505,900.5,0.054,albuquerque
35001,9/1/21,416,0.535,777,0.05,albuquerque
35001,10/1/21,474,0.581,815.5,0.057,albuquerque
35001,11/1/21,416,0.586,710.5,0.05,albuquerque
35001,12/1/21,403,0.549,733.5,0.048,albuquerque
35001,1/1/22,540,0.715,755,0.064,albuquerque
35001,2/1/22,560,0.801,699.5,0.067,albuquerque
35001,3/1/22,597,0.824,724.5,0.071,albuquerque
35001,4/1/22,524,0.705,743,0.063,albuquerque
35001,5/1/22,623,0.77,809,0.074,albuquerque
35001,6/1/22,612,0.774,790.5,0.073,albuquerque
35001,7/1/22,672,0.843,797.5,0.08,albuquerque
35001,8/1/22,755,0.838,900.5,0.09,albuquerque
35001,9/1/22,593,0.763,777,0.071,albuquerque
35001,10/1/22,603,0.739,815.5,0.072,albuquerque
35001,11/1/22,635,0.894,710.5,0.076,albuquerque
35001,12/1/22,599,0.817,733.5,0.072,albuquerque
35001,1/1/23,794,1.052,755,0.095,albuquerque
35001,2/1/23,738,1.055,699.5,0.088,albuquerque
35001,3/1/23,805,1.111,724.5,0.096,albuquerque
35001,4/1/23,808,1.087,743,0.096,albuquerque
35001,5/1/23,892,1.103,809,0.107,albuquerque
35001,6/1/23,821,1.039,790.5,0.098,albuquerque
35001,7/1/23,817,1.024,797.5,0.098,albuquerque
35001,8/1/23,949,1.054,900.5,0.113,albuquerque
35001,9/1/23,768,0.988,777,0.092,albuquerque
35001,10/1/23,857,1.051,815.5,0.102,albuquerque
35001,11/1/23,689,0.97,710.5,0.082,albuquerque
35001,12/1/23,749,1.021,733.5,0.089,albuquerque
35001,1/1/24,716,0.948,755,0.086,albuquerque
35001,2/1/24,669,0.951,703.5,0.08,albuquerque
35001,3/1/24,644,0.889,724.5,0.077,albuquerque
35001,4/1/24,678,0.913,743,0.081,albuquerque
35001,5/1/24,726,0.897,809,0.087,albuquerque
35001,6/1/24,760,0.961,790.5,0.091,albuquerque
35001,7/1/24,778,0.976,797.5,0.093,albuquerque
35001,8/1/24,852,0.946,900.5,0.102,albuquerque
35001,9/1/24,786,1.012,777,0.094,albuquerque
35001,10/1/24,774,0.949,815.5,0.092,albuquerque
35001,11/1/24,732,1.03,710.5,0.087,albuquerque
35001,12/1/24,718,0.979,733.5,0.086,albuquerque
35001,1/1/25,778,1.03,755,0.093,albuquerque
35001,2/1/25,633,0.905,699.5,0.076,albuquerque
35001,3/1/25,578,0.798,724.5,0.069,albuquerque
35001,4/1/25,621,0.836,743,0.074,albuquerque
35001,5/1/25,616,0.761,809,0.074,albuquerque
35001,6/1/25,579,0.732,790.5,0.069,albuquerque
35001,7/1/25,637,0.799,797.5,0.076,albuquerque
35001,8/1/25,644,0.715,900.5,0.077,albuquerque
35001,9/1/25,757,0.974,777,0.09,albuquerque
35001,10/1/25,642,0.787,815.5,0.077,albuquerque
35001,11/1/25,639,0.899,710.5,0.076,albuquerque
35001,12/1/25,672,0.916,733.5,0.08,albuquerque
35001,1/1/26,675,0.894,755,0.081,albuquerque
35001,2/1/26,641,0.916,699.5,0.077,albuquerque
13121,1/1/20,14106,1,14110.5,0.296,atlanta
13121,2/1/20,13222,1.059,12481.5,0.277,atlanta
13121,3/1/20,8255,0.723,11419,0.173,atlanta
13121,4/1/20,1112,0.094,11789,0.023,atlanta
13121,5/1/20,1071,0.088,12149,0.022,atlanta
13121,6/1/20,2002,0.156,12804,0.042,atlanta
13121,7/1/20,2096,0.159,13154,0.044,atlanta
13121,8/1/20,3942,0.301,13083,0.083,atlanta
13121,9/1/20,6700,0.534,12539,0.14,atlanta
13121,10/1/20,6634,0.519,12791,0.139,atlanta
13121,11/1/20,7492,0.644,11640.5,0.157,atlanta
13121,12/1/20,7741,0.64,12102,0.162,atlanta
13121,1/1/21,7741,0.549,14110.5,0.162,atlanta
13121,2/1/21,6793,0.549,12375.5,0.142,atlanta
13121,3/1/21,6954,0.609,11419,0.146,atlanta
13121,4/1/21,5915,0.502,11789,0.124,atlanta
13121,5/1/21,5697,0.469,12149,0.119,atlanta
13121,6/1/21,6966,0.544,12804,0.146,atlanta
13121,7/1/21,7633,0.58,13154,0.16,atlanta
13121,8/1/21,8414,0.643,13083,0.176,atlanta
13121,9/1/21,10056,0.802,12539,0.211,atlanta
13121,10/1/21,10360,0.81,12791,0.217,atlanta
13121,11/1/21,9308,0.8,11640.5,0.195,atlanta
13121,12/1/21,9509,0.786,12102,0.199,atlanta
13121,1/1/22,11702,0.829,14110.5,0.245,atlanta
13121,2/1/22,10443,0.844,12375.5,0.219,atlanta
13121,3/1/22,10304,0.902,11419,0.216,atlanta
13121,4/1/22,9818,0.833,11789,0.206,atlanta
13121,5/1/22,11463,0.944,12149,0.24,atlanta
13121,6/1/22,11326,0.885,12804,0.237,atlanta
13121,7/1/22,12657,0.962,13154,0.265,atlanta
13121,8/1/22,13749,1.051,13083,0.288,atlanta
13121,9/1/22,13187,1.052,12539,0.276,atlanta
13121,10/1/22,13681,1.07,12791,0.287,atlanta
13121,11/1/22,11883,1.021,11640.5,0.249,atlanta
13121,12/1/22,12184,1.007,12102,0.255,atlanta
13121,1/1/23,14591,1.034,14110.5,0.306,atlanta
13121,2/1/23,13261,1.072,12375.5,0.278,atlanta
13121,3/1/23,11879,1.04,11419,0.249,atlanta
13121,4/1/23,12034,1.021,11789,0.252,atlanta
13121,5/1/23,12135,0.999,12149,0.254,atlanta
13121,6/1/23,12553,0.98,12804,0.263,atlanta
13121,7/1/23,14169,1.077,13154,0.297,atlanta
13121,8/1/23,13575,1.038,13083,0.284,atlanta
13121,9/1/23,12822,1.023,12539,0.269,atlanta
13121,10/1/23,13514,1.057,12791,0.283,atlanta
13121,11/1/23,12250,1.052,11640.5,0.257,atlanta
13121,12/1/23,12514,1.034,12102,0.262,atlanta
13121,1/1/24,13635,0.966,14110.5,0.286,atlanta
13121,2/1/24,11715,0.939,12481.5,0.245,atlanta
13121,3/1/24,10964,0.96,11419,0.23,atlanta
13121,4/1/24,11545,0.979,11789,0.242,atlanta
13121,5/1/24,12167,1.001,12149,0.255,atlanta
13121,6/1/24,13066,1.02,12804,0.274,atlanta
13121,7/1/24,12145,0.923,13154,0.254,atlanta
13121,8/1/24,12593,0.963,13083,0.264,atlanta
13121,9/1/24,12283,0.98,12539,0.257,atlanta
13121,10/1/24,12075,0.944,12791,0.253,atlanta
13121,11/1/24,11034,0.948,11640.5,0.231,atlanta
13121,12/1/24,11693,0.966,12102,0.245,atlanta
13121,1/1/25,13445,0.953,14110.5,0.282,atlanta
13121,2/1/25,12659,1.023,12375.5,0.265,atlanta
13121,3/1/25,10129,0.887,11419,0.212,atlanta
13121,4/1/25,10595,0.899,11789,0.222,atlanta
13121,5/1/25,10625,0.875,12149,0.223,atlanta
13121,6/1/25,13344,1.042,12804,0.28,atlanta
13121,7/1/25,12663,0.963,13154,0.265,atlanta
13121,8/1/25,11892,0.909,13083,0.249,atlanta
13121,9/1/25,12297,0.981,12539,0.258,atlanta
13121,10/1/25,13303,1.04,12791,0.279,atlanta
13121,11/1/25,10986,0.944,11640.5,0.23,atlanta
13121,12/1/25,12392,1.024,12102,0.26,atlanta
13121,1/1/26,13152,0.932,14110.5,0.276,atlanta
13121,2/1/26,12336,0.997,12375.5,0.258,atlanta
48453,1/1/20,1098,1.147,957,0.045,austin
48453,2/1/20,1080,1.122,962.5,0.044,austin
48453,3/1/20,639,0.709,901.5,0.026,austin
48453,4/1/20,23,0.028,817.5,0.001,austin
48453,5/1/20,28,0.031,915,0.001,austin
48453,6/1/20,130,0.137,952,0.005,austin
48453,7/1/20,67,0.069,976.5,0.003,austin
48453,8/1/20,49,0.054,915,0.002,austin
48453,9/1/20,69,0.073,949.5,0.003,austin
48453,10/1/20,77,0.075,1020.5,0.003,austin
48453,11/1/20,62,0.067,921,0.003,austin
48453,12/1/20,66,0.071,926,0.003,austin
48453,1/1/21,78,0.082,957,0.003,austin
48453,2/1/21,54,0.057,941.5,0.002,austin
48453,3/1/21,100,0.111,901.5,0.004,austin
48453,4/1/21,108,0.132,817.5,0.004,austin
48453,5/1/21,104,0.114,915,0.004,austin
48453,6/1/21,112,0.118,952,0.005,austin
48453,7/1/21,141,0.144,976.5,0.006,austin
48453,8/1/21,162,0.177,915,0.007,austin
48453,9/1/21,170,0.179,949.5,0.007,austin
48453,10/1/21,186,0.182,1020.5,0.008,austin
48453,11/1/21,245,0.266,921,0.01,austin
48453,12/1/21,290,0.313,926,0.012,austin
48453,1/1/22,464,0.485,957,0.019,austin
48453,2/1/22,734,0.78,941.5,0.03,austin
48453,3/1/22,1060,1.176,901.5,0.044,austin
48453,4/1/22,984,1.204,817.5,0.041,austin
48453,5/1/22,776,0.848,915,0.032,austin
48453,6/1/22,739,0.776,952,0.03,austin
48453,7/1/22,771,0.79,976.5,0.032,austin
48453,8/1/22,879,0.961,915,0.036,austin
48453,9/1/22,800,0.843,949.5,0.033,austin
48453,10/1/22,844,0.827,1020.5,0.035,austin
48453,11/1/22,577,0.626,921,0.024,austin
48453,12/1/22,509,0.55,926,0.021,austin
48453,1/1/23,702,0.734,957,0.029,austin
48453,2/1/23,771,0.819,941.5,0.032,austin
48453,3/1/23,790,0.876,901.5,0.033,austin
48453,4/1/23,810,0.991,817.5,0.033,austin
48453,5/1/23,776,0.848,915,0.032,austin
48453,6/1/23,930,0.977,952,0.038,austin
48453,7/1/23,820,0.84,976.5,0.034,austin
48453,8/1/23,740,0.809,915,0.03,austin
48453,9/1/23,627,0.66,949.5,0.026,austin
48453,10/1/23,877,0.859,1020.5,0.036,austin
48453,11/1/23,809,0.878,921,0.033,austin
48453,12/1/23,740,0.799,926,0.03,austin
48453,1/1/24,1195,1.249,957,0.049,austin
48453,2/1/24,1140,1.184,962.5,0.047,austin
48453,3/1/24,1007,1.117,901.5,0.041,austin
48453,4/1/24,820,1.003,817.5,0.034,austin
48453,5/1/24,1044,1.141,915,0.043,austin
48453,6/1/24,954,1.002,952,0.039,austin
48453,7/1/24,1118,1.145,976.5,0.046,austin
48453,8/1/24,1081,1.181,915,0.045,austin
48453,9/1/24,1262,1.329,949.5,0.052,austin
48453,10/1/24,1159,1.136,1020.5,0.048,austin
48453,11/1/24,1028,1.116,921,0.042,austin
48453,12/1/24,1105,1.193,926,0.046,austin
48453,1/1/25,1287,1.345,957,0.053,austin
48453,2/1/25,1247,1.324,941.5,0.051,austin
48453,3/1/25,1233,1.368,901.5,0.051,austin
48453,4/1/25,1109,1.357,817.5,0.046,austin
48453,5/1/25,1140,1.246,915,0.047,austin
48453,6/1/25,1202,1.263,952,0.05,austin
48453,7/1/25,1298,1.329,976.5,0.053,austin
48453,8/1/25,1261,1.378,915,0.052,austin
48453,9/1/25,1248,1.314,949.5,0.051,austin
48453,10/1/25,1467,1.438,1020.5,0.06,austin
48453,11/1/25,1057,1.148,921,0.044,austin
48453,12/1/25,1251,1.351,926,0.052,austin
48453,1/1/26,1259,1.316,957,0.052,austin
09001,1/1/20,312,0.915,341,0.032,bridgeport
09001,2/1/20,259,0.743,348.5,0.026,bridgeport
09001,3/1/20,286,0.856,334,0.029,bridgeport
09001,4/1/20,27,0.076,353,0.003,bridgeport
09001,5/1/20,6,0.017,349.5,0.001,bridgeport
09001,6/1/20,5,0.014,366,0.001,bridgeport
09001,7/1/20,28,0.082,342,0.003,bridgeport
09001,8/1/20,28,0.071,393,0.003,bridgeport
09001,9/1/20,56,0.149,376,0.006,bridgeport
09001,10/1/20,79,0.194,408,0.008,bridgeport
09001,11/1/20,104,0.308,338,0.011,bridgeport
09001,12/1/20,102,0.292,349,0.01,bridgeport
09001,1/1/21,127,0.372,341,0.013,bridgeport
09001,2/1/21,92,0.267,345,0.009,bridgeport
09001,3/1/21,186,0.557,334,0.019,bridgeport
09001,4/1/21,158,0.448,353,0.016,bridgeport
09001,5/1/21,120,0.343,349.5,0.012,bridgeport
09001,6/1/21,151,0.413,366,0.015,bridgeport
09001,7/1/21,91,0.266,342,0.009,bridgeport
09001,8/1/21,126,0.321,393,0.013,bridgeport
09001,9/1/21,224,0.596,376,0.023,bridgeport
09001,10/1/21,211,0.517,408,0.021,bridgeport
09001,11/1/21,211,0.624,338,0.021,bridgeport
09001,12/1/21,209,0.599,349,0.021,bridgeport
09001,1/1/22,247,0.724,341,0.025,bridgeport
09001,2/1/22,228,0.661,345,0.023,bridgeport
09001,3/1/22,523,1.566,334,0.053,bridgeport
09001,4/1/22,421,1.193,353,0.043,bridgeport
09001,5/1/22,391,1.119,349.5,0.04,bridgeport
09001,6/1/22,394,1.077,366,0.04,bridgeport
09001,7/1/22,403,1.178,342,0.041,bridgeport
09001,8/1/22,445,1.132,393,0.045,bridgeport
09001,9/1/22,394,1.048,376,0.04,bridgeport
09001,10/1/22,414,1.015,408,0.042,bridgeport
09001,11/1/22,398,1.178,338,0.04,bridgeport
09001,12/1/22,327,0.937,349,0.033,bridgeport
09001,1/1/23,349,1.023,341,0.035,bridgeport
09001,2/1/23,360,1.043,345,0.037,bridgeport
09001,3/1/23,337,1.009,334,0.034,bridgeport
09001,4/1/23,352,0.997,353,0.036,bridgeport
09001,5/1/23,361,1.033,349.5,0.037,bridgeport
09001,6/1/23,412,1.126,366,0.042,bridgeport
09001,7/1/23,332,0.971,342,0.034,bridgeport
09001,8/1/23,441,1.122,393,0.045,bridgeport
09001,9/1/23,375,0.997,376,0.038,bridgeport
09001,10/1/23,435,1.066,408,0.044,bridgeport
09001,11/1/23,388,1.148,338,0.039,bridgeport
09001,12/1/23,349,1,349,0.035,bridgeport
09001,1/1/24,333,0.977,341,0.034,bridgeport
09001,2/1/24,337,0.967,348.5,0.034,bridgeport
09001,3/1/24,331,0.991,334,0.034,bridgeport
09001,4/1/24,354,1.003,353,0.036,bridgeport
09001,5/1/24,338,0.967,349.5,0.034,bridgeport
09001,6/1/24,320,0.874,366,0.032,bridgeport
09001,7/1/24,352,1.029,342,0.036,bridgeport
09001,8/1/24,345,0.878,393,0.035,bridgeport
09001,9/1/24,377,1.003,376,0.038,bridgeport
09001,10/1/24,381,0.934,408,0.039,bridgeport
09001,11/1/24,288,0.852,338,0.029,bridgeport
09001,12/1/24,349,1,349,0.035,bridgeport
09001,1/1/25,313,0.918,341,0.032,bridgeport
09001,2/1/25,286,0.829,345,0.029,bridgeport
09001,3/1/25,335,1.003,334,0.034,bridgeport
09001,4/1/25,278,0.788,353,0.028,bridgeport
09001,5/1/25,274,0.784,349.5,0.028,bridgeport
09001,6/1/25,270,0.738,366,0.027,bridgeport
09001,7/1/25,258,0.754,342,0.026,bridgeport
09001,8/1/25,276,0.702,393,0.028,bridgeport
09001,9/1/25,318,0.846,376,0.032,bridgeport
09001,10/1/25,273,0.669,408,0.028,bridgeport
09001,11/1/25,265,0.784,338,0.027,bridgeport
09001,12/1/25,272,0.779,349,0.028,bridgeport
09001,1/1/26,354,1.038,341,0.036,bridgeport
09001,2/1/26,239,0.693,345,0.024,bridgeport
45019,1/1/20,1282,1.252,1024,0.234,charleston
45019,2/1/20,1214,1.408,862.5,0.222,charleston
45019,3/1/20,604,0.783,771.5,0.11,charleston
45019,4/1/20,3,0.004,743.5,0.001,charleston
45019,5/1/20,306,0.351,873,0.056,charleston
45019,6/1/20,442,0.524,843,0.081,charleston
45019,7/1/20,443,0.488,908,0.081,charleston
45019,8/1/20,493,0.593,832,0.09,charleston
45019,9/1/20,644,0.737,874,0.118,charleston
45019,10/1/20,481,0.513,937,0.088,charleston
45019,11/1/20,550,0.712,772,0.1,charleston
45019,12/1/20,474,0.557,851.5,0.087,charleston
45019,1/1/21,544,0.531,1024,0.099,charleston
45019,2/1/21,464,0.539,860.5,0.085,charleston
45019,3/1/21,457,0.592,771.5,0.083,charleston
45019,4/1/21,355,0.477,743.5,0.065,charleston
45019,5/1/21,335,0.384,873,0.061,charleston
45019,6/1/21,429,0.509,843,0.078,charleston
45019,7/1/21,408,0.449,908,0.075,charleston
45019,8/1/21,384,0.462,832,0.07,charleston
45019,9/1/21,594,0.68,874,0.109,charleston
45019,10/1/21,597,0.637,937,0.109,charleston
45019,11/1/21,534,0.692,772,0.098,charleston
45019,12/1/21,526,0.618,851.5,0.096,charleston
45019,1/1/22,800,0.781,1024,0.146,charleston
45019,2/1/22,688,0.8,860.5,0.126,charleston
45019,3/1/22,974,1.262,771.5,0.178,charleston
45019,4/1/22,662,0.89,743.5,0.121,charleston
45019,5/1/22,656,0.751,873,0.12,charleston
45019,6/1/22,807,0.957,843,0.147,charleston
45019,7/1/22,742,0.817,908,0.136,charleston
45019,8/1/22,834,1.002,832,0.152,charleston
45019,9/1/22,910,1.041,874,0.166,charleston
45019,10/1/22,871,0.93,937,0.159,charleston
45019,11/1/22,759,0.983,772,0.139,charleston
45019,12/1/22,795,0.934,851.5,0.145,charleston
45019,1/1/23,999,0.976,1024,0.183,charleston
45019,2/1/23,790,0.918,860.5,0.144,charleston
45019,3/1/23,827,1.072,771.5,0.151,charleston
45019,4/1/23,729,0.98,743.5,0.133,charleston
45019,5/1/23,886,1.015,873,0.162,charleston
45019,6/1/23,855,1.014,843,0.156,charleston
45019,7/1/23,902,0.993,908,0.165,charleston
45019,8/1/23,872,1.048,832,0.159,charleston
45019,9/1/23,835,0.955,874,0.153,charleston
45019,10/1/23,959,1.023,937,0.175,charleston
45019,11/1/23,719,0.931,772,0.131,charleston
45019,12/1/23,867,1.018,851.5,0.158,charleston
45019,1/1/24,1045,1.021,1024,0.191,charleston
45019,2/1/24,938,1.088,862.5,0.171,charleston
45019,3/1/24,717,0.929,771.5,0.131,charleston
45019,4/1/24,758,1.02,743.5,0.138,charleston
45019,5/1/24,861,0.986,873,0.157,charleston
45019,6/1/24,832,0.987,843,0.152,charleston
45019,7/1/24,915,1.008,908,0.167,charleston
45019,8/1/24,792,0.952,832,0.145,charleston
45019,9/1/24,919,1.051,874,0.168,charleston
45019,10/1/24,908,0.969,937,0.166,charleston
45019,11/1/24,826,1.07,772,0.151,charleston
45019,12/1/24,839,0.985,851.5,0.153,charleston
45019,1/1/25,932,0.91,1024,0.17,charleston
45019,2/1/25,882,1.025,860.5,0.161,charleston
45019,3/1/25,959,1.243,771.5,0.175,charleston
45019,4/1/25,817,1.099,743.5,0.149,charleston
45019,5/1/25,878,1.006,873,0.16,charleston
45019,6/1/25,929,1.102,843,0.17,charleston
45019,7/1/25,1092,1.203,908,0.199,charleston
45019,8/1/25,1082,1.3,832,0.198,charleston
45019,9/1/25,963,1.102,874,0.176,charleston
45019,10/1/25,975,1.041,937,0.178,charleston
45019,11/1/25,855,1.108,772,0.156,charleston
45019,12/1/25,919,1.079,851.5,0.168,charleston
45019,1/1/26,1068,1.043,1024,0.195,charleston
45019,2/1/26,825,0.959,860.5,0.151,charleston
39061,1/1/20,1143,1.115,1025.5,0.091,cincinnati
39061,2/1/20,887,0.741,1197.5,0.07,cincinnati
39061,3/1/20,527,0.602,875.5,0.042,cincinnati
39061,4/1/20,239,0.254,941,0.019,cincinnati
39061,5/1/20,328,0.295,1112.5,0.026,cincinnati
39061,6/1/20,379,0.314,1206.5,0.03,cincinnati
39061,7/1/20,533,0.463,1151.5,0.042,cincinnati
39061,8/1/20,736,0.571,1289.5,0.058,cincinnati
39061,9/1/20,777,0.692,1123.5,0.062,cincinnati
39061,10/1/20,698,0.588,1187.5,0.055,cincinnati
39061,11/1/20,709,0.727,975,0.056,cincinnati
39061,12/1/20,873,0.742,1176.5,0.069,cincinnati
39061,1/1/21,760,0.741,1025.5,0.06,cincinnati
39061,2/1/21,662,0.563,1175.5,0.053,cincinnati
39061,3/1/21,673,0.769,875.5,0.053,cincinnati
39061,4/1/21,707,0.751,941,0.056,cincinnati
39061,5/1/21,690,0.62,1112.5,0.055,cincinnati
39061,6/1/21,898,0.744,1206.5,0.071,cincinnati
39061,7/1/21,920,0.799,1151.5,0.073,cincinnati
39061,8/1/21,865,0.671,1289.5,0.069,cincinnati
39061,9/1/21,980,0.872,1123.5,0.078,cincinnati
39061,10/1/21,934,0.787,1187.5,0.074,cincinnati
39061,11/1/21,866,0.888,975,0.069,cincinnati
39061,12/1/21,960,0.816,1176.5,0.076,cincinnati
39061,1/1/22,1038,1.012,1025.5,0.082,cincinnati
39061,2/1/22,848,0.721,1175.5,0.067,cincinnati
39061,3/1/22,1000,1.142,875.5,0.079,cincinnati
39061,4/1/22,805,0.855,941,0.064,cincinnati
39061,5/1/22,974,0.876,1112.5,0.077,cincinnati
39061,6/1/22,1182,0.98,1206.5,0.094,cincinnati
39061,7/1/22,1182,1.026,1151.5,0.094,cincinnati
39061,8/1/22,1260,0.977,1289.5,0.1,cincinnati
39061,9/1/22,1238,1.102,1123.5,0.098,cincinnati
39061,10/1/22,1166,0.982,1187.5,0.093,cincinnati
39061,11/1/22,1054,1.081,975,0.084,cincinnati
39061,12/1/22,1310,1.113,1176.5,0.104,cincinnati
39061,1/1/23,972,0.948,1025.5,0.077,cincinnati
39061,2/1/23,1115,0.949,1175.5,0.089,cincinnati
39061,3/1/23,862,0.985,875.5,0.068,cincinnati
39061,4/1/23,843,0.896,941,0.067,cincinnati
39061,5/1/23,942,0.847,1112.5,0.075,cincinnati
39061,6/1/23,1189,0.985,1206.5,0.094,cincinnati
39061,7/1/23,1048,0.91,1151.5,0.083,cincinnati
39061,8/1/23,1406,1.09,1289.5,0.112,cincinnati
39061,9/1/23,1093,0.973,1123.5,0.087,cincinnati
39061,10/1/23,1165,0.981,1187.5,0.093,cincinnati
39061,11/1/23,1000,1.026,975,0.079,cincinnati
39061,12/1/23,1155,0.982,1176.5,0.092,cincinnati
39061,1/1/24,1079,1.052,1025.5,0.086,cincinnati
39061,2/1/24,1280,1.069,1197.5,0.102,cincinnati
39061,3/1/24,889,1.015,875.5,0.071,cincinnati
39061,4/1/24,1039,1.104,941,0.083,cincinnati
39061,5/1/24,1283,1.153,1112.5,0.102,cincinnati
39061,6/1/24,1224,1.015,1206.5,0.097,cincinnati
39061,7/1/24,1203,1.045,1151.5,0.096,cincinnati
39061,8/1/24,1135,0.88,1289.5,0.09,cincinnati
39061,9/1/24,1125,1.001,1123.5,0.089,cincinnati
39061,10/1/24,1210,1.019,1187.5,0.096,cincinnati
39061,11/1/24,950,0.974,975,0.075,cincinnati
39061,12/1/24,1143,0.972,1176.5,0.091,cincinnati
39061,1/1/25,1118,1.09,1025.5,0.089,cincinnati
39061,2/1/25,1069,0.909,1175.5,0.085,cincinnati
39061,3/1/25,913,1.043,875.5,0.073,cincinnati
39061,4/1/25,1020,1.084,941,0.081,cincinnati
39061,5/1/25,1040,0.935,1112.5,0.083,cincinnati
39061,6/1/25,916,0.759,1206.5,0.073,cincinnati
39061,7/1/25,1345,1.168,1151.5,0.107,cincinnati
39061,8/1/25,1057,0.82,1289.5,0.084,cincinnati
39061,9/1/25,1072,0.954,1123.5,0.085,cincinnati
39061,10/1/25,985,0.829,1187.5,0.078,cincinnati
39061,11/1/25,983,1.008,975,0.078,cincinnati
39061,12/1/25,1086,0.923,1176.5,0.086,cincinnati
39061,1/1/26,1326,1.293,1025.5,0.105,cincinnati
39061,2/1/26,1046,0.89,1175.5,0.083,cincinnati
39035,1/1/20,659,1.24,531.5,0.083,cleveland
39035,2/1/20,593,1.001,592.5,0.074,cleveland
39035,3/1/20,223,0.523,426,0.028,cleveland
39035,4/1/20,1,0.002,434.5,0,cleveland
39035,5/1/20,2,0.004,488,0,cleveland
39035,6/1/20,509,0.951,535,0.064,cleveland
39035,7/1/20,416,0.777,535.5,0.052,cleveland
39035,8/1/20,439,0.814,539,0.055,cleveland
39035,9/1/20,323,0.594,543.5,0.04,cleveland
39035,10/1/20,382,0.69,553.5,0.048,cleveland
39035,11/1/20,332,0.695,477.5,0.042,cleveland
39035,12/1/20,437,0.836,522.5,0.055,cleveland
39035,1/1/21,397,0.747,531.5,0.05,cleveland
39035,2/1/21,322,0.548,588,0.04,cleveland
39035,3/1/21,422,0.991,426,0.053,cleveland
39035,4/1/21,237,0.545,434.5,0.03,cleveland
39035,5/1/21,244,0.5,488,0.031,cleveland
39035,6/1/21,304,0.568,535,0.038,cleveland
39035,7/1/21,332,0.62,535.5,0.042,cleveland
39035,8/1/21,377,0.699,539,0.047,cleveland
39035,9/1/21,441,0.811,543.5,0.055,cleveland
39035,10/1/21,421,0.761,553.5,0.053,cleveland
39035,11/1/21,392,0.821,477.5,0.049,cleveland
39035,12/1/21,346,0.662,522.5,0.043,cleveland
39035,1/1/22,403,0.758,531.5,0.05,cleveland
39035,2/1/22,344,0.585,588,0.043,cleveland
39035,3/1/22,419,0.984,426,0.052,cleveland
39035,4/1/22,364,0.838,434.5,0.046,cleveland
39035,5/1/22,357,0.732,488,0.045,cleveland
39035,6/1/22,449,0.839,535,0.056,cleveland
39035,7/1/22,418,0.781,535.5,0.052,cleveland
39035,8/1/22,525,0.974,539,0.066,cleveland
39035,9/1/22,676,1.244,543.5,0.085,cleveland
39035,10/1/22,602,1.088,553.5,0.075,cleveland
39035,11/1/22,548,1.148,477.5,0.069,cleveland
39035,12/1/22,525,1.005,522.5,0.066,cleveland
39035,1/1/23,497,0.935,531.5,0.062,cleveland
39035,2/1/23,642,1.092,588,0.08,cleveland
39035,3/1/23,475,1.115,426,0.059,cleveland
39035,4/1/23,441,1.015,434.5,0.055,cleveland
39035,5/1/23,521,1.068,488,0.065,cleveland
39035,6/1/23,593,1.108,535,0.074,cleveland
39035,7/1/23,551,1.029,535.5,0.069,cleveland
39035,8/1/23,597,1.108,539,0.075,cleveland
39035,9/1/23,579,1.065,543.5,0.073,cleveland
39035,10/1/23,561,1.014,553.5,0.07,cleveland
39035,11/1/23,528,1.106,477.5,0.066,cleveland
39035,12/1/23,532,1.018,522.5,0.067,cleveland
39035,1/1/24,566,1.065,531.5,0.071,cleveland
39035,2/1/24,541,0.913,592.5,0.068,cleveland
39035,3/1/24,377,0.885,426,0.047,cleveland
39035,4/1/24,429,0.987,434.5,0.054,cleveland
39035,5/1/24,454,0.93,488,0.057,cleveland
39035,6/1/24,477,0.892,535,0.06,cleveland
39035,7/1/24,520,0.971,535.5,0.065,cleveland
39035,8/1/24,481,0.892,539,0.06,cleveland
39035,9/1/24,508,0.935,543.5,0.064,cleveland
39035,10/1/24,546,0.986,553.5,0.068,cleveland
39035,11/1/24,427,0.894,477.5,0.053,cleveland
39035,12/1/24,513,0.982,522.5,0.064,cleveland
39035,1/1/25,542,1.02,531.5,0.068,cleveland
39035,2/1/25,320,0.544,588,0.04,cleveland
39035,3/1/25,457,1.073,426,0.057,cleveland
39035,4/1/25,416,0.957,434.5,0.052,cleveland
39035,5/1/25,445,0.912,488,0.056,cleveland
39035,6/1/25,430,0.804,535,0.054,cleveland
39035,7/1/25,531,0.992,535.5,0.066,cleveland
39035,8/1/25,551,1.022,539,0.069,cleveland
39035,9/1/25,591,1.087,543.5,0.074,cleveland
39035,10/1/25,616,1.113,553.5,0.077,cleveland
39035,11/1/25,469,0.982,477.5,0.059,cleveland
39035,12/1/25,594,1.137,522.5,0.074,cleveland
39035,1/1/26,570,1.072,531.5,0.071,cleveland
39035,2/1/26,482,0.82,588,0.06,cleveland
39049,1/1/20,1591,0.663,2398.5,0.069,columbus
39049,2/1/20,1386,0.673,2058.5,0.061,columbus
39049,3/1/20,828,0.468,1769.5,0.036,columbus
39049,4/1/20,298,0.17,1752.5,0.013,columbus
39049,5/1/20,398,0.173,2303.5,0.017,columbus
39049,6/1/20,692,0.336,2061.5,0.03,columbus
39049,7/1/20,774,0.343,2254,0.034,columbus
39049,8/1/20,984,0.423,2327,0.043,columbus
39049,9/1/20,1404,0.697,2014,0.061,columbus
39049,10/1/20,1329,0.59,2252,0.058,columbus
39049,11/1/20,846,0.505,1674,0.037,columbus
39049,12/1/20,1664,0.888,1873,0.073,columbus
39049,1/1/21,930,0.388,2398.5,0.041,columbus
39049,2/1/21,828,0.416,1991,0.036,columbus
39049,3/1/21,1680,0.949,1769.5,0.073,columbus
39049,4/1/21,1040,0.593,1752.5,0.045,columbus
39049,5/1/21,932,0.405,2303.5,0.041,columbus
39049,6/1/21,1212,0.588,2061.5,0.053,columbus
39049,7/1/21,1552,0.689,2254,0.068,columbus
39049,8/1/21,1489,0.64,2327,0.065,columbus
39049,9/1/21,1427,0.709,2014,0.062,columbus
39049,10/1/21,1485,0.659,2252,0.065,columbus
39049,11/1/21,1302,0.778,1674,0.057,columbus
39049,12/1/21,1652,0.882,1873,0.072,columbus
39049,1/1/22,1676,0.699,2398.5,0.073,columbus
39049,2/1/22,1558,0.783,1991,0.068,columbus
39049,3/1/22,1658,0.937,1769.5,0.072,columbus
39049,4/1/22,1435,0.819,1752.5,0.063,columbus
39049,5/1/22,1718,0.746,2303.5,0.075,columbus
39049,6/1/22,1637,0.794,2061.5,0.071,columbus
39049,7/1/22,1849,0.82,2254,0.081,columbus
39049,8/1/22,1900,0.817,2327,0.083,columbus
39049,9/1/22,2069,1.027,2014,0.09,columbus
39049,10/1/22,2075,0.921,2252,0.091,columbus
39049,11/1/22,1753,1.047,1674,0.077,columbus
39049,12/1/22,1644,0.878,1873,0.072,columbus
39049,1/1/23,2046,0.853,2398.5,0.089,columbus
39049,2/1/23,2000,1.005,1991,0.087,columbus
39049,3/1/23,1891,1.069,1769.5,0.083,columbus
39049,4/1/23,1648,0.94,1752.5,0.072,columbus
39049,5/1/23,1993,0.865,2303.5,0.087,columbus
39049,6/1/23,2145,1.041,2061.5,0.094,columbus
39049,7/1/23,2054,0.911,2254,0.09,columbus
39049,8/1/23,2446,1.051,2327,0.107,columbus
39049,9/1/23,1996,0.991,2014,0.087,columbus
39049,10/1/23,2174,0.965,2252,0.095,columbus
39049,11/1/23,1809,1.081,1674,0.079,columbus
39049,12/1/23,1685,0.9,1873,0.074,columbus
39049,1/1/24,2783,1.16,2398.5,0.122,columbus
39049,2/1/24,2138,1.039,2058.5,0.093,columbus
39049,3/1/24,1667,0.942,1769.5,0.073,columbus
39049,4/1/24,1870,1.067,1752.5,0.082,columbus
39049,5/1/24,785,0.341,2303.5,0.034,columbus
39049,6/1/24,1989,0.965,2061.5,0.087,columbus
39049,7/1/24,2461,1.092,2254,0.107,columbus
39049,8/1/24,2226,0.957,2327,0.097,columbus
39049,9/1/24,2045,0.143,2014,0.013,columbus
39049,10/1/24,2342,0,2252,0,columbus
39049,11/1/24,1552,0.927,1674,0.068,columbus
39049,12/1/24,2102,1.122,1873,0.092,columbus
39049,1/1/25,2355,0.982,2398.5,0.103,columbus
39049,2/1/25,1987,0.998,1991,0.087,columbus
39049,3/1/25,1933,1.092,1769.5,0.084,columbus
39049,4/1/25,1945,1.11,1752.5,0.085,columbus
39049,5/1/25,2063,0.896,2303.5,0.09,columbus
39049,6/1/25,2111,1.024,2061.5,0.092,columbus
39049,7/1/25,2483,1.102,2254,0.108,columbus
39049,8/1/25,2165,0.93,2327,0.095,columbus
39049,9/1/25,2133,1.059,2014,0.093,columbus
39049,10/1/25,2120,0.941,2252,0.093,columbus
39049,11/1/25,1485,0.887,1674,0.065,columbus
39049,12/1/25,1782,0.951,1873,0.078,columbus
39049,1/1/26,2595,1.082,2398.5,0.113,columbus
39049,2/1/26,2100,1.055,1991,0.092,columbus
09,1/1/20,1641,0.942,1742,0.04,connecticut
09,2/1/20,1448,0.919,1575,0.035,connecticut
09,3/1/20,1236,0.73,1694,0.03,connecticut
09,4/1/20,167,0.108,1544,0.004,connecticut
09,5/1/20,23,0.014,1589.5,0.001,connecticut
09,6/1/20,28,0.016,1702.5,0.001,connecticut
09,7/1/20,154,0.088,1755.5,0.004,connecticut
09,8/1/20,135,0.073,1845,0.003,connecticut
09,9/1/20,192,0.11,1751.5,0.005,connecticut
09,10/1/20,302,0.163,1858,0.007,connecticut
09,11/1/20,471,0.289,1630.5,0.011,connecticut
09,12/1/20,543,0.328,1653.5,0.013,connecticut
09,1/1/21,550,0.316,1742,0.013,connecticut
09,2/1/21,595,0.383,1553.5,0.014,connecticut
09,3/1/21,878,0.518,1694,0.021,connecticut
09,4/1/21,724,0.469,1544,0.018,connecticut
09,5/1/21,608,0.383,1589.5,0.015,connecticut
09,6/1/21,694,0.408,1702.5,0.017,connecticut
09,7/1/21,392,0.223,1755.5,0.01,connecticut
09,8/1/21,555,0.301,1845,0.013,connecticut
09,9/1/21,1040,0.594,1751.5,0.025,connecticut
09,10/1/21,913,0.491,1858,0.022,connecticut
09,11/1/21,1121,0.688,1630.5,0.027,connecticut
09,12/1/21,1225,0.741,1653.5,0.03,connecticut
09,1/1/22,1243,0.714,1742,0.03,connecticut
09,2/1/22,1175,0.756,1553.5,0.028,connecticut
09,3/1/22,2488,1.469,1694,0.06,connecticut
09,4/1/22,2141,1.387,1544,0.052,connecticut
09,5/1/22,1998,1.257,1589.5,0.048,connecticut
09,6/1/22,2057,1.208,1702.5,0.05,connecticut
09,7/1/22,1978,1.127,1755.5,0.048,connecticut
09,8/1/22,2087,1.131,1845,0.051,connecticut
09,9/1/22,1958,1.118,1751.5,0.047,connecticut
09,10/1/22,1953,1.051,1858,0.047,connecticut
09,11/1/22,1945,1.193,1630.5,0.047,connecticut
09,12/1/22,1615,0.977,1653.5,0.039,connecticut
09,1/1/23,1741,0.999,1742,0.042,connecticut
09,2/1/23,1630,1.049,1553.5,0.04,connecticut
09,3/1/23,1754,1.035,1694,0.043,connecticut
09,4/1/23,1457,0.944,1544,0.035,connecticut
09,5/1/23,1625,1.022,1589.5,0.039,connecticut
09,6/1/23,1819,1.068,1702.5,0.044,connecticut
09,7/1/23,1678,0.956,1755.5,0.041,connecticut
09,8/1/23,1941,1.052,1845,0.047,connecticut
09,9/1/23,1695,0.968,1751.5,0.041,connecticut
09,10/1/23,1904,1.025,1858,0.046,connecticut
09,11/1/23,1763,1.081,1630.5,0.043,connecticut
09,12/1/23,1612,0.975,1653.5,0.039,connecticut
09,1/1/24,1742,1,1742,0.042,connecticut
09,2/1/24,1519,0.964,1575,0.037,connecticut
09,3/1/24,1634,0.965,1694,0.04,connecticut
09,4/1/24,1631,1.056,1544,0.04,connecticut
09,5/1/24,1554,0.978,1589.5,0.038,connecticut
09,6/1/24,1585,0.931,1702.5,0.038,connecticut
09,7/1/24,1833,1.044,1755.5,0.044,connecticut
09,8/1/24,1749,0.948,1845,0.042,connecticut
09,9/1/24,1808,1.032,1751.5,0.044,connecticut
09,10/1/24,1813,0.976,1858,0.044,connecticut
09,11/1/24,1495,0.917,1630.5,0.036,connecticut
09,12/1/24,1694,1.024,1653.5,0.041,connecticut
09,1/1/25,1621,0.931,1742,0.039,connecticut
09,2/1/25,1493,0.961,1553.5,0.036,connecticut
09,3/1/25,1667,0.984,1694,0.04,connecticut
09,4/1/25,1373,0.889,1544,0.033,connecticut
09,5/1/25,1318,0.829,1589.5,0.032,connecticut
09,6/1/25,1376,0.808,1702.5,0.033,connecticut
09,7/1/25,1452,0.827,1755.5,0.035,connecticut
09,8/1/25,1446,0.784,1845,0.035,connecticut
09,9/1/25,1595,0.911,1751.5,0.039,connecticut
09,10/1/25,1504,0.809,1858,0.036,connecticut
09,11/1/25,1253,0.768,1630.5,0.03,connecticut
09,12/1/25,1444,0.873,1653.5,0.035,connecticut
09,1/1/26,1476,0.847,1742,0.036,connecticut
09,2/1/26,1332,0.857,1553.5,0.032,connecticut
48113,1/1/20,4309,1.011,4261.5,0.105,dallas
48113,2/1/20,3939,0.988,3985,0.096,dallas
48113,3/1/20,1860,0.485,3836.5,0.045,dallas
48113,4/1/20,43,0.011,3744.5,0.001,dallas
48113,5/1/20,191,0.048,3990.5,0.005,dallas
48113,6/1/20,1280,0.309,4138,0.031,dallas
48113,7/1/20,1021,0.237,4300,0.025,dallas
48113,8/1/20,1495,0.338,4428.5,0.036,dallas
48113,9/1/20,1659,0.387,4290,0.04,dallas
48113,10/1/20,1570,0.353,4450.5,0.038,dallas
48113,11/1/20,1773,0.459,3866,0.043,dallas
48113,12/1/20,2059,0.519,3967.5,0.05,dallas
48113,1/1/21,1965,0.461,4261.5,0.048,dallas
48113,2/1/21,1196,0.307,3896.5,0.029,dallas
48113,3/1/21,1807,0.471,3836.5,0.044,dallas
48113,4/1/21,1752,0.468,3744.5,0.043,dallas
48113,5/1/21,1656,0.415,3990.5,0.04,dallas
48113,6/1/21,1755,0.424,4138,0.043,dallas
48113,7/1/21,1952,0.454,4300,0.047,dallas
48113,8/1/21,2142,0.484,4428.5,0.052,dallas
48113,9/1/21,2624,0.612,4290,0.064,dallas
48113,10/1/21,2828,0.635,4450.5,0.069,dallas
48113,11/1/21,2609,0.675,3866,0.063,dallas
48113,12/1/21,2657,0.67,3967.5,0.065,dallas
48113,1/1/22,3337,0.783,4261.5,0.081,dallas
48113,2/1/22,3191,0.819,3896.5,0.078,dallas
48113,3/1/22,3996,1.042,3836.5,0.097,dallas
48113,4/1/22,3430,0.916,3744.5,0.083,dallas
48113,5/1/22,3239,0.812,3990.5,0.079,dallas
48113,6/1/22,3839,0.928,4138,0.093,dallas
48113,7/1/22,3908,0.909,4300,0.095,dallas
48113,8/1/22,4368,0.986,4428.5,0.106,dallas
48113,9/1/22,4065,0.948,4290,0.099,dallas
48113,10/1/22,3440,0.773,4450.5,0.084,dallas
48113,11/1/22,3825,0.989,3866,0.093,dallas
48113,12/1/22,3733,0.941,3967.5,0.091,dallas
48113,1/1/23,4106,0.964,4261.5,0.1,dallas
48113,2/1/23,3746,0.961,3896.5,0.091,dallas
48113,3/1/23,4021,1.048,3836.5,0.098,dallas
48113,4/1/23,3550,0.948,3744.5,0.086,dallas
48113,5/1/23,4054,1.016,3990.5,0.099,dallas
48113,6/1/23,4021,0.972,4138,0.098,dallas
48113,7/1/23,4114,0.957,4300,0.1,dallas
48113,8/1/23,4431,1.001,4428.5,0.108,dallas
48113,9/1/23,4029,0.939,4290,0.098,dallas
48113,10/1/23,4555,1.023,4450.5,0.111,dallas
48113,11/1/23,3936,1.018,3866,0.096,dallas
48113,12/1/23,3810,0.96,3967.5,0.093,dallas
48113,1/1/24,4417,1.036,4261.5,0.107,dallas
48113,2/1/24,4224,1.06,3985,0.103,dallas
48113,3/1/24,3650,0.951,3836.5,0.089,dallas
48113,4/1/24,3940,1.052,3744.5,0.096,dallas
48113,5/1/24,3927,0.984,3990.5,0.095,dallas
48113,6/1/24,4255,1.028,4138,0.103,dallas
48113,7/1/24,4486,1.043,4300,0.109,dallas
48113,8/1/24,4426,0.999,4428.5,0.108,dallas
48113,9/1/24,4551,1.061,4290,0.111,dallas
48113,10/1/24,4346,0.977,4450.5,0.106,dallas
48113,11/1/24,3796,0.982,3866,0.092,dallas
48113,12/1/24,4125,1.04,3967.5,0.1,dallas
48113,1/1/25,4481,1.052,4261.5,0.109,dallas
48113,2/1/25,4033,1.035,3896.5,0.098,dallas
48113,3/1/25,3299,0.86,3836.5,0.08,dallas
48113,4/1/25,3525,0.941,3744.5,0.086,dallas
48113,5/1/25,4015,1.006,3990.5,0.098,dallas
48113,6/1/25,4039,0.976,4138,0.098,dallas
48113,7/1/25,4360,1.014,4300,0.106,dallas
48113,8/1/25,4072,0.919,4428.5,0.099,dallas
48113,9/1/25,2763,0.644,4290,0.067,dallas
10,1/1/20,1485,1.328,1118,0.164,delaware
10,2/1/20,1439,1.287,1118.5,0.159,delaware
10,3/1/20,653,0.628,1039.5,0.072,delaware
10,4/1/20,7,0.008,842,0.001,delaware
10,5/1/20,11,0.01,1059.5,0.001,delaware
10,6/1/20,34,0.03,1134.5,0.004,delaware
10,7/1/20,523,0.466,1121.5,0.058,delaware
10,8/1/20,549,0.473,1161.5,0.06,delaware
10,9/1/20,725,0.631,1149,0.08,delaware
10,10/1/20,724,0.625,1157.5,0.08,delaware
10,11/1/20,640,0.66,970,0.071,delaware
10,12/1/20,575,0.642,895.5,0.063,delaware
10,1/1/21,552,0.494,1118,0.061,delaware
10,2/1/21,603,0.557,1082.5,0.066,delaware
10,3/1/21,663,0.638,1039.5,0.073,delaware
10,4/1/21,554,0.658,842,0.061,delaware
10,5/1/21,529,0.499,1059.5,0.058,delaware
10,6/1/21,554,0.488,1134.5,0.061,delaware
10,7/1/21,623,0.556,1121.5,0.069,delaware
10,8/1/21,828,0.713,1161.5,0.091,delaware
10,9/1/21,828,0.721,1149,0.091,delaware
10,10/1/21,888,0.767,1157.5,0.098,delaware
10,11/1/21,768,0.792,970,0.085,delaware
10,12/1/21,898,1.003,895.5,0.099,delaware
10,1/1/22,814,0.728,1118,0.09,delaware
10,2/1/22,889,0.821,1082.5,0.098,delaware
10,3/1/22,1011,0.973,1039.5,0.111,delaware
10,4/1/22,935,1.11,842,0.103,delaware
10,5/1/22,858,0.81,1059.5,0.095,delaware
10,6/1/22,906,0.799,1134.5,0.1,delaware
10,7/1/22,871,0.777,1121.5,0.096,delaware
10,8/1/22,1120,0.964,1161.5,0.123,delaware
10,9/1/22,984,0.856,1149,0.108,delaware
10,10/1/22,986,0.852,1157.5,0.109,delaware
10,11/1/22,909,0.937,970,0.1,delaware
10,12/1/22,1037,1.158,895.5,0.114,delaware
10,1/1/23,1231,1.101,1118,0.136,delaware
10,2/1/23,1251,1.156,1082.5,0.138,delaware
10,3/1/23,1112,1.07,1039.5,0.123,delaware
10,4/1/23,807,0.958,842,0.089,delaware
10,5/1/23,1088,1.027,1059.5,0.12,delaware
10,6/1/23,1204,1.061,1134.5,0.133,delaware
10,7/1/23,1028,0.917,1121.5,0.113,delaware
10,8/1/23,1225,1.055,1161.5,0.135,delaware
10,9/1/23,1114,0.97,1149,0.123,delaware
10,10/1/23,1016,0.878,1157.5,0.112,delaware
10,11/1/23,1041,1.073,970,0.115,delaware
10,12/1/23,944,1.054,895.5,0.104,delaware
10,1/1/24,880,0.787,1118,0.097,delaware
10,2/1/24,851,0.761,1118.5,0.094,delaware
10,3/1/24,857,0.824,1039.5,0.094,delaware
10,4/1/24,816,0.969,842,0.09,delaware
10,5/1/24,924,0.872,1059.5,0.102,delaware
10,6/1/24,941,0.829,1134.5,0.104,delaware
10,7/1/24,1126,1.004,1121.5,0.124,delaware
10,8/1/24,995,0.857,1161.5,0.11,delaware
10,9/1/24,1086,0.945,1149,0.12,delaware
10,10/1/24,1203,1.039,1157.5,0.133,delaware
10,11/1/24,857,0.884,970,0.094,delaware
10,12/1/24,770,0.86,895.5,0.085,delaware
10,1/1/25,885,0.792,1118,0.098,delaware
10,2/1/25,1143,1.056,1082.5,0.126,delaware
10,3/1/25,932,0.897,1039.5,0.103,delaware
10,4/1/25,875,1.039,842,0.096,delaware
10,5/1/25,852,0.804,1059.5,0.094,delaware
10,6/1/25,942,0.83,1134.5,0.104,delaware
10,7/1/25,997,0.889,1121.5,0.11,delaware
10,8/1/25,766,0.659,1161.5,0.084,delaware
10,9/1/25,670,0.583,1149,0.074,delaware
10,10/1/25,1317,1.138,1157.5,0.145,delaware
10,11/1/25,767,0.791,970,0.085,delaware
10,12/1/25,949,1.06,895.5,0.105,delaware
10,1/1/26,766,0.685,1118,0.084,delaware
10,2/1/26,719,0.664,1082.5,0.079,delaware
41039,1/1/20,147,0.659,223,0.027,eugene
41039,2/1/20,100,0.578,173,0.018,eugene
41039,3/1/20,48,0.287,167,0.009,eugene
41039,4/1/20,11,0.079,140,0.002,eugene
41039,5/1/20,9,0.048,186.5,0.002,eugene
41039,6/1/20,11,0.078,140.5,0.002,eugene
41039,7/1/20,23,0.113,203,0.004,eugene
41039,8/1/20,22,0.095,231.5,0.004,eugene
41039,9/1/20,23,0.115,200,0.004,eugene
41039,10/1/20,48,0.235,204,0.009,eugene
41039,11/1/20,29,0.147,197.5,0.005,eugene
41039,12/1/20,28,0.13,215.5,0.005,eugene
41039,1/1/21,14,0.063,223,0.003,eugene
41039,2/1/21,35,0.213,164,0.006,eugene
41039,3/1/21,44,0.263,167,0.008,eugene
41039,4/1/21,43,0.307,140,0.008,eugene
41039,5/1/21,32,0.172,186.5,0.006,eugene
41039,6/1/21,49,0.349,140.5,0.009,eugene
41039,7/1/21,65,0.32,203,0.012,eugene
41039,8/1/21,94,0.406,231.5,0.017,eugene
41039,9/1/21,98,0.49,200,0.018,eugene
41039,10/1/21,87,0.426,204,0.016,eugene
41039,11/1/21,86,0.435,197.5,0.016,eugene
41039,12/1/21,68,0.316,215.5,0.012,eugene
41039,1/1/22,72,0.323,223,0.013,eugene
41039,2/1/22,76,0.463,164,0.014,eugene
41039,3/1/22,87,0.521,167,0.016,eugene
41039,4/1/22,132,0.943,140,0.024,eugene
41039,5/1/22,109,0.584,186.5,0.02,eugene
41039,6/1/22,129,0.918,140.5,0.024,eugene
41039,7/1/22,131,0.645,203,0.024,eugene
41039,8/1/22,146,0.631,231.5,0.027,eugene
41039,9/1/22,165,0.825,200,0.03,eugene
41039,10/1/22,215,1.054,204,0.039,eugene
41039,11/1/22,170,0.861,197.5,0.031,eugene
41039,12/1/22,191,0.886,215.5,0.035,eugene
41039,1/1/23,241,1.081,223,0.044,eugene
41039,2/1/23,152,0.927,164,0.028,eugene
41039,3/1/23,144,0.862,167,0.026,eugene
41039,4/1/23,76,0.543,140,0.014,eugene
41039,5/1/23,131,0.702,186.5,0.024,eugene
41039,6/1/23,110,0.783,140.5,0.02,eugene
41039,7/1/23,160,0.788,203,0.029,eugene
41039,8/1/23,225,0.972,231.5,0.041,eugene
41039,9/1/23,209,1.045,200,0.038,eugene
41039,10/1/23,149,0.73,204,0.027,eugene
41039,11/1/23,218,1.104,197.5,0.04,eugene
41039,12/1/23,195,0.905,215.5,0.036,eugene
41039,1/1/24,205,0.919,223,0.038,eugene
41039,2/1/24,194,1.121,173,0.036,eugene
41039,3/1/24,190,1.138,167,0.035,eugene
41039,4/1/24,204,1.457,140,0.037,eugene
41039,5/1/24,242,1.298,186.5,0.044,eugene
41039,6/1/24,171,1.217,140.5,0.031,eugene
41039,7/1/24,246,1.212,203,0.045,eugene
41039,8/1/24,238,1.028,231.5,0.044,eugene
41039,9/1/24,191,0.955,200,0.035,eugene
41039,10/1/24,259,1.27,204,0.048,eugene
41039,11/1/24,177,0.896,197.5,0.032,eugene
41039,12/1/24,236,1.095,215.5,0.043,eugene
41039,1/1/25,180,0.807,223,0.033,eugene
41039,2/1/25,242,1.476,164,0.044,eugene
41039,3/1/25,198,1.186,167,0.036,eugene
41039,4/1/25,233,1.664,140,0.043,eugene
41039,5/1/25,199,1.067,186.5,0.037,eugene
41039,6/1/25,190,1.352,140.5,0.035,eugene
41039,7/1/25,281,1.384,203,0.052,eugene
41039,8/1/25,237,1.024,231.5,0.043,eugene
41039,9/1/25,269,1.345,200,0.049,eugene
41039,10/1/25,258,1.265,204,0.047,eugene
41039,11/1/25,186,0.942,197.5,0.034,eugene
48439,1/1/20,3992,0.971,4109.5,0.104,fortworth
48439,2/1/20,3761,0.961,3913,0.098,fortworth
48439,3/1/20,1802,0.538,3347.5,0.047,fortworth
48439,4/1/20,116,0.033,3485,0.003,fortworth
48439,5/1/20,424,0.114,3708.5,0.011,fortworth
48439,6/1/20,879,0.223,3934.5,0.023,fortworth
48439,7/1/20,895,0.214,4189.5,0.023,fortworth
48439,8/1/20,1474,0.356,4136.5,0.039,fortworth
48439,9/1/20,1591,0.382,4163,0.042,fortworth
48439,10/1/20,1375,0.339,4060.5,0.036,fortworth
48439,11/1/20,1390,0.358,3882,0.036,fortworth
48439,12/1/20,1809,0.493,3671,0.047,fortworth
48439,1/1/21,1803,0.439,4109.5,0.047,fortworth
48439,2/1/21,1007,0.26,3866.5,0.026,fortworth
48439,3/1/21,1608,0.48,3347.5,0.042,fortworth
48439,4/1/21,1357,0.389,3485,0.035,fortworth
48439,5/1/21,1483,0.4,3708.5,0.039,fortworth
48439,6/1/21,1557,0.396,3934.5,0.041,fortworth
48439,7/1/21,1655,0.395,4189.5,0.043,fortworth
48439,8/1/21,1802,0.436,4136.5,0.047,fortworth
48439,9/1/21,2252,0.541,4163,0.059,fortworth
48439,10/1/21,2577,0.635,4060.5,0.067,fortworth
48439,11/1/21,2396,0.617,3882,0.063,fortworth
48439,12/1/21,2168,0.591,3671,0.057,fortworth
48439,1/1/22,3168,0.771,4109.5,0.083,fortworth
48439,2/1/22,3267,0.845,3866.5,0.085,fortworth
48439,3/1/22,3310,0.989,3347.5,0.087,fortworth
48439,4/1/22,2902,0.833,3485,0.076,fortworth
48439,5/1/22,3407,0.919,3708.5,0.089,fortworth
48439,6/1/22,3531,0.897,3934.5,0.092,fortworth
48439,7/1/22,3674,0.877,4189.5,0.096,fortworth
48439,8/1/22,4041,0.977,4136.5,0.106,fortworth
48439,9/1/22,3997,0.96,4163,0.105,fortworth
48439,10/1/22,4017,0.989,4060.5,0.105,fortworth
48439,11/1/22,3464,0.892,3882,0.091,fortworth
48439,12/1/22,3628,0.988,3671,0.095,fortworth
48439,1/1/23,3741,0.91,4109.5,0.098,fortworth
48439,2/1/23,3869,1.001,3866.5,0.101,fortworth
48439,3/1/23,3390,1.013,3347.5,0.089,fortworth
48439,4/1/23,3400,0.976,3485,0.089,fortworth
48439,5/1/23,3683,0.993,3708.5,0.096,fortworth
48439,6/1/23,3869,0.983,3934.5,0.101,fortworth
48439,7/1/23,3962,0.946,4189.5,0.104,fortworth
48439,8/1/23,4186,1.012,4136.5,0.109,fortworth
48439,9/1/23,4187,1.006,4163,0.11,fortworth
48439,10/1/23,4283,1.055,4060.5,0.112,fortworth
48439,11/1/23,3971,1.023,3882,0.104,fortworth
48439,12/1/23,3419,0.931,3671,0.089,fortworth
48439,1/1/24,4478,1.09,4109.5,0.117,fortworth
48439,2/1/24,3957,1.011,3913,0.103,fortworth
48439,3/1/24,3303,0.987,3347.5,0.086,fortworth
48439,4/1/24,3570,1.024,3485,0.093,fortworth
48439,5/1/24,3734,1.007,3708.5,0.098,fortworth
48439,6/1/24,4002,1.017,3934.5,0.105,fortworth
48439,7/1/24,4417,1.054,4189.5,0.116,fortworth
48439,8/1/24,4087,0.988,4136.5,0.107,fortworth
48439,9/1/24,4139,0.994,4163,0.108,fortworth
48439,10/1/24,3837,0.945,4060.5,0.1,fortworth
48439,11/1/24,3793,0.977,3882,0.099,fortworth
48439,12/1/24,3923,1.069,3671,0.103,fortworth
48439,1/1/25,4291,1.044,4109.5,0.112,fortworth
48439,2/1/25,3707,0.959,3866.5,0.097,fortworth
48439,3/1/25,3312,0.989,3347.5,0.087,fortworth
48439,4/1/25,3327,0.955,3485,0.087,fortworth
48439,5/1/25,3809,1.027,3708.5,0.1,fortworth
48439,6/1/25,3653,0.928,3934.5,0.096,fortworth
48439,7/1/25,4002,0.955,4189.5,0.105,fortworth
48439,8/1/25,4309,1.042,4136.5,0.113,fortworth
48439,9/1/25,4356,1.046,4163,0.114,fortworth
48439,10/1/25,4216,1.038,4060.5,0.11,fortworth
48439,11/1/25,3460,0.891,3882,0.09,fortworth
48439,12/1/25,3968,1.081,3671,0.104,fortworth
48439,1/1/26,2903,0.706,4109.5,0.076,fortworth
48439,2/1/26,4462,1.154,3866.5,0.117,fortworth
12001,1/1/20,159,0.675,235.5,0.035,gainesville
12001,2/1/20,145,0.771,188,0.032,gainesville
12001,3/1/20,93,0.451,206,0.021,gainesville
12001,4/1/20,15,0.08,188.5,0.003,gainesville
12001,5/1/20,19,0.106,179,0.004,gainesville
12001,6/1/20,29,0.13,222.5,0.006,gainesville
12001,7/1/20,29,0.133,218,0.006,gainesville
12001,8/1/20,83,0.44,188.5,0.018,gainesville
12001,9/1/20,119,0.564,211,0.026,gainesville
12001,10/1/20,129,0.593,217.5,0.029,gainesville
12001,11/1/20,120,0.828,145,0.027,gainesville
12001,12/1/20,54,0.32,168.5,0.012,gainesville
12001,1/1/21,119,0.505,235.5,0.026,gainesville
12001,2/1/21,107,0.582,184,0.024,gainesville
12001,3/1/21,88,0.427,206,0.02,gainesville
12001,4/1/21,71,0.377,188.5,0.016,gainesville
12001,5/1/21,83,0.464,179,0.018,gainesville
12001,6/1/21,94,0.422,222.5,0.021,gainesville
12001,7/1/21,93,0.427,218,0.021,gainesville
12001,8/1/21,120,0.637,188.5,0.027,gainesville
12001,9/1/21,145,0.687,211,0.032,gainesville
12001,10/1/21,107,0.492,217.5,0.024,gainesville
12001,11/1/21,101,0.697,145,0.022,gainesville
12001,12/1/21,131,0.777,168.5,0.029,gainesville
12001,1/1/22,153,0.65,235.5,0.034,gainesville
12001,2/1/22,118,0.641,184,0.026,gainesville
12001,3/1/22,150,0.728,206,0.033,gainesville
12001,4/1/22,121,0.642,188.5,0.027,gainesville
12001,5/1/22,183,1.022,179,0.041,gainesville
12001,6/1/22,203,0.912,222.5,0.045,gainesville
12001,7/1/22,167,0.766,218,0.037,gainesville
12001,8/1/22,272,1.443,188.5,0.06,gainesville
12001,9/1/22,174,0.825,211,0.039,gainesville
12001,10/1/22,182,0.837,217.5,0.04,gainesville
12001,11/1/22,173,1.193,145,0.038,gainesville
12001,12/1/22,184,1.092,168.5,0.041,gainesville
12001,1/1/23,198,0.841,235.5,0.044,gainesville
12001,2/1/23,161,0.875,184,0.036,gainesville
12001,3/1/23,207,1.005,206,0.046,gainesville
12001,4/1/23,188,0.997,188.5,0.042,gainesville
12001,5/1/23,164,0.916,179,0.036,gainesville
12001,6/1/23,226,1.016,222.5,0.05,gainesville
12001,7/1/23,201,0.922,218,0.045,gainesville
12001,8/1/23,151,0.801,188.5,0.034,gainesville
12001,9/1/23,210,0.995,211,0.047,gainesville
12001,10/1/23,228,1.048,217.5,0.051,gainesville
12001,11/1/23,153,1.055,145,0.034,gainesville
12001,12/1/23,145,0.861,168.5,0.032,gainesville
12001,1/1/24,254,1.079,235.5,0.056,gainesville
12001,2/1/24,195,1.037,188,0.043,gainesville
12001,3/1/24,183,0.888,206,0.041,gainesville
12001,4/1/24,163,0.865,188.5,0.036,gainesville
12001,5/1/24,175,0.978,179,0.039,gainesville
12001,6/1/24,188,0.845,222.5,0.042,gainesville
12001,7/1/24,205,0.94,218,0.046,gainesville
12001,8/1/24,185,0.981,188.5,0.041,gainesville
12001,9/1/24,184,0.872,211,0.041,gainesville
12001,10/1/24,190,0.874,217.5,0.042,gainesville
12001,11/1/24,127,0.876,145,0.028,gainesville
12001,12/1/24,184,1.092,168.5,0.041,gainesville
12001,1/1/25,220,0.934,235.5,0.049,gainesville
12001,2/1/25,203,1.103,184,0.045,gainesville
12001,3/1/25,155,0.752,206,0.034,gainesville
12001,4/1/25,150,0.796,188.5,0.033,gainesville
12001,5/1/25,207,1.156,179,0.046,gainesville
12001,6/1/25,214,0.962,222.5,0.048,gainesville
12001,7/1/25,200,0.917,218,0.044,gainesville
12001,8/1/25,167,0.886,188.5,0.037,gainesville
12001,9/1/25,174,0.825,211,0.039,gainesville
12001,10/1/25,187,0.86,217.5,0.042,gainesville
12001,11/1/25,164,1.131,145,0.036,gainesville
12001,12/1/25,222,1.318,168.5,0.049,gainesville
45045,1/1/20,1722,1.261,1366,0.286,greenville
45045,2/1/20,1479,1.279,1156.5,0.245,greenville
45045,3/1/20,905,0.889,1018,0.15,greenville
45045,4/1/20,4,0.003,1187.5,0.001,greenville
45045,5/1/20,538,0.425,1264.5,0.089,greenville
45045,6/1/20,535,0.412,1299.5,0.089,greenville
45045,7/1/20,502,0.358,1400.5,0.083,greenville
45045,8/1/20,780,0.562,1388,0.129,greenville
45045,9/1/20,901,0.731,1232,0.149,greenville
45045,10/1/20,778,0.658,1183,0.129,greenville
45045,11/1/20,784,0.639,1226.5,0.13,greenville
45045,12/1/20,805,0.71,1133.5,0.133,greenville
45045,1/1/21,844,0.618,1366,0.14,greenville
45045,2/1/21,714,0.62,1151,0.118,greenville
45045,3/1/21,690,0.678,1018,0.114,greenville
45045,4/1/21,518,0.436,1187.5,0.086,greenville
45045,5/1/21,644,0.509,1264.5,0.107,greenville
45045,6/1/21,828,0.637,1299.5,0.137,greenville
45045,7/1/21,708,0.506,1400.5,0.117,greenville
45045,8/1/21,763,0.55,1388,0.127,greenville
45045,9/1/21,1002,0.813,1232,0.166,greenville
45045,10/1/21,1036,0.876,1183,0.172,greenville
45045,11/1/21,1019,0.831,1226.5,0.169,greenville
45045,12/1/21,1043,0.92,1133.5,0.173,greenville
45045,1/1/22,1154,0.845,1366,0.191,greenville
45045,2/1/22,1213,1.054,1151,0.201,greenville
45045,3/1/22,934,0.917,1018,0.155,greenville
45045,4/1/22,985,0.829,1187.5,0.163,greenville
45045,5/1/22,1125,0.89,1264.5,0.187,greenville
45045,6/1/22,1148,0.883,1299.5,0.19,greenville
45045,7/1/22,1323,0.945,1400.5,0.219,greenville
45045,8/1/22,1158,0.834,1388,0.192,greenville
45045,9/1/22,1183,0.96,1232,0.196,greenville
45045,10/1/22,1207,1.02,1183,0.2,greenville
45045,11/1/22,1120,0.913,1226.5,0.186,greenville
45045,12/1/22,1136,1.002,1133.5,0.188,greenville
45045,1/1/23,1409,1.031,1366,0.234,greenville
45045,2/1/23,1067,0.927,1151,0.177,greenville
45045,3/1/23,1070,1.051,1018,0.177,greenville
45045,4/1/23,1140,0.96,1187.5,0.189,greenville
45045,5/1/23,1234,0.976,1264.5,0.205,greenville
45045,6/1/23,1295,0.997,1299.5,0.215,greenville
45045,7/1/23,1403,1.002,1400.5,0.233,greenville
45045,8/1/23,1402,1.01,1388,0.232,greenville
45045,9/1/23,1270,1.031,1232,0.211,greenville
45045,10/1/23,1348,1.139,1183,0.224,greenville
45045,11/1/23,1279,1.043,1226.5,0.212,greenville
45045,12/1/23,1151,1.015,1133.5,0.191,greenville
45045,1/1/24,1323,0.969,1366,0.219,greenville
45045,2/1/24,1246,1.077,1156.5,0.207,greenville
45045,3/1/24,961,0.944,1018,0.159,greenville
45045,4/1/24,1235,1.04,1187.5,0.205,greenville
45045,5/1/24,1294,1.023,1264.5,0.215,greenville
45045,6/1/24,1304,1.003,1299.5,0.216,greenville
45045,7/1/24,1398,0.998,1400.5,0.232,greenville
45045,8/1/24,1373,0.989,1388,0.228,greenville
45045,9/1/24,1183,0.96,1232,0.196,greenville
45045,10/1/24,1018,0.861,1183,0.169,greenville
45045,11/1/24,1174,0.957,1226.5,0.195,greenville
45045,12/1/24,1116,0.985,1133.5,0.185,greenville
45045,1/1/25,1316,0.963,1366,0.218,greenville
45045,2/1/25,1263,1.097,1151,0.209,greenville
45045,3/1/25,1156,1.136,1018,0.192,greenville
45045,4/1/25,1075,0.905,1187.5,0.178,greenville
45045,5/1/25,1370,1.083,1264.5,0.227,greenville
45045,6/1/25,1211,0.932,1299.5,0.201,greenville
45045,7/1/25,1369,0.978,1400.5,0.227,greenville
45045,8/1/25,1355,0.976,1388,0.225,greenville
45045,9/1/25,1342,1.089,1232,0.223,greenville
09003,1/1/20,509,0.868,586.5,0.05,hartford
09003,2/1/20,484,0.995,486.5,0.048,hartford
09003,3/1/20,382,0.617,619.5,0.038,hartford
09003,4/1/20,60,0.124,485,0.006,hartford
09003,5/1/20,4,0.008,506,0,hartford
09003,6/1/20,9,0.016,549,0.001,hartford
09003,7/1/20,45,0.077,586.5,0.004,hartford
09003,8/1/20,38,0.062,610,0.004,hartford
09003,9/1/20,40,0.069,576,0.004,hartford
09003,10/1/20,100,0.169,590.5,0.01,hartford
09003,11/1/20,153,0.283,541,0.015,hartford
09003,12/1/20,148,0.268,553,0.015,hartford
09003,1/1/21,148,0.252,586.5,0.015,hartford
09003,2/1/21,180,0.374,481.5,0.018,hartford
09003,3/1/21,248,0.4,619.5,0.024,hartford
09003,4/1/21,212,0.437,485,0.021,hartford
09003,5/1/21,195,0.385,506,0.019,hartford
09003,6/1/21,205,0.373,549,0.02,hartford
09003,7/1/21,125,0.213,586.5,0.012,hartford
09003,8/1/21,184,0.302,610,0.018,hartford
09003,9/1/21,342,0.594,576,0.034,hartford
09003,10/1/21,268,0.454,590.5,0.026,hartford
09003,11/1/21,345,0.638,541,0.034,hartford
09003,12/1/21,421,0.761,553,0.042,hartford
09003,1/1/22,403,0.687,586.5,0.04,hartford
09003,2/1/22,379,0.787,481.5,0.037,hartford
09003,3/1/22,719,1.161,619.5,0.071,hartford
09003,4/1/22,705,1.454,485,0.07,hartford
09003,5/1/22,630,1.245,506,0.062,hartford
09003,6/1/22,680,1.239,549,0.067,hartford
09003,7/1/22,568,0.968,586.5,0.056,hartford
09003,8/1/22,645,1.057,610,0.064,hartford
09003,9/1/22,666,1.156,576,0.066,hartford
09003,10/1/22,648,1.097,590.5,0.064,hartford
09003,11/1/22,708,1.309,541,0.07,hartford
09003,12/1/22,572,1.034,553,0.056,hartford
09003,1/1/23,573,0.977,586.5,0.057,hartford
09003,2/1/23,488,1.013,481.5,0.048,hartford
09003,3/1/23,646,1.043,619.5,0.064,hartford
09003,4/1/23,436,0.899,485,0.043,hartford
09003,5/1/23,525,1.038,506,0.052,hartford
09003,6/1/23,583,1.062,549,0.058,hartford
09003,7/1/23,556,0.948,586.5,0.055,hartford
09003,8/1/23,620,1.016,610,0.061,hartford
09003,9/1/23,567,0.984,576,0.056,hartford
09003,10/1/23,557,0.943,590.5,0.055,hartford
09003,11/1/23,552,1.02,541,0.054,hartford
09003,12/1/23,525,0.949,553,0.052,hartford
09003,1/1/24,600,1.023,586.5,0.059,hartford
09003,2/1/24,485,0.997,486.5,0.048,hartford
09003,3/1/24,593,0.957,619.5,0.058,hartford
09003,4/1/24,534,1.101,485,0.053,hartford
09003,5/1/24,487,0.962,506,0.048,hartford
09003,6/1/24,515,0.938,549,0.051,hartford
09003,7/1/24,617,1.052,586.5,0.061,hartford
09003,8/1/24,600,0.984,610,0.059,hartford
09003,9/1/24,585,1.016,576,0.058,hartford
09003,10/1/24,624,1.057,590.5,0.062,hartford
09003,11/1/24,527,0.974,541,0.052,hartford
09003,12/1/24,581,1.051,553,0.057,hartford
09003,1/1/25,559,0.953,586.5,0.055,hartford
09003,2/1/25,462,0.96,481.5,0.046,hartford
09003,3/1/25,577,0.931,619.5,0.057,hartford
09003,4/1/25,439,0.905,485,0.043,hartford
09003,5/1/25,413,0.816,506,0.041,hartford
09003,6/1/25,463,0.843,549,0.046,hartford
09003,7/1/25,516,0.88,586.5,0.051,hartford
09003,8/1/25,514,0.843,610,0.051,hartford
09003,9/1/25,500,0.868,576,0.049,hartford
09003,10/1/25,539,0.913,590.5,0.053,hartford
09003,11/1/25,410,0.758,541,0.04,hartford
09003,12/1/25,505,0.913,553,0.05,hartford
09003,1/1/26,479,0.817,586.5,0.047,hartford
09003,2/1/26,446,0.926,481.5,0.044,hartford
48201,1/1/20,6599,0.846,7798,0.093,houston
48201,2/1/20,5781,0.842,6866.5,0.082,houston
48201,3/1/20,3193,0.527,6055.5,0.045,houston
48201,4/1/20,619,0.103,6015.5,0.009,houston
48201,5/1/20,1215,0.181,6723.5,0.017,houston
48201,6/1/20,2483,0.35,7096,0.035,houston
48201,7/1/20,2251,0.324,6946,0.032,houston
48201,8/1/20,2391,0.316,7575,0.034,houston
48201,9/1/20,2032,0.29,6995,0.029,houston
48201,10/1/20,2173,0.336,6474.5,0.031,houston
48201,11/1/20,2702,0.443,6104,0.038,houston
48201,12/1/20,3197,0.505,6333.5,0.045,houston
48201,1/1/21,2831,0.363,7798,0.04,houston
48201,2/1/21,1991,0.294,6773.5,0.028,houston
48201,3/1/21,2961,0.489,6055.5,0.042,houston
48201,4/1/21,2266,0.377,6015.5,0.032,houston
48201,5/1/21,2230,0.332,6723.5,0.032,houston
48201,6/1/21,2512,0.354,7096,0.036,houston
48201,7/1/21,2756,0.397,6946,0.039,houston
48201,8/1/21,3141,0.415,7575,0.044,houston
48201,9/1/21,4172,0.596,6995,0.059,houston
48201,10/1/21,4779,0.738,6474.5,0.068,houston
48201,11/1/21,4307,0.706,6104,0.061,houston
48201,12/1/21,4250,0.671,6333.5,0.06,houston
48201,1/1/22,6326,0.811,7798,0.09,houston
48201,2/1/22,7068,1.043,6773.5,0.1,houston
48201,3/1/22,6769,1.118,6055.5,0.096,houston
48201,4/1/22,5657,0.94,6015.5,0.08,houston
48201,5/1/22,6652,0.989,6723.5,0.094,houston
48201,6/1/22,7246,1.021,7096,0.103,houston
48201,7/1/22,7644,1.1,6946,0.108,houston
48201,8/1/22,7749,1.023,7575,0.11,houston
48201,9/1/22,7299,1.043,6995,0.103,houston
48201,10/1/22,7030,1.086,6474.5,0.099,houston
48201,11/1/22,6155,1.008,6104,0.087,houston
48201,12/1/22,6557,1.035,6333.5,0.093,houston
48201,1/1/23,7668,0.983,7798,0.108,houston
48201,2/1/23,6484,0.957,6773.5,0.092,houston
48201,3/1/23,6634,1.096,6055.5,0.094,houston
48201,4/1/23,6065,1.008,6015.5,0.086,houston
48201,5/1/23,6933,1.031,6723.5,0.098,houston
48201,6/1/23,7274,1.025,7096,0.103,houston
48201,7/1/23,7323,1.054,6946,0.104,houston
48201,8/1/23,7986,1.054,7575,0.113,houston
48201,9/1/23,7177,1.026,6995,0.102,houston
48201,10/1/23,7478,1.155,6474.5,0.106,houston
48201,11/1/23,6555,1.074,6104,0.093,houston
48201,12/1/23,6385,1.008,6333.5,0.09,houston
48201,1/1/24,7928,1.017,7798,0.112,houston
48201,2/1/24,7249,1.056,6866.5,0.103,houston
48201,3/1/24,5477,0.904,6055.5,0.077,houston
48201,4/1/24,5966,0.992,6015.5,0.084,houston
48201,5/1/24,6514,0.969,6723.5,0.092,houston
48201,6/1/24,6918,0.975,7096,0.098,houston
48201,7/1/24,6569,0.946,6946,0.093,houston
48201,8/1/24,7164,0.946,7575,0.101,houston
48201,9/1/24,6813,0.974,6995,0.096,houston
48201,10/1/24,5471,0.845,6474.5,0.077,houston
48201,11/1/24,5655,0.926,6104,0.08,houston
48201,12/1/24,6282,0.992,6333.5,0.089,houston
48201,1/1/25,7215,0.925,7798,0.102,houston
48201,2/1/25,6551,0.967,6773.5,0.093,houston
48201,3/1/25,5760,0.951,6055.5,0.081,houston
48201,4/1/25,5437,0.904,6015.5,0.077,houston
48201,5/1/25,6378,0.949,6723.5,0.09,houston
48201,6/1/25,6873,0.969,7096,0.097,houston
48201,7/1/25,7105,1.023,6946,0.101,houston
48201,8/1/25,6821,0.9,7575,0.097,houston
48201,9/1/25,6722,0.961,6995,0.095,houston
48201,10/1/25,6512,1.006,6474.5,0.092,houston
48201,11/1/25,5774,0.946,6104,0.082,houston
48201,12/1/25,6144,0.97,6333.5,0.087,houston
48201,1/1/26,6644,0.852,7798,0.094,houston
48201,2/1/26,6528,0.964,6773.5,0.092,houston
18,1/1/20,6994,1.023,6838,0.103,indiana
18,2/1/20,5875,1.029,5708.5,0.087,indiana
18,3/1/20,2724,0.519,5248.5,0.04,indiana
18,4/1/20,170,0.029,5849,0.003,indiana
18,5/1/20,401,0.062,6485,0.006,indiana
18,6/1/20,869,0.133,6524.5,0.013,indiana
18,7/1/20,856,0.129,6614.5,0.013,indiana
18,8/1/20,5509,0.806,6833.5,0.081,indiana
18,9/1/20,5167,0.829,6232,0.076,indiana
18,10/1/20,4399,0.682,6449,0.065,indiana
18,11/1/20,3940,0.709,5559.5,0.058,indiana
18,12/1/20,3999,0.746,5359,0.059,indiana
18,1/1/21,4543,0.664,6838,0.067,indiana
18,2/1/21,3776,0.677,5578.5,0.056,indiana
18,3/1/21,4170,0.795,5248.5,0.061,indiana
18,4/1/21,3239,0.554,5849,0.048,indiana
18,5/1/21,3521,0.543,6485,0.052,indiana
18,6/1/21,4519,0.693,6524.5,0.067,indiana
18,7/1/21,4417,0.668,6614.5,0.065,indiana
18,8/1/21,4398,0.644,6833.5,0.065,indiana
18,9/1/21,5283,0.848,6232,0.078,indiana
18,10/1/21,5456,0.846,6449,0.08,indiana
18,11/1/21,4804,0.864,5559.5,0.071,indiana
18,12/1/21,4730,0.883,5359,0.07,indiana
18,1/1/22,5693,0.833,6838,0.084,indiana
18,2/1/22,5160,0.925,5578.5,0.076,indiana
18,3/1/22,5406,1.03,5248.5,0.08,indiana
18,4/1/22,4802,0.821,5849,0.071,indiana
18,5/1/22,5472,0.844,6485,0.081,indiana
18,6/1/22,6347,0.973,6524.5,0.094,indiana
18,7/1/22,6269,0.948,6614.5,0.092,indiana
18,8/1/22,7030,1.029,6833.5,0.104,indiana
18,9/1/22,6332,1.016,6232,0.093,indiana
18,10/1/22,6383,0.99,6449,0.094,indiana
18,11/1/22,6029,1.084,5559.5,0.089,indiana
18,12/1/22,5622,1.049,5359,0.083,indiana
18,1/1/23,7028,1.028,6838,0.104,indiana
18,2/1/23,5728,1.027,5578.5,0.084,indiana
18,3/1/23,5363,1.022,5248.5,0.079,indiana
18,4/1/23,5746,0.982,5849,0.085,indiana
18,5/1/23,6535,1.008,6485,0.096,indiana
18,6/1/23,6849,1.05,6524.5,0.101,indiana
18,7/1/23,6392,0.966,6614.5,0.094,indiana
18,8/1/23,6893,1.009,6833.5,0.102,indiana
18,9/1/23,6053,0.971,6232,0.089,indiana
18,10/1/23,6377,0.989,6449,0.094,indiana
18,11/1/23,5473,0.984,5559.5,0.081,indiana
18,12/1/23,5072,0.946,5359,0.075,indiana
18,1/1/24,6488,0.949,6838,0.096,indiana
18,2/1/24,5546,0.972,5708.5,0.082,indiana
18,3/1/24,4994,0.952,5248.5,0.074,indiana
18,4/1/24,5732,0.98,5849,0.084,indiana
18,5/1/24,6186,0.954,6485,0.091,indiana
18,6/1/24,5971,0.915,6524.5,0.088,indiana
18,7/1/24,6556,0.991,6614.5,0.097,indiana
18,8/1/24,6405,0.937,6833.5,0.094,indiana
18,9/1/24,5989,0.961,6232,0.088,indiana
18,10/1/24,6334,0.982,6449,0.093,indiana
18,11/1/24,5515,0.992,5559.5,0.081,indiana
18,12/1/24,5529,1.032,5359,0.081,indiana
18,1/1/25,6682,0.977,6838,0.098,indiana
18,2/1/25,5583,1.001,5578.5,0.082,indiana
18,3/1/25,4983,0.949,5248.5,0.073,indiana
18,4/1/25,5495,0.939,5849,0.081,indiana
18,5/1/25,5853,0.903,6485,0.086,indiana
18,6/1/25,6312,0.967,6524.5,0.093,indiana
18,7/1/25,6736,1.018,6614.5,0.099,indiana
18,8/1/25,6317,0.924,6833.5,0.093,indiana
18,9/1/25,6146,0.986,6232,0.091,indiana
18,10/1/25,6304,0.978,6449,0.093,indiana
18,11/1/25,5136,0.924,5559.5,0.076,indiana
18,12/1/25,5602,1.045,5359,0.083,indiana
18,1/1/26,6346,0.928,6838,0.094,indiana
18,2/1/26,4576,0.82,5578.5,0.067,indiana
18097,1/1/20,2692,1.103,2440,0.186,indianapolis
18097,2/1/20,2435,1.161,2097.5,0.168,indianapolis
18097,3/1/20,1004,0.547,1834,0.069,indianapolis
18097,4/1/20,6,0.003,2171,0,indianapolis
18097,5/1/20,16,0.007,2394,0.001,indianapolis
18097,6/1/20,60,0.025,2402,0.004,indianapolis
18097,7/1/20,108,0.046,2330,0.007,indianapolis
18097,8/1/20,1608,0.647,2486,0.111,indianapolis
18097,9/1/20,2002,0.911,2197.5,0.138,indianapolis
18097,10/1/20,1550,0.678,2287,0.107,indianapolis
18097,11/1/20,1434,0.681,2105,0.099,indianapolis
18097,12/1/20,1567,0.833,1881,0.108,indianapolis
18097,1/1/21,1670,0.684,2440,0.115,indianapolis
18097,2/1/21,1493,0.737,2025.5,0.103,indianapolis
18097,3/1/21,1554,0.847,1834,0.107,indianapolis
18097,4/1/21,1156,0.532,2171,0.08,indianapolis
18097,5/1/21,1172,0.49,2394,0.081,indianapolis
18097,6/1/21,1411,0.587,2402,0.097,indianapolis
18097,7/1/21,1473,0.632,2330,0.102,indianapolis
18097,8/1/21,1467,0.59,2486,0.101,indianapolis
18097,9/1/21,2100,0.956,2197.5,0.145,indianapolis
18097,10/1/21,2215,0.969,2287,0.153,indianapolis
18097,11/1/21,1998,0.949,2105,0.138,indianapolis
18097,12/1/21,1999,1.063,1881,0.138,indianapolis
18097,1/1/22,2143,0.878,2440,0.148,indianapolis
18097,2/1/22,2034,1.004,2025.5,0.14,indianapolis
18097,3/1/22,2050,1.118,1834,0.141,indianapolis
18097,4/1/22,1838,0.847,2171,0.127,indianapolis
18097,5/1/22,1915,0.8,2394,0.132,indianapolis
18097,6/1/22,2240,0.933,2402,0.154,indianapolis
18097,7/1/22,2380,1.021,2330,0.164,indianapolis
18097,8/1/22,2603,1.047,2486,0.179,indianapolis
18097,9/1/22,2318,1.055,2197.5,0.16,indianapolis
18097,10/1/22,2200,0.962,2287,0.152,indianapolis
18097,11/1/22,2258,1.073,2105,0.156,indianapolis
18097,12/1/22,2140,1.138,1881,0.148,indianapolis
18097,1/1/23,2644,1.084,2440,0.182,indianapolis
18097,2/1/23,2222,1.097,2025.5,0.153,indianapolis
18097,3/1/23,1877,1.023,1834,0.129,indianapolis
18097,4/1/23,2167,0.998,2171,0.149,indianapolis
18097,5/1/23,2540,1.061,2394,0.175,indianapolis
18097,6/1/23,2659,1.107,2402,0.183,indianapolis
18097,7/1/23,2282,0.979,2330,0.157,indianapolis
18097,8/1/23,2596,1.044,2486,0.179,indianapolis
18097,9/1/23,2167,0.986,2197.5,0.149,indianapolis
18097,10/1/23,2313,1.011,2287,0.159,indianapolis
18097,11/1/23,2097,0.996,2105,0.145,indianapolis
18097,12/1/23,1830,0.973,1881,0.126,indianapolis
18097,1/1/24,2186,0.896,2440,0.151,indianapolis
18097,2/1/24,1933,0.922,2097.5,0.133,indianapolis
18097,3/1/24,1750,0.954,1834,0.121,indianapolis
18097,4/1/24,2133,0.982,2171,0.147,indianapolis
18097,5/1/24,2212,0.924,2394,0.152,indianapolis
18097,6/1/24,2119,0.882,2402,0.146,indianapolis
18097,7/1/24,2336,1.003,2330,0.161,indianapolis
18097,8/1/24,2310,0.929,2486,0.159,indianapolis
18097,9/1/24,2161,0.983,2197.5,0.149,indianapolis
18097,10/1/24,2224,0.972,2287,0.153,indianapolis
18097,11/1/24,2068,0.982,2105,0.143,indianapolis
18097,12/1/24,1894,1.007,1881,0.131,indianapolis
18097,1/1/25,2371,0.972,2440,0.163,indianapolis
18097,2/1/25,2044,1.009,2025.5,0.141,indianapolis
18097,3/1/25,1684,0.918,1834,0.116,indianapolis
18097,4/1/25,1977,0.911,2171,0.136,indianapolis
18097,5/1/25,2085,0.871,2394,0.144,indianapolis
18097,6/1/25,2190,0.912,2402,0.151,indianapolis
18097,7/1/25,2296,0.985,2330,0.158,indianapolis
18097,8/1/25,2164,0.87,2486,0.149,indianapolis
18097,9/1/25,2097,0.954,2197.5,0.145,indianapolis
18097,10/1/25,2097,0.917,2287,0.145,indianapolis
18097,11/1/25,1715,0.815,2105,0.118,indianapolis
18097,12/1/25,1988,1.057,1881,0.137,indianapolis
18097,1/1/26,2273,0.932,2440,0.157,indianapolis
18097,2/1/26,1497,0.739,2025.5,0.103,indianapolis
12031,1/1/20,1278,0.973,1313,0.087,jacksonville
12031,2/1/20,946,0.688,1376,0.064,jacksonville
12031,3/1/20,633,0.572,1107,0.043,jacksonville
12031,4/1/20,43,0.043,997,0.003,jacksonville
12031,5/1/20,32,0.027,1207.5,0.002,jacksonville
12031,6/1/20,57,0.046,1234.5,0.004,jacksonville
12031,7/1/20,57,0.046,1240,0.004,jacksonville
12031,8/1/20,839,0.65,1290.5,0.057,jacksonville
12031,9/1/20,938,0.769,1219.5,0.063,jacksonville
12031,10/1/20,962,0.762,1262,0.065,jacksonville
12031,11/1/20,845,0.846,999,0.057,jacksonville
12031,12/1/20,1039,0.963,1079,0.07,jacksonville
12031,1/1/21,940,0.716,1313,0.064,jacksonville
12031,2/1/21,694,0.52,1334.5,0.047,jacksonville
12031,3/1/21,709,0.64,1107,0.048,jacksonville
12031,4/1/21,451,0.452,997,0.031,jacksonville
12031,5/1/21,460,0.381,1207.5,0.031,jacksonville
12031,6/1/21,651,0.527,1234.5,0.044,jacksonville
12031,7/1/21,829,0.669,1240,0.056,jacksonville
12031,8/1/21,731,0.566,1290.5,0.049,jacksonville
12031,9/1/21,1006,0.825,1219.5,0.068,jacksonville
12031,10/1/21,822,0.651,1262,0.056,jacksonville
12031,11/1/21,657,0.658,999,0.044,jacksonville
12031,12/1/21,646,0.599,1079,0.044,jacksonville
12031,1/1/22,848,0.646,1313,0.057,jacksonville
12031,2/1/22,749,0.561,1334.5,0.051,jacksonville
12031,3/1/22,990,0.894,1107,0.067,jacksonville
12031,4/1/22,919,0.922,997,0.062,jacksonville
12031,5/1/22,981,0.812,1207.5,0.066,jacksonville
12031,6/1/22,1301,1.054,1234.5,0.088,jacksonville
12031,7/1/22,1374,1.108,1240,0.093,jacksonville
12031,8/1/22,1575,1.22,1290.5,0.107,jacksonville
12031,9/1/22,1269,1.041,1219.5,0.086,jacksonville
12031,10/1/22,1382,1.095,1262,0.094,jacksonville
12031,11/1/22,1248,1.249,999,0.084,jacksonville
12031,12/1/22,1315,1.219,1079,0.089,jacksonville
12031,1/1/23,1282,0.976,1313,0.087,jacksonville
12031,2/1/23,1502,1.126,1334.5,0.102,jacksonville
12031,3/1/23,1261,1.139,1107,0.085,jacksonville
12031,4/1/23,999,1.002,997,0.068,jacksonville
12031,5/1/23,1220,1.01,1207.5,0.083,jacksonville
12031,6/1/23,1350,1.094,1234.5,0.091,jacksonville
12031,7/1/23,1183,0.954,1240,0.08,jacksonville
12031,8/1/23,1344,1.041,1290.5,0.091,jacksonville
12031,9/1/23,1270,1.041,1219.5,0.086,jacksonville
12031,10/1/23,1360,1.078,1262,0.092,jacksonville
12031,11/1/23,1097,1.098,999,0.074,jacksonville
12031,12/1/23,1132,1.049,1079,0.077,jacksonville
12031,1/1/24,1344,1.024,1313,0.091,jacksonville
12031,2/1/24,1250,0.908,1376,0.085,jacksonville
12031,3/1/24,951,0.859,1107,0.064,jacksonville
12031,4/1/24,993,0.996,997,0.067,jacksonville
12031,5/1/24,1194,0.989,1207.5,0.081,jacksonville
12031,6/1/24,1118,0.906,1234.5,0.076,jacksonville
12031,7/1/24,1296,1.045,1240,0.088,jacksonville
12031,8/1/24,1237,0.959,1290.5,0.084,jacksonville
12031,9/1/24,1168,0.958,1219.5,0.079,jacksonville
12031,10/1/24,1161,0.92,1262,0.079,jacksonville
12031,11/1/24,901,0.902,999,0.061,jacksonville
12031,12/1/24,1025,0.95,1079,0.069,jacksonville
12031,1/1/25,1475,1.123,1313,0.1,jacksonville
12031,2/1/25,1262,0.946,1334.5,0.085,jacksonville
12031,3/1/25,1072,0.968,1107,0.073,jacksonville
12031,4/1/25,1008,1.011,997,0.068,jacksonville
12031,5/1/25,1143,0.947,1207.5,0.077,jacksonville
12031,6/1/25,1047,0.848,1234.5,0.071,jacksonville
12031,7/1/25,1280,1.032,1240,0.087,jacksonville
12031,8/1/25,1364,1.057,1290.5,0.092,jacksonville
12031,9/1/25,1335,1.095,1219.5,0.09,jacksonville
12031,10/1/25,1355,1.074,1262,0.092,jacksonville
12031,11/1/25,1004,1.005,999,0.068,jacksonville
12031,12/1/25,1269,1.176,1079,0.086,jacksonville
12031,1/1/26,1369,1.043,1313,0.093,jacksonville
12031,2/1/26,1211,0.907,1334.5,0.082,jacksonville
29095,1/1/20,883,1.098,804.5,0.086,kansascity
29095,2/1/20,695,0.837,830,0.068,kansascity
29095,3/1/20,494,0.64,772,0.048,kansascity
29095,4/1/20,180,0.254,708.5,0.018,kansascity
29095,5/1/20,234,0.304,769,0.023,kansascity
29095,6/1/20,352,0.457,769.5,0.034,kansascity
29095,7/1/20,388,0.516,752.5,0.038,kansascity
29095,8/1/20,525,0.676,776.5,0.051,kansascity
29095,9/1/20,492,0.853,577,0.048,kansascity
29095,10/1/20,432,0.508,850.5,0.042,kansascity
29095,11/1/20,325,0.457,710.5,0.032,kansascity
29095,12/1/20,538,0.963,558.5,0.053,kansascity
29095,1/1/21,311,0.387,804.5,0.03,kansascity
29095,2/1/21,348,0.428,814,0.034,kansascity
29095,3/1/21,472,0.611,772,0.046,kansascity
29095,4/1/21,355,0.501,708.5,0.035,kansascity
29095,5/1/21,418,0.544,769,0.041,kansascity
29095,6/1/21,585,0.76,769.5,0.057,kansascity
29095,7/1/21,494,0.656,752.5,0.048,kansascity
29095,8/1/21,566,0.729,776.5,0.055,kansascity
29095,9/1/21,745,1.291,577,0.073,kansascity
29095,10/1/21,735,0.864,850.5,0.072,kansascity
29095,11/1/21,614,0.864,710.5,0.06,kansascity
29095,12/1/21,636,1.139,558.5,0.062,kansascity
29095,1/1/22,670,0.833,804.5,0.066,kansascity
29095,2/1/22,682,0.838,814,0.067,kansascity
29095,3/1/22,773,1.001,772,0.076,kansascity
29095,4/1/22,697,0.984,708.5,0.068,kansascity
29095,5/1/22,659,0.857,769,0.065,kansascity
29095,6/1/22,743,0.966,769.5,0.073,kansascity
29095,7/1/22,824,1.095,752.5,0.081,kansascity
29095,8/1/22,944,1.216,776.5,0.092,kansascity
29095,9/1/22,832,1.442,577,0.081,kansascity
29095,10/1/22,966,1.136,850.5,0.095,kansascity
29095,11/1/22,889,1.251,710.5,0.087,kansascity
29095,12/1/22,824,1.475,558.5,0.081,kansascity
29095,1/1/23,886,1.101,804.5,0.087,kansascity
29095,2/1/23,965,1.186,814,0.094,kansascity
29095,3/1/23,929,1.203,772,0.091,kansascity
29095,4/1/23,945,1.334,708.5,0.092,kansascity
29095,5/1/23,1047,1.362,769,0.102,kansascity
29095,6/1/23,1038,1.349,769.5,0.102,kansascity
29095,7/1/23,974,1.294,752.5,0.095,kansascity
29095,8/1/23,993,1.279,776.5,0.097,kansascity
29095,9/1/23,933,1.617,577,0.091,kansascity
29095,10/1/23,1101,1.295,850.5,0.108,kansascity
29095,11/1/23,886,1.247,710.5,0.087,kansascity
29095,12/1/23,774,1.386,558.5,0.076,kansascity
29095,1/1/24,886,1.101,804.5,0.087,kansascity
29095,2/1/24,945,1.139,830,0.092,kansascity
29095,3/1/24,811,1.051,772,0.079,kansascity
29095,4/1/24,854,1.205,708.5,0.084,kansascity
29095,5/1/24,952,1.238,769,0.093,kansascity
29095,6/1/24,882,1.146,769.5,0.086,kansascity
29095,7/1/24,988,1.313,752.5,0.097,kansascity
29095,8/1/24,934,1.203,776.5,0.091,kansascity
29095,9/1/24,940,1.629,577,0.092,kansascity
29095,10/1/24,891,1.048,850.5,0.087,kansascity
29095,11/1/24,847,1.192,710.5,0.083,kansascity
29095,12/1/24,823,1.474,558.5,0.081,kansascity
29095,1/1/25,869,1.08,804.5,0.085,kansascity
29095,2/1/25,817,1.004,814,0.08,kansascity
29095,3/1/25,763,0.988,772,0.075,kansascity
29095,4/1/25,839,1.184,708.5,0.082,kansascity
29095,5/1/25,870,1.131,769,0.085,kansascity
29095,6/1/25,792,1.029,769.5,0.078,kansascity
29095,7/1/25,999,1.328,752.5,0.098,kansascity
29095,8/1/25,974,1.254,776.5,0.095,kansascity
29095,9/1/25,916,1.588,577,0.09,kansascity
29095,10/1/25,929,1.092,850.5,0.091,kansascity
29095,11/1/25,709,0.998,710.5,0.069,kansascity
29095,12/1/25,835,1.495,558.5,0.082,kansascity
29095,1/1/26,802,0.997,804.5,0.079,kansascity
29095,2/1/26,810,0.995,814,0.079,kansascity
32003,1/1/20,3035,0.594,5111,0.098,lasvegas
32003,2/1/20,2993,0.704,4249.5,0.097,lasvegas
32003,3/1/20,1159,0.299,3875,0.037,lasvegas
32003,4/1/20,66,0.017,3996.5,0.002,lasvegas
32003,5/1/20,115,0.024,4775.5,0.004,lasvegas
32003,6/1/20,157,0.034,4672,0.005,lasvegas
32003,7/1/20,255,0.051,4961.5,0.008,lasvegas
32003,8/1/20,565,0.115,4906,0.018,lasvegas
32003,9/1/20,825,0.182,4528,0.027,lasvegas
32003,10/1/20,3309,0.83,3985,0.107,lasvegas
32003,11/1/20,5015,1.28,3916.5,0.162,lasvegas
32003,12/1/20,2752,0.678,4057,0.089,lasvegas
32003,1/1/21,1832,0.358,5111,0.059,lasvegas
32003,2/1/21,2107,0.503,4186,0.068,lasvegas
32003,3/1/21,2759,0.712,3875,0.089,lasvegas
32003,4/1/21,2087,0.522,3996.5,0.067,lasvegas
32003,5/1/21,1996,0.418,4775.5,0.064,lasvegas
32003,6/1/21,4278,0.916,4672,0.138,lasvegas
32003,7/1/21,3476,0.701,4961.5,0.112,lasvegas
32003,8/1/21,3566,0.727,4906,0.115,lasvegas
32003,9/1/21,3785,0.836,4528,0.122,lasvegas
32003,10/1/21,4234,1.062,3985,0.137,lasvegas
32003,11/1/21,3851,0.983,3916.5,0.124,lasvegas
32003,12/1/21,4017,0.99,4057,0.13,lasvegas
32003,1/1/22,4256,0.833,5111,0.138,lasvegas
32003,2/1/22,4490,1.073,4186,0.145,lasvegas
32003,3/1/22,4507,1.163,3875,0.146,lasvegas
32003,4/1/22,4017,1.005,3996.5,0.13,lasvegas
32003,5/1/22,3845,0.805,4775.5,0.124,lasvegas
32003,6/1/22,5073,1.086,4672,0.164,lasvegas
32003,7/1/22,5115,1.031,4961.5,0.165,lasvegas
32003,8/1/22,5549,1.131,4906,0.179,lasvegas
32003,9/1/22,5276,1.165,4528,0.17,lasvegas
32003,10/1/22,4927,1.236,3985,0.159,lasvegas
32003,11/1/22,4832,1.234,3916.5,0.156,lasvegas
32003,12/1/22,5455,1.345,4057,0.176,lasvegas
32003,1/1/23,5476,1.071,5111,0.177,lasvegas
32003,2/1/23,4411,1.054,4186,0.143,lasvegas
32003,3/1/23,4441,1.146,3875,0.143,lasvegas
32003,4/1/23,4132,1.034,3996.5,0.133,lasvegas
32003,5/1/23,5574,1.167,4775.5,0.18,lasvegas
32003,6/1/23,5303,1.135,4672,0.171,lasvegas
32003,7/1/23,4939,0.995,4961.5,0.16,lasvegas
32003,8/1/23,5223,1.065,4906,0.169,lasvegas
32003,9/1/23,4627,1.022,4528,0.149,lasvegas
32003,10/1/23,4739,1.189,3985,0.153,lasvegas
32003,11/1/23,4223,1.078,3916.5,0.136,lasvegas
32003,12/1/23,4014,0.989,4057,0.13,lasvegas
32003,1/1/24,4746,0.929,5111,0.153,lasvegas
32003,2/1/24,4086,0.962,4249.5,0.132,lasvegas
32003,3/1/24,3309,0.854,3875,0.107,lasvegas
32003,4/1/24,3860,0.966,3996.5,0.125,lasvegas
32003,5/1/24,3977,0.833,4775.5,0.128,lasvegas
32003,6/1/24,4041,0.865,4672,0.131,lasvegas
32003,7/1/24,4983,1.004,4961.5,0.161,lasvegas
32003,8/1/24,4589,0.935,4906,0.148,lasvegas
32003,9/1/24,4428,0.978,4528,0.143,lasvegas
32003,10/1/24,3231,0.811,3985,0.104,lasvegas
32003,11/1/24,3609,0.921,3916.5,0.117,lasvegas
32003,12/1/24,4100,1.011,4057,0.132,lasvegas
32003,1/1/25,3911,0.765,5111,0.126,lasvegas
32003,2/1/25,3377,0.807,4186,0.109,lasvegas
32003,3/1/25,3394,0.876,3875,0.11,lasvegas
32003,4/1/25,3428,0.858,3996.5,0.111,lasvegas
32003,5/1/25,3779,0.791,4775.5,0.122,lasvegas
32003,6/1/25,3871,0.829,4672,0.125,lasvegas
32003,7/1/25,4244,0.855,4961.5,0.137,lasvegas
32003,8/1/25,3973,0.81,4906,0.128,lasvegas
32003,9/1/25,3363,0.743,4528,0.109,lasvegas
32003,10/1/25,3710,0.931,3985,0.12,lasvegas
32003,11/1/25,3060,0.781,3916.5,0.099,lasvegas
32003,12/1/25,3088,0.761,4057,0.1,lasvegas
32003,1/1/26,3753,0.734,5111,0.121,lasvegas
32003,2/1/26,3132,0.748,4186,0.101,lasvegas
47157,1/1/20,2504,0.965,2593.5,0.179,memphis
47157,2/1/20,2147,0.815,2633,0.153,memphis
47157,3/1/20,1228,0.597,2057.5,0.088,memphis
47157,4/1/20,353,0.16,2202,0.025,memphis
47157,5/1/20,667,0.259,2574,0.048,memphis
47157,6/1/20,1048,0.402,2604.5,0.075,memphis
47157,7/1/20,1189,0.435,2733,0.085,memphis
47157,8/1/20,1205,0.44,2737,0.086,memphis
47157,9/1/20,1452,0.523,2774,0.104,memphis
47157,10/1/20,1626,0.599,2715,0.116,memphis
47157,11/1/20,1379,0.586,2355,0.098,memphis
47157,12/1/20,1409,0.725,1943.5,0.101,memphis
47157,1/1/21,822,0.317,2593.5,0.059,memphis
47157,2/1/21,673,0.259,2596,0.048,memphis
47157,3/1/21,1417,0.689,2057.5,0.101,memphis
47157,4/1/21,1312,0.596,2202,0.094,memphis
47157,5/1/21,1146,0.445,2574,0.082,memphis
47157,6/1/21,1279,0.491,2604.5,0.091,memphis
47157,7/1/21,1254,0.459,2733,0.089,memphis
47157,8/1/21,1496,0.547,2737,0.107,memphis
47157,9/1/21,1799,0.649,2774,0.128,memphis
47157,10/1/21,1717,0.632,2715,0.122,memphis
47157,11/1/21,1522,0.646,2355,0.109,memphis
47157,12/1/21,1601,0.824,1943.5,0.114,memphis
47157,1/1/22,1986,0.766,2593.5,0.142,memphis
47157,2/1/22,1777,0.685,2596,0.127,memphis
47157,3/1/22,1911,0.929,2057.5,0.136,memphis
47157,4/1/22,1719,0.781,2202,0.123,memphis
47157,5/1/22,2193,0.852,2574,0.156,memphis
47157,6/1/22,2379,0.913,2604.5,0.17,memphis
47157,7/1/22,2584,0.945,2733,0.184,memphis
47157,8/1/22,2558,0.935,2737,0.182,memphis
47157,9/1/22,2564,0.924,2774,0.183,memphis
47157,10/1/22,2683,0.988,2715,0.191,memphis
47157,11/1/22,2462,1.045,2355,0.176,memphis
47157,12/1/22,2302,1.184,1943.5,0.164,memphis
47157,1/1/23,2715,1.047,2593.5,0.194,memphis
47157,2/1/23,2634,1.015,2596,0.188,memphis
47157,3/1/23,2279,1.108,2057.5,0.163,memphis
47157,4/1/23,2073,0.941,2202,0.148,memphis
47157,5/1/23,2511,0.976,2574,0.179,memphis
47157,6/1/23,2728,1.047,2604.5,0.195,memphis
47157,7/1/23,2499,0.914,2733,0.178,memphis
47157,8/1/23,2801,1.023,2737,0.2,memphis
47157,9/1/23,2757,0.994,2774,0.197,memphis
47157,10/1/23,3040,1.12,2715,0.217,memphis
47157,11/1/23,2486,1.056,2355,0.177,memphis
47157,12/1/23,2119,1.09,1943.5,0.151,memphis
47157,1/1/24,2472,0.953,2593.5,0.176,memphis
47157,2/1/24,2632,1,2633,0.188,memphis
47157,3/1/24,1836,0.892,2057.5,0.131,memphis
47157,4/1/24,2428,1.103,2202,0.173,memphis
47157,5/1/24,2637,1.024,2574,0.188,memphis
47157,6/1/24,2481,0.953,2604.5,0.177,memphis
47157,7/1/24,2967,1.086,2733,0.212,memphis
47157,8/1/24,2674,0.977,2737,0.191,memphis
47157,9/1/24,2791,1.006,2774,0.199,memphis
47157,10/1/24,2547,0.938,2715,0.182,memphis
47157,11/1/24,2224,0.944,2355,0.159,memphis
47157,12/1/24,1850,0.952,1943.5,0.132,memphis
47157,1/1/25,1738,0.67,2593.5,0.124,memphis
47157,2/1/25,2108,0.812,2596,0.15,memphis
47157,3/1/25,1592,0.774,2057.5,0.114,memphis
47157,4/1/25,1577,0.716,2202,0.112,memphis
47157,5/1/25,1858,0.722,2574,0.133,memphis
47157,6/1/25,2136,0.82,2604.5,0.152,memphis
47157,7/1/25,2609,0.955,2733,0.186,memphis
47157,8/1/25,1943,0.71,2737,0.139,memphis
47157,9/1/25,2045,0.737,2774,0.146,memphis
47157,10/1/25,1984,0.731,2715,0.142,memphis
47157,11/1/25,1367,0.58,2355,0.098,memphis
47157,12/1/25,1201,0.618,1943.5,0.086,memphis
47157,1/1/26,891,0.344,2593.5,0.064,memphis
12086,1/1/20,1497,0.78,1918.5,0.04,miami
12086,2/1/20,1252,0.784,1597.5,0.033,miami
12086,3/1/20,730,0.46,1585.5,0.019,miami
12086,4/1/20,118,0.083,1426,0.003,miami
12086,5/1/20,185,0.124,1496,0.005,miami
12086,6/1/20,239,0.152,1574.5,0.006,miami
12086,7/1/20,186,0.107,1734,0.005,miami
12086,8/1/20,1094,0.643,1701.5,0.029,miami
12086,9/1/20,1200,0.759,1580,0.032,miami
12086,10/1/20,700,0.45,1554.5,0.019,miami
12086,11/1/20,100,0.071,1410,0.003,miami
12086,12/1/20,382,0.262,1457,0.01,miami
12086,1/1/21,905,0.472,1918.5,0.024,miami
12086,2/1/21,877,0.558,1570.5,0.023,miami
12086,3/1/21,835,0.527,1585.5,0.022,miami
12086,4/1/21,882,0.619,1426,0.023,miami
12086,5/1/21,785,0.525,1496,0.021,miami
12086,6/1/21,1048,0.666,1574.5,0.028,miami
12086,7/1/21,1077,0.621,1734,0.029,miami
12086,8/1/21,1121,0.659,1701.5,0.03,miami
12086,9/1/21,1244,0.787,1580,0.033,miami
12086,10/1/21,1296,0.834,1554.5,0.034,miami
12086,11/1/21,1309,0.928,1410,0.035,miami
12086,12/1/21,1404,0.964,1457,0.037,miami
12086,1/1/22,1463,0.763,1918.5,0.039,miami
12086,2/1/22,1381,0.879,1570.5,0.037,miami
12086,3/1/22,1580,0.997,1585.5,0.042,miami
12086,4/1/22,1374,0.964,1426,0.036,miami
12086,5/1/22,1481,0.99,1496,0.039,miami
12086,6/1/22,1548,0.983,1574.5,0.041,miami
12086,7/1/22,1640,0.946,1734,0.043,miami
12086,8/1/22,1915,1.125,1701.5,0.051,miami
12086,9/1/22,1730,1.095,1580,0.046,miami
12086,10/1/22,1739,1.119,1554.5,0.046,miami
12086,11/1/22,1493,1.059,1410,0.04,miami
12086,12/1/22,1754,1.204,1457,0.046,miami
12086,1/1/23,1790,0.933,1918.5,0.047,miami
12086,2/1/23,1518,0.967,1570.5,0.04,miami
12086,3/1/23,1668,1.052,1585.5,0.044,miami
12086,4/1/23,1346,0.944,1426,0.036,miami
12086,5/1/23,1361,0.91,1496,0.036,miami
12086,6/1/23,1646,1.045,1574.5,0.044,miami
12086,7/1/23,1572,0.907,1734,0.042,miami
12086,8/1/23,1652,0.971,1701.5,0.044,miami
12086,9/1/23,1531,0.969,1580,0.041,miami
12086,10/1/23,1550,0.997,1554.5,0.041,miami
12086,11/1/23,1365,0.968,1410,0.036,miami
12086,12/1/23,1442,0.99,1457,0.038,miami
12086,1/1/24,1833,0.955,1918.5,0.049,miami
12086,2/1/24,1479,0.926,1597.5,0.039,miami
12086,3/1/24,1298,0.819,1585.5,0.034,miami
12086,4/1/24,1275,0.894,1426,0.034,miami
12086,5/1/24,1384,0.925,1496,0.037,miami
12086,6/1/24,1304,0.828,1574.5,0.035,miami
12086,7/1/24,1668,0.962,1734,0.044,miami
12086,8/1/24,1536,0.903,1701.5,0.041,miami
12086,9/1/24,1422,0.9,1580,0.038,miami
12086,10/1/24,1367,0.879,1554.5,0.036,miami
12086,11/1/24,1266,0.898,1410,0.034,miami
12086,12/1/24,1292,0.887,1457,0.034,miami
12086,1/1/25,1416,0.738,1918.5,0.037,miami
12086,2/1/25,1282,0.816,1570.5,0.034,miami
12086,3/1/25,1214,0.766,1585.5,0.032,miami
12086,4/1/25,1156,0.811,1426,0.031,miami
12086,5/1/25,1420,0.949,1496,0.038,miami
12086,6/1/25,1261,0.801,1574.5,0.033,miami
12086,7/1/25,1419,0.818,1734,0.038,miami
12086,8/1/25,1245,0.732,1701.5,0.033,miami
12086,9/1/25,1401,0.887,1580,0.037,miami
12086,10/1/25,1493,0.96,1554.5,0.04,miami
12086,11/1/25,1194,0.847,1410,0.032,miami
12086,12/1/25,1352,0.928,1457,0.036,miami
55079,1/1/20,1316,1.006,1308,0.084,milwaukee
55079,2/1/20,1064,1.062,1002,0.068,milwaukee
55079,3/1/20,430,0.435,989,0.027,milwaukee
55079,4/1/20,15,0.014,1102.5,0.001,milwaukee
55079,5/1/20,66,0.055,1195.5,0.004,milwaukee
55079,6/1/20,1460,1.188,1229,0.093,milwaukee
55079,7/1/20,1364,1.042,1309.5,0.087,milwaukee
55079,8/1/20,847,0.652,1299.5,0.054,milwaukee
55079,9/1/20,509,0.521,977.5,0.032,milwaukee
55079,10/1/20,632,0.546,1158.5,0.04,milwaukee
55079,11/1/20,523,0.578,905.5,0.033,milwaukee
55079,12/1/20,692,0.807,858,0.044,milwaukee
55079,1/1/21,586,0.448,1308,0.037,milwaukee
55079,2/1/21,578,0.583,992,0.037,milwaukee
55079,3/1/21,564,0.57,989,0.036,milwaukee
55079,4/1/21,451,0.409,1102.5,0.029,milwaukee
55079,5/1/21,482,0.403,1195.5,0.031,milwaukee
55079,6/1/21,592,0.482,1229,0.038,milwaukee
55079,7/1/21,618,0.472,1309.5,0.039,milwaukee
55079,8/1/21,626,0.482,1299.5,0.04,milwaukee
55079,9/1/21,895,0.916,977.5,0.057,milwaukee
55079,10/1/21,961,0.83,1158.5,0.061,milwaukee
55079,11/1/21,766,0.846,905.5,0.049,milwaukee
55079,12/1/21,965,1.125,858,0.062,milwaukee
55079,1/1/22,1342,1.026,1308,0.086,milwaukee
55079,2/1/22,1489,1.501,992,0.095,milwaukee
55079,3/1/22,1106,1.118,989,0.071,milwaukee
55079,4/1/22,1047,0.95,1102.5,0.067,milwaukee
55079,5/1/22,1138,0.952,1195.5,0.073,milwaukee
55079,6/1/22,1171,0.953,1229,0.075,milwaukee
55079,7/1/22,1019,0.778,1309.5,0.065,milwaukee
55079,8/1/22,1237,0.952,1299.5,0.079,milwaukee
55079,9/1/22,1121,1.147,977.5,0.072,milwaukee
55079,10/1/22,1081,0.933,1158.5,0.069,milwaukee
55079,11/1/22,1028,1.135,905.5,0.066,milwaukee
55079,12/1/22,1023,1.192,858,0.065,milwaukee
55079,1/1/23,1328,1.015,1308,0.085,milwaukee
55079,2/1/23,858,0.865,992,0.055,milwaukee
55079,3/1/23,1000,1.011,989,0.064,milwaukee
55079,4/1/23,964,0.874,1102.5,0.061,milwaukee
55079,5/1/23,1165,0.974,1195.5,0.074,milwaukee
55079,6/1/23,1179,0.959,1229,0.075,milwaukee
55079,7/1/23,1347,1.029,1309.5,0.086,milwaukee
55079,8/1/23,1348,1.037,1299.5,0.086,milwaukee
55079,9/1/23,1096,1.121,977.5,0.07,milwaukee
55079,10/1/23,1371,1.183,1158.5,0.087,milwaukee
55079,11/1/23,1141,1.26,905.5,0.073,milwaukee
55079,12/1/23,1083,1.262,858,0.069,milwaukee
55079,1/1/24,1293,0.989,1308,0.082,milwaukee
55079,2/1/24,1149,1.147,1002,0.073,milwaukee
55079,3/1/24,978,0.989,989,0.062,milwaukee
55079,4/1/24,1242,1.127,1102.5,0.079,milwaukee
55079,5/1/24,1227,1.026,1195.5,0.078,milwaukee
55079,6/1/24,1280,1.041,1229,0.082,milwaukee
55079,7/1/24,1273,0.972,1309.5,0.081,milwaukee
55079,8/1/24,1254,0.965,1299.5,0.08,milwaukee
55079,9/1/24,861,0.881,977.5,0.055,milwaukee
55079,10/1/24,947,0.817,1158.5,0.06,milwaukee
55079,11/1/24,673,0.743,905.5,0.043,milwaukee
55079,12/1/24,708,0.825,858,0.045,milwaukee
55079,1/1/25,857,0.655,1308,0.055,milwaukee
55079,2/1/25,654,0.659,992,0.042,milwaukee
55079,3/1/25,664,0.671,989,0.042,milwaukee
55079,4/1/25,1057,0.959,1102.5,0.067,milwaukee
55079,5/1/25,1079,0.903,1195.5,0.069,milwaukee
55079,6/1/25,1283,1.044,1229,0.082,milwaukee
55079,7/1/25,1283,0.98,1309.5,0.082,milwaukee
55079,8/1/25,1351,1.04,1299.5,0.086,milwaukee
55079,9/1/25,1254,1.283,977.5,0.08,milwaukee
55079,10/1/25,936,0.808,1158.5,0.06,milwaukee
55079,11/1/25,797,0.88,905.5,0.051,milwaukee
55079,12/1/25,775,0.903,858,0.049,milwaukee
55079,1/1/26,1174,0.898,1308,0.075,milwaukee
55079,2/1/26,918,0.925,992,0.059,milwaukee
27053,1/1/20,702,0.739,950.5,0.028,minneapolis
27053,2/1/20,536,0.477,1124.5,0.021,minneapolis
27053,3/1/20,299,0.256,1169,0.012,minneapolis
27053,4/1/20,23,0.024,971.5,0.001,minneapolis
27053,5/1/20,17,0.014,1191.5,0.001,minneapolis
27053,6/1/20,32,0.032,1009.5,0.001,minneapolis
27053,7/1/20,36,0.033,1087.5,0.001,minneapolis
27053,8/1/20,41,0.036,1150.5,0.002,minneapolis
27053,9/1/20,46,0.041,1108.5,0.002,minneapolis
27053,10/1/20,61,0.055,1118.5,0.002,minneapolis
27053,11/1/20,75,0.074,1013.5,0.003,minneapolis
27053,12/1/20,61,0.05,1228.5,0.002,minneapolis
27053,1/1/21,69,0.073,950.5,0.003,minneapolis
27053,2/1/21,68,0.063,1082.5,0.003,minneapolis
27053,3/1/21,77,0.066,1169,0.003,minneapolis
27053,4/1/21,75,0.077,971.5,0.003,minneapolis
27053,5/1/21,66,0.055,1191.5,0.003,minneapolis
27053,6/1/21,66,0.065,1009.5,0.003,minneapolis
27053,7/1/21,178,0.164,1087.5,0.007,minneapolis
27053,8/1/21,247,0.215,1150.5,0.01,minneapolis
27053,9/1/21,306,0.276,1108.5,0.012,minneapolis
27053,10/1/21,386,0.345,1118.5,0.015,minneapolis
27053,11/1/21,320,0.316,1013.5,0.013,minneapolis
27053,12/1/21,408,0.332,1228.5,0.016,minneapolis
27053,1/1/22,398,0.419,950.5,0.016,minneapolis
27053,2/1/22,536,0.495,1082.5,0.021,minneapolis
27053,3/1/22,774,0.662,1169,0.031,minneapolis
27053,4/1/22,973,1.002,971.5,0.039,minneapolis
27053,5/1/22,897,0.753,1191.5,0.036,minneapolis
27053,6/1/22,1455,1.441,1009.5,0.058,minneapolis
27053,7/1/22,1335,1.228,1087.5,0.053,minneapolis
27053,8/1/22,1177,1.023,1150.5,0.047,minneapolis
27053,9/1/22,1006,0.908,1108.5,0.04,minneapolis
27053,10/1/22,1071,0.958,1118.5,0.043,minneapolis
27053,11/1/22,903,0.891,1013.5,0.036,minneapolis
27053,12/1/22,1183,0.963,1228.5,0.047,minneapolis
27053,1/1/23,1310,1.378,950.5,0.052,minneapolis
27053,2/1/23,1270,1.173,1082.5,0.051,minneapolis
27053,3/1/23,1298,1.11,1169,0.052,minneapolis
27053,4/1/23,1090,1.122,971.5,0.044,minneapolis
27053,5/1/23,1361,1.142,1191.5,0.054,minneapolis
27053,6/1/23,1192,1.181,1009.5,0.048,minneapolis
27053,7/1/23,1131,1.04,1087.5,0.045,minneapolis
27053,8/1/23,1192,1.036,1150.5,0.048,minneapolis
27053,9/1/23,1097,0.99,1108.5,0.044,minneapolis
27053,10/1/23,1183,1.058,1118.5,0.047,minneapolis
27053,11/1/23,895,0.883,1013.5,0.036,minneapolis
27053,12/1/23,1166,0.949,1228.5,0.047,minneapolis
27053,1/1/24,591,0.622,950.5,0.024,minneapolis
27053,2/1/24,979,0.871,1124.5,0.039,minneapolis
27053,3/1/24,1040,0.89,1169,0.042,minneapolis
27053,4/1/24,853,0.878,971.5,0.034,minneapolis
27053,5/1/24,1022,0.858,1191.5,0.041,minneapolis
27053,6/1/24,827,0.819,1009.5,0.033,minneapolis
27053,7/1/24,1045,0.961,1087.5,0.042,minneapolis
27053,8/1/24,1110,0.965,1150.5,0.044,minneapolis
27053,9/1/24,1120,1.01,1108.5,0.045,minneapolis
27053,10/1/24,1054,0.942,1118.5,0.042,minneapolis
27053,11/1/24,1132,1.117,1013.5,0.045,minneapolis
27053,12/1/24,1292,1.052,1228.5,0.052,minneapolis
27053,1/1/25,1355,1.426,950.5,0.054,minneapolis
27053,2/1/25,1213,1.121,1082.5,0.048,minneapolis
27053,3/1/25,835,0.714,1169,0.033,minneapolis
27053,4/1/25,933,0.96,971.5,0.037,minneapolis
27053,5/1/25,884,0.742,1191.5,0.035,minneapolis
27053,6/1/25,905,0.896,1009.5,0.036,minneapolis
27053,7/1/25,1309,1.204,1087.5,0.052,minneapolis
27053,8/1/25,1027,0.893,1150.5,0.041,minneapolis
27053,9/1/25,1206,1.088,1108.5,0.048,minneapolis
27053,10/1/25,1281,1.145,1118.5,0.051,minneapolis
27053,11/1/25,1208,1.192,1013.5,0.048,minneapolis
27053,12/1/25,1221,0.994,1228.5,0.049,minneapolis
27053,1/1/26,1365,1.436,950.5,0.055,minneapolis
27053,2/1/26,1220,1.127,1082.5,0.049,minneapolis
27,1/1/20,1563,0.889,1758,0.029,minnesota
27,2/1/20,1310,0.664,1973,0.024,minnesota
27,3/1/20,719,0.351,2047.5,0.013,minnesota
27,4/1/20,62,0.033,1875,0.001,minnesota
27,5/1/20,49,0.024,2066.5,0.001,minnesota
27,6/1/20,94,0.05,1885.5,0.002,minnesota
27,7/1/20,102,0.054,1896.5,0.002,minnesota
27,8/1/20,110,0.053,2064.5,0.002,minnesota
27,9/1/20,131,0.067,1965.5,0.002,minnesota
27,10/1/20,165,0.082,2023.5,0.003,minnesota
27,11/1/20,151,0.084,1801.5,0.003,minnesota
27,12/1/20,169,0.081,2086.5,0.003,minnesota
27,1/1/21,176,0.1,1758,0.003,minnesota
27,2/1/21,177,0.093,1897.5,0.003,minnesota
27,3/1/21,190,0.093,2047.5,0.003,minnesota
27,4/1/21,180,0.096,1875,0.003,minnesota
27,5/1/21,173,0.084,2066.5,0.003,minnesota
27,6/1/21,184,0.098,1885.5,0.003,minnesota
27,7/1/21,395,0.208,1896.5,0.007,minnesota
27,8/1/21,628,0.304,2064.5,0.011,minnesota
27,9/1/21,813,0.414,1965.5,0.015,minnesota
27,10/1/21,1036,0.512,2023.5,0.019,minnesota
27,11/1/21,893,0.496,1801.5,0.016,minnesota
27,12/1/21,904,0.433,2086.5,0.017,minnesota
27,1/1/22,1043,0.593,1758,0.019,minnesota
27,2/1/22,1230,0.648,1897.5,0.022,minnesota
27,3/1/22,1697,0.829,2047.5,0.031,minnesota
27,4/1/22,2007,1.07,1875,0.037,minnesota
27,5/1/22,1932,0.935,2066.5,0.035,minnesota
27,6/1/22,2673,1.418,1885.5,0.049,minnesota
27,7/1/22,2527,1.332,1896.5,0.046,minnesota
27,8/1/22,2264,1.097,2064.5,0.041,minnesota
27,9/1/22,2095,1.066,1965.5,0.038,minnesota
27,10/1/22,2171,1.073,2023.5,0.04,minnesota
27,11/1/22,1723,0.956,1801.5,0.031,minnesota
27,12/1/22,2122,1.017,2086.5,0.039,minnesota
27,1/1/23,2423,1.378,1758,0.044,minnesota
27,2/1/23,2190,1.154,1897.5,0.04,minnesota
27,3/1/23,2267,1.107,2047.5,0.041,minnesota
27,4/1/23,2129,1.135,1875,0.039,minnesota
27,5/1/23,2406,1.164,2066.5,0.044,minnesota
27,6/1/23,2249,1.193,1885.5,0.041,minnesota
27,7/1/23,1969,1.038,1896.5,0.036,minnesota
27,8/1/23,2067,1.001,2064.5,0.038,minnesota
27,9/1/23,2000,1.018,1965.5,0.037,minnesota
27,10/1/23,2140,1.058,2023.5,0.039,minnesota
27,11/1/23,1695,0.941,1801.5,0.031,minnesota
27,12/1/23,2018,0.967,2086.5,0.037,minnesota
27,1/1/24,1092,0.621,1758,0.02,minnesota
27,2/1/24,1756,0.89,1973,0.032,minnesota
27,3/1/24,1828,0.893,2047.5,0.033,minnesota
27,4/1/24,1621,0.865,1875,0.03,minnesota
27,5/1/24,1727,0.836,2066.5,0.032,minnesota
27,6/1/24,1521,0.807,1885.5,0.028,minnesota
27,7/1/24,1824,0.962,1896.5,0.033,minnesota
27,8/1/24,2062,0.999,2064.5,0.038,minnesota
27,9/1/24,1932,0.983,1965.5,0.035,minnesota
27,10/1/24,1906,0.942,2023.5,0.035,minnesota
27,11/1/24,1909,1.06,1801.5,0.035,minnesota
27,12/1/24,2156,1.033,2086.5,0.039,minnesota
27,1/1/25,2446,1.391,1758,0.045,minnesota
27,2/1/25,2085,1.099,1897.5,0.038,minnesota
27,3/1/25,1566,0.765,2047.5,0.029,minnesota
27,4/1/25,1682,0.897,1875,0.031,minnesota
27,5/1/25,1507,0.729,2066.5,0.028,minnesota
27,6/1/25,1631,0.865,1885.5,0.03,minnesota
27,7/1/25,2298,1.212,1896.5,0.042,minnesota
27,8/1/25,1921,0.93,2064.5,0.035,minnesota
27,9/1/25,2189,1.114,1965.5,0.04,minnesota
27,10/1/25,2194,1.084,2023.5,0.04,minnesota
27,11/1/25,1992,1.106,1801.5,0.036,minnesota
27,12/1/25,2111,1.012,2086.5,0.039,minnesota
27,1/1/26,2348,1.336,1758,0.043,minnesota
27,2/1/26,2100,1.107,1897.5,0.038,minnesota
29,1/1/20,3997,1.184,3375.5,0.06,missouri
29,2/1/20,3339,0.994,3359.5,0.05,missouri
29,3/1/20,2390,0.769,3109,0.036,missouri
29,4/1/20,777,0.273,2845,0.012,missouri
29,5/1/20,1129,0.376,3006.5,0.017,missouri
29,6/1/20,1667,0.504,3310,0.025,missouri
29,7/1/20,2302,0.733,3138.5,0.035,missouri
29,8/1/20,2491,0.731,3409,0.037,missouri
29,9/1/20,2399,0.938,2557.5,0.036,missouri
29,10/1/20,2434,0.702,3467,0.037,missouri
29,11/1/20,2101,0.708,2969,0.032,missouri
29,12/1/20,2645,1.082,2444.5,0.04,missouri
29,1/1/21,2045,0.606,3375.5,0.031,missouri
29,2/1/21,1698,0.514,3303.5,0.026,missouri
29,3/1/21,2247,0.723,3109,0.034,missouri
29,4/1/21,1663,0.585,2845,0.025,missouri
29,5/1/21,2052,0.683,3006.5,0.031,missouri
29,6/1/21,2657,0.803,3310,0.04,missouri
29,7/1/21,2553,0.813,3138.5,0.038,missouri
29,8/1/21,2669,0.783,3409,0.04,missouri
29,9/1/21,3074,1.202,2557.5,0.046,missouri
29,10/1/21,3167,0.913,3467,0.048,missouri
29,11/1/21,2640,0.889,2969,0.04,missouri
29,12/1/21,2640,1.08,2444.5,0.04,missouri
29,1/1/22,3288,0.974,3375.5,0.049,missouri
29,2/1/22,2806,0.849,3303.5,0.042,missouri
29,3/1/22,3383,1.088,3109,0.051,missouri
29,4/1/22,3065,1.077,2845,0.046,missouri
29,5/1/22,3101,1.031,3006.5,0.047,missouri
29,6/1/22,3402,1.028,3310,0.051,missouri
29,7/1/22,3723,1.186,3138.5,0.056,missouri
29,8/1/22,4151,1.218,3409,0.062,missouri
29,9/1/22,3596,1.406,2557.5,0.054,missouri
29,10/1/22,4196,1.21,3467,0.063,missouri
29,11/1/22,3563,1.2,2969,0.054,missouri
29,12/1/22,3516,1.438,2444.5,0.053,missouri
29,1/1/23,3760,1.114,3375.5,0.057,missouri
29,2/1/23,4006,1.213,3303.5,0.06,missouri
29,3/1/23,4213,1.355,3109,0.063,missouri
29,4/1/23,3865,1.359,2845,0.058,missouri
29,5/1/23,4308,1.433,3006.5,0.065,missouri
29,6/1/23,4368,1.32,3310,0.066,missouri
29,7/1/23,4066,1.296,3138.5,0.061,missouri
29,8/1/23,4271,1.253,3409,0.064,missouri
29,9/1/23,4134,1.616,2557.5,0.062,missouri
29,10/1/23,4557,1.314,3467,0.069,missouri
29,11/1/23,3861,1.3,2969,0.058,missouri
29,12/1/23,3321,1.359,2444.5,0.05,missouri
29,1/1/24,4075,1.207,3375.5,0.061,missouri
29,2/1/24,3910,1.164,3359.5,0.059,missouri
29,3/1/24,3375,1.086,3109,0.051,missouri
29,4/1/24,3563,1.252,2845,0.054,missouri
29,5/1/24,3991,1.327,3006.5,0.06,missouri
29,6/1/24,3667,1.108,3310,0.055,missouri
29,7/1/24,4247,1.353,3138.5,0.064,missouri
29,8/1/24,4204,1.233,3409,0.063,missouri
29,9/1/24,3903,1.526,2557.5,0.059,missouri
29,10/1/24,3988,1.15,3467,0.06,missouri
29,11/1/24,3506,1.181,2969,0.053,missouri
29,12/1/24,3675,1.503,2444.5,0.055,missouri
29,1/1/25,4255,1.261,3375.5,0.064,missouri
29,2/1/25,3552,1.075,3303.5,0.053,missouri
29,3/1/25,3234,1.04,3109,0.049,missouri
29,4/1/25,3700,1.301,2845,0.056,missouri
29,5/1/25,3658,1.217,3006.5,0.055,missouri
29,6/1/25,3488,1.054,3310,0.052,missouri
29,7/1/25,4442,1.415,3138.5,0.067,missouri
29,8/1/25,3869,1.135,3409,0.058,missouri
29,9/1/25,3990,1.56,2557.5,0.06,missouri
29,10/1/25,3771,1.088,3467,0.057,missouri
29,11/1/25,3265,1.1,2969,0.049,missouri
29,12/1/25,3493,1.429,2444.5,0.053,missouri
29,1/1/26,3667,1.086,3375.5,0.055,missouri
29,2/1/26,3571,1.081,3303.5,0.054,missouri
47037,1/1/20,1144,0.875,1307.5,0.085,nashville
47037,2/1/20,930,0.748,1242.5,0.069,nashville
47037,3/1/20,613,0.613,1000,0.046,nashville
47037,4/1/20,108,0.106,1021,0.008,nashville
47037,5/1/20,132,0.11,1196.5,0.01,nashville
47037,6/1/20,351,0.305,1149,0.026,nashville
47037,7/1/20,234,0.198,1182,0.017,nashville
47037,8/1/20,319,0.255,1249.5,0.024,nashville
47037,9/1/20,643,0.577,1114.5,0.048,nashville
47037,10/1/20,569,0.446,1276,0.042,nashville
47037,11/1/20,409,0.351,1164,0.03,nashville
47037,12/1/20,705,0.631,1118,0.052,nashville
47037,1/1/21,616,0.471,1307.5,0.046,nashville
47037,2/1/21,420,0.345,1218.5,0.031,nashville
47037,3/1/21,569,0.569,1000,0.042,nashville
47037,4/1/21,411,0.403,1021,0.031,nashville
47037,5/1/21,420,0.351,1196.5,0.031,nashville
47037,6/1/21,669,0.582,1149,0.05,nashville
47037,7/1/21,628,0.531,1182,0.047,nashville
47037,8/1/21,667,0.534,1249.5,0.05,nashville
47037,9/1/21,719,0.645,1114.5,0.054,nashville
47037,10/1/21,705,0.553,1276,0.052,nashville
47037,11/1/21,641,0.551,1164,0.048,nashville
47037,12/1/21,740,0.662,1118,0.055,nashville
47037,1/1/22,756,0.578,1307.5,0.056,nashville
47037,2/1/22,1090,0.895,1218.5,0.081,nashville
47037,3/1/22,1001,1.001,1000,0.074,nashville
47037,4/1/22,775,0.759,1021,0.058,nashville
47037,5/1/22,851,0.711,1196.5,0.063,nashville
47037,6/1/22,868,0.755,1149,0.065,nashville
47037,7/1/22,1065,0.901,1182,0.079,nashville
47037,8/1/22,1212,0.97,1249.5,0.09,nashville
47037,9/1/22,1118,1.003,1114.5,0.083,nashville
47037,10/1/22,1077,0.844,1276,0.08,nashville
47037,11/1/22,826,0.71,1164,0.061,nashville
47037,12/1/22,1153,1.031,1118,0.086,nashville
47037,1/1/23,1308,1,1307.5,0.097,nashville
47037,2/1/23,1005,0.825,1218.5,0.075,nashville
47037,3/1/23,1058,1.058,1000,0.079,nashville
47037,4/1/23,1020,0.999,1021,0.076,nashville
47037,5/1/23,1283,1.072,1196.5,0.095,nashville
47037,6/1/23,1099,0.956,1149,0.082,nashville
47037,7/1/23,1154,0.976,1182,0.086,nashville
47037,8/1/23,1225,0.98,1249.5,0.091,nashville
47037,9/1/23,1152,1.034,1114.5,0.086,nashville
47037,10/1/23,1172,0.918,1276,0.087,nashville
47037,11/1/23,1169,1.004,1164,0.087,nashville
47037,12/1/23,1001,0.895,1118,0.074,nashville
47037,1/1/24,1307,1,1307.5,0.097,nashville
47037,2/1/24,1480,1.191,1242.5,0.11,nashville
47037,3/1/24,942,0.942,1000,0.07,nashville
47037,4/1/24,1022,1.001,1021,0.076,nashville
47037,5/1/24,1111,0.929,1196.5,0.083,nashville
47037,6/1/24,1200,1.044,1149,0.089,nashville
47037,7/1/24,1211,1.025,1182,0.09,nashville
47037,8/1/24,1274,1.02,1249.5,0.095,nashville
47037,9/1/24,1078,0.967,1114.5,0.08,nashville
47037,10/1/24,1383,1.084,1276,0.103,nashville
47037,11/1/24,1163,0.999,1164,0.087,nashville
47037,12/1/24,1235,1.105,1118,0.092,nashville
47037,1/1/25,1332,1.019,1307.5,0.099,nashville
47037,2/1/25,1205,0.989,1218.5,0.09,nashville
47037,3/1/25,1479,1.479,1000,0.11,nashville
47037,4/1/25,997,0.976,1021,0.074,nashville
47037,5/1/25,1213,1.014,1196.5,0.09,nashville
47037,6/1/25,1156,1.006,1149,0.086,nashville
47037,7/1/25,1364,1.154,1182,0.102,nashville
47037,8/1/25,1201,0.961,1249.5,0.089,nashville
47037,9/1/25,1181,1.06,1114.5,0.088,nashville
47037,10/1/25,1282,1.005,1276,0.095,nashville
47037,11/1/25,1046,0.899,1164,0.078,nashville
47037,12/1/25,1160,1.038,1118,0.086,nashville
47037,1/1/26,1304,0.997,1307.5,0.097,nashville
47037,2/1/26,1210,0.993,1218.5,0.09,nashville
35,1/1/20,1544,1.216,1269.5,0.07,newmexico
35,2/1/20,1266,1.093,1158,0.058,newmexico
35,3/1/20,1021,0.912,1120,0.047,newmexico
35,4/1/20,436,0.391,1114,0.02,newmexico
35,5/1/20,448,0.353,1267.5,0.02,newmexico
35,6/1/20,537,0.425,1264,0.024,newmexico
35,7/1/20,576,0.458,1257,0.026,newmexico
35,8/1/20,758,0.528,1436.5,0.035,newmexico
35,9/1/20,662,0.52,1274,0.03,newmexico
35,10/1/20,706,0.532,1326.5,0.032,newmexico
35,11/1/20,660,0.591,1116,0.03,newmexico
35,12/1/20,417,0.347,1202,0.019,newmexico
35,1/1/21,908,0.715,1269.5,0.041,newmexico
35,2/1/21,675,0.587,1149.5,0.031,newmexico
35,3/1/21,699,0.624,1120,0.032,newmexico
35,4/1/21,576,0.517,1114,0.026,newmexico
35,5/1/21,739,0.583,1267.5,0.034,newmexico
35,6/1/21,878,0.695,1264,0.04,newmexico
35,7/1/21,823,0.655,1257,0.038,newmexico
35,8/1/21,791,0.551,1436.5,0.036,newmexico
35,9/1/21,778,0.611,1274,0.035,newmexico
35,10/1/21,822,0.62,1326.5,0.037,newmexico
35,11/1/21,791,0.709,1116,0.036,newmexico
35,12/1/21,704,0.586,1202,0.032,newmexico
35,1/1/22,875,0.689,1269.5,0.04,newmexico
35,2/1/22,941,0.819,1149.5,0.043,newmexico
35,3/1/22,938,0.838,1120,0.043,newmexico
35,4/1/22,897,0.805,1114,0.041,newmexico
35,5/1/22,1068,0.843,1267.5,0.049,newmexico
35,6/1/22,1045,0.827,1264,0.048,newmexico
35,7/1/22,1085,0.863,1257,0.049,newmexico
35,8/1/22,1236,0.86,1436.5,0.056,newmexico
35,9/1/22,1024,0.804,1274,0.047,newmexico
35,10/1/22,1072,0.808,1326.5,0.049,newmexico
35,11/1/22,1059,0.949,1116,0.048,newmexico
35,12/1/22,973,0.809,1202,0.044,newmexico
35,1/1/23,1317,1.037,1269.5,0.06,newmexico
35,2/1/23,1206,1.049,1149.5,0.055,newmexico
35,3/1/23,1278,1.141,1120,0.058,newmexico
35,4/1/23,1189,1.067,1114,0.054,newmexico
35,5/1/23,1392,1.098,1267.5,0.063,newmexico
35,6/1/23,1349,1.067,1264,0.062,newmexico
35,7/1/23,1274,1.014,1257,0.058,newmexico
35,8/1/23,1498,1.043,1436.5,0.068,newmexico
35,9/1/23,1296,1.017,1274,0.059,newmexico
35,10/1/23,1389,1.047,1326.5,0.063,newmexico
35,11/1/23,1118,1.002,1116,0.051,newmexico
35,12/1/23,1259,1.047,1202,0.057,newmexico
35,1/1/24,1222,0.963,1269.5,0.056,newmexico
35,2/1/24,1110,0.959,1158,0.051,newmexico
35,3/1/24,962,0.859,1120,0.044,newmexico
35,4/1/24,1039,0.933,1114,0.047,newmexico
35,5/1/24,1143,0.902,1267.5,0.052,newmexico
35,6/1/24,1179,0.933,1264,0.054,newmexico
35,7/1/24,1240,0.986,1257,0.057,newmexico
35,8/1/24,1375,0.957,1436.5,0.063,newmexico
35,9/1/24,1252,0.983,1274,0.057,newmexico
35,10/1/24,1265,0.954,1326.5,0.058,newmexico
35,11/1/24,1114,0.998,1116,0.051,newmexico
35,12/1/24,1145,0.953,1202,0.052,newmexico
35,1/1/25,1283,1.011,1269.5,0.059,newmexico
35,2/1/25,1009,0.878,1149.5,0.046,newmexico
35,3/1/25,958,0.855,1120,0.044,newmexico
35,4/1/25,1015,0.911,1114,0.046,newmexico
35,5/1/25,966,0.762,1267.5,0.044,newmexico
35,6/1/25,1010,0.799,1264,0.046,newmexico
35,7/1/25,1100,0.875,1257,0.05,newmexico
35,8/1/25,1078,0.75,1436.5,0.049,newmexico
35,9/1/25,1219,0.957,1274,0.056,newmexico
35,10/1/25,1114,0.84,1326.5,0.051,newmexico
35,11/1/25,981,0.879,1116,0.045,newmexico
35,12/1/25,1046,0.87,1202,0.048,newmexico
35,1/1/26,1127,0.888,1269.5,0.051,newmexico
35,2/1/26,1026,0.893,1149.5,0.047,newmexico
22071,1/1/20,543,0.955,568.5,0.095,neworleans
22071,2/1/20,457,1.203,380,0.08,neworleans
22071,3/1/20,164,0.367,446.5,0.029,neworleans
22071,4/1/20,0,0,455,0,neworleans
22071,5/1/20,0,0,476.5,0,neworleans
22071,6/1/20,283,0.496,570,0.05,neworleans
22071,7/1/20,218,0.415,525,0.038,neworleans
22071,8/1/20,258,0.45,573,0.045,neworleans
22071,9/1/20,194,0.372,521,0.034,neworleans
22071,10/1/20,317,0.6,528,0.056,neworleans
22071,11/1/20,296,0.619,478.5,0.052,neworleans
22071,12/1/20,336,0.761,441.5,0.059,neworleans
22071,1/1/21,169,0.297,568.5,0.03,neworleans
22071,2/1/21,151,0.404,373.5,0.026,neworleans
22071,3/1/21,175,0.392,446.5,0.031,neworleans
22071,4/1/21,146,0.321,455,0.026,neworleans
22071,5/1/21,173,0.363,476.5,0.03,neworleans
22071,6/1/21,206,0.361,570,0.036,neworleans
22071,7/1/21,224,0.427,525,0.039,neworleans
22071,8/1/21,248,0.433,573,0.044,neworleans
22071,9/1/21,136,0.261,521,0.024,neworleans
22071,10/1/21,587,1.112,528,0.103,neworleans
22071,11/1/21,476,0.995,478.5,0.084,neworleans
22071,12/1/21,422,0.956,441.5,0.074,neworleans
22071,1/1/22,464,0.816,568.5,0.081,neworleans
22071,2/1/22,566,1.515,373.5,0.099,neworleans
22071,3/1/22,425,0.952,446.5,0.075,neworleans
22071,4/1/22,427,0.938,455,0.075,neworleans
22071,5/1/22,525,1.102,476.5,0.092,neworleans
22071,6/1/22,457,0.802,570,0.08,neworleans
22071,7/1/22,511,0.973,525,0.09,neworleans
22071,8/1/22,518,0.904,573,0.091,neworleans
22071,9/1/22,541,1.038,521,0.095,neworleans
22071,10/1/22,539,1.021,528,0.095,neworleans
22071,11/1/22,428,0.894,478.5,0.075,neworleans
22071,12/1/22,395,0.895,441.5,0.069,neworleans
22071,1/1/23,604,1.062,568.5,0.106,neworleans
22071,2/1/23,268,0.718,373.5,0.047,neworleans
22071,3/1/23,476,1.066,446.5,0.084,neworleans
22071,4/1/23,444,0.976,455,0.078,neworleans
22071,5/1/23,490,1.028,476.5,0.086,neworleans
22071,6/1/23,568,0.996,570,0.1,neworleans
22071,7/1/23,470,0.895,525,0.082,neworleans
22071,8/1/23,598,1.044,573,0.105,neworleans
22071,9/1/23,558,1.071,521,0.098,neworleans
22071,10/1/23,533,1.009,528,0.094,neworleans
22071,11/1/23,469,0.98,478.5,0.082,neworleans
22071,12/1/23,472,1.069,441.5,0.083,neworleans
22071,1/1/24,533,0.938,568.5,0.094,neworleans
22071,2/1/24,491,1.292,380,0.086,neworleans
22071,3/1/24,416,0.932,446.5,0.073,neworleans
22071,4/1/24,466,1.024,455,0.082,neworleans
22071,5/1/24,463,0.972,476.5,0.081,neworleans
22071,6/1/24,572,1.004,570,0.1,neworleans
22071,7/1/24,580,1.105,525,0.102,neworleans
22071,8/1/24,548,0.956,573,0.096,neworleans
22071,9/1/24,484,0.929,521,0.085,neworleans
22071,10/1/24,523,0.991,528,0.092,neworleans
22071,11/1/24,488,1.02,478.5,0.086,neworleans
22071,12/1/24,411,0.931,441.5,0.072,neworleans
22071,1/1/25,550,0.967,568.5,0.097,neworleans
22071,2/1/25,397,1.063,373.5,0.07,neworleans
22071,3/1/25,427,0.956,446.5,0.075,neworleans
22071,4/1/25,417,0.916,455,0.073,neworleans
22071,5/1/25,455,0.955,476.5,0.08,neworleans
22071,6/1/25,465,0.816,570,0.082,neworleans
22071,7/1/25,439,0.836,525,0.077,neworleans
22071,8/1/25,485,0.846,573,0.085,neworleans
22071,9/1/25,472,0.906,521,0.083,neworleans
22071,10/1/25,428,0.811,528,0.075,neworleans
22071,11/1/25,329,0.688,478.5,0.058,neworleans
22071,12/1/25,288,0.652,441.5,0.051,neworleans
36061,1/1/20,14536,1.318,11025.5,0.076,newyork
36061,2/1/20,13307,1.375,9681,0.07,newyork
36061,3/1/20,9055,0.771,11738,0.047,newyork
36061,4/1/20,5,0,10470,0,newyork
36061,5/1/20,4,0,10872.5,0,newyork
36061,6/1/20,10,0.001,10686.5,0,newyork
36061,7/1/20,1904,0.182,10436.5,0.01,newyork
36061,8/1/20,5742,0.517,11097.5,0.03,newyork
36061,9/1/20,7153,0.723,9888.5,0.037,newyork
36061,10/1/20,8126,0.776,10475.5,0.043,newyork
36061,11/1/20,7524,0.773,9739.5,0.039,newyork
36061,12/1/20,7645,0.763,10020.5,0.04,newyork
36061,1/1/21,442,0.04,11025.5,0.002,newyork
36061,2/1/21,1370,0.145,9438,0.007,newyork
36061,3/1/21,3405,0.29,11738,0.018,newyork
36061,4/1/21,4946,0.472,10470,0.026,newyork
36061,5/1/21,5178,0.476,10872.5,0.027,newyork
36061,6/1/21,5026,0.47,10686.5,0.026,newyork
36061,7/1/21,3980,0.381,10436.5,0.021,newyork
36061,8/1/21,4298,0.387,11097.5,0.023,newyork
36061,9/1/21,2327,0.235,9888.5,0.012,newyork
36061,10/1/21,3330,0.318,10475.5,0.017,newyork
36061,11/1/21,3824,0.393,9739.5,0.02,newyork
36061,12/1/21,3983,0.397,10020.5,0.021,newyork
36061,1/1/22,5505,0.499,11025.5,0.029,newyork
36061,2/1/22,6398,0.678,9438,0.034,newyork
36061,3/1/22,9029,0.769,11738,0.047,newyork
36061,4/1/22,8992,0.859,10470,0.047,newyork
36061,5/1/22,9390,0.864,10872.5,0.049,newyork
36061,6/1/22,9596,0.898,10686.5,0.05,newyork
36061,7/1/22,9806,0.94,10436.5,0.051,newyork
36061,8/1/22,9235,0.832,11097.5,0.048,newyork
36061,9/1/22,10117,1.023,9888.5,0.053,newyork
36061,10/1/22,9610,0.917,10475.5,0.05,newyork
36061,11/1/22,9949,1.022,9739.5,0.052,newyork
36061,12/1/22,10514,1.049,10020.5,0.055,newyork
36061,1/1/23,11696,1.061,11025.5,0.061,newyork
36061,2/1/23,9434,1,9438,0.049,newyork
36061,3/1/23,12552,1.069,11738,0.066,newyork
36061,4/1/23,10800,1.032,10470,0.057,newyork
36061,5/1/23,11394,1.048,10872.5,0.06,newyork
36061,6/1/23,11756,1.1,10686.5,0.062,newyork
36061,7/1/23,10725,1.028,10436.5,0.056,newyork
36061,8/1/23,12213,1.101,11097.5,0.064,newyork
36061,9/1/23,10022,1.014,9888.5,0.052,newyork
36061,10/1/23,10952,1.045,10475.5,0.057,newyork
36061,11/1/23,10460,1.074,9739.5,0.055,newyork
36061,12/1/23,10466,1.044,10020.5,0.055,newyork
36061,1/1/24,10355,0.939,11025.5,0.054,newyork
36061,2/1/24,9928,1.026,9681,0.052,newyork
36061,3/1/24,10926,0.931,11738,0.057,newyork
36061,4/1/24,10143,0.969,10470,0.053,newyork
36061,5/1/24,10350,0.952,10872.5,0.054,newyork
36061,6/1/24,9619,0.9,10686.5,0.05,newyork
36061,7/1/24,10143,0.972,10436.5,0.053,newyork
36061,8/1/24,9983,0.9,11097.5,0.052,newyork
36061,9/1/24,9765,0.988,9888.5,0.051,newyork
36061,10/1/24,9996,0.954,10475.5,0.052,newyork
36061,11/1/24,9029,0.927,9739.5,0.047,newyork
36061,12/1/24,9577,0.956,10020.5,0.05,newyork
36061,1/1/25,9907,0.899,11025.5,0.052,newyork
36061,2/1/25,9035,0.957,9438,0.047,newyork
36061,3/1/25,9605,0.818,11738,0.05,newyork
36061,4/1/25,10250,0.979,10470,0.054,newyork
36061,5/1/25,9083,0.835,10872.5,0.048,newyork
36061,6/1/25,8892,0.832,10686.5,0.047,newyork
36061,7/1/25,10210,0.978,10436.5,0.053,newyork
36061,8/1/25,9435,0.85,11097.5,0.049,newyork
36061,9/1/25,9426,0.953,9888.5,0.049,newyork
36061,10/1/25,10348,0.988,10475.5,0.054,newyork
36061,11/1/25,8518,0.875,9739.5,0.045,newyork
36061,12/1/25,10119,1.01,10020.5,0.053,newyork
36061,1/1/26,8996,0.816,11025.5,0.047,newyork
36061,2/1/26,3194,0.338,9438,0.017,newyork
12099,1/1/20,777,0.879,883.5,0.055,palmbeach
12099,2/1/20,677,0.915,740,0.048,palmbeach
12099,3/1/20,452,0.779,580.5,0.032,palmbeach
12099,4/1/20,79,0.112,702.5,0.006,palmbeach
12099,5/1/20,157,0.195,805,0.011,palmbeach
12099,6/1/20,162,0.215,752.5,0.011,palmbeach
12099,7/1/20,161,0.208,774,0.011,palmbeach
12099,8/1/20,451,0.526,857.5,0.032,palmbeach
12099,9/1/20,564,0.812,694.5,0.04,palmbeach
12099,10/1/20,745,0.983,758,0.052,palmbeach
12099,11/1/20,558,0.724,771,0.039,palmbeach
12099,12/1/20,295,0.389,759,0.021,palmbeach
12099,1/1/21,546,0.618,883.5,0.038,palmbeach
12099,2/1/21,537,0.741,724.5,0.038,palmbeach
12099,3/1/21,538,0.927,580.5,0.038,palmbeach
12099,4/1/21,405,0.577,702.5,0.028,palmbeach
12099,5/1/21,322,0.4,805,0.023,palmbeach
12099,6/1/21,456,0.606,752.5,0.032,palmbeach
12099,7/1/21,414,0.535,774,0.029,palmbeach
12099,8/1/21,411,0.479,857.5,0.029,palmbeach
12099,9/1/21,459,0.661,694.5,0.032,palmbeach
12099,10/1/21,475,0.627,758,0.033,palmbeach
12099,11/1/21,485,0.629,771,0.034,palmbeach
12099,12/1/21,346,0.456,759,0.024,palmbeach
12099,1/1/22,488,0.552,883.5,0.034,palmbeach
12099,2/1/22,491,0.678,724.5,0.035,palmbeach
12099,3/1/22,516,0.889,580.5,0.036,palmbeach
12099,4/1/22,568,0.809,702.5,0.04,palmbeach
12099,5/1/22,615,0.764,805,0.043,palmbeach
12099,6/1/22,578,0.768,752.5,0.041,palmbeach
12099,7/1/22,731,0.944,774,0.051,palmbeach
12099,8/1/22,870,1.015,857.5,0.061,palmbeach
12099,9/1/22,775,1.116,694.5,0.054,palmbeach
12099,10/1/22,729,0.962,758,0.051,palmbeach
12099,11/1/22,647,0.839,771,0.045,palmbeach
12099,12/1/22,702,0.925,759,0.049,palmbeach
12099,1/1/23,781,0.884,883.5,0.055,palmbeach
12099,2/1/23,644,0.889,724.5,0.045,palmbeach
12099,3/1/23,539,0.929,580.5,0.038,palmbeach
12099,4/1/23,630,0.897,702.5,0.044,palmbeach
12099,5/1/23,749,0.93,805,0.053,palmbeach
12099,6/1/23,673,0.894,752.5,0.047,palmbeach
12099,7/1/23,742,0.959,774,0.052,palmbeach
12099,8/1/23,790,0.921,857.5,0.056,palmbeach
12099,9/1/23,542,0.78,694.5,0.038,palmbeach
12099,10/1/23,736,0.971,758,0.052,palmbeach
12099,11/1/23,718,0.931,771,0.05,palmbeach
12099,12/1/23,723,0.953,759,0.051,palmbeach
12099,1/1/24,826,0.935,883.5,0.058,palmbeach
12099,2/1/24,724,0.978,740,0.051,palmbeach
12099,3/1/24,513,0.884,580.5,0.036,palmbeach
12099,4/1/24,644,0.917,702.5,0.045,palmbeach
12099,5/1/24,707,0.878,805,0.05,palmbeach
12099,6/1/24,725,0.963,752.5,0.051,palmbeach
12099,7/1/24,673,0.87,774,0.047,palmbeach
12099,8/1/24,773,0.901,857.5,0.054,palmbeach
12099,9/1/24,741,1.067,694.5,0.052,palmbeach
12099,10/1/24,641,0.846,758,0.045,palmbeach
12099,11/1/24,692,0.898,771,0.049,palmbeach
12099,12/1/24,668,0.88,759,0.047,palmbeach
12099,1/1/25,760,0.86,883.5,0.053,palmbeach
12099,2/1/25,606,0.836,724.5,0.043,palmbeach
12099,3/1/25,558,0.961,580.5,0.039,palmbeach
12099,4/1/25,629,0.895,702.5,0.044,palmbeach
12099,5/1/25,673,0.836,805,0.047,palmbeach
12099,6/1/25,643,0.854,752.5,0.045,palmbeach
12099,7/1/25,698,0.902,774,0.049,palmbeach
12099,8/1/25,712,0.83,857.5,0.05,palmbeach
12099,9/1/25,717,1.032,694.5,0.05,palmbeach
12099,10/1/25,702,0.926,758,0.049,palmbeach
12099,11/1/25,544,0.706,771,0.038,palmbeach
12099,12/1/25,652,0.859,759,0.046,palmbeach
42,1/1/20,10866,1.077,10084.5,0.08,pennsylvania
42,2/1/20,9511,0.993,9576,0.07,pennsylvania
42,3/1/20,4517,0.531,8513,0.033,pennsylvania
42,4/1/20,166,0.019,8546.5,0.001,pennsylvania
42,5/1/20,204,0.021,9600.5,0.002,pennsylvania
42,6/1/20,985,0.103,9584.5,0.007,pennsylvania
42,7/1/20,1177,0.113,10373,0.009,pennsylvania
42,8/1/20,1431,0.139,10295,0.011,pennsylvania
42,9/1/20,9540,0.973,9802,0.07,pennsylvania
42,10/1/20,6292,0.603,10437.5,0.046,pennsylvania
42,11/1/20,5227,0.583,8968,0.039,pennsylvania
42,12/1/20,4978,0.547,9107,0.037,pennsylvania
42,1/1/21,5052,0.501,10084.5,0.037,pennsylvania
42,2/1/21,4712,0.503,9372.5,0.035,pennsylvania
42,3/1/21,5542,0.651,8513,0.041,pennsylvania
42,4/1/21,3770,0.441,8546.5,0.028,pennsylvania
42,5/1/21,3916,0.408,9600.5,0.029,pennsylvania
42,6/1/21,5002,0.522,9584.5,0.037,pennsylvania
42,7/1/21,5331,0.514,10373,0.039,pennsylvania
42,8/1/21,5688,0.553,10295,0.042,pennsylvania
42,9/1/21,6117,0.624,9802,0.045,pennsylvania
42,10/1/21,6640,0.636,10437.5,0.049,pennsylvania
42,11/1/21,6952,0.775,8968,0.051,pennsylvania
42,12/1/21,7038,0.773,9107,0.052,pennsylvania
42,1/1/22,7920,0.785,10084.5,0.058,pennsylvania
42,2/1/22,7299,0.779,9372.5,0.054,pennsylvania
42,3/1/22,7885,0.926,8513,0.058,pennsylvania
42,4/1/22,7422,0.868,8546.5,0.055,pennsylvania
42,5/1/22,8639,0.9,9600.5,0.064,pennsylvania
42,6/1/22,9296,0.97,9584.5,0.069,pennsylvania
42,7/1/22,9246,0.891,10373,0.068,pennsylvania
42,8/1/22,11084,1.077,10295,0.082,pennsylvania
42,9/1/22,10411,1.062,9802,0.077,pennsylvania
42,10/1/22,9337,0.895,10437.5,0.069,pennsylvania
42,11/1/22,8890,0.991,8968,0.066,pennsylvania
42,12/1/22,9310,1.022,9107,0.069,pennsylvania
42,1/1/23,10048,0.996,10084.5,0.074,pennsylvania
42,2/1/23,9202,0.982,9372.5,0.068,pennsylvania
42,3/1/23,8933,1.049,8513,0.066,pennsylvania
42,4/1/23,8006,0.937,8546.5,0.059,pennsylvania
42,5/1/23,9577,0.998,9600.5,0.071,pennsylvania
42,6/1/23,9891,1.032,9584.5,0.073,pennsylvania
42,7/1/23,10003,0.964,10373,0.074,pennsylvania
42,8/1/23,10465,1.017,10295,0.077,pennsylvania
42,9/1/23,9575,0.977,9802,0.071,pennsylvania
42,10/1/23,10399,0.996,10437.5,0.077,pennsylvania
42,11/1/23,9207,1.027,8968,0.068,pennsylvania
42,12/1/23,9071,0.996,9107,0.067,pennsylvania
42,1/1/24,10122,1.004,10084.5,0.075,pennsylvania
42,2/1/24,9955,1.04,9576,0.073,pennsylvania
42,3/1/24,8099,0.951,8513,0.06,pennsylvania
42,4/1/24,9091,1.064,8546.5,0.067,pennsylvania
42,5/1/24,9628,1.003,9600.5,0.071,pennsylvania
42,6/1/24,9281,0.968,9584.5,0.068,pennsylvania
42,7/1/24,10746,1.036,10373,0.079,pennsylvania
42,8/1/24,10125,0.983,10295,0.075,pennsylvania
42,9/1/24,10028,1.023,9802,0.074,pennsylvania
42,10/1/24,10476,1.004,10437.5,0.077,pennsylvania
42,11/1/24,8730,0.973,8968,0.064,pennsylvania
42,12/1/24,9142,1.004,9107,0.067,pennsylvania
42,1/1/25,10277,1.019,10084.5,0.076,pennsylvania
42,2/1/25,8978,0.958,9372.5,0.066,pennsylvania
42,3/1/25,8364,0.982,8513,0.062,pennsylvania
42,4/1/25,8144,0.953,8546.5,0.06,pennsylvania
42,5/1/25,9149,0.953,9600.5,0.068,pennsylvania
42,6/1/25,9156,0.955,9584.5,0.068,pennsylvania
42,7/1/25,10419,1.004,10373,0.077,pennsylvania
42,8/1/25,9322,0.905,10295,0.069,pennsylvania
42,9/1/25,9697,0.989,9802,0.072,pennsylvania
42,10/1/25,9676,0.927,10437.5,0.071,pennsylvania
42,11/1/25,7697,0.858,8968,0.057,pennsylvania
42,12/1/25,9112,1.001,9107,0.067,pennsylvania
42,1/1/26,9434,0.935,10084.5,0.07,pennsylvania
42,2/1/26,8054,0.859,9372.5,0.059,pennsylvania
42101,1/1/20,2015,1.557,1294.5,0.073,philadelphia
42101,2/1/20,1720,1.441,1193.5,0.062,philadelphia
42101,3/1/20,813,0.712,1142.5,0.029,philadelphia
42101,4/1/20,0,0,925,0,philadelphia
42101,5/1/20,0,0,1065,0,philadelphia
42101,6/1/20,0,0,1032,0,philadelphia
42101,7/1/20,198,0.181,1095.5,0.007,philadelphia
42101,8/1/20,176,0.154,1143,0.006,philadelphia
42101,9/1/20,701,0.689,1017,0.025,philadelphia
42101,10/1/20,792,0.684,1158.5,0.029,philadelphia
42101,11/1/20,583,0.567,1029,0.021,philadelphia
42101,12/1/20,508,0.458,1110,0.018,philadelphia
42101,1/1/21,559,0.432,1294.5,0.02,philadelphia
42101,2/1/21,665,0.558,1191,0.024,philadelphia
42101,3/1/21,677,0.593,1142.5,0.025,philadelphia
42101,4/1/21,187,0.202,925,0.007,philadelphia
42101,5/1/21,173,0.162,1065,0.006,philadelphia
42101,6/1/21,320,0.31,1032,0.012,philadelphia
42101,7/1/21,444,0.405,1095.5,0.016,philadelphia
42101,8/1/21,494,0.432,1143,0.018,philadelphia
42101,9/1/21,540,0.531,1017,0.02,philadelphia
42101,10/1/21,756,0.653,1158.5,0.027,philadelphia
42101,11/1/21,909,0.883,1029,0.033,philadelphia
42101,12/1/21,1031,0.929,1110,0.037,philadelphia
42101,1/1/22,1044,0.806,1294.5,0.038,philadelphia
42101,2/1/22,562,0.472,1191,0.02,philadelphia
42101,3/1/22,968,0.847,1142.5,0.035,philadelphia
42101,4/1/22,902,0.975,925,0.033,philadelphia
42101,5/1/22,1168,1.097,1065,0.042,philadelphia
42101,6/1/22,1246,1.207,1032,0.045,philadelphia
42101,7/1/22,1126,1.028,1095.5,0.041,philadelphia
42101,8/1/22,1768,1.547,1143,0.064,philadelphia
42101,9/1/22,1631,1.604,1017,0.059,philadelphia
42101,10/1/22,1299,1.121,1158.5,0.047,philadelphia
42101,11/1/22,1211,1.177,1029,0.044,philadelphia
42101,12/1/22,1366,1.231,1110,0.049,philadelphia
42101,1/1/23,1397,1.079,1294.5,0.051,philadelphia
42101,2/1/23,1182,0.992,1191,0.043,philadelphia
42101,3/1/23,1354,1.185,1142.5,0.049,philadelphia
42101,4/1/23,892,0.964,925,0.032,philadelphia
42101,5/1/23,1092,1.025,1065,0.04,philadelphia
42101,6/1/23,1103,1.069,1032,0.04,philadelphia
42101,7/1/23,1051,0.959,1095.5,0.038,philadelphia
42101,8/1/23,1207,1.056,1143,0.044,philadelphia
42101,9/1/23,853,0.839,1017,0.031,philadelphia
42101,10/1/23,1084,0.936,1158.5,0.039,philadelphia
42101,11/1/23,975,0.948,1029,0.035,philadelphia
42101,12/1/23,970,0.874,1110,0.035,philadelphia
42101,1/1/24,1192,0.921,1294.5,0.043,philadelphia
42101,2/1/24,1205,1.01,1193.5,0.044,philadelphia
42101,3/1/24,931,0.815,1142.5,0.034,philadelphia
42101,4/1/24,958,1.036,925,0.035,philadelphia
42101,5/1/24,1038,0.975,1065,0.038,philadelphia
42101,6/1/24,962,0.932,1032,0.035,philadelphia
42101,7/1/24,1140,1.041,1095.5,0.041,philadelphia
42101,8/1/24,1079,0.944,1143,0.039,philadelphia
42101,9/1/24,1178,1.158,1017,0.043,philadelphia
42101,10/1/24,1233,1.064,1158.5,0.045,philadelphia
42101,11/1/24,1083,1.052,1029,0.039,philadelphia
42101,12/1/24,1250,1.126,1110,0.045,philadelphia
42101,1/1/25,1236,0.955,1294.5,0.045,philadelphia
42101,2/1/25,1057,0.887,1191,0.038,philadelphia
42101,3/1/25,1140,0.998,1142.5,0.041,philadelphia
42101,4/1/25,917,0.991,925,0.033,philadelphia
42101,5/1/25,1107,1.039,1065,0.04,philadelphia
42101,6/1/25,1219,1.181,1032,0.044,philadelphia
42101,7/1/25,1222,1.115,1095.5,0.044,philadelphia
42101,8/1/25,965,0.844,1143,0.035,philadelphia
42101,9/1/25,1078,1.06,1017,0.039,philadelphia
42101,10/1/25,1226,1.058,1158.5,0.044,philadelphia
42101,11/1/25,956,0.929,1029,0.035,philadelphia
42101,12/1/25,1280,1.153,1110,0.046,philadelphia
42101,1/1/26,1137,0.878,1294.5,0.041,philadelphia
42101,2/1/26,1002,0.841,1191,0.036,philadelphia
04013,1/1/20,5850,0.779,7507.5,0.116,phoenix
04013,2/1/20,5615,0.886,6337.5,0.111,phoenix
04013,3/1/20,3859,0.645,5981,0.076,phoenix
04013,4/1/20,1764,0.27,6544.5,0.035,phoenix
04013,5/1/20,1458,0.209,6974.5,0.029,phoenix
04013,6/1/20,1603,0.226,7081,0.032,phoenix
04013,7/1/20,1754,0.234,7487.5,0.035,phoenix
04013,8/1/20,2164,0.277,7804.5,0.043,phoenix
04013,9/1/20,2857,0.373,7656,0.057,phoenix
04013,10/1/20,3374,0.433,7796.5,0.067,phoenix
04013,11/1/20,3164,0.482,6561.5,0.063,phoenix
04013,12/1/20,4206,0.585,7194.5,0.083,phoenix
04013,1/1/21,3237,0.431,7507.5,0.064,phoenix
04013,2/1/21,3141,0.5,6278.5,0.062,phoenix
04013,3/1/21,3242,0.542,5981,0.064,phoenix
04013,4/1/21,2469,0.377,6544.5,0.049,phoenix
04013,5/1/21,2610,0.374,6974.5,0.052,phoenix
04013,6/1/21,2972,0.42,7081,0.059,phoenix
04013,7/1/21,3616,0.483,7487.5,0.072,phoenix
04013,8/1/21,2980,0.382,7804.5,0.059,phoenix
04013,9/1/21,4251,0.555,7656,0.084,phoenix
04013,10/1/21,4654,0.597,7796.5,0.092,phoenix
04013,11/1/21,3801,0.579,6561.5,0.075,phoenix
04013,12/1/21,4393,0.611,7194.5,0.087,phoenix
04013,1/1/22,5200,0.693,7507.5,0.103,phoenix
04013,2/1/22,4496,0.716,6278.5,0.089,phoenix
04013,3/1/22,4674,0.781,5981,0.093,phoenix
04013,4/1/22,4189,0.64,6544.5,0.083,phoenix
04013,5/1/22,4820,0.691,6974.5,0.095,phoenix
04013,6/1/22,5771,0.815,7081,0.114,phoenix
04013,7/1/22,6383,0.852,7487.5,0.126,phoenix
04013,8/1/22,6552,0.84,7804.5,0.13,phoenix
04013,9/1/22,6110,0.798,7656,0.121,phoenix
04013,10/1/22,5215,0.669,7796.5,0.103,phoenix
04013,11/1/22,4935,0.752,6561.5,0.098,phoenix
04013,12/1/22,5236,0.728,7194.5,0.104,phoenix
04013,1/1/23,7019,0.935,7507.5,0.139,phoenix
04013,2/1/23,5803,0.924,6278.5,0.115,phoenix
04013,3/1/23,5776,0.966,5981,0.114,phoenix
04013,4/1/23,6318,0.965,6544.5,0.125,phoenix
04013,5/1/23,6878,0.986,6974.5,0.136,phoenix
04013,6/1/23,6949,0.981,7081,0.138,phoenix
04013,7/1/23,7086,0.946,7487.5,0.14,phoenix
04013,8/1/23,7674,0.983,7804.5,0.152,phoenix
04013,9/1/23,7791,1.018,7656,0.154,phoenix
04013,10/1/23,7924,1.016,7796.5,0.157,phoenix
04013,11/1/23,6628,1.01,6561.5,0.131,phoenix
04013,12/1/23,7061,0.981,7194.5,0.14,phoenix
04013,1/1/24,7996,1.065,7507.5,0.158,phoenix
04013,2/1/24,6872,1.084,6337.5,0.136,phoenix
04013,3/1/24,6186,1.034,5981,0.122,phoenix
04013,4/1/24,6771,1.035,6544.5,0.134,phoenix
04013,5/1/24,7071,1.014,6974.5,0.14,phoenix
04013,6/1/24,7213,1.019,7081,0.143,phoenix
04013,7/1/24,7889,1.054,7487.5,0.156,phoenix
04013,8/1/24,7935,1.017,7804.5,0.157,phoenix
04013,9/1/24,7521,0.982,7656,0.149,phoenix
04013,10/1/24,7669,0.984,7796.5,0.152,phoenix
04013,11/1/24,6495,0.99,6561.5,0.129,phoenix
04013,12/1/24,7328,1.019,7194.5,0.145,phoenix
04013,1/1/25,7591,1.011,7507.5,0.15,phoenix
04013,2/1/25,7059,1.124,6278.5,0.14,phoenix
04013,3/1/25,5974,0.999,5981,0.118,phoenix
04013,4/1/25,6316,0.965,6544.5,0.125,phoenix
04013,5/1/25,7064,1.013,6974.5,0.14,phoenix
04013,6/1/25,7015,0.991,7081,0.139,phoenix
04013,7/1/25,7242,0.967,7487.5,0.143,phoenix
04013,8/1/25,7542,0.966,7804.5,0.149,phoenix
04013,9/1/25,7293,0.953,7656,0.144,phoenix
04013,10/1/25,7569,0.971,7796.5,0.15,phoenix
04013,11/1/25,6833,1.041,6561.5,0.135,phoenix
04013,12/1/25,7104,0.987,7194.5,0.141,phoenix
04013,1/1/26,7665,1.021,7507.5,0.152,phoenix
04013,2/1/26,6466,1.03,6278.5,0.128,phoenix
42003,1/1/20,1345,1.261,1067,0.086,pittsburgh
42003,2/1/20,1114,0.94,1185.5,0.071,pittsburgh
42003,3/1/20,487,0.498,977.5,0.031,pittsburgh
42003,4/1/20,0,0,1089,0,pittsburgh
42003,5/1/20,0,0,1125,0,pittsburgh
42003,6/1/20,62,0.052,1188.5,0.004,pittsburgh
42003,7/1/20,75,0.062,1200.5,0.005,pittsburgh
42003,8/1/20,81,0.067,1215,0.005,pittsburgh
42003,9/1/20,840,0.671,1252.5,0.054,pittsburgh
42003,10/1/20,487,0.373,1306,0.031,pittsburgh
42003,11/1/20,382,0.36,1061.5,0.025,pittsburgh
42003,12/1/20,287,0.266,1077,0.018,pittsburgh
42003,1/1/21,363,0.34,1067,0.023,pittsburgh
42003,2/1/21,309,0.267,1158.5,0.02,pittsburgh
42003,3/1/21,469,0.48,977.5,0.03,pittsburgh
42003,4/1/21,341,0.313,1089,0.022,pittsburgh
42003,5/1/21,322,0.286,1125,0.021,pittsburgh
42003,6/1/21,464,0.39,1188.5,0.03,pittsburgh
42003,7/1/21,502,0.418,1200.5,0.032,pittsburgh
42003,8/1/21,557,0.458,1215,0.036,pittsburgh
42003,9/1/21,504,0.402,1252.5,0.032,pittsburgh
42003,10/1/21,527,0.404,1306,0.034,pittsburgh
42003,11/1/21,659,0.621,1061.5,0.042,pittsburgh
42003,12/1/21,750,0.696,1077,0.048,pittsburgh
42003,1/1/22,711,0.666,1067,0.046,pittsburgh
42003,2/1/22,718,0.62,1158.5,0.046,pittsburgh
42003,3/1/22,814,0.833,977.5,0.052,pittsburgh
42003,4/1/22,697,0.64,1089,0.045,pittsburgh
42003,5/1/22,855,0.76,1125,0.055,pittsburgh
42003,6/1/22,1028,0.865,1188.5,0.066,pittsburgh
42003,7/1/22,1037,0.864,1200.5,0.067,pittsburgh
42003,8/1/22,1203,0.99,1215,0.077,pittsburgh
42003,9/1/22,1115,0.89,1252.5,0.072,pittsburgh
42003,10/1/22,1029,0.788,1306,0.066,pittsburgh
42003,11/1/22,913,0.86,1061.5,0.059,pittsburgh
42003,12/1/22,880,0.817,1077,0.056,pittsburgh
42003,1/1/23,1089,1.021,1067,0.07,pittsburgh
42003,2/1/23,1088,0.939,1158.5,0.07,pittsburgh
42003,3/1/23,977,0.999,977.5,0.063,pittsburgh
42003,4/1/23,941,0.864,1089,0.06,pittsburgh
42003,5/1/23,1057,0.94,1125,0.068,pittsburgh
42003,6/1/23,1161,0.977,1188.5,0.074,pittsburgh
42003,7/1/23,1080,0.9,1200.5,0.069,pittsburgh
42003,8/1/23,1195,0.984,1215,0.077,pittsburgh
42003,9/1/23,1131,0.903,1252.5,0.073,pittsburgh
42003,10/1/23,1255,0.961,1306,0.081,pittsburgh
42003,11/1/23,1060,0.999,1061.5,0.068,pittsburgh
42003,12/1/23,1094,1.016,1077,0.07,pittsburgh
42003,1/1/24,1045,0.979,1067,0.067,pittsburgh
42003,2/1/24,1283,1.082,1185.5,0.082,pittsburgh
42003,3/1/24,979,1.002,977.5,0.063,pittsburgh
42003,4/1/24,1237,1.136,1089,0.079,pittsburgh
42003,5/1/24,1193,1.06,1125,0.077,pittsburgh
42003,6/1/24,1216,1.023,1188.5,0.078,pittsburgh
42003,7/1/24,1321,1.1,1200.5,0.085,pittsburgh
42003,8/1/24,1235,1.016,1215,0.079,pittsburgh
42003,9/1/24,1374,1.097,1252.5,0.088,pittsburgh
42003,10/1/24,1357,1.039,1306,0.087,pittsburgh
42003,11/1/24,1064,1.002,1061.5,0.068,pittsburgh
42003,12/1/24,1060,0.984,1077,0.068,pittsburgh
42003,1/1/25,1207,1.131,1067,0.077,pittsburgh
42003,2/1/25,1164,1.005,1158.5,0.075,pittsburgh
42003,3/1/25,1060,1.084,977.5,0.068,pittsburgh
42003,4/1/25,1062,0.975,1089,0.068,pittsburgh
42003,5/1/25,1141,1.014,1125,0.073,pittsburgh
42003,6/1/25,1078,0.907,1188.5,0.069,pittsburgh
42003,7/1/25,1329,1.107,1200.5,0.085,pittsburgh
42003,8/1/25,1168,0.961,1215,0.075,pittsburgh
42003,9/1/25,1295,1.034,1252.5,0.083,pittsburgh
42003,10/1/25,1182,0.905,1306,0.076,pittsburgh
42003,11/1/25,880,0.829,1061.5,0.056,pittsburgh
42003,12/1/25,1010,0.938,1077,0.065,pittsburgh
42003,1/1/26,1123,1.052,1067,0.072,pittsburgh
42003,2/1/26,991,0.855,1158.5,0.064,pittsburgh
41051,1/1/20,686,0.516,1328.5,0.03,portland
41051,2/1/20,628,0.541,1160,0.027,portland
41051,3/1/20,255,0.2,1275,0.011,portland
41051,4/1/20,39,0.041,958,0.002,portland
41051,5/1/20,45,0.041,1088,0.002,portland
41051,6/1/20,67,0.067,1006.5,0.003,portland
41051,7/1/20,97,0.077,1259,0.004,portland
41051,8/1/20,88,0.066,1325.5,0.004,portland
41051,9/1/20,97,0.074,1302.5,0.004,portland
41051,10/1/20,101,0.066,1526.5,0.004,portland
41051,11/1/20,102,0.087,1169,0.004,portland
41051,12/1/20,112,0.083,1342,0.005,portland
41051,1/1/21,116,0.087,1328.5,0.005,portland
41051,2/1/21,93,0.083,1125,0.004,portland
41051,3/1/21,161,0.126,1275,0.007,portland
41051,4/1/21,145,0.151,958,0.006,portland
41051,5/1/21,154,0.142,1088,0.007,portland
41051,6/1/21,145,0.144,1006.5,0.006,portland
41051,7/1/21,302,0.24,1259,0.013,portland
41051,8/1/21,351,0.265,1325.5,0.015,portland
41051,9/1/21,343,0.263,1302.5,0.015,portland
41051,10/1/21,334,0.219,1526.5,0.015,portland
41051,11/1/21,407,0.348,1169,0.018,portland
41051,12/1/21,400,0.298,1342,0.017,portland
41051,1/1/22,351,0.264,1328.5,0.015,portland
41051,2/1/22,403,0.358,1125,0.018,portland
41051,3/1/22,522,0.409,1275,0.023,portland
41051,4/1/22,606,0.633,958,0.026,portland
41051,5/1/22,633,0.582,1088,0.028,portland
41051,6/1/22,736,0.731,1006.5,0.032,portland
41051,7/1/22,628,0.499,1259,0.027,portland
41051,8/1/22,1037,0.782,1325.5,0.045,portland
41051,9/1/22,1062,0.815,1302.5,0.046,portland
41051,10/1/22,1247,0.817,1526.5,0.054,portland
41051,11/1/22,1061,0.908,1169,0.046,portland
41051,12/1/22,1225,0.913,1342,0.053,portland
41051,1/1/23,1260,0.948,1328.5,0.055,portland
41051,2/1/23,968,0.86,1125,0.042,portland
41051,3/1/23,1162,0.911,1275,0.051,portland
41051,4/1/23,607,0.634,958,0.026,portland
41051,5/1/23,857,0.788,1088,0.037,portland
41051,6/1/23,817,0.812,1006.5,0.036,portland
41051,7/1/23,945,0.751,1259,0.041,portland
41051,8/1/23,1229,0.927,1325.5,0.054,portland
41051,9/1/23,1082,0.831,1302.5,0.047,portland
41051,10/1/23,1391,0.911,1526.5,0.061,portland
41051,11/1/23,1142,0.977,1169,0.05,portland
41051,12/1/23,1199,0.893,1342,0.052,portland
41051,1/1/24,1397,1.052,1328.5,0.061,portland
41051,2/1/24,1352,1.166,1160,0.059,portland
41051,3/1/24,1388,1.089,1275,0.06,portland
41051,4/1/24,1309,1.366,958,0.057,portland
41051,5/1/24,1319,1.212,1088,0.057,portland
41051,6/1/24,1196,1.188,1006.5,0.052,portland
41051,7/1/24,1573,1.249,1259,0.069,portland
41051,8/1/24,1422,1.073,1325.5,0.062,portland
41051,9/1/24,1523,1.169,1302.5,0.066,portland
41051,10/1/24,1662,1.089,1526.5,0.072,portland
41051,11/1/24,1196,1.023,1169,0.052,portland
41051,12/1/24,1485,1.107,1342,0.065,portland
41051,1/1/25,1447,1.089,1328.5,0.063,portland
41051,2/1/25,1392,1.237,1125,0.061,portland
41051,3/1/25,1340,1.051,1275,0.058,portland
41051,4/1/25,1532,1.599,958,0.067,portland
41051,5/1/25,1418,1.303,1088,0.062,portland
41051,6/1/25,1387,1.378,1006.5,0.06,portland
41051,7/1/25,1516,1.204,1259,0.066,portland
41051,8/1/25,1563,1.179,1325.5,0.068,portland
41051,9/1/25,1483,1.139,1302.5,0.065,portland
41051,10/1/25,1643,1.076,1526.5,0.072,portland
41051,11/1/25,1155,0.988,1169,0.05,portland
44007,1/1/20,641,1.002,640,0.069,providence
44007,2/1/20,440,0.998,441,0.047,providence
44007,3/1/20,211,0.373,566,0.023,providence
44007,4/1/20,0,0,440.5,0,providence
44007,5/1/20,0,0,541.5,0,providence
44007,6/1/20,341,0.686,497,0.037,providence
44007,7/1/20,302,0.566,534,0.033,providence
44007,8/1/20,336,0.606,554.5,0.036,providence
44007,9/1/20,345,0.592,582.5,0.037,providence
44007,10/1/20,327,0.69,474,0.035,providence
44007,11/1/20,383,1.076,356,0.041,providence
44007,12/1/20,330,0.864,382,0.036,providence
44007,1/1/21,320,0.5,640,0.035,providence
44007,2/1/21,246,0.577,426.5,0.027,providence
44007,3/1/21,352,0.622,566,0.038,providence
44007,4/1/21,236,0.536,440.5,0.025,providence
44007,5/1/21,306,0.565,541.5,0.033,providence
44007,6/1/21,375,0.755,497,0.04,providence
44007,7/1/21,326,0.61,534,0.035,providence
44007,8/1/21,317,0.572,554.5,0.034,providence
44007,9/1/21,423,0.726,582.5,0.046,providence
44007,10/1/21,356,0.751,474,0.038,providence
44007,11/1/21,378,1.062,356,0.041,providence
44007,12/1/21,337,0.882,382,0.036,providence
44007,1/1/22,358,0.559,640,0.039,providence
44007,2/1/22,390,0.914,426.5,0.042,providence
44007,3/1/22,351,0.62,566,0.038,providence
44007,4/1/22,335,0.76,440.5,0.036,providence
44007,5/1/22,360,0.665,541.5,0.039,providence
44007,6/1/22,436,0.877,497,0.047,providence
44007,7/1/22,381,0.713,534,0.041,providence
44007,8/1/22,594,1.071,554.5,0.064,providence
44007,9/1/22,490,0.841,582.5,0.053,providence
44007,10/1/22,571,1.205,474,0.062,providence
44007,11/1/22,488,1.371,356,0.053,providence
44007,12/1/22,489,1.28,382,0.053,providence
44007,1/1/23,672,1.05,640,0.072,providence
44007,2/1/23,416,0.975,426.5,0.045,providence
44007,3/1/23,676,1.194,566,0.073,providence
44007,4/1/23,401,0.91,440.5,0.043,providence
44007,5/1/23,589,1.088,541.5,0.064,providence
44007,6/1/23,542,1.091,497,0.058,providence
44007,7/1/23,506,0.948,534,0.055,providence
44007,8/1/23,633,1.142,554.5,0.068,providence
44007,9/1/23,597,1.025,582.5,0.064,providence
44007,10/1/23,692,1.46,474,0.075,providence
44007,11/1/23,484,1.36,356,0.052,providence
44007,12/1/23,412,1.079,382,0.044,providence
44007,1/1/24,605,0.945,640,0.065,providence
44007,2/1/24,464,1.052,441,0.05,providence
44007,3/1/24,453,0.8,566,0.049,providence
44007,4/1/24,478,1.085,440.5,0.052,providence
44007,5/1/24,491,0.907,541.5,0.053,providence
44007,6/1/24,448,0.901,497,0.048,providence
44007,7/1/24,559,1.047,534,0.06,providence
44007,8/1/24,474,0.855,554.5,0.051,providence
44007,9/1/24,562,0.965,582.5,0.061,providence
44007,10/1/24,253,0.534,474,0.027,providence
44007,11/1/24,227,0.638,356,0.024,providence
44007,12/1/24,350,0.916,382,0.038,providence
44007,1/1/25,396,0.619,640,0.043,providence
44007,2/1/25,305,0.715,426.5,0.033,providence
44007,3/1/25,361,0.638,566,0.039,providence
44007,4/1/25,360,0.817,440.5,0.039,providence
44007,5/1/25,390,0.72,541.5,0.042,providence
44007,6/1/25,343,0.69,497,0.037,providence
44007,7/1/25,480,0.899,534,0.052,providence
44007,8/1/25,441,0.795,554.5,0.048,providence
44007,9/1/25,543,0.932,582.5,0.059,providence
44007,10/1/25,524,1.105,474,0.057,providence
44007,11/1/25,340,0.955,356,0.037,providence
44007,12/1/25,430,1.126,382,0.046,providence
44007,1/1/26,448,0.7,640,0.048,providence
44007,2/1/26,296,0.694,426.5,0.032,providence
44,1/1/20,823,1,823,0.062,rhode_island
44,2/1/20,579,0.977,592.5,0.043,rhode_island
44,3/1/20,273,0.39,700.5,0.02,rhode_island
44,4/1/20,1,0.002,574,0,rhode_island
44,5/1/20,0,0,694.5,0,rhode_island
44,6/1/20,449,0.699,642,0.034,rhode_island
44,7/1/20,391,0.552,708,0.029,rhode_island
44,8/1/20,454,0.625,726,0.034,rhode_island
44,9/1/20,470,0.633,743,0.035,rhode_island
44,10/1/20,458,0.767,597,0.034,rhode_island
44,11/1/20,481,1.018,472.5,0.036,rhode_island
44,12/1/20,423,0.842,502.5,0.032,rhode_island
44,1/1/21,405,0.492,823,0.03,rhode_island
44,2/1/21,321,0.558,575.5,0.024,rhode_island
44,3/1/21,476,0.68,700.5,0.036,rhode_island
44,4/1/21,322,0.561,574,0.024,rhode_island
44,5/1/21,421,0.606,694.5,0.032,rhode_island
44,6/1/21,491,0.765,642,0.037,rhode_island
44,7/1/21,449,0.634,708,0.034,rhode_island
44,8/1/21,432,0.595,726,0.032,rhode_island
44,9/1/21,551,0.742,743,0.041,rhode_island
44,10/1/21,497,0.832,597,0.037,rhode_island
44,11/1/21,493,1.043,472.5,0.037,rhode_island
44,12/1/21,483,0.961,502.5,0.036,rhode_island
44,1/1/22,508,0.617,823,0.038,rhode_island
44,2/1/22,504,0.876,575.5,0.038,rhode_island
44,3/1/22,494,0.705,700.5,0.037,rhode_island
44,4/1/22,451,0.786,574,0.034,rhode_island
44,5/1/22,482,0.694,694.5,0.036,rhode_island
44,6/1/22,594,0.925,642,0.045,rhode_island
44,7/1/22,518,0.732,708,0.039,rhode_island
44,8/1/22,783,1.079,726,0.059,rhode_island
44,9/1/22,624,0.84,743,0.047,rhode_island
44,10/1/22,762,1.276,597,0.057,rhode_island
44,11/1/22,655,1.386,472.5,0.049,rhode_island
44,12/1/22,656,1.305,502.5,0.049,rhode_island
44,1/1/23,853,1.036,823,0.064,rhode_island
44,2/1/23,552,0.959,575.5,0.041,rhode_island
44,3/1/23,824,1.176,700.5,0.062,rhode_island
44,4/1/23,511,0.89,574,0.038,rhode_island
44,5/1/23,745,1.073,694.5,0.056,rhode_island
44,6/1/23,693,1.079,642,0.052,rhode_island
44,7/1/23,666,0.941,708,0.05,rhode_island
44,8/1/23,823,1.134,726,0.062,rhode_island
44,9/1/23,753,1.013,743,0.056,rhode_island
44,10/1/23,859,1.439,597,0.064,rhode_island
44,11/1/23,648,1.371,472.5,0.049,rhode_island
44,12/1/23,538,1.071,502.5,0.04,rhode_island
44,1/1/24,799,0.971,823,0.06,rhode_island
44,2/1/24,641,1.082,592.5,0.048,rhode_island
44,3/1/24,582,0.831,700.5,0.044,rhode_island
44,4/1/24,641,1.117,574,0.048,rhode_island
44,5/1/24,646,0.93,694.5,0.048,rhode_island
44,6/1/24,594,0.925,642,0.045,rhode_island
44,7/1/24,752,1.062,708,0.056,rhode_island
44,8/1/24,635,0.875,726,0.048,rhode_island
44,9/1/24,733,0.987,743,0.055,rhode_island
44,10/1/24,338,0.566,597,0.025,rhode_island
44,11/1/24,302,0.639,472.5,0.023,rhode_island
44,12/1/24,469,0.933,502.5,0.035,rhode_island
44,1/1/25,538,0.654,823,0.04,rhode_island
44,2/1/25,415,0.721,575.5,0.031,rhode_island
44,3/1/25,493,0.704,700.5,0.037,rhode_island
44,4/1/25,478,0.833,574,0.036,rhode_island
44,5/1/25,484,0.697,694.5,0.036,rhode_island
44,6/1/25,457,0.712,642,0.034,rhode_island
44,7/1/25,614,0.867,708,0.046,rhode_island
44,8/1/25,568,0.782,726,0.043,rhode_island
44,9/1/25,648,0.872,743,0.049,rhode_island
44,10/1/25,645,1.08,597,0.048,rhode_island
44,11/1/25,409,0.866,472.5,0.031,rhode_island
44,12/1/25,549,1.093,502.5,0.041,rhode_island
44,1/1/26,575,0.699,823,0.043,rhode_island
44,2/1/26,394,0.685,575.5,0.03,rhode_island
51760,1/1/20,1900,1.072,1772,0.259,richmond
51760,2/1/20,1540,0.879,1752.5,0.21,richmond
51760,3/1/20,977,0.528,1852,0.133,richmond
51760,4/1/20,212,0.146,1447.5,0.029,richmond
51760,5/1/20,352,0.2,1760.5,0.048,richmond
51760,6/1/20,186,0.099,1885.5,0.025,richmond
51760,7/1/20,514,0.304,1691,0.07,richmond
51760,8/1/20,637,0.349,1827,0.087,richmond
51760,9/1/20,1320,0.845,1563,0.18,richmond
51760,10/1/20,1213,0.634,1913.5,0.166,richmond
51760,11/1/20,354,0.222,1595,0.048,richmond
51760,12/1/20,121,0.074,1640.5,0.017,richmond
51760,1/1/21,312,0.176,1772,0.043,richmond
51760,2/1/21,263,0.157,1670.5,0.036,richmond
51760,3/1/21,451,0.244,1852,0.062,richmond
51760,4/1/21,379,0.262,1447.5,0.052,richmond
51760,5/1/21,389,0.221,1760.5,0.053,richmond
51760,6/1/21,358,0.19,1885.5,0.049,richmond
51760,7/1/21,477,0.282,1691,0.065,richmond
51760,8/1/21,678,0.371,1827,0.093,richmond
51760,9/1/21,379,0.242,1563,0.052,richmond
51760,10/1/21,457,0.239,1913.5,0.062,richmond
51760,11/1/21,434,0.272,1595,0.059,richmond
51760,12/1/21,302,0.184,1640.5,0.041,richmond
51760,1/1/22,568,0.321,1772,0.078,richmond
51760,2/1/22,801,0.479,1670.5,0.109,richmond
51760,3/1/22,1056,0.57,1852,0.144,richmond
51760,4/1/22,831,0.574,1447.5,0.113,richmond
51760,5/1/22,836,0.475,1760.5,0.114,richmond
51760,6/1/22,957,0.508,1885.5,0.131,richmond
51760,7/1/22,1491,0.882,1691,0.204,richmond
51760,8/1/22,1935,1.059,1827,0.264,richmond
51760,9/1/22,1721,1.101,1563,0.235,richmond
51760,10/1/22,1904,0.995,1913.5,0.26,richmond
51760,11/1/22,1661,1.041,1595,0.227,richmond
51760,12/1/22,1630,0.994,1640.5,0.222,richmond
51760,1/1/23,1726,0.974,1772,0.236,richmond
51760,2/1/23,1758,1.052,1670.5,0.24,richmond
51760,3/1/23,1857,1.003,1852,0.253,richmond
51760,4/1/23,1498,1.035,1447.5,0.204,richmond
51760,5/1/23,1711,0.972,1760.5,0.234,richmond
51760,6/1/23,1750,0.928,1885.5,0.239,richmond
51760,7/1/23,1628,0.963,1691,0.222,richmond
51760,8/1/23,1707,0.934,1827,0.233,richmond
51760,9/1/23,1459,0.933,1563,0.199,richmond
51760,10/1/23,1895,0.99,1913.5,0.259,richmond
51760,11/1/23,1507,0.945,1595,0.206,richmond
51760,12/1/23,1709,1.042,1640.5,0.233,richmond
51760,1/1/24,1819,1.027,1772,0.248,richmond
51760,2/1/24,1747,0.997,1752.5,0.238,richmond
51760,3/1/24,1846,0.997,1852,0.252,richmond
51760,4/1/24,1396,0.964,1447.5,0.191,richmond
51760,5/1/24,1810,1.028,1760.5,0.247,richmond
51760,6/1/24,2022,1.072,1885.5,0.276,richmond
51760,7/1/24,1754,1.037,1691,0.239,richmond
51760,8/1/24,1947,1.066,1827,0.266,richmond
51760,9/1/24,1667,1.067,1563,0.228,richmond
51760,10/1/24,1932,1.01,1913.5,0.264,richmond
51760,11/1/24,1683,1.055,1595,0.23,richmond
51760,12/1/24,1572,0.958,1640.5,0.215,richmond
51760,1/1/25,2256,1.273,1772,0.308,richmond
51760,2/1/25,1450,0.868,1670.5,0.198,richmond
51760,3/1/25,1654,0.893,1852,0.226,richmond
51760,4/1/25,1395,0.964,1447.5,0.19,richmond
51760,5/1/25,1950,1.108,1760.5,0.266,richmond
51760,6/1/25,1708,0.906,1885.5,0.233,richmond
51760,7/1/25,1898,1.122,1691,0.259,richmond
51760,8/1/25,1769,0.968,1827,0.241,richmond
51760,9/1/25,1519,0.972,1563,0.207,richmond
51760,10/1/25,2122,1.109,1913.5,0.29,richmond
51760,11/1/25,1558,0.977,1595,0.213,richmond
51760,12/1/25,1752,1.068,1640.5,0.239,richmond
51760,1/1/26,1717,0.969,1772,0.234,richmond
51760,2/1/26,1402,0.839,1670.5,0.191,richmond
18141,1/1/20,278,1.063,261.5,0.101,southbend
18141,2/1/20,203,0.796,255,0.074,southbend
18141,3/1/20,70,0.328,213.5,0.025,southbend
18141,4/1/20,18,0.09,200.5,0.007,southbend
18141,5/1/20,22,0.089,248,0.008,southbend
18141,6/1/20,55,0.235,234.5,0.02,southbend
18141,7/1/20,39,0.154,253.5,0.014,southbend
18141,8/1/20,135,0.579,233,0.049,southbend
18141,9/1/20,148,0.637,232.5,0.054,southbend
18141,10/1/20,124,0.486,255,0.045,southbend
18141,11/1/20,108,0.456,237,0.039,southbend
18141,12/1/20,125,0.458,273,0.045,southbend
18141,1/1/21,154,0.589,261.5,0.056,southbend
18141,2/1/21,119,0.471,252.5,0.043,southbend
18141,3/1/21,141,0.66,213.5,0.051,southbend
18141,4/1/21,133,0.663,200.5,0.048,southbend
18141,5/1/21,102,0.411,248,0.037,southbend
18141,6/1/21,149,0.635,234.5,0.054,southbend
18141,7/1/21,161,0.635,253.5,0.058,southbend
18141,8/1/21,139,0.597,233,0.05,southbend
18141,9/1/21,179,0.77,232.5,0.065,southbend
18141,10/1/21,205,0.804,255,0.074,southbend
18141,11/1/21,201,0.848,237,0.073,southbend
18141,12/1/21,188,0.689,273,0.068,southbend
18141,1/1/22,231,0.883,261.5,0.084,southbend
18141,2/1/22,202,0.8,252.5,0.073,southbend
18141,3/1/22,203,0.951,213.5,0.074,southbend
18141,4/1/22,180,0.898,200.5,0.065,southbend
18141,5/1/22,241,0.972,248,0.087,southbend
18141,6/1/22,253,1.079,234.5,0.092,southbend
18141,7/1/22,251,0.99,253.5,0.091,southbend
18141,8/1/22,272,1.167,233,0.099,southbend
18141,9/1/22,237,1.019,232.5,0.086,southbend
18141,10/1/22,256,1.004,255,0.093,southbend
18141,11/1/22,282,1.19,237,0.102,southbend
18141,12/1/22,272,0.996,273,0.099,southbend
18141,1/1/23,270,1.033,261.5,0.098,southbend
18141,2/1/23,228,0.903,252.5,0.083,southbend
18141,3/1/23,231,1.082,213.5,0.084,southbend
18141,4/1/23,177,0.883,200.5,0.064,southbend
18141,5/1/23,257,1.036,248,0.093,southbend
18141,6/1/23,219,0.934,234.5,0.079,southbend
18141,7/1/23,284,1.12,253.5,0.103,southbend
18141,8/1/23,229,0.983,233,0.083,southbend
18141,9/1/23,187,0.804,232.5,0.068,southbend
18141,10/1/23,234,0.918,255,0.085,southbend
18141,11/1/23,189,0.797,237,0.069,southbend
18141,12/1/23,223,0.817,273,0.081,southbend
18141,1/1/24,248,0.948,261.5,0.09,southbend
18141,2/1/24,272,1.067,255,0.099,southbend
18141,3/1/24,184,0.862,213.5,0.067,southbend
18141,4/1/24,213,1.062,200.5,0.077,southbend
18141,5/1/24,223,0.899,248,0.081,southbend
18141,6/1/24,235,1.002,234.5,0.085,southbend
18141,7/1/24,201,0.793,253.5,0.073,southbend
18141,8/1/24,216,0.927,233,0.078,southbend
18141,9/1/24,260,1.118,232.5,0.094,southbend
18141,10/1/24,262,1.027,255,0.095,southbend
18141,11/1/24,275,1.16,237,0.1,southbend
18141,12/1/24,323,1.183,273,0.117,southbend
18141,1/1/25,232,0.887,261.5,0.084,southbend
18141,2/1/25,184,0.729,252.5,0.067,southbend
18141,3/1/25,226,1.059,213.5,0.082,southbend
18141,4/1/25,244,1.217,200.5,0.089,southbend
18141,5/1/25,244,0.984,248,0.089,southbend
18141,6/1/25,275,1.173,234.5,0.1,southbend
18141,7/1/25,277,1.093,253.5,0.101,southbend
18141,8/1/25,231,0.991,233,0.084,southbend
18141,9/1/25,299,1.286,232.5,0.109,southbend
18141,10/1/25,227,0.89,255,0.082,southbend
18141,11/1/25,174,0.734,237,0.063,southbend
18141,12/1/25,253,0.927,273,0.092,southbend
18141,1/1/26,214,0.818,261.5,0.078,southbend
18141,2/1/26,146,0.578,252.5,0.053,southbend
41019,1/1/20,252,0.902,279.5,0.04,southwest
41019,2/1/20,185,0.849,218,0.029,southwest
41019,3/1/20,138,0.607,227.5,0.022,southwest
41019,4/1/20,33,0.173,190.5,0.005,southwest
41019,5/1/20,38,0.163,233.5,0.006,southwest
41019,6/1/20,45,0.203,222,0.007,southwest
41019,7/1/20,68,0.274,248,0.011,southwest
41019,8/1/20,81,0.339,239,0.013,southwest
41019,9/1/20,92,0.403,228.5,0.015,southwest
41019,10/1/20,92,0.375,245.5,0.015,southwest
41019,11/1/20,86,0.41,210,0.014,southwest
41019,12/1/20,82,0.362,226.5,0.013,southwest
41019,1/1/21,75,0.268,279.5,0.012,southwest
41019,2/1/21,81,0.379,213.5,0.013,southwest
41019,3/1/21,93,0.409,227.5,0.015,southwest
41019,4/1/21,101,0.53,190.5,0.016,southwest
41019,5/1/21,96,0.411,233.5,0.015,southwest
41019,6/1/21,108,0.486,222,0.017,southwest
41019,7/1/21,142,0.573,248,0.023,southwest
41019,8/1/21,186,0.778,239,0.03,southwest
41019,9/1/21,150,0.656,228.5,0.024,southwest
41019,10/1/21,170,0.692,245.5,0.027,southwest
41019,11/1/21,181,0.862,210,0.029,southwest
41019,12/1/21,148,0.653,226.5,0.024,southwest
41019,1/1/22,159,0.569,279.5,0.025,southwest
41019,2/1/22,170,0.796,213.5,0.027,southwest
41019,3/1/22,196,0.862,227.5,0.031,southwest
41019,4/1/22,196,1.029,190.5,0.031,southwest
41019,5/1/22,207,0.887,233.5,0.033,southwest
41019,6/1/22,242,1.09,222,0.039,southwest
41019,7/1/22,221,0.891,248,0.035,southwest
41019,8/1/22,299,1.251,239,0.048,southwest
41019,9/1/22,238,1.042,228.5,0.038,southwest
41019,10/1/22,346,1.409,245.5,0.055,southwest
41019,11/1/22,314,1.495,210,0.05,southwest
41019,12/1/22,223,0.985,226.5,0.036,southwest
41019,1/1/23,325,1.163,279.5,0.052,southwest
41019,2/1/23,226,1.059,213.5,0.036,southwest
41019,3/1/23,250,1.099,227.5,0.04,southwest
41019,4/1/23,143,0.751,190.5,0.023,southwest
41019,5/1/23,228,0.976,233.5,0.036,southwest
41019,6/1/23,244,1.099,222,0.039,southwest
41019,7/1/23,225,0.907,248,0.036,southwest
41019,8/1/23,230,0.962,239,0.037,southwest
41019,9/1/23,211,0.923,228.5,0.034,southwest
41019,10/1/23,253,1.031,245.5,0.04,southwest
41019,11/1/23,213,1.014,210,0.034,southwest
41019,12/1/23,232,1.024,226.5,0.037,southwest
41019,1/1/24,234,0.837,279.5,0.037,southwest
41019,2/1/24,210,0.963,218,0.033,southwest
41019,3/1/24,205,0.901,227.5,0.033,southwest
41019,4/1/24,238,1.249,190.5,0.038,southwest
41019,5/1/24,239,1.024,233.5,0.038,southwest
41019,6/1/24,200,0.901,222,0.032,southwest
41019,7/1/24,271,1.093,248,0.043,southwest
41019,8/1/24,248,1.038,239,0.04,southwest
41019,9/1/24,246,1.077,228.5,0.039,southwest
41019,10/1/24,238,0.969,245.5,0.038,southwest
41019,11/1/24,207,0.986,210,0.033,southwest
41019,12/1/24,221,0.976,226.5,0.035,southwest
41019,1/1/25,267,0.955,279.5,0.043,southwest
41019,2/1/25,213,0.998,213.5,0.034,southwest
41019,3/1/25,239,1.051,227.5,0.038,southwest
41019,4/1/25,272,1.428,190.5,0.043,southwest
41019,5/1/25,264,1.131,233.5,0.042,southwest
41019,6/1/25,252,1.135,222,0.04,southwest
41019,7/1/25,289,1.165,248,0.046,southwest
41019,8/1/25,263,1.1,239,0.042,southwest
41019,9/1/25,291,1.274,228.5,0.046,southwest
41019,10/1/25,265,1.079,245.5,0.042,southwest
41019,11/1/25,219,1.043,210,0.035,southwest
29510,1/1/20,1464,1.029,1423,0.087,stlouis
29510,2/1/20,1143,0.834,1370,0.068,stlouis
29510,3/1/20,816,0.61,1338,0.049,stlouis
29510,4/1/20,153,0.131,1171,0.009,stlouis
29510,5/1/20,171,0.137,1244.5,0.01,stlouis
29510,6/1/20,200,0.144,1388,0.012,stlouis
29510,7/1/20,584,0.455,1283,0.035,stlouis
29510,8/1/20,666,0.469,1420.5,0.04,stlouis
29510,9/1/20,668,0.605,1104.5,0.04,stlouis
29510,10/1/20,827,0.581,1423,0.049,stlouis
29510,11/1/20,698,0.526,1326.5,0.042,stlouis
29510,12/1/20,824,0.802,1027.5,0.049,stlouis
29510,1/1/21,730,0.513,1423,0.043,stlouis
29510,2/1/21,460,0.342,1346,0.027,stlouis
29510,3/1/21,665,0.497,1338,0.04,stlouis
29510,4/1/21,478,0.408,1171,0.028,stlouis
29510,5/1/21,632,0.508,1244.5,0.038,stlouis
29510,6/1/21,844,0.608,1388,0.05,stlouis
29510,7/1/21,837,0.652,1283,0.05,stlouis
29510,8/1/21,763,0.537,1420.5,0.045,stlouis
29510,9/1/21,943,0.854,1104.5,0.056,stlouis
29510,10/1/21,1064,0.748,1423,0.063,stlouis
29510,11/1/21,847,0.639,1326.5,0.05,stlouis
29510,12/1/21,839,0.817,1027.5,0.05,stlouis
29510,1/1/22,1196,0.84,1423,0.071,stlouis
29510,2/1/22,954,0.709,1346,0.057,stlouis
29510,3/1/22,1138,0.851,1338,0.068,stlouis
29510,4/1/22,1074,0.917,1171,0.064,stlouis
29510,5/1/22,1070,0.86,1244.5,0.064,stlouis
29510,6/1/22,1207,0.87,1388,0.072,stlouis
29510,7/1/22,1324,1.032,1283,0.079,stlouis
29510,8/1/22,1697,1.195,1420.5,0.101,stlouis
29510,9/1/22,1326,1.201,1104.5,0.079,stlouis
29510,10/1/22,1532,1.077,1423,0.091,stlouis
29510,11/1/22,1256,0.947,1326.5,0.075,stlouis
29510,12/1/22,1356,1.32,1027.5,0.081,stlouis
29510,1/1/23,1355,0.952,1423,0.081,stlouis
29510,2/1/23,1525,1.133,1346,0.091,stlouis
29510,3/1/23,1682,1.257,1338,0.1,stlouis
29510,4/1/23,1438,1.228,1171,0.086,stlouis
29510,5/1/23,1579,1.269,1244.5,0.094,stlouis
29510,6/1/23,1675,1.207,1388,0.1,stlouis
29510,7/1/23,1415,1.103,1283,0.084,stlouis
29510,8/1/23,1600,1.126,1420.5,0.095,stlouis
29510,9/1/23,1637,1.482,1104.5,0.097,stlouis
29510,10/1/23,1670,1.174,1423,0.099,stlouis
29510,11/1/23,1471,1.109,1326.5,0.088,stlouis
29510,12/1/23,1255,1.221,1027.5,0.075,stlouis
29510,1/1/24,1541,1.083,1423,0.092,stlouis
29510,2/1/24,1361,0.993,1370,0.081,stlouis
29510,3/1/24,1236,0.924,1338,0.074,stlouis
29510,4/1/24,1282,1.095,1171,0.076,stlouis
29510,5/1/24,1481,1.19,1244.5,0.088,stlouis
29510,6/1/24,1285,0.926,1388,0.076,stlouis
29510,7/1/24,1608,1.253,1283,0.096,stlouis
29510,8/1/24,1545,1.088,1420.5,0.092,stlouis
29510,9/1/24,1442,1.306,1104.5,0.086,stlouis
29510,10/1/24,1437,1.01,1423,0.086,stlouis
29510,11/1/24,1361,1.026,1326.5,0.081,stlouis
29510,12/1/24,1363,1.327,1027.5,0.081,stlouis
29510,1/1/25,1657,1.164,1423,0.099,stlouis
29510,2/1/25,1434,1.065,1346,0.085,stlouis
29510,3/1/25,1132,0.846,1338,0.067,stlouis
29510,4/1/25,1358,1.16,1171,0.081,stlouis
29510,5/1/25,1394,1.12,1244.5,0.083,stlouis
29510,6/1/25,1319,0.95,1388,0.079,stlouis
29510,7/1/25,1793,1.398,1283,0.107,stlouis
29510,8/1/25,1392,0.98,1420.5,0.083,stlouis
29510,9/1/25,1620,1.467,1104.5,0.096,stlouis
29510,10/1/25,1359,0.955,1423,0.081,stlouis
29510,11/1/25,1266,0.954,1326.5,0.075,stlouis
29510,12/1/25,1427,1.389,1027.5,0.085,stlouis
29510,1/1/26,1406,0.988,1423,0.084,stlouis
29510,2/1/26,1308,0.972,1346,0.078,stlouis
53053,1/1/20,228,1.169,195,0.022,tacoma
53053,2/1/20,195,0.844,231,0.018,tacoma
53053,3/1/20,137,0.507,270,0.013,tacoma
53053,4/1/20,6,0.026,234,0.001,tacoma
53053,5/1/20,3,0.011,267,0,tacoma
53053,6/1/20,4,0.014,283.5,0,tacoma
53053,7/1/20,6,0.021,292.5,0.001,tacoma
53053,8/1/20,16,0.054,297,0.002,tacoma
53053,9/1/20,34,0.123,275.5,0.003,tacoma
53053,10/1/20,36,0.113,319,0.003,tacoma
53053,11/1/20,37,0.135,275,0.003,tacoma
53053,12/1/20,32,0.128,250,0.003,tacoma
53053,1/1/21,28,0.144,195,0.003,tacoma
53053,2/1/21,36,0.162,222,0.003,tacoma
53053,3/1/21,41,0.152,270,0.004,tacoma
53053,4/1/21,26,0.111,234,0.002,tacoma
53053,5/1/21,29,0.109,267,0.003,tacoma
53053,6/1/21,26,0.092,283.5,0.002,tacoma
53053,7/1/21,43,0.147,292.5,0.004,tacoma
53053,8/1/21,61,0.205,297,0.006,tacoma
53053,9/1/21,48,0.174,275.5,0.005,tacoma
53053,10/1/21,53,0.166,319,0.005,tacoma
53053,11/1/21,56,0.204,275,0.005,tacoma
53053,12/1/21,107,0.428,250,0.01,tacoma
53053,1/1/22,136,0.697,195,0.013,tacoma
53053,2/1/22,119,0.536,222,0.011,tacoma
53053,3/1/22,160,0.593,270,0.015,tacoma
53053,4/1/22,120,0.513,234,0.011,tacoma
53053,5/1/22,159,0.596,267,0.015,tacoma
53053,6/1/22,188,0.663,283.5,0.018,tacoma
53053,7/1/22,215,0.735,292.5,0.02,tacoma
53053,8/1/22,211,0.71,297,0.02,tacoma
53053,9/1/22,187,0.679,275.5,0.018,tacoma
53053,10/1/22,198,0.621,319,0.019,tacoma
53053,11/1/22,165,0.6,275,0.016,tacoma
53053,12/1/22,145,0.58,250,0.014,tacoma
53053,1/1/23,117,0.6,195,0.011,tacoma
53053,2/1/23,173,0.779,222,0.016,tacoma
53053,3/1/23,239,0.885,270,0.023,tacoma
53053,4/1/23,203,0.868,234,0.019,tacoma
53053,5/1/23,206,0.772,267,0.019,tacoma
53053,6/1/23,238,0.84,283.5,0.022,tacoma
53053,7/1/23,275,0.94,292.5,0.026,tacoma
53053,8/1/23,301,1.013,297,0.028,tacoma
53053,9/1/23,251,0.911,275.5,0.024,tacoma
53053,10/1/23,306,0.959,319,0.029,tacoma
53053,11/1/23,288,1.047,275,0.027,tacoma
53053,12/1/23,269,1.076,250,0.025,tacoma
53053,1/1/24,273,1.4,195,0.026,tacoma
53053,2/1/24,289,1.251,231,0.027,tacoma
53053,3/1/24,301,1.115,270,0.028,tacoma
53053,4/1/24,265,1.132,234,0.025,tacoma
53053,5/1/24,328,1.228,267,0.031,tacoma
53053,6/1/24,329,1.16,283.5,0.031,tacoma
53053,7/1/24,310,1.06,292.5,0.029,tacoma
53053,8/1/24,293,0.987,297,0.028,tacoma
53053,9/1/24,300,1.089,275.5,0.028,tacoma
53053,10/1/24,332,1.041,319,0.031,tacoma
53053,11/1/24,262,0.953,275,0.025,tacoma
53053,12/1/24,231,0.924,250,0.022,tacoma
53053,1/1/25,332,1.703,195,0.031,tacoma
53053,2/1/25,284,1.279,222,0.027,tacoma
53053,3/1/25,325,1.204,270,0.031,tacoma
53053,4/1/25,247,1.056,234,0.023,tacoma
53053,5/1/25,294,1.101,267,0.028,tacoma
53053,6/1/25,268,0.945,283.5,0.025,tacoma
53053,7/1/25,319,1.091,292.5,0.03,tacoma
53053,8/1/25,291,0.98,297,0.027,tacoma
53053,9/1/25,241,0.875,275.5,0.023,tacoma
53053,10/1/25,289,0.906,319,0.027,tacoma
53053,11/1/25,237,0.862,275,0.022,tacoma
53053,12/1/25,351,1.404,250,0.033,tacoma
53053,1/1/26,353,1.81,195,0.033,tacoma
53053,2/1/26,274,1.234,222,0.026,tacoma
12103,1/1/20,1659,0.896,1852,0.054,tampa
12103,2/1/20,1368,0.835,1638.5,0.045,tampa
12103,3/1/20,1061,0.709,1495.5,0.035,tampa
12103,4/1/20,304,0.211,1438,0.01,tampa
12103,5/1/20,352,0.209,1687,0.011,tampa
12103,6/1/20,396,0.24,1647,0.013,tampa
12103,7/1/20,215,0.125,1719,0.007,tampa
12103,8/1/20,870,0.472,1842.5,0.028,tampa
12103,9/1/20,1113,0.648,1717,0.036,tampa
12103,10/1/20,1469,0.891,1649.5,0.048,tampa
12103,11/1/20,1360,0.913,1490,0.044,tampa
12103,12/1/20,1431,0.871,1642,0.047,tampa
12103,1/1/21,1370,0.74,1852,0.045,tampa
12103,2/1/21,1320,0.831,1588.5,0.043,tampa
12103,3/1/21,1131,0.756,1495.5,0.037,tampa
12103,4/1/21,942,0.655,1438,0.031,tampa
12103,5/1/21,879,0.521,1687,0.029,tampa
12103,6/1/21,1066,0.647,1647,0.035,tampa
12103,7/1/21,1094,0.636,1719,0.036,tampa
12103,8/1/21,1102,0.598,1842.5,0.036,tampa
12103,9/1/21,1156,0.673,1717,0.038,tampa
12103,10/1/21,1305,0.791,1649.5,0.043,tampa
12103,11/1/21,1247,0.837,1490,0.041,tampa
12103,12/1/21,1087,0.662,1642,0.035,tampa
12103,1/1/22,1258,0.679,1852,0.041,tampa
12103,2/1/22,1160,0.73,1588.5,0.038,tampa
12103,3/1/22,1339,0.895,1495.5,0.044,tampa
12103,4/1/22,1252,0.871,1438,0.041,tampa
12103,5/1/22,1347,0.798,1687,0.044,tampa
12103,6/1/22,1579,0.959,1647,0.051,tampa
12103,7/1/22,1651,0.96,1719,0.054,tampa
12103,8/1/22,1841,0.999,1842.5,0.06,tampa
12103,9/1/22,1571,0.915,1717,0.051,tampa
12103,10/1/22,1837,1.114,1649.5,0.06,tampa
12103,11/1/22,1578,1.059,1490,0.051,tampa
12103,12/1/22,1623,0.988,1642,0.053,tampa
12103,1/1/23,1868,1.009,1852,0.061,tampa
12103,2/1/23,1607,1.012,1588.5,0.052,tampa
12103,3/1/23,1520,1.016,1495.5,0.05,tampa
12103,4/1/23,1322,0.919,1438,0.043,tampa
12103,5/1/23,1763,1.045,1687,0.057,tampa
12103,6/1/23,1769,1.074,1647,0.058,tampa
12103,7/1/23,1633,0.95,1719,0.053,tampa
12103,8/1/23,1919,1.042,1842.5,0.063,tampa
12103,9/1/23,1861,1.084,1717,0.061,tampa
12103,10/1/23,1872,1.135,1649.5,0.061,tampa
12103,11/1/23,1529,1.026,1490,0.05,tampa
12103,12/1/23,1599,0.974,1642,0.052,tampa
12103,1/1/24,1836,0.991,1852,0.06,tampa
12103,2/1/24,1672,1.02,1638.5,0.054,tampa
12103,3/1/24,1471,0.984,1495.5,0.048,tampa
12103,4/1/24,1554,1.081,1438,0.051,tampa
12103,5/1/24,1613,0.956,1687,0.053,tampa
12103,6/1/24,1525,0.926,1647,0.05,tampa
12103,7/1/24,1805,1.05,1719,0.059,tampa
12103,8/1/24,1765,0.958,1842.5,0.057,tampa
12103,9/1/24,1573,0.916,1717,0.051,tampa
12103,10/1/24,1428,0.866,1649.5,0.047,tampa
12103,11/1/24,1451,0.974,1490,0.047,tampa
12103,12/1/24,1684,1.026,1642,0.055,tampa
12103,1/1/25,1744,0.942,1852,0.057,tampa
12103,2/1/25,1447,0.911,1588.5,0.047,tampa
12103,3/1/25,1393,0.931,1495.5,0.045,tampa
12103,4/1/25,1225,0.852,1438,0.04,tampa
12103,5/1/25,1452,0.861,1687,0.047,tampa
12103,6/1/25,1495,0.908,1647,0.049,tampa
12103,7/1/25,1634,0.951,1719,0.053,tampa
12103,8/1/25,1548,0.84,1842.5,0.05,tampa
12103,9/1/25,1783,1.038,1717,0.058,tampa
12103,10/1/25,1524,0.924,1649.5,0.05,tampa
12103,11/1/25,1521,0.442,1490,0.021,tampa
12103,12/1/25,1519,0.278,1642,0.015,tampa
51,1/1/20,15866,1.249,12707.5,0.174,virginia
51,2/1/20,12691,1.107,11465.5,0.139,virginia
51,3/1/20,5832,0.525,11103,0.064,virginia
51,4/1/20,851,0.086,9857.5,0.009,virginia
51,5/1/20,1560,0.137,11348.5,0.017,virginia
51,6/1/20,1839,0.156,11805,0.02,virginia
51,7/1/20,4946,0.426,11613.5,0.054,virginia
51,8/1/20,4787,0.403,11880.5,0.052,virginia
51,9/1/20,7855,0.682,11512.5,0.086,virginia
51,10/1/20,9138,0.732,12475.5,0.1,virginia
51,11/1/20,3957,0.366,10821.5,0.043,virginia
51,12/1/20,1489,0.137,10831.5,0.016,virginia
51,1/1/21,2407,0.189,12707.5,0.026,virginia
51,2/1/21,2571,0.23,11164,0.028,virginia
51,3/1/21,3675,0.331,11103,0.04,virginia
51,4/1/21,2945,0.299,9857.5,0.032,virginia
51,5/1/21,2984,0.263,11348.5,0.033,virginia
51,6/1/21,3777,0.32,11805,0.041,virginia
51,7/1/21,4145,0.357,11613.5,0.045,virginia
51,8/1/21,4488,0.378,11880.5,0.049,virginia
51,9/1/21,3176,0.276,11512.5,0.035,virginia
51,10/1/21,3579,0.287,12475.5,0.039,virginia
51,11/1/21,3698,0.342,10821.5,0.041,virginia
51,12/1/21,3245,0.3,10831.5,0.036,virginia
51,1/1/22,4013,0.316,12707.5,0.044,virginia
51,2/1/22,4207,0.377,11164,0.046,virginia
51,3/1/22,6411,0.577,11103,0.07,virginia
51,4/1/22,5434,0.551,9857.5,0.06,virginia
51,5/1/22,5907,0.521,11348.5,0.065,virginia
51,6/1/22,7606,0.644,11805,0.083,virginia
51,7/1/22,10776,0.928,11613.5,0.118,virginia
51,8/1/22,12687,1.068,11880.5,0.139,virginia
51,9/1/22,12065,1.048,11512.5,0.132,virginia
51,10/1/22,12146,0.974,12475.5,0.133,virginia
51,11/1/22,10562,0.976,10821.5,0.116,virginia
51,12/1/22,10921,1.008,10831.5,0.12,virginia
51,1/1/23,12758,1.004,12707.5,0.14,virginia
51,2/1/23,10530,0.943,11164,0.115,virginia
51,3/1/23,11717,1.055,11103,0.128,virginia
51,4/1/23,9631,0.977,9857.5,0.105,virginia
51,5/1/23,11279,0.994,11348.5,0.124,virginia
51,6/1/23,11871,1.006,11805,0.13,virginia
51,7/1/23,11681,1.006,11613.5,0.128,virginia
51,8/1/23,11916,1.003,11880.5,0.131,virginia
51,9/1/23,11466,0.996,11512.5,0.126,virginia
51,10/1/23,12415,0.995,12475.5,0.136,virginia
51,11/1/23,10388,0.96,10821.5,0.114,virginia
51,12/1/23,11234,1.037,10831.5,0.123,virginia
51,1/1/24,12658,0.996,12707.5,0.139,virginia
51,2/1/24,12400,1.082,11465.5,0.136,virginia
51,3/1/24,10487,0.945,11103,0.115,virginia
51,4/1/24,10082,1.023,9857.5,0.11,virginia
51,5/1/24,11419,1.006,11348.5,0.125,virginia
51,6/1/24,11744,0.995,11805,0.129,virginia
51,7/1/24,11546,0.994,11613.5,0.126,virginia
51,8/1/24,11845,0.997,11880.5,0.13,virginia
51,9/1/24,11560,1.004,11512.5,0.127,virginia
51,10/1/24,12536,1.005,12475.5,0.137,virginia
51,11/1/24,11255,1.04,10821.5,0.123,virginia
51,12/1/24,10429,0.963,10831.5,0.114,virginia
51,1/1/25,14590,1.148,12707.5,0.16,virginia
51,2/1/25,10161,0.91,11164,0.111,virginia
51,3/1/25,11563,1.041,11103,0.127,virginia
51,4/1/25,10358,1.051,9857.5,0.113,virginia
51,5/1/25,11904,1.049,11348.5,0.13,virginia
51,6/1/25,10882,0.922,11805,0.119,virginia
51,7/1/25,13152,1.132,11613.5,0.144,virginia
51,8/1/25,11685,0.984,11880.5,0.128,virginia
51,9/1/25,11970,1.04,11512.5,0.131,virginia
51,10/1/25,12964,1.039,12475.5,0.142,virginia
51,11/1/25,10193,0.942,10821.5,0.112,virginia
51,12/1/25,10627,0.981,10831.5,0.116,virginia
51,1/1/26,12931,1.018,12707.5,0.142,virginia
51,2/1/26,8150,0.73,11164,0.089,virginia
10003,1/1/20,919,1.263,727.5,0.163,wilmington
10003,2/1/20,919,1.253,733.5,0.163,wilmington
10003,3/1/20,415,0.619,670,0.074,wilmington
10003,4/1/20,5,0.009,552.5,0.001,wilmington
10003,5/1/20,9,0.014,656,0.002,wilmington
10003,6/1/20,23,0.033,704.5,0.004,wilmington
10003,7/1/20,307,0.407,755,0.055,wilmington
10003,8/1/20,384,0.489,786,0.068,wilmington
10003,9/1/20,480,0.641,749,0.085,wilmington
10003,10/1/20,489,0.623,785,0.087,wilmington
10003,11/1/20,450,0.665,676.5,0.08,wilmington
10003,12/1/20,379,0.64,592,0.067,wilmington
10003,1/1/21,332,0.456,727.5,0.059,wilmington
10003,2/1/21,419,0.599,699,0.074,wilmington
10003,3/1/21,420,0.627,670,0.075,wilmington
10003,4/1/21,333,0.603,552.5,0.059,wilmington
10003,5/1/21,299,0.456,656,0.053,wilmington
10003,6/1/21,341,0.484,704.5,0.061,wilmington
10003,7/1/21,364,0.482,755,0.065,wilmington
10003,8/1/21,523,0.665,786,0.093,wilmington
10003,9/1/21,518,0.692,749,0.092,wilmington
10003,10/1/21,633,0.806,785,0.112,wilmington
10003,11/1/21,503,0.744,676.5,0.089,wilmington
10003,12/1/21,592,1,592,0.105,wilmington
10003,1/1/22,576,0.792,727.5,0.102,wilmington
10003,2/1/22,590,0.844,699,0.105,wilmington
10003,3/1/22,697,1.04,670,0.124,wilmington
10003,4/1/22,644,1.166,552.5,0.114,wilmington
10003,5/1/22,549,0.837,656,0.098,wilmington
10003,6/1/22,624,0.886,704.5,0.111,wilmington
10003,7/1/22,575,0.762,755,0.102,wilmington
10003,8/1/22,828,1.053,786,0.147,wilmington
10003,9/1/22,661,0.883,749,0.117,wilmington
10003,10/1/22,641,0.817,785,0.114,wilmington
10003,11/1/22,624,0.922,676.5,0.111,wilmington
10003,12/1/22,670,1.132,592,0.119,wilmington
10003,1/1/23,816,1.122,727.5,0.145,wilmington
10003,2/1/23,784,1.122,699,0.139,wilmington
10003,3/1/23,705,1.052,670,0.125,wilmington
10003,4/1/23,519,0.939,552.5,0.092,wilmington
10003,5/1/23,656,1,656,0.117,wilmington
10003,6/1/23,711,1.009,704.5,0.126,wilmington
10003,7/1/23,709,0.939,755,0.126,wilmington
10003,8/1/23,854,1.087,786,0.152,wilmington
10003,9/1/23,665,0.888,749,0.118,wilmington
10003,10/1/23,685,0.873,785,0.122,wilmington
10003,11/1/23,725,1.072,676.5,0.129,wilmington
10003,12/1/23,616,1.041,592,0.109,wilmington
10003,1/1/24,549,0.755,727.5,0.098,wilmington
10003,2/1/24,581,0.792,733.5,0.103,wilmington
10003,3/1/24,556,0.83,670,0.099,wilmington
10003,4/1/24,548,0.992,552.5,0.097,wilmington
10003,5/1/24,578,0.881,656,0.103,wilmington
10003,6/1/24,605,0.859,704.5,0.107,wilmington
10003,7/1/24,739,0.979,755,0.131,wilmington
10003,8/1/24,645,0.821,786,0.115,wilmington
10003,9/1/24,751,1.003,749,0.133,wilmington
10003,10/1/24,802,1.022,785,0.142,wilmington
10003,11/1/24,590,0.872,676.5,0.105,wilmington
10003,12/1/24,506,0.855,592,0.09,wilmington
10003,1/1/25,517,0.711,727.5,0.092,wilmington
10003,2/1/25,773,1.106,699,0.137,wilmington
10003,3/1/25,602,0.899,670,0.107,wilmington
10003,4/1/25,590,1.068,552.5,0.105,wilmington
10003,5/1/25,521,0.794,656,0.093,wilmington
10003,6/1/25,647,0.918,704.5,0.115,wilmington
10003,7/1/25,665,0.881,755,0.118,wilmington
10003,8/1/25,451,0.574,786,0.08,wilmington
10003,9/1/25,325,0.434,749,0.058,wilmington
10003,10/1/25,947,1.206,785,0.168,wilmington
10003,11/1/25,510,0.754,676.5,0.091,wilmington
10003,12/1/25,594,1.003,592,0.105,wilmington
10003,1/1/26,516,0.709,727.5,0.092,wilmington
10003,2/1/26,487,0.697,699,0.086,wilmington
55,1/1/20,2732,1.07,2553,0.041,wisconsin
55,2/1/20,2132,1.014,2102.5,0.032,wisconsin
55,3/1/20,1073,0.511,2101,0.016,wisconsin
55,4/1/20,54,0.025,2202,0.001,wisconsin
55,5/1/20,359,0.15,2393.5,0.005,wisconsin
55,6/1/20,3004,1.219,2463.5,0.045,wisconsin
55,7/1/20,2416,0.943,2561,0.036,wisconsin
55,8/1/20,1931,0.735,2626.5,0.029,wisconsin
55,9/1/20,1297,0.606,2139,0.019,wisconsin
55,10/1/20,1371,0.573,2393.5,0.021,wisconsin
55,11/1/20,1194,0.627,1904,0.018,wisconsin
55,12/1/20,1510,0.841,1795,0.023,wisconsin
55,1/1/21,1298,0.508,2553,0.019,wisconsin
55,2/1/21,1153,0.555,2076,0.017,wisconsin
55,3/1/21,1273,0.606,2101,0.019,wisconsin
55,4/1/21,1083,0.492,2202,0.016,wisconsin
55,5/1/21,1061,0.443,2393.5,0.016,wisconsin
55,6/1/21,1390,0.564,2463.5,0.021,wisconsin
55,7/1/21,1430,0.558,2561,0.021,wisconsin
55,8/1/21,1431,0.545,2626.5,0.021,wisconsin
55,9/1/21,2001,0.935,2139,0.03,wisconsin
55,10/1/21,1992,0.832,2393.5,0.03,wisconsin
55,11/1/21,1704,0.895,1904,0.026,wisconsin
55,12/1/21,1826,1.017,1795,0.027,wisconsin
55,1/1/22,2289,0.897,2553,0.034,wisconsin
55,2/1/22,2386,1.149,2076,0.036,wisconsin
55,3/1/22,2124,1.011,2101,0.032,wisconsin
55,4/1/22,1855,0.842,2202,0.028,wisconsin
55,5/1/22,2020,0.844,2393.5,0.03,wisconsin
55,6/1/22,2245,0.911,2463.5,0.034,wisconsin
55,7/1/22,2110,0.824,2561,0.032,wisconsin
55,8/1/22,2383,0.907,2626.5,0.036,wisconsin
55,9/1/22,2235,1.045,2139,0.033,wisconsin
55,10/1/22,2178,0.91,2393.5,0.033,wisconsin
55,11/1/22,2095,1.1,1904,0.031,wisconsin
55,12/1/22,2011,1.12,1795,0.03,wisconsin
55,1/1/23,2571,1.007,2553,0.039,wisconsin
55,2/1/23,1951,0.94,2076,0.029,wisconsin
55,3/1/23,2169,1.032,2101,0.033,wisconsin
55,4/1/23,2063,0.937,2202,0.031,wisconsin
55,5/1/23,2410,1.007,2393.5,0.036,wisconsin
55,6/1/23,2537,1.03,2463.5,0.038,wisconsin
55,7/1/23,2536,0.99,2561,0.038,wisconsin
55,8/1/23,2743,1.044,2626.5,0.041,wisconsin
55,9/1/23,2286,1.069,2139,0.034,wisconsin
55,10/1/23,2552,1.066,2393.5,0.038,wisconsin
55,11/1/23,2151,1.13,1904,0.032,wisconsin
55,12/1/23,2077,1.157,1795,0.031,wisconsin
55,1/1/24,2545,0.997,2553,0.038,wisconsin
55,2/1/24,2259,1.074,2102.5,0.034,wisconsin
55,3/1/24,2032,0.967,2101,0.03,wisconsin
55,4/1/24,2340,1.063,2202,0.035,wisconsin
55,5/1/24,2378,0.994,2393.5,0.036,wisconsin
55,6/1/24,2392,0.971,2463.5,0.036,wisconsin
55,7/1/24,2589,1.011,2561,0.039,wisconsin
55,8/1/24,2514,0.957,2626.5,0.038,wisconsin
55,9/1/24,1996,0.933,2139,0.03,wisconsin
55,10/1/24,2235,0.934,2393.5,0.033,wisconsin
55,11/1/24,1659,0.871,1904,0.025,wisconsin
55,12/1/24,1713,0.954,1795,0.026,wisconsin
55,1/1/25,2112,0.827,2553,0.032,wisconsin
55,2/1/25,1680,0.809,2076,0.025,wisconsin
55,3/1/25,1693,0.806,2101,0.025,wisconsin
55,4/1/25,2086,0.947,2202,0.031,wisconsin
55,5/1/25,2137,0.893,2393.5,0.032,wisconsin
55,6/1/25,2246,0.912,2463.5,0.034,wisconsin
55,7/1/25,2504,0.978,2561,0.038,wisconsin
55,8/1/25,2486,0.947,2626.5,0.037,wisconsin
55,9/1/25,2440,1.141,2139,0.037,wisconsin
55,10/1/25,2083,0.87,2393.5,0.031,wisconsin
55,11/1/25,1776,0.933,1904,0.027,wisconsin
55,12/1/25,1854,1.033,1795,0.028,wisconsin
55,1/1/26,2385,0.934,2553,0.036,wisconsin
55,2/1/26,1958,0.943,2076,0.029,wisconsin