share,last_year,prepandemic,renters
white_share,0.4218065611494662,0.42983152629923516,0.4841833325429183
black_share,0.3997489148056065,0.4049186786097233,0.2694152312434253
latinx_share,0.13659123991200886,0.12823333242024962,0.17313084827300879
other_share,0.0418532841329185,0.03701646267079195,0.07327058794064767
female_share,0.5896721788009052,0.5870845681165457,0.5263286650551782
