month,month_last_day,month_filings,avg_filings,percentage_diff
January,,5845,5577.8,1.04790419161677
February,,5614,4526.6,1.24022445102284
March,,3859,4059,0.950726779995073
April,,1763,4588.4,0.384229796879086
May,,1459,5102,0.285966287730302
June,,1605,5423.2,0.295950730196194
July,,1758,5815.2,0.302311184482047
August,,1958,5882.6,0.33284602046714
September,,2649,5669.2,0.467261694771749
