group,month,month_last_day,month_filings,avg_filings,month_diff,month_filings_imputed,baseline_share
White,02/2023,,3684,2875.25,1.28127988870533,0.152101640513552,0.236105824133993
Black,02/2023,,21892,21555.75,1.01559908609072,0.803078459343795,0.673169648521761
Latinx,02/2023,,32,23.25,1.37634408602151,0.0290383737517832,0.0522903184875016
Other,02/2023,,2638,2408,1.09551495016611,0.01578152639087,
Female,02/2023,,,,,0.627966976092539,0.554695725991263
