group,month,month_last_day,month_filings,avg_filings,month_diff,month_filings_imputed,baseline_share
White,08/2023,,3612,2087.5,1.7302994011976,0.240896530514516,0.236105824133993
Black,08/2023,,21596,16501.5,1.30872950943854,0.684064746028022,0.673169648521761
Latinx,08/2023,,50,86.25,0.579710144927536,0.0434461947879262,0.0522903184875016
Other,08/2023,,3081,2583,1.19279907084785,0.0315925286695354,
Female,08/2023,,,,,0.627177421485159,0.554695725991263
