group,month,month_last_day,month_filings,avg_filings,month_diff,month_filings_imputed,baseline_share
White,06/2023,,3216,2877.25,1.11773394734556,0.191531812239295,0.236105824133993
Black,06/2023,,17621,21575.75,0.816703938449417,0.744816569155468,0.673169648521761
Latinx,06/2023,,37,23.25,1.59139784946237,0.0400348484865733,0.0522903184875016
Other,06/2023,,1981,2409,0.822332918223329,0.0236167701186645,
Female,06/2023,,,,,0.624196352412889,0.554695725991263
