group,month,month_last_day,month_filings,avg_filings,month_diff,month_filings_imputed,baseline_share
White,01/2023,,3829,2875.25,1.33171028606208,0.153817646853999,0.236105824133993
Black,01/2023,,22634,21555.75,1.05002145599202,0.802457919844006,0.673169648521761
Latinx,01/2023,,28,23.25,1.20430107526882,0.028212402938821,0.0522903184875016
Other,01/2023,,2705,2408,1.12333887043189,0.0155120303631742,
Female,01/2023,,,,,0.629533038023059,0.554695725991263
