group,month,month_last_day,month_filings,avg_filings,month_diff,month_filings_imputed,baseline_share
White,10/2023,,3534,2087.5,1.69293413173653,0.276262941889647,0.236105824133993
Black,10/2023,,20903,16501.5,1.26673332727328,0.641068551544073,0.673169648521761
Latinx,10/2023,,49,86.25,0.568115942028986,0.0455323111240535,0.0522903184875016
Other,10/2023,,2986,2583,1.15602013162989,0.0371361954422266,
Female,10/2023,,,,,0.628942597576452,0.554695725991263
