group,month,month_last_day,month_filings,avg_filings,month_diff,month_filings_imputed,baseline_share
White,04/2022,,3463,2875.25,1.20441700721676,0.143650220086179,0.243127838983319
Black,04/2022,,21817,21555.75,1.01211973603331,0.811716758068426,0.66859680576761
Latinx,04/2022,,17,23.25,0.731182795698925,0.0278583224855438,0.0540206655812274
Other,04/2022,,2529,2408,1.05024916943522,0.00838734967992552,
Female,04/2022,,,,,0.576246062961111,
