group,month,month_last_day,month_filings,avg_filings,month_diff,month_filings_imputed,baseline_share
White,07/2022,,3696,2875.25,1.28545343883141,0.1471402771721,0.236409410033045
Black,07/2022,,23187,21555.75,1.07567586374865,0.808878576692663,0.656468942300336
Latinx,07/2022,,20,23.25,0.860215053763441,0.0273359817327404,0.065394410379163
Other,07/2022,,2643,2408,1.09759136212625,0.00832258220124822,
Female,07/2022,,,,,0.581126585742554,0.554695725991263
