group,month,month_last_day,month_filings,avg_filings,month_diff,month_filings_imputed,baseline_share
White,06/2023,,3216,2877.25,1.11773394734556,0.15230196743055,0.236105824133993
Black,06/2023,,17621,21575.75,0.816703938449417,0.800822673347579,0.673169648521761
Latinx,06/2023,,37,23.25,1.59139784946237,0.0308993810330853,0.0522903184875016
Other,06/2023,,1981,2409,0.822332918223329,0.0159759781887849,
Female,06/2023,,,,,0.625444811869186,0.554695725991263
