group,month,month_last_day,month_filings,avg_filings,month_diff,month_filings_imputed,baseline_share
White,08/2022,,3713,2875.25,1.29136596817668,0.15121515951901,0.236105824133993
Black,08/2022,,22676,21555.75,1.05196989202417,0.806580280809064,0.673169648521761
Latinx,08/2022,,22,23.25,0.946236559139785,0.0273583790922361,0.0522903184875016
Other,08/2022,,2581,2408,1.0718438538206,0.007423090289845,
Female,08/2022,,,,,0.63461695105518,0.554695725991263
