group,month,month_last_day,month_filings,avg_filings,month_diff,month_filings_imputed,baseline_share
White,05/2023,,3983,2877.25,1.38430793292206,0.153357299578059,0.236105824133993
Black,05/2023,,23029,21575.75,1.06735571185243,0.800344911392405,0.673169648521761
Latinx,05/2023,,36,23.25,1.54838709677419,0.0304235949367089,0.0522903184875016
Other,05/2023,,2792,2409,1.15898713158987,0.015874194092827,
Female,05/2023,,,,,0.627114040079887,0.554695725991263
