month,month_last_day,month_filings,avg_filings,percentage_diff
January,,2504,2471.75,1.01304743602711
February,,2147,2135.75,1.00526747044364
March,,1227,1759.75,0.697258133257565
April,,353,1958.75,0.180216975111678
May,,664,2314,0.28694900605013
June,,1047,2414,0.433719966859983
July,,1190,2539,0.468688460023631
August,,1202,2649.75,0.453627700726484
September,,1455,2364,0.615482233502538
October,,1627,2387.75,0.681394618364569
November,21/11/2020,736,1507.25,0.488306518493946
