group,month,month_last_day,month_filings,avg_filings,month_diff,month_filings_imputed,baseline_share
White,05/2022,,3603,2875.25,1.25310842535432,0.145692421772914,0.236409410033045
Black,05/2022,,22686,21555.75,1.05243380536516,0.810252781153718,0.656468942300336
Latinx,05/2022,,19,23.25,0.817204301075269,0.0272352032661118,0.065394410379163
Other,05/2022,,2636,2408,1.09468438538206,0.0084097969036282,
Female,05/2022,,,,,0.578679656692267,0.554695725991263
