group,month,month_last_day,month_filings,avg_filings,month_diff,month_filings_imputed,baseline_share
White,04/2023,,3981,2877.25,1.38361282474585,0.154712197597699,0.236105824133993
Black,04/2023,,22937,21575.75,1.0630916654114,0.799447843004568,0.673169648521761
Latinx,04/2023,,37,23.25,1.59139784946237,0.0297400778210117,0.0522903184875016
Other,04/2023,,2810,2409,1.16645911166459,0.0160998815767215,
Female,04/2023,,,,,0.627662539716848,0.554695725991263
