group,month,month_last_day,month_filings,avg_filings,month_diff,month_filings_imputed,baseline_share
White,06/2022,,3682,2875.25,1.28058429701765,0.146212911789009,0.236409410033045
Black,06/2022,,22873,21555.75,1.06110898484163,0.810117641120729,0.656468942300336
Latinx,06/2022,,19,23.25,0.817204301075269,0.0272104253242568,0.065394410379163
Other,06/2022,,2667,2408,1.10755813953488,0.00822951088300266,
Female,06/2022,,,,,0.578679656692267,0.554695725991263
