group,month,month_last_day,month_filings,avg_filings,month_diff,month_filings_imputed,baseline_share
White,09/2023,,3679,2087.5,1.76239520958084,0.276262941889647,0.236105824133993
Black,09/2023,,21693,16501.5,1.31460776293064,0.641068551544073,0.673169648521761
Latinx,09/2023,,47,86.25,0.544927536231884,0.0455323111240535,0.0522903184875016
Other,09/2023,,3061,2583,1.18505613627565,0.0371361954422266,
Female,09/2023,,,,,0.628942597576452,0.554695725991263
