group,month,month_last_day,month_filings,avg_filings,month_diff,month_filings_imputed,baseline_share
White,12/2022,,3829,2875.25,1.33171028606208,0.153817646853999,0.236105824133993
Black,12/2022,,22429,21555.75,1.04051123250177,0.802457919844006,0.673169648521761
Latinx,12/2022,,30,23.25,1.29032258064516,0.028212402938821,0.0522903184875016
Other,12/2022,,2658,2408,1.10382059800664,0.0155120303631742,
Female,12/2022,,,,,0.631801946743757,0.554695725991263
