group,month,month_last_day,month_filings,avg_filings,month_diff,month_filings_imputed,baseline_share
White,10/2022,,3809,2875.25,1.32475436918529,0.152229306794784,0.236105824133993
Black,10/2022,,22844,21555.75,1.05976363615277,0.803301235415237,0.673169648521761
Latinx,10/2022,,25,23.25,1.0752688172043,0.0291634866163349,0.0522903184875016
Other,10/2022,,2701,2408,1.12167774086379,0.0153059711736444,
Female,10/2022,,,,,0.634043739883958,0.554695725991263
