group,month,month_last_day,month_filings,avg_filings,month_diff,month_filings_imputed,baseline_share
White,03/2023,,3789,2877.25,1.3168824398297,0.152101640513552,0.236105824133993
Black,03/2023,,22515,21575.75,1.04353266977973,0.803078459343795,0.673169648521761
Latinx,03/2023,,37,23.25,1.59139784946237,0.0290383737517832,0.0522903184875016
Other,03/2023,,2749,2409,1.14113740141137,0.01578152639087,
Female,03/2023,,,,,0.627427742239702,0.554695725991263
