group,month,month_last_day,month_filings,avg_filings,month_diff,month_filings_imputed,baseline_share
White,09/2022,,3859,2875.25,1.34214416137727,0.15338232989199,0.236105824133993
Black,09/2022,,23014,21555.75,1.06765016294956,0.80266237350506,0.673169648521761
Latinx,09/2022,,27,23.25,1.16129032258065,0.028682169750247,0.0522903184875016
Other,09/2022,,2689,2408,1.11669435215947,0.0152731268527037,
Female,09/2022,,,,,0.634043739883958,0.554695725991263
