group,month,month_last_day,month_filings,avg_filings,month_diff,month_filings_imputed,baseline_share
White,07/2023,,3069,2877.25,1.06664349639413,0.21071776503613,0.236105824133993
Black,07/2023,,16710,21575.75,0.774480609017068,0.721667001509931,0.673169648521761
Latinx,07/2023,,35,23.25,1.50537634408602,0.0410379177748672,0.0522903184875016
Other,07/2023,,1883,2409,0.781652137816522,0.0265773156790722,
Female,07/2023,,,,,0.625848430566485,0.554695725991263
