group,month,month_last_day,month_filings_ex_miami_dade,avg_filings_ex_miami_dade,month_filings,avg_filings,month_diff,month_filings_imputed,baseline_share
White,01/2023,,1236,5122,1381,5457.16666666667,0.241311987504881,,0.235984616477147
Black,01/2023,,1487,7497.16666666667,3224,11182.3333333333,0.198341595713936,,0.236235386540971
Latinx,01/2023,,403,2353.5,3314,9944,0.171234331846187,,0.499365307626073
Other,01/2023,,2186,9269.83333333333,2719,10566.3333333333,0.235818695050253,,
Female,01/2023,,,,,,,,0.521684233640755
