group,month,month_last_day,month_filings_ex_miami_dade,avg_filings_ex_miami_dade,month_filings,avg_filings,month_diff,month_filings_imputed,baseline_share
White,03/2023,,0,0,487,367.333333333333,,0.382058094640767,0.235984616477147
Black,03/2023,,0,0,5146,3677.83333333333,,0.189047138854661,0.236235386540971
Latinx,03/2023,,0,0,11806,7632.5,,0.358866516480649,0.499365307626073
Other,03/2023,,0,0,1502,1236.83333333333,,0.0700282500239229,
Female,03/2023,,,,,,,0.552263418193881,0.521684233640755
