group,month,month_last_day,month_filings_ex_miami_dade,avg_filings_ex_miami_dade,month_filings,avg_filings,month_diff,month_filings_imputed,baseline_share
White,01/2023,,1694,5122,1969,5457.16666666667,0.330730183522062,,0.235984616477147
Black,01/2023,,1885,7497.16666666667,4942,11182.3333333333,0.251428317364338,,0.236235386540971
Latinx,01/2023,,562,2353.5,6044,9944,0.238793286594434,,0.499365307626073
Other,01/2023,,3004,9269.83333333333,3946,10566.3333333333,0.324061921285892,,
Female,01/2023,,,,,,,,0.521684233640755
