group,month,month_last_day,month_filings_ex_miami_dade,avg_filings_ex_miami_dade,month_filings,avg_filings,month_diff,month_filings_imputed,baseline_share
White,01/2023,,1694,5122,1780,5457.16666666667,0.330730183522062,0.398817340450147,0.235984616477147
Black,01/2023,,1885,7497.16666666667,2861,11182.3333333333,0.251428317364338,0.220185445808802,0.236235386540971
Latinx,01/2023,,562,2353.5,2444,9944,0.238793286594434,0.302962753556468,0.499365307626073
Other,01/2023,,3004,9269.83333333333,3311,10566.3333333333,0.324061921285892,0.0780344601845822,
Female,01/2023,,,,,,,0.588788877932149,0.521684233640755
