group,month,month_last_day,month_filings_ex_miami_dade,avg_filings_ex_miami_dade,month_filings,avg_filings,month_diff,month_filings_imputed,baseline_share
White,09/2022,,4166,5122,4381,5457.16666666667,0.813354158531823,0.321691973423353,0.235984616477147
Black,09/2022,,4767,7497.16666666667,7497,11182.3333333333,0.635840206300158,0.318694672381862,0.236235386540971
Latinx,09/2022,,1486,2353.5,7199,9944,0.631400042489909,0.305120415213819,0.499365307626073
Other,09/2022,,7288,9269.83333333333,8109,10566.3333333333,0.786206152573761,0.0544929389809663,
Female,09/2022,,,,,,,0.58405732186906,0.521684233640755
