group,month,month_last_day,month_filings_ex_miami_dade,avg_filings_ex_miami_dade,month_filings,avg_filings,month_diff,month_filings_imputed,baseline_share
White,03/2023,,431,5124.66666666667,464,5460.16666666667,0.0841030310914531,0.450181133267827,0.235984616477147
Black,03/2023,,258,7501.66666666667,398,11189.3333333333,0.0343923572539436,0.190645752412565,0.236235386540971
Latinx,03/2023,,84,2356.83333333333,429,9951.83333333333,0.0356410437734248,0.278254799922863,0.499365307626073
Other,03/2023,,297,9277.16666666667,346,10574.5,0.032014084760074,0.0809183143967459,
Female,03/2023,,,,,,,0.582739187051672,0.521684233640755
