group,month,month_last_day,month_filings_ex_miami_dade,avg_filings_ex_miami_dade,month_filings,avg_filings,month_diff,month_filings_imputed,baseline_share
White,01/2023,,4277,5122,4596,5457.16666666667,0.83502538071066,,0.235984616477147
Black,01/2023,,4838,7497.16666666667,8847,11182.3333333333,0.645310450614677,,0.236235386540971
Latinx,01/2023,,1458,2353.5,9108,9944,0.619502868068834,,0.499365307626073
Other,01/2023,,7302,9269.83333333333,8510,10566.3333333333,0.787716427839407,,
Female,01/2023,,,,,,,,0.521684233640755
