group,month,month_last_day,month_filings_ex_miami_dade,avg_filings_ex_miami_dade,month_filings,avg_filings,month_diff,month_filings_imputed,baseline_share
White,12/2022,,824,5122,870,5457.16666666667,0.160874658336587,0.410555975960962,0.235984616477147
Black,12/2022,,1015,7497.16666666667,1552,11182.3333333333,0.135384478580797,0.227913050540136,0.236235386540971
Latinx,12/2022,,275,2353.5,1189,9944,0.116847248778415,0.283260459529653,0.499365307626073
Other,12/2022,,1481,9269.83333333333,1644,10566.3333333333,0.159765547744476,0.0782705139692494,
Female,12/2022,,,,,,,0.583077975009195,0.521684233640755
