group,month,month_last_day,month_filings_ex_miami_dade,avg_filings_ex_miami_dade,month_filings,avg_filings,month_diff,month_filings_imputed
White,12/2021,,3608,5122,3905,5457.16666666667,0.704412338930105,
Black,12/2021,,4335,7497.16666666667,8373,11182.3333333333,0.578218438076607,
Latinx,12/2021,,1369,2353.5,10309,9944,0.581686849373274,
Other,12/2021,,6089,9269.83333333333,7541,10566.3333333333,0.656861863751596,
Female,12/2021,,,,,,,
