group,month,month_last_day,month_filings_ex_miami_dade,avg_filings_ex_miami_dade,month_filings,avg_filings,month_diff,month_filings_imputed,baseline_share
White,07/2022,,4427,5122,4703,5457.16666666667,0.864310816087466,0.321691973423353,0.235984616477147
Black,07/2022,,5172,7497.16666666667,8890,11182.3333333333,0.689860614009737,0.318694672381862,0.236235386540971
Latinx,07/2022,,1631,2353.5,9402,9944,0.693010410027618,0.305120415213819,0.499365307626073
Other,07/2022,,7751,9269.83333333333,8892,10566.3333333333,0.836153113144789,0.0544929389809663,
Female,07/2022,,,,,,,0.58405732186906,0.521684233640755
