group,month,month_last_day,month_filings_ex_miami_dade,avg_filings_ex_miami_dade,month_filings,avg_filings,month_diff,month_filings_imputed,baseline_share
White,04/2022,,3835,5122,4119,5457.16666666667,0.748730964467005,,
Black,04/2022,,4219,7497.16666666667,8232,11182.3333333333,0.562745926238801,,
Latinx,04/2022,,1437,2353.5,10226,9944,0.610579987253027,,
Other,04/2022,,6267,9269.83333333333,7597,10566.3333333333,0.676063934986246,,
Female,04/2022,,,,,,,,
