group,month,month_last_day,month_filings_ex_miami_dade,avg_filings_ex_miami_dade,month_filings,avg_filings,month_diff,month_filings_imputed,baseline_share
White,03/2023,,0,0,51,367.333333333333,,0.380233251134659,0.235984616477147
Black,03/2023,,0,0,195,3677.83333333333,,0.180773111900439,0.236235386540971
Latinx,03/2023,,0,0,739,7632.5,,0.36252153615597,0.499365307626073
Other,03/2023,,0,0,74,1236.83333333333,,0.0764721008089323,
Female,03/2023,,,,,,,0.553215549997428,0.521684233640755
