group,month,month_last_day,month_filings,avg_filings,month_diff,month_filings_imputed,baseline_share
White,01/2023,,2795,2106.8,1.32665654072527,0.208637324970828,0.436699423406735
Black,01/2023,,8848,8738.4,1.01254234184748,0.667323949824971,0.359574348978875
Latinx,01/2023,,999,1301.4,0.767634854771784,0.0873794486581097,0.13459101573036
Other,01/2023,,1056,849,1.24381625441696,0.0366592765460911,
Female,01/2023,,,,,0.634407917998015,0.541954778837654
