month,month_last_day,month_filings,avg_filings,percentage_diff
January,,1309,1077.8,1.21451104100946
February,,1056,835.4,1.26406511850611
March,,426,852.4,0.499765368371657
April,,15,1058.6,0.0141696580389193
May,,61,1186.4,0.051416048550236
June,,1447,1240.6,1.16637111075286
July,,1347,1232.2,1.09316669371855
August,,832,1297.8,0.641084912929573
September,,504,1214.6,0.41495142433723
October,,624,1137.2,0.548716144917341
November,14/11/2020,238,392,0.607142857142857
