group,month,month_last_day,month_filings,avg_filings,month_diff,month_filings_imputed,baseline_share
White,08/2022,,2827,2106.8,1.34184545281944,0.214061997268174,0.436699423406735
Black,08/2022,,8215,8738.4,0.940103451432757,0.659275610866596,0.359574348978875
Latinx,08/2022,,1074,1301.4,0.82526509912402,0.089873121869783,0.13459101573036
Other,08/2022,,1035,849,1.21908127208481,0.0183946349977235,
Female,08/2022,,,,,0.636277670969297,0.541954778837654
