group,month,month_last_day,month_filings,avg_filings,month_diff,month_filings_imputed,baseline_share
White,10/2022,,2833,2106.8,1.3446933738371,0.213094934333959,0.436699423406735
Black,10/2022,,8310,8738.4,0.950975006866246,0.661617485928705,0.359574348978875
Latinx,10/2022,,1067,1301.4,0.819886276317812,0.0884257410881801,0.13459101573036
Other,10/2022,,1024,849,1.20612485276796,0.0368618386491557,
Female,10/2022,,,,,0.636156430212509,0.541954778837654
