group,month,month_last_day,month_filings,avg_filings,month_diff,month_filings_imputed,baseline_share
White,09/2023,,2664,2013.6,1.32300357568534,0.300090465672551,0.436699423406735
Black,09/2023,,9013,8559.2,1.05301897373586,0.555715783707166,0.359574348978875
Latinx,09/2023,,886,1241.2,0.713825330325491,0.0945894731668808,0.13459101573036
Other,09/2023,,1399,1100,1.27181818181818,0.0496042774534018,
Female,09/2023,,,,,0.637694868840098,0.541954778837654
