group,month,month_last_day,month_filings,avg_filings,month_diff,month_filings_imputed,baseline_share
White,02/2023,,2728,2106.8,1.2948547560281,0.205822332796722,0.436699423406735
Black,02/2023,,8849,8738.4,1.01265677927309,0.668246597394995,0.359574348978875
Latinx,02/2023,,999,1301.4,0.767634854771784,0.0894065564173862,0.13459101573036
Other,02/2023,,1071,849,1.26148409893993,0.0365245133908971,
Female,02/2023,,,,,0.634142860664961,0.541954778837654
