group,month,month_last_day,month_filings,avg_filings,month_diff,month_filings_imputed,baseline_share
White,04/2022,,2632,2106.8,1.24928801974559,0.213192262233079,0.444804034776125
Black,04/2022,,7669,8738.4,0.877620617046599,0.658459380663462,0.361172529139762
Latinx,04/2022,,1076,1301.4,0.82680190564008,0.0892388306674021,0.132978806033523
Other,04/2022,,1037,849,1.22143698468787,0.0195547632180285,
Female,04/2022,,,,,0.584880763024755,
