group,month,month_last_day,month_filings,avg_filings,month_diff,month_filings_imputed,baseline_share
White,04/2023,,2837,2108.8,1.34531487101669,0.20815150432359,0.436699423406735
Black,04/2023,,9045,8746.6,1.03411611368989,0.666812549131709,0.359574348978875
Latinx,04/2023,,980,1302.2,0.752572569497773,0.0881505752876438,0.13459101573036
Other,04/2023,,1061,849.6,1.24882297551789,0.036885371257057,
Female,04/2023,,,,,0.635285990322026,0.541954778837654
