group,month,month_last_day,month_filings,avg_filings,month_diff,month_filings_imputed,baseline_share
White,09/2022,,2823,2106.8,1.33994683880767,0.211983300737175,0.436699423406735
Black,09/2022,,8349,8738.4,0.955438066465257,0.66148924326764,0.359574348978875
Latinx,09/2022,,1069,1301.4,0.821423082833871,0.0894481721077178,0.13459101573036
Other,09/2022,,1016,849,1.19670200235571,0.0370792838874681,
Female,09/2022,,,,,0.636156430212509,0.541954778837654
