group,month,month_last_day,month_filings,avg_filings,month_diff,month_filings_imputed,baseline_share
White,05/2023,,2889,2108.8,1.36997344461305,0.209200369213292,0.436699423406735
Black,05/2023,,9081,8746.6,1.0382319987195,0.666715563760295,0.359574348978875
Latinx,05/2023,,959,1302.2,0.736446014437107,0.0871532945186027,0.13459101573036
Other,05/2023,,1077,849.6,1.26765536723164,0.0369307725078103,
Female,05/2023,,,,,0.634587597250816,0.541954778837654
