group,month,month_last_day,month_filings,avg_filings,month_diff,month_filings_imputed,baseline_share
White,08/2023,,2683,2013.6,1.33243941199841,0.27453240723572,0.436699423406735
Black,08/2023,,9134,8559.2,1.06715580895411,0.587144541316121,0.359574348978875
Latinx,08/2023,,906,1241.2,0.72993876893329,0.0917511779617548,0.13459101573036
Other,08/2023,,1381,1100,1.25545454545455,0.0465718734864047,
Female,08/2023,,,,,0.638586650608911,0.541954778837654
