group,month,month_last_day,month_filings,avg_filings,month_diff,month_filings_imputed,baseline_share
White,05/2022,,2635,2106.8,1.25071198025441,0.213592026736691,0.41922130402777
Black,05/2022,,7600,8738.4,0.869724434679118,0.656615341768123,0.353490148488778
Latinx,05/2022,,1074,1301.4,0.82526509912402,0.0907207766372245,0.153727927655996
Other,05/2022,,1021,849,1.20259128386337,0.0195359274289807,
Female,05/2022,,,,,0.58845319128124,0.541954778837654
