group,month,month_last_day,month_filings,avg_filings,month_diff,month_filings_imputed,baseline_share
White,06/2022,,2675,2106.8,1.26969812037213,0.213592026736691,0.41922130402777
Black,06/2022,,7635,8738.4,0.873729744575666,0.656615341768123,0.353490148488778
Latinx,06/2022,,1079,1301.4,0.829107115414169,0.0907207766372245,0.153727927655996
Other,06/2022,,985,849,1.16018845700825,0.0195359274289807,
Female,06/2022,,,,,0.58845319128124,0.541954778837654
