group,month,month_last_day,month_filings,avg_filings,month_diff,month_filings_imputed,baseline_share
White,10/2023,,2635,2013.6,1.30860150973381,0.300090465672551,0.436699423406735
Black,10/2023,,8910,8559.2,1.04098513879802,0.555715783707166,0.359574348978875
Latinx,10/2023,,851,1241.2,0.685626812761843,0.0945894731668808,0.13459101573036
Other,10/2023,,1396,1100,1.26909090909091,0.0496042774534018,
Female,10/2023,,,,,0.637694868840098,0.541954778837654
