group,month,month_last_day,month_filings,avg_filings,month_diff,month_filings_imputed,baseline_share
White,03/2023,,2810,2108.8,1.33251138088012,0.205822332796722,0.436699423406735
Black,03/2023,,9056,8746.6,1.03537374522672,0.668246597394995,0.359574348978875
Latinx,03/2023,,991,1302.2,0.761019812624789,0.0894065564173862,0.13459101573036
Other,03/2023,,1086,849.6,1.27824858757062,0.0365245133908971,
Female,03/2023,,,,,0.63386874169786,0.541954778837654
