group,month,month_last_day,month_filings,avg_filings,month_diff,month_filings_imputed,baseline_share
White,11/2022,,2841,2106.8,1.34849060186064,0.212629183598079,0.436699423406735
Black,11/2022,,8548,8738.4,0.978211114162776,0.662627041004802,0.359574348978875
Latinx,11/2022,,1060,1301.4,0.814507453511603,0.0879203546361286,0.13459101573036
Other,11/2022,,1072,849,1.26266195524146,0.03682342076099,
Female,11/2022,,,,,0.633922141524113,0.541954778837654
