group,month,month_last_day,month_filings,avg_filings,month_diff,month_filings_imputed,baseline_share
White,10/2022,,8037,4323.5,1.85891060483405,0.444578383738225,0.577575406115538
Black,10/2022,,949,647.625,1.46535417872997,0.377325334655429,0.219578026446731
Other,10/2022,,4127,2934.125,1.40655220892089,0.104730788299455,
Latinx,10/2022,,,,,0.0733654933068914,0.0728716968434316
Female,10/2022,,,,,0.563943583793482,0.514746090652457
