group,month,month_last_day,month_filings,avg_filings,month_diff,month_filings_imputed,baseline_share
White,09/2023,,8667,4264.25,2.03247933399777,,0.577575406115538
Black,09/2023,,1063,770.75,1.37917612714888,,0.219578026446731
Other,09/2023,,4097,2876.125,1.424486070668,,
Latinx,09/2023,,,,,,0.0728716968434316
Female,09/2023,,,,,,0.514746090652457
