group,month,month_last_day,month_filings,avg_filings,month_diff,month_filings_imputed
White,04/2022,,7924,4323.5,1.83277437261478,
Black,04/2022,,903,647.625,1.39432541980313,
Other,04/2022,,4218,2934.125,1.43756656584161,
Latinx,04/2022,,,,,
Female,04/2022,,,,,
