group,month,month_last_day,month_filings,avg_filings,month_diff,month_filings_imputed,baseline_share
White,04/2023,,7728,4324.875,1.78687245296107,0.45362479038569,0.577575406115538
Black,04/2023,,876,648.125,1.35159112825458,0.363790665176076,0.219578026446731
Other,04/2023,,3750,2935,1.27768313458262,0.1046907490218,
Latinx,04/2023,,,,,0.0778937954164338,0.0728716968434316
Female,04/2023,,,,,0.553117896249505,0.514746090652457
