group,month,month_last_day,month_filings,avg_filings,month_diff,month_filings_imputed,baseline_share
White,02/2023,,7852,4323.5,1.81612119810339,0.451040021990105,0.577575406115538
Black,02/2023,,937,647.625,1.4468249372708,0.366305222649808,0.219578026446731
Other,02/2023,,3928,2934.125,1.33872960422613,0.10517328202309,
Latinx,02/2023,,,,,0.0774814733369984,0.0728716968434316
Female,02/2023,,,,,0.554944696330875,0.514746090652457
