group,month,month_last_day,month_filings,avg_filings,month_diff,month_filings_imputed,baseline_share
White,03/2023,,0,4324.875,0,,0.577575406115538
Black,03/2023,,0,648.125,0,,0.219578026446731
Other,03/2023,,0,2935,0,,
Latinx,03/2023,,,,,,0.0728716968434316
Female,03/2023,,,,,,0.514746090652457
