group,month,month_last_day,month_filings,avg_filings,month_diff,month_filings_imputed,baseline_share
White,03/2023,,7800,4324.875,1.8035203329576,,0.577575406115538
Black,03/2023,,899,648.125,1.3870781099325,,0.219578026446731
Other,03/2023,,3814,2935,1.29948892674617,,
Latinx,03/2023,,,,,,0.0728716968434316
Female,03/2023,,,,,,0.514746090652457
