group,month,month_last_day,month_filings,avg_filings,month_diff,month_filings_imputed,baseline_share
White,07/2023,,6381,4324.875,1.47541836469262,,0.577575406115538
Black,07/2023,,563,648.125,0.868659594985535,,0.219578026446731
Other,07/2023,,3083,2935,1.05042589437819,,
Latinx,07/2023,,,,,,0.0728716968434316
Female,07/2023,,,,,,0.514746090652457
