month,month_last_day,month_filings,avg_filings,percentage_diff
January,,667,770.25,0.865952612788056
February,,500,604.75,0.826787928896238
March,,255,585.5,0.435525192143467
April,,21,634.375,0.0331034482758621
May,,16,683.875,0.0233960884664595
June,,26,724.5,0.0358868184955141
July,,32,763.25,0.0419259744513593
August,,35,749,0.0467289719626168
September,,42,694.875,0.0604425256341069
October,,58,700.25,0.0828275615851482
November,28/11/2020,68,582.25,0.116788321167883
