group,month,month_last_day,month_filings,avg_filings,month_diff,month_filings_imputed,baseline_share
White,05/2023,,7667,4324.875,1.77276799907512,0.449967862714509,0.577575406115538
Black,05/2023,,854,648.125,1.31764705882353,0.36653104524181,0.219578026446731
Other,05/2023,,3693,2935,1.25826235093697,0.105113260530421,
Latinx,05/2023,,,,,0.0783878315132605,0.0728716968434316
Female,05/2023,,,,,0.549546518081847,0.514746090652457
