group,month,month_last_day,month_filings,avg_filings,month_diff,month_filings_imputed,baseline_share
White,01/2023,,8247,4323.5,1.9074823638256,,0.577575406115538
Black,01/2023,,952,647.625,1.46998648909477,,0.219578026446731
Other,01/2023,,4176,2934.125,1.42325224726281,,
Latinx,01/2023,,,,,,0.0728716968434316
Female,01/2023,,,,,,0.514746090652457
