group,month,month_last_day,month_filings,avg_filings,month_diff,month_filings_imputed,baseline_share
White,07/2022,,7992,4323.5,1.84850237076443,,0.544261532443091
Black,07/2022,,924,647.625,1.42675159235669,,0.213949947663907
Other,07/2022,,4152,2934.125,1.41507263664636,,
Latinx,07/2022,,,,,,0.0951607616751779
Female,07/2022,,,,,,0.514746090652457
