group,month,month_last_day,month_filings,avg_filings,month_diff,month_filings_imputed,baseline_share
White,08/2022,,7869,4323.5,1.8200531976408,0.4399774895469,0.577575406115538
Black,08/2022,,918,647.625,1.4174869716271,0.380310622509823,0.219578026446731
Other,08/2022,,4114,2934.125,1.40212158650364,0.0526186947114611,
Latinx,08/2022,,,,,0.0744744985203541,0.0728716968434316
Female,08/2022,,,,,0.569122501949157,0.514746090652457
