group,month,month_last_day,month_filings,avg_filings,month_diff,month_filings_imputed,baseline_share
White,12/2022,,6458,4323.5,1.49369723603562,,0.577575406115538
Black,12/2022,,751,647.625,1.15962169465354,,0.219578026446731
Other,12/2022,,3223,2934.125,1.09845354236783,,
Latinx,12/2022,,,,,,0.0728716968434316
Female,12/2022,,,,,,0.514746090652457
