group,month,month_last_day,month_filings,avg_filings,month_diff,month_filings_imputed,baseline_share
White,05/2022,,7966,4323.5,1.84248872441309,,0.544261532443091
Black,05/2022,,914,647.625,1.41131055780737,,0.213949947663907
Other,05/2022,,4224,2934.125,1.43961146849572,,
Latinx,05/2022,,,,,,0.0951607616751779
Female,05/2022,,,,,,0.514746090652457
