group,month,month_last_day,month_filings,avg_filings,month_diff,month_filings_imputed,baseline_share
White,08/2023,,8762,4264.25,2.05475757753415,,0.577575406115538
Black,08/2023,,1070,770.75,1.3882581900746,,0.219578026446731
Other,08/2023,,4153,2876.125,1.44395671259073,,
Latinx,08/2023,,,,,,0.0728716968434316
Female,08/2023,,,,,,0.514746090652457
