group,month,month_last_day,month_filings,avg_filings,month_diff,month_filings_imputed,baseline_share
White,09/2022,,7944,4323.5,1.8374002544235,0.444578383738225,0.577575406115538
Black,09/2022,,908,647.625,1.40204593707778,0.377325334655429,0.219578026446731
Other,09/2022,,4118,2934.125,1.40348485493972,0.104730788299455,
Latinx,09/2022,,,,,0.0733654933068914,0.0728716968434316
Female,09/2022,,,,,0.563943583793482,0.514746090652457
