group,month,month_last_day,month_filings,avg_filings,month_diff,month_filings_imputed,baseline_share
White,04/2022,,7924,4323.5,1.83277437261478,,0.583175104720769
Black,04/2022,,903,647.625,1.39432541980313,,0.222460974301741
Other,04/2022,,4218,2934.125,1.43756656584161,,
Latinx,04/2022,,,,,,0.0740908497963561
Female,04/2022,,,,,,0.539792387543253
