group,month,month_last_day,month_filings,avg_filings,month_diff,month_filings_imputed,baseline_share
White,11/2022,,8103,4323.5,1.87417601480282,0.446899965505347,0.577575406115538
Black,11/2022,,948,647.625,1.46381007527504,0.371948832930896,0.219578026446731
Other,11/2022,,4143,2934.125,1.41200528266519,0.106276877084052,
Latinx,11/2022,,,,,0.0748743244797056,0.0728716968434316
Female,11/2022,,,,,0.557947726733938,0.514746090652457
