group,month,month_last_day,month_filings,avg_filings,month_diff,month_filings_imputed,baseline_share
White,06/2022,,8095,4323.5,1.87232566207933,,0.544261532443091
Black,06/2022,,948,647.625,1.46381007527504,,0.213949947663907
Other,06/2022,,4300,2934.125,1.46551356878115,,
Latinx,06/2022,,,,,,0.0951607616751779
Female,06/2022,,,,,,0.514746090652457
