group,month,month_last_day,month_filings,avg_filings,month_diff,month_filings_imputed,baseline_share
White,10/2023,,8589,4264.25,2.01418772351527,,0.577575406115538
Black,10/2023,,1040,770.75,1.34933506325008,,0.219578026446731
Other,10/2023,,4073,2876.125,1.41614150984397,,
Latinx,10/2023,,,,,,0.0728716968434316
Female,10/2023,,,,,,0.514746090652457
