group,month,month_last_day,month_filings,avg_filings,month_diff,month_filings_imputed,baseline_share
White,01/2023,,8234,4323.5,1.90447554064994,0.448199572067691,0.577575406115538
Black,01/2023,,951,647.625,1.46844238563984,0.369929682941062,0.219578026446731
Other,01/2023,,4173,2934.125,1.42222979593576,0.104643065551449,
Latinx,01/2023,,,,,0.0772276794397977,0.0728716968434316
Female,01/2023,,,,,0.559684905996038,0.514746090652457
