group,month,month_last_day,month_filings,avg_filings,month_diff,month_filings_imputed,baseline_share
White,10/2022,,8038,4323.5,1.85914189892448,0.44542755597678,0.577575406115538
Black,10/2022,,949,647.625,1.46535417872997,0.375580263002014,0.219578026446731
Other,10/2022,,4130,2934.125,1.40757466024794,0.106256367728942,
Latinx,10/2022,,,,,0.072735813292264,0.0728716968434316
Female,10/2022,,,,,0.559066178027189,0.514746090652457
