group,month,month_last_day,month_filings,avg_filings,month_diff,month_filings_imputed,baseline_share
White,04/2022,,7924,4323.5,1.83277437261478,,0.544261532443091
Black,04/2022,,903,647.625,1.39432541980313,,0.213949947663907
Other,04/2022,,4218,2934.125,1.43756656584161,,
Latinx,04/2022,,,,,,0.0951607616751779
Female,04/2022,,,,,,0.514746090652457
