group,month,month_last_day,month_filings,avg_filings,month_diff,month_filings_imputed,baseline_share
White,06/2023,,6671,4324.875,1.54247232578976,0.492971888881448,0.577575406115538
Black,06/2023,,589,648.125,0.90877531340405,0.300990519825494,0.219578026446731
Other,06/2023,,3163,2935,1.07768313458262,0.103301482092191,
Latinx,06/2023,,,,,0.102736109200866,0.0728716968434316
Female,06/2023,,,,,0.55259892309159,0.514746090652457
