group,month,month_last_day,month_filings,avg_filings,month_diff,month_filings_imputed,baseline_share
White,11/2022,,6942,4323.5,1.60564357580664,,0.577575406115538
Black,11/2022,,810,647.625,1.2507237984945,,0.219578026446731
Other,11/2022,,3514,2934.125,1.19763132109232,,
Latinx,11/2022,,,,,,0.0728716968434316
Female,11/2022,,,,,,0.514746090652457
