group,month,month_last_day,month_filings,avg_filings,month_diff,month_filings_imputed,baseline_share
White,08/2022,,712,653,1.09035222052067,,0.291870498291502
Black,08/2022,,3540,4005,0.883895131086142,,0.601600334324836
Other,08/2022,,273,256,1.06640625,,
Latinx,08/2022,,,,,,0.0610757393249588
Female,08/2022,,,,,,0.543608389127832
