group,month,month_last_day,month_filings,avg_filings,month_diff,month_filings_imputed,baseline_share
White,07/2023,,797,672,1.1860119047619,,0.291870498291502
Black,07/2023,,3494,3508,0.996009122006842,,0.601600334324836
Other,07/2023,,357,734,0.486376021798365,,
Latinx,07/2023,,,,,,0.0610757393249588
Female,07/2023,,,,,,0.543608389127832
