group,month,month_last_day,month_filings,avg_filings,month_diff,month_filings_imputed,baseline_share
White,12/2022,,715,653,1.09494640122511,,0.291870498291502
Black,12/2022,,3392,4005,0.846941323345818,,0.601600334324836
Other,12/2022,,284,256,1.109375,,
Latinx,12/2022,,,,,,0.0610757393249588
Female,12/2022,,,,,,0.543608389127832
