group,month,month_last_day,month_filings,avg_filings,month_diff,month_filings_imputed,baseline_share
White,09/2022,,713,653,1.09188361408882,,0.291870498291502
Black,09/2022,,3585,4005,0.895131086142322,,0.601600334324836
Other,09/2022,,279,256,1.08984375,,
Latinx,09/2022,,,,,,0.0610757393249588
Female,09/2022,,,,,,0.543608389127832
