group,month,month_last_day,month_filings,avg_filings,month_diff,month_filings_imputed,baseline_share
White,05/2023,,760,653,1.16385911179173,,0.291870498291502
Black,05/2023,,3600,4005,0.898876404494382,,0.601600334324836
Other,05/2023,,308,256,1.203125,,
Latinx,05/2023,,,,,,0.0610757393249588
Female,05/2023,,,,,,0.543608389127832
