group,month,month_last_day,month_filings,avg_filings,month_diff,month_filings_imputed,baseline_share
White,04/2022,,700,653,1.07197549770291,,0.311037703779246
Black,04/2022,,3577,4005,0.893133583021223,,0.593535228129296
Other,04/2022,,265,256,1.03515625,,
Latinx,04/2022,,,,,,0.062002098759958
Female,04/2022,,,,,,0.543608389127832
