group,month,month_last_day,month_filings,avg_filings,month_diff,month_filings_imputed,baseline_share
White,09/2023,,733,672,1.09077380952381,,0.291870498291502
Black,09/2023,,3252,3508,0.927023945267959,,0.601600334324836
Other,09/2023,,300,734,0.408719346049046,,
Latinx,09/2023,,,,,,0.0610757393249588
Female,09/2023,,,,,,0.543608389127832
