group,month,month_last_day,month_filings,avg_filings,month_diff,month_filings_imputed,baseline_share
White,08/2023,,796,672,1.18452380952381,,0.291870498291502
Black,08/2023,,3592,3508,1.02394526795895,,0.601600334324836
Other,08/2023,,351,734,0.478201634877384,,
Latinx,08/2023,,,,,,0.0610757393249588
Female,08/2023,,,,,,0.543608389127832
