group,month,month_last_day,month_filings,avg_filings,month_diff,month_filings_imputed,baseline_share
White,03/2023,,779,653,1.19295558958652,,0.291870498291502
Black,03/2023,,3628,4005,0.905867665418227,,0.601600334324836
Other,03/2023,,317,256,1.23828125,,
Latinx,03/2023,,,,,,0.0610757393249588
Female,03/2023,,,,,,0.543608389127832
