group,month,month_last_day,month_filings,avg_filings,month_diff,month_filings_imputed,baseline_share
White,06/2022,,686,653,1.05053598774885,,0.311037703779246
Black,06/2022,,3531,4005,0.881647940074906,,0.593535228129296
Other,06/2022,,255,256,0.99609375,,
Latinx,06/2022,,,,,,0.062002098759958
Female,06/2022,,,,,,0.543608389127832
