group,month,month_last_day,month_filings,avg_filings,month_diff,month_filings_imputed,baseline_share
White,02/2023,,741,653,1.13476263399694,,0.291870498291502
Black,02/2023,,3464,4005,0.864918851435705,,0.601600334324836
Other,02/2023,,306,256,1.1953125,,
Latinx,02/2023,,,,,,0.0610757393249588
Female,02/2023,,,,,,0.543608389127832
