group,month,month_last_day,month_filings,avg_filings,month_diff,month_filings_imputed,baseline_share
White,01/2023,,757,653,1.15926493108729,,0.291870498291502
Black,01/2023,,3527,4005,0.880649188514357,,0.601600334324836
Other,01/2023,,305,256,1.19140625,,
Latinx,01/2023,,,,,,0.0610757393249588
Female,01/2023,,,,,,0.543608389127832
