group,month,month_last_day,month_filings,avg_filings,month_diff,month_filings_imputed,baseline_share
White,09/2023,,810,672,1.20535714285714,,0.291870498291502
Black,09/2023,,3570,3508,1.01767388825542,,0.601600334324836
Other,09/2023,,339,734,0.461852861035422,,
Latinx,09/2023,,,,,,0.0610757393249588
Female,09/2023,,,,,,0.543608389127832
