group,month,month_last_day,month_filings,avg_filings,month_diff,month_filings_imputed,baseline_share
White,07/2022,,704,653,1.0781010719755,,0.311037703779246
Black,07/2022,,3588,4005,0.895880149812734,,0.593535228129296
Other,07/2022,,263,256,1.02734375,,
Latinx,07/2022,,,,,,0.062002098759958
Female,07/2022,,,,,,0.543608389127832
