group,month,month_last_day,month_filings,avg_filings,month_diff,month_filings_imputed,baseline_share
White,09/2023,,15512,29097,0.533113379386191,,0.48256697140796
Black,09/2023,,24368,51063.3333333333,0.477211306221033,,0.154396667730255
Latinx,09/2023,,45747,86887.3333333333,0.526509425999954,,0.24512541098456
Other,09/2023,,28925,58634.3333333333,0.493311654718794,,
Female,09/2023,,,,,,
