group,month,month_last_day,month_filings,avg_filings,month_diff,month_filings_imputed,baseline_share
White,12/2022,,16395,29070,0.563983488132095,,0.48256697140796
Black,12/2022,,27282,50998.6666666667,0.534955162226463,,0.154396667730255
Latinx,12/2022,,52916,86731.3333333333,0.610113991867607,,0.24512541098456
Other,12/2022,,30342,58555,0.518179489368969,,
Female,12/2022,,,,,,
