group,month,month_last_day,month_filings,avg_filings,month_diff,month_filings_imputed,baseline_share
White,06/2023,,15334,29097,0.526995910231295,,0.48256697140796
Black,06/2023,,24540,51063.3333333333,0.48057967230237,,0.154396667730255
Latinx,06/2023,,47609,86887.3333333333,0.547939477177341,,0.24512541098456
Other,06/2023,,28788,58634.3333333333,0.49097513970768,,
Female,06/2023,,,,,,
