group,month,month_last_day,month_filings,avg_filings,month_diff,month_filings_imputed,baseline_share
White,06/2022,,16515,29070,0.568111455108359,,0.48256697140796
Black,06/2022,,26920,50998.6666666667,0.527856937436273,,0.154396667730255
Latinx,06/2022,,49835,86731.3333333333,0.57459049785929,,0.24512541098456
Other,06/2022,,30372,58555,0.518691828195713,,
Female,06/2022,,,,,,
