group,month,month_last_day,month_filings,avg_filings,month_diff,month_filings_imputed,baseline_share
White,08/2023,,15399,29097,0.52922981750696,,0.48256697140796
Black,08/2023,,24066,51063.3333333333,0.471297082054964,,0.154396667730255
Latinx,08/2023,,46800,86887.3333333333,0.538628568797907,,0.24512541098456
Other,08/2023,,29267,58634.3333333333,0.499144414819531,,
Female,08/2023,,,,,,
