group,month,month_last_day,month_filings,avg_filings,month_diff,month_filings_imputed,baseline_share
White,08/2023,,0,29097,0,,0.48256697140796
Black,08/2023,,0,51063.3333333333,0,,0.154396667730255
Latinx,08/2023,,0,86887.3333333333,0,,0.24512541098456
Other,08/2023,,0,58634.3333333333,0,,
Female,08/2023,,,,,,
