group,month,month_last_day,month_filings,avg_filings,month_diff,month_filings_imputed,baseline_share
White,05/2022,,16130,29070,0.554867561059512,,0.48256697140796
Black,05/2022,,25777,50998.6666666667,0.505444586786583,,0.154396667730255
Latinx,05/2022,,49532,86731.3333333333,0.571096950736758,,0.24512541098456
Other,05/2022,,29575,58555,0.505080693365212,,
Female,05/2022,,,,,,
