group,month,month_last_day,month_filings,avg_filings,month_diff,month_filings_imputed,baseline_share
White,07/2022,,16411,29070,0.56453388372893,,0.48256697140796
Black,07/2022,,26792,50998.6666666667,0.5253470678972,,0.154396667730255
Latinx,07/2022,,49934,86731.3333333333,0.57573195384982,,0.24512541098456
Other,07/2022,,29864,58555,0.510016224062847,,
Female,07/2022,,,,,,
