group,month,month_last_day,month_filings,avg_filings,month_diff,month_filings_imputed,baseline_share
White,01/2023,,16157,29070,0.555796353629171,,0.48256697140796
Black,01/2023,,26741,50998.6666666667,0.524347041752726,,0.154396667730255
Latinx,01/2023,,52573,86731.3333333333,0.606159250405467,,0.24512541098456
Other,01/2023,,30597,58555,0.522534369396294,,
Female,01/2023,,,,,,
