group,month,month_last_day,month_filings,avg_filings,month_diff,month_filings_imputed,baseline_share
White,04/2023,,13213,29097,0.454101797436162,,0.48256697140796
Black,04/2023,,21451,51063.3333333333,0.420086167504406,,0.154396667730255
Latinx,04/2023,,40440,86887.3333333333,0.465430327397166,,0.24512541098456
Other,04/2023,,23600,58634.3333333333,0.402494556659068,,
Female,04/2023,,,,,,
