group,month,month_last_day,month_filings,avg_filings,month_diff,month_filings_imputed,baseline_share
White,09/2022,,16814,29070,0.578396972824217,,0.48256697140796
Black,09/2022,,27982,50998.6666666667,0.548681011268269,,0.154396667730255
Latinx,09/2022,,51892,86731.3333333333,0.598307416773638,,0.24512541098456
Other,09/2022,,30899,58555,0.527691913585518,,
Female,09/2022,,,,,,
