group,month,month_last_day,month_filings,avg_filings,month_diff,month_filings_imputed,baseline_share
White,10/2023,,16160,29097,0.555383716534351,,0.48256697140796
Black,10/2023,,24887,51063.3333333333,0.48737515503623,,0.154396667730255
Latinx,10/2023,,48141,86887.3333333333,0.554062348942308,,0.24512541098456
Other,10/2023,,30434,58634.3333333333,0.51904742954924,,
Female,10/2023,,,,,,
