group,month,month_last_day,month_filings,avg_filings,month_diff,month_filings_imputed
White,04/2022,,15708,29070,0.540350877192982,
Black,04/2022,,24752,50998.6666666667,0.485346022118225,
Latinx,04/2022,,48491,86731.3333333333,0.559094368048456,
Other,04/2022,,29162,58555,0.498027495517035,
Female,04/2022,,,,,
