group,month,month_last_day,month_filings,avg_filings,month_diff,month_filings_imputed,baseline_share
White,11/2022,,16733,29070,0.575610595115239,,0.48256697140796
Black,11/2022,,27952,50998.6666666667,0.548092760595048,,0.154396667730255
Latinx,11/2022,,52689,86731.3333333333,0.60749671399033,,0.24512541098456
Other,11/2022,,31030,58555,0.5299291264623,,
Female,11/2022,,,,,,
