group,month,month_last_day,month_filings,avg_filings,month_diff,month_filings_imputed,baseline_share
White,07/2022,,16785,29070,0.577399380804954,,0.48256697140796
Black,07/2022,,27794,50998.6666666667,0.544994640382755,,0.154396667730255
Latinx,07/2022,,50873,86731.3333333333,0.586558490972121,,0.24512541098456
Other,07/2022,,30712,58555,0.524498334898813,,
Female,07/2022,,,,,,
