group,month,month_last_day,month_filings,avg_filings,month_diff,month_filings_imputed,baseline_share
White,05/2023,,14593,29097,0.501529367288724,,0.48256697140796
Black,05/2023,,23379,51063.3333333333,0.457843201253346,,0.154396667730255
Latinx,05/2023,,45705,86887.3333333333,0.52602604138693,,0.24512541098456
Other,05/2023,,27292,58634.3333333333,0.465461077980478,,
Female,05/2023,,,,,,
