group,month,month_last_day,month_filings,avg_filings,month_diff,month_filings_imputed,baseline_share
White,02/2023,,16007,29070,0.550636394908841,,0.48256697140796
Black,02/2023,,26162,50998.6666666667,0.512993803759576,,0.154396667730255
Latinx,02/2023,,51662,86731.3333333333,0.595655549320891,,0.24512541098456
Other,02/2023,,30152,58555,0.51493467679959,,
Female,02/2023,,,,,,
