group,month,month_last_day,month_filings,avg_filings,month_diff,month_filings_imputed,baseline_share
White,03/2023,,16002,29097,0.549953603464275,,0.48256697140796
Black,03/2023,,26269,51063.3333333333,0.514439584829297,,0.154396667730255
Latinx,03/2023,,51471,86887.3333333333,0.592387843260621,,0.24512541098456
Other,03/2023,,29925,58634.3333333333,0.510366508814517,,
Female,03/2023,,,,,,
