group,month,month_last_day,month_filings,avg_filings,month_diff,month_filings_imputed,baseline_share
White,10/2022,,16732,29070,0.575576195390437,,0.48256697140796
Black,10/2022,,28014,50998.6666666667,0.549308478653037,,0.154396667730255
Latinx,10/2022,,52210,86731.3333333333,0.601973911773523,,0.24512541098456
Other,10/2022,,31121,58555,0.531483220903424,,
Female,10/2022,,,,,,
