type,GEOID,racial_majority,month,filings_2020,filings_avg,filings_avg_prepandemic_baseline,last_updated
Zip Code,23112,,01/2023,0,,59,
Zip Code,23112,,02/2023,0,,52,
Zip Code,23112,,03/2023,0,,43.5,
Zip Code,23112,,04/2023,0,,43.75,
Zip Code,23112,,05/2023,0,,49,
Zip Code,23112,,06/2023,0,,49.5,
Zip Code,23112,,07/2023,0,,49.5,
Zip Code,23112,,08/2023,0,,51,
Zip Code,23112,,09/2023,0,,49.75,
Zip Code,23112,,10/2023,0,,50,
Zip Code,23112,,11/2023,0,,54.25,
Zip Code,23112,,12/2023,0,,49.75,
Zip Code,23112,,01/2024,0,,59,
Zip Code,23112,,02/2024,0,,52.25,
Zip Code,23112,,03/2024,0,,43.5,
Zip Code,23112,,04/2024,0,,43.75,
Zip Code,23112,,05/2024,0,,49,
Zip Code,23112,,06/2024,0,,49.5,
Zip Code,23112,,07/2024,0,,49.5,
Zip Code,23112,,08/2024,0,,51,
Zip Code,23112,,09/2024,0,,49.75,
Zip Code,23112,,10/2024,0,,50,
Zip Code,23112,,11/2024,0,,54.25,
Zip Code,23112,,12/2024,0,,49.75,
Zip Code,23112,,01/2025,0,,59,
Zip Code,23112,,02/2025,0,,52,
Zip Code,23112,,03/2025,0,,43.5,
Zip Code,23112,,04/2025,0,,43.75,
Zip Code,23112,,05/2025,0,,49,
Zip Code,23112,,06/2025,0,,49.5,
Zip Code,23112,,07/2025,0,,49.5,
Zip Code,23112,,08/2025,0,,51,
Zip Code,23112,,09/2025,0,,49.75,
Zip Code,23112,,10/2025,0,,50,
Zip Code,23112,,11/2025,0,,54.25,
Zip Code,23112,,12/2025,0,,49.75,
Zip Code,23113,,01/2023,0,,12,
Zip Code,23113,,02/2023,0,,7.5,
Zip Code,23113,,03/2023,0,,9,
Zip Code,23113,,04/2023,0,,9.75,
Zip Code,23113,,05/2023,0,,11.75,
Zip Code,23113,,06/2023,0,,9.25,
Zip Code,23113,,07/2023,0,,7.75,
Zip Code,23113,,08/2023,0,,9.75,
Zip Code,23113,,09/2023,0,,8.25,
Zip Code,23113,,10/2023,0,,6.25,
Zip Code,23113,,11/2023,0,,7.25,
Zip Code,23113,,12/2023,0,,10.5,
Zip Code,23113,,01/2024,0,,12,
Zip Code,23113,,02/2024,0,,7.5,
Zip Code,23113,,03/2024,0,,9,
Zip Code,23113,,04/2024,0,,9.75,
Zip Code,23113,,05/2024,0,,11.75,
Zip Code,23113,,06/2024,0,,9.25,
Zip Code,23113,,07/2024,0,,7.75,
Zip Code,23113,,08/2024,0,,9.75,
Zip Code,23113,,09/2024,0,,8.25,
Zip Code,23113,,10/2024,0,,6.25,
Zip Code,23113,,11/2024,0,,7.25,
Zip Code,23113,,12/2024,0,,10.5,
Zip Code,23113,,01/2025,0,,12,
Zip Code,23113,,02/2025,0,,7.5,
Zip Code,23113,,03/2025,0,,9,
Zip Code,23113,,04/2025,0,,9.75,
Zip Code,23113,,05/2025,0,,11.75,
Zip Code,23113,,06/2025,0,,9.25,
Zip Code,23113,,07/2025,0,,7.75,
Zip Code,23113,,08/2025,0,,9.75,
Zip Code,23113,,09/2025,0,,8.25,
Zip Code,23113,,10/2025,0,,6.25,
Zip Code,23113,,11/2025,0,,7.25,
Zip Code,23113,,12/2025,0,,10.5,
Zip Code,23114,,01/2023,0,,16,
Zip Code,23114,,02/2023,0,,9,
Zip Code,23114,,03/2023,0,,11,
Zip Code,23114,,04/2023,0,,13.25,
Zip Code,23114,,05/2023,0,,13.25,
Zip Code,23114,,06/2023,0,,7,
Zip Code,23114,,07/2023,0,,11,
Zip Code,23114,,08/2023,0,,8,
Zip Code,23114,,09/2023,0,,15,
Zip Code,23114,,10/2023,0,,10.75,
Zip Code,23114,,11/2023,0,,12.75,
Zip Code,23114,,12/2023,0,,8.75,
Zip Code,23114,,01/2024,0,,16,
Zip Code,23114,,02/2024,0,,9,
Zip Code,23114,,03/2024,0,,11,
Zip Code,23114,,04/2024,0,,13.25,
Zip Code,23114,,05/2024,0,,13.25,
Zip Code,23114,,06/2024,0,,7,
Zip Code,23114,,07/2024,0,,11,
Zip Code,23114,,08/2024,0,,8,
Zip Code,23114,,09/2024,0,,15,
Zip Code,23114,,10/2024,0,,10.75,
Zip Code,23114,,11/2024,0,,12.75,
Zip Code,23114,,12/2024,0,,8.75,
Zip Code,23114,,01/2025,0,,16,
Zip Code,23114,,02/2025,0,,9,
Zip Code,23114,,03/2025,0,,11,
Zip Code,23114,,04/2025,0,,13.25,
Zip Code,23114,,05/2025,0,,13.25,
Zip Code,23114,,06/2025,0,,7,
Zip Code,23114,,07/2025,0,,11,
Zip Code,23114,,08/2025,0,,8,
Zip Code,23114,,09/2025,0,,15,
Zip Code,23114,,10/2025,0,,10.75,
Zip Code,23114,,11/2025,0,,12.75,
Zip Code,23114,,12/2025,0,,8.75,
Zip Code,23120,,01/2023,0,,0.5,
Zip Code,23120,,02/2023,0,,1,
Zip Code,23120,,03/2023,0,,0.25,
Zip Code,23120,,04/2023,0,,1,
Zip Code,23120,,05/2023,0,,0.25,
Zip Code,23120,,06/2023,0,,0.5,
Zip Code,23120,,07/2023,0,,0.75,
Zip Code,23120,,08/2023,0,,0.5,
Zip Code,23120,,09/2023,0,,0.25,
Zip Code,23120,,10/2023,0,,0.5,
Zip Code,23120,,11/2023,0,,1,
Zip Code,23120,,12/2023,0,,0.25,
Zip Code,23120,,01/2024,0,,0.5,
Zip Code,23120,,02/2024,0,,1,
Zip Code,23120,,03/2024,0,,0.25,
Zip Code,23120,,04/2024,0,,1,
Zip Code,23120,,05/2024,0,,0.25,
Zip Code,23120,,06/2024,0,,0.5,
Zip Code,23120,,07/2024,0,,0.75,
Zip Code,23120,,08/2024,0,,0.5,
Zip Code,23120,,09/2024,0,,0.25,
Zip Code,23120,,10/2024,0,,0.5,
Zip Code,23120,,11/2024,0,,1,
Zip Code,23120,,12/2024,0,,0.25,
Zip Code,23120,,01/2025,0,,0.5,
Zip Code,23120,,02/2025,0,,1,
Zip Code,23120,,03/2025,0,,0.25,
Zip Code,23120,,04/2025,0,,1,
Zip Code,23120,,05/2025,0,,0.25,
Zip Code,23120,,06/2025,0,,0.5,
Zip Code,23120,,07/2025,0,,0.75,
Zip Code,23120,,08/2025,0,,0.5,
Zip Code,23120,,09/2025,0,,0.25,
Zip Code,23120,,10/2025,0,,0.5,
Zip Code,23120,,11/2025,0,,1,
Zip Code,23120,,12/2025,0,,0.25,
Zip Code,23218,,01/2023,0,,0,
Zip Code,23218,,02/2023,0,,0,
Zip Code,23218,,03/2023,0,,0,
Zip Code,23218,,04/2023,0,,0,
Zip Code,23218,,05/2023,0,,0,
Zip Code,23218,,06/2023,0,,0,
Zip Code,23218,,07/2023,0,,0,
Zip Code,23218,,08/2023,0,,0,
Zip Code,23218,,09/2023,0,,0,
Zip Code,23218,,10/2023,0,,0,
Zip Code,23218,,11/2023,0,,0,
Zip Code,23218,,12/2023,0,,0,
Zip Code,23218,,01/2024,0,,0,
Zip Code,23218,,02/2024,0,,0,
Zip Code,23218,,03/2024,0,,0,
Zip Code,23218,,04/2024,0,,0,
Zip Code,23218,,05/2024,0,,0,
Zip Code,23218,,06/2024,0,,0,
Zip Code,23218,,07/2024,0,,0,
Zip Code,23218,,08/2024,0,,0,
Zip Code,23218,,09/2024,0,,0,
Zip Code,23218,,10/2024,0,,0,
Zip Code,23218,,11/2024,0,,0,
Zip Code,23218,,12/2024,0,,0,
Zip Code,23218,,01/2025,0,,0,
Zip Code,23218,,02/2025,0,,0,
Zip Code,23218,,03/2025,0,,0,
Zip Code,23218,,04/2025,0,,0,
Zip Code,23218,,05/2025,0,,0,
Zip Code,23218,,06/2025,0,,0,
Zip Code,23218,,07/2025,0,,0,
Zip Code,23218,,08/2025,0,,0,
Zip Code,23218,,09/2025,0,,0,
Zip Code,23218,,10/2025,0,,0,
Zip Code,23218,,11/2025,0,,0,
Zip Code,23218,,12/2025,0,,0,
Zip Code,23219,,01/2023,0,,39.5,
Zip Code,23219,,02/2023,0,,39.75,
Zip Code,23219,,03/2023,0,,26.5,
Zip Code,23219,,04/2023,0,,25.75,
Zip Code,23219,,05/2023,0,,36.25,
Zip Code,23219,,06/2023,0,,26.75,
Zip Code,23219,,07/2023,0,,30,
Zip Code,23219,,08/2023,0,,24.75,
Zip Code,23219,,09/2023,0,,30.5,
Zip Code,23219,,10/2023,0,,33.75,
Zip Code,23219,,11/2023,0,,27.75,
Zip Code,23219,,12/2023,0,,22.25,
Zip Code,23219,,01/2024,0,,39.5,
Zip Code,23219,,02/2024,0,,41,
Zip Code,23219,,03/2024,0,,26.5,
Zip Code,23219,,04/2024,0,,25.75,
Zip Code,23219,,05/2024,0,,36.25,
Zip Code,23219,,06/2024,0,,26.75,
Zip Code,23219,,07/2024,0,,30,
Zip Code,23219,,08/2024,0,,24.75,
Zip Code,23219,,09/2024,0,,30.5,
Zip Code,23219,,10/2024,0,,33.75,
Zip Code,23219,,11/2024,0,,27.75,
Zip Code,23219,,12/2024,0,,22.25,
Zip Code,23219,,01/2025,0,,39.5,
Zip Code,23219,,02/2025,0,,39.75,
Zip Code,23219,,03/2025,0,,26.5,
Zip Code,23219,,04/2025,0,,25.75,
Zip Code,23219,,05/2025,0,,36.25,
Zip Code,23219,,06/2025,0,,26.75,
Zip Code,23219,,07/2025,0,,30,
Zip Code,23219,,08/2025,0,,24.75,
Zip Code,23219,,09/2025,0,,30.5,
Zip Code,23219,,10/2025,0,,33.75,
Zip Code,23219,,11/2025,0,,27.75,
Zip Code,23219,,12/2025,0,,22.25,
Zip Code,23220,,01/2023,0,,146.5,
Zip Code,23220,,02/2023,0,,128.25,
Zip Code,23220,,03/2023,0,,119.75,
Zip Code,23220,,04/2023,0,,93.5,
Zip Code,23220,,05/2023,0,,116.5,
Zip Code,23220,,06/2023,0,,123.5,
Zip Code,23220,,07/2023,0,,105.25,
Zip Code,23220,,08/2023,0,,84.25,
Zip Code,23220,,09/2023,0,,93.25,
Zip Code,23220,,10/2023,0,,104.5,
Zip Code,23220,,11/2023,0,,111,
Zip Code,23220,,12/2023,0,,78.75,
Zip Code,23220,,01/2024,0,,146.5,
Zip Code,23220,,02/2024,0,,128.5,
Zip Code,23220,,03/2024,0,,119.75,
Zip Code,23220,,04/2024,0,,93.5,
Zip Code,23220,,05/2024,0,,116.5,
Zip Code,23220,,06/2024,0,,123.5,
Zip Code,23220,,07/2024,0,,105.25,
Zip Code,23220,,08/2024,0,,84.25,
Zip Code,23220,,09/2024,0,,93.25,
Zip Code,23220,,10/2024,0,,104.5,
Zip Code,23220,,11/2024,0,,111,
Zip Code,23220,,12/2024,0,,78.75,
Zip Code,23220,,01/2025,0,,146.5,
Zip Code,23220,,02/2025,0,,128.25,
Zip Code,23220,,03/2025,0,,119.75,
Zip Code,23220,,04/2025,0,,93.5,
Zip Code,23220,,05/2025,0,,116.5,
Zip Code,23220,,06/2025,0,,123.5,
Zip Code,23220,,07/2025,0,,105.25,
Zip Code,23220,,08/2025,0,,84.25,
Zip Code,23220,,09/2025,0,,93.25,
Zip Code,23220,,10/2025,0,,104.5,
Zip Code,23220,,11/2025,0,,111,
Zip Code,23220,,12/2025,0,,78.75,
Zip Code,23221,,01/2023,0,,11,
Zip Code,23221,,02/2023,0,,12.5,
Zip Code,23221,,03/2023,0,,9.75,
Zip Code,23221,,04/2023,0,,8.25,
Zip Code,23221,,05/2023,0,,8,
Zip Code,23221,,06/2023,0,,9,
Zip Code,23221,,07/2023,0,,7.75,
Zip Code,23221,,08/2023,0,,8.5,
Zip Code,23221,,09/2023,0,,8.25,
Zip Code,23221,,10/2023,0,,8.75,
Zip Code,23221,,11/2023,0,,10.5,
Zip Code,23221,,12/2023,0,,8.25,
Zip Code,23221,,01/2024,0,,11,
Zip Code,23221,,02/2024,0,,12.5,
Zip Code,23221,,03/2024,0,,9.75,
Zip Code,23221,,04/2024,0,,8.25,
Zip Code,23221,,05/2024,0,,8,
Zip Code,23221,,06/2024,0,,9,
Zip Code,23221,,07/2024,0,,7.75,
Zip Code,23221,,08/2024,0,,8.5,
Zip Code,23221,,09/2024,0,,8.25,
Zip Code,23221,,10/2024,0,,8.75,
Zip Code,23221,,11/2024,0,,10.5,
Zip Code,23221,,12/2024,0,,8.25,
Zip Code,23221,,01/2025,0,,11,
Zip Code,23221,,02/2025,0,,12.5,
Zip Code,23221,,03/2025,0,,9.75,
Zip Code,23221,,04/2025,0,,8.25,
Zip Code,23221,,05/2025,0,,8,
Zip Code,23221,,06/2025,0,,9,
Zip Code,23221,,07/2025,0,,7.75,
Zip Code,23221,,08/2025,0,,8.5,
Zip Code,23221,,09/2025,0,,8.25,
Zip Code,23221,,10/2025,0,,8.75,
Zip Code,23221,,11/2025,0,,10.5,
Zip Code,23221,,12/2025,0,,8.25,
Zip Code,23222,,01/2023,0,,147.5,
Zip Code,23222,,02/2023,0,,115.75,
Zip Code,23222,,03/2023,0,,101,
Zip Code,23222,,04/2023,0,,108.5,
Zip Code,23222,,05/2023,0,,132.5,
Zip Code,23222,,06/2023,0,,150.75,
Zip Code,23222,,07/2023,0,,126.5,
Zip Code,23222,,08/2023,0,,142,
Zip Code,23222,,09/2023,0,,117.5,
Zip Code,23222,,10/2023,0,,126.25,
Zip Code,23222,,11/2023,0,,154.75,
Zip Code,23222,,12/2023,0,,93.5,
Zip Code,23222,,01/2024,0,,147.5,
Zip Code,23222,,02/2024,0,,116,
Zip Code,23222,,03/2024,0,,101,
Zip Code,23222,,04/2024,0,,108.5,
Zip Code,23222,,05/2024,0,,132.5,
Zip Code,23222,,06/2024,0,,150.75,
Zip Code,23222,,07/2024,0,,126.5,
Zip Code,23222,,08/2024,0,,142,
Zip Code,23222,,09/2024,0,,117.5,
Zip Code,23222,,10/2024,0,,126.25,
Zip Code,23222,,11/2024,0,,154.75,
Zip Code,23222,,12/2024,0,,93.5,
Zip Code,23222,,01/2025,0,,147.5,
Zip Code,23222,,02/2025,0,,115.75,
Zip Code,23222,,03/2025,0,,101,
Zip Code,23222,,04/2025,0,,108.5,
Zip Code,23222,,05/2025,0,,132.5,
Zip Code,23222,,06/2025,0,,150.75,
Zip Code,23222,,07/2025,0,,126.5,
Zip Code,23222,,08/2025,0,,142,
Zip Code,23222,,09/2025,0,,117.5,
Zip Code,23222,,10/2025,0,,126.25,
Zip Code,23222,,11/2025,0,,154.75,
Zip Code,23222,,12/2025,0,,93.5,
Zip Code,23223,,01/2023,0,,225,
Zip Code,23223,,02/2023,0,,181.25,
Zip Code,23223,,03/2023,0,,163.25,
Zip Code,23223,,04/2023,0,,180.25,
Zip Code,23223,,05/2023,0,,187.25,
Zip Code,23223,,06/2023,0,,230.5,
Zip Code,23223,,07/2023,0,,227,
Zip Code,23223,,08/2023,0,,226.75,
Zip Code,23223,,09/2023,0,,231,
Zip Code,23223,,10/2023,0,,231.25,
Zip Code,23223,,11/2023,0,,168.5,
Zip Code,23223,,12/2023,0,,196.25,
Zip Code,23223,,01/2024,0,,225,
Zip Code,23223,,02/2024,0,,182.5,
Zip Code,23223,,03/2024,0,,163.25,
Zip Code,23223,,04/2024,0,,180.25,
Zip Code,23223,,05/2024,0,,187.25,
Zip Code,23223,,06/2024,0,,230.5,
Zip Code,23223,,07/2024,0,,227,
Zip Code,23223,,08/2024,0,,226.75,
Zip Code,23223,,09/2024,0,,231,
Zip Code,23223,,10/2024,0,,231.25,
Zip Code,23223,,11/2024,0,,168.5,
Zip Code,23223,,12/2024,0,,196.25,
Zip Code,23223,,01/2025,0,,225,
Zip Code,23223,,02/2025,0,,181.25,
Zip Code,23223,,03/2025,0,,163.25,
Zip Code,23223,,04/2025,0,,180.25,
Zip Code,23223,,05/2025,0,,187.25,
Zip Code,23223,,06/2025,0,,230.5,
Zip Code,23223,,07/2025,0,,227,
Zip Code,23223,,08/2025,0,,226.75,
Zip Code,23223,,09/2025,0,,231,
Zip Code,23223,,10/2025,0,,231.25,
Zip Code,23223,,11/2025,0,,168.5,
Zip Code,23223,,12/2025,0,,196.25,
Zip Code,23224,,01/2023,0,,444,
Zip Code,23224,,02/2023,0,,346.75,
Zip Code,23224,,03/2023,0,,293.25,
Zip Code,23224,,04/2023,0,,307,
Zip Code,23224,,05/2023,0,,319.25,
Zip Code,23224,,06/2023,0,,365.25,
Zip Code,23224,,07/2023,0,,405.25,
Zip Code,23224,,08/2023,0,,368,
Zip Code,23224,,09/2023,0,,412.75,
Zip Code,23224,,10/2023,0,,374,
Zip Code,23224,,11/2023,0,,347.25,
Zip Code,23224,,12/2023,0,,307,
Zip Code,23224,,01/2024,0,,444,
Zip Code,23224,,02/2024,0,,346.75,
Zip Code,23224,,03/2024,0,,293.25,
Zip Code,23224,,04/2024,0,,307,
Zip Code,23224,,05/2024,0,,319.25,
Zip Code,23224,,06/2024,0,,365.25,
Zip Code,23224,,07/2024,0,,405.25,
Zip Code,23224,,08/2024,0,,368,
Zip Code,23224,,09/2024,0,,412.75,
Zip Code,23224,,10/2024,0,,374,
Zip Code,23224,,11/2024,0,,347.25,
Zip Code,23224,,12/2024,0,,307,
Zip Code,23224,,01/2025,0,,444,
Zip Code,23224,,02/2025,0,,346.75,
Zip Code,23224,,03/2025,0,,293.25,
Zip Code,23224,,04/2025,0,,307,
Zip Code,23224,,05/2025,0,,319.25,
Zip Code,23224,,06/2025,0,,365.25,
Zip Code,23224,,07/2025,0,,405.25,
Zip Code,23224,,08/2025,0,,368,
Zip Code,23224,,09/2025,0,,412.75,
Zip Code,23224,,10/2025,0,,374,
Zip Code,23224,,11/2025,0,,347.25,
Zip Code,23224,,12/2025,0,,307,
Zip Code,23225,,01/2023,0,,410.5,
Zip Code,23225,,02/2023,0,,357.75,
Zip Code,23225,,03/2023,0,,280.5,
Zip Code,23225,,04/2023,0,,269,
Zip Code,23225,,05/2023,0,,317.5,
Zip Code,23225,,06/2023,0,,401.25,
Zip Code,23225,,07/2023,0,,392.5,
Zip Code,23225,,08/2023,0,,386.5,
Zip Code,23225,,09/2023,0,,386.25,
Zip Code,23225,,10/2023,0,,357.5,
Zip Code,23225,,11/2023,0,,376.25,
Zip Code,23225,,12/2023,0,,407.75,
Zip Code,23225,,01/2024,0,,410.5,
Zip Code,23225,,02/2024,0,,359.75,
Zip Code,23225,,03/2024,0,,280.5,
Zip Code,23225,,04/2024,0,,269,
Zip Code,23225,,05/2024,0,,317.5,
Zip Code,23225,,06/2024,0,,401.25,
Zip Code,23225,,07/2024,0,,392.5,
Zip Code,23225,,08/2024,0,,386.5,
Zip Code,23225,,09/2024,0,,386.25,
Zip Code,23225,,10/2024,0,,357.5,
Zip Code,23225,,11/2024,0,,376.25,
Zip Code,23225,,12/2024,0,,407.75,
Zip Code,23225,,01/2025,0,,410.5,
Zip Code,23225,,02/2025,0,,357.75,
Zip Code,23225,,03/2025,0,,280.5,
Zip Code,23225,,04/2025,0,,269,
Zip Code,23225,,05/2025,0,,317.5,
Zip Code,23225,,06/2025,0,,401.25,
Zip Code,23225,,07/2025,0,,392.5,
Zip Code,23225,,08/2025,0,,386.5,
Zip Code,23225,,09/2025,0,,386.25,
Zip Code,23225,,10/2025,0,,357.5,
Zip Code,23225,,11/2025,0,,376.25,
Zip Code,23225,,12/2025,0,,407.75,
Zip Code,23226,,01/2023,0,,1.75,
Zip Code,23226,,02/2023,0,,1.75,
Zip Code,23226,,03/2023,0,,1.25,
Zip Code,23226,,04/2023,0,,1,
Zip Code,23226,,05/2023,0,,2,
Zip Code,23226,,06/2023,0,,1.25,
Zip Code,23226,,07/2023,0,,2,
Zip Code,23226,,08/2023,0,,1.75,
Zip Code,23226,,09/2023,0,,0,
Zip Code,23226,,10/2023,0,,2,
Zip Code,23226,,11/2023,0,,1.5,
Zip Code,23226,,12/2023,0,,1,
Zip Code,23226,,01/2024,0,,1.75,
Zip Code,23226,,02/2024,0,,1.75,
Zip Code,23226,,03/2024,0,,1.25,
Zip Code,23226,,04/2024,0,,1,
Zip Code,23226,,05/2024,0,,2,
Zip Code,23226,,06/2024,0,,1.25,
Zip Code,23226,,07/2024,0,,2,
Zip Code,23226,,08/2024,0,,1.75,
Zip Code,23226,,09/2024,0,,0,
Zip Code,23226,,10/2024,0,,2,
Zip Code,23226,,11/2024,0,,1.5,
Zip Code,23226,,12/2024,0,,1,
Zip Code,23226,,01/2025,0,,1.75,
Zip Code,23226,,02/2025,0,,1.75,
Zip Code,23226,,03/2025,0,,1.25,
Zip Code,23226,,04/2025,0,,1,
Zip Code,23226,,05/2025,0,,2,
Zip Code,23226,,06/2025,0,,1.25,
Zip Code,23226,,07/2025,0,,2,
Zip Code,23226,,08/2025,0,,1.75,
Zip Code,23226,,09/2025,0,,0,
Zip Code,23226,,10/2025,0,,2,
Zip Code,23226,,11/2025,0,,1.5,
Zip Code,23226,,12/2025,0,,1,
Zip Code,23227,,01/2023,0,,156,
Zip Code,23227,,02/2023,0,,122.5,
Zip Code,23227,,03/2023,0,,125.5,
Zip Code,23227,,04/2023,0,,133.75,
Zip Code,23227,,05/2023,0,,103.5,
Zip Code,23227,,06/2023,0,,148.5,
Zip Code,23227,,07/2023,0,,132,
Zip Code,23227,,08/2023,0,,119,
Zip Code,23227,,09/2023,0,,155.25,
Zip Code,23227,,10/2023,0,,149,
Zip Code,23227,,11/2023,0,,80.25,
Zip Code,23227,,12/2023,0,,74.5,
Zip Code,23227,,01/2024,0,,156,
Zip Code,23227,,02/2024,0,,122.5,
Zip Code,23227,,03/2024,0,,125.5,
Zip Code,23227,,04/2024,0,,133.75,
Zip Code,23227,,05/2024,0,,103.5,
Zip Code,23227,,06/2024,0,,148.5,
Zip Code,23227,,07/2024,0,,132,
Zip Code,23227,,08/2024,0,,119,
Zip Code,23227,,09/2024,0,,155.25,
Zip Code,23227,,10/2024,0,,149,
Zip Code,23227,,11/2024,0,,80.25,
Zip Code,23227,,12/2024,0,,74.5,
Zip Code,23227,,01/2025,0,,156,
Zip Code,23227,,02/2025,0,,122.5,
Zip Code,23227,,03/2025,0,,125.5,
Zip Code,23227,,04/2025,0,,133.75,
Zip Code,23227,,05/2025,0,,103.5,
Zip Code,23227,,06/2025,0,,148.5,
Zip Code,23227,,07/2025,0,,132,
Zip Code,23227,,08/2025,0,,119,
Zip Code,23227,,09/2025,0,,155.25,
Zip Code,23227,,10/2025,0,,149,
Zip Code,23227,,11/2025,0,,80.25,
Zip Code,23227,,12/2025,0,,74.5,
Zip Code,23228,,01/2023,0,,0.5,
Zip Code,23228,,02/2023,0,,0,
Zip Code,23228,,03/2023,0,,0,
Zip Code,23228,,04/2023,0,,0.25,
Zip Code,23228,,05/2023,0,,0.25,
Zip Code,23228,,06/2023,0,,0.25,
Zip Code,23228,,07/2023,0,,0.5,
Zip Code,23228,,08/2023,0,,0.75,
Zip Code,23228,,09/2023,0,,0,
Zip Code,23228,,10/2023,0,,0.75,
Zip Code,23228,,11/2023,0,,0.75,
Zip Code,23228,,12/2023,0,,0.75,
Zip Code,23228,,01/2024,0,,0.5,
Zip Code,23228,,02/2024,0,,0,
Zip Code,23228,,03/2024,0,,0,
Zip Code,23228,,04/2024,0,,0.25,
Zip Code,23228,,05/2024,0,,0.25,
Zip Code,23228,,06/2024,0,,0.25,
Zip Code,23228,,07/2024,0,,0.5,
Zip Code,23228,,08/2024,0,,0.75,
Zip Code,23228,,09/2024,0,,0,
Zip Code,23228,,10/2024,0,,0.75,
Zip Code,23228,,11/2024,0,,0.75,
Zip Code,23228,,12/2024,0,,0.75,
Zip Code,23228,,01/2025,0,,0.5,
Zip Code,23228,,02/2025,0,,0,
Zip Code,23228,,03/2025,0,,0,
Zip Code,23228,,04/2025,0,,0.25,
Zip Code,23228,,05/2025,0,,0.25,
Zip Code,23228,,06/2025,0,,0.25,
Zip Code,23228,,07/2025,0,,0.5,
Zip Code,23228,,08/2025,0,,0.75,
Zip Code,23228,,09/2025,0,,0,
Zip Code,23228,,10/2025,0,,0.75,
Zip Code,23228,,11/2025,0,,0.75,
Zip Code,23228,,12/2025,0,,0.75,
Zip Code,23229,,01/2023,0,,0.25,
Zip Code,23229,,02/2023,0,,0,
Zip Code,23229,,03/2023,0,,0.25,
Zip Code,23229,,04/2023,0,,0,
Zip Code,23229,,05/2023,0,,1,
Zip Code,23229,,06/2023,0,,0,
Zip Code,23229,,07/2023,0,,0.25,
Zip Code,23229,,08/2023,0,,0.25,
Zip Code,23229,,09/2023,0,,0.25,
Zip Code,23229,,10/2023,0,,0.25,
Zip Code,23229,,11/2023,0,,1,
Zip Code,23229,,12/2023,0,,0.75,
Zip Code,23229,,01/2024,0,,0.25,
Zip Code,23229,,02/2024,0,,0,
Zip Code,23229,,03/2024,0,,0.25,
Zip Code,23229,,04/2024,0,,0,
Zip Code,23229,,05/2024,0,,1,
Zip Code,23229,,06/2024,0,,0,
Zip Code,23229,,07/2024,0,,0.25,
Zip Code,23229,,08/2024,0,,0.25,
Zip Code,23229,,09/2024,0,,0.25,
Zip Code,23229,,10/2024,0,,0.25,
Zip Code,23229,,11/2024,0,,1,
Zip Code,23229,,12/2024,0,,0.75,
Zip Code,23229,,01/2025,0,,0.25,
Zip Code,23229,,02/2025,0,,0,
Zip Code,23229,,03/2025,0,,0.25,
Zip Code,23229,,04/2025,0,,0,
Zip Code,23229,,05/2025,0,,1,
Zip Code,23229,,06/2025,0,,0,
Zip Code,23229,,07/2025,0,,0.25,
Zip Code,23229,,08/2025,0,,0.25,
Zip Code,23229,,09/2025,0,,0.25,
Zip Code,23229,,10/2025,0,,0.25,
Zip Code,23229,,11/2025,0,,1,
Zip Code,23229,,12/2025,0,,0.75,
Zip Code,23230,,01/2023,0,,7.75,
Zip Code,23230,,02/2023,0,,5,
Zip Code,23230,,03/2023,0,,6.25,
Zip Code,23230,,04/2023,0,,6,
Zip Code,23230,,05/2023,0,,7.5,
Zip Code,23230,,06/2023,0,,8.25,
Zip Code,23230,,07/2023,0,,7.5,
Zip Code,23230,,08/2023,0,,9,
Zip Code,23230,,09/2023,0,,8.75,
Zip Code,23230,,10/2023,0,,7,
Zip Code,23230,,11/2023,0,,8.5,
Zip Code,23230,,12/2023,0,,6.5,
Zip Code,23230,,01/2024,0,,7.75,
Zip Code,23230,,02/2024,0,,5.25,
Zip Code,23230,,03/2024,0,,6.25,
Zip Code,23230,,04/2024,0,,6,
Zip Code,23230,,05/2024,0,,7.5,
Zip Code,23230,,06/2024,0,,8.25,
Zip Code,23230,,07/2024,0,,7.5,
Zip Code,23230,,08/2024,0,,9,
Zip Code,23230,,09/2024,0,,8.75,
Zip Code,23230,,10/2024,0,,7,
Zip Code,23230,,11/2024,0,,8.5,
Zip Code,23230,,12/2024,0,,6.5,
Zip Code,23230,,01/2025,0,,7.75,
Zip Code,23230,,02/2025,0,,5,
Zip Code,23230,,03/2025,0,,6.25,
Zip Code,23230,,04/2025,0,,6,
Zip Code,23230,,05/2025,0,,7.5,
Zip Code,23230,,06/2025,0,,8.25,
Zip Code,23230,,07/2025,0,,7.5,
Zip Code,23230,,08/2025,0,,9,
Zip Code,23230,,09/2025,0,,8.75,
Zip Code,23230,,10/2025,0,,7,
Zip Code,23230,,11/2025,0,,8.5,
Zip Code,23230,,12/2025,0,,6.5,
Zip Code,23231,,01/2023,0,,52.75,
Zip Code,23231,,02/2023,0,,38.75,
Zip Code,23231,,03/2023,0,,24.25,
Zip Code,23231,,04/2023,0,,36.75,
Zip Code,23231,,05/2023,0,,54,
Zip Code,23231,,06/2023,0,,50.75,
Zip Code,23231,,07/2023,0,,46.25,
Zip Code,23231,,08/2023,0,,37.5,
Zip Code,23231,,09/2023,0,,38.25,
Zip Code,23231,,10/2023,0,,32.5,
Zip Code,23231,,11/2023,0,,32.75,
Zip Code,23231,,12/2023,0,,27.75,
Zip Code,23231,,01/2024,0,,52.75,
Zip Code,23231,,02/2024,0,,38.75,
Zip Code,23231,,03/2024,0,,24.25,
Zip Code,23231,,04/2024,0,,36.75,
Zip Code,23231,,05/2024,0,,54,
Zip Code,23231,,06/2024,0,,50.75,
Zip Code,23231,,07/2024,0,,46.25,
Zip Code,23231,,08/2024,0,,37.5,
Zip Code,23231,,09/2024,0,,38.25,
Zip Code,23231,,10/2024,0,,32.5,
Zip Code,23231,,11/2024,0,,32.75,
Zip Code,23231,,12/2024,0,,27.75,
Zip Code,23231,,01/2025,0,,52.75,
Zip Code,23231,,02/2025,0,,38.75,
Zip Code,23231,,03/2025,0,,24.25,
Zip Code,23231,,04/2025,0,,36.75,
Zip Code,23231,,05/2025,0,,54,
Zip Code,23231,,06/2025,0,,50.75,
Zip Code,23231,,07/2025,0,,46.25,
Zip Code,23231,,08/2025,0,,37.5,
Zip Code,23231,,09/2025,0,,38.25,
Zip Code,23231,,10/2025,0,,32.5,
Zip Code,23231,,11/2025,0,,32.75,
Zip Code,23231,,12/2025,0,,27.75,
Zip Code,23232,,01/2023,0,,0,
Zip Code,23232,,02/2023,0,,0,
Zip Code,23232,,03/2023,0,,0,
Zip Code,23232,,04/2023,0,,0,
Zip Code,23232,,05/2023,0,,0,
Zip Code,23232,,06/2023,0,,0,
Zip Code,23232,,07/2023,0,,0,
Zip Code,23232,,08/2023,0,,0,
Zip Code,23232,,09/2023,0,,0,
Zip Code,23232,,10/2023,0,,0,
Zip Code,23232,,11/2023,0,,0,
Zip Code,23232,,12/2023,0,,0,
Zip Code,23232,,01/2024,0,,0,
Zip Code,23232,,02/2024,0,,0,
Zip Code,23232,,03/2024,0,,0,
Zip Code,23232,,04/2024,0,,0,
Zip Code,23232,,05/2024,0,,0,
Zip Code,23232,,06/2024,0,,0,
Zip Code,23232,,07/2024,0,,0,
Zip Code,23232,,08/2024,0,,0,
Zip Code,23232,,09/2024,0,,0,
Zip Code,23232,,10/2024,0,,0,
Zip Code,23232,,11/2024,0,,0,
Zip Code,23232,,12/2024,0,,0,
Zip Code,23232,,01/2025,0,,0,
Zip Code,23232,,02/2025,0,,0,
Zip Code,23232,,03/2025,0,,0,
Zip Code,23232,,04/2025,0,,0,
Zip Code,23232,,05/2025,0,,0,
Zip Code,23232,,06/2025,0,,0,
Zip Code,23232,,07/2025,0,,0,
Zip Code,23232,,08/2025,0,,0,
Zip Code,23232,,09/2025,0,,0,
Zip Code,23232,,10/2025,0,,0,
Zip Code,23232,,11/2025,0,,0,
Zip Code,23232,,12/2025,0,,0,
Zip Code,23234,,01/2023,0,,276.5,
Zip Code,23234,,02/2023,0,,235,
Zip Code,23234,,03/2023,0,,206.5,
Zip Code,23234,,04/2023,0,,200.75,
Zip Code,23234,,05/2023,0,,247.5,
Zip Code,23234,,06/2023,0,,251,
Zip Code,23234,,07/2023,0,,249.25,
Zip Code,23234,,08/2023,0,,239,
Zip Code,23234,,09/2023,0,,261,
Zip Code,23234,,10/2023,0,,242.25,
Zip Code,23234,,11/2023,0,,217,
Zip Code,23234,,12/2023,0,,210,
Zip Code,23234,,01/2024,0,,276.5,
Zip Code,23234,,02/2024,0,,236.25,
Zip Code,23234,,03/2024,0,,206.5,
Zip Code,23234,,04/2024,0,,200.75,
Zip Code,23234,,05/2024,0,,247.5,
Zip Code,23234,,06/2024,0,,251,
Zip Code,23234,,07/2024,0,,249.25,
Zip Code,23234,,08/2024,0,,239,
Zip Code,23234,,09/2024,0,,261,
Zip Code,23234,,10/2024,0,,242.25,
Zip Code,23234,,11/2024,0,,217,
Zip Code,23234,,12/2024,0,,210,
Zip Code,23234,,01/2025,0,,276.5,
Zip Code,23234,,02/2025,0,,235,
Zip Code,23234,,03/2025,0,,206.5,
Zip Code,23234,,04/2025,0,,200.75,
Zip Code,23234,,05/2025,0,,247.5,
Zip Code,23234,,06/2025,0,,251,
Zip Code,23234,,07/2025,0,,249.25,
Zip Code,23234,,08/2025,0,,239,
Zip Code,23234,,09/2025,0,,261,
Zip Code,23234,,10/2025,0,,242.25,
Zip Code,23234,,11/2025,0,,217,
Zip Code,23234,,12/2025,0,,210,
Zip Code,23235,,01/2023,0,,40.75,
Zip Code,23235,,02/2023,0,,37.75,
Zip Code,23235,,03/2023,0,,25.5,
Zip Code,23235,,04/2023,0,,37.75,
Zip Code,23235,,05/2023,0,,33.25,
Zip Code,23235,,06/2023,0,,36,
Zip Code,23235,,07/2023,0,,29.25,
Zip Code,23235,,08/2023,0,,38.75,
Zip Code,23235,,09/2023,0,,44.75,
Zip Code,23235,,10/2023,0,,37.75,
Zip Code,23235,,11/2023,0,,40.75,
Zip Code,23235,,12/2023,0,,40.75,
Zip Code,23235,,01/2024,0,,40.75,
Zip Code,23235,,02/2024,0,,38,
Zip Code,23235,,03/2024,0,,25.5,
Zip Code,23235,,04/2024,0,,37.75,
Zip Code,23235,,05/2024,0,,33.25,
Zip Code,23235,,06/2024,0,,36,
Zip Code,23235,,07/2024,0,,29.25,
Zip Code,23235,,08/2024,0,,38.75,
Zip Code,23235,,09/2024,0,,44.75,
Zip Code,23235,,10/2024,0,,37.75,
Zip Code,23235,,11/2024,0,,40.75,
Zip Code,23235,,12/2024,0,,40.75,
Zip Code,23235,,01/2025,0,,40.75,
Zip Code,23235,,02/2025,0,,37.75,
Zip Code,23235,,03/2025,0,,25.5,
Zip Code,23235,,04/2025,0,,37.75,
Zip Code,23235,,05/2025,0,,33.25,
Zip Code,23235,,06/2025,0,,36,
Zip Code,23235,,07/2025,0,,29.25,
Zip Code,23235,,08/2025,0,,38.75,
Zip Code,23235,,09/2025,0,,44.75,
Zip Code,23235,,10/2025,0,,37.75,
Zip Code,23235,,11/2025,0,,40.75,
Zip Code,23235,,12/2025,0,,40.75,
Zip Code,23236,,01/2023,0,,28,
Zip Code,23236,,02/2023,0,,22,
Zip Code,23236,,03/2023,0,,19.25,
Zip Code,23236,,04/2023,0,,19,
Zip Code,23236,,05/2023,0,,30.5,
Zip Code,23236,,06/2023,0,,30.75,
Zip Code,23236,,07/2023,0,,24.25,
Zip Code,23236,,08/2023,0,,32,
Zip Code,23236,,09/2023,0,,31.75,
Zip Code,23236,,10/2023,0,,23.5,
Zip Code,23236,,11/2023,0,,33.5,
Zip Code,23236,,12/2023,0,,23.75,
Zip Code,23236,,01/2024,0,,28,
Zip Code,23236,,02/2024,0,,22,
Zip Code,23236,,03/2024,0,,19.25,
Zip Code,23236,,04/2024,0,,19,
Zip Code,23236,,05/2024,0,,30.5,
Zip Code,23236,,06/2024,0,,30.75,
Zip Code,23236,,07/2024,0,,24.25,
Zip Code,23236,,08/2024,0,,32,
Zip Code,23236,,09/2024,0,,31.75,
Zip Code,23236,,10/2024,0,,23.5,
Zip Code,23236,,11/2024,0,,33.5,
Zip Code,23236,,12/2024,0,,23.75,
Zip Code,23236,,01/2025,0,,28,
Zip Code,23236,,02/2025,0,,22,
Zip Code,23236,,03/2025,0,,19.25,
Zip Code,23236,,04/2025,0,,19,
Zip Code,23236,,05/2025,0,,30.5,
Zip Code,23236,,06/2025,0,,30.75,
Zip Code,23236,,07/2025,0,,24.25,
Zip Code,23236,,08/2025,0,,32,
Zip Code,23236,,09/2025,0,,31.75,
Zip Code,23236,,10/2025,0,,23.5,
Zip Code,23236,,11/2025,0,,33.5,
Zip Code,23236,,12/2025,0,,23.75,
Zip Code,23237,,01/2023,0,,46.5,
Zip Code,23237,,02/2023,0,,27.25,
Zip Code,23237,,03/2023,0,,30.5,
Zip Code,23237,,04/2023,0,,25.25,
Zip Code,23237,,05/2023,0,,38.75,
Zip Code,23237,,06/2023,0,,30.75,
Zip Code,23237,,07/2023,0,,39.5,
Zip Code,23237,,08/2023,0,,30.25,
Zip Code,23237,,09/2023,0,,41.75,
Zip Code,23237,,10/2023,0,,34.5,
Zip Code,23237,,11/2023,0,,42.5,
Zip Code,23237,,12/2023,0,,25.75,
Zip Code,23237,,01/2024,0,,46.5,
Zip Code,23237,,02/2024,0,,27.5,
Zip Code,23237,,03/2024,0,,30.5,
Zip Code,23237,,04/2024,0,,25.25,
Zip Code,23237,,05/2024,0,,38.75,
Zip Code,23237,,06/2024,0,,30.75,
Zip Code,23237,,07/2024,0,,39.5,
Zip Code,23237,,08/2024,0,,30.25,
Zip Code,23237,,09/2024,0,,41.75,
Zip Code,23237,,10/2024,0,,34.5,
Zip Code,23237,,11/2024,0,,42.5,
Zip Code,23237,,12/2024,0,,25.75,
Zip Code,23237,,01/2025,0,,46.5,
Zip Code,23237,,02/2025,0,,27.25,
Zip Code,23237,,03/2025,0,,30.5,
Zip Code,23237,,04/2025,0,,25.25,
Zip Code,23237,,05/2025,0,,38.75,
Zip Code,23237,,06/2025,0,,30.75,
Zip Code,23237,,07/2025,0,,39.5,
Zip Code,23237,,08/2025,0,,30.25,
Zip Code,23237,,09/2025,0,,41.75,
Zip Code,23237,,10/2025,0,,34.5,
Zip Code,23237,,11/2025,0,,42.5,
Zip Code,23237,,12/2025,0,,25.75,
Zip Code,23241,,01/2023,0,,0,
Zip Code,23241,,02/2023,0,,0,
Zip Code,23241,,03/2023,0,,0,
Zip Code,23241,,04/2023,0,,0,
Zip Code,23241,,05/2023,0,,0,
Zip Code,23241,,06/2023,0,,0,
Zip Code,23241,,07/2023,0,,0,
Zip Code,23241,,08/2023,0,,0,
Zip Code,23241,,09/2023,0,,0,
Zip Code,23241,,10/2023,0,,0,
Zip Code,23241,,11/2023,0,,0,
Zip Code,23241,,12/2023,0,,0,
Zip Code,23241,,01/2024,0,,0,
Zip Code,23241,,02/2024,0,,0,
Zip Code,23241,,03/2024,0,,0,
Zip Code,23241,,04/2024,0,,0,
Zip Code,23241,,05/2024,0,,0,
Zip Code,23241,,06/2024,0,,0,
Zip Code,23241,,07/2024,0,,0,
Zip Code,23241,,08/2024,0,,0,
Zip Code,23241,,09/2024,0,,0,
Zip Code,23241,,10/2024,0,,0,
Zip Code,23241,,11/2024,0,,0,
Zip Code,23241,,12/2024,0,,0,
Zip Code,23241,,01/2025,0,,0,
Zip Code,23241,,02/2025,0,,0,
Zip Code,23241,,03/2025,0,,0,
Zip Code,23241,,04/2025,0,,0,
Zip Code,23241,,05/2025,0,,0,
Zip Code,23241,,06/2025,0,,0,
Zip Code,23241,,07/2025,0,,0,
Zip Code,23241,,08/2025,0,,0,
Zip Code,23241,,09/2025,0,,0,
Zip Code,23241,,10/2025,0,,0,
Zip Code,23241,,11/2025,0,,0,
Zip Code,23241,,12/2025,0,,0,
Zip Code,23249,,01/2023,0,,0,
Zip Code,23249,,02/2023,0,,0,
Zip Code,23249,,03/2023,0,,0,
Zip Code,23249,,04/2023,0,,0,
Zip Code,23249,,05/2023,0,,0,
Zip Code,23249,,06/2023,0,,0,
Zip Code,23249,,07/2023,0,,0,
Zip Code,23249,,08/2023,0,,0,
Zip Code,23249,,09/2023,0,,0,
Zip Code,23249,,10/2023,0,,0,
Zip Code,23249,,11/2023,0,,0,
Zip Code,23249,,12/2023,0,,0,
Zip Code,23249,,01/2024,0,,0,
Zip Code,23249,,02/2024,0,,0,
Zip Code,23249,,03/2024,0,,0,
Zip Code,23249,,04/2024,0,,0,
Zip Code,23249,,05/2024,0,,0,
Zip Code,23249,,06/2024,0,,0,
Zip Code,23249,,07/2024,0,,0,
Zip Code,23249,,08/2024,0,,0,
Zip Code,23249,,09/2024,0,,0,
Zip Code,23249,,10/2024,0,,0,
Zip Code,23249,,11/2024,0,,0,
Zip Code,23249,,12/2024,0,,0,
Zip Code,23249,,01/2025,0,,0,
Zip Code,23249,,02/2025,0,,0,
Zip Code,23249,,03/2025,0,,0,
Zip Code,23249,,04/2025,0,,0,
Zip Code,23249,,05/2025,0,,0,
Zip Code,23249,,06/2025,0,,0,
Zip Code,23249,,07/2025,0,,0,
Zip Code,23249,,08/2025,0,,0,
Zip Code,23249,,09/2025,0,,0,
Zip Code,23249,,10/2025,0,,0,
Zip Code,23249,,11/2025,0,,0,
Zip Code,23249,,12/2025,0,,0,
Zip Code,23260,,01/2023,0,,0,
Zip Code,23260,,02/2023,0,,0,
Zip Code,23260,,03/2023,0,,0,
Zip Code,23260,,04/2023,0,,0,
Zip Code,23260,,05/2023,0,,0,
Zip Code,23260,,06/2023,0,,0,
Zip Code,23260,,07/2023,0,,0,
Zip Code,23260,,08/2023,0,,0,
Zip Code,23260,,09/2023,0,,0,
Zip Code,23260,,10/2023,0,,0,
Zip Code,23260,,11/2023,0,,0,
Zip Code,23260,,12/2023,0,,0,
Zip Code,23260,,01/2024,0,,0,
Zip Code,23260,,02/2024,0,,0,
Zip Code,23260,,03/2024,0,,0,
Zip Code,23260,,04/2024,0,,0,
Zip Code,23260,,05/2024,0,,0,
Zip Code,23260,,06/2024,0,,0,
Zip Code,23260,,07/2024,0,,0,
Zip Code,23260,,08/2024,0,,0,
Zip Code,23260,,09/2024,0,,0,
Zip Code,23260,,10/2024,0,,0,
Zip Code,23260,,11/2024,0,,0,
Zip Code,23260,,12/2024,0,,0,
Zip Code,23260,,01/2025,0,,0,
Zip Code,23260,,02/2025,0,,0,
Zip Code,23260,,03/2025,0,,0,
Zip Code,23260,,04/2025,0,,0,
Zip Code,23260,,05/2025,0,,0,
Zip Code,23260,,06/2025,0,,0,
Zip Code,23260,,07/2025,0,,0,
Zip Code,23260,,08/2025,0,,0,
Zip Code,23260,,09/2025,0,,0,
Zip Code,23260,,10/2025,0,,0,
Zip Code,23260,,11/2025,0,,0,
Zip Code,23260,,12/2025,0,,0,
Zip Code,23261,,01/2023,0,,0,
Zip Code,23261,,02/2023,0,,0,
Zip Code,23261,,03/2023,0,,0,
Zip Code,23261,,04/2023,0,,0,
Zip Code,23261,,05/2023,0,,0,
Zip Code,23261,,06/2023,0,,0,
Zip Code,23261,,07/2023,0,,0,
Zip Code,23261,,08/2023,0,,0,
Zip Code,23261,,09/2023,0,,0,
Zip Code,23261,,10/2023,0,,0,
Zip Code,23261,,11/2023,0,,0,
Zip Code,23261,,12/2023,0,,0,
Zip Code,23261,,01/2024,0,,0,
Zip Code,23261,,02/2024,0,,0,
Zip Code,23261,,03/2024,0,,0,
Zip Code,23261,,04/2024,0,,0,
Zip Code,23261,,05/2024,0,,0,
Zip Code,23261,,06/2024,0,,0,
Zip Code,23261,,07/2024,0,,0,
Zip Code,23261,,08/2024,0,,0,
Zip Code,23261,,09/2024,0,,0,
Zip Code,23261,,10/2024,0,,0,
Zip Code,23261,,11/2024,0,,0,
Zip Code,23261,,12/2024,0,,0,
Zip Code,23261,,01/2025,0,,0,
Zip Code,23261,,02/2025,0,,0,
Zip Code,23261,,03/2025,0,,0,
Zip Code,23261,,04/2025,0,,0,
Zip Code,23261,,05/2025,0,,0,
Zip Code,23261,,06/2025,0,,0,
Zip Code,23261,,07/2025,0,,0,
Zip Code,23261,,08/2025,0,,0,
Zip Code,23261,,09/2025,0,,0,
Zip Code,23261,,10/2025,0,,0,
Zip Code,23261,,11/2025,0,,0,
Zip Code,23261,,12/2025,0,,0,
Zip Code,23269,,01/2023,0,,0,
Zip Code,23269,,02/2023,0,,0,
Zip Code,23269,,03/2023,0,,0,
Zip Code,23269,,04/2023,0,,0,
Zip Code,23269,,05/2023,0,,0,
Zip Code,23269,,06/2023,0,,0,
Zip Code,23269,,07/2023,0,,0,
Zip Code,23269,,08/2023,0,,0,
Zip Code,23269,,09/2023,0,,0,
Zip Code,23269,,10/2023,0,,0,
Zip Code,23269,,11/2023,0,,0,
Zip Code,23269,,12/2023,0,,0,
Zip Code,23269,,01/2024,0,,0,
Zip Code,23269,,02/2024,0,,0,
Zip Code,23269,,03/2024,0,,0,
Zip Code,23269,,04/2024,0,,0,
Zip Code,23269,,05/2024,0,,0,
Zip Code,23269,,06/2024,0,,0,
Zip Code,23269,,07/2024,0,,0,
Zip Code,23269,,08/2024,0,,0,
Zip Code,23269,,09/2024,0,,0,
Zip Code,23269,,10/2024,0,,0,
Zip Code,23269,,11/2024,0,,0,
Zip Code,23269,,12/2024,0,,0,
Zip Code,23269,,01/2025,0,,0,
Zip Code,23269,,02/2025,0,,0,
Zip Code,23269,,03/2025,0,,0,
Zip Code,23269,,04/2025,0,,0,
Zip Code,23269,,05/2025,0,,0,
Zip Code,23269,,06/2025,0,,0,
Zip Code,23269,,07/2025,0,,0,
Zip Code,23269,,08/2025,0,,0,
Zip Code,23269,,09/2025,0,,0,
Zip Code,23269,,10/2025,0,,0,
Zip Code,23269,,11/2025,0,,0,
Zip Code,23269,,12/2025,0,,0,
Zip Code,23284,,01/2023,0,,0,
Zip Code,23284,,02/2023,0,,0,
Zip Code,23284,,03/2023,0,,0,
Zip Code,23284,,04/2023,0,,0,
Zip Code,23284,,05/2023,0,,0,
Zip Code,23284,,06/2023,0,,0,
Zip Code,23284,,07/2023,0,,0,
Zip Code,23284,,08/2023,0,,0,
Zip Code,23284,,09/2023,0,,0,
Zip Code,23284,,10/2023,0,,0,
Zip Code,23284,,11/2023,0,,0,
Zip Code,23284,,12/2023,0,,0,
Zip Code,23284,,01/2024,0,,0,
Zip Code,23284,,02/2024,0,,0,
Zip Code,23284,,03/2024,0,,0,
Zip Code,23284,,04/2024,0,,0,
Zip Code,23284,,05/2024,0,,0,
Zip Code,23284,,06/2024,0,,0,
Zip Code,23284,,07/2024,0,,0,
Zip Code,23284,,08/2024,0,,0,
Zip Code,23284,,09/2024,0,,0,
Zip Code,23284,,10/2024,0,,0,
Zip Code,23284,,11/2024,0,,0,
Zip Code,23284,,12/2024,0,,0,
Zip Code,23284,,01/2025,0,,0,
Zip Code,23284,,02/2025,0,,0,
Zip Code,23284,,03/2025,0,,0,
Zip Code,23284,,04/2025,0,,0,
Zip Code,23284,,05/2025,0,,0,
Zip Code,23284,,06/2025,0,,0,
Zip Code,23284,,07/2025,0,,0,
Zip Code,23284,,08/2025,0,,0,
Zip Code,23284,,09/2025,0,,0,
Zip Code,23284,,10/2025,0,,0,
Zip Code,23284,,11/2025,0,,0,
Zip Code,23284,,12/2025,0,,0,
Zip Code,23286,,01/2023,0,,0,
Zip Code,23286,,02/2023,0,,0,
Zip Code,23286,,03/2023,0,,0,
Zip Code,23286,,04/2023,0,,0,
Zip Code,23286,,05/2023,0,,0,
Zip Code,23286,,06/2023,0,,0,
Zip Code,23286,,07/2023,0,,0,
Zip Code,23286,,08/2023,0,,0,
Zip Code,23286,,09/2023,0,,0,
Zip Code,23286,,10/2023,0,,0,
Zip Code,23286,,11/2023,0,,0,
Zip Code,23286,,12/2023,0,,0,
Zip Code,23286,,01/2024,0,,0,
Zip Code,23286,,02/2024,0,,0,
Zip Code,23286,,03/2024,0,,0,
Zip Code,23286,,04/2024,0,,0,
Zip Code,23286,,05/2024,0,,0,
Zip Code,23286,,06/2024,0,,0,
Zip Code,23286,,07/2024,0,,0,
Zip Code,23286,,08/2024,0,,0,
Zip Code,23286,,09/2024,0,,0,
Zip Code,23286,,10/2024,0,,0,
Zip Code,23286,,11/2024,0,,0,
Zip Code,23286,,12/2024,0,,0,
Zip Code,23286,,01/2025,0,,0,
Zip Code,23286,,02/2025,0,,0,
Zip Code,23286,,03/2025,0,,0,
Zip Code,23286,,04/2025,0,,0,
Zip Code,23286,,05/2025,0,,0,
Zip Code,23286,,06/2025,0,,0,
Zip Code,23286,,07/2025,0,,0,
Zip Code,23286,,08/2025,0,,0,
Zip Code,23286,,09/2025,0,,0,
Zip Code,23286,,10/2025,0,,0,
Zip Code,23286,,11/2025,0,,0,
Zip Code,23286,,12/2025,0,,0,
Zip Code,23293,,01/2023,0,,0,
Zip Code,23293,,02/2023,0,,0,
Zip Code,23293,,03/2023,0,,0,
Zip Code,23293,,04/2023,0,,0,
Zip Code,23293,,05/2023,0,,0,
Zip Code,23293,,06/2023,0,,0,
Zip Code,23293,,07/2023,0,,0,
Zip Code,23293,,08/2023,0,,0,
Zip Code,23293,,09/2023,0,,0,
Zip Code,23293,,10/2023,0,,0,
Zip Code,23293,,11/2023,0,,0,
Zip Code,23293,,12/2023,0,,0,
Zip Code,23293,,01/2024,0,,0,
Zip Code,23293,,02/2024,0,,0,
Zip Code,23293,,03/2024,0,,0,
Zip Code,23293,,04/2024,0,,0,
Zip Code,23293,,05/2024,0,,0,
Zip Code,23293,,06/2024,0,,0,
Zip Code,23293,,07/2024,0,,0,
Zip Code,23293,,08/2024,0,,0,
Zip Code,23293,,09/2024,0,,0,
Zip Code,23293,,10/2024,0,,0,
Zip Code,23293,,11/2024,0,,0,
Zip Code,23293,,12/2024,0,,0,
Zip Code,23293,,01/2025,0,,0,
Zip Code,23293,,02/2025,0,,0,
Zip Code,23293,,03/2025,0,,0,
Zip Code,23293,,04/2025,0,,0,
Zip Code,23293,,05/2025,0,,0,
Zip Code,23293,,06/2025,0,,0,
Zip Code,23293,,07/2025,0,,0,
Zip Code,23293,,08/2025,0,,0,
Zip Code,23293,,09/2025,0,,0,
Zip Code,23293,,10/2025,0,,0,
Zip Code,23293,,11/2025,0,,0,
Zip Code,23293,,12/2025,0,,0,
Zip Code,23297,,01/2023,0,,0,
Zip Code,23297,,02/2023,0,,0,
Zip Code,23297,,03/2023,0,,0,
Zip Code,23297,,04/2023,0,,0,
Zip Code,23297,,05/2023,0,,0,
Zip Code,23297,,06/2023,0,,0,
Zip Code,23297,,07/2023,0,,0,
Zip Code,23297,,08/2023,0,,0,
Zip Code,23297,,09/2023,0,,0,
Zip Code,23297,,10/2023,0,,0,
Zip Code,23297,,11/2023,0,,0,
Zip Code,23297,,12/2023,0,,0,
Zip Code,23297,,01/2024,0,,0,
Zip Code,23297,,02/2024,0,,0,
Zip Code,23297,,03/2024,0,,0,
Zip Code,23297,,04/2024,0,,0,
Zip Code,23297,,05/2024,0,,0,
Zip Code,23297,,06/2024,0,,0,
Zip Code,23297,,07/2024,0,,0,
Zip Code,23297,,08/2024,0,,0,
Zip Code,23297,,09/2024,0,,0,
Zip Code,23297,,10/2024,0,,0,
Zip Code,23297,,11/2024,0,,0,
Zip Code,23297,,12/2024,0,,0,
Zip Code,23297,,01/2025,0,,0,
Zip Code,23297,,02/2025,0,,0,
Zip Code,23297,,03/2025,0,,0,
Zip Code,23297,,04/2025,0,,0,
Zip Code,23297,,05/2025,0,,0,
Zip Code,23297,,06/2025,0,,0,
Zip Code,23297,,07/2025,0,,0,
Zip Code,23297,,08/2025,0,,0,
Zip Code,23297,,09/2025,0,,0,
Zip Code,23297,,10/2025,0,,0,
Zip Code,23297,,11/2025,0,,0,
Zip Code,23297,,12/2025,0,,0,
Zip Code,23298,,01/2023,0,,0,
Zip Code,23298,,02/2023,0,,0,
Zip Code,23298,,03/2023,0,,0,
Zip Code,23298,,04/2023,0,,0,
Zip Code,23298,,05/2023,0,,0,
Zip Code,23298,,06/2023,0,,0,
Zip Code,23298,,07/2023,0,,0,
Zip Code,23298,,08/2023,0,,0,
Zip Code,23298,,09/2023,0,,0,
Zip Code,23298,,10/2023,0,,0,
Zip Code,23298,,11/2023,0,,0,
Zip Code,23298,,12/2023,0,,0,
Zip Code,23298,,01/2024,0,,0,
Zip Code,23298,,02/2024,0,,0,
Zip Code,23298,,03/2024,0,,0,
Zip Code,23298,,04/2024,0,,0,
Zip Code,23298,,05/2024,0,,0,
Zip Code,23298,,06/2024,0,,0,
Zip Code,23298,,07/2024,0,,0,
Zip Code,23298,,08/2024,0,,0,
Zip Code,23298,,09/2024,0,,0,
Zip Code,23298,,10/2024,0,,0,
Zip Code,23298,,11/2024,0,,0,
Zip Code,23298,,12/2024,0,,0,
Zip Code,23298,,01/2025,0,,0,
Zip Code,23298,,02/2025,0,,0,
Zip Code,23298,,03/2025,0,,0,
Zip Code,23298,,04/2025,0,,0,
Zip Code,23298,,05/2025,0,,0,
Zip Code,23298,,06/2025,0,,0,
Zip Code,23298,,07/2025,0,,0,
Zip Code,23298,,08/2025,0,,0,
Zip Code,23298,,09/2025,0,,0,
Zip Code,23298,,10/2025,0,,0,
Zip Code,23298,,11/2025,0,,0,
Zip Code,23298,,12/2025,0,,0,
Zip Code,23803,,01/2023,0,,16.75,
Zip Code,23803,,02/2023,0,,18,
Zip Code,23803,,03/2023,0,,11.5,
Zip Code,23803,,04/2023,0,,16.5,
Zip Code,23803,,05/2023,0,,16,
Zip Code,23803,,06/2023,0,,21.75,
Zip Code,23803,,07/2023,0,,20,
Zip Code,23803,,08/2023,0,,20,
Zip Code,23803,,09/2023,0,,17,
Zip Code,23803,,10/2023,0,,16,
Zip Code,23803,,11/2023,0,,17.75,
Zip Code,23803,,12/2023,0,,14.5,
Zip Code,23803,,01/2024,0,,16.75,
Zip Code,23803,,02/2024,0,,18,
Zip Code,23803,,03/2024,0,,11.5,
Zip Code,23803,,04/2024,0,,16.5,
Zip Code,23803,,05/2024,0,,16,
Zip Code,23803,,06/2024,0,,21.75,
Zip Code,23803,,07/2024,0,,20,
Zip Code,23803,,08/2024,0,,20,
Zip Code,23803,,09/2024,0,,17,
Zip Code,23803,,10/2024,0,,16,
Zip Code,23803,,11/2024,0,,17.75,
Zip Code,23803,,12/2024,0,,14.5,
Zip Code,23803,,01/2025,0,,16.75,
Zip Code,23803,,02/2025,0,,18,
Zip Code,23803,,03/2025,0,,11.5,
Zip Code,23803,,04/2025,0,,16.5,
Zip Code,23803,,05/2025,0,,16,
Zip Code,23803,,06/2025,0,,21.75,
Zip Code,23803,,07/2025,0,,20,
Zip Code,23803,,08/2025,0,,20,
Zip Code,23803,,09/2025,0,,17,
Zip Code,23803,,10/2025,0,,16,
Zip Code,23803,,11/2025,0,,17.75,
Zip Code,23803,,12/2025,0,,14.5,
Zip Code,23831,,01/2023,0,,87.25,
Zip Code,23831,,02/2023,0,,74.5,
Zip Code,23831,,03/2023,0,,57.25,
Zip Code,23831,,04/2023,0,,65.75,
Zip Code,23831,,05/2023,0,,74,
Zip Code,23831,,06/2023,0,,75.25,
Zip Code,23831,,07/2023,0,,83.5,
Zip Code,23831,,08/2023,0,,67.25,
Zip Code,23831,,09/2023,0,,82.25,
Zip Code,23831,,10/2023,0,,78.5,
Zip Code,23831,,11/2023,0,,65.25,
Zip Code,23831,,12/2023,0,,70.75,
Zip Code,23831,,01/2024,0,,87.25,
Zip Code,23831,,02/2024,0,,74.75,
Zip Code,23831,,03/2024,0,,57.25,
Zip Code,23831,,04/2024,0,,65.75,
Zip Code,23831,,05/2024,0,,74,
Zip Code,23831,,06/2024,0,,75.25,
Zip Code,23831,,07/2024,0,,83.5,
Zip Code,23831,,08/2024,0,,67.25,
Zip Code,23831,,09/2024,0,,82.25,
Zip Code,23831,,10/2024,0,,78.5,
Zip Code,23831,,11/2024,0,,65.25,
Zip Code,23831,,12/2024,0,,70.75,
Zip Code,23831,,01/2025,0,,87.25,
Zip Code,23831,,02/2025,0,,74.5,
Zip Code,23831,,03/2025,0,,57.25,
Zip Code,23831,,04/2025,0,,65.75,
Zip Code,23831,,05/2025,0,,74,
Zip Code,23831,,06/2025,0,,75.25,
Zip Code,23831,,07/2025,0,,83.5,
Zip Code,23831,,08/2025,0,,67.25,
Zip Code,23831,,09/2025,0,,82.25,
Zip Code,23831,,10/2025,0,,78.5,
Zip Code,23831,,11/2025,0,,65.25,
Zip Code,23831,,12/2025,0,,70.75,
Zip Code,23832,,01/2023,0,,32.25,
Zip Code,23832,,02/2023,0,,25.5,
Zip Code,23832,,03/2023,0,,26.5,
Zip Code,23832,,04/2023,0,,27.25,
Zip Code,23832,,05/2023,0,,20.75,
Zip Code,23832,,06/2023,0,,31.25,
Zip Code,23832,,07/2023,0,,30.25,
Zip Code,23832,,08/2023,0,,36.25,
Zip Code,23832,,09/2023,0,,29.25,
Zip Code,23832,,10/2023,0,,31,
Zip Code,23832,,11/2023,0,,30,
Zip Code,23832,,12/2023,0,,26.25,
Zip Code,23832,,01/2024,0,,32.25,
Zip Code,23832,,02/2024,0,,25.5,
Zip Code,23832,,03/2024,0,,26.5,
Zip Code,23832,,04/2024,0,,27.25,
Zip Code,23832,,05/2024,0,,20.75,
Zip Code,23832,,06/2024,0,,31.25,
Zip Code,23832,,07/2024,0,,30.25,
Zip Code,23832,,08/2024,0,,36.25,
Zip Code,23832,,09/2024,0,,29.25,
Zip Code,23832,,10/2024,0,,31,
Zip Code,23832,,11/2024,0,,30,
Zip Code,23832,,12/2024,0,,26.25,
Zip Code,23832,,01/2025,0,,32.25,
Zip Code,23832,,02/2025,0,,25.5,
Zip Code,23832,,03/2025,0,,26.5,
Zip Code,23832,,04/2025,0,,27.25,
Zip Code,23832,,05/2025,0,,20.75,
Zip Code,23832,,06/2025,0,,31.25,
Zip Code,23832,,07/2025,0,,30.25,
Zip Code,23832,,08/2025,0,,36.25,
Zip Code,23832,,09/2025,0,,29.25,
Zip Code,23832,,10/2025,0,,31,
Zip Code,23832,,11/2025,0,,30,
Zip Code,23832,,12/2025,0,,26.25,
Zip Code,23834,,01/2023,0,,30.5,
Zip Code,23834,,02/2023,0,,24,
Zip Code,23834,,03/2023,0,,19.25,
Zip Code,23834,,04/2023,0,,17,
Zip Code,23834,,05/2023,0,,21.75,
Zip Code,23834,,06/2023,0,,26.25,
Zip Code,23834,,07/2023,0,,27.75,
Zip Code,23834,,08/2023,0,,22.25,
Zip Code,23834,,09/2023,0,,24,
Zip Code,23834,,10/2023,0,,33,
Zip Code,23834,,11/2023,0,,25.5,
Zip Code,23834,,12/2023,0,,12,
Zip Code,23834,,01/2024,0,,30.5,
Zip Code,23834,,02/2024,0,,24,
Zip Code,23834,,03/2024,0,,19.25,
Zip Code,23834,,04/2024,0,,17,
Zip Code,23834,,05/2024,0,,21.75,
Zip Code,23834,,06/2024,0,,26.25,
Zip Code,23834,,07/2024,0,,27.75,
Zip Code,23834,,08/2024,0,,22.25,
Zip Code,23834,,09/2024,0,,24,
Zip Code,23834,,10/2024,0,,33,
Zip Code,23834,,11/2024,0,,25.5,
Zip Code,23834,,12/2024,0,,12,
Zip Code,23834,,01/2025,0,,30.5,
Zip Code,23834,,02/2025,0,,24,
Zip Code,23834,,03/2025,0,,19.25,
Zip Code,23834,,04/2025,0,,17,
Zip Code,23834,,05/2025,0,,21.75,
Zip Code,23834,,06/2025,0,,26.25,
Zip Code,23834,,07/2025,0,,27.75,
Zip Code,23834,,08/2025,0,,22.25,
Zip Code,23834,,09/2025,0,,24,
Zip Code,23834,,10/2025,0,,33,
Zip Code,23834,,11/2025,0,,25.5,
Zip Code,23834,,12/2025,0,,12,
Zip Code,23836,,01/2023,0,,43,
Zip Code,23836,,02/2023,0,,42.5,
Zip Code,23836,,03/2023,0,,33.25,
Zip Code,23836,,04/2023,0,,32.75,
Zip Code,23836,,05/2023,0,,40.25,
Zip Code,23836,,06/2023,0,,42.75,
Zip Code,23836,,07/2023,0,,39.25,
Zip Code,23836,,08/2023,0,,47.75,
Zip Code,23836,,09/2023,0,,42.5,
Zip Code,23836,,10/2023,0,,42.5,
Zip Code,23836,,11/2023,0,,41.5,
Zip Code,23836,,12/2023,0,,49,
Zip Code,23836,,01/2024,0,,43,
Zip Code,23836,,02/2024,0,,42.5,
Zip Code,23836,,03/2024,0,,33.25,
Zip Code,23836,,04/2024,0,,32.75,
Zip Code,23836,,05/2024,0,,40.25,
Zip Code,23836,,06/2024,0,,42.75,
Zip Code,23836,,07/2024,0,,39.25,
Zip Code,23836,,08/2024,0,,47.75,
Zip Code,23836,,09/2024,0,,42.5,
Zip Code,23836,,10/2024,0,,42.5,
Zip Code,23836,,11/2024,0,,41.5,
Zip Code,23836,,12/2024,0,,49,
Zip Code,23836,,01/2025,0,,43,
Zip Code,23836,,02/2025,0,,42.5,
Zip Code,23836,,03/2025,0,,33.25,
Zip Code,23836,,04/2025,0,,32.75,
Zip Code,23836,,05/2025,0,,40.25,
Zip Code,23836,,06/2025,0,,42.75,
Zip Code,23836,,07/2025,0,,39.25,
Zip Code,23836,,08/2025,0,,47.75,
Zip Code,23836,,09/2025,0,,42.5,
Zip Code,23836,,10/2025,0,,42.5,
Zip Code,23836,,11/2025,0,,41.5,
Zip Code,23836,,12/2025,0,,49,
Zip Code,23838,,01/2023,0,,1.25,
Zip Code,23838,,02/2023,0,,1.25,
Zip Code,23838,,03/2023,0,,1.75,
Zip Code,23838,,04/2023,0,,1.25,
Zip Code,23838,,05/2023,0,,1.25,
Zip Code,23838,,06/2023,0,,1.5,
Zip Code,23838,,07/2023,0,,0.5,
Zip Code,23838,,08/2023,0,,2.25,
Zip Code,23838,,09/2023,0,,2.5,
Zip Code,23838,,10/2023,0,,0.25,
Zip Code,23838,,11/2023,0,,2.25,
Zip Code,23838,,12/2023,0,,1.5,
Zip Code,23838,,01/2024,0,,1.25,
Zip Code,23838,,02/2024,0,,1.25,
Zip Code,23838,,03/2024,0,,1.75,
Zip Code,23838,,04/2024,0,,1.25,
Zip Code,23838,,05/2024,0,,1.25,
Zip Code,23838,,06/2024,0,,1.5,
Zip Code,23838,,07/2024,0,,0.5,
Zip Code,23838,,08/2024,0,,2.25,
Zip Code,23838,,09/2024,0,,2.5,
Zip Code,23838,,10/2024,0,,0.25,
Zip Code,23838,,11/2024,0,,2.25,
Zip Code,23838,,12/2024,0,,1.5,
Zip Code,23838,,01/2025,0,,1.25,
Zip Code,23838,,02/2025,0,,1.25,
Zip Code,23838,,03/2025,0,,1.75,
Zip Code,23838,,04/2025,0,,1.25,
Zip Code,23838,,05/2025,0,,1.25,
Zip Code,23838,,06/2025,0,,1.5,
Zip Code,23838,,07/2025,0,,0.5,
Zip Code,23838,,08/2025,0,,2.25,
Zip Code,23838,,09/2025,0,,2.5,
Zip Code,23838,,10/2025,0,,0.25,
Zip Code,23838,,11/2025,0,,2.25,
Zip Code,23838,,12/2025,0,,1.5,
Zip Code,73003,White,01/2023,0,0,,
Zip Code,73003,White,02/2023,0,0,,
Zip Code,73003,White,03/2023,0,0,,
Zip Code,73003,White,04/2023,0,0,,
Zip Code,73003,White,05/2023,0,0,,
Zip Code,73003,White,06/2023,0,0,,
Zip Code,73003,White,07/2023,0,0,,
Zip Code,73003,White,08/2023,0,0,,
Zip Code,73003,White,09/2023,0,0,,
Zip Code,73003,White,10/2023,0,0,,
Zip Code,73003,White,11/2023,0,0,,
Zip Code,73003,White,12/2023,0,0,,
Zip Code,73003,White,01/2024,0,0,,
Zip Code,73003,White,02/2024,0,0,,
Zip Code,73003,White,03/2024,0,0,,
Zip Code,73003,White,04/2024,0,0,,
Zip Code,73003,White,05/2024,0,0,,
Zip Code,73003,White,06/2024,0,0,,
Zip Code,73003,White,07/2024,0,0,,
Zip Code,73003,White,08/2024,0,0,,
Zip Code,73003,White,09/2024,0,0,,
Zip Code,73003,White,10/2024,0,0,,
Zip Code,73003,White,11/2024,0,0,,
Zip Code,73003,White,12/2024,0,0,,
Zip Code,73003,White,01/2025,20,0,,
Zip Code,73003,White,02/2025,19,0,,
Zip Code,73003,White,03/2025,14,0,,
Zip Code,73003,White,04/2025,12,0,,
Zip Code,73003,White,05/2025,16,0,,
Zip Code,73003,White,06/2025,15,0,,
Zip Code,73003,White,07/2025,15,0,,
Zip Code,73003,White,08/2025,20,0,,
Zip Code,73003,White,09/2025,16,0,,
Zip Code,73003,White,10/2025,15,0,,
Zip Code,73003,White,11/2025,12,0,,
Zip Code,73003,White,12/2025,12,0,,
Zip Code,73003,White,01/2026,20,0,,
Zip Code,73003,White,02/2026,13,0,,
Zip Code,73003,White,03/2026,17,0,,
Zip Code,73003,White,04/2026,16,0,,
Zip Code,73003,White,05/2026,7,0,,
Zip Code,73003,White,06/2026,4,0,,
Zip Code,73003,White,07/2026,20,0,,
Zip Code,73003,White,08/2026,0,0,,2026-08-08
Zip Code,73007,White,01/2023,0,0,,
Zip Code,73007,White,02/2023,0,0,,
Zip Code,73007,White,03/2023,0,0,,
Zip Code,73007,White,04/2023,0,0,,
Zip Code,73007,White,05/2023,0,0,,
Zip Code,73007,White,06/2023,0,0,,
Zip Code,73007,White,07/2023,0,0,,
Zip Code,73007,White,08/2023,0,0,,
Zip Code,73007,White,09/2023,0,0,,
Zip Code,73007,White,10/2023,0,0,,
Zip Code,73007,White,11/2023,0,0,,
Zip Code,73007,White,12/2023,0,0,,
Zip Code,73007,White,01/2024,0,0,,
Zip Code,73007,White,02/2024,0,0,,
Zip Code,73007,White,03/2024,0,0,,
Zip Code,73007,White,04/2024,0,0,,
Zip Code,73007,White,05/2024,0,0,,
Zip Code,73007,White,06/2024,0,0,,
Zip Code,73007,White,07/2024,0,0,,
Zip Code,73007,White,08/2024,0,0,,
Zip Code,73007,White,09/2024,0,0,,
Zip Code,73007,White,10/2024,0,0,,
Zip Code,73007,White,11/2024,0,0,,
Zip Code,73007,White,12/2024,0,0,,
Zip Code,73007,White,01/2025,1,0,,
Zip Code,73007,White,02/2025,0,0,,
Zip Code,73007,White,03/2025,0,0,,
Zip Code,73007,White,04/2025,0,0,,
Zip Code,73007,White,05/2025,0,0,,
Zip Code,73007,White,06/2025,0,0,,
Zip Code,73007,White,07/2025,0,0,,
Zip Code,73007,White,08/2025,0,0,,
Zip Code,73007,White,09/2025,1,0,,
Zip Code,73007,White,10/2025,0,0,,
Zip Code,73007,White,11/2025,0,0,,
Zip Code,73007,White,12/2025,3,0,,
Zip Code,73007,White,01/2026,0,0,,
Zip Code,73007,White,02/2026,0,0,,
Zip Code,73007,White,03/2026,0,0,,
Zip Code,73007,White,04/2026,0,0,,
Zip Code,73007,White,05/2026,0,0,,
Zip Code,73007,White,06/2026,0,0,,
Zip Code,73007,White,07/2026,0,0,,
Zip Code,73007,White,08/2026,0,0,,2026-08-08
Zip Code,73008,White,01/2023,0,0,,
Zip Code,73008,White,02/2023,0,0,,
Zip Code,73008,White,03/2023,0,0,,
Zip Code,73008,White,04/2023,0,0,,
Zip Code,73008,White,05/2023,0,0,,
Zip Code,73008,White,06/2023,0,0,,
Zip Code,73008,White,07/2023,0,0,,
Zip Code,73008,White,08/2023,0,0,,
Zip Code,73008,White,09/2023,0,0,,
Zip Code,73008,White,10/2023,0,0,,
Zip Code,73008,White,11/2023,0,0,,
Zip Code,73008,White,12/2023,0,0,,
Zip Code,73008,White,01/2024,0,0,,
Zip Code,73008,White,02/2024,0,0,,
Zip Code,73008,White,03/2024,0,0,,
Zip Code,73008,White,04/2024,0,0,,
Zip Code,73008,White,05/2024,0,0,,
Zip Code,73008,White,06/2024,0,0,,
Zip Code,73008,White,07/2024,0,0,,
Zip Code,73008,White,08/2024,0,0,,
Zip Code,73008,White,09/2024,0,0,,
Zip Code,73008,White,10/2024,0,0,,
Zip Code,73008,White,11/2024,0,0,,
Zip Code,73008,White,12/2024,0,0,,
Zip Code,73008,White,01/2025,41,0,,
Zip Code,73008,White,02/2025,27,0,,
Zip Code,73008,White,03/2025,29,0,,
Zip Code,73008,White,04/2025,24,0,,
Zip Code,73008,White,05/2025,28,0,,
Zip Code,73008,White,06/2025,26,0,,
Zip Code,73008,White,07/2025,45,0,,
Zip Code,73008,White,08/2025,20,0,,
Zip Code,73008,White,09/2025,30,0,,
Zip Code,73008,White,10/2025,31,0,,
Zip Code,73008,White,11/2025,16,0,,
Zip Code,73008,White,12/2025,18,0,,
Zip Code,73008,White,01/2026,43,0,,
Zip Code,73008,White,02/2026,12,0,,
Zip Code,73008,White,03/2026,29,0,,
Zip Code,73008,White,04/2026,32,0,,
Zip Code,73008,White,05/2026,33,0,,
Zip Code,73008,White,06/2026,51,0,,
Zip Code,73008,White,07/2026,46,0,,
Zip Code,73008,White,08/2026,0,0,,2026-08-08
Zip Code,73012,White,01/2023,0,0,,
Zip Code,73012,White,02/2023,0,0,,
Zip Code,73012,White,03/2023,0,0,,
Zip Code,73012,White,04/2023,0,0,,
Zip Code,73012,White,05/2023,0,0,,
Zip Code,73012,White,06/2023,0,0,,
Zip Code,73012,White,07/2023,0,0,,
Zip Code,73012,White,08/2023,0,0,,
Zip Code,73012,White,09/2023,0,0,,
Zip Code,73012,White,10/2023,0,0,,
Zip Code,73012,White,11/2023,0,0,,
Zip Code,73012,White,12/2023,0,0,,
Zip Code,73012,White,01/2024,0,0,,
Zip Code,73012,White,02/2024,0,0,,
Zip Code,73012,White,03/2024,0,0,,
Zip Code,73012,White,04/2024,0,0,,
Zip Code,73012,White,05/2024,0,0,,
Zip Code,73012,White,06/2024,0,0,,
Zip Code,73012,White,07/2024,0,0,,
Zip Code,73012,White,08/2024,0,0,,
Zip Code,73012,White,09/2024,0,0,,
Zip Code,73012,White,10/2024,0,0,,
Zip Code,73012,White,11/2024,0,0,,
Zip Code,73012,White,12/2024,0,0,,
Zip Code,73012,White,01/2025,17,0,,
Zip Code,73012,White,02/2025,11,0,,
Zip Code,73012,White,03/2025,9,0,,
Zip Code,73012,White,04/2025,22,0,,
Zip Code,73012,White,05/2025,14,0,,
Zip Code,73012,White,06/2025,18,0,,
Zip Code,73012,White,07/2025,25,0,,
Zip Code,73012,White,08/2025,14,0,,
Zip Code,73012,White,09/2025,28,0,,
Zip Code,73012,White,10/2025,24,0,,
Zip Code,73012,White,11/2025,27,0,,
Zip Code,73012,White,12/2025,30,0,,
Zip Code,73012,White,01/2026,32,0,,
Zip Code,73012,White,02/2026,16,0,,
Zip Code,73012,White,03/2026,21,0,,
Zip Code,73012,White,04/2026,17,0,,
Zip Code,73012,White,05/2026,15,0,,
Zip Code,73012,White,06/2026,26,0,,
Zip Code,73012,White,07/2026,23,0,,
Zip Code,73012,White,08/2026,0,0,,2026-08-08
Zip Code,73013,White,01/2023,0,0,,
Zip Code,73013,White,02/2023,0,0,,
Zip Code,73013,White,03/2023,0,0,,
Zip Code,73013,White,04/2023,0,0,,
Zip Code,73013,White,05/2023,0,0,,
Zip Code,73013,White,06/2023,0,0,,
Zip Code,73013,White,07/2023,0,0,,
Zip Code,73013,White,08/2023,0,0,,
Zip Code,73013,White,09/2023,0,0,,
Zip Code,73013,White,10/2023,0,0,,
Zip Code,73013,White,11/2023,0,0,,
Zip Code,73013,White,12/2023,0,0,,
Zip Code,73013,White,01/2024,0,0,,
Zip Code,73013,White,02/2024,0,0,,
Zip Code,73013,White,03/2024,0,0,,
Zip Code,73013,White,04/2024,0,0,,
Zip Code,73013,White,05/2024,0,0,,
Zip Code,73013,White,06/2024,0,0,,
Zip Code,73013,White,07/2024,0,0,,
Zip Code,73013,White,08/2024,0,0,,
Zip Code,73013,White,09/2024,0,0,,
Zip Code,73013,White,10/2024,0,0,,
Zip Code,73013,White,11/2024,0,0,,
Zip Code,73013,White,12/2024,0,0,,
Zip Code,73013,White,01/2025,39,0,,
Zip Code,73013,White,02/2025,32,0,,
Zip Code,73013,White,03/2025,35,0,,
Zip Code,73013,White,04/2025,47,0,,
Zip Code,73013,White,05/2025,38,0,,
Zip Code,73013,White,06/2025,50,0,,
Zip Code,73013,White,07/2025,22,0,,
Zip Code,73013,White,08/2025,36,0,,
Zip Code,73013,White,09/2025,29,0,,
Zip Code,73013,White,10/2025,46,0,,
Zip Code,73013,White,11/2025,25,0,,
Zip Code,73013,White,12/2025,26,0,,
Zip Code,73013,White,01/2026,23,0,,
Zip Code,73013,White,02/2026,36,0,,
Zip Code,73013,White,03/2026,23,0,,
Zip Code,73013,White,04/2026,42,0,,
Zip Code,73013,White,05/2026,21,0,,
Zip Code,73013,White,06/2026,36,0,,
Zip Code,73013,White,07/2026,36,0,,
Zip Code,73013,White,08/2026,0,0,,2026-08-08
Zip Code,73020,White,01/2023,0,0,,
Zip Code,73020,White,02/2023,0,0,,
Zip Code,73020,White,03/2023,0,0,,
Zip Code,73020,White,04/2023,0,0,,
Zip Code,73020,White,05/2023,0,0,,
Zip Code,73020,White,06/2023,0,0,,
Zip Code,73020,White,07/2023,0,0,,
Zip Code,73020,White,08/2023,0,0,,
Zip Code,73020,White,09/2023,0,0,,
Zip Code,73020,White,10/2023,0,0,,
Zip Code,73020,White,11/2023,0,0,,
Zip Code,73020,White,12/2023,0,0,,
Zip Code,73020,White,01/2024,0,0,,
Zip Code,73020,White,02/2024,0,0,,
Zip Code,73020,White,03/2024,0,0,,
Zip Code,73020,White,04/2024,0,0,,
Zip Code,73020,White,05/2024,0,0,,
Zip Code,73020,White,06/2024,0,0,,
Zip Code,73020,White,07/2024,0,0,,
Zip Code,73020,White,08/2024,0,0,,
Zip Code,73020,White,09/2024,0,0,,
Zip Code,73020,White,10/2024,0,0,,
Zip Code,73020,White,11/2024,0,0,,
Zip Code,73020,White,12/2024,0,0,,
Zip Code,73020,White,01/2025,6,0,,
Zip Code,73020,White,02/2025,5,0,,
Zip Code,73020,White,03/2025,9,0,,
Zip Code,73020,White,04/2025,5,0,,
Zip Code,73020,White,05/2025,3,0,,
Zip Code,73020,White,06/2025,12,0,,
Zip Code,73020,White,07/2025,14,0,,
Zip Code,73020,White,08/2025,8,0,,
Zip Code,73020,White,09/2025,9,0,,
Zip Code,73020,White,10/2025,9,0,,
Zip Code,73020,White,11/2025,7,0,,
Zip Code,73020,White,12/2025,8,0,,
Zip Code,73020,White,01/2026,9,0,,
Zip Code,73020,White,02/2026,1,0,,
Zip Code,73020,White,03/2026,7,0,,
Zip Code,73020,White,04/2026,7,0,,
Zip Code,73020,White,05/2026,6,0,,
Zip Code,73020,White,06/2026,12,0,,
Zip Code,73020,White,07/2026,9,0,,
Zip Code,73020,White,08/2026,0,0,,2026-08-08
Zip Code,73025,White,01/2023,0,0,,
Zip Code,73025,White,02/2023,0,0,,
Zip Code,73025,White,03/2023,0,0,,
Zip Code,73025,White,04/2023,0,0,,
Zip Code,73025,White,05/2023,0,0,,
Zip Code,73025,White,06/2023,0,0,,
Zip Code,73025,White,07/2023,0,0,,
Zip Code,73025,White,08/2023,0,0,,
Zip Code,73025,White,09/2023,0,0,,
Zip Code,73025,White,10/2023,0,0,,
Zip Code,73025,White,11/2023,0,0,,
Zip Code,73025,White,12/2023,0,0,,
Zip Code,73025,White,01/2024,0,0,,
Zip Code,73025,White,02/2024,0,0,,
Zip Code,73025,White,03/2024,0,0,,
Zip Code,73025,White,04/2024,0,0,,
Zip Code,73025,White,05/2024,0,0,,
Zip Code,73025,White,06/2024,0,0,,
Zip Code,73025,White,07/2024,0,0,,
Zip Code,73025,White,08/2024,0,0,,
Zip Code,73025,White,09/2024,0,0,,
Zip Code,73025,White,10/2024,0,0,,
Zip Code,73025,White,11/2024,0,0,,
Zip Code,73025,White,12/2024,0,0,,
Zip Code,73025,White,01/2025,0,0,,
Zip Code,73025,White,02/2025,0,0,,
Zip Code,73025,White,03/2025,0,0,,
Zip Code,73025,White,04/2025,0,0,,
Zip Code,73025,White,05/2025,0,0,,
Zip Code,73025,White,06/2025,0,0,,
Zip Code,73025,White,07/2025,0,0,,
Zip Code,73025,White,08/2025,0,0,,
Zip Code,73025,White,09/2025,0,0,,
Zip Code,73025,White,10/2025,0,0,,
Zip Code,73025,White,11/2025,1,0,,
Zip Code,73025,White,12/2025,0,0,,
Zip Code,73025,White,01/2026,0,0,,
Zip Code,73025,White,02/2026,0,0,,
Zip Code,73025,White,03/2026,0,0,,
Zip Code,73025,White,04/2026,0,0,,
Zip Code,73025,White,05/2026,1,0,,
Zip Code,73025,White,06/2026,1,0,,
Zip Code,73025,White,07/2026,0,0,,
Zip Code,73025,White,08/2026,0,0,,2026-08-08
Zip Code,73034,White,01/2023,0,0,,
Zip Code,73034,White,02/2023,0,0,,
Zip Code,73034,White,03/2023,0,0,,
Zip Code,73034,White,04/2023,0,0,,
Zip Code,73034,White,05/2023,0,0,,
Zip Code,73034,White,06/2023,0,0,,
Zip Code,73034,White,07/2023,0,0,,
Zip Code,73034,White,08/2023,0,0,,
Zip Code,73034,White,09/2023,0,0,,
Zip Code,73034,White,10/2023,0,0,,
Zip Code,73034,White,11/2023,0,0,,
Zip Code,73034,White,12/2023,0,0,,
Zip Code,73034,White,01/2024,0,0,,
Zip Code,73034,White,02/2024,0,0,,
Zip Code,73034,White,03/2024,0,0,,
Zip Code,73034,White,04/2024,0,0,,
Zip Code,73034,White,05/2024,0,0,,
Zip Code,73034,White,06/2024,0,0,,
Zip Code,73034,White,07/2024,0,0,,
Zip Code,73034,White,08/2024,0,0,,
Zip Code,73034,White,09/2024,0,0,,
Zip Code,73034,White,10/2024,0,0,,
Zip Code,73034,White,11/2024,0,0,,
Zip Code,73034,White,12/2024,0,0,,
Zip Code,73034,White,01/2025,23,0,,
Zip Code,73034,White,02/2025,35,0,,
Zip Code,73034,White,03/2025,47,0,,
Zip Code,73034,White,04/2025,31,0,,
Zip Code,73034,White,05/2025,20,0,,
Zip Code,73034,White,06/2025,37,0,,
Zip Code,73034,White,07/2025,22,0,,
Zip Code,73034,White,08/2025,32,0,,
Zip Code,73034,White,09/2025,29,0,,
Zip Code,73034,White,10/2025,30,0,,
Zip Code,73034,White,11/2025,20,0,,
Zip Code,73034,White,12/2025,14,0,,
Zip Code,73034,White,01/2026,31,0,,
Zip Code,73034,White,02/2026,20,0,,
Zip Code,73034,White,03/2026,23,0,,
Zip Code,73034,White,04/2026,16,0,,
Zip Code,73034,White,05/2026,26,0,,
Zip Code,73034,White,06/2026,28,0,,
Zip Code,73034,White,07/2026,18,0,,
Zip Code,73034,White,08/2026,0,0,,2026-08-08
Zip Code,73045,White,01/2023,0,0,,
Zip Code,73045,White,02/2023,0,0,,
Zip Code,73045,White,03/2023,0,0,,
Zip Code,73045,White,04/2023,0,0,,
Zip Code,73045,White,05/2023,0,0,,
Zip Code,73045,White,06/2023,0,0,,
Zip Code,73045,White,07/2023,0,0,,
Zip Code,73045,White,08/2023,0,0,,
Zip Code,73045,White,09/2023,0,0,,
Zip Code,73045,White,10/2023,0,0,,
Zip Code,73045,White,11/2023,0,0,,
Zip Code,73045,White,12/2023,0,0,,
Zip Code,73045,White,01/2024,0,0,,
Zip Code,73045,White,02/2024,0,0,,
Zip Code,73045,White,03/2024,0,0,,
Zip Code,73045,White,04/2024,0,0,,
Zip Code,73045,White,05/2024,0,0,,
Zip Code,73045,White,06/2024,0,0,,
Zip Code,73045,White,07/2024,0,0,,
Zip Code,73045,White,08/2024,0,0,,
Zip Code,73045,White,09/2024,0,0,,
Zip Code,73045,White,10/2024,0,0,,
Zip Code,73045,White,11/2024,0,0,,
Zip Code,73045,White,12/2024,0,0,,
Zip Code,73045,White,01/2025,3,0,,
Zip Code,73045,White,02/2025,0,0,,
Zip Code,73045,White,03/2025,1,0,,
Zip Code,73045,White,04/2025,2,0,,
Zip Code,73045,White,05/2025,1,0,,
Zip Code,73045,White,06/2025,4,0,,
Zip Code,73045,White,07/2025,1,0,,
Zip Code,73045,White,08/2025,0,0,,
Zip Code,73045,White,09/2025,2,0,,
Zip Code,73045,White,10/2025,1,0,,
Zip Code,73045,White,11/2025,1,0,,
Zip Code,73045,White,12/2025,0,0,,
Zip Code,73045,White,01/2026,1,0,,
Zip Code,73045,White,02/2026,3,0,,
Zip Code,73045,White,03/2026,1,0,,
Zip Code,73045,White,04/2026,1,0,,
Zip Code,73045,White,05/2026,2,0,,
Zip Code,73045,White,06/2026,1,0,,
Zip Code,73045,White,07/2026,0,0,,
Zip Code,73045,White,08/2026,0,0,,2026-08-08
Zip Code,73049,White,01/2023,0,0,,
Zip Code,73049,White,02/2023,0,0,,
Zip Code,73049,White,03/2023,0,0,,
Zip Code,73049,White,04/2023,0,0,,
Zip Code,73049,White,05/2023,0,0,,
Zip Code,73049,White,06/2023,0,0,,
Zip Code,73049,White,07/2023,0,0,,
Zip Code,73049,White,08/2023,0,0,,
Zip Code,73049,White,09/2023,0,0,,
Zip Code,73049,White,10/2023,0,0,,
Zip Code,73049,White,11/2023,0,0,,
Zip Code,73049,White,12/2023,0,0,,
Zip Code,73049,White,01/2024,0,0,,
Zip Code,73049,White,02/2024,0,0,,
Zip Code,73049,White,03/2024,0,0,,
Zip Code,73049,White,04/2024,0,0,,
Zip Code,73049,White,05/2024,0,0,,
Zip Code,73049,White,06/2024,0,0,,
Zip Code,73049,White,07/2024,0,0,,
Zip Code,73049,White,08/2024,0,0,,
Zip Code,73049,White,09/2024,0,0,,
Zip Code,73049,White,10/2024,0,0,,
Zip Code,73049,White,11/2024,0,0,,
Zip Code,73049,White,12/2024,0,0,,
Zip Code,73049,White,01/2025,1,0,,
Zip Code,73049,White,02/2025,0,0,,
Zip Code,73049,White,03/2025,1,0,,
Zip Code,73049,White,04/2025,0,0,,
Zip Code,73049,White,05/2025,2,0,,
Zip Code,73049,White,06/2025,0,0,,
Zip Code,73049,White,07/2025,2,0,,
Zip Code,73049,White,08/2025,2,0,,
Zip Code,73049,White,09/2025,0,0,,
Zip Code,73049,White,10/2025,1,0,,
Zip Code,73049,White,11/2025,0,0,,
Zip Code,73049,White,12/2025,0,0,,
Zip Code,73049,White,01/2026,0,0,,
Zip Code,73049,White,02/2026,0,0,,
Zip Code,73049,White,03/2026,0,0,,
Zip Code,73049,White,04/2026,0,0,,
Zip Code,73049,White,05/2026,5,0,,
Zip Code,73049,White,06/2026,0,0,,
Zip Code,73049,White,07/2026,0,0,,
Zip Code,73049,White,08/2026,0,0,,2026-08-08
Zip Code,73054,White,01/2023,0,0,,
Zip Code,73054,White,02/2023,0,0,,
Zip Code,73054,White,03/2023,0,0,,
Zip Code,73054,White,04/2023,0,0,,
Zip Code,73054,White,05/2023,0,0,,
Zip Code,73054,White,06/2023,0,0,,
Zip Code,73054,White,07/2023,0,0,,
Zip Code,73054,White,08/2023,0,0,,
Zip Code,73054,White,09/2023,0,0,,
Zip Code,73054,White,10/2023,0,0,,
Zip Code,73054,White,11/2023,0,0,,
Zip Code,73054,White,12/2023,0,0,,
Zip Code,73054,White,01/2024,0,0,,
Zip Code,73054,White,02/2024,0,0,,
Zip Code,73054,White,03/2024,0,0,,
Zip Code,73054,White,04/2024,0,0,,
Zip Code,73054,White,05/2024,0,0,,
Zip Code,73054,White,06/2024,0,0,,
Zip Code,73054,White,07/2024,0,0,,
Zip Code,73054,White,08/2024,0,0,,
Zip Code,73054,White,09/2024,0,0,,
Zip Code,73054,White,10/2024,0,0,,
Zip Code,73054,White,11/2024,0,0,,
Zip Code,73054,White,12/2024,0,0,,
Zip Code,73054,White,01/2025,0,0,,
Zip Code,73054,White,02/2025,0,0,,
Zip Code,73054,White,03/2025,0,0,,
Zip Code,73054,White,04/2025,1,0,,
Zip Code,73054,White,05/2025,1,0,,
Zip Code,73054,White,06/2025,0,0,,
Zip Code,73054,White,07/2025,0,0,,
Zip Code,73054,White,08/2025,0,0,,
Zip Code,73054,White,09/2025,2,0,,
Zip Code,73054,White,10/2025,0,0,,
Zip Code,73054,White,11/2025,0,0,,
Zip Code,73054,White,12/2025,0,0,,
Zip Code,73054,White,01/2026,0,0,,
Zip Code,73054,White,02/2026,0,0,,
Zip Code,73054,White,03/2026,0,0,,
Zip Code,73054,White,04/2026,0,0,,
Zip Code,73054,White,05/2026,1,0,,
Zip Code,73054,White,06/2026,0,0,,
Zip Code,73054,White,07/2026,1,0,,
Zip Code,73054,White,08/2026,0,0,,2026-08-08
Zip Code,73065,White,01/2023,0,0,,
Zip Code,73065,White,02/2023,0,0,,
Zip Code,73065,White,03/2023,0,0,,
Zip Code,73065,White,04/2023,0,0,,
Zip Code,73065,White,05/2023,0,0,,
Zip Code,73065,White,06/2023,0,0,,
Zip Code,73065,White,07/2023,0,0,,
Zip Code,73065,White,08/2023,0,0,,
Zip Code,73065,White,09/2023,0,0,,
Zip Code,73065,White,10/2023,0,0,,
Zip Code,73065,White,11/2023,0,0,,
Zip Code,73065,White,12/2023,0,0,,
Zip Code,73065,White,01/2024,0,0,,
Zip Code,73065,White,02/2024,0,0,,
Zip Code,73065,White,03/2024,0,0,,
Zip Code,73065,White,04/2024,0,0,,
Zip Code,73065,White,05/2024,0,0,,
Zip Code,73065,White,06/2024,0,0,,
Zip Code,73065,White,07/2024,0,0,,
Zip Code,73065,White,08/2024,0,0,,
Zip Code,73065,White,09/2024,0,0,,
Zip Code,73065,White,10/2024,0,0,,
Zip Code,73065,White,11/2024,0,0,,
Zip Code,73065,White,12/2024,0,0,,
Zip Code,73065,White,01/2025,0,0,,
Zip Code,73065,White,02/2025,0,0,,
Zip Code,73065,White,03/2025,0,0,,
Zip Code,73065,White,04/2025,0,0,,
Zip Code,73065,White,05/2025,0,0,,
Zip Code,73065,White,06/2025,0,0,,
Zip Code,73065,White,07/2025,0,0,,
Zip Code,73065,White,08/2025,0,0,,
Zip Code,73065,White,09/2025,0,0,,
Zip Code,73065,White,10/2025,0,0,,
Zip Code,73065,White,11/2025,0,0,,
Zip Code,73065,White,12/2025,0,0,,
Zip Code,73065,White,01/2026,0,0,,
Zip Code,73065,White,02/2026,0,0,,
Zip Code,73065,White,03/2026,0,0,,
Zip Code,73065,White,04/2026,0,0,,
Zip Code,73065,White,05/2026,0,0,,
Zip Code,73065,White,06/2026,0,0,,
Zip Code,73065,White,07/2026,0,0,,
Zip Code,73065,White,08/2026,0,0,,2026-08-08
Zip Code,73066,White,01/2023,0,0,,
Zip Code,73066,White,02/2023,0,0,,
Zip Code,73066,White,03/2023,0,0,,
Zip Code,73066,White,04/2023,0,0,,
Zip Code,73066,White,05/2023,0,0,,
Zip Code,73066,White,06/2023,0,0,,
Zip Code,73066,White,07/2023,0,0,,
Zip Code,73066,White,08/2023,0,0,,
Zip Code,73066,White,09/2023,0,0,,
Zip Code,73066,White,10/2023,0,0,,
Zip Code,73066,White,11/2023,0,0,,
Zip Code,73066,White,12/2023,0,0,,
Zip Code,73066,White,01/2024,0,0,,
Zip Code,73066,White,02/2024,0,0,,
Zip Code,73066,White,03/2024,0,0,,
Zip Code,73066,White,04/2024,0,0,,
Zip Code,73066,White,05/2024,0,0,,
Zip Code,73066,White,06/2024,0,0,,
Zip Code,73066,White,07/2024,0,0,,
Zip Code,73066,White,08/2024,0,0,,
Zip Code,73066,White,09/2024,0,0,,
Zip Code,73066,White,10/2024,0,0,,
Zip Code,73066,White,11/2024,0,0,,
Zip Code,73066,White,12/2024,0,0,,
Zip Code,73066,White,01/2025,0,0,,
Zip Code,73066,White,02/2025,0,0,,
Zip Code,73066,White,03/2025,0,0,,
Zip Code,73066,White,04/2025,0,0,,
Zip Code,73066,White,05/2025,0,0,,
Zip Code,73066,White,06/2025,0,0,,
Zip Code,73066,White,07/2025,0,0,,
Zip Code,73066,White,08/2025,0,0,,
Zip Code,73066,White,09/2025,0,0,,
Zip Code,73066,White,10/2025,0,0,,
Zip Code,73066,White,11/2025,0,0,,
Zip Code,73066,White,12/2025,0,0,,
Zip Code,73066,White,01/2026,0,0,,
Zip Code,73066,White,02/2026,0,0,,
Zip Code,73066,White,03/2026,0,0,,
Zip Code,73066,White,04/2026,0,0,,
Zip Code,73066,White,05/2026,0,0,,
Zip Code,73066,White,06/2026,0,0,,
Zip Code,73066,White,07/2026,0,0,,
Zip Code,73066,White,08/2026,0,0,,2026-08-08
Zip Code,73078,White,01/2023,0,0,,
Zip Code,73078,White,02/2023,0,0,,
Zip Code,73078,White,03/2023,0,0,,
Zip Code,73078,White,04/2023,0,0,,
Zip Code,73078,White,05/2023,0,0,,
Zip Code,73078,White,06/2023,0,0,,
Zip Code,73078,White,07/2023,0,0,,
Zip Code,73078,White,08/2023,0,0,,
Zip Code,73078,White,09/2023,0,0,,
Zip Code,73078,White,10/2023,0,0,,
Zip Code,73078,White,11/2023,0,0,,
Zip Code,73078,White,12/2023,0,0,,
Zip Code,73078,White,01/2024,0,0,,
Zip Code,73078,White,02/2024,0,0,,
Zip Code,73078,White,03/2024,0,0,,
Zip Code,73078,White,04/2024,0,0,,
Zip Code,73078,White,05/2024,0,0,,
Zip Code,73078,White,06/2024,0,0,,
Zip Code,73078,White,07/2024,0,0,,
Zip Code,73078,White,08/2024,0,0,,
Zip Code,73078,White,09/2024,0,0,,
Zip Code,73078,White,10/2024,0,0,,
Zip Code,73078,White,11/2024,0,0,,
Zip Code,73078,White,12/2024,0,0,,
Zip Code,73078,White,01/2025,0,0,,
Zip Code,73078,White,02/2025,0,0,,
Zip Code,73078,White,03/2025,0,0,,
Zip Code,73078,White,04/2025,0,0,,
Zip Code,73078,White,05/2025,0,0,,
Zip Code,73078,White,06/2025,0,0,,
Zip Code,73078,White,07/2025,0,0,,
Zip Code,73078,White,08/2025,0,0,,
Zip Code,73078,White,09/2025,0,0,,
Zip Code,73078,White,10/2025,0,0,,
Zip Code,73078,White,11/2025,0,0,,
Zip Code,73078,White,12/2025,0,0,,
Zip Code,73078,White,01/2026,0,0,,
Zip Code,73078,White,02/2026,0,0,,
Zip Code,73078,White,03/2026,0,0,,
Zip Code,73078,White,04/2026,0,0,,
Zip Code,73078,White,05/2026,0,0,,
Zip Code,73078,White,06/2026,0,0,,
Zip Code,73078,White,07/2026,0,0,,
Zip Code,73078,White,08/2026,0,0,,2026-08-08
Zip Code,73083,Other,01/2023,0,0,,
Zip Code,73083,Other,02/2023,0,0,,
Zip Code,73083,Other,03/2023,0,0,,
Zip Code,73083,Other,04/2023,0,0,,
Zip Code,73083,Other,05/2023,0,0,,
Zip Code,73083,Other,06/2023,0,0,,
Zip Code,73083,Other,07/2023,0,0,,
Zip Code,73083,Other,08/2023,0,0,,
Zip Code,73083,Other,09/2023,0,0,,
Zip Code,73083,Other,10/2023,0,0,,
Zip Code,73083,Other,11/2023,0,0,,
Zip Code,73083,Other,12/2023,0,0,,
Zip Code,73083,Other,01/2024,0,0,,
Zip Code,73083,Other,02/2024,0,0,,
Zip Code,73083,Other,03/2024,0,0,,
Zip Code,73083,Other,04/2024,0,0,,
Zip Code,73083,Other,05/2024,0,0,,
Zip Code,73083,Other,06/2024,0,0,,
Zip Code,73083,Other,07/2024,0,0,,
Zip Code,73083,Other,08/2024,0,0,,
Zip Code,73083,Other,09/2024,0,0,,
Zip Code,73083,Other,10/2024,0,0,,
Zip Code,73083,Other,11/2024,0,0,,
Zip Code,73083,Other,12/2024,0,0,,
Zip Code,73083,Other,01/2025,0,0,,
Zip Code,73083,Other,02/2025,0,0,,
Zip Code,73083,Other,03/2025,0,0,,
Zip Code,73083,Other,04/2025,0,0,,
Zip Code,73083,Other,05/2025,0,0,,
Zip Code,73083,Other,06/2025,0,0,,
Zip Code,73083,Other,07/2025,0,0,,
Zip Code,73083,Other,08/2025,0,0,,
Zip Code,73083,Other,09/2025,0,0,,
Zip Code,73083,Other,10/2025,0,0,,
Zip Code,73083,Other,11/2025,0,0,,
Zip Code,73083,Other,12/2025,0,0,,
Zip Code,73083,Other,01/2026,0,0,,
Zip Code,73083,Other,02/2026,0,0,,
Zip Code,73083,Other,03/2026,0,0,,
Zip Code,73083,Other,04/2026,0,0,,
Zip Code,73083,Other,05/2026,0,0,,
Zip Code,73083,Other,06/2026,0,0,,
Zip Code,73083,Other,07/2026,0,0,,
Zip Code,73083,Other,08/2026,0,0,,2026-08-08
Zip Code,73084,Black,01/2023,0,0,,
Zip Code,73084,Black,02/2023,0,0,,
Zip Code,73084,Black,03/2023,0,0,,
Zip Code,73084,Black,04/2023,0,0,,
Zip Code,73084,Black,05/2023,0,0,,
Zip Code,73084,Black,06/2023,0,0,,
Zip Code,73084,Black,07/2023,0,0,,
Zip Code,73084,Black,08/2023,0,0,,
Zip Code,73084,Black,09/2023,0,0,,
Zip Code,73084,Black,10/2023,0,0,,
Zip Code,73084,Black,11/2023,0,0,,
Zip Code,73084,Black,12/2023,0,0,,
Zip Code,73084,Black,01/2024,0,0,,
Zip Code,73084,Black,02/2024,0,0,,
Zip Code,73084,Black,03/2024,0,0,,
Zip Code,73084,Black,04/2024,0,0,,
Zip Code,73084,Black,05/2024,0,0,,
Zip Code,73084,Black,06/2024,0,0,,
Zip Code,73084,Black,07/2024,0,0,,
Zip Code,73084,Black,08/2024,0,0,,
Zip Code,73084,Black,09/2024,0,0,,
Zip Code,73084,Black,10/2024,0,0,,
Zip Code,73084,Black,11/2024,0,0,,
Zip Code,73084,Black,12/2024,0,0,,
Zip Code,73084,Black,01/2025,3,0,,
Zip Code,73084,Black,02/2025,4,0,,
Zip Code,73084,Black,03/2025,7,0,,
Zip Code,73084,Black,04/2025,7,0,,
Zip Code,73084,Black,05/2025,2,0,,
Zip Code,73084,Black,06/2025,4,0,,
Zip Code,73084,Black,07/2025,7,0,,
Zip Code,73084,Black,08/2025,3,0,,
Zip Code,73084,Black,09/2025,10,0,,
Zip Code,73084,Black,10/2025,3,0,,
Zip Code,73084,Black,11/2025,4,0,,
Zip Code,73084,Black,12/2025,6,0,,
Zip Code,73084,Black,01/2026,3,0,,
Zip Code,73084,Black,02/2026,1,0,,
Zip Code,73084,Black,03/2026,4,0,,
Zip Code,73084,Black,04/2026,3,0,,
Zip Code,73084,Black,05/2026,6,0,,
Zip Code,73084,Black,06/2026,2,0,,
Zip Code,73084,Black,07/2026,2,0,,
Zip Code,73084,Black,08/2026,0,0,,2026-08-08
Zip Code,73097,White,01/2023,0,0,,
Zip Code,73097,White,02/2023,0,0,,
Zip Code,73097,White,03/2023,0,0,,
Zip Code,73097,White,04/2023,0,0,,
Zip Code,73097,White,05/2023,0,0,,
Zip Code,73097,White,06/2023,0,0,,
Zip Code,73097,White,07/2023,0,0,,
Zip Code,73097,White,08/2023,0,0,,
Zip Code,73097,White,09/2023,0,0,,
Zip Code,73097,White,10/2023,0,0,,
Zip Code,73097,White,11/2023,0,0,,
Zip Code,73097,White,12/2023,0,0,,
Zip Code,73097,White,01/2024,0,0,,
Zip Code,73097,White,02/2024,0,0,,
Zip Code,73097,White,03/2024,0,0,,
Zip Code,73097,White,04/2024,0,0,,
Zip Code,73097,White,05/2024,0,0,,
Zip Code,73097,White,06/2024,0,0,,
Zip Code,73097,White,07/2024,0,0,,
Zip Code,73097,White,08/2024,0,0,,
Zip Code,73097,White,09/2024,0,0,,
Zip Code,73097,White,10/2024,0,0,,
Zip Code,73097,White,11/2024,0,0,,
Zip Code,73097,White,12/2024,0,0,,
Zip Code,73097,White,01/2025,0,0,,
Zip Code,73097,White,02/2025,0,0,,
Zip Code,73097,White,03/2025,0,0,,
Zip Code,73097,White,04/2025,0,0,,
Zip Code,73097,White,05/2025,0,0,,
Zip Code,73097,White,06/2025,0,0,,
Zip Code,73097,White,07/2025,0,0,,
Zip Code,73097,White,08/2025,0,0,,
Zip Code,73097,White,09/2025,0,0,,
Zip Code,73097,White,10/2025,1,0,,
Zip Code,73097,White,11/2025,0,0,,
Zip Code,73097,White,12/2025,0,0,,
Zip Code,73097,White,01/2026,0,0,,
Zip Code,73097,White,02/2026,0,0,,
Zip Code,73097,White,03/2026,0,0,,
Zip Code,73097,White,04/2026,0,0,,
Zip Code,73097,White,05/2026,0,0,,
Zip Code,73097,White,06/2026,0,0,,
Zip Code,73097,White,07/2026,0,0,,
Zip Code,73097,White,08/2026,0,0,,2026-08-08
Zip Code,73099,White,01/2023,0,0,,
Zip Code,73099,White,02/2023,0,0,,
Zip Code,73099,White,03/2023,0,0,,
Zip Code,73099,White,04/2023,0,0,,
Zip Code,73099,White,05/2023,0,0,,
Zip Code,73099,White,06/2023,0,0,,
Zip Code,73099,White,07/2023,0,0,,
Zip Code,73099,White,08/2023,0,0,,
Zip Code,73099,White,09/2023,0,0,,
Zip Code,73099,White,10/2023,0,0,,
Zip Code,73099,White,11/2023,0,0,,
Zip Code,73099,White,12/2023,0,0,,
Zip Code,73099,White,01/2024,0,0,,
Zip Code,73099,White,02/2024,0,0,,
Zip Code,73099,White,03/2024,0,0,,
Zip Code,73099,White,04/2024,0,0,,
Zip Code,73099,White,05/2024,0,0,,
Zip Code,73099,White,06/2024,0,0,,
Zip Code,73099,White,07/2024,0,0,,
Zip Code,73099,White,08/2024,0,0,,
Zip Code,73099,White,09/2024,0,0,,
Zip Code,73099,White,10/2024,0,0,,
Zip Code,73099,White,11/2024,0,0,,
Zip Code,73099,White,12/2024,0,0,,
Zip Code,73099,White,01/2025,0,0,,
Zip Code,73099,White,02/2025,0,0,,
Zip Code,73099,White,03/2025,0,0,,
Zip Code,73099,White,04/2025,0,0,,
Zip Code,73099,White,05/2025,0,0,,
Zip Code,73099,White,06/2025,0,0,,
Zip Code,73099,White,07/2025,0,0,,
Zip Code,73099,White,08/2025,0,0,,
Zip Code,73099,White,09/2025,0,0,,
Zip Code,73099,White,10/2025,0,0,,
Zip Code,73099,White,11/2025,0,0,,
Zip Code,73099,White,12/2025,0,0,,
Zip Code,73099,White,01/2026,0,0,,
Zip Code,73099,White,02/2026,0,0,,
Zip Code,73099,White,03/2026,0,0,,
Zip Code,73099,White,04/2026,0,0,,
Zip Code,73099,White,05/2026,0,0,,
Zip Code,73099,White,06/2026,0,0,,
Zip Code,73099,White,07/2026,0,0,,
Zip Code,73099,White,08/2026,0,0,,2026-08-08
Zip Code,73101,Other,01/2023,0,0,,
Zip Code,73101,Other,02/2023,0,0,,
Zip Code,73101,Other,03/2023,0,0,,
Zip Code,73101,Other,04/2023,0,0,,
Zip Code,73101,Other,05/2023,0,0,,
Zip Code,73101,Other,06/2023,0,0,,
Zip Code,73101,Other,07/2023,0,0,,
Zip Code,73101,Other,08/2023,0,0,,
Zip Code,73101,Other,09/2023,0,0,,
Zip Code,73101,Other,10/2023,0,0,,
Zip Code,73101,Other,11/2023,0,0,,
Zip Code,73101,Other,12/2023,0,0,,
Zip Code,73101,Other,01/2024,0,0,,
Zip Code,73101,Other,02/2024,0,0,,
Zip Code,73101,Other,03/2024,0,0,,
Zip Code,73101,Other,04/2024,0,0,,
Zip Code,73101,Other,05/2024,0,0,,
Zip Code,73101,Other,06/2024,0,0,,
Zip Code,73101,Other,07/2024,0,0,,
Zip Code,73101,Other,08/2024,0,0,,
Zip Code,73101,Other,09/2024,0,0,,
Zip Code,73101,Other,10/2024,0,0,,
Zip Code,73101,Other,11/2024,0,0,,
Zip Code,73101,Other,12/2024,0,0,,
Zip Code,73101,Other,01/2025,0,0,,
Zip Code,73101,Other,02/2025,0,0,,
Zip Code,73101,Other,03/2025,0,0,,
Zip Code,73101,Other,04/2025,0,0,,
Zip Code,73101,Other,05/2025,0,0,,
Zip Code,73101,Other,06/2025,0,0,,
Zip Code,73101,Other,07/2025,0,0,,
Zip Code,73101,Other,08/2025,0,0,,
Zip Code,73101,Other,09/2025,0,0,,
Zip Code,73101,Other,10/2025,0,0,,
Zip Code,73101,Other,11/2025,0,0,,
Zip Code,73101,Other,12/2025,0,0,,
Zip Code,73101,Other,01/2026,0,0,,
Zip Code,73101,Other,02/2026,0,0,,
Zip Code,73101,Other,03/2026,0,0,,
Zip Code,73101,Other,04/2026,0,0,,
Zip Code,73101,Other,05/2026,0,0,,
Zip Code,73101,Other,06/2026,0,0,,
Zip Code,73101,Other,07/2026,0,0,,
Zip Code,73101,Other,08/2026,0,0,,2026-08-08
Zip Code,73102,White,01/2023,0,0,,
Zip Code,73102,White,02/2023,0,0,,
Zip Code,73102,White,03/2023,0,0,,
Zip Code,73102,White,04/2023,0,0,,
Zip Code,73102,White,05/2023,0,0,,
Zip Code,73102,White,06/2023,0,0,,
Zip Code,73102,White,07/2023,0,0,,
Zip Code,73102,White,08/2023,0,0,,
Zip Code,73102,White,09/2023,0,0,,
Zip Code,73102,White,10/2023,0,0,,
Zip Code,73102,White,11/2023,0,0,,
Zip Code,73102,White,12/2023,0,0,,
Zip Code,73102,White,01/2024,0,0,,
Zip Code,73102,White,02/2024,0,0,,
Zip Code,73102,White,03/2024,0,0,,
Zip Code,73102,White,04/2024,0,0,,
Zip Code,73102,White,05/2024,0,0,,
Zip Code,73102,White,06/2024,0,0,,
Zip Code,73102,White,07/2024,0,0,,
Zip Code,73102,White,08/2024,0,0,,
Zip Code,73102,White,09/2024,0,0,,
Zip Code,73102,White,10/2024,0,0,,
Zip Code,73102,White,11/2024,0,0,,
Zip Code,73102,White,12/2024,0,0,,
Zip Code,73102,White,01/2025,13,0,,
Zip Code,73102,White,02/2025,11,0,,
Zip Code,73102,White,03/2025,6,0,,
Zip Code,73102,White,04/2025,8,0,,
Zip Code,73102,White,05/2025,16,0,,
Zip Code,73102,White,06/2025,8,0,,
Zip Code,73102,White,07/2025,20,0,,
Zip Code,73102,White,08/2025,6,0,,
Zip Code,73102,White,09/2025,6,0,,
Zip Code,73102,White,10/2025,8,0,,
Zip Code,73102,White,11/2025,6,0,,
Zip Code,73102,White,12/2025,9,0,,
Zip Code,73102,White,01/2026,9,0,,
Zip Code,73102,White,02/2026,5,0,,
Zip Code,73102,White,03/2026,8,0,,
Zip Code,73102,White,04/2026,4,0,,
Zip Code,73102,White,05/2026,16,0,,
Zip Code,73102,White,06/2026,12,0,,
Zip Code,73102,White,07/2026,7,0,,
Zip Code,73102,White,08/2026,0,0,,2026-08-08
Zip Code,73103,White,01/2023,0,0,,
Zip Code,73103,White,02/2023,0,0,,
Zip Code,73103,White,03/2023,0,0,,
Zip Code,73103,White,04/2023,0,0,,
Zip Code,73103,White,05/2023,0,0,,
Zip Code,73103,White,06/2023,0,0,,
Zip Code,73103,White,07/2023,0,0,,
Zip Code,73103,White,08/2023,0,0,,
Zip Code,73103,White,09/2023,0,0,,
Zip Code,73103,White,10/2023,0,0,,
Zip Code,73103,White,11/2023,0,0,,
Zip Code,73103,White,12/2023,0,0,,
Zip Code,73103,White,01/2024,0,0,,
Zip Code,73103,White,02/2024,0,0,,
Zip Code,73103,White,03/2024,0,0,,
Zip Code,73103,White,04/2024,0,0,,
Zip Code,73103,White,05/2024,0,0,,
Zip Code,73103,White,06/2024,0,0,,
Zip Code,73103,White,07/2024,0,0,,
Zip Code,73103,White,08/2024,0,0,,
Zip Code,73103,White,09/2024,0,0,,
Zip Code,73103,White,10/2024,0,0,,
Zip Code,73103,White,11/2024,0,0,,
Zip Code,73103,White,12/2024,0,0,,
Zip Code,73103,White,01/2025,6,0,,
Zip Code,73103,White,02/2025,10,0,,
Zip Code,73103,White,03/2025,3,0,,
Zip Code,73103,White,04/2025,11,0,,
Zip Code,73103,White,05/2025,7,0,,
Zip Code,73103,White,06/2025,8,0,,
Zip Code,73103,White,07/2025,7,0,,
Zip Code,73103,White,08/2025,6,0,,
Zip Code,73103,White,09/2025,4,0,,
Zip Code,73103,White,10/2025,4,0,,
Zip Code,73103,White,11/2025,4,0,,
Zip Code,73103,White,12/2025,8,0,,
Zip Code,73103,White,01/2026,9,0,,
Zip Code,73103,White,02/2026,2,0,,
Zip Code,73103,White,03/2026,4,0,,
Zip Code,73103,White,04/2026,8,0,,
Zip Code,73103,White,05/2026,11,0,,
Zip Code,73103,White,06/2026,3,0,,
Zip Code,73103,White,07/2026,9,0,,
Zip Code,73103,White,08/2026,0,0,,2026-08-08
Zip Code,73104,White,01/2023,0,0,,
Zip Code,73104,White,02/2023,0,0,,
Zip Code,73104,White,03/2023,0,0,,
Zip Code,73104,White,04/2023,0,0,,
Zip Code,73104,White,05/2023,0,0,,
Zip Code,73104,White,06/2023,0,0,,
Zip Code,73104,White,07/2023,0,0,,
Zip Code,73104,White,08/2023,0,0,,
Zip Code,73104,White,09/2023,0,0,,
Zip Code,73104,White,10/2023,0,0,,
Zip Code,73104,White,11/2023,0,0,,
Zip Code,73104,White,12/2023,0,0,,
Zip Code,73104,White,01/2024,0,0,,
Zip Code,73104,White,02/2024,0,0,,
Zip Code,73104,White,03/2024,0,0,,
Zip Code,73104,White,04/2024,0,0,,
Zip Code,73104,White,05/2024,0,0,,
Zip Code,73104,White,06/2024,0,0,,
Zip Code,73104,White,07/2024,0,0,,
Zip Code,73104,White,08/2024,0,0,,
Zip Code,73104,White,09/2024,0,0,,
Zip Code,73104,White,10/2024,0,0,,
Zip Code,73104,White,11/2024,0,0,,
Zip Code,73104,White,12/2024,0,0,,
Zip Code,73104,White,01/2025,7,0,,
Zip Code,73104,White,02/2025,5,0,,
Zip Code,73104,White,03/2025,1,0,,
Zip Code,73104,White,04/2025,4,0,,
Zip Code,73104,White,05/2025,8,0,,
Zip Code,73104,White,06/2025,9,0,,
Zip Code,73104,White,07/2025,4,0,,
Zip Code,73104,White,08/2025,3,0,,
Zip Code,73104,White,09/2025,3,0,,
Zip Code,73104,White,10/2025,7,0,,
Zip Code,73104,White,11/2025,5,0,,
Zip Code,73104,White,12/2025,7,0,,
Zip Code,73104,White,01/2026,2,0,,
Zip Code,73104,White,02/2026,2,0,,
Zip Code,73104,White,03/2026,6,0,,
Zip Code,73104,White,04/2026,2,0,,
Zip Code,73104,White,05/2026,2,0,,
Zip Code,73104,White,06/2026,5,0,,
Zip Code,73104,White,07/2026,3,0,,
Zip Code,73104,White,08/2026,0,0,,2026-08-08
Zip Code,73105,Black,01/2023,0,0,,
Zip Code,73105,Black,02/2023,0,0,,
Zip Code,73105,Black,03/2023,0,0,,
Zip Code,73105,Black,04/2023,0,0,,
Zip Code,73105,Black,05/2023,0,0,,
Zip Code,73105,Black,06/2023,0,0,,
Zip Code,73105,Black,07/2023,0,0,,
Zip Code,73105,Black,08/2023,0,0,,
Zip Code,73105,Black,09/2023,0,0,,
Zip Code,73105,Black,10/2023,0,0,,
Zip Code,73105,Black,11/2023,0,0,,
Zip Code,73105,Black,12/2023,0,0,,
Zip Code,73105,Black,01/2024,0,0,,
Zip Code,73105,Black,02/2024,0,0,,
Zip Code,73105,Black,03/2024,0,0,,
Zip Code,73105,Black,04/2024,0,0,,
Zip Code,73105,Black,05/2024,0,0,,
Zip Code,73105,Black,06/2024,0,0,,
Zip Code,73105,Black,07/2024,0,0,,
Zip Code,73105,Black,08/2024,0,0,,
Zip Code,73105,Black,09/2024,0,0,,
Zip Code,73105,Black,10/2024,0,0,,
Zip Code,73105,Black,11/2024,0,0,,
Zip Code,73105,Black,12/2024,0,0,,
Zip Code,73105,Black,01/2025,16,0,,
Zip Code,73105,Black,02/2025,10,0,,
Zip Code,73105,Black,03/2025,8,0,,
Zip Code,73105,Black,04/2025,11,0,,
Zip Code,73105,Black,05/2025,6,0,,
Zip Code,73105,Black,06/2025,10,0,,
Zip Code,73105,Black,07/2025,19,0,,
Zip Code,73105,Black,08/2025,12,0,,
Zip Code,73105,Black,09/2025,10,0,,
Zip Code,73105,Black,10/2025,16,0,,
Zip Code,73105,Black,11/2025,14,0,,
Zip Code,73105,Black,12/2025,11,0,,
Zip Code,73105,Black,01/2026,12,0,,
Zip Code,73105,Black,02/2026,13,0,,
Zip Code,73105,Black,03/2026,7,0,,
Zip Code,73105,Black,04/2026,12,0,,
Zip Code,73105,Black,05/2026,10,0,,
Zip Code,73105,Black,06/2026,25,0,,
Zip Code,73105,Black,07/2026,24,0,,
Zip Code,73105,Black,08/2026,0,0,,2026-08-08
Zip Code,73106,Other,01/2023,0,0,,
Zip Code,73106,Other,02/2023,0,0,,
Zip Code,73106,Other,03/2023,0,0,,
Zip Code,73106,Other,04/2023,0,0,,
Zip Code,73106,Other,05/2023,0,0,,
Zip Code,73106,Other,06/2023,0,0,,
Zip Code,73106,Other,07/2023,0,0,,
Zip Code,73106,Other,08/2023,0,0,,
Zip Code,73106,Other,09/2023,0,0,,
Zip Code,73106,Other,10/2023,0,0,,
Zip Code,73106,Other,11/2023,0,0,,
Zip Code,73106,Other,12/2023,0,0,,
Zip Code,73106,Other,01/2024,0,0,,
Zip Code,73106,Other,02/2024,0,0,,
Zip Code,73106,Other,03/2024,0,0,,
Zip Code,73106,Other,04/2024,0,0,,
Zip Code,73106,Other,05/2024,0,0,,
Zip Code,73106,Other,06/2024,0,0,,
Zip Code,73106,Other,07/2024,0,0,,
Zip Code,73106,Other,08/2024,0,0,,
Zip Code,73106,Other,09/2024,0,0,,
Zip Code,73106,Other,10/2024,0,0,,
Zip Code,73106,Other,11/2024,0,0,,
Zip Code,73106,Other,12/2024,0,0,,
Zip Code,73106,Other,01/2025,21,0,,
Zip Code,73106,Other,02/2025,9,0,,
Zip Code,73106,Other,03/2025,25,0,,
Zip Code,73106,Other,04/2025,12,0,,
Zip Code,73106,Other,05/2025,18,0,,
Zip Code,73106,Other,06/2025,16,0,,
Zip Code,73106,Other,07/2025,26,0,,
Zip Code,73106,Other,08/2025,12,0,,
Zip Code,73106,Other,09/2025,30,0,,
Zip Code,73106,Other,10/2025,15,0,,
Zip Code,73106,Other,11/2025,25,0,,
Zip Code,73106,Other,12/2025,17,0,,
Zip Code,73106,Other,01/2026,14,0,,
Zip Code,73106,Other,02/2026,14,0,,
Zip Code,73106,Other,03/2026,11,0,,
Zip Code,73106,Other,04/2026,10,0,,
Zip Code,73106,Other,05/2026,15,0,,
Zip Code,73106,Other,06/2026,12,0,,
Zip Code,73106,Other,07/2026,19,0,,
Zip Code,73106,Other,08/2026,0,0,,2026-08-08
Zip Code,73107,White,01/2023,0,0,,
Zip Code,73107,White,02/2023,0,0,,
Zip Code,73107,White,03/2023,0,0,,
Zip Code,73107,White,04/2023,0,0,,
Zip Code,73107,White,05/2023,0,0,,
Zip Code,73107,White,06/2023,0,0,,
Zip Code,73107,White,07/2023,0,0,,
Zip Code,73107,White,08/2023,0,0,,
Zip Code,73107,White,09/2023,0,0,,
Zip Code,73107,White,10/2023,0,0,,
Zip Code,73107,White,11/2023,0,0,,
Zip Code,73107,White,12/2023,0,0,,
Zip Code,73107,White,01/2024,0,0,,
Zip Code,73107,White,02/2024,0,0,,
Zip Code,73107,White,03/2024,0,0,,
Zip Code,73107,White,04/2024,0,0,,
Zip Code,73107,White,05/2024,0,0,,
Zip Code,73107,White,06/2024,0,0,,
Zip Code,73107,White,07/2024,0,0,,
Zip Code,73107,White,08/2024,0,0,,
Zip Code,73107,White,09/2024,0,0,,
Zip Code,73107,White,10/2024,0,0,,
Zip Code,73107,White,11/2024,0,0,,
Zip Code,73107,White,12/2024,0,0,,
Zip Code,73107,White,01/2025,35,0,,
Zip Code,73107,White,02/2025,28,0,,
Zip Code,73107,White,03/2025,29,0,,
Zip Code,73107,White,04/2025,41,0,,
Zip Code,73107,White,05/2025,21,0,,
Zip Code,73107,White,06/2025,20,0,,
Zip Code,73107,White,07/2025,41,0,,
Zip Code,73107,White,08/2025,34,0,,
Zip Code,73107,White,09/2025,23,0,,
Zip Code,73107,White,10/2025,24,0,,
Zip Code,73107,White,11/2025,30,0,,
Zip Code,73107,White,12/2025,37,0,,
Zip Code,73107,White,01/2026,27,0,,
Zip Code,73107,White,02/2026,29,0,,
Zip Code,73107,White,03/2026,30,0,,
Zip Code,73107,White,04/2026,29,0,,
Zip Code,73107,White,05/2026,22,0,,
Zip Code,73107,White,06/2026,36,0,,
Zip Code,73107,White,07/2026,35,0,,
Zip Code,73107,White,08/2026,0,0,,2026-08-08
Zip Code,73108,Hispanic,01/2023,0,0,,
Zip Code,73108,Hispanic,02/2023,0,0,,
Zip Code,73108,Hispanic,03/2023,0,0,,
Zip Code,73108,Hispanic,04/2023,0,0,,
Zip Code,73108,Hispanic,05/2023,0,0,,
Zip Code,73108,Hispanic,06/2023,0,0,,
Zip Code,73108,Hispanic,07/2023,0,0,,
Zip Code,73108,Hispanic,08/2023,0,0,,
Zip Code,73108,Hispanic,09/2023,0,0,,
Zip Code,73108,Hispanic,10/2023,0,0,,
Zip Code,73108,Hispanic,11/2023,0,0,,
Zip Code,73108,Hispanic,12/2023,0,0,,
Zip Code,73108,Hispanic,01/2024,0,0,,
Zip Code,73108,Hispanic,02/2024,0,0,,
Zip Code,73108,Hispanic,03/2024,0,0,,
Zip Code,73108,Hispanic,04/2024,0,0,,
Zip Code,73108,Hispanic,05/2024,0,0,,
Zip Code,73108,Hispanic,06/2024,0,0,,
Zip Code,73108,Hispanic,07/2024,0,0,,
Zip Code,73108,Hispanic,08/2024,0,0,,
Zip Code,73108,Hispanic,09/2024,0,0,,
Zip Code,73108,Hispanic,10/2024,0,0,,
Zip Code,73108,Hispanic,11/2024,0,0,,
Zip Code,73108,Hispanic,12/2024,0,0,,
Zip Code,73108,Hispanic,01/2025,17,0,,
Zip Code,73108,Hispanic,02/2025,19,0,,
Zip Code,73108,Hispanic,03/2025,27,0,,
Zip Code,73108,Hispanic,04/2025,13,0,,
Zip Code,73108,Hispanic,05/2025,17,0,,
Zip Code,73108,Hispanic,06/2025,9,0,,
Zip Code,73108,Hispanic,07/2025,16,0,,
Zip Code,73108,Hispanic,08/2025,10,0,,
Zip Code,73108,Hispanic,09/2025,10,0,,
Zip Code,73108,Hispanic,10/2025,14,0,,
Zip Code,73108,Hispanic,11/2025,11,0,,
Zip Code,73108,Hispanic,12/2025,12,0,,
Zip Code,73108,Hispanic,01/2026,31,0,,
Zip Code,73108,Hispanic,02/2026,8,0,,
Zip Code,73108,Hispanic,03/2026,28,0,,
Zip Code,73108,Hispanic,04/2026,15,0,,
Zip Code,73108,Hispanic,05/2026,12,0,,
Zip Code,73108,Hispanic,06/2026,9,0,,
Zip Code,73108,Hispanic,07/2026,15,0,,
Zip Code,73108,Hispanic,08/2026,0,0,,2026-08-08
Zip Code,73109,Hispanic,01/2023,0,0,,
Zip Code,73109,Hispanic,02/2023,0,0,,
Zip Code,73109,Hispanic,03/2023,0,0,,
Zip Code,73109,Hispanic,04/2023,0,0,,
Zip Code,73109,Hispanic,05/2023,0,0,,
Zip Code,73109,Hispanic,06/2023,0,0,,
Zip Code,73109,Hispanic,07/2023,0,0,,
Zip Code,73109,Hispanic,08/2023,0,0,,
Zip Code,73109,Hispanic,09/2023,0,0,,
Zip Code,73109,Hispanic,10/2023,0,0,,
Zip Code,73109,Hispanic,11/2023,0,0,,
Zip Code,73109,Hispanic,12/2023,0,0,,
Zip Code,73109,Hispanic,01/2024,0,0,,
Zip Code,73109,Hispanic,02/2024,0,0,,
Zip Code,73109,Hispanic,03/2024,0,0,,
Zip Code,73109,Hispanic,04/2024,0,0,,
Zip Code,73109,Hispanic,05/2024,0,0,,
Zip Code,73109,Hispanic,06/2024,0,0,,
Zip Code,73109,Hispanic,07/2024,0,0,,
Zip Code,73109,Hispanic,08/2024,0,0,,
Zip Code,73109,Hispanic,09/2024,0,0,,
Zip Code,73109,Hispanic,10/2024,0,0,,
Zip Code,73109,Hispanic,11/2024,0,0,,
Zip Code,73109,Hispanic,12/2024,0,0,,
Zip Code,73109,Hispanic,01/2025,44,0,,
Zip Code,73109,Hispanic,02/2025,32,0,,
Zip Code,73109,Hispanic,03/2025,30,0,,
Zip Code,73109,Hispanic,04/2025,19,0,,
Zip Code,73109,Hispanic,05/2025,27,0,,
Zip Code,73109,Hispanic,06/2025,19,0,,
Zip Code,73109,Hispanic,07/2025,33,0,,
Zip Code,73109,Hispanic,08/2025,25,0,,
Zip Code,73109,Hispanic,09/2025,25,0,,
Zip Code,73109,Hispanic,10/2025,26,0,,
Zip Code,73109,Hispanic,11/2025,27,0,,
Zip Code,73109,Hispanic,12/2025,31,0,,
Zip Code,73109,Hispanic,01/2026,41,0,,
Zip Code,73109,Hispanic,02/2026,25,0,,
Zip Code,73109,Hispanic,03/2026,25,0,,
Zip Code,73109,Hispanic,04/2026,21,0,,
Zip Code,73109,Hispanic,05/2026,19,0,,
Zip Code,73109,Hispanic,06/2026,41,0,,
Zip Code,73109,Hispanic,07/2026,31,0,,
Zip Code,73109,Hispanic,08/2026,0,0,,2026-08-08
Zip Code,73110,White,01/2023,0,0,,
Zip Code,73110,White,02/2023,0,0,,
Zip Code,73110,White,03/2023,0,0,,
Zip Code,73110,White,04/2023,0,0,,
Zip Code,73110,White,05/2023,0,0,,
Zip Code,73110,White,06/2023,0,0,,
Zip Code,73110,White,07/2023,0,0,,
Zip Code,73110,White,08/2023,0,0,,
Zip Code,73110,White,09/2023,0,0,,
Zip Code,73110,White,10/2023,0,0,,
Zip Code,73110,White,11/2023,0,0,,
Zip Code,73110,White,12/2023,0,0,,
Zip Code,73110,White,01/2024,0,0,,
Zip Code,73110,White,02/2024,0,0,,
Zip Code,73110,White,03/2024,0,0,,
Zip Code,73110,White,04/2024,0,0,,
Zip Code,73110,White,05/2024,0,0,,
Zip Code,73110,White,06/2024,0,0,,
Zip Code,73110,White,07/2024,0,0,,
Zip Code,73110,White,08/2024,0,0,,
Zip Code,73110,White,09/2024,0,0,,
Zip Code,73110,White,10/2024,0,0,,
Zip Code,73110,White,11/2024,0,0,,
Zip Code,73110,White,12/2024,0,0,,
Zip Code,73110,White,01/2025,82,0,,
Zip Code,73110,White,02/2025,75,0,,
Zip Code,73110,White,03/2025,87,0,,
Zip Code,73110,White,04/2025,91,0,,
Zip Code,73110,White,05/2025,97,0,,
Zip Code,73110,White,06/2025,96,0,,
Zip Code,73110,White,07/2025,89,0,,
Zip Code,73110,White,08/2025,85,0,,
Zip Code,73110,White,09/2025,93,0,,
Zip Code,73110,White,10/2025,104,0,,
Zip Code,73110,White,11/2025,65,0,,
Zip Code,73110,White,12/2025,87,0,,
Zip Code,73110,White,01/2026,70,0,,
Zip Code,73110,White,02/2026,67,0,,
Zip Code,73110,White,03/2026,73,0,,
Zip Code,73110,White,04/2026,73,0,,
Zip Code,73110,White,05/2026,100,0,,
Zip Code,73110,White,06/2026,92,0,,
Zip Code,73110,White,07/2026,103,0,,
Zip Code,73110,White,08/2026,0,0,,2026-08-08
Zip Code,73111,Black,01/2023,0,0,,
Zip Code,73111,Black,02/2023,0,0,,
Zip Code,73111,Black,03/2023,0,0,,
Zip Code,73111,Black,04/2023,0,0,,
Zip Code,73111,Black,05/2023,0,0,,
Zip Code,73111,Black,06/2023,0,0,,
Zip Code,73111,Black,07/2023,0,0,,
Zip Code,73111,Black,08/2023,0,0,,
Zip Code,73111,Black,09/2023,0,0,,
Zip Code,73111,Black,10/2023,0,0,,
Zip Code,73111,Black,11/2023,0,0,,
Zip Code,73111,Black,12/2023,0,0,,
Zip Code,73111,Black,01/2024,0,0,,
Zip Code,73111,Black,02/2024,0,0,,
Zip Code,73111,Black,03/2024,0,0,,
Zip Code,73111,Black,04/2024,0,0,,
Zip Code,73111,Black,05/2024,0,0,,
Zip Code,73111,Black,06/2024,0,0,,
Zip Code,73111,Black,07/2024,0,0,,
Zip Code,73111,Black,08/2024,0,0,,
Zip Code,73111,Black,09/2024,0,0,,
Zip Code,73111,Black,10/2024,0,0,,
Zip Code,73111,Black,11/2024,0,0,,
Zip Code,73111,Black,12/2024,0,0,,
Zip Code,73111,Black,01/2025,22,0,,
Zip Code,73111,Black,02/2025,17,0,,
Zip Code,73111,Black,03/2025,14,0,,
Zip Code,73111,Black,04/2025,13,0,,
Zip Code,73111,Black,05/2025,30,0,,
Zip Code,73111,Black,06/2025,13,0,,
Zip Code,73111,Black,07/2025,24,0,,
Zip Code,73111,Black,08/2025,23,0,,
Zip Code,73111,Black,09/2025,20,0,,
Zip Code,73111,Black,10/2025,17,0,,
Zip Code,73111,Black,11/2025,16,0,,
Zip Code,73111,Black,12/2025,27,0,,
Zip Code,73111,Black,01/2026,13,0,,
Zip Code,73111,Black,02/2026,20,0,,
Zip Code,73111,Black,03/2026,10,0,,
Zip Code,73111,Black,04/2026,22,0,,
Zip Code,73111,Black,05/2026,16,0,,
Zip Code,73111,Black,06/2026,20,0,,
Zip Code,73111,Black,07/2026,34,0,,
Zip Code,73111,Black,08/2026,0,0,,2026-08-08
Zip Code,73112,White,01/2023,0,0,,
Zip Code,73112,White,02/2023,0,0,,
Zip Code,73112,White,03/2023,0,0,,
Zip Code,73112,White,04/2023,0,0,,
Zip Code,73112,White,05/2023,0,0,,
Zip Code,73112,White,06/2023,0,0,,
Zip Code,73112,White,07/2023,0,0,,
Zip Code,73112,White,08/2023,0,0,,
Zip Code,73112,White,09/2023,0,0,,
Zip Code,73112,White,10/2023,0,0,,
Zip Code,73112,White,11/2023,0,0,,
Zip Code,73112,White,12/2023,0,0,,
Zip Code,73112,White,01/2024,0,0,,
Zip Code,73112,White,02/2024,0,0,,
Zip Code,73112,White,03/2024,0,0,,
Zip Code,73112,White,04/2024,0,0,,
Zip Code,73112,White,05/2024,0,0,,
Zip Code,73112,White,06/2024,0,0,,
Zip Code,73112,White,07/2024,0,0,,
Zip Code,73112,White,08/2024,0,0,,
Zip Code,73112,White,09/2024,0,0,,
Zip Code,73112,White,10/2024,0,0,,
Zip Code,73112,White,11/2024,0,0,,
Zip Code,73112,White,12/2024,0,0,,
Zip Code,73112,White,01/2025,136,0,,
Zip Code,73112,White,02/2025,75,0,,
Zip Code,73112,White,03/2025,96,0,,
Zip Code,73112,White,04/2025,125,0,,
Zip Code,73112,White,05/2025,109,0,,
Zip Code,73112,White,06/2025,81,0,,
Zip Code,73112,White,07/2025,76,0,,
Zip Code,73112,White,08/2025,118,0,,
Zip Code,73112,White,09/2025,90,0,,
Zip Code,73112,White,10/2025,96,0,,
Zip Code,73112,White,11/2025,72,0,,
Zip Code,73112,White,12/2025,110,0,,
Zip Code,73112,White,01/2026,67,0,,
Zip Code,73112,White,02/2026,70,0,,
Zip Code,73112,White,03/2026,77,0,,
Zip Code,73112,White,04/2026,73,0,,
Zip Code,73112,White,05/2026,93,0,,
Zip Code,73112,White,06/2026,87,0,,
Zip Code,73112,White,07/2026,88,0,,
Zip Code,73112,White,08/2026,0,0,,2026-08-08
Zip Code,73113,Other,01/2023,0,0,,
Zip Code,73113,Other,02/2023,0,0,,
Zip Code,73113,Other,03/2023,0,0,,
Zip Code,73113,Other,04/2023,0,0,,
Zip Code,73113,Other,05/2023,0,0,,
Zip Code,73113,Other,06/2023,0,0,,
Zip Code,73113,Other,07/2023,0,0,,
Zip Code,73113,Other,08/2023,0,0,,
Zip Code,73113,Other,09/2023,0,0,,
Zip Code,73113,Other,10/2023,0,0,,
Zip Code,73113,Other,11/2023,0,0,,
Zip Code,73113,Other,12/2023,0,0,,
Zip Code,73113,Other,01/2024,0,0,,
Zip Code,73113,Other,02/2024,0,0,,
Zip Code,73113,Other,03/2024,0,0,,
Zip Code,73113,Other,04/2024,0,0,,
Zip Code,73113,Other,05/2024,0,0,,
Zip Code,73113,Other,06/2024,0,0,,
Zip Code,73113,Other,07/2024,0,0,,
Zip Code,73113,Other,08/2024,0,0,,
Zip Code,73113,Other,09/2024,0,0,,
Zip Code,73113,Other,10/2024,0,0,,
Zip Code,73113,Other,11/2024,0,0,,
Zip Code,73113,Other,12/2024,0,0,,
Zip Code,73113,Other,01/2025,0,0,,
Zip Code,73113,Other,02/2025,0,0,,
Zip Code,73113,Other,03/2025,0,0,,
Zip Code,73113,Other,04/2025,0,0,,
Zip Code,73113,Other,05/2025,0,0,,
Zip Code,73113,Other,06/2025,0,0,,
Zip Code,73113,Other,07/2025,0,0,,
Zip Code,73113,Other,08/2025,0,0,,
Zip Code,73113,Other,09/2025,0,0,,
Zip Code,73113,Other,10/2025,0,0,,
Zip Code,73113,Other,11/2025,0,0,,
Zip Code,73113,Other,12/2025,0,0,,
Zip Code,73113,Other,01/2026,0,0,,
Zip Code,73113,Other,02/2026,0,0,,
Zip Code,73113,Other,03/2026,0,0,,
Zip Code,73113,Other,04/2026,0,0,,
Zip Code,73113,Other,05/2026,0,0,,
Zip Code,73113,Other,06/2026,0,0,,
Zip Code,73113,Other,07/2026,0,0,,
Zip Code,73113,Other,08/2026,0,0,,2026-08-08
Zip Code,73114,Other,01/2023,0,0,,
Zip Code,73114,Other,02/2023,0,0,,
Zip Code,73114,Other,03/2023,0,0,,
Zip Code,73114,Other,04/2023,0,0,,
Zip Code,73114,Other,05/2023,0,0,,
Zip Code,73114,Other,06/2023,0,0,,
Zip Code,73114,Other,07/2023,0,0,,
Zip Code,73114,Other,08/2023,0,0,,
Zip Code,73114,Other,09/2023,0,0,,
Zip Code,73114,Other,10/2023,0,0,,
Zip Code,73114,Other,11/2023,0,0,,
Zip Code,73114,Other,12/2023,0,0,,
Zip Code,73114,Other,01/2024,0,0,,
Zip Code,73114,Other,02/2024,0,0,,
Zip Code,73114,Other,03/2024,0,0,,
Zip Code,73114,Other,04/2024,0,0,,
Zip Code,73114,Other,05/2024,0,0,,
Zip Code,73114,Other,06/2024,0,0,,
Zip Code,73114,Other,07/2024,0,0,,
Zip Code,73114,Other,08/2024,0,0,,
Zip Code,73114,Other,09/2024,0,0,,
Zip Code,73114,Other,10/2024,0,0,,
Zip Code,73114,Other,11/2024,0,0,,
Zip Code,73114,Other,12/2024,0,0,,
Zip Code,73114,Other,01/2025,87,0,,
Zip Code,73114,Other,02/2025,46,0,,
Zip Code,73114,Other,03/2025,71,0,,
Zip Code,73114,Other,04/2025,74,0,,
Zip Code,73114,Other,05/2025,56,0,,
Zip Code,73114,Other,06/2025,101,0,,
Zip Code,73114,Other,07/2025,87,0,,
Zip Code,73114,Other,08/2025,69,0,,
Zip Code,73114,Other,09/2025,81,0,,
Zip Code,73114,Other,10/2025,64,0,,
Zip Code,73114,Other,11/2025,74,0,,
Zip Code,73114,Other,12/2025,46,0,,
Zip Code,73114,Other,01/2026,70,0,,
Zip Code,73114,Other,02/2026,60,0,,
Zip Code,73114,Other,03/2026,57,0,,
Zip Code,73114,Other,04/2026,52,0,,
Zip Code,73114,Other,05/2026,37,0,,
Zip Code,73114,Other,06/2026,80,0,,
Zip Code,73114,Other,07/2026,52,0,,
Zip Code,73114,Other,08/2026,0,0,,2026-08-08
Zip Code,73115,White,01/2023,0,0,,
Zip Code,73115,White,02/2023,0,0,,
Zip Code,73115,White,03/2023,0,0,,
Zip Code,73115,White,04/2023,0,0,,
Zip Code,73115,White,05/2023,0,0,,
Zip Code,73115,White,06/2023,0,0,,
Zip Code,73115,White,07/2023,0,0,,
Zip Code,73115,White,08/2023,0,0,,
Zip Code,73115,White,09/2023,0,0,,
Zip Code,73115,White,10/2023,0,0,,
Zip Code,73115,White,11/2023,0,0,,
Zip Code,73115,White,12/2023,0,0,,
Zip Code,73115,White,01/2024,0,0,,
Zip Code,73115,White,02/2024,0,0,,
Zip Code,73115,White,03/2024,0,0,,
Zip Code,73115,White,04/2024,0,0,,
Zip Code,73115,White,05/2024,0,0,,
Zip Code,73115,White,06/2024,0,0,,
Zip Code,73115,White,07/2024,0,0,,
Zip Code,73115,White,08/2024,0,0,,
Zip Code,73115,White,09/2024,0,0,,
Zip Code,73115,White,10/2024,0,0,,
Zip Code,73115,White,11/2024,0,0,,
Zip Code,73115,White,12/2024,0,0,,
Zip Code,73115,White,01/2025,40,0,,
Zip Code,73115,White,02/2025,23,0,,
Zip Code,73115,White,03/2025,30,0,,
Zip Code,73115,White,04/2025,40,0,,
Zip Code,73115,White,05/2025,38,0,,
Zip Code,73115,White,06/2025,32,0,,
Zip Code,73115,White,07/2025,44,0,,
Zip Code,73115,White,08/2025,34,0,,
Zip Code,73115,White,09/2025,31,0,,
Zip Code,73115,White,10/2025,34,0,,
Zip Code,73115,White,11/2025,32,0,,
Zip Code,73115,White,12/2025,39,0,,
Zip Code,73115,White,01/2026,37,0,,
Zip Code,73115,White,02/2026,28,0,,
Zip Code,73115,White,03/2026,24,0,,
Zip Code,73115,White,04/2026,34,0,,
Zip Code,73115,White,05/2026,18,0,,
Zip Code,73115,White,06/2026,40,0,,
Zip Code,73115,White,07/2026,38,0,,
Zip Code,73115,White,08/2026,0,0,,2026-08-08
Zip Code,73116,White,01/2023,0,0,,
Zip Code,73116,White,02/2023,0,0,,
Zip Code,73116,White,03/2023,0,0,,
Zip Code,73116,White,04/2023,0,0,,
Zip Code,73116,White,05/2023,0,0,,
Zip Code,73116,White,06/2023,0,0,,
Zip Code,73116,White,07/2023,0,0,,
Zip Code,73116,White,08/2023,0,0,,
Zip Code,73116,White,09/2023,0,0,,
Zip Code,73116,White,10/2023,0,0,,
Zip Code,73116,White,11/2023,0,0,,
Zip Code,73116,White,12/2023,0,0,,
Zip Code,73116,White,01/2024,0,0,,
Zip Code,73116,White,02/2024,0,0,,
Zip Code,73116,White,03/2024,0,0,,
Zip Code,73116,White,04/2024,0,0,,
Zip Code,73116,White,05/2024,0,0,,
Zip Code,73116,White,06/2024,0,0,,
Zip Code,73116,White,07/2024,0,0,,
Zip Code,73116,White,08/2024,0,0,,
Zip Code,73116,White,09/2024,0,0,,
Zip Code,73116,White,10/2024,0,0,,
Zip Code,73116,White,11/2024,0,0,,
Zip Code,73116,White,12/2024,0,0,,
Zip Code,73116,White,01/2025,11,0,,
Zip Code,73116,White,02/2025,11,0,,
Zip Code,73116,White,03/2025,4,0,,
Zip Code,73116,White,04/2025,1,0,,
Zip Code,73116,White,05/2025,9,0,,
Zip Code,73116,White,06/2025,3,0,,
Zip Code,73116,White,07/2025,3,0,,
Zip Code,73116,White,08/2025,9,0,,
Zip Code,73116,White,09/2025,4,0,,
Zip Code,73116,White,10/2025,3,0,,
Zip Code,73116,White,11/2025,4,0,,
Zip Code,73116,White,12/2025,32,0,,
Zip Code,73116,White,01/2026,3,0,,
Zip Code,73116,White,02/2026,8,0,,
Zip Code,73116,White,03/2026,3,0,,
Zip Code,73116,White,04/2026,5,0,,
Zip Code,73116,White,05/2026,2,0,,
Zip Code,73116,White,06/2026,5,0,,
Zip Code,73116,White,07/2026,9,0,,
Zip Code,73116,White,08/2026,0,0,,2026-08-08
Zip Code,73117,Black,01/2023,0,0,,
Zip Code,73117,Black,02/2023,0,0,,
Zip Code,73117,Black,03/2023,0,0,,
Zip Code,73117,Black,04/2023,0,0,,
Zip Code,73117,Black,05/2023,0,0,,
Zip Code,73117,Black,06/2023,0,0,,
Zip Code,73117,Black,07/2023,0,0,,
Zip Code,73117,Black,08/2023,0,0,,
Zip Code,73117,Black,09/2023,0,0,,
Zip Code,73117,Black,10/2023,0,0,,
Zip Code,73117,Black,11/2023,0,0,,
Zip Code,73117,Black,12/2023,0,0,,
Zip Code,73117,Black,01/2024,0,0,,
Zip Code,73117,Black,02/2024,0,0,,
Zip Code,73117,Black,03/2024,0,0,,
Zip Code,73117,Black,04/2024,0,0,,
Zip Code,73117,Black,05/2024,0,0,,
Zip Code,73117,Black,06/2024,0,0,,
Zip Code,73117,Black,07/2024,0,0,,
Zip Code,73117,Black,08/2024,0,0,,
Zip Code,73117,Black,09/2024,0,0,,
Zip Code,73117,Black,10/2024,0,0,,
Zip Code,73117,Black,11/2024,0,0,,
Zip Code,73117,Black,12/2024,0,0,,
Zip Code,73117,Black,01/2025,9,0,,
Zip Code,73117,Black,02/2025,11,0,,
Zip Code,73117,Black,03/2025,13,0,,
Zip Code,73117,Black,04/2025,9,0,,
Zip Code,73117,Black,05/2025,15,0,,
Zip Code,73117,Black,06/2025,10,0,,
Zip Code,73117,Black,07/2025,15,0,,
Zip Code,73117,Black,08/2025,2,0,,
Zip Code,73117,Black,09/2025,16,0,,
Zip Code,73117,Black,10/2025,20,0,,
Zip Code,73117,Black,11/2025,7,0,,
Zip Code,73117,Black,12/2025,14,0,,
Zip Code,73117,Black,01/2026,5,0,,
Zip Code,73117,Black,02/2026,5,0,,
Zip Code,73117,Black,03/2026,24,0,,
Zip Code,73117,Black,04/2026,5,0,,
Zip Code,73117,Black,05/2026,14,0,,
Zip Code,73117,Black,06/2026,15,0,,
Zip Code,73117,Black,07/2026,18,0,,
Zip Code,73117,Black,08/2026,0,0,,2026-08-08
Zip Code,73118,White,01/2023,0,0,,
Zip Code,73118,White,02/2023,0,0,,
Zip Code,73118,White,03/2023,0,0,,
Zip Code,73118,White,04/2023,0,0,,
Zip Code,73118,White,05/2023,0,0,,
Zip Code,73118,White,06/2023,0,0,,
Zip Code,73118,White,07/2023,0,0,,
Zip Code,73118,White,08/2023,0,0,,
Zip Code,73118,White,09/2023,0,0,,
Zip Code,73118,White,10/2023,0,0,,
Zip Code,73118,White,11/2023,0,0,,
Zip Code,73118,White,12/2023,0,0,,
Zip Code,73118,White,01/2024,0,0,,
Zip Code,73118,White,02/2024,0,0,,
Zip Code,73118,White,03/2024,0,0,,
Zip Code,73118,White,04/2024,0,0,,
Zip Code,73118,White,05/2024,0,0,,
Zip Code,73118,White,06/2024,0,0,,
Zip Code,73118,White,07/2024,0,0,,
Zip Code,73118,White,08/2024,0,0,,
Zip Code,73118,White,09/2024,0,0,,
Zip Code,73118,White,10/2024,0,0,,
Zip Code,73118,White,11/2024,0,0,,
Zip Code,73118,White,12/2024,0,0,,
Zip Code,73118,White,01/2025,17,0,,
Zip Code,73118,White,02/2025,7,0,,
Zip Code,73118,White,03/2025,13,0,,
Zip Code,73118,White,04/2025,10,0,,
Zip Code,73118,White,05/2025,18,0,,
Zip Code,73118,White,06/2025,8,0,,
Zip Code,73118,White,07/2025,8,0,,
Zip Code,73118,White,08/2025,14,0,,
Zip Code,73118,White,09/2025,9,0,,
Zip Code,73118,White,10/2025,4,0,,
Zip Code,73118,White,11/2025,8,0,,
Zip Code,73118,White,12/2025,12,0,,
Zip Code,73118,White,01/2026,2,0,,
Zip Code,73118,White,02/2026,10,0,,
Zip Code,73118,White,03/2026,7,0,,
Zip Code,73118,White,04/2026,6,0,,
Zip Code,73118,White,05/2026,8,0,,
Zip Code,73118,White,06/2026,9,0,,
Zip Code,73118,White,07/2026,7,0,,
Zip Code,73118,White,08/2026,0,0,,2026-08-08
Zip Code,73119,Hispanic,01/2023,0,0,,
Zip Code,73119,Hispanic,02/2023,0,0,,
Zip Code,73119,Hispanic,03/2023,0,0,,
Zip Code,73119,Hispanic,04/2023,0,0,,
Zip Code,73119,Hispanic,05/2023,0,0,,
Zip Code,73119,Hispanic,06/2023,0,0,,
Zip Code,73119,Hispanic,07/2023,0,0,,
Zip Code,73119,Hispanic,08/2023,0,0,,
Zip Code,73119,Hispanic,09/2023,0,0,,
Zip Code,73119,Hispanic,10/2023,0,0,,
Zip Code,73119,Hispanic,11/2023,0,0,,
Zip Code,73119,Hispanic,12/2023,0,0,,
Zip Code,73119,Hispanic,01/2024,0,0,,
Zip Code,73119,Hispanic,02/2024,0,0,,
Zip Code,73119,Hispanic,03/2024,0,0,,
Zip Code,73119,Hispanic,04/2024,0,0,,
Zip Code,73119,Hispanic,05/2024,0,0,,
Zip Code,73119,Hispanic,06/2024,0,0,,
Zip Code,73119,Hispanic,07/2024,0,0,,
Zip Code,73119,Hispanic,08/2024,0,0,,
Zip Code,73119,Hispanic,09/2024,0,0,,
Zip Code,73119,Hispanic,10/2024,0,0,,
Zip Code,73119,Hispanic,11/2024,0,0,,
Zip Code,73119,Hispanic,12/2024,0,0,,
Zip Code,73119,Hispanic,01/2025,61,0,,
Zip Code,73119,Hispanic,02/2025,49,0,,
Zip Code,73119,Hispanic,03/2025,38,0,,
Zip Code,73119,Hispanic,04/2025,42,0,,
Zip Code,73119,Hispanic,05/2025,47,0,,
Zip Code,73119,Hispanic,06/2025,40,0,,
Zip Code,73119,Hispanic,07/2025,63,0,,
Zip Code,73119,Hispanic,08/2025,50,0,,
Zip Code,73119,Hispanic,09/2025,46,0,,
Zip Code,73119,Hispanic,10/2025,61,0,,
Zip Code,73119,Hispanic,11/2025,39,0,,
Zip Code,73119,Hispanic,12/2025,41,0,,
Zip Code,73119,Hispanic,01/2026,50,0,,
Zip Code,73119,Hispanic,02/2026,33,0,,
Zip Code,73119,Hispanic,03/2026,32,0,,
Zip Code,73119,Hispanic,04/2026,41,0,,
Zip Code,73119,Hispanic,05/2026,41,0,,
Zip Code,73119,Hispanic,06/2026,43,0,,
Zip Code,73119,Hispanic,07/2026,54,0,,
Zip Code,73119,Hispanic,08/2026,0,0,,2026-08-08
Zip Code,73120,White,01/2023,0,0,,
Zip Code,73120,White,02/2023,0,0,,
Zip Code,73120,White,03/2023,0,0,,
Zip Code,73120,White,04/2023,0,0,,
Zip Code,73120,White,05/2023,0,0,,
Zip Code,73120,White,06/2023,0,0,,
Zip Code,73120,White,07/2023,0,0,,
Zip Code,73120,White,08/2023,0,0,,
Zip Code,73120,White,09/2023,0,0,,
Zip Code,73120,White,10/2023,0,0,,
Zip Code,73120,White,11/2023,0,0,,
Zip Code,73120,White,12/2023,0,0,,
Zip Code,73120,White,01/2024,0,0,,
Zip Code,73120,White,02/2024,0,0,,
Zip Code,73120,White,03/2024,0,0,,
Zip Code,73120,White,04/2024,0,0,,
Zip Code,73120,White,05/2024,0,0,,
Zip Code,73120,White,06/2024,0,0,,
Zip Code,73120,White,07/2024,0,0,,
Zip Code,73120,White,08/2024,0,0,,
Zip Code,73120,White,09/2024,0,0,,
Zip Code,73120,White,10/2024,0,0,,
Zip Code,73120,White,11/2024,0,0,,
Zip Code,73120,White,12/2024,0,0,,
Zip Code,73120,White,01/2025,142,0,,
Zip Code,73120,White,02/2025,100,0,,
Zip Code,73120,White,03/2025,114,0,,
Zip Code,73120,White,04/2025,127,0,,
Zip Code,73120,White,05/2025,150,0,,
Zip Code,73120,White,06/2025,193,0,,
Zip Code,73120,White,07/2025,195,0,,
Zip Code,73120,White,08/2025,174,0,,
Zip Code,73120,White,09/2025,129,0,,
Zip Code,73120,White,10/2025,165,0,,
Zip Code,73120,White,11/2025,101,0,,
Zip Code,73120,White,12/2025,169,0,,
Zip Code,73120,White,01/2026,188,0,,
Zip Code,73120,White,02/2026,168,0,,
Zip Code,73120,White,03/2026,140,0,,
Zip Code,73120,White,04/2026,131,0,,
Zip Code,73120,White,05/2026,163,0,,
Zip Code,73120,White,06/2026,145,0,,
Zip Code,73120,White,07/2026,178,0,,
Zip Code,73120,White,08/2026,0,0,,2026-08-08
Zip Code,73121,Black,01/2023,0,0,,
Zip Code,73121,Black,02/2023,0,0,,
Zip Code,73121,Black,03/2023,0,0,,
Zip Code,73121,Black,04/2023,0,0,,
Zip Code,73121,Black,05/2023,0,0,,
Zip Code,73121,Black,06/2023,0,0,,
Zip Code,73121,Black,07/2023,0,0,,
Zip Code,73121,Black,08/2023,0,0,,
Zip Code,73121,Black,09/2023,0,0,,
Zip Code,73121,Black,10/2023,0,0,,
Zip Code,73121,Black,11/2023,0,0,,
Zip Code,73121,Black,12/2023,0,0,,
Zip Code,73121,Black,01/2024,0,0,,
Zip Code,73121,Black,02/2024,0,0,,
Zip Code,73121,Black,03/2024,0,0,,
Zip Code,73121,Black,04/2024,0,0,,
Zip Code,73121,Black,05/2024,0,0,,
Zip Code,73121,Black,06/2024,0,0,,
Zip Code,73121,Black,07/2024,0,0,,
Zip Code,73121,Black,08/2024,0,0,,
Zip Code,73121,Black,09/2024,0,0,,
Zip Code,73121,Black,10/2024,0,0,,
Zip Code,73121,Black,11/2024,0,0,,
Zip Code,73121,Black,12/2024,0,0,,
Zip Code,73121,Black,01/2025,1,0,,
Zip Code,73121,Black,02/2025,1,0,,
Zip Code,73121,Black,03/2025,3,0,,
Zip Code,73121,Black,04/2025,4,0,,
Zip Code,73121,Black,05/2025,2,0,,
Zip Code,73121,Black,06/2025,2,0,,
Zip Code,73121,Black,07/2025,2,0,,
Zip Code,73121,Black,08/2025,2,0,,
Zip Code,73121,Black,09/2025,0,0,,
Zip Code,73121,Black,10/2025,2,0,,
Zip Code,73121,Black,11/2025,7,0,,
Zip Code,73121,Black,12/2025,1,0,,
Zip Code,73121,Black,01/2026,0,0,,
Zip Code,73121,Black,02/2026,2,0,,
Zip Code,73121,Black,03/2026,3,0,,
Zip Code,73121,Black,04/2026,2,0,,
Zip Code,73121,Black,05/2026,2,0,,
Zip Code,73121,Black,06/2026,4,0,,
Zip Code,73121,Black,07/2026,3,0,,
Zip Code,73121,Black,08/2026,0,0,,2026-08-08
Zip Code,73122,White,01/2023,0,0,,
Zip Code,73122,White,02/2023,0,0,,
Zip Code,73122,White,03/2023,0,0,,
Zip Code,73122,White,04/2023,0,0,,
Zip Code,73122,White,05/2023,0,0,,
Zip Code,73122,White,06/2023,0,0,,
Zip Code,73122,White,07/2023,0,0,,
Zip Code,73122,White,08/2023,0,0,,
Zip Code,73122,White,09/2023,0,0,,
Zip Code,73122,White,10/2023,0,0,,
Zip Code,73122,White,11/2023,0,0,,
Zip Code,73122,White,12/2023,0,0,,
Zip Code,73122,White,01/2024,0,0,,
Zip Code,73122,White,02/2024,0,0,,
Zip Code,73122,White,03/2024,0,0,,
Zip Code,73122,White,04/2024,0,0,,
Zip Code,73122,White,05/2024,0,0,,
Zip Code,73122,White,06/2024,0,0,,
Zip Code,73122,White,07/2024,0,0,,
Zip Code,73122,White,08/2024,0,0,,
Zip Code,73122,White,09/2024,0,0,,
Zip Code,73122,White,10/2024,0,0,,
Zip Code,73122,White,11/2024,0,0,,
Zip Code,73122,White,12/2024,0,0,,
Zip Code,73122,White,01/2025,59,0,,
Zip Code,73122,White,02/2025,29,0,,
Zip Code,73122,White,03/2025,19,0,,
Zip Code,73122,White,04/2025,49,0,,
Zip Code,73122,White,05/2025,31,0,,
Zip Code,73122,White,06/2025,30,0,,
Zip Code,73122,White,07/2025,22,0,,
Zip Code,73122,White,08/2025,66,0,,
Zip Code,73122,White,09/2025,81,0,,
Zip Code,73122,White,10/2025,68,0,,
Zip Code,73122,White,11/2025,62,0,,
Zip Code,73122,White,12/2025,72,0,,
Zip Code,73122,White,01/2026,17,0,,
Zip Code,73122,White,02/2026,54,0,,
Zip Code,73122,White,03/2026,39,0,,
Zip Code,73122,White,04/2026,44,0,,
Zip Code,73122,White,05/2026,37,0,,
Zip Code,73122,White,06/2026,46,0,,
Zip Code,73122,White,07/2026,40,0,,
Zip Code,73122,White,08/2026,0,0,,2026-08-08
Zip Code,73123,Other,01/2023,0,0,,
Zip Code,73123,Other,02/2023,0,0,,
Zip Code,73123,Other,03/2023,0,0,,
Zip Code,73123,Other,04/2023,0,0,,
Zip Code,73123,Other,05/2023,0,0,,
Zip Code,73123,Other,06/2023,0,0,,
Zip Code,73123,Other,07/2023,0,0,,
Zip Code,73123,Other,08/2023,0,0,,
Zip Code,73123,Other,09/2023,0,0,,
Zip Code,73123,Other,10/2023,0,0,,
Zip Code,73123,Other,11/2023,0,0,,
Zip Code,73123,Other,12/2023,0,0,,
Zip Code,73123,Other,01/2024,0,0,,
Zip Code,73123,Other,02/2024,0,0,,
Zip Code,73123,Other,03/2024,0,0,,
Zip Code,73123,Other,04/2024,0,0,,
Zip Code,73123,Other,05/2024,0,0,,
Zip Code,73123,Other,06/2024,0,0,,
Zip Code,73123,Other,07/2024,0,0,,
Zip Code,73123,Other,08/2024,0,0,,
Zip Code,73123,Other,09/2024,0,0,,
Zip Code,73123,Other,10/2024,0,0,,
Zip Code,73123,Other,11/2024,0,0,,
Zip Code,73123,Other,12/2024,0,0,,
Zip Code,73123,Other,01/2025,0,0,,
Zip Code,73123,Other,02/2025,0,0,,
Zip Code,73123,Other,03/2025,0,0,,
Zip Code,73123,Other,04/2025,0,0,,
Zip Code,73123,Other,05/2025,0,0,,
Zip Code,73123,Other,06/2025,0,0,,
Zip Code,73123,Other,07/2025,0,0,,
Zip Code,73123,Other,08/2025,0,0,,
Zip Code,73123,Other,09/2025,0,0,,
Zip Code,73123,Other,10/2025,0,0,,
Zip Code,73123,Other,11/2025,0,0,,
Zip Code,73123,Other,12/2025,0,0,,
Zip Code,73123,Other,01/2026,0,0,,
Zip Code,73123,Other,02/2026,0,0,,
Zip Code,73123,Other,03/2026,0,0,,
Zip Code,73123,Other,04/2026,0,0,,
Zip Code,73123,Other,05/2026,0,0,,
Zip Code,73123,Other,06/2026,0,0,,
Zip Code,73123,Other,07/2026,0,0,,
Zip Code,73123,Other,08/2026,0,0,,2026-08-08
Zip Code,73125,Other,01/2023,0,0,,
Zip Code,73125,Other,02/2023,0,0,,
Zip Code,73125,Other,03/2023,0,0,,
Zip Code,73125,Other,04/2023,0,0,,
Zip Code,73125,Other,05/2023,0,0,,
Zip Code,73125,Other,06/2023,0,0,,
Zip Code,73125,Other,07/2023,0,0,,
Zip Code,73125,Other,08/2023,0,0,,
Zip Code,73125,Other,09/2023,0,0,,
Zip Code,73125,Other,10/2023,0,0,,
Zip Code,73125,Other,11/2023,0,0,,
Zip Code,73125,Other,12/2023,0,0,,
Zip Code,73125,Other,01/2024,0,0,,
Zip Code,73125,Other,02/2024,0,0,,
Zip Code,73125,Other,03/2024,0,0,,
Zip Code,73125,Other,04/2024,0,0,,
Zip Code,73125,Other,05/2024,0,0,,
Zip Code,73125,Other,06/2024,0,0,,
Zip Code,73125,Other,07/2024,0,0,,
Zip Code,73125,Other,08/2024,0,0,,
Zip Code,73125,Other,09/2024,0,0,,
Zip Code,73125,Other,10/2024,0,0,,
Zip Code,73125,Other,11/2024,0,0,,
Zip Code,73125,Other,12/2024,0,0,,
Zip Code,73125,Other,01/2025,0,0,,
Zip Code,73125,Other,02/2025,0,0,,
Zip Code,73125,Other,03/2025,0,0,,
Zip Code,73125,Other,04/2025,0,0,,
Zip Code,73125,Other,05/2025,0,0,,
Zip Code,73125,Other,06/2025,0,0,,
Zip Code,73125,Other,07/2025,0,0,,
Zip Code,73125,Other,08/2025,0,0,,
Zip Code,73125,Other,09/2025,0,0,,
Zip Code,73125,Other,10/2025,0,0,,
Zip Code,73125,Other,11/2025,0,0,,
Zip Code,73125,Other,12/2025,0,0,,
Zip Code,73125,Other,01/2026,0,0,,
Zip Code,73125,Other,02/2026,0,0,,
Zip Code,73125,Other,03/2026,0,0,,
Zip Code,73125,Other,04/2026,0,0,,
Zip Code,73125,Other,05/2026,0,0,,
Zip Code,73125,Other,06/2026,0,0,,
Zip Code,73125,Other,07/2026,0,0,,
Zip Code,73125,Other,08/2026,0,0,,2026-08-08
Zip Code,73127,Other,01/2023,0,0,,
Zip Code,73127,Other,02/2023,0,0,,
Zip Code,73127,Other,03/2023,0,0,,
Zip Code,73127,Other,04/2023,0,0,,
Zip Code,73127,Other,05/2023,0,0,,
Zip Code,73127,Other,06/2023,0,0,,
Zip Code,73127,Other,07/2023,0,0,,
Zip Code,73127,Other,08/2023,0,0,,
Zip Code,73127,Other,09/2023,0,0,,
Zip Code,73127,Other,10/2023,0,0,,
Zip Code,73127,Other,11/2023,0,0,,
Zip Code,73127,Other,12/2023,0,0,,
Zip Code,73127,Other,01/2024,0,0,,
Zip Code,73127,Other,02/2024,0,0,,
Zip Code,73127,Other,03/2024,0,0,,
Zip Code,73127,Other,04/2024,0,0,,
Zip Code,73127,Other,05/2024,0,0,,
Zip Code,73127,Other,06/2024,0,0,,
Zip Code,73127,Other,07/2024,0,0,,
Zip Code,73127,Other,08/2024,0,0,,
Zip Code,73127,Other,09/2024,0,0,,
Zip Code,73127,Other,10/2024,0,0,,
Zip Code,73127,Other,11/2024,0,0,,
Zip Code,73127,Other,12/2024,0,0,,
Zip Code,73127,Other,01/2025,67,0,,
Zip Code,73127,Other,02/2025,50,0,,
Zip Code,73127,Other,03/2025,59,0,,
Zip Code,73127,Other,04/2025,59,0,,
Zip Code,73127,Other,05/2025,60,0,,
Zip Code,73127,Other,06/2025,77,0,,
Zip Code,73127,Other,07/2025,77,0,,
Zip Code,73127,Other,08/2025,79,0,,
Zip Code,73127,Other,09/2025,95,0,,
Zip Code,73127,Other,10/2025,106,0,,
Zip Code,73127,Other,11/2025,82,0,,
Zip Code,73127,Other,12/2025,76,0,,
Zip Code,73127,Other,01/2026,65,0,,
Zip Code,73127,Other,02/2026,76,0,,
Zip Code,73127,Other,03/2026,65,0,,
Zip Code,73127,Other,04/2026,78,0,,
Zip Code,73127,Other,05/2026,82,0,,
Zip Code,73127,Other,06/2026,106,0,,
Zip Code,73127,Other,07/2026,128,0,,
Zip Code,73127,Other,08/2026,0,0,,2026-08-08
Zip Code,73128,White,01/2023,0,0,,
Zip Code,73128,White,02/2023,0,0,,
Zip Code,73128,White,03/2023,0,0,,
Zip Code,73128,White,04/2023,0,0,,
Zip Code,73128,White,05/2023,0,0,,
Zip Code,73128,White,06/2023,0,0,,
Zip Code,73128,White,07/2023,0,0,,
Zip Code,73128,White,08/2023,0,0,,
Zip Code,73128,White,09/2023,0,0,,
Zip Code,73128,White,10/2023,0,0,,
Zip Code,73128,White,11/2023,0,0,,
Zip Code,73128,White,12/2023,0,0,,
Zip Code,73128,White,01/2024,0,0,,
Zip Code,73128,White,02/2024,0,0,,
Zip Code,73128,White,03/2024,0,0,,
Zip Code,73128,White,04/2024,0,0,,
Zip Code,73128,White,05/2024,0,0,,
Zip Code,73128,White,06/2024,0,0,,
Zip Code,73128,White,07/2024,0,0,,
Zip Code,73128,White,08/2024,0,0,,
Zip Code,73128,White,09/2024,0,0,,
Zip Code,73128,White,10/2024,0,0,,
Zip Code,73128,White,11/2024,0,0,,
Zip Code,73128,White,12/2024,0,0,,
Zip Code,73128,White,01/2025,8,0,,
Zip Code,73128,White,02/2025,10,0,,
Zip Code,73128,White,03/2025,4,0,,
Zip Code,73128,White,04/2025,12,0,,
Zip Code,73128,White,05/2025,12,0,,
Zip Code,73128,White,06/2025,6,0,,
Zip Code,73128,White,07/2025,5,0,,
Zip Code,73128,White,08/2025,12,0,,
Zip Code,73128,White,09/2025,24,0,,
Zip Code,73128,White,10/2025,9,0,,
Zip Code,73128,White,11/2025,14,0,,
Zip Code,73128,White,12/2025,13,0,,
Zip Code,73128,White,01/2026,16,0,,
Zip Code,73128,White,02/2026,13,0,,
Zip Code,73128,White,03/2026,14,0,,
Zip Code,73128,White,04/2026,8,0,,
Zip Code,73128,White,05/2026,18,0,,
Zip Code,73128,White,06/2026,16,0,,
Zip Code,73128,White,07/2026,20,0,,
Zip Code,73128,White,08/2026,0,0,,2026-08-08
Zip Code,73129,Hispanic,01/2023,0,0,,
Zip Code,73129,Hispanic,02/2023,0,0,,
Zip Code,73129,Hispanic,03/2023,0,0,,
Zip Code,73129,Hispanic,04/2023,0,0,,
Zip Code,73129,Hispanic,05/2023,0,0,,
Zip Code,73129,Hispanic,06/2023,0,0,,
Zip Code,73129,Hispanic,07/2023,0,0,,
Zip Code,73129,Hispanic,08/2023,0,0,,
Zip Code,73129,Hispanic,09/2023,0,0,,
Zip Code,73129,Hispanic,10/2023,0,0,,
Zip Code,73129,Hispanic,11/2023,0,0,,
Zip Code,73129,Hispanic,12/2023,0,0,,
Zip Code,73129,Hispanic,01/2024,0,0,,
Zip Code,73129,Hispanic,02/2024,0,0,,
Zip Code,73129,Hispanic,03/2024,0,0,,
Zip Code,73129,Hispanic,04/2024,0,0,,
Zip Code,73129,Hispanic,05/2024,0,0,,
Zip Code,73129,Hispanic,06/2024,0,0,,
Zip Code,73129,Hispanic,07/2024,0,0,,
Zip Code,73129,Hispanic,08/2024,0,0,,
Zip Code,73129,Hispanic,09/2024,0,0,,
Zip Code,73129,Hispanic,10/2024,0,0,,
Zip Code,73129,Hispanic,11/2024,0,0,,
Zip Code,73129,Hispanic,12/2024,0,0,,
Zip Code,73129,Hispanic,01/2025,46,0,,
Zip Code,73129,Hispanic,02/2025,28,0,,
Zip Code,73129,Hispanic,03/2025,30,0,,
Zip Code,73129,Hispanic,04/2025,30,0,,
Zip Code,73129,Hispanic,05/2025,37,0,,
Zip Code,73129,Hispanic,06/2025,30,0,,
Zip Code,73129,Hispanic,07/2025,43,0,,
Zip Code,73129,Hispanic,08/2025,41,0,,
Zip Code,73129,Hispanic,09/2025,28,0,,
Zip Code,73129,Hispanic,10/2025,42,0,,
Zip Code,73129,Hispanic,11/2025,20,0,,
Zip Code,73129,Hispanic,12/2025,16,0,,
Zip Code,73129,Hispanic,01/2026,26,0,,
Zip Code,73129,Hispanic,02/2026,27,0,,
Zip Code,73129,Hispanic,03/2026,31,0,,
Zip Code,73129,Hispanic,04/2026,25,0,,
Zip Code,73129,Hispanic,05/2026,39,0,,
Zip Code,73129,Hispanic,06/2026,28,0,,
Zip Code,73129,Hispanic,07/2026,37,0,,
Zip Code,73129,Hispanic,08/2026,0,0,,2026-08-08
Zip Code,73130,White,01/2023,0,0,,
Zip Code,73130,White,02/2023,0,0,,
Zip Code,73130,White,03/2023,0,0,,
Zip Code,73130,White,04/2023,0,0,,
Zip Code,73130,White,05/2023,0,0,,
Zip Code,73130,White,06/2023,0,0,,
Zip Code,73130,White,07/2023,0,0,,
Zip Code,73130,White,08/2023,0,0,,
Zip Code,73130,White,09/2023,0,0,,
Zip Code,73130,White,10/2023,0,0,,
Zip Code,73130,White,11/2023,0,0,,
Zip Code,73130,White,12/2023,0,0,,
Zip Code,73130,White,01/2024,0,0,,
Zip Code,73130,White,02/2024,0,0,,
Zip Code,73130,White,03/2024,0,0,,
Zip Code,73130,White,04/2024,0,0,,
Zip Code,73130,White,05/2024,0,0,,
Zip Code,73130,White,06/2024,0,0,,
Zip Code,73130,White,07/2024,0,0,,
Zip Code,73130,White,08/2024,0,0,,
Zip Code,73130,White,09/2024,0,0,,
Zip Code,73130,White,10/2024,0,0,,
Zip Code,73130,White,11/2024,0,0,,
Zip Code,73130,White,12/2024,0,0,,
Zip Code,73130,White,01/2025,28,0,,
Zip Code,73130,White,02/2025,30,0,,
Zip Code,73130,White,03/2025,26,0,,
Zip Code,73130,White,04/2025,28,0,,
Zip Code,73130,White,05/2025,27,0,,
Zip Code,73130,White,06/2025,33,0,,
Zip Code,73130,White,07/2025,17,0,,
Zip Code,73130,White,08/2025,17,0,,
Zip Code,73130,White,09/2025,27,0,,
Zip Code,73130,White,10/2025,27,0,,
Zip Code,73130,White,11/2025,31,0,,
Zip Code,73130,White,12/2025,26,0,,
Zip Code,73130,White,01/2026,34,0,,
Zip Code,73130,White,02/2026,16,0,,
Zip Code,73130,White,03/2026,22,0,,
Zip Code,73130,White,04/2026,19,0,,
Zip Code,73130,White,05/2026,24,0,,
Zip Code,73130,White,06/2026,29,0,,
Zip Code,73130,White,07/2026,40,0,,
Zip Code,73130,White,08/2026,0,0,,2026-08-08
Zip Code,73131,White,01/2023,0,0,,
Zip Code,73131,White,02/2023,0,0,,
Zip Code,73131,White,03/2023,0,0,,
Zip Code,73131,White,04/2023,0,0,,
Zip Code,73131,White,05/2023,0,0,,
Zip Code,73131,White,06/2023,0,0,,
Zip Code,73131,White,07/2023,0,0,,
Zip Code,73131,White,08/2023,0,0,,
Zip Code,73131,White,09/2023,0,0,,
Zip Code,73131,White,10/2023,0,0,,
Zip Code,73131,White,11/2023,0,0,,
Zip Code,73131,White,12/2023,0,0,,
Zip Code,73131,White,01/2024,0,0,,
Zip Code,73131,White,02/2024,0,0,,
Zip Code,73131,White,03/2024,0,0,,
Zip Code,73131,White,04/2024,0,0,,
Zip Code,73131,White,05/2024,0,0,,
Zip Code,73131,White,06/2024,0,0,,
Zip Code,73131,White,07/2024,0,0,,
Zip Code,73131,White,08/2024,0,0,,
Zip Code,73131,White,09/2024,0,0,,
Zip Code,73131,White,10/2024,0,0,,
Zip Code,73131,White,11/2024,0,0,,
Zip Code,73131,White,12/2024,0,0,,
Zip Code,73131,White,01/2025,1,0,,
Zip Code,73131,White,02/2025,0,0,,
Zip Code,73131,White,03/2025,2,0,,
Zip Code,73131,White,04/2025,1,0,,
Zip Code,73131,White,05/2025,2,0,,
Zip Code,73131,White,06/2025,1,0,,
Zip Code,73131,White,07/2025,2,0,,
Zip Code,73131,White,08/2025,1,0,,
Zip Code,73131,White,09/2025,2,0,,
Zip Code,73131,White,10/2025,1,0,,
Zip Code,73131,White,11/2025,3,0,,
Zip Code,73131,White,12/2025,1,0,,
Zip Code,73131,White,01/2026,0,0,,
Zip Code,73131,White,02/2026,1,0,,
Zip Code,73131,White,03/2026,0,0,,
Zip Code,73131,White,04/2026,2,0,,
Zip Code,73131,White,05/2026,1,0,,
Zip Code,73131,White,06/2026,0,0,,
Zip Code,73131,White,07/2026,1,0,,
Zip Code,73131,White,08/2026,0,0,,2026-08-08
Zip Code,73132,White,01/2023,0,0,,
Zip Code,73132,White,02/2023,0,0,,
Zip Code,73132,White,03/2023,0,0,,
Zip Code,73132,White,04/2023,0,0,,
Zip Code,73132,White,05/2023,0,0,,
Zip Code,73132,White,06/2023,0,0,,
Zip Code,73132,White,07/2023,0,0,,
Zip Code,73132,White,08/2023,0,0,,
Zip Code,73132,White,09/2023,0,0,,
Zip Code,73132,White,10/2023,0,0,,
Zip Code,73132,White,11/2023,0,0,,
Zip Code,73132,White,12/2023,0,0,,
Zip Code,73132,White,01/2024,0,0,,
Zip Code,73132,White,02/2024,0,0,,
Zip Code,73132,White,03/2024,0,0,,
Zip Code,73132,White,04/2024,0,0,,
Zip Code,73132,White,05/2024,0,0,,
Zip Code,73132,White,06/2024,0,0,,
Zip Code,73132,White,07/2024,0,0,,
Zip Code,73132,White,08/2024,0,0,,
Zip Code,73132,White,09/2024,0,0,,
Zip Code,73132,White,10/2024,0,0,,
Zip Code,73132,White,11/2024,0,0,,
Zip Code,73132,White,12/2024,0,0,,
Zip Code,73132,White,01/2025,96,0,,
Zip Code,73132,White,02/2025,48,0,,
Zip Code,73132,White,03/2025,82,0,,
Zip Code,73132,White,04/2025,87,0,,
Zip Code,73132,White,05/2025,66,0,,
Zip Code,73132,White,06/2025,109,0,,
Zip Code,73132,White,07/2025,105,0,,
Zip Code,73132,White,08/2025,113,0,,
Zip Code,73132,White,09/2025,89,0,,
Zip Code,73132,White,10/2025,149,0,,
Zip Code,73132,White,11/2025,65,0,,
Zip Code,73132,White,12/2025,113,0,,
Zip Code,73132,White,01/2026,109,0,,
Zip Code,73132,White,02/2026,79,0,,
Zip Code,73132,White,03/2026,82,0,,
Zip Code,73132,White,04/2026,104,0,,
Zip Code,73132,White,05/2026,112,0,,
Zip Code,73132,White,06/2026,129,0,,
Zip Code,73132,White,07/2026,132,0,,
Zip Code,73132,White,08/2026,0,0,,2026-08-08
Zip Code,73134,White,01/2023,0,0,,
Zip Code,73134,White,02/2023,0,0,,
Zip Code,73134,White,03/2023,0,0,,
Zip Code,73134,White,04/2023,0,0,,
Zip Code,73134,White,05/2023,0,0,,
Zip Code,73134,White,06/2023,0,0,,
Zip Code,73134,White,07/2023,0,0,,
Zip Code,73134,White,08/2023,0,0,,
Zip Code,73134,White,09/2023,0,0,,
Zip Code,73134,White,10/2023,0,0,,
Zip Code,73134,White,11/2023,0,0,,
Zip Code,73134,White,12/2023,0,0,,
Zip Code,73134,White,01/2024,0,0,,
Zip Code,73134,White,02/2024,0,0,,
Zip Code,73134,White,03/2024,0,0,,
Zip Code,73134,White,04/2024,0,0,,
Zip Code,73134,White,05/2024,0,0,,
Zip Code,73134,White,06/2024,0,0,,
Zip Code,73134,White,07/2024,0,0,,
Zip Code,73134,White,08/2024,0,0,,
Zip Code,73134,White,09/2024,0,0,,
Zip Code,73134,White,10/2024,0,0,,
Zip Code,73134,White,11/2024,0,0,,
Zip Code,73134,White,12/2024,0,0,,
Zip Code,73134,White,01/2025,54,0,,
Zip Code,73134,White,02/2025,45,0,,
Zip Code,73134,White,03/2025,47,0,,
Zip Code,73134,White,04/2025,48,0,,
Zip Code,73134,White,05/2025,55,0,,
Zip Code,73134,White,06/2025,59,0,,
Zip Code,73134,White,07/2025,45,0,,
Zip Code,73134,White,08/2025,62,0,,
Zip Code,73134,White,09/2025,60,0,,
Zip Code,73134,White,10/2025,58,0,,
Zip Code,73134,White,11/2025,64,0,,
Zip Code,73134,White,12/2025,56,0,,
Zip Code,73134,White,01/2026,59,0,,
Zip Code,73134,White,02/2026,58,0,,
Zip Code,73134,White,03/2026,36,0,,
Zip Code,73134,White,04/2026,37,0,,
Zip Code,73134,White,05/2026,52,0,,
Zip Code,73134,White,06/2026,64,0,,
Zip Code,73134,White,07/2026,46,0,,
Zip Code,73134,White,08/2026,0,0,,2026-08-08
Zip Code,73135,Other,01/2023,0,0,,
Zip Code,73135,Other,02/2023,0,0,,
Zip Code,73135,Other,03/2023,0,0,,
Zip Code,73135,Other,04/2023,0,0,,
Zip Code,73135,Other,05/2023,0,0,,
Zip Code,73135,Other,06/2023,0,0,,
Zip Code,73135,Other,07/2023,0,0,,
Zip Code,73135,Other,08/2023,0,0,,
Zip Code,73135,Other,09/2023,0,0,,
Zip Code,73135,Other,10/2023,0,0,,
Zip Code,73135,Other,11/2023,0,0,,
Zip Code,73135,Other,12/2023,0,0,,
Zip Code,73135,Other,01/2024,0,0,,
Zip Code,73135,Other,02/2024,0,0,,
Zip Code,73135,Other,03/2024,0,0,,
Zip Code,73135,Other,04/2024,0,0,,
Zip Code,73135,Other,05/2024,0,0,,
Zip Code,73135,Other,06/2024,0,0,,
Zip Code,73135,Other,07/2024,0,0,,
Zip Code,73135,Other,08/2024,0,0,,
Zip Code,73135,Other,09/2024,0,0,,
Zip Code,73135,Other,10/2024,0,0,,
Zip Code,73135,Other,11/2024,0,0,,
Zip Code,73135,Other,12/2024,0,0,,
Zip Code,73135,Other,01/2025,76,0,,
Zip Code,73135,Other,02/2025,40,0,,
Zip Code,73135,Other,03/2025,54,0,,
Zip Code,73135,Other,04/2025,53,0,,
Zip Code,73135,Other,05/2025,76,0,,
Zip Code,73135,Other,06/2025,93,0,,
Zip Code,73135,Other,07/2025,94,0,,
Zip Code,73135,Other,08/2025,70,0,,
Zip Code,73135,Other,09/2025,59,0,,
Zip Code,73135,Other,10/2025,54,0,,
Zip Code,73135,Other,11/2025,63,0,,
Zip Code,73135,Other,12/2025,60,0,,
Zip Code,73135,Other,01/2026,79,0,,
Zip Code,73135,Other,02/2026,77,0,,
Zip Code,73135,Other,03/2026,62,0,,
Zip Code,73135,Other,04/2026,51,0,,
Zip Code,73135,Other,05/2026,134,0,,
Zip Code,73135,Other,06/2026,87,0,,
Zip Code,73135,Other,07/2026,78,0,,
Zip Code,73135,Other,08/2026,0,0,,2026-08-08
Zip Code,73136,Other,01/2023,0,0,,
Zip Code,73136,Other,02/2023,0,0,,
Zip Code,73136,Other,03/2023,0,0,,
Zip Code,73136,Other,04/2023,0,0,,
Zip Code,73136,Other,05/2023,0,0,,
Zip Code,73136,Other,06/2023,0,0,,
Zip Code,73136,Other,07/2023,0,0,,
Zip Code,73136,Other,08/2023,0,0,,
Zip Code,73136,Other,09/2023,0,0,,
Zip Code,73136,Other,10/2023,0,0,,
Zip Code,73136,Other,11/2023,0,0,,
Zip Code,73136,Other,12/2023,0,0,,
Zip Code,73136,Other,01/2024,0,0,,
Zip Code,73136,Other,02/2024,0,0,,
Zip Code,73136,Other,03/2024,0,0,,
Zip Code,73136,Other,04/2024,0,0,,
Zip Code,73136,Other,05/2024,0,0,,
Zip Code,73136,Other,06/2024,0,0,,
Zip Code,73136,Other,07/2024,0,0,,
Zip Code,73136,Other,08/2024,0,0,,
Zip Code,73136,Other,09/2024,0,0,,
Zip Code,73136,Other,10/2024,0,0,,
Zip Code,73136,Other,11/2024,0,0,,
Zip Code,73136,Other,12/2024,0,0,,
Zip Code,73136,Other,01/2025,0,0,,
Zip Code,73136,Other,02/2025,0,0,,
Zip Code,73136,Other,03/2025,0,0,,
Zip Code,73136,Other,04/2025,0,0,,
Zip Code,73136,Other,05/2025,0,0,,
Zip Code,73136,Other,06/2025,0,0,,
Zip Code,73136,Other,07/2025,0,0,,
Zip Code,73136,Other,08/2025,0,0,,
Zip Code,73136,Other,09/2025,0,0,,
Zip Code,73136,Other,10/2025,0,0,,
Zip Code,73136,Other,11/2025,0,0,,
Zip Code,73136,Other,12/2025,0,0,,
Zip Code,73136,Other,01/2026,0,0,,
Zip Code,73136,Other,02/2026,0,0,,
Zip Code,73136,Other,03/2026,0,0,,
Zip Code,73136,Other,04/2026,0,0,,
Zip Code,73136,Other,05/2026,0,0,,
Zip Code,73136,Other,06/2026,0,0,,
Zip Code,73136,Other,07/2026,0,0,,
Zip Code,73136,Other,08/2026,0,0,,2026-08-08
Zip Code,73137,Other,01/2023,0,0,,
Zip Code,73137,Other,02/2023,0,0,,
Zip Code,73137,Other,03/2023,0,0,,
Zip Code,73137,Other,04/2023,0,0,,
Zip Code,73137,Other,05/2023,0,0,,
Zip Code,73137,Other,06/2023,0,0,,
Zip Code,73137,Other,07/2023,0,0,,
Zip Code,73137,Other,08/2023,0,0,,
Zip Code,73137,Other,09/2023,0,0,,
Zip Code,73137,Other,10/2023,0,0,,
Zip Code,73137,Other,11/2023,0,0,,
Zip Code,73137,Other,12/2023,0,0,,
Zip Code,73137,Other,01/2024,0,0,,
Zip Code,73137,Other,02/2024,0,0,,
Zip Code,73137,Other,03/2024,0,0,,
Zip Code,73137,Other,04/2024,0,0,,
Zip Code,73137,Other,05/2024,0,0,,
Zip Code,73137,Other,06/2024,0,0,,
Zip Code,73137,Other,07/2024,0,0,,
Zip Code,73137,Other,08/2024,0,0,,
Zip Code,73137,Other,09/2024,0,0,,
Zip Code,73137,Other,10/2024,0,0,,
Zip Code,73137,Other,11/2024,0,0,,
Zip Code,73137,Other,12/2024,0,0,,
Zip Code,73137,Other,01/2025,0,0,,
Zip Code,73137,Other,02/2025,0,0,,
Zip Code,73137,Other,03/2025,0,0,,
Zip Code,73137,Other,04/2025,0,0,,
Zip Code,73137,Other,05/2025,0,0,,
Zip Code,73137,Other,06/2025,0,0,,
Zip Code,73137,Other,07/2025,0,0,,
Zip Code,73137,Other,08/2025,0,0,,
Zip Code,73137,Other,09/2025,0,0,,
Zip Code,73137,Other,10/2025,0,0,,
Zip Code,73137,Other,11/2025,0,0,,
Zip Code,73137,Other,12/2025,0,0,,
Zip Code,73137,Other,01/2026,0,0,,
Zip Code,73137,Other,02/2026,0,0,,
Zip Code,73137,Other,03/2026,0,0,,
Zip Code,73137,Other,04/2026,0,0,,
Zip Code,73137,Other,05/2026,0,0,,
Zip Code,73137,Other,06/2026,0,0,,
Zip Code,73137,Other,07/2026,0,0,,
Zip Code,73137,Other,08/2026,0,0,,2026-08-08
Zip Code,73139,White,01/2023,0,0,,
Zip Code,73139,White,02/2023,0,0,,
Zip Code,73139,White,03/2023,0,0,,
Zip Code,73139,White,04/2023,0,0,,
Zip Code,73139,White,05/2023,0,0,,
Zip Code,73139,White,06/2023,0,0,,
Zip Code,73139,White,07/2023,0,0,,
Zip Code,73139,White,08/2023,0,0,,
Zip Code,73139,White,09/2023,0,0,,
Zip Code,73139,White,10/2023,0,0,,
Zip Code,73139,White,11/2023,0,0,,
Zip Code,73139,White,12/2023,0,0,,
Zip Code,73139,White,01/2024,0,0,,
Zip Code,73139,White,02/2024,0,0,,
Zip Code,73139,White,03/2024,0,0,,
Zip Code,73139,White,04/2024,0,0,,
Zip Code,73139,White,05/2024,0,0,,
Zip Code,73139,White,06/2024,0,0,,
Zip Code,73139,White,07/2024,0,0,,
Zip Code,73139,White,08/2024,0,0,,
Zip Code,73139,White,09/2024,0,0,,
Zip Code,73139,White,10/2024,0,0,,
Zip Code,73139,White,11/2024,0,0,,
Zip Code,73139,White,12/2024,0,0,,
Zip Code,73139,White,01/2025,70,0,,
Zip Code,73139,White,02/2025,50,0,,
Zip Code,73139,White,03/2025,36,0,,
Zip Code,73139,White,04/2025,48,0,,
Zip Code,73139,White,05/2025,46,0,,
Zip Code,73139,White,06/2025,51,0,,
Zip Code,73139,White,07/2025,49,0,,
Zip Code,73139,White,08/2025,44,0,,
Zip Code,73139,White,09/2025,43,0,,
Zip Code,73139,White,10/2025,57,0,,
Zip Code,73139,White,11/2025,50,0,,
Zip Code,73139,White,12/2025,38,0,,
Zip Code,73139,White,01/2026,35,0,,
Zip Code,73139,White,02/2026,39,0,,
Zip Code,73139,White,03/2026,30,0,,
Zip Code,73139,White,04/2026,55,0,,
Zip Code,73139,White,05/2026,60,0,,
Zip Code,73139,White,06/2026,35,0,,
Zip Code,73139,White,07/2026,37,0,,
Zip Code,73139,White,08/2026,0,0,,2026-08-08
Zip Code,73140,Other,01/2023,0,0,,
Zip Code,73140,Other,02/2023,0,0,,
Zip Code,73140,Other,03/2023,0,0,,
Zip Code,73140,Other,04/2023,0,0,,
Zip Code,73140,Other,05/2023,0,0,,
Zip Code,73140,Other,06/2023,0,0,,
Zip Code,73140,Other,07/2023,0,0,,
Zip Code,73140,Other,08/2023,0,0,,
Zip Code,73140,Other,09/2023,0,0,,
Zip Code,73140,Other,10/2023,0,0,,
Zip Code,73140,Other,11/2023,0,0,,
Zip Code,73140,Other,12/2023,0,0,,
Zip Code,73140,Other,01/2024,0,0,,
Zip Code,73140,Other,02/2024,0,0,,
Zip Code,73140,Other,03/2024,0,0,,
Zip Code,73140,Other,04/2024,0,0,,
Zip Code,73140,Other,05/2024,0,0,,
Zip Code,73140,Other,06/2024,0,0,,
Zip Code,73140,Other,07/2024,0,0,,
Zip Code,73140,Other,08/2024,0,0,,
Zip Code,73140,Other,09/2024,0,0,,
Zip Code,73140,Other,10/2024,0,0,,
Zip Code,73140,Other,11/2024,0,0,,
Zip Code,73140,Other,12/2024,0,0,,
Zip Code,73140,Other,01/2025,0,0,,
Zip Code,73140,Other,02/2025,0,0,,
Zip Code,73140,Other,03/2025,0,0,,
Zip Code,73140,Other,04/2025,0,0,,
Zip Code,73140,Other,05/2025,0,0,,
Zip Code,73140,Other,06/2025,0,0,,
Zip Code,73140,Other,07/2025,0,0,,
Zip Code,73140,Other,08/2025,0,0,,
Zip Code,73140,Other,09/2025,0,0,,
Zip Code,73140,Other,10/2025,0,0,,
Zip Code,73140,Other,11/2025,0,0,,
Zip Code,73140,Other,12/2025,0,0,,
Zip Code,73140,Other,01/2026,0,0,,
Zip Code,73140,Other,02/2026,0,0,,
Zip Code,73140,Other,03/2026,0,0,,
Zip Code,73140,Other,04/2026,0,0,,
Zip Code,73140,Other,05/2026,0,0,,
Zip Code,73140,Other,06/2026,0,0,,
Zip Code,73140,Other,07/2026,0,0,,
Zip Code,73140,Other,08/2026,0,0,,2026-08-08
Zip Code,73141,White,01/2023,0,0,,
Zip Code,73141,White,02/2023,0,0,,
Zip Code,73141,White,03/2023,0,0,,
Zip Code,73141,White,04/2023,0,0,,
Zip Code,73141,White,05/2023,0,0,,
Zip Code,73141,White,06/2023,0,0,,
Zip Code,73141,White,07/2023,0,0,,
Zip Code,73141,White,08/2023,0,0,,
Zip Code,73141,White,09/2023,0,0,,
Zip Code,73141,White,10/2023,0,0,,
Zip Code,73141,White,11/2023,0,0,,
Zip Code,73141,White,12/2023,0,0,,
Zip Code,73141,White,01/2024,0,0,,
Zip Code,73141,White,02/2024,0,0,,
Zip Code,73141,White,03/2024,0,0,,
Zip Code,73141,White,04/2024,0,0,,
Zip Code,73141,White,05/2024,0,0,,
Zip Code,73141,White,06/2024,0,0,,
Zip Code,73141,White,07/2024,0,0,,
Zip Code,73141,White,08/2024,0,0,,
Zip Code,73141,White,09/2024,0,0,,
Zip Code,73141,White,10/2024,0,0,,
Zip Code,73141,White,11/2024,0,0,,
Zip Code,73141,White,12/2024,0,0,,
Zip Code,73141,White,01/2025,5,0,,
Zip Code,73141,White,02/2025,3,0,,
Zip Code,73141,White,03/2025,4,0,,
Zip Code,73141,White,04/2025,5,0,,
Zip Code,73141,White,05/2025,8,0,,
Zip Code,73141,White,06/2025,9,0,,
Zip Code,73141,White,07/2025,6,0,,
Zip Code,73141,White,08/2025,6,0,,
Zip Code,73141,White,09/2025,4,0,,
Zip Code,73141,White,10/2025,3,0,,
Zip Code,73141,White,11/2025,4,0,,
Zip Code,73141,White,12/2025,7,0,,
Zip Code,73141,White,01/2026,4,0,,
Zip Code,73141,White,02/2026,2,0,,
Zip Code,73141,White,03/2026,2,0,,
Zip Code,73141,White,04/2026,1,0,,
Zip Code,73141,White,05/2026,3,0,,
Zip Code,73141,White,06/2026,5,0,,
Zip Code,73141,White,07/2026,4,0,,
Zip Code,73141,White,08/2026,0,0,,2026-08-08
Zip Code,73142,White,01/2023,0,0,,
Zip Code,73142,White,02/2023,0,0,,
Zip Code,73142,White,03/2023,0,0,,
Zip Code,73142,White,04/2023,0,0,,
Zip Code,73142,White,05/2023,0,0,,
Zip Code,73142,White,06/2023,0,0,,
Zip Code,73142,White,07/2023,0,0,,
Zip Code,73142,White,08/2023,0,0,,
Zip Code,73142,White,09/2023,0,0,,
Zip Code,73142,White,10/2023,0,0,,
Zip Code,73142,White,11/2023,0,0,,
Zip Code,73142,White,12/2023,0,0,,
Zip Code,73142,White,01/2024,0,0,,
Zip Code,73142,White,02/2024,0,0,,
Zip Code,73142,White,03/2024,0,0,,
Zip Code,73142,White,04/2024,0,0,,
Zip Code,73142,White,05/2024,0,0,,
Zip Code,73142,White,06/2024,0,0,,
Zip Code,73142,White,07/2024,0,0,,
Zip Code,73142,White,08/2024,0,0,,
Zip Code,73142,White,09/2024,0,0,,
Zip Code,73142,White,10/2024,0,0,,
Zip Code,73142,White,11/2024,0,0,,
Zip Code,73142,White,12/2024,0,0,,
Zip Code,73142,White,01/2025,79,0,,
Zip Code,73142,White,02/2025,56,0,,
Zip Code,73142,White,03/2025,64,0,,
Zip Code,73142,White,04/2025,66,0,,
Zip Code,73142,White,05/2025,63,0,,
Zip Code,73142,White,06/2025,80,0,,
Zip Code,73142,White,07/2025,54,0,,
Zip Code,73142,White,08/2025,43,0,,
Zip Code,73142,White,09/2025,35,0,,
Zip Code,73142,White,10/2025,32,0,,
Zip Code,73142,White,11/2025,31,0,,
Zip Code,73142,White,12/2025,33,0,,
Zip Code,73142,White,01/2026,26,0,,
Zip Code,73142,White,02/2026,30,0,,
Zip Code,73142,White,03/2026,28,0,,
Zip Code,73142,White,04/2026,30,0,,
Zip Code,73142,White,05/2026,28,0,,
Zip Code,73142,White,06/2026,29,0,,
Zip Code,73142,White,07/2026,26,0,,
Zip Code,73142,White,08/2026,0,0,,2026-08-08
Zip Code,73143,Other,01/2023,0,0,,
Zip Code,73143,Other,02/2023,0,0,,
Zip Code,73143,Other,03/2023,0,0,,
Zip Code,73143,Other,04/2023,0,0,,
Zip Code,73143,Other,05/2023,0,0,,
Zip Code,73143,Other,06/2023,0,0,,
Zip Code,73143,Other,07/2023,0,0,,
Zip Code,73143,Other,08/2023,0,0,,
Zip Code,73143,Other,09/2023,0,0,,
Zip Code,73143,Other,10/2023,0,0,,
Zip Code,73143,Other,11/2023,0,0,,
Zip Code,73143,Other,12/2023,0,0,,
Zip Code,73143,Other,01/2024,0,0,,
Zip Code,73143,Other,02/2024,0,0,,
Zip Code,73143,Other,03/2024,0,0,,
Zip Code,73143,Other,04/2024,0,0,,
Zip Code,73143,Other,05/2024,0,0,,
Zip Code,73143,Other,06/2024,0,0,,
Zip Code,73143,Other,07/2024,0,0,,
Zip Code,73143,Other,08/2024,0,0,,
Zip Code,73143,Other,09/2024,0,0,,
Zip Code,73143,Other,10/2024,0,0,,
Zip Code,73143,Other,11/2024,0,0,,
Zip Code,73143,Other,12/2024,0,0,,
Zip Code,73143,Other,01/2025,0,0,,
Zip Code,73143,Other,02/2025,0,0,,
Zip Code,73143,Other,03/2025,0,0,,
Zip Code,73143,Other,04/2025,0,0,,
Zip Code,73143,Other,05/2025,0,0,,
Zip Code,73143,Other,06/2025,0,0,,
Zip Code,73143,Other,07/2025,0,0,,
Zip Code,73143,Other,08/2025,0,0,,
Zip Code,73143,Other,09/2025,0,0,,
Zip Code,73143,Other,10/2025,0,0,,
Zip Code,73143,Other,11/2025,0,0,,
Zip Code,73143,Other,12/2025,0,0,,
Zip Code,73143,Other,01/2026,0,0,,
Zip Code,73143,Other,02/2026,0,0,,
Zip Code,73143,Other,03/2026,0,0,,
Zip Code,73143,Other,04/2026,0,0,,
Zip Code,73143,Other,05/2026,0,0,,
Zip Code,73143,Other,06/2026,0,0,,
Zip Code,73143,Other,07/2026,0,0,,
Zip Code,73143,Other,08/2026,0,0,,2026-08-08
Zip Code,73144,Other,01/2023,0,0,,
Zip Code,73144,Other,02/2023,0,0,,
Zip Code,73144,Other,03/2023,0,0,,
Zip Code,73144,Other,04/2023,0,0,,
Zip Code,73144,Other,05/2023,0,0,,
Zip Code,73144,Other,06/2023,0,0,,
Zip Code,73144,Other,07/2023,0,0,,
Zip Code,73144,Other,08/2023,0,0,,
Zip Code,73144,Other,09/2023,0,0,,
Zip Code,73144,Other,10/2023,0,0,,
Zip Code,73144,Other,11/2023,0,0,,
Zip Code,73144,Other,12/2023,0,0,,
Zip Code,73144,Other,01/2024,0,0,,
Zip Code,73144,Other,02/2024,0,0,,
Zip Code,73144,Other,03/2024,0,0,,
Zip Code,73144,Other,04/2024,0,0,,
Zip Code,73144,Other,05/2024,0,0,,
Zip Code,73144,Other,06/2024,0,0,,
Zip Code,73144,Other,07/2024,0,0,,
Zip Code,73144,Other,08/2024,0,0,,
Zip Code,73144,Other,09/2024,0,0,,
Zip Code,73144,Other,10/2024,0,0,,
Zip Code,73144,Other,11/2024,0,0,,
Zip Code,73144,Other,12/2024,0,0,,
Zip Code,73144,Other,01/2025,0,0,,
Zip Code,73144,Other,02/2025,0,0,,
Zip Code,73144,Other,03/2025,0,0,,
Zip Code,73144,Other,04/2025,0,0,,
Zip Code,73144,Other,05/2025,0,0,,
Zip Code,73144,Other,06/2025,0,0,,
Zip Code,73144,Other,07/2025,0,0,,
Zip Code,73144,Other,08/2025,0,0,,
Zip Code,73144,Other,09/2025,0,0,,
Zip Code,73144,Other,10/2025,0,0,,
Zip Code,73144,Other,11/2025,0,0,,
Zip Code,73144,Other,12/2025,0,0,,
Zip Code,73144,Other,01/2026,0,0,,
Zip Code,73144,Other,02/2026,0,0,,
Zip Code,73144,Other,03/2026,0,0,,
Zip Code,73144,Other,04/2026,0,0,,
Zip Code,73144,Other,05/2026,0,0,,
Zip Code,73144,Other,06/2026,0,0,,
Zip Code,73144,Other,07/2026,0,0,,
Zip Code,73144,Other,08/2026,0,0,,2026-08-08
Zip Code,73145,White,01/2023,0,0,,
Zip Code,73145,White,02/2023,0,0,,
Zip Code,73145,White,03/2023,0,0,,
Zip Code,73145,White,04/2023,0,0,,
Zip Code,73145,White,05/2023,0,0,,
Zip Code,73145,White,06/2023,0,0,,
Zip Code,73145,White,07/2023,0,0,,
Zip Code,73145,White,08/2023,0,0,,
Zip Code,73145,White,09/2023,0,0,,
Zip Code,73145,White,10/2023,0,0,,
Zip Code,73145,White,11/2023,0,0,,
Zip Code,73145,White,12/2023,0,0,,
Zip Code,73145,White,01/2024,0,0,,
Zip Code,73145,White,02/2024,0,0,,
Zip Code,73145,White,03/2024,0,0,,
Zip Code,73145,White,04/2024,0,0,,
Zip Code,73145,White,05/2024,0,0,,
Zip Code,73145,White,06/2024,0,0,,
Zip Code,73145,White,07/2024,0,0,,
Zip Code,73145,White,08/2024,0,0,,
Zip Code,73145,White,09/2024,0,0,,
Zip Code,73145,White,10/2024,0,0,,
Zip Code,73145,White,11/2024,0,0,,
Zip Code,73145,White,12/2024,0,0,,
Zip Code,73145,White,01/2025,0,0,,
Zip Code,73145,White,02/2025,0,0,,
Zip Code,73145,White,03/2025,0,0,,
Zip Code,73145,White,04/2025,0,0,,
Zip Code,73145,White,05/2025,0,0,,
Zip Code,73145,White,06/2025,0,0,,
Zip Code,73145,White,07/2025,1,0,,
Zip Code,73145,White,08/2025,0,0,,
Zip Code,73145,White,09/2025,0,0,,
Zip Code,73145,White,10/2025,0,0,,
Zip Code,73145,White,11/2025,0,0,,
Zip Code,73145,White,12/2025,0,0,,
Zip Code,73145,White,01/2026,0,0,,
Zip Code,73145,White,02/2026,0,0,,
Zip Code,73145,White,03/2026,0,0,,
Zip Code,73145,White,04/2026,0,0,,
Zip Code,73145,White,05/2026,0,0,,
Zip Code,73145,White,06/2026,0,0,,
Zip Code,73145,White,07/2026,0,0,,
Zip Code,73145,White,08/2026,0,0,,2026-08-08
Zip Code,73146,Other,01/2023,0,0,,
Zip Code,73146,Other,02/2023,0,0,,
Zip Code,73146,Other,03/2023,0,0,,
Zip Code,73146,Other,04/2023,0,0,,
Zip Code,73146,Other,05/2023,0,0,,
Zip Code,73146,Other,06/2023,0,0,,
Zip Code,73146,Other,07/2023,0,0,,
Zip Code,73146,Other,08/2023,0,0,,
Zip Code,73146,Other,09/2023,0,0,,
Zip Code,73146,Other,10/2023,0,0,,
Zip Code,73146,Other,11/2023,0,0,,
Zip Code,73146,Other,12/2023,0,0,,
Zip Code,73146,Other,01/2024,0,0,,
Zip Code,73146,Other,02/2024,0,0,,
Zip Code,73146,Other,03/2024,0,0,,
Zip Code,73146,Other,04/2024,0,0,,
Zip Code,73146,Other,05/2024,0,0,,
Zip Code,73146,Other,06/2024,0,0,,
Zip Code,73146,Other,07/2024,0,0,,
Zip Code,73146,Other,08/2024,0,0,,
Zip Code,73146,Other,09/2024,0,0,,
Zip Code,73146,Other,10/2024,0,0,,
Zip Code,73146,Other,11/2024,0,0,,
Zip Code,73146,Other,12/2024,0,0,,
Zip Code,73146,Other,01/2025,0,0,,
Zip Code,73146,Other,02/2025,0,0,,
Zip Code,73146,Other,03/2025,0,0,,
Zip Code,73146,Other,04/2025,0,0,,
Zip Code,73146,Other,05/2025,0,0,,
Zip Code,73146,Other,06/2025,0,0,,
Zip Code,73146,Other,07/2025,0,0,,
Zip Code,73146,Other,08/2025,0,0,,
Zip Code,73146,Other,09/2025,0,0,,
Zip Code,73146,Other,10/2025,0,0,,
Zip Code,73146,Other,11/2025,0,0,,
Zip Code,73146,Other,12/2025,0,0,,
Zip Code,73146,Other,01/2026,0,0,,
Zip Code,73146,Other,02/2026,0,0,,
Zip Code,73146,Other,03/2026,0,0,,
Zip Code,73146,Other,04/2026,0,0,,
Zip Code,73146,Other,05/2026,0,0,,
Zip Code,73146,Other,06/2026,0,0,,
Zip Code,73146,Other,07/2026,0,0,,
Zip Code,73146,Other,08/2026,0,0,,2026-08-08
Zip Code,73147,Other,01/2023,0,0,,
Zip Code,73147,Other,02/2023,0,0,,
Zip Code,73147,Other,03/2023,0,0,,
Zip Code,73147,Other,04/2023,0,0,,
Zip Code,73147,Other,05/2023,0,0,,
Zip Code,73147,Other,06/2023,0,0,,
Zip Code,73147,Other,07/2023,0,0,,
Zip Code,73147,Other,08/2023,0,0,,
Zip Code,73147,Other,09/2023,0,0,,
Zip Code,73147,Other,10/2023,0,0,,
Zip Code,73147,Other,11/2023,0,0,,
Zip Code,73147,Other,12/2023,0,0,,
Zip Code,73147,Other,01/2024,0,0,,
Zip Code,73147,Other,02/2024,0,0,,
Zip Code,73147,Other,03/2024,0,0,,
Zip Code,73147,Other,04/2024,0,0,,
Zip Code,73147,Other,05/2024,0,0,,
Zip Code,73147,Other,06/2024,0,0,,
Zip Code,73147,Other,07/2024,0,0,,
Zip Code,73147,Other,08/2024,0,0,,
Zip Code,73147,Other,09/2024,0,0,,
Zip Code,73147,Other,10/2024,0,0,,
Zip Code,73147,Other,11/2024,0,0,,
Zip Code,73147,Other,12/2024,0,0,,
Zip Code,73147,Other,01/2025,0,0,,
Zip Code,73147,Other,02/2025,0,0,,
Zip Code,73147,Other,03/2025,0,0,,
Zip Code,73147,Other,04/2025,0,0,,
Zip Code,73147,Other,05/2025,0,0,,
Zip Code,73147,Other,06/2025,0,0,,
Zip Code,73147,Other,07/2025,0,0,,
Zip Code,73147,Other,08/2025,0,0,,
Zip Code,73147,Other,09/2025,0,0,,
Zip Code,73147,Other,10/2025,0,0,,
Zip Code,73147,Other,11/2025,0,0,,
Zip Code,73147,Other,12/2025,0,0,,
Zip Code,73147,Other,01/2026,0,0,,
Zip Code,73147,Other,02/2026,0,0,,
Zip Code,73147,Other,03/2026,0,0,,
Zip Code,73147,Other,04/2026,0,0,,
Zip Code,73147,Other,05/2026,0,0,,
Zip Code,73147,Other,06/2026,0,0,,
Zip Code,73147,Other,07/2026,0,0,,
Zip Code,73147,Other,08/2026,0,0,,2026-08-08
Zip Code,73148,Other,01/2023,0,0,,
Zip Code,73148,Other,02/2023,0,0,,
Zip Code,73148,Other,03/2023,0,0,,
Zip Code,73148,Other,04/2023,0,0,,
Zip Code,73148,Other,05/2023,0,0,,
Zip Code,73148,Other,06/2023,0,0,,
Zip Code,73148,Other,07/2023,0,0,,
Zip Code,73148,Other,08/2023,0,0,,
Zip Code,73148,Other,09/2023,0,0,,
Zip Code,73148,Other,10/2023,0,0,,
Zip Code,73148,Other,11/2023,0,0,,
Zip Code,73148,Other,12/2023,0,0,,
Zip Code,73148,Other,01/2024,0,0,,
Zip Code,73148,Other,02/2024,0,0,,
Zip Code,73148,Other,03/2024,0,0,,
Zip Code,73148,Other,04/2024,0,0,,
Zip Code,73148,Other,05/2024,0,0,,
Zip Code,73148,Other,06/2024,0,0,,
Zip Code,73148,Other,07/2024,0,0,,
Zip Code,73148,Other,08/2024,0,0,,
Zip Code,73148,Other,09/2024,0,0,,
Zip Code,73148,Other,10/2024,0,0,,
Zip Code,73148,Other,11/2024,0,0,,
Zip Code,73148,Other,12/2024,0,0,,
Zip Code,73148,Other,01/2025,0,0,,
Zip Code,73148,Other,02/2025,0,0,,
Zip Code,73148,Other,03/2025,0,0,,
Zip Code,73148,Other,04/2025,0,0,,
Zip Code,73148,Other,05/2025,0,0,,
Zip Code,73148,Other,06/2025,0,0,,
Zip Code,73148,Other,07/2025,0,0,,
Zip Code,73148,Other,08/2025,0,0,,
Zip Code,73148,Other,09/2025,0,0,,
Zip Code,73148,Other,10/2025,0,0,,
Zip Code,73148,Other,11/2025,0,0,,
Zip Code,73148,Other,12/2025,0,0,,
Zip Code,73148,Other,01/2026,0,0,,
Zip Code,73148,Other,02/2026,0,0,,
Zip Code,73148,Other,03/2026,0,0,,
Zip Code,73148,Other,04/2026,0,0,,
Zip Code,73148,Other,05/2026,0,0,,
Zip Code,73148,Other,06/2026,0,0,,
Zip Code,73148,Other,07/2026,0,0,,
Zip Code,73148,Other,08/2026,0,0,,2026-08-08
Zip Code,73149,Other,01/2023,0,0,,
Zip Code,73149,Other,02/2023,0,0,,
Zip Code,73149,Other,03/2023,0,0,,
Zip Code,73149,Other,04/2023,0,0,,
Zip Code,73149,Other,05/2023,0,0,,
Zip Code,73149,Other,06/2023,0,0,,
Zip Code,73149,Other,07/2023,0,0,,
Zip Code,73149,Other,08/2023,0,0,,
Zip Code,73149,Other,09/2023,0,0,,
Zip Code,73149,Other,10/2023,0,0,,
Zip Code,73149,Other,11/2023,0,0,,
Zip Code,73149,Other,12/2023,0,0,,
Zip Code,73149,Other,01/2024,0,0,,
Zip Code,73149,Other,02/2024,0,0,,
Zip Code,73149,Other,03/2024,0,0,,
Zip Code,73149,Other,04/2024,0,0,,
Zip Code,73149,Other,05/2024,0,0,,
Zip Code,73149,Other,06/2024,0,0,,
Zip Code,73149,Other,07/2024,0,0,,
Zip Code,73149,Other,08/2024,0,0,,
Zip Code,73149,Other,09/2024,0,0,,
Zip Code,73149,Other,10/2024,0,0,,
Zip Code,73149,Other,11/2024,0,0,,
Zip Code,73149,Other,12/2024,0,0,,
Zip Code,73149,Other,01/2025,10,0,,
Zip Code,73149,Other,02/2025,8,0,,
Zip Code,73149,Other,03/2025,17,0,,
Zip Code,73149,Other,04/2025,10,0,,
Zip Code,73149,Other,05/2025,7,0,,
Zip Code,73149,Other,06/2025,6,0,,
Zip Code,73149,Other,07/2025,17,0,,
Zip Code,73149,Other,08/2025,7,0,,
Zip Code,73149,Other,09/2025,8,0,,
Zip Code,73149,Other,10/2025,12,0,,
Zip Code,73149,Other,11/2025,4,0,,
Zip Code,73149,Other,12/2025,10,0,,
Zip Code,73149,Other,01/2026,8,0,,
Zip Code,73149,Other,02/2026,8,0,,
Zip Code,73149,Other,03/2026,7,0,,
Zip Code,73149,Other,04/2026,11,0,,
Zip Code,73149,Other,05/2026,10,0,,
Zip Code,73149,Other,06/2026,7,0,,
Zip Code,73149,Other,07/2026,11,0,,
Zip Code,73149,Other,08/2026,0,0,,2026-08-08
Zip Code,73150,White,01/2023,0,0,,
Zip Code,73150,White,02/2023,0,0,,
Zip Code,73150,White,03/2023,0,0,,
Zip Code,73150,White,04/2023,0,0,,
Zip Code,73150,White,05/2023,0,0,,
Zip Code,73150,White,06/2023,0,0,,
Zip Code,73150,White,07/2023,0,0,,
Zip Code,73150,White,08/2023,0,0,,
Zip Code,73150,White,09/2023,0,0,,
Zip Code,73150,White,10/2023,0,0,,
Zip Code,73150,White,11/2023,0,0,,
Zip Code,73150,White,12/2023,0,0,,
Zip Code,73150,White,01/2024,0,0,,
Zip Code,73150,White,02/2024,0,0,,
Zip Code,73150,White,03/2024,0,0,,
Zip Code,73150,White,04/2024,0,0,,
Zip Code,73150,White,05/2024,0,0,,
Zip Code,73150,White,06/2024,0,0,,
Zip Code,73150,White,07/2024,0,0,,
Zip Code,73150,White,08/2024,0,0,,
Zip Code,73150,White,09/2024,0,0,,
Zip Code,73150,White,10/2024,0,0,,
Zip Code,73150,White,11/2024,0,0,,
Zip Code,73150,White,12/2024,0,0,,
Zip Code,73150,White,01/2025,2,0,,
Zip Code,73150,White,02/2025,1,0,,
Zip Code,73150,White,03/2025,3,0,,
Zip Code,73150,White,04/2025,0,0,,
Zip Code,73150,White,05/2025,2,0,,
Zip Code,73150,White,06/2025,1,0,,
Zip Code,73150,White,07/2025,2,0,,
Zip Code,73150,White,08/2025,0,0,,
Zip Code,73150,White,09/2025,1,0,,
Zip Code,73150,White,10/2025,2,0,,
Zip Code,73150,White,11/2025,0,0,,
Zip Code,73150,White,12/2025,1,0,,
Zip Code,73150,White,01/2026,2,0,,
Zip Code,73150,White,02/2026,0,0,,
Zip Code,73150,White,03/2026,4,0,,
Zip Code,73150,White,04/2026,0,0,,
Zip Code,73150,White,05/2026,1,0,,
Zip Code,73150,White,06/2026,0,0,,
Zip Code,73150,White,07/2026,1,0,,
Zip Code,73150,White,08/2026,0,0,,2026-08-08
Zip Code,73151,White,01/2023,0,0,,
Zip Code,73151,White,02/2023,0,0,,
Zip Code,73151,White,03/2023,0,0,,
Zip Code,73151,White,04/2023,0,0,,
Zip Code,73151,White,05/2023,0,0,,
Zip Code,73151,White,06/2023,0,0,,
Zip Code,73151,White,07/2023,0,0,,
Zip Code,73151,White,08/2023,0,0,,
Zip Code,73151,White,09/2023,0,0,,
Zip Code,73151,White,10/2023,0,0,,
Zip Code,73151,White,11/2023,0,0,,
Zip Code,73151,White,12/2023,0,0,,
Zip Code,73151,White,01/2024,0,0,,
Zip Code,73151,White,02/2024,0,0,,
Zip Code,73151,White,03/2024,0,0,,
Zip Code,73151,White,04/2024,0,0,,
Zip Code,73151,White,05/2024,0,0,,
Zip Code,73151,White,06/2024,0,0,,
Zip Code,73151,White,07/2024,0,0,,
Zip Code,73151,White,08/2024,0,0,,
Zip Code,73151,White,09/2024,0,0,,
Zip Code,73151,White,10/2024,0,0,,
Zip Code,73151,White,11/2024,0,0,,
Zip Code,73151,White,12/2024,0,0,,
Zip Code,73151,White,01/2025,0,0,,
Zip Code,73151,White,02/2025,0,0,,
Zip Code,73151,White,03/2025,0,0,,
Zip Code,73151,White,04/2025,0,0,,
Zip Code,73151,White,05/2025,0,0,,
Zip Code,73151,White,06/2025,0,0,,
Zip Code,73151,White,07/2025,0,0,,
Zip Code,73151,White,08/2025,0,0,,
Zip Code,73151,White,09/2025,0,0,,
Zip Code,73151,White,10/2025,0,0,,
Zip Code,73151,White,11/2025,0,0,,
Zip Code,73151,White,12/2025,0,0,,
Zip Code,73151,White,01/2026,0,0,,
Zip Code,73151,White,02/2026,0,0,,
Zip Code,73151,White,03/2026,0,0,,
Zip Code,73151,White,04/2026,0,0,,
Zip Code,73151,White,05/2026,0,0,,
Zip Code,73151,White,06/2026,0,0,,
Zip Code,73151,White,07/2026,0,0,,
Zip Code,73151,White,08/2026,0,0,,2026-08-08
Zip Code,73152,Other,01/2023,0,0,,
Zip Code,73152,Other,02/2023,0,0,,
Zip Code,73152,Other,03/2023,0,0,,
Zip Code,73152,Other,04/2023,0,0,,
Zip Code,73152,Other,05/2023,0,0,,
Zip Code,73152,Other,06/2023,0,0,,
Zip Code,73152,Other,07/2023,0,0,,
Zip Code,73152,Other,08/2023,0,0,,
Zip Code,73152,Other,09/2023,0,0,,
Zip Code,73152,Other,10/2023,0,0,,
Zip Code,73152,Other,11/2023,0,0,,
Zip Code,73152,Other,12/2023,0,0,,
Zip Code,73152,Other,01/2024,0,0,,
Zip Code,73152,Other,02/2024,0,0,,
Zip Code,73152,Other,03/2024,0,0,,
Zip Code,73152,Other,04/2024,0,0,,
Zip Code,73152,Other,05/2024,0,0,,
Zip Code,73152,Other,06/2024,0,0,,
Zip Code,73152,Other,07/2024,0,0,,
Zip Code,73152,Other,08/2024,0,0,,
Zip Code,73152,Other,09/2024,0,0,,
Zip Code,73152,Other,10/2024,0,0,,
Zip Code,73152,Other,11/2024,0,0,,
Zip Code,73152,Other,12/2024,0,0,,
Zip Code,73152,Other,01/2025,0,0,,
Zip Code,73152,Other,02/2025,0,0,,
Zip Code,73152,Other,03/2025,0,0,,
Zip Code,73152,Other,04/2025,0,0,,
Zip Code,73152,Other,05/2025,0,0,,
Zip Code,73152,Other,06/2025,0,0,,
Zip Code,73152,Other,07/2025,0,0,,
Zip Code,73152,Other,08/2025,0,0,,
Zip Code,73152,Other,09/2025,0,0,,
Zip Code,73152,Other,10/2025,0,0,,
Zip Code,73152,Other,11/2025,0,0,,
Zip Code,73152,Other,12/2025,0,0,,
Zip Code,73152,Other,01/2026,0,0,,
Zip Code,73152,Other,02/2026,0,0,,
Zip Code,73152,Other,03/2026,0,0,,
Zip Code,73152,Other,04/2026,0,0,,
Zip Code,73152,Other,05/2026,0,0,,
Zip Code,73152,Other,06/2026,0,0,,
Zip Code,73152,Other,07/2026,0,0,,
Zip Code,73152,Other,08/2026,0,0,,2026-08-08
Zip Code,73154,Other,01/2023,0,0,,
Zip Code,73154,Other,02/2023,0,0,,
Zip Code,73154,Other,03/2023,0,0,,
Zip Code,73154,Other,04/2023,0,0,,
Zip Code,73154,Other,05/2023,0,0,,
Zip Code,73154,Other,06/2023,0,0,,
Zip Code,73154,Other,07/2023,0,0,,
Zip Code,73154,Other,08/2023,0,0,,
Zip Code,73154,Other,09/2023,0,0,,
Zip Code,73154,Other,10/2023,0,0,,
Zip Code,73154,Other,11/2023,0,0,,
Zip Code,73154,Other,12/2023,0,0,,
Zip Code,73154,Other,01/2024,0,0,,
Zip Code,73154,Other,02/2024,0,0,,
Zip Code,73154,Other,03/2024,0,0,,
Zip Code,73154,Other,04/2024,0,0,,
Zip Code,73154,Other,05/2024,0,0,,
Zip Code,73154,Other,06/2024,0,0,,
Zip Code,73154,Other,07/2024,0,0,,
Zip Code,73154,Other,08/2024,0,0,,
Zip Code,73154,Other,09/2024,0,0,,
Zip Code,73154,Other,10/2024,0,0,,
Zip Code,73154,Other,11/2024,0,0,,
Zip Code,73154,Other,12/2024,0,0,,
Zip Code,73154,Other,01/2025,0,0,,
Zip Code,73154,Other,02/2025,0,0,,
Zip Code,73154,Other,03/2025,0,0,,
Zip Code,73154,Other,04/2025,0,0,,
Zip Code,73154,Other,05/2025,0,0,,
Zip Code,73154,Other,06/2025,0,0,,
Zip Code,73154,Other,07/2025,0,0,,
Zip Code,73154,Other,08/2025,0,0,,
Zip Code,73154,Other,09/2025,0,0,,
Zip Code,73154,Other,10/2025,0,0,,
Zip Code,73154,Other,11/2025,0,0,,
Zip Code,73154,Other,12/2025,0,0,,
Zip Code,73154,Other,01/2026,0,0,,
Zip Code,73154,Other,02/2026,0,0,,
Zip Code,73154,Other,03/2026,0,0,,
Zip Code,73154,Other,04/2026,0,0,,
Zip Code,73154,Other,05/2026,0,0,,
Zip Code,73154,Other,06/2026,0,0,,
Zip Code,73154,Other,07/2026,0,0,,
Zip Code,73154,Other,08/2026,0,0,,2026-08-08
Zip Code,73155,Other,01/2023,0,0,,
Zip Code,73155,Other,02/2023,0,0,,
Zip Code,73155,Other,03/2023,0,0,,
Zip Code,73155,Other,04/2023,0,0,,
Zip Code,73155,Other,05/2023,0,0,,
Zip Code,73155,Other,06/2023,0,0,,
Zip Code,73155,Other,07/2023,0,0,,
Zip Code,73155,Other,08/2023,0,0,,
Zip Code,73155,Other,09/2023,0,0,,
Zip Code,73155,Other,10/2023,0,0,,
Zip Code,73155,Other,11/2023,0,0,,
Zip Code,73155,Other,12/2023,0,0,,
Zip Code,73155,Other,01/2024,0,0,,
Zip Code,73155,Other,02/2024,0,0,,
Zip Code,73155,Other,03/2024,0,0,,
Zip Code,73155,Other,04/2024,0,0,,
Zip Code,73155,Other,05/2024,0,0,,
Zip Code,73155,Other,06/2024,0,0,,
Zip Code,73155,Other,07/2024,0,0,,
Zip Code,73155,Other,08/2024,0,0,,
Zip Code,73155,Other,09/2024,0,0,,
Zip Code,73155,Other,10/2024,0,0,,
Zip Code,73155,Other,11/2024,0,0,,
Zip Code,73155,Other,12/2024,0,0,,
Zip Code,73155,Other,01/2025,0,0,,
Zip Code,73155,Other,02/2025,0,0,,
Zip Code,73155,Other,03/2025,0,0,,
Zip Code,73155,Other,04/2025,0,0,,
Zip Code,73155,Other,05/2025,0,0,,
Zip Code,73155,Other,06/2025,0,0,,
Zip Code,73155,Other,07/2025,0,0,,
Zip Code,73155,Other,08/2025,0,0,,
Zip Code,73155,Other,09/2025,0,0,,
Zip Code,73155,Other,10/2025,0,0,,
Zip Code,73155,Other,11/2025,0,0,,
Zip Code,73155,Other,12/2025,0,0,,
Zip Code,73155,Other,01/2026,0,0,,
Zip Code,73155,Other,02/2026,0,0,,
Zip Code,73155,Other,03/2026,0,0,,
Zip Code,73155,Other,04/2026,0,0,,
Zip Code,73155,Other,05/2026,0,0,,
Zip Code,73155,Other,06/2026,0,0,,
Zip Code,73155,Other,07/2026,0,0,,
Zip Code,73155,Other,08/2026,0,0,,2026-08-08
Zip Code,73156,Other,01/2023,0,0,,
Zip Code,73156,Other,02/2023,0,0,,
Zip Code,73156,Other,03/2023,0,0,,
Zip Code,73156,Other,04/2023,0,0,,
Zip Code,73156,Other,05/2023,0,0,,
Zip Code,73156,Other,06/2023,0,0,,
Zip Code,73156,Other,07/2023,0,0,,
Zip Code,73156,Other,08/2023,0,0,,
Zip Code,73156,Other,09/2023,0,0,,
Zip Code,73156,Other,10/2023,0,0,,
Zip Code,73156,Other,11/2023,0,0,,
Zip Code,73156,Other,12/2023,0,0,,
Zip Code,73156,Other,01/2024,0,0,,
Zip Code,73156,Other,02/2024,0,0,,
Zip Code,73156,Other,03/2024,0,0,,
Zip Code,73156,Other,04/2024,0,0,,
Zip Code,73156,Other,05/2024,0,0,,
Zip Code,73156,Other,06/2024,0,0,,
Zip Code,73156,Other,07/2024,0,0,,
Zip Code,73156,Other,08/2024,0,0,,
Zip Code,73156,Other,09/2024,0,0,,
Zip Code,73156,Other,10/2024,0,0,,
Zip Code,73156,Other,11/2024,0,0,,
Zip Code,73156,Other,12/2024,0,0,,
Zip Code,73156,Other,01/2025,0,0,,
Zip Code,73156,Other,02/2025,0,0,,
Zip Code,73156,Other,03/2025,0,0,,
Zip Code,73156,Other,04/2025,0,0,,
Zip Code,73156,Other,05/2025,0,0,,
Zip Code,73156,Other,06/2025,0,0,,
Zip Code,73156,Other,07/2025,0,0,,
Zip Code,73156,Other,08/2025,0,0,,
Zip Code,73156,Other,09/2025,0,0,,
Zip Code,73156,Other,10/2025,0,0,,
Zip Code,73156,Other,11/2025,0,0,,
Zip Code,73156,Other,12/2025,0,0,,
Zip Code,73156,Other,01/2026,0,0,,
Zip Code,73156,Other,02/2026,0,0,,
Zip Code,73156,Other,03/2026,0,0,,
Zip Code,73156,Other,04/2026,0,0,,
Zip Code,73156,Other,05/2026,0,0,,
Zip Code,73156,Other,06/2026,0,0,,
Zip Code,73156,Other,07/2026,0,0,,
Zip Code,73156,Other,08/2026,0,0,,2026-08-08
Zip Code,73157,Other,01/2023,0,0,,
Zip Code,73157,Other,02/2023,0,0,,
Zip Code,73157,Other,03/2023,0,0,,
Zip Code,73157,Other,04/2023,0,0,,
Zip Code,73157,Other,05/2023,0,0,,
Zip Code,73157,Other,06/2023,0,0,,
Zip Code,73157,Other,07/2023,0,0,,
Zip Code,73157,Other,08/2023,0,0,,
Zip Code,73157,Other,09/2023,0,0,,
Zip Code,73157,Other,10/2023,0,0,,
Zip Code,73157,Other,11/2023,0,0,,
Zip Code,73157,Other,12/2023,0,0,,
Zip Code,73157,Other,01/2024,0,0,,
Zip Code,73157,Other,02/2024,0,0,,
Zip Code,73157,Other,03/2024,0,0,,
Zip Code,73157,Other,04/2024,0,0,,
Zip Code,73157,Other,05/2024,0,0,,
Zip Code,73157,Other,06/2024,0,0,,
Zip Code,73157,Other,07/2024,0,0,,
Zip Code,73157,Other,08/2024,0,0,,
Zip Code,73157,Other,09/2024,0,0,,
Zip Code,73157,Other,10/2024,0,0,,
Zip Code,73157,Other,11/2024,0,0,,
Zip Code,73157,Other,12/2024,0,0,,
Zip Code,73157,Other,01/2025,0,0,,
Zip Code,73157,Other,02/2025,0,0,,
Zip Code,73157,Other,03/2025,0,0,,
Zip Code,73157,Other,04/2025,0,0,,
Zip Code,73157,Other,05/2025,0,0,,
Zip Code,73157,Other,06/2025,0,0,,
Zip Code,73157,Other,07/2025,0,0,,
Zip Code,73157,Other,08/2025,0,0,,
Zip Code,73157,Other,09/2025,0,0,,
Zip Code,73157,Other,10/2025,0,0,,
Zip Code,73157,Other,11/2025,0,0,,
Zip Code,73157,Other,12/2025,0,0,,
Zip Code,73157,Other,01/2026,0,0,,
Zip Code,73157,Other,02/2026,0,0,,
Zip Code,73157,Other,03/2026,0,0,,
Zip Code,73157,Other,04/2026,0,0,,
Zip Code,73157,Other,05/2026,0,0,,
Zip Code,73157,Other,06/2026,0,0,,
Zip Code,73157,Other,07/2026,0,0,,
Zip Code,73157,Other,08/2026,0,0,,2026-08-08
Zip Code,73159,Other,01/2023,0,0,,
Zip Code,73159,Other,02/2023,0,0,,
Zip Code,73159,Other,03/2023,0,0,,
Zip Code,73159,Other,04/2023,0,0,,
Zip Code,73159,Other,05/2023,0,0,,
Zip Code,73159,Other,06/2023,0,0,,
Zip Code,73159,Other,07/2023,0,0,,
Zip Code,73159,Other,08/2023,0,0,,
Zip Code,73159,Other,09/2023,0,0,,
Zip Code,73159,Other,10/2023,0,0,,
Zip Code,73159,Other,11/2023,0,0,,
Zip Code,73159,Other,12/2023,0,0,,
Zip Code,73159,Other,01/2024,0,0,,
Zip Code,73159,Other,02/2024,0,0,,
Zip Code,73159,Other,03/2024,0,0,,
Zip Code,73159,Other,04/2024,0,0,,
Zip Code,73159,Other,05/2024,0,0,,
Zip Code,73159,Other,06/2024,0,0,,
Zip Code,73159,Other,07/2024,0,0,,
Zip Code,73159,Other,08/2024,0,0,,
Zip Code,73159,Other,09/2024,0,0,,
Zip Code,73159,Other,10/2024,0,0,,
Zip Code,73159,Other,11/2024,0,0,,
Zip Code,73159,Other,12/2024,0,0,,
Zip Code,73159,Other,01/2025,53,0,,
Zip Code,73159,Other,02/2025,38,0,,
Zip Code,73159,Other,03/2025,31,0,,
Zip Code,73159,Other,04/2025,44,0,,
Zip Code,73159,Other,05/2025,59,0,,
Zip Code,73159,Other,06/2025,37,0,,
Zip Code,73159,Other,07/2025,42,0,,
Zip Code,73159,Other,08/2025,32,0,,
Zip Code,73159,Other,09/2025,52,0,,
Zip Code,73159,Other,10/2025,40,0,,
Zip Code,73159,Other,11/2025,21,0,,
Zip Code,73159,Other,12/2025,35,0,,
Zip Code,73159,Other,01/2026,38,0,,
Zip Code,73159,Other,02/2026,47,0,,
Zip Code,73159,Other,03/2026,31,0,,
Zip Code,73159,Other,04/2026,21,0,,
Zip Code,73159,Other,05/2026,34,0,,
Zip Code,73159,Other,06/2026,22,0,,
Zip Code,73159,Other,07/2026,27,0,,
Zip Code,73159,Other,08/2026,0,0,,2026-08-08
Zip Code,73160,White,01/2023,0,0,,
Zip Code,73160,White,02/2023,0,0,,
Zip Code,73160,White,03/2023,0,0,,
Zip Code,73160,White,04/2023,0,0,,
Zip Code,73160,White,05/2023,0,0,,
Zip Code,73160,White,06/2023,0,0,,
Zip Code,73160,White,07/2023,0,0,,
Zip Code,73160,White,08/2023,0,0,,
Zip Code,73160,White,09/2023,0,0,,
Zip Code,73160,White,10/2023,0,0,,
Zip Code,73160,White,11/2023,0,0,,
Zip Code,73160,White,12/2023,0,0,,
Zip Code,73160,White,01/2024,0,0,,
Zip Code,73160,White,02/2024,0,0,,
Zip Code,73160,White,03/2024,0,0,,
Zip Code,73160,White,04/2024,0,0,,
Zip Code,73160,White,05/2024,0,0,,
Zip Code,73160,White,06/2024,0,0,,
Zip Code,73160,White,07/2024,0,0,,
Zip Code,73160,White,08/2024,0,0,,
Zip Code,73160,White,09/2024,0,0,,
Zip Code,73160,White,10/2024,0,0,,
Zip Code,73160,White,11/2024,0,0,,
Zip Code,73160,White,12/2024,0,0,,
Zip Code,73160,White,01/2025,0,0,,
Zip Code,73160,White,02/2025,0,0,,
Zip Code,73160,White,03/2025,0,0,,
Zip Code,73160,White,04/2025,0,0,,
Zip Code,73160,White,05/2025,0,0,,
Zip Code,73160,White,06/2025,0,0,,
Zip Code,73160,White,07/2025,0,0,,
Zip Code,73160,White,08/2025,0,0,,
Zip Code,73160,White,09/2025,0,0,,
Zip Code,73160,White,10/2025,0,0,,
Zip Code,73160,White,11/2025,0,0,,
Zip Code,73160,White,12/2025,0,0,,
Zip Code,73160,White,01/2026,0,0,,
Zip Code,73160,White,02/2026,0,0,,
Zip Code,73160,White,03/2026,0,0,,
Zip Code,73160,White,04/2026,0,0,,
Zip Code,73160,White,05/2026,0,0,,
Zip Code,73160,White,06/2026,0,0,,
Zip Code,73160,White,07/2026,0,0,,
Zip Code,73160,White,08/2026,0,0,,2026-08-08
Zip Code,73162,White,01/2023,0,0,,
Zip Code,73162,White,02/2023,0,0,,
Zip Code,73162,White,03/2023,0,0,,
Zip Code,73162,White,04/2023,0,0,,
Zip Code,73162,White,05/2023,0,0,,
Zip Code,73162,White,06/2023,0,0,,
Zip Code,73162,White,07/2023,0,0,,
Zip Code,73162,White,08/2023,0,0,,
Zip Code,73162,White,09/2023,0,0,,
Zip Code,73162,White,10/2023,0,0,,
Zip Code,73162,White,11/2023,0,0,,
Zip Code,73162,White,12/2023,0,0,,
Zip Code,73162,White,01/2024,0,0,,
Zip Code,73162,White,02/2024,0,0,,
Zip Code,73162,White,03/2024,0,0,,
Zip Code,73162,White,04/2024,0,0,,
Zip Code,73162,White,05/2024,0,0,,
Zip Code,73162,White,06/2024,0,0,,
Zip Code,73162,White,07/2024,0,0,,
Zip Code,73162,White,08/2024,0,0,,
Zip Code,73162,White,09/2024,0,0,,
Zip Code,73162,White,10/2024,0,0,,
Zip Code,73162,White,11/2024,0,0,,
Zip Code,73162,White,12/2024,0,0,,
Zip Code,73162,White,01/2025,33,0,,
Zip Code,73162,White,02/2025,17,0,,
Zip Code,73162,White,03/2025,14,0,,
Zip Code,73162,White,04/2025,23,0,,
Zip Code,73162,White,05/2025,21,0,,
Zip Code,73162,White,06/2025,33,0,,
Zip Code,73162,White,07/2025,28,0,,
Zip Code,73162,White,08/2025,25,0,,
Zip Code,73162,White,09/2025,27,0,,
Zip Code,73162,White,10/2025,28,0,,
Zip Code,73162,White,11/2025,30,0,,
Zip Code,73162,White,12/2025,26,0,,
Zip Code,73162,White,01/2026,23,0,,
Zip Code,73162,White,02/2026,19,0,,
Zip Code,73162,White,03/2026,12,0,,
Zip Code,73162,White,04/2026,18,0,,
Zip Code,73162,White,05/2026,19,0,,
Zip Code,73162,White,06/2026,21,0,,
Zip Code,73162,White,07/2026,17,0,,
Zip Code,73162,White,08/2026,0,0,,2026-08-08
Zip Code,73165,White,01/2023,0,0,,
Zip Code,73165,White,02/2023,0,0,,
Zip Code,73165,White,03/2023,0,0,,
Zip Code,73165,White,04/2023,0,0,,
Zip Code,73165,White,05/2023,0,0,,
Zip Code,73165,White,06/2023,0,0,,
Zip Code,73165,White,07/2023,0,0,,
Zip Code,73165,White,08/2023,0,0,,
Zip Code,73165,White,09/2023,0,0,,
Zip Code,73165,White,10/2023,0,0,,
Zip Code,73165,White,11/2023,0,0,,
Zip Code,73165,White,12/2023,0,0,,
Zip Code,73165,White,01/2024,0,0,,
Zip Code,73165,White,02/2024,0,0,,
Zip Code,73165,White,03/2024,0,0,,
Zip Code,73165,White,04/2024,0,0,,
Zip Code,73165,White,05/2024,0,0,,
Zip Code,73165,White,06/2024,0,0,,
Zip Code,73165,White,07/2024,0,0,,
Zip Code,73165,White,08/2024,0,0,,
Zip Code,73165,White,09/2024,0,0,,
Zip Code,73165,White,10/2024,0,0,,
Zip Code,73165,White,11/2024,0,0,,
Zip Code,73165,White,12/2024,0,0,,
Zip Code,73165,White,01/2025,0,0,,
Zip Code,73165,White,02/2025,0,0,,
Zip Code,73165,White,03/2025,0,0,,
Zip Code,73165,White,04/2025,0,0,,
Zip Code,73165,White,05/2025,0,0,,
Zip Code,73165,White,06/2025,0,0,,
Zip Code,73165,White,07/2025,0,0,,
Zip Code,73165,White,08/2025,0,0,,
Zip Code,73165,White,09/2025,0,0,,
Zip Code,73165,White,10/2025,0,0,,
Zip Code,73165,White,11/2025,0,0,,
Zip Code,73165,White,12/2025,0,0,,
Zip Code,73165,White,01/2026,0,0,,
Zip Code,73165,White,02/2026,0,0,,
Zip Code,73165,White,03/2026,0,0,,
Zip Code,73165,White,04/2026,0,0,,
Zip Code,73165,White,05/2026,0,0,,
Zip Code,73165,White,06/2026,0,0,,
Zip Code,73165,White,07/2026,0,0,,
Zip Code,73165,White,08/2026,0,0,,2026-08-08
Zip Code,73169,White,01/2023,0,0,,
Zip Code,73169,White,02/2023,0,0,,
Zip Code,73169,White,03/2023,0,0,,
Zip Code,73169,White,04/2023,0,0,,
Zip Code,73169,White,05/2023,0,0,,
Zip Code,73169,White,06/2023,0,0,,
Zip Code,73169,White,07/2023,0,0,,
Zip Code,73169,White,08/2023,0,0,,
Zip Code,73169,White,09/2023,0,0,,
Zip Code,73169,White,10/2023,0,0,,
Zip Code,73169,White,11/2023,0,0,,
Zip Code,73169,White,12/2023,0,0,,
Zip Code,73169,White,01/2024,0,0,,
Zip Code,73169,White,02/2024,0,0,,
Zip Code,73169,White,03/2024,0,0,,
Zip Code,73169,White,04/2024,0,0,,
Zip Code,73169,White,05/2024,0,0,,
Zip Code,73169,White,06/2024,0,0,,
Zip Code,73169,White,07/2024,0,0,,
Zip Code,73169,White,08/2024,0,0,,
Zip Code,73169,White,09/2024,0,0,,
Zip Code,73169,White,10/2024,0,0,,
Zip Code,73169,White,11/2024,0,0,,
Zip Code,73169,White,12/2024,0,0,,
Zip Code,73169,White,01/2025,14,0,,
Zip Code,73169,White,02/2025,9,0,,
Zip Code,73169,White,03/2025,8,0,,
Zip Code,73169,White,04/2025,13,0,,
Zip Code,73169,White,05/2025,16,0,,
Zip Code,73169,White,06/2025,8,0,,
Zip Code,73169,White,07/2025,15,0,,
Zip Code,73169,White,08/2025,17,0,,
Zip Code,73169,White,09/2025,18,0,,
Zip Code,73169,White,10/2025,9,0,,
Zip Code,73169,White,11/2025,16,0,,
Zip Code,73169,White,12/2025,10,0,,
Zip Code,73169,White,01/2026,18,0,,
Zip Code,73169,White,02/2026,22,0,,
Zip Code,73169,White,03/2026,10,0,,
Zip Code,73169,White,04/2026,12,0,,
Zip Code,73169,White,05/2026,12,0,,
Zip Code,73169,White,06/2026,10,0,,
Zip Code,73169,White,07/2026,17,0,,
Zip Code,73169,White,08/2026,0,0,,2026-08-08
Zip Code,73172,Other,01/2023,0,0,,
Zip Code,73172,Other,02/2023,0,0,,
Zip Code,73172,Other,03/2023,0,0,,
Zip Code,73172,Other,04/2023,0,0,,
Zip Code,73172,Other,05/2023,0,0,,
Zip Code,73172,Other,06/2023,0,0,,
Zip Code,73172,Other,07/2023,0,0,,
Zip Code,73172,Other,08/2023,0,0,,
Zip Code,73172,Other,09/2023,0,0,,
Zip Code,73172,Other,10/2023,0,0,,
Zip Code,73172,Other,11/2023,0,0,,
Zip Code,73172,Other,12/2023,0,0,,
Zip Code,73172,Other,01/2024,0,0,,
Zip Code,73172,Other,02/2024,0,0,,
Zip Code,73172,Other,03/2024,0,0,,
Zip Code,73172,Other,04/2024,0,0,,
Zip Code,73172,Other,05/2024,0,0,,
Zip Code,73172,Other,06/2024,0,0,,
Zip Code,73172,Other,07/2024,0,0,,
Zip Code,73172,Other,08/2024,0,0,,
Zip Code,73172,Other,09/2024,0,0,,
Zip Code,73172,Other,10/2024,0,0,,
Zip Code,73172,Other,11/2024,0,0,,
Zip Code,73172,Other,12/2024,0,0,,
Zip Code,73172,Other,01/2025,0,0,,
Zip Code,73172,Other,02/2025,0,0,,
Zip Code,73172,Other,03/2025,0,0,,
Zip Code,73172,Other,04/2025,0,0,,
Zip Code,73172,Other,05/2025,0,0,,
Zip Code,73172,Other,06/2025,0,0,,
Zip Code,73172,Other,07/2025,0,0,,
Zip Code,73172,Other,08/2025,0,0,,
Zip Code,73172,Other,09/2025,0,0,,
Zip Code,73172,Other,10/2025,0,0,,
Zip Code,73172,Other,11/2025,0,0,,
Zip Code,73172,Other,12/2025,0,0,,
Zip Code,73172,Other,01/2026,0,0,,
Zip Code,73172,Other,02/2026,0,0,,
Zip Code,73172,Other,03/2026,0,0,,
Zip Code,73172,Other,04/2026,0,0,,
Zip Code,73172,Other,05/2026,0,0,,
Zip Code,73172,Other,06/2026,0,0,,
Zip Code,73172,Other,07/2026,0,0,,
Zip Code,73172,Other,08/2026,0,0,,2026-08-08
Zip Code,73179,White,01/2023,0,0,,
Zip Code,73179,White,02/2023,0,0,,
Zip Code,73179,White,03/2023,0,0,,
Zip Code,73179,White,04/2023,0,0,,
Zip Code,73179,White,05/2023,0,0,,
Zip Code,73179,White,06/2023,0,0,,
Zip Code,73179,White,07/2023,0,0,,
Zip Code,73179,White,08/2023,0,0,,
Zip Code,73179,White,09/2023,0,0,,
Zip Code,73179,White,10/2023,0,0,,
Zip Code,73179,White,11/2023,0,0,,
Zip Code,73179,White,12/2023,0,0,,
Zip Code,73179,White,01/2024,0,0,,
Zip Code,73179,White,02/2024,0,0,,
Zip Code,73179,White,03/2024,0,0,,
Zip Code,73179,White,04/2024,0,0,,
Zip Code,73179,White,05/2024,0,0,,
Zip Code,73179,White,06/2024,0,0,,
Zip Code,73179,White,07/2024,0,0,,
Zip Code,73179,White,08/2024,0,0,,
Zip Code,73179,White,09/2024,0,0,,
Zip Code,73179,White,10/2024,0,0,,
Zip Code,73179,White,11/2024,0,0,,
Zip Code,73179,White,12/2024,0,0,,
Zip Code,73179,White,01/2025,1,0,,
Zip Code,73179,White,02/2025,3,0,,
Zip Code,73179,White,03/2025,1,0,,
Zip Code,73179,White,04/2025,0,0,,
Zip Code,73179,White,05/2025,0,0,,
Zip Code,73179,White,06/2025,1,0,,
Zip Code,73179,White,07/2025,2,0,,
Zip Code,73179,White,08/2025,1,0,,
Zip Code,73179,White,09/2025,2,0,,
Zip Code,73179,White,10/2025,3,0,,
Zip Code,73179,White,11/2025,0,0,,
Zip Code,73179,White,12/2025,5,0,,
Zip Code,73179,White,01/2026,0,0,,
Zip Code,73179,White,02/2026,0,0,,
Zip Code,73179,White,03/2026,4,0,,
Zip Code,73179,White,04/2026,1,0,,
Zip Code,73179,White,05/2026,0,0,,
Zip Code,73179,White,06/2026,3,0,,
Zip Code,73179,White,07/2026,1,0,,
Zip Code,73179,White,08/2026,0,0,,2026-08-08
Zip Code,73184,Other,01/2023,0,0,,
Zip Code,73184,Other,02/2023,0,0,,
Zip Code,73184,Other,03/2023,0,0,,
Zip Code,73184,Other,04/2023,0,0,,
Zip Code,73184,Other,05/2023,0,0,,
Zip Code,73184,Other,06/2023,0,0,,
Zip Code,73184,Other,07/2023,0,0,,
Zip Code,73184,Other,08/2023,0,0,,
Zip Code,73184,Other,09/2023,0,0,,
Zip Code,73184,Other,10/2023,0,0,,
Zip Code,73184,Other,11/2023,0,0,,
Zip Code,73184,Other,12/2023,0,0,,
Zip Code,73184,Other,01/2024,0,0,,
Zip Code,73184,Other,02/2024,0,0,,
Zip Code,73184,Other,03/2024,0,0,,
Zip Code,73184,Other,04/2024,0,0,,
Zip Code,73184,Other,05/2024,0,0,,
Zip Code,73184,Other,06/2024,0,0,,
Zip Code,73184,Other,07/2024,0,0,,
Zip Code,73184,Other,08/2024,0,0,,
Zip Code,73184,Other,09/2024,0,0,,
Zip Code,73184,Other,10/2024,0,0,,
Zip Code,73184,Other,11/2024,0,0,,
Zip Code,73184,Other,12/2024,0,0,,
Zip Code,73184,Other,01/2025,0,0,,
Zip Code,73184,Other,02/2025,0,0,,
Zip Code,73184,Other,03/2025,0,0,,
Zip Code,73184,Other,04/2025,0,0,,
Zip Code,73184,Other,05/2025,0,0,,
Zip Code,73184,Other,06/2025,0,0,,
Zip Code,73184,Other,07/2025,0,0,,
Zip Code,73184,Other,08/2025,0,0,,
Zip Code,73184,Other,09/2025,0,0,,
Zip Code,73184,Other,10/2025,0,0,,
Zip Code,73184,Other,11/2025,0,0,,
Zip Code,73184,Other,12/2025,0,0,,
Zip Code,73184,Other,01/2026,0,0,,
Zip Code,73184,Other,02/2026,0,0,,
Zip Code,73184,Other,03/2026,0,0,,
Zip Code,73184,Other,04/2026,0,0,,
Zip Code,73184,Other,05/2026,0,0,,
Zip Code,73184,Other,06/2026,0,0,,
Zip Code,73184,Other,07/2026,0,0,,
Zip Code,73184,Other,08/2026,0,0,,2026-08-08
Zip Code,73190,Other,01/2023,0,0,,
Zip Code,73190,Other,02/2023,0,0,,
Zip Code,73190,Other,03/2023,0,0,,
Zip Code,73190,Other,04/2023,0,0,,
Zip Code,73190,Other,05/2023,0,0,,
Zip Code,73190,Other,06/2023,0,0,,
Zip Code,73190,Other,07/2023,0,0,,
Zip Code,73190,Other,08/2023,0,0,,
Zip Code,73190,Other,09/2023,0,0,,
Zip Code,73190,Other,10/2023,0,0,,
Zip Code,73190,Other,11/2023,0,0,,
Zip Code,73190,Other,12/2023,0,0,,
Zip Code,73190,Other,01/2024,0,0,,
Zip Code,73190,Other,02/2024,0,0,,
Zip Code,73190,Other,03/2024,0,0,,
Zip Code,73190,Other,04/2024,0,0,,
Zip Code,73190,Other,05/2024,0,0,,
Zip Code,73190,Other,06/2024,0,0,,
Zip Code,73190,Other,07/2024,0,0,,
Zip Code,73190,Other,08/2024,0,0,,
Zip Code,73190,Other,09/2024,0,0,,
Zip Code,73190,Other,10/2024,0,0,,
Zip Code,73190,Other,11/2024,0,0,,
Zip Code,73190,Other,12/2024,0,0,,
Zip Code,73190,Other,01/2025,0,0,,
Zip Code,73190,Other,02/2025,0,0,,
Zip Code,73190,Other,03/2025,0,0,,
Zip Code,73190,Other,04/2025,0,0,,
Zip Code,73190,Other,05/2025,0,0,,
Zip Code,73190,Other,06/2025,0,0,,
Zip Code,73190,Other,07/2025,0,0,,
Zip Code,73190,Other,08/2025,0,0,,
Zip Code,73190,Other,09/2025,0,0,,
Zip Code,73190,Other,10/2025,0,0,,
Zip Code,73190,Other,11/2025,0,0,,
Zip Code,73190,Other,12/2025,0,0,,
Zip Code,73190,Other,01/2026,0,0,,
Zip Code,73190,Other,02/2026,0,0,,
Zip Code,73190,Other,03/2026,0,0,,
Zip Code,73190,Other,04/2026,0,0,,
Zip Code,73190,Other,05/2026,0,0,,
Zip Code,73190,Other,06/2026,0,0,,
Zip Code,73190,Other,07/2026,0,0,,
Zip Code,73190,Other,08/2026,0,0,,2026-08-08
Zip Code,73194,Other,01/2023,0,0,,
Zip Code,73194,Other,02/2023,0,0,,
Zip Code,73194,Other,03/2023,0,0,,
Zip Code,73194,Other,04/2023,0,0,,
Zip Code,73194,Other,05/2023,0,0,,
Zip Code,73194,Other,06/2023,0,0,,
Zip Code,73194,Other,07/2023,0,0,,
Zip Code,73194,Other,08/2023,0,0,,
Zip Code,73194,Other,09/2023,0,0,,
Zip Code,73194,Other,10/2023,0,0,,
Zip Code,73194,Other,11/2023,0,0,,
Zip Code,73194,Other,12/2023,0,0,,
Zip Code,73194,Other,01/2024,0,0,,
Zip Code,73194,Other,02/2024,0,0,,
Zip Code,73194,Other,03/2024,0,0,,
Zip Code,73194,Other,04/2024,0,0,,
Zip Code,73194,Other,05/2024,0,0,,
Zip Code,73194,Other,06/2024,0,0,,
Zip Code,73194,Other,07/2024,0,0,,
Zip Code,73194,Other,08/2024,0,0,,
Zip Code,73194,Other,09/2024,0,0,,
Zip Code,73194,Other,10/2024,0,0,,
Zip Code,73194,Other,11/2024,0,0,,
Zip Code,73194,Other,12/2024,0,0,,
Zip Code,73194,Other,01/2025,0,0,,
Zip Code,73194,Other,02/2025,0,0,,
Zip Code,73194,Other,03/2025,0,0,,
Zip Code,73194,Other,04/2025,0,0,,
Zip Code,73194,Other,05/2025,0,0,,
Zip Code,73194,Other,06/2025,0,0,,
Zip Code,73194,Other,07/2025,0,0,,
Zip Code,73194,Other,08/2025,0,0,,
Zip Code,73194,Other,09/2025,0,0,,
Zip Code,73194,Other,10/2025,0,0,,
Zip Code,73194,Other,11/2025,0,0,,
Zip Code,73194,Other,12/2025,0,0,,
Zip Code,73194,Other,01/2026,0,0,,
Zip Code,73194,Other,02/2026,0,0,,
Zip Code,73194,Other,03/2026,0,0,,
Zip Code,73194,Other,04/2026,0,0,,
Zip Code,73194,Other,05/2026,0,0,,
Zip Code,73194,Other,06/2026,0,0,,
Zip Code,73194,Other,07/2026,0,0,,
Zip Code,73194,Other,08/2026,0,0,,2026-08-08
Zip Code,73195,Other,01/2023,0,0,,
Zip Code,73195,Other,02/2023,0,0,,
Zip Code,73195,Other,03/2023,0,0,,
Zip Code,73195,Other,04/2023,0,0,,
Zip Code,73195,Other,05/2023,0,0,,
Zip Code,73195,Other,06/2023,0,0,,
Zip Code,73195,Other,07/2023,0,0,,
Zip Code,73195,Other,08/2023,0,0,,
Zip Code,73195,Other,09/2023,0,0,,
Zip Code,73195,Other,10/2023,0,0,,
Zip Code,73195,Other,11/2023,0,0,,
Zip Code,73195,Other,12/2023,0,0,,
Zip Code,73195,Other,01/2024,0,0,,
Zip Code,73195,Other,02/2024,0,0,,
Zip Code,73195,Other,03/2024,0,0,,
Zip Code,73195,Other,04/2024,0,0,,
Zip Code,73195,Other,05/2024,0,0,,
Zip Code,73195,Other,06/2024,0,0,,
Zip Code,73195,Other,07/2024,0,0,,
Zip Code,73195,Other,08/2024,0,0,,
Zip Code,73195,Other,09/2024,0,0,,
Zip Code,73195,Other,10/2024,0,0,,
Zip Code,73195,Other,11/2024,0,0,,
Zip Code,73195,Other,12/2024,0,0,,
Zip Code,73195,Other,01/2025,0,0,,
Zip Code,73195,Other,02/2025,0,0,,
Zip Code,73195,Other,03/2025,0,0,,
Zip Code,73195,Other,04/2025,0,0,,
Zip Code,73195,Other,05/2025,0,0,,
Zip Code,73195,Other,06/2025,0,0,,
Zip Code,73195,Other,07/2025,0,0,,
Zip Code,73195,Other,08/2025,0,0,,
Zip Code,73195,Other,09/2025,0,0,,
Zip Code,73195,Other,10/2025,0,0,,
Zip Code,73195,Other,11/2025,0,0,,
Zip Code,73195,Other,12/2025,0,0,,
Zip Code,73195,Other,01/2026,0,0,,
Zip Code,73195,Other,02/2026,0,0,,
Zip Code,73195,Other,03/2026,0,0,,
Zip Code,73195,Other,04/2026,0,0,,
Zip Code,73195,Other,05/2026,0,0,,
Zip Code,73195,Other,06/2026,0,0,,
Zip Code,73195,Other,07/2026,0,0,,
Zip Code,73195,Other,08/2026,0,0,,2026-08-08
Zip Code,74857,White,01/2023,0,0,,
Zip Code,74857,White,02/2023,0,0,,
Zip Code,74857,White,03/2023,0,0,,
Zip Code,74857,White,04/2023,0,0,,
Zip Code,74857,White,05/2023,0,0,,
Zip Code,74857,White,06/2023,0,0,,
Zip Code,74857,White,07/2023,0,0,,
Zip Code,74857,White,08/2023,0,0,,
Zip Code,74857,White,09/2023,0,0,,
Zip Code,74857,White,10/2023,0,0,,
Zip Code,74857,White,11/2023,0,0,,
Zip Code,74857,White,12/2023,0,0,,
Zip Code,74857,White,01/2024,0,0,,
Zip Code,74857,White,02/2024,0,0,,
Zip Code,74857,White,03/2024,0,0,,
Zip Code,74857,White,04/2024,0,0,,
Zip Code,74857,White,05/2024,0,0,,
Zip Code,74857,White,06/2024,0,0,,
Zip Code,74857,White,07/2024,0,0,,
Zip Code,74857,White,08/2024,0,0,,
Zip Code,74857,White,09/2024,0,0,,
Zip Code,74857,White,10/2024,0,0,,
Zip Code,74857,White,11/2024,0,0,,
Zip Code,74857,White,12/2024,0,0,,
Zip Code,74857,White,01/2025,0,0,,
Zip Code,74857,White,02/2025,0,0,,
Zip Code,74857,White,03/2025,0,0,,
Zip Code,74857,White,04/2025,1,0,,
Zip Code,74857,White,05/2025,0,0,,
Zip Code,74857,White,06/2025,0,0,,
Zip Code,74857,White,07/2025,0,0,,
Zip Code,74857,White,08/2025,0,0,,
Zip Code,74857,White,09/2025,0,0,,
Zip Code,74857,White,10/2025,0,0,,
Zip Code,74857,White,11/2025,1,0,,
Zip Code,74857,White,12/2025,1,0,,
Zip Code,74857,White,01/2026,0,0,,
Zip Code,74857,White,02/2026,0,0,,
Zip Code,74857,White,03/2026,0,0,,
Zip Code,74857,White,04/2026,0,0,,
Zip Code,74857,White,05/2026,0,0,,
Zip Code,74857,White,06/2026,0,0,,
Zip Code,74857,White,07/2026,0,0,,
Zip Code,74857,White,08/2026,0,0,,2026-08-08
Zip Code,sealed,,01/2023,1664,1590.5,79.25,
Zip Code,sealed,,02/2023,1285,1347.5,44.5,
Zip Code,sealed,,03/2023,1362,1278,78.75,
Zip Code,sealed,,04/2023,1206,1348.5,67.75,
Zip Code,sealed,,05/2023,1393,1491,75.25,
Zip Code,sealed,,06/2023,1633,1589,65.5,
Zip Code,sealed,,07/2023,1585,1617.5,59.75,
Zip Code,sealed,,08/2023,1590,1579,58,
Zip Code,sealed,,09/2023,1459,1497.5,55.75,
Zip Code,sealed,,10/2023,1476,1493,69.25,
Zip Code,sealed,,11/2023,1488,1477,32,
Zip Code,sealed,,12/2023,1282,1350.5,30.25,
Zip Code,sealed,,01/2024,1517,1590.5,79.25,
Zip Code,sealed,,02/2024,1423,1354,44.75,
Zip Code,sealed,,03/2024,1194,1278,78.75,
Zip Code,sealed,,04/2024,1491,1348.5,67.75,
Zip Code,sealed,,05/2024,1589,1491,75.25,
Zip Code,sealed,,06/2024,1545,1589,65.5,
Zip Code,sealed,,07/2024,1650,1617.5,59.75,
Zip Code,sealed,,08/2024,1568,1579,58,
Zip Code,sealed,,09/2024,1536,1497.5,55.75,
Zip Code,sealed,,10/2024,1510,1493,69.25,
Zip Code,sealed,,11/2024,1466,1477,32,
Zip Code,sealed,,12/2024,1419,1350.5,30.25,
Zip Code,sealed,,01/2025,55,1590.5,79.25,
Zip Code,sealed,,02/2025,29,1347.5,44.5,
Zip Code,sealed,,03/2025,30,1278,78.75,
Zip Code,sealed,,04/2025,24,1348.5,67.75,
Zip Code,sealed,,05/2025,27,1491,75.25,
Zip Code,sealed,,06/2025,25,1589,65.5,
Zip Code,sealed,,07/2025,34,1617.5,59.75,
Zip Code,sealed,,08/2025,29,1579,58,
Zip Code,sealed,,09/2025,32,1497.5,55.75,
Zip Code,sealed,,10/2025,23,1493,69.25,
Zip Code,sealed,,11/2025,25,1477,32,
Zip Code,sealed,,12/2025,27,1350.5,30.25,
Zip Code,sealed,,01/2026,24,1590.5,,
Zip Code,sealed,,02/2026,104,1347.5,,
Zip Code,sealed,,03/2026,63,1278,,
Zip Code,sealed,,04/2026,64,1348.5,,
Zip Code,sealed,,05/2026,68,1491,,
Zip Code,sealed,,06/2026,105,1589,,
Zip Code,sealed,,07/2026,83,1617.5,,
Zip Code,sealed,,08/2026,0,135.5,,2026-08-08
