group,month,month_last_day,month_filings,avg_filings,month_diff,month_filings_imputed,baseline_share
White,03/2023,,431,2855.16666666667,0.150954410133676,0.474032250809673,
Black,03/2023,,104,1951.83333333333,0.053283237981385,0.213585644130586,
Latinx,03/2023,,77,1134,0.0679012345679012,0.228897169572161,
Other,03/2023,,150,2545.16666666667,0.0589352367232008,0.0834849354875809,
Female,03/2023,,,,,0.585264144527565,
