group,month,month_last_day,month_filings,avg_filings,month_diff,month_filings_imputed,baseline_share
White,03/2023,,3661,2855.16666666667,1.28223688050902,0.490909764292675,
Black,03/2023,,1773,1951.83333333333,0.908376739817266,0.208526406448169,
Latinx,03/2023,,865,1134,0.76278659611993,0.211568236925074,
Other,03/2023,,2834,2545.16666666667,1.11348307249034,0.0889955923340824,
Female,03/2023,,,,,0.584135108979766,
