group,month,month_last_day,month_filings,avg_filings,month_diff,month_filings_imputed,baseline_share
White,08/2023,,2936,4032.25,0.728129456258913,0.249742890725031,0.340326249431338
Black,08/2023,,6316,11441.5,0.552025521129223,0.600559527188408,0.438769740690193
Latinx,08/2023,,702,1278.5,0.549080954243254,0.0936645450299899,0.13310261909404
Other,08/2023,,2531,4311,0.587102760380422,0.056033037056571,
Female,08/2023,,,,,0.627146663551394,0.542738129064848
