group,month,month_last_day,month_filings,avg_filings,month_diff,month_filings_imputed,baseline_share
White,02/2023,,2868,4047.25,0.70862931620236,0.205231749980564,0.340326249431338
Black,02/2023,,6725,11772.5,0.571246549161181,0.65966765140325,0.438769740690193
Latinx,02/2023,,818,1461.5,0.559698939445775,0.0884534711964549,0.13310261909404
Other,02/2023,,2435,3776,0.644862288135593,0.046647127419731,
Female,02/2023,,,,,0.629113783874154,0.542738129064848
