group,month,month_last_day,month_filings,avg_filings,month_diff,month_filings_imputed,baseline_share
White,06/2022,,3279,4047.25,0.810179751683242,0.193398735777497,0.335000710361811
Black,06/2022,,8530,11772.5,0.724569972393289,0.6780100505689,0.422542937425017
Latinx,06/2022,,987,1461.5,0.675333561409511,0.0840886852085967,0.154849008650628
Other,06/2022,,2680,3776,0.709745762711864,0.0222512642225032,
Female,06/2022,,,,,0.597067215902395,0.542738129064848
