group,month,month_last_day,month_filings,avg_filings,month_diff,month_filings_imputed,baseline_share
White,05/2023,,2855,4047.5,0.705373687461396,0.210299876146704,0.340326249431338
Black,05/2023,,6417,11777.75,0.54484090764365,0.651397292293324,0.438769740690193
Latinx,05/2023,,785,1461.5,0.537119397878892,0.0888873408155915,0.13310261909404
Other,05/2023,,2448,3776.5,0.648219250628889,0.04941549074438,
Female,05/2023,,,,,0.625633451173905,0.542738129064848
