group,month,month_last_day,month_filings,avg_filings,month_diff,month_filings_imputed,baseline_share
White,05/2022,,3268,4047.25,0.807461856816357,0.193398735777497,0.335000710361811
Black,05/2022,,8577,11772.5,0.728562327458059,0.6780100505689,0.422542937425017
Latinx,05/2022,,1008,1461.5,0.689702360588437,0.0840886852085967,0.154849008650628
Other,05/2022,,2705,3776,0.716366525423729,0.0222512642225032,
Female,05/2022,,,,,0.597067215902395,0.542738129064848
