group,month,month_last_day,month_filings,avg_filings,month_diff,month_filings_imputed,baseline_share
White,06/2023,,2803,4047.5,0.692526250772082,0.206601282652902,0.340326249431338
Black,06/2023,,6411,11777.75,0.544331472479888,0.651470045362115,0.438769740690193
Latinx,06/2023,,796,1461.5,0.544645911734519,0.0909737994681683,0.13310261909404
Other,06/2023,,2439,3776.5,0.645836091619224,0.0509548725168152,
Female,06/2023,,,,,0.626261740504335,0.542738129064848
