group,month,month_last_day,month_filings,avg_filings,month_diff,month_filings_imputed,baseline_share
White,04/2023,,2837,4047.5,0.700926497838172,0.209627777666556,0.340326249431338
Black,04/2023,,6366,11777.75,0.540510708751672,0.653446087706874,0.438769740690193
Latinx,04/2023,,792,1461.5,0.5419089976052,0.0886375315728921,0.13310261909404
Other,04/2023,,2444,3776.5,0.647160068846816,0.0482886030536787,
Female,04/2023,,,,,0.62597790174708,0.542738129064848
