group,month,month_last_day,month_filings,avg_filings,month_diff,month_filings_imputed,baseline_share
White,09/2022,,3126,4047.25,0.772376304898388,0.202199323938554,0.340326249431338
Black,09/2022,,7906,11772.5,0.671565088129114,0.668744101805797,0.438769740690193
Latinx,09/2022,,942,1461.5,0.64454327745467,0.0846714246345514,0.13310261909404
Other,09/2022,,2700,3776,0.715042372881356,0.0443851496210973,
Female,09/2022,,,,,0.640281435034407,0.542738129064848
