group,month,month_last_day,month_filings,avg_filings,month_diff,month_filings_imputed,baseline_share
White,07/2023,,2531,4047.5,0.62532427424336,0.222981771412941,0.340326249431338
Black,07/2023,,6275,11777.75,0.532784275434612,0.631618418703821,0.438769740690193
Latinx,07/2023,,663,1461.5,0.453643516934656,0.0932301549944882,0.13310261909404
Other,07/2023,,2383,3776.5,0.631007546670197,0.0521696548887489,
Female,07/2023,,,,,0.62717558623416,0.542738129064848
