group,month,month_last_day,month_filings,avg_filings,month_diff,month_filings_imputed,baseline_share
White,08/2022,,3233,4047.25,0.798814009512632,0.199636325017672,0.340326249431338
Black,08/2022,,8287,11772.5,0.703928647271183,0.671119131029937,0.438769740690193
Latinx,08/2022,,977,1461.5,0.668491276086213,0.0853183581281161,0.13310261909404
Other,08/2022,,2749,3776,0.72801906779661,0.0219630929121371,
Female,08/2022,,,,,0.64127600012486,0.542738129064848
