group,month,month_last_day,month_filings,avg_filings,month_diff,month_filings_imputed,baseline_share
White,07/2022,,3237,4047.25,0.799802334918772,0.193526997158194,0.335000710361811
Black,07/2022,,8396,11772.5,0.713187513272457,0.678840985159457,0.422542937425017
Latinx,07/2022,,988,1461.5,0.676017789941841,0.0835940637827597,0.154849008650628
Other,07/2022,,2707,3776,0.716896186440678,0.0220189769497948,
Female,07/2022,,,,,0.596952935458305,0.542738129064848
