group,month,month_last_day,month_filings,avg_filings,month_diff,month_filings_imputed,baseline_share
White,09/2023,,2863,4032.25,0.71002542005084,0.274050408575096,0.340326249431338
Black,09/2023,,6247,11441.5,0.545994843333479,0.570042008047018,0.438769740690193
Latinx,09/2023,,683,1278.5,0.534219788815018,0.0969052547788633,0.13310261909404
Other,09/2023,,2499,4311,0.579679888656924,0.0590023285990223,
Female,09/2023,,,,,0.627825813276795,0.542738129064848
