group,month,month_last_day,month_filings,avg_filings,month_diff,month_filings_imputed,baseline_share
White,06/2023,,2507,4047.5,0.619394688079061,0.206601282652902,0.340326249431338
Black,06/2023,,6205,11777.75,0.52684086519072,0.651470045362115,0.438769740690193
Latinx,06/2023,,663,1461.5,0.453643516934656,0.0909737994681683,0.13310261909404
Other,06/2023,,2351,3776.5,0.622534092413611,0.0509548725168152,
Female,06/2023,,,,,0.626261740504335,0.542738129064848
