group,month,month_last_day,month_filings,avg_filings,month_diff,month_filings_imputed,baseline_share
White,01/2023,,2895,4047.25,0.715300512693804,0.200759411294558,0.340326249431338
Black,01/2023,,6891,11772.5,0.585347207475048,0.665123595872035,0.438769740690193
Latinx,01/2023,,847,1461.5,0.579541566883339,0.0884820577182454,0.13310261909404
Other,01/2023,,2416,3776,0.639830508474576,0.0456349351151615,
Female,01/2023,,,,,0.631455017581031,0.542738129064848
