group,month,month_last_day,month_filings,avg_filings,month_diff,month_filings_imputed,baseline_share
White,10/2022,,2919,4047.25,0.721230465130644,0.199792534099067,0.340326249431338
Black,10/2022,,7461,11772.5,0.633765130600977,0.669409906676238,0.438769740690193
Latinx,10/2022,,905,1461.5,0.619226821758467,0.0858732950466619,0.13310261909404
Other,10/2022,,2601,3776,0.688824152542373,0.0449242641780331,
Female,10/2022,,,,,0.640281435034407,0.542738129064848
