group,month,month_last_day,month_filings,avg_filings,month_diff,month_filings_imputed,baseline_share
White,03/2023,,2907,4047.5,0.71822112415071,0.205231749980564,0.340326249431338
Black,03/2023,,6658,11777.75,0.565303220054764,0.65966765140325,0.438769740690193
Latinx,03/2023,,806,1461.5,0.551488197057817,0.0884534711964549,0.13310261909404
Other,03/2023,,2500,3776.5,0.661988613795843,0.046647127419731,
Female,03/2023,,,,,0.628968045023592,0.542738129064848
