group,month,month_last_day,month_filings,avg_filings,month_diff,month_filings_imputed,baseline_share
White,10/2022,,2919,4047.25,0.721230465130644,0.198893839141303,0.340326249431338
Black,10/2022,,7460,11772.5,0.633680186876195,0.669888031171887,0.438769740690193
Latinx,10/2022,,906,1461.5,0.619911050290797,0.0860897662108514,0.13310261909404
Other,10/2022,,2601,3776,0.688824152542373,0.0451283634759594,
Female,10/2022,,,,,0.639357878714859,0.542738129064848
