month,month_last_day,month_filings,avg_filings,percentage_diff
January,,2001,1805.75,1.108126817112
February,,1708,1666.25,1.02505626406602
March,,812,1658,0.489746682750302
April,,0,1429.5,0
May,,0,1617.75,0
June,,0,1832.5,0
July,,198,1908,0.10377358490566
August,,174,2005.25,0.0867722229148485
September,,698,1834.75,0.380433301539719
October,31/10/2020,784,1962.75,0.399439561839256
