group,month,month_last_day,month_filings,avg_filings,month_diff,month_filings_imputed,baseline_share
White,02/2023,,45436,30689.2,1.48052083469103,,0.522953149603616
Latinx,02/2023,,20578,17100.8,1.20333551646707,,0.296313590227742
Other,02/2023,,16588,12828.8,1.29302818658019,,
Black,02/2023,,,,,,0.0974345778147388
Female,02/2023,,,,,,
