group,month,month_last_day,month_filings,avg_filings,month_diff,month_filings_imputed,baseline_share
White,08/2023,,40596,25695,1.57991827203736,,0.522953149603616
Latinx,08/2023,,21385,17105.2,1.25020461614012,,0.296313590227742
Other,08/2023,,23536,17844.6,1.31894242515943,,
Black,08/2023,,,,,,0.0974345778147388
Female,08/2023,,,,,,
