group,month,month_last_day,month_filings,avg_filings,month_diff,month_filings_imputed,baseline_share
White,06/2023,,46676,30698.2,1.52048002814497,,0.522953149603616
Latinx,06/2023,,20960,17104.4,1.22541568251444,,0.296313590227742
Other,06/2023,,16915,12831.4,1.31825054164004,,
Black,06/2023,,,,,,0.0974345778147388
Female,06/2023,,,,,,
