group,month,month_last_day,month_filings,avg_filings,month_diff,month_filings_imputed,baseline_share
White,06/2023,,56546,30698.2,1.84199725065313,,0.522953149603616
Latinx,06/2023,,25314,17104.4,1.4799700661818,,0.296313590227742
Other,06/2023,,20567,12831.4,1.60286484717178,,
Black,06/2023,,,,,,0.0974345778147388
Female,06/2023,,,,,,
