group,month,month_last_day,month_filings,avg_filings,month_diff,month_filings_imputed,baseline_share
White,09/2023,,26782,25695,1.04230395018486,,0.522953149603616
Latinx,09/2023,,14116,17105.2,0.825246123985689,,0.296313590227742
Other,09/2023,,15524,17844.6,0.869955056431638,,
Black,09/2023,,,,,,0.0974345778147388
Female,09/2023,,,,,,
