group,month,month_last_day,month_filings,avg_filings,month_diff,month_filings_imputed,baseline_share
White,10/2023,,39671,25695,1.54391905039891,,0.522953149603616
Latinx,10/2023,,20737,17105.2,1.21232139934055,,0.296313590227742
Other,10/2023,,22794,17844.6,1.27736121851989,,
Black,10/2023,,,,,,0.0974345778147388
Female,10/2023,,,,,,
