group,month,month_last_day,month_filings,avg_filings,month_diff,month_filings_imputed,baseline_share
White,06/2022,,40122,30689.2,1.3073654575551,,0.522953149603616
Latinx,06/2022,,19073,17100.8,1.11532793787425,,0.296313590227742
Other,06/2022,,15392,12828.8,1.19980044898977,,
Black,06/2022,,,,,,0.0974345778147388
Female,06/2022,,,,,,
