group,month,month_last_day,month_filings,avg_filings,month_diff,month_filings_imputed,baseline_share
White,08/2022,,41573,30689.2,1.35464593407453,,0.522953149603616
Latinx,08/2022,,19182,17100.8,1.12170190868263,,0.296313590227742
Other,08/2022,,15638,12828.8,1.21897605387877,,
Black,08/2022,,,,,,0.0974345778147388
Female,08/2022,,,,,,
