group,month,month_last_day,month_filings,avg_filings,month_diff,month_filings_imputed,baseline_share
White,05/2023,,56443,30698.2,1.8386420050687,,0.522953149603616
Latinx,05/2023,,25303,17104.4,1.47932695680644,,0.296313590227742
Other,05/2023,,20549,12831.4,1.60146203843696,,
Black,05/2023,,,,,,0.0974345778147388
Female,05/2023,,,,,,
