group,month,month_last_day,month_filings,avg_filings,month_diff,month_filings_imputed,baseline_share
White,12/2022,,44172,30689.2,1.43933370697183,,0.522953149603616
Latinx,12/2022,,20220,17100.8,1.18240082335329,,0.296313590227742
Other,12/2022,,16345,12828.8,1.2740864305313,,
Black,12/2022,,,,,,0.0974345778147388
Female,12/2022,,,,,,
