group,month,month_last_day,month_filings,avg_filings,month_diff,month_filings_imputed,baseline_share
White,07/2023,,46840,30698.2,1.52582236092018,,0.522953149603616
Latinx,07/2023,,21006,17104.4,1.22810504899324,,0.296313590227742
Other,07/2023,,16978,12831.4,1.32316037221192,,
Black,07/2023,,,,,,0.0974345778147388
Female,07/2023,,,,,,
