group,month,month_last_day,month_filings,avg_filings,month_diff,month_filings_imputed,baseline_share
White,03/2023,,46030,30698.2,1.49943644904261,,0.522953149603616
Latinx,03/2023,,20791,17104.4,1.21553518392928,,0.296313590227742
Other,03/2023,,16713,12831.4,1.30250791028259,,
Black,03/2023,,,,,,0.0974345778147388
Female,03/2023,,,,,,
