group,month,month_last_day,month_filings,avg_filings,month_diff,month_filings_imputed,baseline_share
White,09/2022,,42108,30689.2,1.37207877689871,,0.522953149603616
Latinx,09/2022,,19470,17100.8,1.1385432260479,,0.296313590227742
Other,09/2022,,15891,12828.8,1.23869730606136,,
Black,09/2022,,,,,,0.0974345778147388
Female,09/2022,,,,,,
