group,month,month_last_day,month_filings,avg_filings,month_diff,month_filings_imputed,baseline_share
White,09/2023,,40850,25695,1.58980346370889,,0.522953149603616
Latinx,09/2023,,21351,17105.2,1.24821691649323,,0.296313590227742
Other,09/2023,,23508,17844.6,1.31737332302209,,
Black,09/2023,,,,,,0.0974345778147388
Female,09/2023,,,,,,
