group,month,month_last_day,month_filings,avg_filings,month_diff,month_filings_imputed,baseline_share
White,11/2022,,43782,30689.2,1.4266256533243,,0.522953149603616
Latinx,11/2022,,20092,17100.8,1.17491579341317,,0.296313590227742
Other,11/2022,,16206,12828.8,1.26325143427289,,
Black,11/2022,,,,,,0.0974345778147388
Female,11/2022,,,,,,
