group,month,month_last_day,month_filings,avg_filings,month_diff,month_filings_imputed,baseline_share
White,08/2023,,40614,25695,1.58061879743141,,0.522953149603616
Latinx,08/2023,,21386,17105.2,1.25026307789444,,0.296313590227742
Other,08/2023,,23538,17844.6,1.31905450388353,,
Black,08/2023,,,,,,0.0974345778147388
Female,08/2023,,,,,,
