group,month,month_last_day,month_filings,avg_filings,month_diff,month_filings_imputed
White,04/2022,,43975,30689.2,1.43291451064218,
Latinx,04/2022,,21102,17100.8,1.23397735778443,
Other,04/2022,,16984,12828.8,1.32389623347468,
Black,04/2022,,,,,
Female,04/2022,,,,,
