group,month,month_last_day,month_filings,avg_filings,month_diff,month_filings_imputed,baseline_share
White,01/2023,,44834,30689.2,1.4609048134197,,0.522953149603616
Latinx,01/2023,,20349,17100.8,1.18994433008982,,0.296313590227742
Other,01/2023,,16417,12828.8,1.27969880269394,,
Black,01/2023,,,,,,0.0974345778147388
Female,01/2023,,,,,,
