group,month,month_last_day,month_filings,avg_filings,month_diff,month_filings_imputed,baseline_share
White,03/2023,,49253,30698.2,1.60442631815546,,0.522953149603616
Latinx,03/2023,,22362,17104.4,1.30738289562919,,0.296313590227742
Other,03/2023,,18034,12831.4,1.40545848465483,,
Black,03/2023,,,,,,0.0974345778147388
Female,03/2023,,,,,,
