group,month,month_last_day,month_filings,avg_filings,month_diff,month_filings_imputed,baseline_share
White,07/2022,,41025,30689.2,1.33678948946209,,0.522953149603616
Latinx,07/2022,,19076,17100.8,1.11550336826347,,0.296313590227742
Other,07/2022,,15580,12828.8,1.21445497630332,,
Black,07/2022,,,,,,0.0974345778147388
Female,07/2022,,,,,,
