group,month,month_last_day,month_filings,avg_filings,month_diff,month_filings_imputed,baseline_share
White,04/2023,,46217,30698.2,1.50552801141435,,0.522953149603616
Latinx,04/2023,,20866,17104.4,1.2199200205795,,0.296313590227742
Other,04/2023,,16852,12831.4,1.31334071106816,,
Black,04/2023,,,,,,0.0974345778147388
Female,04/2023,,,,,,
