group,month,month_last_day,month_filings,avg_filings,month_diff,month_filings_imputed,baseline_share
White,09/2023,,11871,12216.2083333333,0.971741777488241,0.61545443133765,0.661560097409144
Black,09/2023,,1061,1558.96785714286,0.680578496303644,0.232564257959049,0.232577257756798
Other,09/2023,,958,978.352380952381,0.97919728990431,0.0868389328057116,
Latinx,09/2023,,,,,0.0651423778975896,0.026544508843861
Female,09/2023,,,,,0.591990510689805,
