group,month,month_last_day,month_filings,avg_filings,month_diff,month_filings_imputed,baseline_share
White,05/2022,,10443,12207.1130952381,0.855484824177941,,0.661560097409144
Black,05/2022,,866,1559.82023809524,0.555192181028186,,0.232577257756798
Other,05/2022,,857,978.364285714286,0.875951843820955,,
Latinx,05/2022,,,,,,0.026544508843861
Female,05/2022,,,,,,
