group,month,month_last_day,month_filings,avg_filings,month_diff,month_filings_imputed,baseline_share
White,07/2022,,10632,12207.1130952381,0.870967600369613,,0.661560097409144
Black,07/2022,,939,1559.82023809524,0.601992445710701,,0.232577257756798
Other,07/2022,,925,978.364285714286,0.945455607391346,,
Latinx,07/2022,,,,,,0.026544508843861
Female,07/2022,,,,,,
