group,month,month_last_day,month_filings,avg_filings,month_diff,month_filings_imputed,baseline_share
White,09/2022,,10607,12207.1130952381,0.868919614100873,,0.661560097409144
Black,09/2022,,1011,1559.82023809524,0.648151610877016,,0.232577257756798
Other,09/2022,,902,978.364285714286,0.921946981477831,,
Latinx,09/2022,,,,,,0.026544508843861
Female,09/2022,,,,,,
