group,month,month_last_day,month_filings,avg_filings,month_diff,month_filings_imputed,baseline_share
White,06/2022,,10544,12207.1130952381,0.863758688703649,,0.661560097409144
Black,06/2022,,931,1559.82023809524,0.59686364958111,,0.232577257756798
Other,06/2022,,890,978.364285714286,0.909681611435997,,
Latinx,06/2022,,,,,,0.026544508843861
Female,06/2022,,,,,,
