group,month,month_last_day,month_filings,avg_filings,month_diff,month_filings_imputed,baseline_share
White,12/2022,,10904,12207.1130952381,0.8932496909735,,0.661560097409144
Black,12/2022,,1040,1559.82023809524,0.666743496846783,,0.232577257756798
Other,12/2022,,965,978.364285714286,0.986340174197458,,
Latinx,12/2022,,,,,,0.026544508843861
Female,12/2022,,,,,,
