group,month,month_last_day,month_filings,avg_filings,month_diff,month_filings_imputed,baseline_share
White,11/2022,,10795,12207.1130952381,0.884320470841795,,0.661560097409144
Black,11/2022,,1029,1559.82023809524,0.659691402168595,,0.232577257756798
Other,11/2022,,940,978.364285714286,0.960787319943638,,
Latinx,11/2022,,,,,,0.026544508843861
Female,11/2022,,,,,,
