group,month,month_last_day,month_filings,avg_filings,month_diff,month_filings_imputed,baseline_share
White,10/2023,,12074,12216.2083333333,0.988359044848204,0.61545443133765,0.661560097409144
Black,10/2023,,1092,1558.96785714286,0.700463447656531,0.232564257959049,0.232577257756798
Other,10/2023,,944,978.352380952381,0.964887517400489,0.0868389328057116,
Latinx,10/2023,,,,,0.0651423778975896,0.026544508843861
Female,10/2023,,,,,0.591990510689805,
