group,month,month_last_day,month_filings,avg_filings,month_diff,month_filings_imputed,baseline_share
White,08/2023,,11801,12216.2083333333,0.966011685295151,,0.661560097409144
Black,08/2023,,1074,1558.96785714286,0.688917346870984,,0.232577257756798
Other,08/2023,,937,978.352380952381,0.957732631148578,,
