group,month,month_last_day,month_filings,avg_filings,month_diff,month_filings_imputed,baseline_share
White,10/2022,,10600,12207.1130952381,0.868346177945626,,0.661560097409144
Black,10/2022,,1012,1559.82023809524,0.648792710393215,,0.232577257756798
Other,10/2022,,927,978.364285714286,0.947499835731651,,
Latinx,10/2022,,,,,,0.026544508843861
Female,10/2022,,,,,,
