group,month,month_last_day,month_filings,avg_filings,month_diff,month_filings_imputed,baseline_share
White,07/2023,,11568,12216.2083333333,0.94693866413815,0.6172136755223,0.661560097409144
Black,07/2023,,1060,1558.96785714286,0.679937046260003,0.230482785857044,0.232577257756798
Other,07/2023,,925,978.352380952381,0.945467111859589,0.0861919396966402,
Latinx,07/2023,,,,,0.0661115989240151,0.026544508843861
Female,07/2023,,,,,0.594058380696387,
