group,month,month_last_day,month_filings,avg_filings,month_diff,month_filings_imputed
White,04/2022,,10271,12207.1130952381,0.841394678649012,
Black,04/2022,,831,1559.82023809524,0.532753697961227,
Other,04/2022,,816,978.364285714286,0.83404516284469,
Latinx,04/2022,,,,,
Female,04/2022,,,,,0.565049020388399
