group,month,month_last_day,month_filings,avg_filings,month_diff,month_filings_imputed,baseline_share
White,01/2023,,11088,12207.1130952381,0.908322869911425,,0.661560097409144
Black,01/2023,,1059,1559.82023809524,0.67892438765456,,0.232577257756798
Other,01/2023,,956,978.364285714286,0.977141146666083,,
Latinx,01/2023,,,,,,0.026544508843861
Female,01/2023,,,,,,
