group,month,month_last_day,month_filings,avg_filings,month_diff,month_filings_imputed,baseline_share
White,05/2023,,11537,12216.2083333333,0.94440105188121,,0.661560097409144
Black,05/2023,,1059,1558.96785714286,0.679295596216361,,0.232577257756798
Other,05/2023,,964,978.352380952381,0.985330049548804,,
Latinx,05/2023,,,,,,0.026544508843861
Female,05/2023,,,,,,
