group,month,month_last_day,month_filings,avg_filings,month_diff,month_filings_imputed,baseline_share
White,06/2023,,11525,12216.2083333333,0.943418750362394,,0.661560097409144
Black,06/2023,,1022,1558.96785714286,0.655561944601625,,0.232577257756798
Other,06/2023,,955,978.352380952381,0.976130910082062,,
Latinx,06/2023,,,,,,0.026544508843861
Female,06/2023,,,,,,
