group,month,month_last_day,month_filings,avg_filings,month_diff,month_filings_imputed,baseline_share
White,03/2023,,11208,12216.2083333333,0.917469618573685,,0.661560097409144
Black,03/2023,,1086,1558.96785714286,0.696614747394682,,0.232577257756798
Other,03/2023,,973,978.352380952381,0.994529189015546,,
Latinx,03/2023,,,,,,0.026544508843861
Female,03/2023,,,,,,
