group,month,month_last_day,month_filings,avg_filings,month_diff,month_filings_imputed,baseline_share
White,04/2023,,11250,12216.2083333333,0.920907673889539,,0.661560097409144
Black,04/2023,,1067,1558.96785714286,0.684427196565493,,0.232577257756798
Other,04/2023,,952,978.352380952381,0.973064530259815,,
Latinx,04/2023,,,,,,0.026544508843861
Female,04/2023,,,,,,
