group,month,month_last_day,month_filings,avg_filings,month_diff,month_filings_imputed,baseline_share
White,02/2023,,11026,12207.1130952381,0.90324386396495,,0.661560097409144
Black,02/2023,,1072,1559.82023809524,0.687258681365145,,0.232577257756798
Other,02/2023,,971,978.364285714286,0.992472859218375,,
Latinx,02/2023,,,,,,0.026544508843861
Female,02/2023,,,,,,
