group,month,month_last_day,month_filings,avg_filings,month_diff,month_filings_imputed,baseline_share
White,08/2022,,10592,12207.1130952381,0.867690822339629,,0.661560097409144
Black,08/2022,,984,1559.82023809524,0.630841923939648,,0.232577257756798
Other,08/2022,,953,978.364285714286,0.974074804155624,,
Latinx,08/2022,,,,,,0.026544508843861
Female,08/2022,,,,,,
