xfileyear,year_filings,avg_filings,pct_of_historical,missing_filings
2020,541583,1119652.733333333,48.370622772263154,578070
2021,542855,1118837.0666666664,48.51957592157,575982
2022,969478,1118837.0666666664,86.6505078249106,149359