group,month,month_last_day,month_filings,avg_filings,month_diff,month_filings_imputed,baseline_share
White,08/2022,,2753,2638.75,1.0432970156324,0.430161935483871,0.523859033704615
Latinx,08/2022,,1908,1917.5,0.995045632333768,0.342416129032258,0.285142123535368
Other,08/2022,,1786,1749.5,1.02086310374393,0.0372633870967742,
Black,08/2022,,,,,0.152895161290323,0.122956748155649
Female,08/2022,,,,,0.575558118719558,0.534086429742122
