group,month,month_last_day,month_filings,avg_filings,month_diff,month_filings_imputed,baseline_share
White,08/2023,,2455,2425.25,1.01226677662097,0.456964329580949,0.523859033704615
Latinx,08/2023,,1645,1713.75,0.959883296863603,0.313474013806368,0.285142123535368
Other,08/2023,,2231,2171.75,1.02728214573501,0.0852384328189291,
Black,08/2023,,,,,0.144323223793754,0.122956748155649
Female,08/2023,,,,,0.503961358880457,0.534086429742122
