group,month,month_last_day,month_filings,avg_filings,month_diff,month_filings_imputed,baseline_share
White,02/2023,,2780,2638.75,1.05352913311227,0.419799812324054,0.523859033704615
Latinx,02/2023,,2074,1917.5,1.08161668839635,0.353614013137316,0.285142123535368
Other,02/2023,,1711,1749.5,0.977993712489283,0.0746593681576479,
Black,02/2023,,,,,0.151926806380982,0.122956748155649
Female,02/2023,,,,,0.59593010792988,0.534086429742122
