group,month,month_last_day,month_filings,avg_filings,month_diff,month_filings_imputed,baseline_share
White,10/2023,,2344,2425.25,0.966498299144418,0.456048561929534,0.523859033704615
Latinx,10/2023,,1580,1713.75,0.921954777534646,0.314554764236309,0.285142123535368
Other,10/2023,,2175,2171.75,1.00149648900656,0.085708293131792,
Black,10/2023,,,,,0.143688380702366,0.122956748155649
Female,10/2023,,,,,0.50486466032845,0.534086429742122
