group,month,month_last_day,month_filings,avg_filings,month_diff,month_filings_imputed,baseline_share
White,01/2023,,2805,2638.75,1.063003315964,0.422760798885276,0.523859033704615
Latinx,01/2023,,2084,1917.5,1.08683181225554,0.351596067502709,0.285142123535368
Other,01/2023,,1739,1749.5,0.99399828522435,0.0744893946431335,
Black,01/2023,,,,,0.151153738968881,0.122956748155649
Female,01/2023,,,,,0.590225967526706,0.534086429742122
