group,month,month_last_day,month_filings,avg_filings,month_diff,month_filings_imputed,baseline_share
White,12/2022,,2850,2638.75,1.08005684509711,0.421264845787939,0.523859033704615
Latinx,12/2022,,2129,1917.5,1.1102998696219,0.352264232008593,0.285142123535368
Other,12/2022,,1730,1749.5,0.988853958273793,0.0743679607181218,
Black,12/2022,,,,,0.152102961485346,0.122956748155649
Female,12/2022,,,,,0.591709760315666,0.534086429742122
