group,month,month_last_day,month_filings,avg_filings,month_diff,month_filings_imputed,baseline_share
White,03/2023,,2819,2641.25,1.06729768102224,0.419799812324054,0.523859033704615
Latinx,03/2023,,2093,1918.75,1.09081433224756,0.353614013137316,0.285142123535368
Other,03/2023,,1704,1750.75,0.973297158360702,0.0746593681576479,
Black,03/2023,,,,,0.151926806380982,0.122956748155649
Female,03/2023,,,,,0.599060460758626,0.534086429742122
