group,month,month_last_day,month_filings,avg_filings,month_diff,month_filings_imputed,baseline_share
White,09/2022,,2733,2638.75,1.03571766935102,0.423452201257862,0.523859033704615
Latinx,09/2022,,1989,1917.5,1.03728813559322,0.348083176100629,0.285142123535368
Other,09/2022,,1769,1749.5,1.01114604172621,0.0743948113207547,
Black,09/2022,,,,,0.154069811320755,0.122956748155649
Female,09/2022,,,,,0.574573613262843,0.534086429742122
