group,month,month_last_day,month_filings,avg_filings,month_diff,month_filings_imputed,baseline_share
White,07/2023,,2686,2641.25,1.01694273544723,0.45748455748949,0.523859033704615
Latinx,07/2023,,1760,1918.75,0.917263843648209,0.314195358592434,0.285142123535368
Other,07/2023,,1485,1750.75,0.848207910895331,0.084182024227704,
Black,07/2023,,,,,0.144138059690372,0.122956748155649
Female,07/2023,,,,,0.502706135810365,0.534086429742122
