group,month,month_last_day,month_filings,avg_filings,month_diff,month_filings_imputed,baseline_share
White,11/2022,,2877,2638.75,1.09028896257698,0.422142417717625,0.523859033704615
Latinx,11/2022,,2093,1917.5,1.09152542372881,0.350768840356813,0.285142123535368
Other,11/2022,,1752,1749.5,1.00142897970849,0.0742725315287605,
Black,11/2022,,,,,0.152816210396801,0.122956748155649
Female,11/2022,,,,,0.584704036169885,0.534086429742122
