group,month,month_last_day,month_filings,avg_filings,month_diff,month_filings_imputed,baseline_share
White,12/2022,,2852,2638.75,1.08081477972525,0.422760798885276,0.523859033704615
Latinx,12/2022,,2131,1917.5,1.11134289439374,0.351596067502709,0.285142123535368
Other,12/2022,,1734,1749.5,0.991140325807373,0.0744893946431335,
Black,12/2022,,,,,0.151153738968881,0.122956748155649
Female,12/2022,,,,,0.590225967526706,0.534086429742122
