group,month,month_last_day,month_filings,avg_filings,month_diff,month_filings_imputed,baseline_share
White,09/2022,,2732,2638.75,1.03533870203695,0.422585068888177,0.523859033704615
Latinx,09/2022,,1988,1917.5,1.0367666232073,0.34832361422621,0.285142123535368
Other,09/2022,,1767,1749.5,1.01000285795942,0.0749150913168857,
Black,09/2022,,,,,0.154176225568728,0.122956748155649
Female,09/2022,,,,,0.574573613262843,0.534086429742122
