group,month,month_last_day,month_filings,avg_filings,month_diff,month_filings_imputed,baseline_share
White,06/2022,,2731,2638.75,1.03495973472288,0.441594197785284,0.485939088400656
Latinx,06/2022,,1793,1917.5,0.935071707953064,0.327507296859395,0.311362834795959
Other,06/2022,,1685,1749.5,0.963132323521006,0.0397360389032453,
Black,06/2022,,,,,0.15142642754883,0.135609219725732
Female,06/2022,,,,,0.563792393973172,0.534086429742122
