group,month,month_last_day,month_filings,avg_filings,month_diff,month_filings_imputed,baseline_share
White,06/2023,,2685,2641.25,1.01656412683389,0.420966875871688,0.523859033704615
Latinx,06/2023,,1800,1918.75,0.938110749185668,0.349512552301255,0.285142123535368
Other,06/2023,,1537,1750.75,0.877909467371127,0.0764229428172943,
Black,06/2023,,,,,0.153097629009763,0.122956748155649
Female,06/2023,,,,,0.600300196354255,0.534086429742122
