group,month,month_last_day,month_filings,avg_filings,month_diff,month_filings_imputed,baseline_share
White,06/2023,,2685,2641.25,1.01656412683389,0.455944797465939,0.523859033704615
Latinx,06/2023,,1800,1918.75,0.938110749185668,0.316563755197084,0.285142123535368
Other,06/2023,,1537,1750.75,0.877909467371127,0.0841085170980533,
Black,06/2023,,,,,0.143382930238924,0.122956748155649
Female,06/2023,,,,,0.502742782412805,0.534086429742122
