group,month,month_last_day,month_filings,avg_filings,month_diff,month_filings_imputed,baseline_share
White,04/2022,,2610,2638.75,0.989104689720511,0.441199815568113,0.485939088400656
Latinx,04/2022,,1647,1917.5,0.858930899608866,0.327546450183025,0.311362834795959
Other,04/2022,,1663,1749.5,0.95055730208631,0.0398635711360642,
Black,04/2022,,,,,0.151526591976734,0.135609219725732
Female,04/2022,,,,,0.563792393973172,0.534086429742122
