group,month,month_last_day,month_filings,avg_filings,month_diff,month_filings_imputed,baseline_share
White,05/2023,,2744,2641.25,1.0389020350213,0.418287549563838,0.523859033704615
Latinx,05/2023,,2054,1918.75,1.07048859934853,0.353151467089611,0.285142123535368
Other,05/2023,,1665,1750.75,0.951020991003855,0.0756935765265662,
Black,05/2023,,,,,0.152867406819984,0.122956748155649
Female,05/2023,,,,,0.598084756238944,0.534086429742122
