group,month,month_last_day,month_filings,avg_filings,month_diff,month_filings_imputed,baseline_share
White,07/2022,,2709,2638.75,1.02662245381336,0.436531036705824,0.485939088400656
Latinx,07/2022,,1853,1917.5,0.966362451108214,0.332439025041502,0.311362834795959
Other,07/2022,,1759,1749.5,1.00543012289225,0.0394227478358143,
Black,07/2022,,,,,0.152184442581046,0.135609219725732
Female,07/2022,,,,,0.560860329124003,0.534086429742122
