group,month,month_last_day,month_filings,avg_filings,month_diff,month_filings_imputed,baseline_share
White,04/2023,,2721,2641.25,1.03019403691434,0.419073734939759,0.523859033704615
Latinx,04/2023,,2026,1918.75,1.05589576547231,0.353759518072289,0.285142123535368
Other,04/2023,,1640,1750.75,0.936741396544338,0.0755807228915661,
Black,04/2023,,,,,0.151586024096386,0.122956748155649
Female,04/2023,,,,,0.60043725594413,0.534086429742122
