month,month_last_day,month_filings,avg_filings,percentage_diff
January,,1572,1875,0.8384
February,,1434,1555,0.922186495176849
March,,840,1282,0.655226209048362
April,,165,1559,0.105837075048108
May,,337,1697,0.198585739540365
June,06/06/2020,57,100,0.57
