group,month,month_last_day,month_filings,avg_filings,month_diff,month_filings_imputed,baseline_share
White,08/2022,,5482,5582.5,0.981997313031796,,0.38732217653985
Black,08/2022,,6968,8932.5,0.780072767982088,,0.503638504449206
Other,08/2022,,8010,9042.25,0.885841466449169,,
Latinx,08/2022,,,,,,0.0528500009651205
Female,08/2022,,,,,,
