group,month,month_last_day,month_filings,avg_filings,month_diff,month_filings_imputed,baseline_share
White,09/2022,,5451,5582.5,0.976444245409763,,0.38732217653985
Black,09/2022,,6846,8932.5,0.766414777497901,,0.503638504449206
Other,09/2022,,7887,9042.25,0.872238657413807,,
Latinx,09/2022,,,,,,0.0528500009651205
Female,09/2022,,,,,,
