group,month,month_last_day,month_filings,avg_filings,month_diff,month_filings_imputed,baseline_share
White,03/2023,,5693,5584,1.01952005730659,,0.38732217653985
Black,03/2023,,6633,8934,0.742444593687038,,0.503638504449206
Other,03/2023,,7618,9046.75,0.842070356757952,,
Latinx,03/2023,,,,,,0.0528500009651205
Female,03/2023,,,,,,
