group,month,month_last_day,month_filings,avg_filings,month_diff,month_filings_imputed,baseline_share
White,01/2023,,5655,5582.5,1.01298701298701,,0.38732217653985
Black,01/2023,,6715,8932.5,0.751749230338651,,0.503638504449206
Other,01/2023,,7419,9042.25,0.820481627913406,,
Latinx,01/2023,,,,,,0.0528500009651205
Female,01/2023,,,,,,
