group,month,month_last_day,month_filings,avg_filings,month_diff,month_filings_imputed,baseline_share
White,05/2022,,4840,5582.5,0.866995073891626,,0.38732217653985
Black,05/2022,,6417,8932.5,0.718387909319899,,0.503638504449206
Other,05/2022,,7376,9042.25,0.815726174348199,,
Latinx,05/2022,,,,,,0.0528500009651205
Female,05/2022,,,,,,
