group,month,month_last_day,month_filings,avg_filings,month_diff,month_filings_imputed,baseline_share
White,11/2022,,5489,5582.5,0.983251231527094,,0.38732217653985
Black,11/2022,,6635,8932.5,0.742793171004758,,0.503638504449206
Other,11/2022,,7667,9042.25,0.847908429870884,,
Latinx,11/2022,,,,,,0.0528500009651205
Female,11/2022,,,,,,
