group,month,month_last_day,month_filings,avg_filings,month_diff,month_filings_imputed,baseline_share
White,06/2022,,5151,5582.5,0.922704881325571,,0.38732217653985
Black,06/2022,,6695,8932.5,0.749510215505178,,0.503638504449206
Other,06/2022,,7620,9042.25,0.842710608532168,,
Latinx,06/2022,,,,,,0.0528500009651205
Female,06/2022,,,,,,
