month,month_last_day,month_filings,avg_filings,percentage_diff
January,,1571,1875,0.837866666666667
February,,1430,1555,0.919614147909968
March,,840,1282,0.655226209048362
April,25/04/2020,133,1395,0.0953405017921147
