group,month,month_last_day,month_filings,avg_filings,month_diff,month_filings_imputed,baseline_share
White,12/2022,,5540,5582.5,0.992386923421406,,0.38732217653985
Black,12/2022,,6729,8932.5,0.753316540722082,,0.503638504449206
Other,12/2022,,7457,9042.25,0.82468412176173,,
Latinx,12/2022,,,,,,0.0528500009651205
Female,12/2022,,,,,,
