group,month,month_last_day,month_filings,avg_filings,month_diff,month_filings_imputed,baseline_share
White,07/2022,,5288,5582.5,0.947245857590685,,0.38732217653985
Black,07/2022,,6880,8932.5,0.770221102714806,,0.503638504449206
Other,07/2022,,7929,9042.25,0.876883519035638,,
Latinx,07/2022,,,,,,0.0528500009651205
Female,07/2022,,,,,,
