month,month_last_day,month_filings,avg_filings,percentage_diff
January,,1572,1875,0.8384
February,,1434,1555,0.922186495176849
March,,840,1282,0.655226209048362
April,,165,1559,0.105837075048108
May,,337,1697,0.198585739540365
June,,178,1886,0.0943796394485684
July,,488,1863,0.261943102522813
August,,613,1622,0.377928483353884
September,26/09/2020,987,1675,0.589253731343284
