group,month,month_last_day,month_filings,avg_filings,month_diff,month_filings_imputed,baseline_share
White,09/2023,,5407,5584,0.96830229226361,,0.38732217653985
Black,09/2023,,6686,8934,0.748376986792031,,0.503638504449206
Other,09/2023,,7517,9046.75,0.83090612650952,,
Latinx,09/2023,,,,,,0.0528500009651205
Female,09/2023,,,,,,
