group,month,month_last_day,month_filings,avg_filings,month_diff,month_filings_imputed,baseline_share
White,10/2022,,5426,5582.5,0.971965965069413,,0.38732217653985
Black,10/2022,,6777,8932.5,0.758690176322418,,0.503638504449206
Other,10/2022,,7726,9042.25,0.854433354530123,,
Latinx,10/2022,,,,,,0.0528500009651205
Female,10/2022,,,,,,
