group,month,month_last_day,month_filings,avg_filings,month_diff,month_filings_imputed,baseline_share
White,05/2023,,5648,5584,1.01146131805158,,0.38732217653985
Black,05/2023,,6614,8934,0.740317886724871,,0.503638504449206
Other,05/2023,,7503,9046.75,0.829358609445381,,
Latinx,05/2023,,,,,,0.0528500009651205
Female,05/2023,,,,,,
