group,month,month_last_day,month_filings,avg_filings,month_diff,month_filings_imputed,baseline_share
White,04/2023,,5692,5584,1.01934097421203,,0.38732217653985
Black,04/2023,,6736,8934,0.753973584060891,,0.503638504449206
Other,04/2023,,7498,9046.75,0.828805924779617,,
Latinx,04/2023,,,,,,0.0528500009651205
Female,04/2023,,,,,,
