group,month,month_last_day,month_filings,avg_filings,month_diff,month_filings_imputed,baseline_share
White,08/2023,,5707,5584,1.02202722063037,,0.38732217653985
Black,08/2023,,6792,8934,0.760241773002015,,0.503638504449206
Other,08/2023,,7630,9046.75,0.843396799955785,,
Latinx,08/2023,,,,,,0.0528500009651205
Female,08/2023,,,,,,
