group,month,month_last_day,month_filings,avg_filings,month_diff,month_filings_imputed
White,04/2022,,4636,5582.5,0.830452306314375,
Black,04/2022,,6123,8932.5,0.685474391267842,
Other,04/2022,,7190,9042.25,0.795156072880091,
Latinx,04/2022,,,,,
Female,04/2022,,,,,
