group,month,month_last_day,month_filings,avg_filings,month_diff,month_filings_imputed,baseline_share
White,02/2023,,5716,5582.5,1.02391401701747,,0.38732217653985
Black,02/2023,,6694,8932.5,0.749398264763504,,0.503638504449206
Other,02/2023,,7534,9042.25,0.833199701401753,,
Latinx,02/2023,,,,,,0.0528500009651205
Female,02/2023,,,,,,
