group,month,month_last_day,month_filings,avg_filings,month_diff,month_filings_imputed,baseline_share
White,09/2023,,1495,5584,0.267729226361032,,0.38732217653985
Black,09/2023,,6365,8934,0.712446832325946,,0.503638504449206
Other,09/2023,,5326,9046.75,0.588719705971758,,
Latinx,09/2023,,,,,,0.0528500009651205
Female,09/2023,,,,,,
