group,month,month_last_day,month_filings,avg_filings,month_diff,month_filings_imputed,baseline_share
White,09/2023,,1872,1890.75,0.990083300277668,0.548698689773152,0.617125309322918
Black,09/2023,,178,401,0.443890274314215,0.285729680521887,0.240571241167526
Latinx,09/2023,,19,45.25,0.419889502762431,0.0991824139937125,0.0740884290867893
Other,09/2023,,458,606.25,0.755463917525773,0.0663892157112489,
Female,09/2023,,,,,0.627203602443274,0.53432339617127
