group,month,month_last_day,month_filings,avg_filings,month_diff,month_filings_imputed,baseline_share
White,04/2023,,1851,1835.5,1.00844456551348,0.516808662541647,0.617125309322918
Black,04/2023,,245,449.5,0.545050055617353,0.362795811518325,0.240571241167526
Latinx,04/2023,,31,45.5,0.681318681318681,0.0745525940028558,0.0740884290867893
Other,04/2023,,490,612.25,0.800326663944467,0.0458429319371728,
Female,04/2023,,,,,0.61890983312608,0.53432339617127
