group,month,month_last_day,month_filings,avg_filings,month_diff,month_filings_imputed,baseline_share
White,08/2022,,2000,1835.25,1.08976978613268,0.519017607042817,0.617125309322918
Black,08/2022,,300,449.25,0.667779632721202,0.371254901960784,0.240571241167526
Latinx,08/2022,,26,45.5,0.571428571428571,0.0683449379751901,0.0740884290867893
Other,08/2022,,564,612.25,0.921192323397305,0.0206912765106042,
Female,08/2022,,,,,0.595226608516384,0.53432339617127
