month,month_last_day,month_filings,avg_filings,percentage_diff
January,,271,210.25,1.28894173602854
February,,197,193.25,1.01940491591203
March,,70,221.75,0.315670800450958
April,,17,234,0.0726495726495727
May,,21,260.5,0.0806142034548944
June,,54,281.25,0.192
July,,39,275.75,0.14143245693563
August,,134,276.25,0.485067873303167
September,,149,258.5,0.576402321083172
October,,123,259,0.474903474903475
November,,108,249.25,0.433299899699097
December,12/12/2020,37,68.75,0.538181818181818
