group,month,month_last_day,month_filings,avg_filings,month_diff,month_filings_imputed,baseline_share
White,07/2022,,1980,1835.25,1.07887208827135,0.50975535848401,0.620762092649423
Black,07/2022,,309,449.25,0.687813021702838,0.380468991815911,0.238546690048224
Latinx,07/2022,,29,45.5,0.637362637362637,0.0653535898414377,0.0842832091188076
Other,07/2022,,556,612.25,0.90812576561862,0.0222110299293207,
Female,07/2022,,,,,0.588842075757026,0.53432339617127
