group,month,month_last_day,month_filings,avg_filings,month_diff,month_filings_imputed,baseline_share
White,08/2023,,1867,1890.75,0.987438847018379,0.54360490436497,0.617125309322918
Black,08/2023,,171,401,0.42643391521197,0.292479159637603,0.240571241167526
Latinx,08/2023,,22,45.25,0.486187845303867,0.0989103008887452,0.0740884290867893
Other,08/2023,,476,606.25,0.785154639175258,0.0650056351086812,
Female,08/2023,,,,,0.630218229246763,0.53432339617127
