group,month,month_last_day,month_filings,avg_filings,month_diff,month_filings_imputed,baseline_share
White,03/2023,,1861,1835.5,1.01389267229638,0.516435431235431,0.617125309322918
Black,03/2023,,252,449.5,0.560622914349277,0.36373986013986,0.240571241167526
Latinx,03/2023,,33,45.5,0.725274725274725,0.0745776223776224,0.0740884290867893
Other,03/2023,,516,612.25,0.842792976725194,0.0452470862470863,
Female,03/2023,,,,,0.61932114743168,0.53432339617127
