group,month,month_last_day,month_filings,avg_filings,month_diff,month_filings_imputed,baseline_share
White,02/2023,,1831,1835.25,0.997684239204468,0.514807511737089,0.617125309322918
Black,02/2023,,259,449.25,0.576516416249304,0.365401408450704,0.240571241167526
Latinx,02/2023,,30,45.5,0.659340659340659,0.0753901408450704,0.0740884290867893
Other,02/2023,,497,612.25,0.811759902000817,0.0444009389671361,
Female,02/2023,,,,,0.615677226704651,0.53432339617127
