group,month,month_last_day,month_filings,avg_filings,month_diff,month_filings_imputed,baseline_share
White,10/2022,,1903,1835.25,1.03691595150524,0.50900464527027,0.617125309322918
Black,10/2022,,301,449.25,0.670005564830273,0.374172297297297,0.240571241167526
Latinx,10/2022,,28,45.5,0.615384615384615,0.0739197635135135,0.0740884290867893
Other,10/2022,,566,612.25,0.924458962841976,0.042903293918919,
Female,10/2022,,,,,0.599957346273307,0.53432339617127
