month,month_last_day,month_filings,avg_filings,percentage_diff
January,,271,210.25,1.28894173602854
February,,197,193.25,1.01940491591203
March,,68,221.75,0.306651634723788
April,,17,234,0.0726495726495727
May,,19,260.5,0.072936660268714
June,,54,281.25,0.192
July,,39,275.75,0.14143245693563
August,,134,276.25,0.485067873303167
September,,149,258.5,0.576402321083172
October,31/10/2020,120,259,0.463320463320463
