group,month,month_last_day,month_filings,avg_filings,month_diff,month_filings_imputed,baseline_share
White,05/2022,,1990,1835.25,1.08432093720202,0.509466189496501,0.620762092649423
Black,05/2022,,310,449.25,0.690038953811909,0.383933482940873,0.238546690048224
Latinx,05/2022,,33,45.5,0.725274725274725,0.0625442991070882,0.0842832091188076
Other,05/2022,,563,612.25,0.919559003674969,0.0220280142277685,
Female,05/2022,,,,,0.587973614306653,0.53432339617127
