group,month,month_last_day,month_filings,avg_filings,month_diff,month_filings_imputed,baseline_share
White,10/2023,,1956,1890.75,1.03451011503372,0.548698689773152,0.617125309322918
Black,10/2023,,180,401,0.448877805486284,0.285729680521887,0.240571241167526
Latinx,10/2023,,32,45.25,0.707182320441989,0.0991824139937125,0.0740884290867893
Other,10/2023,,448,606.25,0.738969072164949,0.0663892157112489,
Female,10/2023,,,,,0.627203602443274,0.53432339617127
