group,month,month_last_day,month_filings,avg_filings,month_diff,month_filings_imputed,baseline_share
White,07/2023,,1426,1835.5,0.776900027240534,0.537793068437516,0.617125309322918
Black,07/2023,,220,449.5,0.489432703003337,0.298678776947436,0.240571241167526
Latinx,07/2023,,24,45.5,0.527472527472528,0.0998863762824222,0.0740884290867893
Other,07/2023,,484,612.25,0.790526745610453,0.0636417783326254,
Female,07/2023,,,,,0.631760604653479,0.53432339617127
