group,month,month_last_day,month_filings,avg_filings,month_diff,month_filings_imputed,baseline_share
White,11/2022,,1902,1835.25,1.03637106661218,0.514115002161695,0.617125309322918
Black,11/2022,,279,449.25,0.621035058430718,0.369293558149589,0.240571241167526
Latinx,11/2022,,31,45.5,0.681318681318681,0.0723999135322092,0.0740884290867893
Other,11/2022,,560,612.25,0.914659044507962,0.0441915261565068,
Female,11/2022,,,,,0.607045363577936,0.53432339617127
