group,month,month_last_day,month_filings,avg_filings,month_diff,month_filings_imputed,baseline_share
White,05/2023,,1860,1835.5,1.01334786161809,0.52215424774561,0.617125309322918
Black,05/2023,,250,449.5,0.556173526140156,0.359514950166113,0.240571241167526
Latinx,05/2023,,29,45.5,0.637362637362637,0.073452776459421,0.0740884290867893
Other,05/2023,,491,612.25,0.801959983666803,0.0448780256288562,
Female,05/2023,,,,,0.619681019347157,0.53432339617127
