group,month,month_last_day,month_filings,avg_filings,month_diff,month_filings_imputed,baseline_share
White,09/2022,,1946,1835.25,1.0603460019071,0.510452244897959,0.617125309322918
Black,09/2022,,308,449.25,0.685587089593767,0.373608571428571,0.240571241167526
Latinx,09/2022,,29,45.5,0.637362637362637,0.0738481632653061,0.0740884290867893
Other,09/2022,,569,612.25,0.929358922008983,0.0420910204081634,
Female,09/2022,,,,,0.599957346273307,0.53432339617127
