group,month,month_last_day,month_filings,avg_filings,month_diff,month_filings_imputed,baseline_share
White,06/2022,,2007,1835.25,1.09358398038414,0.509590979232284,0.620762092649423
Black,06/2022,,311,449.25,0.69226488592098,0.383972984853958,0.238546690048224
Latinx,06/2022,,33,45.5,0.725274725274725,0.0626466729642268,0.0842832091188076
Other,06/2022,,563,612.25,0.919559003674969,0.0218946814747661,
Female,06/2022,,,,,0.587973614306653,0.53432339617127
