group,month,month_last_day,month_filings,avg_filings,month_diff,month_filings_imputed,baseline_share
White,01/2023,,1829,1835.25,0.996594469418335,0.514291780821918,0.617125309322918
Black,01/2023,,262,449.25,0.583194212576516,0.363504109589041,0.240571241167526
Latinx,01/2023,,29,45.5,0.637362637362637,0.0771173515981735,0.0740884290867893
Other,01/2023,,525,612.25,0.857492854226215,0.0450867579908676,
Female,01/2023,,,,,0.609449486693106,0.53432339617127
