group,month,month_last_day,month_filings,avg_filings,month_diff,month_filings_imputed,baseline_share
White,12/2022,,1844,1835.25,1.00476774281433,0.515946946054391,0.617125309322918
Black,12/2022,,273,449.25,0.607679465776294,0.363961212661614,0.240571241167526
Latinx,12/2022,,30,45.5,0.659340659340659,0.0756473473027196,0.0740884290867893
Other,12/2022,,540,612.25,0.881992650061249,0.044444493981275,
Female,12/2022,,,,,0.607647872422984,0.53432339617127
