month,month_last_day,month_filings,avg_filings,percentage_diff
January,,1443,1292,1.11687306501548
February,,1127,1051.5,1.0718021873514
March,,807,1018.5,0.792341678939617
April,,125,1171.75,0.106678045658204
May,,165,1299.5,0.126971912273952
June,,177,1439.25,0.122980719124544
July,,516,1447.25,0.356538262221454
August,,663,1467,0.451942740286299
September,,563,1470.25,0.382928073456895
October,,453,1506,0.300796812749004
November,28/11/2020,431,1158.5,0.372032801035822
