group,month,month_last_day,month_filings,avg_filings,month_diff,month_filings_imputed,baseline_share
White,12/2022,,5197,5237.75,0.992219941768889,0.279016005080978,0.448836185842719
Black,12/2022,,8653,8141.5,1.0628262605171,0.675587869164814,0.438868926427988
Other,12/2022,,1870,1342.5,1.39292364990689,0.0297425214353764,
Latinx,12/2022,,,,,0.0156536043188314,0.0321215609086117
Female,12/2022,,,,,0.618633869985794,0.552837092458085
