group,month,month_last_day,month_filings,avg_filings,month_diff,month_filings_imputed,baseline_share
White,07/2023,,3386,5246.75,0.645351884499929,0.299996223713707,0.448836185842719
Black,07/2023,,6841,8152.5,0.839129101502607,0.643418119509953,0.438868926427988
Other,07/2023,,1444,1343.25,1.0750046528941,0.0356721933215103,
Latinx,07/2023,,,,,0.0209134634548294,0.0321215609086117
Female,07/2023,,,,,0.62022289081079,0.552837092458085
