group,month,month_last_day,month_filings,avg_filings,month_diff,month_filings_imputed,baseline_share
White,06/2022,,5028,5237.75,0.959954178798148,0.279335091807072,0.437833360639324
Black,06/2022,,8031,8141.5,0.986427562488485,0.675880363152482,0.451525798093435
Other,06/2022,,1913,1342.5,1.42495344506518,0.0152648737723803,
Latinx,06/2022,,,,,0.0142547974956853,0.0363048319467958
Female,06/2022,,,,,0.576921974478053,0.552837092458085
