group,month,month_last_day,month_filings,avg_filings,month_diff,month_filings_imputed,baseline_share
White,07/2022,,5163,5237.75,0.985728604839865,0.281977053694355,0.448836185842719
Black,07/2022,,8397,8141.5,1.03138242338635,0.672777748639612,0.438868926427988
Other,07/2022,,1889,1342.5,1.40707635009311,0.0147733232806661,
Latinx,07/2022,,,,,0.0156985511047007,0.0321215609086117
Female,07/2022,,,,,0.620952131344763,0.552837092458085
