group,month,month_last_day,month_filings,avg_filings,month_diff,month_filings_imputed,baseline_share
White,01/2023,,5061,5237.75,0.96625459405279,0.280105969760167,0.448836185842719
Black,01/2023,,8424,8141.5,1.03469876558374,0.674654913972888,0.438868926427988
Other,01/2023,,1826,1342.5,1.36014897579143,0.0294842935349322,
Latinx,01/2023,,,,,0.0157548227320125,0.0321215609086117
Female,01/2023,,,,,0.617639323761238,0.552837092458085
