group,month,month_last_day,month_filings,avg_filings,month_diff,month_filings_imputed,baseline_share
White,03/2023,,4792,5246.75,0.913327297851051,0.278459210220461,0.448836185842719
Black,03/2023,,8220,8152.5,1.00827966881325,0.676409781075632,0.438868926427988
Other,03/2023,,1779,1343.25,1.32439977666108,0.0290695139104229,
Latinx,03/2023,,,,,0.0160614947934841,0.0321215609086117
Female,03/2023,,,,,0.618182745996134,0.552837092458085
