month,month_last_day,month_filings,avg_filings,percentage_diff
January,,1444,1292,1.11764705882353
February,,1127,1051.5,1.0718021873514
March,,807,1018.5,0.792341678939617
April,,125,1171.75,0.106678045658204
May,16/05/2020,26,643,0.0404354587869362
