group,month,month_last_day,month_filings,avg_filings,month_diff,month_filings_imputed,baseline_share
White,08/2023,,4748,5103.75,0.930296350722508,0.351550342518794,0.448836185842719
Black,08/2023,,8249,8179,1.00855850348453,0.57787864607876,0.438868926427988
Other,08/2023,,1726,1458.5,1.18340761055879,0.0449810660283767,
Latinx,08/2023,,,,,0.0255899453740689,0.0321215609086117
Female,08/2023,,,,,0.623571834655547,0.552837092458085
