group,month,month_last_day,month_filings,avg_filings,month_diff,month_filings_imputed,baseline_share
White,04/2022,,4868,5237.75,0.929406710896855,0.278235749653661,0.453826480235431
Black,04/2022,,7738,8141.5,0.950439108272431,0.67694941352627,0.445185652565517
Other,04/2022,,1799,1342.5,1.34003724394786,0.0154716838785401,
Latinx,04/2022,,,,,0.0138714690629887,0.0319334935627279
Female,04/2022,,,,,0.577173362636476,0.587039045553145
