group,month,month_last_day,month_filings,avg_filings,month_diff,month_filings_imputed,baseline_share
White,02/2023,,4929,5237.75,0.941052933034223,0.280156746168806,0.448836185842719
Black,02/2023,,8258,8141.5,1.01430940244427,0.674997279519578,0.438868926427988
Other,02/2023,,1777,1342.5,1.32364990689013,0.0292605444284335,
Latinx,02/2023,,,,,0.0155854298831835,0.0321215609086117
Female,02/2023,,,,,0.618177116979198,0.552837092458085
