group,month,month_last_day,month_filings,avg_filings,month_diff,month_filings_imputed,baseline_share
White,01/2023,,5061,5237.75,0.96625459405279,0.280156746168806,0.448836185842719
Black,01/2023,,8425,8141.5,1.03482159307253,0.674997279519578,0.438868926427988
Other,01/2023,,1826,1342.5,1.36014897579143,0.0292605444284335,
Latinx,01/2023,,,,,0.0155854298831835,0.0321215609086117
Female,01/2023,,,,,0.615998511071623,0.552837092458085
