group,month,month_last_day,month_filings,avg_filings,month_diff,month_filings_imputed,baseline_share
White,06/2023,,3488,5246.75,0.664792490589413,0.277295763235758,0.448836185842719
Black,06/2023,,7195,8152.5,0.882551364612082,0.677299584163188,0.438868926427988
Other,06/2023,,1429,1343.25,1.06383770705379,0.0291918650156612,
Latinx,06/2023,,,,,0.0162127875853924,0.0321215609086117
Female,06/2023,,,,,0.618203800126922,0.552837092458085
