group,month,month_last_day,month_filings,avg_filings,month_diff,month_filings_imputed,baseline_share
White,04/2023,,4671,5246.75,0.890265402391957,0.2775923909674,0.448836185842719
Black,04/2023,,8026,8152.5,0.984483287335173,0.677018773160735,0.438868926427988
Other,04/2023,,1736,1343.25,1.29238786525219,0.0292246257643553,
Latinx,04/2023,,,,,0.0161642101075098,0.0321215609086117
Female,04/2023,,,,,0.616460944527113,0.552837092458085
