group,month,month_last_day,month_filings,avg_filings,month_diff,month_filings_imputed,baseline_share
White,09/2022,,5210,5237.75,0.994701923535869,0.280120325829004,0.448836185842719
Black,09/2022,,8483,8141.5,1.04194558742247,0.674623244179334,0.438868926427988
Other,09/2022,,1853,1342.5,1.38026070763501,0.0298525431338592,
Latinx,09/2022,,,,,0.0154038868578026,0.0321215609086117
Female,09/2022,,,,,0.621452901446164,0.552837092458085
