group,month,month_last_day,month_filings,avg_filings,month_diff,month_filings_imputed,baseline_share
White,06/2023,,3488,5246.75,0.664792490589413,0.293822440258075,0.448836185842719
Black,06/2023,,7195,8152.5,0.882551364612082,0.65161756991511,0.438868926427988
Other,06/2023,,1429,1343.25,1.06383770705379,0.0348035898191268,
Latinx,06/2023,,,,,0.0197564000076882,0.0321215609086117
Female,06/2023,,,,,0.618203800126922,0.552837092458085
