group,month,month_last_day,month_filings,avg_filings,month_diff,month_filings_imputed
White,04/2022,,4868,5237.75,0.929406710896855,0.277815414107075
Black,04/2022,,7738,8141.5,0.950439108272431,0.677109411587345
Other,04/2022,,1799,1342.5,1.34003724394786,0.0156003284288924
Latinx,04/2022,,,,,0.0138745174477955
Female,04/2022,,,,,0.577173362636476
