group,month,month_last_day,month_filings,avg_filings,month_diff,month_filings_imputed,baseline_share
White,05/2023,,4602,5246.75,0.877114404154953,0.278243140182222,0.448836185842719
Black,05/2023,,7778,8152.5,0.954063170806501,0.675737777275315,0.438868926427988
Other,05/2023,,1687,1343.25,1.25590917550717,0.0294349450698004,
Latinx,05/2023,,,,,0.0165841374726623,0.0321215609086117
Female,05/2023,,,,,0.615921443612706,0.552837092458085
