group,month,month_last_day,month_filings,avg_filings,month_diff,month_filings_imputed,baseline_share
White,12/2022,,5210,5237.75,0.994701923535869,0.280781133581692,0.448836185842719
Black,12/2022,,8676,8141.5,1.06565129275932,0.673599454497073,0.438868926427988
Other,12/2022,,1872,1342.5,1.39441340782123,0.0295887440127728,
Latinx,12/2022,,,,,0.0160306679084619,0.0321215609086117
Female,12/2022,,,,,0.618171089762285,0.552837092458085
