group,month,month_last_day,month_filings,avg_filings,month_diff,month_filings_imputed,baseline_share
White,07/2022,,5163,5237.75,0.985728604839865,0.279471046268907,0.437833360639324
Black,07/2022,,8397,8141.5,1.03138242338635,0.674531648930323,0.451525798093435
Other,07/2022,,1889,1342.5,1.40707635009311,0.015593358723759,
Latinx,07/2022,,,,,0.0148105873532526,0.0363048319467958
Female,07/2022,,,,,0.578974664776897,0.552837092458085
