group,month,month_last_day,month_filings,avg_filings,month_diff,month_filings_imputed,baseline_share
White,09/2023,,4610,5103.75,0.903257408768063,0.375701863788393,0.448836185842719
Black,09/2023,,8076,8179,0.987406773444186,0.546835888704325,0.438868926427988
Other,09/2023,,1705,1458.5,1.16900925608502,0.0486913014181418,
Latinx,09/2023,,,,,0.0287709460891404,0.0321215609086117
Female,09/2023,,,,,0.622918402447533,0.552837092458085
