group,month,month_last_day,month_filings,avg_filings,month_diff,month_filings_imputed,baseline_share
White,03/2023,,4792,5246.75,0.913327297851051,0.280156746168806,0.448836185842719
Black,03/2023,,8220,8152.5,1.00827966881325,0.674997279519578,0.438868926427988
Other,03/2023,,1779,1343.25,1.32439977666108,0.0292605444284335,
Latinx,03/2023,,,,,0.0155854298831835,0.0321215609086117
Female,03/2023,,,,,0.618177116979198,0.552837092458085
