group,month,month_last_day,month_filings,avg_filings,month_diff,month_filings_imputed,baseline_share
White,10/2023,,4859,5103.75,0.952045064903257,0.375701863788393,0.448836185842719
Black,10/2023,,8521,8179,1.04181440273872,0.546835888704325,0.438868926427988
Other,10/2023,,1771,1458.5,1.21426122728831,0.0486913014181418,
Latinx,10/2023,,,,,0.0287709460891404,0.0321215609086117
Female,10/2023,,,,,0.622918402447533,0.552837092458085
