group,month,month_last_day,month_filings,avg_filings,month_diff,month_filings_imputed,baseline_share
White,04/2022,,4948,5237.75,0.944680444847501,0.278780755517047,0.437833360639324
Black,04/2022,,7885,8141.5,0.968494749124854,0.675988144439517,0.451525798093435
Other,04/2022,,1820,1342.5,1.35567970204842,0.0154802667219944,
Latinx,04/2022,,,,,0.014270566599448,0.0363048319467958
Female,04/2022,,,,,0.576921974478053,0.552837092458085
