group,month,month_last_day,month_filings,avg_filings,month_diff,month_filings_imputed,baseline_share
White,10/2022,,5139,5237.75,0.981146484654671,0.279560273139071,0.448836185842719
Black,10/2022,,8328,8141.5,1.02290732665971,0.674714285714286,0.438868926427988
Other,10/2022,,1846,1342.5,1.37504655493482,0.0300184571699006,
Latinx,10/2022,,,,,0.0157069839767426,0.0321215609086117
Female,10/2022,,,,,0.621860638209102,0.552837092458085
