month,month_last_day,month_filings,avg_filings,percentage_diff
January,,1444,1292,1.11764705882353
February,,1127,1051.5,1.0718021873514
March,,807,1018.5,0.792341678939617
April,,125,1171.75,0.106678045658204
May,,165,1299.5,0.126971912273952
June,,177,1439.25,0.122980719124544
July,18/07/2020,156,855,0.182456140350877
