group,month,month_last_day,month_filings,avg_filings,month_diff,month_filings_imputed,baseline_share
White,10/2023,,7975,7553,1.05587183900437,0.557976193385633,0.507850101995692
Black,10/2023,,2244,2163.75,1.0370883882149,0.279737575978072,0.204764554000656
Other,10/2023,,7707,6042.5,1.27546545304096,0.0587379653362559,
Latinx,10/2023,,1824,1730.75,1.0538783764264,0.103548265300039,0.234070840644213
Female,10/2023,,,,,0.574612094918819,0.527182492534445
