group,month,month_last_day,month_filings,avg_filings,month_diff,month_filings_imputed,baseline_share
White,08/2022,,8577,8085.5,1.06078783006617,0.40027105742181,0.507850101995692
Black,08/2022,,2268,2433,0.932182490752158,0.373943295272767,0.204764554000656
Other,08/2022,,7142,5298.25,1.34799226159581,0.0409471564896023,
Latinx,08/2022,,2017,1666.75,1.21013949302535,0.18483849081582,0.234070840644213
Female,08/2022,,,,,0.588740647508112,0.527182492534445
