group,month,month_last_day,month_filings,avg_filings,month_diff,month_filings_imputed,baseline_share
White,07/2022,,8553,8085.5,1.05781955352174,0.382618188457216,0.490565323800025
Black,07/2022,,2265,2433,0.93094944512947,0.387671401563403,0.205038285094165
Other,07/2022,,7142,5298.25,1.34799226159581,0.0215107311128805,
Latinx,07/2022,,2036,1666.75,1.22153892305385,0.18668894775362,0.255754115704381
Female,07/2022,,,,,0.56467132363529,0.527182492534445
