month,month_last_day,month_filings,avg_filings,percentage_diff
January,,1657,1684,0.98396674584323
February,,1365,1323.75,1.03116147308782
March,,1061,1230,0.86260162601626
April,,305,1271.5,0.239874164372788
May,,353,1491,0.236753856472166
June,,397,1553.25,0.255593111218413
July,,217,1573.5,0.137909119796632
August,,872,1731.75,0.503536884654252
September,,1114,1474.25,0.755638460234017
October,,1386,1687.25,0.82145503037487
November,07/11/2020,258,263,0.980988593155893
