group,month,month_last_day,month_filings,avg_filings,month_diff,month_filings_imputed,baseline_share
White,07/2022,,8565,8085.5,1.05930369179395,0.435702243444142,0.507850101995692
Black,07/2022,,2251,2433,0.925195232223592,0.353255506654563,0.204764554000656
Other,07/2022,,7151,5298.25,1.34969093568631,0.0418898685247369,
Latinx,07/2022,,2053,1666.75,1.23173841307935,0.169152381376558,0.234070840644213
Female,07/2022,,,,,0.585808983373539,0.527182492534445
