group,month,month_last_day,month_filings,avg_filings,month_diff,month_filings_imputed,baseline_share
White,08/2022,,8577,8085.5,1.06078783006617,0.396473030334403,0.507850101995692
Black,08/2022,,2270,2433,0.933004521167283,0.374932964074956,0.204764554000656
Other,08/2022,,7142,5298.25,1.34799226159581,0.020604850398592,
Latinx,08/2022,,2015,1666.75,1.20893955302235,0.187384304793457,0.234070840644213
Female,08/2022,,,,,0.589614692627841,0.527182492534445
