group,month,month_last_day,month_filings,avg_filings,month_diff,month_filings_imputed,baseline_share
White,09/2022,,8197,8085.5,1.01379011811267,0.426487074491932,0.507850101995692
Black,09/2022,,2141,2433,0.879983559391697,0.35754459077179,0.204764554000656
Other,09/2022,,6616,5298.25,1.24871419808427,0.0421999504025328,
Latinx,09/2022,,1851,1666.75,1.11054447277636,0.173768384333745,0.234070840644213
Female,09/2022,,,,,0.587586216662076,0.527182492534445
