group,month,month_last_day,month_filings,avg_filings,month_diff,month_filings_imputed,baseline_share
White,05/2022,,8424,8085.5,1.04186506709542,0.383607046315353,0.490565323800025
Black,05/2022,,2209,2433,0.90793259350596,0.387269192894596,0.205038285094165
Other,05/2022,,6751,5298.25,1.2741943094418,0.0218142905943584,
Latinx,05/2022,,2001,1666.75,1.20053997300135,0.185495179601335,0.255754115704381
Female,05/2022,,,,,0.567376312362593,0.527182492534445
