group,month,month_last_day,month_filings,avg_filings,month_diff,month_filings_imputed
White,04/2022,,8469,8085.5,1.04743058561623,0.383543022035469
Black,04/2022,,2203,2433,0.905466502260584,0.387830035066298
Other,04/2022,,6673,5298.25,1.25947246732412,0.021912310861514
Latinx,04/2022,,1970,1666.75,1.18194090295485,0.184802321175206
Female,04/2022,,,,,0.570313475856234
