group,month,month_last_day,month_filings,avg_filings,month_diff,month_filings_imputed,baseline_share
White,08/2023,,8094,7553,1.07162716801271,0.553849932736655,0.507850101995692
Black,08/2023,,2287,2163.75,1.05696129404968,0.28987817248699,0.204764554000656
Other,08/2023,,7916,6042.5,1.31005378568473,0.0557103440706579,
Latinx,08/2023,,1893,1730.75,1.09374548606096,0.100561550705697,0.234070840644213
Female,08/2023,,,,,0.580491062806572,0.527182492534445
