group,month,month_last_day,month_filings,avg_filings,month_diff,month_filings_imputed,baseline_share
White,04/2022,,8469,8085.5,1.04743058561623,0.38364322560919,0.523690603219289
Black,04/2022,,2203,2433,0.905466502260584,0.387795619986292,0.207956841555611
Other,04/2022,,6673,5298.25,1.25947246732412,0.0218807648554712,
Latinx,04/2022,,1970,1666.75,1.18194090295485,0.184799624693576,0.22483653824324
Female,04/2022,,,,,0.570313475856234,0.55154609929078
