group,month,month_last_day,month_filings,avg_filings,month_diff,month_filings_imputed,baseline_share
White,06/2023,,6173,8088.5,0.763182295852136,0.553025700986268,0.507850101995692
Black,06/2023,,2191,2433.5,0.900349291144442,0.301741927805857,0.204764554000656
Other,06/2023,,5512,5300.5,1.03990189604754,0.0507765416747168,
Latinx,06/2023,,1168,1667.5,0.700449775112444,0.0944558295331585,0.234070840644213
Female,06/2023,,,,,0.578964013900887,0.527182492534445
