group,month,month_last_day,month_filings,avg_filings,month_diff,month_filings_imputed,baseline_share
White,08/2022,,8579,8085.5,1.06103518644487,0.41879709851552,0.507850101995692
Black,08/2022,,2252,2433,0.925606247431155,0.363498110661269,0.204764554000656
Other,08/2022,,7142,5298.25,1.34799226159581,0.0405972334682861,
Latinx,08/2022,,2031,1666.75,1.21853907304635,0.177107557354926,0.234070840644213
Female,08/2022,,,,,0.586290983261704,0.527182492534445
