month,month_last_day,month_filings,avg_filings,percentage_diff
January,,1656,1684,0.983372921615202
February,,1365,1323.75,1.03116147308782
March,,1060,1230,0.861788617886179
April,,304,1271.5,0.239087691702713
May,,353,1491,0.236753856472166
June,,397,1553.25,0.255593111218413
July,,217,1573.5,0.137909119796632
August,,870,1731.75,0.502381983542659
September,,1114,1474.25,0.755638460234017
October,17/10/2020,824,824,1
