group,month,month_last_day,month_filings,avg_filings,month_diff,month_filings_imputed,baseline_share
White,06/2023,,6547,8088.5,0.80942078259257,0.553025700986268,0.507850101995692
Black,06/2023,,2352,2433.5,0.966509143209369,0.301741927805857,0.204764554000656
Other,06/2023,,5774,5300.5,1.08933119517027,0.0507765416747168,
Latinx,06/2023,,1225,1667.5,0.734632683658171,0.0944558295331585,0.234070840644213
Female,06/2023,,,,,0.578964013900887,0.527182492534445
