group,month,month_last_day,month_filings,avg_filings,month_diff,month_filings_imputed,baseline_share
White,06/2022,,8515,8085.5,1.05311978232639,0.383706361915639,0.490565323800025
Black,06/2022,,2257,2433,0.927661323468968,0.387235082790506,0.205038285094165
Other,06/2022,,6977,5298.25,1.31684990326995,0.0217830241393767,
Latinx,06/2022,,2053,1666.75,1.23173841307935,0.185492507015101,0.255754115704381
Female,06/2022,,,,,0.567376312362593,0.527182492534445
