group,month,month_last_day,month_filings,avg_filings,month_diff,month_filings_imputed,baseline_share
White,05/2023,,8775,8088.5,1.08487358595537,0.43802340083169,0.507850101995692
Black,05/2023,,2570,2433.5,1.05609204848983,0.318727567093188,0.204764554000656
Other,05/2023,,7315,5300.5,1.38005848504858,0.0530115765696495,
Latinx,05/2023,,1795,1667.5,1.07646176911544,0.190237455505472,0.234070840644213
Female,05/2023,,,,,0.592024102365285,0.527182492534445
