group,month,month_last_day,month_filings,avg_filings,month_diff,month_filings_imputed,baseline_share
White,06/2023,,6173,8088.5,0.763182295852136,0.442288995415967,0.507850101995692
Black,06/2023,,2191,2433.5,0.900349291144442,0.314173616368522,0.204764554000656
Other,06/2023,,5512,5300.5,1.03990189604754,0.0542425164449532,
Latinx,06/2023,,1168,1667.5,0.700449775112444,0.189294871770558,0.234070840644213
Female,06/2023,,,,,0.59263548435719,0.527182492534445
