group,month,month_last_day,month_filings,avg_filings,month_diff,month_filings_imputed,baseline_share
White,09/2023,,8085,7553,1.07043558850788,0.557976193385633,0.507850101995692
Black,09/2023,,2304,2163.75,1.06481802426343,0.279737575978072,0.204764554000656
Other,09/2023,,7803,6042.5,1.29135291683906,0.0587379653362559,
Latinx,09/2023,,1846,1730.75,1.06658962877365,0.103548265300039,0.234070840644213
Female,09/2023,,,,,0.574612094918819,0.527182492534445
