group,month,month_last_day,month_filings,avg_filings,month_diff,month_filings_imputed,baseline_share
White,07/2023,,6433,8088.5,0.795326698398962,0.549655925909913,0.507850101995692
Black,07/2023,,2346,2433.5,0.964043558660366,0.300266808970838,0.204764554000656
Other,07/2023,,5725,5300.5,1.08008678426564,0.0531030278298915,
Latinx,07/2023,,1248,1667.5,0.748425787106447,0.0969742372893582,0.234070840644213
Female,07/2023,,,,,0.580464591061106,0.527182492534445
