group,month,month_last_day,month_filings,avg_filings,month_diff,month_filings_imputed,baseline_share
White,04/2022,,3309,4296.75,0.770116948856694,0.333401524465208,0.401865516955476
Black,04/2022,,2327,3468.5,0.670895199654029,0.523719695106959,0.365160434458171
Latinx,04/2022,,91,135,0.674074074074074,0.102773789033686,0.144266644556836
Other,04/2022,,2359,3332,0.707983193277311,0.020052495697074,
Female,04/2022,,,,,0.59102118346849,0.542069480142608
