group,month,month_last_day,month_filings,avg_filings,month_diff,month_filings_imputed,baseline_share
White,06/2023,,2881,4299.5,0.670077916036749,0.334356669601768,0.392531824611033
Black,06/2023,,1779,3470.25,0.512643181326994,0.519522418912301,0.393776520509194
Latinx,06/2023,,115,135,0.851851851851852,0.109556610871167,0.112248939179632
Other,06/2023,,1926,3333,0.577857785778578,0.0365643006147635,
Female,06/2023,,,,,0.624632593387517,0.542069480142608
