group,month,month_last_day,month_filings,avg_filings,month_diff,month_filings_imputed,baseline_share
White,08/2023,,2953,4120.5,0.716660599441815,0.39199875290791,0.392531824611033
Black,08/2023,,2221,3423.5,0.648751277931941,0.434704543186337,0.393776520509194
Latinx,08/2023,,113,135,0.837037037037037,0.122224552532592,0.112248939179632
Other,08/2023,,2396,3558.75,0.673270108886547,0.0510721513731607,
Female,08/2023,,,,,0.62866792660472,0.542069480142608
