group,month,month_last_day,month_filings,avg_filings,month_diff,month_filings_imputed,baseline_share
White,06/2022,,3246,4296.75,0.755454704136848,0.332856536926148,0.401865516955476
Black,06/2022,,2389,3468.5,0.68877036182788,0.525164795409182,0.365160434458171
Latinx,06/2022,,88,135,0.651851851851852,0.102734156686627,0.144266644556836
Other,06/2022,,2324,3332,0.697478991596639,0.019622255489022,
Female,06/2022,,,,,0.590189609733831,0.542069480142608
