group,month,month_last_day,month_filings,avg_filings,month_diff,month_filings_imputed,baseline_share
White,09/2023,,2868,4120.5,0.696032034947215,0.408445545586969,0.392531824611033
Black,09/2023,,2150,3423.5,0.628012268146634,0.414760344206893,0.393776520509194
Latinx,09/2023,,105,135,0.777777777777778,0.122585218565938,0.112248939179632
Other,09/2023,,2353,3558.75,0.661187214611872,0.0542088916401996,
Female,09/2023,,,,,0.627301053234133,0.542069480142608
