group,month,month_last_day,month_filings,avg_filings,month_diff,month_filings_imputed,baseline_share
White,01/2023,,3411,4296.75,0.793855821260255,0.330762859839547,0.392531824611033
Black,01/2023,,2522,3468.5,0.727115467781462,0.521612789051439,0.393776520509194
Latinx,01/2023,,132,135,0.977777777777778,0.110869395941482,0.112248939179632
Other,01/2023,,2352,3332,0.705882352941177,0.0367549551675318,
Female,01/2023,,,,,0.62937225885065,0.542069480142608
