group,month,month_last_day,month_filings,avg_filings,month_diff,month_filings_imputed,baseline_share
White,02/2023,,3310,4296.75,0.770349682899866,0.333461425242242,0.392531824611033
Black,02/2023,,2420,3468.5,0.697707942914805,0.518359622224948,0.393776520509194
Latinx,02/2023,,135,135,1,0.11186642953514,0.112248939179632
Other,02/2023,,2290,3332,0.687274909963986,0.0363125229976695,
Female,02/2023,,,,,0.627889354605257,0.542069480142608
