group,month,month_last_day,month_filings,avg_filings,month_diff,month_filings_imputed,baseline_share
White,12/2022,,3361,4296.75,0.782219119101647,0.330762859839547,0.392531824611033
Black,12/2022,,2569,3468.5,0.74066599394551,0.521612789051439,0.393776520509194
Latinx,12/2022,,125,135,0.925925925925926,0.110869395941482,0.112248939179632
Other,12/2022,,2412,3332,0.723889555822329,0.0367549551675318,
Female,12/2022,,,,,0.633113340190552,0.542069480142608
