group,month,month_last_day,month_filings,avg_filings,month_diff,month_filings_imputed,baseline_share
White,11/2022,,3309,4296.75,0.770116948856694,0.330211827956989,0.392531824611033
Black,11/2022,,2557,3468.5,0.737206285137668,0.521802628434887,0.393776520509194
Latinx,11/2022,,120,135,0.888888888888889,0.11051266427718,0.112248939179632
Other,11/2022,,2373,3332,0.71218487394958,0.0374728793309439,
Female,11/2022,,,,,0.63554626695818,0.542069480142608
