group,month,month_last_day,month_filings,avg_filings,month_diff,month_filings_imputed,baseline_share
White,07/2023,,2868,4299.5,0.66705430864054,0.378262271429315,0.392531824611033
Black,07/2023,,1722,3470.25,0.496217851739788,0.453747185178772,0.393776520509194
Latinx,07/2023,,114,135,0.844444444444445,0.119919697130535,0.112248939179632
Other,07/2023,,1903,3333,0.570957095709571,0.0480708462613779,
Female,07/2023,,,,,0.628589230154837,0.542069480142608
