group,month,month_last_day,month_filings,avg_filings,month_diff,month_filings_imputed,baseline_share
White,07/2022,,3265,4296.75,0.759876650957119,0.330815959897005,0.401865516955476
Black,07/2022,,2413,3468.5,0.695689779443564,0.523638804266928,0.365160434458171
Latinx,07/2022,,93,135,0.688888888888889,0.107275075377445,0.144266644556836
Other,07/2022,,2364,3332,0.709483793517407,0.0191350802293113,
Female,07/2022,,,,,0.592976965502101,0.542069480142608
