group,month,month_last_day,month_filings,avg_filings,month_diff,month_filings_imputed,baseline_share
White,05/2022,,3242,4296.75,0.754523767964159,0.332856536926148,0.401865516955476
Black,05/2022,,2314,3468.5,0.667147181778867,0.525164795409182,0.365160434458171
Latinx,05/2022,,91,135,0.674074074074074,0.102734156686627,0.144266644556836
Other,05/2022,,2302,3332,0.690876350540216,0.019622255489022,
Female,05/2022,,,,,0.590189609733831,0.542069480142608
