group,month,month_last_day,month_filings,avg_filings,month_diff,month_filings_imputed,baseline_share
White,08/2022,,3292,4296.75,0.766160470122767,0.336567434012294,0.392531824611033
Black,08/2022,,2495,3468.5,0.719331122963817,0.51944666747017,0.393776520509194
Latinx,08/2022,,99,135,0.733333333333333,0.106956128721225,0.112248939179632
Other,08/2022,,2389,3332,0.716986794717887,0.018514884898156,
Female,08/2022,,,,,0.634418159327726,0.542069480142608
