month,month_last_day,month_filings,avg_filings,percentage_diff
January,,922,1013,0.910167818361303
February,,920,934.5,0.984483681112895
March,,413,791,0.52212389380531
April,,4,866.5,0.00461627236006924
May,,9,959,0.00938477580813347
June,,23,997.75,0.0230518667000752
July,,259,996.75,0.259844494607474
August,,222,1086.75,0.204278812974465
September,,432,1013.5,0.426245683275777
October,17/10/2020,168,415.5,0.404332129963899
