month,month_last_day,month_filings,avg_filings,percentage_diff
January,,922,1013,0.910167818361303
February,,920,934.5,0.984483681112895
March,,413,791,0.52212389380531
April,,4,866.5,0.00461627236006924
May,,9,959,0.00938477580813347
June,,23,997.75,0.0230518667000752
July,,259,996.75,0.259844494607474
August,,350,1086.75,0.322061191626409
September,,470,1013.5,0.463739516526887
October,,470,1031.75,0.455536709474194
November,21/11/2020,148,664.25,0.222807677832142
