group,month,month_last_day,month_filings,avg_filings,month_diff,month_filings_imputed,baseline_share
White,03/2023,,3195,4299.5,0.743109663914409,0.333461425242242,0.392531824611033
Black,03/2023,,2377,3470.25,0.684965060154168,0.518359622224948,0.393776520509194
Latinx,03/2023,,124,135,0.918518518518519,0.11186642953514,0.112248939179632
Other,03/2023,,2260,3333,0.678067806780678,0.0363125229976695,
Female,03/2023,,,,,0.627393067271362,0.542069480142608
