group,month,month_last_day,month_filings,avg_filings,month_diff,month_filings_imputed,baseline_share
White,10/2023,,2899,4120.5,0.703555393762893,0.408445545586969,0.392531824611033
Black,10/2023,,2186,3423.5,0.638527822403973,0.414760344206893,0.393776520509194
Latinx,10/2023,,96,135,0.711111111111111,0.122585218565938,0.112248939179632
Other,10/2023,,2363,3558.75,0.663997190024587,0.0542088916401996,
Female,10/2023,,,,,0.627301053234133,0.542069480142608
