group,month,month_last_day,month_filings,avg_filings,month_diff,month_filings_imputed,baseline_share
White,04/2023,,3147,4299.5,0.731945575066868,0.331416886336344,0.392531824611033
Black,04/2023,,2309,3470.25,0.665369930120308,0.521986719042653,0.393776520509194
Latinx,04/2023,,120,135,0.888888888888889,0.110543391912742,0.112248939179632
Other,04/2023,,2232,3333,0.66966696669667,0.0360530027082611,
Female,04/2023,,,,,0.625464622953433,0.542069480142608
