group,month,month_last_day,month_filings,avg_filings,month_diff,month_filings_imputed,baseline_share
White,05/2023,,3186,4299.5,0.741016397255495,0.332293836653715,0.392531824611033
Black,05/2023,,2275,3470.25,0.655572365103379,0.519459530704084,0.393776520509194
Latinx,05/2023,,118,135,0.874074074074074,0.112159521995528,0.112248939179632
Other,05/2023,,2262,3333,0.678667866786679,0.0360871106466731,
Female,05/2023,,,,,0.623015235820661,0.542069480142608
