group,month,month_last_day,month_filings,avg_filings,month_diff,month_filings_imputed,baseline_share
White,10/2022,,3274,4296.75,0.761971257345668,0.331747087786718,0.392531824611033
Black,10/2022,,2546,3468.5,0.734034885397146,0.523642608382371,0.393776520509194
Latinx,10/2022,,118,135,0.874074074074074,0.107158640566831,0.112248939179632
Other,10/2022,,2378,3332,0.713685474189676,0.0374516632640807,
Female,10/2022,,,,,0.637460155894912,0.542069480142608
