group,month,month_last_day,month_filings,avg_filings,month_diff,month_filings_imputed,baseline_share
White,09/2022,,3292,4296.75,0.766160470122767,0.333321758981137,0.392531824611033
Black,09/2022,,2505,3468.5,0.722214213637019,0.521951219512195,0.393776520509194
Latinx,09/2022,,108,135,0.8,0.107753814730266,0.112248939179632
Other,09/2022,,2392,3332,0.717887154861945,0.0369732067764027,
Female,09/2022,,,,,0.637460155894912,0.542069480142608
