xfilemonthgroup,xfilemonthgroup_label,num_filings,num_filings_hist_avg,ratio,post_CDC
6,May 27 to Jun 26,34924,74576.45,0.468,0
7,Jun 27 to Jul 26,34675,75976.83333333333,0.456,0
8,Jul 27 to Aug 26,39059,79634.23333333334,0.49,0
9,Aug 27 to Sept 26,39445,78235.66666666667,0.504,1
10,Sept 27 to Oct 26,48387,76362.61666666667,0.634,1
11,Oct 27 to Nov 26,42945,70883.9,0.606,1
